theta_deg,t_s,mdot_restrictor_kg_s,p_plenum_exit_Pa,p_plenum_map_Pa,p_plenum_floor_Pa,p_plenum_mean_Pa,T_plenum_floor_K,phase1_deg,mdot_valve1_kg_s,T_valve1_K,p_cyl1_Pa,T_cyl1_K,p_port1_Pa,T_port1_K,u_port1_m_s,mdot_port1_kg_s,p_flange1_Pa,T_flange1_K,u_flange1_m_s,mdot_flange1_kg_s,p_mouth1_Pa,T_mouth1_K,u_mouth1_m_s,mdot_mouth1_kg_s,phase2_deg,mdot_valve2_kg_s,T_valve2_K,p_cyl2_Pa,T_cyl2_K,p_port2_Pa,T_port2_K,u_port2_m_s,mdot_port2_kg_s,p_flange2_Pa,T_flange2_K,u_flange2_m_s,mdot_flange2_kg_s,p_mouth2_Pa,T_mouth2_K,u_mouth2_m_s,mdot_mouth2_kg_s,phase3_deg,mdot_valve3_kg_s,T_valve3_K,p_cyl3_Pa,T_cyl3_K,p_port3_Pa,T_port3_K,u_port3_m_s,mdot_port3_kg_s,p_flange3_Pa,T_flange3_K,u_flange3_m_s,mdot_flange3_kg_s,p_mouth3_Pa,T_mouth3_K,u_mouth3_m_s,mdot_mouth3_kg_s,phase4_deg,mdot_valve4_kg_s,T_valve4_K,p_cyl4_Pa,T_cyl4_K,p_port4_Pa,T_port4_K,u_port4_m_s,mdot_port4_kg_s,p_flange4_Pa,T_flange4_K,u_flange4_m_s,mdot_flange4_kg_s,p_mouth4_Pa,T_mouth4_K,u_mouth4_m_s,mdot_mouth4_kg_s
1.06,0.0000154,0.052606,86836,90538,91848,88852,307.1,1.1,0.000000,1101.2,7375541,2325.1,66413,292.1,-0.86,-0.000587,71421,295.6,-13.83,-0.011903,91842,316.4,-59.53,-0.075648,541.1,0.053014,325.5,85611,357.2,95373,323.8,61.33,0.054380,85266,311.0,75.77,0.073929,88010,313.3,76.72,0.094351,181.1,0.000000,100.0,297184,1401.1,116720,342.8,-1.27,-0.001306,109981,334.9,-10.32,-0.012065,92512,313.8,-57.25,-0.073895,361.1,-0.008071,962.1,100954,950.5,101564,613.3,-25.30,-0.012615,94085,320.3,3.78,0.003956,88905,313.3,66.94,0.083185
2.09,0.0000303,0.052722,86756,90679,91772,88883,307.1,2.1,0.000000,100.0,7588099,2397.7,66250,291.9,-0.60,-0.000411,70865,294.9,-12.97,-0.011099,91723,316.2,-59.63,-0.075728,542.1,0.051517,325.9,86266,357.8,95854,324.3,59.50,0.052947,85689,311.4,74.60,0.073045,87966,313.7,77.12,0.094707,182.1,-0.000000,357.5,292563,1395.7,115908,342.1,-1.42,-0.001444,110037,335.0,-11.47,-0.013403,92262,313.8,-59.89,-0.077114,362.1,-0.005649,609.1,99219,945.3,99251,612.5,-18.99,-0.009265,95244,321.4,2.54,0.002680,88963,313.6,66.75,0.082903
3.03,0.0000440,0.052830,86702,90774,91670,88913,307.0,3.0,0.000000,473.7,7754493,2460.2,66183,291.8,-0.34,-0.000232,70364,294.3,-12.27,-0.010443,91588,316.0,-59.51,-0.075512,543.0,0.049909,326.2,86862,358.4,96330,324.7,57.73,0.051553,86090,311.8,73.50,0.072213,87904,313.9,77.44,0.094958,183.0,-0.000000,574.7,288318,1390.6,115129,341.4,-1.50,-0.001524,110148,335.0,-12.52,-0.014649,92040,313.7,-61.80,-0.079389,363.0,-0.004870,610.3,97528,940.1,97942,613.1,-15.47,-0.007442,96451,322.6,1.20,0.001277,88997,313.9,66.50,0.082546
4.06,0.0000589,0.052947,86667,90848,91537,88948,306.8,4.1,0.000000,830.5,7902728,2523.7,66196,291.8,-0.05,-0.000037,69831,293.7,-11.57,-0.009798,91419,315.8,-59.22,-0.075060,544.1,0.048653,326.6,87511,358.9,96784,325.2,56.00,0.050175,86541,312.3,72.26,0.071258,87819,314.1,77.71,0.095145,184.1,0.000000,100.0,283685,1385.1,114262,340.7,-1.56,-0.001570,110314,335.2,-13.64,-0.015972,91798,313.7,-63.41,-0.081248,364.1,-0.003193,609.8,95972,935.1,96412,611.6,-11.26,-0.005342,97956,324.0,-0.59,-0.000631,89008,314.2,66.08,0.081969
5.09,0.0000738,0.053063,86656,90872,91384,88984,306.7,5.1,0.000000,381.8,8014660,2581.8,66283,291.9,0.20,0.000136,69319,293.1,-10.93,-0.009210,91227,315.6,-58.77,-0.074384,545.1,0.047175,327.0,88158,359.5,97239,325.6,54.26,0.048783,87010,312.7,70.93,0.070226,87720,314.2,77.90,0.095229,185.1,-0.000000,239.4,279055,1379.5,113396,340.0,-1.58,-0.001583,110502,335.3,-14.66,-0.017193,91558,313.7,-64.58,-0.082548,365.1,-0.001469,607.8,94750,930.8,94841,608.8,-6.97,-0.003269,99729,325.7,-2.94,-0.003202,88990,314.4,65.50,0.081187
6.04,0.0000875,0.053169,86667,90856,91230,89017,306.5,6.0,0.000000,377.0,8084776,2630.0,66437,292.1,0.44,0.000300,68870,292.5,-10.39,-0.008707,91035,315.3,-58.21,-0.073572,546.0,0.043600,336.2,88726,360.0,98155,326.5,51.29,0.046420,87457,313.2,69.63,0.069192,87621,314.3,78.04,0.095277,186.0,-0.000000,100.0,274815,1374.3,112610,339.3,-1.58,-0.001576,110674,335.5,-15.48,-0.018168,91340,313.6,-65.35,-0.083330,366.0,-0.001135,606.5,93413,926.2,94033,607.3,-4.59,-0.002138,101648,327.5,-5.77,-0.006374,88956,314.5,64.88,0.080352
7.07,0.0001025,0.053281,86703,90820,91052,89054,306.4,7.1,0.000000,183.0,8125868,2676.9,66669,292.4,0.66,0.000453,68404,292.0,-9.81,-0.008185,90814,315.1,-57.44,-0.072485,547.1,0.044376,327.8,89369,360.6,98531,326.8,49.76,0.045154,87969,313.7,68.10,0.067956,87496,314.3,78.19,0.095310,187.1,0.000000,100.0,270206,1368.6,111767,338.6,-1.57,-0.001556,110839,335.6,-16.19,-0.019030,91109,313.6,-65.90,-0.083819,367.1,0.000056,605.7,92130,921.2,93036,605.4,-0.66,-0.000306,103954,329.6,-9.33,-0.010482,88908,314.6,64.12,0.079352
8.10,0.0001174,0.053390,86773,90771,90864,89091,306.2,8.1,0.000000,100.0,8130765,2717.7,66942,292.7,0.81,0.000558,67967,291.5,-9.24,-0.007677,90585,314.8,-56.52,-0.071201,548.1,0.042850,328.2,90009,361.2,98912,327.2,48.25,0.043904,88507,314.3,66.46,0.066602,87355,314.3,78.31,0.095303,188.1,0.000000,499.1,265634,1362.9,110944,337.8,-1.54,-0.001527,110960,335.7,-16.70,-0.019640,90885,313.6,-66.20,-0.084003,368.1,0.001836,603.6,91051,915.3,91933,603.4,2.84,0.001303,106136,331.5,-12.55,-0.014313,88836,314.6,63.30,0.078268
9.05,0.0001311,0.053486,86871,90689,90686,89124,306.0,9.0,0.000000,100.0,8104670,2749.7,67204,293.1,0.87,0.000602,67590,291.0,-8.72,-0.007213,90370,314.6,-55.54,-0.069858,549.0,0.041171,328.6,90591,361.7,99324,327.6,46.75,0.042669,89024,314.8,64.85,0.065267,87221,314.3,78.37,0.095239,189.0,-0.000000,659.4,261475,1357.6,110207,337.2,-1.52,-0.001497,111025,335.8,-16.98,-0.019981,90686,313.6,-66.32,-0.083964,369.0,0.003129,601.1,90133,909.0,90979,600.9,5.64,0.002571,107745,333.0,-14.56,-0.016782,88756,314.6,62.49,0.077207
10.08,0.0001460,0.053585,87017,90569,90485,89160,305.8,10.1,0.000000,149.4,8044720,2778.8,67471,293.4,0.84,0.000584,67207,290.5,-8.13,-0.006699,90134,314.3,-54.29,-0.068175,550.1,0.038196,329.1,91205,362.3,100120,328.3,44.23,0.040597,89611,315.4,63.02,0.063721,87076,314.2,78.36,0.095082,190.1,-0.000000,100.0,256975,1351.8,109425,336.5,-1.49,-0.001459,111021,335.8,-17.07,-0.020087,90473,313.6,-66.31,-0.083769,370.1,0.004234,597.8,89123,901.0,90055,597.6,8.44,0.003828,109022,334.1,-15.57,-0.018093,88664,314.5,61.56,0.075985
11.10,0.0001609,0.053676,87215,90431,90282,89195,305.6,11.1,0.000000,100.0,7954375,2801.9,67695,293.7,0.73,0.000509,66853,290.1,-7.51,-0.006168,89904,314.0,-52.89,-0.066308,551.1,0.038315,329.6,91838,362.9,100504,328.7,42.90,0.039493,90216,316.0,61.13,0.062108,86932,314.2,78.27,0.094830,191.1,-0.000000,100.0,252515,1346.0,108670,335.8,-1.45,-0.001416,110968,335.7,-17.06,-0.020063,90264,313.5,-66.27,-0.083537,371.1,0.005450,593.7,88134,892.2,89204,593.3,11.31,0.005118,109763,334.7,-15.79,-0.018445,88565,314.4,60.57,0.074701
12.05,0.0001746,0.053750,87477,90293,90101,89227,305.5,12.0,0.000000,100.0,7847348,2818.0,67849,293.9,0.58,0.000405,66560,289.7,-6.93,-0.005670,89701,313.8,-51.51,-0.064475,552.0,0.035108,330.0,92396,363.4,101277,329.4,40.63,0.037604,90783,316.5,59.37,0.060593,86802,314.1,78.11,0.094521,192.0,0.000000,1746.6,248462,1340.7,108003,335.3,-1.41,-0.001369,110866,335.6,-16.98,-0.019955,90078,313.5,-66.23,-0.083335,372.0,0.006686,589.1,87266,883.3,88482,588.7,14.08,0.006370,109855,334.8,-15.09,-0.017638,88472,314.3,59.62,0.073475
13.08,0.0001895,0.053819,87824,90133,89931,89260,305.3,13.1,0.000000,530.1,7707181,2830.3,67948,294.0,0.37,0.000261,66279,289.4,-6.28,-0.005125,89494,313.5,-49.88,-0.062343,553.1,0.035536,330.5,93027,364.0,101653,329.7,39.43,0.036593,91410,317.2,57.46,0.058925,86662,314.0,77.85,0.094087,193.1,-0.000000,240.1,244080,1334.8,107311,334.6,-1.36,-0.001309,110674,335.5,-16.68,-0.019582,89885,313.4,-66.19,-0.083116,373.1,0.008007,583.2,86348,872.8,87753,582.8,17.26,0.007826,109765,334.7,-13.06,-0.015250,88377,314.2,58.55,0.072111
14.11,0.0002044,0.053874,88152,89960,89794,89293,305.2,14.1,0.000000,385.6,7545881,2837.5,67967,294.0,0.14,0.000096,66044,289.1,-5.64,-0.004586,89316,313.3,-48.11,-0.060053,554.1,0.032695,331.0,93640,364.5,102387,330.4,37.36,0.034844,92041,317.8,55.56,0.057257,86542,313.8,77.47,0.093538,194.1,0.000000,285.9,239742,1329.0,106662,334.1,-1.28,-0.001234,110392,335.2,-16.18,-0.018961,89712,313.3,-66.09,-0.082856,374.1,0.009462,576.4,85487,861.5,87092,575.9,20.57,0.009364,109186,334.2,-10.13,-0.011787,88310,314.1,57.49,0.070773
15.05,0.0002181,0.053914,88401,89792,89659,89322,305.0,15.0,0.000000,100.0,7382389,2839.9,67928,294.0,-0.05,-0.000037,65872,288.9,-5.04,-0.004096,89173,313.1,-46.41,-0.057869,555.0,0.031194,337.5,94200,365.0,103120,331.1,35.36,0.033154,92618,318.4,53.84,0.055741,86453,313.7,77.03,0.092954,195.0,-0.000000,324.2,235804,1323.6,106113,333.6,-1.20,-0.001151,110064,334.9,-15.62,-0.018271,89566,313.3,-65.98,-0.082586,375.0,0.010919,569.4,84767,850.5,86552,568.8,23.66,0.010838,108179,333.3,-6.69,-0.007735,88276,314.0,56.49,0.069538
16.08,0.0002330,0.053948,88634,89602,89499,89353,304.9,16.1,0.000000,1006.0,7190113,2838.3,67819,293.8,-0.27,-0.000188,65731,288.7,-4.40,-0.003566,89025,312.9,-44.54,-0.055480,556.1,0.017101,334.6,94657,365.5,106521,334.2,27.73,0.026600,93244,319.0,52.02,0.054106,86366,313.6,76.44,0.092192,196.1,0.000000,209.0,231549,1317.7,105571,333.1,-1.10,-0.001046,109651,334.5,-14.98,-0.017473,89406,313.2,-65.84,-0.082278,376.1,0.012397,561.0,84103,838.2,86057,560.2,26.99,0.012482,106925,332.2,-2.28,-0.002617,88244,313.9,55.31,0.068083
17.10,0.0002479,0.053973,88858,89409,89343,89384,304.7,17.1,0.000000,586.0,6986462,2832.9,67643,293.6,-0.48,-0.000334,65640,288.6,-3.76,-0.003047,88879,312.8,-42.68,-0.053102,557.1,0.023538,334.9,95210,366.0,107071,334.7,25.99,0.025025,93865,319.6,50.23,0.052500,86289,313.4,75.74,0.091305,197.1,0.000000,1997.9,227339,1311.7,105094,332.6,-0.98,-0.000931,109205,334.1,-14.32,-0.016658,89246,313.2,-65.69,-0.081955,377.1,0.013928,551.7,83558,825.6,85684,550.9,30.18,0.014133,105623,331.1,2.02,0.002293,88213,313.8,54.02,0.066488
18.04,0.0002615,0.053988,89124,89238,89204,89413,304.6,18.0,0.000000,100.0,6792391,2824.8,67431,293.3,-0.65,-0.000453,65606,288.6,-3.20,-0.002594,88749,312.6,-40.97,-0.050929,558.0,0.023512,335.2,95732,366.5,107270,334.9,25.11,0.024211,94431,320.2,48.65,0.051058,86237,313.3,75.02,0.090418,198.0,-0.000000,523.3,223520,1306.3,104715,332.3,-0.86,-0.000819,108774,333.8,-13.73,-0.015924,89102,313.1,-65.54,-0.081651,378.0,0.015409,542.6,83149,813.9,85447,541.7,32.98,0.015664,104540,330.1,5.75,0.006480,88188,313.7,52.73,0.064909
19.07,0.0002764,0.053992,89468,89064,89060,89444,304.5,19.1,0.000000,167.8,6575251,2813.2,67157,293.0,-0.81,-0.000557,65622,288.6,-2.67,-0.002166,88611,312.5,-39.11,-0.048565,559.1,0.021534,335.5,96294,367.1,107707,335.3,23.62,0.022845,95055,320.8,46.97,0.049528,86205,313.2,74.14,0.089353,199.1,-0.000000,244.9,219396,1300.3,104366,332.0,-0.73,-0.000694,108276,333.3,-13.12,-0.015168,88951,313.1,-65.37,-0.081319,379.1,0.016935,532.2,82789,800.9,85288,531.0,35.94,0.017377,103488,329.1,9.46,0.010597,88168,313.6,51.23,0.063068
20.10,0.0002913,0.053984,89839,88907,88919,89475,304.3,20.1,0.000000,100.7,6354921,2799.0,66854,292.6,-0.92,-0.000631,65696,288.7,-2.21,-0.001789,88479,312.3,-37.25,-0.046205,560.1,0.020446,335.7,96860,367.6,108096,335.6,22.18,0.021508,95695,321.4,45.35,0.048055,86187,313.1,73.15,0.088166,200.1,0.000000,100.0,215320,1294.3,104084,331.7,-0.60,-0.000568,107751,332.9,-12.57,-0.014475,88806,313.0,-65.19,-0.080985,380.1,0.018585,521.2,82506,787.7,85216,519.9,38.79,0.019140,102558,328.3,12.85,0.014295,88154,313.5,49.64,0.061112
21.04,0.0003049,0.053963,90237,88771,88789,89504,304.2,21.0,0.000000,320.6,6152054,2784.0,66564,292.3,-0.98,-0.000671,65807,288.8,-1.84,-0.001490,88359,312.2,-35.54,-0.044047,561.0,0.019221,339.8,97381,368.1,108466,335.9,20.82,0.020239,96306,322.0,43.95,0.046778,86172,313.0,72.15,0.086976,201.0,0.000000,190.1,211624,1288.8,103883,331.5,-0.48,-0.000456,107252,332.4,-12.10,-0.013891,88674,313.0,-65.03,-0.080670,381.0,0.020224,510.8,82308,775.4,85213,509.4,41.30,0.020800,101796,327.6,15.73,0.017411,88141,313.4,48.11,0.059231
22.07,0.0003198,0.053924,90722,88631,88647,89537,304.1,22.1,0.000000,123.9,5931571,2766.0,66244,291.9,-1.01,-0.000689,65973,289.0,-1.51,-0.001229,88228,312.0,-33.69,-0.041702,562.1,0.019108,336.2,97965,368.7,108592,336.0,20.06,0.019512,96999,322.6,42.54,0.045512,86155,312.9,71.00,0.085589,202.1,0.000000,190.6,207639,1282.8,103720,331.4,-0.36,-0.000342,106691,331.9,-11.64,-0.013315,88530,312.9,-64.83,-0.080316,382.1,0.021912,499.2,82141,761.8,85262,497.6,43.90,0.022646,101041,326.9,18.70,0.020586,88117,313.3,46.39,0.057120
23.09,0.0003347,0.053868,91227,88504,88507,89570,303.9,23.1,0.000000,539.2,5713536,2746.6,65930,291.5,-1.00,-0.000684,66179,289.3,-1.27,-0.001035,88097,311.9,-31.83,-0.039363,563.1,0.017210,336.5,98545,369.3,108936,336.3,18.84,0.018371,97720,323.3,41.30,0.044420,86130,312.8,69.81,0.084150,203.1,-0.000000,204.6,203702,1276.8,103608,331.3,-0.26,-0.000240,106114,331.4,-11.25,-0.012816,88386,312.8,-64.63,-0.079948,383.1,0.023720,487.4,82021,748.1,85346,485.7,46.35,0.024517,100351,326.3,21.56,0.023613,88077,313.3,44.67,0.054998
24.12,0.0003495,0.053794,91675,88393,88371,89604,303.8,24.1,0.000000,100.0,5499307,2726.1,65631,291.1,-0.97,-0.000661,66421,289.6,-1.10,-0.000902,87966,311.8,-29.96,-0.037019,564.1,0.015364,336.8,99119,369.8,109463,336.8,17.25,0.016879,98477,324.1,40.23,0.043502,86095,312.7,68.62,0.082705,204.1,0.000000,153.8,199841,1270.8,103540,331.2,-0.17,-0.000156,105519,330.9,-10.93,-0.012407,88244,312.8,-64.41,-0.079566,384.1,0.025546,475.7,81946,734.3,85454,473.9,48.61,0.026387,99718,325.7,24.36,0.026565,88024,313.1,42.98,0.052902
25.06,0.0003631,0.053714,92017,88307,88251,89637,303.7,25.1,0.000000,108.8,5301429,2703.7,65375,290.8,-0.92,-0.000625,66662,289.9,-0.99,-0.000809,87847,311.6,-28.24,-0.034858,565.1,0.014869,337.1,99657,370.4,109777,337.0,16.21,0.015897,99223,324.8,39.33,0.042755,86054,312.7,67.55,0.081401,205.1,0.000000,100.0,196390,1265.3,103504,331.2,-0.10,-0.000096,104957,330.4,-10.72,-0.012123,88117,312.7,-64.19,-0.079206,385.1,0.027291,465.1,81904,721.7,85566,463.2,50.50,0.028084,99185,325.2,26.93,0.029257,87964,313.0,41.47,0.051024
26.08,0.0003780,0.053616,92312,88231,88123,89672,303.6,26.1,0.000000,100.0,5091740,2678.9,65122,290.4,-0.85,-0.000572,66929,290.2,-0.86,-0.000706,87720,311.5,-26.34,-0.032482,566.1,0.013311,337.5,100243,370.9,110227,337.4,14.80,0.014557,100129,325.6,38.31,0.041915,85992,312.5,66.43,0.080023,206.1,-0.000000,504.7,192717,1259.4,103484,331.2,-0.06,-0.000052,104327,329.8,-10.59,-0.011917,87983,312.6,-63.95,-0.078804,386.1,0.029023,453.9,81877,708.0,85696,451.8,52.39,0.029911,98651,324.7,29.77,0.032214,87885,312.9,39.88,0.049041
27.10,0.0003928,0.053511,92498,88170,88000,89708,303.4,27.1,0.000000,130.9,4890080,2654.5,64904,290.2,-0.75,-0.000503,67190,290.5,-0.70,-0.000574,87595,311.4,-24.42,-0.030080,567.1,0.012297,340.2,100835,371.5,110623,337.8,13.49,0.013294,101170,326.6,37.09,0.040880,85928,312.4,65.37,0.078723,207.1,-0.000000,358.0,189138,1253.6,103473,331.2,-0.03,-0.000027,103686,329.2,-10.53,-0.011801,87852,312.5,-63.70,-0.078394,387.1,0.030814,443.0,81860,694.4,85826,440.9,54.11,0.031711,98165,324.2,32.65,0.035204,87808,312.8,38.36,0.047153
28.04,0.0004064,0.053411,92591,88126,87896,89741,303.3,28.0,0.000000,1985.6,4712246,2632.4,64736,290.0,-0.64,-0.000431,67414,290.8,-0.48,-0.000400,87485,311.3,-22.62,-0.027843,568.0,0.011776,338.0,101389,372.1,110835,337.9,12.60,0.012443,102257,327.6,35.69,0.039639,85869,312.3,64.50,0.077648,208.0,0.000000,577.5,185936,1248.3,103462,331.2,-0.03,-0.000026,103100,328.7,-10.53,-0.011757,87739,312.5,-63.45,-0.078010,388.0,0.032515,433.5,81848,682.0,85939,431.3,55.58,0.033338,97756,323.9,35.32,0.037965,87735,312.7,37.07,0.045543
29.06,0.0004212,0.053301,92626,88091,87792,89776,303.2,29.1,0.000000,302.0,4525821,2608.7,64593,289.8,-0.51,-0.000346,67638,291.1,-0.15,-0.000124,87371,311.1,-20.62,-0.025356,569.1,0.010395,338.2,101995,372.7,111153,338.2,11.44,0.011320,103566,328.8,33.85,0.037941,85800,312.2,63.68,0.076637,209.1,0.000000,357.5,182526,1242.6,103439,331.1,-0.04,-0.000041,102469,328.1,-10.60,-0.011785,87623,312.4,-63.17,-0.077585,389.1,0.034199,423.6,81833,668.7,86054,421.3,57.07,0.035089,97347,323.5,38.23,0.040968,87653,312.5,35.78,0.043940
30.09,0.0004360,0.053192,92602,88075,87697,89811,303.1,30.1,0.000000,483.1,4347176,2585.4,64491,289.6,-0.38,-0.000255,67840,291.3,0.32,0.000263,87266,311.0,-18.57,-0.022814,570.1,0.009473,338.5,102611,373.3,111442,338.5,10.37,0.010275,104930,330.0,31.83,0.036007,85727,312.0,63.03,0.075823,210.1,-0.000000,100.0,179199,1236.9,103397,331.1,-0.08,-0.000073,101858,327.5,-10.73,-0.011872,87518,312.3,-62.89,-0.077161,390.1,0.035940,414.2,81813,655.7,86156,411.9,58.47,0.036817,96969,323.1,41.09,0.043908,87570,312.4,34.63,0.042502
31.11,0.0004509,0.053087,92530,88079,87613,89845,303.1,31.1,0.000000,204.4,4176148,2562.5,64434,289.6,-0.24,-0.000160,68023,291.6,0.94,0.000778,87170,310.9,-16.47,-0.020214,571.1,0.008573,338.7,103235,373.9,111703,338.7,9.39,0.009321,106248,331.2,29.83,0.034053,85648,311.9,62.57,0.075238,211.1,-0.000000,664.1,175953,1231.2,103327,331.0,-0.13,-0.000122,101277,327.0,-10.89,-0.012004,87426,312.3,-62.61,-0.076752,391.1,0.037663,405.5,81786,642.9,86243,403.1,59.80,0.038521,96614,322.8,43.84,0.046723,87488,312.3,33.60,0.041215
32.05,0.0004644,0.052994,92431,88100,87546,89874,303.0,32.0,0.000000,274.7,4025919,2541.9,64421,289.6,-0.10,-0.000068,68178,291.7,1.65,0.001375,87092,310.9,-14.49,-0.017779,572.0,0.007649,338.9,103816,374.4,111951,338.9,8.52,0.008475,107345,332.2,28.19,0.032411,85571,311.7,62.35,0.074945,212.0,-0.000000,100.0,173046,1226.1,103233,331.0,-0.19,-0.000178,100779,326.5,-11.07,-0.012156,87353,312.2,-62.36,-0.076398,392.0,0.039296,397.9,81754,631.5,86310,395.5,60.98,0.040064,96302,322.5,46.22,0.049145,87419,312.1,32.74,0.040147
33.07,0.0004792,0.052899,92296,88153,87485,89904,302.9,33.1,0.000000,619.3,3869181,2519.7,64443,289.6,0.03,0.000018,68339,291.9,2.61,0.002175,87017,310.8,-12.29,-0.015070,573.1,0.006647,340.4,104456,375.1,112278,339.2,7.53,0.007506,108391,333.1,26.67,0.030878,85482,311.6,62.27,0.074797,213.1,0.000000,248.2,169951,1220.6,103094,330.8,-0.26,-0.000248,100280,326.1,-11.28,-0.012346,87286,312.2,-62.11,-0.076044,393.1,0.040898,390.3,81710,619.3,86374,387.8,62.22,0.041716,95972,322.2,48.62,0.051569,87352,312.0,31.87,0.039073
34.09,0.0004940,0.052810,92139,88253,87439,89932,302.9,34.1,0.000000,352.6,3719671,2498.1,64509,289.7,0.17,0.000116,68501,292.1,3.76,0.003136,86954,310.7,-10.04,-0.012302,574.1,0.006233,339.4,105113,375.7,112506,339.4,6.86,0.006842,109286,333.9,25.43,0.029620,85389,311.4,62.27,0.074757,214.1,-0.000000,1077.9,166935,1215.1,102914,330.7,-0.35,-0.000324,99833,325.6,-11.51,-0.012560,87232,312.1,-61.87,-0.075712,394.1,0.042521,383.2,81655,607.6,86437,380.7,63.40,0.043330,95651,321.9,50.79,0.053741,87299,311.9,31.06,0.038065
35.11,0.0005088,0.052729,91964,88373,87410,89957,302.9,35.1,0.000000,436.8,3577069,2476.8,64625,289.8,0.33,0.000222,68671,292.4,5.09,0.004256,86907,310.7,-7.73,-0.009468,575.1,0.004954,340.6,105774,376.4,112913,339.7,5.96,0.005962,110066,334.6,24.42,0.028589,85294,311.2,62.38,0.074855,215.1,0.000000,210.9,163992,1209.7,102692,330.5,-0.43,-0.000405,99432,325.3,-11.77,-0.012809,87191,312.1,-61.63,-0.075392,395.1,0.044128,376.7,81591,596.3,86498,374.2,64.57,0.044931,95338,321.6,52.72,0.055653,87272,311.8,30.26,0.037088
36.04,0.0005223,0.052662,91790,88462,87406,89978,302.9,36.0,0.000000,121.3,3452180,2457.7,64773,290.0,0.47,0.000318,68840,292.6,6.46,0.005410,86880,310.6,-5.56,-0.006804,576.0,0.004550,340.8,106395,377.0,113244,340.0,5.38,0.005389,110710,335.2,23.64,0.027786,85205,311.0,62.60,0.075099,216.0,0.000000,458.1,161357,1204.8,102449,330.2,-0.52,-0.000482,99100,324.9,-12.05,-0.013078,87167,312.1,-61.41,-0.075102,396.0,0.045667,371.2,81528,586.2,86554,368.7,65.66,0.046404,95059,321.4,54.29,0.057186,87286,311.7,29.52,0.036199
37.06,0.0005371,0.052596,91590,88531,87429,89997,302.9,37.1,0.000000,100.0,3322065,2437.3,64975,290.3,0.62,0.000417,69038,292.8,8.07,0.006775,86873,310.6,-3.11,-0.003809,577.1,0.003849,340.4,107085,377.6,113675,340.3,4.80,0.004822,111367,335.8,22.88,0.027009,85110,310.8,63.01,0.075563,217.1,0.000000,306.8,158549,1199.5,102139,329.9,-0.61,-0.000572,98770,324.6,-12.40,-0.013427,87161,312.1,-61.14,-0.074773,397.1,0.047221,365.7,81457,575.7,86621,363.2,66.90,0.048038,94769,321.1,55.80,0.058641,87334,311.6,28.69,0.035207
38.07,0.0005518,0.052539,91380,88583,87495,90013,303.0,38.1,0.000000,100.0,3198090,2417.3,65215,290.6,0.74,0.000503,69240,293.0,9.74,0.008193,86874,310.6,-0.63,-0.000770,578.1,0.003140,341.3,107788,378.3,114209,340.8,4.25,0.004287,111993,336.3,22.18,0.026289,85023,310.5,63.61,0.076269,218.1,0.000000,1413.9,155809,1194.2,101780,329.6,-0.72,-0.000667,98463,324.3,-12.82,-0.013844,87180,312.1,-60.84,-0.074415,398.1,0.048873,360.7,81388,565.5,86701,358.1,68.21,0.049716,94497,320.9,57.11,0.059897,87416,311.6,27.83,0.034180
39.09,0.0005665,0.052490,91169,88646,87601,90026,303.1,39.1,0.000000,100.0,3079950,2397.7,65484,290.9,0.85,0.000576,69431,293.3,11.38,0.009590,86834,310.6,1.78,0.002178,579.1,0.002498,341.7,108507,379.0,114822,341.3,3.76,0.003806,112599,336.8,21.51,0.025590,84965,310.2,64.50,0.077354,219.1,-0.000000,278.6,153134,1189.0,101368,329.2,-0.83,-0.000767,98168,324.1,-13.31,-0.014342,87236,312.1,-60.45,-0.073976,399.1,0.050574,356.2,81329,555.8,86799,353.5,69.62,0.051455,94248,320.7,58.26,0.060987,87544,311.6,26.94,0.033136
40.10,0.0005812,0.052449,90964,88754,87776,90034,303.2,40.1,0.000000,118.5,2967356,2378.5,65777,291.3,0.93,0.000633,69585,293.5,12.87,0.010867,86862,310.6,4.39,0.005370,580.1,0.001961,342.2,109242,379.7,115504,341.9,3.32,0.003375,113186,337.3,20.85,0.024889,84943,310.0,65.67,0.078783,220.1,-0.000000,269.9,150521,1183.8,100904,328.8,-0.94,-0.000868,97868,323.8,-13.89,-0.014937,87358,312.2,-59.94,-0.073426,400.1,0.052332,352.1,81283,546.5,86920,349.4,71.11,0.053257,94025,320.5,59.28,0.061942,87724,311.7,26.02,0.032060
41.03,0.0005947,0.052419,90794,88868,87976,90037,303.4,41.0,0.000000,100.0,2868813,2361.2,66061,291.6,0.99,0.000672,69677,293.6,14.03,0.011861,86944,310.7,6.94,0.008500,581.0,0.001561,342.7,109933,380.4,116155,342.4,2.97,0.003033,113702,337.8,20.23,0.024234,84965,309.8,66.92,0.080349,221.0,-0.000000,132.7,148180,1179.1,100435,328.4,-1.04,-0.000959,97574,323.5,-14.52,-0.015584,87535,312.4,-59.40,-0.072881,401.0,0.054070,348.7,81257,538.3,87050,345.9,72.54,0.054955,93842,320.3,60.11,0.062716,87940,311.8,25.13,0.031038
42.05,0.0006094,0.052393,90630,89026,88175,90036,303.6,42.0,0.000000,100.0,2766196,2342.8,66381,292.0,1.03,0.000703,69738,293.6,15.10,0.012775,87072,310.7,9.80,0.012018,582.0,0.001128,343.3,110705,381.1,116907,343.1,2.60,0.002664,114234,338.2,19.55,0.023499,85017,309.7,68.35,0.082165,222.0,-0.000000,249.2,145683,1174.0,99880,327.8,-1.14,-0.001050,97216,323.2,-15.34,-0.016424,87765,312.6,-58.85,-0.072345,402.0,0.055846,345.3,81249,529.7,87209,342.5,74.14,0.056832,93663,320.2,60.91,0.063465,88208,311.9,24.04,0.029760
43.06,0.0006241,0.052373,90467,89225,88340,90031,303.8,43.1,0.000000,100.0,2668426,2324.7,66710,292.5,1.06,0.000726,69778,293.7,15.95,0.013494,87215,310.8,12.61,0.015495,583.1,0.000803,343.8,111498,381.9,117657,343.7,2.25,0.002320,114725,338.7,18.86,0.022736,85074,309.6,69.74,0.083922,223.1,-0.000000,456.9,143243,1169.0,99288,327.3,-1.23,-0.001126,96802,322.8,-16.32,-0.017418,87995,312.8,-58.46,-0.072000,403.1,0.057709,342.3,81264,521.5,87379,339.4,75.73,0.058699,93500,320.0,61.63,0.064121,88477,312.1,22.70,0.028178
44.07,0.0006387,0.052359,90302,89459,88494,90022,304.0,44.1,0.000000,614.0,2575244,2307.0,67047,292.9,1.08,0.000744,69782,293.7,16.51,0.013966,87355,310.9,15.35,0.018887,584.1,0.000536,344.4,112313,382.7,118382,344.3,1.93,0.001994,115170,339.0,18.15,0.021941,85133,309.5,71.02,0.085545,224.1,0.000000,100.0,140859,1164.0,98673,326.7,-1.30,-0.001181,96321,322.3,-17.47,-0.018575,88212,313.0,-58.29,-0.071922,404.1,0.059543,339.7,81300,513.7,87552,336.6,77.28,0.060512,93347,319.9,62.25,0.064685,88736,312.2,21.11,0.026274
45.08,0.0006534,0.052351,90146,89697,88673,90012,304.1,45.1,0.000000,214.9,2486436,2289.7,67394,293.3,1.11,0.000765,69722,293.6,16.80,0.014205,87484,310.9,18.02,0.022206,585.1,0.000444,344.9,113154,383.5,119027,344.8,1.66,0.001729,115566,339.4,17.42,0.021109,85201,309.4,72.21,0.087048,225.1,-0.000000,100.0,138528,1159.0,98047,326.1,-1.34,-0.001211,95767,321.8,-18.77,-0.019883,88424,313.2,-58.30,-0.072063,405.1,0.061305,337.3,81355,506.3,87717,334.1,78.73,0.062229,93195,319.8,62.77,0.065154,88984,312.4,19.35,0.024140
46.09,0.0006680,0.052349,90000,89904,88926,89998,304.4,46.1,0.000000,100.0,2401784,2272.8,67756,293.8,1.15,0.000796,69606,293.5,16.85,0.014234,87624,310.9,20.72,0.025572,586.1,0.000378,345.4,114021,384.3,119598,345.3,1.45,0.001511,115916,339.7,16.66,0.020236,85297,309.5,73.38,0.088563,226.1,0.000000,696.3,136251,1154.1,97424,325.5,-1.35,-0.001214,95142,321.2,-20.22,-0.021319,88671,313.4,-58.45,-0.072409,406.1,0.062951,335.2,81424,499.2,87868,331.9,80.06,0.063812,93038,319.6,63.21,0.065524,89243,312.5,17.57,0.021974
47.10,0.0006827,0.052351,89866,90093,89211,89983,304.7,47.1,0.000000,112.0,2321071,2256.2,68142,294.2,1.21,0.000845,69473,293.3,16.72,0.014104,87800,311.0,23.50,0.029045,587.1,0.000327,345.8,114916,385.1,120108,345.7,1.27,0.001332,116226,339.9,15.88,0.019318,85439,309.5,74.60,0.090157,227.1,-0.000000,100.0,134023,1149.2,96817,324.9,-1.33,-0.001193,94452,320.5,-21.79,-0.022847,88957,313.7,-58.71,-0.072897,407.1,0.064450,333.3,81500,492.5,87999,329.9,81.23,0.065237,92868,319.5,63.56,0.065788,89520,312.7,15.87,0.019898
48.11,0.0006973,0.052359,89744,90230,89544,89964,305.0,48.1,0.000000,115.7,2244067,2240.0,68568,294.8,1.32,0.000921,69336,293.2,16.34,0.013760,88014,311.1,26.31,0.032591,588.1,0.000286,346.1,115839,386.0,120568,346.1,1.13,0.001186,116505,340.2,15.06,0.018350,85631,309.7,75.82,0.091791,228.1,0.000000,158.9,131845,1144.4,96236,324.4,-1.29,-0.001153,93707,319.8,-23.43,-0.024429,89271,314.0,-59.01,-0.073463,408.1,0.065788,331.6,81579,486.2,88107,328.1,82.25,0.066495,92680,319.3,63.81,0.065948,89820,312.9,14.27,0.017933
49.04,0.0007107,0.052370,89637,90313,89899,89945,305.3,49.0,0.000000,100.0,2176559,2225.4,69005,295.3,1.45,0.001019,69195,293.0,15.87,0.013351,88248,311.2,28.93,0.035926,589.0,0.000253,346.4,116712,386.7,120953,346.4,1.02,0.001077,116742,340.4,14.27,0.017415,85850,309.9,76.93,0.093319,229.0,-0.000000,1956.2,129891,1140.0,95730,323.9,-1.24,-0.001103,92983,319.1,-24.97,-0.025895,89586,314.3,-59.24,-0.073943,409.0,0.066918,330.2,81649,480.6,88184,326.6,83.05,0.067506,92490,319.2,63.96,0.066003,90141,313.2,12.88,0.016232
50.05,0.0007254,0.052385,89524,90372,90324,89920,305.8,50.1,0.000000,268.3,2106089,2209.7,69546,296.0,1.63,0.001155,69047,292.8,15.27,0.012822,88545,311.3,31.85,0.039657,590.1,0.000227,346.8,117694,387.6,121344,346.7,0.93,0.000982,116990,340.6,13.36,0.016335,86134,310.1,78.13,0.095015,230.1,-0.000000,154.6,127802,1135.2,95209,323.4,-1.18,-0.001044,92159,318.2,-26.67,-0.027479,89957,314.6,-59.39,-0.074363,410.1,0.067908,328.8,81719,474.9,88247,325.2,83.81,0.068469,92260,319.0,64.05,0.065971,90575,313.5,11.33,0.014326
51.06,0.0007400,0.052405,89413,90416,90735,89892,306.2,51.1,0.000000,100.0,2038762,2194.4,70161,296.7,1.84,0.001309,68919,292.7,14.58,0.012229,88867,311.5,34.76,0.043423,591.1,0.000206,347.0,118709,388.6,121710,347.0,0.86,0.000909,117238,340.8,12.40,0.015181,86450,310.4,79.27,0.096672,231.1,-0.000000,196.0,125758,1130.5,94717,322.9,-1.12,-0.000987,91305,317.4,-28.35,-0.029016,90338,314.9,-59.41,-0.074625,411.1,0.068813,327.6,81780,469.4,88289,323.9,84.46,0.069306,92007,318.8,64.06,0.065851,91127,314.0,9.40,0.011942
52.07,0.0007547,0.052428,89304,90466,91105,89862,306.5,52.1,0.000000,16193.7,1974424,2179.4,70844,297.5,2.03,0.001455,68821,292.5,13.84,0.011593,89186,311.7,37.59,0.047098,592.1,0.000190,347.3,119757,389.5,122058,347.3,0.81,0.000852,117495,341.0,11.37,0.013940,86772,310.7,80.27,0.098158,232.1,-0.000000,448.1,123756,1125.8,94248,322.5,-1.07,-0.000940,90428,316.5,-29.98,-0.030476,90704,315.3,-59.28,-0.074675,412.1,0.069567,326.5,81827,464.3,88327,322.8,84.99,0.070019,91731,318.5,64.02,0.065657,91819,314.7,6.56,0.008386
53.09,0.0007694,0.052454,89196,90523,91444,89832,306.9,53.1,0.000000,144.7,1912908,2164.7,71565,298.4,2.14,0.001547,68757,292.5,13.05,0.010926,89485,311.8,40.28,0.050613,593.1,0.000178,347.6,120840,390.4,122390,347.5,0.76,0.000806,117764,341.2,10.26,0.012602,87092,311.0,81.07,0.099406,233.1,-0.000000,106.5,121794,1121.2,93790,322.0,-1.04,-0.000915,89533,315.6,-31.54,-0.031837,91030,315.6,-58.98,-0.074490,413.1,0.070118,325.6,81857,459.4,88389,321.8,85.37,0.070584,91433,318.3,63.93,0.065404,92667,315.5,2.31,0.002974
54.10,0.0007841,0.052485,89086,90580,91829,89807,307.2,54.1,0.000000,173.7,1854067,2150.3,72281,299.2,2.15,0.001560,68731,292.4,12.24,0.010243,89773,312.0,42.90,0.054048,594.1,0.000170,347.8,121959,391.4,122705,347.8,0.72,0.000763,118047,341.5,9.08,0.011165,87422,311.4,81.72,0.100471,234.1,0.000000,1501.7,119872,1116.5,93330,321.6,-1.04,-0.000911,88627,314.7,-33.01,-0.033081,91350,315.8,-58.38,-0.073925,414.1,0.070603,324.9,81871,454.7,88457,321.0,85.65,0.071048,91117,318.0,63.80,0.065107,93194,316.0,-4.39,-0.005662
55.12,0.0007988,0.052519,88974,90653,92132,89788,307.5,55.1,0.000000,100.0,1797760,2136.2,72966,300.0,2.06,0.001506,68740,292.4,11.43,0.009567,89995,312.1,45.30,0.057185,595.1,0.000147,392.4,123116,392.4,123003,348.0,0.66,0.000707,118336,341.7,7.82,0.009639,87693,311.7,82.04,0.101046,235.1,-0.000000,214.0,117988,1112.0,92859,321.1,-1.07,-0.000929,87716,313.8,-34.38,-0.034198,91632,316.1,-57.60,-0.073110,415.1,0.071039,324.2,81869,450.3,88517,320.3,85.87,0.071438,90783,317.7,63.65,0.064777,93796,316.7,-12.28,-0.015924
56.05,0.0008123,0.052554,88872,90729,92378,89777,307.8,56.0,0.000000,100.0,1748258,2123.5,73540,300.7,1.90,0.001398,68779,292.5,10.70,0.008965,90138,312.3,47.33,0.059809,596.0,-0.000018,392.6,124208,393.4,123287,348.3,0.55,0.000588,118598,341.9,6.63,0.008182,87897,312.1,82.13,0.101261,236.0,-0.000000,100.0,116293,1107.8,92402,320.6,-1.12,-0.000972,86885,312.9,-35.53,-0.035105,91861,316.3,-56.73,-0.072136,416.0,0.071413,323.7,81855,446.5,88559,319.7,86.04,0.071743,90465,317.4,63.50,0.064457,94254,317.2,-20.11,-0.026171
57.07,0.0008271,0.052595,88761,90813,92573,89774,307.9,57.1,0.000000,328.5,1696446,2109.8,74082,301.3,1.65,0.001222,68855,292.6,9.97,0.008354,90252,312.6,49.36,0.062403,597.1,0.000016,349.1,125439,394.4,123525,348.5,0.45,0.000479,118866,342.2,5.31,0.006564,88112,312.7,82.05,0.101242,237.1,0.000000,600.1,114478,1103.2,91856,320.1,-1.22,-0.001056,85989,312.0,-36.67,-0.035962,92065,316.5,-55.65,-0.070883,417.1,0.071743,323.1,81827,442.5,88588,319.1,86.18,0.072023,90108,317.0,63.33,0.064098,94446,317.5,-28.18,-0.036715
58.09,0.0008418,0.052640,88647,90893,92685,89777,308.0,58.1,0.000000,188.5,1646806,2096.5,74512,301.8,1.34,0.000994,68963,292.7,9.30,0.007804,90308,312.9,51.21,0.064719,598.1,0.000047,349.2,126713,395.5,123694,348.6,0.36,0.000380,119102,342.3,4.00,0.004950,88320,313.2,81.76,0.100939,238.1,0.000000,100.0,112696,1098.7,91239,319.5,-1.38,-0.001184,85113,311.1,-37.67,-0.036679,92199,316.6,-54.50,-0.069505,418.1,0.072038,322.6,81786,438.7,88596,318.6,86.29,0.072242,89742,316.7,63.16,0.063734,94325,317.4,-35.19,-0.045779
59.11,0.0008567,0.052688,88534,90989,92708,89786,308.1,59.1,0.000000,229.3,1599246,2083.3,74816,302.2,0.98,0.000732,69104,292.9,8.71,0.007319,90323,313.1,52.87,0.066779,599.1,0.000067,349.3,128031,396.6,123801,348.7,0.27,0.000284,119293,342.5,2.72,0.003373,88527,313.8,81.25,0.100364,239.1,-0.000000,100.0,110948,1094.2,90530,318.8,-1.58,-0.001352,84266,310.2,-38.54,-0.037258,92251,316.6,-53.34,-0.068047,419.1,0.072274,322.2,81733,435.1,88579,318.1,86.35,0.072390,89369,316.4,62.98,0.063361,93959,317.2,-40.83,-0.052959
60.05,0.0008703,0.052736,88429,91152,92651,89796,308.0,60.0,0.000000,100.0,1557403,2071.5,74978,302.4,0.64,0.000477,69263,293.1,8.24,0.006938,90308,313.3,54.22,0.068421,600.0,0.000077,349.3,129279,397.7,123846,348.7,0.18,0.000195,119424,342.6,1.59,0.001976,88709,314.3,80.57,0.099566,240.0,0.000000,553.8,109376,1090.1,89789,318.0,-1.80,-0.001531,83522,309.4,-39.22,-0.037675,92233,316.6,-52.26,-0.066669,420.0,0.072435,321.8,81673,431.9,88540,317.7,86.35,0.072450,89022,316.0,62.81,0.063008,93562,316.9,-44.67,-0.057737
61.07,0.0008851,0.052791,88313,91302,92530,89810,307.9,61.1,0.000000,267.2,1513579,2058.9,75031,302.4,0.27,0.000201,69470,293.3,7.82,0.006599,90263,313.5,55.45,0.069900,601.1,0.000014,466.5,130684,398.8,123856,348.7,0.06,0.000064,119517,342.7,0.41,0.000514,88885,314.7,79.42,0.098198,241.1,-0.000000,100.0,107692,1085.7,88878,317.1,-2.06,-0.001738,82753,308.6,-39.84,-0.038016,92161,316.5,-51.11,-0.065178,421.1,0.072520,321.4,81595,428.6,88471,317.2,86.26,0.072427,88640,315.7,62.60,0.062604,93131,316.6,-47.54,-0.061232
62.10,0.0009000,0.052850,88205,91466,92376,89824,307.8,62.1,0.000000,1637.8,1471588,2046.5,74971,302.4,-0.06,-0.000046,69715,293.6,7.49,0.006329,90193,313.6,56.47,0.071100,602.1,0.000000,100.0,132139,411.9,123816,348.7,-0.04,-0.000045,119559,342.7,-0.71,-0.000884,89034,315.1,77.81,0.096285,242.1,0.000000,523.1,106326,1081.9,87864,316.1,-2.32,-0.001941,82032,307.8,-40.34,-0.038254,92046,316.3,-50.01,-0.063724,422.1,0.072507,321.0,81502,425.5,88370,316.8,86.12,0.072323,88256,315.3,62.38,0.062179,92716,316.3,-49.21,-0.063153
63.04,0.0009136,0.052907,88113,91587,92209,89837,307.6,63.0,0.000000,100.0,1434631,2035.4,74832,302.2,-0.33,-0.000243,69979,293.9,7.24,0.006137,90102,313.7,57.22,0.071968,603.0,0.000000,339.9,133516,413.1,123726,348.6,-0.14,-0.000146,119559,342.7,-1.70,-0.002111,89160,315.2,76.04,0.094169,243.0,-0.000000,1837.7,105489,1079.4,86855,315.0,-2.54,-0.002111,81417,307.2,-40.71,-0.038397,91913,316.2,-49.04,-0.062429,423.0,0.072414,320.5,81403,422.7,88252,316.4,85.95,0.072164,87901,315.0,62.15,0.061769,92348,316.1,-49.74,-0.063634
64.07,0.0009285,0.052971,88024,91661,91995,89851,307.4,64.1,0.000000,256.2,1395903,2023.4,74596,301.9,-0.58,-0.000435,70317,294.3,7.02,0.005974,89949,313.6,57.87,0.072672,604.1,0.000000,109.1,135068,414.4,123576,348.5,-0.23,-0.000245,119523,342.7,-2.76,-0.003422,89301,315.4,73.81,0.091509,244.1,0.000000,274.6,104779,1077.1,85683,313.8,-2.76,-0.002270,80799,306.5,-41.02,-0.038479,91743,316.0,-48.05,-0.061092,424.1,0.072263,320.0,81280,419.8,88099,316.0,85.72,0.071937,87511,314.6,61.86,0.061290,91943,315.8,-49.24,-0.062767
65.10,0.0009434,0.053038,87952,91663,91758,89865,307.2,65.1,0.000000,413.7,1358766,2011.7,74296,301.6,-0.78,-0.000581,70711,294.8,6.83,0.005832,89757,313.5,58.47,0.073300,605.1,0.000000,354.1,136673,415.7,123384,348.3,-0.31,-0.000325,119454,342.6,-3.79,-0.004702,89438,315.4,71.27,0.088484,245.1,-0.000000,100.0,104139,1075.0,84454,312.5,-2.95,-0.002396,80237,305.9,-41.23,-0.038484,91541,315.8,-47.14,-0.059840,425.1,0.072052,319.6,81142,417.1,87922,315.7,85.45,0.071648,87122,314.2,61.52,0.060753,91511,315.5,-47.99,-0.060949
66.04,0.0009571,0.053100,87913,91596,91522,89875,306.9,66.0,0.000000,100.0,1326080,2001.2,73987,301.2,-0.91,-0.000672,71128,295.3,6.65,0.005704,89562,313.3,59.01,0.073851,606.0,0.000000,1162.8,138192,416.9,123179,348.2,-0.36,-0.000384,119368,342.6,-4.73,-0.005865,89562,315.4,68.70,0.085409,246.0,-0.000000,100.0,103656,1073.3,83294,311.3,-3.08,-0.002481,79770,305.4,-41.34,-0.038429,91329,315.5,-46.31,-0.058691,426.0,0.071792,319.1,81002,414.7,87736,315.3,85.16,0.071331,86761,313.8,61.16,0.060213,91077,315.2,-46.07,-0.058291
67.07,0.0009720,0.053168,87914,91479,91253,89885,306.7,67.1,0.000000,182.4,1291838,1990.0,73628,300.8,-1.00,-0.000734,71648,295.9,6.43,0.005546,89335,313.1,59.56,0.074399,607.1,0.000000,1244.4,139901,418.3,122931,348.0,-0.41,-0.000435,119257,342.5,-5.75,-0.007123,89695,315.3,65.61,0.081718,247.1,0.000000,100.0,103230,1071.7,82008,309.9,-3.19,-0.002544,79303,304.9,-41.40,-0.038316,91079,315.3,-45.41,-0.057439,427.1,0.071479,318.7,80835,412.1,87513,315.0,84.82,0.070937,86364,313.5,60.72,0.059576,90630,314.8,-43.18,-0.054433
68.10,0.0009869,0.053234,87937,91343,90996,89892,306.4,68.1,0.000000,237.9,1259003,1979.0,73263,300.4,-1.04,-0.000761,72230,296.6,6.17,0.005355,89100,312.9,60.05,0.074873,608.1,0.000000,388.2,141667,419.7,122660,347.8,-0.45,-0.000479,119128,342.4,-6.76,-0.008371,89822,315.2,62.26,0.077685,248.1,0.000000,532.2,102684,1069.8,80716,308.5,-3.27,-0.002577,78869,304.4,-41.38,-0.038150,90826,315.0,-44.53,-0.056210,428.1,0.071108,318.2,80654,409.7,87271,314.7,84.44,0.070504,85972,313.1,60.22,0.058890,90254,314.5,-39.80,-0.050004
69.04,0.0010006,0.053293,88002,91205,90781,89897,306.2,69.0,0.000000,333.7,1230085,1969.1,72935,300.0,-1.03,-0.000755,72809,297.3,5.92,0.005161,88884,312.6,60.45,0.075252,609.0,0.000000,100.0,143337,421.0,122392,347.5,-0.49,-0.000516,118996,342.2,-7.68,-0.009498,89939,315.1,58.98,0.073722,249.0,0.000000,100.0,102242,1068.2,79537,307.2,-3.32,-0.002584,78495,304.0,-41.30,-0.037945,90600,314.8,-43.70,-0.055073,429.0,0.070720,317.8,80477,407.5,87036,314.4,84.08,0.070084,85619,312.7,59.71,0.058218,89970,314.3,-36.42,-0.045654
70.07,0.0010155,0.053353,88085,91034,90562,89899,306.0,70.1,0.000000,100.0,1199763,1958.5,72603,299.6,-0.98,-0.000714,73471,298.1,5.67,0.004973,88654,312.3,60.84,0.075611,610.1,0.000000,586.3,145218,422.5,122079,347.3,-0.53,-0.000556,118835,342.1,-8.65,-0.010687,90067,314.9,55.20,0.069135,250.1,0.000000,280.2,101709,1066.3,78266,305.8,-3.33,-0.002569,78100,303.6,-41.13,-0.037649,90364,314.5,-42.76,-0.053793,430.1,0.070306,317.4,80273,405.2,86765,314.0,83.68,0.069605,85246,312.4,59.11,0.057444,89726,314.1,-32.63,-0.040806
71.10,0.0010304,0.053410,88160,90845,90356,89900,305.8,71.1,0.000000,537.4,1170659,1948.1,72310,299.3,-0.88,-0.000641,74132,298.8,5.51,0.004870,88431,312.0,61.17,0.075909,611.1,0.000000,285.7,147162,424.0,121744,347.0,-0.57,-0.000598,118659,342.0,-9.57,-0.011811,90190,314.7,51.24,0.064294,251.1,0.000000,255.2,101175,1064.4,77023,304.4,-3.33,-0.002533,77721,303.2,-40.84,-0.037256,90145,314.3,-41.78,-0.052462,431.1,0.069845,317.0,80058,403.1,86481,313.7,83.27,0.069112,84885,312.0,58.46,0.056639,89539,314.0,-28.88,-0.036061
72.04,0.0010441,0.053458,88234,90657,90183,89900,305.7,72.0,0.000000,362.5,1144998,1938.8,72082,299.0,-0.77,-0.000560,74713,299.5,5.50,0.004882,88237,311.8,61.43,0.076123,612.0,0.000000,182.0,149002,425.5,121415,346.7,-0.60,-0.000637,118484,341.8,-10.35,-0.012767,90293,314.5,47.48,0.059676,252.0,-0.000000,287.5,100748,1062.8,75915,303.1,-3.29,-0.002482,77382,302.8,-40.46,-0.036797,89961,314.1,-40.85,-0.051221,432.0,0.069389,316.7,79852,401.1,86212,313.4,82.89,0.068653,84567,311.7,57.84,0.055884,89407,313.9,-25.59,-0.031918
73.07,0.0010590,0.053507,88339,90437,90017,89899,305.5,73.1,0.000000,652.2,1118062,1928.8,71879,298.8,-0.64,-0.000463,75313,300.2,5.54,0.004953,88049,311.5,61.62,0.076269,613.1,0.000000,100.0,151074,427.0,121033,346.4,-0.65,-0.000682,118280,341.6,-11.13,-0.013713,90392,314.3,43.30,0.054516,253.1,-0.000000,1080.4,100080,1060.5,74747,301.8,-3.23,-0.002411,77007,302.4,-39.90,-0.036159,89782,313.9,-39.80,-0.049847,433.1,0.068927,316.3,79620,399.1,85911,313.0,82.47,0.068149,84233,311.4,57.15,0.055059,89296,313.8,-22.23,-0.027695
74.10,0.0010739,0.053551,88504,90222,89872,89898,305.4,74.1,0.000000,582.9,1092177,1919.1,71727,298.6,-0.49,-0.000357,75868,300.8,5.76,0.005177,87887,311.2,61.74,0.076336,614.1,0.000000,100.0,153217,428.7,120626,346.1,-0.69,-0.000727,118063,341.5,-11.82,-0.014546,90478,314.2,39.09,0.049297,254.1,-0.000000,522.4,99557,1058.6,73630,300.5,-3.15,-0.002325,76616,301.9,-39.17,-0.035367,89626,313.7,-38.74,-0.048458,434.1,0.068442,315.9,79380,397.1,85601,312.6,82.06,0.067644,83914,311.0,56.46,0.054246,89192,313.7,-19.03,-0.023681
75.04,0.0010875,0.053584,88702,90035,89755,89896,305.2,75.0,0.000000,2246.2,1069332,1910.3,71637,298.5,-0.35,-0.000251,76334,301.3,6.18,0.005579,87759,311.0,61.79,0.076336,615.0,0.000000,417.2,155246,430.2,120230,345.8,-0.74,-0.000770,117855,341.3,-12.37,-0.015202,90548,314.0,35.24,0.044493,255.0,-0.000000,115.5,98991,1056.7,72655,299.4,-3.06,-0.002232,76238,301.5,-38.35,-0.034503,89503,313.6,-37.76,-0.047193,435.0,0.067974,315.5,79154,395.4,85312,312.3,81.69,0.067179,83633,310.8,55.85,0.053525,89102,313.7,-16.18,-0.020123
76.07,0.0011024,0.053612,88950,89842,89642,89895,305.1,76.1,0.000000,200.8,1045328,1900.9,71601,298.4,-0.16,-0.000119,76785,301.8,6.84,0.006197,87642,310.8,61.77,0.076266,616.1,0.000000,100.0,157533,431.9,119775,345.4,-0.78,-0.000815,117620,341.1,-12.87,-0.015797,90619,313.8,31.03,0.039229,256.1,-0.000000,424.1,98466,1054.8,71652,298.2,-2.93,-0.002117,75799,301.0,-37.29,-0.033415,89389,313.5,-36.72,-0.045844,436.1,0.067499,315.1,78903,393.6,84987,311.9,81.28,0.066662,83341,310.5,55.21,0.052778,89012,313.6,-13.16,-0.016354
77.10,0.0011174,0.053629,89251,89661,89545,89894,305.0,77.1,0.000000,100.0,1022249,1891.7,71623,298.5,0.01,0.000007,77186,302.3,7.71,0.007011,87549,310.6,61.62,0.076053,617.1,0.000000,100.0,159899,433.6,119297,345.0,-0.82,-0.000859,117380,340.9,-13.27,-0.016261,90692,313.7,26.77,0.033891,257.1,0.000000,768.6,97801,1052.5,70717,297.1,-2.77,-0.001988,75334,300.5,-36.09,-0.032190,89302,313.4,-35.73,-0.044586,437.1,0.066987,314.7,78647,391.8,84653,311.6,80.85,0.066129,83063,310.2,54.61,0.052079,88933,313.6,-10.21,-0.012682
78.04,0.0011310,0.053634,89565,89510,89470,89894,305.0,78.0,0.000000,447.3,1001872,1883.4,71700,298.5,0.18,0.000133,77515,302.7,8.68,0.007915,87478,310.4,61.33,0.075692,618.0,0.000000,100.0,162138,435.2,118839,344.6,-0.86,-0.000897,117161,340.7,-13.54,-0.016566,90773,313.6,22.77,0.028857,258.0,0.000000,100.0,97093,1050.2,69925,296.1,-2.62,-0.001860,74886,300.0,-34.86,-0.030961,89239,313.3,-34.90,-0.043527,438.0,0.066472,314.3,78409,390.3,84338,311.2,80.43,0.065620,82819,310.0,54.10,0.051482,88870,313.5,-7.56,-0.009385
79.07,0.0011459,0.053627,89923,89362,89404,89895,304.9,79.1,0.000000,100.0,980455,1874.6,71858,298.7,0.40,0.000289,77840,303.0,9.91,0.009064,87421,310.2,60.93,0.075187,619.1,0.000000,100.0,164661,437.0,118319,344.2,-0.91,-0.000938,116928,340.5,-13.73,-0.016774,90885,313.5,18.20,0.023103,259.1,-0.000000,325.0,96426,1047.9,69134,295.1,-2.43,-0.001712,74377,299.4,-33.40,-0.029525,89184,313.2,-34.06,-0.042456,439.1,0.065930,313.9,78145,388.6,83985,310.8,79.95,0.065038,82563,309.7,53.59,0.050881,88813,313.5,-4.71,-0.005843
80.10,0.0011608,0.053606,90281,89229,89357,89899,304.9,80.1,0.000000,365.2,959848,1865.9,72093,299.0,0.62,0.000452,78138,303.4,11.31,0.010373,87387,310.0,60.46,0.074626,620.1,0.000000,287.9,167272,438.8,117779,343.7,-0.95,-0.000976,116712,340.3,-13.79,-0.016831,91028,313.6,13.35,0.016964,260.1,-0.000000,100.0,95766,1045.6,68420,294.3,-2.23,-0.001559,73853,298.8,-31.85,-0.028010,89143,313.2,-33.27,-0.041460,440.1,0.065335,313.4,77877,387.0,83624,310.4,79.45,0.064431,82320,309.5,53.14,0.050341,88769,313.4,-1.89,-0.002344
81.04,0.0011745,0.053576,90699,89118,89350,89904,304.9,81.0,0.000000,101.6,941638,1858.1,72377,299.3,0.83,0.000604,78399,303.6,12.73,0.011707,87390,309.9,60.03,0.074128,621.0,0.000000,342.3,169745,440.6,117269,343.3,-0.98,-0.001007,116535,340.1,-13.75,-0.016766,91195,313.7,8.61,0.010963,261.0,-0.000000,100.0,95057,1043.2,67831,293.5,-2.04,-0.001419,73363,298.3,-30.36,-0.026569,89127,313.2,-32.56,-0.040577,441.0,0.064740,313.0,77628,385.6,83286,310.0,78.96,0.063853,82109,309.2,52.78,0.049906,88656,313.3,0.47,0.000583
82.06,0.0011893,0.053524,91254,89007,89405,89914,304.9,82.1,0.000000,119.7,922482,1849.8,72761,299.8,1.05,0.000771,78682,304.0,14.42,0.013297,87428,309.8,59.56,0.073599,622.1,0.000000,100.0,172533,442.5,116697,342.8,-1.01,-0.001038,116366,340.0,-13.57,-0.016524,91290,313.7,2.87,0.003651,262.1,-0.000000,589.5,94390,1040.9,67258,292.8,-1.84,-0.001270,72823,297.7,-28.67,-0.024961,89135,313.2,-31.82,-0.039659,442.1,0.064124,312.6,77354,384.1,82912,309.6,78.40,0.063206,81893,309.0,52.45,0.049503,88552,313.2,3.09,0.003831
83.09,0.0012042,0.053453,91787,88910,89440,89931,304.9,83.1,0.000000,100.0,904039,1841.6,73221,300.3,1.27,0.000933,78976,304.3,16.25,0.015019,87464,309.8,59.11,0.073068,623.1,0.000000,327.3,175418,444.4,116115,342.4,-1.04,-0.001062,116236,339.9,-13.26,-0.016136,91018,313.5,-3.84,-0.004877,263.1,-0.000000,673.1,93577,1038.2,66753,292.2,-1.64,-0.001127,72281,297.0,-26.94,-0.023331,89200,313.2,-31.02,-0.038687,443.1,0.063468,312.1,77076,382.6,82534,309.2,77.83,0.062547,81693,308.8,52.20,0.049175,88485,313.1,5.82,0.007207
84.12,0.0012191,0.053364,92295,88832,89452,89952,305.0,84.1,0.000000,285.1,886275,1833.6,73750,301.0,1.47,0.001084,79293,304.6,18.19,0.016860,87470,309.9,58.61,0.072435,624.1,0.000000,288.8,178404,446.4,115526,341.9,-1.06,-0.001077,116143,339.8,-12.83,-0.015609,90867,313.4,-9.90,-0.012569,264.1,0.000000,368.4,92763,1035.5,66312,291.7,-1.45,-0.000992,71743,296.4,-25.19,-0.021696,89271,313.3,-30.40,-0.037933,444.1,0.062804,311.6,76796,381.2,82156,308.8,77.26,0.061884,81507,308.6,52.01,0.048916,88385,312.9,8.48,0.010492
85.06,0.0012327,0.053268,92647,88778,89458,89975,305.0,85.1,0.000000,100.0,870561,1826.4,74288,301.6,1.63,0.001207,79612,305.0,20.06,0.018643,87473,310.0,58.16,0.071853,625.1,0.000000,422.2,181234,448.3,114985,341.4,-1.07,-0.001084,116088,339.7,-12.34,-0.015004,90779,313.4,-15.06,-0.019108,265.1,-0.000000,220.1,92049,1033.0,65960,291.2,-1.28,-0.000875,71255,295.8,-23.57,-0.020203,89320,313.3,-29.98,-0.037426,445.1,0.062170,311.2,76537,379.9,81810,308.4,76.73,0.061280,81341,308.5,51.89,0.048730,88297,312.8,10.86,0.013420
86.08,0.0012476,0.053154,92896,88742,89456,90004,305.0,86.1,0.000000,100.0,854019,1818.7,74921,302.3,1.77,0.001318,80000,305.4,22.17,0.020681,87470,310.2,57.66,0.071192,626.1,0.000000,2996.7,184426,450.4,114400,340.9,-1.07,-0.001080,116045,339.7,-11.69,-0.014209,90701,313.4,-20.35,-0.025796,266.1,0.000000,100.0,91234,1030.3,65628,290.8,-1.11,-0.000756,70731,295.2,-21.81,-0.018593,89350,313.3,-29.65,-0.037023,446.1,0.061544,310.7,76254,378.6,81435,308.0,76.17,0.060634,81162,308.3,51.79,0.048556,88219,312.6,13.36,0.016504
87.11,0.0012624,0.053035,92988,88754,89446,90037,304.9,87.1,0.000000,141.5,838074,1811.2,75591,303.1,1.87,0.001403,80435,305.9,24.35,0.022805,87455,310.4,57.17,0.070530,627.1,0.000000,468.1,187732,452.5,113825,340.4,-1.06,-0.001064,116035,339.7,-10.91,-0.013257,90602,313.4,-25.27,-0.031993,267.1,0.000000,100.0,90417,1027.5,65348,290.4,-0.95,-0.000644,70220,294.6,-20.06,-0.017012,89358,313.3,-29.41,-0.036725,447.1,0.060910,310.3,75972,377.3,81065,307.5,75.62,0.060008,80984,308.1,51.70,0.048396,88162,312.5,15.76,0.019462
88.04,0.0012760,0.052926,92950,88816,89423,90070,304.9,88.0,0.000000,1389.2,823958,1804.4,76228,303.8,1.93,0.001460,80881,306.4,26.40,0.024825,87434,310.6,56.77,0.069971,628.0,0.000000,360.0,190867,454.5,113314,340.0,-1.04,-0.001040,116073,339.7,-10.08,-0.012257,90457,313.3,-29.40,-0.037163,268.0,0.000000,298.9,89562,1024.7,65133,290.2,-0.81,-0.000549,69765,294.1,-18.47,-0.015593,89349,313.3,-29.23,-0.036503,448.0,0.060323,309.8,75713,376.1,80731,307.2,75.14,0.059456,80820,307.9,51.63,0.048258,88125,312.4,17.86,0.022061
89.07,0.0012908,0.052812,92841,88941,89381,90109,304.9,89.1,0.000000,434.2,809085,1797.2,76941,304.6,1.98,0.001503,81425,307.0,28.70,0.027108,87398,310.8,56.39,0.069432,629.1,0.000000,131.7,194405,456.7,112779,339.5,-1.00,-0.001002,116152,339.8,-9.06,-0.011020,90263,313.3,-33.37,-0.042106,269.1,0.000000,685.6,88744,1021.9,64940,289.9,-0.67,-0.000453,69287,293.5,-16.77,-0.014085,89328,313.3,-29.08,-0.036308,449.1,0.059764,309.4,75433,374.9,80376,306.7,74.65,0.058888,80642,307.7,51.57,0.048124,88096,312.4,20.05,0.024762
90.09,0.0013056,0.052704,92691,89029,89328,90149,304.8,90.1,0.000000,1475.0,794750,1790.1,77666,305.4,2.00,0.001533,82037,307.6,31.04,0.029482,87333,311.0,56.09,0.068970,630.1,0.000000,100.0,198067,459.0,112273,339.1,-0.96,-0.000954,116256,339.9,-7.92,-0.009636,90069,313.2,-36.80,-0.046340,270.1,0.000000,319.6,87783,1018.6,64786,289.7,-0.54,-0.000366,68834,293.0,-15.09,-0.012620,89295,313.3,-28.97,-0.036157,450.1,0.059226,309.0,75156,373.7,80033,306.4,74.21,0.058366,80464,307.6,51.53,0.048016,88070,312.3,22.12,0.027309
91.11,0.0013204,0.052605,92500,89130,89268,90191,304.8,91.1,0.000000,2393.2,780934,1783.1,78401,306.3,2.02,0.001555,82722,308.4,33.45,0.031957,87254,311.1,55.89,0.068627,631.1,0.000000,100.0,201859,461.3,111801,338.7,-0.90,-0.000896,116385,340.0,-6.68,-0.008141,89896,313.1,-39.78,-0.049998,271.1,-0.000000,224.1,86966,1015.8,64666,289.6,-0.43,-0.000289,68409,292.4,-13.45,-0.011199,89251,313.2,-28.89,-0.036040,451.1,0.058732,308.6,74884,372.5,79701,306.0,73.82,0.057886,80288,307.4,51.53,0.047938,88041,312.3,24.05,0.029683
92.04,0.0013340,0.052521,92284,89216,89216,90230,304.7,92.0,0.000000,200.3,768706,1776.9,79084,307.0,2.03,0.001574,83421,309.1,35.71,0.034323,87180,311.3,55.79,0.068423,632.0,0.000000,473.1,205453,463.5,111403,338.3,-0.84,-0.000834,116526,340.1,-5.48,-0.006683,89761,313.1,-42.19,-0.052957,272.0,0.000000,138.2,86111,1012.9,64582,289.5,-0.34,-0.000227,68050,292.0,-11.98,-0.009933,89205,313.2,-28.83,-0.035955,452.0,0.058295,308.2,74639,371.5,79406,305.6,73.49,0.057482,80130,307.2,51.56,0.047895,88011,312.2,25.69,0.031706
93.06,0.0013487,0.052440,92019,89299,89166,90273,304.7,93.1,0.000000,100.0,755824,1770.2,79841,307.9,2.05,0.001600,84262,310.0,38.23,0.037006,87104,311.4,55.78,0.068323,633.1,0.000000,407.6,209507,465.9,111012,338.0,-0.76,-0.000755,116700,340.2,-4.08,-0.004985,89637,313.1,-44.56,-0.055850,273.1,-0.000000,100.0,85151,1009.6,64514,289.4,-0.25,-0.000170,67696,291.6,-10.40,-0.008590,89147,313.1,-28.75,-0.035834,453.1,0.057898,307.8,74378,370.4,79098,305.3,73.19,0.057087,79959,307.0,51.62,0.047872,87975,312.2,27.36,0.033759
94.07,0.0013634,0.052371,91721,89374,89138,90317,304.6,94.1,0.000000,100.0,743393,1763.7,80617,308.7,2.08,0.001636,85182,311.0,40.76,0.039767,87047,311.5,55.92,0.068415,634.1,0.000000,100.0,213708,468.3,110674,337.7,-0.67,-0.000661,116892,340.4,-2.59,-0.003169,89537,313.2,-46.69,-0.058451,274.1,-0.000000,175.3,84191,1006.3,64466,289.3,-0.18,-0.000122,67384,291.2,-8.85,-0.007284,89087,313.1,-28.60,-0.035630,454.1,0.057533,307.5,74124,369.4,78805,305.0,72.94,0.056745,79787,306.8,51.69,0.047863,87946,312.2,28.93,0.035682
95.09,0.0013781,0.052314,91407,89450,89129,90360,304.6,95.1,0.000000,344.3,731385,1757.3,81422,309.6,2.13,0.001687,86164,312.0,43.25,0.042542,87010,311.7,56.21,0.068709,635.1,0.000000,276.2,218065,470.8,110398,337.4,-0.56,-0.000549,117105,340.6,-1.03,-0.001259,89465,313.2,-48.61,-0.060799,275.1,0.000000,100.0,83235,1003.0,64435,289.3,-0.12,-0.000083,67115,290.9,-7.33,-0.006015,89035,313.0,-28.34,-0.035292,455.1,0.057221,307.1,73879,368.3,78529,304.6,72.75,0.056458,79609,306.6,51.75,0.047842,87933,312.2,30.42,0.037513
96.10,0.0013928,0.052268,91105,89543,89139,90402,304.6,96.1,0.000000,176.3,719785,1751.1,82264,310.5,2.20,0.001758,87185,313.0,45.60,0.045233,86989,311.8,56.61,0.069151,636.1,0.000000,282.4,222586,473.4,110195,337.3,-0.43,-0.000418,117331,340.7,0.59,0.000718,89422,313.3,-50.38,-0.062958,276.1,-0.000000,177.8,82137,999.2,64416,289.2,-0.08,-0.000053,66889,290.6,-5.84,-0.004783,88993,313.0,-27.91,-0.034750,456.1,0.056953,306.9,73642,367.4,78269,304.3,72.62,0.056223,79419,306.4,51.78,0.047788,87936,312.2,31.83,0.039252
97.03,0.0014063,0.052237,90846,89636,89173,90440,304.7,97.0,0.000000,368.3,709492,1745.4,83079,311.4,2.29,0.001841,88130,314.0,47.56,0.047534,86985,311.9,57.06,0.069671,637.0,0.000000,343.9,226880,475.8,110081,337.2,-0.29,-0.000281,117537,340.9,2.09,0.002558,89412,313.4,-51.88,-0.064810,277.0,0.000000,446.8,81289,996.2,64407,289.2,-0.05,-0.000031,66720,290.4,-4.51,-0.003690,88973,312.9,-27.35,-0.034053,457.0,0.056733,306.6,73434,366.5,78042,304.1,72.54,0.056048,79227,306.2,51.75,0.047678,87954,312.2,33.07,0.040792
98.05,0.0014210,0.052213,90586,89755,89213,90480,304.7,98.0,0.000000,375.2,698618,1739.4,84023,312.4,2.41,0.001953,89148,315.1,49.40,0.049777,86992,312.0,57.61,0.070320,638.0,0.000000,117.0,231738,478.4,110045,337.1,-0.12,-0.000114,117739,341.1,3.68,0.004525,89435,313.5,-53.45,-0.066759,278.0,0.000000,231.9,80336,992.8,64405,289.2,-0.02,-0.000012,66573,290.2,-3.12,-0.002543,88971,312.9,-26.59,-0.033102,458.0,0.056536,306.3,73216,365.6,77806,303.8,72.51,0.055908,78991,306.0,51.63,0.047468,87986,312.3,34.37,0.042404
99.06,0.0014356,0.052198,90350,89899,89253,90519,304.8,99.1,0.000000,113.6,688096,1733.5,85038,313.4,2.55,0.002086,90133,316.1,50.88,0.051673,87000,312.2,58.17,0.070987,639.1,0.000000,100.0,236787,481.2,110088,337.2,0.04,0.000040,117887,341.2,5.18,0.006363,89477,313.7,-55.04,-0.068740,279.1,0.000000,276.2,79381,989.4,64409,289.2,0.00,0.000003,66463,290.1,-1.77,-0.001446,88982,312.9,-25.70,-0.032003,459.1,0.056376,306.1,73009,364.7,77582,303.5,72.53,0.055808,78719,305.7,51.39,0.047134,88017,312.3,35.59,0.043909
100.07,0.0014504,0.052191,90143,90061,89301,90556,304.8,100.1,0.000000,269.5,677907,1727.7,86132,314.6,2.72,0.002239,91069,317.0,51.97,0.053171,87008,312.3,58.73,0.071652,640.1,0.000000,738.4,242039,483.9,110227,337.3,0.22,0.000217,117970,341.3,6.53,0.008027,89522,313.8,-56.66,-0.070768,280.1,-0.000000,370.0,78281,985.5,64417,289.3,0.02,0.000015,66387,290.0,-0.49,-0.000402,89002,313.0,-24.71,-0.030772,460.1,0.056254,305.8,72812,363.8,77369,303.3,72.57,0.055728,78377,305.3,50.90,0.046541,88046,312.4,36.72,0.045310
101.09,0.0014651,0.052192,89969,90228,89375,90592,304.9,101.1,0.000000,341.8,668038,1722.0,87317,315.8,2.90,0.002412,91946,317.9,52.67,0.054261,87028,312.4,59.30,0.072338,641.1,0.000000,186.3,247504,486.8,110466,337.5,0.41,0.000403,118014,341.3,7.77,0.009558,89575,314.0,-58.29,-0.072811,281.1,-0.000000,456.1,77331,982.1,64428,289.3,0.03,0.000021,66342,289.9,0.72,0.000588,89034,313.0,-23.59,-0.029387,461.1,0.056148,305.6,72626,363.0,77166,303.1,72.61,0.055652,77936,304.8,50.08,0.045609,88082,312.4,37.79,0.046650
102.11,0.0014798,0.052198,89822,90421,89497,90626,305.0,102.1,0.000000,152.2,658485,1716.5,88603,317.1,3.10,0.002608,92762,318.7,53.02,0.054964,87075,312.5,59.92,0.073102,642.1,0.000000,3270.9,253190,489.7,110799,337.8,0.59,0.000582,118027,341.3,8.88,0.010924,89648,314.2,-59.88,-0.074812,282.1,-0.000000,14523.9,76381,978.6,64441,289.3,0.04,0.000027,66332,289.9,1.86,0.001518,89090,313.0,-22.30,-0.027790,462.1,0.056046,305.3,72452,362.2,76973,302.9,72.64,0.055575,77378,304.2,48.93,0.044332,88141,312.5,38.87,0.048000
103.04,0.0014933,0.052208,89707,90671,89638,90655,305.1,103.0,0.000000,388.0,649999,1711.4,89882,318.4,3.31,0.002810,93471,319.4,53.04,0.055283,87151,312.7,60.54,0.073885,643.0,0.000000,116.5,258603,492.4,111183,338.1,0.75,0.000740,117968,341.3,9.75,0.011997,89743,314.3,-61.27,-0.076592,283.0,0.000000,770.7,75389,975.0,64455,289.3,0.05,0.000032,66343,289.9,2.87,0.002341,89177,313.1,-20.96,-0.026134,463.0,0.055947,305.2,72301,361.4,76806,302.7,72.66,0.055506,76774,303.5,47.60,0.042882,88225,312.6,39.89,0.049287
104.06,0.0015081,0.052223,89602,90945,89824,90684,305.3,104.1,0.000000,100.0,641026,1706.1,91403,320.0,3.56,0.003060,94198,320.1,52.78,0.055314,87265,312.8,61.25,0.074810,644.1,0.000000,181.2,264736,495.4,111687,338.6,0.92,0.000911,117828,341.2,10.52,0.012929,89873,314.5,-62.71,-0.078458,284.1,0.000000,165.8,74446,971.4,64475,289.3,0.06,0.000040,66391,290.0,3.95,0.003217,89322,313.3,-19.35,-0.024153,464.1,0.055852,305.0,72147,360.7,76635,302.5,72.68,0.055436,76037,302.6,45.88,0.041050,88344,312.7,41.02,0.050735
105.07,0.0015228,0.052242,89520,91213,90051,90709,305.5,105.1,0.000000,187.6,632341,1700.8,93072,321.6,3.84,0.003344,94859,320.8,52.31,0.055091,87415,313.0,62.00,0.075811,645.1,0.000000,100.0,271118,498.5,112285,339.1,1.09,0.001086,117621,341.0,11.07,0.013589,90033,314.8,-64.03,-0.080187,285.1,-0.000000,258.5,73502,967.9,64500,289.4,0.08,0.000052,66477,290.1,5.01,0.004084,89511,313.5,-17.59,-0.021993,465.1,0.055761,304.8,72004,360.0,76477,302.3,72.71,0.055373,75238,301.7,43.95,0.039026,88496,312.9,42.19,0.052249
106.09,0.0015375,0.052262,89467,91426,90305,90731,305.8,106.1,0.000000,547.6,623933,1695.6,94905,323.4,4.14,0.003657,95469,321.4,51.64,0.054633,87598,313.2,62.78,0.076866,646.1,0.000000,1442.6,277761,501.7,112981,339.7,1.27,0.001269,117350,340.8,11.43,0.014011,90230,315.0,-65.19,-0.081754,286.1,0.000000,394.8,72555,964.2,64534,289.4,0.10,0.000070,66604,290.3,6.08,0.004963,89737,313.7,-15.70,-0.019666,466.1,0.055682,304.6,71873,359.3,76331,302.1,72.73,0.055315,74400,300.8,41.86,0.036881,88676,313.0,43.40,0.053836
107.10,0.0015522,0.052284,89444,91572,90560,90749,306.0,107.1,0.000000,404.0,615794,1690.6,96909,325.4,4.44,0.003984,96034,321.9,50.80,0.053964,87805,313.5,63.53,0.077917,647.1,0.000000,1185.8,284678,504.9,113779,340.4,1.45,0.001459,117021,340.5,11.62,0.014204,90442,315.3,-66.18,-0.083132,287.1,-0.000000,483.0,71469,960.2,64581,289.5,0.14,0.000095,66775,290.5,7.18,0.005872,89988,313.9,-13.73,-0.017232,467.1,0.055611,304.5,71752,358.6,76194,302.0,72.74,0.055247,73544,299.8,39.70,0.034690,88870,313.2,44.64,0.055463
108.04,0.0015657,0.052304,89457,91648,90818,90761,306.3,108.0,0.000000,477.2,608556,1686.0,98889,327.2,4.70,0.004271,96515,322.4,49.88,0.053178,88009,313.6,64.17,0.078836,648.0,0.000000,100.0,291274,508.0,114598,341.1,1.61,0.001629,116682,340.2,11.63,0.014191,90641,315.5,-66.95,-0.084216,288.0,-0.000000,270.6,70630,956.9,64639,289.5,0.19,0.000128,66969,290.7,8.22,0.006739,90230,314.2,-11.89,-0.014950,468.0,0.055543,304.4,71651,358.0,76072,301.9,72.70,0.055154,72763,298.9,37.72,0.032708,89056,313.3,45.78,0.056970
109.05,0.0015805,0.052324,89529,91677,91204,90770,306.6,109.1,0.000000,340.7,600896,1681.2,101170,329.4,4.88,0.004514,97006,322.9,48.75,0.052163,88282,313.9,64.90,0.079922,649.1,0.000000,435.1,298762,511.3,115574,341.9,1.76,0.001793,116306,339.9,11.49,0.013993,90899,315.8,-67.51,-0.085091,289.1,0.000000,451.4,69681,953.2,64725,289.6,0.26,0.000174,67216,291.0,9.39,0.007718,90541,314.5,-9.74,-0.012280,469.1,0.055425,304.2,71550,357.4,75936,301.7,72.59,0.054998,71938,297.9,35.64,0.030655,89297,313.5,47.13,0.058772
110.07,0.0015952,0.052340,89709,91675,91602,90772,307.0,110.1,0.000000,228.2,593473,1676.4,103500,331.5,4.92,0.004624,97472,323.3,47.52,0.051018,88609,314.1,65.67,0.081115,650.1,0.000000,264.7,306571,514.8,116610,342.7,1.87,0.001913,115911,339.6,11.18,0.013574,91211,316.1,-67.76,-0.085604,290.1,-0.000000,100.0,68590,948.9,64838,289.8,0.34,0.000231,67490,291.4,10.57,0.008716,90916,314.9,-7.44,-0.009409,470.1,0.055202,304.1,71457,356.8,75791,301.6,72.40,0.054775,71169,297.0,33.75,0.028806,89586,313.7,48.60,0.060771
111.09,0.0016100,0.052347,89932,91669,91986,90768,307.4,111.1,0.000000,575.6,586276,1671.7,105809,333.6,4.80,0.004585,97923,323.8,46.21,0.049767,88957,314.4,66.40,0.082272,651.1,0.000000,159.3,314721,518.3,117671,343.6,1.91,0.001968,115482,339.2,10.67,0.012926,91554,316.5,-67.81,-0.085896,291.1,-0.000000,260.5,67648,945.1,64982,290.0,0.44,0.000297,67782,291.7,11.74,0.009710,91319,315.3,-5.13,-0.006507,471.1,0.054910,303.9,71371,356.2,75643,301.4,72.13,0.054497,70481,296.1,32.14,0.027242,89890,313.9,50.11,0.062827
112.11,0.0016247,0.052348,90062,91653,92286,90759,307.7,112.1,0.000000,1563.1,579298,1667.2,108017,335.6,4.54,0.004395,98369,324.2,44.82,0.048427,89288,314.6,66.98,0.083249,652.1,0.000000,100.0,323229,521.9,118718,344.5,1.88,0.001955,115018,338.8,9.96,0.012034,91886,316.8,-67.79,-0.086075,292.1,0.000000,745.3,66706,941.3,65159,290.2,0.54,0.000366,68077,292.1,12.86,0.010669,91702,315.6,-2.94,-0.003737,472.1,0.054545,303.7,71292,355.7,75481,301.2,71.75,0.054126,69892,295.4,30.88,0.026019,90171,314.0,51.54,0.064795
113.04,0.0016383,0.052345,90173,91621,92461,90747,307.8,113.0,0.000000,343.0,573086,1663.0,109900,337.2,4.19,0.004109,98782,324.6,43.49,0.047127,89541,314.7,67.29,0.083833,653.0,0.000000,1191.1,331361,525.3,119636,345.3,1.81,0.001883,114573,338.5,9.13,0.010998,92139,317.1,-67.81,-0.086267,293.0,-0.000000,138.0,65860,937.9,65348,290.4,0.63,0.000428,68341,292.4,13.82,0.011494,91986,315.9,-1.16,-0.001481,473.0,0.054069,303.5,71222,355.2,75308,301.1,71.25,0.053652,69443,294.9,30.06,0.025214,90372,314.1,52.68,0.066361
114.06,0.0016531,0.052337,90279,91573,92551,90732,307.9,114.1,0.000000,424.7,566503,1658.6,111759,338.9,3.73,0.003707,99246,325.1,41.97,0.045628,89749,314.8,67.35,0.084073,654.1,0.000000,1187.9,340619,529.1,120562,346.0,1.66,0.001746,114080,338.1,8.03,0.009638,92332,317.3,-67.90,-0.086506,294.1,0.000000,391.9,64911,933.9,65582,290.7,0.72,0.000492,68613,292.7,14.76,0.012311,92110,316.0,0.34,0.000428,474.1,0.053398,303.2,71147,354.7,75079,300.8,70.44,0.052925,69050,294.4,29.53,0.024668,90512,314.2,53.70,0.067739
115.08,0.0016679,0.052326,90368,91541,92518,90715,307.9,115.1,0.000000,554.1,560120,1654.3,113382,340.3,3.24,0.003246,99731,325.5,40.37,0.044040,89870,314.8,67.07,0.083831,655.1,0.000000,100.0,350293,532.9,121378,346.7,1.47,0.001554,113592,337.6,6.73,0.008059,92420,317.4,-68.13,-0.086854,295.1,-0.000000,104.8,63957,930.0,65842,291.1,0.81,0.000549,68859,293.0,15.58,0.013026,92154,316.1,1.58,0.002013,475.1,0.052422,302.9,71070,354.2,74797,300.5,69.28,0.051916,68733,294.0,29.29,0.024384,90546,314.2,54.43,0.068686
116.11,0.0016827,0.052313,90426,91509,92426,90699,307.8,116.1,0.000000,3812.4,553934,1650.0,114755,341.4,2.73,0.002757,100246,326.0,38.68,0.042351,89911,314.8,66.49,0.083160,656.1,0.000000,234.0,360401,536.9,122062,347.2,1.24,0.001316,113116,337.2,5.26,0.006282,92425,317.5,-68.62,-0.087471,296.1,-0.000000,204.0,63005,925.9,66123,291.4,0.88,0.000599,69076,293.3,16.26,0.013630,92129,316.1,2.61,0.003333,476.1,0.051118,302.4,70985,353.6,74460,300.1,67.74,0.050593,68511,293.7,29.24,0.024291,90499,314.1,54.96,0.069330
117.04,0.0016963,0.052299,90446,91477,92316,90684,307.7,117.0,0.000000,448.5,548431,1646.2,115796,342.3,2.27,0.002310,100751,326.5,37.03,0.040696,89910,314.7,65.79,0.082289,657.0,0.000000,110.2,370068,540.6,122555,347.6,1.00,0.001066,112696,336.9,3.78,0.004494,92369,317.5,-69.24,-0.088208,297.0,-0.000000,100.0,62154,922.3,66400,291.8,0.94,0.000642,69248,293.5,16.78,0.014089,92060,316.0,3.45,0.004406,477.0,0.049556,302.0,70896,353.2,74107,299.7,65.97,0.049102,68419,293.6,29.61,0.024572,90412,314.0,55.30,0.069714
118.06,0.0017111,0.052284,90440,91432,92164,90669,307.5,118.1,0.000000,276.9,542604,1642.1,116702,343.1,1.80,0.001842,101346,327.1,35.12,0.038750,89891,314.7,64.87,0.081140,658.1,0.000000,406.0,381076,544.7,122936,347.9,0.73,0.000771,112260,336.5,2.01,0.002382,92235,317.4,-69.93,-0.088976,298.1,-0.000000,225.3,61347,918.7,66722,292.2,1.00,0.000689,69410,293.7,17.24,0.014497,91953,315.8,4.27,0.005441,478.1,0.046086,301.5,70764,352.7,73889,299.6,62.55,0.046450,68413,293.6,30.47,0.025281,90285,313.9,55.56,0.069964
119.09,0.0017259,0.052269,90415,91364,91978,90656,307.4,119.1,0.000000,3492.6,536954,1638.1,117389,343.6,1.37,0.001411,102000,327.7,33.04,0.036620,89855,314.6,63.81,0.079792,659.1,0.000000,10824.0,392593,548.9,123150,348.1,0.44,0.000467,111852,336.2,0.09,0.000109,92057,317.3,-70.61,-0.089702,299.1,0.000000,225.4,60389,914.6,67072,292.6,1.08,0.000744,69549,293.9,17.60,0.014824,91829,315.7,4.95,0.006299,479.1,0.045510,300.8,70634,352.2,73297,298.9,60.33,0.044542,68470,293.7,31.59,0.026230,90132,313.8,55.76,0.070124
120.11,0.0017407,0.052256,90381,91279,91773,90643,307.2,120.1,0.000000,185.0,531475,1634.2,117880,344.1,1.00,0.001027,102725,328.4,30.75,0.034263,89803,314.6,62.60,0.078247,660.1,0.000000,100.0,404649,553.2,123197,348.1,0.15,0.000164,111481,335.8,-1.97,-0.002323,91860,317.1,-71.31,-0.090452,300.1,-0.000000,100.0,59573,910.9,67454,293.1,1.17,0.000812,69672,294.0,17.89,0.015088,91668,315.5,5.54,0.007049,480.1,0.041572,300.2,70464,351.7,72974,298.6,56.67,0.041697,68619,293.9,33.12,0.027543,89955,313.7,55.93,0.070228
121.05,0.0017544,0.052246,90347,91165,91564,90634,306.9,121.1,0.000000,151.0,526599,1630.7,118182,344.3,0.70,0.000720,103465,329.1,28.46,0.031866,89747,314.5,61.35,0.076652,661.1,0.000000,294.7,416199,557.2,123120,348.1,-0.07,-0.000073,111178,335.6,-3.98,-0.004691,91653,316.9,-71.92,-0.091066,301.1,0.000000,197.4,58708,907.0,67842,293.6,1.28,0.000890,69775,294.1,18.11,0.015290,91484,315.3,6.07,0.007711,481.1,0.039006,308.1,70287,351.2,72751,298.4,53.09,0.038970,68922,294.2,34.94,0.029150,89776,313.6,56.06,0.070276
122.08,0.0017692,0.052235,90317,91033,91317,90625,306.7,122.1,0.000000,100.0,521417,1626.9,118373,344.5,0.42,0.000435,104365,329.9,25.70,0.028960,89680,314.5,59.82,0.074693,662.1,0.000000,100.0,429373,561.7,122903,347.9,-0.31,-0.000330,110893,335.3,-6.31,-0.007422,91405,316.7,-72.52,-0.091639,302.1,-0.000000,104.1,57883,903.2,68315,294.2,1.42,0.000993,69885,294.3,18.32,0.015482,91248,315.1,6.66,0.008447,482.1,0.038344,298.8,70097,350.7,71981,297.5,50.77,0.036983,69413,294.8,37.41,0.031366,89567,313.4,56.15,0.070263
123.10,0.0017841,0.052226,90292,90908,91073,90619,306.5,123.1,-0.000000,770.5,516221,1622.6,118445,344.5,0.19,0.000200,105366,330.8,22.69,0.025736,89616,314.4,58.09,0.072505,663.1,0.000000,100.0,443180,566.3,122544,347.6,-0.55,-0.000587,110651,335.1,-8.76,-0.010293,91148,316.5,-73.05,-0.092113,303.1,-0.000000,100.0,56911,898.8,68845,294.8,1.58,0.001110,70000,294.4,18.51,0.015657,90989,314.8,7.31,0.009256,483.1,0.034373,298.2,69868,350.1,71595,297.0,47.26,0.034287,69997,295.5,40.19,0.033901,89351,313.3,56.21,0.070191
124.04,0.0017977,0.052219,90275,90791,90860,90615,306.3,124.0,-0.000000,579.4,511592,1618.8,118426,344.5,0.02,0.000023,106362,331.7,19.72,0.022524,89569,314.4,56.36,0.070309,664.0,0.000000,100.0,456422,570.5,122096,347.3,-0.77,-0.000812,110462,335.0,-11.10,-0.013029,90913,316.3,-73.46,-0.092436,304.0,0.000000,170.9,56211,895.5,69382,295.5,1.73,0.001222,70115,294.6,18.67,0.015810,90744,314.5,8.01,0.010118,484.0,0.031980,297.6,69641,349.6,71320,296.8,44.05,0.031873,70555,296.2,42.78,0.036289,89156,313.1,56.23,0.070099
125.07,0.0018126,0.052211,90269,90661,90642,90612,306.1,125.1,0.000000,188.2,506685,1614.7,118328,344.4,-0.13,-0.000137,107511,332.7,16.34,0.018804,89538,314.3,54.30,0.067720,665.1,0.000000,143.4,471540,575.3,121490,346.8,-0.99,-0.001040,110277,334.8,-13.74,-0.016100,90664,316.2,-73.77,-0.092622,305.1,-0.000000,100.0,55263,891.1,70018,296.2,1.87,0.001334,70257,294.7,18.84,0.015978,90483,314.3,8.90,0.011224,485.1,0.031299,296.9,69397,349.1,70672,296.0,42.02,0.030206,71150,296.9,45.48,0.038813,88958,313.0,56.24,0.069982
126.10,0.0018275,0.052204,90268,90536,90439,90611,305.9,126.1,0.000000,166.7,501922,1610.6,118179,344.3,-0.24,-0.000245,108685,333.8,12.91,0.014972,89527,314.3,52.07,0.064943,666.1,0.000000,260.6,487397,580.2,120770,346.2,-1.19,-0.001249,110097,334.6,-16.42,-0.019228,90429,316.0,-73.91,-0.092613,306.1,-0.000000,361.3,54485,887.3,70693,297.0,1.98,0.001420,70424,294.9,19.00,0.016142,90233,314.0,9.94,0.012510,486.1,0.028135,296.4,69127,348.6,70401,295.7,39.15,0.028058,71711,297.6,48.00,0.041195,88776,312.9,56.24,0.069855
127.04,0.0018412,0.052197,90270,90427,90269,90611,305.7,127.0,0.000000,323.5,497678,1607.0,118008,344.2,-0.31,-0.000319,109738,334.7,9.83,0.011480,89533,314.3,49.92,0.062268,667.0,0.000000,637.7,502612,584.8,120020,345.6,-1.36,-0.001424,109919,334.5,-18.91,-0.022111,90225,315.9,-73.91,-0.092441,307.0,-0.000000,318.7,53820,883.9,71324,297.8,2.02,0.001458,70601,295.1,19.15,0.016297,90013,313.8,11.02,0.013846,487.0,0.027662,295.9,68886,348.1,69944,295.2,37.70,0.026896,72197,298.1,50.14,0.043244,88621,312.8,56.22,0.069734
128.07,0.0018561,0.052190,90280,90313,90103,90612,305.5,128.1,-0.000000,726.6,493175,1603.1,117794,344.0,-0.37,-0.000378,110816,335.6,6.65,0.007825,89546,314.3,47.55,0.059319,668.1,0.000000,518.5,519990,589.9,119113,344.8,-1.54,-0.001599,109687,334.3,-21.61,-0.025229,90013,315.7,-73.81,-0.092155,308.1,0.000000,592.5,52923,879.6,72005,298.6,2.00,0.001452,70820,295.4,19.31,0.016476,89782,313.5,12.35,0.015480,488.1,0.026340,295.4,68620,347.6,69590,294.7,36.34,0.025829,72705,298.7,52.32,0.045344,88460,312.7,56.21,0.069612
129.10,0.0018710,0.052182,90307,90213,89956,90613,305.4,129.1,-0.000000,357.3,488799,1599.3,117559,343.8,-0.41,-0.000424,111783,336.5,3.76,0.004445,89549,314.2,45.24,0.056451,669.1,0.000000,1283.2,538223,595.1,118122,344.0,-1.70,-0.001757,109395,334.0,-24.26,-0.028271,89823,315.5,-73.65,-0.091800,309.1,0.000000,100.0,52182,875.8,72654,299.4,1.91,0.001395,71063,295.7,19.48,0.016658,89567,313.3,13.82,0.017298,489.1,0.025430,295.0,68357,347.1,69309,294.4,35.30,0.025016,73204,299.3,54.32,0.047312,88313,312.7,56.20,0.069512
130.04,0.0018847,0.052173,90358,90149,89834,90615,305.3,130.0,0.000000,100.0,484893,1595.8,117329,343.6,-0.44,-0.000453,112548,337.1,1.39,0.001658,89541,314.2,43.21,0.053926,670.0,0.000000,183.1,555728,599.9,117149,343.2,-1.84,-0.001886,109056,333.7,-26.62,-0.030954,89667,315.4,-73.45,-0.091428,310.0,-0.000000,100.0,51403,871.9,73203,300.0,1.78,0.001304,71308,296.0,19.62,0.016822,89385,313.1,15.28,0.019102,490.0,0.024907,294.7,68123,346.6,69102,294.1,34.71,0.024547,73666,299.8,56.01,0.049003,88190,312.6,56.21,0.069438
131.07,0.0018996,0.052162,90437,90120,89714,90617,305.1,131.1,0.000000,100.0,480740,1592.1,117069,343.4,-0.46,-0.000474,113236,337.7,-0.83,-0.000991,89512,314.1,41.13,0.051327,671.1,0.000000,122.5,575735,605.4,116028,342.2,-1.97,-0.002009,108596,333.3,-29.09,-0.033732,89514,315.3,-73.18,-0.090968,311.1,0.000000,262.9,50532,867.5,73739,300.6,1.59,0.001173,71593,296.3,19.76,0.016985,89200,312.9,16.97,0.021190,491.1,0.024725,294.4,67879,346.2,68935,294.0,34.60,0.024426,74183,300.4,57.68,0.050724,88068,312.5,56.22,0.069369
132.10,0.0019145,0.052147,90540,90155,89604,90618,305.0,132.1,0.000000,686.5,476695,1588.5,116805,343.2,-0.47,-0.000486,113765,338.2,-2.68,-0.003206,89450,314.0,39.23,0.048935,672.1,0.000000,100.0,596740,610.9,114856,341.2,-2.08,-0.002110,108037,332.8,-31.45,-0.036331,89365,315.2,-72.82,-0.090398,312.1,0.000000,361.4,49818,863.8,74204,301.2,1.38,0.001025,71893,296.7,19.86,0.017128,89030,312.7,18.75,0.023376,492.1,0.024837,294.1,67650,345.7,68806,293.8,35.06,0.024721,74718,301.0,59.17,0.052304,87959,312.4,56.22,0.069309
133.04,0.0019282,0.052130,90660,90161,89513,90619,304.9,133.0,-0.000000,1168.1,473075,1585.2,116560,342.9,-0.48,-0.000493,114118,338.5,-4.05,-0.004861,89384,313.8,37.65,0.046948,673.0,0.000000,100.0,616918,616.0,113748,340.3,-2.17,-0.002183,107437,332.2,-33.50,-0.038545,89241,315.2,-72.43,-0.089800,313.0,-0.000000,280.3,49065,859.8,74566,301.6,1.19,0.000885,72175,297.0,19.93,0.017235,88886,312.5,20.43,0.025446,493.0,0.025300,293.9,67457,345.3,68745,293.7,35.98,0.025349,75227,301.6,60.36,0.053619,87869,312.3,56.23,0.069265
134.07,0.0019431,0.052106,90809,90149,89430,90618,304.8,134.1,0.000000,167.2,469219,1581.6,116289,342.7,-0.49,-0.000501,114376,338.7,-5.23,-0.006291,89308,313.7,36.16,0.045078,674.1,0.000000,100.0,639983,621.8,112516,339.2,-2.25,-0.002242,106694,331.6,-35.60,-0.040770,89119,315.1,-71.92,-0.089067,314.1,-0.000000,100.0,48350,856.0,74898,302.0,0.99,0.000741,72487,297.4,19.92,0.017277,88741,312.3,22.31,0.027763,494.1,0.026144,293.8,67270,344.9,68768,293.8,37.58,0.026486,75801,302.2,61.46,0.054897,87781,312.3,56.25,0.069234
135.10,0.0019580,0.052078,90958,90136,89363,90615,304.8,135.1,-0.000000,787.1,465456,1578.2,116014,342.5,-0.50,-0.000510,114533,338.8,-6.14,-0.007391,89224,313.5,34.96,0.043564,675.1,0.000000,788.2,664188,627.6,111270,338.2,-2.30,-0.002280,105868,330.8,-37.58,-0.042791,89011,315.1,-71.34,-0.088246,315.1,-0.000000,307.9,48314,854.9,75172,302.3,0.82,0.000615,72798,297.7,19.80,0.017223,88609,312.1,24.24,0.030130,495.1,0.027569,293.8,67113,344.6,68850,293.9,39.84,0.028102,76391,302.9,62.35,0.056006,87705,312.2,56.28,0.069229
136.04,0.0019717,0.052047,91110,90119,89331,90610,304.7,136.0,0.000000,100.0,462083,1575.0,115756,342.3,-0.51,-0.000520,114612,338.9,-6.77,-0.008158,89147,313.3,34.13,0.042518,676.0,0.000000,329.0,687425,633.1,110124,337.2,-2.34,-0.002301,105045,330.1,-39.26,-0.044465,88929,315.0,-70.72,-0.087403,316.0,-0.000000,169.7,49427,858.7,75383,302.5,0.69,0.000521,73080,298.1,19.57,0.017074,88501,312.0,26.05,0.032353,496.0,0.029411,294.0,67001,344.3,69008,294.1,42.58,0.030079,76940,303.5,63.00,0.056881,87648,312.1,56.33,0.069263
137.07,0.0019865,0.052007,91336,90092,89341,90602,304.8,137.1,-0.000000,100.0,458481,1571.6,115469,342.0,-0.52,-0.000532,114649,338.9,-7.29,-0.008788,89074,313.1,33.55,0.041781,677.1,0.000000,206.5,713974,639.2,108875,336.1,-2.37,-0.002310,104087,329.2,-40.97,-0.046094,88863,315.0,-69.91,-0.086344,317.1,0.000000,885.8,52194,869.3,75583,302.8,0.59,0.000444,73387,298.4,19.19,0.016789,88408,311.8,28.08,0.034866,497.1,0.031765,294.3,66920,344.0,69268,294.4,46.22,0.032740,77538,304.1,63.54,0.057694,87608,312.0,56.43,0.069372
138.10,0.0020014,0.051959,91574,90047,89433,90589,304.8,138.1,0.000000,100.0,454954,1568.3,115176,341.8,-0.54,-0.000543,114659,338.9,-7.66,-0.009227,89036,313.0,33.35,0.041541,678.1,0.000000,508.5,741831,645.3,107633,335.0,-2.39,-0.002311,103077,328.3,-42.53,-0.047518,88843,315.1,-68.83,-0.084979,318.1,0.000000,100.0,56356,885.6,75765,303.0,0.53,0.000397,73694,298.8,18.65,0.016367,88356,311.7,30.25,0.037554,498.1,0.034629,294.8,66884,343.7,69591,294.8,50.31,0.035754,78127,304.8,63.95,0.058382,87607,311.9,56.62,0.069624
139.04,0.0020150,0.051907,91780,89990,89473,90573,304.9,139.0,-0.000000,313.7,451783,1565.2,114903,341.5,-0.55,-0.000552,114651,338.9,-7.83,-0.009437,89024,312.8,33.46,0.041684,679.0,0.000000,100.0,768571,651.1,106500,334.0,-2.40,-0.002308,102113,327.4,-43.83,-0.048646,88868,315.1,-67.68,-0.083568,319.0,0.000000,203.1,60657,901.9,75926,303.2,0.50,0.000377,73983,299.1,18.02,0.015856,88334,311.5,32.29,0.040093,499.0,0.037567,295.4,66894,343.5,69921,295.2,54.19,0.038640,78651,305.3,64.23,0.058922,87627,311.9,56.85,0.069945
140.06,0.0020299,0.051845,91951,89917,89477,90550,304.9,140.1,0.000000,316.4,448385,1561.9,114603,341.3,-0.55,-0.000559,114619,338.8,-7.85,-0.009456,88998,312.7,33.63,0.041914,680.1,0.000000,588.1,799119,657.5,105272,332.9,-2.42,-0.002304,101030,326.4,-45.11,-0.049684,88904,315.2,-66.47,-0.082088,320.1,-0.000000,100.0,65751,920.0,76109,303.4,0.51,0.000382,74309,299.5,17.19,0.015172,88297,311.4,34.42,0.042734,500.1,0.040478,296.2,66950,343.4,70277,295.7,58.24,0.041671,79200,305.9,64.46,0.059437,87638,311.7,57.07,0.070249
141.09,0.0020447,0.051778,92063,89839,89473,90524,304.9,141.1,0.000000,195.6,445045,1558.7,114301,341.0,-0.56,-0.000563,114572,338.8,-7.75,-0.009337,88959,312.5,33.84,0.042188,681.1,0.000000,167.5,831174,664.0,104047,331.7,-2.44,-0.002304,99922,325.3,-46.23,-0.050528,88928,315.2,-65.29,-0.080646,321.1,0.000000,648.4,71326,938.4,76307,303.6,0.54,0.000408,74650,299.9,16.22,0.014371,88245,311.2,36.43,0.045232,501.1,0.043290,297.0,67051,343.3,70638,296.1,61.95,0.044490,79719,306.4,64.66,0.059901,87633,311.6,57.26,0.070508
142.11,0.0020595,0.051710,92094,89764,89455,90493,304.8,142.1,-0.000000,155.8,441753,1555.5,114000,340.8,-0.56,-0.000564,114517,338.8,-7.52,-0.009056,88907,312.3,34.11,0.042518,682.1,0.000000,100.0,864803,670.6,102823,330.6,-2.47,-0.002311,98798,324.3,-47.21,-0.051184,88937,315.3,-64.14,-0.079225,322.1,-0.000000,513.9,77025,955.8,76528,303.9,0.59,0.000451,75006,300.3,15.17,0.013484,88177,311.0,38.34,0.047595,502.1,0.045876,297.8,67193,343.2,71020,296.6,65.32,0.047091,80203,306.9,64.84,0.060338,87615,311.4,57.42,0.070733
143.05,0.0020731,0.051648,92048,89705,89423,90461,304.8,143.0,-0.000000,100.0,438774,1552.5,113726,340.5,-0.56,-0.000563,114465,338.7,-7.22,-0.008694,88846,312.1,34.39,0.042867,683.0,0.000000,100.0,897059,676.7,101696,329.6,-2.50,-0.002325,97760,323.3,-47.98,-0.051625,88932,315.3,-63.11,-0.077942,323.0,0.000020,304.5,82488,971.2,76747,304.1,0.66,0.000501,75343,300.7,14.17,0.012633,88103,310.8,40.00,0.049640,503.0,0.048157,298.5,67357,343.2,71389,297.0,68.12,0.049285,80615,307.4,65.02,0.060735,87588,311.3,57.56,0.070910
144.07,0.0020879,0.051583,91964,89664,89360,90422,304.7,144.1,-0.000000,240.0,435562,1549.3,113428,340.3,-0.56,-0.000560,114413,338.7,-6.83,-0.008214,88764,311.8,34.72,0.043276,684.1,0.000000,100.0,933869,683.5,100459,328.4,-2.55,-0.002349,96628,322.2,-48.67,-0.051942,88908,315.3,-62.03,-0.076585,324.1,0.000120,304.9,88261,986.1,76979,304.4,0.76,0.000578,75717,301.1,13.09,0.011710,88005,310.6,41.69,0.051722,504.1,0.050247,299.3,67570,343.2,71811,297.6,70.85,0.051476,81032,307.8,65.29,0.061221,87542,311.1,57.67,0.071056
145.09,0.0021027,0.051524,91863,89617,89273,90380,304.7,145.1,0.000000,601.1,432383,1546.2,113135,340.0,-0.55,-0.000554,114373,338.6,-6.37,-0.007660,88669,311.6,35.05,0.043677,685.1,0.000000,350.7,972438,690.4,99206,327.3,-2.61,-0.002383,95502,321.1,-49.23,-0.052098,88862,315.3,-61.01,-0.075298,325.1,0.000125,305.2,93980,999.8,77250,304.7,0.86,0.000659,76091,301.6,12.08,0.010850,87884,310.4,43.26,0.053639,505.1,0.052242,300.1,67816,343.3,72253,298.1,73.28,0.053470,81406,308.1,65.72,0.061832,87478,310.9,57.75,0.071142
146.11,0.0021175,0.051468,91735,89554,89170,90335,304.5,146.1,-0.000000,1576.8,429234,1543.0,112846,339.8,-0.55,-0.000546,114346,338.6,-5.85,-0.007038,88565,311.3,35.35,0.044037,686.1,0.000000,100.0,1012829,697.4,97936,326.1,-2.68,-0.002425,94389,320.1,-49.65,-0.052105,88795,315.2,-60.07,-0.074083,326.1,0.000110,305.5,99408,1011.7,77559,305.0,0.94,0.000723,76461,302.0,11.22,0.010112,87744,310.1,44.72,0.055401,506.1,0.054057,301.0,68093,343.4,72710,298.7,75.42,0.055277,81733,308.5,66.30,0.062566,87397,310.7,57.79,0.071172
147.05,0.0021311,0.051423,91601,89498,89068,90291,304.4,147.0,0.000000,395.7,426367,1540.1,112588,339.6,-0.54,-0.000536,114340,338.6,-5.32,-0.006402,88467,311.1,35.60,0.044322,687.0,0.000000,100.0,1051509,703.8,96753,324.9,-2.75,-0.002468,93384,319.1,-49.92,-0.051993,88718,315.2,-59.24,-0.073019,327.0,0.000065,305.8,104059,1021.3,77871,305.4,0.97,0.000747,76794,302.3,10.60,0.009577,87603,309.9,45.97,0.056901,507.0,0.055638,301.7,68373,343.5,73142,299.2,77.15,0.056779,82004,308.7,66.96,0.063338,87310,310.5,57.80,0.071163
148.06,0.0021459,0.051380,91445,89434,88956,90240,304.3,148.1,0.000000,100.0,423257,1537.0,112313,339.3,-0.52,-0.000522,114370,338.6,-4.68,-0.005634,88358,310.8,35.82,0.044585,688.1,0.000000,190.1,1095562,711.0,95442,323.7,-2.84,-0.002517,92310,318.0,-50.10,-0.051753,88625,315.1,-58.38,-0.071896,328.1,-0.000003,938.2,108801,1030.4,78230,305.8,0.93,0.000713,77153,302.8,10.12,0.009177,87441,309.6,47.26,0.058438,508.1,0.057068,302.5,68704,343.7,73621,299.8,78.79,0.058257,82288,309.0,67.82,0.064324,87206,310.3,57.81,0.071133
149.08,0.0021606,0.051343,91274,89367,88848,90187,304.2,149.1,-0.000000,225.9,420159,1533.8,112050,339.1,-0.51,-0.000503,114435,338.7,-3.96,-0.004762,88257,310.6,35.99,0.044779,689.1,0.000000,286.8,1141598,718.2,94112,322.4,-2.92,-0.002565,91264,317.0,-50.17,-0.051405,88528,315.0,-57.54,-0.070802,329.1,-0.000056,936.3,112807,1037.5,78602,306.3,0.79,0.000607,77518,303.2,9.89,0.008998,87278,309.4,48.48,0.059892,509.1,0.058408,303.3,69060,343.9,74108,300.3,80.20,0.059573,82572,309.2,68.89,0.065502,87096,310.1,57.81,0.071099
150.10,0.0021754,0.051313,91090,89297,88750,90131,304.1,150.1,0.000000,209.3,417065,1530.6,111802,338.9,-0.48,-0.000476,114539,338.7,-3.13,-0.003774,88171,310.4,36.09,0.044885,690.1,0.000000,100.0,1189659,725.5,92766,321.0,-3.00,-0.002608,90248,316.0,-50.14,-0.050963,88435,314.9,-56.71,-0.069724,330.1,-0.000125,934.5,116474,1043.5,78983,306.9,0.55,0.000427,77907,303.6,9.93,0.009068,87119,309.1,49.66,0.061282,510.1,0.059597,304.0,69439,344.1,74598,300.9,81.38,0.060733,82867,309.5,70.18,0.066912,86986,309.9,57.83,0.071081
151.04,0.0021889,0.051291,90921,89236,88668,90077,304.0,151.0,0.000000,100.0,414232,1527.7,111593,338.7,-0.45,-0.000443,114669,338.9,-2.30,-0.002771,88103,310.2,36.12,0.044913,691.0,0.000000,120.4,1235512,732.2,91523,319.8,-3.06,-0.002640,89344,315.1,-50.03,-0.050487,88357,314.9,-55.96,-0.068753,331.0,-0.000213,932.9,119348,1047.7,79330,307.5,0.24,0.000186,78287,304.0,10.20,0.009348,86981,308.9,50.70,0.062504,511.0,0.060600,304.7,69805,344.3,75048,301.5,82.28,0.061664,83157,309.8,71.58,0.068422,86888,309.7,57.86,0.071086
152.05,0.0022037,0.051275,90745,89178,88590,90017,304.0,152.1,-0.000000,100.0,411144,1524.6,111392,338.5,-0.40,-0.000395,114846,339.0,-1.30,-0.001566,88045,310.0,36.06,0.044846,692.1,0.000000,236.5,1287558,740.8,90161,318.4,-3.13,-0.002665,88389,314.1,-49.83,-0.049901,88281,314.8,-55.15,-0.067716,332.1,-0.000325,931.4,122166,1051.6,79699,308.4,-0.21,-0.000164,78743,304.5,10.77,0.009909,86842,308.7,51.78,0.063781,512.1,0.059164,317.9,70198,344.6,76109,302.8,81.14,0.061397,83474,310.1,73.29,0.070264,86785,309.5,57.92,0.071122
153.07,0.0022184,0.051265,90577,89128,88525,89954,303.9,153.1,0.000000,100.0,408055,1521.4,111224,338.4,-0.34,-0.000335,115053,339.2,-0.21,-0.000259,87994,309.8,35.90,0.044641,693.1,0.000000,1157.3,1342439,748.7,88801,317.1,-3.18,-0.002678,87469,313.2,-49.55,-0.049245,88218,314.7,-54.35,-0.066705,333.1,-0.000468,930.2,124539,1054.4,80054,309.4,-0.78,-0.000605,79263,305.1,11.64,0.010761,86716,308.5,52.82,0.065005,513.1,0.062131,306.2,70633,344.9,76427,303.2,82.44,0.062566,83766,310.3,75.14,0.072228,86689,309.3,58.01,0.071199
154.09,0.0022332,0.051261,90418,89093,88469,89889,303.8,154.1,-0.000000,1013.9,404966,1518.2,111097,338.3,-0.27,-0.000262,115285,339.4,0.92,0.001116,87954,309.7,35.63,0.044308,694.1,0.000000,407.6,1401439,757.8,87450,315.7,-3.21,-0.002679,86572,312.2,-49.19,-0.048527,88170,314.7,-53.58,-0.065740,334.1,-0.000641,929.0,126264,1055.8,80394,310.6,-1.45,-0.001131,79869,305.8,12.84,0.011935,86603,308.3,53.80,0.066168,514.1,0.062503,307.0,71082,345.2,76824,303.6,83.26,0.063416,84003,310.5,77.04,0.074217,86600,309.1,58.13,0.071317
155.10,0.0022479,0.051263,90269,89072,88424,89823,303.8,155.1,-0.000000,895.0,401869,1515.0,111014,338.2,-0.18,-0.000180,115516,339.6,2.06,0.002498,87936,309.5,35.27,0.043868,695.1,0.000000,100.0,1465969,768.5,86113,314.3,-3.23,-0.002666,85695,311.3,-48.76,-0.047762,88134,314.6,-52.87,-0.064843,335.1,-0.000845,927.9,127305,1055.8,80722,312.1,-2.23,-0.001738,80567,306.5,14.36,0.013434,86503,308.2,54.73,0.067267,515.1,0.060614,307.8,71521,345.5,77706,304.7,82.28,0.063168,84136,310.6,78.92,0.076125,86518,308.9,58.28,0.071475
156.03,0.0022614,0.051270,90140,89060,88397,89760,303.7,156.0,-0.000000,443.0,399021,1512.0,110981,338.2,-0.10,-0.000097,115701,339.7,3.04,0.003693,87946,309.4,34.84,0.043361,696.0,0.000000,100.0,1531244,780.5,84906,313.0,-3.24,-0.002642,84917,310.5,-48.34,-0.047040,88115,314.6,-52.26,-0.064091,336.0,-0.001070,927.1,127797,1054.9,81019,313.7,-3.03,-0.002357,81273,307.3,15.97,0.015032,86423,308.0,55.54,0.068227,516.0,0.063129,308.4,71956,345.8,78033,305.1,82.95,0.063873,84179,310.6,80.58,0.077766,86450,308.7,58.44,0.071659
157.05,0.0022761,0.051281,90008,89055,88396,89691,303.7,157.0,-0.000000,148.9,395900,1508.7,110990,338.2,-0.01,-0.000009,115852,339.9,4.00,0.004853,87987,309.4,34.26,0.042661,697.0,0.000000,100.0,1610622,796.3,83617,311.7,-3.23,-0.002606,84090,309.7,-47.83,-0.046222,88114,314.5,-51.64,-0.063341,337.0,-0.001325,926.5,127770,1052.9,81349,315.8,-3.99,-0.003093,82083,308.2,17.82,0.016885,86353,307.9,56.39,0.069250,517.0,0.061010,309.2,72416,346.1,78908,306.2,81.84,0.063500,84153,310.5,82.26,0.079388,86388,308.5,58.66,0.071919
158.06,0.0022907,0.051297,89882,89083,88427,89620,303.8,158.1,0.000000,497.6,392768,1505.5,111042,338.2,0.08,0.000077,115941,339.9,4.81,0.005838,88064,309.3,33.53,0.041794,698.1,0.000000,480.8,1700163,815.6,82360,310.3,-3.20,-0.002556,83277,308.8,-47.26,-0.045350,88144,314.5,-51.06,-0.062650,338.1,-0.001625,926.2,127474,1050.2,81699,318.4,-5.03,-0.003885,82889,309.0,19.58,0.018691,86306,307.8,57.24,0.070273,518.1,0.063443,309.9,72913,346.5,79265,306.6,82.49,0.064212,84066,310.4,83.76,0.080790,86343,308.4,58.94,0.072259
159.07,0.0023054,0.051318,89761,89135,88486,89548,303.8,159.1,-0.000000,398.8,389628,1502.2,111145,338.3,0.17,0.000172,115981,340.0,5.50,0.006678,88178,309.3,32.64,0.040736,699.1,0.000000,225.6,1801566,838.9,81141,309.0,-3.16,-0.002498,82476,308.0,-46.61,-0.044420,88218,314.6,-50.53,-0.062049,339.1,-0.001958,925.7,127247,1047.7,82084,321.5,-6.14,-0.004723,83653,309.8,21.15,0.020318,86284,307.8,58.08,0.071299,519.1,0.061250,310.7,73395,346.9,80137,307.6,81.46,0.063887,83926,310.2,85.03,0.081931,86319,308.3,59.31,0.072720
160.08,0.0023200,0.051342,89641,89189,88578,89475,303.9,160.1,-0.000000,100.0,386484,1498.9,111296,338.4,0.27,0.000263,115984,340.0,6.03,0.007324,88326,309.4,31.59,0.039486,700.1,0.000000,100.0,1916522,866.6,79963,307.7,-3.11,-0.002430,81688,307.1,-45.89,-0.043429,88330,314.6,-50.10,-0.061592,340.1,-0.002337,924.9,127965,1046.9,82527,325.1,-7.36,-0.005622,84352,310.6,22.44,0.021684,86289,307.7,58.91,0.072331,520.1,0.061328,311.4,73888,347.3,81133,308.8,80.29,0.063513,83745,309.9,86.05,0.082799,86320,308.2,59.79,0.073334
161.09,0.0023347,0.051371,89519,89226,88702,89402,304.0,161.1,0.000000,100.0,383332,1495.5,111490,338.6,0.35,0.000350,115889,339.9,6.38,0.007741,88507,309.5,30.39,0.038057,701.1,0.000000,255.3,2046674,899.2,78830,306.5,-3.04,-0.002354,80916,306.3,-45.08,-0.042372,88476,314.7,-49.81,-0.061317,341.1,-0.002756,924.8,127596,1044.0,83039,329.5,-8.67,-0.006575,84980,311.2,23.40,0.022736,86322,307.7,59.74,0.073374,521.1,0.063938,312.2,74420,347.7,81455,309.1,81.33,0.064520,83538,309.7,86.82,0.083407,86347,308.1,60.37,0.074076
162.10,0.0023493,0.051404,89399,89243,88843,89328,304.2,162.1,0.000000,110.2,380167,1492.2,111733,338.8,0.45,0.000442,115709,339.7,6.55,0.007943,88717,309.6,29.05,0.036455,702.1,0.000000,429.4,2193555,936.9,77745,305.2,-2.96,-0.002270,80160,305.5,-44.17,-0.041242,88648,314.8,-49.68,-0.061246,342.1,-0.003209,925.0,126961,1040.5,83631,334.6,-10.06,-0.007567,85536,311.8,24.02,0.023449,86385,307.8,60.54,0.074400,522.1,0.061824,313.2,74938,348.1,82464,310.2,80.42,0.064351,83318,309.4,87.35,0.083777,86397,308.1,61.02,0.074914
163.11,0.0023639,0.051440,89282,89240,89002,89254,304.3,163.1,-0.000000,100.0,376983,1488.8,112034,339.1,0.55,0.000550,115483,339.6,6.59,0.007979,88945,309.7,27.58,0.034684,703.1,0.000000,100.0,2358523,980.0,76711,304.1,-2.87,-0.002178,79425,304.7,-43.15,-0.040028,88836,315.0,-49.72,-0.061402,343.1,-0.003695,925.5,125986,1036.4,84314,340.5,-11.52,-0.008585,86022,312.3,24.30,0.023813,86481,307.9,61.31,0.075406,523.1,0.064521,313.9,75497,348.6,82922,310.7,81.55,0.065516,83100,309.1,87.68,0.083949,86465,308.1,61.71,0.075817
164.03,0.0023773,0.051477,89182,89213,89193,89187,304.5,164.0,0.000000,119.6,374047,1485.6,112374,339.4,0.67,0.000672,115242,339.4,6.57,0.007947,89173,309.9,26.17,0.032970,704.0,0.000000,716.7,2526548,1024.3,75809,303.1,-2.77,-0.002088,78772,304.0,-42.12,-0.038835,89027,315.2,-49.87,-0.061683,344.0,-0.004188,926.3,124902,1032.3,85031,346.8,-12.91,-0.009526,86426,312.8,24.34,0.023934,86593,308.0,62.01,0.076328,524.0,0.062338,314.8,75998,349.0,83929,311.9,80.79,0.065452,82914,308.8,87.82,0.083964,86555,308.2,62.40,0.076726
165.04,0.0023919,0.051520,89090,89182,89436,89113,304.8,165.0,0.000000,279.5,370120,1481.6,112829,339.8,0.83,0.000834,114942,339.1,6.40,0.007728,89450,310.1,24.61,0.031078,705.0,0.000000,111.5,2728871,1077.9,74875,302.0,-2.66,-0.001987,78086,303.2,-40.86,-0.037440,89281,315.4,-50.14,-0.062149,345.0,-0.004711,927.4,123770,1027.8,85931,354.6,-14.45,-0.010542,86840,313.2,24.12,0.023795,86745,308.2,62.78,0.077374,525.0,0.062961,315.8,76562,349.5,85095,313.2,80.01,0.065453,82742,308.6,87.78,0.083821,86690,308.3,63.23,0.077838
166.05,0.0024065,0.051566,89035,89162,89683,89040,305.0,166.1,-0.000000,144.3,365950,1477.3,113385,340.2,1.01,0.001018,114595,338.8,6.07,0.007310,89742,310.3,23.02,0.029145,706.1,0.000000,281.4,2951410,1137.0,73995,301.0,-2.55,-0.001884,77431,302.5,-39.47,-0.035945,89571,315.6,-50.63,-0.062913,346.1,-0.005273,929.2,121879,1021.8,86965,363.6,-16.00,-0.011521,87207,313.6,23.67,0.023427,86916,308.4,63.55,0.078425,526.1,0.065904,316.7,77170,350.0,85541,313.6,81.31,0.066774,82613,308.4,87.66,0.083625,86844,308.5,64.12,0.079030
167.06,0.0024212,0.051613,88969,89150,89907,88968,305.2,167.1,-0.000000,516.8,361711,1472.9,114039,340.8,1.19,0.001202,114204,338.5,5.60,0.006723,90032,310.6,21.36,0.027112,707.1,0.000000,416.7,3194051,1201.2,73165,300.0,-2.43,-0.001782,76809,301.8,-37.94,-0.034354,89870,315.8,-51.44,-0.064091,347.1,-0.005887,930.7,122302,1020.2,88178,373.9,-17.58,-0.012483,87540,313.9,23.05,0.022871,87089,308.6,64.27,0.079412,527.1,0.063877,317.8,77769,350.5,86624,314.8,80.59,0.066768,82532,308.3,87.47,0.083394,86995,308.7,65.02,0.080234
168.07,0.0024358,0.051662,88862,89147,90095,88898,305.4,168.1,0.000000,184.8,357414,1468.5,114771,341.4,1.34,0.001358,113782,338.1,5.00,0.005994,90309,310.8,19.56,0.024885,708.1,0.000000,874.0,3456127,1270.3,72385,299.1,-2.31,-0.001682,76222,301.2,-36.28,-0.032674,90143,316.1,-52.63,-0.065722,348.1,-0.006580,932.6,122985,1019.1,89626,385.6,-19.21,-0.013442,87854,314.2,22.30,0.022183,87249,308.8,64.89,0.080260,528.1,0.064112,318.7,78383,351.1,87739,316.0,79.73,0.066644,82501,308.2,87.19,0.083103,87131,308.9,65.87,0.081360
169.08,0.0024505,0.051715,88749,89151,90237,88832,305.5,169.1,-0.000000,453.4,353055,1463.9,115553,342.1,1.44,0.001460,113350,337.8,4.30,0.005135,90574,311.0,17.53,0.022357,709.1,0.000000,395.1,3736420,1343.9,71652,298.2,-2.19,-0.001587,75667,300.6,-34.52,-0.030921,90387,316.2,-54.15,-0.067771,349.1,-0.007329,935.3,123887,1018.5,91347,398.9,-20.87,-0.014386,88166,314.6,21.47,0.021409,87384,309.1,65.37,0.080926,529.1,0.066845,319.6,79040,351.6,88139,316.4,80.51,0.067522,82503,308.2,86.67,0.082622,87240,309.1,66.64,0.082362
170.10,0.0024652,0.051771,88628,89170,90326,88769,305.6,170.1,-0.000000,100.0,348639,1459.3,116331,342.7,1.44,0.001474,112912,337.4,3.50,0.004172,90841,311.3,15.13,0.019335,710.1,0.000000,731.8,4033101,1421.4,70961,297.4,-2.08,-0.001497,75141,300.0,-32.67,-0.029117,90581,316.4,-55.97,-0.070167,350.1,-0.008115,938.9,124361,1017.1,93338,414.0,-22.58,-0.015324,88492,314.9,20.60,0.020596,87494,309.3,65.70,0.081376,530.1,0.064253,320.4,79682,352.2,89116,317.4,79.46,0.067156,82552,308.2,85.97,0.082004,87320,309.3,67.31,0.083204
171.11,0.0024799,0.051832,88496,89207,90404,88712,305.7,171.1,0.000000,153.2,344166,1454.5,117064,343.4,1.37,0.001405,112474,337.0,2.63,0.003121,91135,311.6,12.19,0.015614,711.1,0.000000,1155.1,4343743,1502.2,70310,296.6,-1.98,-0.001413,74638,299.4,-30.76,-0.027286,90706,316.4,-57.91,-0.072697,351.1,-0.008933,943.2,124453,1015.0,95550,430.9,-24.41,-0.016294,88846,315.3,19.72,0.019777,87582,309.5,65.89,0.081630,531.1,0.063981,321.2,80334,352.8,90025,318.4,78.15,0.066520,82650,308.3,85.14,0.081292,87375,309.5,67.89,0.083918
172.04,0.0024934,0.051891,88360,89251,90478,88665,305.8,172.0,0.000000,234.5,340026,1450.1,117660,343.9,1.23,0.001271,112075,336.7,1.76,0.002085,91457,311.9,8.88,0.011396,712.0,0.000000,227.5,4638241,1578.7,69746,295.9,-1.89,-0.001342,74191,298.9,-29.00,-0.025610,90767,316.4,-59.64,-0.074922,352.0,-0.009746,947.5,124050,1012.2,97711,447.9,-26.23,-0.017224,89206,315.6,18.93,0.019036,87654,309.8,65.98,0.081749,532.0,0.063214,321.9,80935,353.3,90853,319.3,76.59,0.065606,82790,308.4,84.30,0.080601,87411,309.7,68.40,0.084529
173.06,0.0025081,0.051961,88196,89306,90557,88620,305.9,173.1,-0.000000,100.0,335487,1445.3,118200,344.3,1.03,0.001068,111644,336.3,0.74,0.000875,91890,312.3,4.38,0.005646,713.1,0.000000,100.0,4966903,1664.1,69162,295.2,-1.80,-0.001270,73713,298.4,-27.09,-0.023815,90769,316.3,-61.30,-0.077040,353.1,-0.010580,952.6,123056,1008.2,100134,468.3,-28.39,-0.018271,89650,316.1,18.07,0.018242,87735,310.0,66.05,0.081844,533.1,0.062658,322.6,81597,353.9,91627,320.1,74.89,0.064539,82978,308.5,83.30,0.079781,87445,309.9,68.96,0.085187
174.08,0.0025229,0.052035,88022,89359,90706,88584,306.0,174.1,-0.000000,258.0,330929,1440.3,118606,344.6,0.80,0.000826,111223,335.9,-0.35,-0.000417,92159,312.6,-1.80,-0.002326,714.1,0.000000,168.1,5299336,1750.8,68610,294.5,-1.72,-0.001203,73236,297.8,-25.24,-0.022084,90788,316.2,-62.61,-0.078715,354.1,-0.011461,957.8,121443,1003.0,102535,490.4,-30.70,-0.019321,90158,316.6,17.22,0.017451,87836,310.3,66.16,0.082007,534.1,0.061650,323.1,82260,354.5,92337,320.8,73.06,0.063300,83201,308.8,82.22,0.078906,87501,310.2,69.58,0.085946
175.10,0.0025377,0.052116,87843,89409,90830,88559,306.1,175.1,-0.000000,246.8,326354,1435.3,118871,344.9,0.55,0.000566,110815,335.6,-1.52,-0.001790,92446,312.9,-8.99,-0.011634,715.1,0.000000,100.0,5631233,1838.0,68087,293.9,-1.63,-0.001139,72753,297.3,-23.48,-0.020447,90831,316.1,-63.59,-0.080006,355.1,-0.012337,962.8,119210,996.7,104823,514.3,-33.13,-0.020324,90738,317.2,16.35,0.016646,87934,310.6,66.26,0.082139,535.1,0.060459,323.7,82923,355.1,92974,321.5,71.16,0.061956,83473,309.0,81.13,0.078043,87557,310.5,70.22,0.086705
176.04,0.0025512,0.052195,87679,89449,90950,88545,306.2,176.0,-0.000000,100.0,322146,1430.7,118991,345.0,0.31,0.000325,110456,335.3,-2.65,-0.003113,92735,313.2,-16.20,-0.020998,716.0,0.000000,218.5,5931204,1917.9,67635,293.3,-1.56,-0.001082,72303,296.7,-21.97,-0.019048,90865,316.0,-64.19,-0.080811,356.0,-0.013156,967.2,116622,989.9,106760,537.7,-35.40,-0.021155,91343,317.8,15.53,0.015881,88019,310.9,66.33,0.082216,536.0,0.058985,324.1,83528,355.6,93568,322.1,69.22,0.060532,83749,309.3,80.07,0.077212,87606,310.8,70.79,0.087375
177.06,0.0025661,0.052286,87504,89496,91071,88540,306.4,177.1,-0.000000,100.0,317542,1425.6,118989,345.0,0.07,0.000068,110085,335.0,-3.95,-0.004621,92983,313.5,-24.39,-0.031672,717.1,0.000000,599.0,6249433,2004.0,67172,292.8,-1.47,-0.001016,71800,296.2,-20.45,-0.017646,90898,315.9,-64.51,-0.081268,357.1,-0.013932,971.8,113217,981.4,108643,564.6,-37.84,-0.021917,92090,318.5,14.58,0.015004,88100,311.3,66.36,0.082241,537.1,0.057837,324.5,84186,356.2,94110,322.6,67.23,0.059037,84079,309.6,78.88,0.076283,87648,311.1,71.39,0.088053
178.08,0.0025809,0.052382,87339,89559,91162,88546,306.4,178.1,0.000000,805.1,312925,1420.4,118877,344.9,-0.15,-0.000152,109745,334.7,-5.30,-0.006195,93055,313.7,-32.22,-0.041858,718.1,0.000000,855.8,6553739,2088.6,66743,292.2,-1.37,-0.000944,71286,295.6,-19.09,-0.016380,90919,315.8,-64.50,-0.081299,358.1,-0.014291,975.3,109384,972.0,109700,589.6,-38.59,-0.021612,92940,319.4,13.58,0.014065,88167,311.7,66.37,0.082204,538.1,0.056339,324.9,84841,356.8,94602,323.1,65.28,0.057535,84450,310.0,77.71,0.075390,87677,311.5,71.94,0.088655
179.10,0.0025957,0.052483,87186,89637,91223,88561,306.5,179.1,0.000000,100.0,308298,1415.2,118632,344.7,-0.38,-0.000393,109449,334.4,-6.72,-0.007837,92984,313.7,-39.44,-0.051187,719.1,0.000000,100.0,6839669,2170.9,66355,291.7,-1.26,-0.000862,70764,295.0,-17.86,-0.015249,90927,315.7,-64.23,-0.080993,359.1,-0.010440,972.9,106733,964.9,107163,593.6,-30.42,-0.016533,93910,320.3,12.49,0.013031,88225,312.1,66.33,0.082105,539.1,0.054816,325.3,85492,357.4,95085,323.6,63.31,0.056002,84852,310.4,76.53,0.074508,87689,311.9,72.45,0.089176
180.04,0.0026093,0.052579,87056,89780,91249,88581,306.5,180.0,-0.000000,197.0,304048,1410.3,118292,344.4,-0.59,-0.000613,109230,334.2,-8.08,-0.009401,92753,313.6,-45.32,-0.058704,0.0,0.000000,212.4,7082111,2243.8,66041,291.3,-1.14,-0.000775,70281,294.4,-16.86,-0.014324,90914,315.6,-63.81,-0.080474,360.0,-0.008037,590.6,104941,959.8,104844,595.2,-24.65,-0.013067,94923,321.3,11.36,0.011948,88279,312.4,66.27,0.081988,540.0,0.053137,325.7,86083,357.9,95552,324.1,61.41,0.054510,85238,310.8,75.45,0.073694,87690,312.3,72.90,0.089617
181.07,0.0026242,0.052688,86930,89920,91235,88610,306.5,181.1,-0.000000,239.9,299402,1405.0,117808,344.0,-0.81,-0.000835,109060,334.0,-9.60,-0.011162,92412,313.3,-50.65,-0.065402,1.1,0.000000,128.4,7321606,2320.0,65749,291.0,-0.98,-0.000665,69757,293.8,-15.89,-0.013424,90874,315.5,-63.20,-0.079691,361.1,-0.006694,593.6,103095,954.3,102960,597.1,-19.70,-0.010224,96185,322.5,9.92,0.010532,88338,312.8,66.19,0.081842,541.1,0.051832,326.0,86726,358.5,95992,324.5,59.53,0.053016,85678,311.2,74.27,0.072810,87684,312.7,73.36,0.090071
182.10,0.0026391,0.052799,86818,90075,91181,88642,306.5,182.1,-0.000000,100.0,294747,1399.6,117222,343.5,-1.00,-0.001031,108967,334.0,-11.15,-0.012953,92067,313.1,-54.85,-0.070614,2.1,0.000000,195.9,7531749,2392.2,65517,290.7,-0.80,-0.000540,69239,293.1,-15.02,-0.012624,90805,315.4,-62.44,-0.078704,362.1,-0.005772,963.9,101185,948.6,101867,599.8,-16.91,-0.008644,97632,323.9,8.18,0.008777,88392,313.1,66.06,0.081653,542.1,0.050276,326.4,87366,359.0,96425,324.9,57.69,0.051538,86136,311.7,73.08,0.071920,87665,313.0,73.78,0.090475
183.04,0.0026527,0.052904,86728,90217,91104,88675,306.4,183.0,-0.000000,100.0,290473,1394.5,116607,343.0,-1.16,-0.001186,108948,333.9,-12.55,-0.014582,91775,312.9,-57.87,-0.074314,3.0,0.000000,100.0,7696172,2454.4,65362,290.5,-0.61,-0.000415,68775,292.6,-14.30,-0.011962,90718,315.3,-61.62,-0.077640,363.0,-0.003752,596.3,99849,944.3,100355,598.6,-12.66,-0.006389,99141,325.3,6.23,0.006756,88433,313.4,65.89,0.081409,543.0,0.048608,326.7,87947,359.5,96844,325.3,55.95,0.050139,86568,312.1,71.96,0.071074,87632,313.2,74.11,0.090776
184.07,0.0026677,0.053020,86646,90345,91004,88711,306.3,184.1,-0.000000,100.0,285805,1389.0,115868,342.3,-1.30,-0.001327,108990,334.0,-14.04,-0.016314,91487,312.8,-60.45,-0.077409,4.1,0.000000,257.8,7842703,2517.6,65258,290.4,-0.40,-0.000272,68286,292.0,-13.58,-0.011302,90602,315.1,-60.60,-0.076306,364.1,-0.002800,596.2,98426,939.5,99218,597.9,-9.65,-0.004818,101052,327.1,3.51,0.003855,88465,313.6,65.61,0.081031,544.1,0.047320,327.1,88582,360.1,97263,325.7,54.19,0.048712,87049,312.6,70.68,0.070091,87583,313.4,74.40,0.091027
185.10,0.0026826,0.053137,86593,90441,90895,88749,306.2,185.1,0.000000,100.0,281134,1383.4,115070,341.7,-1.42,-0.001442,109083,334.0,-15.43,-0.017948,91228,312.7,-62.40,-0.079704,5.1,0.000000,121.7,7953409,2575.4,65219,290.3,-0.19,-0.000131,67819,291.4,-12.91,-0.010690,90472,314.9,-59.44,-0.074784,365.1,-0.002101,594.0,96848,934.3,98060,595.9,-4.99,-0.002473,103319,329.2,-0.08,-0.000089,88479,313.8,65.16,0.080450,545.1,0.045792,327.5,89213,360.7,97671,326.1,52.47,0.047312,87541,313.1,69.32,0.069023,87531,313.6,74.61,0.091193
186.05,0.0026963,0.053244,86574,90503,90789,88784,306.1,186.0,-0.000000,100.0,276856,1378.1,114299,341.0,-1.51,-0.001526,109193,334.1,-16.59,-0.019302,91012,312.6,-63.73,-0.081228,6.0,0.000000,138.1,8022656,2623.4,65233,290.3,-0.02,-0.000014,67413,290.9,-12.32,-0.010156,90345,314.7,-58.25,-0.073229,366.0,0.000337,593.7,95961,930.4,96806,593.7,-0.82,-0.000404,105648,331.3,-4.00,-0.004534,88491,313.9,64.65,0.079805,546.0,0.042257,336.3,89768,361.2,98537,327.0,49.59,0.044989,88004,313.6,67.99,0.067955,87468,313.6,74.77,0.091308
187.08,0.0027112,0.053359,86586,90536,90661,88822,306.0,187.1,0.000000,191.6,272206,1372.4,113425,340.3,-1.59,-0.001599,109318,334.2,-17.67,-0.020583,90793,312.6,-64.78,-0.082372,7.1,0.000000,100.0,8063076,2670.0,65295,290.4,0.15,0.000099,66999,290.4,-11.68,-0.009587,90201,314.4,-56.83,-0.071374,367.1,0.001553,591.8,94998,925.0,95744,591.9,2.18,0.001062,108139,333.5,-8.16,-0.009414,88495,314.0,64.00,0.078992,547.1,0.042966,328.2,90395,361.7,98890,327.3,48.07,0.043727,88522,314.1,66.44,0.066677,87382,313.6,74.95,0.091432
188.11,0.0027262,0.053472,86636,90531,90524,88860,305.8,188.1,0.000000,578.8,267593,1366.7,112525,339.5,-1.66,-0.001657,109432,334.3,-18.55,-0.021627,90587,312.6,-65.48,-0.083076,8.1,0.000000,252.2,8067588,2710.7,65393,290.5,0.27,0.000183,66616,290.0,-11.03,-0.009016,90053,314.2,-55.29,-0.069384,368.1,0.002661,590.0,93996,918.3,94842,589.7,4.69,0.002270,110186,335.3,-11.32,-0.013242,88480,314.0,63.27,0.078066,548.1,0.041451,328.6,91020,362.3,99256,327.6,46.59,0.042491,89056,314.7,64.76,0.065278,87281,313.6,75.11,0.091533
189.05,0.0027399,0.053571,86719,90477,90394,88893,305.7,189.1,-0.000000,100.0,263397,1361.4,111681,338.8,-1.71,-0.001698,109513,334.4,-19.17,-0.022362,90410,312.6,-65.87,-0.083402,9.1,0.000000,100.0,8041388,2742.5,65498,290.7,0.33,0.000227,66296,289.6,-10.41,-0.008477,89914,314.0,-53.81,-0.067459,369.1,0.003925,587.2,93131,911.3,94015,587.0,7.22,0.003480,111512,336.4,-12.98,-0.015315,88451,314.0,62.53,0.077128,549.1,0.038033,336.6,91569,362.8,100066,328.4,44.04,0.040400,89559,315.2,63.14,0.063899,87179,313.6,75.24,0.091597
190.08,0.0027548,0.053675,86847,90389,90247,88929,305.6,190.1,-0.000000,100.0,258857,1355.6,110746,338.0,-1.76,-0.001734,109567,334.4,-19.64,-0.022921,90227,312.7,-66.06,-0.083464,10.1,0.000000,216.5,7981588,2771.5,65609,290.8,0.35,0.000236,65983,289.2,-9.68,-0.007858,89762,313.8,-52.11,-0.065269,370.1,0.005089,583.5,92202,902.7,93212,583.2,9.97,0.004798,112418,337.2,-13.63,-0.016171,88411,313.9,61.64,0.076014,550.1,0.038504,329.5,92189,363.3,100398,328.7,42.79,0.039345,90123,315.7,61.29,0.062305,87064,313.5,75.34,0.091618
191.11,0.0027697,0.053771,87003,90287,90100,88964,305.4,191.1,0.000000,574.7,254357,1349.8,109801,337.1,-1.79,-0.001759,109576,334.4,-19.91,-0.023237,90046,312.7,-66.03,-0.083266,11.1,0.000000,649.3,7891656,2794.4,65703,290.9,0.31,0.000210,65711,288.8,-8.88,-0.007190,89611,313.6,-50.36,-0.063004,371.1,0.006408,578.9,91299,893.1,92477,578.6,12.89,0.006203,112664,337.4,-13.46,-0.015995,88368,313.9,60.68,0.074810,551.1,0.035522,336.9,92790,363.9,101179,329.4,40.48,0.037430,90698,316.3,59.38,0.060638,86953,313.4,75.38,0.091560
192.05,0.0027834,0.053853,87182,90180,89971,88994,305.3,192.1,-0.000000,23886.2,250269,1344.4,108933,336.4,-1.82,-0.001771,109549,334.4,-19.99,-0.023320,89884,312.6,-65.92,-0.082981,12.1,0.000000,100.0,7785222,2810.5,65761,291.0,0.23,0.000155,65499,288.6,-8.08,-0.006524,89477,313.4,-48.70,-0.060871,372.1,0.007761,573.9,90515,883.6,91862,573.6,15.71,0.007573,112571,337.3,-12.49,-0.014825,88335,313.8,59.74,0.073633,552.1,0.035556,330.4,93355,364.4,101525,329.8,39.37,0.036488,91233,316.8,57.60,0.059066,86856,313.3,75.35,0.091448
193.08,0.0027983,0.053933,87431,90045,89856,89026,305.2,193.1,-0.000000,228.1,245848,1338.5,107994,335.5,-1.82,-0.001765,109491,334.3,-19.94,-0.023259,89726,312.6,-65.74,-0.082621,13.1,0.000000,133.4,7645901,2822.7,65779,291.0,0.10,0.000066,65313,288.3,-7.12,-0.005739,89340,313.3,-46.82,-0.058463,373.1,0.009190,567.6,89700,872.3,91257,567.2,18.89,0.009149,112198,337.0,-10.28,-0.012180,88318,313.7,58.64,0.072286,553.1,0.032932,337.3,93956,364.9,102276,330.5,37.28,0.034739,91820,317.4,55.65,0.057326,86761,313.3,75.28,0.091286
194.11,0.0028132,0.054002,87709,89892,89758,89056,305.1,194.1,0.000000,100.0,241471,1332.6,107076,334.7,-1.80,-0.001738,109386,334.2,-19.77,-0.023043,89595,312.6,-65.52,-0.082220,14.1,0.000000,193.6,7485623,2829.8,65759,291.0,-0.02,-0.000016,65181,288.2,-6.09,-0.004903,89223,313.1,-44.84,-0.055952,374.1,0.010765,560.5,88945,860.1,90721,559.9,22.17,0.010811,111189,336.2,-7.29,-0.008586,88329,313.6,57.47,0.070879,554.1,0.033006,331.3,94575,365.5,102617,330.8,36.28,0.033890,92410,318.0,53.71,0.055581,86681,313.2,75.16,0.091088
195.06,0.0028269,0.054055,87970,89741,89652,89082,305.0,195.1,-0.000000,169.4,237497,1327.2,106261,334.0,-1.77,-0.001694,109218,334.1,-19.44,-0.022635,89487,312.6,-65.30,-0.081845,15.1,0.000000,599.4,7323203,2832.2,65699,290.9,-0.16,-0.000108,65107,288.1,-5.10,-0.004100,89126,313.0,-43.00,-0.053614,375.1,0.012339,553.1,88318,848.4,90296,552.5,25.21,0.012401,110043,335.2,-3.87,-0.004516,88354,313.5,56.30,0.069459,555.1,0.030157,331.8,95126,366.0,103317,331.4,34.44,0.032324,92950,318.6,51.96,0.053993,86612,313.0,74.92,0.090764
196.08,0.0028418,0.054103,88245,89568,89525,89110,304.9,196.1,-0.000000,322.9,233204,1321.3,105414,333.2,-1.71,-0.001624,108972,333.8,-18.93,-0.022000,89359,312.6,-65.03,-0.081390,16.1,0.000000,331.4,7132241,2830.6,65578,290.8,-0.33,-0.000225,65079,288.1,-3.97,-0.003195,89019,312.8,-41.00,-0.051082,376.1,0.013950,544.3,87745,835.2,89918,543.6,28.47,0.014177,108728,334.0,-0.01,-0.000016,88383,313.5,54.83,0.067691,556.1,0.016716,334.8,95581,366.5,106603,334.4,27.09,0.025997,93535,319.1,50.09,0.052285,86537,312.9,74.52,0.090241
197.11,0.0028567,0.054139,88503,89391,89400,89138,304.8,197.1,-0.000000,100.0,228957,1315.3,104621,332.5,-1.62,-0.001530,108679,333.6,-18.31,-0.021247,89228,312.6,-64.73,-0.080895,17.1,0.000000,168.2,6930040,2825.1,65404,290.5,-0.50,-0.000341,65102,288.1,-2.84,-0.002282,88910,312.7,-39.02,-0.048571,377.1,0.015613,534.9,87287,821.7,89650,533.9,31.56,0.015949,107466,332.9,3.63,0.004169,88419,313.4,53.19,0.065697,557.1,0.022834,335.1,96128,367.0,107153,334.9,25.45,0.024516,94117,319.7,48.28,0.050613,86468,312.8,74.01,0.089586
198.05,0.0028703,0.054164,88719,89230,89288,89163,304.6,198.1,-0.000000,234.6,225103,1309.9,103953,331.9,-1.51,-0.001426,108380,333.3,-17.70,-0.020500,89113,312.6,-64.45,-0.080441,18.1,0.000000,590.0,6737401,2817.0,65205,290.3,-0.64,-0.000432,65165,288.2,-1.81,-0.001453,88810,312.6,-37.21,-0.046286,378.1,0.017204,525.7,86953,809.2,89495,524.6,34.22,0.017571,106419,332.0,6.75,0.007705,88458,313.4,51.52,0.063681,558.1,0.021767,339.6,96633,367.5,107647,335.4,23.96,0.023157,94649,320.2,46.67,0.049118,86415,312.7,73.45,0.088892
199.08,0.0028852,0.054183,88958,89066,89162,89191,304.5,199.1,-0.000000,346.8,220944,1303.9,103295,331.3,-1.38,-0.001293,108021,333.0,-17.01,-0.019649,88989,312.6,-64.14,-0.079944,19.1,0.000000,100.0,6521886,2805.4,64957,290.0,-0.76,-0.000510,65274,288.3,-0.72,-0.000580,88701,312.5,-35.25,-0.043814,379.1,0.018813,515.3,86662,795.3,89407,514.0,36.95,0.019347,105377,331.0,9.89,0.011202,88502,313.3,49.55,0.061289,559.1,0.021883,335.7,97202,368.0,107819,335.5,23.15,0.022395,95234,320.8,44.96,0.047535,86379,312.5,72.77,0.088053
200.11,0.0029001,0.054192,89220,88918,89031,89219,304.4,200.1,-0.000000,100.0,216831,1297.9,102719,330.8,-1.22,-0.001145,107632,332.6,-16.28,-0.018765,88864,312.6,-63.83,-0.079447,20.1,0.000000,285.4,6303204,2791.2,64690,289.6,-0.83,-0.000561,65419,288.5,0.29,0.000237,88588,312.3,-33.31,-0.041364,380.1,0.020519,504.5,86434,781.3,89380,503.1,39.52,0.021132,104438,330.2,12.81,0.014415,88542,313.3,47.45,0.058720,560.1,0.019844,336.0,97763,368.6,108201,335.8,21.77,0.021113,95835,321.4,43.33,0.046007,86363,312.5,71.95,0.087076
201.05,0.0029138,0.054191,89505,88787,88908,89246,304.3,201.0,0.000000,100.0,213103,1292.3,102266,330.3,-1.07,-0.001000,107252,332.3,-15.59,-0.017922,88747,312.6,-63.55,-0.078997,21.0,0.000000,100.0,6101852,2776.3,64438,289.3,-0.87,-0.000584,65579,288.7,1.14,0.000918,88480,312.2,-31.54,-0.039136,381.0,0.022176,494.4,86267,768.3,89391,492.9,41.71,0.022770,103654,329.5,15.32,0.017154,88568,313.2,45.43,0.056245,561.0,0.018653,336.3,98281,369.1,108556,336.1,20.45,0.019879,96404,322.0,41.89,0.044669,86357,312.4,71.08,0.086023
202.08,0.0029286,0.054177,89933,88650,88773,89276,304.1,202.1,-0.000000,364.5,209081,1286.3,101854,330.0,-0.90,-0.000839,106814,331.9,-14.81,-0.016977,88616,312.6,-63.25,-0.078503,22.1,0.000000,193.2,5883005,2758.3,64170,289.0,-0.87,-0.000582,65776,288.9,1.94,0.001574,88358,312.1,-29.62,-0.036722,382.1,0.023841,483.4,86116,754.1,89424,481.8,43.93,0.024542,102869,328.8,17.94,0.019976,88577,313.2,43.19,0.053487,562.1,0.017766,336.5,98852,369.6,108879,336.4,19.18,0.018687,97045,322.6,40.43,0.043311,86355,312.4,69.98,0.084705
203.10,0.0029435,0.054148,90354,88525,88638,89308,304.0,203.1,-0.000000,100.0,205109,1280.2,101525,329.7,-0.73,-0.000679,106353,331.5,-14.02,-0.016017,88483,312.6,-62.94,-0.078008,23.1,0.000000,100.0,5666602,2738.9,63920,288.6,-0.83,-0.000553,65988,289.2,2.63,0.002137,88233,311.9,-27.71,-0.034315,383.1,0.025578,472.4,85981,739.8,89461,470.7,45.96,0.026294,102150,328.1,20.47,0.022679,88551,313.1,41.00,0.050781,563.1,0.016701,336.8,99429,370.2,109187,336.7,18.00,0.017571,97702,323.2,39.10,0.042090,86351,312.3,68.78,0.083254
204.04,0.0029571,0.054107,90762,88421,88514,89338,303.9,204.0,0.000000,346.1,201534,1274.7,101293,329.4,-0.58,-0.000541,105915,331.1,-13.28,-0.015131,88362,312.6,-62.66,-0.077558,24.0,0.000000,114.2,5471504,2720.2,63716,288.4,-0.76,-0.000503,66190,289.5,3.17,0.002579,88115,311.8,-25.95,-0.032103,384.0,0.027223,462.5,85873,726.8,89491,460.6,47.65,0.027866,101540,327.6,22.75,0.025096,88501,313.0,39.08,0.048385,564.0,0.015483,337.0,99960,370.7,109488,336.9,16.89,0.016522,98324,323.8,38.00,0.041092,86340,312.3,67.62,0.081854
205.07,0.0029720,0.054048,91186,88318,88381,89372,303.8,205.1,-0.000000,233.7,197730,1268.7,101105,329.3,-0.44,-0.000403,105422,330.6,-12.48,-0.014166,88229,312.5,-62.35,-0.077070,25.1,0.000000,100.0,5257525,2696.1,63531,288.1,-0.65,-0.000429,66409,289.7,3.67,0.002993,87985,311.7,-24.01,-0.029674,385.1,0.028832,451.9,85761,712.7,89514,450.0,49.33,0.029537,100922,327.0,25.23,0.027707,88422,312.8,37.07,0.045880,565.1,0.013863,337.3,100537,371.3,109926,337.3,15.41,0.015122,99045,324.5,36.88,0.040084,86315,312.3,66.35,0.080309
206.09,0.0029869,0.053975,91537,88228,88251,89407,303.6,206.1,0.000000,1309.5,194024,1262.8,100977,329.2,-0.31,-0.000283,104916,330.2,-11.68,-0.013214,88097,312.5,-62.04,-0.076580,26.1,0.000000,3210.5,5049397,2671.4,63389,288.0,-0.51,-0.000339,66619,290.0,4.10,0.003351,87855,311.5,-22.05,-0.027220,386.1,0.030474,441.7,85647,698.7,89524,439.7,50.85,0.031164,100347,326.5,27.72,0.030315,88331,312.7,35.18,0.043505,566.1,0.013401,337.6,101128,371.8,110159,337.5,14.40,0.014146,99846,325.3,35.72,0.039050,86277,312.2,65.11,0.078785
207.12,0.0030017,0.053891,91818,88156,88125,89443,303.5,207.1,-0.000000,263.7,190412,1257.0,100899,329.1,-0.20,-0.000183,104400,329.7,-10.89,-0.012285,87968,312.4,-61.72,-0.076087,27.1,0.000000,100.0,4849255,2647.0,63298,287.8,-0.35,-0.000234,66815,290.2,4.49,0.003678,87727,311.4,-20.05,-0.024735,387.1,0.032085,432.0,85524,685.1,89517,429.9,52.26,0.032753,99812,326.0,30.22,0.032929,88240,312.6,33.41,0.041297,567.1,0.011763,337.9,101717,372.4,110499,337.8,13.07,0.012873,100769,326.1,34.39,0.037846,86225,312.1,63.91,0.077306
208.06,0.0030153,0.053808,91989,88106,88012,89476,303.4,208.1,0.000000,125.1,187182,1251.6,100859,329.0,-0.12,-0.000111,103921,329.3,-10.20,-0.011460,87851,312.4,-61.42,-0.075632,28.1,0.000000,362.7,4672793,2625.0,63266,287.8,-0.18,-0.000122,66979,290.4,4.84,0.003975,87612,311.3,-18.20,-0.022428,388.1,0.033604,423.5,85400,672.7,89492,421.4,53.47,0.034183,99352,325.5,32.52,0.035319,88152,312.5,31.93,0.039438,568.1,0.010683,340.2,102263,372.9,110807,338.1,11.85,0.011688,101744,327.0,32.94,0.036492,86164,312.0,62.87,0.076009
209.08,0.0030301,0.053713,92082,88070,87894,89512,303.3,209.1,-0.000000,594.6,183742,1245.9,100843,329.0,-0.06,-0.000051,103397,328.8,-9.46,-0.010598,87728,312.3,-61.09,-0.075129,29.1,0.000000,928.8,4487846,2601.4,63282,287.8,-0.01,-0.000004,67141,290.6,5.26,0.004324,87490,311.2,-16.15,-0.019880,389.1,0.035103,414.7,85252,659.6,89446,412.5,54.72,0.035720,98882,325.1,35.01,0.037891,88049,312.3,30.46,0.037595,569.1,0.010330,338.2,102873,373.5,110939,338.2,10.97,0.010838,102935,328.1,31.08,0.034720,86100,311.9,61.81,0.074695
210.10,0.0030450,0.053618,92089,88052,87781,89548,303.2,210.1,-0.000000,211.2,180387,1240.2,100844,329.0,-0.01,-0.000011,102876,328.3,-8.77,-0.009786,87609,312.3,-60.75,-0.074622,30.1,0.000000,439.0,4310646,2578.1,63355,287.9,0.18,0.000121,67283,290.8,5.74,0.004725,87372,311.0,-14.06,-0.017298,390.1,0.036649,406.4,85089,646.7,89380,404.1,55.93,0.037237,98442,324.7,37.43,0.040381,87942,312.2,29.14,0.035936,570.1,0.008926,338.4,103485,374.1,111173,338.4,9.88,0.009771,104199,329.3,29.06,0.032751,86032,311.8,60.87,0.073522
211.04,0.0030585,0.053532,92049,88053,87682,89581,303.1,211.0,0.000000,273.4,177384,1235.0,100853,329.0,0.01,0.000012,102407,327.9,-8.17,-0.009092,87506,312.2,-60.44,-0.074162,31.0,0.000000,198.9,4154870,2557.2,63485,288.1,0.39,0.000258,67398,291.0,6.25,0.005155,87268,310.9,-12.12,-0.014899,391.0,0.038118,399.2,84927,635.3,89303,396.9,57.02,0.038616,98065,324.4,39.55,0.042552,87844,312.1,28.04,0.034558,571.0,0.007972,338.6,104054,374.7,111387,338.6,8.90,0.008818,105343,330.3,27.24,0.030939,85963,311.7,60.12,0.072591
212.06,0.0030734,0.053443,91972,88070,87582,89615,303.0,212.1,-0.000000,325.2,174182,1229.4,100864,329.0,0.02,0.000017,101910,327.4,-7.58,-0.008397,87402,312.2,-60.10,-0.073681,32.1,0.000000,100.0,3992011,2534.7,63698,288.4,0.63,0.000419,67509,291.1,6.91,0.005702,87161,310.8,-9.98,-0.012248,392.1,0.039576,391.9,84739,623.1,89204,389.6,58.20,0.040113,97680,324.0,41.72,0.044760,87740,311.9,26.94,0.033184,572.1,0.006924,340.2,104682,375.3,111661,338.8,7.80,0.007740,106501,331.4,25.45,0.029125,85880,311.6,59.46,0.071753
213.09,0.0030882,0.053357,91875,88100,87498,89649,302.9,213.1,-0.000000,231.3,171058,1223.8,100866,329.0,0.01,0.000007,101435,327.0,-7.04,-0.007776,87310,312.1,-59.78,-0.073221,33.1,0.000000,532.9,3836358,2512.6,63987,288.7,0.87,0.000582,67607,291.2,7.67,0.006336,87063,310.7,-7.78,-0.009549,393.1,0.041079,385.0,84540,611.3,89098,382.7,59.36,0.041598,97322,323.7,43.71,0.046771,87645,311.8,25.93,0.031920,573.1,0.006471,338.9,105326,375.9,111828,338.9,7.02,0.006970,107522,332.3,23.93,0.027575,85793,311.5,58.98,0.071136
214.11,0.0031030,0.053277,91757,88151,87432,89680,302.8,214.1,0.000000,425.0,168010,1218.3,100861,329.0,-0.01,-0.000007,100989,326.6,-6.57,-0.007234,87230,312.1,-59.46,-0.072768,34.1,0.000000,156.7,3687797,2491.0,64343,289.2,1.10,0.000734,67694,291.3,8.53,0.007053,86978,310.7,-5.54,-0.006786,394.1,0.042552,378.7,84331,600.0,88993,376.3,60.50,0.043067,96989,323.4,45.51,0.048571,87565,311.7,25.00,0.030750,574.1,0.005428,339.1,105978,376.6,112068,339.1,6.16,0.006131,108404,333.1,22.69,0.026297,85705,311.3,58.74,0.070808
215.05,0.0031166,0.053209,91630,88219,87390,89707,302.8,215.0,0.000000,415.4,165281,1213.3,100843,329.0,-0.03,-0.000031,100608,326.2,-6.20,-0.006811,87172,312.0,-59.15,-0.072360,35.0,0.000000,100.0,3557659,2471.5,64717,289.7,1.27,0.000852,67763,291.4,9.39,0.007768,86916,310.6,-3.42,-0.004192,395.0,0.043966,373.3,84134,589.9,88898,370.9,61.57,0.044417,96705,323.1,46.98,0.050035,87508,311.6,24.18,0.029740,575.0,0.004696,340.2,106586,377.2,112308,339.3,5.45,0.005426,109111,333.7,21.75,0.025323,85622,311.2,58.67,0.070688
216.07,0.0031314,0.053140,91477,88301,87371,89734,302.8,216.1,0.000000,350.7,162375,1207.9,100804,329.0,-0.07,-0.000067,100227,325.9,-5.88,-0.006443,87127,312.0,-58.81,-0.071913,36.1,0.000000,259.4,3422038,2450.6,65162,290.2,1.40,0.000947,67824,291.5,10.35,0.008573,86868,310.5,-1.05,-0.001284,396.1,0.045392,367.9,83917,579.3,88799,365.5,62.77,0.045908,96418,322.8,48.41,0.051442,87469,311.5,23.33,0.028692,576.1,0.004194,339.6,107265,377.8,112549,339.5,4.83,0.004822,109800,334.3,20.87,0.024414,85536,311.0,58.71,0.070692
217.09,0.0031462,0.053079,91314,88381,87397,89758,302.8,217.1,0.000000,100.0,159539,1202.6,100743,328.9,-0.12,-0.000107,99885,325.6,-5.67,-0.006199,87113,312.0,-58.44,-0.071447,37.1,0.000000,199.0,3292801,2430.2,65626,290.8,1.48,0.001002,67856,291.5,11.27,0.009337,86770,310.4,1.22,0.001489,397.1,0.046903,362.9,83702,569.1,88707,360.4,64.03,0.047430,96154,322.6,49.66,0.052672,87479,311.4,22.54,0.027724,577.1,0.003403,339.8,107956,378.5,112862,339.8,4.23,0.004225,110431,334.9,20.10,0.023609,85461,310.8,58.89,0.070902
218.10,0.0031609,0.053024,91143,88452,87438,89779,302.8,218.1,-0.000000,353.3,156771,1197.3,100661,328.9,-0.16,-0.000149,99574,325.3,-5.59,-0.006092,87127,312.0,-58.06,-0.070981,38.1,0.000000,336.4,3169633,2410.2,66093,291.4,1.49,0.001020,67867,291.5,12.10,0.010023,86715,310.4,3.62,0.004425,398.1,0.048444,358.3,83494,559.4,88628,355.8,65.35,0.048993,95912,322.4,50.77,0.053750,87536,311.4,21.76,0.026780,578.1,0.002730,340.1,108661,379.2,113247,340.1,3.65,0.003663,111024,335.4,19.40,0.022866,85392,310.6,59.25,0.071324
219.04,0.0031745,0.052981,90980,88509,87494,89795,302.9,219.0,0.000000,100.0,154290,1192.4,100568,328.8,-0.20,-0.000186,99293,325.0,-5.62,-0.006114,87166,312.1,-57.68,-0.070536,39.0,0.000000,265.8,3061810,2392.2,66511,291.9,1.47,0.001005,67846,291.5,12.75,0.010563,86701,310.3,5.91,0.007230,399.0,0.049957,354.5,83314,550.8,88570,351.9,66.62,0.050463,95709,322.2,51.68,0.054628,87613,311.4,21.03,0.025903,579.0,0.002233,340.5,109323,379.8,113634,340.5,3.21,0.003228,111545,335.8,18.78,0.022214,85332,310.4,59.73,0.071905
220.06,0.0031892,0.052940,90808,88566,87592,89809,303.0,220.1,0.000000,100.0,151645,1187.2,100446,328.7,-0.25,-0.000226,98985,324.7,-5.79,-0.006289,87251,312.1,-57.23,-0.070049,40.1,0.000000,190.2,2949503,2373.0,66945,292.5,1.40,0.000966,67796,291.5,13.33,0.011033,86718,310.3,8.49,0.010382,400.1,0.051503,350.6,83132,541.8,88524,348.1,68.06,0.052103,95505,322.0,52.58,0.055486,87720,311.4,20.20,0.024918,580.1,0.001664,341.2,110060,380.5,114133,340.9,2.75,0.002772,112093,336.3,18.13,0.021524,85277,310.1,60.50,0.072844
221.07,0.0032040,0.052905,90656,88633,87733,89818,303.1,221.1,-0.000000,281.3,149062,1182.1,100305,328.5,-0.29,-0.000266,98674,324.4,-6.13,-0.006639,87382,312.3,-56.79,-0.069583,41.1,0.000000,178.8,2842518,2354.2,67353,293.0,1.32,0.000911,67721,291.4,13.73,0.011357,86768,310.3,11.14,0.013636,401.1,0.053145,347.1,82968,533.1,88496,344.5,69.54,0.053766,95317,321.9,53.39,0.056259,87856,311.5,19.37,0.023920,581.1,0.001240,341.5,110817,381.2,114668,341.3,2.35,0.002381,112618,336.8,17.51,0.020849,85244,309.9,61.55,0.074132
222.09,0.0032187,0.052877,90518,88723,87897,89823,303.3,222.1,-0.000000,789.4,146539,1177.0,100143,328.4,-0.33,-0.000305,98351,324.1,-6.64,-0.007172,87548,312.4,-56.37,-0.069164,42.1,0.000000,165.0,2740596,2335.7,67732,293.5,1.22,0.000851,67621,291.2,13.94,0.011515,86848,310.3,13.84,0.016963,402.1,0.054799,344.0,82824,524.9,88482,341.3,71.03,0.055433,95139,321.7,54.13,0.056963,88019,311.6,18.52,0.022906,582.1,0.000888,342.0,111594,382.0,115223,341.8,2.02,0.002049,113117,337.2,16.90,0.020186,85238,309.7,62.80,0.075680
223.11,0.0032334,0.052854,90379,88891,88067,89824,303.5,223.1,0.000000,395.2,144074,1171.9,99963,328.2,-0.38,-0.000344,98000,323.8,-7.33,-0.007905,87738,312.6,-56.01,-0.068836,43.1,0.000000,729.0,2643472,2317.7,68087,293.9,1.14,0.000795,67501,291.1,13.94,0.011501,86956,310.4,16.54,0.020291,403.1,0.056441,341.1,82700,517.0,88479,338.4,72.51,0.057075,94968,321.6,54.82,0.057608,88200,311.6,17.63,0.021850,583.1,0.000488,342.4,112392,382.7,115819,342.3,1.69,0.001723,113586,337.6,16.30,0.019530,85256,309.5,64.16,0.077373
224.04,0.0032469,0.052838,90253,89063,88222,89821,303.6,224.0,0.000000,100.0,141864,1167.3,99780,328.0,-0.41,-0.000378,97636,323.4,-8.16,-0.008772,87925,312.8,-55.79,-0.068670,44.0,0.000000,333.4,2558480,2301.5,68395,294.3,1.07,0.000752,67390,291.0,13.73,0.011319,87063,310.4,18.98,0.023312,404.0,0.057979,338.8,82604,510.1,88480,335.9,73.83,0.058533,94811,321.4,55.40,0.058151,88370,311.7,16.78,0.020830,584.0,0.000387,342.8,113145,383.5,116320,342.7,1.47,0.001506,113985,338.0,15.76,0.018930,85288,309.4,65.43,0.078966
225.05,0.0032616,0.052825,90123,89260,88382,89814,303.8,225.1,-0.000000,527.5,139506,1162.3,99566,327.8,-0.45,-0.000412,97177,323.0,-9.28,-0.009947,88134,313.0,-55.72,-0.068702,45.1,0.000000,1513.4,2469971,2284.2,68719,294.7,1.03,0.000720,67259,290.8,13.34,0.010976,87179,310.4,21.59,0.026556,405.1,0.059454,336.5,82514,502.9,88480,333.5,75.19,0.060046,94635,321.3,55.99,0.058692,88550,311.8,15.81,0.019661,585.1,0.000325,343.2,113991,384.2,116824,343.1,1.30,0.001336,114384,338.3,15.17,0.018266,85333,309.3,66.79,0.080677
226.06,0.0032763,0.052816,90004,89469,88538,89804,303.9,226.1,-0.000000,281.8,137202,1157.3,99337,327.6,-0.48,-0.000441,96639,322.5,-10.65,-0.011369,88344,313.2,-55.85,-0.068990,46.1,0.000000,133.2,2385626,2267.2,69040,295.1,1.00,0.000706,67135,290.6,12.80,0.010518,87286,310.4,24.14,0.029723,406.1,0.060906,334.4,82439,496.1,88475,331.3,76.46,0.061459,94448,321.1,56.54,0.059175,88718,311.9,14.81,0.018439,586.1,0.000283,343.6,114865,385.1,117294,343.5,1.18,0.001213,114745,338.6,14.57,0.017585,85389,309.3,68.07,0.082290
227.08,0.0032910,0.052813,89892,89661,88715,89791,304.1,227.1,0.000000,270.9,134949,1152.4,99099,327.4,-0.51,-0.000462,96021,321.9,-12.26,-0.013022,88556,313.4,-56.21,-0.069551,47.1,0.000000,1636.7,2305203,2250.6,69365,295.5,1.00,0.000709,67039,290.5,12.15,0.009976,87390,310.4,26.63,0.032832,407.1,0.062252,332.5,82373,489.6,88461,329.4,77.63,0.062757,94245,320.9,57.03,0.059598,88886,312.0,13.78,0.017191,587.1,0.000255,344.0,115767,385.9,117736,343.9,1.09,0.001121,115069,338.9,13.96,0.016876,85458,309.3,69.27,0.083809
228.09,0.0033056,0.052813,89784,89827,88925,89776,304.3,228.1,-0.000000,100.0,132746,1147.6,98856,327.2,-0.52,-0.000476,95327,321.2,-14.07,-0.014868,88782,313.6,-56.73,-0.070334,48.1,0.000000,708.3,2228488,2234.4,69700,295.9,1.02,0.000725,66986,290.5,11.42,0.009369,87503,310.4,29.10,0.035924,408.1,0.063482,330.8,82313,483.4,88436,327.6,78.68,0.063937,94022,320.7,57.47,0.059955,89084,312.2,12.71,0.015887,588.1,0.000235,344.3,116698,386.7,118153,344.2,1.01,0.001048,115361,339.1,13.32,0.016134,85547,309.3,70.42,0.085280
229.10,0.0033203,0.052817,89683,89953,89230,89758,304.6,229.1,-0.000000,100.0,130592,1142.7,98610,326.9,-0.53,-0.000483,94571,320.5,-16.04,-0.016854,89046,313.8,-57.33,-0.071226,49.1,0.000000,420.7,2155293,2218.4,70045,296.3,1.04,0.000743,66985,290.5,10.63,0.008721,87645,310.4,31.61,0.039087,409.1,0.064599,329.3,82256,477.5,88398,326.0,79.64,0.065002,93775,320.5,57.86,0.060244,89378,312.4,11.50,0.014410,589.1,0.000220,344.6,117660,387.6,118547,344.6,0.95,0.000984,115626,339.4,12.65,0.015353,85684,309.4,71.60,0.086830
230.11,0.0033350,0.052824,89587,90035,89598,89738,305.0,230.1,0.000000,559.6,128484,1137.9,98363,326.7,-0.54,-0.000487,93766,319.7,-18.12,-0.018926,89364,314.1,-57.83,-0.072038,50.1,0.000000,100.0,2085420,2202.9,70395,296.7,1.06,0.000755,67035,290.5,9.83,0.008070,87847,310.4,34.25,0.042437,410.1,0.065608,328.0,82199,471.9,88350,324.6,80.51,0.065963,93504,320.3,58.20,0.060464,89856,312.8,9.84,0.012379,590.1,0.000207,344.9,118653,388.5,118918,344.9,0.89,0.000924,115872,339.6,11.96,0.014531,85892,309.5,72.86,0.088522
231.04,0.0033484,0.052834,89500,90075,89970,89717,305.3,231.0,-0.000000,231.1,126593,1133.6,98135,326.5,-0.54,-0.000491,92997,318.9,-20.09,-0.020858,89686,314.4,-58.17,-0.072661,51.0,0.000000,100.9,2024145,2188.8,70714,297.1,1.05,0.000754,67131,290.6,9.09,0.007469,88084,310.6,36.74,0.045628,411.0,0.066486,326.9,82145,467.1,88296,323.4,81.24,0.066763,93234,320.0,58.46,0.060609,90516,313.4,7.33,0.009265,591.0,-0.000126,389.3,119587,389.3,119331,345.2,0.69,0.000722,116088,339.8,11.29,0.013736,86131,309.7,74.01,0.090113
232.06,0.0033631,0.052848,89405,90094,90429,89694,305.8,232.1,-0.000000,100.0,124571,1128.9,97882,326.2,-0.55,-0.000499,92136,318.1,-22.26,-0.022963,90070,314.7,-58.39,-0.073157,52.1,0.000000,100.0,1960166,2173.9,71047,297.5,1.01,0.000727,67289,290.8,8.28,0.006814,88395,310.7,39.52,0.049224,412.1,0.067249,325.7,82082,462.0,88241,322.3,81.94,0.067539,92917,319.7,58.71,0.060712,91530,314.4,2.85,0.003632,592.1,-0.000519,389.6,120632,390.3,119812,345.7,0.39,0.000410,116321,340.0,10.52,0.012818,86447,310.0,75.27,0.091897
233.07,0.0033778,0.052866,89308,90108,90987,89675,306.3,233.1,0.000000,217.2,122591,1124.2,97618,326.0,-0.57,-0.000518,91261,317.2,-24.43,-0.025034,90507,315.2,-58.31,-0.073322,53.1,0.000000,199.6,1899024,2159.2,71347,297.9,0.92,0.000664,67499,291.1,7.49,0.006181,88764,311.0,42.40,0.052988,413.1,0.067868,324.8,82011,457.2,88217,321.3,82.50,0.068184,92578,319.4,58.92,0.060765,92376,315.3,-4.52,-0.005798,593.1,-0.000460,389.9,121712,391.2,120176,346.0,0.21,0.000222,116558,340.2,9.70,0.011841,86828,310.4,76.57,0.093770
234.08,0.0033925,0.052886,89207,90129,91501,89663,306.8,234.1,-0.000000,211.6,120652,1119.6,97334,325.7,-0.61,-0.000552,90380,316.3,-26.58,-0.027048,90965,315.6,-57.92,-0.073102,54.1,0.000000,100.0,1840568,2144.8,71596,298.2,0.78,0.000566,67749,291.4,6.77,0.005599,89108,311.3,45.20,0.056649,414.1,0.068426,324.0,81931,452.6,88204,320.4,82.96,0.068735,92220,319.1,59.09,0.060778,93271,316.2,-13.57,-0.017526,594.1,-0.000367,390.1,122831,392.2,120454,346.2,0.13,0.000135,116803,340.4,8.84,0.010802,87190,310.9,77.70,0.095402
235.10,0.0034072,0.052910,89102,90176,91961,89659,307.2,235.1,0.000000,182.0,118752,1114.9,97020,325.4,-0.68,-0.000607,89500,315.5,-28.69,-0.028985,91418,316.0,-57.30,-0.072587,55.1,0.000000,477.5,1784653,2130.7,71780,298.4,0.60,0.000436,68030,291.7,6.15,0.005101,89390,311.7,47.84,0.060076,415.1,0.068938,323.3,81843,448.3,88191,319.7,83.36,0.069218,91846,318.7,59.25,0.060759,94004,317.0,-23.37,-0.030344,595.1,-0.000266,390.2,123988,393.2,120674,346.4,0.11,0.000120,117053,340.6,7.93,0.009707,87500,311.5,78.53,0.096589
236.12,0.0034220,0.052938,88993,90256,92300,89665,307.6,236.1,0.000000,463.6,116889,1110.4,96661,325.1,-0.77,-0.000688,88626,314.6,-30.73,-0.030831,91812,316.3,-56.60,-0.071930,56.1,0.000000,176.3,1731138,2116.8,71888,298.5,0.39,0.000279,68335,292.1,5.66,0.004713,89628,312.1,50.24,0.063176,416.1,0.069406,322.7,81749,444.2,88171,319.0,83.72,0.069648,91458,318.4,59.39,0.060712,94303,317.4,-32.37,-0.042114,596.1,-0.000171,390.3,125186,394.2,120867,346.6,0.15,0.000161,117301,340.8,6.99,0.008569,87781,312.1,78.95,0.097234
237.05,0.0034355,0.052967,88888,90351,92499,89676,307.8,237.0,0.000000,966.7,115213,1106.2,96278,324.7,-0.89,-0.000791,87836,313.8,-32.53,-0.032430,92085,316.6,-56.00,-0.071321,57.0,0.000000,388.9,1684080,2104.4,71912,298.5,0.16,0.000119,68633,292.5,5.35,0.004468,89805,312.6,52.21,0.065688,417.0,0.069816,322.2,81657,440.6,88143,318.5,84.03,0.070000,91091,318.0,59.50,0.060647,94218,317.4,-39.33,-0.051124,597.0,-0.000088,390.4,126322,395.2,121033,346.8,0.21,0.000218,117516,341.0,6.12,0.007506,88026,312.7,79.13,0.097531
238.07,0.0034503,0.053002,88770,90509,92600,89695,307.9,238.1,0.000000,930.8,113418,1101.6,95783,324.2,-1.05,-0.000937,86992,312.9,-34.40,-0.034060,92269,316.7,-55.43,-0.070712,58.1,0.000000,101.1,1634822,2091.0,71871,298.5,-0.05,-0.000037,68975,292.9,5.16,0.004325,89954,313.0,54.12,0.068087,418.1,0.070183,321.7,81551,436.8,88100,317.9,84.32,0.070334,90681,317.6,59.60,0.060546,93854,317.2,-45.28,-0.058670,598.1,-0.000022,347.9,127602,396.3,121200,346.9,0.26,0.000269,117725,341.2,5.17,0.006349,88274,313.4,79.15,0.097621
239.09,0.0034651,0.053041,88649,90791,92595,89716,307.8,239.1,0.000000,903.0,111657,1097.1,95188,323.6,-1.27,-0.001121,86173,312.0,-36.16,-0.035559,92327,316.7,-54.98,-0.070175,59.1,0.000000,111.0,1587644,2078.0,71754,298.3,-0.27,-0.000199,69336,293.3,5.13,0.004311,90052,313.5,55.74,0.070115,419.1,0.070517,321.2,81439,433.3,88041,317.4,84.57,0.070610,90258,317.2,59.65,0.060400,93429,316.8,-49.43,-0.063826,599.1,0.000027,348.0,128926,397.4,121346,347.0,0.28,0.000291,117897,341.3,4.24,0.005211,88501,314.0,78.94,0.097419
240.11,0.0034799,0.053084,88526,91076,92525,89740,307.8,240.1,-0.000000,465.9,109930,1092.6,94477,323.0,-1.52,-0.001339,85387,311.2,-37.78,-0.036918,92274,316.7,-54.49,-0.069528,60.1,0.000000,256.3,1542447,2065.1,71565,298.1,-0.48,-0.000350,69714,293.8,5.19,0.004385,90072,313.8,57.11,0.071779,420.1,0.070791,320.8,81321,429.8,87965,317.0,84.77,0.070816,89821,316.8,59.67,0.060199,93022,316.5,-52.06,-0.066992,600.1,0.000058,348.0,130296,398.5,121470,347.1,0.27,0.000287,118031,341.4,3.32,0.004086,88708,314.6,78.47,0.096890
241.05,0.0034935,0.053127,88415,91341,92417,89761,307.7,241.1,-0.000000,747.8,108376,1088.6,93713,322.2,-1.78,-0.001563,84701,310.5,-39.15,-0.038036,92180,316.5,-53.96,-0.068807,61.1,0.000000,100.0,1502670,2053.6,71344,297.9,-0.65,-0.000465,70075,294.2,5.37,0.004549,90042,313.9,58.16,0.073038,421.1,0.070988,320.4,81207,426.9,87877,316.6,84.89,0.070935,89409,316.4,59.63,0.059958,92668,316.3,-53.34,-0.068426,601.1,0.000006,100.0,131591,399.6,121575,347.2,0.22,0.000232,118124,341.5,2.48,0.003052,88876,315.0,77.71,0.096008
242.07,0.0035083,0.053178,88299,91572,92269,89785,307.5,242.1,0.000000,100.0,106713,1084.1,92751,321.3,-2.09,-0.001820,83994,309.8,-40.50,-0.039113,92051,316.4,-53.36,-0.067971,62.1,0.000000,105.4,1461019,2041.2,71067,297.5,-0.77,-0.000555,70494,294.7,5.65,0.004806,89985,314.1,59.08,0.074118,422.1,0.071116,320.1,81075,423.8,87762,316.1,84.95,0.070985,88949,315.9,59.53,0.059633,92302,316.0,-53.57,-0.068513,602.1,0.000000,384.7,133053,412.8,121640,347.2,0.14,0.000143,118200,341.6,1.54,0.001896,89040,315.3,76.38,0.094444
243.10,0.0035232,0.053232,88188,91721,92080,89807,307.4,243.1,0.000000,1166.0,105676,1081.1,91661,320.2,-2.41,-0.002074,83335,309.1,-41.70,-0.040046,91894,316.2,-52.75,-0.067126,63.1,0.000000,511.7,1421101,2029.1,70773,297.2,-0.84,-0.000604,70940,295.3,6.01,0.005140,89872,314.1,59.77,0.074886,423.1,0.071174,319.7,80936,420.8,87626,315.8,84.93,0.070948,88476,315.5,59.36,0.059239,91901,315.7,-52.71,-0.067174,603.1,0.000000,100.0,134565,414.0,121652,347.3,0.04,0.000047,118256,341.6,0.57,0.000697,89202,315.5,74.62,0.092367
244.04,0.0035368,0.053284,88101,91775,91888,89825,307.2,244.0,-0.000000,100.0,104899,1078.7,90557,319.1,-2.68,-0.002293,82773,308.5,-42.67,-0.040779,91712,316.0,-52.15,-0.066261,64.0,0.000000,100.0,1385953,2018.2,70507,296.9,-0.85,-0.000610,71374,295.8,6.41,0.005502,89731,314.0,60.32,0.075475,424.0,0.071159,319.4,80800,418.2,87484,315.4,84.85,0.070841,88032,315.1,59.15,0.058813,91512,315.4,-51.26,-0.065106,604.0,0.000000,370.2,135997,415.2,121626,347.2,-0.02,-0.000026,118291,341.6,-0.36,-0.000443,89350,315.6,72.67,0.090064
245.07,0.0035517,0.053343,88044,91746,91652,89844,306.9,245.1,-0.000000,4580.0,104227,1076.5,89259,317.8,-2.96,-0.002502,82207,307.9,-43.59,-0.041452,91487,315.8,-51.43,-0.065248,65.1,0.000000,100.0,1349116,2006.6,70236,296.5,-0.81,-0.000581,71871,296.4,6.89,0.005942,89551,313.9,60.91,0.076091,425.1,0.071067,319.0,80643,415.4,87309,315.0,84.70,0.070662,87540,314.6,58.85,0.058281,91065,315.1,-48.74,-0.061675,605.1,0.000000,416.0,137609,416.5,121560,347.2,-0.10,-0.000102,118305,341.6,-1.40,-0.001721,89507,315.7,70.20,0.087143
246.10,0.0035666,0.053404,87991,91661,91400,89859,306.7,246.1,-0.000000,225.0,103618,1074.5,87882,316.3,-3.20,-0.002672,81687,307.3,-44.37,-0.041998,91239,315.5,-50.67,-0.064164,66.1,0.000000,270.2,1313782,1995.1,70000,296.2,-0.73,-0.000518,72386,297.0,7.41,0.006424,89345,313.7,61.46,0.076652,426.1,0.070903,318.5,80475,412.8,87116,314.7,84.53,0.070444,87048,314.1,58.49,0.057685,90671,314.8,-45.54,-0.057436,606.1,0.000000,317.1,139277,417.9,121459,347.1,-0.16,-0.000168,118285,341.6,-2.42,-0.002990,89653,315.7,67.39,0.083802
247.04,0.0035803,0.053460,87953,91551,91173,89871,306.5,247.0,0.000000,630.1,103150,1072.8,86570,315.0,-3.37,-0.002791,81249,306.8,-44.95,-0.042392,91001,315.2,-49.93,-0.063104,67.0,0.000000,234.1,1282649,1984.9,69826,296.0,-0.61,-0.000434,72866,297.5,7.92,0.006901,89141,313.4,61.91,0.077097,427.0,0.070713,318.1,80312,410.5,86926,314.4,84.36,0.070216,86591,313.6,58.09,0.057073,90377,314.5,-42.32,-0.053241,607.0,0.000000,122.3,140855,419.2,121342,347.0,-0.21,-0.000218,118230,341.6,-3.35,-0.004127,89774,315.6,64.54,0.080393
248.07,0.0035952,0.053522,87932,91413,90943,89881,306.3,248.1,-0.000000,308.7,102729,1071.2,85107,313.5,-3.53,-0.002882,80810,306.4,-45.45,-0.042699,90742,315.0,-49.04,-0.061863,68.1,0.000000,100.0,1250004,1973.9,69692,295.9,-0.45,-0.000319,73386,298.1,8.52,0.007461,88912,313.2,62.35,0.077511,428.1,0.070495,317.7,80126,408.1,86705,314.0,84.15,0.069940,86088,313.1,57.59,0.056345,90111,314.3,-38.64,-0.048509,608.1,0.000000,115.5,142634,420.6,121192,346.9,-0.25,-0.000262,118127,341.5,-4.32,-0.005324,89900,315.4,61.18,0.076348
249.10,0.0036101,0.053582,87945,91249,90736,89889,306.1,249.1,0.000000,807.7,102188,1069.3,83630,311.9,-3.64,-0.002935,80410,305.9,-45.79,-0.042865,90494,314.7,-48.06,-0.060511,69.1,0.000000,126.7,1218695,1963.1,69625,295.8,-0.26,-0.000184,73892,298.7,9.17,0.008070,88689,312.9,62.74,0.077873,429.1,0.070239,317.3,79931,405.8,86469,313.7,83.92,0.069630,85588,312.6,57.03,0.055564,89899,314.2,-34.93,-0.043762,609.1,0.000000,100.0,144471,422.0,121025,346.7,-0.28,-0.000298,117981,341.4,-5.25,-0.006466,90031,315.3,57.60,0.072021
250.04,0.0036238,0.053637,87979,91083,90561,89894,305.9,250.0,0.000000,537.9,101746,1067.7,82278,310.4,-3.70,-0.002953,80074,305.6,-45.95,-0.042883,90283,314.4,-47.03,-0.059125,70.0,0.000000,265.3,1191112,1953.4,69625,295.8,-0.07,-0.000053,74336,299.2,9.82,0.008679,88491,312.6,63.07,0.078172,430.0,0.069958,316.9,79745,403.7,86238,313.4,83.68,0.069313,85140,312.2,56.48,0.054813,89757,314.1,-31.63,-0.039577,610.0,0.000000,683.0,146210,423.4,120857,346.6,-0.31,-0.000327,117814,341.2,-6.07,-0.007469,90156,315.1,54.15,0.067837
251.07,0.0036387,0.053694,88030,90885,90384,89898,305.7,251.1,0.000000,415.1,101214,1065.8,80817,308.9,-3.74,-0.002947,79730,305.2,-45.95,-0.042750,90074,314.2,-45.79,-0.057473,71.1,0.000000,311.6,1162182,1943.0,69680,295.9,0.11,0.000077,74791,299.8,10.60,0.009411,88284,312.3,63.39,0.078460,431.1,0.069638,316.4,79535,401.6,85973,313.1,83.39,0.068931,84666,311.7,55.83,0.053968,89644,314.0,-28.27,-0.035340,611.1,0.000000,422.7,148167,424.9,120658,346.4,-0.34,-0.000358,117606,341.1,-6.94,-0.008527,90291,314.9,50.23,0.063057
252.10,0.0036536,0.053748,88093,90675,90223,89901,305.6,252.1,0.000000,235.2,100680,1063.9,79383,307.3,-3.75,-0.002916,79386,304.8,-45.76,-0.042445,89887,314.0,-44.45,-0.055716,72.1,0.000000,367.9,1134403,1932.9,69805,296.0,0.31,0.000224,75211,300.2,11.47,0.010226,88091,312.0,63.67,0.078709,432.1,0.069263,316.0,79318,399.5,85694,312.7,83.07,0.068516,84209,311.2,55.16,0.053114,89536,313.9,-25.10,-0.031346,612.1,0.000000,318.9,150191,426.5,120441,346.3,-0.37,-0.000391,117379,340.9,-7.79,-0.009558,90417,314.7,46.19,0.058102
253.04,0.0036673,0.053794,88158,90485,90089,89903,305.4,253.0,-0.000000,269.4,100113,1061.9,78100,305.9,-3.73,-0.002868,79066,304.5,-45.45,-0.042032,89735,313.8,-43.16,-0.054036,73.0,0.000000,5066.0,1109903,1923.8,69984,296.2,0.51,0.000362,75563,300.6,12.36,0.011057,87932,311.8,63.89,0.078897,433.0,0.068862,315.7,79112,397.7,85427,312.4,82.75,0.068108,83808,310.8,54.55,0.052340,89437,313.8,-22.30,-0.027832,613.0,0.000000,621.5,152106,427.9,120223,346.1,-0.41,-0.000425,117161,340.7,-8.56,-0.010478,90523,314.6,42.44,0.053465
254.07,0.0036822,0.053842,88233,90286,89957,89904,305.3,254.1,0.000000,523.5,99588,1060.0,76745,304.3,-3.68,-0.002797,78707,304.1,-44.93,-0.041413,89589,313.6,-41.70,-0.052155,74.1,0.000000,100.0,1084180,1914.0,70247,296.5,0.72,0.000514,75912,301.0,13.44,0.012062,87782,311.5,64.05,0.079039,434.1,0.068421,315.3,78882,395.8,85120,312.1,82.36,0.067618,83388,310.4,53.89,0.051522,89335,313.8,-19.35,-0.024129,614.1,0.000000,100.0,154264,429.5,119963,345.9,-0.45,-0.000468,116918,340.5,-9.36,-0.011448,90623,314.4,38.32,0.048358
255.10,0.0036971,0.053886,88333,90100,89835,89905,305.2,255.1,-0.000000,341.5,98920,1057.8,75441,302.9,-3.61,-0.002709,78329,303.7,-44.19,-0.040591,89461,313.5,-40.21,-0.050247,75.1,0.000000,100.0,1059456,1904.5,70581,296.9,0.93,0.000666,76228,301.4,14.64,0.013172,87650,311.2,64.16,0.079118,435.1,0.067909,314.9,78644,393.9,84795,311.7,81.92,0.067078,82988,310.0,53.26,0.050742,89239,313.7,-16.49,-0.020540,615.1,0.000000,100.0,156496,431.2,119675,345.6,-0.50,-0.000517,116670,340.3,-10.13,-0.012369,90706,314.2,34.21,0.043236
256.05,0.0037108,0.053921,88456,89940,89733,89906,305.1,256.0,-0.000000,288.8,98355,1055.8,74298,301.5,-3.53,-0.002615,77958,303.3,-43.32,-0.039654,89356,313.3,-38.84,-0.048493,76.0,0.000000,196.0,1037631,1895.9,70951,297.4,1.12,0.000806,76491,301.7,15.83,0.014278,87544,311.0,64.20,0.079134,436.0,0.067368,314.6,78419,392.2,84484,311.4,81.47,0.066538,82637,309.6,52.71,0.050063,89157,313.6,-13.93,-0.017340,616.0,0.000000,100.0,158610,432.7,119385,345.4,-0.54,-0.000567,116441,340.1,-10.79,-0.013153,90769,314.1,30.45,0.038533
257.08,0.0037257,0.053954,88660,89779,89633,89906,305.0,257.1,0.000000,100.3,97691,1053.5,73115,300.2,-3.41,-0.002498,77524,302.8,-42.16,-0.038441,89258,313.2,-37.35,-0.046597,77.1,0.000000,100.0,1014701,1886.7,71423,298.0,1.33,0.000958,76757,302.0,17.22,0.015571,87444,310.7,64.19,0.079093,437.1,0.066780,314.1,78167,390.5,84130,311.0,80.93,0.065904,82270,309.2,52.14,0.049364,89074,313.5,-11.20,-0.013929,617.1,0.000000,243.8,160991,434.5,119037,345.1,-0.60,-0.000625,116190,339.8,-11.44,-0.013927,90833,313.9,26.33,0.033363
258.10,0.0037406,0.053977,88956,89628,89545,89907,304.9,258.1,0.000000,184.8,97020,1051.2,72002,298.8,-3.26,-0.002367,77058,302.3,-40.81,-0.037045,89179,313.1,-35.90,-0.044766,78.1,0.000000,100.0,992648,1877.7,71965,298.6,1.53,0.001107,77011,302.3,18.69,0.016941,87358,310.5,64.12,0.078990,438.1,0.066121,313.7,77908,388.8,83761,310.6,80.35,0.065225,81921,308.9,51.61,0.048713,88998,313.5,-8.51,-0.010583,618.1,0.000000,100.0,163454,436.2,118656,344.8,-0.66,-0.000686,115940,339.6,-12.01,-0.014599,90903,313.8,22.14,0.028082
259.05,0.0037543,0.053987,89294,89497,89475,89907,304.8,259.0,0.000000,100.0,96455,1049.2,71049,297.7,-3.11,-0.002237,76604,301.8,-39.41,-0.035626,89119,313.1,-34.61,-0.043145,79.0,0.000000,100.0,973172,1869.6,72519,299.3,1.69,0.001236,77240,302.5,20.09,0.018249,87288,310.3,63.98,0.078815,439.0,0.065448,313.3,77663,387.3,83411,310.2,79.77,0.064563,81617,308.5,51.16,0.048162,88936,313.4,-6.09,-0.007565,619.0,0.000000,396.8,165787,437.9,118278,344.5,-0.72,-0.000743,115714,339.4,-12.45,-0.015111,90983,313.7,18.16,0.023057
260.08,0.0037692,0.053983,89829,89363,89410,89909,304.8,260.1,0.000000,450.8,95794,1046.9,70085,296.5,-2.93,-0.002085,76082,301.2,-37.75,-0.033955,89066,313.0,-33.26,-0.041440,80.1,0.000000,430.6,952697,1860.9,73181,300.0,1.86,0.001365,77499,302.8,21.66,0.019724,87222,310.0,63.72,0.078500,440.1,0.064734,312.8,77390,385.7,83017,309.8,79.09,0.063802,81303,308.2,50.73,0.047617,88878,313.4,-3.47,-0.004309,620.1,0.000000,100.0,168415,439.7,117833,344.1,-0.78,-0.000805,115476,339.2,-12.83,-0.015555,91094,313.7,13.58,0.017267
261.10,0.0037841,0.053955,90599,89236,89367,89912,304.7,261.1,-0.000000,100.0,94982,1044.3,69203,295.5,-2.73,-0.001925,75537,300.6,-35.96,-0.032185,89027,312.9,-31.96,-0.039806,81.1,0.000000,199.6,932995,1852.4,73893,300.9,2.00,0.001475,77777,303.1,23.27,0.021241,87174,309.8,63.39,0.078114,441.1,0.063951,312.3,77109,384.2,82613,309.3,78.37,0.063006,81008,307.9,50.34,0.047134,88821,313.3,-0.90,-0.001111,621.1,0.000000,247.9,171135,441.6,117357,343.7,-0.84,-0.000864,115253,339.0,-13.11,-0.015871,91231,313.7,8.70,0.011072
262.04,0.0037977,0.053903,91337,89126,89343,89916,304.7,262.0,-0.000000,242.0,94417,1042.2,68469,294.6,-2.53,-0.001772,75022,300.0,-34.25,-0.030500,89012,312.9,-30.79,-0.038355,82.0,0.000000,100.0,915589,1844.8,74580,301.7,2.09,0.001556,78060,303.5,24.76,0.022667,87149,309.6,63.09,0.077769,442.0,0.063175,311.8,76846,382.8,82234,308.9,77.69,0.062254,80755,307.6,50.04,0.046748,88703,313.2,1.26,0.001565,622.0,0.000000,100.0,173710,443.4,116895,343.3,-0.89,-0.000916,115072,338.9,-13.26,-0.016032,91380,313.8,3.95,0.005030
263.07,0.0038126,0.053819,92097,89016,89422,89928,304.8,263.1,-0.000000,100.0,93611,1039.6,67749,293.7,-2.30,-0.001600,74449,299.4,-32.31,-0.028619,89051,312.9,-29.44,-0.036681,83.1,0.000000,100.0,897282,1836.6,75356,302.5,2.16,0.001621,78410,303.8,26.42,0.024265,87155,309.5,62.86,0.077505,443.1,0.062382,311.3,76553,381.3,81817,308.5,76.93,0.061423,80496,307.4,49.78,0.046392,88634,313.1,3.76,0.004659,623.1,0.000000,100.0,176612,445.3,116366,342.9,-0.95,-0.000968,114909,338.7,-13.29,-0.016052,91024,313.5,-2.63,-0.003347
264.10,0.0038275,0.053712,92662,88918,89413,89943,304.8,264.1,-0.000000,228.7,92794,1036.8,67115,292.9,-2.07,-0.001426,73868,298.7,-30.34,-0.026718,89098,313.0,-28.25,-0.035211,84.1,0.000000,1385.4,879655,1828.7,76150,303.5,2.20,0.001663,78814,304.3,28.11,0.025911,87135,309.5,62.54,0.077107,444.1,0.061552,310.8,76254,379.9,81398,308.0,76.17,0.060592,80254,307.1,49.58,0.046102,88544,313.0,6.15,0.007615,624.1,0.000000,1160.5,179615,447.3,115813,342.4,-1.00,-0.001014,114778,338.6,-13.22,-0.015961,90837,313.4,-8.60,-0.010918
265.03,0.0038411,0.053600,93000,88842,89399,89960,304.8,265.0,0.000000,100.0,92089,1034.4,66607,292.3,-1.85,-0.001267,73332,298.1,-28.50,-0.024972,89140,313.0,-27.32,-0.034067,85.0,0.000000,259.0,864064,1821.5,76885,304.3,2.21,0.001681,79235,304.8,29.68,0.027459,87108,309.5,62.26,0.076726,445.0,0.060767,310.3,75977,378.7,81014,307.6,75.48,0.059843,80042,306.9,49.42,0.045874,88446,312.8,8.26,0.010223,625.0,0.000000,2679.3,182461,449.2,115289,342.0,-1.04,-0.001051,114679,338.5,-13.04,-0.015729,90729,313.3,-13.70,-0.017366
266.06,0.0038559,0.053469,93165,88785,89379,89982,304.7,266.1,-0.000000,185.3,91277,1031.7,66129,291.7,-1.61,-0.001097,72750,297.4,-26.50,-0.023080,89172,313.0,-26.49,-0.033036,86.1,0.000000,255.2,847651,1813.8,77686,305.2,2.20,0.001682,79754,305.3,31.40,0.029183,87073,309.6,61.95,0.076290,446.1,0.060002,309.8,75671,377.3,80600,307.1,74.75,0.059048,79818,306.6,49.29,0.045660,88356,312.7,10.45,0.012927,626.1,0.000000,784.3,185670,451.3,114704,341.5,-1.07,-0.001083,114611,338.4,-12.74,-0.015368,90641,313.3,-18.96,-0.024012
267.08,0.0038708,0.053337,93182,88761,89354,90008,304.7,267.1,-0.000000,100.0,90460,1028.9,65728,291.2,-1.37,-0.000932,72174,296.8,-24.49,-0.021213,89187,313.0,-25.81,-0.032202,87.1,0.000000,100.0,831828,1806.3,78483,306.1,2.17,0.001673,80333,306.0,33.10,0.030926,87029,309.7,61.63,0.075829,447.1,0.059233,309.3,75363,376.0,80190,306.7,74.05,0.058286,79606,306.4,49.21,0.045492,88286,312.5,12.51,0.015472,627.1,0.000000,173.2,188994,453.4,114108,341.0,-1.10,-0.001106,114567,338.4,-12.35,-0.014890,90543,313.3,-23.90,-0.030236
268.10,0.0038856,0.053208,93099,88789,89322,90037,304.7,268.1,-0.000000,100.0,89643,1026.1,65398,290.7,-1.15,-0.000776,71608,296.1,-22.50,-0.019378,89189,313.0,-25.28,-0.031534,88.1,0.000000,260.6,816572,1798.9,79273,307.0,2.13,0.001658,80969,306.6,34.77,0.032668,86972,309.8,61.32,0.075368,448.1,0.058502,308.8,75054,374.7,79788,306.2,73.39,0.057562,79415,306.2,49.18,0.045392,88238,312.4,14.45,0.017867,628.1,0.000000,100.0,192437,455.6,113508,340.4,-1.12,-0.001120,114548,338.4,-11.83,-0.014267,90389,313.3,-28.46,-0.035948
269.04,0.0038992,0.053096,92972,88874,89281,90065,304.6,269.0,-0.000000,100.0,88787,1023.2,65154,290.4,-0.95,-0.000641,71102,295.5,-20.69,-0.017730,89180,313.0,-24.90,-0.031066,89.0,0.000000,232.1,803065,1792.3,79993,307.8,2.10,0.001644,81602,307.3,36.25,0.034252,86908,310.0,61.08,0.074988,449.0,0.057839,308.3,74772,373.6,79426,305.8,72.82,0.056935,79258,306.0,49.23,0.045373,88210,312.3,16.12,0.019937,629.0,0.000000,100.0,195702,457.6,112957,340.0,-1.12,-0.001124,114575,338.4,-11.25,-0.013563,90209,313.2,-32.18,-0.040579
270.06,0.0039139,0.052980,92791,88914,89225,90099,304.6,270.1,-0.000000,679.0,87824,1020.0,64946,290.2,-0.75,-0.000506,70569,294.9,-18.74,-0.015975,89159,313.0,-24.62,-0.030710,90.1,0.000000,512.9,788850,1785.3,80773,308.6,2.07,0.001631,82347,308.1,37.82,0.035961,86836,310.1,60.89,0.074653,450.1,0.057214,307.8,74466,372.4,79041,305.4,72.25,0.056294,79110,305.9,49.37,0.045435,88189,312.3,17.84,0.022055,630.1,0.000000,199.8,199381,459.9,112366,339.5,-1.12,-0.001115,114645,338.4,-10.48,-0.012644,90007,313.1,-35.71,-0.044942
271.08,0.0039287,0.052873,92559,88967,89164,90134,304.5,271.1,0.000000,173.9,87007,1017.1,64793,290.0,-0.57,-0.000382,70060,294.3,-16.82,-0.014265,89129,313.0,-24.46,-0.030501,91.1,0.000000,639.5,775151,1778.3,81552,309.5,2.05,0.001625,83158,309.0,39.33,0.037663,86762,310.3,60.77,0.074411,451.1,0.056607,307.4,74163,371.2,78667,304.9,71.74,0.055705,78983,305.7,49.58,0.045579,88170,312.2,19.43,0.024018,631.1,0.000000,993.7,203190,462.2,111789,339.0,-1.10,-0.001094,114741,338.5,-9.59,-0.011573,89823,313.1,-38.76,-0.048693
272.10,0.0039434,0.052778,92296,89027,89116,90170,304.5,272.1,0.000000,114.6,86049,1013.9,64688,289.8,-0.40,-0.000272,69579,293.7,-14.93,-0.012597,89095,312.9,-24.36,-0.030370,92.1,0.000000,308.9,761938,1771.6,82333,310.3,2.04,0.001626,84048,309.9,40.82,0.039387,86694,310.4,60.73,0.074268,452.1,0.056066,306.9,73865,370.1,78312,304.5,71.30,0.055187,78868,305.6,49.84,0.045769,88149,312.2,20.90,0.025839,632.1,0.000000,100.0,207135,464.6,111236,338.5,-1.07,-0.001057,114856,338.6,-8.58,-0.010369,89668,313.1,-41.42,-0.051949
273.11,0.0039582,0.052694,91996,89089,89084,90206,304.4,273.1,0.000000,100.0,85093,1010.6,64625,289.8,-0.26,-0.000175,69131,293.2,-13.06,-0.010971,89065,312.9,-24.29,-0.030280,93.1,0.000000,251.5,749190,1764.9,83126,311.1,2.04,0.001642,85028,311.0,42.31,0.041167,86642,310.6,60.81,0.074275,453.1,0.055595,306.5,73573,369.0,77971,304.2,70.93,0.054731,78752,305.5,50.09,0.045953,88134,312.1,22.29,0.027553,633.1,0.000000,773.3,211222,467.0,110714,338.0,-1.02,-0.001004,114994,338.7,-7.49,-0.009052,89545,313.1,-43.75,-0.054790
274.04,0.0039716,0.052627,91711,89145,89054,90241,304.4,274.0,-0.000000,100.0,84238,1007.7,64598,289.7,-0.15,-0.000099,68752,292.7,-11.38,-0.009516,89040,312.9,-24.25,-0.030222,94.0,0.000000,308.1,737892,1759.0,83868,311.9,2.06,0.001670,86011,312.0,43.70,0.042870,86606,310.7,60.98,0.074421,454.0,0.055194,306.2,73312,368.0,77670,303.8,70.64,0.054361,78632,305.4,50.28,0.046073,88124,312.1,23.48,0.029026,634.0,0.000000,100.0,215100,469.2,110271,337.6,-0.96,-0.000941,115142,338.8,-6.39,-0.007734,89455,313.1,-45.66,-0.057115
275.06,0.0039863,0.052567,91410,89195,89029,90279,304.4,275.1,0.000000,11804.5,83282,1004.3,64597,289.7,-0.04,-0.000028,68377,292.3,-9.57,-0.007970,89015,312.8,-24.22,-0.030177,95.1,0.000000,200.8,725977,1752.6,84704,312.8,2.11,0.001717,87168,313.2,45.23,0.044793,86571,310.9,61.25,0.074677,455.1,0.054837,305.8,73034,367.0,77354,303.5,70.38,0.054005,78477,305.2,50.40,0.046117,88112,312.1,24.69,0.030524,635.1,0.000000,100.0,219478,471.7,109834,337.3,-0.87,-0.000857,115328,339.0,-5.08,-0.006151,89374,313.2,-47.55,-0.059416
276.07,0.0040010,0.052518,91128,89236,89019,90317,304.4,276.1,-0.000000,196.2,82329,1001.0,64619,289.8,0.04,0.000029,68041,291.8,-7.79,-0.006470,88994,312.8,-24.19,-0.030130,96.1,0.000000,100.0,714465,1746.4,85576,313.7,2.17,0.001785,88389,314.5,46.71,0.046726,86543,311.1,61.58,0.075009,456.1,0.054507,305.4,72766,366.0,77052,303.1,70.17,0.053694,78292,305.0,50.41,0.046050,88103,312.1,25.83,0.031934,636.1,0.000000,1072.2,224020,474.3,109454,336.9,-0.77,-0.000756,115542,339.2,-3.63,-0.004399,89309,313.2,-49.26,-0.061506
277.08,0.0040157,0.052480,90872,89283,89031,90355,304.4,277.1,0.000000,287.0,81372,997.6,64660,289.8,0.11,0.000074,67745,291.5,-6.07,-0.005023,88980,312.8,-24.11,-0.030032,97.1,0.000000,229.1,703336,1740.3,86498,314.7,2.27,0.001876,89641,315.7,48.07,0.048569,86527,311.3,61.96,0.075418,457.1,0.054217,305.1,72506,365.0,76763,302.8,70.01,0.053425,78077,304.7,50.32,0.045872,88105,312.1,26.93,0.033295,637.1,0.000000,171.0,228736,476.9,109138,336.6,-0.65,-0.000638,115788,339.4,-2.05,-0.002495,89267,313.3,-50.82,-0.063406
278.10,0.0040304,0.052451,90643,89351,89057,90392,304.4,278.1,0.000000,100.0,80275,993.8,64710,289.9,0.15,0.000101,67488,291.2,-4.41,-0.003641,88976,312.8,-23.96,-0.029839,98.1,0.000000,100.0,692575,1734.3,87483,315.7,2.39,0.001992,90880,317.0,49.21,0.050207,86525,311.5,62.39,0.075891,458.1,0.053962,304.8,72256,364.1,76489,302.5,69.89,0.053198,77829,304.5,50.12,0.045586,88118,312.1,28.01,0.034632,638.1,0.000000,353.5,233632,479.6,108895,336.4,-0.52,-0.000503,116062,339.6,-0.38,-0.000467,89251,313.4,-52.25,-0.065157
279.11,0.0040450,0.052430,90441,89468,89092,90429,304.5,279.1,-0.000000,511.5,79325,990.4,64766,289.9,0.18,0.000120,67268,290.9,-2.83,-0.002335,88983,312.8,-23.71,-0.029534,99.1,0.000000,296.9,682161,1728.4,88541,316.8,2.53,0.002131,92069,318.2,50.05,0.051539,86537,311.6,62.83,0.076397,459.1,0.053726,304.5,72016,363.1,76228,302.2,69.83,0.053021,77515,304.1,49.67,0.045049,88140,312.1,29.07,0.035948,639.1,0.000000,239.1,238721,482.3,108732,336.3,-0.36,-0.000354,116346,339.8,1.35,0.001641,89258,313.5,-53.60,-0.066814
280.04,0.0040585,0.052417,90275,89610,89133,90463,304.5,280.0,-0.000000,2432.3,78472,987.3,64821,290.0,0.19,0.000129,67095,290.7,-1.47,-0.001212,89000,312.8,-23.41,-0.029164,100.0,0.000000,211.3,672906,1723.1,89582,317.9,2.68,0.002270,93078,319.2,50.49,0.052394,86560,311.8,63.23,0.076868,460.0,0.053525,304.2,71805,362.3,76005,301.9,69.85,0.052928,77138,303.7,48.95,0.044244,88163,312.2,30.03,0.037135,640.0,0.000000,831.1,243565,484.8,108658,336.2,-0.21,-0.000206,116590,340.1,2.93,0.003575,89283,313.7,-54.79,-0.068291
281.05,0.0040732,0.052410,90112,89818,89183,90498,304.5,281.1,0.000000,171.8,77374,983.4,64881,290.1,0.20,0.000132,66937,290.5,-0.09,-0.000075,89028,312.8,-23.01,-0.028670,101.1,0.000000,121.2,663121,1717.4,90796,319.1,2.83,0.002426,94108,320.2,50.76,0.053088,86590,311.9,63.65,0.077354,461.1,0.053401,303.9,71585,361.5,75782,301.7,69.97,0.052909,76604,303.1,47.80,0.042989,88191,312.2,31.05,0.038409,641.1,0.000000,6520.0,249050,487.7,108661,336.2,-0.04,-0.000044,116799,340.2,4.56,0.005570,89323,313.8,-56.07,-0.069888
282.07,0.0040879,0.052408,89968,90163,89241,90533,304.6,282.1,-0.000000,106.4,76426,979.9,64940,290.2,0.19,0.000131,66809,290.3,1.18,0.000970,89064,312.9,-22.54,-0.028090,102.1,0.000000,100.0,653646,1711.8,92090,320.4,2.98,0.002582,95057,321.1,50.66,0.053364,86628,312.1,64.00,0.077784,462.1,0.053360,303.7,71379,360.7,75584,301.4,70.18,0.052966,75945,302.4,46.27,0.041360,88221,312.2,32.06,0.039667,642.1,0.000000,893.7,254757,490.6,108739,336.3,0.11,0.000111,116920,340.3,6.01,0.007354,89366,313.9,-57.34,-0.071471
283.08,0.0041026,0.052411,89838,90585,89318,90567,304.7,283.1,0.000000,398.6,75478,976.4,64996,290.2,0.19,0.000127,66716,290.2,2.35,0.001924,89116,312.9,-21.99,-0.027418,103.1,0.000000,298.2,644476,1706.4,93465,321.7,3.13,0.002736,95914,321.9,50.25,0.053279,86680,312.3,64.30,0.078150,463.1,0.053403,303.5,71186,359.9,75407,301.3,70.46,0.053088,75189,301.5,44.42,0.039424,88258,312.3,33.08,0.040934,643.1,0.000000,100.0,260693,493.6,108915,336.4,0.30,0.000289,116971,340.4,7.32,0.008956,89415,314.1,-58.57,-0.073014
284.10,0.0041173,0.052419,89723,90998,89430,90600,304.8,284.1,0.000000,362.1,74529,972.8,65050,290.3,0.18,0.000122,66664,290.2,3.41,0.002789,89191,313.0,-21.35,-0.026633,104.1,0.000000,3677.3,635603,1701.1,94924,323.2,3.28,0.002896,96667,322.7,49.65,0.052933,86761,312.4,64.52,0.078455,464.1,0.053511,303.3,71008,359.1,75251,301.1,70.78,0.053253,74364,300.6,42.34,0.037281,88313,312.4,34.14,0.042256,644.1,0.000000,177.0,266867,496.6,109184,336.7,0.48,0.000467,116988,340.4,8.48,0.010383,89480,314.2,-59.74,-0.074481
285.11,0.0041320,0.052431,89624,91317,89607,90630,305.0,285.1,0.000000,100.0,73441,968.8,65104,290.4,0.18,0.000121,66658,290.2,4.39,0.003593,89303,313.1,-20.55,-0.025669,105.1,0.000000,417.7,627012,1695.8,96480,324.7,3.44,0.003077,97341,323.3,48.88,0.052364,86892,312.6,64.72,0.078772,465.1,0.053660,303.2,70845,358.4,75109,300.9,71.12,0.053436,73497,299.5,40.12,0.035025,88393,312.5,35.29,0.043706,645.1,0.000000,516.6,273292,499.7,109540,337.0,0.65,0.000638,116912,340.3,9.48,0.011597,89576,314.4,-60.77,-0.075812
286.04,0.0041455,0.052444,89550,91509,89826,90656,305.2,286.0,-0.000000,306.8,72601,965.6,65155,290.4,0.18,0.000122,66686,290.2,5.28,0.004324,89455,313.3,-19.65,-0.024574,106.0,0.000000,100.0,619376,1691.1,98010,326.1,3.62,0.003273,97902,323.8,48.03,0.051671,87060,312.8,64.95,0.079154,466.0,0.053814,303.1,70709,357.7,74988,300.8,71.41,0.053593,72690,298.6,38.03,0.032941,88505,312.6,36.47,0.045214,646.0,0.000000,1465.5,279413,502.6,109941,337.3,0.80,0.000789,116762,340.2,10.22,0.012487,89720,314.6,-61.57,-0.076890
287.05,0.0041602,0.052461,89489,91618,90141,90681,305.5,287.1,-0.000000,178.9,71654,961.9,65215,290.5,0.19,0.000132,66763,290.3,6.26,0.005125,89685,313.5,-18.47,-0.023137,107.1,0.000000,749.2,611298,1686.1,99812,327.8,3.84,0.003524,98462,324.4,46.99,0.050754,87299,313.0,65.26,0.079689,467.1,0.053951,303.0,70575,357.0,74859,300.6,71.67,0.053718,71820,297.6,35.79,0.030738,88688,312.7,37.91,0.047069,647.1,0.000000,100.0,286356,505.8,110461,337.8,0.97,0.000955,116528,340.0,10.81,0.013188,89936,314.9,-62.27,-0.077881
288.07,0.0041749,0.052480,89453,91648,90650,90701,306.0,288.1,0.000000,175.6,70566,957.8,65285,290.6,0.22,0.000151,66888,290.4,7.23,0.005934,90023,313.8,-16.96,-0.021302,108.1,0.000000,100.0,603475,1681.1,101763,329.6,4.09,0.003797,98976,324.9,45.83,0.049688,87638,313.3,65.70,0.080467,468.1,0.054044,302.9,70454,356.4,74727,300.5,71.81,0.053753,70990,296.6,33.69,0.028698,88963,313.0,39.62,0.049319,648.1,0.000000,607.3,293588,509.1,111076,338.3,1.15,0.001135,116222,339.8,11.20,0.013644,90251,315.2,-62.62,-0.078509
289.08,0.0041896,0.052499,89455,91636,91291,90713,306.6,289.1,0.000000,1712.0,69622,954.1,65372,290.7,0.27,0.000183,67059,290.7,8.22,0.006751,90516,314.3,-15.00,-0.018910,109.1,0.000000,100.0,595895,1676.3,103844,331.5,4.28,0.004035,99454,325.3,44.59,0.048501,88111,313.6,66.36,0.081627,469.1,0.054057,302.8,70345,355.8,74585,300.3,71.77,0.053648,70225,295.7,31.83,0.026905,89369,313.3,41.72,0.052110,649.1,0.000000,331.9,301125,512.5,111800,339.0,1.35,0.001337,115852,339.5,11.41,0.013862,90712,315.7,-62.63,-0.078796
290.10,0.0042043,0.052516,89581,91604,91921,90717,307.2,290.1,0.000000,100.0,68678,950.3,65480,290.9,0.33,0.000226,67269,290.9,9.19,0.007570,91114,314.9,-12.75,-0.016153,110.1,0.000000,511.8,588549,1671.5,105978,333.5,4.34,0.004151,99909,325.8,43.26,0.047215,88665,314.0,67.14,0.082997,470.1,0.053871,302.6,70245,355.2,74424,300.2,71.56,0.053406,69551,294.9,30.30,0.025429,89854,313.6,44.01,0.055219,650.1,0.000000,100.0,308986,516.0,112643,339.7,1.56,0.001558,115438,339.1,11.42,0.013847,91252,316.3,-62.30,-0.078698
291.12,0.0042191,0.052526,89767,91570,92409,90713,307.6,291.1,0.000000,1123.9,67733,946.5,65612,291.0,0.41,0.000277,67506,291.2,10.14,0.008368,91708,315.5,-10.53,-0.013407,111.1,0.000000,319.0,581426,1666.9,108115,335.4,4.28,0.004156,100354,326.2,41.88,0.045848,89215,314.4,67.73,0.084143,471.1,0.053531,302.4,70151,354.6,74254,300.0,71.24,0.053078,68986,294.2,29.15,0.024320,90320,313.9,46.26,0.058281,651.1,0.000000,608.0,317190,519.5,113606,340.5,1.77,0.001782,115011,338.8,11.27,0.013624,91806,316.9,-61.77,-0.078356
292.05,0.0042326,0.052531,89849,91539,92696,90705,307.9,292.0,0.000000,178.9,66739,942.6,65755,291.2,0.48,0.000327,67733,291.5,10.95,0.009058,92156,315.9,-8.78,-0.011218,112.0,0.000000,322.1,575084,1662.7,110016,337.1,4.12,0.004046,100764,326.6,40.56,0.044528,89646,314.7,67.95,0.084746,472.0,0.053106,302.2,70069,354.1,74080,299.8,70.80,0.052661,68566,293.7,28.45,0.023634,90655,314.1,48.05,0.060729,652.0,0.000000,100.0,325030,522.8,114579,341.3,1.94,0.001963,114588,338.4,10.95,0.013201,92238,317.3,-61.41,-0.078163
293.07,0.0042474,0.052533,89931,91512,92850,90695,308.1,293.1,-0.000000,283.9,65792,938.7,65935,291.4,0.56,0.000380,67980,291.8,11.74,0.009737,92492,316.3,-7.30,-0.009346,113.1,0.000000,1818.1,568362,1658.2,111968,338.8,3.82,0.003804,101225,327.0,39.05,0.043015,90012,314.9,67.81,0.084853,473.1,0.052502,301.9,69982,353.5,73849,299.5,70.07,0.052000,68203,293.2,28.05,0.023220,90889,314.2,49.63,0.062859,653.1,0.000000,397.4,333952,526.5,115706,342.3,2.07,0.002102,114082,338.0,10.39,0.012490,92572,317.6,-61.35,-0.078280
294.09,0.0042622,0.052533,90006,91522,92881,90683,308.1,294.1,-0.000000,100.0,64842,934.8,66135,291.7,0.62,0.000426,68213,292.1,12.41,0.010321,92669,316.4,-6.24,-0.008001,114.1,0.000000,254.0,561835,1653.8,113736,340.3,3.43,0.003452,101708,327.5,37.48,0.041420,90258,315.1,67.18,0.084269,474.1,0.051588,301.6,69893,353.0,73562,299.2,68.97,0.051043,67919,292.9,27.88,0.023007,90986,314.2,50.82,0.064427,654.1,0.000000,411.2,343285,530.3,116851,343.2,2.10,0.002150,113537,337.5,9.61,0.011515,92750,317.8,-61.51,-0.078596
295.11,0.0042770,0.052529,90074,91581,92836,90672,308.0,295.1,0.000000,100.0,64038,931.3,66351,292.0,0.68,0.000463,68424,292.3,12.95,0.010798,92719,316.5,-5.51,-0.007067,115.1,0.000000,2337.4,555502,1649.5,115273,341.6,2.97,0.003014,102223,328.0,35.83,0.039737,90407,315.1,66.17,0.083126,475.1,0.050312,301.1,69796,352.5,73211,298.8,67.44,0.049734,67756,292.7,28.02,0.023082,90977,314.2,51.75,0.065614,655.1,0.000000,100.0,353046,534.1,117967,344.2,2.04,0.002109,112971,337.1,8.63,0.010298,92812,317.9,-61.87,-0.079085
296.05,0.0042906,0.052525,90122,91644,92754,90663,308.0,296.0,0.000000,100.0,63189,927.7,66559,292.2,0.71,0.000488,68594,292.5,13.34,0.011142,92677,316.4,-4.99,-0.006402,116.0,0.000000,109.6,549868,1645.6,116455,342.6,2.51,0.002566,102724,328.4,34.24,0.038112,90480,315.1,65.03,0.081754,476.0,0.048731,300.6,69697,352.0,72839,298.4,65.63,0.048222,67707,292.6,28.66,0.023596,90910,314.1,52.46,0.066477,656.0,0.000000,540.6,362380,537.8,118922,345.0,1.92,0.001992,112451,336.6,7.56,0.008991,92814,317.9,-62.48,-0.079867
297.07,0.0043054,0.052518,90148,91686,92634,90655,307.8,297.1,0.000000,100.0,62232,923.7,66793,292.5,0.74,0.000508,68755,292.7,13.66,0.011424,92588,316.4,-4.46,-0.005717,117.1,0.000000,1667.5,543901,1641.4,117490,343.4,2.00,0.002062,103308,329.0,32.43,0.036240,90526,315.1,63.65,0.080048,477.1,0.045232,300.1,69552,351.5,72609,298.2,62.08,0.045500,67733,292.7,29.69,0.024452,90794,314.1,53.08,0.067190,657.1,0.000000,543.8,373008,541.8,119851,345.7,1.71,0.001789,111896,336.1,6.23,0.007386,92746,317.9,-63.28,-0.080837
298.10,0.0043202,0.052511,90145,91679,92469,90649,307.7,298.1,-0.000000,100.0,61274,919.5,67034,292.8,0.76,0.000526,68891,292.9,13.88,0.011624,92470,316.2,-4.04,-0.005170,118.1,0.000000,619.8,538116,1637.3,118269,344.1,1.52,0.001575,103934,329.5,30.52,0.034248,90543,315.1,62.13,0.078162,478.1,0.044558,299.3,69408,351.0,71982,297.5,59.75,0.043520,67818,292.8,31.07,0.025615,90651,314.0,53.57,0.067709,658.1,0.000000,1284.5,384125,545.9,120631,346.4,1.45,0.001522,111359,335.7,4.76,0.005623,92587,317.7,-64.03,-0.081694
299.04,0.0043339,0.052505,90129,91633,92298,90645,307.5,299.0,-0.000000,208.3,60413,915.8,67265,293.1,0.79,0.000545,68998,293.0,14.02,0.011755,92330,316.1,-3.75,-0.004796,119.0,0.000000,100.0,532967,1633.7,118779,344.5,1.12,0.001166,104550,330.1,28.66,0.032298,90535,315.1,60.66,0.076308,479.0,0.040519,298.7,69238,350.5,71691,297.2,56.16,0.040781,67999,293.0,32.75,0.027048,90498,313.9,53.91,0.068052,659.0,0.000000,369.0,394770,549.8,121196,346.8,1.18,0.001237,110887,335.3,3.30,0.003887,92418,317.6,-64.73,-0.082472
300.06,0.0043487,0.052499,90109,91554,92091,90643,307.3,300.1,0.000000,133.0,59595,912.1,67533,293.4,0.83,0.000577,69103,293.2,14.13,0.011863,92139,315.9,-3.44,-0.004393,120.1,0.000000,238.5,527512,1629.8,119143,344.8,0.75,0.000776,105275,330.8,26.49,0.030007,90500,315.1,58.99,0.074184,480.1,0.038196,298.1,69032,349.9,71356,296.8,52.31,0.037854,68377,293.4,35.04,0.029051,90304,313.8,54.22,0.068319,660.1,0.000000,126.7,406905,554.1,121637,347.2,0.86,0.000903,110396,334.9,1.59,0.001872,92229,317.4,-65.56,-0.083412
301.09,0.0043636,0.052494,90095,91454,91861,90644,307.1,301.1,0.000000,2233.0,58616,907.7,67827,293.8,0.90,0.000627,69202,293.3,14.23,0.011957,91912,315.7,-3.09,-0.003933,121.1,0.000000,113.2,522222,1625.9,119341,345.0,0.43,0.000451,106065,331.5,24.16,0.027512,90434,315.0,57.27,0.071985,481.1,0.037124,297.2,68824,349.4,70595,295.9,49.87,0.035812,68876,294.1,37.76,0.031469,90086,313.7,54.48,0.068516,661.1,0.000000,153.2,419617,558.5,121893,347.4,0.53,0.000562,109940,334.5,-0.23,-0.000270,92000,317.2,-66.34,-0.084257
302.12,0.0043785,0.052489,90078,91348,91628,90648,306.9,302.1,0.000000,4168.9,57787,903.9,68157,294.2,1.00,0.000699,69305,293.4,14.33,0.012055,91664,315.5,-2.66,-0.003381,122.1,0.000000,100.0,517059,1622.1,119407,345.0,0.18,0.000191,106927,332.3,21.64,0.024785,90346,314.9,55.53,0.069747,482.1,0.033213,296.6,68577,348.8,70192,295.5,46.33,0.033131,69425,294.7,40.65,0.034071,89860,313.5,54.72,0.068673,662.1,0.000000,102.0,432936,563.0,121967,347.5,0.21,0.000225,109524,334.1,-2.18,-0.002545,91760,317.0,-67.09,-0.085046
303.06,0.0043921,0.052486,90063,91250,91422,90653,306.7,303.1,-0.000000,211.8,57071,900.5,68501,294.6,1.12,0.000784,69408,293.5,14.45,0.012164,91434,315.2,-2.17,-0.002762,123.1,0.000000,548.3,512323,1618.2,119375,345.0,0.00,0.000001,107785,333.0,19.16,0.022068,90254,314.9,53.94,0.067701,483.1,0.030851,296.0,68335,348.3,69926,295.2,43.13,0.030752,69926,295.3,43.24,0.036434,89653,313.4,54.92,0.068791,663.1,0.000000,578.2,445707,567.2,121898,347.4,-0.04,-0.000045,109187,333.8,-4.09,-0.004759,91543,316.8,-67.77,-0.085747
304.09,0.0044070,0.052482,90054,91130,91209,90661,306.5,304.1,0.000000,244.3,56107,896.1,68925,295.1,1.27,0.000891,69539,293.7,14.62,0.012324,91188,315.0,-1.53,-0.001934,124.1,0.000000,289.3,507306,1614.0,119259,344.9,-0.16,-0.000168,108788,333.9,16.29,0.018882,90149,314.8,52.24,0.065513,484.1,0.030217,295.3,68076,347.8,69292,294.4,41.14,0.029143,70444,295.9,45.91,0.038889,89437,313.3,55.12,0.068905,664.1,0.000000,593.3,460275,571.9,121680,347.2,-0.31,-0.000329,108872,333.5,-6.30,-0.007327,91308,316.6,-68.43,-0.086424
305.11,0.0044220,0.052479,90055,91008,91008,90670,306.3,305.1,0.000000,100.0,55314,892.3,69401,295.7,1.41,0.000999,69699,293.9,14.84,0.012538,90942,314.7,-0.69,-0.000871,125.1,0.000000,112.7,502440,1609.9,119094,344.8,-0.26,-0.000270,109841,334.8,13.29,0.015514,90042,314.7,50.61,0.063405,485.1,0.028227,294.7,67805,347.2,68844,293.9,39.18,0.027626,70926,296.5,48.39,0.041188,89236,313.2,55.32,0.069014,665.1,0.000000,100.0,475542,576.7,121299,346.9,-0.59,-0.000623,108613,333.3,-8.67,-0.010064,91077,316.4,-68.99,-0.086963
306.06,0.0044356,0.052476,90064,90900,90838,90680,306.1,306.1,0.000000,368.5,54482,888.4,69873,296.3,1.53,0.001083,69878,294.1,15.11,0.012788,90707,314.5,0.25,0.000311,126.1,0.000000,195.3,498106,1606.2,118914,344.6,-0.32,-0.000337,110821,335.7,10.51,0.012343,89940,314.6,49.17,0.061555,486.1,0.026819,294.2,67552,346.7,68522,293.5,37.63,0.026443,71345,297.0,50.49,0.043154,89066,313.1,55.49,0.069114,666.1,0.000000,100.0,490185,581.2,120815,346.5,-0.84,-0.000882,108421,333.1,-10.98,-0.012724,90874,316.2,-69.38,-0.087309
307.09,0.0044505,0.052472,90078,90777,90658,90691,305.9,307.1,-0.000000,316.7,53716,884.6,70411,297.0,1.60,0.001143,70113,294.4,15.47,0.013125,90433,314.2,1.43,0.001804,127.1,0.000000,217.3,493512,1602.2,118693,344.4,-0.37,-0.000388,111868,336.6,7.53,0.008903,89830,314.5,47.70,0.059660,487.1,0.025802,293.8,67278,346.2,68223,293.1,36.28,0.025419,71788,297.5,52.59,0.045150,88896,313.0,55.67,0.069224,667.1,0.000000,392.6,506902,586.2,120152,346.0,-1.10,-0.001146,108249,333.0,-13.63,-0.015777,90668,316.0,-69.69,-0.087540
308.11,0.0044654,0.052468,90100,90658,90485,90702,305.8,308.1,-0.000000,100.0,52960,880.8,70944,297.6,1.60,0.001149,70388,294.7,15.91,0.013528,90187,314.0,2.82,0.003548,128.1,0.000000,100.0,489051,1598.3,118456,344.2,-0.41,-0.000424,112847,337.4,4.71,0.005604,89719,314.3,46.34,0.057914,488.1,0.025079,293.4,67009,345.7,67974,292.8,35.37,0.024715,72227,298.0,54.50,0.046998,88734,313.0,55.84,0.069319,668.1,0.000000,100.0,524435,591.3,119362,345.3,-1.33,-0.001384,108095,332.8,-16.39,-0.018954,90474,315.9,-69.88,-0.087638
309.06,0.0044791,0.052464,90127,90559,90331,90711,305.6,309.1,0.000000,264.5,52172,876.9,71412,298.2,1.54,0.001114,70671,295.1,16.35,0.013950,89978,313.8,4.24,0.005317,129.1,0.000000,100.0,485072,1594.8,118228,344.0,-0.43,-0.000446,113650,338.1,2.35,0.002808,89613,314.2,45.21,0.056455,489.1,0.024768,293.1,66772,345.2,67803,292.6,35.03,0.024433,72633,298.5,56.09,0.048562,88591,312.9,55.97,0.069390,669.1,0.000000,3078.9,541263,596.1,118541,344.6,-1.52,-0.001578,107950,332.7,-18.98,-0.021937,90303,315.8,-69.97,-0.087615
310.09,0.0044940,0.052457,90161,90465,90168,90721,305.5,310.1,0.000000,1274.4,51440,873.1,71882,298.7,1.43,0.001034,71010,295.5,16.89,0.014457,89762,313.6,5.90,0.007399,130.1,0.000000,100.0,480846,1591.1,117977,343.8,-0.44,-0.000456,114393,338.8,0.08,0.000097,89489,314.1,44.11,0.055030,490.1,0.024772,292.8,66526,344.7,67657,292.4,35.26,0.024553,73085,299.0,57.63,0.050122,88436,312.8,56.10,0.069449,670.1,0.000000,100.0,560489,601.4,117555,343.8,-1.71,-0.001761,107764,332.5,-21.85,-0.025214,90121,315.6,-69.98,-0.087496
311.11,0.0045089,0.052450,90208,90408,90010,90730,305.3,311.1,0.000000,174.8,50574,868.7,72296,299.2,1.27,0.000923,71376,295.9,17.45,0.014990,89556,313.3,7.68,0.009609,131.1,0.000000,100.0,476732,1587.4,117728,343.6,-0.44,-0.000454,114981,339.3,-1.82,-0.002196,89357,313.9,43.16,0.053789,491.1,0.025105,292.5,66299,344.3,67556,292.3,36.07,0.025091,73553,299.6,58.97,0.051519,88284,312.7,56.22,0.069492,671.1,0.000000,102.8,580668,606.8,116491,342.9,-1.87,-0.001916,107521,332.3,-24.69,-0.028451,89946,315.5,-69.96,-0.087336
312.06,0.0045226,0.052441,90272,90421,89870,90737,305.2,312.1,0.000000,371.0,49810,864.8,72621,299.6,1.10,0.000805,71730,296.3,17.96,0.015483,89375,313.1,9.38,0.011724,132.1,0.000000,191.9,473054,1584.1,117505,343.4,-0.44,-0.000449,115381,339.6,-3.24,-0.003911,89230,313.7,42.42,0.052825,492.1,0.025792,292.4,66110,343.9,67547,292.3,37.38,0.025999,74001,300.1,60.00,0.052647,88148,312.6,56.31,0.069520,672.1,0.000000,1239.8,600050,611.9,115459,342.1,-2.00,-0.002033,107230,332.0,-27.23,-0.031324,89791,315.3,-69.92,-0.087168
313.09,0.0045375,0.052429,90381,90406,89726,90742,305.0,313.1,-0.000000,100.0,48950,860.3,72917,299.9,0.92,0.000674,72124,296.8,18.50,0.016011,89185,312.9,11.31,0.014110,133.1,0.000000,1074.4,469138,1580.5,117265,343.2,-0.43,-0.000441,115679,339.8,-4.44,-0.005380,89088,313.5,41.78,0.051971,493.1,0.026993,292.3,65931,343.5,67597,292.4,39.43,0.027442,74511,300.7,60.90,0.053706,88004,312.5,56.39,0.069540,673.1,0.000000,100.0,622210,617.5,114287,341.1,-2.12,-0.002135,106821,331.6,-29.90,-0.034300,89630,315.2,-69.84,-0.086956
314.12,0.0045524,0.052412,90536,90357,89592,90745,304.9,314.1,-0.000000,136.8,48231,856.4,73156,300.2,0.75,0.000551,72517,297.2,19.00,0.016506,89005,312.7,13.29,0.016562,134.1,0.000000,100.0,465315,1576.9,117028,343.0,-0.42,-0.000436,115860,340.0,-5.35,-0.006486,88945,313.3,41.31,0.051339,494.1,0.028746,292.5,65786,343.1,67727,292.6,42.22,0.029422,75038,301.2,61.58,0.054588,87868,312.4,56.47,0.069556,674.1,0.000000,170.3,645486,623.3,113081,340.0,-2.21,-0.002210,106307,331.2,-32.43,-0.037069,89474,315.1,-69.73,-0.086700
315.06,0.0045661,0.052391,90729,90309,89477,90746,304.8,315.1,-0.000000,100.0,48108,855.1,73336,300.4,0.62,0.000456,72871,297.7,19.39,0.016906,88848,312.5,15.15,0.018859,135.1,0.000000,2868.9,461891,1573.8,116810,342.9,-0.42,-0.000435,115951,340.1,-5.96,-0.007236,88819,313.2,41.04,0.050964,495.1,0.030925,292.7,65688,342.8,67927,292.8,45.41,0.031709,75529,301.8,62.05,0.055257,87749,312.2,56.54,0.069576,675.1,0.000000,100.0,667846,628.7,111958,339.1,-2.27,-0.002257,105745,330.7,-34.60,-0.039404,89333,315.0,-69.57,-0.086392
316.09,0.0045810,0.052358,91063,90249,89367,90743,304.7,316.1,-0.000000,172.6,48991,857.9,73501,300.6,0.51,0.000377,73244,298.1,19.72,0.017255,88687,312.3,17.22,0.021407,136.1,0.000000,1179.4,458235,1570.3,116572,342.7,-0.43,-0.000437,115992,340.1,-6.46,-0.007834,88686,313.0,40.89,0.050738,496.1,0.033527,293.2,65625,342.5,68213,293.2,49.37,0.034581,76065,302.4,62.41,0.055868,87630,312.1,56.63,0.069612,676.1,0.000000,449.7,693410,634.6,110722,338.0,-2.32,-0.002289,105039,330.0,-36.81,-0.041720,89188,314.9,-69.32,-0.085979
317.03,0.0045947,0.052317,91466,90189,89305,90738,304.6,317.0,0.000000,100.0,51369,866.9,73635,300.8,0.45,0.000332,73566,298.5,19.88,0.017450,88554,312.1,19.16,0.023799,137.0,0.000000,100.0,454954,1567.2,116352,342.5,-0.43,-0.000441,116001,340.1,-6.77,-0.008213,88570,312.8,40.85,0.050650,497.0,0.036363,293.7,65608,342.3,68513,293.5,53.21,0.037383,76550,302.9,62.66,0.056350,87533,312.0,56.72,0.069683,677.0,0.000000,1933.4,717962,640.2,109589,337.0,-2.35,-0.002303,104315,329.3,-38.68,-0.043626,89069,314.8,-69.02,-0.085518
318.06,0.0046096,0.052256,91900,90110,89337,90727,304.6,318.1,-0.000000,355.2,55368,882.8,73780,300.9,0.43,0.000316,73906,298.9,19.90,0.017522,88450,312.0,21.42,0.026591,138.1,0.000000,243.7,451448,1563.9,116108,342.3,-0.44,-0.000447,115989,340.1,-6.93,-0.008413,88480,312.6,40.96,0.050767,498.1,0.039221,294.4,65636,342.1,68841,294.0,57.26,0.040365,77064,303.5,62.87,0.056812,87465,311.8,56.93,0.069911,678.1,0.000000,420.7,746006,646.4,108358,335.9,-2.37,-0.002306,103451,328.5,-40.55,-0.045467,88978,314.7,-68.54,-0.084843
319.09,0.0046244,0.052182,92233,90016,89348,90711,304.6,319.1,-0.000000,170.1,59994,900.4,73937,301.1,0.45,0.000332,74238,299.3,19.75,0.017451,88389,311.8,23.80,0.029543,139.1,0.000000,100.0,448011,1560.5,115860,342.1,-0.45,-0.000454,115950,340.0,-6.92,-0.008394,88433,312.4,41.21,0.051078,499.1,0.041998,295.1,65707,342.0,69171,294.4,61.00,0.043145,77555,304.0,63.04,0.057229,87435,311.7,57.23,0.070288,679.1,0.000000,100.0,775432,652.7,107136,334.8,-2.39,-0.002301,102522,327.7,-42.24,-0.047062,88930,314.7,-67.87,-0.083974
320.11,0.0046393,0.052098,92437,89911,89308,90691,304.6,320.1,-0.000000,100.0,65189,919.1,74122,301.3,0.51,0.000380,74563,299.6,19.44,0.017226,88327,311.6,26.12,0.032417,140.1,0.000000,142.3,444639,1557.3,115609,341.8,-0.45,-0.000462,115891,340.0,-6.81,-0.008266,88392,312.2,41.46,0.051398,500.1,0.044550,295.9,65820,341.9,69518,294.8,64.39,0.045705,78011,304.5,63.19,0.057612,87402,311.5,57.51,0.070649,680.1,0.000000,331.1,806308,659.1,105923,333.7,-2.40,-0.002294,101537,326.8,-43.75,-0.048413,88884,314.7,-67.12,-0.083000
321.05,0.0046529,0.052018,92528,89811,89270,90669,304.6,321.1,0.000000,217.2,70062,935.3,74327,301.6,0.61,0.000451,74857,300.0,19.00,0.016888,88261,311.5,28.17,0.034948,141.1,0.000000,100.0,441598,1554.3,115375,341.7,-0.46,-0.000468,115818,339.9,-6.61,-0.008018,88349,312.0,41.68,0.051680,501.1,0.046787,296.6,65956,341.8,69850,295.2,67.19,0.047849,78397,304.9,63.33,0.057943,87365,311.4,57.75,0.070950,681.1,0.000000,191.9,835942,665.1,104818,332.7,-2.41,-0.002288,100594,325.9,-44.98,-0.049443,88839,314.7,-66.37,-0.082033
322.08,0.0046678,0.051929,92551,89704,89224,90640,304.5,322.1,0.000000,337.0,75883,953.4,74603,301.9,0.75,0.000555,75175,300.3,18.39,0.016396,88179,311.2,30.31,0.037602,142.1,0.000000,216.9,438329,1551.1,115119,341.4,-0.47,-0.000473,115732,339.9,-6.31,-0.007642,88300,311.8,41.91,0.051974,502.1,0.048819,297.4,66139,341.8,70228,295.7,69.90,0.049971,78777,305.3,63.48,0.058287,87316,311.2,58.00,0.071255,682.1,0.000000,469.9,869782,671.7,103618,331.6,-2.43,-0.002287,99531,324.9,-46.15,-0.050347,88791,314.7,-65.50,-0.080922
323.10,0.0046826,0.051841,92523,89606,89173,90607,304.5,323.1,0.000036,303.1,81728,970.1,74925,302.3,0.91,0.000682,75488,300.7,17.68,0.015805,88086,311.0,32.38,0.040150,143.1,0.000000,100.0,435103,1547.9,114860,341.2,-0.47,-0.000477,115646,339.8,-5.95,-0.007212,88251,311.5,42.11,0.052233,503.1,0.050735,298.1,66354,341.8,70622,296.2,72.28,0.051876,79104,305.6,63.72,0.058694,87260,311.0,58.22,0.071537,683.1,0.000000,261.8,905264,678.4,102418,330.5,-2.46,-0.002293,98443,323.8,-47.14,-0.051033,88746,314.6,-64.62,-0.079798
324.04,0.0046962,0.051764,92475,89544,89113,90573,304.4,324.0,0.000161,303.6,87122,984.2,75238,302.6,1.11,0.000828,75767,301.0,16.97,0.015208,87990,310.8,34.19,0.042387,144.0,0.000000,312.4,432180,1545.0,114624,341.0,-0.47,-0.000478,115573,339.7,-5.62,-0.006798,88208,311.4,42.25,0.052407,504.0,0.052386,298.8,66577,341.9,70993,296.6,74.19,0.053445,79366,305.9,64.11,0.059192,87203,310.8,58.42,0.071770,684.0,0.000000,318.6,939288,684.7,101313,329.5,-2.49,-0.002307,97433,322.9,-47.91,-0.051483,88699,314.6,-63.80,-0.078755
325.06,0.0047110,0.051682,92399,89481,89029,90533,304.3,325.1,0.000188,304.2,92884,998.1,75653,303.1,1.34,0.001006,76059,301.3,16.17,0.014533,87870,310.5,36.08,0.044707,145.1,0.000000,4096.5,429025,1541.8,114368,340.8,-0.47,-0.000475,115499,339.6,-5.25,-0.006347,88168,311.2,42.29,0.052471,505.1,0.053866,299.6,66847,342.0,71409,297.1,76.00,0.054975,79613,306.1,64.63,0.059810,87129,310.6,58.60,0.071982,685.1,0.000000,238.5,978103,691.6,100098,328.4,-2.54,-0.002332,96325,321.8,-48.59,-0.051796,88635,314.6,-62.91,-0.077613
326.08,0.0047258,0.051605,92286,89401,88931,90489,304.2,326.1,0.000201,304.7,98366,1010.3,76142,303.7,1.55,0.001173,76331,301.7,15.39,0.013869,87733,310.2,37.87,0.046898,146.1,0.000000,100.0,425898,1538.6,114116,340.6,-0.47,-0.000470,115432,339.6,-4.87,-0.005888,88125,311.0,42.22,0.052383,506.1,0.055243,300.3,67142,342.1,71832,297.7,77.55,0.056330,79822,306.3,65.24,0.060496,87044,310.3,58.75,0.072145,686.1,0.000000,100.0,1018754,698.6,98869,327.2,-2.60,-0.002367,95220,320.7,-49.13,-0.051937,88557,314.5,-62.04,-0.076483
327.10,0.0047406,0.051533,92163,89323,88830,90442,304.1,327.1,0.000185,305.1,103535,1020.9,76695,304.3,1.71,0.001298,76579,301.9,14.67,0.013248,87583,309.9,39.58,0.048977,147.1,0.000000,100.0,422794,1535.5,113870,340.4,-0.46,-0.000460,115386,339.5,-4.46,-0.005389,88072,310.8,41.98,0.052089,507.1,0.056461,301.0,67460,342.2,72262,298.2,78.86,0.057524,80034,306.5,65.99,0.061313,86949,310.1,58.87,0.072268,687.1,0.000000,402.7,1061303,705.6,97621,326.0,-2.67,-0.002410,94125,319.7,-49.52,-0.051925,88468,314.4,-61.17,-0.075355
328.04,0.0047542,0.051473,92040,89253,88742,90397,304.0,328.0,0.000128,305.6,107906,1029.2,77247,304.9,1.78,0.001355,76782,302.2,14.08,0.012741,87440,309.7,41.10,0.050811,148.0,0.000000,347.3,419965,1532.6,113652,340.2,-0.44,-0.000447,115365,339.5,-4.04,-0.004881,88023,310.6,41.62,0.051651,508.0,0.057494,301.6,67771,342.4,72660,298.7,79.87,0.058491,80244,306.7,66.89,0.062268,86857,309.9,58.97,0.072368,688.0,0.000000,731.8,1102020,712.2,96458,324.9,-2.74,-0.002453,93138,318.7,-49.77,-0.051793,88381,314.4,-60.35,-0.074293
329.06,0.0047689,0.051412,91884,89181,88652,90345,303.9,329.1,0.000025,934.9,112194,1036.9,77882,305.6,1.73,0.001331,76979,302.4,13.55,0.012282,87284,309.4,42.70,0.052751,149.1,0.000000,669.8,416892,1529.5,113428,340.0,-0.42,-0.000423,115362,339.5,-3.52,-0.004252,87988,310.4,41.11,0.051028,509.1,0.058402,302.3,68130,342.6,73099,299.2,80.80,0.059418,80500,307.0,68.21,0.063646,86758,309.7,59.09,0.072478,689.1,0.000000,119.3,1148336,719.4,95171,323.7,-2.83,-0.002502,92083,317.7,-49.92,-0.051534,88287,314.3,-59.42,-0.073095
330.08,0.0047837,0.051359,91718,89111,88565,90290,303.9,330.1,-0.000056,934.0,115863,1043.0,78531,306.4,1.55,0.001196,77160,302.6,13.14,0.011936,87131,309.1,44.26,0.054624,150.1,0.000000,148.6,413826,1526.3,113225,339.8,-0.39,-0.000388,115414,339.6,-2.89,-0.003497,87977,310.2,40.45,0.050234,510.1,0.059232,302.9,68506,342.8,73541,299.7,81.54,0.060217,80797,307.3,69.96,0.065461,86659,309.5,59.21,0.072592,690.1,0.000000,901.7,1196642,726.7,93866,322.4,-2.91,-0.002549,91057,316.7,-49.97,-0.051170,88199,314.2,-58.47,-0.071866
331.09,0.0047985,0.051312,91555,89038,88489,90233,303.8,331.1,-0.000144,933.3,119040,1047.7,79183,307.4,1.23,0.000957,77340,302.8,12.89,0.011725,86983,308.8,45.76,0.056435,151.1,0.000000,404.0,410765,1523.2,113050,339.7,-0.34,-0.000340,115537,339.7,-2.11,-0.002553,87988,310.1,39.62,0.049230,511.1,0.059945,303.6,68900,343.1,73983,300.3,82.11,0.060897,81135,307.6,72.15,0.067718,86564,309.3,59.33,0.072718,691.1,0.000000,169.6,1246976,734.1,92545,321.1,-2.99,-0.002592,90062,315.7,-49.91,-0.050717,88117,314.1,-57.48,-0.070609
332.11,0.0048132,0.051272,91394,88967,88428,90174,303.7,332.1,-0.000260,932.8,121850,1051.6,79822,308.4,0.78,0.000604,77547,303.0,12.85,0.011714,86846,308.6,47.22,0.058193,152.1,0.000000,1449.2,407706,1520.0,112909,339.5,-0.28,-0.000279,115735,339.8,-1.15,-0.001399,88023,310.0,38.60,0.047996,512.1,0.058295,304.2,69284,343.3,74798,301.3,81.33,0.060772,81499,308.0,74.66,0.070304,86475,309.1,59.48,0.072869,692.1,0.000000,215.8,1299434,742.6,91215,319.8,-3.06,-0.002627,89098,314.7,-49.77,-0.050188,88047,314.0,-56.46,-0.069321
333.04,0.0048267,0.051241,91246,88909,88386,90119,303.7,333.0,-0.000400,932.3,123924,1054.0,80388,309.5,0.23,0.000182,77769,303.3,12.93,0.011812,86732,308.4,48.53,0.059762,153.0,0.000000,443.4,404904,1517.1,112814,339.5,-0.22,-0.000216,115971,340.0,-0.16,-0.000197,88078,309.9,37.48,0.046648,513.0,0.060792,304.8,69670,343.6,75097,301.7,82.07,0.061499,81828,308.3,77.07,0.072795,86402,308.9,59.63,0.073038,693.0,0.000000,4418.0,1350033,749.9,89991,318.5,-3.12,-0.002649,88244,313.8,-49.58,-0.049646,87997,313.9,-55.50,-0.068120
334.05,0.0048414,0.051213,91089,88865,88354,90056,303.7,334.1,-0.000569,932.0,125680,1055.5,80979,310.9,-0.48,-0.000377,78056,303.6,13.26,0.012139,86622,308.1,49.90,0.061423,154.1,0.000000,100.0,401847,1513.9,112748,339.4,-0.14,-0.000143,116251,340.3,0.98,0.001189,88163,309.8,36.06,0.044928,514.1,0.058859,305.6,70078,343.9,75960,302.7,80.86,0.061074,82138,308.6,79.65,0.075442,86331,308.7,59.82,0.073258,694.1,0.000000,732.3,1409160,758.9,88658,317.2,-3.17,-0.002663,87345,312.9,-49.28,-0.048991,87959,313.9,-54.45,-0.066805
335.07,0.0048560,0.051191,90927,88848,88337,89993,303.6,335.1,-0.000775,931.6,126780,1055.6,81540,312.5,-1.32,-0.001033,78432,304.0,13.89,0.012758,86528,308.0,51.23,0.063027,155.1,0.000000,100.0,398785,1510.7,112719,339.4,-0.07,-0.000073,116509,340.5,2.07,0.002524,88272,309.8,34.41,0.042937,515.1,0.061250,306.2,70521,344.2,76219,303.0,81.51,0.061709,82351,308.8,82.03,0.077850,86271,308.5,60.04,0.073518,695.1,0.000000,476.1,1473744,769.5,87333,315.8,-3.20,-0.002665,86466,312.0,-48.92,-0.048280,87940,313.8,-53.39,-0.065503
336.08,0.0048707,0.051175,90755,88859,88337,89928,303.6,336.1,-0.001013,931.5,127540,1055.1,82070,314.4,-2.26,-0.001775,78936,304.6,14.87,0.013721,86449,307.8,52.51,0.064576,156.1,0.000000,513.3,395713,1507.5,112724,339.4,-0.01,-0.000009,116708,340.6,3.03,0.003699,88404,309.8,32.55,0.040676,516.1,0.059009,306.9,70949,344.5,77058,304.1,80.21,0.061189,82473,308.9,84.16,0.079961,86221,308.3,60.29,0.073821,696.1,0.000000,416.6,1545313,782.6,86022,314.5,-3.22,-0.002653,85610,311.1,-48.50,-0.047528,87938,313.8,-52.35,-0.064225
337.09,0.0048854,0.051166,90579,88928,88352,89863,303.7,337.1,-0.001281,931.2,127610,1053.2,82571,316.6,-3.30,-0.002592,79569,305.3,16.20,0.015037,86386,307.7,53.74,0.066070,157.1,0.000000,844.5,392626,1504.2,112754,339.4,0.04,0.000042,116826,340.7,3.82,0.004658,88553,309.8,30.49,0.038164,517.1,0.061311,307.5,71411,344.8,77318,304.4,80.79,0.061776,82515,308.9,85.97,0.081729,86184,308.2,60.57,0.074167,697.1,0.000000,565.4,1625458,798.5,84731,313.1,-3.23,-0.002629,84784,310.3,-48.04,-0.046754,87955,313.8,-51.32,-0.062982
338.10,0.0049000,0.051164,90397,89074,88382,89797,303.7,338.1,-0.001578,931.2,127332,1050.6,83048,319.2,-4.43,-0.003472,80296,306.1,17.75,0.016583,86339,307.5,54.92,0.067505,158.1,0.000000,100.0,389530,1501.0,112806,339.5,0.09,0.000087,116873,340.8,4.45,0.005425,88712,309.8,28.26,0.035434,518.1,0.059005,308.2,71857,345.2,78153,305.4,79.51,0.061256,82494,308.8,87.47,0.083145,86157,308.0,60.88,0.074556,698.1,0.000000,141.4,1715835,818.0,83467,311.8,-3.22,-0.002593,83981,309.4,-47.53,-0.045939,87993,313.8,-50.33,-0.061786
339.11,0.0049146,0.051169,90213,89243,88436,89732,303.8,339.1,-0.001903,931.3,126384,1046.7,83505,322.2,-5.65,-0.004405,81063,306.9,19.29,0.018149,86309,307.5,56.05,0.068888,159.1,0.000000,600.9,386426,1497.7,112881,339.5,0.13,0.000130,116871,340.8,4.87,0.005945,88875,309.9,25.91,0.032542,519.1,0.061266,308.8,72336,345.6,78455,305.7,80.10,0.061880,82431,308.7,88.63,0.084219,86143,307.9,61.23,0.075010,699.1,0.000000,128.4,1818169,841.4,82236,310.5,-3.19,-0.002545,83196,308.6,-46.93,-0.045062,88062,313.9,-49.38,-0.060659
340.03,0.0049280,0.051178,90043,89368,88516,89672,303.8,340.0,-0.002252,930.5,127326,1046.5,83919,325.4,-6.84,-0.005313,81758,307.7,20.51,0.019414,86301,307.4,57.05,0.070129,160.0,0.000000,245.8,383576,1494.7,112968,339.6,0.17,0.000167,116764,340.7,5.07,0.006188,89028,309.9,23.70,0.029813,520.0,0.058831,309.6,72760,345.9,79275,306.7,78.98,0.061462,82344,308.6,89.42,0.084916,86147,307.8,61.64,0.075535,700.0,0.000000,225.8,1923964,866.8,81138,309.3,-3.16,-0.002493,82492,307.8,-46.31,-0.044196,88151,313.9,-48.56,-0.059702
341.04,0.0049426,0.051196,89857,89450,88641,89606,304.0,341.0,-0.002641,930.2,127169,1044.0,84379,329.4,-8.24,-0.006358,82482,308.4,21.50,0.020474,86321,307.4,58.13,0.071475,161.0,0.000000,439.4,380460,1491.4,113085,339.7,0.21,0.000211,116566,340.5,5.16,0.006282,89204,310.0,21.30,0.026833,521.0,0.061447,310.2,73261,346.3,79689,307.1,79.84,0.062362,82228,308.4,90.01,0.085404,86176,307.8,62.19,0.076236,701.0,0.000000,3068.7,2053993,899.1,79978,308.0,-3.11,-0.002427,81743,307.0,-45.54,-0.043177,88278,314.0,-47.71,-0.058724
342.05,0.0049572,0.051219,89671,89489,88810,89540,304.1,342.0,-0.003080,930.0,126596,1040.7,84855,334.1,-9.74,-0.007446,83150,309.1,22.08,0.021148,86379,307.4,59.19,0.072816,162.0,0.000000,460.8,377329,1488.0,113232,339.8,0.26,0.000265,116324,340.3,5.14,0.006253,89393,310.1,18.95,0.023916,522.0,0.059451,311.0,73750,346.7,80636,308.2,79.27,0.062433,82103,308.2,90.37,0.085660,86233,307.8,62.83,0.077073,702.0,0.000000,100.0,2200769,936.6,78861,306.8,-3.04,-0.002353,81018,306.3,-44.66,-0.042068,88440,314.2,-46.89,-0.057797
343.05,0.0049718,0.051249,89484,89499,89061,89474,304.4,343.1,-0.003554,929.9,125714,1036.8,85357,339.5,-11.31,-0.008564,83749,309.8,22.25,0.021426,86480,307.5,60.27,0.074211,163.1,0.000000,100.0,374180,1484.7,113423,340.0,0.34,0.000344,116019,340.1,4.94,0.005996,89608,310.2,16.72,0.021146,523.1,0.059996,312.1,74256,347.1,81775,309.5,78.67,0.062568,81981,308.0,90.52,0.085731,86330,307.8,63.59,0.078088,703.1,0.000000,280.1,2365651,979.4,77791,305.6,-2.96,-0.002269,80321,305.5,-43.64,-0.040857,88652,314.3,-46.08,-0.056895
344.06,0.0049864,0.051286,89297,89495,89422,89406,304.7,344.1,-0.004064,930.0,124699,1032.5,85895,345.8,-12.98,-0.009704,84316,310.4,22.09,0.021372,86661,307.7,61.47,0.075811,164.1,0.000000,100.0,371011,1481.2,113686,340.2,0.47,0.000469,115640,339.8,4.53,0.005485,89877,310.4,14.71,0.018651,524.1,0.063100,313.0,74807,347.6,82324,310.1,80.49,0.064327,81875,307.9,90.49,0.085632,86506,307.9,64.53,0.079380,704.1,0.000000,100.0,2549709,1027.7,76770,304.4,-2.87,-0.002178,79657,304.8,-42.47,-0.039527,88946,314.6,-45.20,-0.055949
345.07,0.0050010,0.051328,89127,89490,89811,89336,305.1,345.1,-0.004614,930.2,123266,1027.4,86485,353.0,-14.72,-0.010858,84842,310.9,21.59,0.020976,86911,307.9,62.75,0.077563,165.1,0.000000,450.1,367125,1477.2,114053,340.5,0.65,0.000652,115211,339.4,3.94,0.004757,90202,310.7,12.92,0.016428,525.1,0.061720,314.2,75355,348.0,83556,311.4,80.35,0.064896,81806,307.8,90.36,0.085465,86745,308.1,65.65,0.080928,705.1,0.000000,100.0,2753711,1081.5,75800,303.3,-2.77,-0.002081,79032,304.1,-41.13,-0.038067,89323,314.9,-44.29,-0.055007
346.07,0.0050156,0.051376,89010,89491,90135,89264,305.4,346.1,-0.005191,930.6,122167,1023.0,87138,361.3,-16.52,-0.011992,85328,311.5,20.79,0.020281,87180,308.1,63.98,0.079255,166.1,0.000000,292.0,362999,1472.9,114552,340.9,0.88,0.000885,114749,339.0,3.25,0.003912,90550,311.0,11.19,0.014266,526.1,0.065215,315.4,75954,348.6,84217,312.1,81.98,0.066582,81779,307.7,90.16,0.085263,86994,308.3,66.81,0.082541,706.1,0.000000,100.0,2978008,1140.8,74883,302.3,-2.65,-0.001980,78449,303.5,-39.62,-0.036468,89729,315.3,-43.55,-0.054274
347.08,0.0050302,0.051427,88903,89495,90364,89191,305.7,347.1,-0.005846,930.6,122769,1021.7,87911,370.9,-18.40,-0.013130,85782,311.9,19.75,0.019339,87420,308.4,65.00,0.080674,167.1,0.000000,100.0,358803,1468.6,115184,341.5,1.12,0.001132,114284,338.6,2.48,0.002984,90882,311.3,9.30,0.011885,527.1,0.063547,316.5,76548,349.1,85398,313.4,81.76,0.067066,81791,307.7,89.84,0.084973,87208,308.5,67.85,0.083978,707.1,0.000000,166.2,3222459,1205.1,74017,301.3,-2.54,-0.001877,77910,302.9,-37.92,-0.034734,90096,315.6,-43.18,-0.053970
348.09,0.0050448,0.051481,88759,89510,90525,89120,305.8,348.1,-0.006579,930.9,123661,1021.0,88856,382.0,-20.37,-0.014265,86213,312.4,18.54,0.018219,87611,308.6,65.77,0.081744,168.1,0.000000,100.0,354551,1464.2,115923,342.1,1.31,0.001338,113831,338.2,1.67,0.002000,91188,311.5,7.09,0.009088,528.1,0.064322,317.7,77163,349.6,86577,314.7,81.15,0.067204,81832,307.7,89.30,0.084517,87370,308.7,68.72,0.085152,708.1,0.000000,100.0,3486407,1274.4,73200,300.3,-2.42,-0.001776,77412,302.4,-36.06,-0.032876,90394,315.8,-43.25,-0.054195
349.10,0.0050594,0.051541,88606,89549,90645,89051,305.9,349.1,-0.007375,931.9,124605,1020.5,90015,394.8,-22.40,-0.015374,86636,312.8,17.21,0.016977,87756,308.8,66.30,0.082491,169.1,0.000000,1070.0,350238,1459.6,116704,342.8,1.40,0.001435,113393,337.9,0.83,0.000986,91478,311.8,4.45,0.005722,529.1,0.064659,318.6,77795,350.2,87731,315.9,80.31,0.067135,81921,307.7,88.64,0.083966,87478,308.9,69.44,0.086101,709.1,0.000000,210.2,3768646,1348.1,72431,299.4,-2.30,-0.001678,76950,301.9,-34.06,-0.030917,90644,316.0,-43.83,-0.055038
350.11,0.0050741,0.051605,88453,89619,90786,88987,306.1,350.1,-0.008210,933.7,125082,1019.2,91405,409.4,-24.45,-0.016431,87059,313.3,15.84,0.015681,87874,309.0,66.67,0.083009,170.1,0.000000,100.0,345867,1455.0,117446,343.4,1.36,0.001397,112970,337.5,-0.04,-0.000050,91710,312.0,1.11,0.001429,530.1,0.067443,319.6,78471,350.8,88117,316.3,81.15,0.068046,82050,307.8,87.84,0.083312,87552,309.1,70.09,0.086933,710.1,0.000000,329.1,4067317,1425.7,71707,298.5,-2.19,-0.001585,76517,301.4,-31.95,-0.028890,90847,316.2,-44.81,-0.056372
351.04,0.0050875,0.051669,88313,89703,90905,88935,306.2,351.0,-0.009032,936.1,125144,1017.2,92879,424.5,-26.33,-0.017341,87456,313.7,14.59,0.014491,87969,309.2,66.92,0.083348,171.0,0.000000,384.6,341813,1450.7,118041,343.9,1.22,0.001259,112598,337.2,-0.86,-0.001019,91836,312.1,-2.78,-0.003579,531.0,0.064502,320.3,79072,351.3,89036,317.3,79.93,0.067517,82209,308.0,87.02,0.082662,87608,309.3,70.69,0.087683,711.0,0.000000,100.0,4353446,1499.8,71079,297.8,-2.09,-0.001505,76137,301.0,-29.97,-0.027003,91044,316.4,-45.99,-0.057957
352.05,0.0051022,0.051742,88157,89785,91046,88884,306.3,352.1,-0.009866,939.4,124723,1014.3,94685,442.9,-28.39,-0.018272,87911,314.1,13.27,0.013228,88065,309.5,67.06,0.083554,172.1,0.000000,1298.5,337347,1445.9,118565,344.3,1.00,0.001033,112208,336.9,-1.77,-0.002094,92087,312.4,-7.56,-0.009760,532.1,0.064268,321.1,79738,351.9,89907,318.2,78.46,0.066725,82410,308.2,86.05,0.081885,87660,309.5,71.34,0.088474,712.1,0.000000,100.0,4676220,1583.3,70431,297.0,-1.99,-0.001422,75732,300.5,-27.80,-0.024953,91258,316.5,-47.60,-0.060095
353.07,0.0051169,0.051821,87992,89841,91198,88842,306.5,353.1,-0.010742,943.4,123663,1010.1,96652,463.3,-30.48,-0.019145,88395,314.6,12.01,0.012019,88164,309.8,67.14,0.083667,173.1,0.000000,224.2,332858,1441.1,118941,344.6,0.74,0.000768,111832,336.5,-2.69,-0.003178,92416,312.8,-13.13,-0.016988,533.1,0.063491,321.8,80409,352.5,90693,319.1,76.78,0.065697,82636,308.4,84.98,0.081039,87714,309.8,72.00,0.089261,713.1,0.000000,311.5,5006745,1668.7,69820,296.3,-1.90,-0.001345,75323,300.0,-25.67,-0.022952,91458,316.6,-49.43,-0.062512
354.09,0.0051317,0.051905,87821,89878,91368,88810,306.7,354.1,-0.011613,947.9,121990,1004.8,98723,485.6,-32.61,-0.019957,88919,315.2,10.82,0.010868,88267,310.1,67.19,0.083734,174.1,0.000000,590.7,328348,1436.2,119163,344.8,0.47,0.000486,111470,336.2,-3.61,-0.004261,92770,313.2,-19.48,-0.025266,534.1,0.062496,322.4,81081,353.1,91414,319.8,74.94,0.064480,82890,308.6,83.86,0.080152,87770,310.1,72.66,0.090040,714.1,0.000000,251.3,5341178,1755.5,69242,295.6,-1.80,-0.001272,74902,299.6,-23.63,-0.021039,91635,316.8,-51.33,-0.065022
355.10,0.0051464,0.051994,87648,89912,91544,88789,306.8,355.1,-0.012468,952.6,119705,998.4,100824,509.8,-34.77,-0.020701,89486,315.7,9.68,0.009774,88371,310.5,67.23,0.083774,175.1,0.000000,100.0,323819,1431.2,119224,344.9,0.18,0.000189,111122,335.9,-4.54,-0.005339,93095,313.6,-26.37,-0.034274,535.1,0.061319,322.9,81753,353.8,92069,320.5,73.04,0.063160,83166,308.9,82.68,0.079215,87830,310.5,73.33,0.090813,715.1,0.000000,246.2,5675231,1842.9,68698,294.9,-1.71,-0.001200,74460,299.1,-21.71,-0.019248,91792,316.8,-53.18,-0.067465
356.04,0.0051600,0.052081,87495,89962,91681,88780,307.0,356.0,-0.013259,957.1,117077,991.6,102707,533.4,-36.77,-0.021315,90050,316.3,8.70,0.008819,88468,311.0,67.25,0.083769,176.0,0.000000,1310.1,319652,1426.6,119160,344.8,-0.05,-0.000048,110822,335.7,-5.38,-0.006326,93276,313.9,-32.69,-0.042532,536.0,0.059870,323.4,82365,354.3,92678,321.1,71.11,0.061776,83447,309.2,81.58,0.078359,87883,310.9,73.93,0.091492,716.0,0.000000,633.9,5977232,1922.8,68229,294.3,-1.62,-0.001133,74030,298.6,-20.09,-0.017736,91899,316.9,-54.73,-0.069495
357.06,0.0051748,0.052180,87336,90051,91792,88780,307.1,357.1,-0.014009,962.0,113636,983.0,104634,560.7,-38.97,-0.021896,90717,317.0,7.68,0.007826,88567,311.4,67.23,0.083708,177.1,0.000000,481.4,315091,1421.5,118944,344.6,-0.32,-0.000329,110526,335.4,-6.32,-0.007413,93333,314.0,-39.16,-0.050964,537.1,0.058762,323.8,83034,354.9,93253,321.7,69.14,0.060328,83781,309.5,80.38,0.077435,87931,311.5,74.56,0.092172,717.1,0.000000,134.2,6297787,2009.2,67755,293.7,-1.52,-0.001053,73535,298.0,-18.48,-0.016240,91971,316.9,-56.21,-0.071439
358.08,0.0051896,0.052284,87184,90142,91872,88789,307.2,358.1,-0.014730,966.7,109614,973.2,106353,589.1,-41.14,-0.022359,91450,317.7,6.70,0.006871,88662,312.0,67.19,0.083612,178.1,0.000000,100.0,310513,1416.4,118564,344.3,-0.60,-0.000622,110279,335.2,-7.28,-0.008527,93249,314.1,-45.06,-0.058574,538.1,0.057325,324.3,83700,355.5,93803,322.2,67.15,0.058840,84132,309.8,79.17,0.076504,87972,312.0,75.17,0.092807,718.1,0.000000,353.6,6604598,2094.1,67325,293.2,-1.39,-0.000962,73014,297.4,-17.05,-0.014908,91990,316.8,-57.47,-0.073069
359.11,0.0052045,0.052391,87045,90259,91904,88806,307.2,359.1,-0.013504,597.0,105800,963.7,105653,605.8,-36.80,-0.019324,92260,318.5,5.74,0.005925,88755,312.4,67.14,0.083504,179.1,0.000000,308.1,305923,1411.1,118036,343.9,-0.87,-0.000896,110097,335.0,-8.28,-0.009686,93022,314.0,-50.14,-0.065034,539.1,0.055839,324.7,84363,356.1,94319,322.8,65.22,0.057371,84504,310.2,77.98,0.075593,88007,312.5,75.75,0.093412,719.1,0.000000,544.2,6892993,2176.7,66947,292.7,-1.24,-0.000854,72474,296.8,-15.79,-0.013734,91971,316.7,-58.44,-0.074307
360.05,0.0052181,0.052493,86935,90388,91894,88827,307.2,360.1,-0.009972,965.6,103258,957.0,103558,610.2,-30.22,-0.015441,93087,319.3,4.84,0.005023,88833,312.9,67.06,0.083376,180.1,0.000000,601.1,301706,1406.3,117441,343.4,-1.08,-0.001115,110002,334.9,-9.24,-0.010804,92773,313.9,-53.96,-0.069825,540.1,0.054227,325.1,84965,356.7,94838,323.3,63.31,0.055910,84864,310.6,76.91,0.074787,88024,312.9,76.25,0.093912,0.1,0.000000,1322.8,7137547,2249.8,66657,292.4,-1.07,-0.000736,71967,296.2,-14.78,-0.012785,91924,316.6,-59.09,-0.075118
361.08,0.0052330,0.052607,86834,90542,91848,88854,307.1,361.1,-0.007424,606.8,101174,951.1,101010,611.2,-23.69,-0.011789,94103,320.3,3.76,0.003935,88907,313.3,66.94,0.083180,181.1,0.000000,100.0,297094,1400.9,116698,342.8,-1.27,-0.001306,109980,334.9,-10.35,-0.012093,92507,313.8,-57.31,-0.073963,541.1,0.052983,325.5,85622,357.2,95333,323.8,61.44,0.054454,85272,311.0,75.75,0.073918,88011,313.3,76.72,0.094356,1.1,0.000000,163.2,7379134,2326.3,66411,292.1,-0.85,-0.000583,71409,295.6,-13.80,-0.011874,91841,316.4,-59.52,-0.075638
362.11,0.0052479,0.052723,86755,90682,91770,88885,307.1,362.1,-0.006321,609.6,99156,945.2,99351,613.1,-19.25,-0.009391,95266,321.5,2.52,0.002656,88964,313.7,66.75,0.082898,182.1,0.000000,100.0,292473,1395.5,115886,342.1,-1.42,-0.001444,110037,335.0,-11.49,-0.013429,92258,313.8,-59.94,-0.077165,542.1,0.051486,325.9,86277,357.8,95817,324.2,59.60,0.053018,85695,311.4,74.59,0.073040,87966,313.7,77.13,0.094710,2.1,0.000000,1239.6,7591133,2398.9,66250,291.9,-0.60,-0.000407,70854,294.9,-12.94,-0.011073,91722,316.2,-59.62,-0.075713
363.05,0.0052616,0.052830,86702,90777,91668,88915,307.0,363.1,-0.004806,610.7,97483,940.1,98053,613.7,-15.85,-0.007623,96477,322.6,1.17,0.001249,88997,313.9,66.50,0.082540,183.1,0.000000,112.6,288229,1390.5,115107,341.4,-1.50,-0.001524,110148,335.0,-12.54,-0.014671,92035,313.7,-61.83,-0.079427,543.1,0.049877,326.2,86872,358.4,96294,324.7,57.83,0.051622,86095,311.8,73.49,0.072211,87904,313.9,77.44,0.094957,3.1,0.000000,180.3,7756977,2461.4,66185,291.8,-0.33,-0.000228,70353,294.3,-12.24,-0.010419,91586,316.0,-59.49,-0.075495
364.08,0.0052766,0.052948,86667,90850,91534,88950,306.8,364.1,-0.003222,610.2,95908,935.1,96532,612.2,-11.64,-0.005525,97987,324.0,-0.62,-0.000667,89007,314.2,66.08,0.081961,184.1,0.000000,962.3,283596,1385.0,114242,340.7,-1.55,-0.001569,110314,335.2,-13.65,-0.015989,91794,313.7,-63.43,-0.081275,544.1,0.048623,326.7,87522,359.0,96750,325.1,56.08,0.050238,86547,312.3,72.25,0.071254,87818,314.1,77.71,0.095141,4.1,0.000000,100.0,7904575,2524.8,66199,291.8,-0.05,-0.000034,69821,293.7,-11.55,-0.009776,91416,315.8,-59.21,-0.075042
365.11,0.0052915,0.053064,86657,90872,91381,88985,306.7,365.1,-0.001563,608.3,94643,930.6,94938,609.3,-7.23,-0.003390,99769,325.7,-2.98,-0.003256,88989,314.4,65.50,0.081178,185.1,0.000000,254.0,278966,1379.4,113376,339.9,-1.58,-0.001581,110503,335.3,-14.67,-0.017202,91554,313.7,-64.60,-0.082566,545.1,0.045279,336.1,88147,359.5,97700,326.1,52.98,0.047782,87018,312.7,70.92,0.070217,87718,314.2,77.90,0.095222,5.1,0.000000,100.0,8015854,2582.7,66288,291.9,0.20,0.000139,69309,293.1,-10.91,-0.009191,91224,315.6,-58.75,-0.074364
366.06,0.0053052,0.053169,86668,90856,91227,89019,306.5,366.1,-0.001465,606.3,93187,925.7,94146,607.9,-4.24,-0.001977,101696,327.5,-5.83,-0.006448,88954,314.5,64.87,0.080343,186.1,0.000000,810.8,274726,1374.2,112591,339.3,-1.58,-0.001575,110674,335.5,-15.48,-0.018170,91336,313.6,-65.36,-0.083341,546.1,0.045592,327.4,88737,360.1,98101,326.4,51.41,0.046503,87468,313.2,69.61,0.069175,87620,314.3,78.04,0.095270,6.1,0.000000,1203.7,8085369,2630.8,66443,292.1,0.44,0.000303,68860,292.5,-10.37,-0.008691,91032,315.3,-58.19,-0.073551
367.09,0.0053201,0.053282,86705,90820,91049,89056,306.4,367.1,0.000557,605.8,92057,920.9,92944,605.7,-0.00,-0.000002,104005,329.6,-9.40,-0.010564,88906,314.6,64.11,0.079343,187.1,0.000000,457.0,270118,1368.5,111749,338.5,-1.56,-0.001555,110838,335.6,-16.19,-0.019024,91104,313.6,-65.91,-0.083824,547.1,0.044341,327.8,89379,360.6,98484,326.8,49.86,0.045230,87982,313.7,68.07,0.067928,87494,314.3,78.19,0.095301,7.1,0.000000,100.0,8125813,2677.6,66675,292.4,0.66,0.000455,68395,292.0,-9.79,-0.008171,90811,315.1,-57.42,-0.072462
368.03,0.0053338,0.053382,86769,90776,90877,89089,306.2,368.0,0.001925,603.8,91092,915.4,91947,603.8,2.92,0.001336,106014,331.4,-12.37,-0.014096,88840,314.6,63.36,0.078352,188.0,0.000000,233.0,265926,1363.2,110994,337.9,-1.55,-0.001529,110951,335.7,-16.65,-0.019586,90899,313.6,-66.19,-0.083998,548.0,0.042725,328.2,89964,361.2,98875,327.1,48.36,0.043999,88478,314.2,66.55,0.066683,87365,314.3,78.30,0.095296,8.0,0.000000,1502.5,8131078,2715.1,66925,292.7,0.80,0.000552,67993,291.5,-9.28,-0.007708,90601,314.8,-56.58,-0.071291
369.06,0.0053487,0.053487,86876,90689,90682,89126,306.0,369.1,0.003138,601.3,90100,908.5,90927,601.1,5.80,0.002642,107780,333.0,-14.59,-0.016820,88754,314.6,62.48,0.077195,189.1,0.000000,522.1,261388,1357.5,110190,337.2,-1.52,-0.001496,111022,335.8,-16.97,-0.019961,90682,313.6,-66.32,-0.083961,549.1,0.039703,336.5,90581,361.7,99730,328.0,45.65,0.041788,89043,314.8,64.80,0.065222,87219,314.3,78.37,0.095228,9.1,0.000000,100.0,8103444,2750.2,67210,293.1,0.87,0.000602,67581,291.0,-8.71,-0.007203,90366,314.6,-55.52,-0.069833
370.09,0.0053637,0.053585,87022,90568,90482,89161,305.8,370.1,0.004260,598.0,89092,900.6,90019,597.7,8.51,0.003859,109048,334.1,-15.58,-0.018104,88661,314.5,61.55,0.075973,190.1,0.000000,100.0,256889,1351.7,109409,336.5,-1.49,-0.001458,111019,335.8,-17.05,-0.020061,90470,313.6,-66.31,-0.083764,550.1,0.039813,329.1,91215,362.3,100075,328.3,44.33,0.040677,89630,315.4,62.96,0.063672,87074,314.2,78.35,0.095070,10.1,0.000000,552.4,8042940,2779.2,67477,293.4,0.84,0.000583,67198,290.5,-8.12,-0.006690,90130,314.3,-54.27,-0.068147
371.04,0.0053773,0.053668,87202,90441,90296,89194,305.7,371.0,0.005417,594.2,88185,892.5,89244,593.9,11.12,0.005030,109738,334.7,-15.80,-0.018447,88571,314.4,60.64,0.074797,191.0,0.000000,100.0,252800,1346.4,108715,335.9,-1.46,-0.001419,110971,335.7,-17.04,-0.020042,90278,313.5,-66.27,-0.083550,551.0,0.038204,329.5,91793,362.8,100464,328.6,43.02,0.039588,90185,315.9,61.23,0.062194,86942,314.2,78.27,0.094842,11.0,0.000000,100.0,7960751,2800.5,67684,293.7,0.74,0.000515,66874,290.1,-7.56,-0.006205,89919,314.0,-52.99,-0.066441
372.07,0.0053923,0.053750,87484,90291,90098,89228,305.5,372.1,0.006652,589.2,87226,882.8,88457,588.9,14.14,0.006393,109853,334.8,-15.05,-0.017586,88469,314.3,59.61,0.073461,192.1,0.000000,695.2,248378,1340.5,107987,335.2,-1.41,-0.001369,110861,335.6,-16.95,-0.019925,90074,313.5,-66.23,-0.083328,552.1,0.035414,330.0,92406,363.4,101231,329.3,40.74,0.037689,90802,316.6,59.32,0.060544,86800,314.1,78.10,0.094509,12.1,0.000000,100.0,7844652,2818.2,67853,293.9,0.58,0.000403,66553,289.7,-6.92,-0.005665,89697,313.8,-51.48,-0.064444
373.10,0.0054072,0.053819,87832,90130,89929,89262,305.3,373.1,0.008035,583.3,86312,872.3,87729,582.9,17.34,0.007855,109760,334.7,-12.99,-0.015173,88375,314.2,58.54,0.072096,193.1,0.000000,238.8,243997,1334.7,107295,334.6,-1.36,-0.001308,110668,335.4,-16.65,-0.019548,89882,313.4,-66.18,-0.083108,553.1,0.034057,337.1,93019,364.0,102007,330.1,38.52,0.035835,91428,317.2,57.40,0.058879,86661,314.0,77.84,0.094075,13.1,0.000000,100.0,7704092,2830.5,67951,294.0,0.37,0.000258,66273,289.4,-6.28,-0.005120,89491,313.5,-49.85,-0.062311
374.04,0.0054208,0.053869,88134,89972,89804,89292,305.2,374.0,0.009431,577.1,85526,862.0,87121,576.6,20.37,0.009267,109250,334.3,-10.35,-0.012044,88314,314.1,57.57,0.070869,194.0,0.000000,100.0,240020,1329.3,106699,334.1,-1.29,-0.001239,110412,335.2,-16.20,-0.018984,89723,313.3,-66.10,-0.082869,554.0,0.034047,330.9,93595,364.5,102349,330.4,37.46,0.034936,92004,317.8,55.67,0.057355,86549,313.9,77.50,0.093575,14.0,0.000000,207.5,7556651,2837.1,67971,294.0,0.15,0.000107,66057,289.1,-5.69,-0.004627,89327,313.3,-48.24,-0.060215
375.07,0.0054357,0.053913,88406,89789,89658,89323,305.0,375.1,0.010890,569.5,84740,850.0,86529,568.9,23.75,0.010876,108180,333.3,-6.66,-0.007700,88277,314.0,56.48,0.069524,195.1,0.000000,383.4,235723,1323.4,106099,333.6,-1.20,-0.001149,110057,334.9,-15.60,-0.018237,89563,313.3,-65.97,-0.082573,555.1,0.031474,331.4,94210,365.0,103072,331.0,35.48,0.033251,92633,318.4,53.80,0.055704,86452,313.7,77.02,0.092944,15.1,0.000000,100.0,7378718,2839.9,67930,294.0,-0.06,-0.000040,65868,288.9,-5.04,-0.004092,89172,313.1,-46.38,-0.057832
376.09,0.0054506,0.053947,88639,89598,89498,89355,304.9,376.1,0.012431,561.0,84081,837.8,86038,560.3,27.08,0.012520,106943,332.2,-2.30,-0.002635,88245,313.9,55.30,0.068067,196.1,0.000000,100.0,231469,1317.5,105559,333.1,-1.09,-0.001044,109643,334.5,-14.95,-0.017440,89404,313.2,-65.83,-0.082263,556.1,0.017169,334.6,94668,365.5,106474,334.2,27.81,0.026671,93257,319.0,51.98,0.054074,86366,313.5,76.43,0.092182,16.1,0.000000,399.9,7186226,2838.2,67820,293.8,-0.27,-0.000190,65728,288.7,-4.39,-0.003562,89024,312.9,-44.51,-0.055443
377.04,0.0054643,0.053970,88843,89422,89354,89383,304.7,377.0,0.013895,552.5,83582,826.3,85696,551.7,30.00,0.014030,105756,331.2,1.62,0.001847,88216,313.8,54.11,0.066608,197.0,0.000000,297.1,227609,1312.1,105120,332.7,-0.99,-0.000938,109235,334.2,-14.35,-0.016695,89257,313.2,-65.69,-0.081966,557.0,0.023313,334.9,95172,366.0,107028,334.7,26.13,0.025157,93825,319.6,50.35,0.052603,86294,313.4,75.79,0.091372,17.0,0.000000,361.7,6999755,2833.3,67659,293.6,-0.47,-0.000325,65644,288.6,-3.81,-0.003086,88890,312.8,-42.81,-0.053264
378.06,0.0054792,0.053986,89131,89235,89202,89414,304.6,378.1,0.015375,542.7,83135,813.5,85437,541.7,33.06,0.015699,104568,330.1,5.70,0.006432,88189,313.7,52.71,0.064889,198.1,0.000000,116.4,223441,1306.1,104706,332.3,-0.86,-0.000816,108765,333.8,-13.71,-0.015896,89100,313.1,-65.52,-0.081634,558.1,0.023637,335.2,95742,366.5,107235,334.9,25.20,0.024295,94443,320.2,48.62,0.051031,86237,313.3,75.01,0.090405,18.1,0.000000,439.2,6788242,2824.6,67429,293.3,-0.66,-0.000455,65606,288.6,-3.20,-0.002591,88748,312.6,-40.95,-0.050895
379.09,0.0054941,0.053991,89476,89061,89058,89445,304.5,379.1,0.016966,532.2,82778,800.5,85282,531.0,36.01,0.017412,103506,329.2,9.44,0.010577,88168,313.6,51.21,0.063045,199.1,0.000000,271.3,219319,1300.2,104359,332.0,-0.73,-0.000690,108267,333.3,-13.10,-0.015143,88949,313.1,-65.36,-0.081302,559.1,0.021509,335.5,96304,367.1,107676,335.2,23.71,0.022920,95066,320.8,46.94,0.049503,86204,313.2,74.13,0.089339,19.1,0.000000,100.0,6571037,2812.9,67155,293.0,-0.81,-0.000559,65623,288.6,-2.67,-0.002163,88610,312.5,-39.09,-0.048532
380.12,0.0055089,0.053982,89848,88904,88917,89476,304.3,380.1,0.018617,521.2,82498,787.3,85213,519.9,38.86,0.019176,102560,328.3,12.87,0.014316,88154,313.5,49.62,0.061087,200.1,0.000000,100.0,215243,1294.2,104080,331.7,-0.60,-0.000564,107742,332.8,-12.55,-0.014452,88804,313.0,-65.18,-0.080967,560.1,0.020422,335.7,96870,367.6,108064,335.6,22.26,0.021578,95708,321.4,45.33,0.048032,86186,313.1,73.13,0.088149,20.1,0.000000,310.5,6350684,2798.6,66852,292.6,-0.92,-0.000633,65698,288.7,-2.20,-0.001786,88477,312.3,-37.23,-0.046174
381.06,0.0055226,0.053960,90247,88769,88787,89506,304.2,381.1,0.020257,510.7,82302,775.0,85212,509.3,41.37,0.020836,101784,327.6,15.79,0.017471,88140,313.4,48.08,0.059204,201.1,0.000000,1304.8,211549,1288.7,103880,331.5,-0.48,-0.000452,107242,332.4,-12.08,-0.013872,88672,313.0,-65.02,-0.080653,561.1,0.019196,336.0,97391,368.2,108432,335.9,20.90,0.020306,96320,322.0,43.93,0.046757,86172,313.0,72.14,0.086957,21.1,0.000000,145.3,6147828,2783.7,66560,292.3,-0.98,-0.000673,65810,288.8,-1.83,-0.001488,88357,312.2,-35.52,-0.044019
382.08,0.0055374,0.053921,90734,88628,88645,89538,304.1,382.1,0.021947,499.1,82137,761.5,85263,497.5,43.97,0.022683,101017,326.9,18.79,0.020679,88115,313.3,46.37,0.057092,202.1,0.000000,434.6,207564,1282.7,103719,331.4,-0.36,-0.000338,106681,331.9,-11.63,-0.013299,88528,312.9,-64.82,-0.080300,562.1,0.018303,339.8,97966,368.7,108780,336.2,19.60,0.019092,97014,322.7,42.52,0.045492,86153,312.9,70.98,0.085569,22.1,0.000000,100.0,5927388,2765.7,66239,291.9,-1.01,-0.000691,65977,289.0,-1.51,-0.001228,88226,312.0,-33.66,-0.041676
383.11,0.0055523,0.053865,91238,88502,88504,89572,303.9,383.1,0.023756,487.3,82019,747.8,85348,485.6,46.41,0.024555,100320,326.2,21.67,0.023727,88075,313.2,44.65,0.054970,203.1,0.000000,673.5,203628,1276.6,103610,331.3,-0.25,-0.000236,106103,331.4,-11.24,-0.012802,88384,312.8,-64.62,-0.079933,563.1,0.017229,339.8,98546,369.3,109114,336.5,18.42,0.017976,97736,323.4,41.28,0.044401,86128,312.8,69.79,0.084128,23.1,0.000000,100.0,5709421,2746.2,65925,291.5,-1.01,-0.000685,66184,289.3,-1.27,-0.001036,88094,311.9,-31.81,-0.039338
384.05,0.0055659,0.053797,91650,88400,88380,89603,303.8,384.0,0.025505,476.6,81950,735.2,85447,474.8,48.48,0.026268,99735,325.7,24.25,0.026442,88026,313.1,43.10,0.053048,204.0,0.000000,441.2,200087,1271.1,103548,331.2,-0.17,-0.000158,105558,330.9,-10.95,-0.012427,88253,312.8,-64.42,-0.079584,564.0,0.016006,336.8,99079,369.8,109447,336.8,17.31,0.016937,98429,324.0,40.29,0.043556,86096,312.8,68.70,0.082803,24.0,0.000000,100.0,5512952,2727.4,65650,291.1,-0.98,-0.000665,66405,289.6,-1.12,-0.000913,87974,311.8,-30.10,-0.037191
385.07,0.0055808,0.053711,92025,88306,88248,89638,303.7,385.1,0.027248,465.0,81905,721.4,85570,463.1,50.55,0.028118,99152,325.2,27.05,0.029378,87961,313.0,41.45,0.050998,205.1,0.000000,100.0,196320,1265.2,103509,331.2,-0.10,-0.000093,104945,330.3,-10.72,-0.012116,88115,312.7,-64.19,-0.079192,565.1,0.015012,337.1,99668,370.4,109756,337.0,16.26,0.015939,99241,324.8,39.31,0.042740,86052,312.7,67.53,0.081380,25.1,0.000000,370.9,5297531,2703.3,65369,290.8,-0.93,-0.000626,66667,289.9,-0.99,-0.000811,87844,311.6,-28.22,-0.034834
386.10,0.0055956,0.053613,92317,88230,88120,89673,303.6,386.1,0.029054,453.8,81879,707.7,85701,451.7,52.43,0.029943,98622,324.7,29.88,0.032329,87883,312.9,39.86,0.049016,206.1,0.000000,198.2,192649,1259.3,103490,331.2,-0.05,-0.000050,104314,329.8,-10.58,-0.011912,87980,312.6,-63.94,-0.078792,566.1,0.013278,337.5,100253,370.9,110201,337.4,14.86,0.014606,100148,325.6,38.29,0.041902,85990,312.5,66.41,0.080003,26.1,0.000000,100.0,5087988,2678.5,65117,290.4,-0.85,-0.000572,66935,290.2,-0.86,-0.000708,87717,311.5,-26.32,-0.032457
387.04,0.0056092,0.053516,92489,88174,88007,89706,303.4,387.0,0.030770,443.8,81864,695.2,85820,441.7,54.01,0.031593,98177,324.2,32.51,0.035059,87812,312.8,38.46,0.047281,207.0,0.000000,1804.9,189367,1253.9,103481,331.2,-0.03,-0.000027,103726,329.2,-10.53,-0.011806,87860,312.6,-63.71,-0.078417,567.0,0.012157,340.2,100794,371.5,110605,337.7,13.55,0.013361,101095,326.5,37.18,0.040968,85931,312.4,65.44,0.078808,27.0,0.000000,100.0,4902962,2656.1,64915,290.2,-0.76,-0.000510,67173,290.5,-0.71,-0.000588,87602,311.4,-24.56,-0.030255
388.06,0.0056240,0.053407,92593,88125,87894,89742,303.3,388.1,0.032470,433.4,81851,681.7,85944,431.2,55.61,0.033367,97734,323.8,35.41,0.038062,87733,312.7,37.05,0.045520,208.1,0.000000,575.2,185872,1248.2,103469,331.2,-0.03,-0.000026,103086,328.7,-10.53,-0.011756,87736,312.5,-63.44,-0.077998,568.1,0.011894,338.0,101399,372.1,110811,337.9,12.65,0.012489,102274,327.6,35.68,0.039631,85867,312.3,64.48,0.077630,28.1,0.000000,189.8,4708773,2632.0,64731,289.9,-0.64,-0.000431,67419,290.8,-0.48,-0.000400,87482,311.3,-22.60,-0.027815
389.08,0.0056389,0.053297,92626,88091,87790,89777,303.2,389.1,0.034227,423.5,81836,668.5,86059,421.2,57.10,0.035117,97329,323.5,38.31,0.041056,87651,312.5,35.77,0.043919,209.1,0.000000,100.2,182463,1242.4,103446,331.1,-0.04,-0.000041,102455,328.1,-10.61,-0.011786,87621,312.4,-63.17,-0.077574,569.1,0.010376,338.2,102006,372.7,111132,338.2,11.48,0.011358,103582,328.8,33.84,0.037935,85799,312.2,63.67,0.076622,29.1,0.000000,1026.0,4522491,2608.3,64588,289.8,-0.51,-0.000345,67643,291.1,-0.15,-0.000122,87369,311.1,-20.60,-0.025324
390.10,0.0056537,0.053188,92601,88075,87696,89812,303.1,390.1,0.035967,414.1,81816,655.4,86160,411.8,58.50,0.036843,96953,323.1,41.16,0.043987,87568,312.4,34.61,0.042482,210.1,0.000000,263.5,179138,1236.7,103404,331.1,-0.08,-0.000073,101844,327.5,-10.73,-0.011875,87516,312.3,-62.88,-0.077150,570.1,0.009444,338.5,102621,373.3,111421,338.4,10.41,0.010313,104944,330.1,31.82,0.036003,85725,312.0,63.02,0.075812,30.1,0.000000,112.2,4343986,2585.0,64487,289.6,-0.38,-0.000254,67845,291.3,0.32,0.000267,87264,311.0,-18.54,-0.022779
391.04,0.0056673,0.053092,92535,88079,87619,89843,303.1,391.0,0.037617,406.1,81791,643.7,86241,403.7,59.72,0.038406,96627,322.8,43.68,0.046567,87494,312.3,33.66,0.041297,211.0,0.000000,248.5,176161,1231.6,103340,331.1,-0.13,-0.000119,101311,327.0,-10.88,-0.011996,87432,312.3,-62.63,-0.076775,571.0,0.008484,338.7,103192,373.8,111692,338.7,9.44,0.009371,106154,331.1,29.99,0.034210,85653,311.9,62.59,0.075269,31.0,0.000000,216.0,4187049,2564.0,64433,289.6,-0.25,-0.000166,68013,291.5,0.89,0.000736,87176,310.9,-16.61,-0.020395
392.06,0.0056821,0.052991,92429,88101,87546,89875,303.0,392.1,0.039251,397.9,81757,631.2,86314,395.4,61.01,0.040090,96287,322.5,46.28,0.049210,87418,312.1,32.72,0.040127,212.1,0.000000,126.7,172987,1226.0,103238,331.0,-0.19,-0.000180,100766,326.5,-11.07,-0.012161,87352,312.2,-62.36,-0.076388,572.1,0.007772,338.9,103827,374.5,111937,338.9,8.55,0.008503,107356,332.2,28.19,0.032411,85570,311.7,62.35,0.074941,32.1,0.000000,203.9,4022989,2541.5,64418,289.5,-0.10,-0.000066,68182,291.8,1.66,0.001385,87090,310.8,-14.46,-0.017737
393.09,0.0056969,0.052895,92293,88155,87485,89905,302.9,393.1,0.040923,390.2,81713,619.1,86379,387.7,62.24,0.041742,95958,322.2,48.68,0.051627,87352,312.0,31.86,0.039053,213.1,0.000000,228.5,169894,1220.5,103097,330.8,-0.27,-0.000251,100269,326.0,-11.29,-0.012352,87286,312.2,-62.10,-0.076035,573.1,0.006631,340.4,104467,375.1,112267,339.2,7.56,0.007529,108401,333.1,26.67,0.030878,85481,311.6,62.26,0.074795,33.1,0.000000,1078.1,3866386,2519.4,64441,289.6,0.03,0.000020,68343,292.0,2.62,0.002188,87016,310.8,-12.25,-0.015024
394.11,0.0057117,0.052807,92136,88256,87439,89933,302.9,394.1,0.042546,383.1,81658,607.4,86442,380.6,63.42,0.043356,95637,321.9,50.84,0.053792,87300,311.9,31.04,0.038044,214.1,0.000000,100.0,166879,1215.0,102916,330.7,-0.35,-0.000327,99823,325.6,-11.52,-0.012566,87232,312.1,-61.86,-0.075703,574.1,0.005912,340.5,105120,375.7,112583,339.4,6.70,0.006690,109296,333.9,25.43,0.029619,85389,311.4,62.27,0.074757,34.1,0.000000,247.8,3717004,2497.7,64509,289.7,0.18,0.000118,68506,292.1,3.77,0.003152,86954,310.7,-10.00,-0.012252
395.04,0.0057252,0.052733,91976,88366,87413,89956,302.9,395.0,0.044086,377.2,81599,597.0,86498,374.6,64.49,0.044823,95350,321.6,52.62,0.055548,87275,311.8,30.31,0.037147,215.0,0.000000,298.4,164180,1210.0,102713,330.5,-0.43,-0.000401,99455,325.3,-11.76,-0.012794,87194,312.1,-61.64,-0.075410,575.0,0.005465,339.6,105732,376.3,112819,339.6,6.15,0.006145,110015,334.6,24.50,0.028664,85301,311.2,62.37,0.074845,35.0,0.000000,513.5,3586142,2478.2,64614,289.8,0.32,0.000216,68662,292.3,4.99,0.004176,86911,310.7,-7.88,-0.009653
396.06,0.0057400,0.052659,91787,88464,87408,89979,302.9,396.1,0.045626,371.2,81530,586.0,86559,368.6,65.68,0.046431,95047,321.4,54.33,0.057225,87288,311.7,29.50,0.036176,216.1,0.000000,100.0,161304,1204.7,102448,330.2,-0.52,-0.000486,99094,324.9,-12.06,-0.013086,87169,312.1,-61.40,-0.075094,576.1,0.004387,340.0,106406,377.0,113235,340.0,5.40,0.005412,110722,335.2,23.63,0.027780,85205,311.0,62.61,0.075106,36.1,0.000000,732.9,3449744,2457.4,64775,290.0,0.48,0.000321,68845,292.6,6.48,0.005431,86881,310.6,-5.51,-0.006745
397.08,0.0057547,0.052593,91586,88532,87431,89998,302.9,397.1,0.047247,365.7,81459,575.5,86626,363.1,66.92,0.048065,94757,321.1,55.83,0.058674,87338,311.6,28.67,0.035183,217.1,0.000000,346.5,158497,1199.3,102136,329.9,-0.62,-0.000575,98765,324.6,-12.41,-0.013437,87163,312.1,-61.13,-0.074765,577.1,0.003840,340.4,107097,377.7,113670,340.3,4.82,0.004842,111379,335.8,22.87,0.027001,85110,310.7,63.02,0.075575,37.1,0.000000,232.4,3319743,2436.9,64978,290.3,0.62,0.000419,69043,292.8,8.09,0.006798,86874,310.6,-3.06,-0.003745
398.09,0.0057695,0.052536,91376,88585,87501,90014,303.0,398.1,0.048901,360.7,81391,565.4,86706,358.1,68.24,0.049745,94487,320.9,57.14,0.059925,87421,311.6,27.81,0.034157,218.1,0.000000,110.8,155759,1194.1,101775,329.6,-0.72,-0.000671,98460,324.3,-12.83,-0.013856,87183,312.1,-60.83,-0.074406,578.1,0.003115,340.8,107800,378.3,114199,340.8,4.27,0.004310,112007,336.3,22.17,0.026277,85024,310.5,63.63,0.076291,38.1,0.000000,952.4,3195876,2416.9,65218,290.6,0.75,0.000505,69244,293.0,9.76,0.008216,86868,310.6,-0.60,-0.000729
399.11,0.0057842,0.052487,91165,88648,87605,90027,303.1,399.1,0.050602,356.1,81332,555.6,86805,353.5,69.64,0.051484,94239,320.6,58.29,0.061011,87549,311.6,26.92,0.033112,219.1,0.000000,100.0,153085,1188.9,101362,329.2,-0.83,-0.000770,98165,324.1,-13.32,-0.014356,87241,312.1,-60.44,-0.073967,579.1,0.002492,341.3,108519,379.0,114815,341.3,3.78,0.003829,112613,336.8,21.50,0.025576,84966,310.2,64.53,0.077380,39.1,0.000000,501.4,3077839,2397.3,65489,290.9,0.85,0.000577,69434,293.3,11.40,0.009613,86831,310.6,1.82,0.002233
400.04,0.0057977,0.052450,90978,88747,87764,90035,303.2,400.0,0.052287,352.4,81289,547.1,86915,349.7,71.01,0.053135,94035,320.5,59.22,0.061887,87713,311.7,26.07,0.032125,220.0,0.000000,369.2,150689,1184.1,100937,328.8,-0.93,-0.000863,97892,323.8,-13.85,-0.014898,87350,312.2,-59.97,-0.073466,580.0,0.001827,342.2,109191,379.7,115486,341.9,3.31,0.003370,113152,337.3,20.89,0.024933,84945,310.0,65.58,0.078683,40.0,0.000000,256.3,2974513,2379.7,65757,291.3,0.93,0.000630,69577,293.4,12.78,0.010789,86857,310.6,4.21,0.005160
401.05,0.0058124,0.052417,90791,88872,87982,90038,303.4,401.1,0.054024,348.6,81260,538.1,87056,345.9,72.56,0.054985,93835,320.3,60.13,0.062733,87946,311.8,25.11,0.031011,221.1,0.000000,100.0,148133,1179.0,100425,328.4,-1.05,-0.000962,97572,323.5,-14.54,-0.015602,87541,312.4,-59.39,-0.072875,581.1,0.001704,342.4,109946,380.4,116151,342.4,2.99,0.003052,113715,337.8,20.22,0.024219,84967,309.8,66.94,0.080385,41.1,0.000000,243.5,2866888,2360.9,66065,291.6,0.99,0.000673,69678,293.6,14.05,0.011879,86945,310.7,7.00,0.008574
402.07,0.0058270,0.052391,90627,89031,88179,90037,303.6,402.1,0.055876,345.3,81252,529.6,87215,342.4,74.16,0.056861,93657,320.1,60.93,0.063480,88213,311.9,24.01,0.029729,222.1,0.000000,316.9,145637,1173.9,99868,327.8,-1.15,-0.001053,97214,323.2,-15.36,-0.016445,87771,312.6,-58.85,-0.072343,582.1,0.001119,343.0,110718,381.1,116905,343.1,2.61,0.002681,114245,338.2,19.54,0.023485,85019,309.7,68.38,0.082200,42.1,0.000000,132.0,2764362,2342.5,66386,292.0,1.03,0.000704,69738,293.6,15.12,0.012791,87074,310.7,9.86,0.012096
403.08,0.0058417,0.052371,90465,89231,88344,90031,303.8,403.1,0.057738,342.3,81268,521.4,87385,339.4,75.76,0.058727,93496,320.0,61.64,0.064133,88483,312.1,22.67,0.028143,223.1,0.000000,100.0,143198,1168.8,99275,327.3,-1.24,-0.001128,96799,322.8,-16.34,-0.017443,88000,312.8,-58.46,-0.072004,583.1,0.000790,343.7,111511,381.9,117655,343.7,2.27,0.002335,114734,338.7,18.85,0.022724,85076,309.6,69.77,0.083956,43.1,0.000000,100.0,2666677,2324.4,66715,292.5,1.06,0.000726,69778,293.7,15.96,0.013508,87218,310.8,12.68,0.015574
404.09,0.0058564,0.052357,90300,89467,88497,90023,304.0,404.1,0.059571,339.6,81304,513.6,87557,336.6,77.30,0.060538,93343,319.9,62.26,0.064695,88741,312.2,21.08,0.026236,224.1,0.000000,147.0,140815,1163.9,98659,326.7,-1.30,-0.001183,96317,322.3,-17.49,-0.018603,88216,313.0,-58.29,-0.071930,584.1,0.000544,344.4,112327,382.7,118383,344.3,1.94,0.002007,115176,339.0,18.14,0.021930,85134,309.5,71.05,0.085577,44.1,0.000000,100.0,2573576,2306.7,67053,292.9,1.08,0.000745,69781,293.7,16.52,0.013977,87358,310.9,15.41,0.018966
405.10,0.0058710,0.052349,90144,89702,88677,90012,304.1,405.1,0.061329,337.3,81359,506.2,87722,334.1,78.75,0.062252,93192,319.8,62.78,0.065162,88989,312.4,19.32,0.024103,225.1,0.000000,100.0,138486,1158.9,98032,326.1,-1.34,-0.001212,95761,321.8,-18.80,-0.019914,88428,313.2,-58.30,-0.072073,585.1,0.000449,344.9,113168,383.5,119030,344.8,1.68,0.001741,115571,339.4,17.41,0.021097,85202,309.4,72.23,0.087079,45.1,0.000000,229.1,2484846,2289.4,67399,293.3,1.11,0.000766,69720,293.6,16.81,0.014213,87486,310.9,18.09,0.022285
406.11,0.0058857,0.052347,89998,89909,88931,89999,304.4,406.1,0.062972,335.1,81428,499.1,87872,331.8,80.07,0.063832,93035,319.6,63.22,0.065529,89248,312.5,17.55,0.021941,226.1,0.000000,312.0,136209,1154.0,97409,325.5,-1.35,-0.001215,95134,321.2,-20.26,-0.021353,88676,313.4,-58.46,-0.072420,586.1,0.000382,345.4,114036,384.3,119605,345.3,1.46,0.001521,115920,339.7,16.65,0.020221,85298,309.5,73.41,0.088595,46.1,0.000000,100.0,2400267,2272.5,67762,293.8,1.15,0.000797,69603,293.5,16.86,0.014241,87627,310.9,20.79,0.025652
407.04,0.0058991,0.052349,89875,90083,89192,89984,304.6,407.0,0.064410,333.4,81498,493.0,87992,330.0,81.15,0.065141,92880,319.5,63.54,0.065774,89501,312.7,15.99,0.020040,227.0,0.000000,100.0,134166,1149.5,96853,325.0,-1.33,-0.001196,94503,320.5,-21.69,-0.022753,88938,313.7,-58.69,-0.072861,587.0,0.000331,345.7,114855,385.0,120076,345.7,1.29,0.001353,116205,339.9,15.93,0.019379,85428,309.5,74.52,0.090057,47.0,0.000000,100.0,2326199,2257.3,68116,294.2,1.21,0.000841,69481,293.3,16.75,0.014129,87787,311.0,23.33,0.028835
408.05,0.0059137,0.052357,89751,90224,89521,89966,305.0,408.0,0.065698,331.7,81576,486.6,88101,328.2,82.18,0.066410,92694,319.4,63.79,0.065940,89799,312.9,14.38,0.018070,228.0,0.000000,100.0,131985,1144.7,96269,324.4,-1.29,-0.001156,93760,319.8,-23.32,-0.024333,89249,313.9,-58.98,-0.073420,588.0,0.000291,346.1,115777,385.9,120541,346.0,1.15,0.001202,116486,340.2,15.11,0.018412,85618,309.7,75.74,0.091690,48.0,0.000000,133.6,2248958,2241.0,68538,294.7,1.31,0.000916,69346,293.2,16.38,0.013796,87999,311.1,26.14,0.032377
409.06,0.0059284,0.052368,89634,90315,89907,89945,305.4,409.1,0.066883,330.2,81652,480.5,88186,326.6,83.06,0.067517,92488,319.2,63.96,0.066003,90148,313.2,12.86,0.016214,229.1,0.000000,121.1,129852,1139.9,95717,323.9,-1.24,-0.001102,92971,319.0,-25.01,-0.025932,89592,314.3,-59.23,-0.073940,589.1,0.000256,346.5,116729,386.8,120963,346.4,1.03,0.001079,116746,340.4,14.25,0.017390,85855,309.9,76.95,0.093356,49.1,0.000000,293.8,2175232,2225.1,69014,295.3,1.45,0.001022,69192,293.0,15.88,0.013353,88254,311.2,29.00,0.036013
410.07,0.0059430,0.052384,89521,90373,90332,89920,305.8,410.1,0.067918,328.8,81722,474.8,88248,325.2,83.81,0.068477,92258,319.0,64.05,0.065969,90584,313.5,11.31,0.014306,230.1,0.000000,174.1,127764,1135.1,95197,323.4,-1.18,-0.001042,92145,318.2,-26.70,-0.027516,89964,314.6,-59.38,-0.074355,590.1,0.000228,346.8,117711,387.7,121354,346.7,0.93,0.000983,116995,340.6,13.34,0.016306,86140,310.1,78.15,0.095051,50.1,0.000000,460.4,2104820,2209.5,69557,296.0,1.64,0.001158,69045,292.8,15.27,0.012822,88550,311.3,31.92,0.039746
411.08,0.0059577,0.052403,89410,90417,90742,89892,306.2,411.1,0.068821,327.6,81782,469.4,88289,323.9,84.46,0.069313,92004,318.8,64.06,0.065848,91138,314.0,9.37,0.011906,231.1,0.000000,100.0,125720,1130.4,94706,322.9,-1.12,-0.000985,91290,317.4,-28.38,-0.029051,90345,314.9,-59.40,-0.074608,591.1,0.000206,347.1,118726,388.6,121720,347.0,0.86,0.000909,117243,340.8,12.37,0.015149,86456,310.4,79.29,0.096705,51.1,0.000000,100.0,2037549,2194.2,70174,296.7,1.84,0.001312,68919,292.7,14.58,0.012229,88873,311.5,34.83,0.043510
412.09,0.0059723,0.052427,89301,90467,91112,89862,306.5,412.1,0.069572,326.5,81829,464.2,88328,322.8,85.00,0.070023,91728,318.5,64.01,0.065652,91833,314.7,6.51,0.008320,232.1,0.000000,100.0,123719,1125.7,94239,322.4,-1.07,-0.000938,90412,316.5,-30.01,-0.030508,90710,315.3,-59.26,-0.074651,592.1,0.000190,347.3,119775,389.5,122067,347.3,0.80,0.000851,117500,341.0,11.34,0.013906,86778,310.7,80.28,0.098184,52.1,0.000000,100.0,1973263,2179.2,70857,297.5,2.03,0.001457,68821,292.5,13.84,0.011592,89192,311.7,37.65,0.047181
413.10,0.0059870,0.052454,89193,90523,91449,89832,306.9,413.1,0.070122,325.6,81858,459.3,88391,321.8,85.37,0.070587,91430,318.3,63.92,0.065398,92684,315.5,2.23,0.002867,233.1,0.000000,237.8,121759,1121.1,93781,322.0,-1.04,-0.000913,89517,315.6,-31.57,-0.031866,91035,315.6,-58.95,-0.074459,593.1,0.000178,347.6,120859,390.5,122399,347.6,0.76,0.000805,117770,341.2,10.23,0.012568,87098,311.0,81.08,0.099425,53.1,0.000000,100.0,1911797,2164.5,71578,298.4,2.14,0.001548,68758,292.5,13.05,0.010924,89490,311.8,40.34,0.050692
414.03,0.0060005,0.052481,89093,90576,91808,89808,307.2,414.0,0.070588,324.9,81871,455.0,88453,321.1,85.63,0.071015,91141,318.0,63.81,0.065128,93160,316.0,-3.90,-0.005033,234.0,0.000000,495.0,119996,1116.8,93361,321.6,-1.04,-0.000909,88686,314.8,-32.92,-0.033008,91330,315.8,-58.40,-0.073943,594.0,0.000170,347.8,121884,391.4,122688,347.8,0.72,0.000766,118028,341.5,9.15,0.011255,87402,311.3,81.69,0.100410,54.0,0.000000,115.8,1857804,2151.3,72235,299.2,2.15,0.001561,68734,292.4,12.30,0.010297,89755,311.9,42.74,0.053847
415.05,0.0060152,0.052515,88981,90647,92112,89789,307.5,415.0,0.071008,324.2,81870,450.6,88513,320.4,85.85,0.071410,90808,317.7,63.66,0.064800,93760,316.6,-11.73,-0.015213,235.0,0.000000,1443.9,118109,1112.2,92891,321.1,-1.06,-0.000926,87775,313.8,-34.30,-0.034132,91614,316.1,-57.63,-0.073143,595.0,0.000164,348.1,123038,392.4,122982,348.0,0.68,0.000718,118316,341.7,7.90,0.009739,87678,311.7,82.02,0.101013,55.0,0.000000,3810.2,1801336,2137.1,72923,300.0,2.07,0.001512,68740,292.4,11.49,0.009619,89981,312.1,45.16,0.057003
416.07,0.0060299,0.052553,88870,90730,92382,89777,307.8,416.1,0.071400,323.7,81855,446.4,88560,319.7,86.04,0.071746,90461,317.4,63.49,0.064451,94262,317.2,-20.27,-0.026376,236.1,0.000000,335.8,116259,1107.7,92394,320.6,-1.12,-0.000972,86867,312.9,-35.55,-0.035124,91865,316.3,-56.69,-0.072087,596.1,-0.000018,392.6,124229,393.4,123293,348.3,0.55,0.000587,118601,341.9,6.61,0.008157,87901,312.1,82.12,0.101254,56.1,0.000000,464.7,1747278,2123.2,73551,300.7,1.90,0.001396,68782,292.5,10.70,0.008961,90139,312.3,47.38,0.059871
417.08,0.0060447,0.052594,88758,90814,92576,89774,307.9,417.1,0.071746,323.1,81827,442.4,88589,319.1,86.18,0.072025,90104,317.0,63.33,0.064093,94447,317.5,-28.33,-0.036901,237.1,0.000000,296.9,114445,1103.1,91848,320.1,-1.22,-0.001057,85972,312.0,-36.69,-0.035977,92068,316.5,-55.61,-0.070832,597.1,0.000017,349.1,125461,394.5,123530,348.5,0.45,0.000478,118868,342.2,5.29,0.006543,88116,312.7,82.04,0.101228,57.1,0.000000,121.7,1695507,2109.6,74090,301.4,1.65,0.001218,68857,292.6,9.96,0.008350,90252,312.6,49.41,0.062460
418.11,0.0060595,0.052639,88645,90893,92686,89777,308.0,418.1,0.072041,322.6,81786,438.6,88596,318.6,86.29,0.072244,89738,316.7,63.15,0.063728,94321,317.4,-35.31,-0.045943,238.1,0.000000,100.0,112664,1098.6,91229,319.5,-1.38,-0.001186,85096,311.1,-37.69,-0.036691,92201,316.6,-54.46,-0.069454,598.1,0.000048,349.2,126736,395.5,123697,348.6,0.35,0.000378,119102,342.3,3.98,0.004933,88324,313.2,81.74,0.100920,58.1,0.000000,109.5,1645906,2096.2,74519,301.8,1.33,0.000990,68966,292.7,9.30,0.007800,90307,312.9,51.25,0.064770
419.04,0.0060731,0.052683,88541,90977,92709,89785,308.1,419.0,0.072269,322.2,81737,435.3,88581,318.1,86.35,0.072382,89396,316.4,62.99,0.063387,93987,317.2,-40.53,-0.052578,239.0,0.000000,17634.1,111061,1094.5,90582,318.8,-1.57,-0.001339,84319,310.2,-38.49,-0.037223,92251,316.6,-53.39,-0.068121,599.0,0.000066,349.3,127943,396.6,123796,348.7,0.27,0.000290,119278,342.5,2.81,0.003487,88514,313.8,81.28,0.100398,59.0,0.000000,2224.1,1602266,2084.2,74801,302.2,1.01,0.000751,69094,292.9,8.75,0.007353,90322,313.1,52.78,0.066664
420.07,0.0060879,0.052735,88427,91154,92650,89797,308.0,420.1,0.072431,321.8,81672,431.9,88539,317.7,86.34,0.072451,89019,316.0,62.81,0.063003,93556,316.9,-44.75,-0.057846,240.1,0.000000,1241.3,109345,1090.0,89777,318.0,-1.81,-0.001534,83506,309.4,-39.23,-0.037679,92232,316.6,-52.22,-0.066620,600.1,0.000076,349.3,129303,397.7,123846,348.7,0.18,0.000192,119423,342.6,1.58,0.001961,88714,314.3,80.54,0.099534,60.1,0.000000,597.8,1556573,2071.3,74982,302.4,0.63,0.000473,69267,293.1,8.24,0.006935,90307,313.3,54.25,0.068461
421.09,0.0061028,0.052791,88312,91304,92528,89810,307.9,421.1,0.072521,321.4,81594,428.6,88469,317.2,86.26,0.072426,88636,315.7,62.60,0.062598,93125,316.6,-47.61,-0.061320,241.1,0.000000,100.0,107661,1085.5,88863,317.1,-2.07,-0.001742,82737,308.6,-39.85,-0.038018,92160,316.5,-51.08,-0.065132,601.1,0.000014,437.1,130708,398.9,123854,348.7,0.06,0.000061,119516,342.7,0.40,0.000498,88889,314.8,79.38,0.098157,61.1,0.000000,289.5,1512783,2058.7,75033,302.4,0.26,0.000197,69475,293.3,7.82,0.006596,90261,313.5,55.48,0.069934
422.12,0.0061176,0.052850,88204,91469,92374,89824,307.8,422.1,0.072507,320.9,81500,425.4,88368,316.8,86.12,0.072321,88252,315.3,62.37,0.062173,92711,316.3,-49.27,-0.063226,242.1,0.000000,308.1,106296,1081.8,87847,316.0,-2.33,-0.001945,82018,307.8,-40.34,-0.038254,92045,316.3,-49.98,-0.063680,602.1,0.000000,144.7,132164,411.9,123813,348.7,-0.04,-0.000047,119559,342.7,-0.73,-0.000901,89037,315.1,77.77,0.096237,62.1,0.000000,429.5,1470825,2046.3,74971,302.4,-0.07,-0.000049,69720,293.6,7.48,0.006327,90191,313.6,56.49,0.071129
423.06,0.0061313,0.052906,88112,91588,92207,89838,307.6,423.1,0.072413,320.5,81401,422.7,88250,316.4,85.95,0.072162,87897,314.9,62.14,0.061763,92344,316.1,-49.80,-0.063697,243.1,0.000000,174.5,105459,1079.3,86836,315.0,-2.55,-0.002115,81404,307.2,-40.71,-0.038396,91911,316.2,-49.01,-0.062386,603.1,0.000000,1866.0,133542,413.1,123721,348.6,-0.14,-0.000149,119560,342.7,-1.72,-0.002131,89164,315.2,76.00,0.094117,63.1,0.000000,145.1,1433896,2035.2,74831,302.2,-0.33,-0.000245,69984,293.9,7.24,0.006135,90099,313.7,57.24,0.071993
424.09,0.0061462,0.052971,88024,91662,91993,89852,307.4,424.1,0.072261,320.0,81278,419.8,88097,316.0,85.72,0.071934,87508,314.6,61.86,0.061283,91939,315.8,-49.28,-0.062821,244.1,0.000000,231.6,104750,1077.0,85662,313.8,-2.77,-0.002274,80786,306.5,-41.02,-0.038476,91741,316.0,-48.02,-0.061053,604.1,0.000000,859.7,135095,414.4,123570,348.5,-0.23,-0.000247,119523,342.7,-2.77,-0.003444,89304,315.4,73.76,0.091452,64.1,0.000000,380.4,1395197,2023.2,74594,301.9,-0.59,-0.000436,70323,294.4,7.02,0.005972,89947,313.6,57.89,0.072694
425.11,0.0061611,0.053037,87953,91662,91756,89865,307.2,425.1,0.072049,319.6,81139,417.0,87919,315.7,85.45,0.071645,87118,314.2,61.52,0.060745,91507,315.5,-48.03,-0.060998,245.1,0.000000,163.7,104109,1074.9,84431,312.5,-2.95,-0.002399,80226,305.9,-41.23,-0.038480,91539,315.8,-47.11,-0.059801,605.1,0.000000,100.0,136701,415.7,123377,348.3,-0.31,-0.000327,119454,342.6,-3.81,-0.004725,89441,315.4,71.22,0.088422,65.1,0.000000,148.7,1358089,2011.5,74295,301.6,-0.78,-0.000581,70719,294.8,6.82,0.005830,89755,313.5,58.49,0.073321
426.06,0.0061747,0.053100,87917,91595,91520,89876,306.9,426.1,0.071789,319.1,80999,414.6,87733,315.3,85.16,0.071327,86757,313.8,61.15,0.060203,91073,315.2,-46.10,-0.058331,246.1,0.000000,100.0,103628,1073.2,83271,311.2,-3.08,-0.002484,79760,305.4,-41.34,-0.038425,91327,315.5,-46.28,-0.058652,606.1,0.000000,100.0,138221,416.9,123172,348.2,-0.36,-0.000385,119368,342.6,-4.75,-0.005889,89567,315.4,68.64,0.085342,66.1,0.000000,405.1,1325428,2001.0,73985,301.2,-0.91,-0.000673,71137,295.3,6.65,0.005700,89559,313.3,59.03,0.073872
427.09,0.0061897,0.053167,87917,91478,91251,89886,306.7,427.1,0.071475,318.6,80832,412.1,87509,315.0,84.81,0.070932,86360,313.5,60.71,0.059565,90626,314.8,-43.21,-0.054467,247.1,0.000000,100.0,103201,1071.6,81984,309.9,-3.20,-0.002546,79294,304.9,-41.40,-0.038312,91077,315.3,-45.38,-0.057401,607.1,0.000000,502.0,139931,418.3,122923,348.0,-0.41,-0.000436,119256,342.5,-5.77,-0.007148,89700,315.3,65.55,0.081645,67.1,0.000000,311.7,1291211,1989.8,73627,300.8,-1.00,-0.000734,71658,295.9,6.43,0.005541,89332,313.1,59.57,0.074418
428.12,0.0062046,0.053234,87939,91342,90994,89893,306.4,428.1,0.071103,318.2,80651,409.6,87267,314.7,84.44,0.070500,85967,313.1,60.21,0.058878,90250,314.5,-39.82,-0.050027,248.1,0.000000,172.4,102656,1069.7,80692,308.5,-3.27,-0.002578,78861,304.4,-41.38,-0.038145,90824,315.0,-44.50,-0.056172,608.1,0.000000,381.6,141698,419.7,122652,347.8,-0.45,-0.000479,119128,342.4,-6.78,-0.008396,89828,315.2,62.20,0.077604,68.1,0.000000,100.0,1258401,1978.8,73261,300.4,-1.04,-0.000760,72241,296.6,6.17,0.005348,89098,312.9,60.06,0.074891
429.06,0.0062182,0.053292,88005,91203,90779,89897,306.2,429.1,0.070716,317.8,80474,407.5,87032,314.3,84.08,0.070079,85615,312.7,59.70,0.058205,89966,314.3,-36.43,-0.045664,249.1,0.000000,410.9,102215,1068.1,79512,307.2,-3.32,-0.002584,78488,304.0,-41.30,-0.037940,90598,314.8,-43.67,-0.055035,609.1,0.000000,100.0,143369,421.1,122384,347.5,-0.49,-0.000516,118994,342.2,-7.70,-0.009521,89945,315.1,58.91,0.073632,69.1,0.000000,3807.3,1229504,1968.9,72934,300.0,-1.03,-0.000755,72820,297.3,5.91,0.005154,88882,312.6,60.46,0.075268
430.09,0.0062331,0.053352,88088,91032,90561,89900,306.0,430.1,0.070301,317.4,80270,405.2,86761,314.0,83.68,0.069601,85241,312.4,59.09,0.057431,89722,314.1,-32.62,-0.040801,250.1,0.000000,100.0,101682,1066.2,78242,305.8,-3.33,-0.002569,78093,303.6,-41.12,-0.037643,90362,314.5,-42.73,-0.053755,610.1,0.000000,264.4,145251,422.5,122072,347.3,-0.53,-0.000556,118833,342.1,-8.66,-0.010710,90075,314.9,55.12,0.069037,70.1,0.000000,817.4,1199206,1958.3,72602,299.6,-0.98,-0.000713,73483,298.1,5.66,0.004967,88653,312.3,60.85,0.075627
431.12,0.0062480,0.053409,88162,90843,90354,89901,305.8,431.1,0.069840,317.0,80055,403.0,86478,313.7,83.27,0.069108,84881,312.0,58.44,0.056624,89535,314.0,-28.86,-0.036040,251.1,0.000000,100.0,101148,1064.3,76999,304.4,-3.33,-0.002533,77715,303.2,-40.83,-0.037249,90144,314.3,-41.75,-0.052423,611.1,0.000000,112.0,147196,424.1,121736,347.0,-0.57,-0.000597,118656,342.0,-9.58,-0.011832,90198,314.7,51.15,0.064187,71.1,0.000000,2427.3,1170123,1948.0,72311,299.3,-0.88,-0.000640,74143,298.8,5.51,0.004864,88430,312.0,61.19,0.075922
432.06,0.0062617,0.053457,88236,90655,90181,89901,305.7,432.1,0.069385,316.6,79849,401.1,86208,313.3,82.89,0.068649,84563,311.7,57.83,0.055870,89402,313.9,-25.56,-0.031879,252.1,0.000000,100.0,100721,1062.7,75892,303.1,-3.29,-0.002481,77377,302.8,-40.45,-0.036787,89960,314.1,-40.82,-0.051184,612.1,0.000000,100.0,149037,425.5,121408,346.7,-0.60,-0.000636,118481,341.8,-10.37,-0.012785,90300,314.5,47.38,0.059562,72.1,0.000000,1442.8,1144481,1938.6,72083,299.0,-0.77,-0.000559,74722,299.5,5.49,0.004878,88236,311.8,61.44,0.076134
433.09,0.0062766,0.053506,88341,90436,90015,89900,305.5,433.1,0.068923,316.3,79616,399.1,85907,313.0,82.47,0.068145,84229,311.4,57.14,0.055045,89291,313.8,-22.18,-0.027637,253.1,0.000000,120.7,100054,1060.4,74725,301.8,-3.23,-0.002410,77002,302.4,-39.89,-0.036147,89781,313.9,-39.78,-0.049810,613.1,0.000000,3167.6,151111,427.1,121026,346.4,-0.65,-0.000681,118276,341.6,-11.14,-0.013729,90398,314.3,43.20,0.054396,73.1,0.000000,100.0,1117564,1928.7,71880,298.8,-0.64,-0.000462,75322,300.2,5.54,0.004949,88049,311.5,61.63,0.076277
434.12,0.0062915,0.053550,88507,90221,89870,89899,305.4,434.1,0.068438,315.9,79376,397.1,85597,312.6,82.06,0.067640,83910,311.0,56.45,0.054233,89187,313.7,-18.96,-0.023604,254.1,0.000000,235.9,99531,1058.5,73608,300.5,-3.15,-0.002323,76611,301.9,-39.15,-0.035352,89624,313.7,-38.71,-0.048424,614.1,0.000000,532.5,153255,428.7,120619,346.1,-0.69,-0.000727,118059,341.4,-11.83,-0.014559,90483,314.2,38.99,0.049173,74.1,0.000000,233.3,1091699,1918.9,71728,298.6,-0.49,-0.000356,75876,300.8,5.76,0.005175,87886,311.2,61.75,0.076340
435.06,0.0063052,0.053583,88705,90033,89752,89897,305.2,435.1,0.067971,315.5,79151,395.4,85308,312.3,81.69,0.067175,83629,310.8,55.84,0.053513,89097,313.7,-16.11,-0.020032,255.1,0.000000,264.5,98966,1056.6,72635,299.3,-3.05,-0.002230,76232,301.5,-38.33,-0.034485,89501,313.6,-37.74,-0.047161,615.1,0.000000,121.5,155285,430.2,120224,345.8,-0.74,-0.000769,117851,341.3,-12.38,-0.015212,90552,314.0,35.14,0.044367,75.1,0.000000,362.6,1068869,1910.1,71639,298.5,-0.35,-0.000250,76340,301.3,6.18,0.005579,87758,311.0,61.79,0.076336
436.09,0.0063201,0.053611,88954,89840,89639,89896,305.1,436.1,0.067495,315.1,78900,393.6,84983,311.9,81.27,0.066658,83337,310.5,55.20,0.052767,89007,313.6,-13.08,-0.016249,256.1,0.000000,100.0,98440,1054.7,71633,298.2,-2.92,-0.002114,75794,301.0,-37.27,-0.033394,89388,313.5,-36.69,-0.045815,616.1,0.000000,664.7,157574,431.9,119769,345.4,-0.78,-0.000815,117615,341.1,-12.88,-0.015804,90621,313.8,30.93,0.039103,76.1,0.000000,171.6,1044883,1900.7,71603,298.4,-0.16,-0.000118,76790,301.9,6.84,0.006200,87641,310.8,61.76,0.076262
437.12,0.0063350,0.053627,89256,89660,89542,89895,305.0,437.1,0.066982,314.7,78644,391.8,84649,311.6,80.84,0.066124,83059,310.2,54.60,0.052068,88928,313.5,-10.12,-0.012566,257.1,0.000000,398.1,97776,1052.4,70700,297.0,-2.77,-0.001985,75328,300.5,-36.06,-0.032165,89300,313.4,-35.71,-0.044561,617.1,0.000000,100.0,159940,433.6,119290,345.0,-0.83,-0.000859,117375,340.9,-13.27,-0.016264,90694,313.7,26.67,0.033765,77.1,0.000000,100.0,1021820,1891.5,71626,298.5,0.01,0.000008,77191,302.3,7.72,0.007017,87548,310.6,61.61,0.076042
438.06,0.0063487,0.053632,89570,89508,89467,89895,305.0,438.1,0.066467,314.3,78406,390.2,84334,311.2,80.43,0.065614,82815,310.0,54.09,0.051472,88866,313.5,-7.46,-0.009262,258.1,0.000000,338.3,97068,1050.1,69909,296.1,-2.61,-0.001857,74879,300.0,-34.83,-0.030934,89237,313.3,-34.88,-0.043505,618.1,0.000000,1115.7,162181,435.2,118832,344.6,-0.87,-0.000898,117157,340.7,-13.54,-0.016567,90773,313.6,22.67,0.028733,78.1,0.000000,238.0,1001458,1883.3,71704,298.6,0.19,0.000134,77520,302.7,8.69,0.007924,87477,310.4,61.32,0.075676
439.09,0.0063636,0.053625,89928,89361,89402,89896,304.9,439.1,0.065924,313.9,78142,388.6,83981,310.8,79.95,0.065032,82559,309.7,53.59,0.050873,88809,313.5,-4.61,-0.005715,259.1,0.000000,211.3,96402,1047.8,69119,295.1,-2.42,-0.001709,74370,299.4,-33.37,-0.029495,89182,313.2,-34.04,-0.042438,619.1,0.000000,347.4,164706,437.0,118311,344.2,-0.91,-0.000938,116923,340.5,-13.72,-0.016772,90884,313.5,18.11,0.022981,79.1,0.000000,309.5,980056,1874.4,71863,298.7,0.40,0.000291,77845,303.0,9.92,0.009076,87419,310.2,60.91,0.075167
440.11,0.0063785,0.053605,90286,89228,89354,89899,304.9,440.1,0.065328,313.4,77874,387.0,83619,310.4,79.44,0.064423,82316,309.5,53.13,0.050334,88766,313.4,-1.78,-0.002212,260.1,0.000000,360.4,95742,1045.5,68407,294.3,-2.22,-0.001556,73845,298.8,-31.82,-0.027978,89141,313.2,-33.26,-0.041446,620.1,0.000000,263033.7,167318,438.9,117771,343.7,-0.95,-0.000976,116708,340.3,-13.79,-0.016825,91026,313.6,13.25,0.016846,80.1,0.000000,358.5,959464,1865.7,72099,299.0,0.63,0.000454,78143,303.4,11.32,0.010389,87385,310.0,60.44,0.074603
441.06,0.0063921,0.053574,90705,89116,89348,89905,304.9,441.1,0.064732,313.0,77625,385.6,83281,310.0,78.95,0.063845,82105,309.2,52.77,0.049900,88645,313.3,0.55,0.000687,261.1,0.000000,719.5,95034,1043.1,67819,293.5,-2.04,-0.001416,73354,298.3,-30.32,-0.026537,89126,313.2,-32.55,-0.040563,621.1,0.000000,1218.8,169793,440.6,117260,343.3,-0.98,-0.001008,116531,340.1,-13.74,-0.016757,91193,313.7,8.53,0.010853,81.1,0.000000,100.0,941266,1858.0,72383,299.4,0.83,0.000606,78404,303.7,12.75,0.011725,87390,309.9,60.01,0.074107
442.08,0.0064070,0.053522,91262,89005,89403,89915,304.9,442.1,0.064116,312.6,77350,384.1,82907,309.6,78.39,0.063197,81890,309.0,52.45,0.049498,88544,313.2,3.18,0.003942,262.1,0.000000,158.2,94367,1040.8,67247,292.8,-1.83,-0.001267,72814,297.6,-28.64,-0.024928,89134,313.2,-31.82,-0.039651,622.1,0.000000,825.5,172582,442.5,116688,342.8,-1.01,-0.001039,116363,340.0,-13.56,-0.016511,91287,313.7,2.78,0.003545,82.1,0.000000,8268.4,922124,1849.6,72769,299.8,1.06,0.000773,78688,304.0,14.45,0.013318,87427,309.8,59.54,0.073574
443.11,0.0064219,0.053451,91796,88908,89438,89932,304.9,443.1,0.063456,312.1,77072,382.6,82530,309.2,77.82,0.062537,81690,308.8,52.20,0.049171,88479,313.1,5.91,0.007319,263.1,0.000000,319.4,93554,1038.1,66744,292.2,-1.63,-0.001124,72272,297.0,-26.91,-0.023298,89199,313.2,-31.02,-0.038684,623.1,0.000000,402.8,175469,444.5,116106,342.3,-1.04,-0.001063,116234,339.9,-13.25,-0.016121,91016,313.5,-3.91,-0.004977,83.1,0.000000,100.0,903694,1841.5,73229,300.4,1.27,0.000935,78983,304.3,16.27,0.015042,87463,309.8,59.09,0.073041
444.05,0.0064355,0.053369,92264,88836,89449,89951,305.0,444.0,0.062823,311.7,76815,381.3,82182,308.8,77.30,0.061929,81519,308.6,52.02,0.048932,88388,312.9,8.35,0.010333,264.0,0.000000,483.0,92845,1035.7,66338,291.7,-1.46,-0.001000,71778,296.4,-25.30,-0.021798,89265,313.3,-30.45,-0.037989,624.0,0.000000,559.2,178204,446.3,115565,341.9,-1.06,-0.001077,116149,339.8,-12.86,-0.015641,90874,313.4,-9.49,-0.012047,84.0,0.000000,1351.2,887396,1834.1,73712,300.9,1.46,0.001074,79273,304.6,18.05,0.016728,87469,309.9,58.63,0.072462
445.08,0.0064504,0.053265,92652,88777,89456,89976,305.0,445.1,0.062187,311.2,76533,379.9,81805,308.4,76.72,0.061270,81338,308.5,51.89,0.048727,88293,312.7,10.94,0.013527,265.1,0.000000,100.0,92027,1033.0,65953,291.2,-1.28,-0.000872,71245,295.8,-23.54,-0.020170,89319,313.3,-29.99,-0.037433,625.1,0.000000,100.0,181289,448.3,114975,341.4,-1.07,-0.001085,116088,339.7,-12.32,-0.014985,90776,313.4,-15.13,-0.019195,85.1,0.000000,231.8,870239,1826.3,74297,301.6,1.63,0.001208,79621,305.0,20.08,0.018671,87472,310.0,58.14,0.071827
446.10,0.0064652,0.053151,92899,88742,89455,90005,305.0,446.1,0.061535,310.7,76251,378.6,81430,308.0,76.16,0.060624,81159,308.3,51.79,0.048554,88217,312.6,13.44,0.016606,266.1,0.000000,340.4,91212,1030.2,65623,290.8,-1.11,-0.000753,70722,295.2,-21.77,-0.018561,89349,313.3,-29.66,-0.037034,626.1,0.000000,100.0,184483,450.4,114390,340.9,-1.07,-0.001080,116045,339.7,-11.67,-0.014188,90698,313.4,-20.42,-0.025877,86.1,0.000000,169.8,853708,1818.6,74930,302.3,1.77,0.001318,80009,305.4,22.20,0.020711,87468,310.2,57.64,0.071166
447.04,0.0064788,0.053042,92987,88753,89446,90035,304.9,447.0,0.060926,310.3,75991,377.4,81091,307.6,75.66,0.060050,80996,308.1,51.71,0.048407,88165,312.5,15.64,0.019317,267.0,0.000000,100.0,90497,1027.7,65365,290.5,-0.96,-0.000651,70253,294.7,-20.17,-0.017110,89357,313.3,-29.44,-0.036760,627.0,0.000000,100.0,187510,452.4,113863,340.4,-1.06,-0.001066,116035,339.7,-10.96,-0.013320,90610,313.4,-24.94,-0.031573,87.0,0.000000,985.4,839079,1811.7,75543,303.0,1.86,0.001396,80407,305.9,24.20,0.022657,87456,310.4,57.19,0.070559
448.06,0.0064937,0.052923,92949,88817,89422,90071,304.9,448.1,0.060339,309.8,75709,376.1,80726,307.2,75.13,0.059447,80817,307.9,51.63,0.048255,88125,312.4,17.94,0.022151,268.1,0.000000,291.6,89540,1024.6,65130,290.2,-0.81,-0.000546,69756,294.1,-18.44,-0.015562,89348,313.3,-29.25,-0.036518,628.1,0.000000,454.6,190927,454.5,113305,340.0,-1.04,-0.001039,116076,339.7,-10.06,-0.012233,90455,313.3,-29.46,-0.037234,88.1,0.000000,100.0,823666,1804.3,76237,303.8,1.93,0.001459,80893,306.4,26.44,0.024861,87433,310.6,56.75,0.069948
449.09,0.0065085,0.052809,92840,88942,89381,90110,304.9,449.1,0.059755,309.4,75429,374.9,80371,306.7,74.65,0.058880,80638,307.7,51.57,0.048122,88095,312.4,20.12,0.024846,269.1,0.000000,145.6,88723,1021.8,64938,289.9,-0.67,-0.000450,69279,293.5,-16.73,-0.014054,89327,313.3,-29.10,-0.036325,629.1,0.000000,255.5,194467,456.8,112770,339.5,-1.00,-0.001001,116156,339.8,-9.04,-0.010994,90260,313.3,-33.43,-0.042171,89.1,0.000000,304.8,808804,1797.0,76949,304.6,1.98,0.001502,81439,307.0,28.73,0.027148,87397,310.8,56.37,0.069412
450.11,0.0065233,0.052702,92690,89029,89327,90150,304.8,450.1,0.059218,309.0,75152,373.7,80028,306.3,74.21,0.058358,80461,307.5,51.53,0.048013,88069,312.3,22.18,0.027389,270.1,0.000000,4121.9,87762,1018.5,64785,289.7,-0.54,-0.000364,68826,293.0,-15.06,-0.012590,89294,313.3,-28.98,-0.036173,630.1,0.000000,100.0,198133,459.0,112265,339.1,-0.96,-0.000953,116260,339.9,-7.89,-0.009608,90067,313.2,-36.85,-0.046400,90.1,0.000000,20228.5,794479,1790.0,77674,305.4,2.00,0.001532,82052,307.6,31.09,0.029527,87332,311.0,56.08,0.068954
451.04,0.0065368,0.052610,92516,89122,89273,90188,304.8,451.0,0.058744,308.6,74903,372.6,79723,306.0,73.84,0.057917,80300,307.4,51.53,0.047941,88043,312.3,23.95,0.029567,271.0,0.000000,100.0,86906,1015.6,64675,289.6,-0.44,-0.000293,68436,292.5,-13.56,-0.011287,89254,313.2,-28.91,-0.036065,631.0,0.000000,100.0,201606,461.2,111832,338.7,-0.91,-0.000900,116378,340.0,-6.76,-0.008240,89908,313.1,-39.59,-0.049766,91.0,0.000000,100.0,781803,1783.6,78347,306.2,2.02,0.001553,82679,308.3,33.29,0.031796,87260,311.1,55.89,0.068638
452.06,0.0065516,0.052519,92283,89216,89216,90231,304.7,452.1,0.058306,308.2,74635,371.5,79402,305.6,73.49,0.057475,80127,307.2,51.56,0.047894,88011,312.2,25.75,0.031776,272.1,0.000000,100.0,86090,1012.8,64583,289.5,-0.34,-0.000225,68044,292.0,-11.94,-0.009905,89205,313.2,-28.84,-0.035971,632.1,0.000000,100.0,205523,463.5,111396,338.3,-0.84,-0.000832,116531,340.1,-5.46,-0.006652,89760,313.1,-42.23,-0.053005,92.1,0.000000,100.0,768452,1776.8,79091,307.0,2.03,0.001574,83440,309.1,35.76,0.034377,87180,311.3,55.78,0.068413
453.08,0.0065663,0.052438,92018,89299,89167,90274,304.7,453.1,0.057892,307.8,74375,370.4,79094,305.3,73.18,0.057081,79956,307.0,51.62,0.047873,87975,312.2,27.41,0.033824,273.1,0.000000,1111.1,85130,1009.5,64515,289.4,-0.25,-0.000168,67691,291.6,-10.36,-0.008562,89147,313.1,-28.76,-0.035847,633.1,0.000000,570.8,209580,465.9,111006,338.0,-0.76,-0.000753,116706,340.2,-4.06,-0.004951,89636,313.1,-44.59,-0.055894,93.1,0.000000,100.0,755578,1770.1,79849,307.9,2.05,0.001600,84283,310.0,38.28,0.037064,87104,311.4,55.78,0.068317
454.09,0.0065810,0.052368,91720,89375,89141,90318,304.6,454.1,0.057527,307.4,74121,369.4,78802,304.9,72.94,0.056740,79784,306.8,51.69,0.047864,87947,312.2,28.98,0.035746,274.1,0.000000,100.0,84170,1006.2,64468,289.3,-0.18,-0.000121,67379,291.2,-8.81,-0.007257,89087,313.1,-28.60,-0.035639,634.1,0.000000,100.0,213783,468.4,110670,337.7,-0.67,-0.000659,116899,340.4,-2.56,-0.003133,89537,313.2,-46.72,-0.058489,94.1,0.000000,100.0,743155,1763.6,80626,308.7,2.08,0.001637,85204,311.0,40.82,0.039827,87048,311.5,55.92,0.068416
455.11,0.0065958,0.052311,91406,89451,89131,90361,304.6,455.1,0.057216,307.1,73876,368.3,78526,304.6,72.75,0.056454,79607,306.6,51.75,0.047845,87935,312.2,30.47,0.037573,275.1,0.000000,237.1,83214,1002.9,64437,289.3,-0.12,-0.000083,67111,290.9,-7.29,-0.005988,89035,313.0,-28.34,-0.035295,635.1,0.000000,100.0,218143,470.9,110395,337.4,-0.55,-0.000546,117111,340.6,-1.00,-0.001222,89466,313.2,-48.64,-0.060834,95.1,0.000000,100.0,731155,1757.2,81432,309.6,2.13,0.001689,86187,312.0,43.31,0.042602,87012,311.7,56.21,0.068716
456.04,0.0066092,0.052269,91128,89536,89139,90400,304.6,456.0,0.056959,306.9,73659,367.4,78287,304.4,72.63,0.056237,79434,306.5,51.78,0.047797,87937,312.2,31.76,0.039166,276.0,0.000000,512.6,82223,999.5,64419,289.3,-0.08,-0.000054,66903,290.6,-5.93,-0.004858,88997,313.0,-27.95,-0.034802,636.0,0.000000,529.7,222283,473.2,110208,337.3,-0.43,-0.000427,117318,340.7,0.48,0.000589,89426,313.3,-50.26,-0.062820,96.0,0.000000,215.3,720513,1751.5,82203,310.4,2.20,0.001754,87122,313.0,45.47,0.045072,86991,311.8,56.58,0.069118
457.05,0.0066239,0.052235,90846,89638,89175,90441,304.7,457.1,0.056739,306.6,73431,366.5,78039,304.1,72.54,0.056045,79225,306.2,51.75,0.047680,87956,312.2,33.11,0.040843,277.1,0.000000,483.5,81269,996.1,64410,289.2,-0.05,-0.000030,66717,290.4,-4.48,-0.003666,88974,312.9,-27.35,-0.034047,637.1,0.000000,11360.9,226964,475.8,110082,337.2,-0.28,-0.000278,117543,340.9,2.11,0.002595,89414,313.4,-51.91,-0.064845,97.1,0.000000,118.5,709276,1745.4,83091,311.4,2.30,0.001844,88152,314.0,47.60,0.047586,86986,311.9,57.07,0.069681
458.06,0.0066386,0.052210,90586,89757,89215,90481,304.7,458.1,0.056533,306.3,73214,365.6,77803,303.8,72.51,0.055905,78989,306.0,51.63,0.047469,87988,312.3,34.41,0.042450,278.1,0.000000,100.0,80316,992.8,64407,289.2,-0.02,-0.000012,66571,290.2,-3.09,-0.002520,88972,312.9,-26.58,-0.033091,638.1,0.000000,100.0,231825,478.5,110047,337.1,-0.11,-0.000111,117743,341.1,3.71,0.004559,89437,313.5,-53.48,-0.066797,98.1,0.000000,100.0,698409,1739.3,84038,312.4,2.42,0.001957,89169,315.1,49.43,0.049823,86993,312.1,57.62,0.070331
459.08,0.0066533,0.052196,90350,89901,89254,90520,304.8,459.1,0.056373,306.0,73006,364.7,77579,303.5,72.53,0.055806,78716,305.7,51.39,0.047132,88019,312.3,35.62,0.043949,279.1,0.000000,100.0,79361,989.3,64411,289.2,0.00,0.000003,66461,290.1,-1.75,-0.001425,88983,312.9,-25.69,-0.031988,639.1,0.000000,2468.3,236877,481.2,110093,337.2,0.04,0.000044,117890,341.2,5.20,0.006393,89479,313.7,-55.07,-0.068779,99.1,0.000000,440.7,687894,1733.4,85054,313.5,2.56,0.002090,90153,316.1,50.91,0.051710,87000,312.2,58.18,0.070998
460.09,0.0066680,0.052189,90142,90064,89302,90557,304.8,460.1,0.056251,305.8,72810,363.8,77366,303.3,72.57,0.055725,78373,305.3,50.90,0.046535,88048,312.4,36.74,0.045346,280.1,0.000000,100.0,78261,985.5,64420,289.3,0.02,0.000014,66386,290.0,-0.47,-0.000383,89003,313.0,-24.70,-0.030754,640.1,0.000000,100.0,242133,484.0,110233,337.3,0.22,0.000221,117971,341.3,6.55,0.008053,89524,313.8,-56.69,-0.070807,100.1,0.000000,394.4,677710,1727.6,86151,314.6,2.72,0.002243,91087,317.0,51.99,0.053201,87009,312.3,58.74,0.071664
461.11,0.0066827,0.052190,89968,90231,89377,90593,304.9,461.1,0.056145,305.6,72624,363.0,77163,303.1,72.60,0.055649,77930,304.8,50.07,0.045596,88083,312.4,37.82,0.046681,281.1,0.000000,100.0,77312,982.0,64430,289.3,0.03,0.000021,66341,289.9,0.74,0.000606,89034,313.0,-23.58,-0.029365,641.1,0.000000,100.0,247602,486.8,110474,337.5,0.41,0.000406,118014,341.3,7.79,0.009581,89576,314.0,-58.32,-0.072850,101.1,0.000000,100.0,667848,1721.9,87338,315.8,2.90,0.002417,91963,317.9,52.69,0.054283,87028,312.4,59.31,0.072351
462.04,0.0066962,0.052195,89832,90405,89488,90624,305.0,462.0,0.056046,305.4,72464,362.2,76986,302.9,72.63,0.055578,77421,304.2,49.02,0.044432,88137,312.5,38.80,0.047915,282.0,0.000000,327.5,76464,978.8,64442,289.3,0.04,0.000026,66332,289.9,1.79,0.001458,89085,313.0,-22.40,-0.027906,642.0,0.000000,137.3,252809,489.5,110777,337.8,0.58,0.000571,118028,341.3,8.81,0.010836,89642,314.1,-59.78,-0.074685,102.0,0.000000,205.7,659084,1716.8,88515,317.1,3.09,0.002596,92711,318.6,53.02,0.054935,87070,312.5,59.88,0.073049
463.06,0.0067110,0.052206,89705,90675,89641,90656,305.1,463.1,0.055948,305.1,72299,361.4,76803,302.7,72.65,0.055503,76764,303.5,47.57,0.042857,88227,312.6,39.91,0.049314,283.1,0.000000,479.8,75370,974.9,64457,289.3,0.05,0.000032,66344,289.9,2.89,0.002357,89178,313.1,-20.93,-0.026103,643.1,0.000000,100.0,258708,492.5,111194,338.1,0.75,0.000743,117965,341.3,9.76,0.012010,89744,314.3,-61.30,-0.076626,103.1,0.000000,100.0,649819,1711.4,89910,318.5,3.31,0.002817,93485,319.4,53.05,0.055294,87152,312.7,60.55,0.073902
464.07,0.0067257,0.052221,89600,90950,89827,90684,305.3,464.1,0.055848,305.0,72146,360.7,76633,302.5,72.68,0.055433,76025,302.6,45.85,0.041020,88347,312.7,41.04,0.050760,284.1,0.000000,100.0,74427,971.3,64477,289.3,0.06,0.000040,66393,290.0,3.97,0.003233,89323,313.3,-19.32,-0.024117,644.1,0.000000,212.7,264845,495.5,111700,338.6,0.92,0.000914,117823,341.2,10.53,0.012937,89875,314.5,-62.73,-0.078486,104.1,0.000000,155.8,640851,1706.0,91435,320.0,3.57,0.003068,94210,320.1,52.79,0.055321,87266,312.8,61.27,0.074829
465.09,0.0067404,0.052240,89518,91217,90054,90710,305.5,465.1,0.055758,304.8,72003,360.0,76475,302.3,72.71,0.055371,75225,301.7,43.91,0.038992,88499,312.9,42.21,0.052273,285.1,0.000000,100.0,73483,967.8,64502,289.4,0.08,0.000052,66480,290.1,5.03,0.004101,89513,313.5,-17.56,-0.021953,645.1,0.000000,100.0,271232,498.6,112300,339.1,1.09,0.001089,117615,341.0,11.07,0.013592,90035,314.8,-64.04,-0.080210,105.1,0.000000,460.6,632172,1700.7,93109,321.7,3.85,0.003353,94870,320.8,52.31,0.055095,87417,313.0,62.02,0.075831
466.11,0.0067552,0.052261,89465,91429,90308,90731,305.8,466.1,0.055679,304.6,71871,359.3,76329,302.1,72.73,0.055313,74387,300.7,41.83,0.036844,88679,313.0,43.42,0.053859,286.1,0.000000,100.0,72537,964.2,64536,289.4,0.10,0.000070,66609,290.3,6.10,0.004981,89740,313.7,-15.67,-0.019623,646.1,0.000000,5309.9,277880,501.8,112998,339.7,1.27,0.001273,117343,340.8,11.43,0.014010,90233,315.0,-65.20,-0.081773,106.1,0.000000,100.0,623770,1695.6,94947,323.5,4.15,0.003667,95479,321.4,51.64,0.054634,87601,313.2,62.79,0.076887
467.04,0.0067687,0.052281,89442,91564,90542,90748,306.0,467.0,0.055613,304.5,71760,358.7,76203,302.0,72.74,0.055253,73602,299.8,39.85,0.034834,88857,313.2,44.55,0.055348,287.0,0.000000,100.0,71554,960.5,64579,289.5,0.14,0.000093,66765,290.5,7.11,0.005814,89970,313.9,-13.86,-0.017392,647.0,0.000000,299.4,284214,504.7,113727,340.3,1.44,0.001446,117043,340.5,11.60,0.014193,90427,315.3,-66.12,-0.083040,107.0,0.000000,198.0,616303,1690.9,96781,325.2,4.43,0.003966,95997,321.9,50.87,0.054027,87789,313.4,63.48,0.077851
468.05,0.0067834,0.052303,89456,91649,90821,90761,306.3,468.1,0.055545,304.4,71650,358.0,76071,301.9,72.70,0.055154,72749,298.8,37.68,0.032669,89058,313.3,45.79,0.056989,288.1,0.000000,121.2,70611,956.8,64642,289.5,0.19,0.000129,66976,290.7,8.25,0.006760,90233,314.2,-11.85,-0.014904,648.1,0.000000,463.4,291402,508.0,114618,341.1,1.61,0.001633,116675,340.2,11.62,0.014184,90644,315.5,-66.96,-0.084230,108.1,0.000000,100.0,608402,1686.0,98939,327.3,4.70,0.004280,96523,322.4,49.87,0.053176,88011,313.6,64.18,0.078854
469.07,0.0067981,0.052323,89528,91677,91209,90770,306.6,469.1,0.055425,304.2,71549,357.4,75935,301.7,72.59,0.054998,71924,297.9,35.60,0.030617,89300,313.5,47.14,0.058793,289.1,0.000000,100.0,69663,953.1,64728,289.6,0.26,0.000175,67224,291.0,9.42,0.007740,90544,314.5,-9.70,-0.012230,649.1,0.000000,379.7,298895,511.4,115596,341.9,1.76,0.001796,116299,339.9,11.48,0.013983,90902,315.8,-67.52,-0.085101,109.1,0.000000,158.6,600746,1681.1,101222,329.4,4.89,0.004519,97014,322.9,48.75,0.052159,88285,313.9,64.91,0.079941
470.09,0.0068129,0.052339,89707,91675,91608,90772,307.0,470.1,0.055201,304.1,71456,356.8,75790,301.6,72.40,0.054775,71155,296.9,33.71,0.028770,89590,313.7,48.62,0.060794,290.1,0.000000,279.8,68571,948.8,64842,289.8,0.35,0.000233,67499,291.4,10.60,0.008739,90921,314.9,-7.40,-0.009355,650.1,0.000000,100.0,306711,514.9,116632,342.8,1.87,0.001914,115904,339.6,11.16,0.013560,91216,316.1,-67.76,-0.085610,110.1,0.000000,2487.5,593327,1676.3,103553,331.6,4.92,0.004625,97480,323.3,47.51,0.051013,88613,314.1,65.69,0.081135
471.11,0.0068276,0.052346,89930,91669,91991,90768,307.4,471.1,0.054909,303.9,71371,356.2,75642,301.4,72.13,0.054496,70468,296.1,32.11,0.027208,89894,313.9,50.12,0.062852,291.1,0.000000,100.0,67629,945.0,64987,290.0,0.44,0.000298,67791,291.7,11.77,0.009733,91325,315.3,-5.09,-0.006453,651.1,0.000000,100.0,314866,518.4,117692,343.6,1.91,0.001967,115474,339.2,10.66,0.012908,91559,316.5,-67.82,-0.085901,111.1,0.000000,100.0,586134,1671.7,105859,333.7,4.80,0.004582,97930,323.8,46.20,0.049761,88961,314.4,66.42,0.082293
472.04,0.0068411,0.052347,90050,91655,92269,90760,307.7,472.0,0.054561,303.7,71298,355.7,75494,301.3,71.79,0.054159,69924,295.5,30.94,0.026075,90154,314.0,51.44,0.064662,292.0,0.000000,100.0,66791,941.6,65148,290.2,0.53,0.000361,68062,292.1,12.80,0.010614,91678,315.6,-3.07,-0.003906,652.0,0.000000,158.6,322657,521.7,118653,344.4,1.89,0.001956,115050,338.9,10.01,0.012097,91865,316.8,-67.79,-0.086065,112.0,0.000000,587.1,579733,1667.5,107886,335.5,4.56,0.004410,98339,324.2,44.93,0.048534,89267,314.5,66.95,0.083197
473.06,0.0068559,0.052344,90172,91621,92463,90747,307.8,473.1,0.054087,303.5,71222,355.2,75306,301.1,71.24,0.053647,69431,294.9,30.03,0.025185,90375,314.1,52.69,0.066379,293.1,0.000000,100.0,65841,937.8,65354,290.4,0.63,0.000429,68351,292.4,13.84,0.011515,91990,315.9,-1.13,-0.001436,653.1,0.000000,403.4,331519,525.4,119654,345.3,1.80,0.001880,114566,338.5,9.11,0.010974,92143,317.1,-67.81,-0.086275,113.1,0.000000,100.0,572952,1663.0,109944,337.3,4.18,0.004100,98790,324.6,43.47,0.047117,89545,314.7,67.30,0.083844
474.08,0.0068707,0.052336,90278,91573,92552,90731,307.9,474.1,0.053389,303.2,71147,354.7,75076,300.8,70.43,0.052916,69038,294.4,29.50,0.024641,90513,314.2,53.71,0.067751,294.1,0.000000,100.0,64892,933.8,65588,290.7,0.73,0.000493,68622,292.7,14.78,0.012332,92113,316.1,0.37,0.000466,654.1,0.000000,395.9,340784,529.1,120577,346.0,1.66,0.001741,114073,338.1,8.00,0.009610,92335,317.3,-67.91,-0.086516,114.1,0.000000,771.3,566372,1658.5,111797,338.9,3.72,0.003697,99255,325.1,41.95,0.045615,89751,314.8,67.35,0.084077
475.10,0.0068855,0.052325,90367,91542,92518,90715,307.9,475.1,0.052409,302.9,71069,354.1,74793,300.5,69.27,0.051902,68722,294.0,29.26,0.024359,90546,314.2,54.43,0.068693,295.1,0.000000,100.0,63938,929.9,65848,291.1,0.81,0.000549,68868,293.0,15.60,0.013045,92155,316.1,1.60,0.002044,655.1,0.000000,494.2,350466,533.0,121391,346.7,1.47,0.001548,113585,337.6,6.71,0.008027,92421,317.4,-68.14,-0.086867,115.1,0.000000,162.9,559993,1654.2,113414,340.3,3.22,0.003235,99741,325.5,40.35,0.044024,89871,314.8,67.07,0.083828
476.04,0.0068991,0.052313,90422,91513,92434,90700,307.8,476.0,0.051163,302.5,70992,353.7,74486,300.2,67.86,0.050696,68515,293.7,29.21,0.024265,90505,314.1,54.92,0.069289,296.0,0.000000,232.4,63091,926.3,66105,291.4,0.87,0.000595,69067,293.3,16.23,0.013601,92134,316.1,2.55,0.003256,656.0,0.000000,2082.7,359721,536.6,122019,347.2,1.26,0.001331,113149,337.3,5.36,0.006402,92427,317.5,-68.59,-0.087426,116.0,0.000000,129.5,554319,1650.3,114678,341.4,2.76,0.002788,100212,326.0,38.80,0.042476,89910,314.8,66.54,0.083221
477.06,0.0069139,0.052298,90446,91478,92315,90684,307.7,477.1,0.049603,301.9,70896,353.2,74102,299.7,65.94,0.049077,68410,293.6,29.59,0.024553,90411,314.0,55.30,0.069716,297.1,0.000000,493.2,62135,922.2,66406,291.8,0.94,0.000642,69256,293.5,16.80,0.014104,92060,316.0,3.47,0.004431,657.1,0.000000,3675.3,370255,540.6,122560,347.6,1.00,0.001059,112690,336.9,3.74,0.004456,92368,317.5,-69.26,-0.088223,117.1,0.000000,100.0,548311,1646.2,115818,342.3,2.26,0.002300,100762,326.5,37.01,0.040672,89911,314.7,65.78,0.082278
478.08,0.0069287,0.052283,90440,91433,92162,90669,307.5,478.1,0.046056,301.5,70763,352.7,73883,299.5,62.52,0.046420,68405,293.6,30.45,0.025264,90284,313.9,55.56,0.069965,298.1,0.000000,100.0,61328,918.6,66729,292.2,1.00,0.000690,69417,293.7,17.25,0.014511,91953,315.8,4.29,0.005463,658.1,0.000000,452.6,381272,544.7,122938,347.9,0.72,0.000765,112254,336.5,1.97,0.002340,92234,317.4,-69.94,-0.088989,118.1,0.000000,2140.0,542487,1642.1,116720,343.1,1.79,0.001833,101358,327.1,35.09,0.038719,89892,314.7,64.86,0.081126
479.11,0.0069436,0.052269,90415,91364,91977,90655,307.4,479.1,0.045474,300.7,70633,352.2,73291,298.9,60.29,0.044507,68463,293.7,31.58,0.026217,90131,313.8,55.76,0.070125,299.1,0.000000,416.3,60370,914.5,67079,292.6,1.08,0.000745,69556,293.9,17.62,0.014837,91829,315.7,4.96,0.006319,659.1,0.000000,103.6,392799,548.9,123148,348.1,0.43,0.000461,111847,336.2,0.05,0.000063,92055,317.3,-70.62,-0.089712,119.1,0.000000,438.9,536840,1638.1,117403,343.7,1.36,0.001404,102013,327.7,33.00,0.036582,89855,314.6,63.80,0.079776
480.04,0.0069572,0.052257,90384,91288,91790,90644,307.2,480.0,0.041490,300.2,70476,351.7,73028,298.6,56.81,0.041825,68595,293.8,32.97,0.027411,89970,313.7,55.92,0.070223,300.0,0.000000,100.0,59506,910.6,67429,293.1,1.17,0.000808,69668,294.0,17.88,0.015080,91683,315.5,5.51,0.007007,660.0,0.000000,100.0,403837,552.9,123195,348.1,0.17,0.000183,111505,335.9,-1.83,-0.002164,91876,317.1,-71.26,-0.090399,120.0,0.000000,295.6,531815,1634.5,117858,344.0,1.02,0.001051,102676,328.3,30.91,0.034424,89809,314.6,62.69,0.078365
481.07,0.0069720,0.052245,90347,91164,91563,90633,307.0,481.1,0.039220,308.1,70285,351.2,72744,298.3,53.04,0.038930,68921,294.2,34.95,0.029153,89775,313.6,56.06,0.070278,301.1,0.000000,319.8,58689,906.9,67852,293.6,1.28,0.000893,69781,294.2,18.13,0.015301,91483,315.3,6.09,0.007730,661.1,0.000000,100.0,416423,557.3,123113,348.1,-0.07,-0.000078,111173,335.6,-4.03,-0.004745,91652,316.9,-71.92,-0.091068,121.1,0.000000,2069.3,526492,1630.6,118191,344.3,0.69,0.000715,103482,329.1,28.41,0.031811,89748,314.5,61.33,0.076631
482.09,0.0069869,0.052235,90318,91032,91316,90625,306.7,482.1,0.038300,298.8,70095,350.7,71974,297.5,50.71,0.036941,69416,294.8,37.43,0.031384,89566,313.4,56.16,0.070264,302.1,0.000000,100.0,57863,903.1,68326,294.2,1.43,0.000997,69891,294.3,18.33,0.015493,91247,315.1,6.68,0.008467,662.1,0.000000,292.1,429608,561.7,122895,347.9,-0.31,-0.000334,110888,335.3,-6.36,-0.007481,91404,316.7,-72.52,-0.091637,122.1,0.000000,173.0,521313,1626.8,118380,344.5,0.42,0.000431,104384,329.9,25.64,0.028894,89681,314.5,59.80,0.074669
483.03,0.0070005,0.052226,90295,90917,91092,90619,306.5,483.0,0.034307,298.2,69884,350.2,71647,297.1,47.39,0.034403,69952,295.5,39.99,0.033712,89368,313.3,56.20,0.070200,303.0,0.000000,352.6,56999,899.2,68811,294.8,1.57,0.001104,69996,294.4,18.50,0.015653,91010,314.8,7.27,0.009206,663.0,0.000000,240.0,442250,565.9,122568,347.6,-0.54,-0.000570,110665,335.1,-8.61,-0.010112,91168,316.5,-73.01,-0.092072,123.0,0.000000,331.0,516547,1622.9,118448,344.5,0.21,0.000215,105300,330.7,22.88,0.025942,89622,314.4,58.22,0.072668
484.06,0.0070154,0.052218,90275,90789,90859,90614,306.3,484.1,0.032157,297.6,69638,349.6,71313,296.7,44.00,0.031830,70564,296.2,42.82,0.036326,89156,313.2,56.23,0.070100,304.1,0.000000,368.1,56192,895.4,69397,295.5,1.73,0.001226,70122,294.6,18.68,0.015820,90743,314.5,8.03,0.010142,664.1,0.000000,100.0,456679,570.6,122084,347.2,-0.77,-0.000815,110457,335.0,-11.16,-0.013095,90912,316.3,-73.45,-0.092425,124.1,0.000000,247.2,511493,1618.7,118430,344.5,0.02,0.000021,106385,331.7,19.65,0.022441,89571,314.4,56.33,0.070278
485.09,0.0070303,0.052210,90269,90659,90641,90611,306.1,485.1,0.031255,296.9,69394,349.1,70665,296.0,41.97,0.030163,71161,296.9,45.53,0.038858,88957,313.0,56.24,0.069983,305.1,0.000000,100.0,55244,891.0,70035,296.2,1.88,0.001338,70264,294.7,18.84,0.015986,90481,314.3,8.92,0.011251,665.1,0.000000,100.0,471809,575.4,121476,346.8,-0.99,-0.001043,110272,334.8,-13.79,-0.016169,90663,316.2,-73.76,-0.092608,125.1,0.000000,100.0,506590,1614.6,118332,344.4,-0.13,-0.000139,107535,332.7,16.26,0.018715,89540,314.3,54.27,0.067684
486.12,0.0070452,0.052203,90268,90534,90439,90610,305.9,486.1,0.028093,296.4,69123,348.6,70394,295.7,39.09,0.028017,71724,297.6,48.05,0.041244,88776,312.9,56.24,0.069855,306.1,0.000000,757.7,54467,887.2,70711,297.1,1.99,0.001423,70431,294.9,19.00,0.016149,90231,314.0,9.97,0.012539,666.1,0.000000,167.9,487678,580.3,120755,346.2,-1.19,-0.001251,110092,334.6,-16.48,-0.019297,90429,316.0,-73.90,-0.092595,126.1,0.000000,152.6,501829,1610.6,118182,344.3,-0.24,-0.000246,108708,333.8,12.83,0.014881,89529,314.3,52.04,0.064903
487.06,0.0070588,0.052196,90271,90425,90268,90610,305.7,487.1,0.027621,295.9,68882,348.1,69938,295.1,37.65,0.026856,72210,298.2,50.20,0.043296,88620,312.8,56.22,0.069734,307.1,0.000000,173.3,53803,883.8,71343,297.8,2.02,0.001460,70608,295.1,19.15,0.016303,90011,313.8,11.05,0.013877,667.1,0.000000,100.0,502907,584.9,120004,345.5,-1.36,-0.001426,109912,334.5,-18.97,-0.022179,90224,315.9,-73.89,-0.092423,127.1,0.000000,311.7,497587,1607.0,118011,344.2,-0.31,-0.000320,109760,334.7,9.75,0.011390,89536,314.3,49.89,0.062225
488.09,0.0070737,0.052189,90281,90311,90102,90611,305.5,488.1,0.026301,295.4,68616,347.6,69584,294.7,36.29,0.025790,72718,298.7,52.37,0.045397,88460,312.7,56.21,0.069611,308.1,0.000000,283.8,52905,879.5,72024,298.6,2.00,0.001453,70826,295.4,19.32,0.016480,89780,313.5,12.37,0.015514,668.1,0.000000,833.3,520298,590.0,119096,344.8,-1.54,-0.001600,109680,334.3,-21.66,-0.025294,90012,315.7,-73.80,-0.092136,128.1,0.000000,640.9,493087,1603.1,117797,344.0,-0.37,-0.000379,110836,335.6,6.58,0.007740,89548,314.3,47.51,0.059274
489.12,0.0070886,0.052181,90308,90212,89955,90613,305.4,489.1,0.025393,295.0,68353,347.1,69302,294.4,35.25,0.024979,73218,299.3,54.37,0.047365,88312,312.7,56.20,0.069509,309.1,0.000000,2215.1,52165,875.7,72672,299.4,1.91,0.001395,71070,295.7,19.48,0.016661,89565,313.3,13.85,0.017332,669.1,0.000000,100.0,538546,595.2,118105,344.0,-1.70,-0.001758,109386,334.0,-24.31,-0.028332,89822,315.5,-73.64,-0.091783,129.1,0.000000,493.2,488713,1599.2,117561,343.8,-0.41,-0.000425,111800,336.5,3.69,0.004367,89550,314.2,45.21,0.056405
490.06,0.0071023,0.052172,90358,90149,89833,90615,305.3,490.1,0.024872,294.7,68119,346.6,69096,294.1,34.66,0.024512,73681,299.8,56.06,0.049056,88189,312.6,56.21,0.069434,310.1,0.000000,772.8,51387,871.8,73221,300.0,1.77,0.001302,71314,296.0,19.62,0.016823,89382,313.1,15.31,0.019137,670.1,0.000000,693.1,556067,600.0,117131,343.2,-1.84,-0.001888,109045,333.7,-26.67,-0.031010,89666,315.4,-73.44,-0.091412,130.1,0.000000,100.0,484809,1595.8,117330,343.6,-0.44,-0.000455,112562,337.1,1.34,0.001589,89541,314.2,43.18,0.053880
491.09,0.0071172,0.052161,90438,90119,89712,90617,305.1,491.1,0.024692,294.4,67874,346.2,68929,293.9,34.56,0.024395,74198,300.4,57.73,0.050776,88067,312.5,56.21,0.069363,311.1,0.000000,278.1,50515,867.4,73756,300.7,1.59,0.001171,71599,296.3,19.75,0.016984,89197,312.9,17.00,0.021226,671.1,0.000000,662.8,576091,605.4,116009,342.2,-1.97,-0.002010,108584,333.3,-29.14,-0.033782,89512,315.3,-73.17,-0.090952,131.1,0.000000,100.0,480658,1592.1,117070,343.4,-0.46,-0.000475,113247,337.7,-0.88,-0.001050,89511,314.1,41.10,0.051282
492.03,0.0071309,0.052147,90532,90151,89610,90618,305.0,492.0,0.024793,294.1,67664,345.8,68809,293.8,34.97,0.024654,74688,301.0,59.10,0.052229,87966,312.4,56.22,0.069307,312.0,0.000000,689.8,49895,864.1,74183,301.2,1.40,0.001035,71873,296.7,19.85,0.017115,89041,312.7,18.63,0.023227,672.0,0.000000,5801.6,595322,610.5,114935,341.3,-2.08,-0.002104,108074,332.8,-31.30,-0.036165,89375,315.2,-72.85,-0.090435,132.0,0.000000,322.0,476947,1588.7,116827,343.2,-0.47,-0.000487,113735,338.1,-2.58,-0.003089,89454,314.0,39.34,0.049082
493.06,0.0071458,0.052129,90661,90159,89511,90618,304.9,493.1,0.025250,293.9,67452,345.3,68740,293.7,35.95,0.025326,75242,301.6,60.41,0.053668,87867,312.3,56.23,0.069257,313.1,0.000000,106.2,49043,859.7,74581,301.6,1.19,0.000882,72180,297.0,19.93,0.017231,88882,312.5,20.46,0.025482,673.1,0.000000,100.0,617308,616.1,113728,340.3,-2.17,-0.002185,107423,332.2,-33.53,-0.038582,89239,315.2,-72.42,-0.089787,133.1,0.000000,191.9,472996,1585.1,116559,342.9,-0.48,-0.000495,114123,338.5,-4.08,-0.004903,89382,313.8,37.61,0.046906
494.09,0.0071607,0.052105,90810,90147,89427,90617,304.8,494.1,0.026126,293.8,67265,344.9,68765,293.8,37.56,0.026470,75816,302.2,61.50,0.054943,87779,312.3,56.24,0.069225,314.1,0.000000,166.7,48333,855.8,74911,302.0,0.99,0.000738,72490,297.4,19.91,0.017270,88737,312.3,22.34,0.027800,674.1,0.000000,258.1,640393,621.9,112495,339.2,-2.25,-0.002244,106679,331.6,-35.64,-0.040801,89116,315.1,-71.91,-0.089055,134.1,0.000000,357.8,469142,1581.6,116287,342.7,-0.49,-0.000503,114380,338.7,-5.26,-0.006325,89306,313.7,36.13,0.045040
495.03,0.0071744,0.052079,90947,90135,89365,90615,304.8,495.0,0.027487,293.8,67120,344.6,68837,293.9,39.62,0.027940,76357,302.8,62.33,0.055964,87709,312.2,56.27,0.069218,315.0,0.000000,359.3,48224,854.6,75163,302.3,0.83,0.000622,72775,297.7,19.80,0.017222,88615,312.1,24.11,0.029968,675.0,0.000000,100.0,662555,627.3,111352,338.2,-2.30,-0.002280,105924,330.9,-37.44,-0.042657,89017,315.1,-71.38,-0.088306,135.0,0.000000,581.6,465690,1578.4,116033,342.5,-0.50,-0.000511,114526,338.8,-6.10,-0.007338,89229,313.5,35.02,0.043641
496.06,0.0071893,0.052046,91111,90118,89330,90610,304.7,496.1,0.029326,294.0,66997,344.3,69007,294.1,42.59,0.030087,76955,303.5,63.04,0.056922,87646,312.1,56.32,0.069255,316.1,0.000000,527.1,49384,858.5,75395,302.6,0.69,0.000519,73083,298.1,19.55,0.017061,88498,312.0,26.08,0.032393,676.1,0.000000,323.7,687875,633.2,110100,337.1,-2.34,-0.002303,105029,330.1,-39.29,-0.044486,88927,315.0,-70.71,-0.087391,136.1,0.000000,625.3,462008,1575.0,115751,342.3,-0.51,-0.000522,114614,338.9,-6.79,-0.008181,89145,313.3,34.11,0.042490
497.09,0.0072042,0.052006,91338,90091,89339,90601,304.8,497.1,0.031782,294.3,66916,344.0,69270,294.4,46.25,0.032763,77553,304.1,63.58,0.057731,87606,312.0,56.42,0.069366,317.1,0.000000,420.4,52174,869.2,75594,302.8,0.59,0.000443,73390,298.4,19.17,0.016772,88405,311.8,28.12,0.034908,677.1,0.000000,100.0,714447,639.3,108851,336.0,-2.37,-0.002312,104071,329.2,-40.99,-0.046111,88861,315.0,-69.90,-0.086331,137.1,0.000000,189.7,458408,1571.6,115462,342.0,-0.53,-0.000534,114650,338.9,-7.31,-0.008806,89072,313.1,33.53,0.041760
498.11,0.0072191,0.051957,91577,90045,89430,90589,304.8,498.1,0.034661,294.8,66881,343.7,69595,294.8,50.36,0.035791,78141,304.8,63.98,0.058415,87605,311.9,56.62,0.069617,318.1,0.000000,447.4,56349,885.6,75776,303.0,0.53,0.000396,73698,298.8,18.62,0.016346,88352,311.7,30.29,0.037594,678.1,0.000000,205.3,742328,645.4,107607,334.9,-2.39,-0.002313,103060,328.3,-42.54,-0.047531,88841,315.1,-68.82,-0.084967,138.1,0.000000,961.6,454883,1568.2,115168,341.8,-0.54,-0.000546,114661,338.9,-7.67,-0.009240,89034,313.0,33.34,0.041523
499.05,0.0072327,0.051906,91782,89988,89471,90572,304.9,499.1,0.037612,295.4,66891,343.5,69926,295.2,54.26,0.038688,78666,305.3,64.25,0.058952,87625,311.9,56.85,0.069938,319.1,0.000000,407.6,60654,901.9,75937,303.2,0.50,0.000377,73987,299.1,17.99,0.015833,88330,311.5,32.33,0.040132,679.1,0.000000,355.7,769091,651.2,106474,333.9,-2.41,-0.002310,102096,327.4,-43.84,-0.048656,88866,315.1,-67.67,-0.083555,139.1,0.000000,100.0,451713,1565.2,114894,341.5,-0.55,-0.000555,114652,338.9,-7.84,-0.009447,89021,312.8,33.44,0.041667
500.08,0.0072475,0.051844,91953,89916,89474,90550,304.9,500.1,0.040531,296.2,66949,343.4,70283,295.7,58.31,0.041727,79215,305.9,64.48,0.059464,87636,311.7,57.07,0.070242,320.1,0.000000,159.0,65752,920.0,76119,303.4,0.50,0.000381,74314,299.5,17.15,0.015146,88294,311.4,34.45,0.042771,680.1,0.000000,100.0,799665,657.6,105244,332.8,-2.42,-0.002306,101012,326.4,-45.12,-0.049691,88902,315.2,-66.46,-0.082075,140.1,0.000000,324.2,448316,1561.9,114593,341.3,-0.56,-0.000561,114621,338.8,-7.86,-0.009463,88995,312.7,33.62,0.041898
501.10,0.0072624,0.051777,92064,89838,89470,90523,304.9,501.1,0.043348,297.0,67050,343.3,70646,296.1,62.03,0.044550,79733,306.5,64.67,0.059924,87631,311.6,57.25,0.070501,321.1,0.000000,277.9,71328,938.4,76316,303.6,0.54,0.000407,74656,299.9,16.19,0.014343,88241,311.2,36.46,0.045268,681.1,0.000000,739.9,831747,664.1,104019,331.7,-2.44,-0.002306,99904,325.3,-46.24,-0.050533,88926,315.2,-65.28,-0.080632,141.1,0.000000,188.9,444977,1558.6,114290,341.0,-0.56,-0.000565,114573,338.8,-7.76,-0.009341,88957,312.5,33.83,0.042173
502.04,0.0072760,0.051714,92096,89769,89455,90495,304.8,502.0,0.045835,297.7,67180,343.2,70996,296.6,65.14,0.046946,80178,306.9,64.84,0.060322,87615,311.5,57.41,0.070710,322.0,0.000000,100.0,76650,954.7,76518,303.8,0.59,0.000446,74983,300.3,15.23,0.013530,88180,311.0,38.22,0.047439,682.0,0.000000,100.0,862538,670.1,102897,330.7,-2.47,-0.002311,98875,324.4,-47.14,-0.051138,88935,315.3,-64.23,-0.079328,142.0,0.000000,100.0,441958,1555.7,114013,340.8,-0.56,-0.000566,114523,338.8,-7.55,-0.009086,88909,312.3,34.07,0.042475
503.06,0.0072908,0.051646,92047,89704,89421,90460,304.8,503.1,0.048122,298.5,67358,343.2,71398,297.1,68.20,0.049349,80628,307.4,65.03,0.060753,87585,311.3,57.56,0.070905,323.1,0.000019,304.5,82493,971.2,76755,304.1,0.66,0.000500,75351,300.7,14.13,0.012602,88100,310.8,40.03,0.049675,683.1,0.000000,286.2,897687,676.8,101668,329.6,-2.50,-0.002326,97743,323.3,-47.98,-0.051626,88930,315.3,-63.10,-0.077926,143.1,0.000000,100.0,438707,1552.5,113713,340.5,-0.56,-0.000564,114467,338.7,-7.22,-0.008693,88843,312.1,34.38,0.042856
504.09,0.0073056,0.051582,91963,89663,89359,90422,304.7,504.1,0.050310,299.3,67572,343.2,71821,297.6,70.93,0.051540,81045,307.8,65.30,0.061233,87540,311.1,57.67,0.071052,324.1,0.000120,304.9,88267,986.1,76987,304.4,0.76,0.000576,75725,301.1,13.05,0.011679,88002,310.6,41.72,0.051757,684.1,0.000000,129.1,934527,683.6,100430,328.4,-2.55,-0.002350,96611,322.2,-48.68,-0.051941,88906,315.3,-62.02,-0.076567,144.1,0.000000,100.0,435496,1549.3,113416,340.3,-0.56,-0.000560,114415,338.7,-6.82,-0.008211,88762,311.8,34.71,0.043266
505.11,0.0073204,0.051522,91862,89616,89272,90379,304.7,505.1,0.052303,300.2,67819,343.3,72263,298.1,73.36,0.053531,81418,308.1,65.72,0.061842,87476,310.9,57.75,0.071139,325.1,0.000124,305.2,93986,999.7,77258,304.7,0.86,0.000657,76100,301.6,12.05,0.010822,87881,310.4,43.29,0.053673,685.1,0.000000,187.8,973127,690.5,99178,327.2,-2.61,-0.002383,95485,321.1,-49.23,-0.052094,88860,315.3,-61.00,-0.075279,145.1,0.000000,956.9,432318,1546.1,113123,340.0,-0.55,-0.000554,114375,338.6,-6.37,-0.007657,88667,311.6,35.05,0.043668
506.04,0.0073340,0.051472,91746,89558,89177,90338,304.6,506.0,0.054045,300.9,68073,343.4,72683,298.6,75.33,0.055193,81719,308.4,66.25,0.062511,87402,310.7,57.79,0.071169,326.0,0.000110,305.5,99018,1010.9,77539,305.0,0.93,0.000715,76439,301.9,11.26,0.010141,87754,310.1,44.63,0.055293,686.0,0.000000,166.9,1010111,696.9,98015,326.1,-2.68,-0.002421,94464,320.1,-49.62,-0.052104,88800,315.2,-60.13,-0.074162,146.0,0.000000,133.4,429430,1543.2,112858,339.8,-0.55,-0.000546,114350,338.6,-5.89,-0.007087,88572,311.3,35.32,0.044001
507.06,0.0073487,0.051422,91600,89497,89067,90290,304.4,507.1,0.055628,301.7,68377,343.5,73153,299.2,77.22,0.056836,82015,308.7,66.96,0.063348,87308,310.5,57.80,0.071162,327.1,0.000065,305.8,104064,1021.3,77876,305.4,0.97,0.000743,76803,302.4,10.57,0.009554,87600,309.9,46.00,0.056933,687.1,0.000000,375.8,1052261,704.0,96726,324.9,-2.75,-0.002467,93368,319.1,-49.92,-0.051985,88717,315.2,-59.23,-0.072998,147.1,0.000000,100.0,426302,1540.1,112576,339.6,-0.54,-0.000536,114342,338.6,-5.32,-0.006395,88465,311.1,35.59,0.044314
508.08,0.0073635,0.051379,91444,89433,88955,90239,304.3,508.1,0.057121,302.5,68709,343.7,73633,299.8,78.86,0.058310,82298,309.0,67.83,0.064333,87204,310.3,57.81,0.071132,328.1,-0.000004,938.2,108806,1030.4,78234,305.8,0.92,0.000707,77162,302.8,10.10,0.009158,87439,309.6,47.28,0.058469,688.1,0.000000,398.8,1096348,711.1,95416,323.6,-2.84,-0.002516,92294,318.0,-50.10,-0.051743,88624,315.1,-58.36,-0.071875,148.1,0.000000,536.2,423193,1536.9,112302,339.3,-0.52,-0.000521,114372,338.6,-4.68,-0.005625,88356,310.8,35.82,0.044577
509.10,0.0073783,0.051342,91273,89366,88848,90186,304.2,509.1,0.058457,303.3,69066,343.9,74120,300.4,80.26,0.059622,82581,309.3,68.89,0.065511,87095,310.1,57.82,0.071100,329.1,-0.000057,936.3,112914,1037.7,78605,306.3,0.78,0.000601,77528,303.2,9.87,0.008984,87276,309.4,48.51,0.059922,689.1,0.000000,167.7,1142419,718.3,94087,322.3,-2.92,-0.002564,91248,317.0,-50.17,-0.051393,88527,315.0,-57.52,-0.070780,149.1,0.000000,5620.5,420095,1533.8,112040,339.1,-0.50,-0.000502,114437,338.7,-3.95,-0.004750,88256,310.6,35.99,0.044772
510.04,0.0073918,0.051314,91104,89302,88758,90135,304.1,510.0,0.059597,304.0,69413,344.1,74569,300.9,81.34,0.060687,82851,309.5,70.07,0.066795,86994,309.9,57.83,0.071084,330.0,-0.000123,934.6,116197,1043.0,78953,306.8,0.57,0.000438,77884,303.6,9.90,0.009043,87130,309.1,49.59,0.061198,690.0,0.000000,100.0,1186429,725.0,92855,321.1,-2.99,-0.002603,90315,316.0,-50.14,-0.050989,88442,314.9,-56.76,-0.069791,150.0,0.000000,1654.7,417259,1530.9,111813,338.9,-0.48,-0.000477,114531,338.7,-3.19,-0.003846,88177,310.4,36.08,0.044872
511.05,0.0074066,0.051290,90920,89235,88667,90076,304.0,511.1,0.060600,304.7,69812,344.3,75061,301.5,82.33,0.061704,83167,309.8,71.58,0.068434,86887,309.7,57.87,0.071089,331.1,-0.000211,933.0,119375,1047.8,79331,307.5,0.23,0.000178,78297,304.0,10.19,0.009342,86980,308.9,50.72,0.062532,691.1,0.000000,270.5,1236402,732.4,91499,319.8,-3.06,-0.002638,89328,315.0,-50.02,-0.050471,88356,314.9,-55.94,-0.068732,151.1,0.000000,100.0,414169,1527.7,111585,338.7,-0.44,-0.000440,114671,338.9,-2.28,-0.002753,88103,310.2,36.11,0.044904
512.07,0.0074213,0.051274,90744,89177,88590,90016,304.0,512.1,0.059200,317.9,70206,344.6,76122,302.8,81.17,0.061432,83483,310.1,73.30,0.070278,86784,309.5,57.93,0.071126,332.1,-0.000327,931.5,122107,1051.4,79699,308.4,-0.22,-0.000173,78754,304.5,10.77,0.009908,86840,308.7,51.80,0.063808,692.1,0.000000,100.0,1288487,741.0,90139,318.4,-3.13,-0.002664,88373,314.1,-49.82,-0.049883,88281,314.8,-55.13,-0.067696,152.1,0.000000,141.8,411080,1524.5,111385,338.5,-0.40,-0.000392,114847,339.0,-1.28,-0.001545,88045,310.0,36.06,0.044836
513.09,0.0074361,0.051264,90576,89127,88525,89953,303.9,513.1,0.062161,306.2,70642,344.9,76440,303.2,82.47,0.062595,83774,310.4,75.15,0.072243,86688,309.3,58.01,0.071204,333.1,-0.000471,930.2,124488,1054.3,80053,309.4,-0.79,-0.000614,79276,305.1,11.64,0.010766,86714,308.5,52.84,0.065031,693.1,0.000000,358.1,1343429,748.9,88780,317.0,-3.18,-0.002677,87453,313.1,-49.53,-0.049225,88218,314.7,-54.34,-0.066686,153.1,0.000000,710.0,407992,1521.4,111219,338.4,-0.34,-0.000332,115055,339.2,-0.20,-0.000236,87994,309.8,35.89,0.044630
514.11,0.0074508,0.051260,90417,89092,88469,89888,303.8,514.1,0.062529,307.0,71091,345.2,76837,303.6,83.28,0.063442,84009,310.6,77.05,0.074232,86599,309.1,58.13,0.071322,334.1,-0.000644,929.0,126234,1055.7,80393,310.6,-1.46,-0.001141,79883,305.8,12.85,0.011945,86602,308.3,53.82,0.066192,694.1,0.000000,100.0,1402512,757.9,87429,315.7,-3.21,-0.002677,86556,312.2,-49.17,-0.048505,88170,314.7,-53.57,-0.065723,154.1,0.000000,142.4,404902,1518.2,111093,338.3,-0.26,-0.000259,115286,339.4,0.94,0.001142,87954,309.7,35.62,0.044295
515.04,0.0074643,0.051262,90280,89072,88427,89827,303.8,515.0,0.060409,307.7,71491,345.5,77695,304.7,82.23,0.063120,84133,310.6,78.78,0.075986,86523,308.9,58.27,0.071465,335.0,-0.000839,928.0,127425,1056.2,80694,312.0,-2.18,-0.001695,80521,306.5,14.24,0.013313,86510,308.2,54.67,0.067201,695.0,0.000000,100.0,1461518,767.8,86204,314.4,-3.23,-0.002666,85751,311.4,-48.78,-0.047804,88137,314.6,-52.91,-0.064900,155.0,0.000000,100.0,402064,1515.2,111017,338.2,-0.19,-0.000185,115498,339.6,1.99,0.002411,87937,309.5,35.29,0.043894
516.05,0.0074790,0.051269,90139,89060,88397,89759,303.8,516.1,0.063143,308.4,71965,345.8,78046,305.1,82.96,0.063889,84181,310.6,80.60,0.077782,86449,308.7,58.44,0.071664,336.1,-0.001064,927.1,127770,1054.9,81018,313.7,-3.05,-0.002368,81290,307.3,15.99,0.015052,86422,308.0,55.55,0.068248,696.1,0.000000,189.1,1532551,780.7,84888,313.0,-3.24,-0.002641,84901,310.5,-48.32,-0.047017,88116,314.6,-52.25,-0.064080,156.1,0.000000,465.7,398957,1512.0,110981,338.2,-0.10,-0.000094,115701,339.7,3.07,0.003719,87947,309.4,34.83,0.043345
517.07,0.0074937,0.051281,90006,89055,88396,89690,303.7,517.1,0.061022,309.2,72426,346.2,78921,306.2,81.85,0.063513,84153,310.5,82.28,0.079404,86387,308.5,58.67,0.071925,337.1,-0.001330,926.5,127748,1052.8,81349,315.9,-4.01,-0.003105,82100,308.2,17.83,0.016907,86352,307.9,56.41,0.069269,697.1,0.000000,113.5,1612091,796.6,83599,311.6,-3.23,-0.002604,84074,309.6,-47.82,-0.046198,88115,314.5,-51.63,-0.063331,157.1,0.000000,1113.6,395836,1508.7,110990,338.2,-0.01,-0.000007,115851,339.8,4.02,0.004877,87988,309.4,34.24,0.042643
518.08,0.0075084,0.051297,89881,89083,88428,89619,303.8,518.1,0.063454,309.9,72923,346.5,79278,306.6,82.49,0.064222,84064,310.4,83.78,0.080805,86343,308.4,58.95,0.072265,338.1,-0.001630,926.2,127454,1050.2,81700,318.4,-5.05,-0.003897,82905,309.1,19.60,0.018712,86306,307.8,57.26,0.070291,698.1,0.000000,203.2,1701825,815.9,82343,310.3,-3.20,-0.002555,83261,308.8,-47.24,-0.045325,88145,314.5,-51.05,-0.062643,158.1,0.000000,468.5,392703,1505.4,111044,338.2,0.08,0.000080,115938,339.9,4.83,0.005861,88066,309.3,33.51,0.041773
519.09,0.0075230,0.051317,89760,89136,88487,89547,303.8,519.1,0.061259,310.7,73406,346.9,80150,307.6,81.46,0.063897,83923,310.2,85.05,0.081945,86319,308.3,59.32,0.072728,339.1,-0.001964,925.7,127228,1047.6,82087,321.5,-6.16,-0.004736,83668,309.9,21.17,0.020337,86284,307.8,58.09,0.071316,699.1,0.000000,1918.3,1803449,839.3,81125,309.0,-3.16,-0.002496,82460,307.9,-46.59,-0.044395,88220,314.6,-50.53,-0.062045,159.1,0.000000,100.0,389564,1502.1,111148,338.3,0.18,0.000174,115978,340.0,5.52,0.006701,88179,309.3,32.62,0.040714
520.10,0.0075377,0.051342,89639,89189,88579,89474,303.9,520.1,0.061335,311.4,73899,347.3,81147,308.8,80.29,0.063521,83741,309.9,86.06,0.082813,86320,308.2,59.80,0.073343,340.1,-0.002344,925.0,127943,1046.8,82531,325.2,-7.38,-0.005636,84366,310.6,22.45,0.021700,86289,307.7,58.93,0.072347,700.1,0.000000,408.2,1918655,867.1,79947,307.7,-3.11,-0.002429,81673,307.1,-45.87,-0.043404,88332,314.6,-50.10,-0.061592,160.1,0.000000,463.0,386419,1498.8,111299,338.4,0.27,0.000265,115981,340.0,6.04,0.007344,88328,309.4,31.57,0.039461
521.11,0.0075523,0.051371,89516,89226,88703,89401,304.0,521.1,0.063944,312.2,74430,347.7,81469,309.1,81.32,0.064526,83533,309.7,86.83,0.083419,86347,308.1,60.38,0.074085,341.1,-0.002764,924.8,127569,1043.9,83045,329.5,-8.69,-0.006590,84993,311.3,23.41,0.022750,86322,307.7,59.75,0.073388,701.1,0.000000,320.1,2049085,899.8,78815,306.4,-3.04,-0.002353,80901,306.3,-45.05,-0.042347,88478,314.7,-49.82,-0.061322,161.1,0.000000,100.0,383268,1495.5,111495,338.6,0.35,0.000352,115884,339.9,6.39,0.007758,88510,309.5,30.37,0.038030
522.03,0.0075657,0.051401,89406,89242,88832,89333,304.2,522.0,0.061593,313.0,74903,348.1,82452,310.2,80.32,0.064262,83331,309.4,87.33,0.083766,86393,308.1,60.97,0.074851,342.0,-0.003197,925.0,126994,1040.8,83586,334.2,-9.96,-0.007499,85504,311.8,23.99,0.023414,86380,307.8,60.49,0.074327,702.0,0.000000,100.0,2183328,934.2,77819,305.3,-2.97,-0.002276,80208,305.5,-44.23,-0.041314,88636,314.8,-49.69,-0.061254,162.0,0.000000,100.0,380366,1492.4,111716,338.8,0.44,0.000436,115721,339.8,6.55,0.007949,88701,309.6,29.15,0.036568
523.04,0.0075803,0.051437,89288,89241,88989,89259,304.3,523.0,0.064492,313.8,75461,348.6,82890,310.7,81.47,0.065433,83113,309.1,87.67,0.083952,86459,308.1,61.66,0.075749,343.0,-0.003661,925.5,126036,1036.7,84263,340.1,-11.42,-0.008515,85994,312.3,24.29,0.023804,86474,307.9,61.26,0.075334,703.0,0.000000,243.2,2347064,977.0,76781,304.2,-2.87,-0.002184,79471,304.7,-43.22,-0.040107,88823,315.0,-49.73,-0.061397,163.0,0.000000,100.0,377184,1489.0,112013,339.1,0.54,0.000542,115497,339.6,6.60,0.007991,88927,309.7,27.69,0.034809
524.05,0.0075950,0.051477,89180,89213,89195,89186,304.5,524.1,0.062546,314.8,76010,349.0,83944,311.9,80.78,0.065454,82910,308.8,87.83,0.083974,86557,308.2,62.41,0.076737,344.1,-0.004175,926.3,124862,1032.2,85043,346.9,-12.93,-0.009542,86434,312.8,24.34,0.023940,86595,308.0,62.01,0.076337,704.1,0.000000,100.0,2529893,1025.2,75796,303.0,-2.77,-0.002087,78759,304.0,-42.09,-0.038809,89030,315.2,-49.88,-0.061702,164.1,0.000000,100.0,373982,1485.6,112381,339.4,0.68,0.000674,115236,339.3,6.58,0.007958,89176,309.9,26.15,0.032943
525.06,0.0076096,0.051520,89088,89182,89440,89112,304.8,525.1,0.062962,315.8,76574,349.5,85110,313.2,80.00,0.065454,82737,308.6,87.79,0.083829,86692,308.3,63.24,0.077851,345.1,-0.004719,927.5,123600,1027.4,85945,354.8,-14.48,-0.010558,86847,313.2,24.12,0.023799,86747,308.2,62.79,0.077384,705.1,0.000000,232.2,2732562,1078.9,74863,302.0,-2.66,-0.001986,78074,303.2,-40.84,-0.037415,89284,315.4,-50.15,-0.062172,165.1,0.000000,1038.2,370054,1481.5,112838,339.8,0.84,0.000836,114936,339.1,6.41,0.007735,89453,310.1,24.59,0.031054
526.07,0.0076242,0.051566,89032,89162,89687,89039,305.0,526.1,0.065904,316.7,77182,350.0,85555,313.6,81.30,0.066773,82610,308.4,87.67,0.083633,86846,308.5,64.13,0.079044,346.1,-0.005279,929.3,121911,1021.8,86980,363.8,-16.02,-0.011533,87213,313.6,23.67,0.023430,86918,308.4,63.56,0.078435,706.1,0.000000,100.0,2955448,1138.0,73983,300.9,-2.54,-0.001883,77420,302.5,-39.44,-0.035920,89575,315.6,-50.65,-0.062943,166.1,0.000000,100.0,365883,1477.2,113395,340.3,1.02,0.001020,114589,338.8,6.07,0.007314,89745,310.3,23.00,0.029124
527.08,0.0076388,0.051613,88966,89151,89910,88967,305.2,527.1,0.063875,317.8,77781,350.6,86638,314.8,80.58,0.066765,82529,308.3,87.48,0.083402,86998,308.7,65.03,0.080249,347.1,-0.005894,930.8,122094,1019.8,88195,374.0,-17.60,-0.012492,87546,313.9,23.05,0.022874,87092,308.6,64.28,0.079420,707.1,0.000000,611.3,3198427,1202.3,73155,300.0,-2.43,-0.001781,76799,301.8,-37.91,-0.034328,89875,315.8,-51.47,-0.064129,167.1,0.000000,474.7,361642,1472.9,114049,340.8,1.20,0.001204,114198,338.5,5.60,0.006724,90036,310.6,21.34,0.027091
528.09,0.0076535,0.051662,88859,89148,90097,88898,305.4,528.1,0.064108,318.7,78395,351.1,87753,316.0,79.71,0.066639,82498,308.2,87.20,0.083109,87132,308.9,65.88,0.081374,348.1,-0.006583,932.8,122784,1018.7,89643,385.8,-19.22,-0.013445,87859,314.2,22.30,0.022186,87251,308.9,64.89,0.080265,708.1,0.000000,100.0,3460824,1271.5,72375,299.1,-2.31,-0.001681,76212,301.2,-36.26,-0.032649,90147,316.1,-52.66,-0.065767,168.1,0.000000,348.6,357344,1468.4,114783,341.4,1.34,0.001359,113777,338.1,5.00,0.005992,90313,310.8,19.54,0.024862
529.10,0.0076681,0.051715,88746,89152,90239,88831,305.5,529.1,0.066838,319.6,79053,351.7,88153,316.4,80.49,0.067515,82501,308.2,86.67,0.082624,87241,309.1,66.65,0.082374,349.1,-0.007332,935.4,123734,1018.2,91367,399.1,-20.88,-0.014386,88171,314.6,21.47,0.021412,87386,309.1,65.38,0.080928,709.1,0.000000,100.0,3741408,1345.1,71642,298.2,-2.19,-0.001586,75658,300.6,-34.49,-0.030896,90391,316.2,-54.19,-0.067822,169.1,0.000000,260.8,352985,1463.9,115564,342.1,1.44,0.001460,113345,337.8,4.29,0.005130,90577,311.0,17.51,0.022328
530.11,0.0076828,0.051772,88625,89171,90328,88768,305.6,530.1,0.064244,320.4,79694,352.2,89129,317.4,79.44,0.067146,82551,308.2,85.97,0.082004,87321,309.3,67.32,0.083214,350.1,-0.008119,939.0,124223,1016.8,93363,414.2,-22.59,-0.015324,88497,314.9,20.60,0.020599,87496,309.3,65.70,0.081375,710.1,0.000000,351.6,4038340,1422.7,70952,297.4,-2.08,-0.001496,75132,300.0,-32.64,-0.029091,90583,316.4,-56.01,-0.070220,170.1,0.000000,699.6,348567,1459.2,116342,342.8,1.44,0.001473,112908,337.4,3.49,0.004165,90846,311.3,15.10,0.019296
531.04,0.0076963,0.051827,88505,89205,90399,88716,305.7,531.0,0.063760,321.2,80289,352.7,90017,318.4,78.10,0.066469,82639,308.3,85.21,0.081352,87372,309.5,67.86,0.083872,351.0,-0.008903,942.9,124330,1015.0,95387,429.6,-24.26,-0.016211,88820,315.2,19.80,0.019848,87578,309.5,65.88,0.081612,711.0,0.000000,214.0,4322819,1496.8,70354,296.7,-1.99,-0.001419,74671,299.4,-30.89,-0.027414,90699,316.4,-57.79,-0.072537,171.0,0.000000,148.5,344468,1454.9,117016,343.3,1.38,0.001412,112506,337.0,2.69,0.003203,91115,311.5,12.42,0.015901
532.06,0.0077110,0.051892,88358,89253,90480,88664,305.8,532.1,0.063453,321.9,80947,353.3,90865,319.3,76.56,0.065591,82790,308.4,84.30,0.080595,87412,309.7,68.41,0.084540,352.1,-0.009715,947.7,123928,1012.0,97742,448.2,-26.24,-0.017225,89212,315.6,18.93,0.019039,87656,309.8,65.98,0.081746,712.1,0.000000,178.7,4643820,1580.1,69737,295.9,-1.89,-0.001341,74184,298.9,-28.97,-0.025586,90767,316.4,-59.67,-0.074964,172.1,0.000000,100.0,339953,1450.1,117669,343.9,1.23,0.001269,112070,336.7,1.75,0.002073,91465,311.9,8.81,0.011318
533.08,0.0077258,0.051961,88194,89308,90559,88619,305.9,533.1,0.062640,322.6,81609,353.9,91639,320.1,74.87,0.064521,82979,308.5,83.29,0.079773,87447,309.9,68.97,0.085199,353.1,-0.010586,952.8,122936,1008.0,100167,468.5,-28.40,-0.018275,89657,316.1,18.07,0.018243,87737,310.0,66.04,0.081842,713.1,0.000000,100.0,4972567,1665.6,69154,295.2,-1.80,-0.001269,73705,298.4,-27.06,-0.023792,90769,316.3,-61.33,-0.077072,173.1,0.000000,197.1,335413,1445.2,118207,344.3,1.03,0.001065,111640,336.3,0.73,0.000861,91902,312.3,4.30,0.005536
534.10,0.0077405,0.052036,88019,89360,90710,88584,306.0,534.1,0.061631,323.2,82273,354.5,92349,320.8,73.03,0.063280,83203,308.8,82.21,0.078896,87503,310.2,69.59,0.085959,354.1,-0.011467,957.9,121321,1002.8,102567,490.7,-30.72,-0.019326,90166,316.6,17.22,0.017451,87839,310.3,66.16,0.082005,714.1,0.000000,304.3,5305011,1752.3,68601,294.5,-1.72,-0.001203,73228,297.8,-25.21,-0.022062,90789,316.2,-62.62,-0.078736,174.1,0.000000,169.1,330855,1440.3,118612,344.6,0.79,0.000823,111219,335.9,-0.37,-0.000434,92170,312.6,-1.92,-0.002477
535.03,0.0077541,0.052110,87855,89407,90823,88561,306.1,535.0,0.060281,323.6,82879,355.0,92993,321.5,71.13,0.061936,83451,309.0,81.20,0.078102,87555,310.5,70.18,0.086657,355.0,-0.012307,962.6,119294,997.1,104670,512.6,-32.94,-0.020248,90696,317.1,16.42,0.016711,87929,310.6,66.25,0.082129,715.0,0.000000,190.4,5609321,1832.2,68122,293.9,-1.64,-0.001144,72787,297.3,-23.60,-0.020559,90829,316.1,-63.53,-0.079926,175.0,0.000000,2011.1,326661,1435.7,118859,344.9,0.56,0.000585,110844,335.6,-1.44,-0.001692,92431,312.9,-8.51,-0.011003
536.05,0.0077689,0.052196,87676,89451,90955,88545,306.2,536.1,0.059229,324.1,83540,355.6,93579,322.1,69.19,0.060510,83752,309.3,80.05,0.077196,87608,310.8,70.80,0.087391,356.1,-0.013126,967.4,116492,989.7,106788,538.0,-35.41,-0.021159,91353,317.8,15.52,0.015875,88022,310.9,66.32,0.082215,716.1,0.000000,139.7,5936685,1919.3,67627,293.3,-1.56,-0.001081,72296,296.7,-21.95,-0.019029,90867,316.0,-64.19,-0.080811,176.1,0.000000,100.0,322071,1430.7,118993,345.0,0.31,0.000322,110451,335.3,-2.67,-0.003134,92745,313.2,-16.36,-0.021207
537.08,0.0077837,0.052287,87502,89498,91076,88540,306.4,537.1,0.057815,324.5,84199,356.2,94121,322.7,67.20,0.059014,84082,309.6,78.86,0.076264,87651,311.1,71.40,0.088068,357.1,-0.013937,972.0,113082,981.2,108668,564.9,-37.86,-0.021920,92102,318.5,14.57,0.014994,88103,311.3,66.36,0.082241,717.1,0.000000,100.0,6254695,2005.5,67164,292.8,-1.47,-0.001015,71793,296.2,-20.43,-0.017628,90900,315.9,-64.50,-0.081258,177.1,0.000000,3134.1,317466,1425.5,118990,345.0,0.06,0.000065,110081,335.0,-3.97,-0.004644,92989,313.5,-24.55,-0.031885
538.10,0.0077985,0.052383,87338,89561,91166,88546,306.4,538.1,0.056316,324.9,84853,356.8,94613,323.1,65.25,0.057512,84455,310.0,77.68,0.075370,87679,311.5,71.96,0.088669,358.1,-0.013928,578.4,109395,972.0,109166,587.0,-36.97,-0.020697,92954,319.4,13.57,0.014052,88170,311.7,66.36,0.082203,718.1,0.000000,273.3,6558705,2090.0,66737,292.2,-1.37,-0.000943,71279,295.6,-19.07,-0.016363,90922,315.8,-64.48,-0.081280,178.1,0.000000,115.6,312850,1420.4,118877,344.9,-0.15,-0.000155,109741,334.7,-5.33,-0.006221,93058,313.7,-32.38,-0.042057
539.04,0.0078121,0.052476,87197,89631,91222,88560,306.5,539.0,0.054666,325.3,85448,357.3,95109,323.6,63.30,0.056000,84823,310.4,76.61,0.074560,87690,311.9,72.42,0.089148,359.0,-0.010506,585.3,106943,965.5,107028,591.7,-30.04,-0.016359,93839,320.2,12.57,0.013107,88224,312.0,66.33,0.082113,719.0,0.000000,496.0,6821274,2165.5,66380,291.8,-1.27,-0.000868,70801,295.0,-17.94,-0.015323,90930,315.7,-64.24,-0.081006,179.0,0.000000,100.0,308608,1415.6,118656,344.7,-0.36,-0.000376,109468,334.4,-6.63,-0.007725,92997,313.7,-39.01,-0.050630
540.06,0.0078270,0.052580,87055,89784,91252,88582,306.5,540.1,0.053369,325.7,86095,357.9,95563,324.1,61.38,0.054487,85243,310.8,75.42,0.073670,87693,312.3,72.91,0.089630,360.1,-0.008421,590.6,104836,959.6,104956,595.5,-25.00,-0.013262,94938,321.3,11.35,0.011931,88282,312.4,66.27,0.081987,0.1,0.000000,533.7,7086305,2245.1,66035,291.3,-1.13,-0.000773,70275,294.4,-16.84,-0.014309,90915,315.6,-63.79,-0.080447,180.1,0.000000,362.2,303972,1410.3,118289,344.4,-0.60,-0.000616,109227,334.2,-8.10,-0.009431,92749,313.6,-45.45,-0.058858
541.09,0.0078418,0.052689,86929,89924,91236,88610,306.5,541.1,0.051808,326.0,86738,358.5,96003,324.5,59.50,0.052992,85684,311.2,74.24,0.072785,87686,312.7,73.37,0.090082,361.1,-0.006721,593.6,102972,954.1,103109,597.4,-20.09,-0.010440,96201,322.5,9.91,0.010514,88341,312.8,66.18,0.081840,1.1,0.000000,429.7,7325301,2321.2,65744,291.0,-0.98,-0.000663,69751,293.8,-15.87,-0.013410,90875,315.5,-63.17,-0.079661,181.1,0.000000,446.4,299325,1404.9,117804,344.0,-0.81,-0.000838,109057,334.0,-9.63,-0.011193,92407,313.3,-50.74,-0.065525
542.11,0.0078567,0.052801,86817,90079,91181,88643,306.5,542.1,0.050252,326.4,87378,359.0,96436,324.9,57.66,0.051514,86142,311.7,73.05,0.071895,87667,313.0,73.79,0.090484,362.1,-0.005086,594.8,101333,949.0,101397,597.5,-15.47,-0.007904,97648,323.9,8.16,0.008757,88395,313.1,66.06,0.081649,2.1,0.000000,114.4,7534892,2393.3,65513,290.7,-0.79,-0.000538,69233,293.1,-15.00,-0.012610,90806,315.4,-62.41,-0.078673,182.1,0.000000,458.1,294670,1399.5,117216,343.5,-1.01,-0.001033,108965,334.0,-11.18,-0.012986,92062,313.1,-54.92,-0.070710
543.06,0.0078704,0.052905,86727,90221,91104,88675,306.4,543.1,0.048583,326.7,87960,359.6,96854,325.3,55.92,0.050114,86574,312.1,71.93,0.071048,87633,313.2,74.11,0.090783,363.1,-0.004436,596.3,99736,944.1,100545,598.8,-13.26,-0.006703,99160,325.3,6.21,0.006732,88436,313.4,65.88,0.081403,3.1,0.000000,381.8,7698770,2455.5,65359,290.5,-0.61,-0.000413,68770,292.6,-14.29,-0.011948,90718,315.3,-61.60,-0.077609,183.1,0.000000,100.0,290396,1394.5,116601,343.0,-1.16,-0.001188,108946,333.9,-12.58,-0.014615,91771,312.9,-57.94,-0.074390
544.09,0.0078853,0.053021,86645,90348,91003,88712,306.3,544.1,0.047295,327.1,88594,360.1,97272,325.7,54.16,0.048686,87055,312.6,70.65,0.070064,87584,313.4,74.40,0.091031,364.1,-0.002031,594.5,98567,939.9,98757,595.8,-8.25,-0.004116,101076,327.1,3.47,0.003815,88467,313.6,65.60,0.081020,4.1,0.000000,559.3,7844676,2518.5,65256,290.4,-0.40,-0.000270,68281,292.0,-13.57,-0.011289,90602,315.1,-60.58,-0.076274,184.1,0.000000,540.3,285727,1388.9,115861,342.3,-1.30,-0.001328,108988,334.0,-14.07,-0.016347,91483,312.8,-60.50,-0.077468
545.03,0.0078990,0.053128,86596,90437,90904,88747,306.2,545.0,0.045662,327.5,89171,360.6,97680,326.1,52.49,0.047326,87507,313.1,69.41,0.069089,87536,313.5,74.60,0.091185,365.0,-0.001096,593.1,97511,936.0,97634,593.8,-5.23,-0.002588,103148,329.0,0.20,0.000219,88480,313.8,65.19,0.080490,5.0,0.000000,100.0,7946962,2571.6,65218,290.3,-0.21,-0.000140,67853,291.5,-12.95,-0.010726,90482,314.9,-59.52,-0.074886,185.0,0.000000,753.6,281445,1383.8,115131,341.7,-1.41,-0.001434,109072,334.0,-15.35,-0.017849,91245,312.7,-62.29,-0.079586
546.06,0.0079140,0.053245,86574,90505,90787,88785,306.1,546.1,0.042623,336.3,89780,361.2,98546,327.0,49.56,0.044963,88012,313.6,67.96,0.067927,87467,313.6,74.77,0.091310,366.1,-0.000918,592.7,96119,931.2,96941,592.6,-2.43,-0.001195,105684,331.3,-4.06,-0.004609,88493,313.9,64.64,0.079789,6.1,0.000000,343.8,8023388,2624.1,65232,290.3,-0.02,-0.000012,67409,290.9,-12.30,-0.010142,90344,314.7,-58.22,-0.073195,186.1,0.000000,302.7,276778,1378.1,114291,341.0,-1.51,-0.001527,109191,334.1,-16.61,-0.019333,91009,312.6,-63.76,-0.081264
547.09,0.0079289,0.053360,86586,90537,90660,88823,306.0,547.1,0.042940,328.2,90407,361.7,98899,327.3,48.04,0.043701,88531,314.1,66.40,0.066648,87381,313.6,74.95,0.091432,367.1,0.001107,590.9,95007,925.8,95899,590.8,1.35,0.000661,108166,333.5,-8.20,-0.009465,88496,314.0,63.99,0.078973,7.1,0.000000,398.4,8063165,2670.7,65295,290.4,0.15,0.000100,66995,290.4,-11.66,-0.009573,90200,314.4,-56.80,-0.071339,187.1,0.000000,984.5,272129,1372.4,113416,340.3,-1.59,-0.001600,109316,334.2,-17.70,-0.020611,90790,312.6,-64.80,-0.082399
548.04,0.0079426,0.053464,86631,90533,90534,88858,305.8,548.0,0.041338,328.6,90978,362.2,99269,327.6,46.58,0.042488,89020,314.6,64.87,0.065370,87288,313.6,75.10,0.091525,368.0,0.002526,589.0,94084,919.8,95002,588.9,4.18,0.002032,110050,335.2,-11.12,-0.012987,88482,314.0,63.32,0.078126,8.0,0.000000,100.0,8068072,2708.1,65385,290.5,0.26,0.000178,66644,290.0,-11.07,-0.009050,90063,314.2,-55.40,-0.069519,188.0,0.000000,299.5,267899,1367.1,112591,339.6,-1.66,-0.001654,109421,334.3,-18.51,-0.021575,90601,312.6,-65.45,-0.083053
549.07,0.0079575,0.053573,86720,90476,90391,88895,305.7,549.1,0.038366,336.6,91581,362.8,100075,328.4,44.01,0.040371,89569,315.2,63.11,0.063870,87178,313.6,75.24,0.091596,369.1,0.003897,586.1,93140,912.1,94048,585.9,7.21,0.003486,111507,336.4,-12.95,-0.015269,88451,314.0,62.51,0.077105,9.1,0.000000,100.0,8040315,2743.0,65498,290.7,0.34,0.000227,66293,289.6,-10.39,-0.008463,89912,314.0,-53.78,-0.067422,189.1,0.000000,169.4,263321,1361.3,111671,338.8,-1.71,-0.001700,109510,334.4,-19.19,-0.022385,90407,312.6,-65.88,-0.083418
550.10,0.0079725,0.053676,86849,90388,90244,88930,305.6,550.1,0.038474,329.5,92201,363.3,100406,328.7,42.75,0.039315,90133,315.7,61.26,0.062276,87063,313.5,75.34,0.091615,370.1,0.005131,582.3,92212,903.4,93227,582.1,10.03,0.004837,112403,337.2,-13.58,-0.016105,88410,313.9,61.62,0.075989,10.1,0.000000,100.0,7979965,2771.8,65610,290.8,0.35,0.000236,65981,289.2,-9.66,-0.007843,89760,313.8,-52.09,-0.065231,190.1,0.000000,100.0,258782,1355.5,110735,337.9,-1.76,-0.001736,109564,334.4,-19.66,-0.022940,90224,312.7,-66.07,-0.083476
551.04,0.0079861,0.053765,86991,90294,90110,88962,305.4,551.0,0.036916,329.9,92767,363.9,100785,329.1,41.51,0.038275,90660,316.3,59.51,0.060750,86961,313.4,75.37,0.091564,371.0,0.006391,578.2,91382,894.6,92547,577.9,12.70,0.006120,112645,337.4,-13.44,-0.015966,88371,313.9,60.74,0.074887,11.0,0.000000,292.0,7898147,2793.0,65697,290.9,0.31,0.000213,65730,288.9,-8.93,-0.007233,89621,313.6,-50.48,-0.063157,191.0,0.000000,1766.9,254656,1350.2,109869,337.2,-1.79,-0.001759,109574,334.4,-19.91,-0.023236,90058,312.7,-66.05,-0.083298
552.07,0.0080011,0.053854,87185,90178,89969,88995,305.3,552.1,0.034218,330.4,93367,364.4,101533,329.8,39.33,0.036457,91243,316.9,57.57,0.059037,86855,313.4,75.35,0.091444,372.1,0.007734,572.8,90523,884.2,91871,572.5,15.74,0.007602,112545,337.3,-12.40,-0.014721,88335,313.8,59.71,0.073607,12.1,0.000000,100.0,7782686,2810.6,65761,291.0,0.23,0.000155,65497,288.6,-8.06,-0.006510,89474,313.4,-48.67,-0.060830,192.1,0.000000,100.0,250194,1344.3,108921,336.4,-1.82,-0.001772,109545,334.4,-20.00,-0.023333,89881,312.6,-65.93,-0.082989
553.10,0.0080160,0.053934,87435,90043,89853,89027,305.2,553.1,0.032903,337.3,93968,365.0,102283,330.5,37.25,0.034709,91831,317.4,55.62,0.057297,86759,313.3,75.27,0.091281,373.1,0.009220,566.6,89706,872.8,91264,566.1,18.91,0.009176,112152,337.0,-10.15,-0.012022,88318,313.7,58.62,0.072257,13.1,0.000000,100.0,7642973,2822.8,65778,291.0,0.10,0.000065,65311,288.3,-7.10,-0.005725,89338,313.3,-46.79,-0.058421,193.1,0.000000,385.2,245775,1338.5,107981,335.5,-1.82,-0.001766,109487,334.3,-19.95,-0.023271,89723,312.6,-65.75,-0.082628
554.05,0.0080296,0.053998,87690,89903,89764,89055,305.1,554.0,0.032908,331.3,94534,365.5,102622,330.8,36.26,0.033870,92371,318.0,53.84,0.055697,86685,313.2,75.17,0.091103,374.0,0.010729,560.0,89010,861.6,90768,559.5,21.91,0.010699,111206,336.2,-7.36,-0.008666,88327,313.6,57.55,0.070967,14.0,0.000000,203.2,7496462,2829.4,65762,291.0,-0.01,-0.000009,65188,288.2,-6.16,-0.004961,89230,313.1,-44.98,-0.056122,194.0,0.000000,100.0,241761,1333.1,107138,334.8,-1.81,-0.001742,109393,334.2,-19.80,-0.023077,89602,312.6,-65.54,-0.082260
555.07,0.0080445,0.054056,87975,89739,89649,89083,305.0,555.1,0.030428,331.8,95138,366.0,103323,331.4,34.41,0.032294,92961,318.6,51.93,0.053964,86610,313.0,74.92,0.090755,375.1,0.012307,552.1,88312,848.8,90298,551.4,25.23,0.012437,109921,335.1,-3.55,-0.004145,88354,313.5,56.27,0.069422,15.1,0.000000,100.0,7319692,2832.0,65698,290.9,-0.16,-0.000109,65106,288.1,-5.08,-0.004088,89124,313.0,-42.97,-0.053571,195.1,0.000000,581.9,237424,1327.1,106247,334.0,-1.77,-0.001695,109213,334.1,-19.45,-0.022639,89484,312.6,-65.30,-0.081850
556.10,0.0080594,0.054103,88249,89566,89522,89111,304.9,556.1,0.016700,334.8,95593,366.5,106607,334.4,27.07,0.025973,93547,319.1,50.06,0.052257,86535,312.9,74.51,0.090230,376.1,0.013993,543.3,87739,835.5,89918,542.5,28.50,0.014220,108587,333.9,0.34,0.000399,88384,313.5,54.80,0.067650,16.1,0.000000,493.0,7128513,2830.4,65577,290.8,-0.33,-0.000226,65077,288.1,-3.96,-0.003184,89016,312.8,-40.97,-0.051038,196.1,0.000000,100.0,233132,1321.2,105400,333.2,-1.71,-0.001624,108966,333.8,-18.93,-0.022002,89356,312.6,-65.03,-0.081393
557.04,0.0080731,0.054137,88487,89404,89408,89137,304.8,557.0,0.022653,335.1,96092,367.0,107166,334.9,25.45,0.024512,94080,319.7,48.40,0.050723,86471,312.8,74.05,0.089633,377.0,0.015591,534.7,87315,823.0,89668,533.8,31.34,0.015848,107437,332.9,3.67,0.004216,88416,313.4,53.29,0.065826,17.0,0.000000,877.6,6943366,2825.4,65419,290.6,-0.49,-0.000332,65097,288.1,-2.92,-0.002347,88916,312.7,-39.14,-0.048733,197.0,0.000000,100.0,229238,1315.8,104671,332.5,-1.62,-0.001539,108699,333.6,-18.37,-0.021313,89235,312.6,-64.76,-0.080937
558.07,0.0080880,0.054164,88724,89228,89285,89164,304.6,558.1,0.021978,339.6,96645,367.5,107651,335.4,23.94,0.023133,94660,320.2,46.64,0.049091,86413,312.7,73.44,0.088880,378.1,0.017183,524.7,86947,809.3,89495,523.7,34.25,0.017620,106324,331.9,7.01,0.007991,88459,313.4,51.48,0.063630,18.1,0.000000,464.7,6733409,2816.7,65203,290.3,-0.64,-0.000432,65165,288.2,-1.79,-0.001443,88807,312.6,-37.17,-0.046238,198.1,0.000000,100.0,225033,1309.8,103939,331.9,-1.51,-0.001426,108374,333.3,-17.70,-0.020498,89109,312.6,-64.45,-0.080439
559.10,0.0081029,0.054183,88963,89064,89160,89192,304.5,559.1,0.021859,335.8,97214,368.0,107823,335.5,23.12,0.022372,95246,320.8,44.94,0.047508,86378,312.5,72.76,0.088041,379.1,0.018864,514.3,86656,795.3,89408,513.1,36.98,0.019399,105326,331.0,10.03,0.011363,88504,313.3,49.51,0.061232,19.1,0.000000,100.0,6517826,2805.0,64956,290.0,-0.76,-0.000509,65274,288.3,-0.71,-0.000571,88698,312.5,-35.21,-0.043763,199.1,0.000000,283.5,220874,1303.8,103281,331.3,-1.38,-0.001293,108016,333.0,-17.01,-0.019646,88986,312.6,-64.14,-0.079939
560.04,0.0081165,0.054191,89203,88928,89040,89218,304.4,560.0,0.019712,336.0,97727,368.5,108211,335.8,21.77,0.021113,95795,321.4,43.43,0.046106,86363,312.5,72.02,0.087150,380.0,0.020501,504.5,86445,782.4,89382,503.1,39.34,0.021038,104502,330.3,12.62,0.014209,88541,313.3,47.58,0.058878,20.0,0.000000,100.0,6317407,2792.1,64712,289.7,-0.83,-0.000557,65406,288.5,0.22,0.000179,88595,312.3,-33.43,-0.041515,200.0,0.000000,210.4,217103,1298.3,102750,330.8,-1.24,-0.001157,107660,332.7,-16.34,-0.018836,88871,312.6,-63.85,-0.079480
561.07,0.0081314,0.054191,89511,88785,88906,89247,304.3,561.1,0.018832,336.3,98293,369.1,108561,336.1,20.42,0.019857,96416,322.0,41.86,0.044644,86356,312.4,71.06,0.086007,381.1,0.022160,493.5,86261,768.2,89392,492.1,41.74,0.022826,103677,329.5,15.29,0.017114,88571,313.2,45.37,0.056180,21.1,0.000000,139.5,6097775,2775.9,64438,289.3,-0.87,-0.000583,65579,288.7,1.14,0.000925,88477,312.2,-31.50,-0.039082,201.1,0.000000,100.0,213034,1292.3,102253,330.3,-1.07,-0.001000,107246,332.3,-15.59,-0.017916,88744,312.6,-63.55,-0.078986
562.09,0.0081463,0.054176,89942,88648,88771,89278,304.1,562.1,0.017745,336.5,98864,369.6,108884,336.4,19.16,0.018666,97056,322.6,40.40,0.043286,86355,312.4,69.96,0.084686,382.1,0.023899,482.5,86109,753.9,89425,480.9,43.95,0.024601,102913,328.8,17.85,0.019882,88579,313.2,43.13,0.053419,22.1,0.000000,768.9,5878966,2757.9,64171,289.0,-0.87,-0.000581,65777,288.9,1.95,0.001581,88356,312.1,-29.58,-0.036667,202.1,0.000000,185.8,209014,1286.2,101841,330.0,-0.90,-0.000838,106808,331.9,-14.81,-0.016971,88613,312.6,-63.24,-0.078489
563.03,0.0081599,0.054150,90328,88533,88647,89306,304.0,563.0,0.016596,336.7,99391,370.1,109200,336.7,17.99,0.017568,97658,323.2,39.18,0.042162,86352,312.3,68.86,0.083357,383.0,0.025567,472.5,85985,740.8,89459,470.8,45.82,0.026210,102258,328.2,20.16,0.022346,88556,313.1,41.13,0.050936,23.0,0.000000,813.0,5680527,2740.1,63941,288.7,-0.83,-0.000555,65972,289.2,2.59,0.002101,88241,312.0,-27.82,-0.034460,203.0,0.000000,112.6,205371,1280.7,101538,329.7,-0.75,-0.000691,106386,331.5,-14.08,-0.016091,88491,312.6,-62.95,-0.078032
564.06,0.0081748,0.054105,90773,88419,88512,89339,303.9,564.1,0.015640,337.1,99972,370.7,109493,336.9,16.87,0.016501,98336,323.8,37.98,0.041069,86340,312.3,67.60,0.081831,384.1,0.027214,461.7,85867,726.5,89492,459.9,47.68,0.027928,101588,327.6,22.65,0.024991,88502,313.0,39.02,0.048318,24.1,0.000000,197.7,5467605,2719.7,63718,288.4,-0.75,-0.000502,66193,289.5,3.18,0.002586,88113,311.8,-25.90,-0.032047,204.1,0.000000,432.7,201469,1274.6,101281,329.4,-0.58,-0.000540,105908,331.1,-13.28,-0.015123,88359,312.6,-62.64,-0.077539
565.09,0.0081897,0.054046,91195,88317,88379,89373,303.8,565.1,0.013843,337.3,100549,371.3,109932,337.3,15.39,0.015103,99057,324.5,36.85,0.040061,86316,312.3,66.33,0.080284,385.1,0.028894,451.2,85755,712.4,89515,449.3,49.36,0.029599,100962,327.0,25.15,0.027624,88422,312.8,37.02,0.045814,25.1,0.000000,100.0,5253757,2695.6,63533,288.1,-0.64,-0.000428,66412,289.7,3.68,0.003000,87984,311.7,-23.96,-0.029617,205.1,0.000000,326.9,197666,1268.7,101095,329.3,-0.43,-0.000402,105414,330.6,-12.47,-0.014158,88227,312.5,-62.34,-0.077049
566.11,0.0082045,0.053972,91545,88227,88249,89408,303.6,566.1,0.013381,337.6,101140,371.8,110164,337.5,14.38,0.014127,99859,325.3,35.70,0.039028,86278,312.2,65.09,0.078758,386.1,0.030537,441.1,85641,698.4,89525,439.1,50.88,0.031226,100377,326.5,27.66,0.030259,88331,312.7,35.12,0.043441,26.1,0.000000,100.0,5045772,2670.9,63391,288.0,-0.51,-0.000338,66622,290.0,4.11,0.003359,87854,311.5,-22.00,-0.027163,206.1,0.000000,396.9,193962,1262.7,100968,329.1,-0.31,-0.000282,104908,330.2,-11.67,-0.013206,88095,312.5,-62.02,-0.076556
567.05,0.0082181,0.053896,91804,88160,88134,89441,303.5,567.0,0.011643,337.8,101679,372.4,110514,337.8,13.08,0.012877,100700,326.1,34.49,0.037936,86231,312.1,63.98,0.077399,387.0,0.032081,432.2,85529,685.8,89519,430.1,52.17,0.032684,99875,326.0,29.98,0.032679,88248,312.6,33.50,0.041412,27.0,0.000000,458.6,4862135,2648.6,63306,287.9,-0.37,-0.000243,66802,290.2,4.47,0.003659,87736,311.4,-20.17,-0.024886,207.0,0.000000,100.0,190649,1257.4,100894,329.1,-0.21,-0.000190,104435,329.7,-10.95,-0.012352,87976,312.5,-61.73,-0.076103
568.07,0.0082329,0.053805,91994,88105,88011,89477,303.4,568.1,0.010850,340.2,102275,373.0,110812,338.1,11.83,0.011670,101757,327.0,32.92,0.036473,86165,312.0,62.84,0.075980,388.1,0.033601,422.9,85395,672.4,89493,420.8,53.49,0.034245,99364,325.6,32.51,0.035308,88152,312.5,31.88,0.039380,28.1,0.000000,260.8,4669441,2624.6,63268,287.8,-0.18,-0.000121,66982,290.4,4.85,0.003983,87611,311.3,-18.15,-0.022372,208.1,0.000000,2709.1,187123,1251.6,100851,329.0,-0.12,-0.000109,103913,329.3,-10.19,-0.011451,87850,312.4,-61.40,-0.075606
569.10,0.0082478,0.053710,92084,88069,87893,89513,303.3,569.1,0.010313,338.2,102885,373.5,110944,338.2,10.96,0.010821,102948,328.2,31.06,0.034702,86101,311.9,61.78,0.074666,389.1,0.035164,414.1,85247,659.2,89447,412.0,54.75,0.035780,98888,325.1,35.01,0.037893,88048,312.3,30.41,0.037541,29.1,0.000000,1479.4,4484633,2600.9,63285,287.8,-0.01,-0.000004,67143,290.6,5.27,0.004333,87489,311.2,-16.10,-0.019824,209.1,0.000000,100.0,183685,1245.8,100835,329.0,-0.05,-0.000050,103388,328.8,-9.46,-0.010589,87726,312.3,-61.07,-0.075102
570.03,0.0082614,0.053623,92092,88052,87789,89546,303.2,570.0,0.008838,338.4,103445,374.1,111185,338.4,9.89,0.009780,104106,329.2,29.21,0.032901,86038,311.9,60.91,0.073584,390.0,0.036646,406.5,85098,647.4,89387,404.3,55.86,0.037171,98481,324.7,37.24,0.040188,87951,312.2,29.20,0.036017,30.0,0.000000,100.0,4322034,2579.6,63349,287.9,0.17,0.000110,67275,290.8,5.71,0.004699,87381,311.1,-14.19,-0.017459,210.0,0.000000,160.6,180608,1240.6,100836,329.0,-0.01,-0.000012,102910,328.4,-8.82,-0.009842,87617,312.3,-60.76,-0.074638
571.06,0.0082762,0.053530,92049,88053,87681,89582,303.1,571.1,0.008102,338.6,104067,374.7,111392,338.6,8.89,0.008803,105355,330.3,27.23,0.030924,85964,311.7,60.10,0.072562,391.1,0.038113,398.7,84922,634.9,89304,396.5,57.04,0.038674,98066,324.4,39.57,0.042566,87844,312.1,28.00,0.034510,31.1,0.000000,100.0,4151916,2556.7,63487,288.1,0.39,0.000258,67401,291.0,6.27,0.005165,87268,310.9,-12.08,-0.014845,211.1,0.000000,415.9,177329,1234.9,100847,329.0,0.01,0.000013,102397,327.9,-8.17,-0.009082,87505,312.2,-60.42,-0.074137
572.08,0.0082910,0.053440,91972,88070,87581,89617,303.0,572.1,0.006911,340.2,104695,375.3,111666,338.8,7.79,0.007726,106512,331.4,25.43,0.029112,85881,311.6,59.44,0.071726,392.1,0.039634,391.4,84734,622.7,89204,389.2,58.22,0.040169,97680,324.0,41.74,0.044775,87740,311.9,26.91,0.033139,32.1,0.000000,437.5,3989186,2534.3,63701,288.4,0.63,0.000419,67512,291.1,6.92,0.005712,87160,310.8,-9.93,-0.012195,212.1,0.000000,326.0,174129,1229.3,100858,329.0,0.02,0.000018,101900,327.4,-7.57,-0.008387,87402,312.2,-60.09,-0.073657
573.10,0.0083059,0.053355,91874,88100,87497,89650,302.9,573.1,0.006458,338.9,105339,375.9,111833,338.9,7.00,0.006956,107532,332.3,23.92,0.027563,85794,311.5,58.96,0.071111,393.1,0.041135,384.6,84535,610.9,89098,382.3,59.38,0.041652,97321,323.7,43.73,0.046786,87645,311.8,25.90,0.031878,33.1,0.000000,100.0,3833661,2512.2,63989,288.7,0.87,0.000582,67609,291.2,7.68,0.006345,87062,310.7,-7.74,-0.009496,213.1,0.000000,140.6,171005,1223.8,100861,329.0,0.01,0.000008,101425,327.0,-7.03,-0.007766,87310,312.1,-59.76,-0.073199
574.04,0.0083194,0.053281,91767,88147,87437,89679,302.8,574.0,0.005348,340.2,105935,376.5,112079,339.1,6.16,0.006130,108346,333.0,22.77,0.026383,85712,311.3,58.74,0.070802,394.0,0.042545,378.8,84344,600.5,89002,376.5,60.43,0.042997,97015,323.4,45.38,0.048443,87570,311.7,25.04,0.030806,34.0,0.000000,100.0,3697329,2492.3,64314,289.2,1.08,0.000723,67689,291.3,8.46,0.006999,86984,310.7,-5.68,-0.006967,214.0,0.000000,515.2,168210,1218.7,100857,329.0,-0.00,-0.000004,101015,326.6,-6.60,-0.007266,87236,312.1,-59.47,-0.072784
575.06,0.0083342,0.053206,91628,88220,87390,89708,302.8,575.1,0.004808,340.2,106600,377.2,112313,339.3,5.43,0.005414,109121,333.7,21.74,0.025313,85623,311.2,58.66,0.070667,395.1,0.043957,373.0,84129,589.5,88898,370.6,61.59,0.044468,96704,323.1,46.99,0.050048,87508,311.6,24.15,0.029704,35.1,0.000000,100.0,3555197,2471.1,64720,289.7,1.27,0.000852,67765,291.4,9.40,0.007775,86916,310.6,-3.38,-0.004141,215.1,0.000000,100.0,165231,1213.3,100839,329.0,-0.03,-0.000030,100599,326.2,-6.19,-0.006800,87172,312.0,-59.14,-0.072340
576.08,0.0083490,0.053138,91475,88303,87371,89735,302.8,576.1,0.004184,339.6,107279,377.8,112554,339.5,4.82,0.004812,109810,334.3,20.86,0.024405,85536,311.0,58.69,0.070673,396.1,0.045443,367.6,83912,578.9,88799,365.2,62.79,0.045958,96417,322.8,48.42,0.051454,87469,311.5,23.31,0.028658,36.1,0.000000,182.2,3419693,2450.2,65165,290.2,1.40,0.000947,67825,291.5,10.36,0.008578,86868,310.5,-1.01,-0.001233,216.1,0.000000,552.0,162326,1207.9,100800,329.0,-0.07,-0.000066,100218,325.9,-5.87,-0.006432,87128,312.0,-58.80,-0.071894
577.10,0.0083638,0.053077,91312,88382,87398,89759,302.8,577.1,0.003394,339.8,107970,378.5,112867,339.8,4.22,0.004216,110441,334.9,20.10,0.023601,85462,310.8,58.88,0.070889,397.1,0.046952,362.6,83697,568.8,88707,360.2,64.05,0.047479,96153,322.6,49.67,0.052684,87480,311.4,22.52,0.027695,37.1,0.000000,321.7,3290567,2429.8,65630,290.8,1.48,0.001003,67857,291.5,11.27,0.009339,86765,310.4,1.25,0.001524,217.1,0.000000,104.5,159491,1202.5,100740,328.9,-0.12,-0.000107,99877,325.5,-5.66,-0.006188,87115,312.0,-58.43,-0.071429
578.04,0.0083774,0.053026,91155,88448,87435,89778,302.8,578.0,0.002640,340.6,108615,379.1,113249,340.1,3.64,0.003650,110986,335.4,19.45,0.022919,85398,310.6,59.20,0.071270,398.0,0.048427,358.4,83507,559.8,88634,356.0,65.25,0.048908,95930,322.4,50.70,0.053677,87531,311.4,21.80,0.026833,38.0,0.000000,212.2,3177536,2411.5,66059,291.4,1.50,0.001021,67867,291.5,12.03,0.009969,86715,310.4,3.45,0.004216,218.0,0.000000,100.0,156952,1197.6,100665,328.9,-0.16,-0.000145,99592,325.3,-5.58,-0.006084,87127,312.0,-58.08,-0.071005
579.06,0.0083921,0.052979,90978,88511,87496,89796,302.9,579.1,0.002344,340.5,109338,379.8,113639,340.5,3.21,0.003221,111555,335.9,18.77,0.022208,85333,310.4,59.72,0.071898,399.1,0.049937,354.2,83310,550.4,88570,351.7,66.64,0.050509,95708,322.2,51.69,0.054640,87614,311.4,21.01,0.025880,39.1,0.000000,100.0,3059774,2391.9,66515,292.0,1.47,0.001006,67846,291.5,12.75,0.010559,86700,310.3,5.95,0.007275,219.1,0.000000,253.1,154245,1192.4,100564,328.8,-0.20,-0.000186,99286,325.0,-5.61,-0.006104,87168,312.1,-57.66,-0.070524
580.07,0.0084069,0.052938,90806,88568,87594,89810,303.0,580.1,0.001651,340.9,110076,380.5,114136,340.9,2.75,0.002767,112103,336.3,18.13,0.021517,85277,310.1,60.50,0.072843,400.1,0.051549,350.4,83128,541.4,88524,347.9,68.08,0.052147,95504,322.0,52.59,0.055498,87721,311.4,20.19,0.024898,40.1,0.000000,265.3,2947564,2372.6,66950,292.5,1.40,0.000967,67795,291.5,13.32,0.011027,86718,310.3,8.52,0.010430,220.1,0.000000,100.0,151601,1187.2,100443,328.7,-0.25,-0.000227,98978,324.7,-5.78,-0.006279,87253,312.1,-57.23,-0.070039
581.09,0.0084216,0.052904,90653,88635,87736,89819,303.1,581.1,0.001231,341.5,110832,381.3,114670,341.3,2.35,0.002379,112629,336.8,17.50,0.020842,85244,309.9,61.56,0.074138,401.1,0.053189,347.0,82964,532.8,88496,344.3,69.56,0.053809,95316,321.9,53.40,0.056272,87857,311.5,19.35,0.023903,41.1,0.000000,214.8,2840671,2353.8,67358,293.0,1.32,0.000912,67719,291.4,13.72,0.011348,86768,310.3,11.18,0.013685,221.1,0.000000,100.0,149019,1182.0,100301,328.5,-0.29,-0.000266,98667,324.4,-6.12,-0.006630,87384,312.3,-56.78,-0.069576
582.11,0.0084363,0.052875,90515,88727,87900,89824,303.3,582.1,0.000881,342.0,111610,382.0,115224,341.8,2.02,0.002049,113128,337.2,16.89,0.020179,85239,309.7,62.81,0.075692,402.1,0.054841,343.8,82820,524.5,88482,341.1,71.05,0.055474,95138,321.7,54.14,0.056976,88020,311.6,18.51,0.022893,42.1,0.000000,100.0,2738836,2335.4,67738,293.5,1.23,0.000852,67619,291.2,13.92,0.011504,86850,310.3,13.88,0.017013,222.1,0.000000,100.0,146497,1176.9,100139,328.4,-0.33,-0.000306,98344,324.1,-6.63,-0.007166,87552,312.4,-56.36,-0.069158
583.04,0.0084498,0.052854,90388,88879,88056,89825,303.4,583.0,0.000494,342.4,112341,382.7,115773,342.3,1.72,0.001748,113558,337.6,16.34,0.019578,85255,309.6,64.06,0.077246,403.0,0.056413,341.2,82706,517.3,88479,338.5,72.41,0.056978,94981,321.6,54.77,0.057569,88186,311.6,17.70,0.021930,43.0,0.000000,148.0,2649705,2318.8,68064,293.9,1.15,0.000800,67509,291.1,13.93,0.011497,86948,310.4,16.36,0.020064,223.0,0.000000,487.8,144236,1172.2,99974,328.2,-0.37,-0.000342,98023,323.8,-7.27,-0.007833,87725,312.6,-56.03,-0.068855
584.05,0.0084645,0.052836,90250,89068,88224,89822,303.6,584.1,0.000391,342.8,113162,383.5,116322,342.7,1.48,0.001509,113994,338.0,15.75,0.018922,85289,309.4,65.45,0.078986,404.1,0.057950,338.7,82600,509.8,88480,335.8,73.85,0.058569,94810,321.4,55.41,0.058163,88372,311.7,16.78,0.020822,44.1,0.000000,177.1,2556877,2301.1,68401,294.3,1.08,0.000752,67388,291.0,13.72,0.011304,87066,310.4,19.02,0.023359,224.1,0.000000,1293.8,141824,1167.2,99775,328.0,-0.41,-0.000379,97628,323.4,-8.16,-0.008772,87928,312.8,-55.79,-0.068669
585.07,0.0084792,0.052823,90121,89265,88385,89815,303.8,585.1,0.000326,343.2,114009,384.3,116827,343.1,1.31,0.001339,114393,338.3,15.16,0.018258,85334,309.3,66.81,0.080699,405.1,0.059490,336.4,82511,502.6,88480,333.4,75.21,0.060080,94634,321.3,56.00,0.058703,88552,311.8,15.81,0.019655,45.1,0.000000,100.0,2468444,2283.8,68726,294.7,1.03,0.000720,67257,290.8,13.32,0.010962,87181,310.4,21.63,0.026601,225.1,0.000000,522.3,139467,1162.2,99560,327.8,-0.45,-0.000413,97167,323.0,-9.29,-0.009952,88138,313.0,-55.72,-0.068705
586.08,0.0084939,0.052815,90002,89474,88541,89805,303.9,586.1,0.000284,343.6,114883,385.1,117298,343.5,1.18,0.001216,114753,338.6,14.56,0.017576,85389,309.3,68.09,0.082314,406.1,0.060939,334.3,82436,495.8,88474,331.2,76.48,0.061490,94447,321.1,56.55,0.059185,88720,311.9,14.80,0.018435,46.1,0.000000,121.7,2384170,2266.9,69047,295.1,1.00,0.000706,67133,290.6,12.78,0.010506,87288,310.4,24.17,0.029767,226.1,0.000000,337.8,137163,1157.3,99332,327.6,-0.48,-0.000442,96629,322.5,-10.66,-0.011379,88347,313.2,-55.86,-0.068998
587.09,0.0085086,0.052812,89889,89666,88718,89792,304.1,587.1,0.000256,344.0,115786,385.9,117741,343.9,1.09,0.001123,115076,338.9,13.95,0.016867,85459,309.3,69.29,0.083834,407.1,0.062282,332.4,82370,489.3,88460,329.3,77.64,0.062786,94243,320.9,57.04,0.059606,88888,312.0,13.78,0.017188,47.1,0.000000,188.7,2303815,2250.3,69372,295.5,1.00,0.000709,67037,290.5,12.14,0.009966,87392,310.4,26.67,0.032876,227.1,0.000000,100.0,134911,1152.4,99094,327.4,-0.51,-0.000463,96009,321.9,-12.27,-0.013037,88559,313.4,-56.21,-0.069561
588.11,0.0085233,0.052812,89782,89831,88929,89776,304.3,588.1,0.000236,344.3,116717,386.8,118159,344.2,1.02,0.001049,115367,339.2,13.31,0.016124,85548,309.3,70.44,0.085308,408.1,0.063511,330.8,82310,483.1,88434,327.5,78.70,0.063964,94019,320.7,57.48,0.059962,89088,312.2,12.71,0.015883,48.1,0.000000,100.0,2227164,2234.0,69707,295.9,1.02,0.000725,66986,290.5,11.41,0.009361,87505,310.4,29.13,0.035968,228.1,0.000000,266.1,132709,1147.5,98850,327.2,-0.52,-0.000476,95314,321.2,-14.09,-0.014888,88786,313.6,-56.74,-0.070347
589.03,0.0085367,0.052815,89690,89948,89206,89760,304.6,589.0,0.000221,344.6,117598,387.6,118521,344.5,0.96,0.000990,115610,339.4,12.70,0.015409,85672,309.4,71.52,0.086725,409.0,0.064581,329.4,82258,477.7,88401,326.1,79.58,0.064943,93794,320.5,57.84,0.060227,89353,312.4,11.61,0.014536,49.0,0.000000,537.0,2159994,2219.4,70022,296.3,1.04,0.000741,66984,290.5,10.69,0.008769,87634,310.4,31.43,0.038862,229.0,0.000000,1303.9,130733,1143.1,98625,326.9,-0.53,-0.000483,94622,320.5,-15.89,-0.016709,89026,313.8,-57.29,-0.071166
590.05,0.0085514,0.052823,89593,90032,89574,89740,304.9,590.0,0.000208,344.9,118589,388.5,118894,344.9,0.90,0.000930,115857,339.6,12.01,0.014588,85876,309.5,72.78,0.088415,410.0,0.065552,328.0,82201,472.1,88353,324.6,80.45,0.065910,93524,320.3,58.18,0.060451,89818,312.8,9.99,0.012567,50.0,0.000000,100.0,2089908,2203.8,70371,296.7,1.05,0.000753,67030,290.5,9.89,0.008122,87832,310.4,34.07,0.042201,230.0,0.000000,318.9,128623,1138.3,98378,326.7,-0.54,-0.000486,93819,319.7,-17.97,-0.018780,89342,314.1,-57.79,-0.071983
591.06,0.0085661,0.052834,89498,90076,89979,89717,305.3,591.1,-0.000164,389.3,119607,389.4,119357,345.3,0.67,0.000694,116092,339.8,11.28,0.013720,86136,309.8,74.04,0.090155,411.1,0.066472,326.8,82143,466.8,88294,323.3,81.25,0.066785,93230,320.0,58.46,0.060610,90532,313.4,7.29,0.009213,51.1,0.000000,191.6,2022988,2188.5,70718,297.1,1.05,0.000753,67133,290.6,9.09,0.007469,88090,310.6,36.78,0.045683,231.1,0.000000,653.7,126558,1133.5,98130,326.5,-0.54,-0.000490,92981,318.9,-20.12,-0.020889,89693,314.4,-58.17,-0.072664
592.07,0.0085808,0.052848,89404,90095,90438,89694,305.8,592.1,-0.000528,389.6,120652,390.3,119831,345.7,0.37,0.000388,116326,340.0,10.50,0.012800,86453,310.0,75.31,0.091943,412.1,0.067269,325.7,82080,461.8,88240,322.2,81.96,0.067559,92912,319.7,58.71,0.060711,91550,314.4,2.77,0.003537,52.1,0.000000,100.0,1959061,2173.6,71050,297.5,1.01,0.000725,67292,290.8,8.28,0.006816,88402,310.7,39.56,0.049283,232.1,0.000000,402.9,124537,1128.8,97877,326.2,-0.55,-0.000498,92119,318.1,-22.30,-0.022995,90079,314.8,-58.38,-0.073157
593.09,0.0085955,0.052865,89307,90109,90997,89675,306.3,593.1,-0.000464,389.9,121733,391.2,120190,346.0,0.20,0.000206,116563,340.2,9.69,0.011821,86834,310.4,76.60,0.093816,413.1,0.067886,324.8,82008,457.0,88217,321.2,82.51,0.068202,92573,319.4,58.92,0.060763,92395,315.3,-4.63,-0.005941,53.1,0.000000,100.0,1897968,2158.9,71348,297.9,0.92,0.000661,67503,291.1,7.49,0.006184,88771,311.0,42.44,0.053047,233.1,0.000000,236.9,122558,1124.1,97614,326.0,-0.57,-0.000517,91244,317.2,-24.47,-0.025068,90516,315.2,-58.30,-0.073315
594.10,0.0086102,0.052886,89205,90130,91511,89663,306.8,594.1,-0.000368,390.1,122852,392.2,120464,346.3,0.12,0.000125,116808,340.4,8.82,0.010782,87195,310.9,77.73,0.095444,414.1,0.068443,324.0,81928,452.4,88204,320.4,82.97,0.068751,92215,319.1,59.09,0.060775,93286,316.2,-13.70,-0.017689,54.1,0.000000,260.5,1839558,2144.5,71596,298.2,0.78,0.000563,67754,291.4,6.77,0.005603,89115,311.3,45.24,0.056706,234.1,0.000000,100.0,120620,1119.5,97331,325.7,-0.61,-0.000551,90363,316.3,-26.62,-0.027082,90974,315.6,-57.90,-0.073090
595.12,0.0086249,0.052910,89101,90177,91968,89660,307.2,595.1,-0.000266,390.2,124010,393.2,120682,346.5,0.11,0.000114,117057,340.6,7.92,0.009688,87505,311.5,78.56,0.096622,415.1,0.068954,323.3,81841,448.1,88191,319.7,83.37,0.069234,91840,318.7,59.25,0.060755,94009,317.0,-23.48,-0.030486,55.1,0.000000,1403.2,1783687,2130.4,71779,298.4,0.60,0.000432,68036,291.8,6.15,0.005107,89395,311.7,47.88,0.060127,235.1,0.000000,357.5,118720,1114.9,97017,325.4,-0.68,-0.000606,89483,315.4,-28.72,-0.029018,91426,316.0,-57.29,-0.072574
596.05,0.0086384,0.052935,89001,90251,92280,89664,307.5,596.0,-0.000174,390.3,125108,394.2,120859,346.6,0.15,0.000154,117284,340.8,7.06,0.008647,87762,312.1,78.95,0.097220,416.0,0.069403,322.7,81755,444.3,88173,319.1,83.70,0.069629,91485,318.4,59.38,0.060712,94289,317.4,-31.74,-0.041289,56.0,0.000000,100.0,1734581,2117.7,71879,298.5,0.40,0.000290,68315,292.1,5.70,0.004747,89615,312.1,50.09,0.062975,236.0,0.000000,204.5,117012,1110.7,96690,325.1,-0.76,-0.000680,88682,314.6,-30.60,-0.030712,91789,316.3,-56.65,-0.071977
597.07,0.0086531,0.052967,88887,90354,92499,89677,307.8,597.1,-0.000091,390.4,126345,395.2,121040,346.8,0.21,0.000219,117517,341.0,6.10,0.007491,88030,312.7,79.15,0.097551,417.1,0.069813,322.2,81655,440.4,88143,318.5,84.04,0.070013,91085,318.0,59.50,0.060642,94204,317.4,-39.34,-0.051131,57.1,0.000000,100.0,1683191,2104.1,71908,298.5,0.16,0.000116,68640,292.5,5.36,0.004474,89808,312.6,52.24,0.065724,237.1,0.000000,245.8,115182,1106.1,96274,324.7,-0.89,-0.000792,87819,313.7,-32.56,-0.032460,92088,316.6,-55.99,-0.071316
598.09,0.0086679,0.053002,88769,90512,92597,89695,307.8,598.1,-0.000021,347.9,127626,396.3,121206,346.9,0.26,0.000269,117724,341.2,5.16,0.006337,88276,313.4,79.16,0.097635,418.1,0.070196,321.7,81549,436.6,88100,317.9,84.33,0.070346,90674,317.6,59.59,0.060539,93837,317.1,-45.23,-0.058600,58.1,0.000000,4124.1,1633970,2090.8,71865,298.5,-0.05,-0.000040,68982,292.9,5.17,0.004332,89956,313.0,54.14,0.068115,238.1,0.000000,100.0,113388,1101.6,95778,324.2,-1.06,-0.000939,86976,312.9,-34.43,-0.034088,92269,316.7,-55.43,-0.070714
599.11,0.0086827,0.053041,88648,90796,92590,89717,307.8,599.1,0.000028,348.0,128951,397.4,121352,347.0,0.28,0.000290,117895,341.3,4.23,0.005200,88503,314.0,78.95,0.097425,419.1,0.070528,321.2,81437,433.1,88041,317.4,84.58,0.070619,90251,317.2,59.65,0.060393,93413,316.8,-49.33,-0.063690,59.1,0.000000,100.0,1586828,2077.7,71747,298.3,-0.28,-0.000201,69344,293.3,5.13,0.004317,90053,313.5,55.76,0.070134,239.1,0.000000,100.0,111627,1097.1,95182,323.6,-1.27,-0.001123,86158,312.0,-36.19,-0.035584,92323,316.7,-54.99,-0.070182
600.04,0.0086963,0.053080,88535,91056,92527,89738,307.8,600.0,0.000057,348.0,130206,398.5,121467,347.1,0.27,0.000288,118019,341.4,3.39,0.004169,88692,314.5,78.52,0.096947,420.0,0.070790,320.8,81329,430.0,87971,317.0,84.76,0.070809,89851,316.8,59.66,0.060209,93040,316.5,-51.76,-0.066607,60.0,0.000000,292.4,1545355,2065.9,71576,298.1,-0.47,-0.000340,69690,293.8,5.19,0.004380,90071,313.7,57.01,0.071663,240.0,0.000000,268.3,110043,1093.0,94533,323.0,-1.50,-0.001323,85436,311.3,-37.68,-0.036833,92276,316.7,-54.54,-0.069594
601.07,0.0087111,0.053127,88415,91345,92410,89761,307.7,601.1,0.000011,100.0,131618,399.6,121579,347.2,0.22,0.000230,118122,341.5,2.47,0.003039,88876,315.0,77.69,0.095990,421.1,0.070988,320.4,81205,426.7,87876,316.5,84.89,0.070941,89401,316.4,59.62,0.059948,92653,316.3,-53.16,-0.068186,61.1,0.000000,19902.0,1501918,2053.3,71337,297.8,-0.65,-0.000465,70083,294.2,5.37,0.004554,90040,313.9,58.16,0.073042,241.1,0.000000,321.9,108347,1088.5,93703,322.2,-1.79,-0.001567,84686,310.5,-39.18,-0.038056,92174,316.5,-53.97,-0.068813
602.09,0.0087260,0.053178,88298,91573,92260,89784,307.5,602.1,0.000000,3105.4,133081,412.8,121643,347.3,0.13,0.000141,118200,341.6,1.52,0.001879,89039,315.3,76.35,0.094412,422.1,0.071121,320.0,81073,423.6,87760,316.1,84.95,0.070988,88940,315.9,59.52,0.059622,92288,316.0,-53.35,-0.068220,62.1,0.000000,262.4,1460299,2041.0,71061,297.5,-0.77,-0.000554,70502,294.7,5.65,0.004811,89981,314.1,59.08,0.074113,242.1,0.000000,329.4,106685,1084.1,92738,321.2,-2.10,-0.001824,83981,309.7,-40.53,-0.039131,92044,316.4,-53.37,-0.067981
603.03,0.0087396,0.053227,88196,91711,92087,89804,307.4,603.0,0.000000,148.5,134466,413.9,121655,347.3,0.05,0.000052,118254,341.6,0.63,0.000776,89187,315.5,74.74,0.092513,423.0,0.071177,319.7,80946,420.9,87636,315.8,84.94,0.070955,88507,315.5,59.37,0.059262,91920,315.8,-52.56,-0.066998,63.0,0.000000,100.0,1423669,2029.9,70792,297.2,-0.84,-0.000600,70910,295.2,5.98,0.005115,89877,314.1,59.71,0.074820,243.0,0.000000,497.1,105782,1081.4,91741,320.3,-2.39,-0.002059,83375,309.1,-41.63,-0.039990,91901,316.2,-52.82,-0.067210
604.06,0.0087545,0.053284,88103,91770,91878,89824,307.2,604.1,0.000000,513.7,136026,415.2,121627,347.2,-0.03,-0.000028,118295,341.6,-0.38,-0.000472,89348,315.6,72.62,0.090008,424.1,0.071162,319.4,80798,418.0,87482,315.4,84.85,0.070839,88022,315.0,59.14,0.058799,91497,315.4,-50.98,-0.064754,64.1,0.000000,589.8,1385288,2018.0,70503,296.8,-0.85,-0.000608,71382,295.8,6.41,0.005507,89724,314.0,60.31,0.075463,244.1,0.000000,100.0,104879,1078.7,90540,319.1,-2.69,-0.002297,82761,308.5,-42.69,-0.040793,91703,316.0,-52.16,-0.066272
605.09,0.0087694,0.053343,88046,91740,91642,89842,306.9,605.1,0.000000,445.3,137640,416.6,121560,347.2,-0.10,-0.000104,118310,341.7,-1.42,-0.001754,89505,315.7,70.14,0.087077,425.1,0.071065,319.0,80641,415.3,87306,315.0,84.70,0.070659,87531,314.6,58.84,0.058267,91054,315.1,-48.45,-0.061308,65.1,0.000000,385.3,1348478,2006.3,70233,296.5,-0.81,-0.000577,71879,296.4,6.89,0.005948,89543,313.8,60.90,0.076078,245.1,0.000000,106.2,104207,1076.5,89239,317.7,-2.96,-0.002506,82196,307.8,-43.61,-0.041464,91478,315.8,-51.45,-0.065259
606.11,0.0087843,0.053403,87992,91654,91391,89858,306.7,606.1,0.000000,100.0,139308,417.9,121458,347.1,-0.16,-0.000170,118290,341.6,-2.45,-0.003024,89649,315.6,67.32,0.083727,426.1,0.070900,318.5,80472,412.7,87113,314.7,84.53,0.070440,87038,314.1,58.48,0.057669,90664,314.7,-45.26,-0.057082,66.1,0.000000,237.7,1313169,1994.9,69999,296.2,-0.72,-0.000514,72395,297.0,7.41,0.006431,89336,313.6,61.45,0.076638,246.1,0.000000,383.2,103738,1074.8,87860,316.3,-3.20,-0.002676,81677,307.3,-44.38,-0.042009,91229,315.5,-50.69,-0.064174
607.06,0.0087979,0.053460,87953,91543,91165,89869,306.5,607.1,0.000000,100.0,140888,419.2,121340,347.0,-0.21,-0.000220,118235,341.6,-3.38,-0.004161,89770,315.5,64.47,0.080312,427.1,0.070709,318.1,80309,410.4,86923,314.3,84.35,0.070211,86581,313.6,58.08,0.057056,90375,314.5,-42.06,-0.052919,67.1,0.000000,100.0,1282059,1984.6,69827,296.0,-0.61,-0.000430,72874,297.5,7.93,0.006910,89132,313.4,61.90,0.077083,247.1,0.000000,348.9,103270,1073.1,86547,315.0,-3.38,-0.002795,81239,306.8,-44.97,-0.042401,90991,315.2,-49.94,-0.063112
608.09,0.0088129,0.053521,87933,91405,90936,89879,306.3,608.1,0.000000,167.8,142667,420.6,121189,346.9,-0.25,-0.000263,118131,341.5,-4.35,-0.005355,89897,315.4,61.11,0.076262,428.1,0.070491,317.7,80123,408.0,86701,314.0,84.14,0.069934,86077,313.1,57.58,0.056327,90114,314.3,-38.43,-0.048239,68.1,0.000000,100.0,1249438,1973.6,69695,295.9,-0.44,-0.000315,73393,298.1,8.53,0.007474,88904,313.1,62.34,0.077496,248.1,0.000000,100.0,102711,1071.2,85083,313.4,-3.53,-0.002885,80801,306.4,-45.47,-0.042707,90733,314.9,-49.05,-0.061867
609.12,0.0088278,0.053582,87946,91239,90730,89887,306.1,609.1,0.000000,167.4,144506,422.1,121021,346.7,-0.28,-0.000299,117983,341.4,-5.28,-0.006494,90029,315.2,57.53,0.071934,429.1,0.070233,317.2,79928,405.7,86465,313.7,83.91,0.069623,85577,312.6,57.02,0.055545,89905,314.2,-34.76,-0.043556,69.1,0.000000,200.5,1218153,1962.9,69629,295.8,-0.25,-0.000180,73899,298.7,9.19,0.008086,88680,312.9,62.73,0.077860,249.1,0.000000,210.1,102167,1069.3,83605,311.9,-3.64,-0.002937,80403,305.9,-45.80,-0.042872,90486,314.7,-48.06,-0.060509
610.06,0.0088414,0.053636,87980,91074,90557,89892,305.9,610.1,0.000000,100.0,146245,423.4,120853,346.6,-0.31,-0.000328,117816,341.2,-6.10,-0.007495,90154,315.1,54.08,0.067749,430.1,0.069951,316.8,79742,403.6,86234,313.4,83.67,0.069305,85129,312.1,56.46,0.054793,89766,314.1,-31.51,-0.039436,70.1,0.000000,598.3,1190590,1953.2,69631,295.8,-0.07,-0.000049,74343,299.2,9.84,0.008698,88483,312.6,63.06,0.078161,250.1,0.000000,100.0,101728,1067.6,82252,310.4,-3.70,-0.002955,80067,305.6,-45.96,-0.042889,90276,314.4,-47.02,-0.059114
611.09,0.0088564,0.053693,88032,90875,90382,89896,305.7,611.1,0.000000,254.1,148204,424.9,120653,346.4,-0.34,-0.000359,117606,341.1,-6.96,-0.008551,90290,314.9,50.16,0.062969,431.1,0.069631,316.4,79532,401.5,85968,313.1,83.38,0.068922,84655,311.7,55.81,0.053948,89654,314.0,-28.21,-0.035265,71.1,0.000000,317.0,1161680,1942.8,69687,295.9,0.11,0.000080,74798,299.8,10.62,0.009433,88278,312.3,63.39,0.078453,251.1,0.000000,687.2,101192,1065.7,80792,308.8,-3.74,-0.002947,79724,305.2,-45.96,-0.042755,90069,314.2,-45.77,-0.057454
612.03,0.0088700,0.053743,88089,90683,90235,89899,305.6,612.0,0.000000,146.7,150058,426.4,120454,346.3,-0.37,-0.000389,117398,340.9,-7.74,-0.009495,90407,314.8,46.46,0.058433,432.0,0.069271,316.1,79333,399.6,85713,312.8,83.09,0.068542,84236,311.2,55.20,0.053165,89554,313.9,-25.34,-0.031648,72.0,0.000000,402.1,1136192,1933.5,69800,296.0,0.30,0.000214,75184,300.2,11.42,0.010180,88102,312.0,63.65,0.078687,252.0,0.000000,100.0,100627,1063.8,79476,307.4,-3.75,-0.002919,79408,304.9,-45.79,-0.042481,89899,314.0,-44.54,-0.055840
613.06,0.0088850,0.053794,88159,90477,90089,89901,305.4,613.1,0.000000,158.9,152146,427.9,120218,346.1,-0.41,-0.000426,117160,340.7,-8.57,-0.010499,90525,314.6,42.37,0.053380,433.1,0.068870,315.7,79109,397.6,85422,312.4,82.74,0.068097,83798,310.8,54.53,0.052320,89446,313.8,-22.32,-0.027854,73.1,0.000000,921.2,1109438,1923.6,69993,296.2,0.51,0.000364,75570,300.6,12.39,0.011086,87928,311.7,63.89,0.078897,253.1,0.000000,100.0,100097,1061.9,78075,305.8,-3.73,-0.002868,79059,304.5,-45.46,-0.042034,89733,313.8,-43.13,-0.054006
614.09,0.0088999,0.053841,88235,90280,89958,89902,305.3,614.1,0.000000,583.9,154305,429.6,119957,345.9,-0.45,-0.000469,116915,340.5,-9.38,-0.011469,90626,314.4,38.25,0.048274,434.1,0.068410,315.3,78878,395.7,85114,312.1,82.35,0.067606,83379,310.4,53.87,0.051503,89342,313.8,-19.40,-0.024188,74.1,0.000000,968.4,1083732,1913.8,70257,296.6,0.72,0.000515,75918,301.0,13.48,0.012093,87779,311.5,64.06,0.079043,254.1,0.000000,100.0,99569,1060.0,76720,304.3,-3.68,-0.002796,78701,304.1,-44.93,-0.041411,89588,313.6,-41.67,-0.052120
615.03,0.0089135,0.053882,88325,90110,89846,89903,305.2,615.0,0.000000,100.0,156349,431.1,119694,345.7,-0.49,-0.000513,116688,340.3,-10.08,-0.012314,90703,314.2,34.48,0.043580,435.0,0.067919,315.0,78660,393.9,84817,311.7,81.95,0.067111,83011,310.0,53.29,0.050786,89252,313.7,-16.79,-0.020918,75.0,0.000000,364.7,1061047,1905.1,70561,296.9,0.91,0.000654,76208,301.4,14.57,0.013109,87659,311.2,64.16,0.079120,255.0,0.000000,100.0,99005,1058.0,75524,302.9,-3.62,-0.002716,78354,303.7,-44.26,-0.040663,89471,313.5,-40.31,-0.050369
616.06,0.0089285,0.053921,88458,89937,89735,89904,305.1,616.1,0.000000,295.1,158653,432.8,119378,345.4,-0.54,-0.000567,116438,340.1,-10.80,-0.013172,90773,314.1,30.38,0.038450,436.1,0.067378,314.6,78415,392.1,84477,311.4,81.46,0.066524,82628,309.6,52.69,0.050044,89161,313.6,-14.01,-0.017438,76.1,0.000000,387.0,1037215,1895.7,70962,297.4,1.12,0.000807,76497,301.7,15.86,0.014313,87544,311.0,64.21,0.079143,256.1,0.000000,464.5,98341,1055.8,74276,301.5,-3.52,-0.002613,77950,303.3,-43.31,-0.039647,89357,313.4,-38.80,-0.048452
617.09,0.0089434,0.053953,88664,89777,89635,89905,305.0,617.1,0.000000,100.0,161035,434.5,119031,345.1,-0.60,-0.000625,116186,339.8,-11.45,-0.013944,90837,313.9,26.27,0.033281,437.1,0.066765,314.1,78163,390.4,84123,311.0,80.92,0.065889,82261,309.2,52.12,0.049345,89076,313.5,-11.28,-0.014035,77.1,0.000000,1054.4,1014300,1886.5,71434,298.0,1.33,0.000959,76763,302.0,17.25,0.015607,87444,310.7,64.20,0.079103,257.1,0.000000,117.7,97810,1053.8,73093,300.1,-3.40,-0.002496,77516,302.8,-42.15,-0.038429,89260,313.2,-37.31,-0.046556
618.04,0.0089571,0.053975,88934,89640,89554,89905,304.9,618.0,0.000000,227.4,163291,436.1,118683,344.8,-0.66,-0.000681,115956,339.6,-11.98,-0.014563,90901,313.8,22.43,0.028446,438.0,0.066134,313.7,77925,388.9,83785,310.6,80.38,0.065267,81941,308.9,51.64,0.048747,89006,313.5,-8.82,-0.010967,78.0,0.000000,151.6,994067,1878.2,71928,298.6,1.51,0.001095,76996,302.3,18.60,0.016858,87366,310.5,64.13,0.079011,258.0,0.000000,127.3,97111,1051.5,72071,298.9,-3.27,-0.002376,77089,302.3,-40.91,-0.037152,89187,313.1,-35.98,-0.044875
619.07,0.0089720,0.053986,89301,89498,89477,89906,304.8,619.1,0.000000,298.8,165834,437.9,118271,344.5,-0.72,-0.000743,115710,339.4,-12.46,-0.015126,90988,313.7,18.09,0.022973,439.1,0.065461,313.3,77659,387.2,83404,310.2,79.75,0.064546,81609,308.5,51.15,0.048146,88937,313.4,-6.17,-0.007666,79.1,0.000000,146.3,972800,1869.4,72531,299.3,1.70,0.001237,77246,302.5,20.12,0.018282,87289,310.3,63.99,0.078825,259.1,0.000000,173.2,96447,1049.2,71030,297.7,-3.11,-0.002234,76595,301.8,-39.39,-0.035607,89121,313.1,-34.58,-0.043103
620.09,0.0089869,0.053982,89840,89364,89412,89908,304.8,620.1,0.000000,100.0,168464,439.8,117826,344.1,-0.78,-0.000805,115471,339.2,-12.84,-0.015568,91099,313.7,13.51,0.017182,440.1,0.064716,312.8,77385,385.6,83009,309.8,79.07,0.063783,81295,308.2,50.71,0.047601,88876,313.4,-3.54,-0.004393,80.1,0.000000,4662.7,952339,1860.7,73192,300.0,1.86,0.001365,77505,302.8,21.69,0.019754,87224,310.0,63.73,0.078509,260.1,0.000000,100.0,95781,1046.9,70067,296.5,-2.93,-0.002083,76073,301.2,-37.72,-0.033932,89068,313.0,-33.23,-0.041399
621.04,0.0090005,0.053956,90546,89248,89365,89910,304.7,621.0,0.000000,190.0,170955,441.5,117390,343.7,-0.84,-0.000860,115266,339.0,-13.10,-0.015861,91222,313.7,9.04,0.011515,441.0,0.063966,312.3,77128,384.2,82638,309.4,78.42,0.063054,81025,307.9,50.36,0.047157,88831,313.3,-1.14,-0.001414,81.0,0.000000,243.5,934262,1852.9,73844,300.8,1.99,0.001467,77759,303.1,23.16,0.021140,87179,309.8,63.42,0.078150,261.0,0.000000,706.5,95075,1044.6,69257,295.5,-2.74,-0.001936,75574,300.6,-36.09,-0.032309,89031,312.9,-32.03,-0.039901
622.06,0.0090154,0.053901,91350,89128,89345,89916,304.7,622.1,0.000000,196.5,173762,443.4,116887,343.3,-0.89,-0.000916,115067,338.9,-13.26,-0.016040,91383,313.8,3.88,0.004942,442.1,0.063189,311.8,76841,382.7,82226,308.9,77.67,0.062235,80748,307.6,50.03,0.046734,88700,313.2,1.22,0.001516,82.1,0.000000,309.5,915256,1844.6,74592,301.7,2.09,0.001557,78066,303.5,24.79,0.022691,87150,309.6,63.10,0.077774,262.1,0.000000,282.9,94404,1042.2,68454,294.6,-2.53,-0.001769,75013,300.0,-34.22,-0.030470,89013,312.9,-30.76,-0.038315
623.09,0.0090303,0.053817,92105,89018,89423,89927,304.8,623.1,0.000000,1117.9,176666,445.4,116358,342.9,-0.95,-0.000968,114904,338.7,-13.29,-0.016058,91026,313.5,-2.70,-0.003436,443.1,0.062362,311.3,76547,381.3,81808,308.4,76.91,0.061403,80490,307.3,49.77,0.046380,88630,313.1,3.73,0.004622,83.1,0.000000,100.0,896961,1836.5,75369,302.6,2.16,0.001622,78417,303.8,26.45,0.024286,87156,309.5,62.86,0.077506,263.1,0.000000,2586.7,93591,1039.5,67736,293.7,-2.30,-0.001597,74439,299.4,-32.28,-0.028587,89053,312.9,-29.41,-0.036641
624.11,0.0090451,0.053709,92664,88921,89413,89942,304.8,624.1,0.000000,100.0,179671,447.4,115805,342.4,-1.00,-0.001015,114773,338.6,-13.22,-0.015964,90838,313.4,-8.67,-0.011003,444.1,0.061532,310.8,76249,379.8,81389,308.0,76.15,0.060572,80248,307.1,49.57,0.046092,88540,312.9,6.13,0.007589,84.1,0.000000,100.0,879346,1828.5,76164,303.5,2.20,0.001664,78821,304.3,28.13,0.025929,87135,309.5,62.55,0.077108,264.1,0.000000,285.5,92776,1036.8,67103,292.9,-2.06,-0.001423,73858,298.7,-30.30,-0.026683,89100,313.0,-28.22,-0.035172
625.05,0.0090587,0.053597,92997,88844,89399,89959,304.8,625.1,0.000000,807.4,182518,449.2,115281,342.0,-1.04,-0.001051,114674,338.5,-13.04,-0.015730,90730,313.3,-13.76,-0.017446,445.1,0.060746,310.3,75971,378.6,81005,307.6,75.46,0.059822,80037,306.9,49.42,0.045865,88443,312.8,8.24,0.010206,85.1,0.000000,300.7,863765,1821.3,76900,304.3,2.21,0.001683,79244,304.8,29.70,0.027476,87108,309.5,62.26,0.076726,265.1,0.000000,454.9,92064,1034.4,66595,292.3,-1.84,-0.001264,73323,298.1,-28.47,-0.024936,89141,313.0,-27.29,-0.034029
626.08,0.0090736,0.053467,93157,88789,89380,89982,304.7,626.1,0.000000,242.6,185730,451.3,114695,341.5,-1.07,-0.001084,114606,338.4,-12.74,-0.015367,90640,313.3,-19.02,-0.024087,446.1,0.059982,309.8,75665,377.2,80591,307.1,74.73,0.059028,79813,306.6,49.29,0.045652,88352,312.6,10.44,0.012917,86.1,0.000000,792.5,847362,1813.7,77701,305.2,2.20,0.001684,79764,305.3,31.41,0.029199,87073,309.6,61.95,0.076288,266.1,0.000000,100.0,91249,1031.6,66119,291.7,-1.60,-0.001094,72742,297.4,-26.45,-0.023043,89173,313.0,-26.46,-0.033000
627.10,0.0090884,0.053335,93171,88763,89354,90007,304.7,627.1,0.000000,309.6,189056,453.5,114099,341.0,-1.10,-0.001107,114563,338.4,-12.35,-0.014887,90542,313.3,-23.95,-0.030306,447.1,0.059214,309.3,75357,375.9,80181,306.6,74.03,0.058266,79602,306.4,49.20,0.045486,88283,312.5,12.51,0.015469,87.1,0.000000,100.0,831549,1806.2,78499,306.1,2.17,0.001675,80344,306.0,33.11,0.030942,87029,309.7,61.63,0.075827,267.1,0.000000,100.0,90431,1028.8,65718,291.2,-1.37,-0.000930,72166,296.7,-24.45,-0.021174,89188,313.0,-25.79,-0.032168
628.04,0.0091020,0.053217,93096,88783,89325,90034,304.7,628.0,0.000000,211.0,192209,455.5,113549,340.5,-1.11,-0.001119,114544,338.4,-11.88,-0.014319,90402,313.3,-28.15,-0.035562,448.0,0.058512,308.8,75073,374.8,79812,306.2,73.42,0.057602,79426,306.2,49.18,0.045394,88239,312.4,14.29,0.017676,88.0,0.000000,1460.6,817552,1799.4,79225,306.9,2.14,0.001661,80926,306.6,34.64,0.032539,86977,309.8,61.34,0.075403,268.0,0.000000,186.0,89576,1026.0,65414,290.8,-1.16,-0.000787,71647,296.1,-22.62,-0.019490,89190,313.0,-25.29,-0.031552
629.06,0.0091168,0.053094,92958,88876,89281,90065,304.6,629.1,0.000000,1551.9,195768,457.7,112948,340.0,-1.12,-0.001124,114572,338.4,-11.24,-0.013554,90208,313.2,-32.22,-0.040636,449.1,0.057849,308.3,74765,373.5,79417,305.8,72.81,0.056917,79255,306.0,49.23,0.045372,88208,312.3,16.13,0.019946,89.1,0.000000,120.5,802805,1792.2,80011,307.8,2.10,0.001645,81615,307.3,36.26,0.034267,86908,310.0,61.08,0.074985,269.1,0.000000,464.0,88759,1023.2,65146,290.4,-0.95,-0.000640,71095,295.5,-20.65,-0.017691,89180,313.0,-24.88,-0.031036
630.08,0.0091316,0.052979,92775,88916,89225,90098,304.6,630.1,0.000000,100.0,199449,459.9,112356,339.5,-1.12,-0.001116,114643,338.4,-10.47,-0.012633,90006,313.1,-35.75,-0.044994,450.1,0.057197,307.8,74459,372.3,79032,305.4,72.24,0.056276,79108,305.9,49.37,0.045437,88188,312.3,17.85,0.022067,90.1,0.000000,100.0,788599,1785.1,80792,308.6,2.07,0.001633,82361,308.1,37.83,0.035976,86836,310.1,60.89,0.074650,270.1,0.000000,351.7,87796,1019.9,64939,290.2,-0.75,-0.000504,70562,294.9,-18.70,-0.015936,89160,313.0,-24.60,-0.030682
631.10,0.0091463,0.052873,92543,88969,89164,90133,304.5,631.1,0.000000,114.3,203260,462.3,111779,339.0,-1.10,-0.001094,114740,338.5,-9.58,-0.011558,89822,313.1,-38.80,-0.048741,451.1,0.056590,307.4,74156,371.2,78659,304.9,71.72,0.055688,78981,305.7,49.59,0.045583,88169,312.2,19.44,0.024032,91.1,0.000000,100.0,774909,1778.2,81571,309.5,2.05,0.001626,83173,309.0,39.34,0.037680,86762,310.3,60.77,0.074407,271.1,0.000000,100.0,86979,1017.1,64787,290.0,-0.57,-0.000381,70053,294.3,-16.78,-0.014226,89129,313.0,-24.44,-0.030475
632.12,0.0091611,0.052778,92279,89029,89118,90169,304.5,632.1,0.000000,100.0,207208,464.6,111226,338.5,-1.07,-0.001057,114856,338.6,-8.57,-0.010352,89667,313.1,-41.46,-0.051991,452.1,0.056050,306.9,73858,370.0,78304,304.5,71.28,0.055172,78867,305.6,49.85,0.045775,88149,312.2,20.91,0.025856,92.1,0.000000,606.8,761703,1771.4,82353,310.3,2.04,0.001627,84065,310.0,40.83,0.039406,86694,310.4,60.73,0.074266,272.1,0.000000,100.0,86021,1013.8,64683,289.8,-0.40,-0.000270,69573,293.7,-14.89,-0.012559,89095,312.9,-24.34,-0.030344
633.05,0.0091746,0.052701,92005,89085,89088,90203,304.5,633.0,0.000000,330.0,210951,466.8,110746,338.1,-1.02,-0.001009,114983,338.7,-7.57,-0.009147,89554,313.1,-43.60,-0.054605,453.0,0.055599,306.5,73591,369.0,77991,304.2,70.94,0.054753,78761,305.5,50.08,0.045947,88136,312.1,22.19,0.027433,93.0,0.000000,100.0,750007,1765.4,83078,311.1,2.04,0.001640,84961,310.9,42.20,0.041039,86646,310.6,60.80,0.074268,273.0,0.000000,159.2,85168,1010.9,64624,289.8,-0.27,-0.000181,69162,293.2,-13.17,-0.011067,89068,312.9,-24.28,-0.030260
634.06,0.0091893,0.052629,91696,89146,89055,90240,304.4,634.1,0.000000,812.5,215178,469.3,110261,337.6,-0.96,-0.000941,115144,338.9,-6.37,-0.007711,89455,313.1,-45.69,-0.057152,454.1,0.055198,306.1,73305,367.9,77662,303.8,70.63,0.054348,78631,305.4,50.29,0.046080,88124,312.1,23.49,0.029044,94.1,0.000000,313.9,737672,1758.8,83887,312.0,2.06,0.001670,86031,312.0,43.72,0.042897,86607,310.7,60.99,0.074421,274.1,0.000000,202.2,84211,1007.6,64595,289.7,-0.14,-0.000097,68747,292.7,-11.33,-0.009479,89041,312.9,-24.23,-0.030198
635.07,0.0092040,0.052569,91397,89196,89029,90278,304.4,635.1,0.000000,383.8,219560,471.8,109825,337.3,-0.87,-0.000857,115332,339.0,-5.05,-0.006123,89374,313.2,-47.58,-0.059452,455.1,0.054825,305.8,73028,366.9,77346,303.5,70.37,0.053993,78476,305.2,50.41,0.046122,88112,312.1,24.71,0.030541,95.1,0.000000,406.9,725763,1752.5,84722,312.8,2.11,0.001716,87189,313.2,45.25,0.044823,86572,310.9,61.25,0.074676,275.1,0.000000,176.9,83255,1004.3,64594,289.7,-0.04,-0.000027,68372,292.3,-9.52,-0.007934,89016,312.8,-24.20,-0.030155
636.09,0.0092187,0.052521,91118,89237,89020,90316,304.4,636.1,0.000000,187.1,224106,474.3,109444,336.9,-0.77,-0.000755,115547,339.2,-3.60,-0.004367,89310,313.2,-49.29,-0.061540,456.1,0.054496,305.4,72759,365.9,77044,303.1,70.16,0.053683,78291,305.0,50.42,0.046054,88104,312.1,25.85,0.031952,96.1,0.000000,100.0,714258,1746.2,85594,313.8,2.17,0.001783,88411,314.5,46.74,0.046757,86544,311.1,61.58,0.075008,276.1,0.000000,192.3,82302,1000.9,64617,289.8,0.05,0.000031,68036,291.8,-7.75,-0.006436,88995,312.8,-24.17,-0.030109
637.10,0.0092333,0.052483,90865,89284,89032,90354,304.4,637.1,0.000000,365.0,228824,476.9,109129,336.6,-0.65,-0.000637,115794,339.4,-2.02,-0.002458,89268,313.3,-50.85,-0.063439,457.1,0.054208,305.1,72500,364.9,76756,302.8,70.00,0.053416,78075,304.7,50.32,0.045875,88105,312.1,26.95,0.033312,97.1,0.000000,105.5,703135,1740.1,86515,314.7,2.27,0.001874,89662,315.7,48.09,0.048599,86527,311.3,61.96,0.075416,277.1,0.000000,210.3,81345,997.6,64659,289.8,0.11,0.000076,67741,291.5,-6.03,-0.004992,88981,312.8,-24.10,-0.030013
638.11,0.0092480,0.052454,90639,89353,89058,90392,304.4,638.1,0.000000,286.0,233724,479.6,108887,336.4,-0.52,-0.000502,116070,339.6,-0.35,-0.000427,89251,313.4,-52.28,-0.065189,458.1,0.053953,304.8,72250,364.0,76481,302.5,69.88,0.053190,77826,304.5,50.12,0.045586,88118,312.1,28.03,0.034650,98.1,0.000000,315.0,692380,1734.1,87499,315.7,2.39,0.001991,90901,317.0,49.23,0.050233,86526,311.5,62.39,0.075890,278.1,0.000000,100.0,80248,993.8,64709,289.9,0.15,0.000103,67485,291.2,-4.38,-0.003612,88977,312.8,-23.94,-0.029820
639.04,0.0092615,0.052435,90455,89459,89090,90426,304.5,639.0,0.000000,148.5,238385,482.1,108735,336.3,-0.38,-0.000366,116331,339.8,1.24,0.001507,89257,313.5,-53.51,-0.066710,459.0,0.053727,304.5,72030,363.2,76243,302.2,69.83,0.053027,77541,304.2,49.72,0.045102,88138,312.1,29.00,0.035857,99.0,0.000000,285.4,682826,1728.7,88466,316.7,2.52,0.002118,91992,318.1,50.01,0.051463,86537,311.6,62.79,0.076354,279.0,0.000000,743.3,79402,990.7,64762,289.9,0.18,0.000120,67281,290.9,-2.93,-0.002413,88983,312.8,-23.72,-0.029545
640.06,0.0092762,0.052421,90275,89614,89134,90462,304.5,640.1,0.000000,443.5,243665,484.9,108652,336.2,-0.21,-0.000204,116598,340.1,2.96,0.003618,89284,313.6,-54.81,-0.068321,460.1,0.053526,304.2,71799,362.3,75999,301.9,69.85,0.052925,77132,303.7,48.94,0.044233,88164,312.2,30.04,0.037153,100.1,0.000000,627.4,672721,1722.9,89599,317.9,2.67,0.002270,93095,319.2,50.49,0.052405,86561,311.8,63.23,0.076867,280.1,0.000000,176.9,78446,987.3,64823,290.0,0.19,0.000131,67092,290.7,-1.44,-0.001186,89001,312.8,-23.40,-0.029147
641.07,0.0092909,0.052413,90114,89823,89184,90498,304.5,641.1,0.000000,601.5,249155,487.7,108656,336.2,-0.04,-0.000042,116806,340.2,4.59,0.005610,89323,313.8,-56.10,-0.069917,461.1,0.053397,303.9,71580,361.4,75777,301.7,69.97,0.052909,76596,303.1,47.79,0.042971,88192,312.2,31.07,0.038427,101.1,0.000000,430.7,662941,1717.3,90813,319.1,2.83,0.002427,94123,320.2,50.75,0.053089,86592,311.9,63.64,0.077352,281.1,0.000000,408.4,77348,983.3,64883,290.1,0.20,0.000134,66934,290.5,-0.06,-0.000051,89029,312.8,-23.00,-0.028653
642.08,0.0093056,0.052411,89971,90170,89242,90533,304.6,642.1,0.000000,394.6,254866,490.7,108736,336.3,0.12,0.000113,116925,340.3,6.04,0.007390,89366,313.9,-57.36,-0.071498,462.1,0.053360,303.7,71373,360.6,75579,301.4,70.19,0.052969,75935,302.3,46.25,0.041337,88221,312.2,32.08,0.039685,102.1,0.000000,100.0,653472,1711.7,92108,320.4,2.98,0.002583,95071,321.1,50.64,0.053355,86629,312.1,64.00,0.077781,282.1,0.000000,100.0,76400,979.9,64943,290.2,0.20,0.000133,66807,290.3,1.21,0.000993,89065,312.9,-22.52,-0.028073
643.10,0.0093203,0.052414,89843,90592,89320,90566,304.7,643.1,0.000000,100.0,260806,493.6,108913,336.4,0.30,0.000292,116975,340.4,7.34,0.008989,89416,314.1,-58.59,-0.073038,463.1,0.053406,303.5,71181,359.8,75403,301.2,70.47,0.053093,75179,301.5,44.40,0.039397,88259,312.3,33.10,0.040952,103.1,0.000000,122.1,644307,1706.3,93483,321.8,3.13,0.002738,95925,321.9,50.23,0.053260,86682,312.3,64.30,0.078148,283.1,0.000000,213.3,75452,976.3,65000,290.2,0.19,0.000128,66714,290.2,2.38,0.001945,89117,312.9,-21.97,-0.027400
644.11,0.0093350,0.052422,89728,91004,89432,90599,304.8,644.1,0.000000,1392.8,266984,496.7,109183,336.7,0.48,0.000470,116990,340.4,8.51,0.010412,89480,314.2,-59.75,-0.074501,464.1,0.053516,303.3,71003,359.0,75247,301.1,70.79,0.053260,74352,300.5,42.32,0.037253,88314,312.4,34.15,0.042275,104.1,0.000000,133.7,635439,1700.9,94944,323.2,3.28,0.002899,96677,322.7,49.62,0.052907,86764,312.4,64.52,0.078454,284.1,0.000000,158.8,74503,972.8,65055,290.3,0.18,0.000124,66663,290.2,3.43,0.002809,89192,313.0,-21.33,-0.026613
645.04,0.0093485,0.052432,89637,91297,89592,90627,304.9,645.0,0.000000,100.0,272869,499.5,109508,337.0,0.64,0.000627,116922,340.3,9.42,0.011529,89567,314.4,-60.70,-0.075723,465.0,0.053661,303.2,70853,358.4,75117,300.9,71.11,0.053429,73559,299.6,40.28,0.035188,88386,312.5,35.20,0.043599,105.0,0.000000,262.7,627557,1696.1,96369,324.6,3.43,0.003065,97295,323.3,48.91,0.052386,86882,312.6,64.70,0.078744,285.0,0.000000,282.0,73519,969.1,65105,290.4,0.18,0.000122,66657,290.2,4.34,0.003547,89293,313.1,-20.61,-0.025736
646.06,0.0093632,0.052446,89555,91509,89831,90656,305.2,646.1,0.000000,420.7,279541,502.7,109943,337.4,0.81,0.000792,116759,340.2,10.23,0.012504,89723,314.6,-61.58,-0.076901,466.1,0.053816,303.1,70705,357.7,74985,300.8,71.43,0.053602,72680,298.6,38.01,0.032919,88508,312.6,36.49,0.045239,106.1,0.000000,261.0,619221,1691.0,98036,326.1,3.62,0.003278,97910,323.9,47.99,0.051632,87064,312.8,64.95,0.079158,286.1,0.000000,1154.9,72575,965.5,65160,290.4,0.18,0.000124,66687,290.2,5.31,0.004345,89458,313.3,-19.63,-0.024546
647.07,0.0093779,0.052463,89494,91615,90148,90681,305.5,647.1,0.000000,271.8,286489,505.9,110466,337.8,0.97,0.000960,116523,340.0,10.81,0.013199,89941,314.9,-62.27,-0.077887,467.1,0.053960,303.0,70571,357.0,74856,300.6,71.68,0.053727,71813,297.6,35.78,0.030724,88692,312.7,37.93,0.047100,107.1,0.000000,247.2,611147,1685.9,99841,327.9,3.85,0.003530,98469,324.4,46.95,0.050709,87304,313.0,65.26,0.079697,287.1,0.000000,100.0,71628,961.9,65221,290.5,0.20,0.000133,66764,290.3,6.28,0.005148,89690,313.5,-18.44,-0.023104
648.09,0.0093926,0.052481,89458,91644,90660,90700,306.0,648.1,0.000000,286.6,293727,509.2,111084,338.3,1.15,0.001141,116215,339.8,11.21,0.013649,90258,315.2,-62.62,-0.078511,468.1,0.054052,302.9,70450,356.3,74724,300.5,71.82,0.053761,70985,296.6,33.69,0.028694,88969,313.0,39.65,0.049358,108.1,0.000000,227.7,603328,1681.0,101797,329.7,4.09,0.003804,98982,324.9,45.79,0.049639,87645,313.3,65.70,0.080481,288.1,0.000000,411.0,70541,957.7,65292,290.6,0.23,0.000152,66890,290.4,7.26,0.005956,90030,313.8,-16.93,-0.021260
649.10,0.0094073,0.052500,89459,91630,91302,90712,306.6,649.1,0.000000,1238.7,301271,512.6,111811,339.0,1.35,0.001343,115842,339.5,11.41,0.013861,90722,315.7,-62.62,-0.078796,469.1,0.054065,302.8,70342,355.7,74582,300.3,71.78,0.053654,70225,295.7,31.85,0.026914,89377,313.3,41.75,0.052156,109.1,0.000000,100.0,595753,1676.2,103880,331.6,4.28,0.004040,99459,325.3,44.54,0.048450,88119,313.6,66.38,0.081652,289.1,0.000000,100.0,69596,954.0,65379,290.7,0.27,0.000184,67062,290.7,8.24,0.006774,90525,314.3,-14.96,-0.018859
650.03,0.0094208,0.052516,89568,91600,91881,90716,307.1,650.0,0.000000,100.0,308469,515.7,112583,339.6,1.55,0.001547,115462,339.1,11.42,0.013849,91217,316.2,-62.33,-0.078725,470.0,0.053888,302.6,70250,355.2,74435,300.2,71.59,0.053434,69607,294.9,30.44,0.025562,89821,313.6,43.85,0.055004,110.0,0.000000,100.0,589014,1671.8,105836,333.4,4.34,0.004148,99876,325.7,43.33,0.047275,88625,314.0,67.09,0.082911,290.0,0.000000,837.4,68754,950.6,65477,290.9,0.33,0.000223,67254,290.9,9.14,0.007524,91073,314.9,-12.90,-0.016336
651.05,0.0094355,0.052526,89760,91567,92379,90712,307.6,651.0,0.000000,127.1,316651,519.3,113541,340.5,1.76,0.001771,115036,338.8,11.28,0.013640,91771,316.8,-61.81,-0.078391,471.0,0.053565,302.4,70156,354.6,74266,300.0,71.27,0.053113,69037,294.2,29.27,0.024439,90290,313.9,46.11,0.058076,111.0,0.000000,156.0,581876,1667.1,107975,335.3,4.29,0.004161,100322,326.2,41.95,0.045915,89178,314.4,67.70,0.084084,291.0,0.000000,407.0,67808,946.9,65607,291.0,0.40,0.000273,67488,291.2,10.08,0.008323,91670,315.5,-10.67,-0.013581
652.07,0.0094502,0.052532,89852,91533,92695,90704,307.9,652.1,0.000000,321.4,325196,522.9,114602,341.4,1.95,0.001969,114574,338.4,10.93,0.013184,92243,317.3,-61.43,-0.078186,472.1,0.053126,302.2,70067,354.0,74077,299.8,70.80,0.052661,68579,293.7,28.51,0.023690,90657,314.1,48.07,0.060754,112.1,0.000000,100.0,574952,1662.6,110052,337.1,4.11,0.004043,100769,326.6,40.51,0.044481,89649,314.7,67.95,0.084750,292.1,0.000000,419.2,66717,942.5,65763,291.2,0.48,0.000327,67736,291.5,10.96,0.009073,92160,315.9,-8.76,-0.011188
653.09,0.0094650,0.052534,89933,91506,92845,90694,308.1,653.1,0.000000,196.7,334126,526.6,115731,342.3,2.07,0.002107,114066,338.0,10.37,0.012467,92573,317.6,-61.37,-0.078316,473.1,0.052497,301.9,69980,353.5,73845,299.5,70.06,0.051995,68221,293.2,28.13,0.023288,90887,314.2,49.64,0.062869,113.1,0.000000,243.0,568233,1658.1,112000,338.8,3.82,0.003798,101230,327.0,39.01,0.042971,90012,314.9,67.80,0.084843,293.1,0.000000,100.0,65767,938.7,65943,291.4,0.56,0.000380,67982,291.8,11.75,0.009749,92491,316.3,-7.29,-0.009331
654.11,0.0094798,0.052533,90008,91517,92874,90682,308.1,654.1,0.000000,100.0,343467,530.3,116878,343.3,2.10,0.002153,113520,337.5,9.59,0.011487,92746,317.8,-61.54,-0.078638,474.1,0.051577,301.6,69891,353.0,73557,299.2,68.96,0.051031,67940,292.9,27.97,0.023082,90982,314.2,50.82,0.064424,114.1,0.000000,351.1,561710,1653.7,113763,340.3,3.42,0.003443,101715,327.5,37.44,0.041380,90256,315.1,67.16,0.084243,294.1,0.000000,100.0,64816,934.7,66143,291.7,0.62,0.000426,68214,292.1,12.42,0.010327,92665,316.4,-6.24,-0.008000
655.04,0.0094934,0.052531,90070,91571,92833,90672,308.0,655.0,0.000000,5927.1,352406,533.9,117902,344.1,2.05,0.002116,113001,337.1,8.69,0.010376,92804,317.9,-61.87,-0.079080,475.0,0.050358,301.1,69802,352.5,73237,298.8,67.56,0.049840,67790,292.7,28.09,0.023146,90974,314.2,51.68,0.065516,115.0,0.000000,326.2,555901,1649.7,115177,341.5,3.00,0.003042,102185,327.9,35.93,0.039844,90393,315.1,66.24,0.083201,295.0,0.000000,356.7,63966,931.1,66339,291.9,0.67,0.000459,68407,292.3,12.91,0.010763,92712,316.5,-5.57,-0.007141
656.07,0.0095082,0.052525,90123,91641,92744,90663,307.9,656.1,0.000000,244.4,362579,537.8,118947,345.0,1.92,0.001990,112434,336.6,7.53,0.008956,92808,317.9,-62.54,-0.079930,476.1,0.048781,300.6,69695,352.0,72832,298.4,65.60,0.048198,67735,292.7,28.78,0.023700,90902,314.1,52.46,0.066462,116.1,0.000000,136.4,549750,1645.5,116470,342.6,2.50,0.002554,102732,328.4,34.21,0.038080,90475,315.1,65.00,0.081709,296.1,0.000000,120.4,63163,927.6,66565,292.2,0.71,0.000487,68593,292.5,13.34,0.011136,92669,316.4,-5.00,-0.006414
657.09,0.0095231,0.052518,90148,91682,92624,90655,307.8,657.1,0.000000,406.6,373216,541.9,119874,345.8,1.71,0.001785,111879,336.1,6.20,0.007350,92736,317.9,-63.33,-0.080898,477.1,0.045204,300.1,69550,351.4,72601,298.2,62.04,0.045472,67763,292.7,29.81,0.024562,90785,314.1,53.07,0.067170,117.1,0.000000,100.0,543786,1641.3,117498,343.4,1.99,0.002049,103317,329.0,32.40,0.036211,90520,315.1,63.61,0.079997,297.1,0.000000,100.0,62206,923.6,66798,292.5,0.74,0.000507,68753,292.7,13.65,0.011414,92579,316.4,-4.48,-0.005734
658.12,0.0095379,0.052511,90145,91675,92458,90649,307.7,658.1,0.000000,278.5,384343,546.0,120650,346.4,1.45,0.001516,111343,335.7,4.73,0.005586,92575,317.7,-64.08,-0.081752,478.1,0.044525,299.3,69406,350.9,71975,297.5,59.71,0.043489,67850,292.8,31.20,0.025731,90642,314.0,53.55,0.067685,118.1,0.000000,51106.6,538004,1637.2,118271,344.1,1.51,0.001562,103944,329.6,30.49,0.034221,90537,315.1,62.09,0.078105,298.1,0.000000,203.3,61247,919.4,67040,292.8,0.76,0.000525,68888,292.9,13.86,0.011610,92460,316.2,-4.06,-0.005194
659.05,0.0095515,0.052505,90129,91630,92286,90645,307.5,659.1,0.000000,423.0,394997,549.9,121211,346.8,1.17,0.001230,110871,335.3,3.27,0.003850,92406,317.6,-64.78,-0.082531,479.1,0.040488,298.7,69235,350.4,71667,297.1,56.15,0.040767,68031,293.0,32.88,0.027163,90489,313.9,53.90,0.068026,119.1,0.000000,29815.8,532857,1633.6,118776,344.5,1.11,0.001154,104562,330.1,28.63,0.032271,90528,315.1,60.62,0.076247,299.1,0.000000,100.0,60387,915.7,67271,293.1,0.79,0.000545,68995,293.0,14.00,0.011737,92319,316.1,-3.77,-0.004823
660.08,0.0095664,0.052499,90110,91551,92080,90643,307.3,660.1,0.000000,229.0,407144,554.2,121647,347.2,0.85,0.000894,110382,334.8,1.56,0.001834,92217,317.4,-65.61,-0.083469,480.1,0.038148,298.1,69028,349.9,71343,296.8,52.30,0.037838,68405,293.5,35.15,0.029155,90294,313.8,54.20,0.068292,120.1,0.000000,100.0,527406,1629.7,119135,344.8,0.74,0.000766,105288,330.8,26.47,0.029979,90493,315.1,58.94,0.074120,300.1,0.000000,100.0,59568,912.0,67539,293.4,0.83,0.000578,69100,293.2,14.11,0.011843,92128,315.9,-3.46,-0.004420
661.11,0.0095813,0.052494,90096,91451,91850,90645,307.1,661.1,0.000000,104.9,419867,558.6,121898,347.4,0.52,0.000553,109926,334.4,-0.26,-0.000308,91988,317.2,-66.39,-0.084308,481.1,0.037095,297.2,68820,349.3,70587,295.9,49.86,0.035798,68897,294.1,37.85,0.031551,90076,313.6,54.47,0.068491,121.1,0.000000,100.0,522118,1625.8,119329,345.0,0.43,0.000443,106079,331.5,24.13,0.027481,90426,315.0,57.22,0.071921,301.1,0.000000,100.0,58590,907.6,67834,293.8,0.90,0.000629,69200,293.3,14.20,0.011936,91900,315.7,-3.11,-0.003959
662.05,0.0095949,0.052490,90080,91355,91637,90648,306.9,662.0,0.000000,142.2,432064,562.7,121968,347.5,0.23,0.000243,109545,334.1,-2.05,-0.002390,91768,317.0,-67.07,-0.085027,482.0,0.033180,296.6,68594,348.8,70245,295.5,46.52,0.033280,69391,294.7,40.47,0.033908,89869,313.5,54.69,0.068637,122.0,0.000000,215.9,517396,1622.3,119391,345.0,0.20,0.000204,106869,332.2,21.83,0.024986,90347,314.9,55.63,0.069871,302.0,0.000000,1791.8,57868,904.3,68136,294.2,1.00,0.000695,69295,293.4,14.30,0.012026,91674,315.5,-2.71,-0.003454
663.08,0.0096098,0.052486,90064,91249,91414,90654,306.7,663.1,0.000000,110.1,445981,567.3,121895,347.4,-0.05,-0.000052,109177,333.8,-4.12,-0.004802,91533,316.8,-67.80,-0.085788,483.1,0.031059,296.0,68332,348.3,69924,295.2,43.13,0.030752,69930,295.3,43.27,0.036458,89645,313.4,54.91,0.068771,123.1,0.000000,284.3,512226,1618.1,119358,345.0,-0.00,-0.000003,107804,333.0,19.12,0.022027,90248,314.9,53.90,0.067643,303.1,0.000000,258.0,57044,900.4,68510,294.6,1.12,0.000787,69408,293.5,14.42,0.012146,91425,315.2,-2.19,-0.002779
664.11,0.0096247,0.052483,90054,91129,91203,90662,306.5,664.1,0.000000,100.0,460562,572.0,121672,347.2,-0.32,-0.000338,108864,333.5,-6.34,-0.007373,91299,316.6,-68.46,-0.086457,484.1,0.030227,295.3,68073,347.7,69292,294.4,41.15,0.029154,70440,295.9,45.92,0.038890,89430,313.3,55.12,0.068890,124.1,0.000000,929.7,507211,1613.9,119241,344.9,-0.16,-0.000170,108808,333.9,16.24,0.018835,90143,314.8,52.21,0.065461,304.1,0.000000,100.0,56081,896.0,68936,295.2,1.27,0.000894,69540,293.7,14.60,0.012309,91180,315.0,-1.53,-0.001943
665.05,0.0096384,0.052480,90055,91017,91020,90670,306.3,665.0,0.000000,1914.5,474542,576.4,121324,346.9,-0.58,-0.000607,108627,333.3,-8.51,-0.009878,91089,316.4,-68.97,-0.086948,485.0,0.028319,294.7,67825,347.2,68879,293.9,39.37,0.027769,70879,296.5,48.18,0.040987,89247,313.2,55.30,0.068995,125.0,0.000000,239.2,502747,1610.1,119091,344.8,-0.25,-0.000264,109773,334.8,13.50,0.015748,90046,314.7,50.71,0.063532,305.0,0.000000,100.0,55392,892.7,69371,295.7,1.40,0.000992,69687,293.9,14.81,0.012506,90955,314.8,-0.76,-0.000967
666.08,0.0096533,0.052477,90065,90899,90836,90680,306.1,666.1,0.000000,378.5,490499,581.3,120798,346.5,-0.85,-0.000890,108418,333.1,-11.02,-0.012777,90868,316.2,-69.40,-0.087322,486.1,0.026915,294.2,67551,346.7,68527,293.5,37.68,0.026485,71334,297.0,50.46,0.043128,89062,313.1,55.49,0.069109,126.1,0.000000,100.0,498017,1606.1,118896,344.6,-0.32,-0.000336,110843,335.7,10.46,0.012289,89937,314.6,49.14,0.061520,306.1,0.000000,334.3,54457,888.3,69884,296.3,1.53,0.001084,69883,294.1,15.10,0.012781,90701,314.5,0.26,0.000326
667.11,0.0096682,0.052473,90079,90777,90657,90691,305.9,667.1,0.000000,100.0,507231,586.3,120131,346.0,-1.10,-0.001154,108248,333.0,-13.68,-0.015833,90664,316.0,-69.69,-0.087544,487.1,0.025861,293.8,67278,346.1,68230,293.1,36.36,0.025477,71776,297.5,52.56,0.045120,88893,313.0,55.67,0.069225,127.1,0.000000,100.0,493425,1602.1,118677,344.4,-0.37,-0.000386,111888,336.6,7.48,0.008849,89828,314.5,47.68,0.059635,307.1,0.000000,291.6,53692,884.5,70421,297.0,1.60,0.001141,70120,294.4,15.47,0.013123,90430,314.2,1.45,0.001828
668.05,0.0096819,0.052469,90099,90667,90499,90701,305.8,668.0,0.000000,534.7,523286,591.0,119408,345.4,-1.32,-0.001372,108108,332.8,-16.20,-0.018745,90488,315.9,-69.87,-0.087630,488.0,0.025173,293.5,67032,345.7,68002,292.9,35.53,0.024833,72179,298.0,54.32,0.046819,88746,313.0,55.83,0.069317,128.0,0.000000,138.5,489333,1598.6,118462,344.2,-0.40,-0.000418,112787,337.4,4.89,0.005820,89728,314.4,46.44,0.058036,308.0,0.000000,26514.5,52888,880.6,70909,297.6,1.60,0.001147,70371,294.7,15.87,0.013495,90204,314.0,2.72,0.003427
669.08,0.0096968,0.052464,90128,90559,90332,90712,305.6,669.1,0.000000,261.9,541624,596.2,118514,344.6,-1.53,-0.001583,107951,332.7,-19.04,-0.021997,90302,315.8,-69.96,-0.087601,489.1,0.024866,293.2,66774,345.2,67816,292.6,35.16,0.024525,72623,298.5,56.06,0.048533,88590,312.9,55.98,0.069399,129.1,0.000000,100.0,484989,1594.8,118216,344.0,-0.43,-0.000442,113665,338.1,2.31,0.002763,89613,314.2,45.20,0.056446,309.1,0.000000,100.0,52148,876.8,71419,298.2,1.54,0.001109,70680,295.1,16.36,0.013958,89977,313.8,4.27,0.005357
670.11,0.0097117,0.052458,90162,90465,90169,90722,305.5,670.1,0.000000,123.2,560867,601.5,117526,343.8,-1.72,-0.001765,107765,332.5,-21.90,-0.025274,90121,315.6,-69.97,-0.087477,490.1,0.024870,292.8,66530,344.7,67670,292.5,35.41,0.024661,73077,299.0,57.61,0.050097,88435,312.8,56.11,0.069461,130.1,0.000000,184.7,480765,1591.0,117968,343.8,-0.44,-0.000451,114405,338.8,0.05,0.000061,89489,314.1,44.11,0.055027,310.1,0.000000,966.4,51417,873.0,71885,298.7,1.42,0.001028,71020,295.5,16.90,0.014468,89761,313.6,5.94,0.007446
671.05,0.0097253,0.052451,90204,90411,90025,90730,305.3,671.0,0.000000,414.6,579344,606.5,116551,343.0,-1.86,-0.001907,107545,332.3,-24.50,-0.028243,89961,315.5,-69.95,-0.087331,491.0,0.025193,292.6,66322,344.3,67577,292.3,36.14,0.025149,73508,299.5,58.84,0.051387,88296,312.7,56.22,0.069504,131.0,0.000000,584.8,476992,1587.6,117742,343.6,-0.44,-0.000450,114947,339.2,-1.70,-0.002049,89369,313.9,43.23,0.053889,311.0,0.000000,251.4,50647,869.1,72264,299.2,1.27,0.000926,71356,295.9,17.42,0.014958,89572,313.4,7.57,0.009472
672.08,0.0097403,0.052441,90273,90422,89873,90737,305.2,672.1,0.000000,366.5,600465,612.0,115428,342.0,-2.00,-0.002035,107230,332.0,-27.28,-0.031379,89793,315.3,-69.90,-0.087148,492.1,0.025881,292.4,66116,343.8,67564,292.3,37.56,0.026128,73999,300.1,59.97,0.052629,88148,312.6,56.32,0.069536,132.1,0.000000,330.2,472978,1584.0,117500,343.4,-0.43,-0.000444,115386,339.6,-3.25,-0.003928,89231,313.7,42.43,0.052835,312.1,0.000000,100.0,49787,864.7,72618,299.6,1.09,0.000799,71741,296.3,17.97,0.015498,89375,313.1,9.43,0.011780
673.11,0.0097552,0.052429,90383,90406,89728,90742,305.0,673.1,0.000000,100.0,622646,617.6,114256,341.0,-2.12,-0.002135,106819,331.6,-29.95,-0.034350,89632,315.2,-69.82,-0.086937,493.1,0.027122,292.4,65939,343.4,67615,292.4,39.62,0.027574,74512,300.7,60.88,0.053692,88005,312.5,56.41,0.069557,133.1,0.000000,982.2,469063,1580.4,117262,343.2,-0.42,-0.000437,115680,339.8,-4.45,-0.005387,89089,313.5,41.79,0.051986,313.1,0.000000,272.7,48928,860.2,72911,299.9,0.91,0.000668,72135,296.8,18.52,0.016027,89186,312.9,11.35,0.014169
674.05,0.0097688,0.052413,90524,90362,89605,90745,304.9,674.1,0.000000,145.6,643958,622.9,113152,340.1,-2.20,-0.002204,106350,331.2,-32.26,-0.036891,89489,315.1,-69.72,-0.086704,494.1,0.028786,292.5,65807,343.1,67731,292.6,42.13,0.029362,74997,301.2,61.52,0.054510,87880,312.4,56.48,0.069572,134.1,0.000000,1392.7,465558,1577.2,117047,343.1,-0.42,-0.000433,115848,340.0,-5.28,-0.006406,88958,313.4,41.35,0.051401,314.1,0.000000,300.7,48311,856.8,73131,300.2,0.76,0.000556,72496,297.2,18.97,0.016482,89020,312.7,13.17,0.016417
675.08,0.0097838,0.052390,90734,90310,89479,90745,304.8,675.1,0.000000,100.0,668325,628.8,111928,339.0,-2.27,-0.002256,105739,330.6,-34.63,-0.039442,89335,315.0,-69.55,-0.086369,495.1,0.030937,292.8,65700,342.8,67944,292.8,45.55,0.031816,75534,301.8,62.04,0.055251,87751,312.2,56.56,0.069594,135.1,0.000000,100.0,461819,1573.7,116811,342.9,-0.42,-0.000432,115947,340.1,-5.96,-0.007229,88820,313.2,41.06,0.050985,315.1,0.000000,341.1,48093,855.0,73327,300.4,0.62,0.000452,72881,297.7,19.41,0.016921,88849,312.5,15.20,0.018920
676.11,0.0097987,0.052358,91070,90250,89368,90743,304.7,676.1,0.000000,1435.2,693912,634.8,110694,338.0,-2.32,-0.002287,105031,330.0,-36.83,-0.041750,89189,314.9,-69.30,-0.085956,496.1,0.033614,293.2,65638,342.5,68226,293.2,49.48,0.034657,76070,302.4,62.41,0.055866,87631,312.1,56.64,0.069629,136.1,0.000000,184.8,458165,1570.2,116574,342.7,-0.42,-0.000434,115986,340.1,-6.45,-0.007823,88687,313.0,40.91,0.050758,316.1,0.000000,100.4,49224,858.8,73491,300.6,0.51,0.000375,73254,298.1,19.73,0.017268,88688,312.3,17.27,0.021469
677.05,0.0098123,0.052316,91474,90189,89306,90737,304.6,677.1,0.000000,21324.9,718487,640.3,109562,337.0,-2.35,-0.002301,104305,329.3,-38.70,-0.043650,89070,314.8,-69.00,-0.085495,497.1,0.036417,293.7,65622,342.3,68522,293.6,53.27,0.037426,76555,302.9,62.66,0.056351,87534,312.0,56.73,0.069698,137.1,0.000000,100.0,454886,1567.1,116354,342.5,-0.43,-0.000439,115996,340.1,-6.75,-0.008198,88571,312.8,40.86,0.050670,317.1,0.000000,569.4,51616,867.9,73625,300.8,0.45,0.000331,73577,298.5,19.89,0.017461,88554,312.1,19.21,0.023860
678.08,0.0098272,0.052255,91905,90110,89338,90727,304.6,678.1,0.000000,112.4,746557,646.5,108332,335.9,-2.37,-0.002303,103440,328.5,-40.56,-0.045484,88980,314.7,-68.52,-0.084819,498.1,0.039239,294.4,65650,342.1,68846,294.0,57.27,0.040373,77069,303.5,62.87,0.056814,87466,311.8,56.94,0.069925,138.1,0.000000,710.9,451381,1563.8,116111,342.3,-0.44,-0.000446,115983,340.1,-6.92,-0.008393,88481,312.6,40.97,0.050786,318.1,0.000000,100.0,55619,883.7,73771,300.9,0.43,0.000317,73916,298.9,19.90,0.017530,88450,312.0,21.47,0.026651
679.11,0.0098421,0.052181,92236,90015,89349,90711,304.6,679.1,0.000000,747.0,776009,652.8,107111,334.8,-2.39,-0.002299,102508,327.7,-42.25,-0.047072,88931,314.7,-67.85,-0.083950,499.1,0.041986,295.2,65721,341.9,69175,294.4,60.97,0.043125,77559,304.0,63.05,0.057235,87435,311.7,57.24,0.070301,139.1,0.000000,100.0,447946,1560.5,115863,342.1,-0.45,-0.000455,115943,340.0,-6.90,-0.008373,88433,312.4,41.22,0.051095,319.1,0.000000,520.2,60259,901.3,73930,301.1,0.45,0.000335,74249,299.3,19.76,0.017456,88389,311.8,23.85,0.029602
680.05,0.0098557,0.052104,92424,89919,89312,90692,304.6,680.0,0.000000,189.7,804281,658.7,106000,333.8,-2.40,-0.002292,101605,326.8,-43.64,-0.048314,88889,314.7,-67.16,-0.083061,500.0,0.044416,295.8,65822,341.9,69491,294.8,64.07,0.045463,77977,304.5,63.19,0.057588,87406,311.5,57.50,0.070632,140.0,0.000000,390.2,444853,1557.5,115632,341.9,-0.45,-0.000462,115889,340.0,-6.81,-0.008260,88396,312.2,41.45,0.051386,320.0,0.000000,100.0,64972,918.3,74099,301.3,0.51,0.000379,74547,299.6,19.47,0.017253,88333,311.6,25.98,0.032239
681.07,0.0098706,0.052017,92525,89810,89270,90668,304.6,681.1,0.000000,455.7,836575,665.2,104796,332.7,-2.41,-0.002286,100577,325.9,-44.98,-0.049442,88840,314.7,-66.35,-0.082011,501.1,0.046647,296.6,65969,341.8,69852,295.2,67.12,0.047801,78399,304.9,63.34,0.057953,87365,311.4,57.76,0.070960,141.1,0.000000,100.0,441534,1554.2,115377,341.7,-0.46,-0.000468,115810,339.9,-6.60,-0.007996,88350,312.0,41.69,0.051692,321.1,0.000000,100.0,70330,936.1,74324,301.6,0.62,0.000457,74868,300.0,19.00,0.016888,88260,311.5,28.21,0.035002
682.10,0.0098854,0.051928,92546,89703,89223,90639,304.5,682.1,0.000000,498.3,870446,671.8,103596,331.6,-2.43,-0.002285,99513,324.9,-46.15,-0.050340,88791,314.7,-65.48,-0.080901,502.1,0.048767,297.4,66151,341.8,70231,295.7,69.82,0.049918,78777,305.3,63.49,0.058299,87316,311.2,58.00,0.071263,142.1,0.000000,225.3,438266,1551.0,115120,341.4,-0.47,-0.000474,115724,339.8,-6.29,-0.007622,88301,311.8,41.91,0.051981,322.1,0.000000,100.0,76144,954.1,74603,301.9,0.76,0.000562,75185,300.3,18.39,0.016395,88178,311.2,30.35,0.037655
683.03,0.0098990,0.051848,92521,89613,89177,90609,304.5,683.0,0.000000,100.0,902936,678.0,102497,330.6,-2.45,-0.002290,98516,323.9,-47.06,-0.050973,88749,314.7,-64.67,-0.079871,503.0,0.050607,298.1,66347,341.8,70592,296.1,72.01,0.051672,79078,305.6,63.72,0.058675,87265,311.0,58.21,0.071521,143.0,0.000000,205.1,435308,1548.1,114882,341.2,-0.47,-0.000478,115645,339.8,-5.97,-0.007231,88256,311.6,42.10,0.052216,323.0,0.000026,303.0,81445,969.2,74903,302.2,0.91,0.000678,75472,300.7,17.74,0.015856,88093,311.0,32.25,0.039992
684.06,0.0099139,0.051763,92470,89543,89112,90572,304.4,684.1,0.000000,208.6,940014,684.8,101293,329.5,-2.49,-0.002306,97413,322.9,-47.90,-0.051469,88698,314.6,-63.78,-0.078735,504.1,0.052267,298.8,66588,341.8,70998,296.6,74.12,0.053396,79363,305.9,64.14,0.059219,87202,310.8,58.42,0.071776,144.1,0.000000,180.7,432119,1544.9,114624,341.0,-0.47,-0.000479,115567,339.7,-5.60,-0.006783,88209,311.4,42.25,0.052406,324.1,0.000162,303.6,87375,984.7,75245,302.6,1.12,0.000836,75777,301.0,16.96,0.015207,87988,310.8,34.23,0.042436
685.08,0.0099287,0.051682,92393,89480,89028,90532,304.3,685.1,0.000000,296.5,978864,691.7,100079,328.4,-2.54,-0.002331,96305,321.8,-48.58,-0.051778,88634,314.6,-62.90,-0.077594,505.1,0.053822,299.6,66858,341.9,71414,297.1,75.93,0.054933,79609,306.1,64.66,0.059839,87128,310.6,58.60,0.071986,145.1,0.000000,100.0,428964,1541.7,114368,340.8,-0.47,-0.000476,115494,339.6,-5.24,-0.006335,88168,311.2,42.29,0.052465,325.1,0.000190,304.2,93126,998.6,75663,303.1,1.35,0.001014,76067,301.4,16.17,0.014534,87868,310.5,36.12,0.044753
686.10,0.0099435,0.051605,92279,89400,88930,90488,304.2,686.1,0.000000,134.7,1019550,698.7,98850,327.2,-2.60,-0.002366,95200,320.7,-49.11,-0.051917,88556,314.5,-62.02,-0.076464,506.1,0.055206,300.3,67153,342.1,71839,297.7,77.49,0.056295,79817,306.3,65.28,0.060528,87042,310.3,58.75,0.072148,146.1,0.000000,333.7,425838,1538.6,114115,340.6,-0.47,-0.000470,115429,339.6,-4.86,-0.005879,88126,311.0,42.21,0.052372,326.1,0.000203,304.7,98606,1010.7,76154,303.7,1.56,0.001180,76338,301.7,15.39,0.013872,87730,310.2,37.91,0.046943
687.04,0.0099570,0.051539,92167,89328,88837,90445,304.1,687.0,0.000000,1022.3,1058513,705.2,97707,326.1,-2.67,-0.002405,94196,319.8,-49.48,-0.051910,88474,314.4,-61.23,-0.075429,507.0,0.056385,300.9,67444,342.2,72233,298.2,78.71,0.057403,80010,306.5,65.97,0.061275,86955,310.1,58.86,0.072262,147.0,0.000000,4229.0,422992,1535.7,113889,340.4,-0.46,-0.000462,115386,339.5,-4.49,-0.005425,88076,310.8,41.99,0.052106,327.0,0.000187,305.1,103292,1020.3,76662,304.3,1.71,0.001296,76565,301.9,14.73,0.013302,87593,310.0,39.48,0.048851
688.06,0.0099718,0.051473,92034,89253,88742,90396,304.0,688.1,0.000000,341.2,1102887,712.3,96441,324.9,-2.74,-0.002452,93118,318.7,-49.75,-0.051771,88380,314.4,-60.34,-0.074271,508.1,0.057428,301.6,67782,342.4,72669,298.7,79.84,0.058471,80238,306.7,66.94,0.062313,86856,309.9,58.98,0.072372,148.1,0.000000,2907.6,419906,1532.5,113651,340.2,-0.44,-0.000447,115364,339.5,-4.03,-0.004876,88024,310.6,41.61,0.051631,328.1,0.000131,305.6,108118,1029.6,77264,304.9,1.78,0.001360,76786,302.2,14.09,0.012750,87437,309.7,41.13,0.050854
689.08,0.0099866,0.051413,91877,89180,88651,90344,303.9,689.1,0.000000,194.0,1149242,719.6,95154,323.7,-2.83,-0.002501,92064,317.7,-49.91,-0.051512,88287,314.3,-59.41,-0.073072,509.1,0.058386,302.3,68140,342.6,73109,299.2,80.77,0.059403,80495,307.0,68.27,0.063700,86757,309.7,59.09,0.072482,149.1,0.000000,109.9,416832,1529.4,113427,340.0,-0.42,-0.000423,115362,339.5,-3.51,-0.004247,87989,310.4,41.09,0.051005,329.1,0.000024,934.9,112067,1036.5,77901,305.7,1.74,0.001332,76981,302.4,13.56,0.012294,87282,309.4,42.74,0.052793
690.09,0.0100014,0.051360,91712,89110,88564,90289,303.9,690.1,0.000000,335.1,1197587,726.9,93849,322.4,-2.91,-0.002549,91039,316.6,-49.95,-0.051148,88198,314.2,-58.45,-0.071843,510.1,0.059220,303.0,68517,342.8,73550,299.7,81.52,0.060208,80791,307.3,70.03,0.065523,86658,309.5,59.21,0.072596,150.1,0.000000,100.0,413767,1526.2,113224,339.8,-0.39,-0.000388,115416,339.6,-2.89,-0.003491,87979,310.2,40.43,0.050207,330.1,-0.000058,934.0,115727,1042.6,78550,306.5,1.55,0.001195,77161,302.6,13.16,0.011951,87129,309.1,44.29,0.054665
691.11,0.0100161,0.051313,91550,89037,88488,90232,303.8,691.1,0.000000,184.1,1247962,734.2,92529,321.1,-2.99,-0.002592,90044,315.6,-49.90,-0.050695,88116,314.1,-57.46,-0.070584,511.1,0.059937,303.6,68910,343.0,73992,300.3,82.09,0.060890,81131,307.6,72.22,0.067783,86563,309.3,59.34,0.072722,151.1,0.000000,100.0,410705,1523.1,113049,339.7,-0.34,-0.000340,115542,339.7,-2.10,-0.002543,87990,310.1,39.60,0.049199,331.1,-0.000146,933.3,118894,1047.3,79202,307.4,1.23,0.000953,77340,302.8,12.91,0.011744,86981,308.8,45.79,0.056475
692.04,0.0100296,0.051276,91404,88972,88432,90178,303.7,692.0,0.000000,100.0,1295996,742.1,91310,319.9,-3.05,-0.002624,89160,314.7,-49.78,-0.050214,88051,314.0,-56.53,-0.069404,512.0,0.058069,304.2,69261,343.3,74787,301.3,81.24,0.060697,81465,307.9,74.51,0.070143,86481,309.1,59.47,0.072860,152.0,0.000000,427.2,407902,1520.2,112919,339.6,-0.28,-0.000285,115723,339.8,-1.23,-0.001490,88021,310.0,38.66,0.048072,332.0,-0.000257,932.7,121406,1050.7,79789,308.3,0.81,0.000632,77529,303.0,12.88,0.011733,86855,308.6,47.14,0.058088
693.06,0.0100443,0.051242,91242,88908,88386,90117,303.7,693.1,0.000000,100.0,1351127,750.0,89975,318.5,-3.12,-0.002649,88227,313.8,-49.56,-0.049626,87996,313.9,-55.48,-0.068093,513.1,0.060778,304.8,69681,343.6,75108,301.7,82.05,0.061492,81824,308.3,77.13,0.072849,86401,308.9,59.63,0.073043,153.1,0.000000,573.8,404844,1517.0,112813,339.5,-0.22,-0.000216,115979,340.0,-0.15,-0.000183,88080,309.9,37.45,0.046610,333.1,-0.000396,932.2,123703,1053.4,80408,309.6,0.22,0.000174,77769,303.3,12.96,0.011838,86730,308.4,48.56,0.059800
694.07,0.0100590,0.051214,91087,88865,88354,90055,303.7,694.1,0.000000,369.1,1410345,759.0,88642,317.2,-3.17,-0.002663,87329,312.9,-49.27,-0.048972,87959,313.9,-54.42,-0.066777,514.1,0.058853,305.6,70089,343.8,75971,302.7,80.85,0.061068,82135,308.6,79.70,0.075484,86330,308.7,59.83,0.073264,154.1,0.000000,177.2,401787,1513.8,112748,339.4,-0.14,-0.000143,116259,340.3,0.99,0.001203,88165,309.8,36.03,0.044887,334.1,-0.000572,931.8,125471,1054.9,80998,310.9,-0.49,-0.000388,78057,303.6,13.29,0.012168,86621,308.1,49.93,0.061460
695.09,0.0100737,0.051192,90925,88848,88338,89991,303.6,695.1,0.000000,2759.2,1475048,769.8,87317,315.8,-3.20,-0.002664,86451,312.0,-48.91,-0.048262,87940,313.8,-53.37,-0.065474,515.1,0.061243,306.2,70532,344.2,76231,303.0,81.49,0.061703,82349,308.8,82.06,0.077877,86270,308.5,60.05,0.073524,155.1,0.000000,100.0,398726,1510.6,112719,339.4,-0.07,-0.000073,116515,340.5,2.08,0.002534,88275,309.8,34.38,0.042892,335.1,-0.000779,931.6,126953,1055.8,81558,312.6,-1.33,-0.001045,78435,304.0,13.92,0.012791,86526,308.0,51.26,0.063063
696.10,0.0100884,0.051177,90754,88860,88337,89926,303.6,696.1,0.000000,1224.6,1546765,782.8,86006,314.5,-3.22,-0.002653,85596,311.1,-48.49,-0.047511,87939,313.8,-52.32,-0.064196,516.1,0.059003,306.9,70960,344.5,77070,304.1,80.19,0.061182,82473,308.9,84.17,0.079973,86221,308.3,60.29,0.073827,156.1,0.000000,317.3,395653,1507.4,112724,339.4,-0.01,-0.000010,116712,340.7,3.04,0.003704,88407,309.8,32.51,0.040627,336.1,-0.001018,931.3,127305,1054.5,82088,314.5,-2.28,-0.001789,78942,304.6,14.91,0.013759,86448,307.8,52.54,0.064611
697.11,0.0101030,0.051168,90578,88930,88352,89861,303.7,697.1,0.000000,100.0,1627091,798.8,84716,313.1,-3.23,-0.002629,84770,310.2,-48.03,-0.046738,87955,313.8,-51.30,-0.062953,517.1,0.061303,307.5,71422,344.8,77329,304.4,80.77,0.061769,82515,308.9,85.97,0.081725,86183,308.2,60.57,0.074174,157.1,0.000000,600.5,392566,1504.2,112753,339.4,0.04,0.000041,116827,340.7,3.82,0.004657,88556,309.8,30.45,0.038111,337.1,-0.001286,931.2,127759,1053.3,82589,316.7,-3.32,-0.002607,79578,305.3,16.24,0.015076,86385,307.7,53.77,0.066104
698.04,0.0101165,0.051166,90412,89063,88379,89801,303.7,698.0,0.000000,349.2,1709696,816.6,83556,311.9,-3.22,-0.002596,84034,309.5,-47.56,-0.045994,87989,313.8,-50.39,-0.061854,518.0,0.058789,308.1,71828,345.1,78147,305.4,79.43,0.061187,82499,308.8,87.34,0.083024,86159,308.0,60.86,0.074529,158.0,0.000000,100.0,389728,1501.2,112800,339.5,0.08,0.000083,116870,340.8,4.40,0.005364,88702,309.8,28.41,0.035612,338.0,-0.001571,931.2,127313,1050.6,83026,319.0,-4.36,-0.003413,80244,306.0,17.66,0.016488,86341,307.5,54.85,0.067420
699.04,0.0101311,0.051170,90228,89232,88431,89736,303.7,699.0,0.000000,656.8,1811209,839.7,82322,310.5,-3.19,-0.002549,83248,308.6,-46.98,-0.045123,88056,313.9,-49.43,-0.060721,519.0,0.061262,308.7,72308,345.5,78435,305.7,80.04,0.061826,82439,308.7,88.52,0.084114,86144,307.9,61.21,0.074975,159.0,0.000000,547.6,386625,1497.9,112873,339.5,0.13,0.000126,116872,340.8,4.84,0.005902,88865,309.9,26.06,0.032726,339.0,-0.001881,931.2,126379,1046.7,83484,322.0,-5.56,-0.004343,81009,306.8,19.20,0.018053,86310,307.5,55.98,0.068805
700.05,0.0101457,0.051180,90042,89369,88517,89670,303.8,700.1,0.000000,775.6,1926306,867.3,81124,309.3,-3.16,-0.002492,82480,307.8,-46.30,-0.044182,88153,313.9,-48.54,-0.059675,520.1,0.059030,309.6,72772,345.9,79289,306.7,78.97,0.061460,82346,308.6,89.38,0.084878,86148,307.8,61.65,0.075544,160.1,0.000000,100.0,383516,1494.6,112967,339.6,0.17,0.000168,116758,340.7,5.06,0.006172,89032,309.9,23.65,0.029748,340.1,-0.002240,930.5,127100,1045.9,83934,325.4,-6.86,-0.005328,81768,307.7,20.53,0.019433,86300,307.4,57.08,0.070159
701.06,0.0101603,0.051197,89856,89449,88644,89604,304.0,701.1,0.000000,227.2,2056640,899.8,79964,308.0,-3.10,-0.002427,81732,307.0,-45.53,-0.043162,88280,314.0,-47.69,-0.058696,521.1,0.061447,310.2,73273,346.3,79704,307.1,79.83,0.062364,82231,308.4,89.96,0.085360,86177,307.8,62.20,0.076247,161.1,0.000000,1084.8,380399,1491.3,113085,339.7,0.21,0.000211,116559,340.5,5.14,0.006263,89208,310.0,21.24,0.026765,341.1,-0.002646,930.2,126973,1043.5,84393,329.5,-8.26,-0.006373,82491,308.4,21.50,0.020479,86321,307.4,58.16,0.071506
702.07,0.0101749,0.051221,89670,89488,88813,89539,304.1,702.1,0.000000,100.0,2203749,937.4,78848,306.7,-3.04,-0.002352,81007,306.3,-44.64,-0.042052,88443,314.2,-46.87,-0.057769,522.1,0.059453,311.0,73762,346.7,80652,308.2,79.27,0.062439,82106,308.2,90.32,0.085614,86235,307.8,62.84,0.077088,162.1,0.000000,149.7,377268,1487.9,113232,339.8,0.26,0.000266,116315,340.3,5.12,0.006230,89397,310.1,18.89,0.023848,342.1,-0.003085,930.0,126406,1040.2,84868,334.1,-9.76,-0.007459,83157,309.2,22.07,0.021140,86379,307.4,59.21,0.072848
703.07,0.0101895,0.051251,89483,89497,89067,89472,304.4,703.1,0.000000,190.7,2368986,980.3,77778,305.6,-2.96,-0.002268,80311,305.5,-43.62,-0.040839,88656,314.4,-46.05,-0.056865,523.1,0.060003,312.1,74268,347.1,81792,309.5,78.67,0.062577,81984,308.0,90.47,0.085684,86332,307.8,63.60,0.078107,163.1,0.000000,260.7,374118,1484.6,113424,340.0,0.34,0.000346,116008,340.1,4.92,0.005967,89613,310.2,16.67,0.021080,343.1,-0.003559,929.9,125530,1036.3,85369,339.6,-11.33,-0.008577,83755,309.8,22.23,0.021407,86482,307.5,60.29,0.074246
704.08,0.0102040,0.051287,89295,89492,89428,89404,304.7,704.1,0.000000,100.0,2553417,1028.7,76758,304.4,-2.87,-0.002177,79649,304.8,-42.45,-0.039508,88952,314.6,-45.17,-0.055916,524.1,0.063110,313.0,74820,347.6,82342,310.1,80.49,0.064338,81879,307.9,90.44,0.085587,86510,307.9,64.55,0.079404,164.1,0.000000,231.4,370950,1481.2,113689,340.2,0.47,0.000472,115627,339.8,4.50,0.005451,89883,310.4,14.66,0.018589,344.1,-0.004070,929.9,124539,1032.1,85907,345.9,-12.99,-0.009717,84322,310.4,22.06,0.021339,86664,307.7,61.50,0.075850
705.09,0.0102186,0.051330,89126,89488,89817,89334,305.1,705.1,0.000000,422.3,2757804,1082.6,75788,303.3,-2.76,-0.002080,79025,304.1,-41.11,-0.038045,89330,314.9,-44.27,-0.054976,525.1,0.061730,314.2,75368,348.0,83573,311.4,80.35,0.064903,81810,307.8,90.31,0.085422,86750,308.1,65.67,0.080955,165.1,0.000000,100.0,367062,1477.1,114059,340.5,0.65,0.000657,115197,339.4,3.91,0.004719,90208,310.7,12.88,0.016369,345.1,-0.004619,930.2,122982,1026.8,86496,353.1,-14.74,-0.010868,84847,311.0,21.54,0.020935,86915,307.9,62.78,0.077603
706.09,0.0102332,0.051378,89008,89489,90139,89262,305.4,706.1,0.000000,857.1,2982487,1141.9,74871,302.2,-2.65,-0.001979,78443,303.5,-39.59,-0.036445,89735,315.3,-43.53,-0.054251,526.1,0.065219,315.4,75967,348.5,84233,312.1,81.97,0.066584,81784,307.7,90.11,0.085223,86998,308.3,66.83,0.082565,166.1,0.000000,100.0,362935,1472.9,114560,341.0,0.88,0.000891,114734,339.0,3.22,0.003873,90556,311.0,11.14,0.014205,346.1,-0.005196,930.5,122115,1022.7,87150,361.4,-16.53,-0.012000,85332,311.5,20.74,0.020231,87183,308.1,64.00,0.079290
707.10,0.0102478,0.051429,88901,89492,90365,89190,305.7,707.1,0.000000,190.0,3227316,1206.4,74005,301.2,-2.54,-0.001876,77904,302.9,-37.89,-0.034709,90101,315.6,-43.17,-0.053958,527.1,0.063546,316.5,76561,349.1,85414,313.4,81.75,0.067061,81796,307.7,89.80,0.084939,87211,308.5,67.87,0.083995,167.1,0.000000,100.0,358738,1468.5,115195,341.5,1.12,0.001137,114270,338.6,2.45,0.002945,90886,311.3,9.24,0.011819,347.1,-0.005856,930.5,122768,1021.6,87926,371.0,-18.42,-0.013141,85785,311.9,19.69,0.019284,87421,308.4,65.02,0.080701
708.11,0.0102625,0.051483,88757,89509,90524,89118,305.8,708.1,0.000000,194.8,3491625,1275.7,73189,300.3,-2.42,-0.001775,77407,302.4,-36.03,-0.032850,90397,315.8,-43.25,-0.054196,528.1,0.064316,317.8,77177,349.6,86591,314.7,81.13,0.067193,81839,307.7,89.27,0.084489,87370,308.7,68.73,0.085162,168.1,0.000000,137.7,354484,1464.1,115936,342.1,1.31,0.001341,113817,338.2,1.64,0.001963,91191,311.5,7.03,0.009014,348.1,-0.006591,930.8,123657,1020.9,88876,382.1,-20.39,-0.014280,86217,312.4,18.48,0.018160,87612,308.6,65.78,0.081763
709.04,0.0102759,0.051538,88616,89543,90635,89055,305.9,709.0,0.000000,339.3,3749993,1343.2,72483,299.5,-2.31,-0.001685,76982,301.9,-34.20,-0.031058,90627,316.0,-43.77,-0.054961,529.0,0.064394,318.6,77753,350.1,87715,315.9,80.16,0.066994,81919,307.7,88.67,0.083990,87470,308.9,69.39,0.086034,169.0,0.000000,183.3,350532,1459.9,116651,342.7,1.40,0.001432,113416,337.9,0.87,0.001036,91455,311.8,4.63,0.005946,349.0,-0.007354,931.7,124503,1020.4,89934,393.8,-22.25,-0.015299,86605,312.8,17.26,0.017023,87745,308.8,66.28,0.082451
710.05,0.0102905,0.051602,88463,89612,90770,88991,306.1,710.0,0.000000,364.5,4047672,1420.6,71755,298.6,-2.20,-0.001592,76547,301.4,-32.10,-0.029036,90830,316.2,-44.74,-0.056276,530.0,0.067425,319.5,78428,350.7,88091,316.3,81.08,0.067975,82046,307.8,87.88,0.083347,87545,309.0,70.03,0.086865,170.0,0.000000,100.0,346164,1455.3,117396,343.3,1.36,0.001401,112992,337.5,0.00,0.000005,91706,312.0,1.38,0.001773,350.0,-0.008152,933.5,124999,1019.0,91309,408.3,-24.30,-0.016361,87028,313.2,15.90,0.015730,87863,309.0,66.65,0.082976
711.06,0.0103052,0.051671,88310,89703,90904,88933,306.2,711.1,0.000000,286.7,4359499,1501.4,71069,297.8,-2.09,-0.001504,76131,300.9,-29.95,-0.026981,91046,316.4,-46.03,-0.057998,531.1,0.064714,320.3,79086,351.3,89044,317.3,79.89,0.067485,82218,308.0,87.00,0.082645,87606,309.3,70.69,0.087685,171.1,0.000000,213.2,341742,1450.6,118047,343.9,1.21,0.001253,112586,337.2,-0.88,-0.001047,91838,312.2,-2.86,-0.003687,351.1,-0.009008,936.1,125077,1017.0,92911,424.8,-26.36,-0.017355,87462,313.7,14.54,0.014435,87967,309.3,66.92,0.083349
712.07,0.0103199,0.051744,88154,89785,91046,88883,306.3,712.1,0.000000,180.1,4682446,1584.9,70422,297.0,-1.99,-0.001422,75724,300.5,-27.78,-0.024934,91260,316.5,-47.64,-0.060149,532.1,0.064232,321.1,79752,351.9,89913,318.2,78.41,0.066687,82420,308.2,86.03,0.081871,87658,309.5,71.34,0.088476,172.1,0.000000,994.5,337275,1445.8,118567,344.3,0.99,0.001026,112198,336.8,-1.79,-0.002118,92089,312.4,-7.66,-0.009885,352.1,-0.009878,939.4,124633,1013.9,94717,443.2,-28.42,-0.018286,87918,314.1,13.22,0.013177,88063,309.5,67.06,0.083552
713.09,0.0103346,0.051823,87989,89840,91198,88841,306.5,713.1,0.000000,234.8,5013073,1670.4,69810,296.3,-1.90,-0.001344,75315,300.0,-25.66,-0.022937,91459,316.7,-49.48,-0.062575,533.1,0.063450,321.8,80422,352.5,90698,319.1,76.73,0.065654,82646,308.4,84.96,0.081027,87712,309.8,72.00,0.089263,173.1,0.000000,423.8,332786,1441.0,118939,344.6,0.73,0.000761,111824,336.5,-2.70,-0.003198,92419,312.8,-13.24,-0.017133,353.1,-0.010753,943.4,123558,1009.7,96685,463.6,-30.51,-0.019157,88405,314.6,11.97,0.011974,88163,309.8,67.14,0.083662
714.11,0.0103494,0.051907,87818,89877,91368,88810,306.7,714.1,0.000000,142.2,5347528,1757.2,69233,295.6,-1.80,-0.001271,74892,299.6,-23.62,-0.021029,91636,316.8,-51.39,-0.065090,534.1,0.062452,322.4,81094,353.1,91419,319.8,74.89,0.064434,82901,308.6,83.84,0.080141,87768,310.1,72.66,0.090042,174.1,0.000000,100.0,328275,1436.1,119157,344.8,0.46,0.000478,111463,336.2,-3.63,-0.004277,92773,313.2,-19.61,-0.025428,354.1,-0.011624,947.9,121873,1004.4,98754,485.9,-32.63,-0.019967,88930,315.2,10.78,0.010830,88265,310.1,67.19,0.083728
715.04,0.0103629,0.051989,87659,89909,91531,88790,306.8,715.0,0.000000,640.8,5653810,1837.2,68733,295.0,-1.72,-0.001205,74486,299.1,-21.86,-0.019387,91780,316.8,-53.09,-0.067335,535.0,0.061112,322.9,81707,353.7,92072,320.5,72.99,0.063119,83153,308.9,82.76,0.079283,87823,310.5,73.28,0.090751,175.0,0.000000,344.9,324124,1431.5,119215,344.9,0.20,0.000206,111145,335.9,-4.47,-0.005262,93073,313.6,-25.91,-0.033677,355.0,-0.012443,952.2,119793,998.6,100678,508.0,-34.61,-0.020651,89450,315.7,9.74,0.009833,88362,310.5,67.23,0.083765
716.06,0.0103777,0.052083,87493,89962,91681,88780,307.0,716.1,0.000000,305.6,5983380,1924.4,68221,294.3,-1.62,-0.001132,74017,298.6,-20.09,-0.017736,91898,316.9,-54.78,-0.069558,536.1,0.060093,323.4,82378,354.3,92682,321.1,71.05,0.061730,83459,309.2,81.56,0.078349,87881,311.0,73.94,0.091494,176.1,0.000000,127.7,319579,1426.5,119147,344.8,-0.05,-0.000055,110818,335.7,-5.39,-0.006335,93276,313.9,-32.81,-0.042693,356.1,-0.013234,957.1,116944,991.2,102730,533.7,-36.80,-0.021323,90063,316.3,8.68,0.008797,88467,311.0,67.24,0.083760
717.08,0.0103925,0.052182,87334,90052,91791,88780,307.1,717.1,0.000000,100.0,6303702,2010.8,67748,293.7,-1.52,-0.001052,73521,298.0,-18.49,-0.016244,91969,316.9,-56.26,-0.071496,537.1,0.058717,323.8,83046,354.9,93257,321.7,69.08,0.060283,83792,309.5,80.37,0.077425,87930,311.5,74.57,0.092175,177.1,0.000000,126.2,315017,1421.4,118927,344.6,-0.32,-0.000336,110523,335.4,-6.33,-0.007419,93330,314.0,-39.28,-0.051108,357.1,-0.014016,962.0,113497,982.6,104651,561.0,-39.00,-0.021902,90733,317.0,7.66,0.007811,88567,311.5,67.22,0.083698
718.10,0.0104073,0.052286,87182,90144,91872,88789,307.2,718.1,0.000000,188.2,6610192,2095.6,67318,293.2,-1.39,-0.000960,72999,297.4,-17.06,-0.014916,91988,316.8,-57.51,-0.073115,538.1,0.057282,324.3,83712,355.5,93807,322.2,67.10,0.058797,84144,309.8,79.16,0.076493,87972,312.0,75.17,0.092811,178.1,0.000000,261.0,310439,1416.3,118543,344.3,-0.61,-0.000629,110278,335.2,-7.29,-0.008532,93243,314.1,-45.16,-0.058696,358.1,-0.014736,966.7,109470,972.8,106363,589.4,-41.16,-0.022363,91466,317.7,6.69,0.006863,88663,312.0,67.18,0.083602
719.04,0.0104209,0.052385,87055,90251,91902,88804,307.2,719.0,0.000000,560.6,6874996,2171.4,66971,292.8,-1.25,-0.000862,72503,296.8,-15.91,-0.013836,91971,316.7,-58.40,-0.074254,539.0,0.055663,324.6,84317,356.0,94329,322.8,65.20,0.057352,84484,310.2,78.06,0.075657,88004,312.5,75.71,0.093369,179.0,0.000000,220.0,306231,1411.5,118061,343.9,-0.85,-0.000881,110111,335.0,-8.20,-0.009591,93036,314.0,-49.83,-0.064641,359.0,-0.013864,597.6,105848,963.8,106059,606.7,-38.21,-0.020108,92207,318.5,5.82,0.006001,88748,312.4,67.13,0.083504
720.07,0.0104358,0.052496,86934,90391,91892,88827,307.2,0.1,-0.000000,51084.8,7142299,2251.3,66653,292.4,-1.07,-0.000733,71951,296.2,-14.79,-0.012797,91921,316.6,-59.11,-0.075142,540.1,0.055866,325.1,84977,356.6,94844,323.3,63.27,0.055873,84876,310.6,76.89,0.074775,88023,312.9,76.26,0.093919,180.1,0.000000,100.0,301630,1406.2,117414,343.4,-1.09,-0.001120,110005,334.9,-9.25,-0.010808,92766,313.9,-54.02,-0.069892,360.1,-0.013215,965.5,103126,956.6,103596,610.5,-30.41,-0.015537,93107,319.4,4.84,0.005022,88835,312.9,67.06,0.083366
