theta_deg,t_s,mdot_restrictor_kg_s,p_plenum_exit_Pa,p_plenum_map_Pa,p_plenum_floor_Pa,p_plenum_mean_Pa,T_plenum_floor_K,phase1_deg,mdot_valve1_kg_s,T_valve1_K,p_cyl1_Pa,T_cyl1_K,p_port1_Pa,T_port1_K,u_port1_m_s,mdot_port1_kg_s,p_flange1_Pa,T_flange1_K,u_flange1_m_s,mdot_flange1_kg_s,p_mouth1_Pa,T_mouth1_K,u_mouth1_m_s,mdot_mouth1_kg_s,phase2_deg,mdot_valve2_kg_s,T_valve2_K,p_cyl2_Pa,T_cyl2_K,p_port2_Pa,T_port2_K,u_port2_m_s,mdot_port2_kg_s,p_flange2_Pa,T_flange2_K,u_flange2_m_s,mdot_flange2_kg_s,p_mouth2_Pa,T_mouth2_K,u_mouth2_m_s,mdot_mouth2_kg_s,phase3_deg,mdot_valve3_kg_s,T_valve3_K,p_cyl3_Pa,T_cyl3_K,p_port3_Pa,T_port3_K,u_port3_m_s,mdot_port3_kg_s,p_flange3_Pa,T_flange3_K,u_flange3_m_s,mdot_flange3_kg_s,p_mouth3_Pa,T_mouth3_K,u_mouth3_m_s,mdot_mouth3_kg_s,phase4_deg,mdot_valve4_kg_s,T_valve4_K,p_cyl4_Pa,T_cyl4_K,p_port4_Pa,T_port4_K,u_port4_m_s,mdot_port4_kg_s,p_flange4_Pa,T_flange4_K,u_flange4_m_s,mdot_flange4_kg_s,p_mouth4_Pa,T_mouth4_K,u_mouth4_m_s,mdot_mouth4_kg_s
1.18,0.0000219,0.041304,94426,93089,91059,93051,310.4,1.2,0.000000,247.2,7882723,2202.8,93156,337.9,0.72,0.000598,87722,313.0,30.08,0.030017,89122,311.0,53.31,0.066889,541.2,0.031155,340.1,111311,378.2,114130,339.7,31.49,0.031841,106754,330.6,41.02,0.047127,87877,311.5,72.95,0.090109,181.2,-0.000000,141.8,310908,1383.6,79194,320.0,0.63,0.000471,76074,299.9,22.12,0.019963,90041,311.3,36.29,0.045962,361.2,-0.009835,754.7,93308,891.3,93254,761.4,-33.36,-0.012302,86260,311.5,-22.76,-0.022441,90622,311.4,1.29,0.001645
2.16,0.0000399,0.041250,94326,92913,91049,92952,310.2,2.2,0.000000,396.3,8156983,2284.5,93535,338.3,0.72,0.000595,89199,314.5,27.42,0.027697,89058,310.9,54.39,0.068219,542.2,0.029620,340.4,111799,378.6,114517,340.0,30.12,0.030540,107256,331.1,39.30,0.045302,87931,311.5,72.62,0.089756,182.2,0.000000,259.9,305125,1377.3,79437,320.3,0.55,0.000408,76708,300.7,22.61,0.020525,90009,311.2,37.28,0.047212,362.2,-0.007523,755.2,90599,884.1,90623,760.1,-25.88,-0.009290,87236,312.5,-26.40,-0.026251,90533,311.3,3.22,0.004098
3.13,0.0000579,0.041202,94217,92737,91050,92851,309.9,3.1,0.000000,100.0,8399881,2362.5,93921,338.7,0.73,0.000606,90696,316.0,24.74,0.025287,88989,310.8,55.45,0.069523,543.1,0.028422,340.7,112286,378.9,114906,340.3,28.85,0.029329,107721,331.5,37.52,0.043385,88000,311.4,72.11,0.089221,183.1,0.000000,721.7,299357,1371.0,79660,320.6,0.50,0.000371,77523,301.6,23.05,0.021088,89976,311.1,38.22,0.048399,363.1,-0.005437,754.0,88522,878.3,88320,757.4,-19.27,-0.006763,88295,313.6,-30.21,-0.030293,90470,311.2,5.28,0.006719
4.21,0.0000779,0.041154,94092,92549,91162,92735,309.7,4.2,0.000000,100.0,8629189,2443.8,94365,339.1,0.75,0.000625,92263,317.6,22.04,0.022797,88935,310.6,56.72,0.071105,544.2,0.027384,341.0,112828,379.3,115297,340.6,27.66,0.028191,108189,332.0,35.48,0.041147,88125,311.4,71.47,0.088559,184.2,0.000000,100.0,292970,1363.8,79897,320.8,0.47,0.000351,78666,302.9,23.46,0.021688,89965,311.0,39.30,0.049783,364.2,-0.004487,753.2,86325,871.9,86630,755.8,-15.03,-0.005187,89558,314.8,-34.55,-0.035001,90444,311.1,7.75,0.009864
5.18,0.0000959,0.041117,93964,92391,91436,92628,309.7,5.2,0.000000,100.0,8796392,2511.8,94779,339.5,0.77,0.000647,93514,318.9,20.01,0.020902,88955,310.6,58.14,0.072918,545.2,0.026108,341.3,113313,379.7,115697,340.8,26.54,0.027120,108564,332.3,33.59,0.039047,88332,311.4,71.02,0.088191,185.2,-0.000000,344.4,287246,1357.4,80109,321.1,0.46,0.000348,79874,304.2,23.70,0.022149,90029,310.9,40.49,0.051328,365.2,-0.002931,751.2,84724,866.9,85041,752.9,-11.18,-0.003801,90805,316.1,-38.61,-0.039504,90502,311.1,10.26,0.013073
6.15,0.0001138,0.041087,93819,92242,91710,92516,309.6,6.1,0.000000,164.3,8924847,2574.2,95210,339.9,0.80,0.000673,94584,319.9,18.42,0.019390,89046,310.5,59.80,0.075081,546.1,0.025091,341.5,113800,380.1,116098,341.1,25.47,0.026089,108894,332.7,31.66,0.036882,88617,311.6,70.61,0.087929,186.1,-0.000000,1653.1,281550,1350.8,80328,321.3,0.48,0.000358,81172,305.6,23.81,0.022507,90183,311.0,41.86,0.053158,366.1,-0.002757,749.5,82918,861.4,84106,751.7,-9.22,-0.003107,92025,317.2,-42.41,-0.043809,90651,311.2,13.03,0.016622
7.11,0.0001318,0.041063,93659,92101,91842,92400,309.4,7.1,0.000000,100.0,9013852,2630.7,95662,340.3,0.83,0.000704,95473,320.8,17.21,0.018244,89136,310.5,61.39,0.077159,547.1,0.024097,341.8,114287,380.4,116496,341.4,24.42,0.025077,109184,332.9,29.71,0.034674,88902,311.7,70.01,0.087436,187.1,-0.000000,1487.0,275898,1344.2,80561,321.6,0.50,0.000380,82454,307.0,23.94,0.022876,90347,311.0,43.12,0.054857,367.1,-0.000697,746.0,81735,857.2,82371,747.2,-3.76,-0.001247,92881,318.1,-44.97,-0.046768,90832,311.3,15.74,0.020104
8.19,0.0001517,0.041047,93450,91957,91908,92269,309.0,8.2,0.000000,146.4,9066522,2686.4,96192,340.8,0.88,0.000745,96269,321.5,16.26,0.017334,89184,310.4,62.91,0.079149,548.2,0.022001,346.1,114814,380.8,117298,342.1,22.41,0.023137,109466,333.2,27.54,0.032199,89173,311.7,68.92,0.086344,188.2,0.000000,100.0,269689,1336.9,80848,321.9,0.56,0.000421,83795,308.4,24.12,0.023314,90482,310.9,44.22,0.056342,368.2,0.000162,744.4,80508,852.6,80978,743.6,-0.72,-0.000237,93220,318.4,-45.82,-0.047774,90992,311.3,18.45,0.023610
9.16,0.0001696,0.041042,93236,91840,91943,92147,308.7,9.2,0.000000,193.2,9073161,2729.9,96697,341.3,0.92,0.000785,96848,322.1,15.64,0.016750,89184,310.2,64.13,0.080718,549.2,0.021939,342.3,115305,381.2,117587,342.3,21.54,0.022274,109694,333.4,25.61,0.029982,89383,311.6,67.68,0.085011,189.2,0.000000,100.0,264166,1330.2,81144,322.2,0.63,0.000479,84872,309.6,24.33,0.023732,90556,310.8,44.97,0.057371,369.2,0.000852,741.8,79405,848.1,79882,740.7,1.23,0.000398,93175,318.3,-45.64,-0.047579,91080,311.3,20.64,0.026444
10.13,0.0001875,0.041046,93000,91734,91937,92025,308.4,10.1,0.000000,500.9,9042693,2767.0,97227,341.8,0.96,0.000823,97331,322.6,15.18,0.016310,89145,310.0,65.22,0.082127,550.1,0.020832,342.7,115796,381.6,117866,342.5,20.63,0.021375,109907,333.6,23.72,0.027801,89561,311.4,66.26,0.083432,190.1,0.000000,121.4,258704,1323.5,81495,322.6,0.74,0.000564,85807,310.5,24.61,0.024193,90583,310.6,45.55,0.058163,370.1,0.001475,738.9,78306,843.3,78823,737.8,3.19,0.001027,92885,318.0,-44.19,-0.045968,91117,311.1,22.65,0.029045
11.20,0.0002075,0.041064,92719,91633,91865,91887,308.0,11.2,0.000000,100.0,8967869,2800.7,97843,342.4,1.00,0.000861,97791,323.0,14.77,0.015921,89049,309.6,66.30,0.083483,551.2,0.018753,346.4,116328,382.0,118491,342.9,18.80,0.019550,110135,333.9,21.68,0.025453,89713,311.2,64.47,0.081377,191.2,0.000000,330.8,252707,1316.1,81974,323.1,0.92,0.000699,86692,311.5,24.99,0.024753,90565,310.4,46.00,0.058774,371.2,0.002160,735.3,77119,837.8,77683,734.2,5.66,0.001804,91697,316.8,-40.12,-0.041351,91108,310.9,24.63,0.031595
12.17,0.0002254,0.041092,92462,91551,91775,91762,307.6,12.2,0.000000,100.0,8866534,2824.6,98416,343.0,1.03,0.000889,98160,323.4,14.46,0.015632,88920,309.3,67.17,0.084558,552.2,0.018358,343.1,116819,382.4,118667,343.1,17.89,0.018631,110340,334.1,19.94,0.023433,89816,310.9,62.70,0.079300,192.2,0.000000,496.7,247374,1309.3,82517,323.7,1.13,0.000867,87378,312.2,25.46,0.025357,90516,310.1,46.23,0.059091,372.2,0.002879,731.6,76106,832.6,76704,730.6,7.98,0.002523,90004,315.1,-34.39,-0.034973,91061,310.7,26.15,0.033566
13.14,0.0002433,0.041132,92203,91465,91676,91637,307.2,13.1,0.000000,361.7,8736173,2842.4,99003,343.5,1.05,0.000908,98502,323.7,14.19,0.015382,88765,308.9,68.02,0.085588,553.1,0.016110,346.4,117295,382.7,119147,343.4,16.16,0.016877,110548,334.3,18.29,0.021523,89899,310.6,60.83,0.077082,193.1,-0.000000,574.7,242105,1302.5,83198,324.5,1.41,0.001085,87972,312.8,25.96,0.025980,90455,309.8,46.37,0.059290,373.1,0.003539,727.6,75148,827.4,75777,726.6,10.21,0.003205,88285,313.4,-28.30,-0.028392,90990,310.4,27.49,0.035283
14.11,0.0002613,0.041182,91942,91381,91552,91512,306.9,14.1,0.000000,100.0,8580159,2854.6,99594,344.1,1.05,0.000915,98832,324.0,13.96,0.015160,88588,308.5,68.86,0.086587,554.1,0.015693,343.6,117782,383.1,119221,343.5,15.20,0.015885,110763,334.5,16.74,0.019730,89966,310.3,58.87,0.074733,194.1,0.000000,827.0,236899,1295.7,84047,325.4,1.74,0.001350,88483,313.4,26.42,0.026547,90378,309.4,46.44,0.059397,374.1,0.004157,723.2,74237,822.1,74900,722.1,12.30,0.003840,86830,311.9,-22.73,-0.022534,90901,310.0,28.62,0.036746
15.19,0.0002813,0.041251,91656,91297,91378,91373,306.4,15.2,0.000000,100.0,8381036,2861.8,100248,344.7,1.04,0.000908,99195,324.4,13.72,0.014937,88364,308.0,69.75,0.087616,555.2,0.012759,346.3,118295,383.5,119748,343.9,12.95,0.013572,111015,334.7,15.14,0.017871,90012,310.0,56.57,0.071937,195.2,0.000000,342.3,231191,1288.1,85212,326.6,2.14,0.001682,88974,313.9,26.84,0.027077,90266,309.0,46.45,0.059399,375.2,0.004801,718.0,73191,815.7,73961,716.7,14.64,0.004548,85511,310.5,-17.26,-0.016924,90770,309.6,29.66,0.038070
16.16,0.0002992,0.041325,91404,91220,91219,91249,306.1,16.2,0.000000,789.3,8182575,2863.3,100822,345.2,1.01,0.000887,99526,324.7,13.51,0.014749,88143,307.6,70.52,0.088498,556.2,0.009178,344.4,118721,383.9,120440,344.4,10.41,0.010953,111262,334.9,13.79,0.016305,90036,309.6,54.41,0.069284,196.2,-0.000000,175.6,226122,1281.2,86459,327.9,2.49,0.001979,89364,314.3,27.14,0.027461,90151,308.7,46.37,0.059287,376.2,0.005564,712.4,72253,809.8,73094,711.2,17.12,0.005297,84513,309.5,-12.81,-0.012454,90628,309.2,30.43,0.039044
17.13,0.0003172,0.041409,91155,91136,91078,91126,305.8,17.1,0.000000,349.1,7969574,2860.3,101376,345.7,0.97,0.000854,99868,325.0,13.31,0.014562,87922,307.1,71.33,0.089402,557.1,0.009194,344.5,119167,384.3,120511,344.5,8.97,0.009450,111534,335.2,12.52,0.014830,90053,309.3,52.22,0.066572,197.1,-0.000000,104.5,221119,1274.3,87864,329.4,2.78,0.002229,89719,314.7,27.36,0.027760,90034,308.4,46.23,0.059108,377.1,0.006271,706.2,71403,803.9,72289,705.1,19.61,0.006053,83639,308.6,-8.69,-0.008386,90482,308.8,31.09,0.039882
18.21,0.0003372,0.041515,90881,91031,90953,90990,305.5,18.2,0.000000,100.0,7720000,2852.5,101955,346.2,0.90,0.000802,100263,325.4,13.08,0.014347,87697,306.7,72.25,0.090456,558.2,0.007312,344.6,119651,384.7,120588,344.5,7.14,0.007526,111875,335.5,11.20,0.013295,90077,308.9,49.79,0.063564,198.2,0.000000,368.1,215639,1266.6,89540,331.2,2.95,0.002401,90082,315.0,27.52,0.027999,89908,308.0,46.08,0.058897,378.2,0.006986,698.8,70558,797.4,71490,697.6,22.23,0.006859,82781,307.7,-4.44,-0.004251,90330,308.4,31.77,0.040742
19.18,0.0003553,0.041621,90637,90927,90869,90869,305.3,19.2,0.000000,1082.1,7487250,2842.0,102435,346.7,0.83,0.000740,100635,325.8,12.85,0.014140,87522,306.4,73.10,0.091435,559.2,0.005604,344.6,120081,385.1,120617,344.5,5.56,0.005860,112225,335.8,10.10,0.012010,90108,308.7,47.65,0.060912,199.2,0.000000,100.0,210780,1259.6,91073,332.7,2.95,0.002433,90385,315.4,27.58,0.028130,89804,307.7,45.97,0.058748,379.2,0.007681,691.6,69880,791.6,70857,690.3,24.49,0.007567,82092,306.9,-0.88,-0.000833,90213,308.1,32.37,0.041501
20.16,0.0003733,0.041736,90402,90826,90797,90748,305.1,20.2,0.000000,100.0,7249780,2828.7,102868,347.1,0.75,0.000668,101023,326.1,12.61,0.013914,87375,306.1,73.92,0.092387,560.2,0.003550,344.7,120498,385.5,120740,344.6,3.78,0.003982,112612,336.1,9.09,0.010835,90146,308.4,45.57,0.058326,200.2,-0.000000,210.0,205990,1252.6,92560,334.2,2.83,0.002362,90677,315.7,27.56,0.028174,89709,307.4,45.90,0.058658,380.2,0.008340,683.6,69276,785.9,70303,682.3,26.71,0.008285,81467,306.3,2.47,0.002338,90118,307.7,32.93,0.042226
21.13,0.0003913,0.041861,90177,90722,90718,90628,305.0,21.1,0.000000,823.6,7010123,2813.0,103250,347.4,0.66,0.000592,101427,326.5,12.35,0.013664,87250,305.9,74.64,0.093217,561.1,0.001514,345.2,120902,385.8,120898,344.8,1.91,0.002014,113036,336.5,8.18,0.009781,90181,308.2,43.53,0.055780,201.1,0.000000,423.7,201270,1245.6,93954,335.6,2.62,0.002211,90951,316.0,27.47,0.028132,89619,307.1,45.87,0.058611,381.1,0.009023,674.9,68744,780.3,69828,673.5,28.94,0.009032,80894,305.6,5.63,0.005306,90040,307.4,33.41,0.042844
22.10,0.0004093,0.041994,89964,90603,90641,90509,304.8,22.1,0.000000,4866.2,6770468,2795.4,103586,347.7,0.58,0.000518,101847,326.9,12.07,0.013387,87149,305.7,75.18,0.093849,562.1,-0.002944,393.4,121250,386.2,121791,345.8,-1.69,-0.001793,113501,336.9,7.36,0.008818,90212,308.0,41.52,0.053253,202.1,0.000000,689.7,196621,1238.6,95225,336.8,2.37,0.002013,91223,316.3,27.28,0.028000,89530,306.8,45.86,0.058592,382.1,0.009744,665.3,68292,774.6,69431,663.8,31.20,0.009823,80358,305.1,8.64,0.008106,89973,307.2,33.77,0.043309
23.19,0.0004294,0.042152,89733,90475,90571,90378,304.7,23.2,0.000000,197.7,6506435,2774.1,103911,348.0,0.50,0.000450,102331,327.4,11.72,0.013048,87078,305.5,75.54,0.094268,563.2,-0.003128,345.4,121656,386.5,121777,346.0,-3.36,-0.003559,114088,337.4,6.45,0.007767,90245,307.7,39.32,0.050491,203.2,-0.000000,532.7,191539,1230.7,96480,338.1,2.06,0.001773,91544,316.6,26.96,0.027737,89438,306.5,45.88,0.058606,383.2,0.010524,653.7,67913,768.3,69102,652.1,33.62,0.010725,79794,304.5,11.85,0.011061,89916,306.9,34.03,0.043658
24.16,0.0004475,0.042302,89527,90405,90527,90261,304.6,24.2,0.000000,450.6,6270064,2752.6,104173,348.3,0.45,0.000404,102781,327.8,11.39,0.012720,87053,305.5,75.67,0.094426,564.2,-0.005635,345.6,121998,386.9,121881,346.4,-5.11,-0.005408,114690,337.9,5.60,0.006758,90278,307.5,37.40,0.048077,204.2,0.000000,306.4,187074,1223.7,97468,339.0,1.80,0.001558,91871,317.0,26.54,0.027378,89364,306.3,45.93,0.058672,384.2,0.011351,642.3,67629,762.6,68887,640.5,35.78,0.011584,79301,303.9,14.65,0.013610,89886,306.7,34.17,0.043852
25.14,0.0004655,0.042460,89326,90381,90501,90146,304.5,25.1,0.000000,100.0,6032714,2727.8,104418,348.5,0.42,0.000375,103243,328.2,11.05,0.012380,87054,305.4,75.67,0.094441,565.1,-0.008038,345.9,122317,387.2,122174,347.1,-7.15,-0.007580,115349,338.5,4.69,0.005682,90315,307.4,35.55,0.045744,205.1,-0.000000,1105.2,182733,1216.7,98329,339.8,1.55,0.001353,92255,317.4,25.98,0.026876,89299,306.1,46.04,0.058804,385.1,0.012202,629.9,67401,756.7,68733,627.9,37.93,0.012501,78810,303.4,17.38,0.016078,89878,306.5,34.21,0.043926
26.11,0.0004836,0.042625,89135,90326,90488,90032,304.5,26.1,0.000000,100.0,5803614,2703.3,104655,348.7,0.40,0.000361,103716,328.6,10.71,0.012041,87069,305.4,75.55,0.094318,566.1,-0.010152,346.4,122617,387.5,122578,348.1,-9.34,-0.009899,116026,339.0,3.79,0.004611,90359,307.2,33.77,0.043489,206.1,-0.000000,117.9,178512,1209.8,99072,340.5,1.33,0.001166,92719,317.8,25.23,0.026196,89243,305.9,46.19,0.059005,386.1,0.013108,616.4,67225,750.5,68633,614.3,40.05,0.013470,78316,302.9,20.06,0.018477,89886,306.4,34.17,0.043898
27.20,0.0005037,0.042816,88939,90193,90491,89907,304.5,27.2,0.000000,475.0,5558818,2676.5,104919,348.9,0.40,0.000361,104253,329.1,10.36,0.011689,87115,305.3,75.26,0.094014,567.2,-0.011420,347.1,122949,387.8,122782,349.0,-11.05,-0.011697,116748,339.6,2.88,0.003518,90418,307.1,31.85,0.041067,207.2,-0.000000,156.1,173957,1202.2,99775,341.2,1.11,0.000981,93358,318.5,24.15,0.025192,89194,305.7,46.43,0.059313,387.2,0.014118,600.5,67086,743.4,68577,598.1,42.29,0.014598,77761,302.3,22.99,0.021060,89913,306.2,34.02,0.043727
28.18,0.0005218,0.042994,88777,90052,90511,89796,304.5,28.2,0.000000,567.0,5347283,2652.8,105165,349.1,0.41,0.000371,104743,329.6,10.08,0.011412,87199,305.4,74.80,0.093527,568.2,-0.013524,390.3,123230,388.0,123288,350.3,-13.13,-0.013907,117360,340.1,2.14,0.002625,90483,307.0,30.18,0.038954,208.2,-0.000000,1721.1,169976,1195.4,100311,341.7,0.95,0.000836,94062,319.2,22.93,0.024045,89164,305.6,46.73,0.059705,388.2,0.015175,585.3,67003,736.6,68569,582.7,44.19,0.015653,77262,301.7,25.55,0.023302,89959,306.2,33.76,0.043435
29.15,0.0005399,0.043178,88629,89906,90550,89686,304.5,29.2,0.000000,100.0,5144021,2629.5,105421,349.4,0.42,0.000386,105236,330.0,9.86,0.011191,87338,305.5,74.08,0.092743,569.2,-0.013749,389.9,123527,388.3,123371,351.3,-14.12,-0.014927,117954,340.6,1.41,0.001739,90557,306.9,28.57,0.036909,209.2,0.000000,1576.9,166103,1188.7,100766,342.1,0.80,0.000710,94886,320.0,21.49,0.022675,89151,305.5,47.11,0.060199,389.2,0.016217,569.4,66952,729.5,68593,566.8,45.96,0.016746,76773,301.2,28.04,0.025459,90030,306.1,33.38,0.042991
30.13,0.0005580,0.043366,88494,89744,90606,89579,304.5,30.1,0.000000,210.7,4948908,2606.5,105689,349.6,0.44,0.000403,105725,330.5,9.69,0.011035,87535,305.6,73.03,0.091599,570.1,-0.015002,389.5,123821,388.6,123523,352.5,-15.05,-0.015879,118559,341.1,0.61,0.000755,90644,306.9,27.01,0.034935,210.1,-0.000000,261.5,162336,1182.0,101151,342.5,0.67,0.000599,95812,320.9,19.89,0.021130,89155,305.4,47.55,0.060777,390.1,0.017301,553.2,66926,722.0,68644,550.4,47.62,0.017877,76306,300.7,30.46,0.027533,90129,306.1,32.87,0.042380
31.11,0.0005761,0.043557,88372,89567,90661,89473,304.6,31.1,0.000000,592.4,4761788,2584.0,105970,349.9,0.46,0.000421,106203,330.9,9.58,0.010945,87776,305.7,71.64,0.090052,571.1,-0.016073,351.0,124115,388.9,123721,353.9,-15.88,-0.016715,119196,341.7,-0.34,-0.000418,90742,306.9,25.49,0.033001,211.1,0.000000,100.0,158670,1175.4,101473,342.8,0.56,0.000500,96803,321.9,18.22,0.019495,89172,305.4,48.02,0.061398,391.1,0.018426,536.8,66920,714.0,68714,533.9,49.16,0.019047,75876,300.2,32.81,0.029536,90252,306.1,32.19,0.041550
32.19,0.0005962,0.043774,88249,89370,90722,89359,304.6,32.2,0.000000,100.0,4563007,2559.4,106295,350.1,0.48,0.000439,106700,331.4,9.54,0.010938,88069,305.9,69.73,0.087888,572.2,-0.016365,388.9,124460,389.2,123924,355.5,-16.70,-0.017525,119941,342.3,-1.59,-0.001987,90855,306.8,23.79,0.030848,212.2,-0.000000,501.5,155011,1168.6,101766,343.1,0.45,0.000404,97924,322.9,16.39,0.017685,89198,305.3,48.54,0.062089,392.2,0.019660,518.5,66931,704.7,68811,515.5,50.75,0.020391,75453,299.7,35.36,0.031698,90413,306.2,31.16,0.040288
33.17,0.0006143,0.043972,88150,89194,90791,89259,304.7,33.2,0.000000,434.8,4392073,2537.6,106597,350.4,0.49,0.000453,107117,331.7,9.55,0.010978,88337,306.1,67.80,0.085681,573.2,-0.015722,388.6,124804,389.6,123744,356.6,-16.60,-0.017337,120620,342.8,-2.88,-0.003606,90963,306.8,22.27,0.028907,213.2,-0.000000,328.9,152870,1164.4,101979,343.3,0.37,0.000332,98905,323.9,14.86,0.016147,89226,305.3,49.02,0.062726,393.2,0.020933,502.3,66951,695.9,68912,499.3,52.07,0.021633,75131,299.4,37.60,0.033605,90581,306.3,29.98,0.038822
34.15,0.0006325,0.044172,88055,89011,90863,89163,304.8,34.2,0.000000,651.2,4228433,2516.3,106908,350.7,0.51,0.000465,107505,332.1,9.56,0.011024,88596,306.2,65.80,0.083364,574.2,-0.014886,388.2,125184,389.9,123443,357.5,-15.98,-0.016611,121272,343.3,-4.25,-0.005337,91078,306.9,20.74,0.026950,214.2,0.000000,323.0,151621,1161.6,102156,343.4,0.31,0.000274,99825,324.7,13.49,0.014754,89261,305.3,49.51,0.063384,394.2,0.022166,486.5,66976,686.7,69025,483.5,53.28,0.022900,74869,299.1,39.81,0.035485,90771,306.4,28.53,0.037011
35.13,0.0006506,0.044374,87957,88822,90933,89069,304.8,35.1,0.000000,100.0,4071840,2495.4,107226,351.0,0.52,0.000476,107861,332.4,9.59,0.011084,88835,306.3,63.81,0.081033,575.1,-0.013903,387.8,125604,390.3,123107,358.4,-15.07,-0.015585,121866,343.8,-5.61,-0.007080,91199,306.9,19.16,0.024933,215.1,-0.000000,374.7,150835,1159.7,102308,343.6,0.26,0.000235,100668,325.5,12.31,0.013542,89297,305.3,50.01,0.064046,395.1,0.023433,471.2,67005,677.2,69142,468.2,54.42,0.024192,74665,298.9,41.97,0.037338,90984,306.5,26.76,0.034787
36.11,0.0006688,0.044579,87857,88639,91000,88979,304.9,36.1,0.000000,251.8,3922042,2474.8,107552,351.3,0.53,0.000487,108200,332.7,9.67,0.011198,89046,306.4,61.89,0.078772,576.1,-0.012846,387.5,126067,390.7,122775,359.1,-14.01,-0.014418,122391,344.2,-6.92,-0.008761,91329,307.0,17.50,0.022804,216.1,-0.000000,107.1,150518,1158.5,102448,343.7,0.24,0.000215,101434,326.3,11.33,0.012537,89333,305.3,50.50,0.064706,396.1,0.024725,456.7,67034,667.4,69258,453.6,55.48,0.025499,74515,298.8,44.09,0.039159,91225,306.6,24.60,0.032041
37.21,0.0006890,0.044809,87753,88454,91071,88885,305.0,37.2,0.000000,115.1,3763257,2452.4,107928,351.6,0.55,0.000505,108574,333.1,9.83,0.011410,89250,306.4,59.91,0.076413,577.2,-0.011716,387.2,126631,391.2,122433,359.8,-12.76,-0.013071,122912,344.6,-8.29,-0.010523,91484,307.0,15.51,0.020233,217.2,0.000000,623.7,150415,1157.7,102607,343.8,0.24,0.000217,102208,327.0,10.51,0.011690,89370,305.3,51.05,0.065434,397.2,0.026102,441.3,67064,656.2,69382,438.3,56.57,0.026956,74410,298.7,46.38,0.041149,91554,306.9,21.52,0.028113
38.19,0.0007072,0.045018,87667,88308,91149,88804,305.0,38.2,0.000000,646.4,3626956,2432.7,108283,351.9,0.57,0.000527,108930,333.4,10.05,0.011698,89415,306.4,58.28,0.074476,578.2,-0.010602,386.9,127185,391.7,122166,360.4,-11.62,-0.011857,123346,345.0,-9.44,-0.012005,91639,307.1,13.54,0.017690,218.2,0.000000,282.7,150456,1157.1,102767,344.0,0.27,0.000240,102855,327.6,10.01,0.011187,89403,305.3,51.56,0.066114,398.2,0.027480,428.4,67088,646.0,69486,425.4,57.47,0.028262,74374,298.6,48.40,0.042929,91952,307.2,17.83,0.023370
39.17,0.0007255,0.045229,87568,88177,91258,88729,305.1,39.2,0.000000,592.8,3496649,2413.3,108659,352.2,0.60,0.000556,109320,333.7,10.37,0.012094,89579,306.4,56.83,0.072747,579.2,-0.009581,386.7,127783,392.2,121940,361.0,-10.50,-0.010681,123756,345.3,-10.48,-0.013366,91817,307.2,11.40,0.014923,219.2,0.000000,156.6,150565,1156.7,102957,344.2,0.31,0.000282,103471,328.1,9.74,0.010932,89446,305.3,52.12,0.066857,399.2,0.028780,416.3,67106,635.6,69584,413.3,58.32,0.029558,74404,298.7,50.44,0.044743,92504,307.7,12.84,0.016900
40.16,0.0007437,0.045442,87473,88051,91403,88661,305.3,40.2,0.000000,100.0,3372082,2394.2,109059,352.6,0.63,0.000590,109749,334.1,10.76,0.012591,89764,306.4,55.52,0.071209,580.2,-0.008611,386.6,128425,392.8,121745,361.5,-9.45,-0.009576,124118,345.6,-11.37,-0.014534,92022,307.4,9.11,0.011947,220.2,0.000000,100.0,150715,1156.4,103185,344.4,0.37,0.000338,104056,328.7,9.69,0.010919,89524,305.4,52.72,0.067680,400.2,0.030073,405.0,67119,625.3,69675,402.1,59.14,0.030849,74515,298.9,52.53,0.046647,93223,308.3,6.16,0.008157
41.15,0.0007620,0.045656,87438,87927,91677,88602,305.5,41.1,0.000000,100.0,3252994,2375.6,109483,352.9,0.67,0.000625,110212,334.5,11.21,0.013158,89999,306.5,54.37,0.069885,581.1,-0.007699,386.4,129112,393.4,121572,361.9,-8.46,-0.008550,124362,345.7,-11.99,-0.015342,92255,307.6,6.76,0.008874,221.1,0.000000,100.0,150891,1156.1,103458,344.6,0.45,0.000403,104613,329.2,9.78,0.011057,89644,305.5,53.41,0.068630,401.1,0.031367,394.6,67127,614.9,69764,391.7,59.96,0.032146,74716,299.1,54.74,0.048691,93589,308.7,-3.10,-0.004115
42.14,0.0007803,0.045867,87534,87810,91903,88554,305.7,42.1,0.000000,243.3,3139124,2357.2,109928,353.3,0.70,0.000652,110691,334.9,11.67,0.013740,90262,306.8,53.12,0.068429,582.1,-0.006851,386.3,129842,394.0,121410,362.3,-7.54,-0.007611,124441,345.8,-12.26,-0.015706,92457,307.7,4.22,0.005555,222.1,-0.000000,391.7,151078,1155.8,103776,344.9,0.52,0.000468,105143,329.7,9.97,0.011316,89751,305.7,53.99,0.069421,402.1,0.032674,385.0,67132,604.6,69855,382.2,60.81,0.033464,74992,299.5,57.04,0.050872,93788,308.9,-12.93,-0.017181
43.13,0.0007987,0.046071,87668,87710,92086,88515,305.9,43.1,0.000000,263.9,3030222,2339.2,110382,353.7,0.71,0.000665,111167,335.4,12.09,0.014273,90610,307.2,51.40,0.066381,583.1,-0.006069,386.1,130618,394.6,121248,362.6,-6.72,-0.006761,124385,345.7,-12.35,-0.015814,92645,307.9,1.49,0.001958,223.1,-0.000000,719.5,151263,1155.5,104132,345.2,0.58,0.000524,105620,330.1,10.20,0.011609,89853,305.9,54.37,0.069927,403.1,0.034009,376.2,67139,594.4,69953,373.4,61.74,0.034821,75373,299.9,59.43,0.053190,93758,309.0,-21.48,-0.028543
44.12,0.0008171,0.046267,87712,87627,92232,88487,306.0,44.1,0.000000,306.4,2926060,2321.6,110833,354.1,0.70,0.000660,111617,335.8,12.41,0.014697,91084,307.7,48.77,0.063203,584.1,-0.005336,385.9,131437,395.3,121070,362.8,-5.96,-0.005986,124210,345.6,-12.42,-0.015887,92779,308.1,-1.50,-0.001973,224.1,-0.000000,100.0,151436,1155.2,104516,345.6,0.62,0.000564,106025,330.5,10.39,0.011866,89962,306.1,54.52,0.070147,404.1,0.035388,368.1,67150,584.3,70064,365.3,62.75,0.036228,75813,300.5,61.88,0.055607,93501,308.8,-28.45,-0.037725
45.12,0.0008356,0.046461,87687,87560,92323,88467,306.1,45.1,0.000000,112.9,2826433,2304.2,111272,354.5,0.68,0.000642,112023,336.1,12.61,0.014962,91697,308.4,44.85,0.058394,585.1,-0.004623,385.7,132303,396.0,120849,363.0,-5.26,-0.005274,123874,345.3,-12.38,-0.015803,92899,308.2,-4.56,-0.006019,225.1,-0.000000,267.8,151588,1154.8,104914,346.0,0.64,0.000587,106352,330.8,10.53,0.012044,90086,306.4,54.59,0.070281,405.1,0.036815,360.7,67171,574.4,70189,358.0,63.85,0.037687,76268,301.0,64.24,0.057966,93158,308.5,-33.43,-0.044201
46.12,0.0008541,0.046655,87651,87508,92377,88456,306.2,46.1,0.000000,100.0,2731140,2287.2,111695,354.8,0.65,0.000619,112385,336.4,12.67,0.015071,92400,309.0,39.53,0.051755,586.1,-0.003974,385.5,133214,396.8,120586,363.0,-4.63,-0.004632,123360,344.9,-12.21,-0.015539,92983,308.3,-7.71,-0.010179,226.1,-0.000000,100.0,151708,1154.4,105321,346.3,0.65,0.000597,106598,331.0,10.60,0.012152,90230,306.6,54.57,0.070311,406.1,0.038286,354.0,67205,564.8,70329,351.3,65.01,0.039187,76709,301.5,66.39,0.060146,92849,308.3,-36.51,-0.048146
47.12,0.0008726,0.046848,87596,87473,92421,88453,306.2,47.1,0.000000,100.0,2639994,2270.5,112111,355.2,0.64,0.000606,112712,336.7,12.64,0.015069,93094,309.7,33.13,0.043602,587.1,-0.003398,385.2,134170,397.6,120296,363.0,-4.06,-0.004047,122723,344.3,-11.96,-0.015164,93030,308.4,-10.84,-0.014321,227.1,0.000000,100.0,151772,1153.9,105734,346.7,0.66,0.000606,106758,331.2,10.59,0.012144,90410,306.9,54.36,0.070110,407.1,0.039786,347.9,67255,555.3,70491,345.2,66.25,0.040728,77109,302.0,68.26,0.062060,92600,308.2,-37.95,-0.049923
48.12,0.0008912,0.047043,87508,87455,92447,88458,306.2,48.1,0.000000,100.0,2552815,2254.1,112533,355.6,0.64,0.000612,112999,337.0,12.47,0.014887,93662,310.2,26.20,0.034645,588.1,-0.002885,384.9,135172,398.4,119999,363.0,-3.52,-0.003507,122026,343.8,-11.74,-0.014829,93047,308.4,-13.88,-0.018332,228.1,-0.000000,100.0,151757,1153.2,106160,347.1,0.68,0.000624,106852,331.2,10.39,0.011930,90645,307.3,53.79,0.069478,408.1,0.041330,342.4,67325,546.1,70688,339.7,67.59,0.042342,77448,302.5,69.80,0.063652,92382,308.1,-37.87,-0.049713
49.13,0.0009098,0.047240,87404,87457,92442,88470,306.2,49.1,0.000000,771.8,2469435,2238.0,112978,355.9,0.67,0.000642,113242,337.2,12.19,0.014581,94018,310.5,19.45,0.025792,589.1,-0.002426,384.6,136219,399.2,119712,362.9,-3.02,-0.003000,121305,343.2,-11.65,-0.014659,93043,308.5,-16.86,-0.022260,229.1,-0.000000,390.9,151635,1152.4,106615,347.5,0.72,0.000664,106898,331.3,10.07,0.011563,90947,307.7,52.57,0.068041,409.1,0.042953,337.5,67418,537.2,70931,334.8,69.09,0.044065,77724,302.8,71.04,0.064932,92085,307.9,-36.30,-0.047532
50.14,0.0009284,0.047440,87301,87477,92395,88489,306.2,50.1,0.000000,168.4,2389687,2222.2,113473,356.3,0.74,0.000709,113467,337.4,11.84,0.014180,94147,310.5,13.48,0.017889,590.1,-0.002014,384.4,137312,400.1,119452,362.9,-2.55,-0.002524,120577,342.6,-11.73,-0.014692,93004,308.5,-19.80,-0.026141,230.1,-0.000000,275.6,151375,1151.3,107118,347.9,0.79,0.000729,106919,331.3,9.68,0.011114,91318,308.1,50.46,0.065483,410.1,0.044683,333.2,67541,528.5,71231,330.4,70.77,0.045925,77934,303.1,72.01,0.065935,91754,307.7,-33.17,-0.043305
51.14,0.0009471,0.047642,87186,87505,92321,88513,306.1,51.1,0.000000,105.8,2313435,2206.8,114042,356.8,0.84,0.000811,113693,337.6,11.44,0.013719,94076,310.5,8.28,0.010986,591.1,-0.001644,384.1,138451,401.0,119229,362.8,-2.10,-0.002079,119848,342.0,-11.98,-0.014938,92930,308.5,-22.71,-0.029950,231.1,-0.000000,594.3,150973,1150.0,107682,348.4,0.88,0.000814,106929,331.3,9.22,0.010584,91676,308.5,47.61,0.061952,411.1,0.046584,329.3,67703,520.2,71574,326.5,72.62,0.047917,78083,303.3,72.74,0.066687,91457,307.5,-28.78,-0.037478
52.15,0.0009658,0.047847,87054,87542,92247,88542,306.1,52.2,0.000000,146.4,2240594,2191.6,114691,357.4,0.95,0.000922,113930,337.8,11.01,0.013224,93851,310.2,3.72,0.004927,592.2,-0.001312,383.9,139635,401.9,119042,362.7,-1.69,-0.001674,119124,341.4,-12.34,-0.015325,92782,308.5,-25.66,-0.033794,232.2,-0.000000,1235.3,150429,1148.4,108307,349.0,0.96,0.000898,106943,331.4,8.68,0.009971,91883,308.7,44.19,0.057602,412.2,0.048583,326.0,67908,512.1,71979,323.2,74.58,0.050009,78184,303.5,73.26,0.067217,91208,307.4,-23.73,-0.030824
53.16,0.0009845,0.048055,86921,87590,92176,88576,306.0,53.2,0.000000,1023.1,2171013,2176.8,115397,358.0,1.03,0.001000,114182,338.0,10.57,0.012712,92985,309.4,-0.79,-0.001035,593.2,-0.001013,383.7,140864,402.9,118882,362.7,-1.34,-0.001320,118408,340.8,-12.78,-0.015798,92653,308.5,-28.28,-0.037189,233.2,-0.000000,142.5,149755,1146.6,108961,349.6,1.00,0.000939,106966,331.4,8.09,0.009293,92010,308.8,40.80,0.053232,413.2,0.050656,323.2,68159,504.4,72487,320.2,76.64,0.052220,78257,303.6,73.65,0.067605,91081,307.4,-18.12,-0.023506
54.17,0.0010032,0.048267,86807,87647,91972,88612,305.8,54.2,0.000000,100.0,2104518,2162.2,116108,358.5,1.04,0.001011,114446,338.3,10.12,0.012196,92536,309.0,-3.55,-0.004661,594.2,-0.000748,383.6,142139,403.8,118725,362.6,-1.05,-0.001031,117696,340.2,-13.25,-0.016318,92554,308.5,-30.72,-0.040362,234.2,-0.000000,342.5,148964,1144.6,109602,350.1,0.98,0.000923,107013,331.4,7.45,0.008561,92007,308.9,37.61,0.049049,414.2,0.052881,320.9,68462,497.0,73079,317.8,78.79,0.054550,78314,303.7,73.96,0.067914,91024,307.4,-12.43,-0.016113
55.18,0.0010218,0.048480,86719,87711,91774,88650,305.7,55.2,0.000000,341.7,2040982,2148.0,116785,359.1,0.99,0.000965,114717,338.5,9.68,0.011680,92351,308.8,-5.46,-0.007148,595.2,-0.000529,383.3,143460,404.9,118537,362.5,-0.86,-0.000842,116987,339.6,-13.74,-0.016851,92472,308.6,-33.08,-0.043411,235.2,-0.000000,651.4,148073,1142.4,110195,350.7,0.91,0.000858,107082,331.5,6.77,0.007786,91940,308.9,34.76,0.045289,415.2,0.055156,318.9,68817,490.0,73710,315.7,80.86,0.056836,78359,303.8,74.23,0.068181,91039,307.4,-7.05,-0.009146
56.19,0.0010405,0.048694,86656,87776,91587,88689,305.6,56.2,0.000000,100.0,1980306,2134.1,117399,359.6,0.89,0.000879,114984,338.7,9.24,0.011166,92276,308.7,-7.08,-0.009268,596.2,-0.000379,383.1,144825,405.9,118292,362.3,-0.76,-0.000751,116276,338.9,-14.23,-0.017367,92396,308.6,-35.37,-0.046359,236.2,0.000000,131.4,147099,1140.1,110709,351.1,0.79,0.000746,107169,331.6,6.08,0.006995,91838,309.0,32.26,0.041979,416.2,0.057318,317.3,69218,483.2,74352,313.9,82.67,0.058948,78392,303.9,74.49,0.068423,91057,307.5,-2.03,-0.002631
57.19,0.0010591,0.048906,86608,87856,91484,88730,305.5,57.2,0.000000,380.4,1922336,2120.5,117927,360.0,0.77,0.000760,115239,339.0,8.80,0.010651,92232,308.7,-8.63,-0.011294,597.2,-0.000276,382.7,146234,406.9,117991,362.1,-0.73,-0.000718,115566,338.3,-14.69,-0.017855,92328,308.8,-37.59,-0.049210,237.2,-0.000000,100.0,146059,1137.6,111112,351.4,0.62,0.000588,107270,331.7,5.40,0.006209,91732,309.1,30.15,0.039176,417.2,0.059273,316.0,69653,476.9,74990,312.4,84.17,0.060822,78412,304.0,74.73,0.068650,90651,307.1,1.94,0.002507
58.20,0.0010777,0.049118,86561,88001,91326,88773,305.5,58.2,0.000000,100.0,1866932,2107.2,118354,360.4,0.62,0.000616,115478,339.2,8.36,0.010132,92121,308.6,-10.24,-0.013385,598.2,-0.000210,382.3,147689,408.0,117618,361.8,-0.76,-0.000745,114859,337.7,-15.14,-0.018317,92232,308.9,-39.90,-0.052164,238.2,0.000000,678.3,144966,1135.1,111381,351.7,0.42,0.000400,107383,331.8,4.72,0.005440,91607,309.1,28.29,0.036703,418.2,0.060967,314.9,70111,470.9,75604,311.2,85.30,0.062388,78419,304.0,74.97,0.068865,90293,306.8,5.82,0.007503
59.20,0.0010963,0.049329,86519,88258,91178,88818,305.4,59.2,0.000000,5753.0,1813952,2094.2,118671,360.6,0.47,0.000462,115702,339.4,7.90,0.009596,91961,308.5,-11.77,-0.015368,599.2,-0.000179,381.8,149190,409.1,117164,361.4,-0.84,-0.000822,114164,337.1,-15.57,-0.018765,92108,309.0,-42.30,-0.055210,239.2,-0.000000,534.8,143832,1132.4,111513,351.8,0.22,0.000206,107510,331.9,4.07,0.004691,91457,309.2,26.64,0.034508,419.2,0.062334,313.9,70578,465.2,76174,310.1,86.01,0.063595,78413,304.1,75.21,0.069067,90106,306.7,9.53,0.012264
60.20,0.0011149,0.049538,86497,88653,91028,88864,305.4,60.2,0.000000,5327.9,1763262,2081.4,118885,360.8,0.32,0.000317,115917,339.6,7.42,0.009024,91805,308.3,-13.24,-0.017263,600.2,-0.000176,381.3,150738,410.3,116627,361.0,-0.96,-0.000934,113489,336.5,-16.02,-0.019220,91971,309.0,-44.78,-0.058351,240.2,0.000000,185.4,142670,1129.7,111522,351.8,0.03,0.000029,107658,332.0,3.43,0.003953,91296,309.2,25.21,0.032590,420.2,0.060033,314.5,70924,460.1,77310,309.9,84.33,0.063335,78395,304.1,75.45,0.069259,89973,306.6,13.10,0.016831
61.21,0.0011335,0.049744,86499,89011,90888,88912,305.4,61.2,0.000000,748.9,1714742,2068.9,119017,360.9,0.20,0.000198,116132,339.7,6.89,0.008387,91675,308.2,-14.73,-0.019190,601.2,0.000000,410.9,152338,411.4,115905,360.3,-1.04,-0.001004,112842,336.0,-16.48,-0.019700,91836,309.1,-47.34,-0.061577,241.2,0.000000,100.0,141487,1126.9,111433,351.7,-0.12,-0.000115,107834,332.2,2.78,0.003213,91146,309.2,23.96,0.030924,421.2,0.063906,312.8,71376,455.1,77455,308.6,85.30,0.064448,78365,304.2,75.68,0.069439,89864,306.7,16.48,0.021142
62.21,0.0011520,0.049947,86519,89288,90765,88961,305.4,62.2,0.000000,238.3,1668277,2056.7,119090,361.0,0.11,0.000114,116355,339.9,6.27,0.007647,91566,308.1,-16.30,-0.021213,602.2,0.000000,409.4,153995,425.9,115141,359.7,-1.10,-0.001065,112229,335.4,-16.98,-0.020215,91706,309.3,-49.95,-0.064856,242.2,-0.000000,460.8,140292,1124.1,111270,351.6,-0.23,-0.000224,108050,332.4,2.13,0.002460,91022,309.2,22.86,0.029456,422.2,0.064480,311.6,71804,450.4,77677,307.8,85.75,0.065144,78326,304.2,75.90,0.069605,89755,306.8,19.65,0.025175
63.21,0.0011706,0.050145,86556,89523,90661,89012,305.5,63.2,0.000000,7790.6,1623765,2044.7,119130,361.0,0.06,0.000064,116590,340.1,5.55,0.006773,91468,308.0,-17.94,-0.023331,603.2,0.000000,181.6,155705,427.2,114341,358.9,-1.17,-0.001117,111650,334.9,-17.50,-0.020763,91583,309.4,-52.58,-0.068147,243.2,-0.000000,274.4,139091,1121.3,111058,351.4,-0.31,-0.000296,108310,332.6,1.46,0.001688,90920,309.3,21.83,0.028099,423.2,0.064772,311.0,72204,446.0,77962,307.3,85.70,0.065459,78279,304.2,76.11,0.069749,89635,306.9,22.65,0.028974
64.21,0.0011891,0.050338,86611,89700,90574,89066,305.6,64.2,0.000000,409.9,1581109,2033.0,119158,361.0,0.04,0.000042,116831,340.3,4.70,0.005749,91375,307.9,-19.64,-0.025511,604.2,0.000000,264.2,157469,428.5,113510,358.2,-1.22,-0.001166,111102,334.4,-18.04,-0.021324,91473,309.6,-55.21,-0.071434,244.2,-0.000000,116.5,137886,1118.5,110817,351.2,-0.36,-0.000342,108617,332.9,0.78,0.000908,90831,309.4,20.86,0.026814,424.2,0.061572,311.7,72463,441.9,78972,307.8,83.00,0.064112,78220,304.2,76.29,0.069863,89511,307.0,25.51,0.032565
65.21,0.0012076,0.050525,86689,89837,90503,89121,305.7,65.2,0.000000,100.0,1540214,2021.5,119185,361.1,0.04,0.000041,117066,340.5,3.74,0.004579,91290,307.9,-21.35,-0.027717,605.2,0.000000,273.8,159290,429.8,112651,357.4,-1.27,-0.001206,110579,334.0,-18.57,-0.021876,91381,309.8,-57.86,-0.074736,245.2,-0.000000,100.0,136681,1115.6,110561,350.9,-0.39,-0.000366,108961,333.2,0.12,0.000143,90764,309.4,19.90,0.025560,425.2,0.064787,311.2,72811,438.0,78901,307.0,83.69,0.064747,78147,304.2,76.44,0.069946,89387,307.2,28.24,0.035988
66.21,0.0012262,0.050705,86793,89957,90450,89178,305.9,66.2,0.000000,183.2,1500962,2010.3,119221,361.1,0.05,0.000051,117275,340.7,2.68,0.003287,91218,307.8,-23.06,-0.029922,606.2,0.000000,675.5,161170,431.2,111774,356.6,-1.31,-0.001235,110075,333.5,-19.07,-0.022400,91314,310.0,-60.55,-0.078093,246.2,0.000000,317.9,135474,1112.7,110304,350.7,-0.39,-0.000370,109322,333.5,-0.48,-0.000559,90725,309.5,18.92,0.024278,426.2,0.064782,310.2,73129,434.3,78942,306.5,83.85,0.065012,78062,304.1,76.58,0.070002,89265,307.3,30.89,0.039287
67.21,0.0012447,0.050877,86925,90055,90415,89237,306.1,67.2,0.000000,100.0,1463271,1999.2,119265,361.1,0.06,0.000061,117438,340.9,1.57,0.001925,91162,307.8,-24.75,-0.032095,607.2,0.000000,100.0,163111,432.6,110888,355.8,-1.33,-0.001250,109586,333.1,-19.54,-0.022877,91273,310.3,-63.30,-0.081541,247.2,0.000000,100.0,134265,1109.8,110053,350.5,-0.38,-0.000362,109674,333.8,-0.98,-0.001142,90728,309.7,17.81,0.022840,427.2,0.064732,309.9,73418,430.7,79110,306.3,83.80,0.065170,77974,304.1,76.65,0.070001,89148,307.6,33.48,0.042496
68.10,0.0012612,0.051023,87054,90105,90400,89292,306.4,68.1,0.000000,704.3,1431038,1989.6,119305,361.2,0.06,0.000063,117532,340.9,0.57,0.000701,91123,307.8,-26.20,-0.033968,608.1,0.000000,201.4,164890,433.8,110101,355.1,-1.34,-0.001253,109159,332.7,-19.91,-0.023246,91253,310.5,-65.82,-0.084688,248.1,-0.000000,100.0,133187,1107.2,109840,350.3,-0.37,-0.000348,109958,334.1,-1.31,-0.001529,90776,309.9,16.61,0.021302,428.1,0.064684,309.8,73656,427.8,79280,306.1,83.53,0.065122,77906,304.0,76.61,0.069907,89050,307.8,35.75,0.045294
69.10,0.0012797,0.051177,87214,90114,90402,89356,306.7,69.1,0.000000,255.7,1396150,1979.0,119346,361.2,0.06,0.000058,117564,341.0,-0.53,-0.000655,91089,307.8,-27.76,-0.035972,609.1,0.000000,372.8,166952,435.3,109223,354.3,-1.34,-0.001248,108674,332.2,-20.25,-0.023567,91242,310.9,-68.70,-0.088298,249.1,-0.000000,596.9,131969,1104.3,109616,350.1,-0.34,-0.000324,110235,334.3,-1.54,-0.001802,90890,310.1,14.88,0.019101,429.1,0.064555,309.6,73900,424.6,79476,306.1,83.15,0.064999,77846,304.0,76.47,0.069728,88949,308.0,38.28,0.048398
70.10,0.0012982,0.051321,87400,90100,90423,89424,307.0,70.1,0.000000,167.0,1362656,1968.6,119374,361.2,0.04,0.000040,117512,340.9,-1.60,-0.001963,91063,307.8,-29.20,-0.037829,610.1,0.000000,741.8,169080,436.7,108356,353.5,-1.34,-0.001235,108173,331.8,-20.48,-0.023758,91232,311.2,-71.61,-0.091928,250.1,-0.000000,100.0,130742,1101.3,109413,349.9,-0.31,-0.000296,110452,334.5,-1.60,-0.001882,91075,310.4,12.59,0.016180,430.1,0.064426,309.6,74124,421.6,79669,306.0,82.76,0.064863,77793,304.0,76.13,0.069374,88860,308.4,40.79,0.051461
71.10,0.0013167,0.051454,87601,90109,90460,89494,307.4,71.1,0.000000,578.8,1330494,1958.4,119381,361.2,0.01,0.000013,117377,340.8,-2.61,-0.003203,91043,307.8,-30.51,-0.039520,611.1,0.000000,100.0,171275,438.2,107505,352.7,-1.33,-0.001218,107644,331.3,-20.58,-0.023795,91216,311.5,-74.49,-0.095500,251.1,-0.000000,665.3,129504,1098.3,109233,349.7,-0.28,-0.000263,110622,334.6,-1.58,-0.001858,91323,310.7,9.60,0.012351,431.1,0.064310,309.5,74330,418.7,79845,306.0,82.38,0.064704,77746,304.0,75.50,0.068757,88781,308.7,43.26,0.054481
72.21,0.0013373,0.051588,87834,90062,90514,89578,307.9,72.2,0.000000,136.5,1296271,1947.4,119369,361.2,-0.02,-0.000015,117151,340.6,-3.65,-0.004471,91024,307.8,-31.81,-0.041197,612.2,0.000000,100.0,173795,440.0,106580,351.8,-1.31,-0.001194,107021,330.7,-20.55,-0.023667,91184,311.9,-77.55,-0.099282,252.2,-0.000000,100.0,128117,1094.9,109066,349.6,-0.23,-0.000219,110763,334.8,-1.37,-0.001609,91633,311.1,5.43,0.007001,432.2,0.064155,309.5,74537,415.7,80015,306.0,81.93,0.064486,77670,304.0,74.38,0.067673,88703,309.1,45.97,0.057764
73.21,0.0013557,0.051696,88056,89957,90595,89657,308.4,73.2,0.000000,100.0,1266774,1937.6,119335,361.2,-0.05,-0.000047,116910,340.4,-4.49,-0.005487,91013,307.8,-32.83,-0.042504,613.2,0.000000,149.1,176137,441.5,105770,351.0,-1.29,-0.001170,106432,330.2,-20.46,-0.023468,91142,312.2,-80.09,-0.102382,253.2,-0.000000,400.5,126857,1091.8,108950,349.5,-0.18,-0.000172,110852,334.8,-1.03,-0.001216,91811,311.3,0.90,0.001166,433.2,0.063968,309.5,74706,413.2,80148,306.0,81.51,0.064265,77546,303.9,72.91,0.066248,88645,309.5,48.37,0.060666
74.20,0.0013741,0.051791,88301,89857,90668,89741,308.9,74.2,0.000000,425.8,1238456,1928.1,119272,361.1,-0.09,-0.000088,116660,340.2,-5.22,-0.006373,91017,307.8,-33.69,-0.043610,614.2,0.000000,420.3,178551,443.1,104982,350.3,-1.27,-0.001142,105825,329.6,-20.27,-0.023154,91095,312.5,-82.30,-0.105055,254.2,-0.000000,231.6,125588,1088.6,108873,349.4,-0.12,-0.000117,110918,334.9,-0.58,-0.000686,91821,311.3,-4.06,-0.005241,434.2,0.063774,309.4,74860,410.8,80265,306.1,81.10,0.064032,77342,303.7,70.95,0.064340,88595,309.8,50.72,0.063504
75.19,0.0013925,0.051873,88598,89791,90715,89829,309.4,75.2,0.000000,598.4,1211254,1918.8,119171,361.0,-0.14,-0.000142,116418,340.0,-5.86,-0.007143,91023,307.9,-34.45,-0.044595,615.2,0.000000,330.7,181040,444.8,104219,349.6,-1.24,-0.001111,105198,329.0,-20.01,-0.022766,91032,312.7,-84.12,-0.107218,255.2,0.000000,166.2,124310,1085.5,108838,349.4,-0.06,-0.000056,110975,334.9,-0.04,-0.000046,91781,311.3,-8.65,-0.011164,435.2,0.063569,309.4,74999,408.5,80365,306.1,80.70,0.063787,77034,303.4,68.52,0.061946,88538,310.2,52.98,0.066216
76.18,0.0014108,0.051938,88994,89754,90734,89920,309.8,76.2,0.000000,192.5,1185110,1909.7,119023,360.9,-0.21,-0.000208,116192,339.8,-6.42,-0.007817,91010,307.9,-35.18,-0.045531,616.2,0.000000,148.8,183606,446.5,103483,348.8,-1.21,-0.001077,104556,328.4,-19.72,-0.022342,90942,313.0,-85.51,-0.108797,256.2,0.000000,100.0,123023,1082.2,108846,349.4,0.01,0.000006,111028,335.0,0.57,0.000669,91706,311.1,-12.81,-0.016529,436.2,0.063352,309.3,75124,406.3,80450,306.1,80.29,0.063526,76607,303.0,65.66,0.059121,88465,310.5,55.11,0.068751
77.17,0.0014291,0.051979,89609,89695,90767,90013,310.2,77.2,0.000000,257.3,1159965,1900.8,118820,360.7,-0.29,-0.000286,115990,339.6,-6.91,-0.008408,90977,307.9,-35.88,-0.046407,617.2,0.000000,274.0,186254,448.2,102776,348.2,-1.17,-0.001039,103903,327.8,-19.42,-0.021904,90826,313.1,-86.38,-0.109696,257.2,-0.000000,423.0,121727,1079.0,108897,349.4,0.07,0.000070,111079,335.0,1.21,0.001431,91594,311.0,-16.55,-0.021337,437.2,0.063117,309.3,75237,404.2,80518,306.1,79.87,0.063245,76058,302.4,62.48,0.055964,88384,310.8,57.12,0.071125
78.16,0.0014474,0.051989,90317,89648,90865,90108,310.7,78.2,0.000000,100.0,1135767,1892.0,118556,360.5,-0.38,-0.000373,115809,339.4,-7.36,-0.008940,90950,308.0,-36.49,-0.047182,618.2,0.000000,770.6,188987,449.9,102099,347.5,-1.13,-0.000998,103237,327.2,-19.13,-0.021476,90684,313.3,-86.61,-0.109779,258.2,-0.000000,119.8,120422,1075.7,108994,349.5,0.15,0.000137,111132,335.1,1.87,0.002213,91450,310.8,-19.73,-0.025419,438.2,0.062855,309.2,75338,402.2,80570,306.1,79.44,0.062940,75396,301.7,59.10,0.052596,88330,311.0,59.06,0.073434
79.15,0.0014657,0.051969,90926,89611,91010,90203,311.1,79.1,0.000000,104.6,1112465,1883.4,118226,360.2,-0.47,-0.000469,115636,339.3,-7.79,-0.009451,90948,308.0,-37.02,-0.047854,619.1,0.000000,100.0,191809,451.7,101454,346.9,-1.08,-0.000955,102558,326.6,-18.86,-0.021076,90554,313.3,-86.21,-0.109089,259.1,0.000000,100.0,119107,1072.4,109129,349.6,0.21,0.000194,111185,335.1,2.53,0.002988,91331,310.6,-22.25,-0.028653,439.1,0.062555,309.2,75427,400.3,80602,306.1,78.98,0.062602,74642,300.9,55.60,0.049126,88287,311.2,60.94,0.075689
80.13,0.0014839,0.051923,91447,89588,91078,90298,311.4,80.1,0.000000,100.0,1090012,1875.0,117826,359.9,-0.58,-0.000569,115456,339.1,-8.23,-0.009976,90963,308.1,-37.53,-0.048516,620.1,0.000000,100.0,194724,453.5,100840,346.3,-1.04,-0.000911,101864,325.9,-18.63,-0.020722,90459,313.4,-85.47,-0.108006,260.1,0.000000,598.5,117783,1069.0,109293,349.8,0.25,0.000237,111233,335.2,3.15,0.003717,91249,310.4,-24.26,-0.031228,440.1,0.062205,309.1,75504,398.4,80610,306.1,78.46,0.062204,73829,300.0,52.08,0.045651,88230,311.4,62.72,0.077825
81.12,0.0015022,0.051856,91872,89585,91066,90393,311.5,81.1,0.000000,100.0,1068368,1866.8,117357,359.5,-0.68,-0.000669,115249,339.0,-8.72,-0.010560,90961,308.1,-38.11,-0.049263,621.1,0.000000,101.0,197736,455.3,100257,345.7,-0.99,-0.000867,101153,325.3,-18.46,-0.020429,90369,313.5,-84.50,-0.106653,261.1,0.000000,125.9,116448,1065.5,109478,349.9,0.28,0.000268,111265,335.2,3.70,0.004370,91173,310.2,-25.95,-0.033396,441.1,0.061768,309.0,75568,396.7,80582,306.0,77.83,0.061702,73002,299.0,48.63,0.042281,88142,311.4,64.34,0.079742
82.10,0.0015204,0.051773,92239,89602,91024,90488,311.6,82.1,0.000000,100.0,1047495,1858.7,116825,359.0,-0.77,-0.000759,114988,338.7,-9.31,-0.011261,90927,308.2,-38.79,-0.050110,622.1,0.000000,5204.5,200850,457.2,99703,345.2,-0.95,-0.000825,100430,324.6,-18.34,-0.020194,90271,313.5,-83.30,-0.105027,262.1,0.000000,391.6,115103,1062.1,109677,350.1,0.31,0.000292,111288,335.2,4.18,0.004934,91076,310.0,-27.42,-0.035263,442.1,0.061185,308.8,75616,395.0,80506,305.9,77.04,0.061037,72218,298.1,45.39,0.039157,88024,311.4,65.79,0.081431
83.20,0.0015407,0.051663,92617,89648,90959,90592,311.6,83.2,0.000000,522.5,1025162,1849.9,116180,358.4,-0.86,-0.000836,114598,338.4,-10.17,-0.012269,90861,308.2,-39.59,-0.051111,623.2,0.000000,653.6,204434,459.4,99118,344.6,-0.91,-0.000784,99610,323.8,-18.25,-0.019979,90190,313.4,-81.85,-0.103124,263.2,-0.000000,27369.7,113594,1058.1,109915,350.3,0.33,0.000315,111288,335.2,4.55,0.005377,90952,309.8,-28.76,-0.036975,443.2,0.060335,308.6,75645,393.2,80345,305.7,75.86,0.060021,71490,297.3,42.30,0.036226,87872,311.3,67.24,0.083106
84.19,0.0015590,0.051550,92910,89714,90873,90686,311.6,84.2,0.000000,753.2,1005802,1842.2,115572,357.9,-0.90,-0.000875,114121,338.0,-11.19,-0.013461,90793,308.2,-40.37,-0.052073,624.2,0.000000,750.4,207777,461.4,98614,344.1,-0.87,-0.000754,98854,323.1,-18.26,-0.019878,90129,313.4,-80.57,-0.101449,264.2,0.000000,100.0,112225,1054.6,110146,350.5,0.36,0.000339,111218,335.2,4.69,0.005537,90840,309.6,-29.76,-0.038230,444.2,0.059170,308.2,75642,391.6,80117,305.4,74.45,0.058789,71024,296.8,40.17,0.034237,87722,311.2,68.44,0.084467
85.17,0.0015772,0.051427,93123,89799,90768,90779,311.6,85.2,0.000000,820.0,987112,1834.6,114964,357.3,-0.91,-0.000878,113505,337.4,-12.49,-0.014963,90718,308.2,-41.21,-0.053117,625.2,0.000000,323.2,211235,463.4,98126,343.6,-0.85,-0.000730,98082,322.3,-18.38,-0.019896,90068,313.4,-79.33,-0.099838,265.2,0.000000,100.0,110844,1050.9,110398,350.7,0.39,0.000369,111098,335.1,4.69,0.005535,90730,309.4,-30.60,-0.039300,445.2,0.057712,307.8,75604,390.1,79803,305.1,72.65,0.057209,70745,296.4,38.68,0.032874,87563,311.1,69.54,0.085692
86.16,0.0015955,0.051298,93254,89904,90662,90872,311.5,86.2,0.000000,229.7,969063,1827.1,114379,356.8,-0.88,-0.000849,112749,336.8,-14.05,-0.016756,90634,308.2,-42.09,-0.054210,626.2,0.000000,107.7,214814,465.4,97650,343.1,-0.83,-0.000713,97295,321.6,-18.58,-0.020003,90003,313.3,-78.16,-0.098311,266.2,0.000000,100.0,109452,1047.2,110675,351.0,0.43,0.000405,110952,334.9,4.47,0.005275,90622,309.1,-31.35,-0.040240,446.2,0.055886,307.2,75524,388.6,79402,304.6,70.44,0.055269,70664,296.4,37.86,0.032151,87401,311.0,70.55,0.086805
87.14,0.0016138,0.051166,93360,90037,90553,90964,311.5,87.1,0.000000,116.7,951630,1819.8,113835,356.3,-0.83,-0.000794,111868,336.0,-15.84,-0.018775,90547,308.1,-43.02,-0.055347,627.1,0.000000,206.2,218518,467.5,97180,342.6,-0.82,-0.000703,96498,320.8,-18.85,-0.020181,89934,313.2,-77.04,-0.096852,267.1,-0.000000,367.7,108049,1043.5,110981,351.2,0.47,0.000446,110719,334.8,4.02,0.004732,90519,308.9,-32.03,-0.041093,447.1,0.051241,306.7,75340,387.1,79309,304.6,65.94,0.051686,70711,296.4,37.57,0.031912,87242,310.9,71.49,0.087817
88.13,0.0016320,0.051031,93479,90194,90437,91056,311.4,88.1,0.000000,100.0,934788,1812.6,113342,355.9,-0.75,-0.000723,110889,335.1,-17.76,-0.020925,90460,308.1,-43.99,-0.056544,628.1,0.000000,338.0,222352,469.7,96712,342.2,-0.82,-0.000701,95697,320.0,-19.19,-0.020423,89863,313.2,-76.00,-0.095482,268.1,-0.000000,587.4,106636,1039.6,111314,351.5,0.51,0.000486,110396,334.5,3.26,0.003834,90418,308.7,-32.67,-0.041902,448.1,0.051190,305.8,75160,385.7,78455,303.7,63.77,0.049592,70835,296.6,37.66,0.032034,87085,310.9,72.33,0.088724
89.12,0.0016503,0.050894,93472,90374,90315,91149,311.3,89.1,0.000000,694.7,918513,1805.6,112902,355.5,-0.68,-0.000649,109837,334.2,-19.74,-0.023099,90369,308.1,-45.01,-0.057811,629.1,0.000000,436.9,226322,471.9,96239,341.7,-0.84,-0.000710,94896,319.3,-19.60,-0.020727,89785,313.1,-75.02,-0.094188,269.1,-0.000000,976.9,105213,1035.8,111672,351.8,0.54,0.000521,109993,334.1,2.20,0.002580,90319,308.5,-33.32,-0.042713,449.1,0.048272,304.9,74918,384.3,77748,302.9,60.97,0.047112,71187,297.0,38.35,0.032727,86930,310.8,73.09,0.089521
90.21,0.0016706,0.050749,93313,90596,90192,91252,311.2,90.2,0.000000,399.8,901069,1797.9,112464,355.1,-0.61,-0.000580,108616,333.1,-21.90,-0.025432,90267,308.1,-46.21,-0.059289,630.2,0.000000,100.0,230900,474.4,95697,341.1,-0.87,-0.000732,94010,318.4,-20.11,-0.021129,89691,313.0,-73.96,-0.092796,270.2,0.000000,2199.7,103622,1031.4,112081,352.2,0.56,0.000537,109477,333.7,0.74,0.000868,90213,308.3,-34.06,-0.043648,450.2,0.043342,304.0,74538,382.7,77235,302.4,55.84,0.042933,72026,298.1,40.78,0.035098,86766,310.7,73.85,0.090305
91.20,0.0016889,0.050628,93158,90823,90103,91344,311.1,91.2,0.000000,100.0,885922,1791.1,112093,354.8,-0.58,-0.000549,107498,332.1,-23.75,-0.027381,90177,308.1,-47.32,-0.060648,631.2,0.000000,109.8,235176,476.7,95187,340.6,-0.91,-0.000763,93222,317.6,-20.62,-0.021541,89607,312.9,-73.00,-0.091534,271.2,0.000000,144.7,102181,1027.4,112441,352.5,0.55,0.000526,108978,333.2,-0.72,-0.000837,90128,308.1,-34.76,-0.044528,451.2,0.041913,302.9,74175,381.3,76314,301.4,52.93,0.040351,73094,299.3,44.20,0.038438,86630,310.6,74.47,0.090945
92.19,0.0017072,0.050515,93070,91098,90036,91437,311.1,92.2,0.000000,100.0,871276,1784.5,111714,354.4,-0.59,-0.000557,106387,331.1,-25.46,-0.029130,90094,308.1,-48.41,-0.061989,632.2,0.000000,100.0,239606,479.0,94652,340.1,-0.96,-0.000802,92446,316.8,-21.18,-0.021992,89531,312.8,-72.01,-0.090237,272.2,-0.000000,470.1,100733,1023.4,112774,352.8,0.51,0.000489,108477,332.8,-2.25,-0.002610,90056,307.9,-35.48,-0.045444,452.2,0.036937,302.1,73716,379.9,75978,301.1,47.97,0.036448,74236,300.7,47.79,0.042022,86511,310.5,75.05,0.091543
93.17,0.0017254,0.050406,93023,91400,89989,91530,311.0,93.2,0.000000,316.9,857112,1778.0,111303,354.1,-0.63,-0.000601,105301,330.1,-26.97,-0.030637,90022,308.1,-49.46,-0.063279,633.2,0.000000,231.2,244197,481.4,94087,339.5,-1.02,-0.000847,91686,316.1,-21.77,-0.022468,89470,312.8,-70.98,-0.088908,273.2,0.000000,1289.3,99280,1019.3,113059,353.0,0.44,0.000420,107991,332.4,-3.79,-0.004379,90001,307.7,-36.22,-0.046392,453.2,0.036032,300.9,73254,378.5,74930,299.9,45.46,0.034198,75285,301.9,51.07,0.045352,86410,310.5,75.59,0.092111
94.16,0.0017437,0.050301,92935,91781,89951,91623,311.0,94.2,0.000000,125.2,843412,1771.6,110826,353.6,-0.74,-0.000696,104256,329.2,-28.27,-0.031884,89963,308.1,-50.45,-0.064505,634.2,0.000000,100.0,248955,483.9,93489,338.9,-1.08,-0.000898,90945,315.3,-22.37,-0.022959,89426,312.7,-69.93,-0.087562,274.2,-0.000000,100.0,97823,1015.2,113272,353.2,0.33,0.000317,107532,332.0,-5.29,-0.006102,89961,307.6,-36.99,-0.047381,454.2,0.033243,300.0,72749,377.2,74173,299.0,42.92,0.032049,76212,303.0,53.86,0.048251,86327,310.4,76.08,0.092642
95.15,0.0017620,0.050203,92838,92217,89917,91717,310.9,95.1,0.000000,100.0,830157,1765.3,110232,353.1,-0.92,-0.000863,103264,328.2,-29.35,-0.032878,89916,308.1,-51.41,-0.065681,635.1,0.000000,100.0,253889,486.4,92854,338.2,-1.15,-0.000954,90224,314.6,-22.98,-0.023451,89397,312.6,-68.88,-0.086235,275.1,0.000000,100.0,96365,1011.0,113390,353.3,0.19,0.000180,107107,331.6,-6.75,-0.007759,89932,307.4,-37.80,-0.048413,455.1,0.031247,299.2,72221,375.8,73558,298.3,40.82,0.030304,77039,303.9,56.20,0.050733,86259,310.4,76.53,0.093126
96.13,0.0017803,0.050110,92742,92604,89893,91810,310.9,96.1,0.000000,257.6,817333,1759.2,109468,352.4,-1.18,-0.001105,102334,327.4,-30.22,-0.033647,89883,308.2,-52.33,-0.066825,636.1,0.000000,314.0,259006,488.9,92179,337.5,-1.24,-0.001016,89525,313.9,-23.58,-0.023936,89383,312.6,-67.85,-0.084950,276.1,0.000000,1894.5,94908,1006.7,113392,353.3,0.02,0.000018,106719,331.2,-8.15,-0.009342,89914,307.3,-38.63,-0.049489,456.1,0.029957,298.4,71686,374.5,73039,297.7,39.43,0.029123,77802,304.8,58.15,0.052860,86204,310.3,76.93,0.093560
97.12,0.0017985,0.050023,92658,92944,89890,91904,310.8,97.1,0.000000,445.0,804921,1753.2,108495,351.5,-1.51,-0.001404,101473,326.6,-30.94,-0.034238,89870,308.3,-53.25,-0.067966,637.1,0.000000,100.0,264314,491.6,91460,336.7,-1.32,-0.001082,88846,313.2,-24.18,-0.024404,89384,312.6,-66.86,-0.083710,277.1,0.000000,260.4,93449,1002.5,113288,353.2,-0.15,-0.000141,106373,330.9,-9.49,-0.010857,89910,307.2,-39.48,-0.050603,457.1,0.029382,297.8,71159,373.2,72622,297.2,38.94,0.028639,78533,305.6,59.77,0.054692,86165,310.3,77.28,0.093959
98.11,0.0018168,0.049941,92594,93224,89912,91998,310.8,98.1,0.000000,325.7,792909,1747.3,107303,350.4,-1.87,-0.001723,100682,325.8,-31.53,-0.034700,89888,308.4,-54.19,-0.069150,638.1,0.000000,1461.2,269821,494.2,90700,335.9,-1.41,-0.001148,88187,312.5,-24.75,-0.024853,89404,312.6,-65.88,-0.082506,278.1,0.000000,100.0,91984,998.1,113045,353.0,-0.35,-0.000340,106068,330.6,-10.79,-0.012313,89919,307.1,-40.35,-0.051729,458.1,0.029351,297.2,70652,372.0,72253,296.8,39.37,0.028851,79252,306.5,61.11,0.056278,86143,310.3,77.61,0.094342
99.21,0.0018371,0.049854,92549,93448,89961,92103,310.8,99.2,0.000000,662.8,780011,1740.8,105745,348.9,-2.25,-0.002050,99882,325.0,-32.09,-0.035122,89926,308.6,-55.25,-0.070503,639.2,0.000000,225.0,276184,497.2,89809,335.0,-1.51,-0.001217,87471,311.8,-25.36,-0.025324,89453,312.6,-64.80,-0.081196,279.2,-0.000000,100.0,90345,993.2,112574,352.6,-0.64,-0.000615,105779,330.4,-12.17,-0.013868,89958,307.0,-41.34,-0.053033,459.2,0.029953,296.7,70126,370.7,71939,296.4,40.98,0.029935,80045,307.3,62.32,0.057805,86143,310.3,77.97,0.094780
100.19,0.0018554,0.049778,92530,93599,90024,92197,310.8,100.2,0.000000,344.2,768794,1735.1,104178,347.4,-2.53,-0.002287,99225,324.4,-32.55,-0.035460,89981,308.7,-56.24,-0.071769,640.2,0.000000,543.1,282140,500.0,88972,334.1,-1.59,-0.001271,86837,311.1,-25.90,-0.025721,89524,312.7,-63.85,-0.080047,280.2,-0.000000,100.0,88868,988.7,111937,352.0,-0.94,-0.000903,105562,330.2,-13.37,-0.015215,90020,307.0,-42.29,-0.054294,460.2,0.031312,296.3,69699,369.5,71826,296.3,43.48,0.031725,80757,308.1,63.23,0.059015,86163,310.3,78.30,0.095195
101.18,0.0018737,0.049704,92530,93712,90109,92292,310.9,101.2,0.000000,261.2,757933,1729.6,102508,345.8,-2.75,-0.002454,98618,323.8,-32.99,-0.035786,90059,308.9,-57.26,-0.073102,641.2,0.000000,244.6,288324,502.9,88109,333.2,-1.65,-0.001315,86207,310.4,-26.41,-0.026092,89608,312.7,-62.89,-0.078898,281.2,-0.000000,3685.1,87408,984.3,111103,351.3,-1.25,-0.001188,105383,330.0,-14.53,-0.016509,90103,307.0,-43.29,-0.055637,461.2,0.033505,296.3,69334,368.4,71924,296.5,47.23,0.034498,81469,308.9,64.01,0.060116,86201,310.4,78.64,0.095631
102.16,0.0018919,0.049630,92550,93772,90218,92388,311.0,102.2,0.000000,204.1,747415,1724.1,100787,344.2,-2.89,-0.002547,98048,323.2,-33.43,-0.036110,90152,309.1,-58.32,-0.074473,642.2,0.000000,591.5,294745,505.8,87226,332.2,-1.71,-0.001350,85575,309.8,-26.89,-0.026437,89698,312.8,-61.88,-0.077684,282.2,-0.000000,270.5,86064,980.0,110108,350.4,-1.51,-0.001424,105234,329.8,-15.62,-0.017738,90200,307.0,-44.33,-0.057029,462.2,0.036818,296.7,69050,367.4,72200,296.8,52.31,0.038306,82178,309.7,64.71,0.061154,86266,310.4,78.97,0.096091
103.15,0.0019102,0.049556,92596,93780,90349,92484,311.1,103.2,0.000000,463.2,737228,1718.8,99060,342.5,-2.96,-0.002573,97500,322.7,-33.86,-0.036431,90251,309.3,-59.34,-0.075810,643.2,0.000000,326.5,301415,508.7,86331,331.2,-1.75,-0.001373,84936,309.1,-27.36,-0.026755,89794,312.9,-60.77,-0.076350,283.2,-0.000000,513.0,85154,976.9,109010,349.4,-1.68,-0.001582,105106,329.7,-16.65,-0.018883,90303,307.0,-45.35,-0.058400,463.2,0.041065,297.4,68864,366.4,72650,297.3,58.39,0.042946,82881,310.4,65.39,0.062172,86351,310.5,79.30,0.096562
104.14,0.0019285,0.049481,92672,93775,90495,92580,311.2,104.1,0.000000,100.0,727361,1713.5,97370,340.8,-2.95,-0.002539,96959,322.2,-34.27,-0.036731,90353,309.5,-60.28,-0.077039,644.1,0.000000,100.0,308345,511.8,85431,330.2,-1.78,-0.001387,84287,308.4,-27.81,-0.027045,89897,313.0,-59.54,-0.074865,284.1,-0.000000,169.1,85859,978.1,107866,348.3,-1.78,-0.001661,104985,329.6,-17.58,-0.019925,90403,307.1,-46.28,-0.059660,464.1,0.045744,298.5,68782,365.6,73135,297.9,64.50,0.047662,83569,311.2,66.09,0.063208,86447,310.6,79.62,0.097039
105.12,0.0019467,0.049402,92779,93768,90646,92676,311.3,105.1,0.000000,100.0,717800,1708.4,95748,339.1,-2.89,-0.002455,96406,321.6,-34.64,-0.036976,90449,309.8,-61.08,-0.078095,645.1,0.000000,642.6,315548,514.8,84532,329.3,-1.80,-0.001389,83625,307.7,-28.23,-0.027302,90004,313.1,-58.19,-0.073224,285.1,-0.000000,100.0,87023,980.5,106722,347.2,-1.81,-0.001673,104856,329.4,-18.41,-0.020849,90494,307.1,-47.07,-0.060722,465.1,0.050094,299.6,68796,364.8,73605,298.5,69.96,0.051931,84235,311.9,66.83,0.064284,86544,310.6,79.94,0.097514
106.11,0.0019650,0.049320,92920,93697,90802,92771,311.4,106.1,0.000000,628.6,708536,1703.3,94219,337.6,-2.78,-0.002332,95820,321.0,-34.91,-0.037108,90530,310.0,-61.70,-0.078907,646.1,0.000000,817.7,323037,518.0,83642,328.3,-1.80,-0.001382,82946,307.0,-28.63,-0.027524,90111,313.3,-56.71,-0.071429,286.1,0.000000,100.0,88849,984.5,105610,346.2,-1.78,-0.001637,104704,329.3,-19.14,-0.021654,90584,307.2,-47.67,-0.061548,466.1,0.053935,300.7,68894,364.1,74061,299.1,74.60,0.055618,84871,312.5,67.63,0.065407,86639,310.7,80.25,0.097982
107.20,0.0019853,0.049221,93113,93550,90984,92876,311.5,107.2,0.000000,170.0,698574,1697.8,92649,336.0,-2.60,-0.002162,95089,320.3,-34.99,-0.036989,90618,310.2,-62.16,-0.079509,647.2,0.000000,100.0,331713,521.6,82670,327.2,-1.79,-0.001362,82173,306.1,-29.02,-0.027718,90232,313.4,-54.93,-0.069238,287.2,0.000000,237.2,90554,988.0,104434,345.1,-1.72,-0.001563,104488,329.1,-19.84,-0.022416,90680,307.3,-48.11,-0.062165,467.2,0.057349,301.9,69084,363.5,74552,299.6,78.75,0.058980,85531,313.2,68.60,0.066719,86746,310.7,80.61,0.098535
108.19,0.0020035,0.049124,93324,93417,91146,92970,311.5,108.2,0.000000,284.5,689896,1693.0,91364,334.6,-2.42,-0.001990,94368,319.6,-34.91,-0.036707,90699,310.4,-62.36,-0.079791,648.2,0.000000,509.8,339856,524.9,81815,326.2,-1.77,-0.001337,81459,305.4,-29.33,-0.027840,90344,313.5,-53.19,-0.067102,288.2,0.000000,102.3,91901,990.7,103440,344.2,-1.64,-0.001480,104230,328.8,-20.40,-0.023006,90754,307.4,-48.27,-0.062398,468.2,0.060047,302.9,69315,362.9,75020,300.2,81.68,0.061444,86059,313.7,69.60,0.067997,86845,310.8,80.96,0.099062
109.18,0.0020218,0.049018,93580,93325,91302,93061,311.6,109.2,0.000000,100.0,681481,1688.2,90201,333.4,-2.23,-0.001812,93586,318.8,-34.70,-0.036273,90784,310.5,-62.37,-0.079836,649.2,0.000000,100.0,348334,528.2,80984,325.2,-1.74,-0.001306,80729,304.6,-29.59,-0.027906,90458,313.7,-51.35,-0.064841,289.2,-0.000000,835.6,93125,993.0,102510,343.3,-1.55,-0.001389,103874,328.5,-20.87,-0.023488,90815,307.5,-48.16,-0.062281,469.2,0.062124,303.8,69591,362.5,75534,300.8,84.06,0.063540,86512,314.2,70.75,0.069382,86940,310.8,81.31,0.099598
110.16,0.0020401,0.048902,93812,93258,91458,93151,311.7,110.2,0.000000,552.1,673319,1683.6,89155,332.3,-2.03,-0.001638,92733,318.0,-34.21,-0.035533,90878,310.7,-62.22,-0.079675,650.2,0.000000,100.0,357163,531.7,80176,324.3,-1.71,-0.001272,79985,303.8,-29.79,-0.027915,90574,313.8,-49.43,-0.062468,290.2,-0.000000,241.4,94241,995.0,101647,342.4,-1.45,-0.001295,103382,328.0,-21.27,-0.023855,90892,307.6,-47.82,-0.061879,470.2,0.063982,304.7,69907,362.1,76080,301.5,86.08,0.065397,86894,314.5,71.98,0.070814,87028,310.8,81.68,0.100144
111.15,0.0020583,0.048778,93983,93185,91639,93238,311.8,111.1,0.000000,662.5,665400,1679.0,88217,331.3,-1.84,-0.001476,91810,317.0,-33.44,-0.034485,90985,310.9,-61.95,-0.079375,651.1,0.000000,313.3,366363,535.2,79393,323.4,-1.67,-0.001237,79227,302.9,-29.94,-0.027868,90702,314.0,-47.41,-0.059973,291.1,0.000000,915.3,95285,996.7,100850,341.7,-1.35,-0.001199,102748,327.4,-21.67,-0.024194,90989,307.7,-47.27,-0.061206,471.1,0.065671,305.6,70260,361.8,76639,302.2,87.80,0.067044,87206,314.8,73.25,0.072262,87120,310.8,82.08,0.100734
112.14,0.0020766,0.048649,94110,93114,91881,93323,311.9,112.1,0.000000,1007.4,657716,1674.5,87374,330.4,-1.67,-0.001331,90841,316.1,-32.45,-0.033213,91124,311.2,-61.52,-0.078888,652.1,0.000000,110.7,375954,538.8,78631,322.5,-1.64,-0.001206,78456,302.1,-30.05,-0.027771,90858,314.2,-45.27,-0.057326,292.1,-0.000000,616.4,96517,998.9,100117,341.0,-1.25,-0.001105,101969,326.7,-22.10,-0.024545,91122,307.8,-46.50,-0.060277,472.1,0.067178,306.5,70646,361.5,77214,302.8,89.27,0.068525,87482,315.1,74.59,0.073758,87227,310.8,82.55,0.101431
113.13,0.0020949,0.048517,94227,93050,92291,93404,312.2,113.1,0.000000,100.0,650257,1670.1,86610,329.6,-1.53,-0.001209,89852,315.1,-31.30,-0.031791,91330,311.5,-60.86,-0.078142,653.1,0.000000,306.3,385960,542.5,77887,321.6,-1.62,-0.001179,77674,301.2,-30.12,-0.027641,91082,314.4,-42.90,-0.054420,293.1,0.000000,100.0,97453,1000.3,99448,340.3,-1.15,-0.001011,101044,325.8,-22.56,-0.024901,91323,308.0,-45.44,-0.058995,473.1,0.068551,307.3,71062,361.2,77811,303.5,90.56,0.069889,87658,315.2,76.02,0.075289,87373,310.9,83.19,0.102380
114.12,0.0021133,0.048380,94361,92994,92871,93480,312.6,114.1,0.000000,4619.2,643015,1665.8,85907,328.8,-1.41,-0.001112,88865,314.0,-30.04,-0.030272,91659,311.9,-59.86,-0.077022,654.1,0.000000,268.5,396402,546.2,77157,320.8,-1.60,-0.001159,76880,300.3,-30.18,-0.027492,91432,314.8,-40.19,-0.051111,294.1,-0.000000,100.0,98326,1001.6,98842,339.7,-1.05,-0.000919,99989,324.8,-23.05,-0.025249,91650,308.4,-43.99,-0.057247,474.1,0.069833,308.2,71506,361.1,78429,304.3,91.72,0.071170,87685,315.2,77.59,0.076872,87613,310.9,84.14,0.103829
115.11,0.0021316,0.048239,94478,92955,93383,93550,313.0,115.1,0.000000,113.1,635986,1661.5,85251,328.1,-1.33,-0.001040,87895,313.0,-28.70,-0.028701,92087,312.4,-58.59,-0.075620,655.1,0.000000,191.6,407299,550.0,76436,319.9,-1.59,-0.001147,76078,299.4,-30.23,-0.027339,91884,315.2,-37.23,-0.047518,295.1,-0.000000,243.3,99096,1002.6,98295,339.2,-0.95,-0.000831,98841,323.7,-23.54,-0.025579,92081,308.8,-42.24,-0.055154,475.1,0.071044,309.1,71977,360.9,79065,305.0,92.75,0.072375,87568,315.0,79.29,0.078505,87945,311.0,85.31,0.105629
116.21,0.0021520,0.048080,94516,92938,93808,93622,313.3,116.2,0.000000,199.1,628420,1656.9,84559,327.3,-1.26,-0.000983,86855,312.0,-27.17,-0.026941,92589,313.0,-57.13,-0.073991,656.2,0.000000,100.0,419969,554.4,75640,319.0,-1.60,-0.001140,75180,298.4,-30.31,-0.027173,92402,315.8,-33.94,-0.043485,296.2,0.000000,233.8,99924,1003.6,97749,338.6,-0.85,-0.000743,97527,322.5,-24.11,-0.025951,92583,309.3,-40.24,-0.052733,476.2,0.072250,310.1,72529,360.8,79796,305.9,93.78,0.073652,87307,314.6,81.31,0.080349,88310,311.2,86.51,0.107486
117.20,0.0021704,0.047940,94478,92947,94095,93681,313.5,117.2,0.000000,100.0,621822,1652.8,83958,326.6,-1.23,-0.000951,85964,311.0,-25.79,-0.025382,93003,313.5,-55.91,-0.072619,657.2,0.000000,539.7,431905,558.4,74926,318.1,-1.61,-0.001139,74370,297.4,-30.38,-0.027030,92822,316.2,-31.10,-0.039972,297.2,0.000000,142.2,100561,1004.2,97305,338.2,-0.78,-0.000677,96345,321.3,-24.60,-0.026250,93000,309.8,-38.54,-0.050667,477.2,0.073421,311.0,73051,360.7,80477,306.7,94.64,0.074766,87001,314.2,83.17,0.082000,88589,311.5,87.45,0.108895
118.19,0.0021887,0.047803,94412,92976,94331,93736,313.7,118.2,0.000000,145.2,615418,1648.8,83369,326.0,-1.21,-0.000931,85126,310.2,-24.43,-0.023876,93359,313.9,-54.82,-0.071377,658.2,0.000000,180.3,444374,562.5,74211,317.2,-1.62,-0.001141,73566,296.5,-30.46,-0.026889,93180,316.6,-28.42,-0.036620,298.2,0.000000,678.4,101504,1005.5,96893,337.8,-0.73,-0.000627,95193,320.2,-25.06,-0.026514,93361,310.1,-37.02,-0.048787,478.2,0.074486,311.9,73596,360.7,81168,307.5,95.40,0.075815,86655,313.8,84.96,0.083548,88827,311.8,88.25,0.110087
119.19,0.0022071,0.047672,94326,93028,94544,93788,313.9,119.2,0.000000,100.0,609202,1644.9,82786,325.3,-1.20,-0.000922,84346,309.3,-23.11,-0.022445,93660,314.3,-53.83,-0.070235,659.2,0.000000,100.0,457406,566.7,73495,316.4,-1.64,-0.001146,72780,295.6,-30.51,-0.026728,93486,316.9,-25.87,-0.033410,299.2,0.000000,100.0,102916,1007.8,96489,337.4,-0.71,-0.000614,94093,319.1,-25.49,-0.026740,93671,310.5,-35.64,-0.047085,479.2,0.071795,312.9,74103,360.7,82609,309.2,93.70,0.075362,86303,313.3,86.60,0.084941,89048,312.1,88.94,0.111095
120.18,0.0022255,0.047546,94218,93106,94709,93835,314.0,120.2,0.000000,100.0,603168,1641.1,82204,324.7,-1.21,-0.000920,83628,308.6,-21.87,-0.021104,93914,314.7,-52.93,-0.069170,660.2,0.000000,100.0,471029,571.0,72777,315.5,-1.66,-0.001151,72029,294.7,-30.49,-0.026513,93747,317.2,-23.45,-0.030343,300.2,0.000000,382.2,104081,1009.6,96064,337.0,-0.75,-0.000641,93058,318.1,-25.86,-0.026924,93938,310.8,-34.43,-0.045563,480.2,0.076255,313.6,74689,360.8,82990,309.7,95.52,0.077063,85974,312.9,88.06,0.086169,89259,312.5,89.48,0.111906
121.17,0.0022440,0.047428,94100,93210,94797,93880,314.1,121.2,0.000000,236.2,597313,1637.3,81624,324.0,-1.21,-0.000918,82972,307.9,-20.70,-0.019863,94112,314.9,-52.12,-0.068198,661.2,0.000000,100.0,485273,575.4,72058,314.6,-1.67,-0.001154,71318,293.9,-30.39,-0.026241,93959,317.4,-21.20,-0.027481,301.2,-0.000000,434.1,105210,1011.2,95591,336.5,-0.83,-0.000711,92099,317.2,-26.18,-0.027054,94156,311.0,-33.41,-0.044278,481.2,0.077244,314.7,75297,360.9,83486,310.3,96.75,0.078373,85689,312.5,89.31,0.087216,89452,312.8,89.80,0.112431
122.17,0.0022624,0.047316,93981,93339,94833,93921,314.1,122.2,0.000000,291.2,591583,1633.5,81049,323.4,-1.21,-0.000913,82376,307.2,-19.61,-0.018728,94246,315.2,-51.41,-0.067321,662.2,0.000000,100.0,500171,579.8,71340,313.7,-1.69,-0.001156,70640,293.1,-30.23,-0.025930,94111,317.6,-19.16,-0.024863,302.2,-0.000000,861.4,106304,1012.7,95043,335.9,-0.96,-0.000821,91221,316.3,-26.42,-0.027116,94317,311.2,-32.62,-0.043280,482.2,0.078037,315.4,75923,361.0,83997,310.8,97.21,0.079081,85459,312.2,90.33,0.088065,89617,313.2,89.87,0.112591
123.16,0.0022808,0.047211,93863,93488,94874,93961,314.2,123.2,-0.000000,328.9,585860,1629.4,80481,322.7,-1.20,-0.000902,81833,306.6,-18.62,-0.017701,94323,315.3,-50.74,-0.066457,663.2,0.000000,384.8,515759,584.4,70624,312.8,-1.70,-0.001156,69998,292.3,-30.03,-0.025590,94211,317.7,-17.28,-0.022435,303.2,0.000000,283.4,107389,1014.1,94396,335.3,-1.14,-0.000966,90419,315.5,-26.60,-0.027131,94433,311.4,-32.03,-0.042534,483.2,0.074650,316.3,76499,361.1,85311,312.4,95.11,0.078190,85291,311.9,91.10,0.088731,89740,313.6,89.67,0.112362
124.16,0.0022993,0.047113,93743,93649,94892,93998,314.2,124.2,0.000000,430.7,580297,1625.3,79926,322.1,-1.18,-0.000883,81335,306.1,-17.73,-0.016781,94358,315.4,-50.02,-0.065511,664.2,0.000000,137.3,532071,589.0,69910,311.9,-1.71,-0.001155,69406,291.6,-29.70,-0.025150,94279,317.7,-15.50,-0.020139,304.2,0.000000,100.0,108445,1015.4,93632,334.5,-1.35,-0.001141,89689,314.7,-26.73,-0.027109,94518,311.5,-31.61,-0.041996,484.2,0.078738,316.9,77145,361.3,85603,312.7,96.21,0.079281,85181,311.6,91.68,0.089244,89847,313.9,89.26,0.111875
125.16,0.0023177,0.047022,93626,93825,94808,94034,314.1,125.2,0.000000,108.3,574896,1621.2,79392,321.5,-1.15,-0.000854,80873,305.6,-16.94,-0.015965,94354,315.5,-49.30,-0.064545,665.2,0.000000,681.9,549140,593.8,69197,311.0,-1.73,-0.001157,68880,291.0,-29.18,-0.024577,94306,317.8,-13.90,-0.018066,305.2,0.000000,423.2,109421,1016.5,92740,333.6,-1.59,-0.001333,89024,314.0,-26.83,-0.027068,94554,311.6,-31.43,-0.041756,485.2,0.079115,317.7,77802,361.5,85982,313.2,96.68,0.079913,85125,311.5,92.07,0.089620,89927,314.1,88.65,0.111108
126.15,0.0023361,0.046937,93521,94018,94643,94069,314.0,126.2,0.000000,301.1,569650,1617.3,78884,320.9,-1.10,-0.000815,80436,305.1,-16.24,-0.015246,94302,315.6,-48.66,-0.063672,666.2,0.000000,127.2,567006,598.7,68482,310.0,-1.75,-0.001162,68433,290.4,-28.45,-0.023857,94281,317.8,-12.55,-0.016304,306.2,0.000000,171.9,110254,1017.3,91723,332.5,-1.83,-0.001523,88421,313.4,-26.91,-0.027011,94525,311.7,-31.45,-0.041768,486.2,0.075372,318.4,78403,361.7,87401,314.8,93.66,0.078281,85127,311.3,92.27,0.089849,89962,314.4,87.80,0.110010
127.15,0.0023546,0.046858,93435,94188,94484,94104,313.8,127.1,0.000000,491.5,564550,1613.4,78406,320.3,-1.04,-0.000769,80015,304.7,-15.62,-0.014614,94201,315.6,-48.07,-0.062833,667.1,0.000000,318.8,585718,603.6,67763,309.1,-1.78,-0.001173,68059,290.0,-27.49,-0.022959,94209,317.7,-11.40,-0.014803,307.1,-0.000000,733.2,110873,1017.6,90599,331.4,-2.05,-0.001688,87877,312.8,-26.96,-0.026944,94454,311.7,-31.66,-0.042007,487.1,0.079111,319.0,79069,361.9,87473,314.9,94.55,0.079071,85186,311.3,92.31,0.089970,89968,314.5,86.78,0.108682
128.15,0.0023731,0.046783,93370,94313,94383,94138,313.7,128.1,0.000000,447.4,559589,1609.6,77962,319.8,-0.98,-0.000717,79602,304.2,-15.08,-0.014057,94086,315.6,-47.43,-0.061912,668.1,0.000000,134.1,605322,608.7,67035,308.1,-1.81,-0.001188,67752,289.6,-26.29,-0.021886,94120,317.6,-10.34,-0.013412,308.1,0.000000,454.0,111276,1017.4,89401,330.1,-2.22,-0.001810,87388,312.3,-26.99,-0.026874,94363,311.6,-32.03,-0.042460,488.1,0.078952,319.4,79736,362.1,87666,315.1,94.59,0.079228,85300,311.3,92.29,0.090069,89979,314.7,85.72,0.107314
129.14,0.0023915,0.046711,93324,94410,94308,94172,313.7,129.1,-0.000000,241.9,554758,1605.8,77553,319.3,-0.91,-0.000662,79189,303.8,-14.61,-0.013566,93967,315.5,-46.61,-0.060773,669.1,0.000000,4694.1,625865,613.9,66301,307.2,-1.85,-0.001202,67505,289.3,-24.87,-0.020653,94038,317.5,-9.30,-0.012059,309.1,-0.000000,292.8,111488,1016.8,88164,328.8,-2.33,-0.001877,86944,311.9,-27.02,-0.026802,94276,311.6,-32.47,-0.043010,489.1,0.074663,320.0,80339,362.3,89011,316.6,91.47,0.077414,85461,311.4,92.18,0.090108,90003,314.8,84.68,0.106022
130.14,0.0024100,0.046643,93288,94508,94208,94205,313.6,130.1,-0.000000,374.8,550051,1602.1,77180,318.9,-0.83,-0.000606,78772,303.3,-14.20,-0.013132,93850,315.5,-45.66,-0.059471,670.1,0.000000,100.0,647391,619.1,65565,306.2,-1.87,-0.001208,67308,289.1,-23.28,-0.019286,93953,317.5,-8.32,-0.010783,310.1,0.000000,100.0,111533,1015.9,86927,327.5,-2.37,-0.001890,86534,311.4,-27.02,-0.026720,94188,311.7,-32.98,-0.043638,490.1,0.078176,320.6,81002,362.6,88992,316.6,92.12,0.077953,85666,311.5,91.89,0.089997,90021,314.8,83.67,0.104766
131.14,0.0024285,0.046577,93259,94636,94095,94238,313.5,131.1,0.000000,339.8,545460,1598.5,76843,318.5,-0.76,-0.000549,78348,302.8,-13.83,-0.012746,93738,315.5,-44.66,-0.058100,671.1,0.000000,242.0,669954,624.5,64840,305.2,-1.87,-0.001195,67151,288.9,-21.54,-0.017814,93857,317.4,-7.38,-0.009557,311.1,-0.000000,361.2,111432,1014.6,85724,326.2,-2.34,-0.001852,86144,311.0,-27.00,-0.026608,94092,311.7,-33.55,-0.044351,491.1,0.077676,320.9,81662,362.8,89125,316.7,91.91,0.077856,85924,311.7,91.40,0.089743,90025,314.8,82.67,0.103517
132.14,0.0024469,0.046513,93241,94815,93986,94271,313.4,132.1,0.000000,299.0,540976,1594.9,76541,318.1,-0.68,-0.000493,77914,302.3,-13.51,-0.012401,93630,315.5,-43.62,-0.056687,672.1,0.000000,100.0,693610,630.0,64136,304.3,-1.84,-0.001165,67021,288.7,-19.70,-0.016270,93760,317.3,-6.48,-0.008383,312.1,0.000000,100.0,111188,1012.9,84578,324.9,-2.27,-0.001775,85758,310.6,-26.92,-0.026449,93992,311.7,-34.16,-0.045112,492.1,0.073198,321.4,82256,363.0,90312,318.1,89.02,0.076089,86241,311.8,90.82,0.089443,90017,314.8,81.70,0.102298
133.13,0.0024654,0.046450,93244,95017,93887,94303,313.3,133.1,0.000000,856.2,536591,1591.4,76273,317.8,-0.61,-0.000439,77471,301.8,-13.23,-0.012092,93532,315.5,-42.57,-0.055264,673.1,0.000000,157.9,718417,635.6,63460,303.4,-1.79,-0.001126,66907,288.6,-17.80,-0.014684,93665,317.2,-5.60,-0.007240,313.1,0.000000,257.1,110788,1011.0,83507,323.7,-2.15,-0.001670,85361,310.2,-26.77,-0.026218,93898,311.7,-34.81,-0.045920,493.1,0.076543,321.9,82908,363.3,90271,318.0,89.29,0.076291,86586,312.1,90.15,0.089072,90003,314.7,80.77,0.101138
134.13,0.0024839,0.046387,93273,95149,93807,94335,313.2,134.1,0.000000,12728.2,532297,1587.9,76036,317.5,-0.54,-0.000390,77022,301.3,-12.97,-0.011811,93455,315.5,-41.54,-0.053883,674.1,0.000000,355.2,744435,641.3,62815,302.5,-1.73,-0.001079,66803,288.5,-15.87,-0.013081,93579,317.1,-4.71,-0.006090,314.1,-0.000000,100.0,110241,1008.7,82520,322.6,-2.01,-0.001548,84940,309.7,-26.51,-0.025872,93817,311.7,-35.49,-0.046770,494.1,0.072063,336.0,83494,363.5,91647,319.6,85.37,0.073701,86963,312.4,89.49,0.088728,89990,314.6,79.91,0.100067
135.13,0.0025024,0.046323,93327,95214,93746,94366,313.2,135.1,0.000000,243.5,528090,1584.4,75824,317.3,-0.48,-0.000348,76569,300.8,-12.75,-0.011553,93396,315.5,-40.53,-0.052534,675.1,0.000000,100.0,771727,647.1,62207,301.6,-1.65,-0.001021,66700,288.3,-13.95,-0.011482,93508,317.1,-3.80,-0.004905,315.1,-0.000000,306.0,109632,1006.2,81620,321.6,-1.86,-0.001419,84484,309.2,-26.11,-0.025387,93755,311.8,-36.19,-0.047655,495.1,0.075024,322.7,84133,363.8,91480,319.4,86.38,0.074478,87372,312.7,88.90,0.088466,89984,314.6,79.13,0.099108
136.13,0.0025209,0.046257,93404,95233,93704,94396,313.1,136.1,-0.000000,405.5,523961,1581.0,75631,317.0,-0.44,-0.000316,76119,300.3,-12.54,-0.011315,93355,315.5,-39.54,-0.051218,676.1,0.000000,1353.9,800358,653.1,61647,300.9,-1.53,-0.000944,66594,288.2,-12.04,-0.009898,93454,317.0,-2.85,-0.003676,316.1,0.000000,119.6,109231,1004.2,80808,320.7,-1.70,-0.001288,83983,308.7,-25.56,-0.024746,93710,311.8,-36.91,-0.048564,496.1,0.074514,323.0,84770,364.1,91476,319.4,86.27,0.074385,87792,313.0,88.32,0.088212,89985,314.5,78.45,0.098265
137.13,0.0025394,0.046187,93506,95223,93669,94426,313.1,137.1,-0.000000,257.1,519905,1577.6,75450,316.8,-0.41,-0.000296,75676,299.8,-12.34,-0.011094,93337,315.6,-38.55,-0.049914,677.1,0.000000,6373.7,830394,659.1,61155,300.2,-1.36,-0.000837,66484,288.1,-10.15,-0.008332,93423,317.0,-1.83,-0.002364,317.1,0.000000,100.0,110130,1004.9,80078,319.9,-1.54,-0.001161,83435,308.1,-24.85,-0.023942,93688,311.9,-37.61,-0.049463,497.1,0.069964,323.4,85343,364.3,92725,320.8,83.03,0.072257,88220,313.4,87.71,0.087942,90004,314.5,77.86,0.097564
138.13,0.0025579,0.046114,93632,95200,93650,94454,313.1,138.1,0.000000,108.4,515914,1574.2,75273,316.6,-0.40,-0.000289,75247,299.3,-12.16,-0.010890,93361,315.7,-37.47,-0.048520,678.1,0.000000,100.0,861908,665.3,60754,299.6,-1.13,-0.000691,66368,287.9,-8.26,-0.006779,93436,317.0,-0.67,-0.000868,318.1,0.000000,229.1,114154,1012.1,79427,319.1,-1.39,-0.001041,82842,307.5,-23.98,-0.022986,93710,312.1,-38.22,-0.050250,498.1,0.073045,323.9,85970,364.6,92628,320.7,83.58,0.072685,88662,313.7,87.10,0.087668,90063,314.5,77.43,0.097083
139.13,0.0025765,0.046034,93778,95160,93667,94482,313.1,139.1,-0.000000,100.0,511981,1570.9,75091,316.4,-0.41,-0.000294,74834,298.9,-12.00,-0.010702,93382,315.8,-36.44,-0.047187,679.1,0.000000,842.3,894972,671.6,60466,299.2,-0.83,-0.000507,66247,287.8,-6.38,-0.005227,93421,317.0,0.41,0.000523,319.1,-0.000000,554.1,120574,1024.0,78848,318.5,-1.25,-0.000929,82212,306.8,-22.97,-0.021899,93722,312.2,-38.86,-0.051070,499.1,0.072356,324.2,86593,364.8,92734,320.8,83.30,0.072501,89111,314.1,86.46,0.087360,90107,314.5,77.01,0.096602
140.13,0.0025950,0.045950,93932,95092,93701,94508,313.1,140.1,-0.000000,308.7,508101,1567.6,74899,316.2,-0.44,-0.000311,74445,298.4,-11.86,-0.010539,93402,315.9,-35.38,-0.045800,680.1,0.000000,842.6,929641,677.9,60308,299.0,-0.48,-0.000294,66123,287.6,-4.48,-0.003668,93413,317.0,1.53,0.001970,320.1,-0.000000,3884.7,127487,1036.3,78335,317.9,-1.11,-0.000827,81555,306.1,-21.85,-0.020720,93726,312.4,-39.42,-0.051789,500.1,0.068025,324.7,87157,365.1,93800,321.9,80.75,0.070829,89570,314.5,85.79,0.087018,90156,314.6,76.66,0.096205
141.13,0.0026135,0.045859,94079,95009,93755,94534,313.2,141.1,-0.000000,314.8,504268,1564.3,74690,315.9,-0.47,-0.000337,74077,298.0,-11.74,-0.010397,93427,316.0,-34.20,-0.044276,681.1,0.000000,332.7,965974,684.4,60286,299.0,-0.11,-0.000067,66003,287.5,-2.56,-0.002092,93430,317.0,2.74,0.003537,321.1,-0.000000,269.2,134331,1047.8,77879,317.3,-1.00,-0.000736,80884,305.4,-20.68,-0.019490,93738,312.5,-39.83,-0.052310,501.1,0.071104,325.1,87775,365.3,93779,321.9,80.87,0.070922,90041,314.9,85.08,0.086647,90220,314.6,76.38,0.095915
142.13,0.0026320,0.045763,94216,94934,93828,94557,313.3,142.1,0.000000,100.0,500476,1561.0,74459,315.6,-0.52,-0.000371,73731,297.6,-11.65,-0.010276,93461,316.1,-32.86,-0.042549,682.1,0.000000,590.8,1004037,691.0,60379,299.1,0.22,0.000132,65890,287.3,-0.60,-0.000491,93469,317.0,4.06,0.005238,322.1,-0.000000,100.0,140850,1058.1,77473,316.9,-0.89,-0.000657,80214,304.6,-19.48,-0.018252,93758,312.7,-40.03,-0.052564,502.1,0.066768,325.4,88334,365.6,95017,323.2,77.68,0.068747,90533,315.3,84.37,0.086273,90302,314.6,76.19,0.095740
143.13,0.0026505,0.045661,94344,94854,93917,94578,313.4,143.1,-0.000000,3756.6,496715,1557.8,74204,315.3,-0.58,-0.000410,73408,297.2,-11.58,-0.010182,93509,316.2,-31.35,-0.040594,683.1,0.000000,306.0,1043893,697.7,60590,299.4,0.55,0.000333,65792,287.2,1.40,0.001141,93528,317.0,5.48,0.007075,323.1,-0.000013,888.2,146195,1065.8,77126,316.5,-0.82,-0.000603,79556,303.9,-18.29,-0.017041,93782,312.8,-39.97,-0.052475,503.1,0.069684,325.9,88946,365.9,94928,323.1,78.41,0.069345,91058,315.7,83.68,0.085946,90399,314.7,76.07,0.095685
144.12,0.0026689,0.045556,94455,94746,94027,94596,313.5,144.1,-0.000000,362.6,492979,1554.5,73924,315.0,-0.64,-0.000451,73105,296.9,-11.53,-0.010112,93565,316.3,-29.61,-0.038347,684.1,0.000000,207.4,1085603,704.5,60903,299.8,0.83,0.000509,65714,287.1,3.44,0.002805,93604,317.0,6.99,0.009043,324.1,-0.000065,884.3,151474,1073.1,76857,316.3,-0.83,-0.000607,78920,303.2,-17.15,-0.015883,93817,312.9,-39.62,-0.052009,504.1,0.069156,326.2,89557,366.2,95039,323.2,78.28,0.069292,91631,316.3,83.08,0.085730,90514,314.7,76.01,0.095711
145.12,0.0026874,0.045448,94541,94623,94156,94610,313.6,145.1,-0.000000,108.5,489263,1551.2,73621,314.6,-0.70,-0.000491,72826,296.5,-11.50,-0.010058,93633,316.4,-27.57,-0.035718,685.1,0.000000,948.1,1129227,711.3,61292,300.3,1.05,0.000642,65659,287.1,5.53,0.004504,93699,317.0,8.62,0.011155,325.1,-0.000081,880.6,156094,1078.9,76590,316.1,-0.89,-0.000647,78314,302.5,-16.06,-0.014796,93871,313.1,-38.94,-0.051122,505.1,0.065040,326.7,90113,366.4,96136,324.4,75.86,0.067685,92266,316.8,82.62,0.085687,90656,314.8,75.96,0.095782
146.11,0.0027058,0.045337,94612,94519,94249,94621,313.7,146.1,-0.000000,455.1,485560,1548.0,73296,314.2,-0.75,-0.000527,72570,296.2,-11.49,-0.010027,93699,316.5,-25.26,-0.032740,686.1,0.000000,100.0,1174831,718.3,61730,300.9,1.19,0.000734,65628,287.0,7.66,0.006231,93796,317.0,10.28,0.013314,326.1,-0.000111,877.2,160185,1083.7,76337,316.0,-0.97,-0.000705,77746,301.9,-15.05,-0.013789,93929,313.3,-38.00,-0.049878,506.1,0.068114,327.2,90725,366.7,96180,324.4,76.25,0.068057,92961,317.5,82.30,0.085823,90801,314.9,75.87,0.095794
147.11,0.0027242,0.045225,94686,94445,94280,94628,313.7,147.1,-0.000000,100.0,481865,1544.7,72953,313.8,-0.80,-0.000557,72337,296.0,-11.51,-0.010018,93737,316.6,-22.80,-0.029555,687.1,0.000000,100.0,1222483,725.3,62198,301.6,1.27,0.000788,65628,287.0,9.81,0.007982,93858,317.0,11.86,0.015379,327.1,-0.000156,874.3,162850,1086.2,76110,316.0,-1.09,-0.000787,77217,301.3,-14.11,-0.012869,93960,313.4,-36.89,-0.048417,507.1,0.064186,327.6,91286,367.0,97457,325.7,73.21,0.065945,93700,318.2,82.08,0.086088,90917,314.9,75.60,0.095570
148.21,0.0027446,0.045097,94819,94376,94267,94631,313.8,148.2,-0.000000,150.9,477761,1541.1,72558,313.3,-0.83,-0.000582,72100,295.7,-11.55,-0.010028,93734,316.7,-19.96,-0.025873,688.2,0.000000,315.8,1277900,733.3,62730,302.3,1.30,0.000813,65674,287.1,12.20,0.009934,93870,316.9,13.51,0.017519,328.2,-0.000224,871.1,165893,1088.9,75895,316.2,-1.28,-0.000925,76679,300.7,-13.16,-0.011942,93941,313.5,-35.49,-0.046563,508.2,0.067071,328.1,91968,367.3,97403,325.6,74.21,0.066825,94543,318.9,81.88,0.086439,91007,314.9,75.05,0.094969
149.20,0.0027630,0.044975,95073,94310,94248,94629,313.8,149.2,0.000000,100.0,474063,1537.8,72196,312.9,-0.85,-0.000594,71904,295.4,-11.58,-0.010035,93709,316.7,-17.33,-0.022448,689.2,0.000000,100.0,1330042,740.4,63207,302.9,1.29,0.000811,65761,287.2,14.34,0.011681,93845,316.7,14.92,0.019358,329.2,-0.000321,868.7,167875,1090.1,75742,316.5,-1.55,-0.001114,76242,300.2,-12.37,-0.011177,93891,313.6,-34.04,-0.044624,509.2,0.066673,328.5,92585,367.7,97554,325.8,74.19,0.066885,95296,319.7,81.68,0.086716,91074,314.9,74.37,0.094180
150.19,0.0027814,0.044840,95448,94250,94231,94623,313.8,150.2,-0.000000,375.5,470358,1534.5,71834,312.4,-0.86,-0.000597,71721,295.2,-11.59,-0.010030,93681,316.7,-14.59,-0.018894,690.2,0.000000,564.3,1384367,747.7,63673,303.5,1.26,0.000794,65905,287.4,16.49,0.013459,93799,316.6,16.36,0.021219,330.2,-0.000444,866.3,169074,1090.1,75628,317.1,-1.92,-0.001376,75854,299.8,-11.61,-0.010450,93836,313.7,-32.36,-0.042391,510.2,0.062756,328.9,93153,368.0,98590,326.8,72.06,0.065446,96023,320.3,81.40,0.086892,91149,314.9,73.57,0.093240
151.18,0.0027997,0.044691,95753,94204,94173,94613,313.7,151.2,-0.000000,1203.0,466638,1531.1,71478,312.0,-0.85,-0.000590,71548,295.0,-11.59,-0.010011,93644,316.7,-11.80,-0.015274,691.2,0.000000,595.0,1440908,755.0,64130,304.1,1.23,0.000778,66133,287.7,18.71,0.015306,93729,316.4,17.80,0.023088,331.2,-0.000573,864.4,169867,1089.4,75524,318.0,-2.38,-0.001703,75521,299.4,-10.85,-0.009742,93778,313.7,-30.53,-0.039963,511.2,0.065724,329.5,93775,368.3,98672,326.9,72.36,0.065756,96711,321.0,81.02,0.086931,91221,314.9,72.62,0.092121
152.17,0.0028180,0.044532,95947,94176,94050,94600,313.6,152.2,0.000000,331.9,462900,1527.8,71131,311.5,-0.84,-0.000576,71394,294.8,-11.50,-0.009917,93573,316.6,-9.08,-0.011749,692.2,0.000000,266.4,1499688,762.3,64581,304.7,1.20,0.000767,66478,288.1,21.03,0.017268,93619,316.1,19.16,0.024844,332.2,-0.000727,862.9,170319,1088.2,75436,319.1,-2.93,-0.002086,75249,299.1,-10.10,-0.009038,93693,313.7,-28.70,-0.037534,512.2,0.061853,329.8,94349,368.6,99843,328.0,69.78,0.063944,97352,321.6,80.52,0.086806,91260,314.8,71.48,0.090728
153.16,0.0028363,0.044368,96070,94167,93887,94583,313.5,153.2,-0.000000,203.7,459137,1524.4,70797,311.1,-0.81,-0.000557,71284,294.7,-11.23,-0.009673,93462,316.5,-6.51,-0.008410,693.2,0.000000,207.5,1560714,769.7,65032,305.3,1.19,0.000765,66975,288.7,23.50,0.019397,93463,315.8,20.41,0.026449,333.2,-0.000907,861.2,169604,1085.3,75367,320.5,-3.57,-0.002528,75054,298.9,-9.30,-0.008311,93573,313.7,-26.96,-0.035211,513.2,0.064581,330.4,94974,368.9,99923,328.1,70.45,0.064599,97942,322.1,79.89,0.086498,91258,314.7,70.16,0.089076
154.15,0.0028546,0.044201,96157,94179,93708,94563,313.4,154.1,-0.000000,202.1,455345,1520.9,70477,310.7,-0.79,-0.000536,71217,294.6,-10.76,-0.009262,93321,316.4,-4.06,-0.005245,694.1,0.000000,337.6,1623969,777.1,65492,305.9,1.20,0.000776,67651,289.6,26.15,0.021740,93273,315.5,21.59,0.027950,334.1,-0.001115,859.9,169554,1083.3,75323,322.3,-4.30,-0.003028,74972,298.8,-8.34,-0.007449,93427,313.6,-25.31,-0.033014,514.1,0.060964,330.9,95556,369.2,101179,329.3,68.01,0.062911,98473,322.7,79.12,0.085990,91216,314.6,68.76,0.087298
155.14,0.0028729,0.044032,96225,94212,93515,94540,313.2,155.1,-0.000000,100.0,451520,1517.5,70171,310.3,-0.75,-0.000514,71178,294.6,-10.13,-0.008713,93158,316.3,-1.72,-0.002218,695.1,0.000000,100.0,1689416,784.5,65967,306.5,1.24,0.000800,68508,290.6,28.96,0.024293,93060,315.2,22.74,0.029397,335.1,-0.001353,858.8,168351,1079.6,75306,324.5,-5.14,-0.003588,74975,298.8,-7.22,-0.006445,93264,313.6,-23.75,-0.030929,515.1,0.063806,331.7,96191,369.6,101281,329.3,68.98,0.063861,98941,323.1,78.19,0.085272,91140,314.4,67.37,0.085509
156.13,0.0028912,0.043863,96259,94248,93319,94515,313.1,156.1,-0.000000,1486.4,447655,1514.0,69879,310.0,-0.72,-0.000491,71159,294.6,-9.30,-0.008002,92941,316.1,0.42,0.000544,696.1,0.000000,100.0,1756992,791.9,66465,307.2,1.29,0.000837,69512,291.9,31.82,0.026970,92832,314.8,23.87,0.030820,336.1,-0.001620,857.8,167004,1075.6,75319,327.3,-6.07,-0.004208,75091,298.9,-5.90,-0.005271,93087,313.5,-22.25,-0.028924,516.1,0.060480,343.4,96788,369.9,102780,330.7,66.70,0.062395,99342,323.5,77.12,0.084339,91040,314.2,66.02,0.083752
157.11,0.0029095,0.043696,96242,94297,93109,94487,312.9,157.1,0.000000,482.1,443749,1510.4,69601,309.6,-0.69,-0.000468,71201,294.6,-8.22,-0.007073,92694,315.8,2.43,0.003125,697.1,0.000000,100.0,1827074,800.4,66995,307.8,1.35,0.000886,70596,293.2,34.53,0.029593,92596,314.5,24.99,0.032217,337.1,-0.001920,856.6,165629,1071.5,75372,330.7,-7.11,-0.004877,75331,299.2,-4.26,-0.003820,92900,313.4,-20.80,-0.027005,517.1,0.063777,332.9,97446,370.3,102857,330.7,68.10,0.063751,99680,323.8,75.90,0.083203,90931,314.0,64.72,0.082058
158.21,0.0029298,0.043514,96192,94370,92878,94453,312.7,158.2,0.000000,100.0,439365,1506.4,69310,309.2,-0.65,-0.000441,71358,294.8,-6.62,-0.005704,92453,315.5,4.62,0.005932,698.2,0.000000,1258.8,1909830,809.9,67624,308.6,1.44,0.000948,71797,294.6,37.12,0.032192,92329,314.1,26.21,0.033740,338.2,-0.002271,855.9,164258,1067.2,75475,335.2,-8.39,-0.005690,75752,299.7,-2.11,-0.001896,92690,313.2,-19.29,-0.024993,518.2,0.063893,333.4,98193,370.8,103374,331.1,69.01,0.064856,99992,324.2,74.41,0.081739,90794,313.8,63.40,0.080315
159.19,0.0029481,0.043354,96155,94433,92672,94420,312.5,159.2,-0.000000,590.4,435388,1502.8,69062,308.9,-0.62,-0.000419,71586,295.1,-4.79,-0.004140,92253,315.3,6.52,0.008349,699.2,0.000000,285.1,1990898,820.2,68229,309.4,1.52,0.001009,72811,295.8,38.93,0.034101,92089,313.7,27.30,0.035090,339.2,-0.002682,855.3,162582,1062.6,75625,340.1,-9.72,-0.006503,76243,300.2,0.02,0.000015,92504,313.1,-18.02,-0.023307,519.2,0.060934,334.5,98835,371.2,104570,332.3,67.58,0.064029,100227,324.4,72.97,0.080293,90654,313.6,62.36,0.078925
160.18,0.0029663,0.043198,96092,94492,92468,94385,312.3,160.2,0.000000,100.0,431379,1499.1,68826,308.6,-0.60,-0.000400,71875,295.4,-2.74,-0.002374,92063,315.0,8.30,0.010623,700.2,0.000000,100.0,2080453,833.1,68876,310.2,1.61,0.001077,73739,296.9,40.27,0.035590,91851,313.4,28.38,0.036418,340.2,-0.003137,854.6,160919,1057.9,75853,346.0,-11.21,-0.007394,76782,300.8,2.13,0.001938,92320,313.0,-16.83,-0.021740,520.2,0.064157,334.8,99536,371.6,104983,332.6,68.36,0.064972,100426,324.6,71.51,0.078782,90499,313.4,61.48,0.077742
161.17,0.0029846,0.043048,95962,94543,92270,94347,312.2,161.2,0.000000,278.4,427337,1495.4,68601,308.3,-0.57,-0.000382,72183,295.8,-0.59,-0.000514,91883,314.8,9.95,0.012719,701.2,0.000000,651.5,2180789,849.2,69576,311.1,1.73,0.001162,74584,297.9,41.21,0.036716,91616,313.1,29.44,0.037721,341.2,-0.003638,854.3,160098,1054.5,76158,353.1,-12.85,-0.008345,77319,301.4,4.07,0.003713,92138,312.9,-15.73,-0.020286,521.2,0.061048,335.6,100205,372.0,106200,333.7,66.77,0.063974,100608,324.8,70.01,0.077226,90330,313.1,60.81,0.076812
162.15,0.0030028,0.042906,95786,94581,92084,94307,312.0,162.2,0.000000,390.5,423259,1491.6,68387,308.1,-0.54,-0.000363,72476,296.1,1.51,0.001315,91712,314.5,11.46,0.014634,702.2,0.000000,100.0,2294267,869.3,70352,312.0,1.89,0.001285,75352,298.8,41.83,0.037541,91388,312.8,30.50,0.039011,342.2,-0.004188,854.0,158669,1050.1,76539,361.4,-14.66,-0.009344,77819,302.0,5.70,0.005224,91964,312.7,-14.71,-0.018936,522.2,0.064028,336.1,100930,372.4,106508,333.9,67.20,0.064537,100789,325.0,68.49,0.075635,90149,312.9,60.43,0.076228
163.14,0.0030210,0.042774,95627,94613,91913,94265,311.9,163.1,0.000000,100.0,419143,1487.8,68191,307.8,-0.50,-0.000334,72729,296.4,3.46,0.003027,91547,314.3,12.86,0.016399,703.1,0.000000,150.7,2423244,894.0,71247,313.1,2.15,0.001474,76038,299.6,42.16,0.038083,91169,312.5,31.55,0.040301,343.1,-0.004787,854.0,157612,1046.2,77002,371.1,-16.61,-0.010370,78267,302.5,6.96,0.006406,91802,312.6,-13.75,-0.017684,523.1,0.060477,336.7,101615,372.9,107620,334.9,65.52,0.063384,100975,325.2,66.94,0.074022,89954,312.7,60.23,0.075865
164.12,0.0030393,0.042650,95513,94647,91761,94220,311.7,164.1,0.000000,1284.6,414989,1483.9,68025,307.6,-0.43,-0.000285,72932,296.6,5.22,0.004571,91390,314.0,14.17,0.018053,704.1,0.000000,107.0,2569989,923.8,72321,314.4,2.54,0.001761,76664,300.3,42.35,0.038477,90964,312.3,32.62,0.041607,344.1,-0.005434,854.2,156821,1042.7,77556,382.5,-18.68,-0.011400,78659,302.9,7.83,0.007237,91655,312.5,-12.86,-0.016513,524.1,0.059956,337.3,102305,373.3,108857,336.0,63.09,0.061530,101170,325.4,65.39,0.072400,89752,312.5,60.18,0.075681
165.10,0.0030575,0.042532,95417,94684,91623,94173,311.6,165.1,-0.000000,205.3,409596,1479.1,67913,307.4,-0.30,-0.000198,73082,296.8,6.76,0.005928,91244,313.8,15.41,0.019615,705.1,0.000000,125.2,2736581,959.3,73645,316.0,3.08,0.002160,77229,300.9,42.30,0.038631,90773,312.1,33.71,0.042929,345.1,-0.006127,854.7,155229,1038.0,78215,395.6,-20.84,-0.012404,78995,303.3,8.35,0.007737,91525,312.4,-12.03,-0.015424,525.1,0.062313,337.8,103043,373.8,108797,335.9,63.62,0.062035,101378,325.7,63.85,0.070781,89538,312.3,60.31,0.075724
166.20,0.0030777,0.042408,95293,94771,91480,94117,311.5,166.2,0.000000,126.1,403449,1473.5,67886,307.4,-0.08,-0.000052,73190,297.0,8.22,0.007214,91091,313.5,16.71,0.021251,706.2,0.000000,1664.4,2947090,1005.7,75471,318.1,3.78,0.002698,77787,301.6,42.02,0.038561,90575,311.9,34.91,0.044397,346.2,-0.006896,855.9,153672,1032.9,79092,412.5,-23.30,-0.013446,79300,303.6,8.52,0.007915,91393,312.3,-11.17,-0.014313,526.2,0.058329,338.2,103811,374.3,109714,336.7,61.32,0.060151,101628,325.9,62.14,0.069006,89283,312.0,60.72,0.076079
167.18,0.0030959,0.042303,95171,94884,91357,94064,311.4,167.2,0.000000,208.2,397845,1468.4,67936,307.5,0.10,0.000069,73249,297.0,9.36,0.008217,90961,313.3,17.81,0.022634,707.2,0.000000,539.8,3160834,1054.1,77426,320.3,4.36,0.003169,78237,302.1,41.65,0.038379,90405,311.7,35.98,0.045701,347.2,-0.007691,857.4,151634,1027.4,80034,429.9,-25.48,-0.014281,79532,303.9,8.37,0.007795,91279,312.3,-10.46,-0.013393,527.2,0.056730,338.6,104492,374.7,110588,337.5,58.75,0.057949,101871,326.2,60.65,0.067450,89040,311.8,61.32,0.076682
168.16,0.0031141,0.042205,95051,94948,91243,94009,311.3,168.2,0.000000,303.7,392179,1463.2,68074,307.6,0.33,0.000218,73289,297.1,10.38,0.009118,90835,313.1,18.85,0.023946,708.2,0.000000,100.0,3398336,1108.6,79592,322.8,4.73,0.003509,78671,302.6,41.21,0.038123,90243,311.5,37.05,0.046991,348.2,-0.008455,859.5,149122,1021.1,81148,449.5,-27.58,-0.014988,79733,304.1,7.93,0.007396,91168,312.2,-9.79,-0.012516,528.2,0.058228,338.9,105208,375.2,110383,337.2,58.61,0.057751,102132,326.5,59.20,0.065950,88795,311.5,62.19,0.077618
169.14,0.0031323,0.042113,94940,94955,91143,93951,311.2,169.1,0.000000,346.2,386460,1457.9,68326,308.0,0.61,0.000406,73321,297.1,11.31,0.009941,90715,312.9,19.86,0.025213,709.1,0.000000,100.0,3659635,1169.3,81829,325.2,4.79,0.003626,79110,303.1,40.72,0.037811,90089,311.4,38.11,0.048282,349.1,-0.009216,862.2,146525,1014.5,82462,471.1,-29.51,-0.015549,79917,304.3,7.23,0.006753,91061,312.1,-9.10,-0.011626,529.1,0.053568,339.3,105867,375.6,111080,337.8,56.15,0.055580,102409,326.8,57.81,0.064522,88562,311.3,63.30,0.078843
170.13,0.0031505,0.042027,94844,94916,91063,93890,311.1,170.1,-0.000000,1101.0,380690,1452.6,68726,308.5,0.97,0.000653,73344,297.2,12.17,0.010700,90605,312.7,20.86,0.026470,710.1,0.000000,411.9,3944023,1235.8,83990,327.6,4.54,0.003504,79559,303.6,40.18,0.037460,89945,311.2,39.20,0.049597,350.1,-0.009964,865.7,143425,1007.1,83987,494.8,-31.29,-0.015988,80103,304.5,6.28,0.005881,90962,312.0,-8.35,-0.010658,530.1,0.051869,339.5,106513,376.0,111755,338.4,53.58,0.053269,102701,327.1,56.49,0.063167,88351,311.2,64.54,0.080239
171.11,0.0031686,0.041946,94765,94838,91000,93825,311.0,171.1,0.000000,207.0,374863,1447.1,69308,309.2,1.42,0.000955,73364,297.2,12.99,0.011419,90505,312.5,21.88,0.027741,711.1,0.000000,100.0,4250005,1307.8,85954,329.6,4.06,0.003184,80024,304.2,39.62,0.037087,89815,311.1,40.31,0.050949,351.1,-0.010703,869.6,140197,999.4,85695,520.3,-33.00,-0.016361,80307,304.7,5.10,0.004784,90874,312.0,-7.49,-0.009559,531.1,0.050141,339.7,107147,376.4,112351,338.9,51.03,0.050925,103013,327.4,55.21,0.061871,88168,311.0,65.83,0.081706
172.19,0.0031888,0.041861,94695,94722,90950,93750,311.0,172.2,-0.000000,100.0,368341,1440.9,70173,310.3,1.91,0.001302,73395,297.2,13.89,0.012212,90409,312.3,23.02,0.029185,712.2,0.000000,100.0,4612503,1393.5,87826,331.6,3.40,0.002710,80562,304.8,38.98,0.036664,89687,311.0,41.58,0.052498,352.2,-0.011483,874.5,136410,990.4,87742,550.4,-34.93,-0.016760,80575,305.0,3.51,0.003295,90789,311.9,-6.38,-0.008137,532.2,0.048426,339.9,107838,376.9,112867,339.3,48.49,0.048560,103388,327.8,53.85,0.060492,87999,310.9,67.24,0.083321
173.17,0.0032069,0.041788,94627,94591,90927,93679,310.9,173.2,-0.000000,100.0,362461,1435.2,71105,311.4,2.25,0.001550,73433,297.3,14.71,0.012943,90338,312.2,24.09,0.030526,713.2,0.000000,260.5,4955642,1475.1,89225,333.0,2.81,0.002267,81074,305.4,38.40,0.036282,89587,311.0,42.76,0.053939,353.2,-0.012247,879.1,132478,981.3,89620,578.7,-36.72,-0.017118,80870,305.4,1.82,0.001718,90728,311.9,-5.21,-0.006635,533.2,0.046153,348.4,108441,377.3,113374,339.7,46.08,0.046299,103759,328.1,52.66,0.059303,87878,310.9,68.45,0.084711
174.15,0.0032250,0.041719,94572,94433,90921,93604,310.9,174.2,-0.000000,171.2,356580,1429.5,72109,312.7,2.42,0.001682,73483,297.3,15.56,0.013692,90282,312.0,25.19,0.031911,714.2,0.000000,100.0,5310860,1560.1,90374,334.1,2.28,0.001859,81622,306.0,37.81,0.035890,89502,310.9,43.97,0.055426,354.2,-0.012954,883.6,128461,972.1,91438,607.7,-38.60,-0.017482,81224,305.7,-0.09,-0.000083,90682,311.8,-3.84,-0.004893,534.2,0.046614,340.4,109063,377.7,113005,339.3,45.77,0.045894,104171,328.6,51.50,0.058154,87786,310.9,69.56,0.086007
175.13,0.0032431,0.041653,94553,94272,90930,93525,310.8,175.1,0.000000,100.0,350699,1423.7,73101,313.9,2.39,0.001677,73557,297.4,16.41,0.014449,90240,311.9,26.31,0.033333,715.1,0.000000,1425.8,5673795,1647.6,91305,335.1,1.83,0.001504,82226,306.7,37.17,0.035469,89430,310.9,45.21,0.056950,355.1,-0.013643,887.9,124130,962.3,93117,636.9,-40.54,-0.017841,81640,306.2,-2.22,-0.002105,90651,311.8,-2.28,-0.002901,535.1,0.042248,340.6,109635,378.0,113427,339.6,43.57,0.043806,104629,329.0,50.35,0.057029,87719,310.9,70.58,0.087190
176.21,0.0032632,0.041580,94543,94090,90940,93434,310.8,176.2,0.000000,1066.2,344162,1417.2,74113,315.1,2.18,0.001543,73660,297.6,17.36,0.015305,90206,311.8,27.57,0.034930,716.2,0.000000,253.1,6080279,1746.9,92123,335.9,1.42,0.001171,82999,307.5,36.36,0.034919,89362,310.8,46.60,0.058659,356.2,-0.014325,892.3,118882,950.5,94738,668.9,-42.69,-0.018199,82179,306.8,-4.84,-0.004611,90628,311.8,-0.33,-0.000422,536.2,0.040502,340.8,110257,378.4,113820,339.9,41.35,0.041680,105194,329.6,49.07,0.055780,87670,310.9,71.55,0.088340
177.19,0.0032812,0.041516,94537,93904,90958,93348,310.7,177.2,-0.000000,100.0,338277,1411.3,74900,316.0,1.89,0.001352,73775,297.7,18.21,0.016072,90186,311.7,28.71,0.036371,717.2,0.000000,525.4,6443496,1837.1,92696,336.4,1.11,0.000923,83830,308.4,35.43,0.034268,89308,310.8,47.86,0.060207,357.2,-0.014937,895.9,113739,939.0,95934,696.8,-44.52,-0.018451,82742,307.4,-7.42,-0.007110,90518,311.7,1.35,0.001719,537.2,0.038365,341.0,110801,378.8,114226,340.2,39.29,0.039715,105745,330.1,47.88,0.054625,87653,311.0,72.26,0.089187
178.16,0.0032993,0.041453,94534,93689,90957,93259,310.6,178.2,0.000000,100.0,332396,1405.3,75562,316.8,1.59,0.001141,73917,297.9,19.04,0.016824,90165,311.6,29.80,0.037756,718.2,0.000000,100.0,6798846,1927.3,93145,336.9,0.87,0.000724,84831,309.5,34.20,0.033360,89252,310.8,49.08,0.061708,358.2,-0.015428,899.2,108223,926.7,96867,723.2,-46.17,-0.018615,83391,308.0,-10.24,-0.009861,90437,311.6,3.25,0.004134,538.2,0.036618,341.2,111333,379.2,114599,340.5,37.39,0.037880,106323,330.6,46.64,0.053408,87647,311.0,72.78,0.089809
179.13,0.0033173,0.041391,94529,93462,90947,93166,310.4,179.1,-0.000000,100.0,326519,1399.3,76107,317.4,1.31,0.000943,74100,298.1,19.81,0.017538,90141,311.5,30.84,0.039074,719.1,0.000000,100.0,7141171,2016.6,93500,337.2,0.69,0.000572,86032,310.8,32.57,0.032091,89189,310.7,50.26,0.063160,359.1,-0.015819,902.2,102375,913.3,97541,747.7,-47.57,-0.018681,84143,308.8,-13.29,-0.012887,90376,311.5,5.29,0.006723,539.1,0.034937,341.4,111855,379.5,114956,340.8,35.59,0.036145,106911,331.2,45.32,0.052098,87651,311.0,73.12,0.090230
180.11,0.0033353,0.041330,94525,93251,90924,93070,310.2,180.1,-0.000000,409.1,320650,1393.1,76557,317.9,1.07,0.000778,74346,298.4,20.51,0.018195,90110,311.4,31.81,0.040308,0.1,0.000000,252.1,7465500,2104.2,93791,337.5,0.56,0.000467,87429,312.2,30.53,0.030420,89117,310.7,51.40,0.064556,360.1,-0.015211,903.9,96655,900.0,97176,765.9,-45.60,-0.017416,85018,309.7,-16.60,-0.016211,90326,311.5,7.40,0.009401,540.1,0.033326,341.6,112368,379.9,115310,341.0,33.90,0.034504,107495,331.7,43.91,0.050670,87671,311.0,73.24,0.090391
181.19,0.0033553,0.041262,94517,93042,90883,92960,309.9,181.2,0.000000,336.8,314139,1386.2,76974,318.4,0.88,0.000641,74711,298.8,21.19,0.018866,90066,311.3,32.81,0.041566,1.2,0.000000,100.0,7799100,2198.7,94071,337.8,0.48,0.000398,89155,314.0,27.89,0.028180,89024,310.6,52.61,0.066038,361.2,-0.009578,898.6,92922,890.5,93618,765.4,-34.24,-0.012607,86149,310.9,-20.55,-0.020265,90274,311.4,9.76,0.012394,541.2,0.031884,341.8,112933,380.3,115658,341.3,32.24,0.032891,108123,332.3,42.22,0.048920,87693,311.0,73.14,0.090300
182.16,0.0033733,0.041204,94476,92864,90845,92858,309.6,182.2,-0.000000,409.6,308292,1380.0,77300,318.8,0.76,0.000557,75143,299.3,21.74,0.019435,90019,311.1,33.63,0.042605,2.2,0.000000,100.0,8070619,2280.4,94309,338.0,0.44,0.000373,90765,315.6,25.41,0.026005,88929,310.4,53.68,0.067328,362.2,-0.007358,894.7,90256,883.4,91212,764.5,-27.40,-0.009840,87311,312.1,-24.31,-0.024206,90225,311.3,11.86,0.015056,542.2,0.030174,342.0,113432,380.6,116026,341.5,30.74,0.031435,108660,332.8,40.59,0.047189,87711,310.9,72.88,0.090019
183.13,0.0033913,0.041148,94384,92687,90829,92754,309.3,183.1,-0.000000,100.0,302459,1373.6,77599,319.1,0.69,0.000506,75685,300.0,22.25,0.019990,89972,310.9,34.41,0.043599,3.1,0.000000,319.0,8311082,2358.2,94550,338.2,0.45,0.000375,92324,317.2,23.06,0.023888,88833,310.3,54.74,0.068632,363.1,-0.005348,891.0,88192,877.5,89058,762.0,-21.30,-0.007493,88581,313.4,-28.14,-0.028304,90180,311.2,13.94,0.017688,543.1,0.028817,342.3,113927,381.0,116403,341.8,29.33,0.030068,109162,333.3,38.84,0.045309,87745,310.8,72.48,0.089590
184.21,0.0034113,0.041093,94235,92494,90912,92635,309.1,184.2,0.000000,143.1,296000,1366.5,77919,319.5,0.66,0.000482,76442,300.8,22.72,0.020559,89948,310.8,35.34,0.044784,4.2,0.000000,100.0,8538082,2439.5,94838,338.5,0.48,0.000402,93897,318.7,20.79,0.021795,88752,310.1,56.05,0.070248,364.2,-0.003424,754.7,86494,872.3,86547,757.0,-13.74,-0.004727,90109,314.9,-32.38,-0.032976,90158,311.0,16.29,0.020673,544.2,0.026271,347.5,114453,381.3,117288,342.5,26.82,0.027654,109670,333.8,36.80,0.043059,87832,310.8,71.98,0.089071
185.18,0.0034292,0.041051,94084,92326,91116,92524,309.0,185.2,-0.000000,100.0,290211,1360.0,78208,319.8,0.65,0.000482,77277,301.8,23.11,0.021079,89990,310.7,36.34,0.046089,5.2,0.000000,520.8,8703607,2507.3,95126,338.8,0.52,0.000443,95122,319.9,19.11,0.020223,88738,310.0,57.47,0.072036,365.2,-0.002833,752.9,84909,867.3,85072,754.4,-10.23,-0.003473,91609,316.4,-36.23,-0.037332,90199,311.0,18.56,0.023569,545.2,0.026295,347.5,114944,381.7,117669,342.8,25.66,0.026517,110078,334.1,34.87,0.040905,87994,310.8,71.59,0.088759
186.15,0.0034472,0.041016,93930,92166,91325,92410,308.8,186.1,-0.000000,100.0,284448,1353.4,78508,320.2,0.67,0.000498,78256,302.9,23.45,0.021580,90104,310.6,37.47,0.047597,6.1,0.000000,280.6,8830773,2569.6,95454,339.1,0.59,0.000503,96148,320.9,17.80,0.018975,88783,309.9,59.07,0.074096,366.1,-0.002706,751.2,83105,861.7,84196,753.3,-8.27,-0.002782,93051,317.8,-39.58,-0.041246,90306,310.9,20.95,0.026637,546.1,0.025198,343.0,115435,382.1,118024,343.0,24.64,0.025522,110440,334.5,32.87,0.038650,88226,310.8,71.21,0.088501
187.12,0.0034652,0.040989,93756,92016,91433,92293,308.6,187.1,0.000000,100.0,278730,1346.8,78825,320.5,0.71,0.000523,79339,304.1,23.72,0.022037,90236,310.6,38.53,0.049020,7.1,0.000000,913.7,8918852,2626.2,95833,339.5,0.68,0.000582,96980,321.7,16.82,0.018036,88831,309.8,60.61,0.076101,367.1,-0.000567,748.0,81962,857.6,82543,749.1,-3.24,-0.001075,94063,318.7,-41.40,-0.043481,90437,310.9,23.24,0.029594,547.1,0.024188,343.3,115927,382.4,118411,343.3,23.67,0.024575,110759,334.8,30.83,0.036318,88469,310.9,70.61,0.087981
188.19,0.0034851,0.040969,93516,91861,91479,92160,308.3,188.2,0.000000,712.3,272447,1339.4,79199,320.9,0.75,0.000557,80578,305.4,23.97,0.022523,90349,310.5,39.46,0.050275,8.2,0.000000,113.2,8970908,2681.8,96332,340.0,0.81,0.000691,97718,322.4,16.00,0.017256,88846,309.6,62.13,0.078062,368.2,0.000231,746.4,80753,853.1,81206,745.6,-0.45,-0.000148,94648,319.3,-41.76,-0.044055,90550,310.8,25.50,0.032521,548.2,0.023284,343.8,116479,382.8,118773,343.5,22.79,0.023718,111065,335.1,28.52,0.033668,88712,310.9,69.54,0.086889
189.16,0.0035030,0.040962,93267,91733,91499,92037,308.0,189.2,-0.000000,100.0,266857,1332.8,79559,321.4,0.79,0.000592,81658,306.6,24.20,0.022948,90408,310.3,40.09,0.051138,9.2,0.000000,344.2,8977352,2725.2,96860,340.5,0.94,0.000806,98253,323.0,15.44,0.016712,88823,309.4,63.35,0.079621,369.2,0.000906,743.8,79662,848.6,80131,742.7,1.44,0.000468,94701,319.3,-40.74,-0.042996,90602,310.7,27.28,0.034838,549.2,0.022124,344.1,116976,383.2,119156,343.8,21.91,0.022855,111303,335.3,26.44,0.031260,88905,310.8,68.30,0.085552
190.13,0.0035210,0.040967,93005,91608,91513,91914,307.7,190.1,0.000000,354.1,261330,1326.1,79943,321.8,0.84,0.000631,82656,307.7,24.44,0.023379,90431,310.1,40.60,0.051843,10.1,0.000000,129.1,8947013,2762.2,97467,341.0,1.08,0.000926,98689,323.4,14.99,0.016282,88776,309.2,64.48,0.081067,370.1,0.001524,740.9,78576,843.8,79088,739.9,3.43,0.001103,94456,319.1,-38.20,-0.040242,90627,310.5,28.90,0.036939,550.1,0.021143,344.4,117476,383.6,119517,344.1,21.05,0.022014,111508,335.5,24.38,0.028863,89082,310.6,66.89,0.083995
191.21,0.0035409,0.040986,92708,91489,91507,91775,307.3,191.2,0.000000,228.3,255262,1318.6,80407,322.3,0.92,0.000688,83642,308.7,24.74,0.023872,90435,309.9,41.10,0.052517,11.2,0.000000,149.1,8872713,2795.9,98228,341.8,1.21,0.001050,99081,323.8,14.62,0.015917,88700,308.9,65.69,0.082589,371.2,0.002220,737.2,77408,838.3,77968,736.2,5.96,0.001900,93339,318.0,-33.30,-0.034782,90634,310.2,30.51,0.039026,551.2,0.019176,344.7,118020,384.0,120178,344.6,19.41,0.020377,111704,335.7,22.15,0.026244,89263,310.4,65.18,0.082062
192.18,0.0035589,0.041015,92443,91403,91468,91650,307.0,192.2,-0.000000,348.7,249868,1311.8,80872,322.8,1.01,0.000760,84413,309.6,25.05,0.024323,90423,309.6,41.43,0.052973,12.2,0.000000,546.6,8772187,2819.7,98975,342.5,1.31,0.001141,99370,324.0,14.36,0.015670,88608,308.6,66.70,0.083864,372.2,0.002957,733.4,76417,833.2,77014,732.5,8.36,0.002645,91795,316.5,-27.27,-0.028146,90619,310.0,31.76,0.040653,552.2,0.018972,345.0,118525,384.4,120444,344.8,18.53,0.019491,111859,335.8,20.19,0.023954,89407,310.2,63.50,0.080132
193.15,0.0035768,0.041056,92175,91327,91414,91524,306.7,193.1,0.000000,147.2,244537,1305.0,81401,323.4,1.14,0.000862,85088,310.3,25.38,0.024783,90393,309.3,41.64,0.053277,13.1,0.000000,100.0,8642940,2837.4,99762,343.2,1.37,0.001201,99621,324.3,14.16,0.015476,88494,308.3,67.66,0.085049,373.1,0.003648,729.3,75487,828.0,76123,728.4,10.73,0.003375,90231,314.9,-21.17,-0.021584,90583,309.7,32.83,0.042045,553.1,0.016782,345.1,119015,384.8,120976,345.2,16.88,0.017812,112005,336.0,18.32,0.021748,89532,310.0,61.70,0.078032
194.12,0.0035948,0.041109,91898,91258,91368,91398,306.5,194.1,0.000000,110.8,239272,1298.2,82018,324.1,1.31,0.001000,85685,310.9,25.75,0.025274,90349,309.0,41.83,0.053549,14.1,0.000000,252.5,8488337,2849.5,100562,343.9,1.39,0.001221,99846,324.5,13.99,0.015318,88371,307.9,68.60,0.086204,374.1,0.004323,724.8,74620,822.8,75299,723.9,13.08,0.004095,88891,313.5,-15.67,-0.015810,90537,309.4,33.76,0.043259,554.1,0.016516,345.4,119519,385.2,121114,345.3,15.93,0.016821,112148,336.1,16.53,0.019639,89650,309.7,59.83,0.075825
195.20,0.0036147,0.041182,91594,91187,91306,91259,306.2,195.2,0.000000,258.2,233500,1290.5,82837,325.0,1.57,0.001202,86271,311.5,26.15,0.025789,90290,308.7,42.05,0.053846,15.2,0.000000,311.7,8291127,2856.7,101431,344.7,1.35,0.001193,100081,324.7,13.83,0.015162,88234,307.6,69.62,0.087453,375.2,0.005088,719.3,73614,816.4,74431,718.3,15.93,0.004969,87640,312.3,-10.35,-0.010340,90479,309.0,34.67,0.044439,555.2,0.013557,348.2,120051,385.6,121707,345.7,13.66,0.014481,112315,336.3,14.65,0.017423,89774,309.5,57.69,0.073276
196.17,0.0036327,0.041259,91324,91130,91205,91133,305.9,196.2,0.000000,100.0,228376,1283.6,83718,325.9,1.84,0.001421,86745,312.0,26.46,0.026196,90221,308.4,42.21,0.054070,16.2,0.000000,131.3,8094665,2858.1,102166,345.4,1.26,0.001125,100292,324.9,13.68,0.015020,88104,307.3,70.43,0.088428,376.2,0.005994,713.4,72784,810.6,73674,712.5,18.89,0.005881,86663,311.3,-6.10,-0.006048,90409,308.7,35.33,0.045307,556.2,0.009818,346.3,120492,385.9,122473,346.3,11.05,0.011767,112479,336.4,13.06,0.015545,89868,309.2,55.67,0.070835
197.14,0.0036507,0.041348,91059,91070,91072,91008,305.6,197.1,-0.000000,100.0,223320,1276.7,84750,327.1,2.13,0.001658,87183,312.5,26.71,0.026539,90129,308.1,42.33,0.054220,17.1,0.000000,135.0,7883859,2855.2,102834,346.0,1.15,0.001025,100514,325.2,13.51,0.014860,87960,306.9,71.07,0.089174,377.1,0.006836,706.9,72075,805.0,73024,706.0,21.83,0.006797,85783,310.4,-2.24,-0.002206,90315,308.4,35.82,0.045929,557.1,0.009946,346.4,120953,386.3,122563,346.4,9.62,0.010242,112663,336.6,11.55,0.013771,89935,309.0,53.53,0.068219
198.11,0.0036687,0.041448,90801,90999,90950,90885,305.4,198.1,-0.000000,169.6,218331,1269.7,85923,328.3,2.39,0.001883,87600,313.0,26.90,0.026815,90019,307.8,42.42,0.054329,18.1,0.000000,100.0,7662065,2848.4,103425,346.6,1.01,0.000907,100755,325.4,13.31,0.014669,87814,306.6,71.57,0.089751,378.1,0.007664,699.8,71482,799.4,72494,698.8,24.65,0.007698,84977,309.5,1.30,0.001265,90206,308.0,36.19,0.046401,558.1,0.008458,346.4,121411,386.7,122542,346.4,8.14,0.008675,112874,336.8,10.13,0.012092,89984,308.7,51.31,0.065488
199.19,0.0036887,0.041571,90523,90894,90857,90749,305.2,199.2,0.000000,184.5,212869,1262.0,87354,329.8,2.60,0.002076,88046,313.4,27.03,0.027041,89894,307.4,42.55,0.054485,19.2,0.000000,350.2,7406567,2836.9,103988,347.1,0.85,0.000771,101056,325.7,13.04,0.014402,87673,306.3,72.07,0.090318,379.2,0.008538,691.0,70950,793.3,72039,689.9,27.68,0.008700,84155,308.7,4.90,0.004753,90091,307.6,36.56,0.046884,559.2,0.006133,347.6,121902,387.1,122690,346.5,6.07,0.006469,113144,337.0,8.64,0.010334,90038,308.4,48.86,0.062450
200.16,0.0037068,0.041692,90286,90772,90795,90627,305.0,200.2,0.000000,613.2,208027,1255.0,88702,331.2,2.68,0.002164,88442,313.9,27.08,0.027174,89790,307.1,42.73,0.054700,20.2,0.000000,289.9,7171590,2823.6,104412,347.4,0.72,0.000653,101364,326.0,12.74,0.014093,87579,306.1,72.45,0.090759,380.2,0.009429,682.1,70577,787.8,71742,680.8,30.33,0.009621,83467,308.0,7.90,0.007617,90005,307.3,36.89,0.047299,560.2,0.004428,346.5,122338,387.5,122719,346.5,4.39,0.004681,113418,337.2,7.40,0.008863,90094,308.2,46.70,0.059770
201.14,0.0037248,0.041823,90064,90633,90729,90507,304.9,201.1,0.000000,171.1,203256,1247.9,90046,332.6,2.65,0.002158,88828,314.3,27.06,0.027235,89691,306.8,42.95,0.054977,21.1,0.000000,2236.3,6934454,2807.9,104766,347.8,0.60,0.000544,101712,326.3,12.35,0.013703,87518,305.9,72.70,0.091057,381.1,0.010301,672.1,70298,782.3,71541,670.6,32.91,0.010567,82815,307.3,10.71,0.010274,89935,307.1,37.17,0.047663,561.1,0.002292,347.1,122760,387.9,122816,346.6,2.51,0.002680,113721,337.5,6.26,0.007516,90150,308.0,44.57,0.057123
202.11,0.0037428,0.041961,89853,90492,90657,90388,304.8,202.1,0.000000,100.0,198556,1240.9,91335,333.9,2.51,0.002070,89200,314.7,26.97,0.027225,89590,306.6,43.22,0.055298,22.1,0.000000,2597.3,6697319,2790.3,105056,348.0,0.49,0.000447,102104,326.7,11.89,0.013220,87481,305.8,72.78,0.091165,382.1,0.011202,661.0,70110,776.8,71426,659.3,35.38,0.011536,82189,306.6,13.38,0.012767,89880,306.8,37.37,0.047926,562.1,-0.000771,347.0,123151,388.3,123096,347.0,0.12,0.000132,114063,337.8,5.22,0.006276,90200,307.8,42.46,0.054481
203.20,0.0037629,0.042125,89624,90351,90581,90257,304.6,203.2,-0.000000,614.6,193419,1233.0,92657,335.2,2.29,0.001902,89610,315.1,26.78,0.027126,89478,306.3,43.55,0.055705,23.2,0.000000,100.0,6436055,2769.0,105317,348.2,0.39,0.000357,102593,327.1,11.27,0.012575,87457,305.7,72.69,0.091053,383.2,0.012148,647.2,70027,770.5,71404,645.3,37.82,0.012597,81508,305.9,16.23,0.015392,89832,306.6,37.47,0.048077,563.2,-0.004662,347.9,123533,388.6,123774,347.8,-3.36,-0.003601,114522,338.2,4.11,0.004952,90248,307.6,40.13,0.051556
204.17,0.0037809,0.042280,89422,90256,90523,90141,304.6,204.2,0.000000,82101.0,188905,1226.0,93729,336.3,2.05,0.001720,89985,315.5,26.54,0.026959,89379,306.0,43.89,0.056125,24.2,0.000000,100.0,6202161,2747.6,105508,348.4,0.32,0.000294,103078,327.6,10.64,0.011916,87444,305.6,72.45,0.090761,384.2,0.013102,633.7,69998,764.6,71451,631.6,39.82,0.013561,80900,305.2,18.73,0.017661,89803,306.4,37.47,0.048079,564.2,-0.005487,347.4,123884,388.9,123782,348.2,-5.32,-0.005697,115032,338.6,3.09,0.003734,90287,307.4,38.07,0.048951
205.15,0.0037990,0.042443,89225,90188,90482,90027,304.5,205.1,-0.000000,148.6,184515,1219.0,94685,337.3,1.81,0.001531,90379,315.9,26.22,0.026716,89288,305.8,44.29,0.056619,25.1,0.000000,394.5,5967304,2722.8,105670,348.6,0.27,0.000247,103599,328.1,9.98,0.011216,87452,305.5,72.07,0.090318,385.1,0.014045,619.1,70005,758.4,71533,616.8,41.67,0.014548,80290,304.6,21.19,0.019872,89780,306.2,37.35,0.047943,565.1,-0.009727,393.8,124178,389.2,124510,349.4,-8.70,-0.009333,115632,339.1,2.04,0.002482,90328,307.3,36.04,0.046393
206.12,0.0038171,0.042613,89035,90100,90459,89914,304.4,206.1,-0.000000,361.9,180247,1212.1,95531,338.1,1.59,0.001351,90805,316.3,25.81,0.026387,89210,305.6,44.77,0.057222,26.1,0.000000,236.1,5740596,2698.3,105812,348.7,0.24,0.000217,104145,328.6,9.32,0.010517,87489,305.5,71.55,0.089716,386.1,0.015014,603.6,70037,751.9,71633,601.1,43.34,0.015548,79681,303.9,23.63,0.022042,89772,306.1,37.15,0.047706,566.1,-0.010514,393.2,124478,389.5,124682,350.2,-10.74,-0.011517,116283,339.7,1.05,0.001277,90375,307.1,34.07,0.043890
207.21,0.0038372,0.042809,88837,89954,90453,89791,304.4,207.2,-0.000000,263.9,175642,1204.4,96355,338.9,1.37,0.001173,91338,316.9,25.23,0.025898,89143,305.4,45.38,0.057994,27.2,0.000000,100.0,5498340,2671.6,105960,348.8,0.22,0.000201,104765,329.1,8.65,0.009799,87571,305.5,70.78,0.088836,387.2,0.016051,585.5,70089,744.0,71754,582.8,44.97,0.016666,79017,303.2,26.33,0.024416,89788,306.0,36.85,0.047348,567.2,-0.011935,348.7,124806,389.8,124588,350.9,-12.28,-0.013126,117007,340.3,0.09,0.000114,90438,307.0,31.93,0.041177
208.19,0.0038553,0.042992,88671,89804,90455,89682,304.4,208.2,-0.000000,100.0,171616,1197.6,97010,339.5,1.21,0.001038,91893,317.5,24.56,0.025319,89098,305.3,45.97,0.058740,28.2,0.000000,100.0,5288981,2647.9,106092,348.9,0.22,0.000198,105322,329.6,8.14,0.009255,87680,305.5,69.89,0.087820,388.2,0.017101,568.8,70138,736.5,71865,566.0,46.26,0.017682,78449,302.6,28.75,0.026518,89822,305.9,36.49,0.046912,568.2,-0.014457,349.5,125077,390.1,124714,351.9,-14.00,-0.014940,117635,340.8,-0.62,-0.000756,90505,306.9,30.03,0.038775
209.16,0.0038734,0.043181,88516,89658,90472,89575,304.4,209.2,0.000000,1323.8,167700,1190.9,97596,340.1,1.07,0.000926,92536,318.1,23.73,0.024583,89064,305.2,46.57,0.059508,29.2,0.000000,124.3,5087792,2624.6,106229,349.1,0.22,0.000204,105866,330.1,7.75,0.008839,87814,305.5,68.81,0.086586,389.2,0.018116,551.8,70183,728.5,71972,548.9,47.42,0.018714,77928,302.1,31.14,0.028586,89875,305.9,36.02,0.046341,569.2,-0.017030,391.5,125321,390.3,125248,353.6,-16.48,-0.017571,118252,341.3,-1.25,-0.001545,90579,306.9,28.16,0.036391
210.14,0.0038915,0.043374,88375,89511,90524,89470,304.4,210.1,0.000000,525.6,163891,1184.2,98124,340.6,0.96,0.000831,93276,318.9,22.72,0.023670,89049,305.1,47.21,0.060331,30.1,0.000000,463.7,4894725,2601.7,106375,349.2,0.24,0.000216,106386,330.6,7.48,0.008561,87974,305.6,67.60,0.085207,390.1,0.019153,534.9,70219,720.1,72068,532.0,48.47,0.019764,77469,301.6,33.49,0.030618,89953,305.8,35.45,0.045654,570.1,-0.017129,391.0,125583,390.6,125246,354.9,-17.66,-0.018764,118886,341.8,-1.93,-0.002385,90667,306.8,26.32,0.034055
211.12,0.0039096,0.043571,88247,89356,90594,89367,304.5,211.1,-0.000000,727.0,160185,1177.5,98602,341.0,0.86,0.000749,94104,319.7,21.55,0.022586,89053,305.1,47.90,0.061216,31.1,0.000000,313.2,4709624,2579.2,106531,349.3,0.25,0.000231,106874,331.0,7.32,0.008412,88155,305.7,66.32,0.083739,391.1,0.020213,518.3,70242,711.3,72152,515.3,49.43,0.020835,77086,301.2,35.81,0.032617,90062,305.9,34.78,0.044845,571.1,-0.018017,390.5,125848,390.8,125170,356.2,-18.58,-0.019660,119561,342.4,-2.74,-0.003405,90770,306.8,24.54,0.031782
212.21,0.0039297,0.043794,88114,89176,90680,89255,304.6,212.2,0.000000,472.5,156483,1170.7,99077,341.5,0.76,0.000666,95099,320.7,20.09,0.021215,89077,305.1,48.67,0.062228,32.2,0.000000,258.1,4513050,2554.6,106718,349.5,0.27,0.000250,107362,331.5,7.29,0.008397,88369,305.8,64.83,0.082026,392.2,0.021359,500.3,70251,701.0,72228,497.3,50.43,0.022048,76760,300.8,38.32,0.034795,90215,305.9,33.87,0.043734,572.2,-0.017370,389.8,126180,391.1,124613,357.3,-18.63,-0.019561,120367,343.0,-3.88,-0.004843,90898,306.8,22.59,0.029302
213.18,0.0039479,0.043997,88007,89017,90766,89158,304.7,213.2,0.000000,273.5,154286,1166.4,99459,341.9,0.68,0.000597,96024,321.6,18.70,0.019890,89111,305.1,49.37,0.063142,33.2,0.000000,2759.8,4344057,2532.9,106899,349.6,0.29,0.000268,107759,331.8,7.29,0.008426,88566,305.9,63.46,0.080447,393.2,0.022521,484.7,70242,691.4,72283,481.7,51.25,0.023151,76560,300.6,40.51,0.036715,90380,306.0,32.85,0.042487,573.2,-0.016353,389.0,126519,391.5,123880,358.0,-18.04,-0.018794,121118,343.6,-5.10,-0.006401,91022,306.9,20.86,0.027092
214.16,0.0039660,0.044204,87905,88867,90857,89062,304.8,214.2,-0.000000,388.6,152717,1163.1,99801,342.2,0.61,0.000534,96934,322.4,17.32,0.018544,89155,305.1,50.06,0.064050,34.2,0.000000,366.1,4182305,2511.7,107095,349.8,0.31,0.000289,108110,332.2,7.33,0.008486,88761,306.0,62.09,0.078867,394.2,0.023629,469.7,70215,681.5,72327,466.8,52.02,0.024260,76448,300.5,42.63,0.038592,90570,306.1,31.61,0.040952,574.2,-0.015246,388.3,126899,391.8,123139,358.6,-17.02,-0.017598,121855,344.2,-6.45,-0.008134,91152,306.9,19.14,0.024889
215.14,0.0039841,0.044413,87791,88713,90957,88970,304.8,215.1,0.000000,238.7,151948,1161.2,100109,342.5,0.54,0.000480,97798,323.3,16.00,0.017241,89205,305.1,50.74,0.064948,35.1,0.000000,148.4,4027520,2490.8,107306,350.0,0.34,0.000312,108422,332.4,7.41,0.008602,88952,306.0,60.75,0.077319,395.1,0.024753,455.6,70172,671.3,72355,452.6,52.75,0.025379,76420,300.5,44.67,0.040424,90790,306.3,30.09,0.039058,575.1,-0.014085,387.6,127323,392.2,122451,359.2,-15.84,-0.016258,122548,344.8,-7.87,-0.009957,91289,307.0,17.42,0.022679
216.12,0.0040023,0.044625,87668,88549,91063,88880,304.9,216.1,-0.000000,434.2,151586,1160.0,100391,342.7,0.50,0.000438,98597,324.0,14.80,0.016040,89263,305.2,51.41,0.065847,36.1,0.000000,197.0,3879441,2470.3,107538,350.2,0.37,0.000341,108709,332.7,7.56,0.008795,89142,306.1,59.47,0.075831,396.1,0.025889,442.2,70114,661.0,72368,439.3,53.46,0.026510,76470,300.6,46.63,0.042215,91054,306.4,28.19,0.036672,576.1,-0.012973,387.1,127791,392.6,121866,359.7,-14.60,-0.014888,123189,345.3,-9.30,-0.011821,91433,307.0,15.68,0.020445
217.11,0.0040205,0.044840,87541,88386,91160,88794,305.0,217.1,-0.000000,578.4,151428,1159.1,100659,343.0,0.47,0.000414,99330,324.7,13.76,0.014990,89323,305.2,52.08,0.066736,37.1,0.000000,352.2,3737813,2450.1,107794,350.4,0.41,0.000377,108984,332.9,7.77,0.009055,89327,306.2,58.23,0.074388,397.1,0.027039,429.7,70042,650.6,72369,426.8,54.19,0.027656,76593,300.7,48.52,0.043977,91393,306.7,25.67,0.033488,577.1,-0.011910,386.6,128302,393.1,121413,360.2,-13.34,-0.013537,123790,345.8,-10.74,-0.013700,91585,307.1,13.90,0.018143
218.20,0.0040407,0.045084,87395,88226,91249,88703,305.1,218.2,0.000000,141.2,151408,1158.4,100955,343.3,0.46,0.000409,100077,325.5,12.83,0.014045,89384,305.3,52.79,0.067680,38.2,0.000000,258.4,3587699,2428.2,108116,350.7,0.46,0.000427,109304,333.2,8.10,0.009451,89527,306.2,56.85,0.072773,398.2,0.028274,416.7,69950,639.0,72361,413.9,55.03,0.028962,76811,301.0,50.59,0.045936,91916,307.1,21.61,0.028316,578.2,-0.010835,386.3,128920,393.6,121055,360.9,-11.99,-0.012104,124396,346.2,-12.26,-0.015683,91758,307.2,11.79,0.015418
219.18,0.0040589,0.045307,87264,88105,91343,88627,305.2,219.2,0.000000,519.1,151466,1157.9,101233,343.5,0.48,0.000424,100704,326.0,12.19,0.013412,89434,305.3,53.42,0.068514,39.2,0.000000,2536.1,3458849,2408.9,108444,351.0,0.52,0.000480,109621,333.5,8.48,0.009920,89717,306.3,55.56,0.071258,399.2,0.029544,405.8,69860,628.5,72353,403.1,55.86,0.030182,77081,301.3,52.42,0.047716,92584,307.7,16.20,0.021344,579.2,-0.009737,386.0,129524,394.1,120814,361.4,-10.79,-0.010858,124844,346.6,-13.41,-0.017198,91920,307.3,9.76,0.012778
220.17,0.0040772,0.045533,87151,87992,91485,88557,305.3,220.2,-0.000000,100.0,151570,1157.5,101535,343.8,0.51,0.000456,101302,326.6,11.75,0.012980,89494,305.3,54.09,0.069411,40.2,0.000000,1192.3,3335664,2389.9,108812,351.3,0.58,0.000536,109970,333.8,8.95,0.010487,89948,306.4,54.18,0.069638,400.2,0.030796,395.7,69769,618.0,72352,393.1,56.78,0.031462,77413,301.7,54.28,0.049552,93440,308.5,8.71,0.011556,580.2,-0.008728,385.9,130174,394.7,120626,361.9,-9.65,-0.009683,125128,346.8,-14.18,-0.018220,92100,307.5,7.62,0.009990
221.16,0.0040955,0.045761,87096,87881,91777,88498,305.6,221.2,0.000000,151.2,151704,1157.1,101868,344.1,0.56,0.000501,101876,327.1,11.47,0.012721,89607,305.4,54.88,0.070498,41.2,0.000000,402.8,3217886,2371.2,109217,351.7,0.63,0.000589,110343,334.2,9.46,0.011117,90276,306.6,52.64,0.067870,401.2,0.032112,386.4,69683,607.7,72366,383.8,57.82,0.032818,77795,302.2,56.17,0.051450,93993,309.0,-1.40,-0.001859,581.2,-0.007781,385.8,130869,395.3,120480,362.3,-8.58,-0.008591,125204,346.8,-14.48,-0.018621,92318,307.7,5.46,0.007178
222.15,0.0041138,0.045988,87141,87773,92034,88450,305.8,222.1,0.000000,100.0,151855,1156.7,102234,344.5,0.61,0.000549,102422,327.6,11.31,0.012592,89713,305.7,55.67,0.071546,42.1,0.000000,253.4,3105248,2352.9,109649,352.0,0.67,0.000628,110729,334.5,9.99,0.011763,90686,307.0,50.63,0.065484,402.1,0.033506,377.8,69609,597.4,72402,375.2,58.99,0.034264,78219,302.7,58.06,0.053385,94107,309.2,-12.30,-0.016386,582.1,-0.006896,385.7,131609,395.9,120368,362.7,-7.59,-0.007582,125144,346.7,-14.53,-0.018674,92511,307.8,3.20,0.004210
223.14,0.0041322,0.046208,87229,87674,92232,88414,306.0,223.1,0.000000,260.6,152011,1156.4,102629,344.8,0.66,0.000590,102930,328.1,11.23,0.012549,89810,305.9,56.32,0.072396,43.1,0.000000,100.0,2997509,2335.0,110094,352.4,0.69,0.000645,111111,334.8,10.48,0.012372,91237,307.6,47.56,0.061764,403.1,0.034986,369.9,69552,587.3,72466,367.4,60.30,0.035805,78662,303.2,59.91,0.055307,93965,309.1,-21.42,-0.028516,583.1,-0.006076,385.6,132396,396.5,120279,363.1,-6.68,-0.006662,124947,346.6,-14.49,-0.018599,92701,308.0,0.70,0.000927
224.13,0.0041506,0.046424,87259,87588,92375,88388,306.2,224.1,0.000000,264.1,152158,1156.0,103040,345.2,0.68,0.000614,103390,328.6,11.19,0.012544,89910,306.2,56.83,0.073062,44.1,0.000000,340.5,2894454,2317.3,110535,352.8,0.68,0.000639,111478,335.2,10.90,0.012904,91934,308.3,43.05,0.056204,404.1,0.036556,362.7,69518,577.4,72564,360.1,61.74,0.037447,79098,303.8,61.67,0.057146,93613,308.8,-28.51,-0.037843,584.1,-0.005324,385.5,133227,397.2,120197,363.4,-5.86,-0.005837,124548,346.3,-14.08,-0.018036,92880,308.2,-2.04,-0.002695
225.13,0.0041691,0.046637,87233,87517,92476,88372,306.3,225.1,-0.000000,402.8,152287,1155.6,103454,345.6,0.69,0.000618,103799,328.9,11.13,0.012504,90024,306.5,57.18,0.073544,45.1,0.000000,100.0,2795872,2300.0,110960,353.2,0.65,0.000616,111823,335.5,11.24,0.013335,92711,309.1,37.10,0.048722,405.1,0.038220,356.0,69514,567.6,72703,353.5,63.30,0.039187,79505,304.2,63.28,0.058843,93252,308.5,-33.32,-0.044099,585.1,-0.004642,385.4,134105,397.9,120109,363.6,-5.14,-0.005110,123924,345.7,-13.24,-0.016906,93037,308.4,-5.01,-0.006624
226.13,0.0041876,0.046849,87196,87464,92551,88366,306.3,226.1,-0.000000,234.5,152384,1155.2,103859,346.0,0.67,0.000604,104150,329.3,11.00,0.012392,90151,306.7,57.35,0.073812,46.1,0.000000,822.7,2701568,2283.0,111366,353.5,0.62,0.000588,112143,335.8,11.49,0.013658,93441,309.8,30.13,0.039792,406.1,0.039970,350.0,69543,558.1,72883,347.5,64.96,0.041017,79866,304.7,64.70,0.060353,92961,308.3,-36.15,-0.047726,586.1,-0.004029,385.3,135028,398.7,119999,363.8,-4.51,-0.004477,123163,345.1,-12.32,-0.015664,93157,308.5,-8.17,-0.010797
227.13,0.0042061,0.047061,87166,87426,92604,88368,306.4,227.1,-0.000000,284.9,152428,1154.6,104248,346.3,0.64,0.000580,104441,329.5,10.81,0.012197,90287,306.9,57.43,0.073972,47.1,0.000000,2358.4,2611359,2266.3,111759,353.9,0.60,0.000568,112440,336.0,11.65,0.013869,94002,310.3,22.82,0.030274,407.1,0.041794,344.6,69608,548.8,73108,342.0,66.71,0.042924,80173,305.1,65.93,0.061655,92732,308.2,-37.31,-0.049163,587.1,-0.003442,385.2,135997,399.5,119845,363.9,-3.94,-0.003906,122383,344.5,-11.57,-0.014640,93240,308.6,-11.41,-0.015096
228.13,0.0042247,0.047272,87130,87402,92616,88379,306.4,228.1,0.000000,737.0,152395,1153.9,104622,346.7,0.61,0.000558,104674,329.7,10.55,0.011930,90425,307.2,57.37,0.073946,48.1,0.000000,100.0,2525074,2249.9,112157,354.2,0.60,0.000572,112714,336.3,11.70,0.013958,94280,310.5,15.96,0.021224,408.1,0.043680,339.7,69713,539.7,73383,337.1,68.52,0.044906,80413,305.4,66.99,0.062773,92505,308.0,-36.96,-0.048594,588.1,-0.002896,385.0,137013,400.3,119636,363.9,-3.43,-0.003395,121645,343.9,-11.04,-0.013906,93278,308.7,-14.70,-0.019443
229.14,0.0042433,0.047482,87078,87396,92564,88396,306.3,229.1,0.000000,671.3,152258,1153.1,104995,347.0,0.61,0.000553,104855,329.9,10.26,0.011608,90567,307.5,57.07,0.073601,49.1,0.000000,298.6,2442554,2233.9,112576,354.5,0.63,0.000599,112980,336.5,11.66,0.013936,94303,310.5,9.99,0.013282,409.1,0.045633,335.4,69858,530.9,73711,332.7,70.42,0.046970,80612,305.6,67.89,0.063717,92168,307.8,-35.07,-0.045976,589.1,-0.002424,384.7,138075,401.1,119400,363.9,-2.96,-0.002926,120932,343.3,-10.74,-0.013478,93252,308.7,-17.97,-0.023773
230.15,0.0042620,0.047693,87020,87415,92454,88418,306.2,230.1,-0.000000,198.6,151990,1152.0,105380,347.3,0.62,0.000567,105005,330.1,9.90,0.011219,90725,307.7,56.20,0.072552,50.1,0.000000,100.0,2363629,2218.1,113038,354.9,0.69,0.000657,113236,336.7,11.54,0.013807,94186,310.4,4.81,0.006384,410.1,0.047707,331.5,70050,522.4,74086,328.8,72.41,0.049121,80755,305.8,68.64,0.064490,91800,307.5,-31.69,-0.041419,590.1,-0.002011,384.5,139183,402.0,119164,363.8,-2.52,-0.002484,120238,342.7,-10.64,-0.013291,93170,308.7,-21.29,-0.028130
231.16,0.0042807,0.047903,86971,87446,92374,88446,306.2,231.2,0.000000,351.2,151583,1150.7,105792,347.7,0.66,0.000605,105137,330.2,9.49,0.010760,90899,308.0,54.74,0.070734,51.2,0.000000,100.0,2288163,2202.6,113561,355.4,0.77,0.000741,113484,337.0,11.31,0.013553,93398,309.7,-0.37,-0.000484,411.2,0.049850,328.2,70290,514.3,74508,325.3,74.45,0.051328,80841,306.0,69.23,0.065088,91496,307.3,-27.08,-0.035301,591.2,-0.001641,384.2,140338,402.9,118946,363.7,-2.10,-0.002068,119556,342.1,-10.68,-0.013295,93063,308.7,-24.50,-0.032338
232.17,0.0042994,0.048113,86922,87478,92180,88477,306.0,232.2,0.000000,443.6,151039,1149.1,106243,348.1,0.72,0.000658,105261,330.3,9.02,0.010232,91008,308.3,52.61,0.068003,52.2,0.000000,148.7,2216084,2187.5,114150,355.9,0.86,0.000829,113727,337.2,10.98,0.013174,92815,309.1,-3.85,-0.005058,412.2,0.052002,325.3,70576,506.4,74984,322.3,76.42,0.053518,80877,306.1,69.72,0.065554,91267,307.2,-21.87,-0.028459,592.2,-0.001311,384.0,141539,403.8,118749,363.7,-1.72,-0.001686,118886,341.6,-10.87,-0.013467,92891,308.6,-27.67,-0.036470
233.17,0.0043181,0.048323,86848,87512,91968,88509,305.8,233.2,-0.000000,527.4,150366,1147.3,106728,348.6,0.77,0.000707,105388,330.4,8.49,0.009641,91115,308.5,50.02,0.064677,53.2,0.000000,100.0,2147244,2172.7,114785,356.4,0.92,0.000895,113965,337.4,10.56,0.012688,92504,308.8,-6.17,-0.008097,413.2,0.054068,322.9,70905,498.9,75522,319.8,78.22,0.055606,80874,306.1,70.14,0.065934,91111,307.1,-16.45,-0.021377,593.2,-0.001017,383.8,142785,404.8,118570,363.6,-1.37,-0.001349,118226,341.0,-11.17,-0.013786,92695,308.6,-30.66,-0.040325
234.18,0.0043367,0.048533,86753,87552,91763,88543,305.6,234.2,0.000000,669.2,149578,1145.3,107226,349.0,0.79,0.000726,105522,330.6,7.91,0.008997,91209,308.8,47.15,0.060982,54.2,0.000000,100.0,2081523,2158.2,115432,356.9,0.94,0.000913,114197,337.6,10.07,0.012122,92316,308.6,-7.97,-0.010435,414.2,0.056044,320.8,71269,491.8,76095,317.6,79.82,0.057567,80841,306.1,70.52,0.066263,91023,307.0,-11.07,-0.014374,594.2,-0.000760,383.6,144076,405.8,118396,363.5,-1.09,-0.001069,117582,340.5,-11.57,-0.014235,92521,308.5,-33.41,-0.043870
235.19,0.0043554,0.048745,86670,87599,91575,88578,305.5,235.2,-0.000000,210.0,148692,1143.1,107716,349.4,0.77,0.000717,105666,330.7,7.31,0.008319,91273,309.0,44.20,0.057158,55.2,0.000000,276.6,2018779,2144.0,116056,357.5,0.90,0.000883,114419,337.8,9.54,0.011505,92179,308.5,-9.48,-0.012397,415.2,0.057878,319.1,71661,485.0,76677,315.8,81.20,0.059345,80783,306.1,70.89,0.066562,90998,307.0,-6.03,-0.007829,595.2,-0.000546,383.4,145412,406.8,118211,363.4,-0.87,-0.000856,116948,339.9,-12.07,-0.014783,92380,308.5,-35.97,-0.047163
236.20,0.0043740,0.048956,86620,87654,91401,88614,305.3,236.2,0.000000,515.8,147723,1140.8,108177,349.8,0.73,0.000677,105819,330.8,6.70,0.007630,91278,309.2,41.39,0.053498,56.2,0.000000,100.0,1958853,2130.1,116634,357.9,0.84,0.000822,114624,338.0,8.99,0.010854,92055,308.4,-10.78,-0.014085,416.2,0.059512,317.7,72074,478.6,77249,314.3,82.29,0.060891,80706,306.1,71.25,0.066846,90978,307.0,-1.31,-0.001704,596.2,-0.000384,383.1,146793,407.8,117986,363.2,-0.75,-0.000736,116319,339.4,-12.61,-0.015391,92262,308.6,-38.41,-0.050284
237.20,0.0043926,0.049167,86592,87726,91302,88654,305.3,237.2,0.000000,100.0,146686,1138.4,108586,350.2,0.65,0.000602,105978,331.0,6.10,0.006952,91258,309.4,38.85,0.050169,57.2,0.000000,100.0,1901589,2116.6,117153,358.4,0.75,0.000740,114809,338.1,8.43,0.010183,91943,308.3,-11.89,-0.015524,417.2,0.060906,316.5,72496,472.6,77795,313.0,83.10,0.062176,80614,306.1,71.62,0.067121,90506,306.6,2.34,0.003025,597.2,-0.000276,382.8,148219,408.9,117720,363.0,-0.69,-0.000673,115687,338.9,-13.18,-0.016022,92160,308.7,-40.75,-0.053269
238.20,0.0044112,0.049375,86569,87852,91151,88695,305.2,238.2,0.000000,122.1,145595,1135.8,108918,350.5,0.53,0.000494,106142,331.1,5.52,0.006304,91202,309.6,36.48,0.047066,58.2,0.000000,274.9,1846843,2103.3,117605,358.7,0.65,0.000646,114970,338.3,7.85,0.009492,91815,308.2,-12.99,-0.016946,418.2,0.062042,315.5,72917,466.9,78309,311.9,83.62,0.063195,80511,306.0,71.98,0.067382,90173,306.3,6.02,0.007754,598.2,-0.000202,382.5,149692,410.0,117410,362.8,-0.67,-0.000656,115048,338.3,-13.74,-0.016645,92037,308.7,-43.13,-0.056289
239.21,0.0044298,0.049580,86546,88081,91011,88738,305.2,239.2,0.000000,631.8,144462,1133.2,109161,350.7,0.39,0.000364,106308,331.3,4.99,0.005702,91119,309.6,34.32,0.044225,59.2,0.000000,100.0,1794482,2090.3,117987,359.0,0.55,0.000547,115110,338.4,7.25,0.008771,91688,308.1,-14.12,-0.018398,419.2,0.059783,316.5,73208,461.7,79712,312.1,80.76,0.062081,80399,306.0,72.32,0.067622,89993,306.2,9.56,0.012297,599.2,-0.000161,382.1,151211,411.1,117043,362.5,-0.71,-0.000690,114403,337.8,-14.30,-0.017245,91900,308.8,-45.53,-0.059325
240.21,0.0044483,0.049784,86530,88475,90874,88783,305.2,240.2,-0.000000,143.4,143298,1130.5,109311,350.8,0.25,0.000232,106481,331.4,4.50,0.005148,91017,309.7,32.37,0.041657,60.2,0.000000,5437.4,1744380,2077.6,118298,359.3,0.45,0.000447,115234,338.5,6.61,0.008001,91575,308.0,-15.33,-0.019954,420.2,0.063355,315.0,73612,456.7,79697,310.7,82.31,0.063556,80281,305.9,72.64,0.067836,89864,306.2,12.99,0.016696,600.2,-0.000148,381.6,152778,412.2,116610,362.1,-0.79,-0.000766,113757,337.2,-14.84,-0.017827,91765,308.9,-47.98,-0.062398
241.21,0.0044669,0.049985,86527,88878,90750,88829,305.2,241.2,0.000000,100.0,142111,1127.7,109380,350.9,0.12,0.000112,106667,331.6,4.05,0.004639,90908,309.8,30.63,0.039361,61.2,0.000000,337.5,1696419,2065.1,118542,359.5,0.35,0.000352,115350,338.6,5.90,0.007155,91491,307.9,-16.69,-0.021712,421.2,0.063948,313.4,73992,452.0,79789,309.7,82.96,0.064346,80159,305.8,72.93,0.068020,89763,306.3,16.25,0.020855,601.2,0.000000,117.5,154397,413.4,116024,361.6,-0.85,-0.000823,113118,336.6,-15.38,-0.018405,91642,309.0,-50.47,-0.065524
242.21,0.0044854,0.050183,86543,89180,90641,88878,305.2,242.2,0.000000,441.0,140909,1124.9,109381,350.9,0.01,0.000011,106874,331.8,3.63,0.004164,90804,309.8,29.08,0.037318,62.2,0.000000,100.0,1650494,2052.9,118723,359.6,0.26,0.000263,115465,338.7,5.12,0.006206,91416,307.8,-18.23,-0.023702,422.2,0.064282,312.6,74344,447.5,79976,309.0,83.22,0.064841,80034,305.8,73.19,0.068170,89659,306.4,19.34,0.024783,602.2,0.000000,289.7,156075,427.9,115397,361.1,-0.92,-0.000882,112496,336.1,-15.94,-0.018995,91532,309.2,-53.00,-0.068694
243.21,0.0045039,0.050376,86581,89431,90548,88929,305.3,243.2,-0.000000,100.0,139698,1122.1,109328,350.9,-0.07,-0.000068,107109,332.0,3.23,0.003713,90710,309.9,27.69,0.035493,63.2,0.000000,100.0,1606507,2041.0,118849,359.7,0.18,0.000184,115586,338.8,4.23,0.005136,91352,307.8,-19.95,-0.025922,423.2,0.064438,312.1,74668,443.3,80211,308.6,83.07,0.064999,79909,305.7,73.40,0.068281,89548,306.5,22.28,0.028500,603.2,0.000000,431.1,157806,429.2,114731,360.5,-0.98,-0.000939,111895,335.6,-16.51,-0.019603,91429,309.4,-55.55,-0.071879
244.21,0.0045225,0.050564,86639,89645,90470,88981,305.4,244.2,-0.000000,665.6,138483,1119.2,109240,350.8,-0.13,-0.000123,107378,332.3,2.85,0.003279,90631,309.9,26.43,0.033839,64.2,0.000000,100.0,1564357,2029.3,118925,359.8,0.11,0.000113,115714,338.9,3.25,0.003950,91299,307.7,-21.85,-0.028380,424.2,0.064419,311.7,74962,439.3,80451,308.3,82.70,0.064966,79786,305.6,73.57,0.068349,89432,306.6,25.09,0.032036,604.2,0.000000,197.2,159591,430.5,114025,359.8,-1.05,-0.000998,111316,335.1,-17.10,-0.020227,91332,309.5,-58.09,-0.075049
245.21,0.0045410,0.050747,86713,89835,90408,89037,305.6,245.2,-0.000000,1733.2,137264,1116.4,109128,350.7,-0.17,-0.000159,107681,332.5,2.48,0.002864,90570,310.0,25.26,0.032310,65.2,0.000000,219069.5,1523922,2017.8,118958,359.8,0.05,0.000052,115844,339.0,2.20,0.002671,91255,307.7,-23.91,-0.031052,425.2,0.064344,311.5,75227,435.5,80685,308.0,82.28,0.064878,79670,305.5,73.69,0.068377,89314,306.8,27.80,0.035434,605.2,0.000000,308.1,161434,431.8,113279,359.1,-1.11,-0.001055,110756,334.6,-17.69,-0.020854,91248,309.7,-60.62,-0.078197
246.21,0.0045595,0.050922,86809,89990,90360,89095,305.8,246.2,0.000000,364.5,136042,1113.5,109003,350.6,-0.19,-0.000181,108015,332.8,2.14,0.002478,90527,310.1,24.15,0.030868,66.2,0.000000,245.4,1485111,2006.6,118954,359.8,-0.00,-0.000001,115966,339.1,1.10,0.001338,91206,307.7,-26.05,-0.033806,426.2,0.064256,311.3,75467,432.0,80895,307.9,81.84,0.064734,79577,305.5,73.75,0.068357,89195,307.0,30.45,0.038732,606.2,0.000000,162.5,163337,433.2,112499,358.4,-1.17,-0.001107,110213,334.1,-18.28,-0.021473,91189,310.0,-63.18,-0.081381
247.21,0.0045780,0.051090,86942,90087,90327,89155,306.0,247.2,-0.000000,100.0,134817,1110.5,108871,350.4,-0.20,-0.000191,108370,333.1,1.85,0.002138,90505,310.2,23.08,0.029481,67.2,0.000000,206.7,1447865,1995.6,118920,359.8,-0.05,-0.000046,116069,339.2,-0.00,-0.000004,91157,307.7,-28.15,-0.036524,427.2,0.064117,311.1,75682,428.6,81075,307.7,81.37,0.064535,79517,305.5,73.72,0.068289,89079,307.3,33.05,0.041960,607.2,0.000000,574.9,165302,434.6,111691,357.7,-1.22,-0.001149,109685,333.6,-18.85,-0.022073,91168,310.3,-65.84,-0.084706
248.21,0.0045965,0.051249,87099,90119,90308,89218,306.3,248.2,0.000000,549.7,133587,1107.6,108741,350.3,-0.20,-0.000189,108729,333.4,1.62,0.001876,90511,310.4,22.00,0.028087,68.2,0.000000,100.0,1412109,1984.8,118855,359.7,-0.09,-0.000089,116144,339.3,-1.08,-0.001316,91101,307.6,-30.16,-0.039105,428.2,0.063939,311.0,75873,425.4,81231,307.6,80.90,0.064308,79494,305.5,73.65,0.068195,88967,307.5,35.63,0.045137,608.2,0.000000,100.0,167330,436.0,110862,356.9,-1.26,-0.001180,109167,333.1,-19.40,-0.022635,91184,310.6,-68.66,-0.088262
249.21,0.0046150,0.051397,87270,90144,90301,89284,306.6,249.2,0.000000,100.0,132350,1104.6,108623,350.2,-0.19,-0.000174,109072,333.8,1.48,0.001720,90554,310.6,20.80,0.026558,69.2,0.000000,100.0,1377780,1974.2,118759,359.7,-0.13,-0.000132,116182,339.3,-2.10,-0.002557,91042,307.6,-31.97,-0.041435,429.2,0.063747,310.9,76041,422.4,81367,307.5,80.44,0.064069,79506,305.6,73.41,0.067967,88861,307.8,38.19,0.048273,609.2,0.000000,346.4,169423,437.4,110021,356.2,-1.29,-0.001202,108652,332.7,-19.89,-0.023133,91209,310.9,-71.67,-0.092049
250.21,0.0046335,0.051535,87456,90121,90304,89352,306.9,250.2,-0.000000,100.0,131103,1101.6,108522,350.1,-0.16,-0.000150,109382,334.0,1.46,0.001699,90636,310.8,19.39,0.024761,70.2,0.000000,760.8,1344808,1963.9,118633,359.5,-0.18,-0.000175,116183,339.3,-3.04,-0.003705,90987,307.6,-33.56,-0.043470,430.2,0.063546,310.8,76190,419.5,81481,307.4,79.99,0.063822,79539,305.7,72.82,0.067429,88761,308.2,40.72,0.051361,610.2,0.000000,238.6,171584,438.9,109174,355.4,-1.31,-0.001215,108130,332.2,-20.30,-0.023535,91223,311.3,-74.82,-0.096004
251.21,0.0046520,0.051662,87656,90011,90307,89424,307.3,251.2,-0.000000,100.0,129845,1098.5,108440,350.0,-0.13,-0.000122,109660,334.3,1.50,0.001758,90755,311.1,17.64,0.022539,71.2,0.000000,925.1,1313134,1953.8,118476,359.4,-0.22,-0.000219,116165,339.3,-3.91,-0.004763,90935,307.6,-34.93,-0.045222,431.2,0.063333,310.6,76320,416.8,81576,307.3,79.55,0.063563,79575,305.8,71.91,0.066596,88664,308.5,43.21,0.054374,611.2,0.000000,450.3,173815,440.4,108326,354.6,-1.33,-0.001220,107593,331.7,-20.62,-0.023817,91213,311.6,-78.06,-0.100046
252.21,0.0046705,0.051777,87874,89893,90309,89498,307.7,252.2,-0.000000,100.0,128575,1095.4,108383,350.0,-0.09,-0.000086,109905,334.5,1.67,0.001959,90910,311.4,15.43,0.019732,72.2,0.000000,516.3,1282711,1943.8,118286,359.2,-0.27,-0.000266,116111,339.3,-4.69,-0.005716,90878,307.5,-36.11,-0.046723,432.2,0.063110,310.5,76432,414.2,81652,307.2,79.12,0.063297,79574,305.8,70.71,0.065466,88566,308.9,45.63,0.057282,612.2,0.000000,667.8,176117,442.0,107482,353.8,-1.33,-0.001218,107039,331.2,-20.83,-0.023973,91167,311.9,-81.28,-0.104035
253.20,0.0046890,0.051880,88109,89794,90314,89576,308.2,253.2,0.000000,281.9,127295,1092.3,108358,350.0,-0.04,-0.000040,110113,334.7,1.94,0.002269,91097,311.6,12.67,0.016221,73.2,0.000000,100.0,1253500,1934.1,118061,359.0,-0.32,-0.000315,116029,339.2,-5.38,-0.006546,90814,307.5,-37.12,-0.048001,433.2,0.062882,310.4,76529,411.7,81714,307.2,78.71,0.063031,79477,305.8,69.16,0.063971,88466,309.3,47.96,0.060066,613.2,0.000000,100.0,178490,443.6,106648,353.0,-1.33,-0.001210,106468,330.7,-20.94,-0.024009,91075,312.1,-84.34,-0.107759
254.20,0.0047074,0.051970,88358,89715,90313,89658,308.6,254.2,-0.000000,523.7,126005,1089.1,108367,350.0,0.01,0.000009,110297,334.8,2.29,0.002682,91295,311.9,9.34,0.011973,74.2,0.000000,209.3,1225446,1924.6,117801,358.8,-0.37,-0.000366,115928,339.1,-5.95,-0.007245,90738,307.5,-38.00,-0.049101,434.2,0.062654,310.3,76612,409.4,81762,307.1,78.32,0.062766,79222,305.5,67.21,0.062014,88364,309.6,50.18,0.062701,614.2,0.000000,620.4,180938,445.2,105825,352.2,-1.32,-0.001197,105882,330.1,-20.96,-0.023940,90932,312.3,-87.05,-0.110981
255.19,0.0047258,0.052046,88647,89675,90308,89743,309.0,255.2,0.000000,229.1,124704,1085.9,108414,350.0,0.07,0.000065,110464,335.0,2.72,0.003189,91473,312.1,5.53,0.007091,75.2,0.000000,100.0,1198490,1915.3,117506,358.6,-0.42,-0.000415,115812,339.0,-6.44,-0.007834,90647,307.5,-38.78,-0.050067,435.2,0.062428,310.1,76682,407.1,81798,307.0,77.95,0.062507,78779,305.1,64.81,0.059546,88260,310.0,52.27,0.065163,615.2,0.000000,618.6,183462,446.8,105018,351.5,-1.31,-0.001181,105284,329.6,-20.91,-0.023793,90739,312.4,-89.23,-0.113471
256.18,0.0047441,0.052106,89037,89649,90327,89831,309.5,256.2,0.000000,100.0,123395,1082.7,108503,350.1,0.14,0.000127,110622,335.1,3.21,0.003777,91525,312.2,1.21,0.001559,76.2,0.000000,706.5,1172581,1906.2,117179,358.3,-0.47,-0.000463,115678,338.9,-6.87,-0.008349,90549,307.4,-39.48,-0.050914,436.2,0.062210,310.0,76741,405.0,81826,307.0,77.60,0.062260,78161,304.5,61.96,0.056606,88167,310.3,54.22,0.067463,616.2,0.000000,192.8,186066,448.5,104227,350.7,-1.30,-0.001160,104675,329.0,-20.83,-0.023601,90519,312.5,-90.71,-0.115055
257.17,0.0047624,0.052143,89689,89597,90357,89922,309.9,257.2,-0.000000,100.0,122079,1079.4,108637,350.2,0.21,0.000193,110775,335.2,3.76,0.004428,91320,312.0,-3.49,-0.004472,77.2,0.000000,100.0,1147671,1897.2,116823,358.0,-0.51,-0.000505,115520,338.7,-7.27,-0.008821,90466,307.4,-40.06,-0.051615,437.2,0.062004,309.9,76790,402.9,81847,306.9,77.28,0.062027,77409,303.7,58.76,0.053303,88096,310.6,56.07,0.069633,617.2,0.000000,240.3,188752,450.2,103456,350.0,-1.28,-0.001137,104055,328.4,-20.70,-0.023353,90303,312.5,-91.38,-0.115605
258.16,0.0047808,0.052144,90498,89557,90426,90014,310.3,258.2,0.000000,100.0,120753,1076.0,108817,350.4,0.28,0.000261,110927,335.4,4.35,0.005123,91143,311.8,-7.60,-0.009722,78.2,0.000000,100.0,1123701,1888.5,116443,357.6,-0.55,-0.000541,115332,338.6,-7.66,-0.009282,90397,307.4,-40.55,-0.052208,438.2,0.061810,309.8,76831,401.0,81859,306.9,76.98,0.061802,76569,302.8,55.29,0.049756,88028,310.8,57.78,0.071650,618.2,0.000000,303.8,191524,452.0,102706,349.2,-1.25,-0.001111,103426,327.9,-20.51,-0.023042,90068,312.5,-91.16,-0.115024
259.15,0.0047990,0.052112,91172,89527,90524,90108,310.6,259.1,0.000000,100.0,119420,1072.7,109040,350.6,0.35,0.000326,111076,335.5,4.95,0.005836,91004,311.7,-11.20,-0.014323,79.1,0.000000,199.9,1100620,1879.9,116043,357.3,-0.58,-0.000570,115101,338.3,-8.07,-0.009772,90349,307.4,-40.96,-0.052703,439.1,0.061612,309.7,76866,399.1,81860,306.9,76.67,0.061565,75680,301.8,51.64,0.046083,87958,310.9,59.38,0.073552,619.1,0.000000,100.0,194386,453.7,101977,348.5,-1.23,-0.001081,102784,327.3,-20.30,-0.022700,89849,312.5,-90.28,-0.113653
260.14,0.0048173,0.052052,91730,89517,90586,90202,310.9,260.1,0.000000,223.8,118078,1069.3,109301,350.8,0.41,0.000382,111225,335.6,5.55,0.006548,90896,311.5,-14.34,-0.018322,80.1,0.000000,110.6,1078382,1871.5,115629,356.9,-0.61,-0.000592,114808,338.1,-8.57,-0.010351,90322,307.5,-41.30,-0.053118,440.1,0.061371,309.7,76894,397.3,81839,306.8,76.33,0.061281,74785,300.8,47.95,0.042424,87891,311.0,60.88,0.075343,620.1,0.000000,100.0,197343,455.6,101273,347.8,-1.20,-0.001050,102129,326.6,-20.07,-0.022350,89709,312.5,-89.07,-0.111945
261.12,0.0048356,0.051969,92204,89528,90581,90296,311.0,261.1,0.000000,279.2,116728,1065.8,109591,351.1,0.45,0.000425,111373,335.8,6.13,0.007239,90788,311.3,-17.09,-0.021820,81.1,0.000000,100.0,1056946,1863.3,115207,356.5,-0.62,-0.000605,114424,337.8,-9.21,-0.011098,90292,307.5,-41.63,-0.053523,441.1,0.061045,309.6,76913,395.6,81786,306.8,75.88,0.060895,73930,299.8,44.38,0.038942,87814,310.9,62.21,0.076929,621.1,0.000000,372.0,200398,457.4,100593,347.2,-1.16,-0.001016,101463,326.0,-19.86,-0.022007,89585,312.5,-87.44,-0.109760
262.11,0.0048539,0.051867,92626,89557,90542,90390,311.1,262.1,0.000000,245.4,115368,1062.3,109900,351.3,0.48,0.000456,111503,335.9,6.64,0.007845,90661,311.1,-19.50,-0.024872,82.1,0.000000,340.0,1036274,1855.2,114784,356.2,-0.63,-0.000608,113919,337.3,-10.06,-0.012093,90247,307.5,-42.01,-0.053976,442.1,0.060563,309.4,76920,393.9,81681,306.6,75.23,0.060326,73166,299.0,41.13,0.035822,87720,310.9,63.35,0.078267,622.1,0.000000,351.5,203556,459.3,99938,346.5,-1.13,-0.000980,100783,325.4,-19.66,-0.021688,89490,312.4,-85.55,-0.107300
263.21,0.0048742,0.051735,93024,89611,90495,90493,311.1,263.2,0.000000,1184.3,113846,1058.3,110260,351.6,0.51,0.000479,111600,336.0,7.04,0.008333,90524,310.9,-21.73,-0.027696,83.2,0.000000,111.5,1014158,1846.4,114322,355.8,-0.62,-0.000598,113190,336.7,-11.33,-0.013554,90201,307.5,-42.47,-0.054535,443.2,0.059776,309.1,76907,392.1,81480,306.4,74.16,0.059364,72495,298.2,38.18,0.033025,87614,310.8,64.49,0.079605,623.2,0.000000,100.0,207192,461.5,99242,345.8,-1.09,-0.000939,100012,324.7,-19.49,-0.021386,89457,312.4,-83.49,-0.104685
264.19,0.0048925,0.051603,93258,89687,90450,90586,311.1,264.2,-0.000000,100.0,112466,1054.7,110595,351.9,0.52,0.000495,111645,336.0,7.26,0.008595,90427,310.8,-23.37,-0.029782,84.2,0.000000,100.0,994986,1838.7,113922,355.4,-0.60,-0.000577,112379,336.0,-12.76,-0.015188,90168,307.6,-42.90,-0.055065,444.2,0.058597,308.7,76867,390.6,81203,306.1,72.75,0.058100,72089,297.7,36.26,0.031239,87525,310.7,65.43,0.080701,624.2,0.000000,283.3,210583,463.5,98642,345.2,-1.05,-0.000902,99303,324.0,-19.37,-0.021146,89443,312.4,-81.68,-0.102392
265.18,0.0049107,0.051466,93368,89786,90395,90679,311.1,265.2,-0.000000,100.0,111076,1051.1,110940,352.2,0.54,0.000510,111658,336.1,7.30,0.008643,90348,310.6,-24.78,-0.031560,85.2,0.000000,503.0,976478,1831.1,113544,355.1,-0.57,-0.000548,111436,335.2,-14.43,-0.017071,90138,307.6,-43.36,-0.055633,445.2,0.057029,308.2,76791,389.1,80824,305.7,70.86,0.056395,71879,297.5,35.09,0.030167,87442,310.6,66.27,0.081676,625.2,0.000000,647.2,214091,465.5,98067,344.6,-1.01,-0.000867,98575,323.3,-19.29,-0.020948,89443,312.4,-79.95,-0.100219
266.17,0.0049290,0.051326,93454,89901,90332,90771,311.1,266.2,-0.000000,1036.8,109676,1047.4,111298,352.5,0.56,0.000529,111643,336.0,7.23,0.008549,90280,310.4,-26.00,-0.033104,86.2,0.000000,513.1,958606,1823.6,113189,354.7,-0.54,-0.000515,110388,334.2,-16.27,-0.019121,90111,307.7,-43.87,-0.056255,446.2,0.054999,307.6,76669,387.6,80344,305.2,68.44,0.054242,71840,297.5,34.56,0.029696,87365,310.6,67.00,0.082518,626.2,0.000000,2583.8,217721,467.6,97514,344.1,-0.98,-0.000835,97827,322.6,-19.29,-0.020829,89455,312.5,-78.35,-0.098221
267.15,0.0049473,0.051186,93462,90033,90275,90863,311.1,267.2,-0.000000,341.5,108267,1043.6,111672,352.9,0.58,0.000552,111564,336.0,6.94,0.008209,90218,310.3,-27.06,-0.034454,87.2,0.000000,296.2,941346,1816.3,112855,354.4,-0.51,-0.000486,109268,333.3,-18.22,-0.021253,90088,307.7,-44.43,-0.056950,447.2,0.050132,306.9,76438,386.1,80061,304.9,63.91,0.050507,71897,297.6,34.50,0.029664,87295,310.6,67.63,0.083230,627.2,0.000000,477.9,221479,469.7,96980,343.5,-0.95,-0.000808,97058,321.8,-19.39,-0.020827,89467,312.5,-76.89,-0.096385
268.14,0.0049656,0.051050,93339,90180,90229,90954,311.1,268.1,-0.000000,537.2,106849,1039.8,112065,353.2,0.61,0.000580,111403,335.9,6.38,0.007538,90167,310.1,-27.99,-0.035631,88.1,0.000000,100.0,924672,1809.1,112532,354.2,-0.49,-0.000472,108110,332.2,-20.20,-0.023389,90075,307.8,-45.05,-0.057724,448.1,0.049622,305.9,76200,384.7,79192,304.0,61.31,0.048080,72038,297.8,34.82,0.029977,87235,310.6,68.16,0.083835,628.1,0.000000,276.7,225368,471.9,96460,343.0,-0.93,-0.000787,96270,321.1,-19.59,-0.020922,89488,312.5,-75.57,-0.094741
269.13,0.0049839,0.050923,93181,90342,90179,91046,311.0,269.1,-0.000000,212.0,105422,1035.9,112482,353.6,0.64,0.000614,111166,335.7,5.52,0.006512,90130,310.0,-28.82,-0.036688,89.1,0.000000,117.4,908563,1802.1,112205,353.9,-0.50,-0.000473,106943,331.2,-22.15,-0.025457,90068,307.9,-45.74,-0.058587,449.1,0.044272,305.2,75849,383.3,78969,303.8,56.08,0.043879,72455,298.3,36.11,0.031214,87184,310.6,68.61,0.084337,629.1,0.000000,404.2,229395,474.1,95951,342.5,-0.91,-0.000771,95465,320.3,-19.87,-0.021095,89501,312.6,-74.38,-0.093252
270.12,0.0050021,0.050805,93034,90518,90113,91138,311.0,270.1,0.000000,100.0,103987,1032.0,112923,353.9,0.67,0.000647,110859,335.4,4.42,0.005199,90097,309.8,-29.62,-0.037711,90.1,0.000000,3384.7,892996,1795.2,111865,353.6,-0.52,-0.000494,105794,330.1,-24.02,-0.027392,90054,308.0,-46.51,-0.059555,450.1,0.043428,304.0,75490,381.9,77806,302.5,53.39,0.041331,73271,299.2,38.78,0.033791,87135,310.6,68.97,0.084724,630.1,0.000000,404.5,233565,476.3,95449,342.0,-0.91,-0.000762,94645,319.5,-20.23,-0.021341,89500,312.6,-73.30,-0.091884
271.21,0.0050225,0.050684,92888,90726,90037,91240,311.0,271.2,0.000000,100.0,102385,1027.6,113422,354.4,0.68,0.000659,110463,335.1,2.96,0.003479,90057,309.7,-30.52,-0.038869,91.2,0.000000,543.3,876310,1787.7,111437,353.2,-0.59,-0.000561,104567,329.0,-25.93,-0.029330,90021,308.0,-47.46,-0.060732,451.2,0.037945,310.9,74970,380.3,77422,302.2,47.79,0.036855,74429,300.6,42.63,0.037556,87079,310.6,69.27,0.085023,631.2,0.000000,1055.5,238373,478.9,94892,341.4,-0.91,-0.000760,93724,318.6,-20.71,-0.021697,89487,312.7,-72.21,-0.090489
272.20,0.0050407,0.050582,92824,90933,89990,91333,311.0,272.2,-0.000000,100.0,100937,1023.5,113860,354.8,0.67,0.000645,110082,334.7,1.50,0.001751,90020,309.5,-31.35,-0.039928,92.2,0.000000,532.5,861820,1781.1,110964,352.7,-0.72,-0.000683,103528,328.0,-27.47,-0.030848,89983,308.1,-48.36,-0.061838,452.2,0.036645,301.9,74490,378.9,76205,300.8,45.22,0.034485,75454,301.8,46.03,0.040948,87032,310.7,69.47,0.085213,632.2,0.000000,1167.1,242865,481.2,94385,340.9,-0.92,-0.000769,92891,317.8,-21.21,-0.022082,89466,312.7,-71.27,-0.089292
273.19,0.0050590,0.050483,92782,91182,89969,91426,311.0,273.2,-0.000000,9413.9,99484,1019.5,114266,355.1,0.62,0.000599,109689,334.4,-0.06,-0.000067,89993,309.4,-32.18,-0.040987,93.2,0.000000,100.0,847811,1774.6,110353,352.2,-0.93,-0.000877,102563,327.1,-28.81,-0.032140,89950,308.2,-49.25,-0.062947,453.2,0.033457,300.8,73959,377.5,75351,299.9,42.44,0.032100,76364,302.9,49.02,0.043983,86995,310.7,69.64,0.085373,633.2,0.000000,1833.7,247518,483.7,93867,340.4,-0.95,-0.000787,92060,316.9,-21.77,-0.022520,89446,312.7,-70.34,-0.088099
274.17,0.0050773,0.050388,92699,91557,89962,91519,311.0,274.2,0.000000,186.5,98027,1015.3,114614,355.4,0.53,0.000516,109299,334.0,-1.65,-0.001923,89981,309.2,-33.01,-0.042057,94.2,0.000000,100.0,834262,1768.2,109557,351.5,-1.21,-0.001140,101681,326.3,-29.95,-0.033211,89924,308.2,-50.11,-0.064013,454.2,0.031081,299.9,73396,376.2,74655,299.1,39.97,0.030030,77165,303.8,51.56,0.046609,86969,310.8,69.79,0.085526,634.2,0.000000,100.0,252341,486.1,93333,339.8,-0.98,-0.000812,91236,316.1,-22.37,-0.022995,89433,312.7,-69.39,-0.086880
275.16,0.0050956,0.050299,92615,92063,89957,91613,311.1,275.2,-0.000000,100.0,96569,1011.1,114879,355.6,0.41,0.000397,108920,333.7,-3.24,-0.003769,89976,309.1,-33.85,-0.043145,95.2,0.000000,935.1,821157,1761.9,108545,350.5,-1.55,-0.001448,100883,325.5,-30.91,-0.034082,89908,308.3,-50.93,-0.065035,455.2,0.029419,299.1,72818,374.8,74058,298.4,38.14,0.028495,77890,304.6,53.72,0.048884,86951,310.8,69.94,0.085670,635.2,0.000000,100.0,257340,488.6,92777,339.2,-1.03,-0.000844,90424,315.3,-23.00,-0.023494,89429,312.8,-68.41,-0.085645
276.15,0.0051138,0.050215,92541,92488,89954,91707,311.1,276.1,0.000000,100.0,95112,1006.9,115040,355.8,0.25,0.000246,108559,333.4,-4.81,-0.005577,89972,309.0,-34.69,-0.044234,96.1,0.000000,559.0,808479,1755.8,107313,349.4,-1.91,-0.001768,100165,324.8,-31.70,-0.034780,89904,308.4,-51.75,-0.066050,456.1,0.028459,298.4,72243,373.5,73559,297.8,37.17,0.027638,78579,305.4,55.56,0.050868,86938,310.8,70.07,0.085807,636.1,0.000000,784.2,262524,491.2,92197,338.6,-1.08,-0.000884,89630,314.5,-23.65,-0.024003,89432,312.8,-67.43,-0.084412
277.13,0.0051321,0.050135,92482,92833,89960,91802,311.1,277.1,0.000000,100.0,93656,1002.7,115074,355.8,0.07,0.000065,108223,333.1,-6.34,-0.007333,89970,308.8,-35.51,-0.045302,97.1,0.000000,419.0,796211,1749.8,105878,348.0,-2.26,-0.002066,99519,324.2,-32.35,-0.035337,89913,308.5,-52.59,-0.067099,457.1,0.028238,297.7,71684,372.2,73137,297.3,37.14,0.027501,79261,306.2,57.10,0.052600,86928,310.9,70.20,0.085949,637.1,0.000000,100.0,267900,493.8,91585,338.0,-1.14,-0.000932,88857,313.7,-24.30,-0.024511,89443,312.9,-66.46,-0.083189
278.12,0.0051504,0.050058,92445,93128,89980,91897,311.1,278.1,-0.000000,361.9,92197,998.3,114991,355.7,-0.11,-0.000107,107913,332.8,-7.82,-0.009034,89976,308.7,-36.30,-0.046333,98.1,0.000000,100.0,784338,1743.9,104280,346.5,-2.55,-0.002313,98936,323.6,-32.90,-0.035787,89933,308.7,-53.45,-0.068188,458.1,0.028455,297.1,71152,371.0,72765,296.9,38.13,0.028125,79955,306.9,58.37,0.054110,86922,310.9,70.34,0.086115,638.1,0.000000,706.9,273477,496.5,90936,337.3,-1.22,-0.000990,88106,312.9,-24.94,-0.025008,89465,312.9,-65.49,-0.081982
279.11,0.0051686,0.049984,92427,93366,90018,91992,311.2,279.1,-0.000000,107.3,90729,994.0,114772,355.5,-0.31,-0.000306,107634,332.5,-9.27,-0.010684,89993,308.6,-37.06,-0.047320,99.1,0.000000,694.5,772845,1738.1,102566,344.9,-2.79,-0.002496,98402,323.1,-33.37,-0.036158,89964,308.8,-54.34,-0.069318,459.1,0.029415,296.7,70659,369.8,72492,296.6,40.03,0.029449,80667,307.7,59.42,0.055432,86922,310.9,70.51,0.086322,639.1,0.000000,100.0,279265,499.2,90243,336.5,-1.31,-0.001057,87377,312.2,-25.57,-0.025488,89502,313.0,-64.52,-0.080790
280.20,0.0051889,0.049904,92431,93549,90083,92098,311.2,280.2,-0.000000,528.2,89091,989.0,114348,355.1,-0.57,-0.000553,107363,332.3,-10.83,-0.012463,90033,308.5,-37.85,-0.048376,100.2,0.000000,100.0,760504,1731.8,100587,343.0,-2.96,-0.002617,97851,322.6,-33.82,-0.036503,90019,309.0,-55.38,-0.070648,460.2,0.031164,296.4,70173,368.5,72424,296.5,43.42,0.031922,81473,308.6,60.39,0.056733,86932,310.9,70.76,0.086622,640.2,0.000000,100.0,285952,502.3,89419,335.7,-1.42,-0.001138,86593,311.3,-26.25,-0.025998,89570,313.1,-63.46,-0.079490
281.19,0.0052072,0.049832,92453,93627,90160,92193,311.3,281.2,0.000000,146.1,87624,984.5,113787,354.6,-0.83,-0.000800,107155,332.1,-12.20,-0.014016,90093,308.4,-38.55,-0.049310,101.2,0.000000,100.0,749768,1726.2,98791,341.2,-3.04,-0.002653,97374,322.1,-34.17,-0.036763,90087,309.1,-56.35,-0.071897,461.2,0.034011,296.5,69812,367.4,72551,296.7,47.77,0.035160,82204,309.4,61.14,0.057805,86952,310.9,71.04,0.086978,641.2,0.000000,100.0,292214,505.2,88629,334.8,-1.52,-0.001212,85906,310.6,-26.84,-0.026434,89649,313.2,-62.51,-0.078340
282.17,0.0052254,0.049759,92492,93651,90252,92289,311.4,282.2,0.000000,157.5,86208,980.1,113052,354.0,-1.09,-0.001052,106980,331.9,-13.52,-0.015520,90172,308.3,-39.25,-0.050257,102.2,0.000000,100.0,739371,1720.8,97027,339.5,-3.05,-0.002627,96895,321.6,-34.48,-0.036967,90165,309.3,-57.32,-0.073159,462.2,0.037730,297.0,69540,366.4,72846,297.1,53.25,0.039307,82928,310.2,61.84,0.058834,86984,311.0,71.41,0.087448,642.2,0.000000,195.5,298717,508.1,87794,333.9,-1.62,-0.001282,85234,309.9,-27.41,-0.026846,89736,313.3,-61.55,-0.077177
283.16,0.0052437,0.049686,92547,93657,90368,92385,311.5,283.2,0.000000,360.1,85142,976.6,112164,353.2,-1.34,-0.001277,106835,331.8,-14.79,-0.016958,90268,308.3,-39.95,-0.051227,103.2,0.000000,797.5,729301,1715.4,95331,337.8,-3.00,-0.002545,96392,321.1,-34.72,-0.037091,90249,309.5,-58.26,-0.074379,463.2,0.042122,297.7,69368,365.5,73241,297.6,59.24,0.043893,83632,310.9,62.54,0.059857,87027,311.0,71.84,0.088016,643.2,0.000000,100.0,305471,511.0,86922,333.0,-1.71,-0.001345,84571,309.2,-27.96,-0.027234,89828,313.5,-60.54,-0.075955
284.14,0.0052619,0.049611,92622,93613,90509,92480,311.6,284.1,-0.000000,335.2,84968,975.4,111165,352.3,-1.52,-0.001445,106709,331.7,-15.98,-0.018307,90376,308.2,-40.65,-0.052193,104.1,0.000000,379.3,719546,1710.2,93731,336.1,-2.88,-0.002420,95832,320.5,-34.83,-0.037053,90342,309.7,-59.11,-0.075486,464.1,0.046501,298.7,69295,364.7,73637,298.0,64.87,0.048246,84301,311.6,63.27,0.060903,87084,311.1,72.35,0.088679,644.1,0.000000,107.4,312489,514.1,86018,332.0,-1.79,-0.001398,83915,308.5,-28.49,-0.027595,89929,313.6,-59.44,-0.074630
285.13,0.0052802,0.049533,92713,93513,90663,92576,311.7,285.1,-0.000000,151.0,85908,977.2,110103,351.3,-1.64,-0.001547,106592,331.5,-17.07,-0.019540,90495,308.2,-41.32,-0.053122,105.1,0.000000,100.0,710093,1705.1,92249,334.6,-2.72,-0.002260,95199,319.9,-34.81,-0.036860,90438,310.0,-59.82,-0.076419,465.1,0.050507,299.8,69311,363.9,74023,298.5,69.83,0.052123,84927,312.3,64.04,0.061977,87151,311.1,72.91,0.089424,645.1,0.000000,100.0,319784,517.2,85091,330.9,-1.86,-0.001439,83262,307.8,-28.99,-0.027928,90043,313.8,-58.24,-0.073180
286.11,0.0052984,0.049452,92818,93403,90822,92671,311.8,286.1,-0.000000,403.3,87668,981.1,109018,350.3,-1.70,-0.001591,106470,331.4,-18.03,-0.020631,90619,308.2,-41.93,-0.053984,106.1,0.000000,367.4,700932,1700.0,90899,333.2,-2.53,-0.002074,94490,319.2,-34.71,-0.036558,90534,310.2,-60.35,-0.077132,466.1,0.053985,300.8,69403,363.2,74393,299.0,73.96,0.055399,85505,312.9,64.86,0.063075,87226,311.2,73.52,0.090227,646.1,0.000000,669.3,327369,520.3,84150,329.9,-1.91,-0.001466,82609,307.1,-29.47,-0.028228,90163,314.0,-56.94,-0.071605
287.21,0.0053187,0.049358,92945,93294,91002,92775,312.0,287.2,0.000000,761.7,89427,984.9,107823,349.2,-1.71,-0.001587,106311,331.3,-18.95,-0.021657,90754,308.2,-42.51,-0.054815,107.2,0.000000,4508.3,691083,1694.5,89560,331.8,-2.28,-0.001853,93592,318.3,-34.43,-0.036018,90644,310.4,-60.74,-0.077667,467.2,0.056923,301.8,69577,362.6,74840,299.5,77.64,0.058399,86070,313.4,65.87,0.064360,87312,311.2,74.22,0.091165,647.2,0.000000,100.0,336154,523.9,83099,328.7,-1.95,-0.001481,81880,306.3,-29.96,-0.028517,90300,314.1,-55.38,-0.069699
288.19,0.0053369,0.049268,93070,93207,91170,92868,312.1,288.2,-0.000000,463.6,90883,987.8,106777,348.3,-1.68,-0.001551,106132,331.1,-19.63,-0.022407,90871,308.2,-42.91,-0.055392,108.2,0.000000,228.5,682503,1689.7,88501,330.7,-2.05,-0.001652,92688,317.4,-33.91,-0.035234,90751,310.6,-60.92,-0.077940,468.2,0.059336,302.6,69788,362.1,75298,300.1,80.34,0.060690,86490,313.9,66.92,0.065621,87390,311.3,74.88,0.092047,648.2,0.000000,129.6,344400,527.2,82157,327.6,-1.96,-0.001481,81218,305.6,-30.35,-0.028728,90426,314.3,-53.85,-0.067833
289.18,0.0053552,0.049174,93200,93149,91345,92960,312.2,289.2,0.000000,403.8,92218,990.4,105773,347.3,-1.63,-0.001497,105905,330.9,-20.18,-0.023000,90984,308.2,-43.14,-0.055759,109.2,0.000000,748.9,674182,1685.0,87571,329.7,-1.82,-0.001459,91703,316.4,-33.14,-0.034175,90865,310.8,-60.95,-0.078015,469.2,0.061324,303.5,70042,361.6,75806,300.7,82.65,0.062728,86830,314.2,68.06,0.066933,87469,311.3,75.57,0.092970,649.2,0.000000,137.0,352984,530.6,81227,326.6,-1.96,-0.001468,80549,304.9,-30.70,-0.028883,90557,314.5,-52.21,-0.065824
290.17,0.0053734,0.049076,93323,93101,91523,93049,312.3,290.2,0.000000,376.1,93426,992.7,104814,346.4,-1.57,-0.001434,105613,330.6,-20.61,-0.023450,91097,308.2,-43.20,-0.055894,110.2,0.000000,447.7,666112,1680.3,86757,328.8,-1.61,-0.001282,90658,315.4,-32.21,-0.032946,90985,311.0,-60.82,-0.077898,470.2,0.063191,304.4,70337,361.2,76335,301.3,84.67,0.064572,87122,314.5,69.26,0.068279,87548,311.3,76.29,0.093929,650.2,0.000000,475.5,361924,534.1,80315,325.5,-1.94,-0.001445,79872,304.1,-30.98,-0.028975,90695,314.7,-50.47,-0.063684
291.15,0.0053917,0.048973,93444,93046,91712,93137,312.4,291.2,0.000000,472.0,94812,995.3,103905,345.5,-1.51,-0.001364,105223,330.2,-20.91,-0.023732,91213,308.3,-43.06,-0.055782,111.2,0.000000,100.0,658283,1675.7,86042,328.0,-1.43,-0.001130,89587,314.3,-31.16,-0.031604,91109,311.2,-60.57,-0.077634,471.2,0.064882,305.2,70669,360.9,76879,302.0,86.42,0.066231,87373,314.7,70.54,0.069694,87629,311.4,77.03,0.094924,651.2,0.000000,382.9,371239,537.6,79426,324.5,-1.92,-0.001414,79182,303.4,-31.20,-0.028998,90841,314.9,-48.63,-0.061424
292.14,0.0054100,0.048866,93595,93001,91957,93222,312.6,292.1,-0.000000,100.0,95878,997.1,103049,344.7,-1.43,-0.001289,104713,329.7,-21.12,-0.023889,91349,308.4,-42.73,-0.055415,112.1,0.000000,100.0,650686,1671.3,85407,327.3,-1.28,-0.001005,88511,313.2,-30.02,-0.030189,91249,311.5,-60.15,-0.077157,472.1,0.066411,306.1,71035,360.6,77441,302.6,87.94,0.067742,87510,314.8,71.92,0.071153,87725,311.4,77.82,0.095990,652.1,0.000000,100.0,380949,541.2,78561,323.5,-1.89,-0.001379,78478,302.6,-31.35,-0.028955,91004,315.1,-46.67,-0.059019
293.13,0.0054283,0.048753,93726,92968,92397,93304,312.9,293.1,-0.000000,152.0,96895,998.7,102247,344.0,-1.35,-0.001210,104087,329.1,-21.33,-0.024017,91548,308.5,-42.10,-0.054690,113.1,0.000000,168.5,643313,1666.9,84833,326.7,-1.16,-0.000909,87448,312.1,-28.81,-0.028730,91450,311.7,-59.44,-0.076343,473.1,0.067817,307.0,71432,360.3,78023,303.3,89.29,0.069137,87505,314.7,73.48,0.072701,87884,311.4,78.73,0.097269,653.1,0.000000,337.4,391075,544.9,77723,322.5,-1.85,-0.001342,77756,301.8,-31.44,-0.028853,91226,315.4,-44.47,-0.056333
294.12,0.0054466,0.048637,93835,92943,93073,93380,313.4,294.1,0.000000,811.9,97837,1000.1,101501,343.2,-1.27,-0.001129,103330,328.4,-21.56,-0.024159,91884,308.8,-40.98,-0.053392,114.1,0.000000,100.0,636155,1662.6,84302,326.1,-1.08,-0.000841,86414,311.0,-27.57,-0.027260,91793,312.2,-58.27,-0.075024,474.1,0.069120,307.8,71857,360.2,78621,304.0,90.48,0.070430,87361,314.5,75.19,0.074321,88197,311.5,79.93,0.099078,654.1,0.000000,401.9,401641,548.6,76909,321.5,-1.81,-0.001305,77012,300.9,-31.49,-0.028703,91591,315.8,-41.85,-0.053148
295.11,0.0054649,0.048517,93937,92930,93663,93451,313.9,295.1,0.000000,100.0,98786,1001.6,100812,342.6,-1.18,-0.001044,102440,327.6,-21.87,-0.024351,92348,309.2,-39.47,-0.051612,115.1,0.000000,170.6,629208,1658.3,83796,325.5,-1.03,-0.000799,85421,310.0,-26.32,-0.025813,92261,312.7,-56.74,-0.073292,475.1,0.070332,308.7,72309,360.0,79234,304.7,91.52,0.071628,87109,314.2,77.02,0.075987,88617,311.7,81.22,0.101099,655.1,0.000000,128.4,412668,552.5,76118,320.6,-1.78,-0.001272,76241,300.1,-31.52,-0.028522,92084,316.3,-38.89,-0.049580
296.21,0.0054853,0.048381,93991,92932,94130,93523,314.2,296.2,-0.000000,237.5,99665,1002.7,100115,341.9,-1.08,-0.000949,101314,326.5,-22.30,-0.024639,92892,309.7,-37.67,-0.049472,116.2,0.000000,100.0,621728,1653.7,83243,324.9,-1.02,-0.000784,84381,308.9,-24.96,-0.024266,92806,313.4,-54.92,-0.071213,476.2,0.071513,309.6,72840,359.9,79926,305.6,92.52,0.072847,86753,313.7,79.13,0.077856,89058,311.9,82.42,0.103037,656.2,0.000000,1174.4,425489,556.8,75263,319.5,-1.75,-0.001239,75352,299.1,-31.56,-0.028318,92651,316.9,-35.57,-0.045541
297.20,0.0055036,0.048260,93968,92952,94462,93583,314.4,297.2,0.000000,436.4,100228,1003.1,99548,341.3,-0.99,-0.000865,100203,325.5,-22.75,-0.024939,93343,310.1,-36.13,-0.047625,117.2,0.000000,140.3,615205,1649.7,82736,324.4,-1.04,-0.000795,83513,308.0,-23.79,-0.022954,93252,313.9,-53.32,-0.069362,477.2,0.072590,310.5,73342,359.8,80555,306.3,93.28,0.073841,86388,313.3,80.97,0.079453,89404,312.2,83.33,0.104477,657.2,0.000000,100.0,437567,560.9,74511,318.6,-1.72,-0.001214,74529,298.1,-31.63,-0.028158,93110,317.4,-32.70,-0.042002
298.19,0.0055220,0.048142,93913,92988,94743,93638,314.6,298.2,-0.000000,689.8,101893,1006.1,99034,340.8,-0.90,-0.000785,99056,324.4,-23.26,-0.025293,93739,310.4,-34.74,-0.045930,118.2,0.000000,103.5,608874,1645.7,82212,323.8,-1.08,-0.000823,82715,307.1,-22.68,-0.021733,93640,314.4,-51.81,-0.067574,478.2,0.073522,311.3,73865,359.8,81191,307.0,93.91,0.074749,86018,312.8,82.71,0.080933,89715,312.6,84.07,0.105653,658.2,0.000000,476.2,450184,565.0,73773,317.7,-1.71,-0.001193,73687,297.1,-31.73,-0.028025,93506,317.8,-29.95,-0.038589
299.18,0.0055404,0.048029,93852,93042,94950,93689,314.8,299.2,-0.000000,266.0,103155,1008.1,98567,340.4,-0.82,-0.000714,97902,323.3,-23.80,-0.025662,94076,310.7,-33.51,-0.044420,119.2,0.000000,171.1,602729,1641.8,81662,323.1,-1.13,-0.000861,81988,306.3,-21.64,-0.020614,93966,314.8,-50.39,-0.065866,479.2,0.070731,312.2,74348,359.8,82612,308.8,91.94,0.074043,85670,312.4,84.30,0.082272,89997,312.9,84.61,0.106553,659.2,0.000000,1033.1,463367,569.2,73048,316.8,-1.69,-0.001175,72834,296.1,-31.86,-0.027903,93839,318.1,-27.35,-0.035321
300.17,0.0055588,0.047920,93786,93115,95033,93736,314.8,300.2,-0.000000,225.6,104238,1009.6,98138,340.0,-0.76,-0.000657,96765,322.2,-24.34,-0.026026,94336,311.0,-32.51,-0.043180,120.2,0.000000,101.7,596765,1638.0,81087,322.5,-1.19,-0.000901,81337,305.6,-20.71,-0.019609,94213,315.1,-49.11,-0.064304,480.2,0.075030,312.9,74906,359.8,82903,309.1,93.57,0.075534,85358,311.9,85.68,0.083426,90238,313.3,84.89,0.107072,660.2,0.000000,103.1,477146,573.4,72335,315.9,-1.68,-0.001159,71981,295.1,-31.98,-0.027774,94095,318.4,-24.95,-0.032291
301.17,0.0055771,0.047815,93712,93204,95051,93781,314.8,301.2,-0.000000,100.0,105179,1010.8,97732,339.5,-0.72,-0.000624,95664,321.2,-24.86,-0.026369,94512,311.1,-31.78,-0.042264,121.2,0.000000,100.0,590978,1634.2,80493,321.8,-1.24,-0.000934,80758,305.0,-19.86,-0.018717,94370,315.3,-48.01,-0.062913,481.2,0.075751,313.8,75482,359.9,83317,309.6,94.68,0.076685,85090,311.6,86.81,0.084371,90423,313.6,84.83,0.107103,661.2,0.000000,161.3,491551,577.8,71633,315.1,-1.67,-0.001143,71151,294.2,-32.04,-0.027603,94263,318.6,-22.81,-0.029548
302.16,0.0055955,0.047715,93637,93310,95046,93823,314.8,302.2,-0.000000,213.6,106051,1011.8,97318,339.1,-0.73,-0.000631,94611,320.1,-25.35,-0.026678,94620,311.2,-31.27,-0.041627,122.2,0.000000,451.4,585338,1630.5,79885,321.1,-1.28,-0.000956,80245,304.4,-19.11,-0.017923,94452,315.4,-47.01,-0.061629,482.2,0.076366,314.6,76073,360.0,83763,310.2,95.06,0.077278,84875,311.2,87.70,0.085108,90548,313.9,84.42,0.106631,662.2,0.000000,364.0,506618,582.3,70943,314.2,-1.66,-0.001127,70364,293.2,-32.00,-0.027346,94354,318.7,-20.85,-0.027030
303.15,0.0056140,0.047620,93571,93432,94967,93864,314.7,303.2,0.000000,652.0,106924,1012.8,96871,338.7,-0.79,-0.000677,93617,319.2,-25.79,-0.026941,94665,311.3,-31.01,-0.041291,123.2,0.000000,100.0,579680,1626.3,79274,320.4,-1.29,-0.000964,79790,303.9,-18.42,-0.017208,94463,315.5,-46.11,-0.060439,483.2,0.072900,315.3,76613,360.1,85045,311.7,92.74,0.076169,84715,310.9,88.35,0.085658,90624,314.1,83.77,0.105814,663.2,0.000000,100.0,522378,586.9,70263,313.3,-1.65,-0.001112,69621,292.3,-31.85,-0.027011,94380,318.7,-19.06,-0.024719
304.15,0.0056324,0.047529,93517,93560,94808,93903,314.6,304.1,-0.000000,3692.4,107806,1013.8,96367,338.2,-0.89,-0.000761,92688,318.2,-26.17,-0.027149,94642,311.2,-30.97,-0.041228,124.1,0.000000,385.5,574182,1622.2,78669,319.7,-1.29,-0.000958,79383,303.5,-17.78,-0.016554,94419,315.6,-45.32,-0.059369,484.1,0.076817,315.8,77220,360.2,85239,311.9,93.69,0.077065,84606,310.7,88.81,0.086053,90643,314.3,82.94,0.104720,664.1,0.000000,399.3,538867,591.5,69593,312.5,-1.64,-0.001100,68917,291.5,-31.65,-0.026648,94355,318.7,-17.48,-0.022663
305.14,0.0056508,0.047441,93467,93691,94631,93942,314.4,305.1,-0.000000,283.4,108659,1014.6,95783,337.6,-1.03,-0.000879,91832,317.4,-26.48,-0.027288,94571,311.2,-31.08,-0.041359,125.1,0.000000,100.0,568843,1618.2,78079,319.0,-1.27,-0.000939,79015,303.1,-17.19,-0.015948,94335,315.6,-44.65,-0.058444,485.1,0.076945,316.5,77834,360.4,85541,312.3,94.07,0.077564,84542,310.5,89.09,0.086312,90622,314.5,81.98,0.103444,665.1,0.000000,489.3,556125,596.3,68929,311.6,-1.64,-0.001091,68264,290.7,-31.32,-0.026190,94287,318.7,-16.11,-0.020869
306.14,0.0056692,0.047357,93412,93820,94469,93980,314.3,306.1,-0.000000,100.0,109429,1015.3,95100,336.9,-1.21,-0.001027,91049,316.6,-26.71,-0.027362,94479,311.1,-31.42,-0.041775,126.1,0.000000,100.0,563654,1614.3,77510,318.4,-1.24,-0.000906,78679,302.7,-16.63,-0.015382,94225,315.5,-44.05,-0.057592,486.1,0.073162,317.2,78392,360.5,86940,313.9,90.86,0.075749,84527,310.4,89.18,0.086425,90585,314.6,80.99,0.102114,666.1,0.000000,168.0,574195,601.2,68268,310.8,-1.65,-0.001088,67683,290.0,-30.78,-0.025585,94189,318.6,-14.86,-0.019242
307.13,0.0056877,0.047276,93361,93941,94335,94018,314.2,307.1,0.000000,222.7,110053,1015.6,94301,336.1,-1.42,-0.001201,90333,315.9,-26.90,-0.027396,94377,311.1,-31.93,-0.042421,127.1,0.000000,233.6,558610,1610.4,76970,317.7,-1.19,-0.000865,78364,302.3,-16.09,-0.014842,94105,315.5,-43.45,-0.056743,487.1,0.076713,317.7,79012,360.7,86948,313.9,91.80,0.076542,84567,310.3,89.16,0.086469,90546,314.6,80.01,0.100818,667.1,0.000000,390.8,593119,606.2,67604,309.9,-1.67,-0.001095,67193,289.4,-30.00,-0.024810,94081,318.5,-13.69,-0.017703
308.13,0.0057061,0.047199,93327,94060,94250,94055,314.1,308.1,0.000000,622.8,110489,1015.5,93379,335.2,-1.65,-0.001387,89682,315.2,-27.04,-0.027400,94277,311.0,-32.51,-0.043150,128.1,0.000000,100.0,553703,1606.6,76461,317.1,-1.13,-0.000818,78059,302.0,-15.57,-0.014319,93991,315.5,-42.78,-0.055813,488.1,0.076526,318.1,79633,360.9,87083,314.1,91.86,0.076673,84654,310.3,89.08,0.086481,90524,314.7,79.09,0.099618,668.1,0.000000,100.0,612943,611.2,66928,309.0,-1.71,-0.001116,66800,288.9,-28.95,-0.023836,93980,318.4,-12.51,-0.016175
309.13,0.0057245,0.047123,93317,94186,94179,94092,314.0,309.1,-0.000000,100.0,110746,1015.0,92341,334.1,-1.88,-0.001565,89091,314.6,-27.15,-0.027385,94197,311.0,-33.13,-0.043939,129.1,0.000000,100.0,548926,1602.8,75986,316.6,-1.06,-0.000765,77753,301.7,-15.05,-0.013801,93888,315.4,-42.00,-0.054740,489.1,0.072308,318.7,80192,361.1,88477,315.7,88.41,0.074591,84787,310.3,88.89,0.086420,90522,314.7,78.22,0.098521,669.1,0.000000,532.8,633714,616.4,66231,308.1,-1.78,-0.001151,66500,288.5,-27.58,-0.022636,93887,318.3,-11.28,-0.014571
310.12,0.0057430,0.047049,93321,94300,94083,94129,313.9,310.1,-0.000000,100.0,110845,1014.1,91209,332.9,-2.08,-0.001715,88557,314.0,-27.24,-0.027356,94117,310.9,-33.79,-0.044779,130.1,0.000000,423.8,544270,1599.1,75548,316.0,-0.98,-0.000708,77438,301.3,-14.52,-0.013280,93800,315.4,-41.19,-0.053635,490.1,0.075638,319.2,80808,361.3,88400,315.6,89.29,0.075287,84957,310.4,88.49,0.086176,90518,314.6,77.37,0.097459,670.1,0.000000,599.2,655480,621.7,65507,307.1,-1.86,-0.001196,66295,288.3,-25.90,-0.021212,93803,318.2,-10.05,-0.012971
311.12,0.0057615,0.046975,93329,94421,93983,94165,313.8,311.1,0.000000,395.8,110802,1013.0,90012,331.7,-2.23,-0.001821,88073,313.5,-27.30,-0.027314,94035,310.9,-34.49,-0.045677,131.1,0.000000,100.0,539729,1595.5,75149,315.6,-0.90,-0.000647,77109,300.9,-13.99,-0.012754,93720,315.4,-40.41,-0.052578,491.1,0.075232,319.6,81423,361.5,88457,315.7,89.18,0.075228,85187,310.6,87.95,0.085849,90503,314.6,76.54,0.096416,671.1,0.000000,100.0,678293,627.1,64757,306.1,-1.95,-0.001241,66172,288.1,-23.95,-0.019591,93722,318.2,-8.85,-0.011417
312.12,0.0057799,0.046902,93339,94614,93894,94200,313.8,312.1,-0.000000,100.0,110623,1011.5,88787,330.4,-2.32,-0.001876,87633,313.1,-27.34,-0.027255,93959,310.9,-35.23,-0.046624,132.1,0.000000,100.0,535294,1591.9,74791,315.1,-0.82,-0.000584,76763,300.6,-13.45,-0.012222,93649,315.4,-39.68,-0.051587,492.1,0.070812,320.0,81973,361.7,89729,317.1,85.86,0.073129,85473,310.7,87.32,0.085478,90483,314.5,75.75,0.095421,672.1,0.000000,167.1,702210,632.6,63991,305.1,-2.01,-0.001272,66096,288.0,-21.84,-0.017848,93645,318.1,-7.67,-0.009893
313.11,0.0057984,0.046829,93357,94871,93820,94235,313.7,313.1,0.000000,100.0,110294,1009.7,87565,329.1,-2.35,-0.001882,87223,312.6,-27.35,-0.027172,93892,310.8,-36.00,-0.047610,133.1,0.000000,568.8,530958,1588.4,74472,314.7,-0.73,-0.000521,76399,300.1,-12.91,-0.011690,93585,315.4,-38.98,-0.050633,493.1,0.073957,320.5,82578,361.9,89611,317.0,86.42,0.073543,85785,310.9,86.63,0.085055,90465,314.4,75.01,0.094499,673.1,0.000000,267.1,727289,638.2,63224,304.0,-2.05,-0.001281,66077,288.0,-19.61,-0.016025,93578,318.0,-6.52,-0.008396
314.11,0.0058169,0.046757,93387,95047,93766,94270,313.6,314.1,-0.000000,550.0,109820,1007.5,86375,327.8,-2.33,-0.001845,86829,312.2,-27.31,-0.027043,93837,310.9,-36.79,-0.048624,134.1,0.000000,428.1,526712,1584.9,74192,314.4,-0.65,-0.000459,76021,299.7,-12.37,-0.011163,93531,315.4,-38.28,-0.049693,494.1,0.073262,320.7,83178,362.1,89676,317.1,86.12,0.073318,86136,311.2,85.96,0.084678,90453,314.3,74.34,0.093672,674.1,0.000000,9823.9,753591,643.9,62477,303.0,-2.02,-0.001257,66091,288.0,-17.27,-0.014115,93523,318.0,-5.37,-0.006911
315.11,0.0058353,0.046683,93433,95134,93729,94304,313.6,315.1,-0.000000,537.2,109277,1005.2,85238,326.5,-2.26,-0.001774,86436,311.8,-27.21,-0.026866,93797,310.9,-37.59,-0.049660,135.1,0.000000,824.7,522551,1581.4,73948,314.1,-0.56,-0.000400,75632,299.3,-11.84,-0.010648,93488,315.5,-37.56,-0.048739,495.1,0.068835,321.1,83715,362.3,90753,318.3,83.27,0.071466,86526,311.5,85.36,0.084382,90447,314.2,73.76,0.092954,675.1,0.000000,483.0,781176,649.8,61760,302.0,-1.97,-0.001212,66120,288.1,-14.94,-0.012209,93480,317.9,-4.21,-0.005423
316.11,0.0058538,0.046608,93498,95185,93709,94338,313.6,316.1,-0.000000,230.8,108911,1003.3,84169,325.4,-2.15,-0.001678,86030,311.4,-27.04,-0.026608,93773,310.9,-38.41,-0.050718,136.1,0.000000,100.0,518468,1578.0,73738,313.9,-0.49,-0.000346,75236,298.8,-11.33,-0.010153,93455,315.5,-36.81,-0.047742,496.1,0.071863,321.5,84306,362.6,90650,318.2,83.39,0.071508,86939,311.8,84.80,0.084150,90446,314.2,73.26,0.092350,676.1,0.000000,260.2,810111,655.7,61080,301.0,-1.89,-0.001156,66139,288.1,-12.66,-0.010351,93451,317.9,-3.05,-0.003925
317.10,0.0058723,0.046530,93582,95214,93703,94371,313.6,317.1,-0.000000,100.0,109890,1004.1,83178,324.3,-2.03,-0.001565,85599,310.9,-26.75,-0.026230,93764,311.0,-39.24,-0.051801,137.1,0.000000,246.7,514457,1574.7,73559,313.6,-0.42,-0.000297,74841,298.4,-10.85,-0.009684,93429,315.5,-35.99,-0.046657,497.1,0.067417,321.8,84834,362.8,91882,319.6,79.82,0.069086,87374,312.1,84.29,0.083966,90451,314.1,72.85,0.091861,677.1,0.000000,370.6,840462,661.8,60443,300.1,-1.79,-0.001088,66138,288.1,-10.48,-0.008566,93436,317.9,-1.88,-0.002416
318.21,0.0058928,0.046440,93694,95205,93712,94406,313.6,318.2,-0.000000,385.1,114317,1012.0,82175,323.1,-1.86,-0.001427,85080,310.4,-26.27,-0.025642,93765,311.1,-40.18,-0.053026,138.2,0.000000,102.5,510077,1570.9,73388,313.4,-0.36,-0.000252,74406,297.9,-10.35,-0.009198,93408,315.6,-34.96,-0.045305,498.2,0.070191,322.3,85476,363.0,91687,319.4,80.62,0.069671,87884,312.5,83.75,0.083798,90462,314.0,72.49,0.091448,678.2,0.000000,402.3,875934,668.6,59804,299.2,-1.63,-0.000984,66118,288.1,-8.16,-0.006667,93434,317.9,-0.56,-0.000726
319.21,0.0059113,0.046354,93813,95148,93741,94437,313.6,319.2,0.000000,182.8,120780,1024.0,81360,322.2,-1.71,-0.001301,84568,309.8,-25.66,-0.024948,93770,311.2,-41.01,-0.054112,139.2,0.000000,616.9,506195,1567.6,73255,313.3,-0.31,-0.000220,74025,297.4,-9.93,-0.008796,93394,315.6,-33.89,-0.043902,499.2,0.069453,322.6,86051,363.3,91728,319.4,80.35,0.069461,88361,312.9,83.25,0.083651,90479,313.9,72.26,0.091194,679.2,0.000000,153.9,909510,674.9,59322,298.5,-1.40,-0.000839,66090,288.0,-6.14,-0.005019,93401,317.9,0.52,0.000672
320.21,0.0059298,0.046264,93948,95080,93759,94467,313.6,320.2,0.000000,229.5,127718,1036.4,80628,321.4,-1.56,-0.001176,84016,309.2,-24.90,-0.024094,93783,311.3,-41.78,-0.055116,140.2,0.000000,264.7,502363,1564.3,73134,313.1,-0.28,-0.000200,73656,297.0,-9.55,-0.008431,93386,315.7,-32.60,-0.042220,500.2,0.065190,323.0,86567,363.5,92767,320.6,77.73,0.067711,88849,313.3,82.74,0.083488,90514,313.9,72.13,0.091077,680.2,0.000000,383.3,944727,681.3,58968,298.0,-1.06,-0.000629,66031,288.0,-4.18,-0.003413,93397,317.9,1.68,0.002160
321.21,0.0059484,0.046169,94090,95010,93786,94494,313.7,321.2,-0.000000,206.9,134602,1047.9,79972,320.6,-1.41,-0.001056,83426,308.6,-23.98,-0.023088,93818,311.4,-42.41,-0.055947,141.2,0.000000,262.5,498574,1561.0,73018,313.0,-0.27,-0.000190,73301,296.6,-9.22,-0.008105,93396,315.8,-31.00,-0.040146,501.2,0.068104,323.4,87137,363.7,92690,320.5,77.89,0.067812,89354,313.8,82.22,0.083321,90586,313.9,72.11,0.091125,681.2,0.000000,503.7,981668,687.8,58781,297.8,-0.60,-0.000356,65947,287.9,-2.25,-0.001839,93436,317.9,2.96,0.003806
322.21,0.0059669,0.046068,94226,94912,93821,94520,313.7,322.2,0.000000,178.8,141215,1058.3,79390,320.0,-1.26,-0.000942,82808,307.9,-22.92,-0.021954,93838,311.5,-42.99,-0.056702,142.2,0.000000,185.4,494823,1557.7,72900,312.8,-0.27,-0.000192,72963,296.2,-8.92,-0.007823,93394,315.8,-29.18,-0.037788,502.2,0.063886,323.7,87649,363.9,93899,321.8,74.58,0.065507,89883,314.2,81.72,0.083185,90646,313.9,72.11,0.091170,682.2,0.000000,368.2,1020383,694.5,58776,297.8,-0.09,-0.000055,65848,287.7,-0.32,-0.000265,93474,317.9,4.22,0.005440
323.21,0.0059853,0.045963,94354,94787,93854,94544,313.7,323.2,-0.000029,893.2,146683,1066.2,78910,319.5,-1.16,-0.000863,82174,307.3,-21.76,-0.020723,93845,311.6,-43.45,-0.057289,143.2,0.000000,100.0,491103,1554.5,72774,312.7,-0.29,-0.000204,72642,295.8,-8.68,-0.007584,93385,315.9,-27.12,-0.035105,503.2,0.066599,324.1,88212,364.2,93759,321.6,75.39,0.066157,90454,314.7,81.28,0.083133,90701,313.9,72.08,0.091184,683.2,0.000000,301.8,1060930,701.2,58929,298.0,0.38,0.000229,65743,287.6,1.64,0.001339,93514,317.8,5.48,0.007059
324.21,0.0060038,0.045853,94474,94667,93886,94565,313.8,324.2,-0.000092,889.2,152169,1073.8,78537,319.2,-1.15,-0.000849,81538,306.6,-20.51,-0.019430,93840,311.7,-43.71,-0.057619,144.2,0.000000,756.9,487405,1551.2,72635,312.5,-0.32,-0.000224,72341,295.5,-8.48,-0.007390,93374,315.9,-24.80,-0.032094,504.2,0.066087,324.5,88774,364.4,93818,321.7,75.31,0.066115,91082,315.3,80.95,0.083225,90760,313.9,71.96,0.091099,684.2,0.000000,488.4,1103374,708.0,59260,298.4,0.89,0.000531,65641,287.5,3.68,0.002991,93550,317.8,6.73,0.008670
325.20,0.0060223,0.045740,94586,94567,93909,94583,313.8,325.2,-0.000108,885.2,156978,1080.0,78177,319.0,-1.18,-0.000870,80911,305.9,-19.22,-0.018109,93814,311.8,-43.70,-0.057574,145.2,0.000000,100.0,483725,1548.0,72480,312.3,-0.36,-0.000250,72066,295.2,-8.34,-0.007244,93364,315.9,-22.25,-0.028786,505.2,0.062094,324.9,89285,364.7,94896,322.8,72.85,0.064461,91779,315.9,80.76,0.083499,90830,313.9,71.76,0.090907,685.2,0.000000,100.0,1147782,714.9,59742,299.1,1.32,0.000795,65550,287.4,5.78,0.004697,93582,317.7,7.97,0.010280
326.20,0.0060407,0.045623,94687,94495,93917,94598,313.8,326.2,-0.000138,881.5,161134,1084.8,77844,318.8,-1.23,-0.000906,80303,305.2,-17.92,-0.016794,93780,311.9,-43.49,-0.057259,146.2,0.000000,100.0,480057,1544.7,72306,312.1,-0.40,-0.000279,71815,294.9,-8.23,-0.007132,93352,316.0,-19.52,-0.025251,506.2,0.065046,325.3,89849,364.9,94921,322.8,73.39,0.064954,92539,316.6,80.70,0.083941,90905,313.9,71.43,0.090564,686.2,0.000000,100.0,1194218,721.9,60336,299.9,1.65,0.000998,65476,287.3,7.95,0.006452,93601,317.6,9.20,0.011866
327.20,0.0060592,0.045503,94786,94448,93925,94610,313.8,327.2,-0.000181,878.1,163874,1087.4,77550,318.8,-1.31,-0.000962,79721,304.6,-16.64,-0.015515,93732,311.9,-43.06,-0.056652,147.2,0.000000,974.7,476396,1541.4,72115,311.9,-0.44,-0.000308,71586,294.6,-8.14,-0.007041,93340,316.0,-16.65,-0.021536,507.2,0.064615,325.7,90415,365.2,95146,323.0,73.34,0.065024,93342,317.3,80.72,0.084488,90986,313.9,70.96,0.090046,687.2,0.000000,595.8,1242737,729.0,61006,300.9,1.86,0.001136,65420,287.2,10.16,0.008241,93604,317.5,10.42,0.013449
328.19,0.0060776,0.045379,94924,94404,93940,94617,313.9,328.2,-0.000243,875.4,166573,1089.7,77302,318.9,-1.45,-0.001058,79169,304.0,-15.41,-0.014297,93683,312.0,-42.31,-0.055632,148.2,0.000000,1488.9,472737,1538.1,71908,311.6,-0.48,-0.000335,71380,294.3,-8.08,-0.006971,93336,316.0,-13.65,-0.017657,508.2,0.061034,326.2,90937,365.5,96149,324.1,71.43,0.063792,94156,318.1,80.74,0.085042,91083,314.0,70.36,0.089382,688.2,0.000000,295.9,1293390,736.1,61714,301.8,1.97,0.001211,65383,287.2,12.40,0.010052,93598,317.4,11.69,0.015091
329.18,0.0060960,0.045249,95222,94352,93932,94621,313.9,329.2,-0.000332,872.8,168566,1090.9,77104,319.2,-1.67,-0.001213,78648,303.4,-14.25,-0.013151,93633,312.0,-41.30,-0.054257,149.2,0.000000,178.0,469075,1534.8,71687,311.3,-0.52,-0.000358,71197,294.1,-8.03,-0.006919,93339,316.0,-10.61,-0.013718,509.2,0.064072,326.8,91514,365.7,96276,324.2,71.82,0.064200,94948,318.8,80.68,0.085500,91184,314.0,69.62,0.088533,689.2,0.000000,708.6,1346224,743.4,62427,302.8,1.97,0.001226,65372,287.2,14.66,0.011882,93579,317.2,12.98,0.016772
330.18,0.0061144,0.045102,95688,94305,93907,94621,313.9,330.2,-0.000453,870.3,169733,1090.9,76966,319.8,-1.98,-0.001438,78160,302.9,-13.14,-0.012072,93574,312.1,-40.06,-0.052595,150.2,0.000000,379.4,465404,1531.5,71457,311.1,-0.54,-0.000376,71037,293.9,-7.99,-0.006875,93333,316.0,-7.60,-0.009822,510.2,0.060518,327.1,92048,366.0,97509,325.4,69.25,0.062458,95684,319.5,80.49,0.085776,91276,314.0,68.72,0.087470,690.2,0.000000,171.2,1401279,750.7,63115,303.7,1.90,0.001189,65403,287.2,16.93,0.013731,93539,317.0,14.29,0.018455
331.17,0.0061327,0.044937,96059,94270,93861,94617,313.8,331.2,-0.000587,868.4,170503,1090.2,76857,320.6,-2.42,-0.001743,77715,302.4,-12.08,-0.011055,93506,312.2,-38.64,-0.050675,151.2,0.000000,323.0,461720,1528.2,71219,310.8,-0.56,-0.000388,70907,293.8,-7.94,-0.006819,93315,316.0,-4.63,-0.005985,511.2,0.063472,327.6,92635,366.3,97513,325.4,70.20,0.063316,96345,320.1,80.12,0.085811,91355,314.0,67.68,0.086226,691.2,0.000000,306.7,1458584,758.0,63764,304.6,1.78,0.001123,65486,287.3,19.19,0.015578,93478,316.8,15.59,0.020147
332.16,0.0061511,0.044760,96286,94251,93766,94610,313.8,332.2,-0.000737,866.8,170940,1089.0,76765,321.7,-2.94,-0.002110,77325,301.9,-11.07,-0.010094,93419,312.2,-37.09,-0.048599,152.2,0.000000,100.0,458018,1524.8,70977,310.5,-0.58,-0.000397,70828,293.7,-7.76,-0.006659,93273,316.0,-1.78,-0.002303,512.2,0.063276,328.0,93230,366.7,97763,325.6,70.52,0.063726,96926,320.6,79.55,0.085569,91400,314.0,66.54,0.084815,692.2,0.000000,100.0,1518160,765.4,64368,305.4,1.65,0.001046,65645,287.5,21.53,0.017503,93388,316.5,16.87,0.021791
333.15,0.0061694,0.044577,96446,94250,93634,94599,313.7,333.1,-0.000914,865.2,170208,1086.0,76696,323.1,-3.55,-0.002534,77004,301.6,-10.09,-0.009177,93305,312.2,-35.51,-0.046472,153.1,0.000000,1036.1,454291,1521.5,70733,310.2,-0.59,-0.000402,70799,293.7,-7.41,-0.006354,93135,315.9,0.74,0.000952,513.1,0.059805,328.6,93784,367.0,98832,326.7,68.65,0.062506,97424,321.1,78.76,0.085033,91394,313.9,65.33,0.083290,693.1,0.000000,311.7,1580018,772.8,64928,306.1,1.52,0.000969,65930,287.9,24.05,0.019611,93259,316.2,18.08,0.023350
334.14,0.0061877,0.044389,96564,94265,93469,94586,313.5,334.1,-0.001118,863.9,170083,1083.9,76656,324.9,-4.25,-0.003016,76766,301.3,-9.11,-0.008268,93164,312.2,-33.95,-0.044360,154.1,0.000000,100.0,450536,1518.0,70487,309.8,-0.59,-0.000404,70806,293.7,-6.95,-0.005965,92956,315.7,3.08,0.003969,514.1,0.062756,329.2,94393,367.3,99138,326.9,69.43,0.063367,97838,321.5,77.76,0.084211,91338,313.8,64.12,0.081718,694.1,0.000000,1193.0,1644144,780.2,65452,306.8,1.41,0.000904,66401,288.5,26.81,0.021978,93094,315.9,19.24,0.024830
335.13,0.0062061,0.044199,96616,94294,93300,94570,313.4,335.1,-0.001350,862.8,168848,1080.1,76650,327.2,-5.03,-0.003550,76638,301.1,-8.02,-0.007271,93007,312.1,-32.39,-0.042261,155.1,0.000000,134.4,446747,1514.6,70243,309.5,-0.59,-0.000403,70874,293.8,-6.32,-0.005424,92795,315.5,5.32,0.006856,515.1,0.059772,329.9,94968,367.6,100429,328.2,67.58,0.062245,98175,321.8,76.58,0.083131,91246,313.7,62.93,0.080157,695.1,0.000000,994.1,1710491,787.7,65955,307.4,1.34,0.000863,67100,289.4,29.80,0.024611,92902,315.5,20.39,0.026287
336.12,0.0062244,0.044012,96584,94336,93126,94551,313.2,336.1,-0.001609,861.9,167439,1076.0,76692,329.9,-5.89,-0.004123,76624,301.1,-6.73,-0.006099,92843,312.1,-30.84,-0.040169,156.1,0.000000,785.3,442921,1511.1,70003,309.2,-0.58,-0.000398,71018,293.9,-5.38,-0.004622,92635,315.3,7.47,0.009612,516.1,0.063017,330.5,95604,368.0,100731,328.4,68.93,0.063638,98445,322.1,75.25,0.081844,91145,313.5,61.83,0.078700,696.1,0.000000,100.0,1778993,795.1,66453,308.1,1.31,0.000851,68015,290.5,32.89,0.027423,92695,315.2,21.56,0.027764
337.10,0.0062427,0.043829,96513,94391,92947,94529,313.1,337.1,-0.001899,861.2,165923,1071.8,76781,333.2,-6.86,-0.004759,76728,301.2,-5.27,-0.004778,92675,312.0,-29.30,-0.038100,157.1,0.000000,100.0,439053,1507.5,69768,308.9,-0.57,-0.000389,71263,294.2,-4.06,-0.003499,92478,315.0,9.48,0.012184,517.1,0.060357,342.6,96212,368.3,102358,330.0,66.87,0.062436,98655,322.3,73.84,0.080427,91025,313.4,60.87,0.077408,697.1,0.000000,100.0,1850013,803.5,66961,308.7,1.32,0.000862,69079,291.8,35.83,0.030204,92478,314.8,22.75,0.029266
338.20,0.0062630,0.043632,96413,94465,92749,94501,312.9,338.2,-0.002276,860.4,163716,1066.2,76969,337.7,-8.12,-0.005573,76993,301.5,-3.34,-0.003035,92489,312.0,-27.62,-0.035847,158.2,0.000000,163.3,434714,1503.5,69518,308.6,-0.55,-0.000374,71663,294.7,-2.13,-0.001846,92308,314.8,11.51,0.014775,518.2,0.063936,332.2,96961,368.8,102556,330.1,68.72,0.064270,98837,322.5,72.22,0.078769,90871,313.2,60.00,0.076220,698.2,0.000000,374.4,1933846,813.1,67548,309.5,1.36,0.000894,70317,293.3,38.56,0.032923,92232,314.4,24.11,0.030964
339.19,0.0062813,0.043462,96271,94512,92580,94473,312.8,339.2,-0.002703,860.1,161997,1061.5,77217,342.7,-9.42,-0.006393,77352,301.9,-1.40,-0.001275,92326,311.9,-26.13,-0.033865,159.2,0.000000,100.0,430779,1499.9,69303,308.3,-0.53,-0.000360,72107,295.2,-0.05,-0.000046,92155,314.6,13.17,0.016889,519.2,0.064392,332.8,97655,369.2,103079,330.5,69.67,0.065409,98986,322.6,70.75,0.077241,90717,313.0,59.46,0.075443,699.2,0.000000,832.4,2015935,823.4,68104,310.2,1.41,0.000935,71396,294.6,40.35,0.034822,92013,314.0,25.35,0.032525
340.18,0.0062996,0.043302,96083,94553,92418,94442,312.7,340.2,-0.003148,859.9,161005,1057.8,77523,348.6,-10.89,-0.007291,77788,302.4,0.58,0.000531,92173,311.9,-24.67,-0.031928,160.2,0.000000,319.0,426812,1496.2,69096,308.1,-0.51,-0.000346,72584,295.8,2.16,0.001889,92004,314.3,14.68,0.018816,520.2,0.061490,333.9,98318,369.6,104298,331.7,68.23,0.064588,99136,322.8,69.30,0.075724,90551,312.9,59.18,0.074998,700.2,0.000000,100.0,2106574,836.3,68689,310.9,1.48,0.000983,72407,295.8,41.50,0.036174,91799,313.7,26.63,0.034117
341.16,0.0063178,0.043153,95895,94593,92257,94408,312.5,341.2,-0.003637,859.6,159438,1053.3,77879,355.6,-12.52,-0.008255,78254,302.9,2.43,0.002236,92026,311.8,-23.26,-0.030059,161.2,0.000000,174.8,422814,1492.5,68900,307.8,-0.49,-0.000328,73039,296.3,4.33,0.003795,91857,314.1,16.05,0.020555,521.2,0.064630,334.2,99041,370.1,104663,331.9,68.79,0.065296,99288,323.0,67.86,0.074233,90371,312.7,59.04,0.074704,701.2,0.000000,100.0,2208076,852.5,69308,311.7,1.55,0.001038,73349,296.9,42.13,0.037056,91591,313.4,27.91,0.035719
342.15,0.0063361,0.043013,95727,94621,92097,94371,312.4,342.1,-0.004172,859.6,158460,1049.6,78285,363.7,-14.30,-0.009266,78704,303.4,4.02,0.003709,91883,311.8,-21.92,-0.028284,162.1,0.000000,483.4,418780,1488.7,68724,307.6,-0.44,-0.000297,73431,296.7,6.30,0.005545,91711,313.9,17.28,0.022106,522.1,0.061223,334.9,99725,370.5,105791,333.0,67.07,0.064138,99446,323.2,66.46,0.072769,90172,312.5,59.02,0.074563,702.1,0.000000,159.5,2322823,872.6,69969,312.5,1.64,0.001106,74223,298.0,42.38,0.037596,91386,313.1,29.19,0.037308
343.13,0.0063543,0.042883,95591,94637,91942,94332,312.3,343.1,-0.004758,859.5,157398,1045.7,78746,373.1,-16.22,-0.010308,79111,303.9,5.25,0.004871,91745,311.7,-20.65,-0.026614,163.1,0.000000,383.6,414710,1484.9,68582,307.4,-0.36,-0.000243,73744,297.1,8.01,0.007075,91565,313.6,18.37,0.023482,523.1,0.060663,335.4,100413,371.0,106998,334.1,64.46,0.062140,99620,323.4,65.07,0.071331,89949,312.3,59.19,0.074629,703.1,0.000000,100.0,2453195,897.2,70697,313.4,1.79,0.001215,75036,298.9,42.30,0.037813,91184,312.8,30.46,0.038877
344.12,0.0063725,0.042759,95488,94643,91805,94289,312.1,344.1,-0.005397,859.6,156176,1041.5,79274,384.1,-18.29,-0.011361,79458,304.3,6.10,0.005671,91616,311.6,-19.45,-0.025035,164.1,0.000000,266.0,410601,1481.0,68495,307.3,-0.23,-0.000154,73977,297.4,9.46,0.008378,91424,313.4,19.36,0.024724,524.1,0.062896,335.9,101145,371.4,106883,334.0,64.89,0.062516,99808,323.6,63.70,0.069910,89707,312.1,59.57,0.074959,704.1,0.000000,136.4,2601475,927.1,71546,314.4,2.06,0.001409,75768,299.8,41.98,0.037789,90989,312.6,31.73,0.040443
345.21,0.0063928,0.042628,95382,94665,91671,94238,312.0,345.2,-0.006124,860.0,155105,1037.3,79955,398.3,-20.70,-0.012509,79777,304.6,6.58,0.006136,91489,311.6,-18.17,-0.023360,165.2,0.000000,100.0,404668,1475.7,68487,307.3,-0.03,-0.000023,74155,297.6,10.81,0.009585,91276,313.2,20.38,0.026003,525.2,0.058705,336.4,101905,371.9,107762,334.8,62.39,0.060460,100031,323.8,62.19,0.068354,89425,311.9,60.28,0.075667,705.2,0.000000,628.6,2789758,966.9,72732,315.8,2.57,0.001782,76487,300.6,41.49,0.037598,90787,312.3,33.16,0.042200
346.19,0.0064110,0.042516,95272,94771,91561,94189,311.9,346.2,-0.006895,860.6,153609,1032.7,80671,413.1,-22.95,-0.013491,80003,304.9,6.63,0.006199,91388,311.6,-17.08,-0.021930,166.2,0.000000,100.0,399194,1470.7,68546,307.4,0.13,0.000088,74257,297.7,11.83,0.010496,91151,313.0,21.25,0.027094,526.2,0.056960,336.7,102575,372.4,108600,335.5,59.64,0.058105,100245,324.1,60.85,0.066981,89174,311.7,61.21,0.076666,706.2,0.000000,184.9,2982299,1009.0,74120,317.5,3.23,0.002272,77060,301.3,41.04,0.037381,90618,312.1,34.45,0.043788
347.18,0.0064292,0.042411,95161,94944,91452,94137,311.8,347.2,-0.007658,861.7,151652,1027.2,81506,429.9,-25.21,-0.014389,80192,305.1,6.35,0.005944,91297,311.5,-16.06,-0.020605,167.2,0.000000,465.5,393657,1465.6,68697,307.6,0.36,0.000239,74317,297.8,12.69,0.011273,91030,312.8,22.08,0.028132,527.2,0.058332,337.0,103277,372.8,108351,335.2,59.39,0.057782,100475,324.3,59.55,0.065647,88936,311.6,62.36,0.077943,707.2,0.000000,100.0,3198041,1057.3,75859,319.5,3.97,0.002838,77601,301.9,40.59,0.037158,90457,312.0,35.72,0.045356
348.16,0.0064473,0.042312,95060,95045,91348,94082,311.7,348.2,-0.008436,863.4,149207,1021.0,82484,448.8,-27.41,-0.015165,80352,305.3,5.77,0.005413,91211,311.5,-15.13,-0.019395,168.2,0.000000,237.2,388063,1460.4,68982,307.9,0.68,0.000459,74356,297.8,13.47,0.011969,90910,312.6,22.87,0.029126,528.2,0.053558,337.3,103921,373.2,108965,335.7,56.88,0.055567,100722,324.6,58.30,0.064367,88714,311.4,63.62,0.079352,708.2,0.000000,325.5,3437693,1111.8,77902,321.9,4.58,0.003335,78126,302.5,40.18,0.036956,90302,311.8,36.98,0.046889
349.14,0.0064655,0.042218,94975,95071,91254,94023,311.6,349.1,-0.009214,865.5,146666,1014.6,83629,469.8,-29.49,-0.015801,80509,305.4,4.93,0.004625,91129,311.5,-14.27,-0.018285,169.1,0.000000,203.9,382418,1455.1,69462,308.5,1.14,0.000775,74381,297.9,14.20,0.012620,90792,312.5,23.66,0.030106,529.1,0.051735,337.5,104550,373.6,109588,336.3,54.27,0.053235,100989,324.9,57.09,0.063146,88509,311.3,64.92,0.080802,709.1,0.000000,138.7,3701304,1172.4,80113,324.3,4.86,0.003613,78642,303.1,39.80,0.036780,90152,311.7,38.21,0.048394
350.12,0.0064837,0.042129,94905,95059,91174,93962,311.6,350.1,-0.009986,868.2,143673,1007.3,84960,492.9,-31.42,-0.016305,80686,305.6,3.82,0.003594,91054,311.5,-13.47,-0.017235,170.1,0.000000,100.0,376720,1449.8,70184,309.4,1.72,0.001171,74398,297.9,14.89,0.013230,90679,312.3,24.47,0.031107,530.1,0.049932,337.7,105165,374.0,110160,336.8,51.70,0.050902,101277,325.2,55.94,0.061994,88325,311.3,66.19,0.082235,710.1,0.000000,333.1,3988176,1238.9,82313,326.7,4.76,0.003607,79156,303.7,39.45,0.036621,90011,311.6,39.44,0.049888
351.21,0.0065038,0.042034,94844,94998,91102,93890,311.5,351.2,-0.010784,872.0,140148,998.9,86644,520.7,-33.43,-0.016748,80925,305.9,2.32,0.002182,90979,311.5,-12.58,-0.016084,171.2,0.000000,404.2,370321,1443.7,71266,310.8,2.33,0.001612,74414,297.9,15.63,0.013894,90561,312.1,25.41,0.032277,531.2,0.048270,337.9,105836,374.5,110649,337.2,49.17,0.048577,101630,325.6,54.71,0.060773,88150,311.2,67.54,0.083754,711.2,0.000000,100.0,4332372,1319.2,84562,329.2,4.28,0.003307,79730,304.3,39.07,0.036450,89867,311.4,40.80,0.051551
352.19,0.0065219,0.041953,94802,94894,91057,93822,311.4,352.2,-0.011561,875.8,136634,990.6,88293,547.3,-35.18,-0.017087,81181,306.2,0.72,0.000684,90920,311.4,-11.73,-0.014999,172.2,0.000000,748.7,364520,1438.1,72423,312.2,2.72,0.001901,74431,298.0,16.30,0.014484,90466,312.0,26.31,0.033406,532.2,0.046064,346.4,106421,374.9,111197,337.6,46.67,0.046270,101985,325.9,53.63,0.059709,88019,311.2,68.66,0.085027,712.2,0.000000,341.4,4662505,1396.5,86311,331.0,3.67,0.002880,80253,304.9,38.73,0.036297,89750,311.4,42.04,0.053061
353.16,0.0065401,0.041873,94769,94740,91027,93751,311.4,353.2,-0.012284,879.9,132905,981.9,90005,575.2,-36.95,-0.017409,81479,306.5,-1.06,-0.001002,90872,311.4,-10.82,-0.013822,173.2,0.000000,100.0,358713,1432.5,73642,313.6,2.86,0.002023,74460,298.0,16.95,0.015074,90382,311.9,27.28,0.034613,533.2,0.046581,338.3,107026,375.3,110860,337.2,46.40,0.045918,102381,326.4,52.54,0.058653,87915,311.2,69.69,0.086193,713.2,0.000000,100.0,5008702,1478.1,87775,332.5,3.04,0.002412,80786,305.5,38.39,0.036145,89646,311.3,43.29,0.054589
354.14,0.0065582,0.041796,94747,94568,91011,93677,311.3,354.1,-0.012999,884.0,128987,972.9,91706,603.8,-38.79,-0.017737,81825,306.9,-3.01,-0.002863,90834,311.4,-9.81,-0.012523,174.1,0.000000,299.4,352904,1426.8,74818,315.0,2.75,0.001965,74502,298.1,17.61,0.015664,90311,311.8,28.30,0.035894,534.1,0.042326,338.5,107583,375.6,111308,337.6,44.24,0.043911,102822,326.8,51.42,0.057573,87834,311.3,70.61,0.087242,714.1,0.000000,144.4,5367156,1563.0,88972,333.7,2.45,0.001970,81333,306.1,38.04,0.035992,89556,311.2,44.55,0.056129
355.12,0.0065762,0.041721,94738,94382,91010,93600,311.3,355.1,-0.013692,888.1,124709,963.2,93306,632.8,-40.70,-0.018066,82223,307.3,-5.14,-0.004899,90806,311.5,-8.67,-0.011074,175.1,0.000000,100.0,347092,1421.1,75869,316.2,2.45,0.001771,74558,298.1,18.25,0.016243,90252,311.7,29.38,0.037243,535.1,0.040572,338.8,108127,376.0,111739,337.9,42.16,0.041968,103308,327.3,50.24,0.056430,87776,311.3,71.41,0.088171,715.1,0.000000,449.1,5733484,1650.6,89936,334.7,1.96,0.001584,81905,306.8,37.68,0.035826,89479,311.2,45.82,0.057679
356.20,0.0065963,0.041639,94704,94146,91025,93511,311.2,356.2,-0.014376,892.4,119470,951.6,94870,664.6,-42.83,-0.018403,82732,307.8,-7.71,-0.007378,90787,311.5,-7.25,-0.009253,176.2,0.000000,322.6,340629,1414.6,76844,317.4,2.02,0.001472,74647,298.3,18.97,0.016897,90202,311.6,30.63,0.038812,536.2,0.038986,339.0,108722,376.4,112135,338.2,40.10,0.040017,103893,327.9,48.82,0.055053,87745,311.3,72.15,0.089035,716.2,0.000000,3262.1,6143874,1749.9,90784,335.6,1.52,0.001235,82591,307.5,37.21,0.035583,89407,311.2,47.23,0.059412
357.18,0.0066144,0.041568,94661,93916,91040,93427,311.1,357.2,-0.014989,895.9,114318,940.1,96025,692.4,-44.67,-0.018647,83257,308.4,-10.21,-0.009818,90777,311.5,-5.81,-0.007414,177.2,0.000000,150.6,334811,1408.7,77542,318.2,1.62,0.001191,74762,298.4,19.63,0.017505,90167,311.6,31.77,0.040260,537.2,0.037009,339.2,109243,376.8,112551,338.5,38.17,0.038203,104450,328.4,47.45,0.053701,87741,311.4,72.66,0.089635,717.2,0.000000,307.4,6510649,1840.2,91392,336.2,1.21,0.000994,83284,308.3,36.62,0.035232,89352,311.2,48.49,0.060964
358.15,0.0066324,0.041499,94623,93692,91049,93340,311.0,358.1,-0.015485,899.0,108794,927.7,96916,718.9,-46.34,-0.018809,83852,309.0,-12.91,-0.012474,90767,311.5,-4.23,-0.005399,178.1,0.000000,193.7,328996,1402.7,78091,318.8,1.28,0.000940,74937,298.6,20.27,0.018105,90137,311.5,32.92,0.041702,538.1,0.035414,339.4,109755,377.1,112968,338.9,36.33,0.036454,105023,329.0,45.98,0.052242,87758,311.5,73.00,0.090064,718.1,0.000000,100.0,6869552,1930.4,91895,336.7,1.00,0.000818,84090,309.2,35.76,0.034641,89300,311.2,49.72,0.062479
359.12,0.0066504,0.041434,94574,93480,91055,93250,310.9,359.1,-0.015879,901.9,102931,914.5,97543,743.5,-47.79,-0.018875,84526,309.7,-15.81,-0.015370,90752,311.5,-2.52,-0.003213,179.1,0.000000,100.0,323185,1396.6,78522,319.3,1.00,0.000738,75190,298.9,20.89,0.018695,90108,311.5,34.04,0.043113,539.1,0.033890,339.6,110259,377.5,113353,339.1,34.64,0.034851,105595,329.5,44.45,0.050685,87794,311.5,73.14,0.090257,719.1,0.000000,100.0,7215377,2019.8,92330,337.1,0.85,0.000702,85053,310.2,34.49,0.033675,89246,311.1,50.91,0.063943
360.20,0.0066704,0.041364,94505,93266,91055,93146,310.7,360.2,-0.015377,903.8,96489,899.4,97163,764.2,-46.01,-0.017610,85380,310.6,-19.31,-0.018906,90732,311.5,-0.46,-0.000590,180.2,0.000000,647.9,316737,1389.8,78901,319.7,0.77,0.000575,75587,299.4,21.54,0.019353,90074,311.4,35.23,0.044625,540.2,0.032546,339.8,110814,377.8,113737,339.4,32.98,0.033267,106215,330.1,42.67,0.048855,87837,311.5,73.09,0.090234,0.2,0.000000,100.0,7578181,2117.1,92770,337.5,0.76,0.000631,86345,311.6,32.46,0.032037,89182,311.1,52.18,0.065509
361.18,0.0066884,0.041306,94426,93089,91063,93051,310.4,361.2,-0.009187,754.5,93318,891.4,93239,761.2,-33.35,-0.012299,86252,311.5,-22.72,-0.022400,90625,311.4,1.30,0.001656,181.2,0.000000,115.6,310942,1383.6,79182,320.0,0.64,0.000476,76067,299.9,22.12,0.019958,90045,311.3,36.28,0.045953,541.2,0.030912,340.1,111306,378.2,114127,339.7,31.50,0.031854,106748,330.6,41.01,0.047119,87884,311.5,72.92,0.090070,1.2,0.000000,100.0,7880262,2202.1,93151,337.9,0.73,0.000604,87700,313.0,30.12,0.030057,89125,311.0,53.31,0.066895
362.15,0.0067064,0.041252,94327,92913,91053,92952,310.2,362.1,-0.007521,755.1,90599,884.2,90611,760.0,-25.87,-0.009287,87223,312.5,-26.35,-0.026193,90537,311.3,3.23,0.004111,182.1,0.000000,141.8,305160,1377.4,79428,320.3,0.55,0.000413,76700,300.7,22.61,0.020523,90013,311.2,37.28,0.047206,542.1,0.029632,340.4,111795,378.5,114514,340.0,30.14,0.030552,107250,331.1,39.30,0.045295,87939,311.5,72.58,0.089717,2.1,0.000000,449.4,8154753,2283.9,93532,338.3,0.72,0.000600,89174,314.5,27.47,0.027742,89061,310.9,54.40,0.068228
363.12,0.0067244,0.041203,94218,92736,91055,92851,309.9,363.1,-0.005436,753.9,88513,878.3,88311,757.3,-19.26,-0.006760,88276,313.5,-30.14,-0.030218,90475,311.2,5.29,0.006733,183.1,0.000000,100.0,299392,1371.0,79654,320.6,0.50,0.000375,77513,301.6,23.05,0.021086,89981,311.1,38.22,0.048396,543.1,0.028434,340.7,112281,378.9,114903,340.3,28.87,0.029341,107715,331.5,37.52,0.043379,88008,311.4,72.08,0.089181,3.1,0.000000,100.0,8397911,2361.9,93921,338.7,0.73,0.000610,90669,316.0,24.80,0.025336,88993,310.8,55.46,0.069533
364.20,0.0067444,0.041155,94092,92549,91166,92735,309.7,364.2,-0.004485,753.0,86306,871.9,86624,755.7,-15.02,-0.005184,89535,314.8,-34.47,-0.034914,90448,311.1,7.76,0.009877,184.2,0.000000,100.0,293005,1363.9,79893,320.8,0.47,0.000355,78653,302.8,23.47,0.021692,89970,311.0,39.30,0.049780,544.2,0.027394,341.0,112823,379.3,115294,340.6,27.67,0.028201,108183,332.0,35.48,0.041144,88133,311.4,71.43,0.088518,4.2,0.000000,100.0,8627537,2443.3,94368,339.1,0.75,0.000629,92236,317.6,22.09,0.022848,88939,310.6,56.73,0.071115
365.17,0.0067624,0.041118,93964,92391,91437,92628,309.7,365.2,-0.002929,751.1,84699,866.9,85037,752.8,-11.17,-0.003798,90781,316.0,-38.53,-0.039413,90506,311.1,10.27,0.013082,185.2,0.000000,100.0,287281,1357.4,80106,321.1,0.47,0.000351,79859,304.2,23.72,0.022159,90033,310.9,40.48,0.051322,545.2,0.026116,341.3,113309,379.6,115693,340.8,26.55,0.027128,108557,332.3,33.59,0.039046,88339,311.5,70.98,0.088145,5.2,0.000000,716.6,8795046,2511.3,94784,339.5,0.77,0.000650,93487,318.8,20.06,0.020952,88958,310.6,58.14,0.072922
366.14,0.0067803,0.041088,93819,92242,91707,92516,309.6,366.1,-0.002730,749.3,82902,861.3,84088,751.5,-9.14,-0.003080,92004,317.2,-42.33,-0.043726,90653,311.2,13.03,0.016622,186.1,0.000000,305.5,281585,1350.9,80327,321.3,0.48,0.000360,81156,305.6,23.84,0.022529,90185,311.0,41.85,0.053142,546.1,0.025098,341.5,113795,380.0,116093,341.1,25.47,0.026096,108887,332.7,31.67,0.036883,88622,311.6,70.56,0.087877,6.1,0.000000,307.2,8923820,2573.7,95216,339.9,0.80,0.000675,94559,319.9,18.46,0.019438,89047,310.6,59.80,0.075076
367.11,0.0067983,0.041065,93659,92101,91838,92401,309.4,367.1,-0.000676,745.9,81727,857.2,82358,747.1,-3.69,-0.001225,92863,318.0,-44.91,-0.046698,90831,311.3,15.73,0.020096,187.1,0.000000,376.6,275933,1344.3,80560,321.6,0.50,0.000381,82438,307.0,23.97,0.022905,90346,311.0,43.11,0.054833,547.1,0.024102,341.8,114283,380.4,116491,341.4,24.42,0.025082,109178,332.9,29.72,0.034677,88904,311.7,69.96,0.087376,7.1,0.000000,353.8,9013147,2630.3,95668,340.4,0.83,0.000705,95452,320.8,17.26,0.018287,89135,310.5,61.38,0.077145
368.18,0.0068182,0.041048,93450,91957,91904,92269,309.0,368.2,0.000171,744.2,80505,852.6,80972,743.5,-0.69,-0.000227,93206,318.4,-45.76,-0.047713,90990,311.3,18.44,0.023595,188.2,0.000000,551.9,269724,1337.0,80847,321.9,0.56,0.000421,83780,308.4,24.15,0.023346,90480,310.9,44.20,0.056313,548.2,0.022004,346.1,114809,380.8,117293,342.0,22.42,0.023140,109461,333.2,27.55,0.032206,89174,311.7,68.87,0.086281,8.2,0.000000,100.0,9066173,2686.1,96198,340.9,0.88,0.000745,96252,321.5,16.29,0.017371,89182,310.4,62.90,0.079129
369.15,0.0068361,0.041043,93237,91841,91939,92148,308.7,369.2,0.000856,741.7,79404,848.1,79881,740.6,1.24,0.000401,93161,318.3,-45.59,-0.047523,91077,311.3,20.63,0.026429,189.2,0.000000,538.4,264200,1330.3,81143,322.2,0.63,0.000478,84858,309.6,24.36,0.023767,90553,310.8,44.95,0.057343,549.2,0.021941,342.3,115300,381.1,117581,342.2,21.54,0.022276,109689,333.4,25.62,0.029991,89383,311.6,67.63,0.084949,9.2,0.000000,1062.0,9073121,2729.6,96702,341.3,0.92,0.000783,96834,322.1,15.68,0.016784,89181,310.2,64.11,0.080697
370.12,0.0068540,0.041047,93000,91735,91933,92025,308.4,370.1,0.001475,738.8,78307,843.3,78823,737.7,3.19,0.001028,92874,318.0,-44.15,-0.045921,91114,311.1,22.64,0.029031,190.1,0.000000,100.0,258737,1323.6,81492,322.6,0.74,0.000562,85796,310.5,24.64,0.024229,90580,310.6,45.53,0.058137,550.1,0.020832,342.7,115792,381.5,117860,342.4,20.63,0.021374,109903,333.6,23.73,0.027813,89560,311.4,66.21,0.083374,10.1,0.000000,2274.1,9042947,2766.7,97230,341.8,0.96,0.000820,97320,322.6,15.21,0.016339,89143,310.0,65.21,0.082107
371.19,0.0068740,0.041065,92719,91634,91863,91887,308.0,371.2,0.002161,735.2,77120,837.7,77684,734.1,5.67,0.001805,91692,316.8,-40.09,-0.041321,91105,310.9,24.62,0.031583,191.2,0.000000,185.9,252739,1316.2,81970,323.1,0.91,0.000697,86683,311.5,25.03,0.024790,90562,310.4,45.98,0.058751,551.2,0.018751,346.4,116323,381.9,118484,342.9,18.80,0.019547,110132,333.9,21.70,0.025467,89713,311.2,64.43,0.081324,11.2,0.000000,1424.0,8968427,2800.6,97843,342.4,1.00,0.000857,97784,323.0,14.79,0.015947,89047,309.6,66.29,0.083466
372.16,0.0068919,0.041093,92462,91552,91773,91762,307.6,372.2,0.002882,731.5,76106,832.6,76705,730.5,7.99,0.002527,90002,315.1,-34.37,-0.034954,91059,310.7,26.15,0.033555,192.2,0.000000,6137.7,247407,1309.4,82511,323.7,1.13,0.000865,87371,312.2,25.49,0.025389,90514,310.1,46.21,0.059071,552.2,0.018355,343.1,116814,382.3,118660,343.0,17.89,0.018628,110338,334.1,19.95,0.023451,89816,310.9,62.66,0.079252,12.2,0.000000,235.4,8867340,2824.5,98414,343.0,1.02,0.000885,98154,323.4,14.48,0.015655,88918,309.3,67.16,0.084543
373.13,0.0069099,0.041133,92202,91466,91675,91637,307.2,373.1,0.003545,727.5,75146,827.3,75777,726.4,10.22,0.003211,88284,313.4,-28.28,-0.028375,90988,310.4,27.48,0.035274,193.1,0.000000,188.4,242137,1302.6,83190,324.5,1.40,0.001082,87966,312.8,25.99,0.026008,90454,309.8,46.36,0.059272,553.1,0.016106,346.4,117289,382.7,119140,343.4,16.16,0.016874,110547,334.3,18.31,0.021542,89900,310.6,60.79,0.077038,13.1,0.000000,2950.7,8737202,2842.3,98998,343.5,1.04,0.000904,98499,323.7,14.21,0.015400,88764,308.9,68.01,0.085574
374.21,0.0069298,0.041190,91912,91374,91535,91498,306.8,374.2,0.004199,722.6,74136,821.4,74805,721.5,12.55,0.003917,86682,311.8,-22.13,-0.021913,90888,310.0,28.73,0.036885,194.2,0.000000,100.0,236356,1295.0,84144,325.5,1.77,0.001380,88532,313.4,26.49,0.026628,90367,309.4,46.44,0.059387,554.2,0.014922,346.3,117818,383.1,119478,343.7,14.51,0.015182,110788,334.5,16.60,0.019560,89972,310.3,58.62,0.074422,14.2,0.000000,100.0,8562636,2855.5,99654,344.1,1.05,0.000912,98868,324.1,13.94,0.015150,88567,308.4,68.94,0.086681
375.18,0.0069478,0.041253,91655,91299,91377,91374,306.4,375.2,0.004834,717.8,73207,815.7,73967,716.6,14.63,0.004546,85505,310.5,-17.23,-0.016895,90769,309.6,29.66,0.038064,195.2,0.000000,269.9,231222,1288.2,85202,326.6,2.14,0.001681,88972,313.9,26.86,0.027096,90264,309.0,46.44,0.059384,555.2,0.013282,346.2,118289,383.5,119741,343.9,12.95,0.013569,111017,334.7,15.16,0.017895,90013,310.0,56.54,0.071899,15.2,0.000000,1803.2,8382440,2861.9,100240,344.7,1.03,0.000906,99196,324.4,13.72,0.014946,88363,308.0,69.74,0.087603
376.15,0.0069658,0.041326,91403,91221,91218,91250,306.1,376.2,0.005550,712.3,72271,809.8,73108,711.1,17.07,0.005283,84506,309.5,-12.77,-0.012419,90627,309.2,30.42,0.039039,196.2,0.000000,254.3,226152,1281.3,86449,328.0,2.49,0.001979,89363,314.3,27.16,0.027476,90150,308.7,46.36,0.059273,556.2,0.009176,344.4,118715,383.9,120433,344.4,10.40,0.010951,111263,334.9,13.81,0.016331,90036,309.6,54.39,0.069248,16.2,0.000000,4374.8,8184112,2863.3,100814,345.2,1.01,0.000886,99528,324.7,13.52,0.014754,88143,307.6,70.52,0.088485
377.12,0.0069838,0.041411,91153,91138,91078,91127,305.8,377.1,0.006254,706.1,71421,803.9,72304,705.0,19.55,0.006036,83632,308.6,-8.65,-0.008349,90481,308.8,31.09,0.039879,197.1,0.000000,565.1,221149,1274.4,87855,329.4,2.78,0.002230,89719,314.7,27.37,0.027772,90034,308.4,46.22,0.059096,557.1,0.009193,344.5,119161,384.2,120504,344.5,8.97,0.009449,111536,335.2,12.55,0.014857,90054,309.3,52.19,0.066539,17.1,0.000000,154.2,7971214,2860.4,101368,345.7,0.97,0.000854,99870,325.0,13.31,0.014563,87922,307.1,71.32,0.089391
378.20,0.0070038,0.041516,90879,91033,90953,90991,305.5,378.2,0.006970,698.7,70576,797.4,71506,697.5,22.18,0.006844,82774,307.7,-4.40,-0.004219,90329,308.4,31.77,0.040742,198.2,0.000000,291.5,215669,1266.7,89533,331.2,2.95,0.002403,90082,315.0,27.53,0.028006,89908,308.0,46.07,0.058887,558.2,0.007312,344.6,119645,384.6,120582,344.5,7.15,0.007528,111879,335.5,11.23,0.013322,90078,308.9,49.77,0.063535,18.2,0.000000,534.9,7721726,2852.7,101948,346.2,0.91,0.000803,100266,325.4,13.07,0.014344,87697,306.7,72.25,0.090449
379.18,0.0070218,0.041622,90635,90929,90870,90869,305.3,379.2,0.007667,691.5,69897,791.6,70873,690.2,24.44,0.007554,82088,306.9,-0.85,-0.000808,90213,308.1,32.37,0.041504,199.2,0.000000,150.4,210809,1259.7,91068,332.7,2.96,0.002437,90386,315.4,27.59,0.028135,89804,307.7,45.96,0.058741,559.2,0.005607,344.6,120075,385.0,120612,344.5,5.56,0.005863,112228,335.8,10.12,0.012038,90110,308.7,47.63,0.060885,19.2,0.000000,315.0,7489028,2842.2,102430,346.7,0.83,0.000742,100638,325.8,12.85,0.014134,87523,306.4,73.10,0.091430
380.15,0.0070398,0.041738,90399,90829,90798,90749,305.1,380.1,0.008330,683.5,69290,785.9,70318,682.2,26.66,0.008274,81465,306.3,2.49,0.002356,90119,307.7,32.94,0.042231,200.1,0.000000,109.4,206019,1252.7,92558,334.2,2.84,0.002366,90677,315.7,27.57,0.028176,89710,307.4,45.90,0.058653,560.1,0.003553,344.7,120492,385.4,120736,344.6,3.78,0.003987,112616,336.1,9.11,0.010863,90148,308.4,45.56,0.058302,20.1,0.000000,341.3,7251589,2828.9,102864,347.1,0.75,0.000671,101026,326.1,12.61,0.013907,87376,306.1,73.92,0.092385
381.12,0.0070578,0.041863,90175,90725,90720,90629,305.0,381.1,0.009016,674.8,68757,780.2,69841,673.4,28.90,0.009025,80893,305.6,5.64,0.005318,90042,307.5,33.42,0.042851,201.1,0.000000,454.3,201299,1245.7,93954,335.6,2.63,0.002215,90950,316.0,27.47,0.028133,89620,307.1,45.86,0.058606,561.1,0.001516,345.1,120896,385.8,120895,344.8,1.91,0.002020,113040,336.5,8.20,0.009808,90184,308.2,43.52,0.055758,21.1,0.000000,114.6,7011944,2813.2,103249,347.4,0.66,0.000594,101430,326.5,12.34,0.013656,87252,305.9,74.64,0.093217
382.21,0.0070779,0.042011,89938,90592,90635,90496,304.8,382.2,0.009781,664.1,68256,773.9,69403,662.6,31.43,0.009910,80300,305.0,8.98,0.008418,89968,307.1,33.81,0.043360,202.2,0.000000,2517.6,196137,1237.9,95360,337.0,2.34,0.001993,91252,316.3,27.25,0.027979,89522,306.8,45.86,0.058588,562.2,-0.002695,345.4,121288,386.1,121704,345.8,-1.67,-0.001767,113560,336.9,7.29,0.008740,90218,307.9,41.28,0.052955,22.2,0.000000,330.4,6745739,2793.6,103620,347.8,0.57,0.000513,101896,327.0,12.03,0.013348,87141,305.7,75.24,0.093908
383.18,0.0070959,0.042154,89731,90478,90573,90379,304.7,383.2,0.010568,653.6,67918,768.3,69108,651.9,33.62,0.010727,79793,304.5,11.86,0.011069,89918,306.9,34.04,0.043669,203.2,0.000000,100.0,191567,1230.8,96484,338.1,2.07,0.001776,91542,316.6,26.96,0.027737,89440,306.5,45.87,0.058604,563.2,-0.003396,345.4,121650,386.5,121773,346.0,-3.34,-0.003542,114091,337.4,6.47,0.007791,90248,307.7,39.31,0.050474,23.2,0.000000,850.5,6508231,2774.3,103913,348.0,0.50,0.000452,102331,327.4,11.72,0.013044,87080,305.5,75.55,0.094271
384.15,0.0071140,0.042304,89526,90407,90530,90262,304.6,384.2,0.011353,642.2,67635,762.5,68893,640.3,35.77,0.011586,79300,303.9,14.65,0.013617,89888,306.7,34.18,0.043864,204.2,0.000000,100.0,187101,1223.8,97473,339.0,1.80,0.001559,91868,316.9,26.54,0.027379,89367,306.3,45.93,0.058670,564.2,-0.005631,345.6,121992,386.8,121881,346.4,-5.10,-0.005397,114692,337.9,5.61,0.006780,90280,307.5,37.39,0.048060,24.2,0.000000,100.0,6271825,2752.9,104176,348.3,0.45,0.000406,102780,327.8,11.39,0.012719,87055,305.5,75.67,0.094430
385.13,0.0071320,0.042462,89325,90381,90503,90147,304.5,385.1,0.012203,629.7,67407,756.6,68739,627.7,37.93,0.012502,78811,303.4,17.38,0.016080,89880,306.5,34.22,0.043939,205.1,0.000000,334.1,182759,1216.8,98335,339.9,1.56,0.001354,92250,317.3,25.98,0.026878,89301,306.1,46.03,0.058803,565.1,-0.008038,345.9,122310,387.1,122180,347.1,-7.15,-0.007572,115351,338.5,4.70,0.005701,90318,307.4,35.54,0.045728,25.1,0.000000,138.7,6034416,2728.0,104422,348.5,0.42,0.000376,103241,328.2,11.05,0.012382,87056,305.4,75.67,0.094446
386.11,0.0071501,0.042627,89135,90326,90490,90033,304.5,386.1,0.013109,616.3,67232,750.5,68640,614.1,40.04,0.013471,78319,302.9,20.06,0.018471,89888,306.4,34.18,0.043913,206.1,0.000000,102.7,178537,1209.9,99078,340.6,1.33,0.001166,92713,317.8,25.24,0.026199,89245,305.9,46.19,0.059005,566.1,-0.010075,346.5,122612,387.4,122597,348.1,-9.37,-0.009937,116026,339.0,3.80,0.004626,90361,307.2,33.76,0.043475,26.1,0.000000,8203.3,5805256,2703.5,104659,348.7,0.40,0.000362,103713,328.6,10.72,0.012046,87071,305.4,75.55,0.094323
387.19,0.0071702,0.042818,88938,90192,90494,89908,304.5,387.2,0.014119,600.3,67092,743.3,68584,598.0,42.28,0.014599,77767,302.3,22.97,0.021044,89915,306.3,34.03,0.043743,207.2,0.000000,100.0,173981,1202.3,99781,341.2,1.11,0.000980,93351,318.5,24.16,0.025197,89196,305.7,46.43,0.059314,567.2,-0.011272,347.1,122946,387.7,122854,349.1,-11.18,-0.011848,116747,339.6,2.89,0.003529,90421,307.1,31.84,0.041054,27.2,0.000000,453.4,5560394,2676.7,104923,348.9,0.40,0.000361,104249,329.1,10.37,0.011696,87117,305.4,75.26,0.094020
388.17,0.0071883,0.042996,88777,90051,90513,89797,304.5,388.2,0.015176,585.1,67009,736.6,68575,582.6,44.18,0.015655,77271,301.7,25.52,0.023277,89961,306.2,33.77,0.043452,208.2,0.000000,100.0,170000,1195.5,100316,341.7,0.95,0.000835,94054,319.2,22.94,0.024051,89167,305.6,46.73,0.059707,568.2,-0.013548,390.2,123227,388.0,123372,350.4,-13.26,-0.014049,117357,340.1,2.14,0.002633,90485,307.0,30.18,0.038943,28.2,0.000000,384.6,5348799,2653.0,105169,349.2,0.41,0.000370,104739,329.6,10.09,0.011421,87201,305.4,74.81,0.093534
389.14,0.0072064,0.043180,88629,89906,90551,89687,304.5,389.1,0.016219,569.3,66958,729.4,68599,566.6,45.95,0.016748,76784,301.2,28.01,0.025428,90031,306.1,33.40,0.043008,209.1,0.000000,125.2,166126,1188.8,100771,342.2,0.80,0.000709,94879,320.0,21.50,0.022681,89153,305.5,47.11,0.060200,569.1,-0.013743,389.8,123524,388.3,123453,351.4,-14.23,-0.015052,117950,340.6,1.42,0.001744,90559,306.9,28.56,0.036899,29.1,0.000000,1969.5,5145476,2629.7,105425,349.4,0.42,0.000385,105232,330.0,9.86,0.011201,87339,305.5,74.08,0.092749
390.12,0.0072245,0.043367,88495,89743,90608,89580,304.5,390.1,0.017303,553.0,66932,721.9,68650,550.3,47.60,0.017879,76320,300.7,30.42,0.027498,90130,306.1,32.89,0.042396,210.1,0.000000,100.0,162358,1182.1,101155,342.5,0.67,0.000597,95805,320.9,19.89,0.021135,89157,305.4,47.55,0.060777,570.1,-0.014929,389.5,123819,388.6,123602,352.5,-15.19,-0.016028,118555,341.1,0.61,0.000755,90646,306.9,27.00,0.034925,30.1,0.000000,126.7,4950304,2606.7,105692,349.6,0.44,0.000402,105721,330.5,9.69,0.011044,87536,305.6,73.04,0.091604
391.21,0.0072446,0.043580,88360,89546,90668,89463,304.6,391.2,0.018492,534.8,66927,713.0,68729,531.9,49.31,0.019181,75844,300.2,33.03,0.029719,90268,306.1,32.11,0.041458,211.2,0.000000,100.0,158290,1174.7,101508,342.8,0.55,0.000488,96909,322.0,18.03,0.019314,89176,305.4,48.07,0.061468,571.2,-0.016012,389.2,124149,388.9,123840,354.1,-16.17,-0.017029,119266,341.7,-0.46,-0.000572,90754,306.9,25.31,0.032778,31.2,0.000000,920.6,4742813,2581.7,106004,349.9,0.46,0.000421,106251,331.0,9.58,0.010948,87805,305.8,71.47,0.089861
392.19,0.0072627,0.043775,88250,89369,90723,89360,304.6,392.2,0.019728,518.3,66937,704.6,68817,515.4,50.73,0.020394,75466,299.8,35.32,0.031666,90414,306.2,31.18,0.040307,212.2,0.000000,209.4,155317,1169.2,101767,343.1,0.45,0.000402,97920,322.9,16.39,0.017684,89199,305.3,48.54,0.062089,572.2,-0.016481,388.9,124458,389.2,123999,355.5,-16.83,-0.017667,119938,342.3,-1.60,-0.002000,90856,306.8,23.79,0.030841,32.2,0.000000,1252.8,4564281,2559.6,106296,350.2,0.48,0.000438,106699,331.4,9.54,0.010945,88069,305.9,69.73,0.087896
393.17,0.0072808,0.043973,88152,89194,90792,89260,304.7,393.2,0.020935,502.1,66957,695.8,68917,499.1,52.05,0.021636,75143,299.4,37.57,0.033577,90581,306.3,29.99,0.038843,213.2,0.000000,100.0,153203,1165.0,101979,343.3,0.37,0.000330,98902,323.9,14.86,0.016144,89228,305.3,49.02,0.062726,573.2,-0.015773,388.6,124801,389.5,123800,356.6,-16.67,-0.017425,120610,342.8,-2.88,-0.003600,90964,306.9,22.27,0.028901,33.2,0.000000,137.4,4393291,2537.8,106597,350.4,0.49,0.000452,107117,331.7,9.55,0.010985,88337,306.1,67.81,0.085692
394.14,0.0072990,0.044173,88057,89010,90864,89163,304.8,394.1,0.022168,486.3,66982,686.6,69030,483.3,53.27,0.022902,74880,299.1,39.78,0.035463,90771,306.4,28.55,0.037032,214.1,0.000000,100.0,151724,1161.8,102154,343.4,0.30,0.000272,99824,324.7,13.48,0.014750,89262,305.3,49.51,0.063384,574.1,-0.014924,388.2,125180,389.9,123490,357.5,-16.03,-0.016668,121248,343.3,-4.21,-0.005291,91079,306.9,20.73,0.026944,34.1,0.000000,270.9,4229597,2516.5,106907,350.7,0.51,0.000464,107506,332.1,9.57,0.011031,88596,306.2,65.81,0.083377
395.12,0.0073171,0.044375,87961,88821,90933,89070,304.8,395.1,0.023435,471.1,67010,677.1,69147,468.1,54.40,0.024194,74674,298.9,41.95,0.037321,90984,306.5,26.78,0.034807,215.1,0.000000,1498.1,151032,1160.0,102305,343.6,0.26,0.000233,100669,325.5,12.30,0.013538,89298,305.3,50.01,0.064045,575.1,-0.013932,387.8,125600,390.2,123144,358.4,-15.11,-0.015631,121830,343.8,-5.55,-0.007000,91200,306.9,19.16,0.024926,35.1,0.000000,354.6,4072951,2495.6,107225,351.0,0.52,0.000475,107865,332.4,9.60,0.011091,88834,306.3,63.82,0.081048
396.11,0.0073353,0.044580,87861,88639,90999,88980,304.9,396.1,0.024726,456.5,67038,667.3,69263,453.5,55.46,0.025500,74524,298.8,44.07,0.039148,91224,306.6,24.61,0.032061,216.1,0.000000,757.9,150653,1158.8,102444,343.7,0.24,0.000213,101436,326.3,11.33,0.012533,89334,305.3,50.50,0.064704,576.1,-0.012871,387.4,126061,390.6,122802,359.1,-14.05,-0.014458,122352,344.2,-6.85,-0.008669,91329,307.0,17.50,0.022795,36.1,0.000000,194.7,3923103,2475.0,107551,351.3,0.53,0.000487,108204,332.7,9.68,0.011206,89045,306.4,61.91,0.078791
397.20,0.0073555,0.044810,87757,88454,91070,88885,305.0,397.2,0.026103,441.2,67068,656.1,69386,438.2,56.55,0.026957,74418,298.7,46.37,0.041144,91552,306.9,21.54,0.028136,217.2,0.000000,181.8,150547,1157.9,102602,343.9,0.24,0.000216,102212,327.0,10.51,0.011686,89370,305.3,51.05,0.065432,577.2,-0.011738,387.1,126625,391.2,122453,359.9,-12.79,-0.013102,122874,344.6,-8.22,-0.010434,91484,307.0,15.50,0.020223,37.2,0.000000,100.0,3764264,2452.6,107927,351.6,0.55,0.000504,108580,333.1,9.83,0.011418,89248,306.4,59.93,0.076435
398.18,0.0073737,0.045018,87672,88307,91148,88805,305.0,398.2,0.027481,428.3,67092,645.9,69490,425.3,57.45,0.028262,74383,298.7,48.40,0.042928,91949,307.2,17.86,0.023404,218.2,0.000000,144.0,150586,1157.4,102762,344.0,0.27,0.000239,102860,327.6,10.01,0.011183,89402,305.3,51.56,0.066112,578.2,-0.010620,386.9,127178,391.6,122182,360.5,-11.64,-0.011881,123313,344.9,-9.38,-0.011931,91639,307.1,13.53,0.017679,38.2,0.000000,100.0,3627917,2432.8,108282,351.9,0.57,0.000527,108937,333.4,10.06,0.011705,89412,306.4,58.30,0.074501
399.17,0.0073920,0.045229,87573,88177,91257,88730,305.1,399.2,0.028780,416.2,67110,635.5,69587,413.2,58.30,0.029558,74413,298.7,50.44,0.044745,92498,307.7,12.88,0.016958,219.2,0.000000,272.3,150704,1157.0,102951,344.2,0.31,0.000281,103475,328.1,9.74,0.010927,89445,305.3,52.12,0.066855,579.2,-0.009596,386.7,127776,392.2,121952,361.0,-10.52,-0.010702,123733,345.3,-10.45,-0.013323,91816,307.2,11.40,0.014912,39.2,0.000000,417.3,3497566,2413.4,108657,352.2,0.60,0.000556,109326,333.7,10.37,0.012100,89576,306.4,56.85,0.072774
400.15,0.0074102,0.045442,87478,88051,91401,88661,305.3,400.2,0.030074,404.9,67122,625.2,69679,402.0,59.12,0.030850,74524,298.9,52.53,0.046651,93213,308.3,6.23,0.008251,220.2,0.000000,220.8,150862,1156.7,103179,344.4,0.37,0.000338,104059,328.7,9.69,0.010913,89523,305.4,52.72,0.067676,580.2,-0.008624,386.5,128418,392.7,121753,361.5,-9.46,-0.009594,124109,345.6,-11.37,-0.014538,92020,307.4,9.11,0.011935,40.2,0.000000,413.6,3372957,2394.4,109057,352.6,0.63,0.000590,109754,334.1,10.77,0.012594,89760,306.4,55.54,0.071238
401.14,0.0074285,0.045656,87443,87927,91673,88603,305.5,401.1,0.031368,394.5,67130,614.8,69768,391.6,59.94,0.032146,74725,299.1,54.73,0.048694,93578,308.7,-3.00,-0.003976,221.1,0.000000,477.8,151041,1156.4,103452,344.6,0.45,0.000403,104614,329.2,9.77,0.011048,89643,305.5,53.41,0.068625,581.1,-0.007711,386.4,129104,393.3,121577,361.9,-8.47,-0.008567,124368,345.7,-12.03,-0.015394,92253,307.6,6.75,0.008862,41.1,0.000000,100.0,3253828,2375.7,109482,353.0,0.67,0.000625,110215,334.5,11.21,0.013156,89994,306.5,54.39,0.069915
402.13,0.0074469,0.045867,87536,87811,91898,88554,305.7,402.1,0.032675,384.9,67135,604.5,69858,382.1,60.80,0.033465,75001,299.5,57.04,0.050873,93779,308.9,-12.80,-0.017013,222.1,0.000000,100.0,151232,1156.1,103770,344.9,0.52,0.000468,105143,329.7,9.96,0.011303,89749,305.6,53.99,0.069416,582.1,-0.006862,386.2,129834,393.9,121412,362.3,-7.56,-0.007626,124456,345.8,-12.33,-0.015793,92455,307.7,4.22,0.005545,42.1,0.000000,482.8,3139920,2357.4,109927,353.3,0.70,0.000653,110692,334.9,11.67,0.013734,90256,306.8,53.15,0.068463
403.12,0.0074652,0.046070,87668,87711,92082,88516,305.9,403.1,0.034010,376.1,67142,594.3,69957,373.3,61.73,0.034822,75381,299.9,59.43,0.053187,93753,309.0,-21.35,-0.028369,223.1,0.000000,432.8,151424,1155.8,104126,345.2,0.58,0.000524,105618,330.1,10.18,0.011594,89851,305.9,54.37,0.069925,583.1,-0.006079,386.0,130609,394.6,121248,362.6,-6.73,-0.006774,124402,345.7,-12.43,-0.015909,92642,307.9,1.48,0.001950,43.1,0.000000,434.4,3030982,2339.4,110382,353.7,0.71,0.000666,111166,335.4,12.08,0.014264,90602,307.2,51.44,0.066426
404.12,0.0074836,0.046267,87711,87628,92228,88487,306.0,404.1,0.035389,368.0,67153,584.2,70067,365.3,62.74,0.036230,75819,300.5,61.87,0.055598,93499,308.8,-28.33,-0.037562,224.1,0.000000,100.0,151606,1155.5,104510,345.6,0.62,0.000565,106022,330.5,10.38,0.011851,89959,306.1,54.52,0.070145,584.1,-0.005343,385.9,131429,395.3,121067,362.8,-5.97,-0.005997,124228,345.6,-12.50,-0.015991,92774,308.1,-1.50,-0.001981,44.1,0.000000,440.9,2926786,2321.7,110834,354.1,0.70,0.000662,111615,335.8,12.41,0.014686,91074,307.7,48.82,0.063269
405.11,0.0075021,0.046461,87685,87561,92318,88467,306.1,405.1,0.036817,360.7,67174,574.3,70192,357.9,63.84,0.037690,76272,301.0,64.22,0.057952,93157,308.5,-33.32,-0.044059,225.1,0.000000,100.0,151767,1155.1,104910,346.0,0.64,0.000588,106347,330.8,10.51,0.012029,90083,306.4,54.59,0.070279,585.1,-0.004629,385.7,132294,396.0,120844,363.0,-5.27,-0.005283,123893,345.3,-12.46,-0.015912,92894,308.2,-4.56,-0.006022,45.1,0.000000,386.1,2827124,2304.4,111274,354.5,0.68,0.000644,112020,336.1,12.60,0.014951,91683,308.4,44.93,0.058489
406.11,0.0075206,0.046655,87650,87509,92372,88456,306.2,406.1,0.038289,353.9,67208,564.7,70333,351.2,65.01,0.039190,76712,301.6,66.37,0.060128,92848,308.3,-36.42,-0.048026,226.1,0.000000,100.0,151895,1154.7,105318,346.3,0.66,0.000600,106593,331.0,10.59,0.012138,90226,306.6,54.57,0.070308,586.1,-0.003980,385.5,133204,396.7,120580,363.0,-4.64,-0.004639,123376,344.9,-12.29,-0.015644,92978,308.3,-7.71,-0.010178,46.1,0.000000,382.9,2731799,2287.4,111700,354.9,0.66,0.000621,112381,336.4,12.66,0.015060,92385,309.0,39.64,0.051881
407.11,0.0075391,0.046848,87595,87474,92415,88452,306.2,407.1,0.039791,347.9,67258,555.2,70496,345.1,66.25,0.040733,77112,302.0,68.24,0.062040,92597,308.2,-37.87,-0.049823,227.1,0.000000,469.4,151969,1154.2,105733,346.7,0.66,0.000608,106752,331.1,10.58,0.012132,90404,306.9,54.36,0.070108,587.1,-0.003403,385.2,134160,397.5,120290,363.0,-4.06,-0.004053,122734,344.4,-12.02,-0.015251,93025,308.4,-10.84,-0.014317,47.1,0.000000,517.3,2640622,2270.6,112117,355.2,0.64,0.000608,112708,336.7,12.63,0.015058,93077,309.7,33.25,0.043754
408.12,0.0075577,0.047043,87507,87456,92442,88457,306.2,408.1,0.041337,342.4,67328,546.0,70693,339.7,67.59,0.042350,77450,302.5,69.78,0.063630,92379,308.1,-37.81,-0.049633,228.1,0.000000,100.0,151961,1153.6,106161,347.1,0.68,0.000627,106846,331.2,10.39,0.011922,90637,307.3,53.80,0.069482,588.1,-0.002890,384.9,135162,398.3,119993,363.0,-3.53,-0.003511,122032,343.8,-11.79,-0.014895,93041,308.4,-13.87,-0.018327,48.1,0.000000,298.7,2553414,2254.2,112541,355.6,0.64,0.000614,112995,337.0,12.46,0.014878,93647,310.2,26.33,0.034812
409.12,0.0075763,0.047240,87404,87458,92437,88470,306.2,409.1,0.042962,337.5,67421,537.1,70937,334.8,69.09,0.044075,77726,302.8,71.01,0.064911,92083,307.9,-36.26,-0.047478,229.1,0.000000,263.6,151843,1152.8,106618,347.5,0.72,0.000666,106892,331.3,10.07,0.011557,90937,307.7,52.59,0.068058,589.1,-0.002430,384.6,136209,399.2,119706,362.9,-3.03,-0.003004,121306,343.2,-11.70,-0.014717,93037,308.5,-16.85,-0.022252,49.1,0.000000,100.0,2470006,2238.2,112987,355.9,0.67,0.000644,113238,337.2,12.19,0.014573,94007,310.5,19.58,0.025953
410.13,0.0075950,0.047440,87301,87479,92390,88488,306.2,410.1,0.044693,333.1,67545,528.5,71237,330.4,70.77,0.045936,77936,303.1,71.98,0.065916,91752,307.7,-33.15,-0.043275,230.1,0.000000,100.0,151586,1151.7,107121,348.0,0.79,0.000730,106913,331.3,9.68,0.011111,91306,308.1,50.49,0.065517,590.1,-0.002017,384.3,137301,400.0,119445,362.8,-2.55,-0.002528,120576,342.6,-11.77,-0.014741,92999,308.5,-19.80,-0.026132,50.1,0.000000,716.8,2390231,2222.4,113482,356.4,0.74,0.000710,113463,337.4,11.84,0.014174,94139,310.5,13.59,0.018036
411.14,0.0076136,0.047642,87186,87507,92316,88512,306.1,411.1,0.046595,329.3,67708,520.1,71580,326.5,72.63,0.047929,78086,303.3,72.72,0.066669,91454,307.5,-28.77,-0.037466,231.1,0.000000,406.4,151183,1150.4,107684,348.5,0.87,0.000813,106923,331.3,9.22,0.010583,91663,308.4,47.65,0.062003,591.1,-0.001647,384.1,138440,400.9,119219,362.8,-2.11,-0.002083,119847,342.0,-12.01,-0.014978,92924,308.5,-22.70,-0.029940,51.1,0.000000,1646.6,2313954,2206.9,114050,356.8,0.84,0.000810,113690,337.6,11.44,0.013714,94070,310.4,8.38,0.011116
412.15,0.0076323,0.047847,87054,87544,92240,88541,306.1,412.1,0.048594,326.0,67914,512.1,71986,323.1,74.58,0.050021,78187,303.5,73.24,0.067202,91209,307.4,-23.71,-0.030801,232.1,0.000000,173.9,150637,1148.8,108307,349.0,0.96,0.000896,106937,331.4,8.68,0.009973,91877,308.7,44.26,0.057687,592.1,-0.001314,383.9,139623,401.8,119031,362.7,-1.70,-0.001679,119122,341.4,-12.37,-0.015357,92784,308.5,-25.64,-0.033764,52.1,0.000000,375.6,2241087,2191.7,114697,357.4,0.95,0.000919,113927,337.8,11.01,0.013221,93853,310.2,3.82,0.005056
413.15,0.0076510,0.048055,86921,87592,92171,88575,306.0,413.2,0.050666,323.2,68165,504.3,72493,320.2,76.64,0.052228,78260,303.6,73.63,0.067592,91080,307.4,-18.11,-0.023495,233.2,0.000000,100.0,149961,1147.0,108959,349.6,1.00,0.000936,106960,331.4,8.09,0.009297,92002,308.8,40.87,0.053314,593.2,-0.001015,383.7,140852,402.8,118867,362.6,-1.34,-0.001326,118405,340.8,-12.80,-0.015824,92652,308.5,-28.26,-0.037173,53.2,0.000000,196.7,2171482,2176.9,115399,358.0,1.03,0.000995,114180,338.0,10.57,0.012710,92987,309.4,-0.72,-0.000944
414.16,0.0076697,0.048267,86808,87649,91968,88611,305.8,414.2,0.052886,320.9,68468,496.9,73084,317.8,78.79,0.054552,78318,303.7,73.94,0.067903,91021,307.4,-12.42,-0.016105,234.2,0.000000,100.0,149167,1145.0,109597,350.1,0.98,0.000919,107008,331.4,7.46,0.008567,92000,308.9,37.67,0.049124,594.2,-0.000750,383.5,142127,403.8,118708,362.6,-1.05,-0.001036,117693,340.2,-13.27,-0.016338,92551,308.5,-30.72,-0.040350,54.2,0.000000,100.0,2104965,2162.4,116108,358.6,1.03,0.001006,114445,338.3,10.12,0.012196,92536,309.0,-3.51,-0.004600
415.17,0.0076884,0.048480,86720,87713,91770,88649,305.7,415.2,0.055155,318.9,68823,489.9,73714,315.7,80.84,0.056833,78363,303.8,74.22,0.068172,91035,307.4,-7.05,-0.009136,235.2,0.000000,381.6,148273,1142.8,110188,350.7,0.90,0.000855,107078,331.5,6.78,0.007792,91934,308.9,34.81,0.045357,595.2,-0.000531,383.3,143447,404.8,118518,362.4,-0.86,-0.000846,116982,339.6,-13.76,-0.016864,92468,308.6,-33.07,-0.043400,55.2,0.000000,150.7,2041406,2148.1,116781,359.1,0.98,0.000961,114716,338.5,9.68,0.011681,92350,308.8,-5.43,-0.007109
416.18,0.0077070,0.048693,86658,87778,91583,88687,305.5,416.2,0.057312,317.3,69223,483.2,74355,313.9,82.65,0.058940,78397,303.9,74.48,0.068417,91053,307.5,-2.02,-0.002619,236.2,0.000000,746.1,147297,1140.5,110700,351.1,0.78,0.000743,107166,331.6,6.09,0.007002,91833,309.0,32.31,0.042039,596.2,-0.000381,383.0,144812,405.8,118272,362.3,-0.77,-0.000755,116271,338.9,-14.23,-0.017376,92391,308.6,-35.36,-0.046347,56.2,0.000000,100.0,1980708,2134.2,117393,359.6,0.89,0.000876,114985,338.7,9.24,0.011167,92274,308.7,-7.07,-0.009246
417.18,0.0077256,0.048906,86610,87858,91480,88728,305.5,417.2,0.059264,316.0,69658,476.8,74993,312.4,84.15,0.060811,78417,304.0,74.72,0.068646,90647,307.1,1.95,0.002521,237.2,0.000000,390.7,146255,1138.0,111102,351.5,0.62,0.000587,107268,331.7,5.40,0.006216,91728,309.1,30.19,0.039227,597.2,-0.000277,382.7,146221,406.9,117970,362.0,-0.73,-0.000721,115561,338.3,-14.70,-0.017860,92324,308.8,-37.58,-0.049199,57.2,0.000000,401.5,1922718,2120.6,117920,360.0,0.77,0.000758,115242,339.0,8.80,0.010652,92230,308.7,-8.63,-0.011286
418.19,0.0077442,0.049118,86563,88002,91323,88772,305.5,418.2,0.060955,314.8,70115,470.8,75606,311.2,85.27,0.062374,78424,304.1,74.97,0.068863,90289,306.8,5.83,0.007519,238.2,0.000000,274.7,145161,1135.4,111370,351.7,0.42,0.000399,107382,331.8,4.73,0.005446,91605,309.1,28.32,0.036747,598.2,-0.000211,382.3,147676,408.0,117597,361.7,-0.76,-0.000747,114854,337.7,-15.14,-0.018320,92229,308.9,-39.89,-0.052154,58.2,0.000000,372.0,1867294,2107.3,118346,360.4,0.62,0.000615,115482,339.2,8.36,0.010131,92119,308.6,-10.24,-0.013388
419.19,0.0077628,0.049328,86522,88257,91175,88816,305.4,419.2,0.062320,313.9,70582,465.2,76176,310.1,85.98,0.063581,78418,304.1,75.21,0.069068,90102,306.7,9.55,0.012283,239.2,0.000000,502.9,144026,1132.8,111503,351.8,0.22,0.000206,107511,331.9,4.07,0.004695,91456,309.2,26.67,0.034543,599.2,-0.000179,381.8,149176,409.1,117143,361.4,-0.84,-0.000823,114159,337.1,-15.57,-0.018766,92105,309.0,-42.29,-0.055201,59.2,0.000000,947.5,1814295,2094.3,118663,360.6,0.47,0.000462,115706,339.4,7.90,0.009594,91959,308.5,-11.78,-0.015380
420.20,0.0077814,0.049537,86500,88649,91026,88863,305.4,420.2,0.060020,314.5,70928,460.0,77312,309.9,84.31,0.063322,78400,304.1,75.45,0.069261,89970,306.6,13.12,0.016850,240.2,0.000000,562.3,142863,1130.1,111512,351.8,0.03,0.000029,107659,332.0,3.43,0.003955,91296,309.2,25.23,0.032614,600.2,-0.000176,381.2,150723,410.2,116607,361.0,-0.96,-0.000933,113484,336.5,-16.02,-0.019219,91969,309.0,-44.77,-0.058340,60.2,0.000000,135.2,1763588,2081.5,118877,360.8,0.32,0.000318,115922,339.6,7.42,0.009021,91803,308.3,-13.26,-0.017282
421.20,0.0078000,0.049743,86501,89006,90887,88910,305.4,421.2,0.063893,312.8,71379,455.1,77457,308.6,85.29,0.064436,78370,304.2,75.68,0.069442,89862,306.7,16.49,0.021162,241.2,0.000000,100.0,141680,1127.3,111424,351.7,-0.12,-0.000114,107837,332.2,2.78,0.003215,91145,309.2,23.97,0.030939,601.2,0.000000,100.0,152323,411.4,115886,360.3,-1.04,-0.001003,112837,336.0,-16.48,-0.019696,91833,309.1,-47.33,-0.061565,61.2,0.000000,100.0,1715051,2069.0,119009,360.9,0.20,0.000199,116139,339.7,6.89,0.008382,91673,308.2,-14.75,-0.019212
422.20,0.0078185,0.049946,86522,89283,90764,88960,305.4,422.2,0.064470,311.6,71806,450.4,77679,307.8,85.73,0.065135,78331,304.2,75.90,0.069609,89753,306.8,19.67,0.025194,242.2,0.000000,148.8,140484,1124.5,111262,351.6,-0.23,-0.000222,108052,332.4,2.13,0.002461,91021,309.2,22.86,0.029466,602.2,0.000000,100.0,153980,425.9,115123,359.6,-1.10,-0.001063,112223,335.4,-16.97,-0.020209,91704,309.3,-49.94,-0.064843,62.2,0.000000,101.1,1668570,2056.8,119084,361.0,0.12,0.000115,116362,339.9,6.27,0.007642,91564,308.1,-16.32,-0.021234
423.20,0.0078371,0.050144,86558,89517,90660,89011,305.5,423.2,0.064764,311.0,72206,445.9,77963,307.3,85.69,0.065452,78284,304.2,76.11,0.069754,89634,306.9,22.67,0.028993,243.2,0.000000,251.6,139282,1121.7,111052,351.4,-0.31,-0.000295,108313,332.6,1.46,0.001690,90919,309.3,21.84,0.028106,603.2,0.000000,431.5,155690,427.1,114325,358.9,-1.16,-0.001115,111644,334.9,-17.50,-0.020753,91583,309.4,-52.57,-0.068139,63.2,0.000000,100.0,1624043,2044.8,119125,361.0,0.07,0.000065,116596,340.1,5.54,0.006769,91466,308.0,-17.96,-0.023348
424.20,0.0078556,0.050337,86614,89695,90573,89064,305.6,424.2,0.061566,311.7,72466,441.8,78974,307.8,82.99,0.064106,78225,304.2,76.29,0.069868,89511,307.0,25.52,0.032583,244.2,0.000000,231.4,138076,1118.9,110812,351.2,-0.36,-0.000341,108619,332.9,0.79,0.000912,90831,309.4,20.86,0.026821,604.2,0.000000,292.6,157454,428.4,113495,358.2,-1.22,-0.001163,111095,334.4,-18.03,-0.021311,91474,309.6,-55.21,-0.071432,64.2,0.000000,316.1,1581372,2033.1,119153,361.0,0.04,0.000044,116837,340.3,4.70,0.005747,91373,307.9,-19.64,-0.025521
425.20,0.0078742,0.050524,86691,89832,90503,89119,305.7,425.2,0.064782,311.2,72814,437.9,78903,307.0,83.69,0.064743,78152,304.2,76.44,0.069951,89387,307.2,28.26,0.036006,245.2,0.000000,100.0,136870,1116.0,110557,350.9,-0.38,-0.000364,108962,333.2,0.13,0.000150,90764,309.4,19.91,0.025567,605.2,0.000000,100.0,159274,429.8,112638,357.4,-1.27,-0.001204,110571,333.9,-18.55,-0.021860,91382,309.8,-57.86,-0.074739,65.2,0.000000,5581.4,1540463,2021.6,119182,361.1,0.04,0.000043,117070,340.5,3.74,0.004580,91289,307.9,-21.35,-0.027720
426.21,0.0078927,0.050704,86794,89951,90450,89176,305.9,426.2,0.064780,310.2,73131,434.2,78944,306.5,83.85,0.065012,78067,304.1,76.58,0.070007,89266,307.3,30.90,0.039302,246.2,0.000000,100.0,135662,1113.1,110301,350.7,-0.39,-0.000368,109322,333.5,-0.47,-0.000549,90725,309.5,18.92,0.024285,606.2,0.000000,100.0,161154,431.1,111763,356.6,-1.31,-0.001233,110067,333.5,-19.06,-0.022381,91313,310.0,-60.55,-0.078093,66.2,0.000000,225.1,1501198,2010.4,119219,361.1,0.05,0.000053,117277,340.7,2.69,0.003292,91217,307.8,-23.06,-0.029919
427.21,0.0079112,0.050876,86926,90049,90415,89236,306.1,427.2,0.064733,309.9,73420,430.7,79113,306.3,83.80,0.065171,77979,304.1,76.65,0.070005,89149,307.6,33.49,0.042506,247.2,0.000000,100.0,134452,1110.2,110051,350.5,-0.38,-0.000360,109672,333.8,-0.97,-0.001129,90728,309.7,17.81,0.022848,607.2,0.000000,101.6,163095,432.5,110878,355.8,-1.33,-0.001248,109578,333.0,-19.52,-0.022856,91269,310.3,-63.30,-0.081527,67.2,0.000000,2069.5,1463496,1999.3,119265,361.1,0.06,0.000063,117439,340.9,1.58,0.001933,91161,307.8,-24.74,-0.032088
428.21,0.0079298,0.051039,87072,90104,90400,89297,306.4,428.2,0.064679,309.7,73686,427.4,79305,306.1,83.49,0.065113,77904,304.0,76.60,0.069894,89039,307.8,36.04,0.045645,248.2,0.000000,1276.7,133237,1107.3,109813,350.3,-0.36,-0.000344,109989,334.1,-1.33,-0.001554,90784,309.9,16.44,0.021094,608.2,0.000000,247.0,165099,433.9,109994,355.0,-1.34,-0.001251,109096,332.6,-19.93,-0.023263,91245,310.6,-66.11,-0.085048,68.2,0.000000,193.4,1427305,1988.5,119311,361.2,0.07,0.000065,117539,340.9,0.46,0.000559,91116,307.8,-26.37,-0.034189
429.21,0.0079483,0.051193,87235,90108,90404,89362,306.7,429.2,0.064543,309.6,73929,424.2,79501,306.1,83.11,0.064988,77845,304.0,76.44,0.069701,88940,308.1,38.56,0.048735,249.2,0.000000,555.2,132016,1104.3,109593,350.1,-0.34,-0.000320,110258,334.3,-1.54,-0.001804,90905,310.1,14.67,0.018825,609.2,0.000000,721.0,167168,435.4,109118,354.2,-1.34,-0.001245,108610,332.2,-20.26,-0.023570,91232,310.9,-68.98,-0.088632,69.2,0.000000,100.0,1392564,1977.9,119352,361.2,0.06,0.000058,117561,341.0,-0.64,-0.000789,91082,307.8,-27.92,-0.036178
430.21,0.0079668,0.051336,87422,90093,90427,89430,307.1,430.2,0.064417,309.6,74151,421.2,79693,306.0,82.72,0.064852,77793,304.0,76.07,0.069319,88852,308.4,41.05,0.051786,250.2,0.000000,462.9,130785,1101.4,109393,349.9,-0.31,-0.000291,110470,334.5,-1.59,-0.001869,91097,310.4,12.31,0.015814,610.2,0.000000,100.0,169303,436.8,108254,353.4,-1.34,-0.001232,108106,331.7,-20.47,-0.023743,91221,311.2,-71.86,-0.092227,70.2,0.000000,269.6,1359211,1967.5,119379,361.2,0.04,0.000039,117499,340.9,-1.70,-0.002091,91057,307.8,-29.35,-0.038019
431.21,0.0079853,0.051467,87624,90105,90464,89501,307.5,431.2,0.064300,309.5,74355,418.4,79867,306.0,82.34,0.064690,77745,304.0,75.40,0.068666,88775,308.7,43.52,0.054790,251.2,0.000000,100.0,129544,1098.3,109217,349.7,-0.27,-0.000258,110635,334.6,-1.55,-0.001829,91351,310.8,9.23,0.011882,611.2,0.000000,759.2,171505,438.4,107406,352.6,-1.32,-0.001214,107574,331.2,-20.56,-0.023764,91206,311.5,-74.71,-0.095761,71.2,0.000000,100.0,1327184,1957.4,119385,361.2,0.01,0.000011,117356,340.8,-2.71,-0.003321,91037,307.8,-30.65,-0.039693
432.21,0.0080038,0.051587,87834,90058,90514,89576,307.9,432.2,0.064151,309.5,74541,415.7,80019,306.0,81.93,0.064492,77675,304.0,74.37,0.067670,88705,309.1,45.95,0.057735,252.2,0.000000,273.6,128292,1095.3,109068,349.6,-0.23,-0.000218,110759,334.8,-1.35,-0.001595,91631,311.1,5.44,0.007019,612.2,0.000000,430.8,173777,439.9,106575,351.8,-1.31,-0.001193,107011,330.7,-20.53,-0.023642,91179,311.9,-77.45,-0.099142,72.2,0.000000,100.0,1296446,1947.4,119374,361.2,-0.01,-0.000014,117150,340.6,-3.64,-0.004456,91022,307.8,-31.81,-0.041193
433.20,0.0080223,0.051695,88055,89954,90596,89655,308.4,433.2,0.063974,309.5,74710,413.2,80152,306.0,81.52,0.064272,77552,303.9,72.90,0.066244,88648,309.5,48.34,0.060633,253.2,0.000000,396.5,127030,1092.2,108953,349.5,-0.18,-0.000171,110848,334.8,-1.02,-0.001204,91811,311.3,0.92,0.001184,613.2,0.000000,127.2,176118,441.5,105766,351.0,-1.29,-0.001169,106423,330.2,-20.44,-0.023444,91143,312.2,-79.98,-0.102249,73.2,0.000000,796.3,1266941,1937.7,119340,361.2,-0.05,-0.000047,116909,340.4,-4.47,-0.005472,91013,307.8,-32.83,-0.042500
434.20,0.0080407,0.051790,88300,89854,90670,89739,308.9,434.2,0.063780,309.4,74863,410.7,80269,306.1,81.11,0.064039,77348,303.7,70.94,0.064338,88599,309.8,50.69,0.063470,254.2,0.000000,100.0,125759,1089.0,108876,349.4,-0.12,-0.000117,110915,334.9,-0.57,-0.000676,91823,311.3,-4.04,-0.005222,614.2,0.000000,100.0,178532,443.1,104979,350.3,-1.27,-0.001141,105816,329.6,-20.25,-0.023134,91102,312.5,-82.21,-0.104949,74.2,0.000000,285.5,1238615,1928.2,119277,361.1,-0.09,-0.000088,116660,340.2,-5.21,-0.006358,91019,307.8,-33.68,-0.043603
435.19,0.0080590,0.051872,88596,89789,90719,89827,309.4,435.2,0.063576,309.4,75002,408.4,80370,306.1,80.70,0.063793,77040,303.4,68.51,0.061947,88543,310.2,52.95,0.066184,255.2,0.000000,567.8,124478,1085.8,108841,349.4,-0.06,-0.000055,110972,334.9,-0.03,-0.000038,91786,311.3,-8.63,-0.011145,615.2,0.000000,188.1,181020,444.7,104216,349.5,-1.24,-0.001111,105190,329.0,-19.99,-0.022747,91044,312.7,-84.07,-0.107155,75.2,0.000000,389.7,1211406,1918.9,119176,361.1,-0.14,-0.000142,116418,340.0,-5.85,-0.007130,91028,307.9,-34.44,-0.044585
436.18,0.0080773,0.051937,88990,89753,90739,89918,309.8,436.2,0.063358,309.3,75128,406.2,80454,306.1,80.29,0.063532,76615,303.0,65.66,0.059126,88470,310.5,55.09,0.068722,256.2,0.000000,100.0,123187,1082.6,108850,349.4,0.01,0.000006,111025,335.0,0.57,0.000674,91713,311.1,-12.79,-0.016510,616.2,0.000000,100.0,183586,446.4,103481,348.8,-1.21,-0.001076,104548,328.4,-19.71,-0.022326,90956,313.0,-85.49,-0.108782,76.2,0.000000,118.2,1185254,1909.8,119028,360.9,-0.21,-0.000208,116192,339.8,-6.41,-0.007805,91017,307.9,-35.17,-0.045520
437.17,0.0080957,0.051979,89603,89694,90772,90011,310.2,437.2,0.063122,309.3,75241,404.2,80523,306.1,79.87,0.063251,76066,302.4,62.49,0.055975,88390,310.8,57.10,0.071100,257.2,0.000000,289.1,121888,1079.4,108900,349.4,0.07,0.000070,111076,335.0,1.22,0.001434,91604,311.0,-16.53,-0.021317,617.2,0.000000,134.3,186233,448.1,102774,348.2,-1.17,-0.001038,103896,327.8,-19.41,-0.021890,90842,313.2,-86.39,-0.109730,77.2,0.000000,393.9,1160104,1900.8,118825,360.7,-0.29,-0.000286,115991,339.6,-6.90,-0.008397,90986,308.0,-35.86,-0.046393
438.15,0.0081139,0.051989,90308,89648,90870,90106,310.7,438.2,0.062859,309.2,75342,402.2,80574,306.1,79.44,0.062945,75405,301.7,59.11,0.052612,88336,311.1,59.04,0.073412,258.2,0.000000,6317.3,120580,1076.1,108997,349.5,0.15,0.000136,111129,335.1,1.88,0.002213,91460,310.8,-19.71,-0.025402,618.2,0.000000,312.4,188965,449.8,102098,347.5,-1.13,-0.000998,103231,327.2,-19.12,-0.021464,90700,313.3,-86.66,-0.109854,78.2,0.000000,468.8,1135901,1892.1,118561,360.5,-0.38,-0.000374,115811,339.5,-7.35,-0.008931,90960,308.0,-36.47,-0.047166
439.14,0.0081322,0.051969,90917,89611,91014,90201,311.1,439.1,0.062559,309.2,75431,400.2,80607,306.1,78.98,0.062606,74653,300.9,55.62,0.049148,88295,311.3,60.92,0.075668,259.1,0.000000,398.4,119262,1072.7,109132,349.6,0.21,0.000193,111183,335.1,2.53,0.002985,91340,310.6,-22.24,-0.028642,619.1,0.000000,2812.4,191786,451.6,101452,346.9,-1.08,-0.000955,102552,326.6,-18.85,-0.021067,90568,313.3,-86.28,-0.109185,79.1,0.000000,328.6,1112594,1883.5,118230,360.2,-0.48,-0.000469,115639,339.3,-7.78,-0.009443,90957,308.0,-37.00,-0.047838
440.13,0.0081505,0.051924,91438,89588,91080,90296,311.4,440.1,0.062208,309.1,75509,398.4,80614,306.1,78.46,0.062207,73841,300.0,52.10,0.045677,88238,311.4,62.70,0.077799,260.1,0.000000,2242.1,117934,1069.3,109296,349.8,0.25,0.000237,111230,335.2,3.14,0.003712,91256,310.4,-24.26,-0.031224,620.1,0.000000,220.0,194701,453.4,100839,346.3,-1.04,-0.000911,101858,325.9,-18.63,-0.020715,90468,313.4,-85.54,-0.108102,80.1,0.000000,100.0,1090137,1875.1,117829,359.9,-0.58,-0.000569,115460,339.1,-8.22,-0.009969,90970,308.1,-37.52,-0.048507
441.11,0.0081687,0.051857,91863,89585,91068,90391,311.5,441.1,0.061769,309.0,75573,396.7,80586,306.0,77.83,0.061704,73014,299.0,48.66,0.042310,88149,311.4,64.31,0.079711,261.1,0.000000,100.0,116596,1065.9,109480,349.9,0.28,0.000268,111262,335.2,3.69,0.004362,91177,310.2,-25.95,-0.033396,621.1,0.000000,100.0,197712,455.3,100256,345.7,-0.99,-0.000867,101147,325.3,-18.46,-0.020424,90375,313.5,-84.57,-0.106750,81.1,0.000000,1575.6,1068489,1866.9,117360,359.5,-0.68,-0.000669,115254,339.0,-8.71,-0.010552,90967,308.2,-38.11,-0.049261
442.21,0.0081890,0.051764,92268,89606,91020,90496,311.6,442.2,0.061146,308.8,75624,394.8,80497,305.9,76.93,0.060951,72149,298.0,45.08,0.038865,88015,311.4,65.91,0.081573,262.2,0.000000,100.0,115097,1062.0,109703,350.1,0.31,0.000293,111287,335.2,4.21,0.004979,91066,310.0,-27.56,-0.035452,622.2,0.000000,100.0,201177,457.4,99643,345.1,-0.94,-0.000821,100343,324.5,-18.33,-0.020166,90263,313.5,-83.23,-0.104927,82.2,0.000000,100.0,1045337,1857.9,116766,358.9,-0.78,-0.000768,114961,338.7,-9.38,-0.011341,90924,308.2,-38.87,-0.050208
443.19,0.0082073,0.051665,92606,89648,90960,90590,311.6,443.2,0.060286,308.6,75649,393.2,80349,305.7,75.86,0.060022,71502,297.3,42.33,0.036256,87876,311.3,67.21,0.083070,263.2,0.000000,100.0,113736,1058.5,109917,350.3,0.33,0.000314,111286,335.2,4.54,0.005365,90953,309.8,-28.77,-0.036977,623.2,0.000000,127.4,204408,459.3,99118,344.6,-0.91,-0.000784,99605,323.8,-18.25,-0.019978,90188,313.5,-81.92,-0.103199,83.2,0.000000,100.0,1025274,1850.0,116183,358.4,-0.86,-0.000836,114606,338.4,-10.16,-0.012258,90862,308.2,-39.59,-0.051112
444.18,0.0082255,0.051552,92899,89714,90874,90684,311.6,444.2,0.059171,308.2,75646,391.6,80121,305.4,74.45,0.058790,71035,296.8,40.20,0.034265,87726,311.2,68.41,0.084430,264.2,0.000000,100.0,112363,1054.9,110148,350.5,0.36,0.000338,111216,335.2,4.68,0.005526,90840,309.6,-29.76,-0.038232,624.2,0.000000,294.2,207750,461.3,98613,344.1,-0.87,-0.000754,98849,323.1,-18.26,-0.019879,90127,313.4,-80.62,-0.101510,84.2,0.000000,890.7,1005910,1842.3,115575,357.9,-0.90,-0.000874,114131,338.0,-11.18,-0.013447,90794,308.2,-40.37,-0.052078
445.16,0.0082438,0.051430,93113,89799,90770,90777,311.6,445.2,0.057714,307.8,75608,390.1,79808,305.1,72.65,0.057212,70756,296.5,38.71,0.032899,87566,311.1,69.51,0.085657,265.2,0.000000,100.0,110979,1051.2,110399,350.7,0.39,0.000368,111098,335.1,4.68,0.005525,90729,309.4,-30.61,-0.039301,625.2,0.000000,371.0,211207,463.3,98125,343.6,-0.85,-0.000730,98077,322.3,-18.38,-0.019899,90065,313.4,-79.37,-0.099886,85.2,0.000000,107.7,987216,1834.7,114968,357.4,-0.91,-0.000878,113517,337.4,-12.47,-0.014944,90718,308.2,-41.21,-0.053121
446.15,0.0082620,0.051301,93244,89905,90663,90870,311.5,446.2,0.055891,307.2,75529,388.6,79407,304.6,70.44,0.055274,70674,296.4,37.89,0.032174,87403,311.0,70.53,0.086773,266.2,0.000000,2844.6,109583,1047.5,110676,351.0,0.43,0.000404,110952,334.9,4.47,0.005267,90622,309.1,-31.35,-0.040239,626.2,0.000000,1615.6,214785,465.4,97649,343.1,-0.83,-0.000714,97290,321.6,-18.58,-0.020007,90001,313.3,-78.19,-0.098349,86.2,0.000000,4635.1,969164,1827.2,114383,356.8,-0.88,-0.000849,112762,336.8,-14.03,-0.016732,90633,308.2,-42.10,-0.054212
447.14,0.0082803,0.051170,93347,90037,90554,90963,311.5,447.1,0.051249,306.7,75345,387.1,79315,304.6,65.95,0.051695,70720,296.5,37.59,0.031934,87244,311.0,71.46,0.087787,267.1,0.000000,100.0,108177,1043.8,110981,351.2,0.47,0.000445,110722,334.8,4.02,0.004729,90518,308.9,-32.03,-0.041089,627.1,0.000000,105.7,218488,467.5,97179,342.6,-0.82,-0.000704,96494,320.8,-18.86,-0.020186,89932,313.2,-77.07,-0.096880,87.1,0.000000,100.0,951727,1819.9,113840,356.4,-0.83,-0.000794,111884,336.0,-15.81,-0.018748,90547,308.1,-43.02,-0.055348
448.12,0.0082986,0.051035,93467,90193,90437,91055,311.4,448.1,0.051203,305.8,75164,385.7,78462,303.7,63.78,0.049606,70844,296.6,37.68,0.032053,87086,310.9,72.31,0.088696,268.1,0.000000,480.0,106760,1040.0,111313,351.5,0.51,0.000485,110400,334.5,3.27,0.003836,90418,308.7,-32.67,-0.041896,628.1,0.000000,100.0,222321,469.6,96711,342.2,-0.82,-0.000702,95692,320.0,-19.20,-0.020428,89861,313.2,-76.01,-0.095501,88.1,0.000000,100.0,934881,1812.7,113347,355.9,-0.75,-0.000723,110906,335.2,-17.73,-0.020895,90460,308.1,-43.99,-0.056544
449.11,0.0083168,0.050899,93464,90372,90316,91147,311.3,449.1,0.048289,304.9,74923,384.2,77756,302.9,60.99,0.047130,71194,297.0,38.36,0.032741,86932,310.8,73.07,0.089495,269.1,0.000000,100.0,105334,1036.1,111670,351.8,0.54,0.000519,109999,334.1,2.21,0.002588,90318,308.5,-33.31,-0.042703,629.1,0.000000,447.2,226290,471.8,96237,341.7,-0.84,-0.000710,94892,319.3,-19.60,-0.020732,89783,313.1,-75.03,-0.094199,89.1,0.000000,390.5,918603,1805.6,112907,355.5,-0.68,-0.000649,109855,334.2,-19.71,-0.023067,90369,308.1,-45.01,-0.057810
450.21,0.0083371,0.050754,93306,90594,90193,91250,311.2,450.2,0.043363,304.0,74543,382.7,77244,302.4,55.86,0.042955,72031,298.1,40.79,0.035102,86768,310.7,73.83,0.090280,270.2,0.000000,229.0,103738,1031.7,112078,352.2,0.56,0.000535,109484,333.7,0.75,0.000880,90213,308.3,-34.05,-0.043635,630.2,0.000000,139.5,230867,474.3,95695,341.1,-0.87,-0.000733,94007,318.4,-20.11,-0.021133,89690,313.0,-73.97,-0.092799,90.2,0.000000,7706.0,901156,1798.0,112469,355.1,-0.61,-0.000580,108633,333.1,-21.87,-0.025399,90267,308.1,-46.21,-0.059288
451.19,0.0083554,0.050633,93151,90821,90104,91343,311.1,451.2,0.041939,302.9,74180,381.3,76323,301.4,52.96,0.040377,73097,299.3,44.20,0.038435,86632,310.6,74.45,0.090922,271.2,0.000000,100.0,102294,1027.7,112437,352.5,0.55,0.000524,108986,333.3,-0.71,-0.000822,90128,308.1,-34.75,-0.044512,631.2,0.000000,385.3,235141,476.6,95185,340.6,-0.91,-0.000764,93219,317.6,-20.63,-0.021545,89606,312.9,-73.00,-0.091532,91.2,0.000000,124.5,886005,1791.2,112099,354.8,-0.58,-0.000548,107515,332.1,-23.72,-0.027347,90177,308.1,-47.32,-0.060647
452.18,0.0083737,0.050520,93064,91096,90038,91436,311.1,452.2,0.036964,302.1,73722,379.9,75988,301.1,48.01,0.036476,74238,300.7,47.79,0.042016,86513,310.5,75.03,0.091522,272.2,0.000000,947.9,100843,1023.7,112769,352.8,0.51,0.000487,108486,332.8,-2.24,-0.002594,90056,307.9,-35.47,-0.045425,632.2,0.000000,168.9,239570,479.0,94649,340.1,-0.96,-0.000803,92444,316.8,-21.18,-0.021995,89530,312.8,-72.01,-0.090231,92.2,0.000000,251.5,871356,1784.6,111720,354.4,-0.59,-0.000556,106403,331.1,-25.43,-0.029098,90094,308.1,-48.41,-0.061988
453.17,0.0083920,0.050411,93018,91398,89990,91529,311.0,453.2,0.036063,301.0,73261,378.5,74939,299.9,45.50,0.034228,75287,301.9,51.06,0.045345,86412,310.5,75.57,0.092090,273.2,0.000000,301.5,99386,1019.6,113053,353.0,0.43,0.000418,107999,332.4,-3.77,-0.004363,90002,307.7,-36.21,-0.046373,633.2,0.000000,427.7,244160,481.4,94083,339.5,-1.02,-0.000848,91684,316.1,-21.77,-0.022470,89470,312.8,-70.97,-0.088897,93.2,0.000000,597.0,857189,1778.1,111311,354.1,-0.63,-0.000599,105317,330.1,-26.94,-0.030608,90023,308.1,-49.46,-0.063279
454.15,0.0084102,0.050307,92931,91779,89953,91622,311.0,454.2,0.033274,300.0,72756,377.1,74182,299.0,42.95,0.032079,76214,303.0,53.86,0.048245,86330,310.4,76.07,0.092623,274.2,0.000000,838.7,97926,1015.4,113265,353.2,0.33,0.000316,107540,332.0,-5.28,-0.006087,89963,307.6,-36.98,-0.047362,634.2,0.000000,633.8,248917,483.8,93485,338.9,-1.08,-0.000898,90943,315.3,-22.37,-0.022960,89426,312.7,-69.91,-0.087548,94.2,0.000000,437.0,843486,1771.7,110834,353.6,-0.74,-0.000694,104270,329.2,-28.24,-0.031859,89964,308.1,-50.45,-0.064507
455.14,0.0084285,0.050209,92834,92215,89919,91715,310.9,455.1,0.031277,299.2,72229,375.8,73568,298.3,40.86,0.030333,77041,303.9,56.20,0.050728,86262,310.4,76.51,0.093108,275.1,0.000000,109.5,96464,1011.2,113383,353.3,0.19,0.000180,107114,331.6,-6.74,-0.007745,89934,307.4,-37.78,-0.048396,635.1,0.000000,225.3,253850,486.3,92850,338.2,-1.16,-0.000955,90223,314.6,-22.98,-0.023452,89398,312.6,-68.86,-0.086217,95.1,0.000000,562.5,830229,1765.4,110242,353.1,-0.91,-0.000860,103276,328.3,-29.33,-0.032857,89918,308.1,-51.41,-0.065686
456.13,0.0084468,0.050116,92739,92602,89895,91809,310.9,456.1,0.029984,298.4,71694,374.5,73048,297.7,39.46,0.029150,77805,304.8,58.15,0.052856,86207,310.3,76.91,0.093543,276.1,0.000000,425.4,95003,1007.0,113386,353.3,0.02,0.000019,106726,331.2,-8.14,-0.009329,89916,307.3,-38.62,-0.049474,636.1,0.000000,830.6,258966,488.9,92174,337.5,-1.24,-0.001017,89524,313.9,-23.58,-0.023935,89384,312.6,-67.84,-0.084929,96.1,0.000000,100.0,817401,1759.3,109481,352.4,-1.18,-0.001101,102345,327.4,-30.21,-0.033632,89885,308.2,-52.34,-0.066834
457.11,0.0084651,0.050029,92655,92943,89892,91902,310.8,457.1,0.029407,297.8,71167,373.2,72631,297.2,38.97,0.028664,78537,305.7,59.77,0.054690,86168,310.3,77.27,0.093942,277.1,0.000000,392.0,93542,1002.7,113283,353.2,-0.14,-0.000139,106378,330.9,-9.48,-0.010846,89912,307.2,-39.47,-0.050590,637.1,0.000000,100.0,264272,491.5,91455,336.7,-1.32,-0.001083,88846,313.2,-24.18,-0.024404,89385,312.6,-66.84,-0.083685,97.1,0.000000,400.9,804987,1753.2,108512,351.5,-1.51,-0.001400,101482,326.6,-30.93,-0.034228,89873,308.3,-53.26,-0.067978
458.21,0.0084854,0.049938,92587,93249,89918,92007,310.8,458.2,0.029391,297.1,70606,371.8,72226,296.8,39.50,0.028943,79335,306.6,61.24,0.056441,86146,310.3,77.63,0.094368,278.2,0.000000,372.0,91911,997.9,113006,353.0,-0.38,-0.000362,106041,330.6,-10.92,-0.012461,89924,307.1,-40.44,-0.051847,638.2,0.000000,457.0,270402,494.4,90607,335.8,-1.42,-0.001156,88113,312.4,-24.81,-0.024901,89409,312.6,-65.75,-0.082344,98.2,0.000000,140.8,791661,1746.7,107178,350.3,-1.90,-0.001753,100605,325.7,-31.59,-0.034742,89893,308.4,-54.30,-0.069299
459.20,0.0085037,0.049860,92548,93445,89963,92101,310.8,459.2,0.030020,296.7,70135,370.6,71948,296.5,41.00,0.029953,80050,307.3,62.32,0.057806,86146,310.3,77.96,0.094764,279.2,0.000000,100.0,90433,993.5,112575,352.6,-0.64,-0.000611,105782,330.4,-12.16,-0.013859,89961,307.0,-41.33,-0.053027,639.2,0.000000,100.0,276138,497.2,89803,335.0,-1.51,-0.001217,87470,311.8,-25.36,-0.025323,89455,312.6,-64.78,-0.081161,99.2,0.000000,347.3,780072,1740.9,105768,348.9,-2.24,-0.002046,99887,325.0,-32.09,-0.035123,89928,308.6,-55.26,-0.070519
460.18,0.0085219,0.049784,92529,93596,90026,92196,310.8,460.2,0.031327,296.4,69708,369.5,71834,296.3,43.49,0.031737,80762,308.1,63.23,0.059016,86166,310.3,78.29,0.095179,280.2,0.000000,376.2,88953,989.0,111942,352.0,-0.94,-0.000898,105565,330.2,-13.37,-0.015207,90022,307.0,-42.29,-0.054290,640.2,0.000000,100.0,282093,499.9,88966,334.1,-1.59,-0.001271,86836,311.1,-25.89,-0.025720,89525,312.7,-63.82,-0.080008,100.2,0.000000,182.2,768852,1735.2,104203,347.5,-2.53,-0.002283,99228,324.4,-32.56,-0.035466,89983,308.7,-56.25,-0.071785
461.17,0.0085402,0.049710,92530,93709,90111,92291,310.9,461.2,0.033513,296.3,69343,368.4,71932,296.5,47.24,0.034503,81472,308.9,64.01,0.060116,86205,310.4,78.62,0.095614,281.2,0.000000,2059.9,87487,984.5,111111,351.3,-1.24,-0.001183,105384,330.0,-14.52,-0.016501,90105,307.0,-43.29,-0.055634,641.2,0.000000,290.7,288275,502.8,88103,333.2,-1.65,-0.001315,86205,310.4,-26.40,-0.026090,89609,312.7,-62.85,-0.078855,101.2,0.000000,100.0,757989,1729.6,102535,345.9,-2.75,-0.002451,98620,323.8,-33.00,-0.035795,90060,308.9,-57.27,-0.073114
462.16,0.0085585,0.049636,92550,93769,90219,92386,311.0,462.2,0.036819,296.7,69059,367.3,72207,296.8,52.30,0.038303,82180,309.7,64.71,0.061152,86269,310.4,78.96,0.096074,282.2,0.000000,100.0,86120,980.2,110119,350.4,-1.50,-0.001419,105235,329.8,-15.62,-0.017729,90201,307.0,-44.33,-0.057024,642.2,0.000000,451.3,294694,505.7,87220,332.2,-1.71,-0.001349,85574,309.8,-26.89,-0.026435,89699,312.8,-61.84,-0.077638,102.2,0.000000,100.0,747469,1724.2,100814,344.2,-2.89,-0.002546,98049,323.2,-33.44,-0.036123,90153,309.1,-58.32,-0.074480
463.14,0.0085767,0.049562,92596,93776,90350,92482,311.1,463.1,0.041058,297.5,68872,366.4,72656,297.3,58.37,0.042936,82882,310.4,65.38,0.062167,86354,310.5,79.28,0.096543,283.1,0.000000,374.9,85319,977.4,109023,349.4,-1.68,-0.001579,105106,329.7,-16.64,-0.018874,90303,307.0,-45.34,-0.058393,643.1,0.000000,652.8,301362,508.7,86326,331.2,-1.75,-0.001373,84935,309.1,-27.36,-0.026752,89795,312.9,-60.73,-0.076302,103.1,0.000000,304.4,737280,1718.8,99088,342.5,-2.95,-0.002573,97500,322.7,-33.87,-0.036446,90251,309.3,-59.34,-0.075812
464.13,0.0085950,0.049487,92671,93770,90496,92578,311.2,464.1,0.045732,298.5,68790,365.5,73140,297.9,64.48,0.047650,83569,311.2,66.08,0.063199,86449,310.6,79.60,0.097019,284.1,0.000000,100.0,85443,977.0,107880,348.3,-1.78,-0.001659,104984,329.6,-17.57,-0.019914,90403,307.1,-46.28,-0.059649,644.1,0.000000,284.9,308290,511.7,85427,330.2,-1.78,-0.001386,84286,308.4,-27.81,-0.027041,89897,313.0,-59.50,-0.074817,104.1,0.000000,401.4,727411,1713.6,97397,340.8,-2.95,-0.002539,96959,322.2,-34.29,-0.036748,90352,309.5,-60.27,-0.077036
465.12,0.0086133,0.049408,92777,93764,90646,92674,311.3,465.1,0.050082,299.6,68804,364.8,73611,298.5,69.94,0.051919,84232,311.9,66.82,0.064273,86546,310.6,79.92,0.097493,285.1,0.000000,259.6,86751,979.8,106737,347.3,-1.81,-0.001673,104855,329.4,-18.40,-0.020838,90494,307.1,-47.06,-0.060707,645.1,0.000000,100.0,315491,514.8,84529,329.2,-1.80,-0.001388,83623,307.7,-28.23,-0.027298,90004,313.1,-58.15,-0.073176,105.1,0.000000,671.7,717848,1708.4,95774,339.2,-2.89,-0.002456,96406,321.6,-34.66,-0.036994,90448,309.8,-61.08,-0.078087
466.21,0.0086335,0.049316,92935,93681,90819,92780,311.4,466.2,0.054116,300.9,68916,364.0,74116,299.1,75.05,0.055979,84936,312.6,67.71,0.065522,86651,310.7,80.26,0.098015,286.2,0.000000,799.4,88491,983.5,105503,346.1,-1.78,-0.001632,104684,329.3,-19.20,-0.021725,90594,307.2,-47.71,-0.061607,646.2,0.000000,100.0,323829,518.3,83542,328.1,-1.80,-0.001379,82868,306.9,-28.66,-0.027541,90123,313.3,-56.50,-0.071172,106.2,0.000000,491.3,707570,1702.8,94079,337.5,-2.76,-0.002319,95753,321.0,-34.95,-0.037131,90538,310.0,-61.75,-0.078969
467.20,0.0086518,0.049226,93110,93547,90984,92875,311.5,467.2,0.057505,301.9,69091,363.4,74558,299.7,78.73,0.058973,85527,313.2,68.59,0.066706,86747,310.7,80.59,0.098514,287.2,0.000000,580.7,90330,987.5,104447,345.1,-1.72,-0.001564,104486,329.1,-19.83,-0.022405,90679,307.3,-48.10,-0.062145,647.2,0.000000,1380.4,331652,521.5,82668,327.2,-1.79,-0.001361,82170,306.1,-29.02,-0.027713,90232,313.4,-54.89,-0.069193,107.2,0.000000,325.2,698618,1697.9,92671,336.0,-2.61,-0.002165,95092,320.3,-35.01,-0.037012,90617,310.2,-62.14,-0.079495
468.18,0.0086701,0.049130,93321,93415,91145,92968,311.5,468.2,0.060041,302.9,69322,362.9,75027,300.2,81.67,0.061440,86055,313.7,69.60,0.067986,86845,310.8,80.94,0.099040,288.2,0.000000,100.0,91744,990.3,103452,344.2,-1.64,-0.001481,104228,328.8,-20.39,-0.022996,90753,307.4,-48.26,-0.062378,648.2,0.000000,100.0,339793,524.8,81814,326.2,-1.77,-0.001336,81456,305.4,-29.32,-0.027835,90344,313.5,-53.15,-0.067060,108.2,0.000000,3355.8,689938,1693.0,91383,334.7,-2.43,-0.001994,94372,319.6,-34.93,-0.036731,90699,310.4,-62.35,-0.079776
469.17,0.0086883,0.049024,93578,93322,91300,93060,311.6,469.2,0.062122,303.8,69598,362.5,75540,300.8,84.05,0.063538,86509,314.2,70.74,0.069373,86940,310.8,81.30,0.099577,289.2,0.000000,100.0,93025,992.8,102521,343.3,-1.55,-0.001391,103874,328.5,-20.87,-0.023481,90815,307.5,-48.15,-0.062262,649.2,0.000000,100.0,348268,528.2,80983,325.2,-1.74,-0.001305,80726,304.6,-29.58,-0.027901,90458,313.7,-51.32,-0.064802,109.2,0.000000,375.5,681521,1688.3,90216,333.4,-2.23,-0.001817,93591,318.8,-34.72,-0.036299,90784,310.5,-62.36,-0.079822
470.16,0.0087066,0.048908,93812,93256,91456,93149,311.7,470.2,0.063980,304.7,69914,362.1,76086,301.5,86.08,0.065394,86892,314.5,71.97,0.070806,87028,310.8,81.67,0.100123,290.2,0.000000,576.7,94195,994.9,101656,342.5,-1.45,-0.001297,103383,328.0,-21.27,-0.023852,90892,307.6,-47.81,-0.061861,650.2,0.000000,627.9,357095,531.6,80175,324.3,-1.71,-0.001271,79981,303.8,-29.79,-0.027910,90574,313.8,-49.40,-0.062432,110.2,0.000000,557.7,673357,1683.6,89167,332.3,-2.03,-0.001643,92739,318.0,-34.24,-0.035563,90878,310.7,-62.21,-0.079663
471.14,0.0087249,0.048784,93986,93183,91637,93237,311.8,471.1,0.065669,305.6,70267,361.7,76645,302.2,87.79,0.067041,87205,314.8,73.25,0.072255,87120,310.8,82.07,0.100714,291.1,0.000000,714.1,95282,996.8,100857,341.7,-1.35,-0.001202,102750,327.4,-21.67,-0.024194,90988,307.7,-47.25,-0.061190,651.1,0.000000,581.2,366292,535.1,79392,323.4,-1.67,-0.001237,79224,302.9,-29.94,-0.027863,90701,314.0,-47.39,-0.059941,111.1,0.000000,100.0,665437,1679.0,88226,331.3,-1.85,-0.001481,91817,317.0,-33.47,-0.034518,90985,310.9,-61.95,-0.079366
472.13,0.0087432,0.048655,94116,93113,91878,93321,311.9,472.1,0.067174,306.5,70652,361.5,77219,302.8,89.26,0.068519,87481,315.1,74.58,0.073750,87226,310.8,82.54,0.101411,292.1,0.000000,244.1,96614,999.2,100123,341.0,-1.25,-0.001107,101973,326.7,-22.10,-0.024549,91121,307.8,-46.49,-0.060264,652.1,0.000000,100.0,375881,538.7,78630,322.5,-1.64,-0.001206,78453,302.1,-30.04,-0.027766,90857,314.2,-45.25,-0.057298,112.1,0.000000,196.4,657752,1674.5,87380,330.4,-1.68,-0.001336,90849,316.1,-32.48,-0.033249,91123,311.2,-61.52,-0.078884
473.12,0.0087615,0.048522,94234,93049,92285,93402,312.2,473.1,0.068544,307.3,71068,361.2,77814,303.5,90.55,0.069880,87657,315.2,76.01,0.075281,87372,310.9,83.17,0.102358,293.1,0.000000,398.2,97498,1000.5,99453,340.3,-1.15,-0.001013,101049,325.8,-22.57,-0.024907,91321,308.0,-45.44,-0.058989,653.1,0.000000,119.6,385883,542.4,77887,321.6,-1.62,-0.001179,77671,301.2,-30.11,-0.027634,91080,314.4,-42.89,-0.054399,113.1,0.000000,713.2,650291,1670.1,86612,329.6,-1.53,-0.001214,89861,315.1,-31.34,-0.031828,91329,311.5,-60.86,-0.078143
474.11,0.0087798,0.048385,94368,92994,92863,93478,312.6,474.1,0.069823,308.2,71512,361.0,78432,304.3,91.70,0.071158,87684,315.2,77.57,0.076860,87610,310.9,84.12,0.103802,294.1,0.000000,488.0,98367,1001.7,98846,339.7,-1.05,-0.000920,99996,324.8,-23.06,-0.025257,91646,308.4,-43.99,-0.057249,654.1,0.000000,628.1,396322,546.1,77156,320.8,-1.60,-0.001159,76879,300.3,-30.17,-0.027482,91428,314.8,-40.18,-0.051098,114.1,0.000000,100.0,643048,1665.8,85907,328.8,-1.42,-0.001117,88874,314.1,-30.08,-0.030310,91655,311.9,-59.86,-0.077032
475.21,0.0088002,0.048228,94494,92952,93423,93556,313.0,475.2,0.071095,309.2,72036,360.9,79138,305.1,92.83,0.072488,87547,315.0,79.48,0.078673,87979,311.0,85.41,0.105796,295.2,0.000000,242.5,99314,1003.0,98241,339.1,-0.94,-0.000822,98719,323.6,-23.61,-0.025625,92126,308.8,-42.05,-0.054922,655.2,0.000000,337.1,408455,550.4,76355,319.8,-1.59,-0.001145,75989,299.3,-30.23,-0.027308,91931,315.3,-36.90,-0.047108,115.2,0.000000,277.0,635250,1661.1,85177,328.0,-1.33,-0.001036,87798,312.9,-28.59,-0.028562,92132,312.5,-58.46,-0.075475
476.20,0.0088185,0.048084,94522,92938,93800,93620,313.3,476.2,0.072295,310.1,72533,360.8,79797,305.9,93.76,0.073633,87307,314.6,81.29,0.080331,88306,311.2,86.49,0.107452,296.2,0.000000,189.0,99995,1003.8,97752,338.7,-0.86,-0.000743,97538,322.5,-24.12,-0.025958,92577,309.3,-40.25,-0.052750,656.2,0.000000,359.1,419882,554.3,75640,319.0,-1.60,-0.001140,75183,298.4,-30.29,-0.027155,92395,315.8,-33.94,-0.043486,116.2,0.000000,101.0,628450,1656.9,84555,327.3,-1.27,-0.000986,86865,312.0,-27.21,-0.026976,92582,313.0,-57.15,-0.074015
477.19,0.0088369,0.047943,94483,92948,94087,93680,313.5,477.2,0.073402,311.0,73055,360.7,80477,306.7,94.61,0.074746,87001,314.2,83.15,0.081980,88585,311.5,87.42,0.108860,297.2,0.000000,186.2,100901,1005.0,97307,338.2,-0.78,-0.000677,96356,321.3,-24.61,-0.026255,92993,309.8,-38.56,-0.050687,657.2,0.000000,241.5,431814,558.3,74926,318.1,-1.61,-0.001139,74376,297.4,-30.35,-0.027007,92815,316.2,-31.11,-0.039977,117.2,0.000000,100.0,621851,1652.9,83953,326.6,-1.23,-0.000952,85975,311.1,-25.82,-0.025414,92996,313.5,-55.93,-0.072648
478.19,0.0088553,0.047806,94417,92977,94322,93735,313.7,478.2,0.074467,311.9,73600,360.7,81168,307.5,95.37,0.075796,86656,313.8,84.93,0.083526,88823,311.8,88.23,0.110050,298.2,0.000000,175.1,102479,1007.8,96895,337.8,-0.73,-0.000627,95204,320.2,-25.07,-0.026517,93353,310.1,-37.04,-0.048812,658.2,0.000000,358.6,444280,562.4,74211,317.2,-1.62,-0.001141,73574,296.5,-30.42,-0.026862,93173,316.6,-28.42,-0.036629,118.2,0.000000,100.0,615446,1648.9,83363,326.0,-1.21,-0.000932,85137,310.2,-24.45,-0.023904,93351,313.9,-54.85,-0.071409
479.18,0.0088737,0.047675,94330,93029,94535,93786,313.9,479.2,0.071778,312.9,74107,360.7,82609,309.2,93.68,0.075345,86303,313.3,86.58,0.084919,89044,312.1,88.91,0.111057,299.2,0.000000,100.0,103703,1009.7,96491,337.4,-0.71,-0.000615,94104,319.1,-25.49,-0.026742,93663,310.5,-35.67,-0.047113,659.2,0.000000,333.0,457307,566.6,73495,316.3,-1.64,-0.001146,72789,295.6,-30.47,-0.026698,93478,316.9,-25.88,-0.033422,119.2,0.000000,268.3,609228,1645.0,82780,325.3,-1.20,-0.000922,84357,309.3,-23.13,-0.022467,93652,314.3,-53.86,-0.070271
480.17,0.0088921,0.047549,94222,93106,94701,93834,314.0,480.2,0.076239,313.6,74692,360.8,82991,309.7,95.51,0.077049,85975,312.9,88.04,0.086147,89254,312.5,89.45,0.111865,300.2,0.000000,398.3,104829,1011.3,96066,337.0,-0.75,-0.000641,93069,318.1,-25.86,-0.026925,93930,310.8,-34.45,-0.045594,660.2,0.000000,441.1,470926,570.9,72776,315.5,-1.66,-0.001151,72039,294.7,-30.45,-0.026484,93739,317.2,-23.46,-0.030359,120.2,0.000000,174.0,603193,1641.1,82199,324.7,-1.21,-0.000919,83639,308.6,-21.88,-0.021120,93905,314.6,-52.96,-0.069208
481.17,0.0089105,0.047430,94103,93209,94789,93878,314.1,481.2,0.077232,314.7,75300,360.9,83486,310.3,96.73,0.078361,85690,312.5,89.29,0.087194,89448,312.8,89.78,0.112390,301.2,0.000000,602.4,105857,1012.6,95593,336.5,-0.83,-0.000711,92108,317.2,-26.18,-0.027054,94148,311.0,-33.43,-0.044310,661.2,0.000000,100.0,485165,575.3,72057,314.6,-1.68,-0.001155,71328,293.9,-30.35,-0.026212,93951,317.4,-21.21,-0.027497,121.2,0.000000,219.5,597337,1637.4,81619,324.0,-1.21,-0.000918,82983,307.9,-20.70,-0.019873,94104,314.9,-52.15,-0.068236
482.16,0.0089289,0.047319,93983,93338,94824,93920,314.1,482.2,0.078024,315.4,75926,361.0,83997,310.8,97.19,0.079069,85460,312.2,90.30,0.088044,89613,313.2,89.84,0.112550,302.2,0.000000,239.1,106850,1013.9,95045,335.9,-0.96,-0.000821,91229,316.3,-26.42,-0.027116,94310,311.2,-32.65,-0.043314,662.2,0.000000,100.0,500058,579.7,71339,313.7,-1.69,-0.001157,70650,293.1,-30.20,-0.025902,94103,317.5,-19.17,-0.024880,122.2,0.000000,555.7,591607,1633.6,81044,323.4,-1.21,-0.000912,82386,307.2,-19.62,-0.018732,94238,315.1,-51.45,-0.067360
483.16,0.0089473,0.047214,93865,93486,94864,93960,314.2,483.2,0.074639,316.3,76501,361.1,85311,312.4,95.09,0.078178,85292,311.9,91.08,0.088712,89736,313.6,89.64,0.112318,303.2,0.000000,197.2,107839,1015.1,94398,335.3,-1.14,-0.000966,90426,315.5,-26.60,-0.027131,94425,311.4,-32.06,-0.042572,663.2,0.000000,100.0,515640,584.3,70622,312.8,-1.70,-0.001157,70008,292.3,-30.00,-0.025564,94203,317.7,-17.29,-0.022457,123.2,0.000000,278.3,585882,1629.4,80477,322.7,-1.20,-0.000902,81842,306.7,-18.62,-0.017700,94315,315.3,-50.77,-0.066498
484.15,0.0089658,0.047116,93744,93647,94884,93997,314.2,484.2,0.078726,316.9,77147,361.3,85602,312.7,96.19,0.079268,85182,311.6,91.66,0.089226,89843,313.9,89.23,0.111830,304.2,0.000000,100.0,108804,1016.2,93634,334.5,-1.35,-0.001141,89695,314.7,-26.73,-0.027110,94510,311.5,-31.64,-0.042035,664.2,0.000000,350.2,531947,588.9,69908,311.9,-1.71,-0.001156,69414,291.6,-29.67,-0.025129,94270,317.7,-15.52,-0.020162,124.2,0.000000,376.6,580318,1625.3,79922,322.1,-1.18,-0.000883,81343,306.1,-17.73,-0.016776,94349,315.4,-50.05,-0.065551
485.15,0.0089842,0.047024,93627,93823,94802,94033,314.1,485.1,0.079102,317.7,77804,361.5,85981,313.2,96.67,0.079899,85127,311.5,92.06,0.089603,89923,314.1,88.62,0.111067,305.1,0.000000,759.3,109691,1017.2,92743,333.6,-1.59,-0.001333,89028,314.0,-26.83,-0.027068,94546,311.6,-31.46,-0.041792,665.1,0.000000,122.6,549011,593.7,69195,310.9,-1.73,-0.001156,68886,291.0,-29.16,-0.024562,94298,317.8,-13.92,-0.018086,125.1,0.000000,479.8,574916,1621.3,79388,321.5,-1.15,-0.000854,80879,305.6,-16.93,-0.015957,94346,315.5,-49.33,-0.064580
486.14,0.0090027,0.046939,93522,94016,94638,94068,314.0,486.1,0.075358,318.4,78405,361.6,87399,314.8,93.64,0.078266,85128,311.3,92.25,0.089834,89959,314.4,87.77,0.109973,306.1,0.000000,100.0,110441,1017.8,91727,332.6,-1.83,-0.001522,88424,313.4,-26.91,-0.027012,94518,311.6,-31.48,-0.041801,666.1,0.000000,1143.3,566871,598.6,68482,310.0,-1.75,-0.001160,68436,290.4,-28.44,-0.023850,94274,317.8,-12.56,-0.016321,126.1,0.000000,100.0,569669,1617.3,78880,320.9,-1.10,-0.000815,80440,305.1,-16.23,-0.015236,94295,315.6,-48.69,-0.063703
487.14,0.0090211,0.046860,93436,94187,94480,94103,313.8,487.1,0.079096,319.0,79070,361.9,87471,314.9,94.53,0.079055,85188,311.3,92.29,0.089956,89966,314.5,86.75,0.108648,307.1,0.000000,100.0,110993,1017.9,90604,331.4,-2.05,-0.001687,87880,312.8,-26.96,-0.026946,94448,311.6,-31.68,-0.042038,667.1,0.000000,100.0,585576,603.5,67764,309.1,-1.77,-0.001170,68059,290.0,-27.49,-0.022960,94203,317.7,-11.41,-0.014818,127.1,0.000000,306.9,564568,1613.4,78403,320.3,-1.04,-0.000768,80018,304.7,-15.61,-0.014603,94195,315.6,-48.10,-0.062862
488.14,0.0090396,0.046785,93371,94313,94379,94137,313.7,488.1,0.078936,319.4,79737,362.1,87664,315.1,94.57,0.079212,85302,311.3,92.27,0.090055,89978,314.7,85.69,0.107282,308.1,0.000000,181.0,111345,1017.6,89407,330.1,-2.22,-0.001808,87390,312.3,-26.99,-0.026876,94357,311.6,-32.05,-0.042488,668.1,0.000000,3806.6,605174,608.6,67039,308.1,-1.81,-0.001184,67749,289.6,-26.30,-0.021895,94115,317.6,-10.35,-0.013425,128.1,0.000000,100.0,559606,1609.6,77960,319.8,-0.98,-0.000716,79602,304.2,-15.07,-0.014047,94081,315.6,-47.45,-0.061938
489.14,0.0090581,0.046713,93325,94412,94305,94171,313.7,489.1,0.074648,320.0,80339,362.3,89008,316.6,91.45,0.077398,85463,311.4,92.17,0.090095,90002,314.8,84.66,0.105992,309.1,0.000000,100.0,111518,1016.9,88172,328.8,-2.32,-0.001875,86946,311.9,-27.02,-0.026805,94272,311.6,-32.49,-0.043035,669.1,0.000000,100.0,625709,613.7,66308,307.2,-1.84,-0.001197,67500,289.3,-24.89,-0.020669,94034,317.5,-9.31,-0.012070,129.1,0.000000,339.0,554775,1605.9,77552,319.3,-0.90,-0.000661,79189,303.8,-14.60,-0.013557,93962,315.5,-46.63,-0.060797
490.13,0.0090765,0.046645,93289,94511,94205,94205,313.6,490.1,0.078160,320.6,81003,362.6,88990,316.6,92.11,0.077937,85669,311.5,91.88,0.089984,90020,314.8,83.65,0.104739,310.1,0.000000,100.0,111533,1015.9,86936,327.5,-2.36,-0.001888,86536,311.4,-27.03,-0.026723,94184,311.6,-32.99,-0.043660,670.1,0.000000,100.0,647228,619.0,65575,306.2,-1.87,-0.001203,67302,289.1,-23.30,-0.019305,93950,317.5,-8.33,-0.010793,130.1,0.000000,7620.3,550068,1602.2,77180,318.9,-0.83,-0.000604,78771,303.3,-14.19,-0.013124,93846,315.5,-45.68,-0.059492
491.13,0.0090950,0.046579,93260,94638,94093,94238,313.5,491.1,0.077661,320.9,81662,362.8,89123,316.7,91.90,0.077841,85926,311.7,91.39,0.089731,90024,314.8,82.65,0.103494,311.1,0.000000,161.5,111407,1014.5,85734,326.2,-2.34,-0.001850,86145,311.0,-27.00,-0.026611,94089,311.7,-33.57,-0.044370,671.1,0.000000,100.0,669783,624.4,64853,305.2,-1.86,-0.001190,67143,288.9,-21.56,-0.017836,93854,317.4,-7.39,-0.009566,131.1,0.000000,309.8,545476,1598.5,76845,318.5,-0.75,-0.000547,78346,302.8,-13.83,-0.012739,93735,315.5,-44.68,-0.058120
492.13,0.0091135,0.046514,93243,94815,93985,94270,313.4,492.1,0.073184,321.4,82255,363.0,90310,318.1,89.01,0.076075,86243,311.8,90.80,0.089430,90016,314.8,81.68,0.102279,312.1,0.000000,286.8,111146,1012.9,84588,324.9,-2.26,-0.001774,85759,310.6,-26.92,-0.026451,93989,311.7,-34.18,-0.045128,672.1,0.000000,354.3,693431,629.9,64152,304.3,-1.83,-0.001161,67013,288.7,-19.72,-0.016292,93757,317.3,-6.48,-0.008389,132.1,0.000000,100.0,540991,1594.9,76545,318.1,-0.68,-0.000490,77912,302.3,-13.51,-0.012395,93627,315.5,-43.64,-0.056706
493.13,0.0091320,0.046451,93246,95016,93886,94302,313.3,493.1,0.076530,321.9,82907,363.3,90269,318.0,89.27,0.076278,86588,312.1,90.13,0.089060,90003,314.7,80.75,0.101121,313.1,0.000000,336.2,110738,1010.9,83517,323.8,-2.15,-0.001670,85362,310.2,-26.77,-0.026219,93895,311.7,-34.82,-0.045933,673.1,0.000000,449.2,718229,635.5,63478,303.4,-1.78,-0.001122,66900,288.6,-17.82,-0.014704,93663,317.2,-5.60,-0.007245,133.1,0.000000,867.3,536606,1591.4,76279,317.8,-0.60,-0.000436,77469,301.8,-13.22,-0.012086,93530,315.5,-42.58,-0.055282
494.12,0.0091505,0.046388,93276,95148,93806,94334,313.2,494.1,0.072051,336.0,83494,363.5,91644,319.6,85.36,0.073690,86965,312.4,89.48,0.088715,89990,314.6,79.90,0.100053,314.1,0.000000,100.0,110189,1008.6,82529,322.7,-2.01,-0.001549,84942,309.7,-26.51,-0.025872,93815,311.7,-35.50,-0.046781,674.1,0.000000,392.2,744238,641.2,62834,302.5,-1.72,-0.001077,66796,288.4,-15.90,-0.013098,93577,317.1,-4.72,-0.006093,134.1,0.000000,100.0,532312,1587.9,76043,317.5,-0.54,-0.000387,77019,301.3,-12.97,-0.011806,93453,315.5,-41.56,-0.053900
495.12,0.0091690,0.046324,93329,95213,93746,94365,313.2,495.1,0.075014,322.7,84132,363.8,91478,319.4,86.37,0.074467,87374,312.7,88.89,0.088453,89984,314.6,79.12,0.099097,315.1,0.000000,224.1,109576,1006.1,81629,321.7,-1.86,-0.001420,84486,309.3,-26.11,-0.025386,93754,311.8,-36.20,-0.047662,675.1,0.000000,100.0,771521,647.0,62225,301.7,-1.64,-0.001021,66694,288.3,-13.96,-0.011494,93507,317.1,-3.80,-0.004907,135.1,0.000000,100.0,528104,1584.4,75832,317.3,-0.48,-0.000346,76567,300.8,-12.74,-0.011548,93394,315.5,-40.54,-0.052549
496.12,0.0091875,0.046258,93406,95232,93704,94396,313.1,496.1,0.074505,323.0,84769,364.0,91473,319.4,86.27,0.074376,87793,313.0,88.30,0.088199,89986,314.5,78.44,0.098255,316.1,0.000000,728.0,109141,1004.0,80815,320.7,-1.70,-0.001290,83986,308.7,-25.56,-0.024744,93709,311.8,-36.91,-0.048567,676.1,0.000000,100.0,800142,653.0,61665,300.9,-1.53,-0.000945,66590,288.2,-12.05,-0.009906,93453,317.0,-2.85,-0.003676,136.1,0.000000,473.3,523975,1581.0,75640,317.1,-0.44,-0.000315,76117,300.3,-12.53,-0.011310,93354,315.5,-39.55,-0.051232
497.12,0.0092060,0.046188,93508,95221,93670,94425,313.1,497.1,0.069956,323.4,85341,364.3,92723,320.8,83.02,0.072249,88220,313.4,87.70,0.087928,90004,314.5,77.85,0.097556,317.1,0.000000,100.0,110088,1004.8,80085,319.9,-1.54,-0.001163,83439,308.1,-24.84,-0.023940,93687,311.9,-37.61,-0.049461,677.1,0.000000,17485.0,830168,659.0,61171,300.2,-1.37,-0.000840,66481,288.1,-10.15,-0.008335,93422,317.0,-1.83,-0.002362,137.1,0.000000,100.0,519918,1577.6,75459,316.8,-0.41,-0.000296,75674,299.8,-12.34,-0.011089,93336,315.6,-38.56,-0.049928
498.12,0.0092245,0.046115,93633,95198,93651,94454,313.1,498.1,0.073038,323.9,85968,364.5,92626,320.7,83.58,0.072678,88662,313.7,87.09,0.087654,90064,314.5,77.43,0.097077,318.1,0.000000,1645.2,113877,1011.5,79432,319.2,-1.39,-0.001043,82846,307.5,-23.97,-0.022984,93709,312.1,-38.22,-0.050243,678.1,0.000000,143.9,861670,665.2,60766,299.6,-1.14,-0.000696,66367,287.9,-8.26,-0.006778,93436,317.0,-0.67,-0.000864,138.1,0.000000,100.0,515926,1574.3,75282,316.6,-0.40,-0.000290,75245,299.3,-12.16,-0.010884,93361,315.7,-37.48,-0.048534
499.12,0.0092430,0.046036,93778,95158,93667,94481,313.1,499.1,0.072351,324.2,86591,364.8,92732,320.8,83.30,0.072495,89111,314.1,86.45,0.087346,90108,314.5,77.01,0.096596,319.1,0.000000,136.5,120190,1023.2,78852,318.5,-1.25,-0.000931,82216,306.8,-22.97,-0.021899,93722,312.2,-38.85,-0.051060,679.1,0.000000,366.2,894723,671.4,60474,299.2,-0.85,-0.000514,66248,287.8,-6.38,-0.005225,93420,317.0,0.41,0.000528,139.1,0.000000,100.0,511992,1570.9,75099,316.4,-0.41,-0.000296,74833,298.8,-12.00,-0.010697,93382,315.8,-36.46,-0.047202
500.12,0.0092615,0.045951,93931,95091,93701,94508,313.1,500.1,0.068020,324.7,87155,365.0,93798,321.9,80.75,0.070825,89569,314.5,85.77,0.087003,90156,314.6,76.65,0.096197,320.1,0.000000,100.0,127075,1035.5,78337,317.9,-1.12,-0.000828,81560,306.1,-21.85,-0.020721,93725,312.4,-39.41,-0.051777,680.1,0.000000,100.0,929380,677.8,60311,299.0,-0.50,-0.000302,66126,287.6,-4.48,-0.003665,93412,317.0,1.53,0.001975,140.1,0.000000,403.3,508111,1567.6,74905,316.2,-0.44,-0.000313,74443,298.4,-11.86,-0.010535,93402,315.9,-35.39,-0.045817
501.12,0.0092800,0.045860,94078,95007,93753,94533,313.2,501.1,0.071100,325.1,87773,365.3,93777,321.9,80.86,0.070918,90040,314.9,85.07,0.086633,90220,314.6,76.38,0.095905,321.1,0.000000,100.0,133962,1047.2,77881,317.4,-1.00,-0.000737,80890,305.4,-20.68,-0.019493,93737,312.5,-39.82,-0.052297,681.1,0.000000,340.7,965701,684.3,60284,298.9,-0.12,-0.000075,66008,287.5,-2.56,-0.002089,93429,317.0,2.74,0.003540,141.1,0.000000,100.0,504278,1564.3,74695,315.9,-0.48,-0.000340,74076,298.0,-11.74,-0.010395,93427,316.0,-34.22,-0.044298
502.12,0.0092985,0.045764,94215,94932,93826,94556,313.3,502.1,0.066765,325.4,88332,365.6,95014,323.2,77.68,0.068744,90531,315.3,84.35,0.086258,90301,314.6,76.18,0.095727,322.1,0.000000,149.0,140581,1057.6,77474,316.9,-0.89,-0.000658,80220,304.6,-19.48,-0.018257,93756,312.7,-40.02,-0.052553,682.1,0.000000,100.0,1003751,690.9,60372,299.1,0.20,0.000123,65897,287.3,-0.60,-0.000489,93467,317.0,4.06,0.005239,142.1,0.000000,100.0,500485,1561.1,74462,315.6,-0.53,-0.000374,73731,297.6,-11.65,-0.010276,93460,316.1,-32.88,-0.042575
503.12,0.0093170,0.045663,94342,94852,93914,94577,313.4,503.1,0.069681,325.9,88943,365.9,94925,323.1,78.41,0.069341,91056,315.7,83.67,0.085929,90398,314.7,76.06,0.095668,323.1,-0.000013,888.2,146296,1066.1,77126,316.5,-0.82,-0.000604,79562,303.9,-18.30,-0.017047,93780,312.8,-39.97,-0.052467,683.1,0.000000,100.0,1043595,697.6,60579,299.3,0.53,0.000326,65802,287.2,1.40,0.001142,93525,317.0,5.48,0.007074,143.1,0.000000,100.0,496724,1557.8,74206,315.3,-0.58,-0.000412,73407,297.2,-11.58,-0.010184,93508,316.2,-31.37,-0.040625
504.11,0.0093355,0.045558,94452,94745,94025,94595,313.5,504.1,0.069152,326.2,89554,366.1,95036,323.2,78.28,0.069288,91628,316.3,83.07,0.085712,90513,314.7,76.00,0.095693,324.1,-0.000065,884.3,151785,1073.7,76858,316.3,-0.83,-0.000608,78926,303.2,-17.16,-0.015891,93816,312.9,-39.62,-0.052004,684.1,0.000000,246.4,1085292,704.4,60889,299.8,0.82,0.000503,65726,287.1,3.44,0.002805,93601,317.0,6.99,0.009043,144.1,0.000000,440.2,492988,1554.5,73925,315.0,-0.64,-0.000453,73106,296.9,-11.53,-0.010115,93564,316.3,-29.64,-0.038383
505.11,0.0093539,0.045449,94539,94623,94155,94610,313.6,505.1,0.065037,326.7,90111,366.4,96133,324.4,75.86,0.067681,92262,316.8,82.60,0.085666,90655,314.8,75.95,0.095765,325.1,-0.000081,880.6,156660,1079.9,76591,316.1,-0.89,-0.000647,78320,302.5,-16.07,-0.014804,93869,313.1,-38.94,-0.051118,685.1,0.000000,1184.8,1128901,711.2,61276,300.3,1.04,0.000640,65672,287.1,5.53,0.004501,93696,317.0,8.62,0.011158,145.1,0.000000,234.3,489272,1551.3,73621,314.6,-0.70,-0.000492,72827,296.5,-11.51,-0.010064,93631,316.4,-27.60,-0.035756
506.11,0.0093723,0.045339,94609,94519,94250,94621,313.7,506.1,0.068110,327.2,90722,366.7,96176,324.4,76.25,0.068052,92956,317.5,82.28,0.085800,90802,314.9,75.86,0.095782,326.1,-0.000111,877.3,160070,1083.7,76338,316.0,-0.97,-0.000704,77751,301.9,-15.06,-0.013798,93929,313.3,-37.99,-0.049874,686.1,0.000000,100.0,1174490,718.2,61715,300.9,1.19,0.000733,65643,287.0,7.65,0.006228,93794,317.0,10.29,0.013324,146.1,0.000000,135.6,485569,1548.0,73295,314.2,-0.75,-0.000528,72572,296.2,-11.50,-0.010036,93699,316.5,-25.29,-0.032778
507.21,0.0093928,0.045214,94693,94438,94284,94628,313.8,507.2,0.064481,327.6,91351,367.0,97433,325.7,73.38,0.066086,93778,318.2,82.04,0.086097,90930,314.9,75.55,0.095523,327.2,-0.000159,873.8,164192,1088.1,76088,316.0,-1.10,-0.000797,77166,301.3,-14.02,-0.012779,93963,313.5,-36.75,-0.048238,687.2,0.000000,100.0,1227549,726.0,62237,301.6,1.28,0.000794,65646,287.0,10.04,0.008174,93862,317.0,12.05,0.015619,147.2,0.000000,347.7,481463,1544.4,72914,313.8,-0.80,-0.000561,72315,295.9,-11.53,-0.010031,93740,316.6,-22.55,-0.029227
508.20,0.0094112,0.045099,94816,94376,94273,94630,313.8,508.2,0.067051,328.1,91965,367.3,97399,325.6,74.21,0.066819,94537,318.9,81.86,0.086411,91011,314.9,75.05,0.094972,328.2,-0.000228,870.9,167076,1090.8,75898,316.2,-1.28,-0.000924,76684,300.7,-13.17,-0.011949,93946,313.5,-35.49,-0.046557,688.2,0.000000,270.0,1277525,733.1,62719,302.2,1.31,0.000816,65690,287.1,12.20,0.009930,93872,316.9,13.53,0.017548,148.2,0.000000,100.0,477769,1541.1,72558,313.3,-0.83,-0.000582,72103,295.7,-11.56,-0.010042,93738,316.7,-19.99,-0.025903
509.19,0.0094295,0.044977,95068,94310,94255,94629,313.8,509.2,0.066666,328.5,92582,367.6,97550,325.8,74.19,0.066878,95289,319.6,81.65,0.086687,91080,314.9,74.38,0.094188,329.2,-0.000322,868.5,169088,1092.0,75746,316.6,-1.55,-0.001113,76247,300.2,-12.37,-0.011181,93897,313.6,-34.03,-0.044617,689.2,0.000000,100.0,1329650,740.3,63199,302.9,1.30,0.000815,65776,287.2,14.33,0.011678,93849,316.8,14.95,0.019395,149.2,0.000000,586.3,474072,1537.8,72196,312.9,-0.85,-0.000594,71908,295.5,-11.59,-0.010049,93714,316.7,-17.34,-0.022473
510.19,0.0094479,0.044843,95440,94250,94238,94623,313.8,510.2,0.062749,328.9,93150,367.9,98586,326.8,72.06,0.065439,96015,320.3,81.37,0.086863,91155,314.9,73.57,0.093251,330.2,-0.000444,866.4,170207,1091.9,75632,317.2,-1.92,-0.001376,75859,299.8,-11.61,-0.010453,93843,313.7,-32.36,-0.042387,690.2,0.000000,520.9,1383958,747.6,63668,303.5,1.27,0.000800,65920,287.4,16.49,0.013458,93804,316.6,16.39,0.021260,150.2,0.000000,648.0,470366,1534.5,71834,312.4,-0.86,-0.000596,71725,295.2,-11.61,-0.010042,93688,316.7,-14.61,-0.018920
511.18,0.0094662,0.044694,95746,94205,94179,94613,313.7,511.2,0.065717,329.5,93771,368.3,98668,326.9,72.35,0.065749,96702,321.0,80.99,0.086901,91227,314.9,72.63,0.092132,331.2,-0.000574,864.5,170993,1091.2,75529,318.0,-2.38,-0.001703,75524,299.4,-10.85,-0.009742,93785,313.7,-30.53,-0.039965,691.2,0.000000,428.5,1440482,754.9,64128,304.1,1.23,0.000784,66146,287.7,18.71,0.015308,93735,316.4,17.83,0.023126,151.2,0.000000,298.9,466647,1531.1,71478,312.0,-0.85,-0.000589,71552,295.0,-11.60,-0.010021,93651,316.7,-11.82,-0.015304
512.17,0.0094845,0.044535,95940,94177,94056,94599,313.6,512.2,0.061846,329.8,94345,368.6,99838,328.0,69.78,0.063936,97343,321.6,80.50,0.086776,91265,314.8,71.49,0.090737,332.2,-0.000728,862.7,170485,1088.6,75441,319.1,-2.93,-0.002087,75253,299.1,-10.09,-0.009037,93700,313.7,-28.71,-0.037543,692.2,0.000000,228.9,1499245,762.2,64582,304.7,1.21,0.000772,66489,288.1,21.03,0.017272,93624,316.1,19.19,0.024879,152.2,0.000000,235.2,462909,1527.8,71131,311.5,-0.84,-0.000576,71398,294.8,-11.51,-0.009924,93580,316.6,-9.11,-0.011784
513.15,0.0095029,0.044371,96064,94168,93892,94582,313.5,513.2,0.064574,330.4,94970,368.9,99918,328.1,70.45,0.064591,97932,322.1,79.87,0.086468,91263,314.7,70.17,0.089085,333.2,-0.000908,861.3,170565,1086.8,75372,320.5,-3.57,-0.002529,75057,298.9,-9.30,-0.008309,93579,313.7,-26.97,-0.035225,693.2,0.000000,221.0,1560254,769.6,65036,305.3,1.20,0.000770,66982,288.7,23.51,0.019404,93468,315.8,20.44,0.026481,153.2,0.000000,100.0,459146,1524.4,70797,311.1,-0.81,-0.000557,71288,294.7,-11.24,-0.009679,93468,316.6,-6.54,-0.008450
514.14,0.0095212,0.044204,96151,94180,93713,94562,313.4,514.1,0.060956,330.9,95552,369.2,101172,329.3,68.00,0.062901,98464,322.6,79.09,0.085961,91220,314.6,68.77,0.087308,334.1,-0.001116,860.1,169473,1083.3,75327,322.3,-4.31,-0.003029,74974,298.8,-8.34,-0.007447,93433,313.6,-25.32,-0.033030,694.1,0.000000,2270.9,1623493,777.0,65498,305.9,1.21,0.000781,67654,289.6,26.16,0.021747,93278,315.5,21.61,0.027980,154.1,0.000000,100.0,455355,1521.0,70477,310.7,-0.79,-0.000536,71220,294.6,-10.76,-0.009266,93326,316.4,-4.09,-0.005286
515.13,0.0095394,0.044036,96219,94212,93519,94540,313.2,515.1,0.063795,331.7,96186,369.6,101273,329.3,68.97,0.063848,98931,323.1,78.17,0.085243,91144,314.4,67.38,0.085519,335.1,-0.001352,858.7,168258,1079.6,75310,324.6,-5.14,-0.003588,74977,298.8,-7.22,-0.006443,93269,313.6,-23.76,-0.030945,695.1,0.000000,116.9,1688924,784.4,65975,306.5,1.24,0.000804,68506,290.6,28.97,0.024300,93064,315.2,22.76,0.029424,155.1,0.000000,167.7,451530,1517.5,70170,310.3,-0.76,-0.000514,71180,294.6,-10.13,-0.008716,93163,316.3,-1.75,-0.002259
516.12,0.0095577,0.043867,96254,94248,93323,94514,313.1,516.1,0.060467,343.3,96783,369.9,102771,330.7,66.68,0.062379,99332,323.5,77.10,0.084311,91043,314.2,66.03,0.083762,336.1,-0.001619,857.7,166861,1075.5,75323,327.3,-6.07,-0.004207,75092,298.9,-5.90,-0.005271,93091,313.5,-22.26,-0.028941,696.1,0.000000,235.7,1756485,791.8,66476,307.2,1.29,0.000841,69506,291.8,31.83,0.026974,92836,314.8,23.89,0.030843,156.1,0.000000,100.0,447666,1514.0,69878,310.0,-0.72,-0.000492,71160,294.6,-9.30,-0.008005,92945,316.1,0.39,0.000504
517.10,0.0095760,0.043700,96237,94297,93113,94487,312.9,517.1,0.063760,332.9,97441,370.3,102848,330.7,68.08,0.063733,99670,323.8,75.88,0.083177,90934,314.0,64.73,0.082069,337.1,-0.001917,856.8,165352,1071.2,75374,330.7,-7.10,-0.004874,75330,299.2,-4.27,-0.003825,92904,313.4,-20.82,-0.027021,697.1,0.000000,214.0,1826544,800.2,67007,307.8,1.36,0.000889,70586,293.1,34.54,0.029595,92600,314.5,25.00,0.032237,157.1,0.000000,228.6,443760,1510.4,69600,309.6,-0.69,-0.000468,71201,294.6,-8.22,-0.007076,92698,315.8,2.40,0.003085
518.20,0.0095963,0.043518,96186,94370,92881,94453,312.7,518.2,0.063874,333.4,98187,370.7,103364,331.1,69.00,0.064835,99983,324.1,74.39,0.081715,90796,313.8,63.41,0.080325,338.2,-0.002267,856.1,163973,1066.9,75475,335.2,-8.38,-0.005683,75750,299.7,-2.12,-0.001907,92693,313.2,-19.30,-0.025009,698.2,0.000000,294.1,1909259,809.7,67638,308.6,1.44,0.000951,71784,294.6,37.13,0.032192,92333,314.1,26.22,0.033756,158.2,0.000000,290.0,439377,1506.5,69308,309.2,-0.65,-0.000442,71355,294.8,-6.63,-0.005712,92456,315.5,4.59,0.005894
519.19,0.0096146,0.043358,96150,94432,92675,94420,312.5,519.2,0.060913,334.5,98829,371.1,104560,332.3,67.56,0.064007,100218,324.4,72.96,0.080272,90656,313.6,62.36,0.078935,339.2,-0.002676,855.5,162250,1062.2,75623,340.1,-9.70,-0.006492,76238,300.2,-0.00,-0.000002,92507,313.1,-18.03,-0.023324,699.2,0.000000,895.5,1990274,820.1,68244,309.4,1.52,0.001011,72796,295.8,38.94,0.034101,92092,313.7,27.31,0.035104,159.2,0.000000,100.0,435400,1502.8,69061,308.9,-0.62,-0.000419,71581,295.1,-4.81,-0.004153,92256,315.3,6.49,0.008314
520.17,0.0096328,0.043202,96088,94490,92470,94384,312.4,520.2,0.064134,334.8,99530,371.6,104972,332.5,68.35,0.064948,100418,324.6,71.49,0.078763,90501,313.4,61.49,0.077751,340.2,-0.003127,854.8,160515,1057.4,75848,346.0,-11.18,-0.007377,76776,300.8,2.11,0.001914,92322,313.0,-16.84,-0.021756,700.2,0.000000,166.4,2079760,832.9,68893,310.2,1.61,0.001078,73724,296.9,40.27,0.035587,91854,313.4,28.39,0.036428,160.2,0.000000,156.9,431392,1499.1,68825,308.6,-0.60,-0.000400,71869,295.4,-2.76,-0.002392,92065,315.0,8.28,0.010592
521.16,0.0096511,0.043052,95959,94541,92272,94347,312.2,521.2,0.061026,335.5,100198,372.0,106188,333.7,66.75,0.063950,100601,324.8,70.00,0.077209,90332,313.1,60.82,0.076819,341.2,-0.003625,854.5,159682,1054.0,76149,353.0,-12.82,-0.008321,77312,301.4,4.04,0.003683,92140,312.9,-15.74,-0.020300,701.2,0.000000,125.8,2180011,849.0,69593,311.1,1.73,0.001163,74570,297.9,41.21,0.036711,91618,313.1,29.45,0.037729,161.2,0.000000,1628.3,427349,1495.4,68600,308.3,-0.57,-0.000382,72175,295.8,-0.62,-0.000537,91885,314.8,9.93,0.012691
522.14,0.0096693,0.042911,95784,94579,92085,94307,312.0,522.1,0.064004,336.1,100923,372.4,106496,333.9,67.18,0.064513,100782,325.0,68.48,0.075621,90150,312.9,60.43,0.076233,342.1,-0.004174,854.2,158283,1049.6,76529,361.3,-14.61,-0.009317,77812,302.0,5.66,0.005191,91965,312.7,-14.72,-0.018948,702.1,0.000000,1167.8,2293387,869.1,70369,312.0,1.89,0.001285,75339,298.8,41.83,0.037533,91390,312.8,30.50,0.039017,162.1,0.000000,241.9,423272,1491.6,68386,308.1,-0.54,-0.000362,72466,296.1,1.48,0.001289,91713,314.5,11.44,0.014610
523.13,0.0096876,0.042779,95625,94611,91914,94265,311.9,523.1,0.060455,336.7,101608,372.9,107607,334.9,65.50,0.063360,100968,325.2,66.94,0.074009,89956,312.7,60.23,0.075869,343.1,-0.004769,854.2,157188,1045.7,76989,371.0,-16.55,-0.010339,78260,302.5,6.92,0.006370,91803,312.6,-13.76,-0.017693,703.1,0.000000,178.6,2422247,893.7,71263,313.1,2.15,0.001473,76027,299.6,42.16,0.038073,91170,312.5,31.56,0.040306,163.1,0.000000,145.3,419157,1487.8,68191,307.8,-0.50,-0.000333,72719,296.4,3.43,0.002997,91547,314.3,12.84,0.016381
524.11,0.0097058,0.042655,95511,94645,91762,94220,311.8,524.1,0.059934,337.3,102297,373.3,108843,336.0,63.07,0.061507,101164,325.4,65.39,0.072389,89753,312.5,60.18,0.075684,344.1,-0.005412,854.4,156363,1042.1,77540,382.3,-18.61,-0.011363,78651,302.9,7.79,0.007201,91656,312.5,-12.87,-0.016521,704.1,0.000000,491.5,2568861,923.5,72336,314.4,2.54,0.001758,76654,300.3,42.35,0.038465,90965,312.3,32.63,0.041611,164.1,0.000000,1085.7,415002,1483.9,68026,307.6,-0.43,-0.000284,72922,296.6,5.19,0.004540,91390,314.0,14.16,0.018041
525.21,0.0097261,0.042524,95404,94689,91610,94167,311.6,525.2,0.062244,337.8,103116,373.8,108792,335.9,63.58,0.061996,101396,325.7,63.67,0.070594,89515,312.2,60.34,0.075747,345.2,-0.006143,855.1,154825,1037.2,78276,397.0,-21.01,-0.012472,79021,303.3,8.35,0.007738,91512,312.4,-11.94,-0.015315,705.2,0.000000,100.0,2755108,963.2,73822,316.2,3.14,0.002206,77281,301.0,42.27,0.038617,90753,312.1,33.83,0.043079,165.2,0.000000,100.0,409001,1478.5,67907,307.4,-0.28,-0.000185,73085,296.8,6.88,0.006036,91228,313.8,15.54,0.019778
526.19,0.0097443,0.042413,95292,94770,91481,94117,311.5,526.2,0.057920,338.2,103802,374.2,109700,336.7,61.31,0.060131,101623,325.9,62.14,0.069000,89285,312.0,60.72,0.076080,346.2,-0.006911,856.0,153271,1032.5,79071,412.3,-23.22,-0.013405,79293,303.6,8.48,0.007881,91394,312.3,-11.18,-0.014318,706.2,0.000000,414.0,2945648,1005.3,75478,318.1,3.77,0.002690,77783,301.6,42.00,0.038544,90576,311.9,34.91,0.044400,166.2,0.000000,100.0,403465,1473.5,67887,307.4,-0.08,-0.000052,73180,296.9,8.19,0.007186,91091,313.5,16.71,0.021251
527.17,0.0097625,0.042308,95170,94883,91358,94064,311.4,527.2,0.056713,338.6,104483,374.7,110574,337.5,58.73,0.057932,101866,326.2,60.64,0.067446,89041,311.8,61.32,0.076682,347.2,-0.007666,857.5,151292,1027.0,80013,429.6,-25.41,-0.014244,79525,303.9,8.34,0.007764,91280,312.3,-10.47,-0.013397,707.2,0.000000,269.8,3159233,1053.6,77427,320.3,4.34,0.003159,78235,302.1,41.63,0.038361,90407,311.7,35.99,0.045704,167.2,0.000000,19895.8,397862,1468.4,67937,307.5,0.10,0.000069,73239,297.0,9.33,0.008190,90961,313.3,17.81,0.022639
528.16,0.0097807,0.042210,95050,94948,91244,94009,311.3,528.2,0.058211,338.9,105198,375.1,110370,337.2,58.60,0.057735,102128,326.5,59.20,0.065948,88796,311.5,62.19,0.077616,348.2,-0.008435,859.6,148860,1020.8,81129,449.1,-27.51,-0.014960,79726,304.1,7.90,0.007369,91169,312.2,-9.79,-0.012518,708.2,0.000000,100.0,3396576,1108.1,79587,322.8,4.71,0.003499,78671,302.6,41.19,0.038103,90244,311.5,37.05,0.046994,168.2,0.000000,100.0,392197,1463.3,68075,307.7,0.33,0.000217,73279,297.1,10.35,0.009093,90836,313.1,18.86,0.023956
529.14,0.0097988,0.042118,94940,94955,91145,93951,311.2,529.1,0.053554,339.3,105856,375.6,111067,337.8,56.14,0.055567,102405,326.8,57.81,0.064522,88564,311.3,63.30,0.078840,349.1,-0.009198,862.3,146309,1014.3,82444,470.7,-29.46,-0.015529,79909,304.3,7.20,0.006732,91062,312.1,-9.10,-0.011627,709.1,0.000000,100.0,3657721,1168.7,81819,325.2,4.78,0.003617,79112,303.1,40.69,0.037790,90090,311.4,38.11,0.048284,169.1,0.000000,100.0,386480,1458.0,68326,308.0,0.61,0.000404,73311,297.1,11.29,0.009918,90716,312.9,19.87,0.025227
530.12,0.0098170,0.042032,94844,94916,91065,93889,311.1,530.1,0.051858,339.5,106503,376.0,111742,338.4,53.57,0.053258,102697,327.1,56.49,0.063168,88353,311.2,64.54,0.080235,350.1,-0.009953,865.8,143288,1007.0,83972,494.4,-31.25,-0.015980,80094,304.5,6.27,0.005868,90963,312.0,-8.35,-0.010657,710.1,0.000000,182.8,3941966,1235.2,83976,327.5,4.53,0.003496,79563,303.6,40.15,0.037438,89947,311.2,39.20,0.049600,170.1,0.000000,5952.3,380711,1452.6,68724,308.5,0.97,0.000650,73336,297.1,12.15,0.010680,90605,312.7,20.88,0.026487
531.21,0.0098372,0.041942,94758,94827,90995,93818,311.0,531.2,0.050284,339.7,107210,376.4,112293,338.8,51.03,0.050917,103045,327.4,55.08,0.061731,88152,311.0,65.97,0.081864,351.2,-0.010735,870.2,139746,998.5,85879,522.8,-33.17,-0.016402,80321,304.8,4.95,0.004644,90866,312.0,-7.39,-0.009426,711.2,0.000000,100.0,4283047,1315.5,86138,329.8,3.99,0.003136,80082,304.2,39.53,0.037022,89803,311.1,40.44,0.051104,171.2,0.000000,300.9,374235,1446.5,69379,309.3,1.46,0.000985,73359,297.2,13.06,0.011481,90496,312.5,22.00,0.027902
532.19,0.0098553,0.041865,94695,94722,90952,93750,311.0,532.2,0.048061,339.9,107827,376.8,112855,339.3,48.49,0.048554,103385,327.8,53.85,0.060492,88001,310.9,67.24,0.083315,352.2,-0.011509,874.6,136273,990.3,87720,549.9,-34.90,-0.016758,80562,305.0,3.51,0.003302,90791,311.9,-6.38,-0.008136,712.2,0.000000,6459.0,4610205,1392.9,87807,331.5,3.40,0.002707,80569,304.8,38.95,0.036641,89688,311.0,41.58,0.052500,172.2,0.000000,100.0,368364,1440.9,70164,310.3,1.90,0.001295,73388,297.2,13.87,0.012197,90410,312.3,23.04,0.029205
533.17,0.0098734,0.041792,94628,94591,90928,93679,310.9,533.2,0.046149,348.4,108430,377.2,113362,339.7,46.08,0.046296,103756,328.1,52.66,0.059302,87880,310.9,68.44,0.084704,353.2,-0.012231,879.1,132463,981.4,89593,578.2,-36.69,-0.017115,80855,305.3,1.84,0.001737,90729,311.9,-5.21,-0.006635,713.2,0.000000,100.0,4953270,1474.4,89205,333.0,2.81,0.002266,81082,305.4,38.38,0.036258,89588,311.0,42.76,0.053941,173.2,0.000000,241.9,362485,1435.3,71092,311.4,2.24,0.001543,73427,297.3,14.70,0.012931,90339,312.2,24.11,0.030546
534.14,0.0098915,0.041723,94572,94434,90922,93604,310.9,534.1,0.046613,340.3,109052,377.6,112994,339.3,45.78,0.045894,104166,328.6,51.50,0.058151,87788,310.9,69.56,0.085998,354.1,-0.012945,883.6,128519,972.3,91413,607.2,-38.58,-0.017483,81207,305.7,-0.06,-0.000053,90683,311.9,-3.84,-0.004895,714.1,0.000000,100.0,5308448,1559.3,90355,334.1,2.29,0.001860,81631,306.0,37.78,0.035866,89503,310.9,43.97,0.055426,174.1,0.000000,100.0,356605,1429.6,72092,312.6,2.41,0.001675,73478,297.3,15.55,0.013681,90283,312.0,25.20,0.031929
535.12,0.0099096,0.041657,94553,94271,90930,93525,310.8,535.1,0.042249,340.6,109623,378.0,113416,339.6,43.57,0.043807,104623,329.0,50.35,0.057026,87721,310.9,70.57,0.087178,355.1,-0.013639,887.9,124231,962.6,93095,636.4,-40.53,-0.017848,81620,306.2,-2.17,-0.002063,90651,311.8,-2.28,-0.002907,715.1,0.000000,284.1,5671380,1646.9,91287,335.0,1.84,0.001506,82235,306.7,37.14,0.035444,89431,310.9,45.21,0.056949,175.1,0.000000,1485.4,350725,1423.8,73081,313.8,2.39,0.001672,73553,297.4,16.40,0.014441,90240,311.9,26.33,0.033350
536.20,0.0099297,0.041584,94543,94089,90940,93434,310.8,536.2,0.040506,340.8,110246,378.4,113809,339.9,41.35,0.041684,105188,329.5,49.07,0.055776,87671,310.9,71.54,0.088326,356.2,-0.014325,892.4,118998,950.9,94720,668.5,-42.70,-0.018211,82157,306.7,-4.78,-0.004556,90628,311.8,-0.34,-0.000431,716.2,0.000000,241.5,6077906,1746.1,92107,335.9,1.42,0.001174,83008,307.5,36.33,0.034892,89362,310.8,46.60,0.058657,176.2,0.000000,142.9,344188,1417.3,74090,315.0,2.17,0.001539,73657,297.6,17.35,0.015297,90206,311.8,27.59,0.034944
537.18,0.0099477,0.041520,94536,93904,90957,93348,310.7,537.2,0.038371,341.0,110790,378.8,114216,340.2,39.30,0.039722,105739,330.1,47.88,0.054622,87654,311.0,72.25,0.089171,357.2,-0.014940,896.0,113860,939.4,95918,696.4,-44.54,-0.018465,82719,307.3,-7.36,-0.007048,90517,311.7,1.34,0.001708,717.2,0.000000,545.2,6441203,1836.4,92681,336.4,1.12,0.000926,83838,308.4,35.40,0.034242,89308,310.8,47.86,0.060205,177.2,0.000000,100.0,338304,1411.4,74877,316.0,1.89,0.001350,73772,297.7,18.20,0.016064,90185,311.7,28.72,0.036384
538.15,0.0099658,0.041457,94533,93690,90955,93259,310.6,538.2,0.036626,341.2,111322,379.1,114589,340.5,37.40,0.037888,106317,330.6,46.64,0.053407,87647,311.0,72.76,0.089792,358.2,-0.015434,899.3,108354,927.1,96854,722.9,-46.19,-0.018630,83368,308.0,-10.17,-0.009796,90436,311.6,3.24,0.004121,718.2,0.000000,177.0,6796673,1926.5,93132,336.9,0.87,0.000727,84837,309.5,34.18,0.033336,89251,310.8,49.08,0.061706,178.2,0.000000,133.8,332423,1405.4,75539,316.7,1.59,0.001141,73914,297.9,19.03,0.016815,90164,311.6,29.81,0.037768
539.13,0.0099838,0.041395,94528,93463,90945,93166,310.4,539.1,0.034948,341.4,111844,379.5,114980,340.8,35.54,0.036097,106906,331.2,45.32,0.052102,87651,311.0,73.10,0.090210,359.1,-0.015827,902.3,102517,913.8,97530,747.4,-47.60,-0.018697,84122,308.8,-13.23,-0.012825,90376,311.5,5.28,0.006707,719.1,0.000000,338.9,7139155,2015.8,93489,337.2,0.69,0.000575,86036,310.8,32.55,0.032072,89188,310.7,50.26,0.063157,179.1,0.000000,144.4,326547,1399.3,76085,317.4,1.31,0.000944,74098,298.1,19.80,0.017529,90139,311.5,30.85,0.039084
540.21,0.0100038,0.041327,94524,93229,90919,93059,310.2,540.2,0.033446,341.6,112417,379.9,115332,341.0,33.76,0.034373,107555,331.8,43.76,0.050512,87674,311.0,73.22,0.090372,360.2,-0.014515,753.3,96525,899.7,96410,764.1,-42.63,-0.016193,85105,309.8,-16.93,-0.016544,90320,311.5,7.62,0.009681,0.2,0.000000,255.4,7498420,2113.1,93812,337.5,0.55,0.000460,87597,312.4,30.27,0.030203,89107,310.7,51.52,0.064705,180.2,0.000000,171.1,320026,1392.5,76582,318.0,1.05,0.000764,74374,298.4,20.57,0.018254,90105,311.4,31.92,0.040448
541.18,0.0100218,0.041267,94517,93043,90881,92960,309.9,541.2,0.031644,341.8,112922,380.2,115697,341.3,32.16,0.032818,108120,332.3,42.23,0.048935,87693,311.0,73.12,0.090278,361.2,-0.009832,898.7,93047,891.0,93530,765.2,-33.91,-0.012475,86133,310.9,-20.50,-0.020214,90273,311.4,9.75,0.012371,1.2,0.000000,100.0,7797530,2198.0,94065,337.8,0.48,0.000401,89154,314.0,27.89,0.028185,89022,310.6,52.61,0.066035,181.2,0.000000,110.5,314168,1386.3,76955,318.4,0.88,0.000643,74707,298.8,21.18,0.018853,90065,311.3,32.81,0.041573
542.15,0.0100398,0.041208,94478,92865,90844,92858,309.6,542.2,0.030201,342.1,113421,380.6,116065,341.6,30.65,0.031357,108658,332.8,40.60,0.047208,87711,310.9,72.86,0.089996,362.2,-0.007394,894.6,90382,883.9,91061,764.2,-26.85,-0.009633,87295,312.1,-24.27,-0.024155,90224,311.3,11.84,0.015031,2.2,0.000000,2126.3,8069305,2279.7,94304,338.0,0.45,0.000376,90762,315.6,25.43,0.026023,88927,310.4,53.67,0.067325,182.2,0.000000,183.8,308321,1380.0,77283,318.8,0.77,0.000560,75138,299.3,21.73,0.019421,90017,311.1,33.63,0.042610
543.12,0.0100578,0.041152,94387,92687,90827,92754,309.3,543.1,0.028840,342.3,113916,380.9,116440,341.8,29.24,0.029985,109161,333.3,38.86,0.045331,87745,310.8,72.47,0.089568,363.1,-0.005392,757.4,88313,878.0,88886,761.6,-20.55,-0.007219,88566,313.4,-28.09,-0.028254,90179,311.2,13.92,0.017661,3.1,0.000000,1032.9,8310046,2357.6,94546,338.2,0.45,0.000377,92320,317.2,23.09,0.023920,88832,310.3,54.74,0.068628,183.1,0.000000,165.7,302488,1373.7,77583,319.1,0.70,0.000509,75679,300.0,22.23,0.019977,89970,310.9,34.42,0.043602
544.20,0.0100778,0.041097,94240,92494,90909,92635,309.1,544.2,0.027650,342.5,114465,381.3,116826,342.1,27.88,0.028665,109670,333.8,36.82,0.043080,87832,310.8,71.96,0.089046,364.2,-0.004310,888.1,86190,871.8,87353,760.3,-17.06,-0.005902,90093,314.9,-32.34,-0.032922,90157,311.0,16.27,0.020643,4.2,0.000000,783.2,8537377,2438.9,94835,338.5,0.48,0.000404,93893,318.7,20.83,0.021837,88750,310.1,56.05,0.070239,184.2,0.000000,100.0,296029,1366.5,77905,319.5,0.66,0.000485,76435,300.8,22.71,0.020549,89947,310.8,35.34,0.044783
545.17,0.0100958,0.041055,94090,92327,91111,92524,309.0,545.2,0.024787,347.5,114933,381.7,117700,342.8,25.57,0.026435,110079,334.1,34.88,0.040926,87993,310.8,71.57,0.088729,365.2,-0.002865,885.2,84608,866.9,85878,757.6,-13.65,-0.004659,91592,316.4,-36.18,-0.037271,90197,311.0,18.53,0.023535,5.2,0.000000,100.0,8703212,2506.8,95125,338.8,0.53,0.000445,95119,319.9,19.16,0.020272,88736,310.0,57.45,0.072021,185.2,0.000000,182.5,290240,1360.0,78196,319.8,0.66,0.000485,77268,301.8,23.11,0.021072,89987,310.7,36.33,0.046082
546.14,0.0101137,0.041019,93937,92167,91319,92410,308.8,546.1,0.025211,347.6,115424,382.0,118072,343.1,24.54,0.025425,110439,334.5,32.89,0.038676,88224,310.8,71.19,0.088469,366.1,-0.001988,751.3,83132,862.1,84085,753.2,-7.28,-0.002446,93040,317.8,-39.55,-0.041203,90303,310.9,20.92,0.026600,6.1,0.000000,366.1,8830692,2569.1,95453,339.1,0.59,0.000504,96146,320.9,17.85,0.019027,88780,309.9,59.05,0.074073,186.1,0.000000,233.1,284477,1353.5,78498,320.2,0.68,0.000501,78246,302.9,23.45,0.021580,90101,310.6,37.46,0.047582
547.11,0.0101317,0.040992,93762,92016,91429,92293,308.6,547.1,0.024193,343.3,115917,382.4,118426,343.3,23.61,0.024519,110753,334.8,30.86,0.036355,88467,310.9,70.59,0.087949,367.1,-0.000533,748.2,82010,858.0,82536,749.2,-3.06,-0.001014,94070,318.7,-41.41,-0.043491,90433,310.9,23.21,0.029555,7.1,0.000000,338.5,8919084,2625.7,95833,339.5,0.68,0.000582,96979,321.7,16.86,0.018088,88829,309.8,60.59,0.076074,187.1,0.000000,138.7,278758,1346.9,78816,320.5,0.71,0.000526,79327,304.1,23.73,0.022045,90233,310.6,38.52,0.049000
548.19,0.0101516,0.040972,93521,91862,91475,92160,308.3,548.2,0.023285,343.8,116468,382.8,118776,343.6,22.77,0.023697,111053,335.1,28.57,0.033721,88710,310.9,69.51,0.086859,368.2,0.000195,746.7,80790,853.4,81239,745.8,-0.61,-0.000199,94670,319.3,-41.80,-0.044098,90546,310.8,25.47,0.032486,8.2,0.000000,864.9,8971477,2681.4,96331,340.0,0.81,0.000690,97718,322.4,16.05,0.017305,88844,309.6,62.11,0.078032,188.2,0.000000,130.4,272476,1339.5,79192,320.9,0.75,0.000560,80565,305.4,23.99,0.022539,90346,310.5,39.44,0.050253
549.16,0.0101696,0.040964,93272,91734,91495,92038,308.0,549.2,0.022132,344.1,116966,383.2,119154,343.8,21.90,0.022851,111285,335.3,26.50,0.031328,88903,310.8,68.27,0.085524,369.2,0.000857,744.1,79682,848.9,80158,743.0,1.24,0.000404,94732,319.4,-40.81,-0.043079,90599,310.7,27.26,0.034805,9.2,0.000000,100.0,8978210,2724.8,96858,340.5,0.94,0.000805,98254,323.0,15.48,0.016757,88822,309.4,63.32,0.079588,189.2,0.000000,768.3,266886,1332.8,79553,321.4,0.80,0.000593,81645,306.6,24.22,0.022969,90406,310.3,40.07,0.051115
550.13,0.0101875,0.040969,93011,91609,91510,91914,307.7,550.1,0.021153,344.3,117466,383.6,119511,344.1,21.06,0.022019,111486,335.5,24.45,0.028939,89080,310.6,66.87,0.083968,370.1,0.001487,741.1,78582,844.2,79102,740.1,3.33,0.001070,94496,319.1,-38.29,-0.040349,90624,310.5,28.88,0.036909,10.1,0.000000,432.2,8948143,2761.9,97465,341.0,1.08,0.000925,98690,323.4,15.03,0.016323,88775,309.2,64.46,0.081030,190.1,0.000000,100.0,261358,1326.1,79937,321.8,0.85,0.000632,82642,307.7,24.47,0.023403,90429,310.1,40.58,0.051816
551.20,0.0102074,0.040988,92713,91489,91505,91776,307.3,551.2,0.019208,344.6,118010,384.0,120212,344.6,19.34,0.020305,111682,335.7,22.21,0.026320,89262,310.4,65.16,0.082037,371.2,0.002212,737.3,77409,838.6,77974,736.4,5.96,0.001901,93396,318.0,-33.44,-0.034942,90631,310.2,30.49,0.039000,11.2,0.000000,196.8,8874117,2795.6,98226,341.8,1.21,0.001051,99082,323.8,14.65,0.015952,88700,308.9,65.65,0.082548,191.2,0.000000,250.1,255290,1318.6,80401,322.3,0.92,0.000688,83627,308.7,24.77,0.023897,90433,309.9,41.08,0.052488
552.17,0.0102254,0.041017,92447,91403,91466,91651,307.0,552.2,0.018983,345.0,118515,384.4,120458,344.8,18.51,0.019463,111841,335.8,20.25,0.024021,89405,310.2,63.48,0.080110,372.2,0.002965,733.6,76417,833.5,77016,732.7,8.39,0.002655,91866,316.5,-27.44,-0.028344,90616,310.0,31.74,0.040631,12.2,0.000000,364.4,8773811,2819.5,98975,342.5,1.31,0.001143,99372,324.0,14.39,0.015701,88609,308.6,66.67,0.083820,192.2,0.000000,140.9,249895,1311.8,80866,322.8,1.01,0.000759,84399,309.6,25.07,0.024347,90422,309.6,41.40,0.052944
553.14,0.0102434,0.041058,92179,91327,91411,91525,306.7,553.1,0.016821,348.3,119005,384.7,121020,345.2,16.80,0.017731,111991,336.0,18.36,0.021800,89530,310.0,61.69,0.078012,373.1,0.003656,729.5,75487,828.3,76123,728.6,10.75,0.003382,90300,315.0,-21.35,-0.021783,90580,309.7,32.82,0.042026,13.1,0.000000,207.8,8644756,2837.3,99765,343.2,1.38,0.001205,99622,324.3,14.18,0.015502,88495,308.3,67.62,0.085001,193.1,0.000000,396.5,244565,1305.0,81394,323.4,1.14,0.000860,85073,310.3,25.40,0.024804,90392,309.3,41.62,0.053248
554.11,0.0102613,0.041110,91902,91258,91365,91399,306.5,554.1,0.016546,345.4,119510,385.1,121153,345.3,15.87,0.016760,112140,336.1,16.56,0.019675,89648,309.7,59.82,0.075805,374.1,0.004327,725.0,74619,823.0,75299,724.1,13.09,0.004097,88945,313.6,-15.82,-0.015964,90534,309.4,33.75,0.043242,14.1,0.000000,100.0,8490315,2849.4,100567,343.9,1.39,0.001226,99847,324.5,14.01,0.015339,88373,307.9,68.56,0.086151,194.1,0.000000,135.0,239299,1298.2,82009,324.1,1.31,0.000998,85671,310.9,25.77,0.025290,90347,309.0,41.81,0.053519
555.19,0.0102813,0.041183,91597,91186,91304,91259,306.2,555.2,0.013591,348.3,120042,385.6,121755,345.8,13.59,0.014409,112314,336.3,14.66,0.017438,89773,309.5,57.68,0.073258,375.2,0.005074,719.5,73632,816.8,74441,718.5,15.88,0.004953,87669,312.3,-10.43,-0.010424,90477,309.0,34.66,0.044425,15.2,0.000000,128.4,8293251,2856.7,101440,344.7,1.35,0.001199,100082,324.7,13.84,0.015179,88236,307.6,69.58,0.087398,195.2,0.000000,100.0,233527,1290.6,82827,325.0,1.56,0.001200,86258,311.5,26.17,0.025802,90289,308.7,42.03,0.053817
556.16,0.0102993,0.041260,91327,91129,91204,91134,305.9,556.2,0.009832,346.3,120483,385.9,122516,346.4,11.00,0.011710,112484,336.4,13.05,0.015544,89867,309.2,55.66,0.070821,376.2,0.005972,713.7,72800,811.0,73688,712.7,18.83,0.005860,86675,311.3,-6.14,-0.006081,90407,308.7,35.33,0.045297,16.2,0.000000,465.0,8096890,2858.1,102179,345.4,1.27,0.001131,100293,324.9,13.69,0.015032,88106,307.3,70.39,0.088377,196.2,0.000000,369.8,228403,1283.7,83709,325.9,1.84,0.001420,86732,312.0,26.47,0.026207,90220,308.4,42.19,0.054044
557.13,0.0103173,0.041349,91062,91069,91072,91009,305.6,557.1,0.009989,346.4,120945,386.3,122604,346.4,9.55,0.010178,112671,336.6,11.54,0.013759,89934,309.0,53.52,0.068209,377.1,0.006817,707.2,72089,805.3,73037,706.3,21.78,0.006778,85786,310.4,-2.25,-0.002217,90314,308.4,35.81,0.045925,17.1,0.000000,340.0,7886157,2855.2,102851,346.0,1.15,0.001030,100515,325.2,13.52,0.014869,87962,306.9,71.03,0.089128,197.1,0.000000,800.4,223346,1276.7,84740,327.1,2.13,0.001658,87172,312.5,26.72,0.026548,90128,308.1,42.31,0.054198
558.10,0.0103353,0.041449,90802,90998,90950,90886,305.4,558.1,0.008506,346.5,121404,386.7,122575,346.4,8.09,0.008622,112882,336.8,10.12,0.012079,89983,308.7,51.31,0.065481,378.1,0.007650,700.1,71494,799.7,72506,699.1,24.61,0.007684,84980,309.5,1.28,0.001252,90205,308.0,36.18,0.046398,18.1,0.000000,100.0,7664412,2848.4,103444,346.6,1.01,0.000911,100757,325.4,13.32,0.014676,87816,306.6,71.54,0.089707,198.1,0.000000,563.0,218356,1269.8,85914,328.3,2.39,0.001885,87590,312.9,26.91,0.026823,90018,307.8,42.41,0.054311
559.18,0.0103553,0.041572,90525,90895,90857,90750,305.2,559.2,0.006152,347.6,121895,387.1,122701,346.5,6.05,0.006453,113148,337.0,8.64,0.010332,90038,308.4,48.85,0.062445,379.2,0.008527,691.3,70961,793.6,72050,690.2,27.65,0.008690,84162,308.7,4.87,0.004725,90090,307.6,36.56,0.046881,19.2,0.000000,100.0,7408941,2836.9,104008,347.1,0.86,0.000773,101058,325.7,13.05,0.014407,87675,306.3,72.04,0.090279,199.2,0.000000,602.9,212894,1262.0,87348,329.8,2.61,0.002078,88038,313.4,27.04,0.027048,89894,307.4,42.54,0.054470
560.16,0.0103733,0.041693,90288,90773,90795,90628,305.0,560.2,0.004480,347.3,122332,387.5,122736,346.5,4.37,0.004663,113416,337.2,7.41,0.008877,90093,308.2,46.69,0.059766,380.2,0.009421,682.4,70587,788.1,71751,681.1,30.31,0.009612,83477,308.0,7.86,0.007580,90004,307.3,36.89,0.047296,20.2,0.000000,623.0,7173967,2823.6,104432,347.4,0.72,0.000653,101365,326.0,12.74,0.014098,87579,306.1,72.42,0.090726,200.2,0.000000,189.0,208052,1255.0,88697,331.2,2.69,0.002166,88435,313.8,27.09,0.027180,89789,307.1,42.72,0.054688
561.13,0.0103913,0.041823,90065,90635,90728,90508,304.9,561.1,0.002339,347.1,122754,387.9,122826,346.6,2.51,0.002680,113712,337.5,6.29,0.007546,90149,308.0,44.57,0.057122,381.1,0.010293,672.5,70308,782.6,71550,671.0,32.89,0.010558,82826,307.3,10.67,0.010237,89935,307.1,37.16,0.047659,21.1,0.000000,399.8,6936817,2808.0,104785,347.8,0.60,0.000543,101713,326.3,12.36,0.013708,87518,305.9,72.68,0.091030,201.1,0.000000,758.0,203281,1248.0,90041,332.6,2.65,0.002160,88822,314.3,27.06,0.027241,89690,306.8,42.95,0.054968
562.11,0.0104094,0.041962,89854,90495,90656,90389,304.8,562.1,-0.000749,347.0,123145,388.2,123100,347.0,0.14,0.000145,114050,337.8,5.26,0.006320,90199,307.8,42.46,0.054482,382.1,0.011193,661.4,70121,777.1,71435,659.7,35.36,0.011526,82196,306.6,13.35,0.012738,89880,306.8,37.36,0.047922,22.1,0.000000,460.8,6699653,2790.4,105074,348.0,0.49,0.000445,102105,326.7,11.89,0.013226,87481,305.8,72.77,0.091146,202.1,0.000000,155.5,198580,1240.9,91330,333.9,2.51,0.002070,89196,314.7,26.97,0.027232,89590,306.6,43.21,0.055292
563.19,0.0104294,0.042125,89625,90353,90581,90258,304.6,563.2,-0.004623,347.9,123528,388.6,123770,347.8,-3.33,-0.003572,114506,338.2,4.15,0.005005,90247,307.6,40.13,0.051559,383.2,0.012137,647.7,70038,770.9,71413,645.8,37.81,0.012585,81512,305.9,16.21,0.015375,89832,306.6,37.47,0.048071,23.2,0.000000,365.2,6438344,2769.1,105333,348.3,0.39,0.000354,102593,327.1,11.27,0.012581,87456,305.7,72.68,0.091044,203.2,0.000000,198.6,193442,1233.1,92652,335.2,2.29,0.001902,89607,315.1,26.79,0.027135,89477,306.3,43.55,0.055703
564.16,0.0104475,0.042280,89423,90257,90524,90142,304.6,564.2,-0.005476,347.4,123878,388.9,123782,348.2,-5.31,-0.005679,115016,338.6,3.13,0.003786,90286,307.4,38.07,0.048956,384.2,0.013089,634.2,70008,765.0,71460,632.0,39.81,0.013548,80901,305.2,18.72,0.017652,89804,306.4,37.46,0.048072,24.2,0.000000,100.0,6204394,2747.7,105522,348.4,0.32,0.000291,103079,327.6,10.65,0.011921,87443,305.6,72.45,0.090760,204.2,0.000000,100.0,188928,1226.0,93723,336.3,2.05,0.001718,89983,315.5,26.55,0.026972,89379,306.0,43.89,0.056124
565.14,0.0104655,0.042443,89226,90189,90482,90028,304.5,565.1,-0.009724,393.8,124173,389.2,124513,349.4,-8.69,-0.009324,115619,339.1,2.08,0.002523,90327,307.3,36.05,0.046399,385.1,0.014031,619.6,70015,758.8,71541,617.3,41.66,0.014533,80291,304.6,21.18,0.019865,89781,306.2,37.34,0.047934,25.1,0.000000,100.0,5969460,2722.9,105682,348.6,0.27,0.000244,103601,328.1,9.98,0.011218,87450,305.5,72.07,0.090325,205.1,0.000000,100.0,184538,1219.0,94678,337.3,1.81,0.001529,90378,315.9,26.24,0.026732,89287,305.8,44.29,0.056621
566.12,0.0104836,0.042613,89036,90101,90459,89915,304.4,566.1,-0.010514,393.2,124472,389.5,124687,350.2,-10.74,-0.011513,116275,339.7,1.07,0.001303,90374,307.1,34.07,0.043897,386.1,0.014997,604.1,70046,752.2,71640,601.6,43.32,0.015530,79683,303.9,23.62,0.022033,89772,306.1,37.14,0.047695,26.1,0.000000,357.8,5742674,2698.4,105822,348.7,0.23,0.000214,104148,328.6,9.32,0.010515,87486,305.5,71.56,0.089731,206.1,0.000000,100.0,180269,1212.1,95523,338.1,1.59,0.001349,90804,316.3,25.83,0.026406,89209,305.6,44.77,0.057225
567.20,0.0105037,0.042809,88838,89955,90453,89792,304.4,567.2,-0.011937,348.7,124800,389.8,124594,350.9,-12.28,-0.013127,117005,340.3,0.10,0.000125,90438,307.0,31.93,0.041185,387.2,0.016032,586.0,70097,744.4,71761,583.3,44.95,0.016645,79022,303.2,26.31,0.024401,89789,306.0,36.84,0.047334,27.2,0.000000,456.0,5500333,2671.7,105968,348.8,0.22,0.000198,104770,329.1,8.64,0.009791,87568,305.5,70.80,0.088862,207.2,0.000000,491.5,175663,1204.5,96347,338.9,1.37,0.001172,91337,316.9,25.25,0.025920,89142,305.4,45.39,0.057999
568.18,0.0105218,0.042992,88672,89806,90455,89683,304.4,568.2,-0.014462,349.5,125071,390.1,124720,351.9,-14.01,-0.014944,117634,340.8,-0.61,-0.000751,90504,306.9,30.04,0.038783,388.2,0.017080,569.3,70146,736.9,71871,566.5,46.24,0.017659,78457,302.6,28.72,0.026499,89823,305.9,36.48,0.046897,28.2,0.000000,1262.3,5290899,2648.0,106099,348.9,0.21,0.000195,105329,329.7,8.13,0.009242,87676,305.5,69.91,0.087854,208.2,0.000000,100.0,171637,1197.7,97002,339.5,1.21,0.001038,91892,317.5,24.59,0.025344,89097,305.3,45.97,0.058744
569.16,0.0105399,0.043181,88517,89660,90471,89575,304.4,569.2,-0.017038,391.5,125315,390.3,125256,353.6,-16.48,-0.017578,118251,341.3,-1.25,-0.001541,90578,306.9,28.16,0.036399,389.2,0.018092,552.4,70190,728.9,71976,549.5,47.40,0.018689,77937,302.1,31.11,0.028564,89875,305.9,36.01,0.046325,29.2,0.000000,204.6,5089634,2624.7,106234,349.1,0.22,0.000202,105874,330.1,7.73,0.008821,87810,305.5,68.84,0.086625,209.2,0.000000,100.0,167720,1190.9,97588,340.1,1.07,0.000926,92535,318.1,23.75,0.024608,89064,305.2,46.58,0.059511
570.13,0.0105580,0.043374,88376,89512,90523,89470,304.5,570.1,-0.017138,391.0,125576,390.6,125254,354.9,-17.67,-0.018772,118883,341.8,-1.92,-0.002379,90666,306.8,26.33,0.034064,390.1,0.019127,535.4,70225,720.5,72072,532.5,48.45,0.019738,77478,301.6,33.47,0.030597,89953,305.8,35.44,0.045639,30.1,0.000000,412.0,4896493,2601.8,106379,349.2,0.23,0.000214,106395,330.6,7.46,0.008538,87970,305.6,67.64,0.085247,210.1,0.000000,100.0,163910,1184.2,98117,340.6,0.96,0.000832,93275,318.9,22.75,0.023695,89048,305.1,47.22,0.060334
571.11,0.0105761,0.043571,88247,89357,90593,89368,304.5,571.1,-0.018027,390.5,125841,390.8,125178,356.2,-18.59,-0.019669,119556,342.4,-2.73,-0.003397,90769,306.8,24.54,0.031791,391.1,0.020186,518.8,70247,711.7,72155,515.8,49.41,0.020807,77094,301.2,35.78,0.032597,90061,305.9,34.77,0.044834,31.1,0.000000,100.0,4711319,2579.2,106534,349.3,0.25,0.000230,106884,331.1,7.30,0.008386,88152,305.7,66.35,0.083777,211.1,0.000000,324.4,160204,1177.6,98595,341.0,0.86,0.000750,94103,319.7,21.57,0.022608,89053,305.1,47.90,0.061218
572.20,0.0105963,0.043794,88114,89177,90679,89256,304.6,572.2,-0.017380,389.8,126172,391.1,124621,357.3,-18.64,-0.019571,120360,343.0,-3.87,-0.004834,90897,306.8,22.60,0.029309,392.2,0.021331,500.8,70255,701.4,72230,497.8,50.41,0.022019,76767,300.8,38.30,0.034776,90213,305.9,33.87,0.043730,32.2,0.000000,803.7,4514668,2554.7,106720,349.5,0.27,0.000249,107371,331.5,7.26,0.008369,88367,305.8,64.85,0.082057,212.2,0.000000,300.0,156493,1170.7,99072,341.5,0.76,0.000668,95099,320.7,20.11,0.021235,89076,305.1,48.67,0.062229
573.18,0.0106144,0.043997,88007,89018,90764,89158,304.7,573.2,-0.016362,389.0,126511,391.4,123888,358.0,-18.05,-0.018804,121111,343.6,-5.09,-0.006394,91021,306.9,20.87,0.027099,393.2,0.022492,485.1,70246,691.8,72285,482.1,51.24,0.023122,76566,300.6,40.49,0.036697,90377,306.0,32.86,0.042494,33.2,0.000000,408.2,4345609,2533.0,106902,349.6,0.29,0.000268,107767,331.9,7.27,0.008399,88564,305.9,63.47,0.080468,213.2,0.000000,114.3,154302,1166.4,99456,341.9,0.68,0.000599,96024,321.6,18.72,0.019907,89110,305.1,49.37,0.063143
574.16,0.0106325,0.044204,87905,88868,90855,89063,304.8,574.2,-0.015255,388.3,126891,391.8,123146,358.6,-17.03,-0.017608,121849,344.2,-6.45,-0.008131,91151,306.9,19.14,0.024895,394.2,0.023600,470.2,70219,681.9,72328,467.2,52.00,0.024231,76453,300.5,42.61,0.038573,90565,306.1,31.63,0.040974,34.2,0.000000,9245.8,4183793,2511.8,107097,349.8,0.31,0.000288,108118,332.2,7.30,0.008460,88760,306.0,62.10,0.078876,214.2,0.000000,535.6,152749,1163.2,99799,342.2,0.61,0.000537,96934,322.4,17.34,0.018559,89153,305.1,50.06,0.064049
575.14,0.0106507,0.044412,87790,88715,90955,88971,304.8,575.1,-0.014094,387.6,127315,392.2,122458,359.2,-15.85,-0.016268,122543,344.8,-7.87,-0.009959,91287,307.0,17.42,0.022684,395.1,0.024724,456.0,70175,671.7,72356,453.1,52.74,0.025350,76424,300.5,44.65,0.040404,90783,306.2,30.12,0.039100,35.1,0.000000,1223.7,4028948,2490.9,107308,350.0,0.34,0.000312,108430,332.4,7.39,0.008578,88952,306.0,60.75,0.077316,215.1,0.000000,171.7,151985,1161.3,100109,342.5,0.55,0.000483,97797,323.3,16.02,0.017255,89203,305.1,50.74,0.064948
576.12,0.0106688,0.044625,87667,88551,91062,88881,304.9,576.1,-0.012981,387.0,127782,392.6,121872,359.7,-14.61,-0.014897,123185,345.3,-9.31,-0.011829,91431,307.0,15.69,0.020451,396.1,0.025860,442.6,70117,661.4,72369,439.7,53.45,0.026481,76474,300.6,46.60,0.042193,91046,306.4,28.24,0.036741,36.1,0.000000,255.1,3880811,2470.4,107540,350.2,0.37,0.000341,108715,332.7,7.54,0.008773,89142,306.1,59.46,0.075817,216.1,0.000000,100.0,151633,1160.1,100394,342.7,0.50,0.000442,98596,324.0,14.81,0.016053,89261,305.2,51.41,0.065848
577.21,0.0106890,0.044864,87526,88370,91169,88785,305.0,577.2,-0.011860,386.6,128352,393.1,121376,360.3,-13.21,-0.013399,123852,345.8,-10.91,-0.013921,91601,307.1,13.70,0.017888,397.2,0.027075,428.7,70036,649.8,72369,425.8,54.26,0.027758,76614,300.8,48.70,0.044147,91426,306.7,25.41,0.033169,37.2,0.000000,100.0,3723772,2448.0,107827,350.5,0.41,0.000381,109019,333.0,7.78,0.009068,89349,306.2,58.08,0.074205,217.2,0.000000,269.1,151473,1159.1,100693,343.0,0.47,0.000415,99405,324.8,13.67,0.014897,89327,305.2,52.16,0.066835
578.19,0.0107072,0.045084,87394,88227,91249,88704,305.1,578.2,-0.010786,386.2,128911,393.6,121060,360.9,-11.99,-0.012113,124395,346.2,-12.27,-0.015704,91757,307.2,11.80,0.015430,398.2,0.028313,417.0,69952,639.4,72362,414.2,55.03,0.028936,76813,301.0,50.56,0.045909,91903,307.1,21.73,0.028466,38.2,0.000000,2668.5,3588956,2428.3,108118,350.7,0.46,0.000427,109307,333.2,8.08,0.009430,89530,306.2,56.83,0.072742,218.2,0.000000,100.0,151461,1158.5,100961,343.3,0.46,0.000411,100073,325.4,12.84,0.014056,89382,305.3,52.79,0.067685
579.18,0.0107255,0.045307,87263,88106,91344,88627,305.2,579.2,-0.009744,386.0,129515,394.1,120819,361.4,-10.80,-0.010866,124844,346.6,-13.42,-0.017222,91919,307.3,9.77,0.012794,399.2,0.029518,406.1,69863,628.9,72354,403.4,55.86,0.030156,77081,301.3,52.39,0.047687,92570,307.7,16.35,0.021543,39.2,0.000000,544.5,3460056,2408.9,108446,351.0,0.52,0.000480,109623,333.5,8.46,0.009900,89720,306.3,55.53,0.071219,219.2,0.000000,275.1,151515,1158.0,101241,343.5,0.48,0.000426,100700,326.0,12.20,0.013423,89433,305.3,53.42,0.068522
580.16,0.0107437,0.045533,87151,87993,91485,88558,305.3,580.2,-0.008735,385.9,130164,394.6,120630,361.9,-9.66,-0.009692,125127,346.8,-14.20,-0.018248,92100,307.5,7.63,0.010009,400.2,0.030771,396.0,69772,618.4,72353,393.4,56.78,0.031436,77413,301.7,54.24,0.049519,93428,308.5,8.90,0.011797,40.2,0.000000,217.5,3336824,2389.9,108814,351.3,0.57,0.000536,109969,333.8,8.93,0.010466,89952,306.4,54.14,0.069591,220.2,0.000000,100.0,151611,1157.6,101544,343.8,0.51,0.000458,101296,326.6,11.76,0.012989,89494,305.3,54.09,0.069419
581.15,0.0107620,0.045761,87095,87882,91777,88498,305.6,581.1,-0.007788,385.8,130858,395.2,120483,362.3,-8.59,-0.008600,125203,346.8,-14.51,-0.018651,92320,307.7,5.48,0.007198,401.1,0.032087,386.7,69686,608.1,72367,384.1,57.82,0.032794,77794,302.2,56.13,0.051416,93987,309.0,-1.20,-0.001600,41.1,0.000000,100.0,3219000,2371.3,109218,351.7,0.63,0.000588,110341,334.2,9.44,0.011096,90282,306.6,52.60,0.067816,221.1,0.000000,100.0,151732,1157.2,101877,344.1,0.56,0.000502,101869,327.1,11.48,0.012726,89608,305.4,54.89,0.070508
582.14,0.0107803,0.045988,87138,87774,92036,88451,305.8,582.1,-0.006903,385.7,131598,395.9,120370,362.7,-7.60,-0.007591,125142,346.7,-14.55,-0.018705,92513,307.8,3.22,0.004232,402.1,0.033482,378.1,69611,597.8,72402,375.5,58.99,0.034239,78216,302.7,58.02,0.053349,94112,309.2,-12.13,-0.016166,42.1,0.000000,289.0,3106318,2353.0,109649,352.0,0.67,0.000627,110725,334.5,9.97,0.011741,90692,307.0,50.58,0.065425,222.1,0.000000,316.9,151865,1156.8,102243,344.5,0.61,0.000549,102415,327.6,11.31,0.012594,89715,305.7,55.68,0.071558
583.13,0.0107987,0.046209,87226,87675,92235,88414,306.0,583.1,-0.006083,385.6,132384,396.5,120280,363.1,-6.69,-0.006670,124945,346.6,-14.51,-0.018631,92704,308.0,0.72,0.000949,403.1,0.034961,370.1,69554,587.7,72466,367.6,60.29,0.035780,78658,303.2,59.88,0.055270,93980,309.1,-21.31,-0.028366,43.1,0.000000,527.6,2998536,2335.0,110093,352.4,0.69,0.000644,111107,334.8,10.46,0.012349,91242,307.6,47.51,0.061709,223.1,0.000000,265.6,151997,1156.4,102637,344.8,0.66,0.000589,102923,328.1,11.23,0.012547,89812,305.9,56.33,0.072409
584.13,0.0108171,0.046424,87257,87589,92380,88388,306.2,584.1,-0.005330,385.5,133216,397.2,120197,363.4,-5.87,-0.005845,124546,346.3,-14.11,-0.018068,92883,308.2,-2.02,-0.002668,404.1,0.036531,362.9,69521,577.7,72565,360.3,61.73,0.037421,79094,303.7,61.63,0.057110,93631,308.8,-28.45,-0.037775,44.1,0.000000,1295.6,2895440,2317.4,110534,352.8,0.68,0.000638,111473,335.2,10.88,0.012880,91936,308.3,43.02,0.056163,224.1,0.000000,234.4,152116,1156.0,103048,345.2,0.68,0.000613,103383,328.5,11.19,0.012537,89912,306.2,56.83,0.073073
585.12,0.0108356,0.046637,87232,87518,92481,88372,306.3,585.1,-0.004648,385.4,134093,397.9,120107,363.6,-5.15,-0.005118,123922,345.7,-13.27,-0.016938,93040,308.4,-4.99,-0.006586,405.1,0.038193,356.2,69516,568.0,72702,353.7,63.29,0.039160,79501,304.2,63.24,0.058809,93267,308.5,-33.32,-0.044100,45.1,0.000000,100.0,2796818,2300.1,110958,353.2,0.65,0.000616,111817,335.5,11.22,0.013311,92711,309.1,37.09,0.048706,225.1,0.000000,874.0,152214,1155.5,103461,345.6,0.68,0.000617,103792,328.9,11.12,0.012494,90026,306.5,57.18,0.073553
586.12,0.0108541,0.046850,87195,87464,92555,88366,306.3,586.1,-0.004035,385.3,135015,398.7,119997,363.8,-4.52,-0.004484,123162,345.1,-12.35,-0.015694,93159,308.5,-8.12,-0.010743,406.1,0.039942,350.2,69545,558.4,72882,347.6,64.95,0.040988,79862,304.7,64.67,0.060321,92973,308.3,-36.18,-0.047779,46.1,0.000000,100.0,2702476,2283.1,111364,353.5,0.62,0.000587,112136,335.7,11.47,0.013632,93439,309.8,30.14,0.039804,226.1,0.000000,352.6,152280,1155.0,103865,346.0,0.67,0.000602,104143,329.3,10.99,0.012378,90153,306.7,57.36,0.073821
587.12,0.0108726,0.047062,87164,87426,92609,88368,306.4,587.1,-0.003446,385.1,135984,399.4,119841,363.9,-3.95,-0.003913,122382,344.5,-11.59,-0.014668,93241,308.6,-11.35,-0.015020,407.1,0.041765,344.7,69610,549.1,73106,342.1,66.69,0.042895,80169,305.0,65.90,0.061627,92742,308.2,-37.39,-0.049262,47.1,0.000000,100.0,2612230,2266.4,111756,353.8,0.60,0.000568,112433,336.0,11.63,0.013843,93999,310.3,22.85,0.030312,227.1,0.000000,611.2,152296,1154.4,104253,346.3,0.64,0.000579,104435,329.5,10.79,0.012181,90289,306.9,57.44,0.073982
588.13,0.0108912,0.047272,87129,87402,92620,88379,306.4,588.1,-0.002900,384.9,136999,400.3,119631,363.9,-3.44,-0.003401,121643,343.9,-11.06,-0.013932,93278,308.7,-14.62,-0.019343,408.1,0.043650,339.8,69714,540.0,73380,337.2,68.51,0.044875,80409,305.4,66.96,0.062748,92516,308.0,-37.06,-0.048736,48.1,0.000000,281.6,2525910,2250.0,112154,354.2,0.60,0.000571,112706,336.3,11.68,0.013931,94278,310.5,16.01,0.021278,228.1,0.000000,373.1,152240,1153.7,104626,346.7,0.61,0.000557,104668,329.7,10.54,0.011912,90427,307.2,57.38,0.073956
589.13,0.0109099,0.047483,87078,87396,92568,88396,306.4,589.1,-0.002428,384.7,138061,401.1,119394,363.9,-2.97,-0.002931,120931,343.3,-10.76,-0.013503,93253,308.7,-17.88,-0.023650,409.1,0.045602,335.5,69858,531.2,73708,332.8,70.40,0.046937,80608,305.6,67.87,0.063697,92178,307.8,-35.21,-0.046169,49.1,0.000000,3408.9,2443356,2233.9,112572,354.5,0.63,0.000598,112972,336.5,11.64,0.013908,94302,310.5,10.04,0.013347,229.1,0.000000,416.4,152083,1152.8,104998,347.0,0.61,0.000551,104851,329.9,10.24,0.011587,90568,307.5,57.08,0.073614
590.14,0.0109285,0.047693,87020,87414,92458,88418,306.2,590.1,-0.002014,384.4,139169,402.0,119157,363.8,-2.52,-0.002489,120237,342.7,-10.66,-0.013313,93171,308.7,-21.18,-0.027994,410.1,0.047673,331.6,70049,522.7,74082,328.9,72.39,0.049086,80752,305.8,68.62,0.064474,91808,307.5,-31.86,-0.041645,50.1,0.000000,833.0,2364398,2218.1,113032,354.9,0.68,0.000655,113228,336.7,11.52,0.013780,94186,310.4,4.86,0.006457,230.1,0.000000,389.5,151801,1151.7,105381,347.4,0.62,0.000565,105002,330.1,9.88,0.011196,90727,307.7,56.22,0.072573
591.15,0.0109472,0.047904,86971,87445,92377,88446,306.2,591.1,-0.001644,384.2,140324,402.9,118937,363.7,-2.11,-0.002072,119555,342.1,-10.70,-0.013315,93063,308.7,-24.40,-0.032214,411.1,0.049814,328.3,70288,514.6,74503,325.4,74.42,0.051291,80838,306.0,69.22,0.065075,91497,307.3,-27.27,-0.035553,51.1,0.000000,100.0,2288900,2202.7,113554,355.4,0.77,0.000738,113476,336.9,11.29,0.013527,93456,309.7,-0.24,-0.000316,231.1,0.000000,43451.4,151383,1150.3,105792,347.7,0.66,0.000602,105135,330.2,9.47,0.010736,90897,308.0,54.75,0.070752
592.16,0.0109659,0.048114,86923,87476,92185,88476,306.0,592.2,-0.001313,384.0,141524,403.8,118739,363.7,-1.72,-0.001690,118884,341.6,-10.88,-0.013485,92897,308.6,-27.58,-0.036352,412.2,0.051966,325.4,70574,506.7,74978,322.4,76.40,0.053481,80875,306.1,69.71,0.065544,91267,307.2,-22.06,-0.028696,52.2,0.000000,100.0,2216791,2187.6,114141,355.9,0.86,0.000827,113719,337.2,10.96,0.013150,92833,309.1,-3.81,-0.005007,232.2,0.000000,100.0,150830,1148.7,106241,348.1,0.71,0.000656,105261,330.3,9.00,0.010209,91007,308.3,52.63,0.068041
593.17,0.0109846,0.048323,86849,87511,91972,88509,305.8,593.2,-0.001019,383.8,142769,404.8,118559,363.6,-1.38,-0.001353,118225,341.0,-11.18,-0.013802,92702,308.6,-30.59,-0.040234,413.2,0.054031,323.0,70901,499.2,75515,319.8,78.19,0.055569,80872,306.1,70.13,0.065927,91110,307.1,-16.62,-0.021592,53.2,0.000000,479.3,2147921,2172.7,114774,356.4,0.92,0.000892,113958,337.4,10.54,0.012665,92507,308.8,-6.15,-0.008070,233.2,0.000000,100.0,150149,1146.9,106724,348.6,0.76,0.000703,105388,330.4,8.47,0.009618,91113,308.5,50.06,0.064728
594.18,0.0110032,0.048534,86754,87550,91765,88543,305.6,594.2,-0.000762,383.6,144060,405.8,118384,363.5,-1.09,-0.001072,117581,340.5,-11.59,-0.014248,92528,308.5,-33.36,-0.043810,414.2,0.056008,320.9,71264,492.0,76087,317.7,79.80,0.057531,80839,306.1,70.51,0.066257,91019,307.0,-11.22,-0.014557,54.2,0.000000,1976.7,2082174,2158.2,115420,356.9,0.93,0.000910,114190,337.6,10.05,0.012103,92316,308.6,-7.94,-0.010399,234.2,0.000000,100.0,149356,1144.9,107220,349.0,0.78,0.000723,105523,330.6,7.90,0.008975,91206,308.8,47.20,0.061045
595.18,0.0110219,0.048745,86671,87597,91577,88578,305.5,595.2,-0.000547,383.4,145395,406.8,118198,363.4,-0.88,-0.000859,116947,339.9,-12.07,-0.014793,92385,308.5,-35.95,-0.047128,415.2,0.057844,319.2,71656,485.3,76669,315.8,81.17,0.059311,80782,306.1,70.88,0.066558,90994,307.0,-6.15,-0.007979,55.2,0.000000,100.0,2019404,2144.1,116042,357.4,0.90,0.000881,114412,337.8,9.53,0.011488,92180,308.5,-9.44,-0.012354,235.2,0.000000,100.0,148464,1142.8,107707,349.4,0.77,0.000714,105667,330.7,7.29,0.008300,91270,309.0,44.26,0.057230
596.19,0.0110405,0.048957,86621,87652,91403,88614,305.4,596.2,-0.000386,383.1,146776,407.8,117973,363.2,-0.75,-0.000737,116318,339.4,-12.62,-0.015398,92264,308.6,-38.39,-0.050263,416.2,0.059480,317.7,72068,478.9,77240,314.3,82.27,0.060860,80705,306.1,71.25,0.066843,90975,307.0,-1.41,-0.001827,56.2,0.000000,100.0,1959454,2130.2,116618,357.9,0.84,0.000820,114618,338.0,8.98,0.010841,92058,308.4,-10.75,-0.014050,236.2,0.000000,100.0,147489,1140.4,108167,349.8,0.73,0.000675,105821,330.8,6.68,0.007613,91275,309.2,41.45,0.053575
597.19,0.0110591,0.049167,86593,87724,91303,88654,305.3,597.2,-0.000277,382.8,148202,408.9,117707,363.0,-0.69,-0.000674,115686,338.9,-13.18,-0.016026,92161,308.7,-40.73,-0.053249,417.2,0.060877,316.5,72489,472.8,77787,313.0,83.08,0.062149,80613,306.1,71.61,0.067118,90502,306.6,2.26,0.002924,57.2,0.000000,100.0,1902167,2116.6,117136,358.3,0.75,0.000738,114803,338.1,8.42,0.010172,91946,308.3,-11.87,-0.015501,237.2,0.000000,100.0,146448,1138.0,108575,350.2,0.64,0.000601,105980,331.0,6.08,0.006937,91255,309.4,38.91,0.050249
598.20,0.0110777,0.049375,86569,87849,91152,88695,305.2,598.2,-0.000203,382.4,149674,409.9,117397,362.8,-0.67,-0.000657,115047,338.3,-13.75,-0.016646,92036,308.7,-43.11,-0.056262,418.2,0.062018,315.5,72911,467.1,78300,311.9,83.60,0.063172,80510,306.0,71.97,0.067378,90169,306.3,5.95,0.007673,58.2,0.000000,459.0,1847398,2103.3,117587,358.7,0.65,0.000645,114965,338.3,7.84,0.009485,91817,308.2,-12.98,-0.016934,238.2,0.000000,100.0,145352,1135.4,108906,350.5,0.53,0.000492,106143,331.1,5.51,0.006292,91200,309.6,36.55,0.047145
599.20,0.0110963,0.049581,86546,88078,91011,88738,305.2,599.2,-0.000161,382.0,151193,411.1,117030,362.5,-0.71,-0.000690,114401,337.8,-14.30,-0.017243,91897,308.8,-45.50,-0.059288,419.2,0.059764,316.6,73201,461.9,79704,312.2,80.75,0.062063,80399,306.0,72.32,0.067618,89990,306.2,9.50,0.012229,59.2,0.000000,690.8,1795013,2090.3,117968,359.0,0.55,0.000545,115106,338.4,7.24,0.008768,91688,308.1,-14.11,-0.018392,239.2,0.000000,100.0,144216,1132.8,109148,350.7,0.39,0.000364,106310,331.3,4.98,0.005692,91117,309.6,34.38,0.044299
600.20,0.0111149,0.049784,86530,88470,90874,88783,305.2,600.2,-0.000148,381.6,152760,412.2,116598,362.1,-0.79,-0.000766,113755,337.2,-14.83,-0.017822,91762,308.9,-47.94,-0.062349,420.2,0.063339,315.0,73604,456.9,79689,310.7,82.31,0.063543,80281,305.9,72.63,0.067831,89862,306.2,12.95,0.016637,60.2,0.000000,569.2,1744889,2077.6,118279,359.3,0.45,0.000446,115231,338.5,6.61,0.008003,91573,308.0,-15.32,-0.019949,240.2,0.000000,100.0,143048,1130.0,109299,350.8,0.25,0.000232,106483,331.4,4.49,0.005141,91016,309.7,32.43,0.041724
601.20,0.0111334,0.049985,86527,88875,90749,88829,305.2,601.2,0.000000,1876.9,154379,413.4,116013,361.6,-0.85,-0.000822,113116,336.6,-15.37,-0.018397,91639,309.0,-50.42,-0.065465,421.2,0.063936,313.5,73985,452.1,79782,309.7,82.96,0.064338,80158,305.8,72.92,0.068014,89761,306.3,16.21,0.020804,61.2,0.000000,100.0,1696907,2065.1,118522,359.5,0.35,0.000351,115348,338.6,5.91,0.007161,91489,307.9,-16.68,-0.021708,241.2,0.000000,1179.9,141859,1127.3,109367,350.9,0.12,0.000112,106669,331.6,4.05,0.004635,90907,309.8,30.68,0.039420
602.21,0.0111519,0.050183,86543,89179,90640,88878,305.2,602.2,0.000000,599.3,156056,427.9,115387,361.0,-0.92,-0.000880,112493,336.1,-15.93,-0.018984,91530,309.2,-52.95,-0.068631,422.2,0.064276,312.6,74337,447.7,79969,309.0,83.23,0.064836,80033,305.8,73.18,0.068163,89658,306.4,19.31,0.024738,62.2,0.000000,100.0,1650963,2052.9,118704,359.6,0.27,0.000264,115464,338.7,5.13,0.006217,91415,307.8,-18.23,-0.023699,242.2,0.000000,281.9,140656,1124.5,109369,350.9,0.01,0.000012,106875,331.8,3.63,0.004163,90802,309.8,29.12,0.037371
603.21,0.0111705,0.050376,86581,89432,90547,88928,305.3,603.2,0.000000,953.0,157787,429.2,114722,360.5,-0.98,-0.000938,111892,335.6,-16.50,-0.019590,91429,309.4,-55.50,-0.071818,423.2,0.064435,312.1,74661,443.4,80205,308.6,83.07,0.064997,79908,305.7,73.40,0.068273,89547,306.5,22.25,0.028461,63.2,0.000000,301.3,1606958,2041.0,118830,359.7,0.19,0.000184,115585,338.8,4.25,0.005153,91351,307.8,-19.94,-0.025919,243.2,0.000000,100.0,139445,1121.6,109317,350.9,-0.07,-0.000067,107110,332.0,3.23,0.003715,90709,309.9,27.73,0.035540
604.20,0.0111890,0.050565,86639,89647,90470,88981,305.4,604.2,0.000000,522.8,159571,430.5,114017,359.8,-1.04,-0.000997,111313,335.1,-17.08,-0.020212,91334,309.5,-58.05,-0.074994,424.2,0.064417,311.8,74956,439.4,80445,308.3,82.70,0.064966,79784,305.6,73.56,0.068340,89431,306.6,25.06,0.032003,64.2,0.000000,1158.6,1564790,2029.3,118907,359.8,0.12,0.000115,115713,338.9,3.27,0.003973,91300,307.7,-21.85,-0.028379,244.2,0.000000,100.0,138230,1118.8,109230,350.8,-0.13,-0.000121,107378,332.3,2.85,0.003284,90631,309.9,26.46,0.033881
605.20,0.0112075,0.050747,86712,89837,90408,89036,305.6,605.2,0.000000,100.0,161413,431.8,113272,359.1,-1.11,-0.001054,110753,334.6,-17.67,-0.020837,91250,309.7,-60.59,-0.078151,425.2,0.064344,311.5,75221,435.7,80680,308.0,82.29,0.064879,79668,305.5,73.68,0.068366,89313,306.8,27.78,0.035407,65.2,0.000000,100.0,1524340,2017.9,118942,359.8,0.05,0.000054,115843,339.0,2.22,0.002699,91257,307.7,-23.92,-0.031054,245.2,0.000000,1822.5,137014,1115.9,109119,350.7,-0.17,-0.000158,107680,332.5,2.49,0.002872,90570,310.0,25.29,0.032349
606.20,0.0112260,0.050923,86808,89992,90360,89094,305.7,606.2,0.000000,100.0,163316,433.1,112493,358.4,-1.17,-0.001105,110209,334.1,-18.26,-0.021455,91191,310.0,-63.15,-0.081342,426.2,0.064257,311.3,75461,432.1,80890,307.9,81.85,0.064736,79575,305.5,73.74,0.068346,89195,307.0,30.43,0.038710,66.2,0.000000,134.7,1485514,2006.6,118939,359.8,0.00,0.000000,115965,339.1,1.13,0.001369,91209,307.7,-26.05,-0.033816,246.2,0.000000,1362.0,135795,1113.0,108995,350.6,-0.19,-0.000179,108013,332.8,2.15,0.002488,90528,310.1,24.18,0.030904
607.20,0.0112445,0.051091,86940,90089,90327,89155,306.0,607.2,0.000000,162.4,165280,434.5,111685,357.7,-1.22,-0.001147,109681,333.6,-18.84,-0.022054,91171,310.3,-65.81,-0.084672,427.2,0.064119,311.1,75676,428.7,81070,307.7,81.38,0.064538,79515,305.5,73.71,0.068278,89079,307.3,33.04,0.041941,67.2,0.000000,100.0,1448253,1995.6,118906,359.8,-0.04,-0.000043,116067,339.2,0.02,0.000029,91159,307.7,-28.17,-0.036542,247.2,0.000000,6592.4,134575,1110.1,108865,350.4,-0.20,-0.000190,108367,333.1,1.86,0.002150,90505,310.2,23.11,0.029514
608.20,0.0112630,0.051249,87097,90121,90307,89218,306.3,608.2,0.000000,477.4,167308,436.0,110858,356.9,-1.26,-0.001179,109163,333.1,-19.38,-0.022616,91186,310.6,-68.64,-0.088233,428.2,0.063942,311.0,75867,425.5,81227,307.6,80.91,0.064311,79492,305.5,73.64,0.068186,88967,307.5,35.62,0.045121,68.2,0.000000,563.7,1412484,1984.8,118843,359.7,-0.09,-0.000086,116141,339.3,-1.05,-0.001282,91104,307.6,-30.18,-0.039133,248.2,0.000000,816.3,133351,1107.2,108736,350.3,-0.20,-0.000188,108724,333.4,1.63,0.001889,90511,310.4,22.02,0.028118
609.20,0.0112816,0.051398,87268,90139,90301,89283,306.6,609.2,0.000000,130.1,169400,437.4,110018,356.2,-1.29,-0.001201,108648,332.7,-19.87,-0.023113,91211,310.9,-71.64,-0.092024,429.2,0.063749,310.9,76036,422.5,81362,307.5,80.45,0.064072,79505,305.6,73.41,0.067965,88861,307.8,38.18,0.048257,69.2,0.000000,1600.7,1378140,1974.3,118750,359.6,-0.13,-0.000129,116178,339.3,-2.07,-0.002524,91044,307.6,-32.00,-0.041472,249.2,0.000000,438.7,132121,1104.2,108619,350.2,-0.18,-0.000172,109067,333.7,1.49,0.001734,90554,310.6,20.83,0.026588
610.20,0.0113001,0.051536,87453,90123,90304,89352,306.9,610.2,0.000000,128.6,171561,438.9,109172,355.4,-1.31,-0.001213,108126,332.2,-20.29,-0.023515,91225,311.3,-74.80,-0.095983,430.2,0.063548,310.8,76185,419.7,81477,307.4,80.00,0.063824,79539,305.7,72.83,0.067434,88762,308.2,40.71,0.051345,70.2,0.000000,676.6,1345155,1963.9,118626,359.5,-0.17,-0.000171,116178,339.3,-3.01,-0.003673,90989,307.6,-33.59,-0.043514,250.2,0.000000,111.2,130881,1101.2,108519,350.1,-0.16,-0.000148,109376,334.0,1.47,0.001713,90636,310.8,19.42,0.024791
611.20,0.0113186,0.051663,87653,90015,90307,89423,307.3,611.2,0.000000,171.2,173791,440.4,108325,354.6,-1.32,-0.001218,107589,331.7,-20.60,-0.023798,91215,311.6,-78.04,-0.100031,431.2,0.063335,310.6,76315,416.9,81572,307.3,79.56,0.063565,79576,305.8,71.93,0.066609,88665,308.5,43.20,0.054357,71.2,0.000000,100.0,1313469,1953.8,118471,359.4,-0.22,-0.000215,116158,339.3,-3.89,-0.004734,90936,307.6,-34.97,-0.045270,251.2,0.000000,1117.1,129631,1098.1,108438,350.1,-0.13,-0.000120,109653,334.3,1.52,0.001773,90754,311.1,17.67,0.022570
612.20,0.0113370,0.051778,87871,89896,90309,89498,307.7,612.2,0.000000,279.7,176092,442.0,107482,353.8,-1.33,-0.001217,107035,331.2,-20.81,-0.023955,91170,311.9,-81.28,-0.104028,432.2,0.063110,310.5,76428,414.3,81648,307.2,79.13,0.063298,79577,305.8,70.73,0.065488,88567,308.9,45.61,0.057264,72.2,0.000000,568.3,1283034,1943.8,118284,359.2,-0.26,-0.000262,116103,339.2,-4.67,-0.005690,90879,307.5,-36.15,-0.046772,252.2,0.000000,193.7,128369,1095.1,108382,350.0,-0.09,-0.000085,109898,334.5,1.69,0.001974,90910,311.4,15.46,0.019764
613.20,0.0113555,0.051881,88106,89796,90313,89576,308.2,613.2,0.000000,101.1,178465,443.5,106648,353.0,-1.33,-0.001209,106463,330.7,-20.93,-0.023994,91078,312.1,-84.34,-0.107761,433.2,0.062881,310.4,76525,411.8,81709,307.2,78.71,0.063030,79483,305.8,69.20,0.064006,88467,309.3,47.94,0.060046,73.2,0.000000,100.0,1253813,1934.1,118062,359.0,-0.31,-0.000311,116019,339.2,-5.36,-0.006522,90815,307.5,-37.16,-0.048049,253.2,0.000000,550.7,127098,1091.9,108358,350.0,-0.04,-0.000038,110107,334.7,1.95,0.002285,91096,311.6,12.70,0.016255
614.19,0.0113739,0.051971,88355,89716,90313,89657,308.6,614.2,0.000000,226.2,180912,445.1,105826,352.2,-1.32,-0.001196,105878,330.1,-20.95,-0.023927,90934,312.3,-87.06,-0.110990,434.2,0.062652,310.3,76608,409.5,81757,307.1,78.32,0.062764,79231,305.6,67.26,0.062063,88365,309.6,50.16,0.062680,74.2,0.000000,100.0,1225748,1924.6,117805,358.8,-0.37,-0.000362,115917,339.1,-5.94,-0.007224,90738,307.5,-38.04,-0.049146,254.2,0.000000,312.3,125815,1088.8,108368,350.0,0.01,0.000010,110291,334.8,2.30,0.002698,91295,311.9,9.37,0.012007
615.18,0.0113923,0.052047,88643,89676,90308,89742,309.0,615.2,0.000000,404.1,183436,446.8,105019,351.5,-1.31,-0.001180,105280,329.6,-20.90,-0.023780,90741,312.4,-89.24,-0.113486,435.2,0.062425,310.1,76677,407.2,81793,307.0,77.94,0.062504,78791,305.1,64.87,0.059606,88262,310.0,52.25,0.065140,75.2,0.000000,237.9,1198783,1915.3,117512,358.6,-0.42,-0.000412,115800,339.0,-6.43,-0.007818,90648,307.5,-38.82,-0.050108,255.2,0.000000,100.0,124524,1085.6,108416,350.0,0.07,0.000066,110460,335.0,2.73,0.003206,91473,312.1,5.55,0.007126
616.18,0.0114106,0.052108,89032,89649,90327,89830,309.5,616.2,0.000000,199.3,186039,448.5,104229,350.7,-1.30,-0.001160,104671,329.0,-20.82,-0.023590,90520,312.5,-90.73,-0.115075,436.2,0.062205,310.0,76736,405.1,81821,307.0,77.60,0.062255,78176,304.5,62.03,0.056675,88169,310.3,54.20,0.067439,76.2,0.000000,100.0,1172864,1906.2,117187,358.3,-0.47,-0.000459,115666,338.9,-6.86,-0.008337,90549,307.4,-39.51,-0.050951,256.2,0.000000,1166.5,123223,1082.3,108505,350.1,0.14,0.000128,110619,335.1,3.23,0.003795,91526,312.2,1.24,0.001593
617.16,0.0114290,0.052144,89683,89597,90357,89921,309.9,617.2,0.000000,370.5,188724,450.2,103458,350.0,-1.28,-0.001136,104052,328.4,-20.69,-0.023343,90304,312.5,-91.40,-0.115628,437.2,0.061999,309.9,76786,403.0,81842,306.9,77.28,0.062023,77425,303.7,58.83,0.053375,88097,310.6,56.05,0.069609,77.2,0.000000,144.5,1147946,1897.3,116833,358.0,-0.51,-0.000502,115508,338.7,-7.26,-0.008813,90465,307.4,-40.08,-0.051647,257.2,0.000000,338.7,121915,1079.1,108639,350.2,0.21,0.000193,110773,335.2,3.78,0.004447,91320,312.0,-3.46,-0.004439
618.15,0.0114473,0.052146,90494,89556,90425,90014,310.3,618.2,0.000000,283.3,191495,451.9,102708,349.2,-1.25,-0.001110,103423,327.9,-20.50,-0.023033,90069,312.5,-91.18,-0.115051,438.2,0.061806,309.8,76827,401.1,81855,306.9,76.98,0.061799,76585,302.8,55.36,0.049830,88030,310.8,57.75,0.071624,78.2,0.000000,170.2,1123967,1888.5,116454,357.6,-0.55,-0.000540,115320,338.5,-7.65,-0.009277,90396,307.4,-40.57,-0.052236,258.2,0.000000,400.4,120598,1075.7,108819,350.4,0.28,0.000261,110925,335.4,4.37,0.005142,91143,311.8,-7.57,-0.009692
619.14,0.0114656,0.052114,91172,89526,90522,90108,310.6,619.1,0.000000,235.5,194356,453.7,101980,348.5,-1.23,-0.001081,102782,327.3,-20.29,-0.022692,89849,312.5,-90.30,-0.113681,439.1,0.061611,309.7,76862,399.2,81856,306.9,76.68,0.061565,75696,301.8,51.71,0.046156,87959,310.9,59.36,0.073524,79.1,0.000000,100.0,1100878,1879.9,116054,357.3,-0.58,-0.000570,115089,338.3,-8.07,-0.009771,90348,307.4,-40.98,-0.052728,259.1,0.000000,275.9,119272,1072.4,109042,350.6,0.35,0.000325,111076,335.5,4.97,0.005855,91004,311.7,-11.18,-0.014296
620.13,0.0114839,0.052053,91734,89515,90585,90202,310.9,620.1,0.000000,4183.9,197312,455.5,101275,347.8,-1.20,-0.001050,102129,326.6,-20.07,-0.022341,89708,312.5,-89.09,-0.111973,440.1,0.061374,309.7,76889,397.4,81836,306.8,76.34,0.061285,74800,300.8,48.02,0.042493,87891,311.0,60.86,0.075314,80.1,0.000000,379.2,1078632,1871.6,115640,356.9,-0.61,-0.000592,114796,338.1,-8.57,-0.010354,90320,307.5,-41.31,-0.053140,260.1,0.000000,238.2,117937,1069.0,109302,350.8,0.41,0.000381,111226,335.6,5.56,0.006566,90895,311.5,-14.32,-0.018297
621.12,0.0115021,0.051971,92209,89526,90580,90296,311.0,621.1,0.000000,100.0,200367,457.4,100595,347.2,-1.16,-0.001016,101463,326.0,-19.85,-0.021999,89584,312.5,-87.46,-0.109789,441.1,0.061053,309.6,76909,395.7,81784,306.8,75.89,0.060905,73943,299.8,44.45,0.039003,87814,310.9,62.19,0.076900,81.1,0.000000,220.7,1057189,1863.3,115216,356.5,-0.62,-0.000607,114413,337.8,-9.21,-0.011105,90290,307.5,-41.64,-0.053541,261.1,0.000000,342.5,116594,1065.5,109591,351.1,0.45,0.000424,111374,335.8,6.14,0.007255,90787,311.3,-17.07,-0.021794
622.21,0.0115224,0.051856,92675,89560,90537,90400,311.1,622.2,0.000000,212.3,203881,459.5,99870,346.4,-1.12,-0.000976,100708,325.3,-19.63,-0.021646,89482,312.4,-85.36,-0.107056,442.2,0.060543,309.4,76916,393.8,81666,306.6,75.17,0.060267,73098,298.9,40.85,0.035551,87710,310.8,63.44,0.078379,82.2,0.000000,100.0,1034258,1854.4,114744,356.1,-0.63,-0.000610,113844,337.3,-10.18,-0.012232,90241,307.5,-42.06,-0.054044,262.2,0.000000,100.0,115089,1061.7,109935,351.4,0.49,0.000458,111517,335.9,6.70,0.007917,90646,311.1,-19.72,-0.025157
623.20,0.0115407,0.051736,93028,89610,90495,90493,311.1,623.2,0.000000,182.8,207159,461.5,99244,345.8,-1.09,-0.000939,100014,324.7,-19.48,-0.021376,89455,312.4,-83.51,-0.104709,443.2,0.059754,309.1,76904,392.2,81483,306.4,74.19,0.059394,72498,298.2,38.20,0.033050,87615,310.8,64.46,0.079579,83.2,0.000000,112.9,1014386,1846.5,114327,355.8,-0.62,-0.000601,113181,336.7,-11.34,-0.013564,90200,307.5,-42.48,-0.054548,263.2,0.000000,346.0,113725,1058.1,110259,351.7,0.51,0.000479,111603,336.0,7.05,0.008345,90524,310.9,-21.71,-0.027674
624.19,0.0115590,0.051604,93263,89686,90450,90586,311.1,624.2,0.000000,412.7,210549,463.4,98644,345.2,-1.05,-0.000902,99306,324.0,-19.36,-0.021137,89441,312.4,-81.70,-0.102416,444.2,0.058634,308.7,76865,390.7,81208,306.1,72.80,0.058139,72087,297.7,36.27,0.031245,87526,310.7,65.40,0.080676,84.2,0.000000,406.2,995207,1838.7,113925,355.4,-0.60,-0.000581,112374,336.0,-12.77,-0.015196,90167,307.6,-42.91,-0.055075,264.2,0.000000,805.5,112350,1054.5,110594,351.9,0.52,0.000495,111647,336.0,7.27,0.008604,90427,310.8,-23.36,-0.029763
625.17,0.0115773,0.051467,93369,89784,90395,90679,311.1,625.2,0.000000,184.1,214056,465.5,98069,344.6,-1.01,-0.000867,98579,323.3,-19.28,-0.020938,89443,312.4,-79.97,-0.100240,445.2,0.057076,308.2,76790,389.2,80831,305.7,70.91,0.056445,71871,297.5,35.08,0.030154,87444,310.6,66.25,0.081652,85.2,0.000000,221.6,976693,1831.1,113544,355.1,-0.57,-0.000552,111436,335.2,-14.43,-0.017073,90137,307.6,-43.37,-0.055641,265.2,0.000000,100.0,110965,1050.9,110939,352.2,0.54,0.000511,111660,336.1,7.31,0.008651,90348,310.6,-24.77,-0.031544
626.16,0.0115955,0.051327,93448,89900,90333,90771,311.1,626.2,0.000000,317.9,217685,467.5,97516,344.1,-0.98,-0.000836,97832,322.6,-19.27,-0.020818,89455,312.5,-78.37,-0.098240,446.2,0.055054,307.6,76669,387.7,80354,305.2,68.51,0.054299,71828,297.5,34.53,0.029669,87367,310.6,66.98,0.082495,86.2,0.000000,203.8,958815,1823.6,113187,354.7,-0.54,-0.000519,110394,334.2,-16.26,-0.019115,90111,307.7,-43.87,-0.056261,266.2,0.000000,368.0,109570,1047.2,111298,352.6,0.56,0.000530,111646,336.0,7.23,0.008557,90281,310.4,-25.99,-0.033091
627.15,0.0116138,0.051187,93464,90031,90276,90863,311.1,627.1,0.000000,345.7,221441,469.7,96981,343.5,-0.95,-0.000809,97064,321.8,-19.38,-0.020813,89467,312.5,-76.90,-0.096402,447.1,0.050191,307.0,76440,386.2,80073,304.9,63.98,0.050570,71883,297.6,34.47,0.029628,87297,310.6,67.61,0.083208,87.1,0.000000,256.8,941549,1816.3,112850,354.4,-0.51,-0.000489,109280,333.3,-18.20,-0.021238,90089,307.7,-44.43,-0.056954,267.1,0.000000,156.6,108165,1043.4,111673,352.9,0.58,0.000554,111568,336.0,6.95,0.008216,90219,310.3,-27.06,-0.034447
628.13,0.0116321,0.051051,93345,90178,90229,90954,311.1,628.1,0.000000,504.5,225329,471.8,96460,343.0,-0.93,-0.000787,96278,321.1,-19.58,-0.020906,89488,312.5,-75.58,-0.094756,448.1,0.049688,306.0,76204,384.8,79204,304.0,61.39,0.048147,72020,297.7,34.77,0.029926,87237,310.6,68.14,0.083813,88.1,0.000000,435.2,924870,1809.2,112525,354.1,-0.50,-0.000474,108126,332.2,-20.18,-0.023366,90075,307.8,-45.05,-0.057727,268.1,0.000000,172.9,106750,1039.6,112068,353.2,0.61,0.000582,111408,335.9,6.39,0.007546,90169,310.1,-27.99,-0.035629
629.12,0.0116504,0.050924,93186,90341,90180,91046,311.0,629.1,0.000000,201.6,229355,474.0,95951,342.5,-0.91,-0.000771,95474,320.3,-19.85,-0.021076,89501,312.6,-74.39,-0.093265,449.1,0.044338,305.3,75854,383.4,78983,303.8,56.16,0.043946,72426,298.2,36.02,0.031129,87186,310.6,68.60,0.084317,89.1,0.000000,9680.3,908755,1802.1,112197,353.8,-0.50,-0.000476,106963,331.2,-22.12,-0.025427,90068,307.9,-45.74,-0.058589,269.1,0.000000,278.5,105327,1035.7,112487,353.6,0.64,0.000616,111171,335.7,5.53,0.006521,90131,310.0,-28.82,-0.036692
630.11,0.0116687,0.050806,93037,90516,90115,91138,311.0,630.1,0.000000,141.1,233524,476.3,95449,342.0,-0.91,-0.000761,94656,319.5,-20.21,-0.021319,89500,312.6,-73.31,-0.091893,450.1,0.043496,304.1,75496,381.9,77820,302.6,53.47,0.041398,73233,299.2,38.66,0.033676,87137,310.6,68.96,0.084706,90.1,0.000000,100.0,893183,1795.2,111854,353.5,-0.52,-0.000497,105817,330.1,-23.99,-0.027359,90054,308.0,-46.51,-0.059555,270.1,0.000000,100.0,103896,1031.8,112929,354.0,0.68,0.000649,110865,335.4,4.43,0.005211,90098,309.8,-29.62,-0.037720
631.21,0.0116890,0.050684,92890,90725,90039,91240,311.0,631.2,0.000000,100.0,238330,478.9,94893,341.4,-0.91,-0.000760,93737,318.6,-20.68,-0.021671,89487,312.7,-72.21,-0.090493,451.2,0.038007,310.9,74978,380.4,77437,302.2,47.86,0.036917,74392,300.6,42.51,0.037441,87081,310.6,69.25,0.085007,91.2,0.000000,567.4,876491,1787.7,111425,353.1,-0.59,-0.000564,104591,329.0,-25.90,-0.029295,90022,308.0,-47.46,-0.060730,271.2,0.000000,100.0,102297,1027.4,113429,354.4,0.69,0.000660,110471,335.1,2.98,0.003496,90059,309.7,-30.53,-0.038882
632.19,0.0117073,0.050582,92825,90932,89992,91333,311.0,632.2,0.000000,644.6,242820,481.2,94387,340.9,-0.92,-0.000768,92905,317.8,-21.18,-0.022054,89467,312.7,-71.28,-0.089294,452.2,0.036703,301.9,74499,379.0,76218,300.8,45.29,0.034540,75422,301.8,45.93,0.040850,87035,310.7,69.46,0.085199,92.2,0.000000,620.5,861997,1781.1,110950,352.7,-0.72,-0.000685,103551,328.1,-27.43,-0.030814,89984,308.1,-48.35,-0.061833,272.2,0.000000,699.0,100851,1023.4,113868,354.8,0.67,0.000646,110091,334.7,1.51,0.001772,90022,309.5,-31.37,-0.039944
633.18,0.0117255,0.050483,92783,91181,89970,91426,311.0,633.2,0.000000,345.2,247472,483.6,93870,340.4,-0.95,-0.000786,92075,316.9,-21.74,-0.022489,89447,312.7,-70.34,-0.088098,453.2,0.033503,300.9,73968,377.6,75362,299.9,42.49,0.032143,76338,302.8,48.95,0.043907,86997,310.7,69.63,0.085360,93.2,0.000000,1231.5,847983,1774.6,110338,352.2,-0.93,-0.000879,102584,327.2,-28.77,-0.032107,89951,308.2,-49.25,-0.062941,273.2,0.000000,100.0,99400,1019.3,114274,355.1,0.62,0.000599,109699,334.4,-0.04,-0.000043,89994,309.4,-32.19,-0.041007
634.17,0.0117438,0.050388,92698,91555,89963,91519,311.0,634.2,0.000000,16454.1,252294,486.1,93336,339.8,-0.98,-0.000811,91251,316.1,-22.34,-0.022962,89434,312.7,-69.38,-0.086877,454.2,0.031108,299.9,73406,376.2,74663,299.1,40.00,0.030055,77143,303.8,51.51,0.046552,86971,310.8,69.78,0.085514,94.2,0.000000,100.0,834430,1768.2,109542,351.4,-1.21,-0.001140,101700,326.3,-29.92,-0.033181,89925,308.2,-50.11,-0.064006,274.2,0.000000,389.5,97946,1015.2,114621,355.4,0.53,0.000515,109309,334.0,-1.63,-0.001896,89982,309.2,-33.03,-0.042078
635.15,0.0117621,0.050299,92614,92061,89958,91613,311.1,635.2,0.000000,120.5,257292,488.6,92782,339.2,-1.02,-0.000843,90439,315.3,-22.97,-0.023461,89429,312.8,-68.41,-0.085639,455.2,0.029424,299.1,72828,374.9,74064,298.4,38.15,0.028500,77872,304.6,53.69,0.048842,86953,310.8,69.93,0.085660,95.2,0.000000,100.0,821321,1761.9,108532,350.5,-1.55,-0.001446,100899,325.6,-30.88,-0.034053,89909,308.3,-50.93,-0.065028,275.2,0.000000,100.0,96491,1011.0,114886,355.6,0.41,0.000396,108930,333.7,-3.22,-0.003741,89977,309.1,-33.87,-0.043166
636.14,0.0117804,0.050215,92539,92488,89955,91707,311.1,636.1,0.000000,100.0,262474,491.1,92202,338.6,-1.08,-0.000882,89645,314.5,-23.61,-0.023971,89432,312.8,-67.42,-0.084403,456.1,0.028443,298.4,72252,373.6,73562,297.8,37.15,0.027618,78564,305.4,55.53,0.050837,86939,310.8,70.06,0.085799,96.1,0.000000,784.9,808638,1755.8,107303,349.4,-1.91,-0.001763,100178,324.9,-31.67,-0.034754,89904,308.4,-51.74,-0.066042,276.1,0.000000,100.0,95036,1006.8,115046,355.8,0.25,0.000246,108570,333.4,-4.78,-0.005548,89972,309.0,-34.71,-0.044255
637.13,0.0117986,0.050135,92480,92835,89961,91802,311.1,637.1,0.000000,475.9,267848,493.8,91591,338.0,-1.14,-0.000931,88870,313.7,-24.26,-0.024480,89443,312.9,-66.45,-0.083178,457.1,0.028204,297.7,71693,372.3,73139,297.3,37.09,0.027461,79248,306.1,57.08,0.052578,86929,310.9,70.19,0.085942,97.1,0.000000,707.3,796366,1749.8,105874,348.0,-2.25,-0.002058,99529,324.2,-32.33,-0.035313,89913,308.5,-52.58,-0.067089,277.1,0.000000,510.6,93581,1002.5,115080,355.8,0.07,0.000065,108233,333.1,-6.31,-0.007305,89971,308.8,-35.53,-0.045324
638.11,0.0118169,0.050059,92443,93131,89981,91897,311.1,638.1,0.000000,280.5,273423,496.4,90943,337.3,-1.22,-0.000988,88118,312.9,-24.91,-0.024980,89465,312.9,-65.48,-0.081968,458.1,0.028406,297.1,71159,371.0,72764,296.9,38.04,0.028063,79943,306.9,58.37,0.054096,86922,310.9,70.34,0.086109,98.1,0.000000,179.4,784489,1743.9,104283,346.5,-2.54,-0.002304,98943,323.7,-32.88,-0.035765,89933,308.7,-53.44,-0.068176,278.1,0.000000,348.8,92124,998.2,114998,355.7,-0.11,-0.000107,107924,332.8,-7.80,-0.009008,89976,308.7,-36.32,-0.046354
639.21,0.0118372,0.049976,92425,93391,90023,92002,311.2,639.2,0.000000,220.8,279865,499.5,90172,336.5,-1.32,-0.001063,87309,312.1,-25.61,-0.025516,89507,313.0,-64.40,-0.080642,459.2,0.029422,296.7,70613,369.7,72466,296.6,40.19,0.029557,80736,307.8,59.53,0.055561,86923,310.9,70.53,0.086344,99.2,0.000000,317.5,771738,1737.4,102381,344.7,-2.80,-0.002502,98350,323.1,-33.39,-0.036174,89968,308.8,-54.43,-0.069433,279.2,0.000000,100.0,90493,993.3,114745,355.5,-0.34,-0.000329,107616,332.5,-9.41,-0.010841,89996,308.6,-37.15,-0.047447
640.19,0.0118554,0.049904,92429,93551,90082,92098,311.2,640.2,0.000000,411.8,285894,502.3,89430,335.7,-1.42,-0.001135,86602,311.4,-26.23,-0.025977,89569,313.1,-63.45,-0.079472,460.2,0.031177,296.4,70177,368.6,72412,296.5,43.28,0.031810,81463,308.6,60.39,0.056730,86932,310.9,70.75,0.086618,100.2,0.000000,100.0,760647,1731.8,100605,343.0,-2.95,-0.002607,97853,322.6,-33.80,-0.036483,90018,309.0,-55.37,-0.070629,280.2,0.000000,140.7,89020,988.8,114356,355.2,-0.57,-0.000552,107373,332.3,-10.81,-0.012443,90032,308.5,-37.87,-0.048393
641.18,0.0118737,0.049832,92452,93630,90159,92193,311.3,641.2,0.000000,321.2,292154,505.1,88641,334.8,-1.52,-0.001208,85914,310.6,-26.82,-0.026416,89647,313.2,-62.49,-0.078320,461.2,0.033887,296.5,69812,367.5,72535,296.7,47.59,0.035025,82194,309.4,61.15,0.057807,86952,310.9,71.03,0.086973,101.2,0.000000,228.4,749908,1726.2,98815,341.2,-3.03,-0.002644,97374,322.1,-34.16,-0.036744,90085,309.1,-56.33,-0.071874,281.2,0.000000,100.0,87556,984.4,113796,354.7,-0.83,-0.000798,107166,332.1,-12.18,-0.014000,90091,308.4,-38.56,-0.049323
642.17,0.0118920,0.049760,92491,93651,90251,92289,311.4,642.2,0.000000,345.0,298654,508.0,87809,333.9,-1.61,-0.001278,85241,309.9,-27.39,-0.026832,89734,313.3,-61.53,-0.077156,462.2,0.037589,296.9,69538,366.5,72827,297.0,53.06,0.039159,82919,310.2,61.85,0.058838,86983,311.0,71.40,0.087443,102.2,0.000000,783.6,739508,1720.8,97056,339.5,-3.04,-0.002620,96893,321.6,-34.46,-0.036948,90163,309.3,-57.30,-0.073133,282.2,0.000000,261.5,86149,980.0,113063,354.0,-1.09,-0.001050,106991,331.9,-13.51,-0.015507,90170,308.3,-39.25,-0.050266
643.15,0.0119102,0.049687,92547,93654,90366,92385,311.5,643.2,0.000000,233.2,305407,511.0,86939,333.0,-1.71,-0.001341,84578,309.2,-27.95,-0.027222,89826,313.5,-60.52,-0.075934,463.2,0.041982,297.7,69363,365.6,73223,297.5,59.07,0.043758,83622,310.9,62.55,0.059863,87026,311.0,71.84,0.088010,103.2,0.000000,153.7,729434,1715.4,95363,337.8,-2.99,-0.002540,96389,321.1,-34.71,-0.037071,90246,309.5,-58.24,-0.074349,283.2,0.000000,100.0,85134,976.6,112177,353.2,-1.33,-0.001274,106845,331.8,-14.78,-0.016948,90265,308.3,-39.96,-0.051230
644.14,0.0119284,0.049612,92621,93615,90506,92480,311.6,644.1,0.000000,433.0,312423,514.0,86038,332.0,-1.79,-0.001394,83921,308.5,-28.48,-0.027586,89927,313.6,-59.43,-0.074609,464.1,0.046383,298.7,69288,364.7,73621,298.0,64.73,0.048134,84292,311.6,63.28,0.060909,87082,311.1,72.35,0.088672,104.1,0.000000,100.0,719676,1710.2,93764,336.2,-2.88,-0.002418,95828,320.5,-34.81,-0.037034,90339,309.7,-59.08,-0.075453,284.1,0.000000,100.0,85103,975.8,111180,352.3,-1.52,-0.001442,106720,331.7,-15.97,-0.018300,90373,308.2,-40.65,-0.052192
645.12,0.0119467,0.049534,92713,93517,90660,92576,311.7,645.1,0.000000,219.7,319715,517.1,85113,331.0,-1.85,-0.001435,83268,307.8,-28.98,-0.027920,90040,313.8,-58.23,-0.073161,465.1,0.050408,299.7,69301,364.0,74009,298.5,69.72,0.052037,84919,312.3,64.05,0.061983,87149,311.1,72.91,0.089416,105.1,0.000000,190.8,710220,1705.1,92282,334.6,-2.72,-0.002260,95194,319.9,-34.79,-0.036841,90435,310.0,-59.79,-0.076383,285.1,0.000000,140.7,86184,978.0,110120,351.3,-1.64,-0.001544,106602,331.6,-17.06,-0.019534,90492,308.2,-41.32,-0.053116
646.11,0.0119649,0.049453,92818,93405,90818,92671,311.8,646.1,0.000000,378.7,327297,520.3,84174,329.9,-1.91,-0.001464,82615,307.1,-29.46,-0.028222,90161,314.0,-56.93,-0.071587,466.1,0.053917,300.7,69392,363.3,74381,298.9,73.89,0.055340,85498,312.9,64.87,0.063078,87223,311.2,73.51,0.090218,106.1,0.000000,412.7,701056,1700.0,90930,333.2,-2.53,-0.002076,94486,319.2,-34.69,-0.036540,90530,310.2,-60.33,-0.077096,286.1,0.000000,587.9,87898,981.8,109037,350.4,-1.70,-0.001588,106480,331.4,-18.03,-0.020626,90615,308.2,-41.93,-0.053974
647.20,0.0119852,0.049358,92946,93296,90998,92775,312.0,647.2,0.000000,248.3,336080,523.9,83124,328.7,-1.94,-0.001480,81886,306.3,-29.95,-0.028511,90297,314.1,-55.37,-0.069684,467.2,0.056882,301.7,69566,362.6,74828,299.5,77.60,0.058362,86066,313.4,65.87,0.064357,87309,311.2,74.21,0.091154,107.2,0.000000,187.7,691203,1694.5,89589,331.8,-2.28,-0.001857,93589,318.3,-34.41,-0.036003,90640,310.4,-60.72,-0.077630,287.2,0.000000,100.0,89660,985.5,107842,349.3,-1.71,-0.001585,106320,331.3,-18.94,-0.021652,90750,308.2,-42.50,-0.054801
648.19,0.0120035,0.049269,93070,93209,91166,92868,312.1,648.2,0.000000,2626.5,344323,527.2,82182,327.7,-1.96,-0.001480,81225,305.6,-30.35,-0.028722,90423,314.3,-53.84,-0.067821,468.2,0.059311,302.6,69776,362.1,75285,300.0,80.32,0.060666,86487,313.9,66.91,0.065613,87387,311.3,74.87,0.092035,108.2,0.000000,350.6,682620,1689.7,88526,330.7,-2.06,-0.001656,92686,317.4,-33.90,-0.035226,90747,310.6,-60.90,-0.077903,288.2,0.000000,392.2,91080,988.3,106798,348.3,-1.68,-0.001550,106141,331.1,-19.62,-0.022403,90867,308.2,-42.90,-0.055376
649.17,0.0120217,0.049175,93201,93150,91341,92960,312.2,649.2,0.000000,100.0,352904,530.6,81251,326.6,-1.96,-0.001468,80558,304.9,-30.69,-0.028878,90553,314.5,-52.20,-0.065814,469.2,0.061307,303.5,70030,361.7,75793,300.7,82.64,0.062712,86830,314.2,68.05,0.066919,87466,311.3,75.56,0.092957,109.2,0.000000,101.5,674297,1685.0,87593,329.7,-1.83,-0.001464,91702,316.4,-33.14,-0.034175,90861,310.8,-60.92,-0.077979,289.2,0.000000,100.0,92381,990.9,105793,347.3,-1.63,-0.001497,105913,330.9,-20.17,-0.022996,90980,308.2,-43.13,-0.055742
650.16,0.0120400,0.049076,93324,93102,91519,93049,312.3,650.2,0.000000,289.1,361841,534.0,80338,325.6,-1.95,-0.001446,79880,304.1,-30.97,-0.028971,90691,314.7,-50.46,-0.063677,470.2,0.063180,304.4,70325,361.3,76323,301.3,84.67,0.064563,87121,314.5,69.24,0.068260,87545,311.3,76.28,0.093915,110.2,0.000000,100.0,666224,1680.3,86775,328.8,-1.62,-0.001288,90660,315.4,-32.22,-0.032955,90981,311.0,-60.79,-0.077863,290.2,0.000000,548.1,93565,993.0,104834,346.4,-1.57,-0.001434,105621,330.6,-20.61,-0.023447,91093,308.2,-43.18,-0.055876
651.14,0.0120582,0.048974,93445,93047,91708,93137,312.4,651.1,0.000000,100.0,371153,537.5,79447,324.5,-1.92,-0.001416,79192,303.4,-31.19,-0.028996,90837,314.9,-48.62,-0.061419,471.1,0.064877,305.2,70657,360.9,76868,301.9,86.42,0.066228,87374,314.7,70.51,0.069668,87626,311.4,77.02,0.094910,111.1,0.000000,364.5,658392,1675.7,86057,328.0,-1.44,-0.001135,89591,314.3,-31.18,-0.031624,91105,311.2,-60.55,-0.077600,291.1,0.000000,100.0,94924,995.6,103925,345.6,-1.51,-0.001365,105231,330.2,-20.91,-0.023731,91209,308.3,-43.05,-0.055763
652.13,0.0120765,0.048866,93596,93002,91953,93222,312.6,652.1,0.000000,100.0,380859,541.1,78581,323.5,-1.89,-0.001382,78488,302.6,-31.34,-0.028954,91000,315.1,-46.67,-0.059016,472.1,0.066411,306.1,71023,360.6,77430,302.6,87.95,0.067744,87514,314.8,71.89,0.071121,87722,311.4,77.81,0.095975,112.1,0.000000,104.9,650793,1671.3,85419,327.3,-1.29,-0.001010,88517,313.2,-30.05,-0.030218,91246,311.5,-60.13,-0.077125,292.1,0.000000,128.9,95967,997.3,103067,344.8,-1.43,-0.001290,104722,329.7,-21.12,-0.023889,91345,308.4,-42.71,-0.055398
653.12,0.0120948,0.048754,93727,92968,92390,93303,312.9,653.1,0.000000,386.3,390982,544.8,77740,322.5,-1.85,-0.001345,77767,301.8,-31.44,-0.028855,91222,315.3,-44.48,-0.056334,473.1,0.067820,307.0,71419,360.4,78012,303.3,89.30,0.069141,87512,314.7,73.44,0.072662,87880,311.4,78.72,0.097252,113.1,0.000000,100.0,643418,1666.9,84842,326.7,-1.17,-0.000913,87455,312.1,-28.85,-0.028768,91446,311.7,-59.42,-0.076315,293.1,0.000000,322.7,96963,998.9,102264,344.0,-1.35,-0.001212,104095,329.1,-21.33,-0.024019,91543,308.5,-42.09,-0.054675
654.11,0.0121131,0.048637,93835,92943,93067,93380,313.4,654.1,0.000000,445.2,401544,548.6,76924,321.5,-1.82,-0.001309,77024,301.0,-31.50,-0.028709,91586,315.8,-41.85,-0.053153,474.1,0.069125,307.8,71845,360.2,78611,304.0,90.49,0.070435,87370,314.5,75.14,0.074278,88193,311.5,79.92,0.099059,114.1,0.000000,764.0,636258,1662.5,84309,326.1,-1.08,-0.000844,86421,311.0,-27.62,-0.027305,91788,312.2,-58.26,-0.075002,294.1,0.000000,258.3,97886,1000.3,101517,343.3,-1.27,-0.001130,103339,328.4,-21.56,-0.024164,91880,308.8,-40.98,-0.053381
655.21,0.0121335,0.048504,93946,92929,93716,93458,313.9,655.2,0.000000,218.0,413822,552.8,76044,320.5,-1.78,-0.001271,76166,300.0,-31.53,-0.028511,92138,316.3,-38.56,-0.049178,475.2,0.070402,308.8,72349,360.0,79293,304.8,91.65,0.071762,87087,314.2,77.18,0.076129,88661,311.7,81.34,0.101299,115.2,0.000000,579.8,628549,1657.9,83745,325.5,-1.03,-0.000799,85322,309.9,-26.24,-0.025706,92313,312.8,-56.55,-0.073067,295.2,0.000000,316.6,98921,1001.8,100754,342.5,-1.17,-0.001037,102344,327.5,-21.91,-0.024383,92399,309.3,-39.28,-0.051387
656.20,0.0121518,0.048382,93991,92932,94133,93523,314.2,656.2,0.000000,600.2,425385,556.8,75273,319.6,-1.75,-0.001242,75366,299.1,-31.57,-0.028332,92650,316.9,-35.57,-0.045538,476.2,0.071579,309.6,72828,359.9,79916,305.5,92.54,0.072854,86763,313.8,79.07,0.077810,89058,311.9,82.42,0.103034,116.2,0.000000,100.0,621826,1653.7,83246,324.9,-1.02,-0.000787,84390,308.9,-25.02,-0.024319,92806,313.4,-54.90,-0.071191,296.2,0.000000,408.1,99679,1002.7,100129,341.9,-1.08,-0.000951,101325,326.6,-22.31,-0.024648,92891,309.7,-37.66,-0.049455
657.19,0.0121702,0.048260,93969,92951,94466,93582,314.4,657.2,0.000000,1835.9,437458,560.8,74520,318.6,-1.73,-0.001216,74542,298.1,-31.64,-0.028176,93111,317.4,-32.69,-0.041994,477.2,0.072596,310.5,73330,359.9,80545,306.3,93.29,0.073847,86399,313.3,80.92,0.079411,89405,312.2,83.33,0.104481,117.2,0.000000,100.0,615301,1649.6,82739,324.3,-1.04,-0.000797,83521,308.0,-23.84,-0.023008,93254,313.9,-53.30,-0.069338,297.2,0.000000,576.9,100228,1003.2,99560,341.4,-0.99,-0.000866,100215,325.5,-22.76,-0.024950,93344,310.1,-36.12,-0.047603
658.18,0.0121885,0.048143,93914,92987,94746,93638,314.6,658.2,0.000000,100.0,450071,564.9,73782,317.7,-1.71,-0.001195,73701,297.2,-31.75,-0.028045,93509,317.8,-29.94,-0.038578,478.2,0.073527,311.3,73853,359.8,81181,307.0,93.92,0.074754,86027,312.8,82.67,0.080895,89716,312.6,84.07,0.105661,118.2,0.000000,922.7,608968,1645.7,82213,323.8,-1.08,-0.000824,82722,307.1,-22.73,-0.021786,93644,314.4,-51.79,-0.067552,298.2,0.000000,235.7,101173,1004.5,99046,340.9,-0.90,-0.000787,99069,324.4,-23.27,-0.025307,93742,310.4,-34.72,-0.045907
659.17,0.0122069,0.048029,93853,93041,94954,93688,314.8,659.2,0.000000,296.8,463249,569.1,73056,316.8,-1.69,-0.001176,72847,296.2,-31.88,-0.027926,93843,318.1,-27.34,-0.035311,479.2,0.070734,312.2,74336,359.8,82602,308.8,91.95,0.074047,85677,312.4,84.26,0.082239,89998,312.9,84.62,0.106563,119.2,0.000000,100.0,602821,1641.8,81663,323.1,-1.13,-0.000862,81995,306.3,-21.70,-0.020665,93970,314.8,-50.37,-0.065849,299.2,0.000000,257.5,102641,1006.9,98578,340.4,-0.82,-0.000716,97915,323.3,-23.81,-0.025677,94079,310.7,-33.49,-0.044397
660.17,0.0122253,0.047920,93787,93114,95036,93736,314.8,660.2,0.000000,1117.1,477023,573.4,72343,315.9,-1.68,-0.001159,71994,295.2,-32.00,-0.027800,94099,318.4,-24.95,-0.032280,480.2,0.075033,312.9,74895,359.9,82892,309.1,93.58,0.075536,85362,312.0,85.65,0.083400,90239,313.3,84.90,0.107085,120.2,0.000000,225.7,596856,1637.9,81088,322.5,-1.19,-0.000901,81342,305.6,-20.75,-0.019656,94218,315.1,-49.10,-0.064292,300.2,0.000000,100.0,103808,1008.7,98148,340.0,-0.76,-0.000658,96778,322.2,-24.35,-0.026042,94341,311.0,-32.49,-0.043160
661.16,0.0122437,0.047815,93713,93202,95049,93780,314.8,661.2,0.000000,100.0,491423,577.8,71641,315.1,-1.67,-0.001142,71163,294.2,-32.07,-0.027630,94266,318.6,-22.80,-0.029543,481.2,0.075753,313.8,75470,359.9,83307,309.6,94.69,0.076687,85092,311.6,86.80,0.084352,90423,313.6,84.84,0.107115,121.2,0.000000,413.3,591066,1634.2,80492,321.8,-1.24,-0.000935,80762,305.0,-19.91,-0.018759,94374,315.3,-48.00,-0.062912,301.2,0.000000,100.0,104924,1010.3,97741,339.6,-0.72,-0.000625,95676,321.2,-24.87,-0.026386,94515,311.1,-31.76,-0.042250
662.15,0.0122621,0.047715,93638,93309,95043,93823,314.8,662.2,0.000000,129.7,506484,582.2,70951,314.2,-1.66,-0.001126,70375,293.2,-32.03,-0.027375,94355,318.7,-20.85,-0.027034,482.2,0.076367,314.6,76062,360.0,83752,310.1,95.07,0.077278,84875,311.2,87.69,0.085095,90546,313.9,84.42,0.106636,122.2,0.000000,100.0,585424,1630.4,79884,321.1,-1.28,-0.000957,80248,304.4,-19.15,-0.017961,94453,315.5,-47.02,-0.061642,302.2,0.000000,594.5,105994,1011.7,97326,339.2,-0.73,-0.000631,94623,320.1,-25.36,-0.026695,94621,311.2,-31.27,-0.041625
663.15,0.0122805,0.047620,93572,93430,94970,93863,314.8,663.1,0.000000,186.4,522238,586.8,70272,313.3,-1.65,-0.001111,69631,292.4,-31.88,-0.027039,94380,318.7,-19.07,-0.024721,483.1,0.072900,315.3,76601,360.1,85034,311.7,92.75,0.076170,84713,310.9,88.35,0.085651,90622,314.1,83.78,0.105823,123.1,0.000000,150.5,579765,1626.3,79272,320.4,-1.30,-0.000966,79792,303.9,-18.46,-0.017241,94463,315.5,-46.12,-0.060453,303.1,0.000000,1402.1,107049,1013.1,96880,338.7,-0.79,-0.000677,93629,319.2,-25.80,-0.026958,94666,311.3,-31.01,-0.041290
664.14,0.0122989,0.047529,93519,93559,94813,93903,314.6,664.1,0.000000,143.2,538721,591.5,69602,312.5,-1.64,-0.001099,68926,291.5,-31.68,-0.026674,94358,318.7,-17.48,-0.022658,484.1,0.076818,315.8,77209,360.3,85228,311.9,93.69,0.077066,84602,310.7,88.81,0.086051,90643,314.3,82.95,0.104739,124.1,0.000000,343.4,574266,1622.2,78666,319.7,-1.30,-0.000960,79383,303.5,-17.82,-0.016582,94421,315.6,-45.32,-0.059379,304.1,0.000000,137.7,108080,1014.4,96375,338.2,-0.89,-0.000761,92699,318.2,-26.19,-0.027165,94644,311.2,-30.96,-0.041224
665.14,0.0123173,0.047441,93469,93689,94634,93941,314.4,665.1,0.000000,100.0,555973,596.3,68938,311.6,-1.64,-0.001090,68271,290.7,-31.35,-0.026215,94290,318.7,-16.10,-0.020863,485.1,0.076933,316.5,77823,360.4,85536,312.3,94.06,0.077558,84537,310.5,89.10,0.086314,90623,314.5,82.00,0.103469,125.1,0.000000,100.0,568925,1618.2,78074,319.0,-1.28,-0.000941,79015,303.1,-17.22,-0.015972,94339,315.6,-44.66,-0.058456,305.1,0.000000,299.0,109042,1015.5,95791,337.6,-1.03,-0.000879,91842,317.4,-26.49,-0.027303,94574,311.2,-31.08,-0.041354
666.13,0.0123357,0.047357,93415,93818,94471,93980,314.3,666.1,0.000000,2321.2,574036,601.1,68278,310.8,-1.64,-0.001088,67689,290.0,-30.81,-0.025609,94193,318.6,-14.86,-0.019239,486.1,0.073164,317.2,78381,360.6,86932,313.9,90.86,0.075747,84521,310.4,89.19,0.086430,90586,314.6,81.01,0.102139,126.1,0.000000,279.8,563735,1614.2,77505,318.4,-1.24,-0.000908,78679,302.7,-16.65,-0.015401,94228,315.5,-44.06,-0.057608,306.1,0.000000,100.0,109879,1016.3,95108,336.9,-1.21,-0.001027,91059,316.6,-26.73,-0.027376,94483,311.1,-31.41,-0.041771
667.13,0.0123542,0.047276,93363,93939,94336,94017,314.2,667.1,0.000000,178.5,592952,606.1,67613,309.9,-1.67,-0.001095,67197,289.4,-30.03,-0.024833,94084,318.5,-13.69,-0.017703,487.1,0.076715,317.7,79000,360.7,86940,313.9,91.81,0.076542,84560,310.3,89.17,0.086475,90546,314.7,80.03,0.100842,127.1,0.000000,100.0,558689,1610.4,76963,317.7,-1.19,-0.000867,78363,302.3,-16.11,-0.014858,94108,315.5,-43.46,-0.056762,307.1,0.000000,100.0,110518,1016.6,94309,336.1,-1.42,-0.001201,90342,315.9,-26.91,-0.027409,94379,311.1,-31.93,-0.042418
668.12,0.0123726,0.047198,93329,94058,94251,94055,314.1,668.1,0.000000,130.6,612769,611.2,66937,309.0,-1.71,-0.001116,66802,288.9,-28.97,-0.023859,93982,318.4,-12.52,-0.016178,488.1,0.076530,318.1,79622,360.9,87074,314.1,91.87,0.076675,84647,310.3,89.09,0.086488,90524,314.7,79.11,0.099641,128.1,0.000000,376.1,553781,1606.6,76453,317.1,-1.13,-0.000819,78058,302.0,-15.58,-0.014331,93993,315.5,-42.80,-0.055832,308.1,0.000000,335.0,110946,1016.5,93387,335.2,-1.65,-0.001387,89690,315.2,-27.05,-0.027412,94279,311.0,-32.51,-0.043149
669.12,0.0123911,0.047123,93319,94184,94179,94092,314.0,669.1,0.000000,100.0,633532,616.3,66239,308.1,-1.78,-0.001152,66501,288.5,-27.61,-0.022659,93889,318.3,-11.29,-0.014578,489.1,0.072312,318.7,80180,361.1,88467,315.6,88.42,0.074595,84780,310.3,88.91,0.086430,90521,314.7,78.24,0.098542,129.1,0.000000,191.8,549002,1602.8,75977,316.5,-1.06,-0.000767,77752,301.7,-15.06,-0.013810,93889,315.4,-42.02,-0.054759,309.1,0.000000,313.3,111186,1015.9,92349,334.1,-1.88,-0.001565,89099,314.6,-27.16,-0.027397,94198,311.0,-33.13,-0.043939
670.11,0.0124095,0.047049,93322,94298,94083,94128,313.9,670.1,0.000000,100.0,655289,621.6,65515,307.1,-1.86,-0.001197,66295,288.3,-25.93,-0.021236,93804,318.2,-10.06,-0.012980,490.1,0.075643,319.2,80796,361.3,88390,315.6,89.30,0.075292,84950,310.4,88.51,0.086188,90517,314.6,77.39,0.097479,130.1,0.000000,233.9,544346,1599.1,75539,316.0,-0.99,-0.000709,77437,301.3,-14.53,-0.013287,93800,315.4,-41.21,-0.053652,310.1,0.000000,266.5,111265,1015.0,91216,332.9,-2.08,-0.001715,88563,314.0,-27.25,-0.027368,94117,310.9,-33.79,-0.044780
671.11,0.0124280,0.046975,93330,94419,93982,94164,313.8,671.1,0.000000,100.0,678094,627.0,64765,306.1,-1.95,-0.001242,66171,288.1,-23.98,-0.019614,93722,318.2,-8.86,-0.011429,491.1,0.075238,319.5,81411,361.5,88448,315.6,89.20,0.075234,85179,310.6,87.97,0.085860,90501,314.6,76.56,0.096433,131.1,0.000000,391.8,539803,1595.5,75139,315.5,-0.90,-0.000648,77108,300.9,-13.99,-0.012759,93719,315.4,-40.43,-0.052593,311.1,0.000000,100.0,111199,1013.8,90019,331.7,-2.23,-0.001821,88080,313.5,-27.31,-0.027325,94035,310.9,-34.49,-0.045679
672.11,0.0124464,0.046902,93340,94611,93892,94200,313.8,672.1,0.000000,604.1,702002,632.5,63998,305.1,-2.02,-0.001274,66096,288.0,-21.87,-0.017871,93645,318.1,-7.69,-0.009907,492.1,0.070819,320.0,81962,361.7,89720,317.1,85.87,0.073136,85465,310.7,87.34,0.085491,90482,314.5,75.76,0.095436,132.1,0.000000,100.0,535367,1591.9,74780,315.1,-0.82,-0.000584,76762,300.6,-13.45,-0.012225,93648,315.4,-39.69,-0.051598,312.1,0.000000,131.2,110994,1012.3,88793,330.4,-2.32,-0.001876,87639,313.1,-27.35,-0.027266,93959,310.9,-35.23,-0.046627
673.11,0.0124649,0.046829,93357,94868,93819,94235,313.7,673.1,0.000000,1485.0,727071,638.1,63230,304.0,-2.05,-0.001282,66076,288.0,-19.64,-0.016048,93577,318.0,-6.53,-0.008412,493.1,0.073965,320.5,82567,361.9,89602,317.0,86.44,0.073552,85777,310.9,86.65,0.085066,90463,314.4,75.02,0.094511,133.1,0.000000,205.5,531029,1588.4,74461,314.7,-0.73,-0.000521,76399,300.1,-12.91,-0.011691,93583,315.4,-38.98,-0.050640,313.1,0.000000,582.2,110635,1010.4,87571,329.1,-2.35,-0.001883,87228,312.6,-27.36,-0.027183,93891,310.8,-36.00,-0.047616
674.21,0.0124854,0.046748,93391,95059,93759,94273,313.6,674.2,0.000000,659.8,756361,644.5,62399,302.9,-2.02,-0.001255,66093,288.0,-17.04,-0.013923,93515,318.0,-5.25,-0.006763,494.2,0.073216,320.7,83233,362.2,89695,317.1,86.09,0.073301,86169,311.2,85.91,0.084652,90449,314.3,74.29,0.093596,134.2,0.000000,452.8,526316,1584.5,74153,314.4,-0.64,-0.000452,75977,299.7,-12.31,-0.011104,93523,315.4,-38.20,-0.049590,314.2,0.000000,458.1,110070,1007.9,86252,327.7,-2.32,-0.001839,86790,312.2,-27.31,-0.027038,93831,310.9,-36.88,-0.048746
675.21,0.0125039,0.046674,93439,95142,93724,94308,313.6,675.2,0.000000,100.0,784082,650.3,61685,301.9,-1.96,-0.001208,66123,288.1,-14.71,-0.012021,93474,317.9,-4.10,-0.005273,495.2,0.068774,321.2,83770,362.4,90729,318.3,83.35,0.071526,86562,311.5,85.31,0.084363,90444,314.2,73.71,0.092889,135.2,0.000000,196.8,522163,1581.0,73913,314.1,-0.56,-0.000393,75587,299.2,-11.78,-0.010589,93481,315.5,-37.48,-0.048627,315.2,0.000000,266.8,109508,1005.6,85121,326.4,-2.25,-0.001765,86395,311.8,-27.21,-0.026855,93792,310.9,-37.69,-0.049787
676.21,0.0125224,0.046598,93505,95191,93706,94341,313.6,676.2,0.000000,100.0,813160,656.3,61009,300.9,-1.89,-0.001151,66141,288.1,-12.44,-0.010168,93447,317.9,-2.93,-0.003772,496.2,0.071796,321.6,84360,362.6,90644,318.2,83.37,0.071488,86977,311.8,84.76,0.084136,90444,314.1,73.22,0.092297,136.2,0.000000,100.0,518087,1577.6,73708,313.8,-0.48,-0.000339,75191,298.8,-11.27,-0.010095,93449,315.5,-36.72,-0.047617,316.2,0.000000,550.4,109234,1003.8,84060,325.2,-2.14,-0.001667,85987,311.3,-27.03,-0.026586,93770,310.9,-38.51,-0.050851
677.21,0.0125409,0.046520,93591,95217,93702,94374,313.6,677.2,0.000000,269633.8,843661,662.4,60377,300.0,-1.78,-0.001081,66139,288.1,-10.26,-0.008390,93434,317.9,-1.76,-0.002260,497.2,0.067320,321.9,84887,362.8,91842,319.5,80.00,0.069218,87415,312.2,84.25,0.083954,90450,314.1,72.82,0.091821,137.2,0.000000,300.7,514083,1574.3,73532,313.6,-0.41,-0.000291,74796,298.3,-10.79,-0.009627,93424,315.5,-35.88,-0.046515,317.2,0.000000,100.0,110411,1005.1,83079,324.2,-2.01,-0.001552,85552,310.9,-26.73,-0.026194,93763,311.0,-39.35,-0.051939
678.21,0.0125594,0.046439,93691,95206,93711,94406,313.6,678.2,0.000000,100.0,875657,668.6,59804,299.2,-1.64,-0.000985,66121,288.1,-8.18,-0.006684,93432,317.9,-0.57,-0.000737,498.2,0.070180,322.3,85466,363.0,91679,319.4,80.64,0.069682,87875,312.5,83.76,0.083802,90460,314.0,72.50,0.091455,138.2,0.000000,1158.2,510143,1570.9,73380,313.4,-0.36,-0.000250,74405,297.9,-10.34,-0.009189,93406,315.6,-34.94,-0.045285,318.2,0.000000,649.3,114863,1013.2,82180,323.2,-1.86,-0.001428,85081,310.4,-26.28,-0.025657,93764,311.1,-40.19,-0.053045
679.21,0.0125779,0.046354,93810,95149,93740,94437,313.6,679.2,0.000000,303.7,909220,674.9,59321,298.5,-1.41,-0.000841,66094,288.0,-6.16,-0.005033,93400,317.9,0.51,0.000662,499.2,0.069465,322.6,86040,363.3,91720,319.4,80.37,0.069473,88352,312.9,83.26,0.083654,90477,313.9,72.27,0.091201,139.2,0.000000,100.0,506261,1567.6,73248,313.3,-0.31,-0.000219,74023,297.4,-9.92,-0.008785,93392,315.6,-33.87,-0.043878,319.2,0.000000,201.6,121458,1025.4,81365,322.2,-1.71,-0.001301,84570,309.8,-25.68,-0.024964,93769,311.2,-41.03,-0.054133
680.20,0.0125964,0.046264,93945,95080,93758,94466,313.6,680.2,0.000000,100.0,944423,681.3,58966,298.0,-1.06,-0.000632,66035,288.0,-4.19,-0.003425,93396,317.9,1.67,0.002151,500.2,0.065202,323.0,86557,363.5,92760,320.5,77.75,0.067724,88841,313.3,82.75,0.083489,90512,313.9,72.14,0.091085,140.2,0.000000,100.0,502428,1564.3,73127,313.1,-0.28,-0.000198,73653,297.0,-9.54,-0.008417,93385,315.7,-32.57,-0.042192,320.2,0.000000,165.8,128275,1037.4,80632,321.4,-1.56,-0.001176,84016,309.2,-24.92,-0.024111,93782,311.3,-41.80,-0.055138
681.20,0.0126149,0.046169,94086,95010,93786,94494,313.7,681.2,0.000000,9599.1,981351,687.8,58777,297.8,-0.60,-0.000359,65951,287.9,-2.27,-0.001849,93435,317.9,2.95,0.003797,501.2,0.068116,323.4,87127,363.7,92682,320.5,77.91,0.067824,89345,313.8,82.23,0.083321,90585,313.9,72.12,0.091135,141.2,0.000000,100.0,498639,1561.0,73012,313.0,-0.27,-0.000188,73298,296.6,-9.20,-0.008090,93396,315.8,-30.98,-0.040116,321.2,0.000000,436.9,135205,1049.0,79977,320.7,-1.41,-0.001056,83426,308.6,-24.00,-0.023106,93818,311.4,-42.43,-0.055970
682.20,0.0126334,0.046068,94222,94915,93822,94520,313.7,682.2,0.000000,1571.8,1020051,694.4,58770,297.7,-0.10,-0.000057,65853,287.8,-0.33,-0.000273,93474,317.9,4.22,0.005431,502.2,0.063898,323.7,87639,364.0,93892,321.8,74.59,0.065519,89874,314.2,81.73,0.083184,90645,313.9,72.12,0.091180,142.2,0.000000,202.9,494887,1557.7,72895,312.8,-0.27,-0.000190,72960,296.2,-8.91,-0.007807,93394,315.8,-29.16,-0.037759,322.2,0.000000,220.0,141847,1059.4,79394,320.0,-1.26,-0.000943,82808,307.9,-22.94,-0.021972,93838,311.5,-43.01,-0.056724
683.20,0.0126519,0.045963,94349,94791,93854,94544,313.7,683.2,0.000000,395.4,1060581,701.1,58921,298.0,0.38,0.000227,65748,287.6,1.64,0.001333,93514,317.8,5.47,0.007050,503.2,0.066611,324.1,88202,364.2,93751,321.6,75.41,0.066169,90444,314.7,81.29,0.083130,90700,313.9,72.09,0.091196,143.2,0.000000,267.7,491167,1554.4,72770,312.7,-0.29,-0.000202,72639,295.8,-8.66,-0.007567,93386,315.9,-27.10,-0.035078,323.2,-0.000029,893.3,147441,1067.6,78913,319.5,-1.16,-0.000864,82174,307.3,-21.78,-0.020740,93845,311.6,-43.46,-0.057310
684.20,0.0126704,0.045854,94468,94670,93886,94565,313.8,684.2,0.000000,1068.2,1103009,707.9,59252,298.4,0.88,0.000529,65646,287.5,3.67,0.002986,93551,317.8,6.72,0.008660,504.2,0.066099,324.5,88764,364.5,93810,321.7,75.33,0.066126,91072,315.3,80.96,0.083222,90759,313.9,71.98,0.091113,144.2,0.000000,100.0,487469,1551.2,72632,312.5,-0.32,-0.000223,72338,295.5,-8.46,-0.007372,93375,315.9,-24.78,-0.032073,324.2,-0.000092,889.0,152887,1075.0,78540,319.2,-1.15,-0.000850,81538,306.6,-20.53,-0.019447,93840,311.7,-43.73,-0.057639
685.20,0.0126888,0.045741,94580,94569,93910,94583,313.8,685.2,0.000000,100.0,1147401,714.8,59733,299.1,1.32,0.000793,65554,287.4,5.78,0.004694,93582,317.7,7.96,0.010271,505.2,0.062104,324.9,89275,364.7,94889,322.8,72.87,0.064472,91768,315.9,80.77,0.083498,90829,313.9,71.77,0.090924,145.2,0.000000,328.3,483788,1547.9,72478,312.3,-0.36,-0.000249,72063,295.2,-8.32,-0.007225,93366,315.9,-22.24,-0.028774,325.2,-0.000108,885.0,157657,1081.1,78179,319.0,-1.18,-0.000872,80911,305.9,-19.24,-0.018126,93815,311.8,-43.72,-0.057593
686.19,0.0127073,0.045624,94682,94497,93919,94598,313.8,686.2,0.000000,525.6,1193819,721.8,60327,299.9,1.65,0.000998,65480,287.3,7.95,0.006449,93602,317.7,9.19,0.011857,506.2,0.065056,325.3,89839,365.0,94913,322.8,73.41,0.064964,92529,316.6,80.71,0.083944,90904,313.9,71.45,0.090585,146.2,0.000000,100.0,480120,1544.7,72305,312.1,-0.40,-0.000278,71812,294.9,-8.21,-0.007113,93355,316.0,-19.52,-0.025248,326.2,-0.000138,881.3,160911,1084.5,77845,318.8,-1.23,-0.000907,80303,305.2,-17.94,-0.016810,93781,311.9,-43.50,-0.057277
687.19,0.0127257,0.045504,94780,94450,93927,94609,313.8,687.2,0.000000,822.0,1242320,728.9,60997,300.8,1.86,0.001137,65423,287.2,10.16,0.008240,93605,317.5,10.41,0.013440,507.2,0.064623,325.7,90406,365.2,95138,323.0,73.36,0.065031,93333,317.3,80.73,0.084495,90985,313.9,70.98,0.090071,147.2,0.000000,704.9,476459,1541.4,72115,311.9,-0.44,-0.000307,71584,294.6,-8.12,-0.007022,93343,316.0,-16.66,-0.021544,327.2,-0.000181,878.2,164442,1088.3,77550,318.8,-1.32,-0.000963,79721,304.6,-16.66,-0.015529,93733,311.9,-43.07,-0.056669
688.18,0.0127441,0.045381,94918,94405,93942,94617,313.9,688.2,0.000000,178.0,1292954,736.1,61706,301.8,1.97,0.001213,65386,287.2,12.40,0.010051,93600,317.4,11.68,0.015080,508.2,0.061040,326.2,90928,365.5,96140,324.1,71.45,0.063798,94149,318.1,80.75,0.085054,91082,314.0,70.39,0.089411,148.2,0.000000,264.5,472799,1538.1,71908,311.6,-0.48,-0.000334,71378,294.3,-8.06,-0.006951,93339,316.0,-13.67,-0.017676,328.2,-0.000243,875.2,167060,1090.5,77302,318.9,-1.45,-0.001059,79169,304.0,-15.43,-0.014311,93684,312.0,-42.32,-0.055649
689.18,0.0127625,0.045250,95215,94353,93934,94621,313.9,689.2,0.000000,483.9,1345770,743.3,62421,302.8,1.98,0.001228,65374,287.2,14.66,0.011881,93581,317.2,12.97,0.016759,509.2,0.064078,326.8,91505,365.8,96268,324.2,71.83,0.064205,94941,318.8,80.70,0.085517,91183,314.0,69.65,0.088566,149.2,0.000000,100.0,469137,1534.8,71688,311.3,-0.51,-0.000357,71195,294.1,-8.01,-0.006900,93342,316.0,-10.63,-0.013748,329.2,-0.000331,872.6,169229,1092.0,77103,319.2,-1.67,-0.001214,78648,303.4,-14.26,-0.013164,93635,312.0,-41.31,-0.054275
690.17,0.0127809,0.045104,95682,94305,93908,94621,313.9,690.2,0.000000,375.9,1400806,750.6,63110,303.7,1.90,0.001191,65404,287.2,16.93,0.013730,93541,317.0,14.27,0.018438,510.2,0.060522,327.1,92038,366.0,97501,325.4,69.26,0.062462,95678,319.5,80.51,0.085796,91275,314.0,68.75,0.087505,150.2,0.000000,248.3,465466,1531.5,71458,311.0,-0.54,-0.000375,71036,293.9,-7.97,-0.006856,93336,316.0,-7.63,-0.009862,330.2,-0.000453,870.4,170348,1091.8,76964,319.8,-1.99,-0.001439,78161,302.9,-13.15,-0.012084,93576,312.1,-40.08,-0.052616
691.16,0.0127993,0.044939,96057,94270,93862,94617,313.8,691.2,0.000000,177.2,1458092,757.9,63761,304.6,1.79,0.001126,65486,287.3,19.19,0.015577,93481,316.8,15.58,0.020125,511.2,0.063475,327.5,92626,366.4,97504,325.4,70.21,0.063319,96340,320.1,80.14,0.085832,91354,314.0,67.71,0.086262,151.2,0.000000,100.0,461782,1528.2,71221,310.8,-0.56,-0.000388,70906,293.8,-7.92,-0.006801,93318,316.0,-4.67,-0.006035,331.2,-0.000587,868.5,171096,1091.1,76854,320.6,-2.42,-0.001744,77716,302.4,-12.09,-0.011066,93507,312.2,-38.65,-0.050700
692.15,0.0128176,0.044762,96288,94250,93768,94609,313.8,692.2,0.000000,693.3,1517649,765.3,64366,305.4,1.65,0.001049,65644,287.5,21.52,0.017500,93390,316.5,16.85,0.021766,512.2,0.063278,328.0,93221,366.7,97753,325.6,70.52,0.063726,96921,320.6,79.57,0.085590,91399,314.0,66.57,0.084852,152.2,0.000000,257.9,458079,1524.8,70979,310.5,-0.58,-0.000396,70828,293.7,-7.74,-0.006642,93275,316.0,-1.83,-0.002360,332.2,-0.000737,866.7,171540,1089.9,76761,321.7,-2.94,-0.002111,77326,301.9,-11.08,-0.010104,93421,312.2,-37.11,-0.048627
693.14,0.0128359,0.044579,96449,94249,93636,94599,313.7,693.1,0.000000,153.2,1579488,772.7,64928,306.1,1.52,0.000972,65927,287.9,24.04,0.019607,93262,316.2,18.06,0.023322,513.1,0.059805,328.6,93774,367.0,98822,326.7,68.65,0.062505,97418,321.1,78.78,0.085055,91394,313.9,65.36,0.083328,153.1,0.000000,305.8,454353,1521.4,70735,310.1,-0.58,-0.000401,70799,293.7,-7.39,-0.006339,93137,315.9,0.69,0.000891,333.1,-0.000913,865.3,170740,1086.8,76692,323.1,-3.55,-0.002535,77005,301.6,-10.10,-0.009185,93307,312.2,-35.54,-0.046503
694.13,0.0128543,0.044391,96566,94263,93472,94586,313.5,694.1,0.000000,108.9,1643595,780.1,65453,306.8,1.41,0.000907,66397,288.5,26.81,0.021973,93097,315.9,19.22,0.024799,514.1,0.062755,329.2,94383,367.3,99127,326.9,69.43,0.063366,97833,321.5,77.78,0.084233,91338,313.8,64.15,0.081755,154.1,0.000000,100.0,450597,1518.0,70490,309.8,-0.59,-0.000404,70806,293.7,-6.94,-0.005951,92959,315.7,3.03,0.003906,334.1,-0.001118,863.8,169707,1083.4,76651,324.9,-4.25,-0.003017,76766,301.3,-9.12,-0.008275,93167,312.2,-33.97,-0.044393
695.12,0.0128726,0.044201,96618,94292,93303,94570,313.4,695.1,0.000000,203.3,1709924,787.6,65957,307.4,1.34,0.000865,67095,289.4,29.80,0.024609,92906,315.5,20.36,0.026253,515.1,0.059772,329.9,94959,367.6,100419,328.2,67.59,0.062245,98171,321.8,76.60,0.083155,91247,313.7,62.96,0.080193,155.1,0.000000,100.0,446808,1514.5,70246,309.5,-0.59,-0.000403,70875,293.8,-6.30,-0.005411,92798,315.5,5.27,0.006793,335.1,-0.001349,862.7,168462,1079.6,76645,327.2,-5.03,-0.003550,76638,301.1,-8.03,-0.007278,93010,312.1,-32.42,-0.042296
696.11,0.0128909,0.044013,96585,94334,93129,94551,313.2,696.1,0.000000,420.6,1778408,795.0,66456,308.1,1.31,0.000852,68009,290.5,32.89,0.027425,92699,315.2,21.53,0.027727,516.1,0.063018,330.5,95594,368.0,100721,328.4,68.94,0.063642,98441,322.1,75.27,0.081869,91146,313.5,61.85,0.078733,156.1,0.000000,495.9,442982,1511.0,70005,309.2,-0.58,-0.000398,71019,293.9,-5.36,-0.004610,92638,315.3,7.42,0.009550,336.1,-0.001608,861.8,167105,1075.6,76686,329.9,-5.89,-0.004123,76625,301.1,-6.74,-0.006104,92846,312.1,-30.87,-0.040204
697.21,0.0129112,0.043810,96503,94396,92930,94526,313.1,697.2,0.000000,100.0,1857507,804.3,67022,308.8,1.32,0.000865,69197,292.0,36.14,0.030506,92459,314.8,22.86,0.029395,517.2,0.060714,331.4,96276,368.4,102339,330.0,67.12,0.062656,98672,322.3,73.70,0.080292,91013,313.4,60.79,0.077303,157.2,0.000000,636.2,438682,1507.1,69746,308.9,-0.57,-0.000387,71299,294.3,-3.88,-0.003341,92464,315.0,9.65,0.012396,337.2,-0.001918,861.1,165805,1071.4,76790,333.6,-6.98,-0.004836,76749,301.3,-5.09,-0.004620,92660,312.0,-29.16,-0.037908
698.19,0.0129295,0.043634,96412,94463,92753,94501,312.9,698.2,0.000000,205.7,1933188,813.0,67552,309.5,1.36,0.000895,70313,293.3,38.58,0.032935,92238,314.4,24.07,0.030923,518.2,0.063952,332.1,96951,368.8,102549,330.1,68.74,0.064283,98835,322.5,72.25,0.078797,90874,313.2,60.01,0.076240,158.2,0.000000,100.0,434776,1503.5,69522,308.6,-0.55,-0.000374,71665,294.7,-2.12,-0.001835,92311,314.8,11.46,0.014720,338.2,-0.002296,860.5,164180,1066.9,76963,337.7,-8.12,-0.005571,76994,301.5,-3.34,-0.003035,92492,312.0,-27.64,-0.035883
699.18,0.0129478,0.043464,96274,94510,92583,94473,312.8,699.2,0.000000,100.0,2015219,823.3,68107,310.2,1.41,0.000935,71391,294.6,40.37,0.034836,92018,314.1,25.32,0.032482,519.2,0.064407,332.8,97645,369.2,103072,330.5,69.70,0.065426,98983,322.6,70.78,0.077269,90721,313.0,59.46,0.075453,159.2,0.000000,153.6,430839,1499.9,69306,308.3,-0.53,-0.000360,72110,295.2,-0.04,-0.000036,92158,314.6,13.13,0.016838,339.2,-0.002701,860.2,162429,1062.2,77210,342.7,-9.42,-0.006390,77353,301.9,-1.39,-0.001272,92330,311.9,-26.16,-0.033899
700.17,0.0129661,0.043304,96088,94550,92422,94442,312.7,700.2,0.000000,100.0,2105783,836.2,68693,310.9,1.48,0.000983,72403,295.8,41.52,0.036191,91804,313.7,26.59,0.034072,520.2,0.061507,333.9,98309,369.7,104292,331.7,68.26,0.064606,99133,322.8,69.32,0.075751,90556,312.9,59.18,0.075001,160.2,0.000000,716.4,426873,1496.2,69100,308.1,-0.51,-0.000345,72587,295.8,2.17,0.001899,92008,314.3,14.65,0.018771,340.2,-0.003147,859.8,160690,1057.4,77517,348.6,-10.89,-0.007288,77790,302.4,0.59,0.000537,92176,311.9,-24.70,-0.031961
701.15,0.0129843,0.043154,95898,94590,92262,94408,312.5,701.2,0.000000,388.4,2207193,852.3,69311,311.7,1.55,0.001037,73346,296.9,42.15,0.037073,91596,313.4,27.88,0.035675,521.2,0.064650,334.2,99031,370.1,104657,331.9,68.82,0.065317,99285,323.0,67.89,0.074259,90376,312.7,59.04,0.074703,161.2,0.000000,100.0,422874,1492.5,68905,307.8,-0.49,-0.000327,73042,296.3,4.33,0.003803,91860,314.1,16.02,0.020518,341.2,-0.003635,859.7,159838,1053.9,77873,355.5,-12.51,-0.008250,78256,302.9,2.44,0.002244,92030,311.8,-23.28,-0.030090
702.14,0.0130026,0.043015,95729,94618,92101,94372,312.4,702.1,0.000000,371.2,2321830,872.4,69971,312.5,1.64,0.001105,74220,298.0,42.40,0.037612,91391,313.1,29.16,0.037265,522.1,0.061244,334.9,99716,370.6,105786,333.0,67.09,0.064160,99443,323.2,66.48,0.072794,90178,312.5,59.02,0.074557,162.1,0.000000,100.0,418841,1488.7,68729,307.6,-0.44,-0.000296,73434,296.8,6.30,0.005550,91714,313.9,17.25,0.022075,342.1,-0.004172,859.5,158400,1049.5,78280,363.7,-14.29,-0.009263,78705,303.4,4.03,0.003719,91888,311.8,-21.94,-0.028313
703.12,0.0130208,0.042884,95592,94635,91947,94332,312.3,703.1,0.000000,100.0,2452075,897.0,70698,313.4,1.79,0.001213,75034,298.9,42.31,0.037826,91190,312.8,30.43,0.038835,523.1,0.060684,335.4,100404,371.0,106993,334.1,64.49,0.062162,99617,323.4,65.09,0.071353,89957,312.4,59.17,0.074616,163.1,0.000000,142.0,414770,1484.9,68587,307.4,-0.36,-0.000243,73746,297.1,8.01,0.007078,91569,313.6,18.35,0.023457,343.1,-0.004757,859.4,157323,1045.6,78741,373.1,-16.22,-0.010304,79112,303.9,5.27,0.004882,91749,311.7,-20.67,-0.026641
704.11,0.0130391,0.042760,95490,94641,91809,94289,312.1,704.1,0.000000,460.5,2600212,926.8,71545,314.4,2.05,0.001406,75767,299.8,42.00,0.037800,90995,312.6,31.70,0.040403,524.1,0.062919,335.9,101137,371.5,106878,334.0,64.92,0.062539,99804,323.6,63.72,0.069930,89715,312.1,59.55,0.074939,164.1,0.000000,532.9,410662,1481.0,68500,307.3,-0.23,-0.000154,73979,297.4,9.47,0.008379,91428,313.4,19.34,0.024704,344.1,-0.005393,859.6,156508,1042.1,79267,384.1,-18.27,-0.011353,79459,304.3,6.11,0.005683,91620,311.7,-19.47,-0.025060
705.20,0.0130593,0.042629,95383,94663,91675,94239,312.0,705.2,0.000000,525.2,2788320,966.5,72730,315.8,2.57,0.001779,76486,300.6,41.50,0.037606,90792,312.3,33.13,0.042162,525.2,0.058728,336.4,101897,372.0,107758,334.7,62.42,0.060483,100027,323.8,62.21,0.068372,89433,311.9,60.25,0.075639,165.2,0.000000,216.7,404728,1475.6,68492,307.3,-0.03,-0.000023,74157,297.6,10.81,0.009584,91279,313.2,20.36,0.025989,345.2,-0.006119,860.0,154979,1037.2,79948,398.3,-20.69,-0.012500,79777,304.6,6.59,0.006149,91493,311.6,-18.19,-0.023383
706.19,0.0130775,0.042517,95272,94768,91565,94190,311.9,706.2,0.000000,471.7,2980691,1008.6,74115,317.5,3.23,0.002270,77059,301.3,41.04,0.037385,90623,312.1,34.42,0.043752,526.2,0.056983,336.7,102567,372.4,108596,335.5,59.66,0.058129,100241,324.1,60.87,0.066997,89182,311.7,61.17,0.076628,166.2,0.000000,835.2,399255,1470.7,68551,307.4,0.13,0.000088,74258,297.7,11.82,0.010493,91154,313.0,21.24,0.027085,346.2,-0.006890,860.7,153511,1032.5,80664,413.1,-22.93,-0.013483,80003,304.9,6.65,0.006212,91392,311.6,-17.09,-0.021953
707.17,0.0130957,0.042412,95160,94942,91456,94138,311.8,707.2,0.000000,1768.5,3196257,1056.9,75854,319.5,3.97,0.002837,77601,301.9,40.59,0.037157,90461,312.0,35.70,0.045322,527.2,0.058357,337.0,103269,372.8,108348,335.2,59.42,0.057807,100471,324.3,59.57,0.065662,88943,311.6,62.32,0.077902,167.2,0.000000,100.0,393718,1465.6,68702,307.6,0.36,0.000239,74318,297.8,12.69,0.011268,91033,312.8,22.07,0.028126,347.2,-0.007654,861.8,151569,1027.2,81500,429.8,-25.20,-0.014382,80191,305.1,6.36,0.005957,91300,311.6,-16.07,-0.020626
708.15,0.0131139,0.042313,95060,95046,91351,94082,311.7,708.1,0.000000,287.8,3435731,1111.3,77898,321.9,4.58,0.003335,78126,302.5,40.17,0.036950,90306,311.8,36.95,0.046858,528.1,0.053583,337.3,103914,373.3,108962,335.7,56.91,0.055593,100717,324.6,58.31,0.064381,88720,311.4,63.59,0.079310,168.1,0.000000,100.0,388124,1460.4,68988,307.9,0.68,0.000459,74356,297.8,13.47,0.011962,90913,312.6,22.87,0.029123,348.1,-0.008432,863.3,149144,1021.0,82479,448.7,-27.40,-0.015159,80351,305.3,5.79,0.005426,91214,311.5,-15.14,-0.019416
709.13,0.0131320,0.042219,94974,95073,91257,94024,311.6,709.1,0.000000,816.7,3699165,1171.9,80110,324.3,4.86,0.003615,78641,303.1,39.80,0.036771,90156,311.7,38.19,0.048366,529.1,0.051761,337.5,104543,373.7,109586,336.3,54.30,0.053261,100984,324.9,57.11,0.063161,88514,311.4,64.88,0.080762,169.1,0.000000,913.7,382480,1455.1,69467,308.5,1.14,0.000776,74381,297.9,14.19,0.012611,90795,312.5,23.66,0.030105,349.1,-0.009208,865.5,146588,1014.5,83624,469.8,-29.47,-0.015794,80507,305.4,4.94,0.004639,91132,311.5,-14.29,-0.018305
710.11,0.0131502,0.042130,94904,95061,91176,93963,311.6,710.1,0.000000,182.8,3985871,1238.4,82312,326.8,4.76,0.003610,79155,303.7,39.44,0.036609,90014,311.6,39.41,0.049861,530.1,0.049958,337.7,105158,374.1,110158,336.8,51.72,0.050927,101271,325.2,55.96,0.062009,88329,311.3,66.16,0.082198,170.1,0.000000,385.5,376781,1449.8,70190,309.4,1.72,0.001172,74398,297.9,14.88,0.013220,90681,312.3,24.47,0.031106,350.1,-0.009977,868.2,143928,1007.8,84954,492.8,-31.40,-0.016294,80684,305.6,3.84,0.003606,91056,311.5,-13.48,-0.017256
711.20,0.0131704,0.042035,94843,95001,91104,93891,311.5,711.2,0.000000,327.5,4329899,1318.6,84562,329.2,4.28,0.003309,79729,304.3,39.05,0.036435,89869,311.4,40.78,0.051526,531.2,0.048295,337.9,105829,374.5,110647,337.2,49.20,0.048602,101624,325.6,54.73,0.060789,88153,311.2,67.51,0.083723,171.2,0.000000,278.9,370382,1443.7,71273,310.8,2.34,0.001613,74413,297.9,15.62,0.013882,90563,312.1,25.41,0.032277,351.2,-0.010774,872.0,140389,999.3,86638,520.6,-33.40,-0.016736,80923,305.9,2.33,0.002194,90980,311.5,-12.59,-0.016105
712.18,0.0131885,0.041954,94801,94897,91057,93823,311.4,712.2,0.000000,334.7,4659904,1395.9,86313,331.0,3.67,0.002882,80252,304.9,38.71,0.036281,89751,311.4,42.02,0.053037,532.2,0.046088,346.4,106415,374.9,111194,337.6,46.69,0.046294,101979,325.9,53.65,0.059726,88021,311.2,68.64,0.085001,172.2,0.000000,107.8,364581,1438.1,72429,312.2,2.72,0.001902,74431,298.0,16.28,0.014472,90467,312.0,26.31,0.033406,352.2,-0.011550,875.9,136540,990.5,88287,547.2,-35.15,-0.017074,81178,306.2,0.74,0.000696,90921,311.4,-11.75,-0.015021
713.16,0.0132066,0.041875,94768,94742,91027,93752,311.4,713.2,0.000000,530.6,5005999,1477.4,87778,332.5,3.04,0.002414,80785,305.5,38.37,0.036129,89648,311.3,43.27,0.054565,533.2,0.046604,338.3,107020,375.3,110857,337.2,46.43,0.045940,102376,326.4,52.56,0.058672,87916,311.2,69.67,0.086172,173.2,0.000000,175.0,358774,1432.5,73649,313.6,2.86,0.002022,74460,298.0,16.94,0.015061,90383,311.9,27.28,0.034612,353.2,-0.012269,879.9,132801,981.7,89997,575.0,-36.91,-0.017392,81475,306.5,-1.05,-0.000991,90872,311.4,-10.84,-0.013845
714.13,0.0132247,0.041798,94746,94569,91010,93678,311.3,714.1,0.000000,100.0,5364382,1562.3,88976,333.7,2.46,0.001971,81332,306.1,38.03,0.035977,89557,311.2,44.53,0.056105,534.1,0.042347,338.5,107577,375.7,111305,337.6,44.27,0.043932,102817,326.8,51.44,0.057592,87834,311.3,70.59,0.087225,174.1,0.000000,100.0,352965,1426.8,74824,315.0,2.75,0.001964,74502,298.1,17.60,0.015652,90311,311.8,28.30,0.035893,354.1,-0.012983,884.1,128885,972.7,91696,603.6,-38.74,-0.017719,81820,306.9,-3.00,-0.002852,90833,311.4,-9.83,-0.012547
715.11,0.0132428,0.041722,94738,94385,91008,93601,311.3,715.1,0.000000,251.5,5730674,1649.9,89940,334.7,1.96,0.001585,81904,306.8,37.67,0.035812,89479,311.2,45.80,0.057654,535.1,0.040591,338.8,108121,376.0,111736,337.9,42.19,0.041987,103302,327.3,50.26,0.056451,87775,311.3,71.40,0.088158,175.1,0.000000,246.7,347153,1421.0,75874,316.2,2.45,0.001769,74558,298.1,18.24,0.016232,90251,311.7,29.38,0.037241,355.1,-0.013674,888.2,124617,963.1,93297,632.6,-40.65,-0.018047,82217,307.3,-5.13,-0.004888,90805,311.5,-8.69,-0.011100
716.19,0.0132628,0.041640,94704,94150,91022,93512,311.2,716.2,0.000000,1640.2,6141069,1749.2,90787,335.6,1.52,0.001234,82589,307.5,37.20,0.035572,89406,311.2,47.21,0.059386,536.2,0.039003,339.0,108716,376.4,112132,338.2,40.12,0.040034,103888,327.9,48.84,0.055075,87743,311.3,72.15,0.089027,176.2,0.000000,339.9,340690,1414.6,76847,317.4,2.02,0.001470,74648,298.3,18.96,0.016888,90200,311.6,30.62,0.038809,356.2,-0.014358,892.4,119392,951.4,94861,664.4,-42.78,-0.018386,82725,307.8,-7.70,-0.007367,90785,311.5,-7.27,-0.009281
717.17,0.0132809,0.041569,94660,93921,91037,93428,311.1,717.2,0.000000,254.8,6507890,1839.5,91394,336.2,1.21,0.000992,83282,308.3,36.62,0.035224,89351,311.2,48.47,0.060936,537.2,0.037025,339.2,109237,376.8,112548,338.5,38.19,0.038219,104446,328.4,47.47,0.053724,87738,311.4,72.65,0.089631,177.2,0.000000,135.5,334872,1408.7,77544,318.2,1.62,0.001189,74765,298.4,19.63,0.017499,90165,311.6,31.77,0.040257,357.2,-0.014973,895.9,114250,940.0,96016,692.2,-44.62,-0.018631,83249,308.4,-10.20,-0.009807,90775,311.5,-5.83,-0.007443
718.14,0.0132989,0.041501,94623,93696,91046,93341,311.0,718.1,0.000000,218.8,6866878,1929.7,91896,336.7,0.99,0.000816,84087,309.2,35.76,0.034636,89298,311.2,49.70,0.062449,538.1,0.035428,339.4,109750,377.1,112964,338.9,36.34,0.036468,105019,329.0,46.01,0.052266,87755,311.5,73.00,0.090063,178.1,0.000000,549.1,329056,1402.7,78092,318.8,1.27,0.000938,74941,298.6,20.27,0.018102,90134,311.5,32.92,0.041699,358.1,-0.015468,899.1,108733,927.6,96907,718.6,-46.30,-0.018795,83844,309.0,-12.90,-0.012464,90764,311.5,-4.26,-0.005430
719.12,0.0133170,0.041435,94574,93484,91051,93251,310.9,719.1,0.000000,319.9,7212827,2019.1,92329,337.1,0.85,0.000700,85050,310.2,34.49,0.033673,89244,311.1,50.89,0.063911,539.1,0.033903,339.6,110254,377.5,113349,339.1,34.65,0.034864,105592,329.5,44.47,0.050712,87789,311.5,73.15,0.090260,179.1,0.000000,668.2,323245,1396.6,78521,319.3,0.99,0.000736,75195,298.9,20.89,0.018696,90104,311.5,34.03,0.043110,359.1,-0.015863,901.9,102873,914.3,97534,743.3,-47.75,-0.018862,84518,309.7,-15.80,-0.015360,90749,311.5,-2.54,-0.003244
720.09,0.0133350,0.041372,94513,93291,91052,93158,310.7,0.1,-0.000000,108.9,7540703,2106.8,92725,337.5,0.77,0.000633,86202,311.4,32.70,0.032230,89187,311.1,52.03,0.065323,540.1,0.033579,339.8,110752,377.8,113753,339.4,33.01,0.033300,106151,330.0,42.88,0.049070,87828,311.5,73.11,0.090250,180.1,0.000000,100.0,317440,1390.5,78865,319.7,0.79,0.000586,75547,299.3,21.48,0.019289,90073,311.4,35.12,0.044476,360.1,-0.008929,749.9,97102,900.9,97094,761.7,-45.62,-0.017509,85280,310.5,-18.94,-0.018525,90731,311.5,-0.70,-0.000892
