theta_deg,t_s,mdot_restrictor_kg_s,p_plenum_exit_Pa,p_plenum_map_Pa,p_plenum_floor_Pa,p_plenum_mean_Pa,T_plenum_floor_K,phase1_deg,mdot_valve1_kg_s,T_valve1_K,p_cyl1_Pa,T_cyl1_K,p_port1_Pa,T_port1_K,u_port1_m_s,mdot_port1_kg_s,p_flange1_Pa,T_flange1_K,u_flange1_m_s,mdot_flange1_kg_s,p_mouth1_Pa,T_mouth1_K,u_mouth1_m_s,mdot_mouth1_kg_s,phase2_deg,mdot_valve2_kg_s,T_valve2_K,p_cyl2_Pa,T_cyl2_K,p_port2_Pa,T_port2_K,u_port2_m_s,mdot_port2_kg_s,p_flange2_Pa,T_flange2_K,u_flange2_m_s,mdot_flange2_kg_s,p_mouth2_Pa,T_mouth2_K,u_mouth2_m_s,mdot_mouth2_kg_s,phase3_deg,mdot_valve3_kg_s,T_valve3_K,p_cyl3_Pa,T_cyl3_K,p_port3_Pa,T_port3_K,u_port3_m_s,mdot_port3_kg_s,p_flange3_Pa,T_flange3_K,u_flange3_m_s,mdot_flange3_kg_s,p_mouth3_Pa,T_mouth3_K,u_mouth3_m_s,mdot_mouth3_kg_s,phase4_deg,mdot_valve4_kg_s,T_valve4_K,p_cyl4_Pa,T_cyl4_K,p_port4_Pa,T_port4_K,u_port4_m_s,mdot_port4_kg_s,p_flange4_Pa,T_flange4_K,u_flange4_m_s,mdot_flange4_kg_s,p_mouth4_Pa,T_mouth4_K,u_mouth4_m_s,mdot_mouth4_kg_s
1.05,0.0000195,0.052681,85452,88075,88294,87387,301.9,1.1,0.000000,222.0,8042111,2210.3,96678,350.6,0.73,0.000606,96489,326.1,5.80,0.006105,86984,306.7,45.40,0.056373,541.1,0.022130,352.1,124283,398.0,125515,351.9,21.11,0.022648,116929,342.7,22.49,0.027368,87938,309.1,42.73,0.053222,181.1,0.000000,140.8,319977,1394.1,99109,356.3,-1.43,-0.001192,97757,327.3,-19.99,-0.021292,88212,304.8,-14.19,-0.017978,361.1,-0.008991,746.0,95111,897.3,95183,752.5,-31.14,-0.011856,94968,325.1,-55.13,-0.057258,88239,310.6,-51.91,-0.064575
2.08,0.0000384,0.052889,85513,88079,88225,87448,301.9,2.1,0.000000,211.0,8339198,2296.9,97090,351.0,0.69,0.000578,96529,326.2,5.98,0.006291,86881,306.7,46.08,0.057154,542.1,0.019842,355.8,124651,398.3,125941,352.2,19.00,0.020438,117106,342.8,20.89,0.025460,88020,309.1,39.52,0.049270,182.1,0.000000,599.8,313701,1387.4,98169,355.4,-1.45,-0.001202,97348,326.9,-20.40,-0.021669,88160,304.8,-13.63,-0.017262,362.1,-0.007420,900.1,92252,889.5,92612,752.5,-26.02,-0.009640,94764,325.0,-56.90,-0.058999,88192,310.5,-51.86,-0.064497
3.04,0.0000563,0.053078,85605,88077,88161,87517,301.8,3.0,0.000000,203.1,8586789,2374.6,97441,351.3,0.63,0.000527,96582,326.2,6.14,0.006463,86789,306.7,46.67,0.057822,543.0,0.018760,352.4,124998,398.5,126088,352.4,17.54,0.018881,117280,342.9,19.42,0.023692,88077,309.1,36.57,0.045625,183.0,-0.000000,100.0,307809,1381.1,97296,354.5,-1.44,-0.001190,96944,326.6,-20.77,-0.021989,88111,304.8,-13.19,-0.016702,363.0,-0.005685,746.2,90035,883.2,90293,750.5,-21.29,-0.007710,94568,324.8,-58.51,-0.060576,88146,310.3,-51.88,-0.064515
4.06,0.0000752,0.053270,85737,88063,88112,87603,301.7,4.1,0.000000,670.1,8812235,2452.4,97764,351.6,0.55,0.000456,96660,326.3,6.28,0.006617,86706,306.8,47.24,0.058461,544.1,0.017150,352.6,125359,398.7,126181,352.5,16.09,0.017329,117474,343.0,17.88,0.021840,88131,309.1,33.53,0.041860,184.1,-0.000000,191.8,301568,1374.3,96394,353.5,-1.42,-0.001161,96491,326.1,-21.12,-0.022285,88067,304.7,-12.81,-0.016212,364.1,-0.004330,744.3,87995,877.1,87964,747.3,-16.60,-0.005881,94400,324.6,-60.27,-0.062313,88102,310.2,-52.00,-0.064657
5.09,0.0000942,0.053451,85912,88045,88083,87702,301.7,5.1,0.000000,336.1,8996041,2524.8,98029,351.9,0.45,0.000376,96762,326.4,6.37,0.006717,86648,306.9,47.75,0.059039,545.1,0.014934,352.7,125704,399.0,126404,352.6,14.33,0.015448,117683,343.2,16.36,0.020010,88195,309.1,30.61,0.038234,185.1,0.000000,193.2,295350,1367.4,95529,352.6,-1.37,-0.001118,96010,325.7,-21.42,-0.022522,88043,304.7,-12.50,-0.015818,365.1,-0.003808,742.8,85876,870.7,86321,745.5,-14.42,-0.005027,94263,324.5,-62.04,-0.064077,88064,310.1,-52.15,-0.064841
6.05,0.0001120,0.053611,86132,88031,88071,87805,301.7,6.0,0.000000,100.0,9129166,2587.4,98226,352.1,0.36,0.000301,96876,326.5,6.40,0.006755,86619,307.0,48.16,0.059501,546.0,0.013207,352.9,126020,399.2,126588,352.8,12.70,0.013704,117893,343.3,14.95,0.018307,88264,309.1,27.94,0.034930,186.0,-0.000000,192.0,289521,1360.9,94756,351.8,-1.32,-0.001067,95522,325.3,-21.63,-0.022659,88047,304.8,-12.31,-0.015577,366.0,-0.002176,739.5,84315,865.7,84260,741.0,-10.22,-0.003497,94017,324.3,-63.27,-0.065225,88040,310.1,-52.30,-0.065017
7.07,0.0001310,0.053763,86496,88024,88077,87924,301.7,7.1,0.000000,431.8,9227207,2647.7,98385,352.2,0.27,0.000229,97015,326.6,6.36,0.006722,86624,307.2,48.49,0.059869,547.1,0.011256,353.0,126344,399.4,126825,353.0,10.84,0.011720,118133,343.5,13.47,0.016520,88348,309.2,25.20,0.031520,187.1,-0.000000,100.0,283371,1353.9,93984,351.0,-1.25,-0.001005,94961,324.7,-21.76,-0.022696,88072,304.8,-12.29,-0.015544,367.1,-0.001713,736.5,82586,860.0,82564,737.4,-7.42,-0.002502,93419,323.7,-63.49,-0.065162,88026,310.0,-52.42,-0.065168
8.04,0.0001488,0.053889,86790,88023,88096,88042,301.7,8.0,0.000000,181.9,9278482,2698.3,98496,352.3,0.20,0.000172,97171,326.8,6.21,0.006563,86663,307.4,48.67,0.060081,548.0,0.009549,353.2,126640,399.7,127009,353.1,9.17,0.009918,118374,343.7,12.10,0.014861,88439,309.3,22.68,0.028396,188.0,-0.000000,100.0,277644,1347.2,93305,350.3,-1.18,-0.000943,94398,324.2,-21.80,-0.022635,88106,304.9,-12.39,-0.015674,368.0,-0.001790,733.8,80692,853.9,81507,735.4,-5.46,-0.001823,92554,322.8,-62.89,-0.064112,88026,310.0,-52.47,-0.065247
9.06,0.0001678,0.054007,87112,88027,88126,88172,301.8,9.1,0.000000,166.5,9290121,2745.2,98583,352.4,0.15,0.000127,97364,326.9,5.91,0.006258,86721,307.7,48.74,0.060152,549.1,0.007696,353.3,126944,399.9,127176,353.3,7.41,0.008023,118645,343.9,10.67,0.013126,88543,309.4,20.06,0.025130,189.1,-0.000000,159.3,271626,1340.1,92635,349.5,-1.10,-0.000878,93770,323.6,-21.76,-0.022490,88165,304.9,-12.70,-0.016074,369.1,0.000055,732.1,79248,848.8,79830,731.1,-1.69,-0.000554,91042,321.3,-60.28,-0.060737,88033,310.0,-52.46,-0.065236
10.08,0.0001867,0.054105,87501,88046,88171,88304,301.8,10.1,0.000000,163.6,9259230,2785.0,98653,352.5,0.12,0.000101,97574,327.1,5.50,0.005831,86793,307.9,48.70,0.060101,550.1,0.005612,354.5,127234,400.2,127394,353.5,5.53,0.005991,118929,344.1,9.27,0.011423,88654,309.5,17.47,0.021915,190.1,-0.000000,100.0,265677,1333.0,92013,348.9,-1.03,-0.000817,93110,323.0,-21.68,-0.022290,88243,305.1,-13.26,-0.016795,370.1,0.000812,728.7,77860,843.3,78390,727.3,0.59,0.000192,88948,319.1,-55.72,-0.055219,88053,310.0,-52.35,-0.065121
11.05,0.0002046,0.054180,87874,88078,88244,88427,301.9,11.0,0.000000,333.6,9193481,2815.9,98714,352.5,0.11,0.000092,97778,327.3,5.03,0.005339,86858,308.2,48.48,0.059822,551.0,0.003850,353.6,127498,400.4,127540,353.6,3.87,0.004198,119208,344.3,7.98,0.009850,88730,309.6,15.02,0.018848,191.0,-0.000000,169.7,260143,1326.3,91465,348.3,-0.97,-0.000768,92458,322.4,-21.54,-0.022031,88313,305.2,-14.10,-0.017869,371.0,0.001408,725.6,76566,838.0,77111,723.8,2.24,0.000720,86830,316.9,-50.75,-0.049438,88071,310.0,-52.25,-0.065004
12.07,0.0002235,0.054239,88243,88131,88337,88555,302.0,12.1,0.000000,285.5,9087627,2842.0,98783,352.6,0.11,0.000097,97990,327.5,4.47,0.004751,86979,308.5,48.07,0.059345,552.1,-0.000393,354.0,127724,400.6,128630,354.8,0.00,0.000004,119513,344.5,6.63,0.008206,88829,309.7,12.49,0.015687,192.1,-0.000000,1612.2,254332,1319.1,90912,347.7,-0.93,-0.000728,91740,321.7,-21.29,-0.021653,88408,305.3,-15.21,-0.019287,372.1,0.001946,721.8,75203,832.0,75784,720.1,4.09,0.001294,84752,314.7,-45.65,-0.043712,88108,310.0,-52.07,-0.064794
13.04,0.0002414,0.054280,88537,88193,88430,88668,302.2,13.0,0.000000,507.2,8957341,2860.3,98859,352.7,0.13,0.000111,98181,327.7,3.92,0.004171,87158,308.7,47.39,0.058581,553.0,0.001170,354.2,127985,400.8,127965,354.2,0.09,0.000096,119807,344.8,5.38,0.006673,88938,309.8,10.19,0.012808,193.0,0.000000,575.6,248931,1312.3,90412,347.1,-0.90,-0.000702,91050,321.0,-21.01,-0.021254,88524,305.4,-16.46,-0.020894,373.0,0.002514,717.9,73953,826.2,74565,716.4,6.06,0.001900,83058,312.9,-41.35,-0.039025,88173,310.1,-51.79,-0.064483
14.06,0.0002604,0.054309,88787,88271,88538,88779,302.4,14.1,0.000000,100.0,8790209,2873.6,98956,352.8,0.16,0.000132,98368,327.9,3.34,0.003564,87413,309.0,46.21,0.057230,554.1,-0.003111,354.7,128204,401.0,128223,354.7,-1.96,-0.002128,120119,345.0,4.06,0.005045,89056,309.9,7.81,0.009831,194.1,-0.000000,1713.8,243264,1305.0,89891,346.5,-0.88,-0.000688,90315,320.3,-20.71,-0.020825,88672,305.6,-18.06,-0.022941,374.1,0.003106,713.6,72682,820.0,73316,712.1,8.22,0.002548,81518,311.2,-37.30,-0.034733,88269,310.1,-51.42,-0.064080
15.09,0.0002794,0.054328,88956,88370,88669,88881,302.7,15.1,0.000000,159.8,8597734,2880.9,99067,352.9,0.18,0.000153,98535,328.0,2.81,0.003002,87740,309.4,44.45,0.055190,555.1,-0.005067,355.2,128406,401.2,128479,355.2,-3.91,-0.004253,120423,345.3,2.73,0.003393,89182,310.0,5.52,0.006948,195.1,-0.000000,679.4,237673,1297.8,89372,346.0,-0.88,-0.000685,89587,319.6,-20.41,-0.020408,88840,305.8,-19.91,-0.025324,375.1,0.003700,709.2,71412,813.5,72112,707.6,10.30,0.003159,80179,309.8,-33.60,-0.030921,88386,310.2,-50.98,-0.063593
16.05,0.0002972,0.054340,89037,88487,88815,88967,303.0,16.1,0.000000,2324.9,8397373,2882.7,99182,353.0,0.20,0.000167,98670,328.1,2.38,0.002541,88110,309.8,42.22,0.052580,556.1,-0.006163,354.8,128597,401.4,128565,355.6,-5.42,-0.005899,120692,345.5,1.44,0.001790,89313,310.2,3.43,0.004325,196.1,0.000000,393.9,232483,1290.9,88880,345.4,-0.89,-0.000689,88915,318.9,-20.15,-0.020031,89011,306.0,-21.83,-0.027806,376.1,0.004358,704.4,70197,807.1,70953,702.9,12.52,0.003805,79037,308.5,-30.25,-0.027559,88517,310.4,-50.49,-0.063055
17.08,0.0003162,0.054350,89040,88632,88994,89050,303.4,17.1,0.000000,252.0,8168213,2879.9,99309,353.1,0.21,0.000175,98791,328.3,2.00,0.002144,88552,310.2,39.26,0.049085,557.1,-0.008656,409.9,128772,401.6,129165,356.8,-8.02,-0.008736,120945,345.7,0.01,0.000017,89469,310.3,1.29,0.001628,197.1,-0.000000,178.7,227045,1283.5,88352,344.8,-0.91,-0.000698,88222,318.2,-19.87,-0.019648,89201,306.3,-23.98,-0.030581,377.1,0.004977,698.9,68995,800.3,69776,697.6,14.90,0.004485,77903,307.2,-26.72,-0.024090,88682,310.5,-49.91,-0.062410
18.04,0.0003341,0.054361,88958,88782,89194,89122,303.8,18.0,0.000000,422.2,7940864,2873.2,99426,353.2,0.20,0.000172,98887,328.3,1.74,0.001863,89001,310.5,36.03,0.045213,558.0,-0.008279,355.5,128963,401.8,128925,357.1,-8.61,-0.009348,121139,345.8,-1.39,-0.001738,89473,310.3,-0.98,-0.001231,198.0,0.000000,100.0,222000,1276.6,87848,344.3,-0.92,-0.000708,87596,317.6,-19.63,-0.019307,89386,306.5,-25.98,-0.033170,378.0,0.005546,693.7,67942,794.0,68742,692.3,16.96,0.005068,76899,306.1,-23.39,-0.020900,88865,310.7,-49.30,-0.061732
19.07,0.0003531,0.054378,88802,88961,89403,89193,304.4,19.1,0.000000,273.3,7690597,2862.5,99540,353.3,0.19,0.000159,98979,328.4,1.55,0.001666,89475,311.0,32.20,0.040573,559.1,-0.011021,356.2,129134,402.0,129264,358.1,-10.46,-0.011361,121304,346.0,-3.00,-0.003753,89593,310.4,-3.05,-0.003851,199.1,0.000000,100.0,216721,1269.2,87306,343.7,-0.94,-0.000718,86969,317.0,-19.39,-0.018970,89580,306.8,-28.00,-0.035801,379.1,0.006066,687.9,66896,787.4,67718,686.4,18.97,0.005631,75903,304.9,-19.92,-0.017634,89079,310.9,-48.63,-0.060995
20.03,0.0003709,0.054401,88608,89153,89614,89258,304.9,20.0,0.000000,192.5,7449945,2849.5,99633,353.4,0.16,0.000138,99063,328.5,1.47,0.001575,89903,311.3,28.37,0.035877,560.0,-0.011754,356.8,129300,402.1,129354,358.9,-11.69,-0.012670,121441,346.1,-4.69,-0.005868,89783,310.6,-4.89,-0.006191,200.0,-0.000000,498.8,211827,1262.2,86790,343.1,-0.96,-0.000727,86419,316.4,-19.16,-0.018662,89755,307.0,-29.73,-0.038059,380.0,0.006553,682.1,65974,781.3,66818,680.6,20.77,0.006136,75037,303.9,-16.77,-0.014720,89292,311.2,-48.00,-0.060312
21.06,0.0003899,0.054437,88351,89382,89856,89330,305.5,21.1,0.000000,100.0,7191784,2833.0,99709,353.5,0.13,0.000107,99161,328.6,1.47,0.001574,90326,311.6,24.22,0.030742,561.1,-0.012947,357.5,129475,402.3,129381,359.9,-12.76,-0.013804,121592,346.2,-6.71,-0.008409,90018,310.9,-6.87,-0.008713,201.1,0.000000,309.9,206710,1254.8,86237,342.5,-0.97,-0.000737,85877,315.9,-18.90,-0.018324,89933,307.3,-31.29,-0.040092,381.1,0.007028,675.5,65054,775.0,65925,674.1,22.65,0.006667,74187,302.9,-13.56,-0.011811,89531,311.4,-47.36,-0.059619
22.08,0.0004089,0.054484,88071,89643,90113,89407,306.2,22.1,0.000000,282.3,6933702,2814.5,99756,353.5,0.08,0.000069,99274,328.7,1.56,0.001673,90710,312.0,20.15,0.025654,562.1,-0.014293,358.4,129645,402.5,129463,360.9,-13.91,-0.015004,121759,346.4,-8.94,-0.011203,90274,311.1,-8.93,-0.011342,202.1,-0.000000,100.0,201678,1247.3,85677,341.8,-0.99,-0.000746,85384,315.4,-18.61,-0.017965,90116,307.6,-32.52,-0.041717,382.1,0.007521,668.5,64199,768.7,65095,667.2,24.54,0.007206,73394,302.0,-10.50,-0.009078,89782,311.7,-46.76,-0.058975
23.04,0.0004267,0.054539,87825,89908,90364,89490,306.8,23.0,0.000000,100.0,6692881,2795.4,99774,353.5,0.04,0.000031,99407,328.8,1.72,0.001852,91029,312.2,16.50,0.021065,563.0,-0.016008,359.4,129793,402.6,129762,362.3,-15.41,-0.016598,121901,346.5,-11.10,-0.013927,90525,311.4,-10.94,-0.013921,203.0,-0.000000,100.0,197021,1240.3,85145,341.2,-1.01,-0.000755,84968,315.0,-18.29,-0.017594,90296,307.8,-33.37,-0.042860,383.0,0.007985,661.6,63480,763.0,64385,660.3,26.24,0.007702,72677,301.1,-7.73,-0.006634,90031,312.0,-46.24,-0.058435
24.07,0.0004457,0.054608,87607,90194,90636,89591,307.5,24.1,0.000000,802.3,6439556,2773.3,99769,353.5,-0.00,-0.000004,99578,329.0,1.98,0.002131,91326,312.5,12.91,0.016520,564.1,-0.016530,360.5,129961,402.8,129830,363.6,-16.42,-0.017633,121993,346.6,-13.37,-0.016785,90796,311.7,-13.12,-0.016740,204.1,0.000000,410.2,192186,1232.8,84575,340.6,-1.02,-0.000764,84574,314.6,-17.88,-0.017143,90510,308.1,-33.96,-0.043674,384.1,0.008456,653.8,62758,756.9,63693,652.5,28.02,0.008234,71926,300.2,-4.86,-0.004142,90309,312.3,-45.77,-0.057961
25.03,0.0004635,0.054679,87445,90461,90895,89703,308.1,25.0,0.000000,222.5,6198894,2748.6,99746,353.5,-0.04,-0.000030,99771,329.2,2.29,0.002464,91561,312.7,9.88,0.012669,565.0,-0.017863,405.6,130114,402.9,130058,365.1,-17.68,-0.018951,122001,346.6,-15.44,-0.019381,91054,311.9,-15.20,-0.019422,205.0,-0.000000,100.0,187769,1225.9,84034,339.9,-1.04,-0.000771,84251,314.3,-17.42,-0.016654,90721,308.4,-34.24,-0.044101,385.0,0.008957,646.0,62120,751.3,63089,644.6,29.75,0.008763,71213,299.4,-2.22,-0.001879,90582,312.6,-45.42,-0.057640
26.05,0.0004825,0.054760,87365,90755,91171,89840,308.8,26.1,0.000000,100.0,5952387,2722.7,99709,353.5,-0.06,-0.000050,100011,329.4,2.66,0.002873,91779,312.8,7.06,0.009064,566.1,-0.018877,405.2,130277,403.1,130292,366.8,-18.98,-0.020282,121932,346.6,-17.56,-0.022038,91326,312.2,-17.39,-0.022266,206.1,-0.000000,145.9,183210,1218.6,83457,339.3,-1.05,-0.000776,83959,314.0,-16.82,-0.016041,90945,308.7,-34.29,-0.044230,386.1,0.009493,637.0,61490,745.3,62496,635.6,31.65,0.009366,70439,298.5,0.51,0.000431,90880,312.9,-45.19,-0.057475
27.08,0.0005014,0.054841,87383,91053,91449,89999,309.4,27.1,0.000000,100.0,5715389,2697.2,99664,353.4,-0.07,-0.000061,100282,329.6,3.08,0.003333,91983,313.0,4.60,0.005922,567.1,-0.019434,404.7,130451,403.3,130317,368.4,-19.87,-0.021139,121808,346.5,-19.62,-0.024602,91594,312.5,-19.53,-0.025061,207.1,0.000000,590.2,178786,1211.4,82880,338.6,-1.06,-0.000778,83719,313.7,-16.08,-0.015307,91171,309.0,-34.01,-0.043934,387.1,0.010085,627.3,60909,739.3,61955,626.0,33.60,0.010008,69652,297.5,3.14,0.002616,91180,313.2,-45.14,-0.057534
28.04,0.0005192,0.054914,87455,91327,91720,90169,310.0,28.0,0.000000,251.2,5500988,2673.6,99623,353.4,-0.07,-0.000058,100559,329.9,3.50,0.003797,92168,313.2,2.62,0.003381,568.0,-0.020592,404.2,130614,403.4,130367,370.1,-20.81,-0.022053,121655,346.4,-21.53,-0.026969,91844,312.8,-21.47,-0.027606,208.0,0.000000,501.8,174740,1204.6,82340,338.0,-1.06,-0.000775,83538,313.6,-15.25,-0.014491,91395,309.3,-33.49,-0.043321,388.0,0.010696,617.6,60408,733.6,61493,616.2,35.45,0.010647,68903,296.6,5.48,0.004531,91467,313.6,-45.23,-0.057769
29.06,0.0005382,0.054985,87601,91605,92003,90370,310.7,29.1,0.000000,100.0,5282287,2649.0,99594,353.3,-0.05,-0.000041,100864,330.2,3.96,0.004300,92360,313.4,0.87,0.001128,569.1,-0.021604,403.6,130787,403.6,130423,372.1,-21.99,-0.023187,121464,346.3,-23.55,-0.029465,92111,313.0,-23.42,-0.030178,209.1,0.000000,664.0,170562,1197.5,81775,337.3,-1.05,-0.000765,83395,313.4,-14.21,-0.013486,91653,309.7,-32.74,-0.042423,389.1,0.011343,606.6,59923,727.5,61051,605.1,37.41,0.011361,68111,295.6,7.81,0.006399,91772,313.9,-45.41,-0.058129
30.08,0.0005571,0.055046,87797,91867,92269,90592,311.2,30.1,0.000000,390.3,5072805,2624.8,99588,353.3,-0.01,-0.000011,101167,330.5,4.41,0.004798,92387,313.4,-0.79,-0.001014,570.1,-0.020897,402.9,130996,403.8,129799,373.5,-22.15,-0.023157,121251,346.2,-25.58,-0.031956,92374,313.3,-25.28,-0.032626,210.1,-0.000000,985.1,166505,1190.5,81225,336.6,-1.03,-0.000747,83297,313.3,-13.02,-0.012345,91913,310.0,-31.84,-0.041324,390.1,0.012045,594.8,59484,721.3,60657,593.2,39.35,0.012111,67331,294.6,9.97,0.008097,92067,314.3,-45.66,-0.058568
31.05,0.0005749,0.055094,88001,92100,92504,90821,311.7,31.0,0.000000,100.0,4883891,2602.4,99601,353.4,0.02,0.000017,101436,330.7,4.81,0.005248,92510,313.5,-1.78,-0.002301,571.0,-0.019728,401.8,131235,404.0,128773,374.3,-21.64,-0.022388,121028,346.0,-27.49,-0.034296,92610,313.6,-26.96,-0.034856,211.0,-0.000000,256.0,163129,1184.5,80726,336.1,-1.00,-0.000723,83234,313.3,-11.80,-0.011179,92148,310.4,-30.89,-0.040161,391.0,0.012761,583.0,59111,715.3,60327,581.3,41.13,0.012847,66618,293.8,11.85,0.009553,92334,314.6,-45.96,-0.059073
32.07,0.0005939,0.055133,88262,92333,92744,91084,312.2,32.1,0.000000,281.0,4691708,2579.1,99647,353.4,0.07,0.000061,101696,330.9,5.21,0.005693,92699,313.7,-2.47,-0.003197,572.1,-0.018401,400.6,131536,404.3,127473,374.9,-20.66,-0.021126,120761,345.9,-29.52,-0.036760,92850,313.9,-28.66,-0.037121,212.1,-0.000000,345.2,160642,1179.8,80220,335.4,-0.96,-0.000690,83184,313.2,-10.43,-0.009879,92394,310.7,-29.81,-0.038819,392.1,0.013509,569.9,58752,708.8,60013,568.1,42.95,0.013657,65890,292.8,13.72,0.010976,92615,314.9,-46.43,-0.059785
33.03,0.0006117,0.055155,88626,92546,92954,91349,312.7,33.0,0.000000,100.0,4518629,2557.5,99730,353.5,0.14,0.000118,101910,331.1,5.55,0.006076,92896,313.9,-2.92,-0.003781,573.0,-0.017046,399.4,131867,404.6,126119,375.2,-19.60,-0.019819,120478,345.7,-31.41,-0.039043,93066,314.1,-30.19,-0.039162,213.0,-0.000000,209.4,159023,1176.5,79773,334.9,-0.91,-0.000650,83146,313.2,-9.11,-0.008626,92619,311.0,-28.75,-0.037488,393.0,0.014281,556.9,58444,702.5,59750,555.1,44.56,0.014439,65240,292.0,15.40,0.012230,92871,315.2,-47.03,-0.060670
34.05,0.0006306,0.055161,89016,92764,93154,91649,313.1,34.1,0.000000,8217.1,4342754,2535.0,99873,353.6,0.23,0.000193,102101,331.3,5.88,0.006441,93094,314.1,-3.23,-0.004188,574.1,-0.015732,398.0,132267,405.0,124646,375.3,-18.39,-0.018377,120148,345.5,-33.40,-0.041434,93284,314.4,-31.76,-0.041258,214.1,0.000000,406.3,157787,1173.8,79340,334.4,-0.83,-0.000595,83106,313.2,-7.70,-0.007285,92844,311.3,-27.59,-0.036023,394.1,0.015069,542.8,58145,695.5,59501,540.8,46.14,0.015280,64593,291.2,17.13,0.013507,93122,315.6,-47.84,-0.061812
35.08,0.0006496,0.055148,89430,92953,93330,91966,313.6,35.1,0.000000,414.8,4174853,2513.0,100082,353.8,0.33,0.000283,102253,331.4,6.17,0.006766,93274,314.3,-3.38,-0.004393,575.1,-0.014422,396.6,132719,405.3,123150,375.2,-17.19,-0.016973,119809,345.3,-35.41,-0.043828,93485,314.7,-33.30,-0.043323,215.1,-0.000000,295.5,156901,1171.7,78959,333.9,-0.74,-0.000524,83055,313.1,-6.30,-0.005962,93048,311.6,-26.41,-0.034528,395.1,0.015896,528.2,57866,688.3,59271,526.2,47.56,0.016127,63994,290.4,18.84,0.014762,93341,315.9,-48.76,-0.063086
36.04,0.0006674,0.055117,89830,93124,93475,92280,313.9,36.0,0.000000,302.3,4023846,2492.6,100344,354.0,0.44,0.000376,102365,331.5,6.41,0.007039,93425,314.4,-3.42,-0.004455,576.0,-0.013205,395.3,133190,405.7,121738,375.0,-16.08,-0.015702,119506,345.1,-37.35,-0.046142,93657,314.9,-34.76,-0.045270,216.0,0.000000,100.0,156526,1170.5,78657,333.6,-0.63,-0.000445,82988,313.1,-5.04,-0.004764,93216,311.9,-25.29,-0.033097,396.0,0.016704,514.4,57618,681.3,59067,512.2,48.75,0.016919,63477,289.8,20.48,0.015948,93518,316.1,-49.66,-0.064322
37.07,0.0006864,0.055065,90344,93301,93605,92628,314.3,37.1,0.000000,131.2,3870562,2471.4,100693,354.4,0.56,0.000476,102456,331.6,6.65,0.007301,93564,314.6,-3.34,-0.004345,577.1,-0.012046,393.9,133739,406.2,120232,374.6,-14.94,-0.014423,119202,344.9,-39.46,-0.048643,93818,315.1,-36.34,-0.047378,217.1,-0.000000,2079.4,156361,1169.6,78407,333.3,-0.49,-0.000347,82889,312.9,-3.76,-0.003556,93364,312.1,-24.07,-0.031533,397.1,0.017506,499.7,57364,673.6,58854,497.5,49.83,0.017745,62975,289.1,22.25,0.017230,93663,316.4,-50.56,-0.065537
38.03,0.0007043,0.054992,90907,93466,93708,92969,314.6,38.0,0.000000,100.0,3732762,2451.8,101084,354.7,0.66,0.000564,102523,331.7,6.85,0.007527,93673,314.7,-3.18,-0.004142,578.0,-0.010949,392.5,134302,406.7,118816,374.2,-13.91,-0.013284,118878,344.7,-41.33,-0.050842,93947,315.3,-37.89,-0.049433,218.0,-0.000000,467.7,156300,1168.9,78248,333.1,-0.34,-0.000241,82771,312.8,-2.63,-0.002481,93471,312.3,-22.90,-0.030012,398.0,0.018293,486.1,57127,666.1,58652,483.7,50.68,0.018496,62546,288.6,23.95,0.018457,93727,316.5,-51.13,-0.066297
39.06,0.0007233,0.054887,91605,93639,93797,93341,314.9,39.1,0.000000,100.0,3592922,2431.4,101553,355.2,0.74,0.000641,102583,331.7,7.05,0.007750,93760,314.8,-3.00,-0.003915,579.1,-0.009914,391.1,134949,407.2,117319,373.6,-12.85,-0.012141,118380,344.3,-42.93,-0.052636,94053,315.5,-39.63,-0.051733,219.1,0.000000,358.0,156326,1168.3,78171,333.0,-0.16,-0.000111,82625,312.7,-1.48,-0.001398,93544,312.4,-21.63,-0.028350,399.1,0.019055,471.9,56872,657.9,58430,469.4,51.40,0.019259,62129,288.0,25.78,0.019775,93728,316.6,-51.28,-0.066469
40.09,0.0007423,0.054748,92378,93816,93867,93717,315.1,40.1,0.000000,100.0,3459550,2411.5,102060,355.6,0.80,0.000693,102638,331.7,7.23,0.007957,93820,314.8,-2.83,-0.003699,580.1,-0.008911,389.6,135645,407.8,115836,372.9,-11.84,-0.011065,117624,343.8,-43.89,-0.053549,94129,315.7,-41.47,-0.054141,220.1,0.000000,100.0,156396,1167.8,78192,333.0,0.03,0.000020,82462,312.5,-0.39,-0.000368,93590,312.6,-20.29,-0.026600,400.1,0.019811,458.1,56611,649.4,58198,455.5,51.97,0.019984,61748,287.6,27.62,0.021087,93700,316.6,-51.00,-0.066079
41.05,0.0007603,0.054590,92972,93987,93922,94071,315.3,41.1,0.000000,1794.3,3339676,2393.0,102552,356.1,0.82,0.000715,102691,331.8,7.39,0.008133,93857,314.8,-2.69,-0.003517,581.1,-0.007996,388.3,136346,408.4,114455,372.2,-10.93,-0.010113,116676,343.1,-44.19,-0.053595,94177,315.8,-43.26,-0.056490,221.1,0.000000,100.0,156474,1167.3,78307,333.1,0.22,0.000158,82297,312.3,0.59,0.000555,93619,312.7,-18.98,-0.024878,401.1,0.020516,445.5,56355,641.4,57968,442.9,52.39,0.020637,61415,287.1,29.31,0.022293,93608,316.6,-50.12,-0.064887
42.08,0.0007793,0.054396,93609,94171,93966,94443,315.5,42.1,0.000000,212.6,3218043,2373.8,103068,356.6,0.81,0.000708,102751,331.8,7.54,0.008296,93874,314.9,-2.61,-0.003402,582.1,-0.007139,386.8,137138,409.0,113005,371.4,-10.02,-0.009166,115498,342.2,-44.05,-0.053034,94202,315.9,-45.26,-0.059088,222.1,0.000000,377.7,156557,1166.8,78540,333.4,0.44,0.000310,82112,312.1,1.58,0.001483,93625,312.7,-17.55,-0.023004,402.1,0.021199,432.8,56073,632.6,57713,430.2,52.78,0.021314,61083,286.7,31.05,0.023520,93410,316.4,-48.12,-0.062190
43.05,0.0007973,0.054188,94206,94349,93997,94785,315.6,43.1,0.000000,335.4,3108722,2356.1,103531,357.0,0.77,0.000675,102816,331.9,7.65,0.008422,93869,314.9,-2.61,-0.003406,583.1,-0.006339,385.5,137929,409.7,111657,370.6,-9.20,-0.008336,114308,341.2,-43.73,-0.052251,94199,316.0,-47.22,-0.061628,223.1,-0.000000,547.0,156618,1166.3,78848,333.8,0.61,0.000436,81929,311.9,2.45,0.002297,93606,312.8,-16.19,-0.021211,403.1,0.021873,421.4,55797,624.3,57465,418.7,53.15,0.021954,60788,286.3,32.59,0.024603,93153,316.3,-44.98,-0.058007
44.09,0.0008164,0.053943,94814,94536,94023,95136,315.6,44.1,0.000000,210.7,2997797,2337.6,103980,357.4,0.70,0.000616,102902,332.0,7.70,0.008491,93855,314.9,-2.72,-0.003549,584.1,-0.005597,384.0,138817,410.4,110242,369.7,-8.38,-0.007518,112966,340.2,-43.07,-0.051017,94160,316.1,-49.33,-0.064339,224.1,-0.000000,843.4,156648,1165.7,79248,334.2,0.76,0.000540,81726,311.7,3.30,0.003082,93567,312.8,-14.68,-0.019231,404.1,0.022555,409.8,55496,615.4,57197,407.2,53.60,0.022659,60489,285.9,34.12,0.025664,92874,316.0,-40.29,-0.051842
45.06,0.0008344,0.053691,95338,94712,94052,95450,315.6,45.1,0.000000,208.5,2898094,2320.5,104353,357.7,0.62,0.000547,102990,332.0,7.70,0.008494,93848,314.8,-2.89,-0.003775,585.1,-0.004911,382.7,139699,411.1,108927,368.8,-7.66,-0.006807,111657,339.1,-42.25,-0.049615,94119,316.2,-51.26,-0.066813,225.1,0.000000,100.0,156636,1165.1,79672,334.7,0.85,0.000606,81525,311.5,4.00,0.003730,93529,312.8,-13.14,-0.017205,405.1,0.023264,399.5,55208,607.0,56944,397.1,54.12,0.023362,60221,285.6,35.44,0.026572,92676,315.9,-34.85,-0.044757
46.03,0.0008525,0.053421,95804,94885,94091,95746,315.7,46.0,0.000000,100.0,2802737,2303.8,104674,358.0,0.54,0.000472,103086,332.1,7.62,0.008405,93867,314.9,-3.08,-0.004016,586.0,-0.004298,381.3,140624,411.8,107628,367.8,-6.99,-0.006151,110350,338.0,-41.35,-0.048145,94112,316.3,-53.09,-0.069169,226.0,-0.000000,431.1,156574,1164.4,80118,335.3,0.89,0.000640,81312,311.2,4.58,0.004271,93516,312.9,-11.42,-0.014950,406.0,0.023994,389.9,54921,598.6,56697,387.4,54.76,0.024116,59966,285.3,36.65,0.027393,92585,315.9,-28.73,-0.036872
47.07,0.0008716,0.053117,96232,95054,94155,96038,315.7,47.1,0.000000,457.2,2705964,2286.4,104959,358.3,0.45,0.000393,103204,332.2,7.41,0.008190,93940,314.9,-3.26,-0.004252,587.1,-0.003720,379.9,141655,412.6,106267,366.8,-6.32,-0.005510,108987,336.9,-40.38,-0.046591,94160,316.5,-54.91,-0.071532,227.1,-0.000000,100.0,156437,1163.5,80591,335.8,0.89,0.000641,81071,311.0,5.06,0.004701,93552,312.9,-9.37,-0.012267,407.1,0.024801,380.2,54621,589.7,56446,377.9,55.56,0.024981,59711,284.9,37.82,0.028178,92622,316.0,-21.88,-0.028080
48.04,0.0008897,0.052818,96587,95196,94255,96289,315.9,48.0,0.000000,796.1,2618960,2270.3,105180,358.5,0.37,0.000326,103334,332.3,7.11,0.007857,94073,315.1,-3.45,-0.004506,588.0,-0.003193,378.6,142671,413.4,105009,365.8,-5.74,-0.004957,107733,335.9,-39.47,-0.045154,94251,316.7,-56.47,-0.073596,228.0,-0.000000,1088.3,156224,1162.5,81016,336.3,0.84,0.000612,80831,310.7,5.33,0.004943,93650,313.1,-7.26,-0.009503,408.0,0.025669,371.7,54348,581.4,56225,369.4,56.45,0.025859,59488,284.6,38.82,0.028848,92792,316.2,-15.52,-0.019940
49.08,0.0009089,0.052489,96925,95341,94388,96531,316.1,49.1,0.000000,100.0,2530645,2253.6,105373,358.6,0.30,0.000267,103487,332.4,6.63,0.007342,94265,315.3,-3.69,-0.004827,589.1,-0.002718,377.2,143799,414.3,103699,364.7,-5.17,-0.004419,106429,334.8,-38.49,-0.043648,94396,316.9,-57.98,-0.075616,229.1,-0.000000,100.0,155888,1161.3,81426,336.8,0.77,0.000557,80564,310.4,5.41,0.005012,93818,313.3,-4.87,-0.006383,409.1,0.026599,363.3,54073,572.6,56009,361.0,57.50,0.026854,59271,284.3,39.81,0.029502,93030,316.4,-8.90,-0.011453
50.06,0.0009270,0.052170,97237,95474,94530,96734,316.3,50.1,0.000000,100.0,2451224,2238.2,105526,358.8,0.25,0.000224,103632,332.6,6.03,0.006679,94482,315.5,-3.95,-0.005179,590.1,-0.002292,375.9,144907,415.2,102500,363.7,-4.66,-0.003954,105225,333.7,-37.57,-0.042249,94576,317.2,-59.28,-0.077396,230.1,-0.000000,144.5,155452,1160.0,81767,337.1,0.68,0.000493,80309,310.1,5.29,0.004885,94037,313.5,-2.53,-0.003324,410.1,0.027582,355.9,53830,564.4,55825,353.6,58.58,0.027839,59089,284.1,40.68,0.030081,93293,316.7,-2.82,-0.003643
51.04,0.0009451,0.051842,97537,95602,94757,96914,316.7,51.0,0.000000,1436.9,2375219,2223.1,105659,358.9,0.22,0.000194,103761,332.7,5.26,0.005837,94727,315.7,-4.22,-0.005545,591.0,-0.001923,374.6,146059,416.0,101337,362.7,-4.20,-0.003527,104044,332.7,-36.65,-0.040873,94814,317.5,-60.59,-0.079212,231.0,-0.000000,100.0,154897,1158.4,82063,337.5,0.59,0.000428,80061,309.8,4.96,0.004570,94212,313.6,-0.32,-0.000423,411.0,0.028572,349.0,53605,556.3,55659,346.7,59.71,0.028852,58930,283.9,41.52,0.030643,93208,316.6,2.21,0.002842
52.08,0.0009644,0.051488,97661,95744,94978,97077,317.1,52.1,0.000000,197.1,2298032,2207.3,105787,359.0,0.20,0.000174,103858,332.8,4.27,0.004734,94980,315.9,-4.55,-0.005987,592.1,-0.001587,373.3,147333,417.0,100149,361.6,-3.74,-0.003113,102816,331.6,-35.67,-0.039440,95090,317.9,-62.16,-0.081408,232.1,0.000000,100.0,154179,1156.5,82330,337.8,0.49,0.000362,79814,309.6,4.40,0.004044,94277,313.7,1.79,0.002358,412.1,0.029595,342.2,53385,547.8,55505,339.8,60.88,0.029925,58789,283.7,42.41,0.031245,93251,316.7,7.73,0.009960
53.06,0.0009826,0.051156,97730,95898,95196,97206,317.4,53.1,0.000000,413.8,2228583,2192.8,105899,359.1,0.18,0.000162,103893,332.8,3.16,0.003504,95215,316.2,-4.85,-0.006395,593.1,-0.001293,372.1,148579,418.0,99077,360.6,-3.34,-0.002764,101685,330.7,-34.75,-0.038119,95352,318.3,-63.79,-0.083685,233.1,0.000000,385.3,153389,1154.6,82541,338.0,0.41,0.000304,79607,309.3,3.69,0.003386,94411,313.9,3.91,0.005155,413.1,0.030572,336.3,53194,540.0,55388,333.9,61.87,0.030890,58683,283.6,43.27,0.031836,93407,316.8,12.86,0.016603
54.04,0.0010007,0.050826,97783,96068,95438,97312,317.7,54.0,0.000000,116.4,2162090,2178.5,106006,359.2,0.17,0.000153,103881,332.8,1.91,0.002115,95449,316.4,-5.10,-0.006741,594.0,-0.001048,371.0,149871,418.9,98050,359.6,-2.99,-0.002454,100582,329.7,-33.84,-0.036820,95602,318.6,-65.49,-0.086037,234.0,-0.000000,100.0,152497,1152.5,82714,338.2,0.34,0.000251,79434,309.1,2.81,0.002579,94602,314.1,6.05,0.007976,414.0,0.031488,330.9,53016,532.3,55287,328.5,62.78,0.031806,58606,283.5,44.18,0.032474,93622,317.1,17.85,0.023074
55.08,0.0010200,0.050478,97807,96292,95708,97401,318.1,55.1,0.000000,545.3,2094524,2163.7,106111,359.3,0.16,0.000141,103764,332.7,0.41,0.000460,95695,316.6,-5.29,-0.007002,595.1,-0.000836,369.8,151295,420.0,97008,358.6,-2.67,-0.002169,99445,328.7,-32.86,-0.035458,95849,319.0,-67.23,-0.088465,235.1,0.000000,467.5,151451,1150.0,82861,338.4,0.27,0.000198,79295,309.0,1.72,0.001575,94846,314.5,8.28,0.010932,415.1,0.032386,325.6,52840,524.3,55190,323.1,63.65,0.032719,58554,283.4,45.24,0.033227,93863,317.4,22.92,0.029683
56.06,0.0010382,0.050156,97779,96538,95963,97463,318.5,56.1,0.000000,1362.8,2033698,2150.0,106199,359.4,0.14,0.000126,103560,332.5,-1.12,-0.001238,95914,316.8,-5.37,-0.007120,596.1,-0.000662,368.7,152683,421.0,96072,357.7,-2.40,-0.001940,98407,327.7,-31.92,-0.034186,96062,319.3,-68.77,-0.090606,236.1,0.000000,13467.8,150387,1147.6,82962,338.5,0.20,0.000147,79213,308.9,0.57,0.000521,95093,314.8,10.31,0.013633,416.1,0.033226,321.0,52685,517.1,55105,318.5,64.37,0.033516,58535,283.4,46.33,0.034025,94075,317.7,27.46,0.035602
57.05,0.0010564,0.049841,97709,96745,96213,97505,318.8,57.0,0.000000,1739.2,1975424,2136.6,106273,359.4,0.12,0.000108,103281,332.2,-2.72,-0.003002,96124,317.0,-5.36,-0.007117,597.0,-0.000528,367.6,154119,422.0,95177,356.8,-2.18,-0.001748,97404,326.8,-30.97,-0.032918,96258,319.5,-70.18,-0.092564,237.0,-0.000000,100.0,149257,1145.0,83023,338.6,0.12,0.000089,79177,308.8,-0.65,-0.000590,95343,315.2,12.26,0.016232,417.0,0.033981,316.8,52539,510.0,55023,314.3,65.01,0.034252,58544,283.4,47.56,0.034925,94253,318.0,31.79,0.041260
58.03,0.0010746,0.049534,97613,96942,96476,97529,319.1,58.0,0.000000,202.3,1919584,2123.5,106331,359.5,0.09,0.000084,102941,331.9,-4.33,-0.004780,96331,317.2,-5.26,-0.006998,598.0,-0.000425,366.6,155603,423.1,94322,356.0,-2.00,-0.001591,96435,325.9,-30.00,-0.031657,96445,319.8,-71.43,-0.094315,238.0,-0.000000,100.0,148075,1142.3,83031,338.6,0.02,0.000017,79188,308.9,-1.85,-0.001687,95596,315.6,14.12,0.018728,418.0,0.034678,313.0,52399,503.1,54945,310.5,65.58,0.034930,58576,283.5,48.91,0.035932,94416,318.2,35.91,0.046655
59.08,0.0010940,0.049218,97457,97154,96762,97536,319.4,59.1,0.000000,338.2,1862794,2109.8,106357,359.5,0.04,0.000035,102528,331.5,-6.04,-0.006643,96561,317.5,-5.02,-0.006685,599.1,-0.000350,365.6,157234,424.3,93450,355.1,-1.85,-0.001463,95440,325.0,-28.96,-0.030330,96656,320.1,-72.57,-0.095950,239.1,0.000000,304.1,146773,1139.4,82982,338.5,-0.09,-0.000065,79259,308.9,-3.01,-0.002753,95876,316.1,16.04,0.021302,419.1,0.035342,309.4,52257,496.1,54866,306.8,66.13,0.035597,58633,283.6,50.49,0.037117,94567,318.5,40.09,0.052119
60.06,0.0011122,0.048933,97254,97345,97027,97526,319.7,60.1,0.000000,370.9,1811621,2097.2,106344,359.5,-0.01,-0.000013,102105,331.2,-7.61,-0.008346,96783,317.7,-4.69,-0.006252,600.1,-0.000302,364.6,158820,425.4,92665,354.3,-1.74,-0.001372,94536,324.2,-27.98,-0.029105,96859,320.4,-73.50,-0.097290,240.1,-0.000000,962.2,145515,1136.6,82861,338.4,-0.22,-0.000164,79380,309.1,-3.92,-0.003586,96136,316.5,17.78,0.023652,420.1,0.035962,306.2,52128,489.7,54796,303.6,66.63,0.036189,58700,283.7,52.09,0.038327,94690,318.8,43.85,0.057020
61.04,0.0011305,0.048662,97008,97520,97295,97504,320.0,61.0,0.000000,100.0,1762553,2084.8,106287,359.4,-0.09,-0.000077,101664,330.8,-9.14,-0.009987,97014,317.9,-4.29,-0.005730,601.0,-0.000036,429.1,160463,426.6,91790,353.4,-1.56,-0.001216,93661,323.3,-27.02,-0.027915,97070,320.7,-74.29,-0.098464,241.0,-0.000000,100.0,144235,1133.7,82666,338.1,-0.36,-0.000268,79550,309.3,-4.60,-0.004224,96389,316.9,19.48,0.025945,421.0,0.036535,303.4,52006,483.5,54733,300.8,67.12,0.036760,58775,283.8,53.78,0.039605,94802,319.1,47.43,0.061696
62.03,0.0011487,0.048406,96751,97675,97513,97473,320.2,62.0,0.000000,100.0,1715491,2072.7,106166,359.3,-0.18,-0.000164,101216,330.3,-10.60,-0.011553,97241,318.1,-3.88,-0.005193,602.0,0.000000,303.9,162168,440.2,90993,352.5,-1.39,-0.001081,92814,322.5,-26.09,-0.026774,97284,321.0,-75.02,-0.099560,242.0,-0.000000,275.9,142939,1130.8,82399,337.8,-0.50,-0.000367,79763,309.5,-5.05,-0.004644,96619,317.3,21.11,0.028145,422.0,0.037094,300.8,51889,477.6,54679,298.2,67.64,0.037328,58851,283.9,55.52,0.040923,94889,319.4,50.84,0.066133
63.08,0.0011681,0.048151,96456,97827,97694,97430,320.4,63.1,0.000000,767.6,1667582,2060.1,105949,359.1,-0.32,-0.000285,100744,329.9,-12.09,-0.013130,97511,318.3,-3.38,-0.004531,603.1,0.000000,242.1,164040,441.5,90221,351.6,-1.28,-0.000985,91944,321.7,-25.14,-0.025625,97548,321.3,-75.72,-0.100649,243.1,-0.000000,710.1,141553,1127.6,82046,337.4,-0.63,-0.000464,80037,309.8,-5.23,-0.004823,96870,317.8,22.87,0.030524,423.1,0.037674,298.3,51772,471.5,54634,295.8,68.25,0.037944,58929,284.0,57.38,0.042331,94975,319.8,54.42,0.070773
64.06,0.0011863,0.047929,96119,97959,97876,97386,320.6,64.1,0.000000,620.3,1624369,2048.4,105640,358.8,-0.48,-0.000426,100316,329.5,-13.41,-0.014519,97740,318.6,-2.97,-0.003996,604.1,0.000000,463.6,165859,442.8,89534,350.9,-1.22,-0.000934,91153,320.9,-24.29,-0.024610,97788,321.6,-76.50,-0.101838,244.1,0.000000,313.6,140244,1124.6,81656,337.0,-0.74,-0.000542,80321,310.1,-5.17,-0.004774,97060,318.2,24.41,0.032600,424.1,0.038273,296.3,51672,466.0,54609,293.7,68.90,0.038555,58997,284.1,59.09,0.043630,95013,320.1,57.61,0.074874
65.05,0.0012046,0.047726,95730,98080,98038,97342,320.7,65.0,0.000000,433.2,1582893,2037.0,105212,358.4,-0.67,-0.000591,99916,329.2,-14.63,-0.015794,97931,318.7,-2.69,-0.003616,605.0,0.000000,100.0,167737,444.1,88866,350.1,-1.19,-0.000906,90391,320.2,-23.50,-0.023657,97990,321.9,-77.45,-0.103229,245.0,0.000000,4599.8,138936,1121.6,81222,336.4,-0.84,-0.000607,80636,310.5,-4.88,-0.004519,97196,318.6,25.82,0.034493,425.0,0.038890,294.5,51582,460.7,54603,291.9,69.65,0.039211,59058,284.2,60.73,0.044872,95005,320.5,60.62,0.078693
66.03,0.0012228,0.047544,95323,98189,98172,97302,320.8,66.0,0.000000,529.0,1543074,2025.8,104658,357.9,-0.87,-0.000769,99556,328.9,-15.73,-0.016933,98091,318.9,-2.50,-0.003370,606.0,0.000000,100.0,169675,445.5,88213,349.4,-1.17,-0.000887,89662,319.5,-22.75,-0.022768,98141,322.2,-78.46,-0.104653,246.0,-0.000000,132.7,137629,1118.6,80754,335.9,-0.91,-0.000656,80991,310.9,-4.37,-0.004060,97299,319.0,27.16,0.036277,426.0,0.039559,292.9,51505,455.6,54623,290.3,70.51,0.039929,59111,284.3,62.26,0.046033,94965,320.8,63.48,0.082289
67.08,0.0012422,0.047373,94917,98270,98272,97271,320.9,67.1,0.000000,723.5,1502497,2014.2,103930,357.2,-1.09,-0.000958,99223,328.6,-16.74,-0.017976,98224,319.0,-2.42,-0.003259,607.1,0.000000,174.8,171801,447.0,87536,348.6,-1.15,-0.000866,88926,318.8,-22.00,-0.021894,98198,322.3,-79.26,-0.105721,247.1,-0.000000,100.0,136242,1115.4,80236,335.3,-0.95,-0.000687,81403,311.3,-3.58,-0.003341,97390,319.3,28.52,0.038088,427.1,0.040316,291.4,51441,450.4,54674,288.8,71.57,0.040771,59157,284.3,63.74,0.047155,94896,321.1,66.38,0.085896
68.06,0.0012604,0.047231,94597,98307,98328,97256,321.0,68.1,0.000000,183.5,1465858,2003.5,103127,356.4,-1.29,-0.001121,98958,328.3,-17.53,-0.018791,98309,319.1,-2.45,-0.003305,608.1,0.000000,120.5,173868,448.4,86922,347.9,-1.12,-0.000838,88274,318.1,-21.35,-0.021133,98183,322.4,-79.57,-0.106095,248.1,0.000000,100.0,134939,1112.3,79744,334.7,-0.97,-0.000693,81816,311.8,-2.67,-0.002499,97460,319.6,29.74,0.039706,428.1,0.041151,290.3,51399,445.8,54756,287.7,72.69,0.041646,59189,284.4,64.98,0.048092,94805,321.3,68.96,0.089086
69.05,0.0012787,0.047103,94396,98344,98350,97260,321.0,69.0,0.000000,211.8,1430652,1993.0,102231,355.5,-1.45,-0.001257,98738,328.1,-18.17,-0.019439,98359,319.1,-2.56,-0.003455,609.0,0.000000,312.6,176001,449.9,86334,347.2,-1.07,-0.000804,87657,317.5,-20.73,-0.020408,98130,322.4,-79.40,-0.105817,249.0,0.000000,189.4,133634,1109.2,79269,334.1,-0.94,-0.000674,82236,312.3,-1.65,-0.001548,97511,319.9,30.88,0.041214,429.0,0.042036,289.3,51377,441.3,54870,286.6,73.94,0.042596,59207,284.4,66.06,0.048900,94687,321.5,71.39,0.092065
70.03,0.0012969,0.046982,94383,98371,98345,97284,321.0,70.0,0.000000,620.1,1396808,1982.7,101267,354.5,-1.58,-0.001360,98560,328.0,-18.64,-0.019921,98381,319.2,-2.75,-0.003710,610.0,0.000000,154.7,178204,451.4,85777,346.6,-1.03,-0.000765,87066,316.9,-20.10,-0.019694,98043,322.4,-78.88,-0.105036,250.0,-0.000000,100.0,132325,1106.1,78832,333.6,-0.88,-0.000623,82644,312.7,-0.55,-0.000517,97537,320.1,31.92,0.042583,430.0,0.042990,288.5,51378,437.0,55016,285.8,75.27,0.043610,59208,284.4,66.95,0.049567,94539,321.6,73.68,0.094837
71.08,0.0013163,0.046852,94476,98380,98310,97332,320.9,71.1,0.000000,100.0,1362268,1971.9,100194,353.4,-1.68,-0.001431,98409,327.9,-18.97,-0.020249,98366,319.1,-3.00,-0.004045,611.1,0.000000,100.0,180622,453.0,85216,345.9,-0.98,-0.000725,86461,316.3,-19.41,-0.018928,97883,322.3,-77.73,-0.103366,251.1,-0.000000,555.1,130928,1102.8,78437,333.1,-0.75,-0.000530,83044,313.1,0.69,0.000650,97537,320.3,32.92,0.043889,431.1,0.044028,287.9,51405,432.6,55202,285.1,76.75,0.044733,59181,284.3,67.69,0.050099,94356,321.6,75.96,0.097577
72.07,0.0013346,0.046725,94792,98358,98250,97396,320.8,72.1,0.000000,100.0,1331029,1962.0,99164,352.4,-1.73,-0.001467,98301,327.8,-19.11,-0.020373,98316,319.1,-3.25,-0.004386,612.1,0.000000,14140.7,182974,454.5,84716,345.4,-0.93,-0.000690,85910,315.8,-18.76,-0.018203,97699,322.1,-75.92,-0.100827,252.1,0.000000,479.9,129605,1099.6,78156,332.8,-0.58,-0.000410,83377,313.5,1.90,0.001799,97510,320.4,33.77,0.044994,432.1,0.045096,287.4,51455,428.7,55402,284.5,78.16,0.045805,59121,284.2,68.15,0.050409,94160,321.5,77.96,0.099965
73.05,0.0013529,0.046576,95411,98309,98143,97475,320.7,73.1,0.000000,490.2,1300959,1952.3,98131,351.3,-1.76,-0.001476,98214,327.7,-19.07,-0.020315,98236,319.0,-3.55,-0.004791,613.1,0.000000,408.8,185404,456.1,84237,344.8,-0.90,-0.000660,85377,315.2,-18.11,-0.017496,97519,322.0,-73.61,-0.097618,253.1,0.000000,100.0,128273,1096.4,77977,332.5,-0.38,-0.000265,83664,313.8,3.14,0.002982,97449,320.5,34.60,0.046061,433.1,0.046133,287.1,51528,424.9,55620,284.1,79.52,0.046861,59021,284.1,68.39,0.050526,93933,321.4,79.81,0.102130
74.04,0.0013711,0.046405,95804,98239,98012,97560,320.5,74.0,0.000000,393.9,1272006,1942.8,97114,350.3,-1.75,-0.001460,98129,327.7,-18.87,-0.020093,98120,318.9,-3.91,-0.005262,614.0,0.000000,302.9,187915,457.8,83775,344.3,-0.87,-0.000637,84863,314.7,-17.50,-0.016832,97346,321.8,-70.99,-0.094013,254.0,-0.000000,258.6,126932,1093.2,77915,332.5,-0.14,-0.000100,83904,314.0,4.40,0.004194,97349,320.5,35.37,0.047044,434.0,0.047141,286.9,51624,421.3,55851,283.8,80.81,0.047873,58892,283.9,68.45,0.050492,93670,321.2,81.50,0.104068
75.03,0.0013894,0.046220,96179,98150,97873,97649,320.4,75.0,0.000000,100.0,1244116,1933.4,96128,349.3,-1.72,-0.001422,98042,327.6,-18.49,-0.019678,97984,318.8,-4.27,-0.005743,615.0,0.000000,548.7,190510,459.4,83326,343.7,-0.85,-0.000621,84362,314.2,-16.95,-0.016230,97183,321.7,-68.15,-0.090139,255.0,-0.000000,100.0,125583,1089.9,77964,332.5,0.08,0.000057,84097,314.2,5.70,0.005440,97219,320.5,36.10,0.047948,435.0,0.048094,286.7,51740,417.9,56088,283.5,81.98,0.048814,58757,283.7,68.43,0.050404,93389,321.0,83.12,0.105903
76.08,0.0014089,0.046005,96639,98031,97715,97742,320.2,76.1,0.000000,356.5,1215595,1923.7,95131,348.2,-1.65,-0.001357,97921,327.5,-17.87,-0.019002,97828,318.7,-4.64,-0.006239,616.1,0.000000,1646.8,193363,461.2,82858,343.2,-0.84,-0.000608,83838,313.6,-16.44,-0.015669,97033,321.6,-65.06,-0.085938,256.1,0.000000,100.0,124140,1086.3,78153,332.8,0.35,0.000249,84256,314.4,7.13,0.006814,97054,320.4,36.81,0.048823,436.1,0.048995,286.7,51883,414.4,56343,283.3,83.07,0.049717,58660,283.5,68.54,0.050428,93078,320.7,84.79,0.107748
77.07,0.0014272,0.045785,97065,97898,97556,97826,320.0,77.1,0.000000,100.0,1189753,1914.7,94257,347.3,-1.56,-0.001271,97765,327.4,-17.09,-0.018149,97672,318.5,-4.98,-0.006691,617.1,0.000000,306.0,196142,463.0,82425,342.7,-0.83,-0.000598,83344,313.1,-16.03,-0.015222,96896,321.5,-62.14,-0.081996,257.1,0.000000,1559.6,122775,1083.0,78468,333.1,0.62,0.000436,84378,314.5,8.54,0.008169,96879,320.3,37.43,0.049566,437.1,0.049797,286.7,52033,411.3,56582,283.2,83.93,0.050460,58678,283.5,69.06,0.050829,92776,320.5,86.28,0.109371
78.06,0.0014455,0.045549,97444,97742,97388,97902,319.8,78.1,0.000000,1570.6,1164837,1905.8,93461,346.5,-1.43,-0.001164,97563,327.2,-16.15,-0.017119,97508,318.4,-5.33,-0.007148,618.1,0.000000,100.0,199016,464.8,82000,342.2,-0.82,-0.000588,82841,312.6,-15.72,-0.014857,96752,321.4,-59.24,-0.078070,258.1,-0.000000,100.0,121402,1079.6,78916,333.7,0.88,0.000626,84489,314.6,10.03,0.009607,96688,320.2,38.00,0.050242,438.1,0.050466,286.7,52195,408.4,56815,283.2,84.61,0.051090,58804,283.6,70.05,0.051636,92468,320.2,87.70,0.110880
79.05,0.0014639,0.045300,97759,97581,97216,97968,319.6,79.0,0.000000,192.9,1140809,1897.2,92755,345.7,-1.28,-0.001037,97303,327.0,-15.10,-0.015976,97341,318.2,-5.69,-0.007621,619.0,0.000000,100.0,201989,466.6,81585,341.7,-0.80,-0.000574,82325,312.1,-15.50,-0.014580,96605,321.3,-56.35,-0.074182,259.0,0.000000,463.3,120023,1076.1,79495,334.3,1.14,0.000813,84613,314.8,11.64,0.011162,96488,320.0,38.53,0.050864,439.0,0.051020,286.8,52366,405.5,57036,283.2,85.11,0.051595,58994,283.9,71.41,0.052765,92159,320.0,89.04,0.112285
80.04,0.0014822,0.045040,98077,97416,97041,98021,319.4,80.0,0.000000,252.9,1117631,1888.7,92149,345.1,-1.11,-0.000896,96983,326.7,-13.98,-0.014757,97171,318.0,-6.07,-0.008123,620.0,0.000000,127.5,205064,468.5,81183,341.2,-0.78,-0.000556,81795,311.5,-15.38,-0.014402,96455,321.2,-53.50,-0.070345,260.0,-0.000000,421.9,118637,1072.6,80195,335.1,1.36,0.000982,84769,314.9,13.40,0.012864,96282,319.9,39.04,0.051444,440.0,0.051444,286.9,52543,402.9,57240,283.2,85.40,0.051953,59341,284.3,73.50,0.054550,91851,319.8,90.32,0.113598
81.03,0.0015006,0.044767,98398,97249,96861,98058,319.1,81.0,0.000000,451.8,1095268,1880.3,91648,344.5,-0.93,-0.000745,96609,326.3,-12.81,-0.013489,97000,317.9,-6.49,-0.008673,621.0,0.000000,138.0,208245,470.4,80799,340.7,-0.75,-0.000533,81255,310.9,-15.33,-0.014285,96302,321.1,-50.70,-0.066575,261.0,0.000000,537.8,117245,1069.1,80987,336.1,1.54,0.001114,84976,315.1,15.31,0.014726,96073,319.7,39.51,0.051982,441.0,0.051718,287.0,52722,400.3,57415,283.2,85.41,0.052118,60052,285.2,76.82,0.057506,91543,319.5,91.54,0.114822
82.09,0.0015202,0.044466,98710,97072,96670,98078,318.9,82.1,0.000000,219.5,1072364,1871.6,91235,344.1,-0.73,-0.000580,96164,325.9,-11.55,-0.012114,96819,317.7,-7.00,-0.009334,622.1,0.000000,629.0,211747,472.4,80414,340.2,-0.71,-0.000503,80679,310.3,-15.38,-0.014258,96137,321.0,-47.77,-0.062645,262.1,-0.000000,100.0,115759,1065.3,81891,337.1,1.64,0.001199,85263,315.4,17.49,0.016859,95851,319.5,39.98,0.052511,442.1,0.051783,287.0,52909,397.8,57564,283.2,85.14,0.052084,61218,286.8,81.92,0.062180,91219,319.3,92.77,0.116036
83.08,0.0015386,0.044172,98948,96915,96498,98074,318.6,83.1,0.000000,344.9,1051579,1863.6,90954,343.8,-0.54,-0.000427,95714,325.5,-10.33,-0.010806,96655,317.6,-7.54,-0.010043,623.1,0.000000,187.6,215163,474.4,80074,339.8,-0.67,-0.000472,80137,309.7,-15.50,-0.014307,95981,320.8,-45.04,-0.059004,263.1,0.000000,748.3,114354,1061.7,82763,338.1,1.66,0.001225,85600,315.8,19.61,0.018963,95645,319.4,40.40,0.052974,443.1,0.051649,286.9,53078,395.5,57666,283.3,84.67,0.051880,62563,288.5,87.63,0.067569,90919,319.1,93.87,0.117117
84.08,0.0015570,0.043875,98957,96772,96334,98046,318.4,84.1,0.000000,456.8,1031513,1855.7,90774,343.6,-0.35,-0.000279,95250,325.0,-9.11,-0.009493,96505,317.4,-8.16,-0.010858,624.1,0.000000,100.0,218699,476.5,79757,339.4,-0.63,-0.000442,79604,309.2,-15.67,-0.014394,95831,320.7,-42.34,-0.055402,264.1,0.000000,100.0,112941,1058.0,83621,339.0,1.63,0.001206,86000,316.2,21.75,0.021100,95448,319.2,40.79,0.053409,444.1,0.051363,286.8,53235,393.3,57739,283.3,84.01,0.051539,63991,290.3,93.51,0.073293,90627,318.9,94.94,0.118154
85.07,0.0015754,0.043584,98887,96646,96175,97995,318.1,85.1,0.000000,890.4,1012136,1848.0,90689,343.5,-0.18,-0.000140,94785,324.6,-7.88,-0.008181,96368,317.3,-8.89,-0.011819,625.1,0.000000,377.4,222360,478.6,79458,339.1,-0.59,-0.000416,79087,308.6,-15.85,-0.014491,95686,320.6,-39.67,-0.051839,265.1,0.000000,100.0,111521,1054.3,84445,340.0,1.55,0.001157,86462,316.6,23.84,0.023215,95261,319.0,41.16,0.053808,445.1,0.050976,286.7,53381,391.2,57801,283.3,83.28,0.051142,65399,292.0,99.12,0.078925,90343,318.6,95.98,0.119153
86.07,0.0015939,0.043296,98962,96546,96025,97922,317.9,86.1,0.000000,100.0,993421,1840.4,90690,343.5,-0.02,-0.000014,94331,324.1,-6.64,-0.006874,96243,317.2,-9.75,-0.012955,626.1,0.000000,113.6,226152,480.7,79174,338.7,-0.56,-0.000397,78594,308.1,-16.01,-0.014566,95547,320.5,-37.01,-0.048314,266.1,0.000000,385.9,110093,1050.5,85223,340.8,1.45,0.001091,86984,317.1,25.83,0.025264,95086,318.9,41.48,0.054162,446.1,0.050609,286.8,53516,389.2,57885,283.3,82.66,0.050830,66738,293.6,104.26,0.084251,90068,318.4,96.99,0.120118
87.07,0.0016123,0.043008,98980,96467,95891,97825,317.7,87.1,0.000000,395.2,975344,1832.9,90760,343.6,0.11,0.000091,93901,323.7,-5.41,-0.005577,96129,317.1,-10.74,-0.014259,627.1,0.000000,678.3,230079,482.9,78893,338.4,-0.56,-0.000392,78128,307.6,-16.12,-0.014604,95418,320.4,-34.36,-0.044812,267.1,0.000000,805.6,108658,1046.7,85954,341.6,1.35,0.001023,87565,317.7,27.68,0.027213,94930,318.7,41.75,0.054447,447.1,0.050431,286.9,53646,387.3,58037,283.5,82.43,0.050790,67995,295.1,108.89,0.089206,89804,318.2,97.98,0.121067
88.06,0.0016308,0.042725,98903,96399,95782,97704,317.4,88.1,0.000000,197.0,957880,1825.6,90891,343.7,0.23,0.000181,93503,323.3,-4.18,-0.004300,96033,317.0,-11.83,-0.015696,628.1,0.000000,693.2,234148,485.1,78604,338.0,-0.58,-0.000402,77691,307.1,-16.16,-0.014585,95305,320.3,-31.70,-0.041306,268.1,-0.000000,508.0,107215,1042.8,86648,342.4,1.27,0.000968,88209,318.4,29.37,0.029027,94806,318.6,41.93,0.054632,448.1,0.050533,287.0,53779,385.5,58263,283.8,82.71,0.051108,69174,296.5,113.05,0.093792,89558,318.0,98.98,0.122049
89.06,0.0016493,0.042451,98681,96378,95705,97556,317.2,89.1,0.000000,392.2,941005,1818.4,91062,343.9,0.30,0.000241,93145,323.0,-2.98,-0.003059,95961,316.9,-12.99,-0.017221,629.1,0.000000,398.8,238364,487.4,78296,337.7,-0.61,-0.000427,77281,306.6,-16.14,-0.014508,95216,320.2,-29.01,-0.037770,269.1,-0.000000,26611.6,105765,1038.9,87326,343.1,1.23,0.000943,88921,319.1,30.86,0.030671,94712,318.5,42.03,0.054735,449.1,0.050990,287.4,53922,383.7,58567,284.2,83.50,0.051793,70283,297.7,116.78,0.098030,89335,317.8,100.01,0.123081
90.06,0.0016678,0.042193,98351,96338,95665,97385,317.0,90.1,0.000000,458.9,924697,1811.4,91247,344.1,0.33,0.000266,92831,322.7,-1.83,-0.001871,95912,316.9,-14.18,-0.018795,630.1,0.000000,170.6,242732,489.7,77961,337.2,-0.67,-0.000464,76896,306.2,-16.08,-0.014398,95159,320.1,-26.27,-0.034184,270.1,-0.000000,322.1,104309,1035.0,88021,343.9,1.25,0.000961,89702,319.8,32.10,0.032116,94658,318.4,42.06,0.054749,450.1,0.051952,288.0,54087,382.1,59035,284.8,85.21,0.053158,71329,298.8,120.11,0.101939,89138,317.6,101.07,0.124180
91.06,0.0016862,0.041954,97955,96277,95674,97192,316.9,91.1,0.000000,309.7,908937,1804.5,91425,344.3,0.32,0.000260,92565,322.4,-0.74,-0.000759,95888,316.8,-15.33,-0.020312,631.1,0.000000,100.0,247260,492.1,77592,336.8,-0.74,-0.000511,76534,305.8,-15.94,-0.014230,95142,320.1,-23.45,-0.030519,271.1,0.000000,100.0,102846,1030.9,88761,344.6,1.32,0.001020,90551,320.6,33.11,0.033345,94643,318.3,41.97,0.054645,451.1,0.053838,289.2,54297,380.6,59804,285.8,88.46,0.055707,72316,299.9,123.07,0.105527,88973,317.5,102.17,0.125369
92.06,0.0017047,0.041736,97531,96220,95711,96980,316.8,92.1,0.000000,100.0,893704,1797.7,91582,344.4,0.29,0.000231,92350,322.2,0.25,0.000254,95892,316.8,-16.37,-0.021694,632.1,0.000000,567.5,251953,494.5,77185,336.3,-0.82,-0.000565,76193,305.4,-15.77,-0.014034,95165,320.2,-20.58,-0.026785,272.1,0.000000,100.0,101378,1026.9,89576,345.5,1.43,0.001117,91456,321.5,33.86,0.034349,94676,318.2,41.83,0.054493,452.1,0.057051,291.0,54580,379.1,60945,287.4,93.51,0.059686,73244,300.8,125.67,0.108789,88840,317.3,103.31,0.126633
93.05,0.0017232,0.041542,97053,96169,95775,96753,316.6,93.1,0.000000,3529.8,878978,1791.1,91704,344.5,0.23,0.000182,92190,322.0,1.14,0.001155,95916,316.8,-17.30,-0.022927,633.1,0.000000,100.0,256819,497.0,76736,335.7,-0.91,-0.000623,75869,305.1,-15.61,-0.013846,95218,320.2,-17.69,-0.023036,273.1,0.000000,499.5,99907,1022.7,90490,346.5,1.59,0.001248,92402,322.4,34.36,0.035126,94745,318.2,41.61,0.054242,453.1,0.061565,293.6,54965,377.9,62410,289.3,99.83,0.064810,74117,301.7,127.92,0.111727,88730,317.2,104.44,0.127919
94.05,0.0017417,0.041372,96527,96117,95898,96513,316.5,94.1,0.000000,1502.7,864742,1784.6,91788,344.6,0.16,0.000129,92089,321.9,1.91,0.001944,95976,316.9,-18.01,-0.023882,634.1,0.000000,100.0,261864,499.5,76246,335.1,-0.99,-0.000679,75556,304.7,-15.47,-0.013680,95316,320.3,-14.73,-0.019195,274.1,-0.000000,249.9,98432,1018.6,91520,347.6,1.77,0.001403,93370,323.3,34.65,0.035690,94868,318.2,41.32,0.053939,454.1,0.066878,296.6,55470,376.8,64075,291.6,106.45,0.070410,74939,302.5,129.85,0.114360,88657,317.1,105.62,0.129308
95.05,0.0017602,0.041230,95925,96067,95967,96265,316.4,95.1,0.000000,532.3,850977,1778.2,91841,344.7,0.10,0.000082,92060,321.9,2.57,0.002609,96048,317.0,-18.60,-0.024684,635.1,0.000000,578.3,267095,502.1,75723,334.5,-1.07,-0.000727,75254,304.4,-15.35,-0.013531,95429,320.4,-11.83,-0.015423,275.1,-0.000000,271.3,96958,1014.4,92671,348.7,1.95,0.001562,94342,324.2,34.73,0.036041,95013,318.3,40.86,0.053408,455.1,0.072328,299.7,56098,375.9,65822,293.8,112.49,0.075843,75720,303.3,131.49,0.116720,88595,317.0,106.75,0.130643
96.05,0.0017787,0.041117,95352,96026,96013,96013,316.1,96.0,0.000000,100.0,837666,1771.9,91871,344.7,0.06,0.000049,92087,321.9,3.16,0.003215,96097,317.0,-19.17,-0.025444,636.0,0.000000,321.7,272522,504.8,75178,333.8,-1.12,-0.000760,74968,304.1,-15.23,-0.013393,95519,320.5,-9.09,-0.011861,276.0,0.000000,100.0,95484,1010.1,93929,350.0,2.11,0.001703,95291,325.1,34.65,0.036221,95147,318.3,40.14,0.052540,456.0,0.075176,302.6,56791,375.3,68277,297.1,115.21,0.079690,76464,304.0,132.87,0.118824,88523,316.8,107.74,0.131812
97.05,0.0017972,0.041031,94836,95990,96054,95763,315.9,97.0,0.000000,100.0,824793,1765.8,91892,344.7,0.04,0.000033,92181,322.0,3.72,0.003782,96128,317.0,-19.66,-0.026105,637.0,0.000000,187.5,278151,507.5,74626,333.1,-1.15,-0.000773,74703,303.8,-15.11,-0.013254,95592,320.6,-6.49,-0.008470,277.0,0.000000,615.3,94013,1005.8,95270,351.4,2.22,0.001813,96205,326.0,34.46,0.036278,95269,318.2,39.24,0.051433,457.0,0.081627,305.7,57621,374.8,69753,298.9,120.75,0.084808,77175,304.7,134.00,0.120684,88447,316.7,108.64,0.132871
98.04,0.0018156,0.040967,94373,95957,96078,95517,315.7,98.0,0.000000,127.3,812341,1759.8,91915,344.7,0.04,0.000034,92339,322.2,4.24,0.004319,96147,317.0,-20.08,-0.026664,638.0,0.000000,157.9,283991,510.2,74084,332.4,-1.14,-0.000761,74465,303.5,-14.96,-0.013089,95653,320.7,-4.02,-0.005245,278.0,0.000000,377.7,92540,1001.5,96668,352.8,2.29,0.001887,97076,326.8,34.21,0.036253,95373,318.1,38.22,0.050174,458.0,0.083347,308.4,58490,374.4,71942,301.7,122.43,0.087859,77856,305.3,134.91,0.122316,88368,316.5,109.47,0.133840
99.04,0.0018341,0.040925,93946,95934,96074,95279,315.4,99.0,0.000000,757.6,800295,1753.9,91949,344.8,0.06,0.000049,92560,322.4,4.74,0.004836,96150,317.0,-20.46,-0.027172,639.0,0.000000,192.1,290053,513.0,73567,331.7,-1.09,-0.000730,74252,303.3,-14.75,-0.012879,95693,320.7,-1.70,-0.002228,279.0,-0.000000,355.3,91060,997.1,98101,354.2,2.32,0.001929,97893,327.5,33.93,0.036177,95450,318.0,37.14,0.048803,459.0,0.089076,310.9,59473,374.3,73243,303.2,126.32,0.091829,78507,305.9,135.61,0.123728,88282,316.2,110.19,0.134687
100.04,0.0018526,0.040903,93546,95860,96052,95049,315.0,100.0,0.000000,332.7,788639,1748.1,92003,344.8,0.10,0.000077,92832,322.7,5.20,0.005325,96129,317.0,-20.83,-0.027655,640.0,0.000000,205.3,296346,515.9,73086,331.1,-1.03,-0.000683,74060,303.1,-14.47,-0.012613,95647,320.7,0.30,0.000386,280.0,-0.000000,437.8,89572,992.6,99551,355.6,2.31,0.001946,98652,328.2,33.63,0.036058,95499,317.9,36.02,0.047378,460.0,0.089557,313.2,60466,374.2,75210,305.7,127.21,0.094210,79121,306.5,136.10,0.124913,88186,316.0,110.81,0.135411
101.04,0.0018710,0.040898,93184,95755,96002,94831,314.7,101.0,0.000000,337.6,777358,1742.4,92081,344.9,0.14,0.000111,93134,323.0,5.63,0.005770,96085,316.9,-21.18,-0.028119,641.0,0.000000,524.9,302880,518.9,72647,330.5,-0.95,-0.000626,73878,302.9,-14.14,-0.012298,95544,320.5,2.13,0.002785,281.0,0.000000,767.8,88086,988.0,101003,357.1,2.28,0.001943,99350,328.8,33.30,0.035888,95514,317.7,34.93,0.045975,461.0,0.092213,315.7,61507,374.3,77156,308.0,127.06,0.095794,79681,307.0,136.40,0.125860,88082,315.7,111.33,0.136007
102.03,0.0018895,0.040909,92857,95664,95933,94625,314.3,102.0,0.000000,100.0,766439,1736.9,92183,345.0,0.18,0.000146,93442,323.3,6.00,0.006164,96024,316.8,-21.54,-0.028583,642.0,0.000000,100.0,309667,521.9,72252,330.0,-0.86,-0.000567,73692,302.7,-13.76,-0.011948,95474,320.4,3.94,0.005136,282.0,0.000000,209.5,86623,983.5,102441,358.4,2.23,0.001919,99995,329.4,32.90,0.035621,95502,317.5,33.87,0.044613,462.0,0.096605,317.1,62628,374.4,78120,309.0,129.71,0.098690,80192,307.5,136.54,0.126599,87969,315.4,111.76,0.136485
103.03,0.0019079,0.040935,92558,95559,95841,94432,313.9,103.0,0.000000,100.0,755869,1731.4,92307,345.1,0.22,0.000177,93735,323.5,6.31,0.006502,95944,316.7,-21.92,-0.029075,643.0,0.000000,327.5,316718,524.9,71898,329.5,-0.78,-0.000510,73489,302.4,-13.36,-0.011580,95405,320.3,5.66,0.007380,283.0,0.000000,135.2,85328,979.4,103850,359.8,2.16,0.001873,100599,329.9,32.37,0.035208,95464,317.2,32.85,0.043285,463.0,0.095989,319.1,63731,374.7,79866,311.1,128.96,0.099651,80656,308.0,136.49,0.127091,87846,315.1,112.10,0.136843
104.09,0.0019275,0.040976,92272,95421,95713,94243,313.5,104.1,0.000000,615.5,745006,1725.8,92457,345.3,0.25,0.000205,94009,323.8,6.58,0.006794,95836,316.6,-22.36,-0.029645,644.1,0.000000,100.0,324513,528.2,71558,329.1,-0.70,-0.000459,73246,302.2,-12.92,-0.011169,95314,320.1,7.38,0.009618,284.1,-0.000000,340.4,84576,976.6,105295,361.1,2.05,0.001801,101217,330.4,31.65,0.034577,95395,316.9,31.79,0.041896,464.1,0.097541,339.0,64924,375.0,81760,313.3,127.98,0.100533,81085,308.4,136.29,0.127415,87705,314.7,112.38,0.137115
105.08,0.0019460,0.041026,92051,95273,95539,94082,313.0,105.1,0.000000,543.3,735115,1720.5,92618,345.5,0.29,0.000233,94211,324.0,6.76,0.006985,95698,316.4,-22.85,-0.030267,645.1,0.000000,208.4,332148,531.4,71266,328.7,-0.65,-0.000422,72997,301.9,-12.45,-0.010736,95196,319.8,8.84,0.011526,285.1,0.000000,100.2,85553,978.5,106591,362.3,1.94,0.001713,101799,330.9,30.78,0.033777,95294,316.6,30.79,0.040574,465.1,0.101430,322.1,66113,375.3,82455,313.9,129.89,0.102689,81459,308.8,136.07,0.127640,87555,314.4,112.55,0.137244
106.08,0.0019644,0.041084,91880,95094,95343,93938,312.5,106.1,0.000000,446.4,725534,1715.4,92802,345.6,0.33,0.000266,94362,324.1,6.87,0.007112,95517,316.2,-23.43,-0.030988,646.1,0.000000,100.0,340088,534.7,70992,328.3,-0.61,-0.000395,72747,301.6,-11.86,-0.010204,95041,319.5,10.14,0.013208,286.1,0.000000,313.5,86758,981.0,107812,363.4,1.80,0.001609,102398,331.4,29.72,0.032751,95150,316.2,29.80,0.039255,466.1,0.099831,323.5,67262,375.7,84155,315.8,128.37,0.102948,81806,309.1,135.87,0.127860,87384,314.0,112.63,0.137228
107.07,0.0019828,0.041149,91742,94902,95164,93811,312.1,107.1,0.000000,100.0,716254,1710.4,93018,345.9,0.39,0.000312,94469,324.2,6.94,0.007188,95327,316.0,-23.98,-0.031683,647.1,0.000000,199.5,348346,538.0,70732,328.0,-0.58,-0.000375,72518,301.3,-11.10,-0.009525,94873,319.1,11.35,0.014767,287.1,-0.000000,100.0,88337,984.4,108950,364.5,1.66,0.001495,103024,331.9,28.44,0.031482,94989,315.8,28.90,0.038056,467.1,0.103361,324.7,68467,376.1,84788,316.4,129.58,0.104514,82112,309.4,135.73,0.128080,87214,313.7,112.67,0.137166
108.07,0.0020012,0.041219,91639,94702,94963,93701,311.6,108.1,0.000000,294.9,707263,1705.4,93277,346.1,0.46,0.000373,94531,324.3,6.97,0.007223,95128,315.7,-24.50,-0.032321,648.1,0.000000,100.0,356938,541.4,70486,327.7,-0.55,-0.000355,72323,301.1,-10.14,-0.008683,94691,318.8,12.47,0.016219,288.1,-0.000000,1117.0,89896,987.7,109997,365.4,1.52,0.001373,103685,332.5,26.95,0.029975,94813,315.4,28.10,0.036988,468.1,0.101297,325.8,69623,376.5,86363,318.1,127.80,0.104417,82378,309.7,135.61,0.128256,87041,313.3,112.67,0.137051
109.06,0.0020196,0.041291,91593,94490,94736,93608,311.1,109.1,0.000000,222.2,698551,1700.6,93589,346.4,0.55,0.000449,94546,324.3,6.92,0.007172,94906,315.5,-24.98,-0.032902,649.1,0.000000,100.0,365881,544.9,70258,327.4,-0.51,-0.000330,72168,300.9,-8.98,-0.007682,94490,318.3,13.49,0.017533,289.1,-0.000000,100.0,91344,990.6,110952,366.3,1.37,0.001249,104379,333.1,25.28,0.028253,94618,315.0,27.39,0.036014,469.1,0.104510,326.9,70828,377.0,86943,318.6,128.55,0.105573,82593,309.9,135.34,0.128242,86859,312.9,112.61,0.136855
110.05,0.0020380,0.041364,91624,94255,94478,93533,310.6,110.1,0.000000,100.0,690107,1695.9,93959,346.8,0.65,0.000532,94541,324.3,6.77,0.007014,94656,315.2,-25.42,-0.033425,650.1,0.000000,135.6,375192,548.4,70055,327.1,-0.46,-0.000294,72074,300.8,-7.62,-0.006509,94266,317.9,14.38,0.018677,290.1,0.000000,163.2,92663,993.1,111813,367.0,1.23,0.001124,105102,333.7,23.46,0.026356,94400,314.6,26.73,0.035113,470.1,0.102062,327.7,71977,377.4,88378,320.2,126.46,0.105067,82810,310.2,135.03,0.128175,86662,312.6,112.48,0.136562
111.05,0.0020564,0.041432,91739,94018,94200,93474,310.1,111.0,0.000000,380.8,681923,1691.2,94384,347.2,0.75,0.000612,94500,324.2,6.53,0.006770,94378,314.9,-25.81,-0.033866,651.0,0.000000,100.0,384890,552.0,69885,326.9,-0.39,-0.000249,72042,300.8,-6.05,-0.005171,94016,317.3,15.15,0.019649,291.0,-0.000000,100.0,93884,995.3,112581,367.7,1.09,0.001001,105844,334.3,21.55,0.024327,94157,314.1,26.13,0.034291,471.0,0.104905,328.6,73167,377.9,88882,320.6,126.83,0.105835,83048,310.5,134.67,0.128074,86450,312.2,112.31,0.136182
112.04,0.0020749,0.041493,91944,93794,93912,93429,309.7,112.0,0.000000,100.0,673988,1686.7,94850,347.7,0.82,0.000672,94444,324.2,6.21,0.006430,94081,314.5,-26.09,-0.034167,652.0,0.000000,100.0,394995,555.7,69749,326.7,-0.31,-0.000200,72105,300.9,-4.24,-0.003624,93746,316.8,15.81,0.020482,292.0,-0.000000,161.6,95117,997.6,113256,368.3,0.95,0.000877,106595,335.0,19.57,0.022211,93894,313.7,25.63,0.033587,472.0,0.102093,329.3,74296,378.3,90158,321.9,124.50,0.104950,83312,310.9,134.16,0.127847,86225,311.7,112.09,0.135744
113.04,0.0020933,0.041541,92257,93574,93621,93394,309.2,113.0,0.000000,720.0,666295,1682.2,95335,348.2,0.85,0.000700,94379,324.1,5.81,0.006013,93773,314.2,-26.21,-0.034253,653.0,0.000000,100.0,405527,559.5,69643,326.5,-0.25,-0.000158,72307,301.1,-2.08,-0.001781,93464,316.2,16.41,0.021235,293.0,0.000000,12644.6,96005,998.9,113835,368.8,0.81,0.000753,107344,335.6,17.57,0.020044,93619,313.2,25.25,0.033049,473.0,0.104588,330.0,75459,378.7,90571,322.2,124.52,0.105343,83628,311.3,133.47,0.127498,85992,311.3,111.85,0.135275
114.03,0.0021117,0.041573,92614,93356,93325,93366,308.7,114.0,0.000000,577.6,658834,1677.9,95807,348.6,0.83,0.000686,94307,324.0,5.35,0.005538,93459,313.8,-26.20,-0.034158,654.0,0.000000,296.6,416509,563.4,69556,326.4,-0.20,-0.000130,72627,301.5,0.36,0.000308,93178,315.6,16.98,0.021951,294.0,0.000000,420.5,96986,1000.5,114319,369.2,0.67,0.000628,108081,336.2,15.58,0.017860,93328,312.8,24.97,0.032626,474.0,0.101392,330.4,76555,379.2,91733,323.4,121.98,0.104144,83996,311.8,132.58,0.127008,85755,310.9,111.61,0.134788
115.09,0.0021312,0.041589,93013,93122,93010,93338,308.2,115.1,0.000000,712.4,651152,1673.3,96265,349.1,0.75,0.000626,94230,324.0,4.81,0.004972,93121,313.5,-26.07,-0.033909,655.1,0.000000,193.6,428698,567.6,69471,326.3,-0.18,-0.000118,73050,302.0,3.09,0.002663,92873,315.0,17.56,0.022665,295.1,0.000000,8246.4,97828,1001.6,114729,369.6,0.53,0.000498,108839,336.9,13.50,0.015558,93006,312.2,24.74,0.032269,475.1,0.103648,331.0,77752,379.6,92119,323.6,121.76,0.104322,84455,312.4,131.42,0.126333,85500,310.4,111.34,0.134263
116.08,0.0021496,0.041583,93506,92901,92712,93306,307.8,116.1,0.000000,100.0,644145,1669.1,96631,349.4,0.65,0.000538,94159,323.9,4.25,0.004392,92795,313.1,-25.81,-0.033489,656.1,0.000000,100.0,440687,571.6,69388,326.2,-0.19,-0.000121,73485,302.5,5.65,0.004897,92588,314.4,18.06,0.023286,296.1,-0.000000,100.0,98822,1003.1,115023,369.9,0.41,0.000382,109520,337.5,11.61,0.013439,92695,311.8,24.60,0.032030,476.1,0.100280,331.4,78809,380.0,93230,324.6,119.29,0.103101,84965,313.0,130.11,0.125565,85256,310.0,111.09,0.133770
117.08,0.0021681,0.041558,93753,92684,92426,93262,307.4,117.1,0.000000,307.9,637348,1665.0,96924,349.7,0.52,0.000433,94091,323.8,3.65,0.003776,92470,312.8,-25.37,-0.032847,657.1,0.000000,252.1,453203,575.7,69298,326.1,-0.20,-0.000129,73930,303.0,8.14,0.007081,92308,313.8,18.53,0.023860,297.1,-0.000000,100.0,100359,1005.8,115233,370.0,0.29,0.000275,110162,338.0,9.80,0.011397,92384,311.3,24.54,0.031891,477.1,0.099809,349.8,79851,380.4,94477,325.9,116.20,0.101397,85564,313.8,128.61,0.124691,85014,309.6,110.86,0.133294
118.07,0.0021865,0.041527,93876,92473,92162,93202,307.0,118.1,0.000000,100.0,630753,1661.0,97138,349.9,0.38,0.000320,94028,323.7,3.02,0.003118,92160,312.4,-24.74,-0.031953,658.1,0.000000,100.0,466275,579.9,69212,326.0,-0.19,-0.000122,74371,303.6,10.52,0.009188,92040,313.2,18.98,0.024413,298.1,0.000000,766.8,101605,1007.8,115368,370.2,0.19,0.000178,110760,338.5,8.10,0.009458,92085,310.8,24.56,0.031866,478.1,0.101695,332.3,80919,380.8,94599,325.8,116.51,0.101835,86246,314.6,126.96,0.123739,84779,309.1,110.66,0.132871
119.07,0.0022049,0.041490,93970,92264,91918,93126,306.6,119.1,0.000000,129.5,624354,1657.0,97274,350.0,0.25,0.000208,93976,323.7,2.33,0.002400,91865,312.1,-23.90,-0.030802,659.1,0.000000,1074.9,479931,584.2,69170,325.9,-0.10,-0.000061,74802,304.0,12.78,0.011216,91786,312.7,19.42,0.024959,299.1,-0.000000,100.0,102764,1009.6,115439,370.2,0.10,0.000095,111311,339.0,6.53,0.007644,91797,310.3,24.68,0.031964,479.1,0.098382,332.6,81923,381.1,95739,326.8,113.46,0.100038,86999,315.6,125.23,0.122756,84555,308.7,110.50,0.132507
120.06,0.0022234,0.041451,93997,92060,91690,93031,306.3,120.1,0.000000,342.8,618146,1653.1,97336,350.1,0.12,0.000099,93938,323.6,1.55,0.001604,91583,311.8,-22.80,-0.029326,660.1,0.000000,100.0,494200,588.6,69180,325.9,0.01,0.000007,75225,304.5,14.95,0.013172,91544,312.1,19.86,0.025503,300.1,-0.000000,588.0,103861,1011.2,115455,370.2,0.03,0.000024,111814,339.4,5.08,0.005972,91524,309.8,24.87,0.032171,480.1,0.100176,333.1,82952,381.5,95844,326.7,113.57,0.100281,87809,316.5,123.48,0.121797,84340,308.3,110.37,0.132195
121.06,0.0022418,0.041413,93929,91861,91476,92916,305.9,121.1,0.000000,100.0,612125,1649.4,97327,350.1,-0.00,-0.000000,93915,323.6,0.69,0.000715,91329,311.6,-21.51,-0.027604,661.1,0.000000,100.0,509114,593.0,69249,326.0,0.15,0.000096,75648,305.0,17.04,0.015074,91312,311.6,20.30,0.026048,301.1,0.000000,269.4,104964,1012.8,115426,370.2,-0.03,-0.000033,112272,339.8,3.78,0.004457,91268,309.4,25.13,0.032454,481.1,0.096706,333.2,83916,381.8,96930,327.7,110.65,0.098516,88658,317.6,121.79,0.120902,84133,307.9,110.27,0.131927
122.05,0.0022602,0.041379,93852,91675,91278,92780,305.6,122.1,0.000000,100.0,606271,1645.6,97260,350.0,-0.11,-0.000089,93902,323.6,-0.26,-0.000270,91103,311.3,-20.08,-0.025729,662.1,0.000000,478.0,524705,597.6,69410,326.2,0.36,0.000228,76084,305.5,19.08,0.016949,91092,311.0,20.74,0.026595,302.1,-0.000000,559.8,106096,1014.3,115364,370.1,-0.08,-0.000077,112685,340.2,2.63,0.003105,91036,309.0,25.40,0.032769,482.1,0.098508,333.7,84906,382.1,97037,327.6,110.61,0.098621,89525,318.6,120.17,0.120069,83936,307.5,110.20,0.131703
123.05,0.0022787,0.041351,93663,91504,91098,92625,305.4,123.0,-0.000000,589.2,600396,1641.4,97129,349.9,-0.21,-0.000178,93892,323.6,-1.32,-0.001362,90902,311.1,-18.57,-0.023755,663.0,0.000000,100.0,541008,602.3,69702,326.6,0.64,0.000413,76548,306.0,21.11,0.018829,90884,310.5,21.19,0.027155,303.0,-0.000000,100.0,107230,1015.9,115274,370.1,-0.12,-0.000112,113055,340.5,1.62,0.001915,90829,308.6,25.67,0.033079,483.0,0.094967,333.8,85832,382.4,98085,328.5,107.84,0.096922,90394,319.6,118.61,0.119277,83750,307.1,110.16,0.131520
124.04,0.0022971,0.041333,93429,91344,90933,92449,305.1,124.0,-0.000000,293.8,594690,1637.3,96944,349.7,-0.31,-0.000258,93889,323.6,-2.49,-0.002567,90723,310.9,-17.00,-0.021720,664.0,0.000000,382.2,558059,607.0,70169,327.2,1.03,0.000664,77058,306.6,23.15,0.020756,90689,310.0,21.65,0.027731,304.0,0.000000,12588.2,108304,1017.3,115164,370.0,-0.15,-0.000139,113377,340.7,0.74,0.000877,90651,308.2,25.89,0.033340,484.0,0.096772,334.3,86786,382.7,98198,328.4,107.67,0.096911,91251,320.6,117.09,0.118495,83577,306.8,110.13,0.131373
125.04,0.0023156,0.041328,93154,91194,90783,92256,304.9,125.0,-0.000000,100.0,589151,1633.2,96714,349.5,-0.39,-0.000323,93884,323.6,-3.73,-0.003843,90564,310.7,-15.40,-0.019657,665.0,0.000000,100.0,575895,611.9,70854,328.1,1.50,0.000974,77623,307.2,25.27,0.022770,90507,309.5,22.12,0.028329,305.0,-0.000000,585.1,109254,1018.4,115039,369.8,-0.17,-0.000158,113647,341.0,-0.03,-0.000033,90500,307.9,26.05,0.033525,485.0,0.093207,334.3,87676,383.0,99213,329.2,105.07,0.095294,92089,321.6,115.58,0.117692,83418,306.4,110.12,0.131255
126.04,0.0023340,0.041335,92835,91056,90651,92045,304.7,126.0,0.000000,100.0,583773,1629.2,96451,349.2,-0.45,-0.000373,93858,323.6,-4.97,-0.005126,90425,310.6,-13.80,-0.017592,666.0,0.000000,659.3,594556,616.9,71772,329.2,1.99,0.001307,78245,307.9,27.47,0.024896,90338,309.0,22.62,0.028952,306.0,0.000000,225.4,110005,1019.0,114903,369.7,-0.18,-0.000172,113854,341.2,-0.70,-0.000837,90384,307.6,26.09,0.033573,486.0,0.095020,334.8,88596,383.3,99355,329.2,104.83,0.095235,92900,322.5,114.07,0.116841,83273,306.1,110.13,0.131163
127.03,0.0023524,0.041359,92396,90932,90541,91819,304.5,127.0,0.000000,100.0,578549,1625.3,96165,348.9,-0.49,-0.000408,93807,323.5,-6.18,-0.006375,90310,310.4,-12.21,-0.015546,667.0,0.000000,183.4,614084,621.9,72900,330.6,2.42,0.001606,78912,308.6,29.74,0.027124,90186,308.6,23.16,0.029638,307.0,-0.000000,787.2,110545,1019.1,114759,369.6,-0.20,-0.000183,113987,341.3,-1.31,-0.001559,90305,307.3,25.92,0.033349,487.0,0.091530,334.9,89457,383.5,100354,330.0,102.44,0.093758,93683,323.4,112.54,0.115924,83144,305.9,110.14,0.131101
128.09,0.0023720,0.041408,91916,90813,90442,91566,304.4,128.1,-0.000000,595.0,573157,1621.3,95843,348.6,-0.52,-0.000434,93725,323.5,-7.39,-0.007613,90215,310.3,-10.56,-0.013440,668.1,0.000000,3023.0,635831,627.4,74262,332.3,2.73,0.001836,79642,309.4,32.18,0.029538,90047,308.1,23.80,0.030448,308.1,0.000000,4283.9,110915,1018.8,114600,369.4,-0.20,-0.000191,114044,341.3,-1.90,-0.002269,90247,307.1,25.49,0.032799,488.1,0.093379,335.3,90404,383.8,100574,330.0,102.19,0.093743,94482,324.3,110.88,0.114867,83026,305.6,110.17,0.131064
129.08,0.0023904,0.041473,91579,90714,90367,91320,304.3,129.1,0.000000,319.6,568224,1617.5,95529,348.2,-0.55,-0.000451,93624,323.4,-8.40,-0.008645,90151,310.3,-9.11,-0.011591,669.1,0.000000,300.8,657286,632.7,75626,333.9,2.86,0.001948,80317,310.2,34.39,0.031764,89937,307.7,24.42,0.031248,309.1,0.000000,100.0,111095,1018.2,114448,369.3,-0.21,-0.000194,114021,341.3,-2.44,-0.002911,90222,306.9,24.88,0.032031,489.1,0.090059,335.5,91241,384.1,101584,330.8,100.05,0.092455,95203,325.1,109.28,0.113788,82932,305.3,110.20,0.131052
130.08,0.0024088,0.041552,91212,90622,90310,91065,304.2,130.1,-0.000000,770.4,563420,1613.8,95206,347.9,-0.57,-0.000466,93502,323.3,-9.26,-0.009522,90105,310.2,-7.76,-0.009869,670.1,0.000000,294.8,679748,638.1,77003,335.5,2.85,0.001967,80953,310.8,36.44,0.033852,89846,307.4,25.06,0.032068,310.1,-0.000000,335.9,111135,1017.2,114297,369.2,-0.21,-0.000193,113931,341.2,-2.98,-0.003551,90232,306.7,24.03,0.030949,490.1,0.092052,335.9,92113,384.3,101862,330.9,99.91,0.092568,95892,325.9,107.64,0.112628,82854,305.1,110.24,0.131061
131.07,0.0024272,0.041648,90794,90528,90277,90805,304.1,131.1,0.000000,624.6,558738,1610.2,94874,347.5,-0.58,-0.000480,93361,323.1,-9.96,-0.010235,90078,310.2,-6.50,-0.008260,671.1,0.000000,682.7,703268,643.5,78350,337.1,2.75,0.001925,81534,311.4,38.27,0.035739,89775,307.1,25.71,0.032907,311.1,0.000000,22470.0,111049,1015.9,114152,369.0,-0.20,-0.000186,113786,341.1,-3.52,-0.004189,90283,306.6,22.88,0.029491,491.1,0.088968,336.4,92936,384.6,102882,331.8,97.97,0.091441,96548,326.6,105.96,0.111379,82791,305.0,110.29,0.131100
132.06,0.0024456,0.041763,90322,90445,90264,90540,304.0,132.1,-0.000000,100.0,554168,1606.6,94529,347.2,-0.61,-0.000498,93206,323.0,-10.51,-0.010783,90073,310.2,-5.32,-0.006767,672.1,0.000000,429.8,727898,649.1,79657,338.6,2.63,0.001861,82058,312.0,39.86,0.037395,89724,306.8,26.37,0.033765,312.1,-0.000000,100.0,110831,1014.4,114018,368.9,-0.18,-0.000172,113589,341.0,-4.05,-0.004809,90374,306.6,21.39,0.027611,492.1,0.091056,336.7,93796,384.9,103199,331.9,97.91,0.091640,97170,327.3,104.24,0.110043,82747,304.8,110.35,0.131173
133.05,0.0024639,0.041900,89830,90348,90268,90273,304.0,133.1,-0.000000,442.6,549704,1603.0,94169,346.8,-0.64,-0.000521,93040,322.8,-10.90,-0.011171,90090,310.2,-4.26,-0.005413,673.1,0.000000,339.4,753691,654.8,80927,340.1,2.52,0.001805,82534,312.5,41.21,0.038821,89691,306.5,27.03,0.034634,313.1,0.000000,514.1,110462,1012.5,113901,368.8,-0.16,-0.000150,113350,340.8,-4.56,-0.005410,90493,306.6,19.58,0.025308,493.1,0.088098,337.1,94611,385.1,104230,332.7,96.06,0.090566,97760,327.9,102.48,0.108637,82718,304.7,110.43,0.131278
134.04,0.0024823,0.042057,89349,90226,90288,90009,304.0,134.0,0.000000,250.7,545337,1599.5,93789,346.4,-0.68,-0.000551,92867,322.7,-11.15,-0.011411,90130,310.2,-3.31,-0.004211,674.0,0.000000,242.4,780705,660.6,82191,341.5,2.47,0.001787,82979,312.9,42.31,0.040024,89676,306.3,27.70,0.035511,314.0,0.000000,5809.5,109959,1010.3,113805,368.7,-0.13,-0.000125,113078,340.5,-5.06,-0.005995,90626,306.6,17.50,0.022651,494.0,0.090184,337.5,95464,385.4,104540,332.9,95.99,0.090738,98324,328.5,100.71,0.107176,82705,304.6,110.54,0.131427
135.03,0.0025006,0.042234,88888,90104,90310,89749,304.0,135.0,0.000000,100.0,541061,1596.1,93384,346.0,-0.72,-0.000587,92689,322.5,-11.27,-0.011513,90196,310.3,-2.53,-0.003221,675.0,0.000000,264.7,808996,666.5,83481,342.9,2.48,0.001815,83414,313.3,43.17,0.040994,89673,306.0,28.36,0.036382,315.0,-0.000000,149.1,109409,1008.0,113727,368.6,-0.11,-0.000102,112779,340.3,-5.56,-0.006572,90750,306.6,15.24,0.019756,495.0,0.087197,337.9,96273,385.7,105554,333.7,94.15,0.089623,98861,329.1,98.92,0.105665,82703,304.5,110.67,0.131608
136.09,0.0025201,0.042442,88406,89980,90319,89481,304.0,136.1,0.000000,415.6,536611,1592.5,92925,345.5,-0.78,-0.000628,92494,322.3,-11.26,-0.011493,90258,310.3,-1.97,-0.002507,676.1,0.000000,2142.7,840523,672.9,84918,344.5,2.56,0.001897,83897,313.8,43.73,0.041701,89673,305.8,29.02,0.037258,316.1,0.000000,315.6,109154,1006.2,113655,368.6,-0.10,-0.000090,112438,340.0,-6.09,-0.007184,90853,306.6,12.75,0.016536,496.1,0.089163,338.3,97171,386.0,105850,333.9,93.94,0.089640,99401,329.6,97.00,0.104006,82703,304.4,110.78,0.131765
137.07,0.0025384,0.042656,87980,89864,90331,89239,304.0,137.1,0.000000,100.0,532503,1589.1,92468,345.0,-0.83,-0.000666,92304,322.1,-11.17,-0.011383,90304,310.4,-1.66,-0.002111,677.1,0.000000,2239.5,871642,679.0,86364,346.1,2.68,0.002013,84413,314.3,43.90,0.042049,89670,305.7,29.62,0.038045,317.1,0.000000,100.0,110077,1007.0,113582,368.5,-0.10,-0.000095,112099,339.7,-6.60,-0.007764,90919,306.6,10.40,0.013501,497.1,0.086036,338.7,97970,386.3,106791,334.7,92.11,0.088459,99883,330.1,95.18,0.102398,82703,304.4,110.87,0.131891
138.06,0.0025567,0.042887,87573,89753,90286,89009,304.0,138.1,0.000000,124.0,528466,1585.7,91990,344.5,-0.87,-0.000696,92105,321.9,-11.03,-0.011217,90320,310.4,-1.58,-0.002012,678.1,0.000000,511.9,904231,685.2,87908,347.7,2.82,0.002141,84976,314.9,43.66,0.042022,89653,305.5,30.15,0.038747,318.1,0.000000,1057.7,114531,1015.1,113493,368.4,-0.12,-0.000115,111745,339.4,-7.11,-0.008348,90947,306.6,8.07,0.010484,498.1,0.085403,339.1,98765,386.5,107814,335.6,89.75,0.086780,100337,330.6,93.35,0.100745,82692,304.4,110.91,0.131936
139.05,0.0025750,0.043134,87194,89647,90197,88793,303.9,139.0,-0.000000,397.7,524492,1582.4,91503,344.0,-0.89,-0.000713,91898,321.8,-10.84,-0.011012,90297,310.4,-1.77,-0.002254,679.0,0.000000,204.5,938355,691.5,89526,349.4,2.90,0.002234,85617,315.5,42.93,0.041555,89601,305.3,30.56,0.039275,319.0,-0.000000,100.0,120972,1027.1,113376,368.3,-0.16,-0.000152,111380,339.1,-7.62,-0.008932,90928,306.5,5.72,0.007425,499.0,0.086993,339.4,99590,386.8,107865,335.5,89.87,0.086960,100765,331.0,91.51,0.099052,82657,304.3,110.87,0.131859
140.03,0.0025932,0.043393,86892,89537,90093,88593,303.8,140.0,-0.000000,100.0,520574,1579.1,91019,343.4,-0.89,-0.000712,91682,321.5,-10.65,-0.010796,90241,310.3,-2.20,-0.002802,680.0,0.000000,2306.3,974083,698.0,91174,351.1,2.91,0.002271,86333,316.2,41.74,0.040651,89513,305.1,30.89,0.039685,320.0,0.000000,100.0,127885,1039.4,113213,368.2,-0.23,-0.000209,111008,338.8,-8.14,-0.009515,90877,306.5,3.32,0.004304,500.0,0.083660,339.7,100367,387.1,108788,336.3,87.63,0.085311,101165,331.4,89.66,0.097324,82600,304.3,110.79,0.131697
141.08,0.0026126,0.043678,86637,89415,89983,88400,303.6,141.1,-0.000000,100.0,516466,1575.7,90523,342.9,-0.87,-0.000690,91438,321.3,-10.45,-0.010577,90141,310.2,-2.79,-0.003552,681.1,0.000000,381.8,1013878,704.9,92903,352.9,2.82,0.002232,87159,317.0,40.04,0.039267,89393,304.8,31.24,0.040113,321.1,0.000000,36472.8,135223,1051.7,112976,367.9,-0.31,-0.000289,110609,338.5,-8.69,-0.010127,90689,306.3,0.35,0.000457,501.1,0.085086,340.0,101224,387.4,108841,336.3,87.33,0.085075,101563,331.8,87.70,0.095462,82530,304.2,110.66,0.131465
142.06,0.0026308,0.043953,86437,89303,89840,88237,303.5,142.1,0.000000,100.0,512640,1572.4,90085,342.4,-0.82,-0.000652,91192,321.1,-10.29,-0.010396,90021,310.1,-3.43,-0.004360,682.1,0.000000,444.0,1053133,711.5,94440,354.4,2.63,0.002107,87970,317.8,38.14,0.037658,89249,304.6,31.58,0.040517,322.1,0.000000,460.0,141800,1062.0,112685,367.7,-0.40,-0.000372,110234,338.1,-9.20,-0.010696,90446,306.1,-2.65,-0.003427,502.1,0.081544,340.4,101981,387.7,109615,336.9,85.27,0.083499,101914,332.1,85.87,0.093696,82447,304.1,110.49,0.131155
143.05,0.0026490,0.044233,86258,89158,89690,88092,303.4,143.0,0.000000,100.0,508842,1569.2,89683,342.0,-0.76,-0.000601,90926,320.8,-10.17,-0.010246,89879,309.9,-4.13,-0.005242,683.0,0.000000,100.0,1094208,718.3,95839,355.8,2.36,0.001916,88783,318.6,36.07,0.035848,89077,304.4,31.93,0.040920,323.0,-0.000007,990.2,148133,1071.4,112347,367.4,-0.49,-0.000455,109867,337.8,-9.71,-0.011261,90309,305.9,-5.69,-0.007360,503.0,0.080404,340.6,102727,387.9,110419,337.6,82.93,0.081633,102242,332.4,84.05,0.091931,82347,304.0,110.26,0.130756
144.03,0.0026672,0.044518,86111,88993,89525,87964,303.2,144.0,0.000000,547.0,505069,1566.0,89323,341.6,-0.69,-0.000542,90638,320.5,-10.07,-0.010127,89721,309.8,-4.84,-0.006143,684.0,0.000000,171.1,1137170,725.1,97078,357.0,2.07,0.001695,89566,319.4,33.91,0.033917,88883,304.2,32.31,0.041343,324.0,-0.000050,986.0,153576,1078.8,112009,367.2,-0.62,-0.000567,109510,337.5,-10.22,-0.011825,90199,305.9,-8.99,-0.011614,504.0,0.081499,340.8,103496,388.2,110356,337.4,82.59,0.081294,102551,332.7,82.26,0.090171,82235,304.0,109.99,0.130285
145.07,0.0026865,0.044823,85996,88828,89343,87848,303.0,145.1,0.000000,195.7,501079,1562.5,88990,341.2,-0.60,-0.000473,90309,320.2,-10.00,-0.010031,89538,309.6,-5.60,-0.007097,685.1,0.000000,556.0,1184963,732.4,98221,358.1,1.77,0.001463,90353,320.1,31.59,0.031804,88656,303.9,32.76,0.041844,325.1,-0.000077,981.7,158532,1085.1,111597,366.9,-0.77,-0.000706,109145,337.2,-10.76,-0.012426,90095,305.8,-12.91,-0.016659,505.1,0.077951,341.1,104263,388.5,111028,338.0,80.43,0.079521,102869,332.9,80.39,0.088310,82098,303.9,109.62,0.129674
146.05,0.0027047,0.045110,85926,88701,89173,87757,302.8,146.1,-0.000000,446.8,497337,1559.3,88723,340.9,-0.52,-0.000407,89975,319.9,-9.95,-0.009948,89361,309.4,-6.29,-0.007956,686.1,0.000000,428.5,1232034,739.5,99150,359.0,1.52,0.001266,91054,320.8,29.43,0.029797,88432,303.7,33.24,0.042378,326.1,-0.000117,977.9,162315,1089.3,111176,366.7,-0.93,-0.000848,108818,337.0,-11.28,-0.012993,90005,305.8,-17.03,-0.021952,506.1,0.076393,341.3,104969,388.7,111718,338.6,78.17,0.077631,103162,333.2,78.64,0.086577,81965,303.8,109.25,0.129046
147.03,0.0027229,0.045396,85887,88541,89005,87685,302.7,147.0,-0.000000,100.0,493602,1556.0,88499,340.7,-0.44,-0.000343,89615,319.5,-9.90,-0.009871,89185,309.2,-6.94,-0.008764,687.0,0.000000,100.0,1281194,746.5,99955,359.8,1.31,0.001095,91731,321.4,27.28,0.027769,88203,303.5,33.76,0.042958,327.0,-0.000170,974.2,165492,1092.5,110741,366.6,-1.11,-0.001009,108505,336.7,-11.79,-0.013556,89908,305.8,-21.52,-0.027700,507.0,0.077194,341.4,105695,389.0,111637,338.5,77.57,0.077012,103456,333.4,76.93,0.084868,81836,303.8,108.88,0.128423
148.07,0.0027421,0.045698,85881,88372,88815,87627,302.5,148.1,0.000000,363.1,489634,1552.6,88303,340.5,-0.36,-0.000283,89205,319.1,-9.85,-0.009792,88997,309.0,-7.60,-0.009588,688.1,0.000000,268.6,1335781,754.2,100692,360.5,1.11,0.000935,92447,322.1,24.97,0.025562,87957,303.4,34.33,0.043582,328.1,-0.000245,970.6,168212,1094.8,110277,366.6,-1.34,-0.001215,108189,336.4,-12.33,-0.014136,89769,305.8,-26.50,-0.034055,508.1,0.073592,341.7,106416,389.2,112185,338.9,75.39,0.075113,103776,333.7,75.13,0.083081,81706,303.8,108.50,0.127777
149.05,0.0027603,0.045977,85925,88213,88637,87590,302.3,149.1,-0.000000,208.3,485896,1549.3,88148,340.3,-0.31,-0.000238,88800,318.7,-9.81,-0.009717,88815,308.8,-8.23,-0.010358,689.1,0.000000,172.1,1389427,761.4,101281,361.0,0.94,0.000797,93141,322.8,22.73,0.023397,87726,303.2,34.84,0.044139,329.1,-0.000344,967.5,169715,1095.4,109849,366.8,-1.62,-0.001456,107903,336.2,-12.79,-0.014645,89611,305.8,-31.30,-0.040157,509.1,0.071843,341.9,107077,389.5,112725,339.4,73.23,0.073207,104084,333.9,73.48,0.081432,81594,303.8,108.12,0.127139
150.03,0.0027784,0.046250,86010,88062,88485,87569,302.2,150.0,0.000000,320.1,482148,1546.0,88015,340.2,-0.26,-0.000206,88381,318.3,-9.76,-0.009637,88646,308.7,-8.82,-0.011085,690.0,0.000000,358.7,1445318,768.7,101772,361.5,0.78,0.000665,93873,323.5,20.40,0.021116,87511,303.1,35.36,0.044705,330.0,-0.000466,964.6,170849,1095.3,109436,367.2,-1.95,-0.001752,107622,336.0,-13.21,-0.015089,89406,305.8,-36.05,-0.046148,510.0,0.070218,342.1,107722,389.7,113271,339.8,70.98,0.071203,104400,334.2,71.85,0.079810,81504,303.9,107.72,0.126504
151.07,0.0027976,0.046531,86139,87918,88328,87562,302.0,151.1,-0.000000,247.4,478150,1542.5,87883,340.0,-0.24,-0.000189,87932,317.8,-9.69,-0.009529,88483,308.5,-9.41,-0.011812,691.1,0.000000,362.2,1507200,776.5,102188,361.9,0.62,0.000526,94699,324.2,17.81,0.018558,87310,303.0,35.93,0.045330,331.1,-0.000623,961.7,171348,1094.1,109023,367.9,-2.40,-0.002135,107323,335.7,-13.56,-0.015462,89168,305.8,-40.80,-0.052099,511.1,0.068653,342.3,108393,389.9,113766,340.3,68.69,0.069119,104750,334.5,70.14,0.078103,81428,304.0,107.25,0.125803
152.05,0.0028157,0.046785,86299,87795,88175,87568,301.9,152.0,-0.000000,342.7,474367,1539.2,87758,339.9,-0.24,-0.000190,87516,317.4,-9.60,-0.009413,88334,308.3,-9.97,-0.012506,692.0,0.000000,100.0,1567815,783.9,102482,362.1,0.47,0.000399,95513,325.0,15.32,0.016057,87138,303.0,36.44,0.045888,332.0,-0.000812,959.3,171322,1092.3,108664,368.8,-2.90,-0.002566,107039,335.5,-13.80,-0.015704,88945,305.8,-44.97,-0.057270,512.0,0.066811,342.4,109006,390.1,114215,340.6,66.50,0.067103,105095,334.7,68.54,0.076509,81365,304.1,106.75,0.125081
153.09,0.0028349,0.047042,86520,87671,88011,87587,301.7,153.1,-0.000000,100.0,470321,1535.6,87613,339.7,-0.27,-0.000207,87094,317.0,-9.51,-0.009287,88175,308.2,-10.60,-0.013282,693.1,0.000000,499.1,1634746,791.9,102694,362.3,0.32,0.000270,96386,325.8,12.68,0.013381,86966,302.9,36.93,0.046419,333.1,-0.001038,956.9,170645,1089.3,108323,370.3,-3.52,-0.003101,106735,335.2,-13.95,-0.015842,88705,305.8,-49.04,-0.062285,513.1,0.065013,342.6,109640,390.4,114624,341.0,64.36,0.065115,105477,335.0,66.85,0.074830,81305,304.2,106.15,0.124243
154.06,0.0028530,0.047271,86782,87568,87858,87613,301.6,154.1,0.000000,183.6,466482,1532.2,87454,339.5,-0.30,-0.000236,86722,316.6,-9.41,-0.009163,88027,308.0,-11.23,-0.014059,694.1,0.000000,532.7,1700107,799.3,102807,362.4,0.18,0.000157,97183,326.6,10.31,0.010943,86812,302.9,37.34,0.046856,334.1,-0.001295,954.9,169540,1085.8,108039,372.1,-4.21,-0.003676,106451,335.0,-14.00,-0.015862,88476,305.9,-52.53,-0.066520,514.1,0.062980,342.9,110217,390.6,115017,341.3,62.31,0.063188,105851,335.3,65.28,0.073266,81256,304.3,105.51,0.123377
155.04,0.0028711,0.047484,87077,87485,87715,87643,301.4,155.0,-0.000000,613.0,462608,1528.7,87269,339.3,-0.36,-0.000276,86381,316.2,-9.30,-0.009032,87885,307.9,-11.90,-0.014877,695.0,0.000000,595.8,1767729,806.8,102843,362.5,0.06,0.000055,97925,327.3,8.13,0.008674,86667,302.9,37.72,0.047250,335.0,-0.001562,952.0,171418,1086.6,107768,374.4,-4.98,-0.004309,106171,334.8,-13.95,-0.015784,88249,306.0,-55.63,-0.070251,515.0,0.061114,343.1,110777,390.8,115383,341.7,60.29,0.061285,106238,335.6,63.72,0.071721,81218,304.4,104.81,0.122458
156.08,0.0028903,0.047692,87417,87408,87577,87677,301.3,156.1,-0.000000,100.0,458449,1525.0,87038,339.1,-0.42,-0.000325,86063,315.9,-9.16,-0.008876,87748,307.7,-12.65,-0.015794,696.1,0.000000,820.4,1841989,814.7,102811,362.4,-0.04,-0.000036,98633,327.9,6.07,0.006515,86528,303.0,38.10,0.047645,336.1,-0.001873,949.4,171884,1085.2,107509,377.4,-5.88,-0.005039,105883,334.5,-13.83,-0.015608,88021,306.1,-58.51,-0.073657,516.1,0.059288,343.3,111355,391.0,115709,341.9,58.32,0.059395,106662,335.9,62.10,0.070101,81198,304.5,104.01,0.121432
157.05,0.0029084,0.047870,87723,87346,87461,87705,301.2,157.1,0.000000,534.1,454490,1521.5,86787,338.8,-0.49,-0.000374,85812,315.7,-9.00,-0.008701,87637,307.6,-13.40,-0.016716,697.1,0.000000,100.0,1914462,823.2,102725,362.4,-0.13,-0.000108,99219,328.5,4.41,0.004749,86413,303.0,38.44,0.048004,337.1,-0.002215,947.3,171789,1083.0,107299,380.9,-6.81,-0.005770,105621,334.3,-13.64,-0.015375,87824,306.3,-60.83,-0.076359,517.1,0.057292,343.5,111881,391.2,116048,342.2,56.39,0.057551,107072,336.3,60.59,0.068596,81198,304.6,103.19,0.120424
158.03,0.0029265,0.048034,87947,87291,87357,87726,301.1,158.0,-0.000000,480.4,450491,1517.9,86503,338.5,-0.55,-0.000424,85615,315.5,-8.79,-0.008484,87544,307.5,-14.22,-0.017726,698.0,0.000000,716.6,1990974,831.7,102598,362.2,-0.19,-0.000165,99731,329.0,3.00,0.003240,86313,303.1,38.77,0.048348,338.0,-0.002578,945.3,171194,1080.1,107129,385.0,-7.82,-0.006544,105367,334.1,-13.43,-0.015101,87644,306.5,-62.79,-0.078606,518.0,0.055490,343.7,112393,391.4,116381,342.5,54.52,0.055751,107491,336.6,59.10,0.067110,81214,304.8,102.33,0.119381
159.07,0.0029457,0.048195,88160,87240,87266,87738,301.0,159.1,0.000000,405.9,446208,1514.1,86166,338.1,-0.62,-0.000475,85469,315.3,-8.50,-0.008192,87468,307.4,-15.18,-0.018919,699.1,0.000000,157.0,2078871,842.4,102427,362.1,-0.25,-0.000210,100205,329.4,1.75,0.001898,86224,303.2,39.11,0.048704,339.1,-0.002986,943.5,169966,1076.1,106997,390.3,-8.98,-0.007407,105108,333.9,-13.18,-0.014792,87476,306.8,-64.49,-0.080522,519.1,0.053776,344.0,112923,391.6,116669,342.8,52.74,0.054023,107948,336.9,57.54,0.065554,81248,305.0,101.38,0.118260
160.04,0.0029638,0.048338,88194,87201,87196,87736,300.9,160.0,0.000000,100.0,442143,1510.4,85821,337.7,-0.68,-0.000517,85394,315.2,-8.15,-0.007851,87413,307.3,-16.18,-0.020153,700.0,0.000000,263.0,2170026,854.8,102249,361.9,-0.28,-0.000235,100598,329.8,0.79,0.000862,86157,303.4,39.42,0.049027,340.0,-0.003428,942.1,168568,1071.9,106921,396.1,-10.17,-0.008254,104873,333.7,-12.95,-0.014517,87339,307.0,-65.76,-0.081915,520.0,0.051921,344.2,113407,391.8,116982,343.1,51.00,0.052336,108392,337.2,56.10,0.064113,81293,305.1,100.48,0.117212
161.08,0.0029830,0.048491,88022,87170,87146,87720,300.8,161.1,-0.000000,100.0,437786,1506.5,85431,337.3,-0.73,-0.000554,85378,315.2,-7.68,-0.007397,87365,307.2,-17.31,-0.021551,701.1,0.000000,100.0,2278380,871.5,102051,361.7,-0.29,-0.000246,100967,330.1,-0.01,-0.000013,86105,303.5,39.74,0.049363,341.1,-0.003907,940.6,167015,1067.4,106902,403.5,-11.51,-0.009172,104638,333.5,-12.77,-0.014285,87221,307.3,-66.78,-0.082995,521.1,0.050305,344.4,113910,392.0,117262,343.3,49.32,0.050697,108881,337.6,54.60,0.062607,81354,305.3,99.55,0.116134
162.06,0.0030010,0.048642,87826,87151,87120,87695,300.8,162.1,-0.000000,303.6,433649,1502.7,85048,336.8,-0.76,-0.000577,85412,315.3,-7.16,-0.006895,87331,307.2,-18.39,-0.022890,702.1,0.000000,206.3,2393613,891.0,101866,361.5,-0.29,-0.000245,101274,330.4,-0.57,-0.000627,86076,303.7,40.04,0.049681,342.1,-0.004422,939.3,165797,1063.4,106953,411.5,-12.85,-0.010050,104428,333.3,-12.67,-0.014161,87139,307.5,-67.44,-0.083666,522.1,0.048554,344.6,114370,392.1,117551,343.6,47.72,0.049141,109366,338.0,53.20,0.061210,81422,305.5,98.71,0.115184
163.03,0.0030191,0.048798,87736,87144,87112,87663,300.8,163.0,0.000000,114.1,429475,1498.9,84661,336.4,-0.78,-0.000588,85488,315.4,-6.53,-0.006294,87310,307.2,-19.45,-0.024214,703.0,0.000000,100.0,2524052,915.0,101689,361.3,-0.28,-0.000237,101544,330.7,-0.95,-0.001041,86067,304.0,40.33,0.049995,343.0,-0.004962,938.2,164434,1059.1,107069,420.7,-14.30,-0.010951,104224,333.2,-12.68,-0.014152,87080,307.8,-67.84,-0.084031,523.0,0.046990,344.8,114821,392.3,117836,343.9,46.18,0.047632,109878,338.4,51.81,0.059828,81500,305.7,97.92,0.114307
164.07,0.0030383,0.048967,87536,87148,87114,87622,300.8,164.1,-0.000000,410.1,424997,1494.8,84253,335.9,-0.77,-0.000584,85615,315.5,-5.76,-0.005555,87298,307.1,-20.55,-0.025572,704.1,0.000000,430.9,2681796,945.9,101511,361.1,-0.26,-0.000223,101796,330.9,-1.16,-0.001278,86074,304.2,40.61,0.050313,344.1,-0.005589,937.2,162895,1054.4,107295,432.1,-16.00,-0.011954,104020,333.0,-12.83,-0.014298,87027,308.1,-67.99,-0.084101,524.1,0.045506,345.1,115291,392.5,118112,344.1,44.65,0.046132,110450,338.8,50.35,0.058369,81592,305.9,97.14,0.113456
165.04,0.0030563,0.049134,87280,87164,87125,87577,300.8,165.0,-0.000000,123.5,419597,1490.0,83884,335.5,-0.75,-0.000566,85766,315.7,-4.91,-0.004748,87291,307.1,-21.51,-0.026766,705.0,0.000000,100.0,2850434,980.7,101357,361.0,-0.24,-0.000207,102001,331.1,-1.21,-0.001324,86087,304.5,40.86,0.050583,345.0,-0.006299,936.5,161344,1049.8,107638,444.5,-17.76,-0.012938,103843,332.9,-13.13,-0.014614,86995,308.3,-67.92,-0.083921,525.0,0.043905,345.3,115724,392.7,118401,344.4,43.21,0.044710,111010,339.2,48.98,0.056996,81693,306.1,96.44,0.112708
166.08,0.0030755,0.049321,87035,87195,87147,87526,300.8,166.1,0.000000,3903.5,413633,1484.7,83516,335.1,-0.71,-0.000532,85947,315.9,-3.90,-0.003770,87282,307.1,-22.40,-0.027884,706.1,0.000000,394.3,3053021,1023.9,101210,360.8,-0.22,-0.000185,102191,331.3,-1.13,-0.001241,86109,304.7,41.09,0.050848,346.1,-0.007050,936.0,159305,1044.2,108111,459.6,-19.77,-0.013986,103655,332.7,-13.62,-0.015138,86980,308.5,-67.71,-0.083588,526.1,0.042509,345.5,116177,392.9,118691,344.6,41.76,0.043290,111613,339.6,47.52,0.055525,81809,306.2,95.70,0.111943
167.05,0.0030935,0.049505,86818,87236,87178,87478,300.9,167.0,-0.000000,105.0,407950,1479.7,83200,334.7,-0.65,-0.000489,86130,316.0,-2.85,-0.002763,87271,307.0,-23.08,-0.028730,707.0,0.000000,175.3,3267095,1070.8,101089,360.7,-0.19,-0.000162,102342,331.4,-0.93,-0.001024,86137,304.9,41.31,0.051092,347.0,-0.007789,936.6,154870,1035.1,108595,475.7,-21.69,-0.014891,103472,332.6,-14.25,-0.015816,86978,308.7,-67.42,-0.083173,527.0,0.039784,352.8,116578,393.1,119391,345.3,39.47,0.041075,112176,340.1,46.14,0.054120,81923,306.4,95.03,0.111259
168.08,0.0031126,0.049707,86643,87287,87219,87428,300.9,168.1,0.000000,236.2,401841,1474.2,82908,334.4,-0.57,-0.000427,86326,316.3,-1.67,-0.001625,87266,307.0,-23.59,-0.029358,708.1,0.000000,2119.0,3520290,1127.3,100981,360.6,-0.16,-0.000137,102461,331.5,-0.64,-0.000709,86176,305.2,41.53,0.051347,348.1,-0.008516,936.8,151215,1027.0,109123,494.8,-23.73,-0.015742,103272,332.4,-15.11,-0.016741,86992,308.9,-67.02,-0.082643,528.1,0.039734,346.0,117019,393.3,119627,345.5,38.26,0.039876,112757,340.5,44.67,0.052595,82050,306.5,94.34,0.110562
169.05,0.0031306,0.049900,86522,87339,87263,87382,301.0,169.1,-0.000000,204.3,396030,1468.9,82687,334.1,-0.47,-0.000349,86498,316.4,-0.52,-0.000507,87273,307.0,-23.86,-0.029699,709.1,0.000000,100.0,3782945,1186.6,100900,360.5,-0.13,-0.000110,102536,331.6,-0.33,-0.000359,86215,305.4,41.73,0.051589,349.1,-0.009262,937.1,147671,1019.0,109645,514.6,-25.66,-0.016449,103087,332.3,-16.09,-0.017800,87018,309.1,-66.58,-0.082063,529.1,0.038338,346.2,117428,393.5,119875,345.7,37.10,0.038717,113278,340.9,43.27,0.051129,82179,306.7,93.66,0.109899
170.08,0.0031497,0.050108,86383,87397,87319,87336,301.0,170.1,-0.000000,328.8,389797,1463.2,82524,334.0,-0.33,-0.000245,86656,316.6,0.73,0.000709,87292,307.0,-23.95,-0.029814,710.1,0.000000,215.3,4087193,1255.9,100840,360.4,-0.09,-0.000077,102574,331.6,0.03,0.000028,86270,305.6,41.95,0.051852,350.1,-0.010019,937.5,144049,1010.6,110225,537.6,-27.73,-0.017100,102902,332.1,-17.31,-0.019124,87056,309.3,-66.03,-0.081368,530.1,0.037120,346.5,117860,393.7,120121,345.9,35.95,0.037570,113803,341.2,41.78,0.049542,82334,306.8,92.88,0.109134
171.05,0.0031677,0.050308,86243,87454,87378,87294,301.1,171.1,-0.000000,128.5,383875,1457.7,82450,333.9,-0.17,-0.000129,86779,316.7,1.90,0.001852,87311,307.1,-23.84,-0.029686,711.1,0.000000,201.3,4395765,1326.6,100812,360.4,-0.05,-0.000040,102570,331.6,0.33,0.000368,86335,305.8,42.14,0.052099,351.1,-0.010783,937.8,140430,1002.3,110790,561.0,-29.68,-0.017627,102740,332.0,-18.62,-0.020548,87099,309.5,-65.43,-0.080625,531.1,0.035806,346.7,118262,393.9,120389,346.2,34.85,0.036476,114267,341.6,40.37,0.048027,82513,307.0,92.00,0.108280
172.09,0.0031868,0.050522,86173,87511,87446,87253,301.1,172.1,-0.000000,100.0,377537,1451.8,82459,333.9,-0.00,-0.000000,86878,316.8,3.12,0.003043,87338,307.1,-23.52,-0.029289,712.1,0.000000,1995.5,4744749,1407.0,100815,360.4,0.00,0.000002,102525,331.6,0.62,0.000685,86418,306.0,42.33,0.052341,352.1,-0.011545,938.3,136684,993.5,111392,587.6,-31.75,-0.018101,102583,331.9,-20.18,-0.022247,87159,309.7,-64.72,-0.079760,532.1,0.033677,353.0,118673,394.1,121034,346.7,32.95,0.034623,114729,341.9,38.88,0.046400,82753,307.1,90.79,0.107104
173.05,0.0032047,0.050722,86122,87560,87519,87218,301.2,173.1,-0.000000,100.0,371558,1446.2,82549,334.0,0.17,0.000125,86931,316.9,4.21,0.004107,87376,307.1,-23.05,-0.028713,713.1,0.000000,100.0,5089994,1487.0,100851,360.4,0.06,0.000047,102451,331.5,0.84,0.000931,86505,306.2,42.46,0.052521,353.1,-0.012296,938.9,132659,984.2,111938,613.9,-33.67,-0.018468,102457,331.8,-21.83,-0.024040,87234,309.9,-64.04,-0.078939,533.1,0.033483,347.3,119072,394.3,121293,347.0,32.03,0.033701,115133,342.1,37.48,0.044850,83039,307.4,89.27,0.105609
174.08,0.0032238,0.050936,86022,87597,87605,87183,301.3,174.1,0.000000,221.3,365199,1440.1,82741,334.2,0.36,0.000268,86950,316.9,5.28,0.005153,87435,307.2,-22.41,-0.027924,714.1,0.000000,2476.2,5470495,1575.8,100931,360.5,0.12,0.000100,102346,331.4,1.02,0.001128,86603,306.4,42.56,0.052668,354.1,-0.013018,939.5,128365,974.3,112470,642.8,-35.67,-0.018775,102362,331.7,-23.80,-0.026198,87322,310.0,-63.31,-0.078070,534.1,0.032456,347.6,119497,394.5,121559,347.2,31.15,0.032826,115528,342.4,35.99,0.043180,83419,307.6,87.16,0.103481
175.05,0.0032417,0.051138,85904,87619,87696,87154,301.4,175.1,0.000000,100.0,359212,1434.4,83010,334.5,0.54,0.000401,86932,316.9,6.22,0.006063,87507,307.3,-21.69,-0.027046,715.1,0.000000,178.0,5837017,1662.1,101045,360.6,0.18,0.000150,102232,331.3,1.15,0.001262,86706,306.6,42.60,0.052757,355.1,-0.013714,940.2,124055,964.4,112912,670.3,-37.50,-0.018999,102302,331.7,-25.89,-0.028482,87412,310.2,-62.60,-0.077242,535.1,0.031373,347.9,119897,394.7,121840,347.4,30.30,0.031980,115868,342.6,34.58,0.041581,83847,307.9,84.63,0.100899
176.08,0.0032607,0.051355,85767,87632,87798,87129,301.5,176.1,0.000000,163.3,352850,1428.1,83388,334.9,0.72,0.000539,86863,316.8,7.06,0.006879,87596,307.4,-20.84,-0.026001,716.1,0.000000,284.7,6230000,1755.8,101207,360.8,0.24,0.000204,102102,331.2,1.24,0.001363,86827,306.8,42.53,0.052706,356.1,-0.014359,941.0,119093,953.2,113292,699.5,-39.34,-0.019164,102268,331.7,-28.39,-0.031217,87517,310.4,-61.85,-0.076364,536.1,0.029559,353.4,120311,395.0,122445,348.0,28.74,0.030436,116195,342.8,33.07,0.039852,84358,308.3,81.41,0.097536
177.05,0.0032787,0.051562,85654,87620,87897,87111,301.6,177.0,-0.000000,100.0,346860,1422.2,83827,335.4,0.89,0.000666,86745,316.7,7.68,0.007476,87685,307.5,-19.96,-0.024926,717.0,0.000000,257.7,6597929,1844.9,101397,361.0,0.30,0.000253,101979,331.1,1.29,0.001418,86971,307.0,42.27,0.052433,357.0,-0.014933,941.8,114035,941.7,113540,726.3,-40.94,-0.019249,102271,331.7,-30.99,-0.034069,87623,310.5,-61.16,-0.075557,537.0,0.029408,348.4,120715,395.2,122696,348.2,27.98,0.029676,116476,343.0,31.64,0.038205,84867,308.6,77.95,0.093860
178.07,0.0032977,0.051783,85565,87605,88001,87102,301.7,178.1,0.000000,215.8,340497,1415.9,84375,336.0,1.04,0.000789,86569,316.5,8.15,0.007929,87784,307.6,-18.98,-0.023717,718.1,0.000000,100.0,6980908,1939.7,101632,361.2,0.35,0.000296,101850,330.9,1.32,0.001446,87179,307.3,41.63,0.051715,358.1,-0.011312,726.6,110300,932.6,110188,733.7,-32.32,-0.014598,102301,331.8,-33.95,-0.037327,87737,310.7,-60.44,-0.074736,538.1,0.028467,348.7,121146,395.4,122946,348.4,27.20,0.028892,116751,343.2,30.13,0.036449,85405,309.0,73.99,0.089550
179.04,0.0033156,0.051991,85505,87605,88084,87103,301.8,179.0,0.000000,100.0,334513,1409.8,84952,336.6,1.16,0.000882,86369,316.3,8.43,0.008189,87874,307.7,-18.03,-0.022553,719.0,0.000000,274.7,7328453,2028.2,101872,361.4,0.38,0.000320,101734,330.8,1.32,0.001451,87437,307.6,40.46,0.050363,359.0,-0.009019,731.9,107549,925.4,107508,737.5,-26.60,-0.011663,102339,331.9,-36.87,-0.040544,87839,310.8,-59.82,-0.074019,539.0,0.026553,349.0,121540,395.7,123471,348.9,25.77,0.027455,116993,343.3,28.72,0.034807,85882,309.3,70.11,0.085245
180.07,0.0033346,0.052211,85465,87628,88164,87116,301.8,180.1,-0.000000,100.0,328162,1403.3,85606,337.3,1.24,0.000947,86137,316.0,8.55,0.008285,87956,307.7,-17.03,-0.021309,0.1,0.000000,100.0,7678303,2120.5,102126,361.6,0.38,0.000322,101623,330.7,1.32,0.001447,87774,308.0,38.44,0.047967,360.1,-0.007379,735.0,105074,918.6,105272,739.8,-22.07,-0.009447,102380,332.0,-40.08,-0.044084,87930,310.9,-59.21,-0.073309,540.1,0.026392,349.3,121975,395.9,123660,349.0,25.02,0.026677,117238,343.4,27.26,0.033087,86344,309.6,65.96,0.080549
181.03,0.0033524,0.052415,85470,87643,88225,87140,301.9,181.0,-0.000000,400.0,322195,1397.1,86235,338.0,1.26,0.000970,85908,315.8,8.49,0.008211,88023,307.8,-16.07,-0.020125,1.0,0.000000,100.0,7984348,2205.0,102351,361.9,0.36,0.000302,101533,330.6,1.31,0.001433,88134,308.4,35.77,0.044757,361.0,-0.005776,736.0,103142,913.0,103187,739.6,-17.85,-0.007492,102406,332.1,-43.19,-0.047505,87999,311.0,-58.63,-0.072637,541.0,0.024444,349.5,122371,396.2,124108,349.4,23.63,0.025267,117461,343.6,25.91,0.031497,86736,309.8,62.11,0.076134
182.06,0.0033714,0.052627,85512,87675,88254,87180,301.9,182.1,0.000000,215.0,315868,1390.4,86894,338.7,1.24,0.000957,85668,315.5,8.27,0.007979,88070,307.9,-15.10,-0.018908,2.1,0.000000,457.1,8279952,2291.4,102555,362.0,0.30,0.000260,101454,330.6,1.28,0.001402,88513,308.9,32.18,0.040370,362.1,-0.005025,736.8,101090,907.0,101612,740.0,-15.69,-0.006479,102434,332.1,-46.64,-0.051303,88043,311.1,-58.05,-0.071941,542.1,0.023416,353.9,122795,396.5,124505,349.8,22.27,0.023859,117690,343.7,24.51,0.029839,87093,310.1,58.12,0.071466
183.08,0.0033904,0.052833,85596,87722,88277,87234,302.0,183.1,-0.000000,168.7,309558,1383.7,87521,339.4,1.18,0.000913,85436,315.3,7.89,0.007602,88095,307.9,-14.13,-0.017704,3.1,0.000000,585.0,8540681,2373.7,102712,362.2,0.23,0.000200,101393,330.5,1.23,0.001348,88864,309.4,27.98,0.035193,363.1,-0.003353,735.2,99490,901.8,99414,737.2,-11.59,-0.004702,102486,332.3,-50.31,-0.055353,88060,311.1,-57.46,-0.071211,543.1,0.022842,350.1,123228,396.7,124602,349.8,21.48,0.023021,117911,343.8,23.13,0.028207,87401,310.4,54.25,0.066882
184.04,0.0034082,0.053018,85717,87776,88314,87297,302.0,184.0,0.000000,786.4,303638,1377.3,88066,339.9,1.09,0.000848,85235,315.1,7.39,0.007112,88117,307.9,-13.19,-0.016527,4.0,0.000000,100.0,8750851,2446.8,102808,362.3,0.16,0.000134,101353,330.5,1.16,0.001274,89173,309.8,23.68,0.029839,364.0,-0.003024,734.1,97808,896.6,97914,735.6,-9.65,-0.003863,102499,332.3,-53.81,-0.059196,88076,311.1,-56.82,-0.070435,544.0,0.020823,350.3,123622,397.0,124910,350.1,20.17,0.021662,118109,344.0,21.86,0.026689,87666,310.7,50.77,0.062724
185.07,0.0034272,0.053206,85872,87849,88392,87376,302.1,185.1,0.000000,100.0,297370,1370.4,88583,340.5,0.96,0.000755,85053,314.9,6.72,0.006455,88113,307.9,-12.27,-0.015378,5.1,0.000000,178.1,8933956,2519.0,102855,362.3,0.07,0.000062,101333,330.4,1.06,0.001163,89423,310.2,18.70,0.023599,365.1,-0.002612,734.1,95891,890.7,96823,734.9,-9.31,-0.003689,102306,332.2,-57.13,-0.062743,88070,311.1,-56.22,-0.069680,545.1,0.019003,350.5,124031,397.3,125367,350.5,18.42,0.019834,118308,344.1,20.52,0.025088,87876,311.0,47.13,0.058316
186.03,0.0034450,0.053372,86018,87924,88427,87461,302.2,186.0,-0.000000,367.2,291495,1363.8,88996,340.9,0.82,0.000646,84920,314.7,5.96,0.005716,88085,307.9,-11.43,-0.014312,6.0,0.000000,745.5,9066672,2581.6,102851,362.3,-0.00,-0.000001,101333,330.4,0.92,0.001011,89610,310.4,13.71,0.017331,366.0,-0.001462,729.9,94319,885.6,95092,731.1,-5.23,-0.002045,101604,331.6,-58.99,-0.064459,88036,311.1,-55.63,-0.068924,546.0,0.018166,350.8,124421,397.6,125559,350.7,17.21,0.018545,118485,344.2,19.27,0.023583,88028,311.1,43.81,0.054269
187.06,0.0034640,0.053539,86153,87995,88481,87562,302.3,187.1,0.000000,420.2,285297,1356.8,89340,341.3,0.64,0.000507,84829,314.6,5.01,0.004807,88075,307.9,-10.42,-0.013051,7.1,0.000000,100.0,9164541,2641.8,102804,362.3,-0.07,-0.000057,101348,330.5,0.75,0.000815,89815,310.7,8.26,0.010449,367.1,-0.000312,728.3,92890,880.6,93409,727.4,-2.29,-0.000886,100191,330.4,-59.32,-0.064171,88017,311.1,-54.83,-0.067932,547.1,0.016283,351.0,124824,397.8,125887,350.9,15.58,0.016823,118663,344.3,17.94,0.021982,88198,311.3,40.50,0.050242
188.08,0.0034829,0.053697,86283,88074,88566,87672,302.6,188.1,0.000000,616.2,279168,1349.7,89573,341.5,0.44,0.000349,84790,314.6,3.94,0.003780,88084,307.9,-9.30,-0.011643,8.1,0.000000,908.4,9217821,2695.3,102720,362.2,-0.12,-0.000104,101385,330.5,0.52,0.000570,89952,310.9,2.53,0.003212,368.1,0.000362,725.8,91454,875.5,91945,724.1,-0.82,-0.000312,98301,328.6,-58.65,-0.062579,88022,311.1,-53.90,-0.066778,548.1,0.014800,351.2,125223,398.1,126144,351.2,14.05,0.015188,118836,344.4,16.60,0.020373,88370,311.4,37.41,0.046477
189.04,0.0035008,0.053837,86408,88169,88664,87786,302.9,189.0,-0.000000,100.0,273464,1343.1,89684,341.6,0.24,0.000189,84791,314.6,2.84,0.002720,88149,308.0,-8.01,-0.010035,9.0,0.000000,899.2,9227938,2739.2,102617,362.1,-0.16,-0.000136,101441,330.5,0.26,0.000285,89539,310.5,-3.84,-0.004844,369.0,0.000885,723.2,90048,870.2,90580,721.1,0.16,0.000059,96112,326.5,-56.83,-0.059666,88084,311.2,-52.78,-0.065419,549.0,0.013226,351.4,125592,398.4,126366,351.4,12.61,0.013649,118997,344.5,15.35,0.018848,88540,311.6,34.75,0.043237
190.06,0.0035197,0.053978,86526,88304,88740,87915,303.3,190.1,-0.000000,463.3,267473,1335.9,89686,341.6,0.03,0.000020,84828,314.6,1.58,0.001515,88264,308.1,-6.54,-0.008208,10.1,0.000000,214.6,9197750,2778.9,102492,362.0,-0.18,-0.000156,101523,330.6,-0.05,-0.000060,89426,310.3,-9.33,-0.011770,370.1,0.001359,719.5,88499,864.1,89085,717.6,1.55,0.000578,93585,324.1,-54.09,-0.055705,88209,311.3,-51.47,-0.063861,550.1,0.011424,353.6,125975,398.7,126650,351.6,10.95,0.011874,119170,344.6,14.00,0.017215,88697,311.7,32.09,0.039989
191.03,0.0035376,0.054103,86628,88402,88817,88043,303.7,191.0,0.000000,100.0,261902,1329.2,89598,341.5,-0.15,-0.000117,84907,314.7,0.30,0.000284,88403,308.3,-5.13,-0.006444,11.0,0.000000,100.0,9132967,2809.8,102370,361.8,-0.19,-0.000163,101618,330.7,-0.37,-0.000408,89456,310.4,-13.91,-0.017557,371.0,0.001934,715.9,87041,858.2,87658,714.2,3.26,0.001202,91343,321.9,-51.76,-0.052389,88356,311.4,-50.23,-0.062392,551.0,0.009872,353.5,126330,399.0,126868,351.8,9.48,0.010292,119337,344.7,12.72,0.015664,88835,311.8,29.74,0.037101
192.05,0.0035565,0.054228,86737,88517,88895,88186,304.2,192.1,0.000000,100.0,256056,1322.0,89405,341.3,-0.33,-0.000263,85023,314.8,-1.16,-0.001114,88555,308.4,-3.66,-0.004602,12.1,0.000000,1044.4,9028472,2835.9,102242,361.7,-0.19,-0.000161,101728,330.8,-0.71,-0.000774,89511,310.4,-18.28,-0.023088,372.1,0.002549,712.1,85520,851.6,86154,710.3,5.01,0.001826,89232,319.8,-49.91,-0.049672,88512,311.6,-48.95,-0.060878,552.1,0.008200,353.4,126700,399.3,127110,352.0,7.90,0.008587,119524,344.8,11.36,0.014002,88975,311.9,27.35,0.034159
193.07,0.0035754,0.054346,86850,88687,88981,88337,304.7,193.1,-0.000000,100.0,250287,1314.7,89127,341.0,-0.49,-0.000387,85155,315.0,-2.66,-0.002556,88696,308.6,-2.26,-0.002843,13.1,0.000000,100.0,8890836,2855.2,102122,361.6,-0.18,-0.000153,101840,330.9,-1.00,-0.001099,89542,310.4,-22.08,-0.027886,373.1,0.003107,708.1,84019,844.9,84672,705.9,6.44,0.002323,87348,317.9,-48.53,-0.047568,88658,311.8,-47.75,-0.059455,553.1,0.006499,353.3,127063,399.6,127344,352.2,6.34,0.006896,119721,345.0,9.99,0.012329,89112,312.0,25.03,0.031300
194.04,0.0035933,0.054451,86958,88813,89071,88486,305.2,194.0,-0.000000,148.4,244927,1307.9,88803,340.7,-0.61,-0.000479,85276,315.1,-4.07,-0.003920,88818,308.7,-1.01,-0.001277,14.0,0.000000,500.4,8734651,2867.5,102019,361.5,-0.16,-0.000140,101939,331.0,-1.22,-0.001341,89549,310.4,-25.06,-0.031663,374.0,0.003560,703.9,82610,838.3,83288,701.5,7.57,0.002705,85695,316.2,-47.43,-0.045852,88788,311.9,-46.71,-0.058227,554.0,0.004855,353.3,127397,399.8,127560,352.3,4.88,0.005316,119918,345.1,8.70,0.010747,89250,312.2,22.89,0.028655
195.06,0.0036122,0.054554,87102,88943,89170,88652,305.8,195.1,-0.000000,148.1,239308,1300.6,88412,340.2,-0.71,-0.000553,85386,315.2,-5.54,-0.005331,88869,308.7,0.08,0.000105,15.1,0.000000,531.8,8544458,2874.9,101921,361.4,-0.15,-0.000125,102036,331.1,-1.38,-0.001512,89533,310.3,-27.64,-0.034920,375.1,0.004022,698.9,80987,830.8,81765,696.4,8.95,0.003160,84004,314.4,-46.26,-0.044085,88920,312.0,-45.75,-0.057081,555.1,0.003073,353.2,127744,400.1,127823,352.5,3.26,0.003556,120143,345.3,7.33,0.009067,89407,312.3,20.62,0.025851
196.08,0.0036311,0.054647,87290,89080,89256,88825,306.3,196.1,-0.000000,141.5,233769,1293.3,87988,339.8,-0.77,-0.000604,85463,315.3,-6.93,-0.006675,88916,308.8,1.11,0.001396,16.1,0.000000,100.0,8333530,2876.8,101834,361.3,-0.13,-0.000111,102118,331.2,-1.44,-0.001587,89507,310.2,-29.63,-0.037430,376.1,0.004569,693.1,79384,823.2,80191,690.8,10.70,0.003735,82367,312.6,-45.02,-0.042305,89039,312.2,-44.96,-0.056153,556.1,0.000058,352.9,128059,400.4,128555,353.3,0.57,0.000629,120384,345.4,5.97,0.007395,89567,312.5,18.32,0.022993
197.04,0.0036490,0.054724,87507,89210,89339,88996,306.8,197.0,0.000000,833.3,228628,1286.4,87570,339.3,-0.81,-0.000633,85498,315.3,-8.15,-0.007855,88991,308.9,2.04,0.002567,17.0,0.000000,100.0,8119876,2874.2,101761,361.2,-0.12,-0.000099,102178,331.2,-1.44,-0.001581,89496,310.1,-31.03,-0.039204,377.0,0.005065,687.6,77928,816.0,78741,685.1,12.15,0.004201,80899,311.0,-43.84,-0.040671,89142,312.3,-44.39,-0.055480,557.0,-0.000522,353.3,128365,400.7,128650,353.5,-0.70,-0.000764,120627,345.6,4.70,0.005834,89716,312.6,16.11,0.020242
198.07,0.0036679,0.054793,87769,89358,89436,89182,307.3,198.1,-0.000000,252.4,223244,1279.0,87120,338.8,-0.84,-0.000647,85494,315.3,-9.35,-0.009016,89095,309.0,2.94,0.003716,18.1,0.000000,100.0,7880646,2867.1,101691,361.1,-0.11,-0.000090,102228,331.3,-1.36,-0.001492,89505,310.1,-32.10,-0.040577,378.1,0.005467,681.8,76421,808.3,77240,678.9,13.27,0.004541,79439,309.4,-42.63,-0.039033,89249,312.4,-43.93,-0.054954,558.1,-0.002261,353.7,128681,401.0,128737,353.7,-2.00,-0.002194,120905,345.8,3.37,0.004194,89873,312.7,13.73,0.017270
199.03,0.0036857,0.054846,88038,89503,89540,89362,307.8,199.0,0.000000,100.0,218251,1272.1,86697,338.3,-0.84,-0.000647,85457,315.3,-10.41,-0.010032,89207,309.1,3.73,0.004715,19.0,0.000000,100.0,7647289,2857.1,101630,361.1,-0.10,-0.000083,102260,331.3,-1.23,-0.001349,89534,310.0,-32.79,-0.041459,379.0,0.005761,675.8,75021,801.2,75850,672.7,14.07,0.004773,78158,308.0,-41.50,-0.037559,89357,312.5,-43.63,-0.054625,559.0,-0.005163,353.6,128946,401.2,129179,354.3,-4.07,-0.004464,121183,346.1,2.14,0.002670,90020,312.9,11.47,0.014450
200.05,0.0037047,0.054887,88335,89663,89666,89556,308.3,200.1,0.000000,100.0,213024,1264.6,86256,337.8,-0.83,-0.000637,85359,315.2,-11.40,-0.010973,89335,309.3,4.52,0.005717,20.1,0.000000,411.0,7393885,2843.3,101570,361.0,-0.09,-0.000077,102279,331.3,-1.03,-0.001139,89585,310.0,-33.20,-0.042005,380.1,0.006000,669.0,73544,793.5,74389,665.9,14.94,0.005021,76882,306.6,-40.24,-0.035987,89486,312.7,-43.46,-0.054457,560.1,-0.005877,353.8,129234,401.5,129342,354.8,-5.65,-0.006200,121494,346.3,0.87,0.001082,90179,313.0,9.07,0.011448
201.08,0.0037236,0.054914,88607,89816,89805,89752,308.8,201.1,0.000000,439.6,207879,1257.2,85826,337.4,-0.81,-0.000622,85201,315.1,-12.20,-0.011727,89471,309.4,5.28,0.006687,21.1,0.000000,100.0,7137819,2826.9,101515,361.0,-0.08,-0.000070,102283,331.3,-0.80,-0.000885,89662,310.0,-33.33,-0.042207,381.1,0.006255,662.0,72089,786.0,72945,658.9,15.86,0.005280,75679,305.2,-38.84,-0.034346,89634,312.9,-43.45,-0.054504,561.1,-0.007743,354.2,129509,401.8,129565,355.5,-7.30,-0.008008,121813,346.6,-0.37,-0.000464,90343,313.1,6.69,0.008447
202.04,0.0037415,0.054927,88850,89961,89950,89936,309.3,202.0,-0.000000,414.0,203112,1250.2,85434,336.9,-0.79,-0.000606,84999,314.8,-12.79,-0.012281,89604,309.6,5.99,0.007596,22.0,0.000000,583.0,6896729,2809.5,101470,360.9,-0.07,-0.000062,102281,331.3,-0.56,-0.000617,89750,310.0,-33.25,-0.042151,382.0,0.006499,655.1,70743,778.8,71605,652.0,16.73,0.005526,74609,304.0,-37.37,-0.032715,89789,313.0,-43.59,-0.054738,562.0,-0.009701,407.8,129752,402.0,129924,356.4,-9.16,-0.010048,122120,346.8,-1.51,-0.001887,90504,313.3,4.44,0.005616
203.06,0.0037604,0.054930,89092,90118,90120,90131,309.7,203.1,0.000000,302.7,198126,1242.7,85027,336.4,-0.78,-0.000591,84741,314.6,-13.27,-0.012708,89754,309.8,6.76,0.008582,23.1,0.000000,148.4,6642578,2789.3,101431,360.9,-0.06,-0.000050,102277,331.3,-0.28,-0.000306,89859,310.0,-32.89,-0.041742,383.1,0.006710,647.6,69376,771.5,70222,644.5,17.55,0.005752,73536,302.7,-35.65,-0.030883,89973,313.3,-43.93,-0.055240,563.1,-0.010931,407.3,130007,402.2,130155,357.4,-10.79,-0.011830,122463,347.1,-2.71,-0.003406,90685,313.4,2.04,0.002590
204.03,0.0037783,0.054923,89227,90269,90312,90315,310.2,204.0,-0.000000,352.7,193539,1235.6,84653,336.0,-0.76,-0.000579,84466,314.3,-13.56,-0.012961,89909,309.9,7.54,0.009577,24.0,0.000000,148.4,6405689,2768.6,101405,360.9,-0.04,-0.000035,102274,331.3,0.00,0.000003,90001,310.0,-32.31,-0.041069,384.0,0.006900,640.4,68100,764.5,68950,637.2,18.27,0.005945,72578,301.6,-33.85,-0.029050,90175,313.5,-44.44,-0.055962,564.0,-0.011804,355.9,130252,402.4,130075,358.0,-11.69,-0.012780,122813,347.4,-3.90,-0.004896,90702,313.5,-0.56,-0.000708
205.05,0.0037973,0.054911,89342,90438,90506,90511,310.6,205.1,-0.000000,100.0,188804,1228.2,84262,335.6,-0.75,-0.000569,84149,314.0,-13.73,-0.013089,90077,310.2,8.42,0.010707,25.1,0.000000,226.7,6151331,2742.4,101395,360.8,-0.02,-0.000013,102280,331.3,0.31,0.000344,90192,310.1,-31.55,-0.040185,385.1,0.007103,632.5,66763,757.2,67620,629.3,19.07,0.006164,71606,300.4,-31.73,-0.026969,90418,313.8,-45.22,-0.057049,565.1,-0.014365,406.2,130484,402.7,130496,359.4,-13.71,-0.014980,123219,347.7,-5.23,-0.006592,90777,313.5,-3.11,-0.003946
206.08,0.0038162,0.054893,89509,90614,90713,90709,311.1,206.1,0.000000,413.2,184208,1220.9,83874,335.1,-0.75,-0.000564,83816,313.6,-13.77,-0.013086,90250,310.4,9.36,0.011922,26.1,0.000000,185.7,5906263,2716.5,101403,360.9,0.01,0.000010,102302,331.4,0.64,0.000700,90398,310.2,-30.66,-0.039131,386.1,0.007322,624.1,65450,749.8,66313,621.1,20.00,0.006422,70676,299.3,-29.40,-0.024755,90680,314.1,-46.29,-0.058510,566.1,-0.015440,405.7,130717,402.9,130709,360.7,-15.25,-0.016636,123645,348.1,-6.66,-0.008414,90963,313.7,-5.48,-0.006958
207.04,0.0038341,0.054864,89906,90787,90915,90897,311.5,207.0,-0.000000,100.0,180003,1214.1,83510,334.7,-0.75,-0.000564,83501,313.3,-13.68,-0.012969,90415,310.6,10.32,0.013154,27.0,0.000000,292.1,5684140,2692.5,101431,360.9,0.04,0.000036,102334,331.4,0.94,0.001039,90605,310.2,-29.70,-0.037980,387.0,0.007563,616.0,64242,743.0,65109,613.1,20.98,0.006701,69846,298.3,-27.04,-0.022578,90954,314.4,-47.59,-0.060278,567.0,-0.016865,405.2,130930,403.1,130928,362.1,-16.70,-0.018174,124033,348.4,-8.08,-0.010229,91178,313.9,-7.67,-0.009749
208.07,0.0038531,0.054819,90097,90983,91128,91097,311.9,208.1,-0.000000,100.0,175661,1206.9,83120,334.3,-0.76,-0.000568,83183,313.0,-13.46,-0.012723,90587,310.8,11.41,0.014558,28.1,0.000000,100.0,5457208,2667.4,101481,360.9,0.07,0.000063,102370,331.4,1.25,0.001374,90846,310.4,-28.58,-0.036625,388.1,0.007831,607.2,62995,735.7,63865,604.4,22.08,0.007016,69022,297.3,-24.40,-0.020204,91278,314.8,-49.37,-0.062681,568.1,-0.017850,404.7,131159,403.3,131016,363.6,-17.89,-0.019406,124397,348.7,-9.65,-0.012245,91429,314.2,-9.97,-0.012706
209.03,0.0038710,0.054770,90262,91188,91334,91285,312.4,209.0,0.000000,351.2,171687,1200.1,82749,333.8,-0.77,-0.000574,82908,312.7,-13.13,-0.012377,90752,311.1,12.50,0.015967,29.0,0.000000,388.7,5252090,2644.2,101546,361.0,0.10,0.000085,102397,331.4,1.50,0.001647,91094,310.5,-27.45,-0.035262,389.0,0.008112,598.7,61858,729.0,62730,596.0,23.14,0.007327,68306,296.4,-21.82,-0.017936,91620,315.2,-51.53,-0.065587,569.0,-0.019734,404.3,131360,403.5,131369,365.5,-19.51,-0.021106,124669,349.0,-11.20,-0.014225,91679,314.5,-12.12,-0.015471
210.06,0.0038900,0.054708,90681,91398,91570,91486,312.9,210.1,-0.000000,375.9,167583,1193.0,82348,333.4,-0.79,-0.000584,82650,312.4,-12.64,-0.011895,90943,311.4,13.74,0.017571,30.1,0.000000,100.0,5043013,2620.0,101628,361.1,0.12,0.000103,102413,331.5,1.71,0.001879,91381,310.7,-26.20,-0.033736,390.1,0.008410,589.3,60690,721.8,61568,586.8,24.34,0.007682,67609,295.6,-19.00,-0.015498,92019,315.7,-54.43,-0.069470,570.1,-0.019378,403.7,131602,403.7,131188,367.0,-20.09,-0.021612,124875,349.2,-12.92,-0.016425,91957,314.7,-14.33,-0.018330
211.09,0.0039090,0.054623,91024,91620,91815,91683,313.4,211.1,0.000000,100.0,163935,1186.6,81941,332.9,-0.80,-0.000594,82431,312.2,-12.04,-0.011300,91148,311.7,15.06,0.019288,31.1,0.000000,185.4,4842883,2596.2,101720,361.1,0.14,0.000116,102403,331.4,1.81,0.001991,91689,310.9,-24.91,-0.032160,391.1,0.008747,579.6,59567,714.6,60453,577.2,25.65,0.008079,66971,294.8,-16.07,-0.013025,92423,316.2,-57.87,-0.074069,571.1,-0.019357,403.1,131867,404.0,130755,368.4,-20.24,-0.021624,125002,349.3,-14.71,-0.018721,92244,315.0,-16.43,-0.021059
212.05,0.0039269,0.054539,91061,91840,92048,91863,314.0,212.1,0.000000,669.5,161628,1182.2,81553,332.5,-0.81,-0.000601,82265,312.0,-11.35,-0.010642,91349,312.0,16.37,0.020986,32.1,0.000000,100.0,4662531,2574.1,101813,361.2,0.15,0.000124,102355,331.4,1.83,0.002015,91982,311.1,-23.71,-0.030688,392.1,0.009114,570.2,58555,708.0,59451,568.0,26.99,0.008499,66420,294.1,-13.24,-0.010666,92742,316.6,-61.30,-0.078629,572.1,-0.018318,402.3,132157,404.2,130009,369.4,-19.75,-0.020924,125058,349.4,-16.47,-0.020965,92514,315.3,-18.31,-0.023525
213.08,0.0039459,0.054449,91122,92085,92290,92053,314.5,213.1,-0.000000,273.5,159796,1178.6,81139,332.0,-0.82,-0.000605,82136,311.9,-10.51,-0.009837,91564,312.4,17.79,0.022828,33.1,0.000000,523.8,4479186,2551.2,101916,361.3,0.15,0.000130,102277,331.3,1.77,0.001944,92262,311.3,-22.55,-0.029267,393.1,0.009528,560.0,57531,700.9,58443,557.9,28.54,0.008994,65882,293.4,-10.15,-0.008129,92885,316.8,-64.40,-0.082670,573.1,-0.017073,401.4,132513,404.5,129099,370.2,-18.74,-0.019672,125053,349.4,-18.42,-0.023447,92772,315.6,-20.31,-0.026143
214.05,0.0039638,0.054364,91162,92326,92508,92230,315.0,214.0,0.000000,513.2,158718,1176.2,80753,331.5,-0.82,-0.000601,82060,311.8,-9.60,-0.008981,91762,312.8,19.10,0.024540,34.0,0.000000,432.2,4314202,2530.0,102017,361.4,0.16,0.000136,102140,331.2,1.53,0.001680,92466,311.4,-21.67,-0.028175,394.0,0.009989,550.1,56619,694.2,57550,548.1,30.11,0.009508,65414,292.8,-7.18,-0.005719,92852,316.9,-66.45,-0.085255,574.0,-0.015790,400.6,132895,404.9,128218,370.9,-17.60,-0.018314,125021,349.4,-20.32,-0.025852,92961,315.8,-22.27,-0.028703
215.08,0.0039829,0.054272,91223,92598,92720,92419,315.4,215.1,0.000000,342.1,157635,1173.8,80350,331.1,-0.81,-0.000591,82021,311.8,-8.53,-0.007982,91959,313.1,20.44,0.026285,35.1,0.000000,156.7,4146692,2507.9,102132,361.5,0.17,0.000145,101893,331.0,0.98,0.001081,92623,311.5,-20.93,-0.027252,395.1,0.010504,539.2,55706,687.1,56664,537.3,31.88,0.010111,64950,292.2,-3.96,-0.003142,92776,317.0,-67.48,-0.086473,575.1,-0.014529,399.7,133349,405.3,127307,371.4,-16.32,-0.016840,124957,349.4,-22.42,-0.028506,93106,315.9,-24.41,-0.031498
216.04,0.0040008,0.054185,91301,92860,92913,92597,315.8,216.0,-0.000000,100.0,157296,1172.6,79981,330.6,-0.79,-0.000578,82015,311.8,-7.46,-0.006981,92138,313.4,21.63,0.027838,36.0,0.000000,100.0,3996103,2487.5,102251,361.6,0.19,0.000160,101551,330.6,0.18,0.000195,92735,311.6,-20.37,-0.026545,396.0,0.011076,528.7,54903,680.5,55890,526.9,33.64,0.010735,64538,291.7,-0.90,-0.000707,92644,317.0,-67.18,-0.085975,576.0,-0.013305,399.0,133824,405.7,126494,371.8,-15.11,-0.015469,124850,349.4,-24.47,-0.031095,93202,316.0,-26.43,-0.034130
217.07,0.0040199,0.054089,91400,93136,93098,92786,316.0,217.1,0.000000,296.2,157044,1171.6,79604,330.2,-0.77,-0.000555,82048,311.8,-6.24,-0.005834,92331,313.7,22.78,0.029360,37.1,0.000000,224.4,3843322,2466.3,102395,361.8,0.21,0.000182,101082,330.2,-0.98,-0.001067,92822,311.6,-19.91,-0.025968,397.1,0.011708,517.2,54109,673.4,55134,515.5,35.62,0.011461,64115,291.1,2.39,0.001879,92444,316.9,-65.61,-0.083810,577.1,-0.012113,398.2,134378,406.1,125661,372.2,-13.85,-0.014078,124676,349.3,-26.70,-0.033881,93270,316.1,-28.57,-0.036906
218.04,0.0040378,0.053998,91413,93381,93257,92964,316.1,218.0,-0.000000,2005.5,156915,1170.7,79272,329.8,-0.72,-0.000522,82106,311.9,-5.02,-0.004695,92474,313.9,23.73,0.030609,38.0,0.000000,2395.2,3706061,2446.7,102549,361.9,0.24,0.000205,100559,329.7,-2.32,-0.002524,92882,311.6,-19.60,-0.025583,398.0,0.012403,506.2,53419,666.6,54484,504.4,37.57,0.012206,63726,290.6,5.49,0.004294,92208,316.7,-62.66,-0.079873,578.0,-0.010972,397.5,134947,406.6,124883,372.4,-12.74,-0.012857,124433,349.1,-28.71,-0.036387,93304,316.2,-30.54,-0.039457
219.07,0.0040569,0.053902,91439,93619,93405,93154,316.1,219.1,0.000000,100.0,156860,1170.0,78956,329.4,-0.65,-0.000470,82178,311.9,-3.70,-0.003464,92565,314.1,24.59,0.031735,39.1,0.000000,100.0,3566870,2426.3,102720,362.1,0.25,0.000213,99929,329.1,-3.99,-0.004322,92932,311.6,-19.39,-0.025319,399.1,0.013165,494.2,52746,659.4,53860,492.4,39.72,0.013068,63312,290.1,8.76,0.006816,91975,316.6,-58.05,-0.073839,579.1,-0.009894,396.7,135600,407.2,124044,372.6,-11.63,-0.011658,124040,348.9,-30.62,-0.038712,93320,316.2,-32.54,-0.042051
220.04,0.0040748,0.053812,91506,93815,93528,93335,316.1,220.0,0.000000,138.3,156847,1169.4,78703,329.1,-0.56,-0.000404,82239,312.0,-2.47,-0.002312,92634,314.2,25.38,0.032765,40.0,0.000000,515.7,3441861,2407.4,102873,362.2,0.24,0.000205,99271,328.5,-5.77,-0.006223,92987,311.5,-19.24,-0.025144,400.0,0.013996,482.7,52169,652.5,53335,480.9,41.82,0.013949,62918,289.6,11.78,0.009128,91850,316.6,-52.70,-0.066937,580.0,-0.008882,396.0,136260,407.7,123222,372.5,-10.68,-0.010632,123495,348.5,-32.07,-0.040404,93343,316.3,-34.33,-0.044360
221.07,0.0040939,0.053713,91639,93994,93648,93531,316.1,221.1,-0.000000,348.8,156854,1168.7,78494,328.8,-0.44,-0.000317,82292,312.1,-1.19,-0.001120,92717,314.2,26.22,0.033870,41.1,0.000000,148.5,3315119,2387.8,103016,362.4,0.21,0.000179,98510,327.8,-7.87,-0.008439,93076,311.6,-19.11,-0.024992,401.1,0.014903,470.3,51615,645.1,52845,468.5,44.11,0.014965,62491,289.0,14.91,0.011500,91859,316.7,-46.42,-0.058955,581.1,-0.007943,395.1,137010,408.3,122300,372.4,-9.76,-0.009649,122702,347.9,-33.15,-0.041573,93395,316.4,-36.08,-0.046635
222.04,0.0041118,0.053614,91819,94147,93756,93718,316.1,222.0,-0.000000,100.0,156866,1168.2,78363,328.7,-0.30,-0.000217,82328,312.1,-0.03,-0.000029,92811,314.3,26.96,0.034859,42.0,0.000000,100.0,3201295,2369.8,103116,362.5,0.16,0.000136,97745,327.1,-10.02,-0.010675,93201,311.6,-18.99,-0.024865,402.0,0.015889,458.6,51149,638.0,52447,456.7,46.33,0.016001,62081,288.5,17.78,0.013649,92029,317.0,-40.52,-0.051510,582.0,-0.007077,394.2,137762,408.9,121380,372.2,-8.98,-0.008810,121768,347.2,-33.76,-0.042098,93480,316.5,-37.55,-0.048562
223.07,0.0041309,0.053502,92049,94303,93863,93921,316.1,223.1,0.000000,353.2,156870,1167.5,78309,328.6,-0.13,-0.000091,82356,312.1,1.18,0.001109,92942,314.5,27.72,0.035867,43.1,0.000000,1409.5,3085885,2351.0,103171,362.5,0.08,0.000069,96893,326.3,-12.42,-0.013154,93370,311.7,-18.87,-0.024744,403.1,0.016960,446.1,50711,630.4,52089,444.2,48.74,0.017190,61642,287.9,20.76,0.015855,92289,317.3,-34.40,-0.043814,583.1,-0.006278,393.2,138607,409.6,120344,371.8,-8.21,-0.008002,120628,346.4,-34.05,-0.042162,93607,316.7,-38.94,-0.050396
224.04,0.0041489,0.053387,92308,94430,93966,94115,316.1,224.0,0.000000,613.4,156850,1166.9,78336,328.7,0.03,0.000025,82380,312.2,2.32,0.002179,93106,314.6,28.33,0.036701,44.0,0.000000,213.3,2982219,2333.6,103164,362.5,-0.00,-0.000002,96072,325.5,-14.75,-0.015526,93543,311.9,-18.78,-0.024668,404.0,0.018115,434.4,50353,623.0,51813,432.5,51.04,0.018393,61235,287.4,23.53,0.017883,92541,317.6,-28.90,-0.036871,584.0,-0.005544,392.2,139448,410.3,119317,371.3,-7.56,-0.007309,119471,345.5,-34.07,-0.041895,93746,316.8,-40.10,-0.051957
225.07,0.0041680,0.053253,92648,94524,94067,94325,316.2,225.1,0.000000,100.0,156795,1166.2,78455,328.8,0.23,0.000164,82413,312.2,3.56,0.003342,93290,314.9,28.78,0.037332,45.1,0.000000,100.0,2877083,2315.6,103094,362.4,-0.10,-0.000090,95201,324.7,-17.24,-0.018027,93728,312.0,-18.73,-0.024644,405.1,0.019357,422.2,50027,615.0,51582,420.1,53.50,0.019758,60823,286.8,26.48,0.020026,92782,317.9,-23.31,-0.029790,585.1,-0.004870,391.1,140388,411.0,118176,370.7,-6.92,-0.006635,118216,344.5,-33.95,-0.041418,93912,317.0,-41.30,-0.053568
226.04,0.0041860,0.053111,93098,94608,94160,94523,316.3,226.0,-0.000000,100.0,156700,1165.4,78655,329.0,0.41,0.000297,82463,312.3,4.78,0.004488,93464,315.1,28.99,0.037646,46.0,0.000000,276.9,2782610,2298.9,102925,362.3,-0.26,-0.000222,94398,323.9,-19.55,-0.020320,93896,312.1,-18.72,-0.024662,406.0,0.020679,410.9,49771,607.3,51421,408.7,55.81,0.021120,60467,286.4,29.30,0.022070,92993,318.2,-18.27,-0.023381,586.0,-0.004251,390.0,141318,411.8,117059,370.1,-6.36,-0.006055,117051,343.6,-33.76,-0.040894,94075,317.2,-42.45,-0.055116
227.08,0.0042051,0.052944,93430,94727,94270,94733,316.4,227.1,-0.000000,100.0,156536,1164.5,78953,329.4,0.59,0.000428,82549,312.3,6.16,0.005792,93640,315.3,29.00,0.037705,47.1,0.000000,100.0,2686765,2281.6,102577,361.9,-0.51,-0.000437,93580,323.2,-21.94,-0.022659,94068,312.2,-18.71,-0.024679,407.1,0.022075,399.2,49549,599.0,51306,397.0,58.23,0.022637,60134,285.9,32.40,0.024302,93208,318.4,-13.11,-0.016804,587.1,-0.003689,388.8,142353,412.6,115833,369.3,-5.82,-0.005495,115855,342.6,-33.53,-0.040310,94249,317.5,-43.69,-0.056793
228.05,0.0042231,0.052775,93772,94788,94412,94927,316.5,228.0,-0.000000,100.0,156305,1163.5,79307,329.8,0.75,0.000541,82668,312.5,7.56,0.007107,93808,315.6,28.88,0.037590,48.0,0.000000,100.0,2600612,2265.6,102044,361.4,-0.82,-0.000696,92855,322.5,-24.10,-0.024751,94234,312.3,-18.64,-0.024620,408.0,0.023531,388.7,49385,591.0,51245,386.3,60.44,0.024115,59866,285.6,35.40,0.026469,93418,318.6,-8.40,-0.010786,588.0,-0.003178,387.6,143373,413.4,114648,368.5,-5.35,-0.005012,114779,341.8,-33.29,-0.039756,94420,317.7,-44.85,-0.058369
229.08,0.0042423,0.052580,94157,94850,94548,95131,316.6,229.1,0.000000,1398.9,155956,1162.2,79753,330.3,0.89,0.000646,82830,312.6,9.10,0.008576,94005,315.9,28.59,0.037251,49.1,0.000000,179.0,2513171,2249.0,101248,360.6,-1.17,-0.000988,92141,321.8,-26.28,-0.026843,94421,312.5,-18.43,-0.024389,409.1,0.025028,378.0,49255,582.4,51222,375.5,62.68,0.025713,59628,285.2,38.66,0.028827,93657,318.9,-3.54,-0.004548,589.1,-0.002718,386.3,144503,414.3,113368,367.6,-4.89,-0.004543,113683,340.9,-33.02,-0.039153,94614,317.9,-46.07,-0.060026
230.06,0.0042603,0.052384,94527,94913,94678,95317,316.8,230.1,-0.000000,100.0,155516,1160.9,80223,330.8,0.99,0.000724,83007,312.8,10.58,0.009982,94203,316.1,28.10,0.036665,50.1,0.000000,137.0,2434541,2233.6,100302,359.6,-1.48,-0.001240,91527,321.2,-28.22,-0.028674,94589,312.6,-18.15,-0.024050,410.1,0.026541,368.5,49169,574.2,51234,365.9,64.63,0.027217,59439,285.0,41.76,0.031067,93691,318.9,0.43,0.000549,590.1,-0.002305,385.1,145613,415.1,112151,366.7,-4.50,-0.004141,112687,340.1,-32.74,-0.038567,94799,318.2,-47.25,-0.061645
231.03,0.0042784,0.052173,94912,94982,94815,95499,316.9,231.0,0.000000,312.0,154961,1159.3,80722,331.4,1.05,0.000771,83199,313.0,12.02,0.011356,94425,316.4,27.41,0.035819,51.0,0.000000,102.4,2359295,2218.6,99196,358.5,-1.75,-0.001456,90969,320.7,-30.00,-0.030350,94739,312.7,-17.83,-0.023650,411.0,0.027996,359.6,49115,566.0,51271,356.9,66.41,0.028694,59272,284.8,44.83,0.033279,93654,318.9,4.24,0.005455,591.0,-0.001950,383.8,146767,416.0,110928,365.7,-4.14,-0.003775,111712,339.3,-32.42,-0.037948,94972,318.4,-48.53,-0.063381
232.07,0.0042976,0.051932,95391,95070,94997,95683,317.1,232.1,0.000000,100.0,154246,1157.5,81261,332.0,1.07,0.000786,83410,313.3,13.44,0.012727,94680,316.8,26.48,0.034653,52.1,0.000000,118.7,2282868,2202.9,97875,357.1,-2.00,-0.001648,90440,320.2,-31.70,-0.031934,94901,312.8,-17.38,-0.023088,412.1,0.029443,350.7,49084,557.2,51336,348.0,68.04,0.030189,59103,284.5,47.98,0.035546,93733,318.9,8.42,0.010832,592.1,-0.001627,382.5,148041,416.9,109634,364.7,-3.78,-0.003422,110686,338.5,-32.02,-0.037229,95153,318.7,-49.92,-0.065263
233.05,0.0043157,0.051688,95864,95181,95087,95844,317.2,233.0,0.000000,696.6,153461,1155.5,81757,332.5,1.04,0.000771,83614,313.5,14.65,0.013899,94903,317.1,25.37,0.033251,53.0,0.000000,487.7,2214089,2188.4,96520,355.7,-2.20,-0.001799,90002,319.8,-33.09,-0.033209,95035,312.9,-16.92,-0.022504,413.0,0.030781,343.1,49075,549.0,51427,340.4,69.29,0.031493,58941,284.3,50.80,0.037557,93844,318.9,12.26,0.015796,593.0,-0.001345,381.2,149288,417.9,108428,363.7,-3.48,-0.003120,109725,337.7,-31.59,-0.036497,95309,318.9,-51.29,-0.067129
234.09,0.0043349,0.051410,96311,95287,95185,95998,317.4,234.1,-0.000000,479.1,152518,1153.3,82264,333.1,1.00,0.000742,83840,313.7,15.78,0.014994,95104,317.4,24.03,0.031525,54.1,0.000000,478.7,2144194,2173.4,94981,354.0,-2.39,-0.001932,89605,319.4,-34.29,-0.034305,95153,313.0,-16.42,-0.021857,414.1,0.032041,335.8,49079,540.3,51545,332.9,70.42,0.032793,58759,284.1,53.59,0.039534,93946,318.9,16.19,0.020885,594.1,-0.001105,379.9,150663,418.9,107172,362.7,-3.18,-0.002830,108707,336.8,-31.08,-0.035665,95448,319.1,-52.85,-0.069218
235.07,0.0043531,0.051134,96629,95408,95283,96124,317.5,235.1,-0.000000,395.7,151539,1151.0,82727,333.6,0.96,0.000719,84065,313.9,16.67,0.015876,95265,317.6,22.72,0.029831,55.1,0.000000,339.5,2081261,2159.5,93463,352.4,-2.54,-0.002029,89298,319.2,-35.15,-0.035074,95253,313.1,-15.91,-0.021189,415.1,0.033241,329.5,49095,532.3,51671,326.6,71.37,0.033961,58575,283.8,56.02,0.041235,94017,318.9,19.78,0.025535,595.1,-0.000902,378.7,152004,419.9,106022,361.7,-2.93,-0.002582,107748,336.0,-30.55,-0.034838,95564,319.3,-54.35,-0.071233
236.04,0.0043712,0.050852,96795,95535,95384,96228,317.6,236.0,0.000000,100.0,150484,1148.6,83189,334.1,0.95,0.000715,84312,314.2,17.42,0.016617,95402,317.9,21.44,0.028173,56.0,0.000000,389.8,2020962,2145.9,91902,350.7,-2.66,-0.002095,89042,319.0,-35.73,-0.035580,95353,313.2,-15.35,-0.020468,416.0,0.034369,323.8,49121,524.5,51815,321.0,72.29,0.035105,58382,283.6,58.27,0.042786,94068,318.9,23.28,0.030066,596.0,-0.000739,377.5,153393,420.9,104911,360.7,-2.69,-0.002358,106788,335.2,-29.99,-0.033973,95674,319.4,-55.89,-0.073287
237.09,0.0043905,0.050551,96811,95683,95500,96314,317.8,237.1,0.000000,130.6,149292,1145.8,83695,334.7,0.97,0.000733,84607,314.5,18.04,0.017254,95519,318.1,20.22,0.026593,57.1,0.000000,149.9,1959648,2131.7,90226,348.9,-2.74,-0.002128,88797,318.8,-36.06,-0.035833,95464,313.3,-14.73,-0.019650,417.1,0.035526,318.5,49160,516.3,51994,315.6,73.32,0.036337,58172,283.3,60.46,0.044284,94112,318.8,26.89,0.034753,597.1,-0.000603,376.2,154921,422.0,103781,359.7,-2.47,-0.002146,105763,334.3,-29.35,-0.033020,95794,319.6,-57.55,-0.075522
238.07,0.0044087,0.050275,96717,95800,95615,96374,318.0,238.1,0.000000,881.9,148116,1143.2,84204,335.2,1.03,0.000778,84923,314.8,18.47,0.017720,95608,318.2,19.29,0.025375,58.1,0.000000,100.0,1904412,2118.6,88659,347.1,-2.77,-0.002125,88561,318.6,-36.08,-0.035777,95578,313.3,-14.11,-0.018845,418.1,0.036713,314.0,49210,508.9,52195,311.1,74.40,0.037552,57975,283.0,62.37,0.045569,94140,318.8,30.24,0.039092,598.1,-0.000498,375.1,156409,423.1,102768,358.8,-2.29,-0.001971,104796,333.5,-28.73,-0.032104,95916,319.8,-59.17,-0.077701
239.05,0.0044268,0.050008,96558,95929,95719,96417,318.1,239.0,0.000000,506.2,146898,1140.4,84765,335.9,1.12,0.000852,85283,315.2,18.78,0.018066,95686,318.4,18.57,0.024436,59.0,0.000000,336.0,1851463,2105.8,87126,345.4,-2.75,-0.002090,88305,318.3,-35.77,-0.035390,95698,313.4,-13.49,-0.018030,419.0,0.037923,310.0,49277,501.6,52432,307.1,75.62,0.038838,57780,282.7,64.12,0.046737,94150,318.8,33.54,0.043371,599.0,-0.000422,374.1,157946,424.2,101808,357.9,-2.12,-0.001819,103825,332.6,-28.10,-0.031185,96047,320.0,-60.87,-0.079989
240.03,0.0044450,0.049754,96307,96063,95824,96444,318.3,240.0,-0.000000,116.6,145648,1137.6,85387,336.5,1.23,0.000941,85691,315.6,18.96,0.018301,95751,318.6,18.07,0.023787,60.0,0.000000,100.0,1800700,2093.2,85647,343.7,-2.71,-0.002030,88002,318.1,-35.15,-0.034688,95820,313.5,-12.87,-0.017227,420.0,0.039225,306.6,49363,494.6,52694,303.6,76.97,0.040187,57585,282.5,65.71,0.047782,94143,318.8,36.80,0.047581,600.0,-0.000368,373.0,159534,425.3,100900,357.1,-1.99,-0.001690,102852,331.8,-27.47,-0.030278,96181,320.2,-62.66,-0.082401
241.07,0.0044643,0.049502,95951,96209,95947,96461,318.4,241.1,-0.000000,362.4,144294,1134.6,86109,337.3,1.34,0.001029,86171,316.1,19.08,0.018492,95811,318.7,17.74,0.023344,61.1,0.000000,395.4,1749050,2080.1,84148,342.0,-2.63,-0.001943,87635,317.7,-34.13,-0.033575,95953,313.7,-12.23,-0.016381,421.1,0.040615,303.4,49480,487.4,52994,300.3,78.45,0.041643,57371,282.2,67.20,0.048731,94126,318.9,40.23,0.051989,601.1,-0.000061,1209.4,161283,426.5,99848,356.0,-1.75,-0.001479,101815,330.8,-26.82,-0.029344,96322,320.4,-64.63,-0.085060
242.06,0.0044825,0.049285,95593,96360,96076,96471,318.6,242.1,0.000000,100.0,143003,1131.6,86826,338.1,1.40,0.001083,86662,316.6,19.17,0.018654,95851,318.9,17.63,0.023206,62.1,0.000000,100.0,1702489,2068.1,82820,340.4,-2.52,-0.001844,87272,317.4,-32.79,-0.032153,96084,313.8,-11.63,-0.015592,422.1,0.042001,300.8,49613,480.8,53293,297.6,79.82,0.042993,57154,281.8,68.35,0.049432,94107,319.0,43.42,0.056079,602.1,0.000000,100.0,162992,440.2,98961,355.1,-1.53,-0.001285,100839,330.0,-26.23,-0.028500,96450,320.6,-66.50,-0.087588
243.04,0.0045007,0.049087,95269,96499,96215,96479,318.8,243.0,0.000000,1230.1,141703,1128.7,87550,338.8,1.41,0.001095,87188,317.1,19.24,0.018808,95886,319.0,17.76,0.023375,63.0,0.000000,100.0,1657822,2056.3,81583,339.0,-2.39,-0.001729,86926,317.1,-31.03,-0.030339,96219,313.9,-11.04,-0.014813,423.0,0.043301,298.5,49766,474.5,53601,295.3,81.09,0.044279,56909,281.5,69.21,0.049902,94090,319.2,46.56,0.060103,603.0,0.000000,100.0,164757,441.5,98179,354.3,-1.36,-0.001137,99868,329.1,-25.67,-0.027697,96571,320.8,-68.34,-0.090082
244.08,0.0045200,0.048894,95008,96628,96367,96491,319.0,244.1,-0.000000,100.0,140316,1125.5,88298,339.6,1.36,0.001067,87780,317.7,19.33,0.018987,95944,319.2,18.20,0.023961,64.1,0.000000,319.6,1612338,2043.9,80379,337.5,-2.22,-0.001588,86604,316.8,-28.68,-0.027972,96365,314.0,-10.42,-0.014003,424.1,0.044550,296.5,49948,468.1,53928,293.1,82.27,0.045525,56610,281.1,69.74,0.050101,94071,319.3,49.84,0.064287,604.1,0.000000,752.6,166694,442.9,97419,353.5,-1.25,-0.001036,98845,328.1,-25.10,-0.026888,96695,321.0,-70.24,-0.092657
245.07,0.0045382,0.048725,94829,96748,96512,96507,319.2,245.1,0.000000,178.8,139009,1122.5,88966,340.3,1.29,0.001015,88362,318.3,19.46,0.019210,96016,319.3,18.86,0.024831,65.1,0.000000,428.9,1571298,2032.6,79364,336.3,-2.02,-0.001436,86350,316.5,-26.06,-0.025360,96500,314.1,-9.86,-0.013264,425.1,0.045675,294.9,50134,462.3,54227,291.4,83.18,0.046555,56286,280.6,69.85,0.049978,94050,319.5,52.86,0.068116,605.1,0.000000,100.0,168576,444.2,96741,352.8,-1.19,-0.000982,97898,327.3,-24.60,-0.026170,96810,321.1,-71.97,-0.095010
246.05,0.0045564,0.048564,94734,96868,96658,96531,319.3,246.0,0.000000,585.1,137703,1119.5,89592,341.0,1.20,0.000952,88966,318.9,19.70,0.019535,96098,319.5,19.68,0.025916,66.0,0.000000,334.4,1531887,2021.5,78476,335.2,-1.80,-0.001266,86130,316.3,-23.11,-0.022445,96636,314.2,-9.32,-0.012542,426.0,0.046634,293.5,50330,456.8,54508,289.9,83.87,0.047427,55924,280.1,69.59,0.049561,94025,319.8,55.79,0.071832,606.0,0.000000,576.9,170519,445.6,96084,352.1,-1.16,-0.000951,96976,326.4,-24.14,-0.025499,96928,321.2,-73.66,-0.097321
247.03,0.0045746,0.048409,94675,96984,96823,96563,319.5,247.0,0.000000,164.3,136397,1116.5,90177,341.6,1.12,0.000889,89594,319.6,20.02,0.019958,96190,319.8,20.64,0.027183,67.0,0.000000,100.0,1494028,2010.6,77722,334.3,-1.55,-0.001081,85931,316.1,-19.92,-0.019312,96780,314.4,-8.76,-0.011813,427.0,0.047420,292.3,50530,451.6,54776,288.7,84.36,0.048143,55542,279.5,68.99,0.048901,94000,320.0,58.67,0.075458,607.0,0.000000,103.4,172523,446.9,95439,351.5,-1.14,-0.000932,96090,325.6,-23.71,-0.024881,97060,321.4,-75.34,-0.099628
248.08,0.0045940,0.048248,94675,97109,96975,96607,319.7,248.1,-0.000000,100.0,135008,1113.2,90760,342.2,1.04,0.000829,90289,320.3,20.45,0.020498,96290,320.0,21.74,0.028639,68.1,0.000000,334.3,1455421,1999.2,77073,333.5,-1.26,-0.000879,85721,315.9,-16.40,-0.015875,96931,314.5,-8.21,-0.011074,428.1,0.048075,291.2,50744,446.3,55049,287.6,84.69,0.048762,55130,278.9,68.12,0.048032,93957,320.3,61.63,0.079155,608.1,0.000000,467.5,174724,448.5,94765,350.7,-1.13,-0.000919,95193,324.7,-23.28,-0.024265,97208,321.5,-77.16,-0.102139
249.06,0.0046122,0.048097,94748,97220,97110,96658,319.8,249.1,-0.000000,100.0,133699,1110.1,91280,342.7,0.98,0.000785,90967,320.9,20.89,0.021050,96333,320.2,22.67,0.029869,69.1,0.000000,100.0,1420535,1988.7,76597,332.9,-1.00,-0.000694,85504,315.7,-13.11,-0.012666,97011,314.6,-7.88,-0.010636,429.1,0.048612,290.4,50945,441.6,55295,286.7,84.88,0.049235,54772,278.3,67.24,0.047195,93835,320.5,64.17,0.082268,609.1,0.000000,429.6,176864,449.9,94136,350.1,-1.13,-0.000911,94389,324.0,-22.87,-0.023690,97285,321.6,-78.98,-0.104605
250.04,0.0046304,0.047942,94977,97316,97225,96718,319.9,250.0,-0.000000,2805.5,132385,1107.0,91783,343.2,0.94,0.000756,91666,321.6,21.30,0.021586,96409,320.3,23.72,0.031257,70.0,0.000000,449.0,1386986,1978.4,76240,332.5,-0.76,-0.000526,85249,315.5,-9.93,-0.009570,97119,314.7,-7.49,-0.010121,430.0,0.049037,289.7,51143,437.2,55527,286.0,84.96,0.049609,54494,277.9,66.58,0.046565,93770,320.7,66.75,0.085471,610.0,0.000000,100.0,179074,451.4,93511,349.4,-1.13,-0.000907,93617,323.2,-22.42,-0.023091,97331,321.6,-80.56,-0.106750
251.03,0.0046486,0.047778,95156,97393,97324,96784,320.0,251.0,0.000000,225.6,131064,1103.9,92281,343.7,0.92,0.000746,92376,322.3,21.62,0.022033,96502,320.6,24.82,0.032712,71.0,0.000000,151.6,1354714,1968.4,75984,332.2,-0.55,-0.000380,84948,315.1,-6.92,-0.006654,97230,314.8,-7.13,-0.009643,431.0,0.049368,289.1,51336,432.9,55738,285.4,84.88,0.049862,54402,277.8,66.42,0.046395,93728,320.9,69.27,0.088606,611.0,0.000000,494.9,181356,452.9,92884,348.7,-1.14,-0.000910,92878,322.5,-21.93,-0.022460,97365,321.6,-81.88,-0.108524
252.07,0.0046680,0.047596,95455,97456,97410,96858,320.1,252.1,-0.000000,100.0,129651,1100.5,92820,344.3,0.93,0.000755,93130,323.0,21.80,0.022347,96610,320.8,25.97,0.034249,72.1,0.000000,138.7,1321755,1957.9,75810,331.9,-0.35,-0.000242,84577,314.8,-3.96,-0.003791,97335,314.9,-6.82,-0.009237,432.1,0.049574,288.6,51533,428.7,55933,284.9,84.67,0.050005,54536,278.0,67.24,0.047053,93678,321.0,71.82,0.091772,612.1,0.000000,100.0,183862,454.6,92212,348.0,-1.15,-0.000920,92134,321.8,-21.41,-0.021793,97367,321.6,-82.81,-0.109776
253.06,0.0046863,0.047415,95704,97495,97477,96929,320.1,253.1,-0.000000,170.5,128313,1097.3,93346,344.8,0.96,0.000781,93839,323.7,21.80,0.022468,96725,320.9,27.03,0.035668,73.1,0.000000,430.4,1291930,1948.2,75737,331.8,-0.17,-0.000114,84190,314.3,-1.39,-0.001326,97419,314.9,-6.61,-0.008955,433.1,0.049633,288.1,51709,424.9,56076,284.4,84.28,0.049976,54818,278.3,68.81,0.048335,93605,321.1,74.11,0.094595,613.1,0.000000,100.0,186301,456.2,91568,347.3,-1.18,-0.000936,91475,321.2,-20.94,-0.021208,97303,321.5,-83.01,-0.110019
254.04,0.0047045,0.047222,95979,97504,97519,96996,320.2,254.0,0.000000,100.0,126965,1094.0,93902,345.4,1.00,0.000821,94537,324.4,21.67,0.022459,96823,321.1,28.03,0.037009,74.0,0.000000,100.0,1263209,1938.7,75759,331.9,0.03,0.000019,83781,313.9,0.98,0.000928,97483,315.0,-6.48,-0.008782,434.0,0.049509,287.7,51870,421.3,56173,284.1,83.66,0.049760,55422,279.2,71.55,0.050654,93511,321.1,76.29,0.097282,614.0,0.000000,315.8,188821,457.8,90911,346.6,-1.21,-0.000955,90850,320.5,-20.53,-0.020689,97206,321.3,-82.56,-0.109371
255.03,0.0047228,0.047026,95987,97496,97527,97057,320.2,255.0,-0.000000,329.2,125608,1090.7,94497,346.0,1.06,0.000875,95217,325.0,21.44,0.022334,96888,321.2,28.93,0.038213,75.0,0.000000,470.0,1235548,1929.4,75900,332.0,0.28,0.000195,83368,313.5,3.15,0.002986,97519,315.0,-6.45,-0.008736,435.0,0.049181,287.3,52013,417.9,56216,283.8,82.78,0.049330,56389,280.6,75.79,0.054328,93387,321.0,78.34,0.099790,615.0,0.000000,215.2,191425,459.5,90242,345.9,-1.24,-0.000974,90250,320.0,-20.19,-0.020251,97093,321.1,-81.63,-0.108069
256.08,0.0047422,0.046820,96047,97471,97490,97118,320.1,256.1,0.000000,329.0,124158,1087.1,95182,346.7,1.15,0.000948,95912,325.7,21.11,0.022106,96918,321.2,29.73,0.039284,76.1,0.000000,1473.5,1207265,1919.6,76233,332.4,0.64,0.000443,82947,313.0,5.26,0.004972,97522,315.0,-6.54,-0.008865,436.1,0.048603,286.8,52139,414.4,56194,283.4,81.51,0.048612,57747,282.4,81.55,0.059467,93213,320.8,80.35,0.102219,616.1,0.000000,503.8,194288,461.3,89522,345.1,-1.27,-0.000990,89629,319.3,-19.92,-0.019880,96966,320.9,-80.11,-0.105989
257.07,0.0047605,0.046624,96135,97434,97415,97173,320.0,257.1,0.000000,307.2,122786,1083.8,95886,347.3,1.24,0.001030,96531,326.3,20.76,0.021844,96905,321.1,30.41,0.040176,77.1,0.000000,1047.2,1181644,1910.7,76741,333.0,1.03,0.000711,82580,312.6,7.08,0.006672,97487,315.0,-6.77,-0.009169,437.1,0.046457,298.1,52197,411.4,56507,283.7,78.12,0.046806,59171,284.4,87.35,0.064830,93006,320.6,82.10,0.104287,617.1,0.000000,100.0,197075,463.0,88838,344.3,-1.29,-0.000999,89051,318.8,-19.75,-0.019621,96846,320.7,-78.35,-0.103594
258.05,0.0047788,0.046426,96246,97385,97304,97226,319.9,258.1,-0.000000,2769.8,121407,1080.3,96655,348.1,1.34,0.001122,97112,326.8,20.41,0.021566,96859,321.1,30.98,0.040921,78.1,0.000000,102.5,1156948,1901.9,77437,333.9,1.40,0.000979,82251,312.2,8.75,0.008220,97401,314.9,-7.09,-0.009603,438.1,0.046835,285.7,52258,408.5,56084,282.8,77.05,0.045957,60563,286.2,92.79,0.070033,92760,320.3,83.74,0.106176,618.1,0.000000,812.2,199956,464.8,88159,343.6,-1.29,-0.000995,88473,318.2,-19.66,-0.019436,96718,320.5,-76.39,-0.100934
259.04,0.0047971,0.046226,96375,97328,97171,97275,319.8,259.0,0.000000,230.7,120023,1076.9,97489,348.9,1.44,0.001214,97651,327.3,20.07,0.021293,96772,320.9,31.46,0.041533,79.0,0.000000,145.6,1133138,1893.2,78295,334.9,1.72,0.001209,81970,311.9,10.26,0.009620,97289,314.8,-7.52,-0.010177,439.0,0.045427,285.2,52280,405.7,55805,282.2,75.57,0.044944,61830,287.8,97.49,0.074692,92485,320.0,85.33,0.107968,619.0,0.000000,100.0,202935,466.6,87494,342.8,-1.27,-0.000978,87891,317.6,-19.60,-0.019286,96589,320.3,-74.34,-0.098162
260.03,0.0048154,0.046021,96507,97268,97030,97321,319.7,260.0,-0.000000,100.0,118633,1073.4,98376,349.8,1.52,0.001290,98153,327.7,19.74,0.021019,96651,320.8,31.87,0.042045,80.0,0.000000,147.5,1110176,1884.8,79263,336.0,1.93,0.001366,81741,311.7,11.62,0.010870,97158,314.7,-8.01,-0.010830,440.0,0.044285,284.7,52271,403.0,55641,281.7,74.21,0.044083,62964,289.3,101.44,0.078756,92192,319.8,86.88,0.109671,620.0,0.000000,202.1,206015,468.5,86851,342.1,-1.24,-0.000949,87306,317.0,-19.59,-0.019184,96465,320.1,-72.29,-0.095404
261.08,0.0048348,0.045801,96595,97200,96872,97364,319.5,261.1,0.000000,143.7,117150,1069.6,99354,350.7,1.57,0.001336,98649,328.2,19.38,0.020709,96498,320.6,32.25,0.042505,81.1,0.000000,290.7,1086668,1876.0,80337,337.3,2.00,0.001429,81560,311.5,12.89,0.012036,97011,314.5,-8.58,-0.011592,441.1,0.043589,284.3,52243,400.3,55572,281.4,73.31,0.043550,64065,290.6,105.02,0.082570,91868,319.5,88.47,0.111395,621.1,0.000000,3362.0,209403,470.5,86199,341.4,-1.19,-0.000907,86685,316.4,-19.61,-0.019106,96325,319.8,-70.12,-0.092469
262.07,0.0048532,0.045593,96682,97131,96719,97401,319.3,262.1,0.000000,306.1,115749,1066.0,100275,351.6,1.56,0.001337,99080,328.6,19.01,0.020385,96339,320.4,32.57,0.042877,82.1,0.000000,312.3,1065344,1867.8,81318,338.4,1.92,0.001390,81449,311.3,13.92,0.012993,96865,314.4,-9.17,-0.012370,442.1,0.043358,283.8,52213,397.9,55598,281.2,73.18,0.043524,65042,291.8,107.97,0.085842,91556,319.2,89.93,0.112944,622.1,0.000000,252.4,212705,472.4,85621,340.7,-1.14,-0.000859,86104,315.8,-19.63,-0.019030,96192,319.6,-68.10,-0.089744
263.06,0.0048715,0.045383,96806,97056,96574,97434,319.2,263.1,0.000000,100.0,114343,1062.4,101169,352.4,1.50,0.001297,99478,328.9,18.60,0.020006,96173,320.2,32.86,0.043220,83.1,0.000000,641.4,1044764,1859.8,82216,339.4,1.75,0.001273,81396,311.3,14.83,0.013830,96720,314.3,-9.78,-0.013177,443.1,0.043532,283.7,52188,395.5,55717,281.2,73.81,0.043985,65987,292.9,110.64,0.088902,91244,318.9,91.36,0.114444,623.1,0.000000,298.6,216122,474.4,85081,340.1,-1.07,-0.000805,85532,315.2,-19.61,-0.018921,96057,319.4,-66.10,-0.087035
264.05,0.0048899,0.045169,96960,96981,96448,97461,319.0,264.1,-0.000000,100.0,112930,1058.7,102013,353.2,1.41,0.001226,99844,329.3,18.12,0.019540,96009,320.0,33.16,0.043572,84.1,0.000000,994.5,1024896,1852.0,82997,340.3,1.51,0.001108,81396,311.3,15.62,0.014570,96584,314.1,-10.38,-0.013977,444.1,0.044240,283.9,52183,393.3,55984,281.5,75.43,0.045118,66905,294.0,113.08,0.091790,90939,318.7,92.78,0.115927,624.1,0.000000,119.6,219658,476.5,84578,339.5,-1.00,-0.000751,84971,314.6,-19.53,-0.018758,95930,319.2,-64.08,-0.084315
265.04,0.0049082,0.044949,97126,96910,96348,97481,318.9,265.0,-0.000000,174.9,111512,1055.0,102795,354.0,1.30,0.001136,100177,329.5,17.54,0.018953,95856,319.7,33.50,0.043972,85.0,0.000000,100.0,1005713,1844.3,83647,341.0,1.25,0.000924,81442,311.3,16.33,0.015235,96467,314.0,-10.95,-0.014723,445.0,0.045923,284.6,52222,391.1,56550,282.2,78.88,0.047540,67797,295.0,115.30,0.094514,90649,318.4,94.21,0.117428,625.0,0.000000,490.4,223319,478.5,84107,339.0,-0.94,-0.000706,84420,314.1,-19.39,-0.018532,95818,319.0,-62.01,-0.081547
266.04,0.0049266,0.044725,97275,96847,96270,97492,318.8,266.0,0.000000,167.9,110086,1051.3,103511,354.6,1.18,0.001038,100481,329.8,16.82,0.018216,95718,319.5,33.88,0.044439,86.0,0.000000,100.0,987185,1836.7,84173,341.6,1.01,0.000748,81545,311.4,16.94,0.015822,96370,313.9,-11.45,-0.015388,446.0,0.049209,286.2,52341,389.1,57549,283.5,84.78,0.051760,68662,296.0,117.33,0.097079,90379,318.2,95.68,0.118986,626.0,0.000000,376.2,227108,480.7,83656,338.5,-0.91,-0.000675,83892,313.5,-19.17,-0.018234,95724,318.9,-59.88,-0.078702
267.03,0.0049450,0.044497,97406,96787,96214,97493,318.7,267.0,0.000000,625.1,108654,1047.5,104159,355.2,1.06,0.000938,100756,330.0,15.94,0.017304,95597,319.3,34.32,0.044980,87.0,0.000000,100.0,969285,1829.3,84593,342.0,0.80,0.000598,81719,311.6,17.38,0.016255,96293,313.9,-11.87,-0.015949,447.0,0.054081,288.5,52579,387.2,58875,285.3,92.26,0.057266,69507,296.9,119.16,0.099493,90128,318.1,97.19,0.120586,627.0,0.000000,100.0,231033,482.8,83212,337.9,-0.89,-0.000663,83388,313.0,-18.84,-0.017848,95651,318.7,-57.67,-0.075770
268.08,0.0049645,0.044252,97558,96724,96169,97481,318.7,268.1,0.000000,100.0,107126,1043.4,104776,355.8,0.94,0.000837,101027,330.3,14.83,0.016127,95487,319.2,34.83,0.045632,88.1,0.000000,466.0,950928,1821.6,84951,342.4,0.64,0.000475,81987,311.8,17.64,0.016542,96225,313.8,-12.21,-0.016397,448.1,0.059853,291.5,52977,385.4,60428,287.4,100.20,0.063371,70390,297.9,120.92,0.101912,89878,317.9,98.80,0.122301,628.1,0.000000,1012.6,235357,485.2,82734,337.4,-0.91,-0.000671,82878,312.5,-18.39,-0.017341,95594,318.6,-55.24,-0.072559
269.08,0.0049829,0.044015,97719,96667,96137,97454,318.6,269.1,0.000000,415.0,105680,1039.4,105296,356.3,0.84,0.000750,101271,330.5,13.61,0.014824,95396,319.0,35.36,0.046301,89.1,0.000000,100.0,934248,1814.5,85230,342.7,0.53,0.000394,82304,312.2,17.75,0.016694,96168,313.8,-12.40,-0.016639,449.1,0.065400,294.4,53483,383.9,61887,289.3,106.55,0.068552,71220,298.8,122.42,0.104076,89654,317.8,100.30,0.123900,629.1,0.000000,2522.6,239578,487.5,82269,336.8,-0.94,-0.000692,82419,312.0,-17.88,-0.016793,95554,318.5,-52.88,-0.069458
270.07,0.0050013,0.043774,97890,96620,96116,97411,318.5,270.1,0.000000,998.1,104229,1035.5,105764,356.7,0.75,0.000673,101515,330.7,12.23,0.013344,95317,318.8,35.91,0.047013,90.1,0.000000,2275.1,918123,1807.5,85473,343.0,0.46,0.000342,82705,312.6,17.72,0.016719,96117,313.7,-12.40,-0.016630,450.1,0.070062,297.0,54095,382.6,63291,291.2,111.48,0.072886,72056,299.7,123.79,0.106153,89439,317.7,101.79,0.125481,630.1,0.000000,100.0,243953,489.8,81783,336.3,-0.99,-0.000721,81981,311.5,-17.32,-0.016203,95526,318.5,-50.47,-0.066282
271.07,0.0050197,0.043530,97937,96553,96114,97348,318.5,271.1,0.000000,1602.8,102772,1031.5,106184,357.1,0.67,0.000603,101769,330.9,10.72,0.011718,95253,318.7,36.50,0.047765,91.1,0.000000,100.0,902533,1800.6,85695,343.2,0.41,0.000310,83211,313.1,17.30,0.016399,96072,313.7,-12.20,-0.016367,451.1,0.071776,299.4,54748,381.5,65285,293.9,112.99,0.075495,72899,300.6,125.04,0.108153,89235,317.6,103.28,0.127055,631.1,0.000000,632.3,248488,492.2,81277,335.7,-1.03,-0.000752,81562,311.1,-16.73,-0.015601,95512,318.4,-47.98,-0.063025
272.06,0.0050382,0.043288,97888,96483,96101,97264,318.4,272.1,0.000000,100.0,101309,1027.4,106559,357.4,0.60,0.000538,102038,331.2,9.12,0.009991,95200,318.6,37.10,0.048545,92.1,0.000000,118.8,887456,1793.9,85907,343.5,0.39,0.000295,83841,313.8,16.56,0.015779,96025,313.6,-11.77,-0.015774,452.1,0.076831,301.6,55507,380.6,66324,295.2,117.08,0.079119,73743,301.5,126.18,0.110068,89040,317.5,104.74,0.128599,632.1,0.000000,100.0,253189,494.6,80753,335.1,-1.07,-0.000780,81159,310.6,-16.16,-0.015011,95508,318.4,-45.45,-0.059705
273.06,0.0050566,0.043053,97788,96423,96087,97159,318.3,273.1,-0.000000,1020.3,99843,1023.3,106888,357.7,0.52,0.000470,102322,331.4,7.49,0.008224,95152,318.4,37.70,0.049318,93.1,0.000000,136.2,872874,1787.3,86118,343.7,0.39,0.000291,84549,314.5,15.60,0.014960,95972,313.6,-11.11,-0.014891,453.1,0.077527,303.8,56279,379.8,68136,297.6,117.58,0.080973,74575,302.4,127.19,0.111879,88843,317.5,106.16,0.130067,633.1,0.000000,402.3,258065,497.1,80217,334.4,-1.11,-0.000799,80770,310.2,-15.61,-0.014454,95504,318.3,-42.91,-0.056374
274.05,0.0050751,0.042826,97638,96365,96055,97032,318.2,274.1,-0.000000,648.2,98373,1019.1,107164,358.0,0.44,0.000395,102617,331.7,5.89,0.006484,95106,318.3,38.24,0.050028,94.1,0.000000,765.9,858768,1780.8,86334,343.9,0.39,0.000297,85288,315.3,14.62,0.014103,95909,313.5,-10.23,-0.013707,454.1,0.082019,305.7,57141,379.2,69088,298.7,120.91,0.084111,75384,303.3,128.10,0.113573,88643,317.4,107.51,0.131451,634.1,0.000000,270.8,263123,499.6,79678,333.8,-1.12,-0.000807,80393,309.8,-15.12,-0.013951,95495,318.3,-40.38,-0.053052
275.05,0.0050935,0.042609,97422,96310,96017,96884,318.1,275.0,-0.000000,251.7,96902,1014.9,107377,358.1,0.34,0.000307,102920,331.9,4.39,0.004840,95062,318.2,38.72,0.050641,95.0,0.000000,225.1,845124,1774.4,86562,344.2,0.41,0.000313,86013,316.0,13.71,0.013308,95833,313.5,-9.10,-0.012185,455.0,0.082080,307.6,58001,378.6,70764,300.9,120.77,0.085435,76167,304.1,128.89,0.115153,88439,317.4,108.81,0.132759,635.0,0.000000,488.1,268369,502.2,79146,333.1,-1.12,-0.000797,80027,309.4,-14.70,-0.013514,95478,318.2,-37.87,-0.049751
276.05,0.0051120,0.042407,97115,96258,95922,96717,317.9,276.0,0.000000,100.0,95433,1010.7,107516,358.3,0.23,0.000204,103230,332.2,3.03,0.003349,95016,318.2,39.06,0.051069,96.0,0.000000,363.2,831923,1768.2,86807,344.5,0.44,0.000336,86697,316.7,12.96,0.012652,95729,313.4,-7.77,-0.010393,456.0,0.086181,309.3,58937,378.2,71693,301.9,123.45,0.088166,76919,304.9,129.63,0.116647,88218,317.3,110.00,0.133907,636.0,0.000000,283.2,273813,504.8,78633,332.5,-1.09,-0.000774,79666,309.0,-14.35,-0.013151,95438,318.2,-35.45,-0.046556
277.04,0.0051304,0.042222,96732,96189,95822,96533,317.6,277.0,-0.000000,640.8,93965,1006.4,107568,358.3,0.09,0.000083,103547,332.5,1.86,0.002058,94960,318.1,39.24,0.051288,97.0,0.000000,176.8,819150,1762.1,87073,344.7,0.48,0.000364,87324,317.4,12.40,0.012170,95595,313.2,-6.24,-0.008337,457.0,0.085709,311.0,59857,377.9,73262,303.9,122.97,0.089171,77625,305.6,130.39,0.118119,87981,317.2,111.09,0.134914,637.0,0.000000,100.0,279462,507.5,78146,331.9,-1.04,-0.000736,79308,308.6,-14.07,-0.012856,95369,318.1,-33.12,-0.043487
278.04,0.0051489,0.042059,96288,96112,95727,96334,317.4,278.0,0.000000,487.1,92497,1002.1,107539,358.3,-0.03,-0.000030,103875,332.8,0.90,0.000996,94914,318.0,39.26,0.051304,98.0,0.000000,637.1,806790,1756.1,87361,345.0,0.52,0.000393,87881,317.9,12.06,0.011888,95458,313.1,-4.46,-0.005947,458.0,0.089598,312.6,60847,377.7,74177,304.9,125.03,0.091491,78281,306.3,131.21,0.119597,87743,317.1,112.15,0.135883,638.0,0.000000,455.1,285325,510.3,77696,331.4,-0.97,-0.000685,78946,308.3,-13.86,-0.012619,95291,318.0,-30.84,-0.040469
279.04,0.0051673,0.041919,95795,96025,95628,96124,317.1,279.0,-0.000000,103.6,91023,997.7,107419,358.2,-0.17,-0.000158,104219,333.1,0.15,0.000171,94864,317.9,39.11,0.051098,99.0,0.000000,764.0,794830,1750.2,87671,345.4,0.55,0.000422,88369,318.4,11.91,0.011787,95326,313.0,-2.46,-0.003276,459.0,0.088682,314.1,61811,377.5,75708,306.8,124.52,0.092429,78886,307.0,132.05,0.121042,87507,316.9,113.17,0.136811,639.0,0.000000,288.7,291412,513.1,77289,330.9,-0.88,-0.000621,78577,307.8,-13.70,-0.012429,95210,317.9,-28.60,-0.037507
280.03,0.0051858,0.041803,95274,95930,95529,95907,316.7,280.0,0.000000,100.0,89540,993.2,107207,358.0,-0.32,-0.000285,104578,333.4,-0.37,-0.000418,94806,317.8,38.78,0.050652,100.0,0.000000,224.5,783254,1744.4,88001,345.7,0.59,0.000450,88809,318.9,11.88,0.011804,95195,312.9,-0.31,-0.000410,460.0,0.090175,315.8,62797,377.4,77408,308.9,123.43,0.093052,79430,307.5,132.90,0.122427,87273,316.8,114.16,0.137699,640.0,0.000000,100.0,297732,515.9,76932,330.5,-0.78,-0.000550,78196,307.4,-13.57,-0.012271,95127,317.8,-26.41,-0.034610
281.03,0.0052043,0.041713,94782,95804,95428,95688,316.4,281.0,0.000000,100.0,88056,988.7,106916,357.7,-0.44,-0.000396,104954,333.8,-0.70,-0.000785,94756,317.7,38.30,0.050015,101.0,0.000000,397.8,772051,1738.7,88350,346.1,0.62,0.000477,89212,319.3,11.91,0.011866,94991,312.7,1.80,0.002395,461.0,0.093798,317.1,63845,377.4,78126,309.6,125.56,0.095316,79898,308.0,133.73,0.123710,87043,316.6,115.12,0.138558,641.0,0.000000,100.0,304295,518.9,76624,330.1,-0.68,-0.000476,77799,307.0,-13.46,-0.012132,95046,317.7,-24.26,-0.031772
282.09,0.0052239,0.041641,94323,95663,95303,95457,315.9,282.1,-0.000000,339.6,86500,983.8,106543,357.3,-0.54,-0.000487,105372,334.2,-0.86,-0.000960,94715,317.6,37.60,0.049103,102.1,0.000000,100.0,760539,1732.9,88741,346.5,0.65,0.000502,89596,319.6,11.99,0.011983,94806,312.6,4.21,0.005595,462.1,0.092936,318.9,64931,377.5,79811,311.6,124.43,0.095878,80345,308.5,134.56,0.124976,86795,316.4,116.06,0.139395,642.1,0.000000,100.0,311547,522.1,76344,329.7,-0.58,-0.000406,77360,306.5,-13.36,-0.011986,94951,317.6,-22.05,-0.028870
283.08,0.0052423,0.041593,93933,95520,95182,95243,315.5,283.1,0.000000,662.8,85169,979.6,106151,357.0,-0.61,-0.000544,105781,334.5,-0.84,-0.000948,94684,317.4,36.73,0.047970,103.1,0.000000,112.3,750060,1727.4,89126,346.9,0.68,0.000524,89925,320.0,12.13,0.012160,94646,312.5,6.56,0.008701,463.1,0.096292,320.0,66010,377.6,80554,312.2,126.11,0.097861,80667,308.9,135.25,0.125965,86560,316.1,116.88,0.140132,643.1,0.000000,409.3,318647,525.1,76117,329.4,-0.51,-0.000353,76934,306.0,-13.24,-0.011836,94852,317.5,-20.06,-0.026246
284.08,0.0052607,0.041563,93592,95368,95063,95036,315.0,284.1,0.000000,100.0,84492,977.1,105742,356.6,-0.64,-0.000571,106203,334.9,-0.69,-0.000778,94659,317.3,35.66,0.046580,104.1,0.000000,100.0,739914,1722.1,89525,347.3,0.70,0.000544,90223,320.2,12.29,0.012345,94495,312.4,8.95,0.011849,464.1,0.094958,321.6,67053,377.7,82105,314.0,124.73,0.098091,80892,309.2,135.90,0.126818,86328,315.8,117.67,0.140851,644.1,0.000000,1044.1,326026,528.3,75914,329.2,-0.46,-0.000316,76495,305.5,-13.11,-0.011674,94749,317.4,-18.13,-0.023701
285.08,0.0052792,0.041548,93322,95219,94945,94837,314.5,285.1,0.000000,387.0,85017,977.8,105338,356.2,-0.64,-0.000567,106632,335.3,-0.41,-0.000460,94637,317.1,34.41,0.044965,105.1,0.000000,368.4,730087,1716.9,89939,347.8,0.72,0.000564,90495,320.5,12.41,0.012494,94349,312.3,11.34,0.015004,465.1,0.098275,322.4,68151,377.9,82840,314.7,126.05,0.099813,81047,309.4,136.44,0.127482,86100,315.4,118.42,0.141554,645.1,0.000000,100.0,333697,531.5,75723,329.0,-0.43,-0.000296,76047,305.0,-12.98,-0.011505,94647,317.3,-16.26,-0.021233
286.07,0.0052976,0.041543,93137,95055,94823,94647,314.0,286.1,-0.000000,355.7,86129,980.0,104961,355.8,-0.60,-0.000533,107055,335.7,0.00,0.000003,94612,316.9,33.02,0.043166,106.1,0.000000,352.4,720569,1711.7,90368,348.2,0.75,0.000583,90746,320.7,12.47,0.012581,94202,312.3,13.72,0.018125,466.1,0.096687,324.0,69210,378.2,84347,316.4,124.57,0.099892,81201,309.6,136.79,0.127962,85875,315.0,119.14,0.142232,646.1,0.000000,100.0,341674,534.7,75534,328.7,-0.42,-0.000291,75594,304.5,-12.84,-0.011338,94543,317.2,-14.44,-0.018849
287.07,0.0053160,0.041545,93044,94873,94689,94467,313.4,287.1,0.000000,138.0,87693,983.4,104635,355.5,-0.52,-0.000465,107460,336.1,0.53,0.000600,94577,316.7,31.52,0.041218,107.1,0.000000,1353.4,711347,1706.7,90810,348.7,0.77,0.000601,90981,321.0,12.47,0.012604,94051,312.2,16.05,0.021174,467.1,0.099912,324.7,70320,378.4,85069,317.0,125.61,0.101402,81412,309.9,136.83,0.128220,85652,314.5,119.81,0.142871,647.1,0.000000,375.0,349973,538.0,75338,328.5,-0.43,-0.000299,75140,304.0,-12.72,-0.011182,94434,317.1,-12.70,-0.016565
288.06,0.0053345,0.041549,93011,94671,94545,94294,312.9,288.1,0.000000,445.2,89272,986.8,104380,355.2,-0.42,-0.000367,107834,336.4,1.14,0.001303,94528,316.4,29.93,0.039152,108.1,0.000000,199.6,702412,1701.8,91265,349.2,0.78,0.000617,91191,321.2,12.35,0.012508,93890,312.1,18.31,0.024116,468.1,0.098107,326.2,71389,378.7,86532,318.6,124.10,0.101390,81701,310.2,136.75,0.128460,85427,314.0,120.43,0.143457,648.1,0.000000,385.4,358609,541.4,75130,328.2,-0.46,-0.000318,74692,303.5,-12.63,-0.011051,94316,316.9,-11.06,-0.014412
289.06,0.0053529,0.041554,93026,94463,94394,94127,312.3,289.1,-0.000000,100.0,90768,989.8,104211,355.1,-0.28,-0.000249,108163,336.7,1.82,0.002077,94465,316.2,28.28,0.036991,109.1,0.000000,974.7,693752,1697.0,91728,349.6,0.80,0.000629,91371,321.3,12.11,0.012283,93717,312.0,20.48,0.026940,469.1,0.101262,326.8,72508,379.0,87227,319.1,124.87,0.102667,82032,310.6,136.48,0.128540,85201,313.5,121.00,0.143988,649.1,0.000000,223.9,367599,544.9,74903,327.9,-0.50,-0.000346,74251,303.0,-12.59,-0.010971,94191,316.8,-9.53,-0.012401
290.05,0.0053713,0.041558,93053,94251,94237,93963,311.7,290.1,-0.000000,100.0,92133,992.5,104139,355.0,-0.13,-0.000114,108430,336.9,2.52,0.002887,94392,315.9,26.56,0.034757,110.1,0.000000,100.0,685358,1692.3,92197,350.1,0.80,0.000634,91522,321.5,11.74,0.011920,93537,311.9,22.58,0.029649,470.1,0.099213,328.1,73580,379.3,88632,320.6,123.20,0.102437,82397,311.1,135.93,0.128407,84976,313.0,121.52,0.144473,650.1,0.000000,122.2,376961,548.5,74653,327.6,-0.55,-0.000379,73818,302.5,-12.61,-0.010943,94059,316.7,-8.09,-0.010522
291.05,0.0053897,0.041561,93076,94032,94069,93802,311.2,291.0,-0.000000,263.2,93395,994.8,104163,355.0,0.02,0.000019,108622,337.1,3.23,0.003700,94311,315.6,24.78,0.032428,111.0,0.000000,143.7,677221,1687.6,92665,350.6,0.80,0.000634,91642,321.6,11.22,0.011405,93347,311.7,24.57,0.032217,471.0,0.102136,328.6,74699,379.7,89230,321.0,123.55,0.103290,82865,311.7,135.20,0.128204,84751,312.4,121.99,0.144896,651.0,0.000000,263.4,386714,552.1,74380,327.3,-0.61,-0.000416,73395,302.0,-12.72,-0.010990,93918,316.6,-6.77,-0.008792
292.04,0.0054082,0.041562,93095,93801,93877,93640,310.6,292.0,0.000000,219.3,94596,997.0,104288,355.2,0.19,0.000166,108730,337.2,3.91,0.004489,94222,315.3,22.90,0.029971,112.0,0.000000,3431.0,669332,1683.1,93128,351.1,0.78,0.000626,91733,321.7,10.57,0.010751,93145,311.4,26.44,0.034619,472.0,0.099683,329.5,75763,380.0,90555,322.4,121.64,0.102751,83414,312.4,134.22,0.127829,84524,311.9,122.40,0.145246,652.0,0.000000,205.6,396876,555.8,74082,326.9,-0.66,-0.000453,72987,301.5,-12.91,-0.011111,93765,316.4,-5.57,-0.007230
293.03,0.0054266,0.041562,93138,93562,93660,93476,310.0,293.0,0.000000,399.0,95600,998.6,104523,355.4,0.36,0.000320,108751,337.2,4.55,0.005223,94120,315.0,20.88,0.027317,113.0,0.000000,812.3,661683,1678.6,93580,351.5,0.76,0.000611,91801,321.7,9.80,0.009977,92926,311.1,28.14,0.036797,473.0,0.102351,330.2,76868,380.4,91059,322.8,121.73,0.103283,84047,313.2,133.05,0.127354,84289,311.3,122.72,0.145486,653.0,0.000000,140.1,407470,559.6,73762,326.5,-0.72,-0.000488,72599,301.1,-13.17,-0.011295,93586,316.2,-4.53,-0.005873
294.03,0.0054450,0.041562,93122,93320,93435,93308,309.5,294.0,0.000000,796.3,96577,1000.2,104862,355.7,0.53,0.000468,108689,337.1,5.14,0.005891,94008,314.7,18.70,0.024462,114.0,0.000000,280.9,654266,1674.2,94016,352.0,0.73,0.000589,91852,321.7,8.94,0.009105,92693,310.8,29.68,0.038757,474.0,0.099444,330.8,77912,380.7,92242,324.0,119.45,0.102291,84758,314.0,131.76,0.126839,84050,310.8,122.98,0.145636,654.0,0.000000,153.7,418515,563.4,73423,326.1,-0.77,-0.000519,72241,300.6,-13.47,-0.011508,93386,316.0,-3.61,-0.004666
295.09,0.0054646,0.041563,93052,93064,93187,93123,308.9,295.1,0.000000,769.9,97563,1001.7,105329,356.1,0.69,0.000616,108557,337.0,5.71,0.006536,93873,314.3,16.24,0.021235,115.1,0.000000,152.6,646632,1669.7,94455,352.4,0.69,0.000557,91888,321.8,7.94,0.008084,92439,310.4,31.14,0.040595,475.1,0.099282,349.2,79011,381.1,93617,325.4,116.29,0.100647,85585,315.0,130.33,0.126293,83796,310.2,123.19,0.145708,655.1,0.000000,100.0,430772,567.6,73044,325.6,-0.81,-0.000547,71908,300.3,-13.73,-0.011691,93158,315.8,-2.72,-0.003507
296.08,0.0054830,0.041569,92923,92825,92946,92943,308.4,296.1,-0.000000,268.1,98338,1002.7,105861,356.6,0.83,0.000742,108390,336.8,6.17,0.007064,93732,314.0,13.80,0.018033,116.1,0.000000,100.0,639670,1665.5,94839,352.8,0.64,0.000519,91911,321.8,6.92,0.007052,92196,310.1,32.33,0.042091,476.1,0.101135,331.8,80069,381.4,93752,325.3,116.84,0.101287,86380,316.0,128.90,0.125684,83559,309.7,123.32,0.145701,656.1,0.000000,315.9,442824,571.6,72674,325.1,-0.84,-0.000568,71652,300.0,-13.84,-0.011754,92933,315.6,-1.94,-0.002504
297.08,0.0055014,0.041581,92758,92585,92695,92757,307.9,297.1,-0.000000,1241.7,99942,1005.6,106468,357.1,0.95,0.000851,108202,336.7,6.57,0.007507,93573,313.7,11.27,0.014718,117.1,0.000000,223.1,632920,1661.4,95191,353.2,0.58,0.000474,91932,321.8,5.86,0.005975,91950,309.7,33.34,0.043346,477.1,0.098028,332.3,81065,381.7,95017,326.5,113.72,0.099542,87194,316.9,127.45,0.125066,83324,309.1,123.39,0.145615,657.1,0.000000,412.3,455400,575.8,72295,324.6,-0.87,-0.000584,71487,299.8,-13.80,-0.011702,92696,315.4,-1.23,-0.001581
298.07,0.0055198,0.041604,92438,92353,92440,92565,307.4,298.1,0.000000,100.0,101224,1007.7,107133,357.7,1.04,0.000933,108009,336.5,6.90,0.007872,93390,313.4,8.70,0.011354,118.1,0.000000,100.0,626374,1657.4,95500,353.5,0.51,0.000418,91959,321.8,4.79,0.004880,91701,309.2,34.17,0.044365,478.1,0.099963,332.8,82089,382.0,95144,326.4,114.19,0.100108,88017,317.9,126.02,0.124449,83093,308.6,123.39,0.145452,658.1,0.000000,100.0,468527,580.0,71909,324.1,-0.89,-0.000596,71419,299.7,-13.39,-0.011343,92449,315.1,-0.56,-0.000714
299.06,0.0055382,0.041642,92116,92133,92185,92371,307.0,299.1,-0.000000,100.0,102399,1009.5,107827,358.4,1.08,0.000977,107831,336.3,7.16,0.008161,93182,313.1,6.15,0.008007,119.1,0.000000,8082.3,620027,1653.4,95757,353.7,0.43,0.000348,91998,321.9,3.72,0.003790,91451,308.8,34.85,0.045188,479.1,0.096821,333.1,83052,382.3,96399,327.6,111.09,0.098329,88830,318.8,124.58,0.123789,82871,308.2,123.33,0.145210,659.1,0.000000,272.3,482232,584.2,71517,323.6,-0.91,-0.000607,71383,299.7,-12.74,-0.010790,92196,314.9,0.11,0.000135
300.06,0.0055566,0.041693,91849,91924,91933,92176,306.6,300.1,-0.000000,100.0,103499,1011.1,108518,359.0,1.07,0.000975,107684,336.2,7.35,0.008371,92953,312.9,3.64,0.004739,120.1,0.000000,94471.0,613873,1649.6,95950,353.9,0.32,0.000261,92054,321.9,2.67,0.002723,91209,308.4,35.42,0.045876,480.1,0.098747,333.6,84043,382.6,96525,327.5,111.55,0.098891,89624,319.8,123.10,0.123057,82661,307.7,123.19,0.144895,660.1,0.000000,10128.5,496544,588.6,71118,323.1,-0.93,-0.000618,71418,299.7,-11.92,-0.010101,91948,314.6,0.77,0.000990
301.05,0.0055750,0.041755,91595,91725,91718,91982,306.2,301.1,-0.000000,1152.1,104588,1012.6,109174,359.6,1.01,0.000927,107589,336.1,7.45,0.008479,92502,312.4,0.88,0.001137,121.1,0.000000,319.2,607906,1645.8,96066,354.0,0.20,0.000160,92131,322.0,1.66,0.001691,90984,308.0,35.90,0.046443,481.1,0.095625,333.8,84977,382.9,97744,328.6,108.63,0.097195,90397,320.7,121.59,0.122252,82468,307.3,123.03,0.144548,661.1,0.000000,210.0,511492,593.1,70711,322.6,-0.96,-0.000633,71516,299.8,-10.85,-0.009205,91705,314.4,1.47,0.001881
302.05,0.0055934,0.041828,91383,91537,91487,91790,305.9,302.0,-0.000000,691.3,105700,1014.2,109764,360.1,0.91,0.000838,107545,336.0,7.50,0.008536,92007,311.9,-1.70,-0.002195,122.0,0.000000,100.0,602106,1642.1,96097,354.1,0.06,0.000047,92231,322.1,0.70,0.000713,90770,307.6,36.27,0.046864,482.0,0.097576,334.5,85940,383.2,97890,328.5,109.09,0.097768,91146,321.5,120.03,0.121363,82287,307.0,122.82,0.144146,662.0,0.000000,291.9,527111,597.6,70289,322.0,-1.00,-0.000656,71665,300.0,-9.52,-0.008085,91463,314.1,2.20,0.002807
303.04,0.0056118,0.041908,91201,91361,91279,91600,305.6,303.0,0.000000,100.0,106819,1015.7,110265,360.5,0.78,0.000716,107566,336.0,7.51,0.008544,91715,311.7,-3.83,-0.004932,123.0,0.000000,393.8,596289,1637.9,96053,354.0,-0.07,-0.000053,92360,322.2,-0.18,-0.000186,90587,307.3,36.47,0.047072,483.0,0.094531,334.6,86849,383.5,99129,329.6,106.28,0.096135,91873,322.4,118.45,0.120400,82117,306.7,122.59,0.143716,663.0,0.000000,273.2,543435,602.3,69848,321.5,-1.05,-0.000686,71860,300.2,-7.99,-0.006803,91226,313.8,2.98,0.003789
304.03,0.0056302,0.041997,90966,91193,91094,91410,305.3,304.0,0.000000,100.0,107888,1017.1,110665,360.9,0.62,0.000575,107641,336.1,7.48,0.008520,91517,311.5,-5.82,-0.007483,124.0,0.000000,144.9,590639,1633.8,95926,353.9,-0.20,-0.000164,92521,322.4,-0.96,-0.000983,90434,307.0,36.50,0.047073,484.0,0.096546,335.3,87790,383.8,99299,329.6,106.80,0.096781,92585,323.2,116.85,0.119391,81966,306.4,122.34,0.143287,664.0,0.000000,150.5,560500,607.0,69390,320.9,-1.09,-0.000711,72086,300.5,-6.30,-0.005374,91003,313.5,3.83,0.004863
305.08,0.0056497,0.042102,90730,91019,90923,91209,305.0,305.1,0.000000,502.9,108907,1018.3,110973,361.2,0.45,0.000416,107787,336.2,7.38,0.008409,91352,311.4,-7.91,-0.010167,125.1,0.000000,100.0,584818,1629.5,95705,353.7,-0.34,-0.000274,92732,322.6,-1.65,-0.001690,90300,306.8,36.28,0.046760,485.1,0.093743,335.5,88739,384.1,100584,330.7,104.09,0.095222,93328,324.0,115.14,0.118281,81826,306.2,122.07,0.142844,665.1,0.000000,927.5,579486,612.2,68906,320.2,-1.10,-0.000713,72345,300.8,-4.36,-0.003727,90786,313.2,4.81,0.006110
306.08,0.0056681,0.042210,90549,90893,90786,91023,304.8,306.1,-0.000000,1587.4,109679,1018.9,111156,361.3,0.29,0.000271,107998,336.4,7.14,0.008152,91215,311.3,-9.89,-0.012685,126.1,0.000000,443.9,579504,1625.5,95430,353.4,-0.44,-0.000361,92968,322.8,-2.15,-0.002207,90196,306.5,35.83,0.046164,486.1,0.095652,336.2,89663,384.4,100767,330.7,104.65,0.095899,94014,324.8,113.52,0.117198,81715,306.0,121.82,0.142447,666.1,0.000000,862.9,598201,617.1,68462,319.6,-1.08,-0.000698,72606,301.1,-2.43,-0.002086,90602,313.0,5.82,0.007379
307.07,0.0056864,0.042324,90392,90731,90675,90839,304.6,307.1,-0.000000,100.0,110249,1019.2,111247,361.4,0.15,0.000141,108287,336.6,6.79,0.007770,91101,311.2,-11.85,-0.015185,127.1,0.000000,100.0,574341,1621.7,95105,353.0,-0.53,-0.000430,93239,323.1,-2.50,-0.002571,90132,306.4,35.19,0.045333,487.1,0.092762,336.4,90540,384.6,102054,331.9,101.94,0.094289,94690,325.5,111.89,0.116083,81624,305.8,121.57,0.142077,667.1,0.000000,344.1,617780,622.2,68052,319.1,-1.01,-0.000649,72881,301.5,-0.42,-0.000360,90441,312.7,6.90,0.008735
308.06,0.0057048,0.042443,90240,90577,90589,90656,304.5,308.1,0.000000,100.0,110637,1019.0,111264,361.4,0.04,0.000035,108634,336.9,6.35,0.007275,91017,311.2,-13.84,-0.017720,128.1,0.000000,302.2,569322,1617.9,94744,352.6,-0.59,-0.000480,93543,323.4,-2.69,-0.002778,90111,306.3,34.32,0.044211,488.1,0.094822,337.0,91452,384.9,102209,331.9,102.54,0.094990,95355,326.3,110.26,0.114936,81549,305.7,121.32,0.141722,668.1,0.000000,172.4,638269,627.3,67711,318.6,-0.86,-0.000548,73176,301.8,1.68,0.001450,90305,312.4,8.03,0.010167
309.05,0.0057231,0.042569,90068,90433,90524,90474,304.4,309.0,-0.000000,100.0,110866,1018.4,111224,361.4,-0.05,-0.000047,109014,337.2,5.81,0.006677,90956,311.2,-15.89,-0.020341,129.0,0.000000,414.6,564438,1614.1,94361,352.2,-0.63,-0.000511,93879,323.7,-2.73,-0.002821,90156,306.2,33.08,0.042634,489.0,0.091898,337.3,92317,385.2,103457,333.0,99.88,0.093333,96007,327.0,108.62,0.113756,81496,305.6,121.09,0.141414,669.0,0.000000,345.4,659713,632.6,67477,318.3,-0.61,-0.000389,73495,302.2,3.88,0.003352,90193,312.1,9.21,0.011655
310.04,0.0057414,0.042701,89874,90296,90475,90294,304.3,310.0,0.000000,100.0,110956,1017.5,111149,361.3,-0.11,-0.000098,109411,337.6,5.20,0.005990,90917,311.2,-18.04,-0.023080,130.0,0.000000,648.6,559681,1610.4,93968,351.8,-0.65,-0.000526,94228,324.1,-2.62,-0.002722,90260,306.3,31.37,0.040474,490.0,0.093867,337.8,93216,385.5,103572,333.0,100.41,0.093948,96648,327.6,106.97,0.112548,81469,305.5,120.90,0.141168,670.0,0.000000,8125.9,682161,637.9,67377,318.2,-0.29,-0.000183,73841,302.6,6.17,0.005350,90102,311.9,10.41,0.013171
311.03,0.0057598,0.042842,89677,90161,90436,90116,304.2,311.0,0.000000,367.2,110916,1016.4,111062,361.2,-0.13,-0.000119,109807,337.9,4.53,0.005231,90894,311.3,-20.30,-0.025951,131.0,0.000000,189.5,555043,1606.8,93580,351.4,-0.65,-0.000522,94589,324.4,-2.36,-0.002456,90399,306.4,29.20,0.037730,491.0,0.090811,338.2,94068,385.8,104741,334.0,97.79,0.092234,97277,328.3,105.33,0.111315,81462,305.5,120.70,0.140927,671.0,0.000000,170.4,705663,643.4,67409,318.2,0.03,0.000019,74213,303.0,8.54,0.007436,90030,311.6,11.61,0.014688
312.08,0.0057792,0.042998,89476,90026,90396,89929,304.1,312.1,-0.000000,100.0,110724,1014.8,110970,361.1,-0.13,-0.000120,110204,338.3,3.77,0.004365,90872,311.4,-22.80,-0.029129,132.1,0.000000,265.9,550237,1603.0,93185,351.0,-0.63,-0.000501,94986,324.8,-1.88,-0.001962,90541,306.5,26.54,0.034326,492.1,0.092639,338.6,95007,386.1,104829,334.0,98.14,0.092657,97931,329.0,103.58,0.109983,81465,305.5,120.46,0.140637,672.1,0.000000,100.0,731850,649.3,67579,318.4,0.37,0.000237,74626,303.5,11.13,0.009729,89965,311.3,12.85,0.016261
313.07,0.0057975,0.043153,89269,89910,90358,89757,304.1,313.1,-0.000000,100.0,110384,1013.0,110900,361.1,-0.11,-0.000099,110534,338.6,3.04,0.003524,90845,311.5,-25.20,-0.032187,133.1,0.000000,100.0,545821,1599.5,92841,350.6,-0.58,-0.000465,95368,325.2,-1.23,-0.001287,90641,306.5,23.86,0.030893,493.1,0.089361,339.0,95840,386.4,105935,335.0,95.59,0.090936,98531,329.6,101.95,0.108712,81475,305.6,120.20,0.140320,673.1,0.000000,165.0,757698,655.0,67878,318.8,0.70,0.000450,75020,304.0,13.60,0.011931,89912,311.1,13.97,0.017676
314.05,0.0058158,0.043316,89029,89799,90315,89589,304.0,314.1,-0.000000,137.1,109916,1010.9,110860,361.0,-0.06,-0.000059,110801,338.8,2.31,0.002687,90803,311.5,-27.61,-0.035233,134.1,0.000000,308.3,541499,1596.0,92539,350.3,-0.52,-0.000412,95752,325.6,-0.39,-0.000410,90681,306.6,21.24,0.027510,494.1,0.091131,339.4,96706,386.7,106005,334.9,95.72,0.091129,99115,330.1,100.32,0.107422,81488,305.7,119.89,0.139952,674.1,0.000000,242.8,784769,660.7,68311,319.4,1.03,0.000664,75405,304.4,16.06,0.014144,89860,310.8,15.02,0.019010
315.04,0.0058341,0.043490,88729,89695,90256,89424,303.9,315.0,-0.000000,100.0,109422,1008.7,110857,361.0,-0.01,-0.000008,110988,338.9,1.63,0.001894,90738,311.6,-29.96,-0.038200,135.0,0.000000,676.8,537266,1592.6,92289,350.0,-0.43,-0.000342,96129,325.9,0.63,0.000657,90664,306.5,18.81,0.024365,495.0,0.087746,339.7,97520,386.9,107019,335.8,93.36,0.089494,99678,330.7,98.70,0.106110,81501,305.8,119.54,0.139518,675.0,0.000000,276.4,813123,666.6,68877,320.1,1.36,0.000878,75768,304.8,18.49,0.016338,89805,310.5,15.99,0.020249
316.03,0.0058524,0.043674,88443,89614,90175,89266,303.9,316.0,0.000000,532.6,109317,1007.3,110889,361.1,0.04,0.000041,111089,339.0,1.00,0.001171,90628,311.6,-32.23,-0.041035,136.0,0.000000,100.0,533117,1589.2,92104,349.8,-0.32,-0.000255,96493,326.3,1.80,0.001902,90605,306.5,16.59,0.021474,496.0,0.089451,340.1,98366,387.2,107096,335.8,93.26,0.089467,100219,331.2,97.08,0.104777,81506,305.8,119.12,0.138992,676.0,0.000000,100.0,842821,672.6,69571,321.0,1.66,0.001081,76103,305.2,20.86,0.018492,89739,310.3,16.87,0.021371
317.08,0.0058718,0.043882,88157,89541,90069,89106,303.7,317.1,0.000000,100.0,110815,1009.3,110967,361.1,0.11,0.000100,111108,339.0,0.41,0.000473,90480,311.6,-34.46,-0.043802,137.1,0.000000,1460.5,528791,1585.6,91994,349.7,-0.18,-0.000143,96865,326.6,3.21,0.003390,90494,306.4,14.44,0.018673,497.1,0.086091,340.5,99213,387.5,108056,336.6,91.07,0.087933,100767,331.7,95.37,0.103334,81503,305.9,118.59,0.138334,677.1,0.000000,306.1,875917,679.1,70426,322.0,1.92,0.001267,76427,305.6,23.29,0.020716,89653,309.9,17.72,0.022437
318.06,0.0058900,0.044088,87905,89480,89954,88964,303.6,318.1,0.000000,100.0,115641,1018.1,111078,361.2,0.16,0.000152,111050,339.0,-0.13,-0.000146,90332,311.7,-36.39,-0.046181,138.1,0.000000,364.4,524791,1582.3,91982,349.7,-0.03,-0.000025,97197,327.0,4.63,0.004912,90355,306.2,12.65,0.016345,498.1,0.087531,340.7,100038,387.8,108174,336.7,90.70,0.087659,101258,332.2,93.76,0.101946,81499,306.0,118.01,0.137616,678.1,0.000000,390.0,908586,685.3,71323,323.1,2.12,0.001410,76706,305.9,25.48,0.022723,89556,309.6,18.43,0.023335
319.05,0.0059083,0.044302,87651,89426,89814,88831,303.5,319.0,-0.000000,100.0,122214,1030.2,111217,361.3,0.21,0.000192,110923,338.9,-0.64,-0.000748,90173,311.6,-38.19,-0.048383,139.0,0.000000,323.2,520853,1579.0,92053,349.7,0.12,0.000092,97511,327.3,6.13,0.006515,90196,306.1,11.09,0.014307,499.0,0.084086,341.2,100813,388.1,109017,337.4,88.69,0.086202,101726,332.6,92.14,0.100523,81493,306.1,117.32,0.136779,679.0,0.000000,727.2,942798,691.6,72294,324.3,2.28,0.001529,76969,306.2,27.55,0.024622,89439,309.3,19.07,0.024137
320.03,0.0059265,0.044525,87403,89360,89665,88709,303.3,320.0,-0.000000,265.0,129068,1042.3,111372,361.5,0.23,0.000214,110731,338.7,-1.16,-0.001353,89998,311.6,-39.88,-0.050425,140.0,0.000000,438.0,516970,1575.7,92221,349.9,0.28,0.000222,97801,327.5,7.66,0.008161,90026,305.9,9.69,0.012489,500.0,0.083126,341.4,101580,388.3,109977,338.3,86.21,0.084310,102170,332.9,90.51,0.099060,81485,306.1,116.53,0.135817,680.0,0.000000,181.7,978621,698.0,73331,325.6,2.41,0.001635,77229,306.5,29.45,0.026386,89300,309.0,19.64,0.024853
321.07,0.0059458,0.044771,87154,89275,89520,88591,303.2,321.1,0.000000,3052.7,136398,1054.5,111534,361.6,0.23,0.000214,110462,338.5,-1.73,-0.002010,89809,311.6,-41.49,-0.052357,141.1,0.000000,605.9,512897,1572.3,92500,350.2,0.45,0.000355,98076,327.8,9.28,0.009902,89851,305.8,8.38,0.010780,501.1,0.084458,341.8,102423,388.6,109955,338.1,86.17,0.084287,102618,333.3,88.75,0.097455,81487,306.2,115.62,0.134731,681.1,0.000000,100.0,1018524,705.0,74506,327.0,2.54,0.001744,77515,306.8,31.27,0.028089,89144,308.7,20.25,0.025603
322.06,0.0059640,0.045010,86927,89188,89388,88493,303.0,322.1,-0.000000,255.0,142957,1064.7,111667,361.7,0.20,0.000189,110163,338.2,-2.29,-0.002655,89638,311.6,-42.82,-0.053932,142.1,0.000000,100.0,509104,1569.0,92854,350.6,0.60,0.000476,98300,328.0,10.74,0.011484,89701,305.6,7.27,0.009338,502.1,0.080937,342.1,103168,388.9,110827,338.9,84.01,0.082630,103020,333.7,87.08,0.095897,81501,306.2,114.70,0.133668,682.1,0.000000,427.1,1057888,711.6,75682,328.4,2.66,0.001844,77806,307.1,32.76,0.029510,88996,308.3,20.84,0.026341
323.04,0.0059822,0.045254,86868,89097,89261,88408,302.9,323.0,0.000008,374.5,149205,1073.9,111763,361.8,0.16,0.000147,109834,337.9,-2.89,-0.003341,89473,311.6,-43.97,-0.055282,143.0,0.000000,636.5,505340,1565.8,93297,351.0,0.75,0.000600,98489,328.1,12.12,0.012976,89564,305.5,6.23,0.008000,503.0,0.082270,342.4,103941,389.2,110872,338.9,83.60,0.082274,103404,334.0,85.39,0.094298,81525,306.3,113.73,0.132556,683.0,0.000000,339.6,1099077,718.3,76919,329.8,2.76,0.001937,78123,307.4,34.00,0.030717,88851,308.0,21.47,0.027118
324.08,0.0060015,0.045512,86770,88987,89138,88331,302.8,324.1,0.000034,374.6,154569,1081.0,111813,361.9,0.11,0.000100,109464,337.6,-3.58,-0.004130,89309,311.6,-44.99,-0.056462,144.1,0.000000,100.0,501366,1562.4,93870,351.6,0.91,0.000734,98655,328.3,13.47,0.014441,89437,305.4,5.19,0.006655,504.1,0.078921,342.8,104714,389.5,111612,339.5,81.61,0.080693,103799,334.3,83.57,0.092562,81568,306.3,112.63,0.131331,684.1,0.000000,210.7,1144922,725.5,78285,331.4,2.83,0.002010,78494,307.9,35.01,0.031744,88702,307.8,22.19,0.028003
325.06,0.0060196,0.045758,86608,88878,89015,88270,302.7,325.1,0.000016,982.8,159041,1086.5,111824,361.9,0.03,0.000030,109103,337.3,-4.29,-0.004940,89158,311.6,-45.78,-0.057350,145.1,0.000000,100.0,497643,1559.1,94504,352.2,1.07,0.000860,98780,328.4,14.61,0.015676,89328,305.3,4.22,0.005407,505.1,0.077568,343.0,105430,389.7,112418,340.2,79.43,0.078943,104160,334.5,81.86,0.090902,81621,306.3,111.52,0.130098,685.1,0.000000,100.0,1190098,732.4,79596,332.9,2.84,0.002044,78883,308.3,35.68,0.032464,88566,307.5,22.89,0.028869
326.04,0.0060378,0.046006,86537,88771,88893,88224,302.5,326.0,-0.000024,979.8,162778,1090.7,111816,361.9,-0.08,-0.000077,108736,337.0,-5.08,-0.005823,89006,311.6,-46.40,-0.058032,146.0,0.000000,100.0,493933,1555.9,95225,353.0,1.21,0.000979,98876,328.4,15.60,0.016749,89225,305.2,3.23,0.004134,506.0,0.078689,343.3,106170,390.0,112393,340.2,79.05,0.078563,104515,334.8,80.13,0.089225,81683,306.4,110.31,0.128775,686.0,0.000000,100.0,1237310,739.4,80907,334.3,2.80,0.002039,79323,308.8,36.01,0.032895,88429,307.2,23.60,0.029744
327.08,0.0060570,0.046268,86543,88656,88773,88189,302.4,327.1,-0.000076,977.2,166071,1094.0,111784,362.0,-0.27,-0.000252,108342,336.6,-5.99,-0.006852,88849,311.6,-46.86,-0.058507,147.1,0.000000,133.4,489997,1552.5,96078,353.8,1.34,0.001094,98959,328.5,16.49,0.017720,89123,305.1,2.15,0.002749,507.1,0.075297,343.6,106911,390.3,113074,340.8,77.04,0.076887,104889,335.1,78.31,0.087433,81756,306.4,108.97,0.127317,687.1,0.000000,100.0,1289773,747.0,82270,335.9,2.70,0.001991,79837,309.3,36.10,0.033126,88289,307.0,24.37,0.030693
328.06,0.0060752,0.046510,86613,88552,88667,88169,302.3,328.1,-0.000153,974.8,168643,1096.1,111724,362.2,-0.53,-0.000490,107972,336.3,-6.93,-0.007910,88710,311.6,-47.09,-0.058697,148.1,0.000000,100.0,486293,1549.2,96951,354.7,1.44,0.001186,99031,328.5,17.16,0.018447,89036,305.0,1.11,0.001415,508.1,0.073820,343.9,107594,390.5,113807,341.4,74.88,0.075073,105239,335.3,76.60,0.085747,81830,306.4,107.68,0.125927,688.1,0.000000,184.8,1341379,754.1,83503,337.2,2.57,0.001913,80348,309.9,35.83,0.033032,88166,306.8,25.11,0.031604
329.04,0.0060933,0.046744,86741,88451,88573,88161,302.2,329.0,-0.000255,972.5,170103,1096.6,111629,362.5,-0.87,-0.000806,107603,336.0,-7.96,-0.009058,88585,311.6,-47.08,-0.058605,149.0,0.000000,500.0,482585,1546.0,97879,355.6,1.52,0.001259,99091,328.6,17.62,0.018953,88837,304.9,-0.18,-0.000224,509.0,0.072605,356.4,108269,390.8,114520,342.1,72.49,0.073003,105589,335.5,74.90,0.084073,81911,306.4,106.40,0.124549,689.0,0.000000,507.5,1395202,761.4,84675,338.5,2.41,0.001815,80890,310.4,35.23,0.032644,88055,306.6,25.87,0.032527
330.08,0.0061125,0.046982,86939,88340,88459,88163,302.1,330.1,-0.000391,970.1,170891,1095.9,111491,362.9,-1.32,-0.001223,107211,335.7,-9.13,-0.010370,88451,311.6,-46.92,-0.058320,150.1,0.000000,769.5,478635,1542.5,98906,356.6,1.57,0.001312,99143,328.6,17.88,0.019244,88692,304.7,-1.42,-0.001814,510.1,0.073214,344.4,109005,391.0,114327,341.9,72.33,0.072762,105964,335.8,73.13,0.082316,81988,306.4,105.03,0.123073,690.1,0.000000,263.3,1454867,769.1,85848,339.7,2.24,0.001700,81494,311.1,34.29,0.031938,87937,306.4,26.62,0.033452
331.05,0.0061306,0.047193,87181,88233,88351,88173,302.0,331.1,-0.000557,968.1,171670,1095.3,111325,363.6,-1.83,-0.001689,106835,335.3,-10.30,-0.011672,88319,311.5,-46.67,-0.057926,151.1,0.000000,2160.2,474901,1539.2,99890,357.5,1.59,0.001332,99189,328.6,17.93,0.019298,88597,304.6,-2.61,-0.003323,511.1,0.069627,344.7,109654,391.3,114917,342.4,70.28,0.070950,106320,336.0,71.50,0.080687,82043,306.3,103.80,0.121728,691.1,0.000000,115.2,1513396,776.5,86883,340.8,2.07,0.001592,82077,311.7,33.10,0.030991,87826,306.2,27.28,0.034251
332.03,0.0061487,0.047389,87460,88131,88243,88186,301.9,332.0,-0.000747,966.0,171095,1092.6,111129,364.5,-2.42,-0.002223,106441,335.0,-11.52,-0.013019,88183,311.5,-46.30,-0.057392,152.0,0.000000,752.0,471147,1535.8,100866,358.5,1.56,0.001321,99241,328.6,17.80,0.019174,88509,304.5,-3.87,-0.004928,512.0,0.068128,345.0,110290,391.5,115507,342.9,68.14,0.069038,106682,336.2,69.89,0.079086,82086,306.2,102.64,0.120458,692.0,0.000000,322.0,1574249,783.9,87852,341.8,1.92,0.001486,82680,312.3,31.68,0.029820,87717,306.1,27.87,0.034973
333.07,0.0061679,0.047581,87781,88038,88135,88201,301.8,333.1,-0.000972,963.9,170422,1089.7,110892,365.8,-3.13,-0.002858,105994,334.6,-12.86,-0.014479,88047,311.4,-45.82,-0.056721,153.1,0.000000,870.5,467130,1532.3,101869,359.4,1.49,0.001274,99313,328.7,17.48,0.018835,88408,304.4,-5.28,-0.006709,513.1,0.066578,345.3,110952,391.8,116027,343.4,66.04,0.067114,107074,336.5,68.21,0.077414,82114,306.1,101.52,0.119228,693.1,0.000000,100.0,1641463,791.8,88812,342.8,1.77,0.001378,83346,313.0,29.97,0.028369,87604,305.9,28.44,0.035662
334.05,0.0061860,0.047745,88068,87957,88033,88212,301.7,334.0,-0.001228,961.7,170877,1088.4,110646,367.4,-3.88,-0.003518,105539,334.2,-14.14,-0.015873,87928,311.4,-45.31,-0.056017,154.0,0.000000,5259.0,463319,1528.9,102757,360.3,1.40,0.001198,99422,328.8,17.02,0.018353,88309,304.3,-6.62,-0.008413,514.0,0.064710,345.5,111559,392.0,116536,343.9,63.93,0.065166,107451,336.7,66.66,0.075870,82122,306.0,100.59,0.118196,694.0,0.000000,260.8,1707118,799.3,89652,343.6,1.63,0.001279,83993,313.7,28.17,0.026819,87502,305.8,28.91,0.036230
335.08,0.0062052,0.047903,88327,87869,87928,88216,301.6,335.1,-0.001523,958.7,172379,1088.5,110371,369.5,-4.78,-0.004295,105016,333.8,-15.53,-0.017377,87812,311.3,-44.71,-0.055220,155.1,0.000000,553.2,459231,1525.2,103620,361.1,1.27,0.001093,99577,328.9,16.35,0.017652,88206,304.2,-8.07,-0.010247,515.1,0.063021,345.8,112189,392.2,116985,344.3,61.88,0.063249,107863,337.0,65.06,0.074265,82111,305.9,99.75,0.117236,695.1,0.000000,295.9,1779380,807.2,90477,344.5,1.49,0.001176,84704,314.4,26.11,0.025008,87397,305.6,29.34,0.036741
336.06,0.0062233,0.048040,88505,87791,87824,88209,301.5,336.1,-0.001855,956.3,172627,1086.9,110105,372.0,-5.72,-0.005092,104489,333.3,-16.89,-0.018825,87721,311.3,-44.20,-0.054536,156.1,0.000000,219.1,455343,1521.7,104345,361.8,1.13,0.000977,99751,329.0,15.54,0.016803,88111,304.2,-9.47,-0.012016,516.1,0.061107,346.0,112764,392.5,117423,344.7,59.87,0.061348,108261,337.3,63.58,0.072792,82082,305.8,99.06,0.116440,696.1,0.000000,143.9,1849681,814.7,91188,345.2,1.36,0.001079,85397,315.2,24.07,0.023189,87298,305.5,29.68,0.037130
337.04,0.0062414,0.048170,88586,87719,87730,88190,301.4,337.0,-0.002210,953.9,172448,1084.6,109836,375.1,-6.75,-0.005945,103932,332.8,-18.29,-0.020307,87642,311.2,-43.78,-0.053984,157.0,0.000000,503.6,451411,1518.2,104979,362.4,0.98,0.000854,99954,329.2,14.59,0.015795,88016,304.1,-10.90,-0.013817,517.0,0.059345,346.3,113325,392.7,117846,345.0,57.88,0.059460,108669,337.5,62.13,0.071353,82043,305.6,98.46,0.115734,697.0,0.000000,304.1,1922493,823.1,91835,345.9,1.23,0.000979,86105,315.9,21.97,0.021296,87198,305.4,29.96,0.037457
338.08,0.0062606,0.048304,88539,87653,87644,88156,301.3,338.1,-0.002612,951.6,171599,1081.2,109551,379.1,-7.94,-0.006908,103317,332.3,-19.82,-0.021917,87568,311.2,-43.42,-0.053501,158.1,0.000000,457.8,447192,1514.4,105548,362.9,0.82,0.000718,100201,329.4,13.41,0.014550,87922,304.0,-12.41,-0.015718,518.1,0.057620,346.6,113907,392.9,118211,345.4,56.00,0.057648,109111,337.8,60.63,0.069855,82004,305.5,97.91,0.115077,698.1,0.000000,210.1,2004316,832.1,92447,346.5,1.08,0.000868,86866,316.7,19.75,0.019263,87098,305.3,30.23,0.037768
339.05,0.0062787,0.048433,88404,87597,87577,88112,301.2,339.1,-0.003048,949.6,170326,1077.3,109284,383.6,-9.16,-0.007858,102725,331.8,-21.30,-0.023450,87513,311.1,-43.16,-0.053155,159.1,0.000000,214.4,443190,1510.8,105983,363.3,0.67,0.000587,100456,329.6,12.14,0.013196,87846,303.9,-13.81,-0.017472,519.1,0.055735,346.8,114439,393.1,118575,345.7,54.17,0.055885,109533,338.1,59.25,0.068466,81979,305.4,97.44,0.114515,699.1,0.000000,100.0,2087579,842.2,92946,347.0,0.94,0.000755,87583,317.4,17.73,0.017392,87010,305.2,30.48,0.038051
340.03,0.0062968,0.048567,88211,87566,87521,88057,301.2,340.0,-0.003505,947.6,168859,1073.0,109022,388.9,-10.48,-0.008843,102129,331.2,-22.78,-0.024978,87479,311.1,-43.01,-0.052958,160.0,0.000000,528.6,439155,1507.1,106319,363.6,0.52,0.000454,100725,329.9,10.71,0.011660,87780,303.9,-15.16,-0.019181,520.0,0.054019,347.0,114957,393.3,118927,346.0,52.39,0.054162,109957,338.3,57.87,0.067081,81971,305.4,96.96,0.113970,700.0,0.000000,100.0,2179064,854.7,93364,347.4,0.79,0.000635,88294,318.1,15.83,0.015622,86930,305.1,30.74,0.038356
341.06,0.0063160,0.048719,87934,87517,87476,87990,301.1,341.1,-0.004013,945.5,167240,1068.3,108750,395.5,-11.99,-0.009919,101503,330.7,-24.35,-0.026570,87466,311.0,-43.02,-0.052977,161.1,0.000000,553.8,434833,1503.2,106569,363.8,0.36,0.000317,101020,330.1,9.02,0.009840,87721,303.8,-16.56,-0.020932,521.1,0.052370,347.3,115496,393.6,119252,346.3,50.66,0.052475,110407,338.6,56.40,0.065592,81986,305.3,96.41,0.113354,701.1,0.000000,100.0,2287781,871.3,93717,347.7,0.62,0.000503,89036,318.9,14.00,0.013897,86852,305.0,31.05,0.038706
342.04,0.0063341,0.048873,87641,87483,87448,87922,301.1,342.0,-0.004561,943.4,165983,1064.3,108504,402.8,-13.51,-0.010956,100931,330.2,-25.78,-0.028019,87460,311.0,-43.23,-0.053227,162.0,0.000000,1389.9,430729,1499.5,106710,363.9,0.22,0.000195,101288,330.4,7.27,0.007949,87673,303.8,-17.80,-0.022491,522.0,0.050587,347.5,115990,393.8,119593,346.6,48.99,0.050836,110829,338.9,54.99,0.064147,82027,305.3,95.82,0.112712,702.0,0.000000,100.0,2403377,890.8,93964,348.0,0.47,0.000381,89720,319.6,12.47,0.012447,86788,305.0,31.36,0.039075
343.07,0.0063532,0.049047,87390,87466,87436,87848,301.1,343.1,-0.005153,941.3,164464,1059.7,108253,411.9,-15.26,-0.012073,100348,329.7,-27.25,-0.029495,87479,311.0,-43.68,-0.053795,163.1,0.000000,192.1,426330,1495.4,106772,364.0,0.09,0.000082,101538,330.6,5.25,0.005755,87635,303.8,-19.01,-0.024017,523.1,0.049027,347.8,116504,394.0,119891,346.9,47.40,0.049273,111275,339.2,53.44,0.062537,82105,305.4,95.08,0.111926,703.1,0.000000,322.2,2542951,916.4,94143,348.1,0.32,0.000260,90430,320.3,11.06,0.011106,86733,304.9,31.74,0.039525
344.05,0.0063713,0.049219,87186,87467,87450,87778,301.1,344.0,-0.005786,939.3,162958,1055.1,108026,421.7,-17.02,-0.013127,99830,329.2,-28.59,-0.030825,87525,311.1,-44.37,-0.054665,164.0,0.000000,410.1,422150,1491.6,106761,364.0,-0.01,-0.000007,101722,330.7,3.22,0.003536,87613,303.8,-20.03,-0.025298,524.0,0.047335,348.1,116977,394.2,120215,347.2,45.84,0.047741,111692,339.4,51.91,0.060929,82223,305.5,94.22,0.111026,704.0,0.000000,579.4,2692440,945.6,94243,348.2,0.20,0.000161,91084,320.9,9.94,0.010033,86693,304.9,32.15,0.040017
345.08,0.0063904,0.049408,86990,87480,87505,87707,301.1,345.1,-0.006463,937.1,161270,1050.2,107790,433.7,-19.03,-0.014235,99317,328.8,-29.97,-0.032187,87603,311.1,-45.32,-0.055873,165.1,0.000000,1438.3,416452,1486.5,106693,363.9,-0.09,-0.000081,101850,330.9,0.97,0.001068,87620,303.8,-20.91,-0.026402,525.1,0.045868,348.3,117471,394.4,120512,347.5,44.35,0.046266,112134,339.7,50.21,0.059113,82423,305.7,93.06,0.109852,705.1,0.000000,424.1,2872876,982.6,94290,348.3,0.09,0.000074,91761,321.6,8.95,0.009082,86675,305.0,32.69,0.040679
346.06,0.0064084,0.049591,86847,87505,87539,87642,301.2,346.1,-0.007180,935.1,159323,1044.9,107569,446.6,-21.04,-0.015251,98869,328.4,-31.23,-0.033436,87683,311.2,-46.42,-0.057279,166.1,0.000000,178.2,410886,1481.6,106586,363.8,-0.16,-0.000138,101903,330.9,-1.18,-0.001296,87637,303.9,-21.59,-0.027268,526.1,0.044285,348.6,117927,394.6,120819,347.7,42.94,0.044869,112545,340.0,48.53,0.057307,82679,306.0,91.54,0.108310,706.1,0.000000,236.2,3064872,1023.5,94292,348.3,0.01,0.000011,92381,322.2,8.19,0.008347,86670,305.0,33.25,0.041373
347.03,0.0064264,0.049777,86695,87540,87597,87581,301.2,347.0,-0.007873,933.8,154873,1035.8,107320,461.2,-23.10,-0.016176,98456,328.0,-32.49,-0.034670,87756,311.2,-47.68,-0.058865,167.0,0.000000,100.0,405251,1476.5,106443,363.7,-0.21,-0.000186,101890,330.9,-3.32,-0.003642,87654,303.9,-22.13,-0.027942,527.0,0.042881,348.8,118376,394.8,121127,348.0,41.57,0.043524,112949,340.2,46.81,0.055424,83004,306.3,89.54,0.106244,707.0,0.000000,474.6,3279721,1070.3,94262,348.3,-0.05,-0.000037,92981,322.8,7.57,0.007748,86672,305.1,33.86,0.042121
348.06,0.0064455,0.049980,86528,87587,87684,87521,301.3,348.1,-0.008594,932.1,151217,1027.6,107020,478.6,-25.34,-0.017053,98053,327.7,-33.82,-0.035985,87832,311.2,-49.02,-0.060572,168.1,0.000000,171.0,399196,1471.0,106257,363.5,-0.26,-0.000231,101809,330.8,-5.52,-0.006059,87686,304.0,-22.45,-0.028355,528.1,0.041561,349.1,118849,395.0,121432,348.3,40.24,0.042195,113369,340.5,44.94,0.053364,83428,306.7,86.90,0.103501,708.1,0.000000,498.4,3533900,1126.7,94211,348.2,-0.08,-0.000066,93587,323.4,7.03,0.007238,86695,305.2,34.60,0.043031
349.03,0.0064635,0.050175,86403,87644,87780,87471,301.4,349.0,-0.009337,930.4,147874,1019.9,106710,496.7,-27.50,-0.017782,97703,327.4,-35.10,-0.037245,87904,311.3,-50.21,-0.062087,169.0,0.000000,612.1,393437,1465.8,106053,363.3,-0.31,-0.000270,101674,330.7,-7.49,-0.008211,87739,304.0,-22.53,-0.028463,529.0,0.040135,349.3,119287,395.2,121748,348.6,38.96,0.040934,113749,340.7,43.16,0.051392,83881,307.1,83.98,0.100442,709.0,0.000000,976.7,3797645,1186.0,94165,348.1,-0.08,-0.000068,94122,323.9,6.63,0.006854,86739,305.3,35.37,0.043999
350.06,0.0064826,0.050384,86303,87717,87893,87423,301.5,350.1,-0.010095,928.4,144248,1011.5,106352,518.0,-29.86,-0.018449,97363,327.1,-36.49,-0.038625,87970,311.3,-51.27,-0.063450,170.1,0.000000,426.3,387259,1460.1,105803,363.1,-0.36,-0.000312,101476,330.5,-9.43,-0.010330,87802,304.1,-22.39,-0.028308,530.1,0.037793,356.2,119732,395.5,122490,349.2,36.73,0.038754,114135,341.0,41.28,0.049281,84388,307.5,80.55,0.096788,710.1,0.000000,561.2,4103241,1255.3,94125,348.1,-0.07,-0.000054,94640,324.4,6.29,0.006524,86806,305.5,36.26,0.045121
351.03,0.0065006,0.050581,86274,87770,88001,87384,301.6,351.0,-0.010861,926.6,140605,1003.2,105990,539.9,-32.10,-0.018970,97069,326.8,-37.86,-0.039980,88031,311.2,-52.06,-0.064472,171.0,0.000000,473.4,381389,1454.7,105534,362.8,-0.41,-0.000356,101247,330.3,-11.10,-0.012137,87877,304.2,-22.05,-0.027882,531.0,0.037565,349.8,120163,395.7,122747,349.4,35.64,0.037659,114479,341.2,39.52,0.047293,84870,307.8,77.12,0.093100,711.0,0.000000,100.0,4413297,1326.1,94112,348.1,-0.03,-0.000022,95064,324.8,6.04,0.006290,86883,305.7,37.14,0.046230
352.06,0.0065196,0.050789,86149,87829,88116,87348,301.7,352.1,-0.011629,924.6,136869,994.4,105585,564.8,-34.50,-0.019411,96785,326.6,-39.38,-0.041499,88096,311.2,-52.66,-0.065264,172.1,0.000000,357.8,375104,1448.8,105203,362.5,-0.47,-0.000414,100965,330.1,-12.69,-0.013846,87965,304.4,-21.49,-0.027199,532.1,0.036328,350.1,120618,395.9,122995,349.7,34.53,0.036537,114824,341.4,37.67,0.045188,85372,308.2,73.40,0.089037,712.1,0.000000,1178.8,4764075,1406.5,94124,348.1,0.02,0.000015,95444,325.2,5.84,0.006097,86970,305.8,38.10,0.047442
353.03,0.0065376,0.050988,86024,87883,88217,87320,301.8,353.0,-0.012383,922.9,132870,985.2,105185,589.7,-36.73,-0.019715,96545,326.4,-40.90,-0.043015,88154,311.2,-53.00,-0.065732,173.0,0.000000,200.6,369175,1443.2,104840,362.1,-0.55,-0.000483,100667,329.8,-14.02,-0.015260,88044,304.5,-20.82,-0.026360,533.0,0.034945,350.4,121041,396.1,123236,349.9,33.41,0.035398,115128,341.6,35.95,0.043218,85818,308.4,69.90,0.085154,713.0,0.000000,100.0,5111195,1486.6,94178,348.2,0.09,0.000075,95740,325.5,5.69,0.005949,87046,306.0,39.01,0.048589
354.06,0.0065566,0.051203,85897,87930,88311,87296,301.9,354.1,-0.013109,921.2,128599,975.3,104747,617.3,-39.02,-0.019929,96315,326.2,-42.60,-0.044719,88209,311.2,-53.14,-0.065956,174.1,0.000000,199.2,362870,1437.1,104383,361.7,-0.66,-0.000573,100323,329.5,-15.25,-0.016563,88126,304.6,-19.98,-0.025318,534.1,0.032680,356.4,121472,396.4,123840,350.4,31.39,0.033372,115431,341.8,34.15,0.041136,86255,308.7,66.22,0.081022,714.1,0.000000,11703.3,5493874,1575.5,94300,348.3,0.20,0.000165,95987,325.7,5.57,0.005833,87117,306.2,39.97,0.049788
355.09,0.0065757,0.051419,85793,87967,88385,87280,302.0,355.1,-0.013824,919.7,124007,964.8,104301,645.5,-41.22,-0.020048,96105,326.0,-44.37,-0.046505,88255,311.1,-53.08,-0.065929,175.1,0.000000,910.0,356564,1431.0,103841,361.1,-0.79,-0.000681,99962,329.2,-16.31,-0.017662,88195,304.7,-19.07,-0.024174,535.1,0.032215,350.9,121913,396.6,123982,350.5,30.34,0.032277,115712,341.9,32.37,0.039064,86648,308.8,62.60,0.076907,715.1,0.000000,139.1,5885837,1667.4,94496,348.5,0.33,0.000267,96168,325.9,5.48,0.005754,87177,306.4,40.89,0.050945
356.05,0.0065936,0.051623,85702,87995,88431,87273,302.1,356.1,-0.014466,918.5,119314,954.2,103872,672.1,-43.17,-0.020082,95919,325.9,-46.09,-0.048238,88288,311.1,-52.90,-0.065745,176.1,0.000000,306.0,350626,1425.2,103245,360.5,-0.92,-0.000792,99616,328.9,-17.15,-0.018524,88242,304.7,-18.18,-0.023049,536.1,0.030696,351.1,122321,396.8,124135,350.7,29.20,0.031094,115955,342.1,30.71,0.037124,86974,309.0,59.26,0.073046,716.1,0.000000,250.9,6258159,1755.7,94745,348.7,0.44,0.000360,96286,326.0,5.43,0.005700,87215,306.5,41.71,0.051974
357.08,0.0066126,0.051841,85609,88020,88453,87274,302.1,357.1,-0.015038,917.6,113907,942.0,103397,699.8,-45.07,-0.020043,95726,325.7,-47.96,-0.050110,88312,311.0,-52.66,-0.065469,177.1,0.000000,100.0,344315,1418.9,102521,359.8,-1.06,-0.000910,99244,328.6,-17.90,-0.019287,88276,304.8,-17.22,-0.021841,537.1,0.028387,351.4,122736,397.1,124551,351.0,27.38,0.029216,116190,342.2,28.97,0.035074,87271,309.1,55.77,0.068951,717.1,0.000000,2476.6,6651637,1850.6,95071,349.0,0.55,0.000450,96364,326.0,5.41,0.005681,87229,306.6,42.54,0.052990
358.05,0.0066305,0.052046,85519,88035,88448,87284,302.1,358.0,-0.015524,917.1,108451,929.6,102924,724.8,-46.66,-0.019942,95545,325.6,-49.72,-0.051878,88322,310.9,-52.43,-0.065211,178.0,0.000000,100.0,338376,1413.0,101764,359.0,-1.19,-0.001011,98890,328.3,-18.51,-0.019890,88290,304.8,-16.36,-0.020742,538.0,0.026785,351.5,123119,397.3,124950,351.4,25.58,0.027357,116390,342.4,27.35,0.033161,87501,309.1,52.53,0.065101,718.0,0.000000,100.0,7014511,1940.0,95426,349.4,0.63,0.000521,96405,326.1,5.43,0.005705,87212,306.7,43.27,0.053880
359.07,0.0066495,0.052265,85450,88051,88413,87307,302.0,359.1,-0.015911,916.8,102299,915.4,102383,749.7,-48.11,-0.019773,95352,325.4,-51.59,-0.053749,88311,310.8,-52.21,-0.064950,179.1,0.000000,254.4,332071,1406.5,100895,358.2,-1.30,-0.001099,98510,327.9,-19.07,-0.020434,88283,304.9,-15.51,-0.019666,539.1,0.025354,356.2,123520,397.6,125259,351.6,23.84,0.025548,116584,342.5,25.66,0.031151,87694,309.1,49.13,0.061015,719.1,0.000000,437.0,7386224,2034.2,95841,349.8,0.70,0.000577,96433,326.1,5.52,0.005807,87161,306.7,44.01,0.054765
360.04,0.0066673,0.052470,85431,88066,88360,87339,302.0,360.0,-0.011357,910.9,98421,905.8,98618,752.5,-38.72,-0.015274,95169,325.3,-53.34,-0.055489,88282,310.7,-52.04,-0.064734,180.0,0.000000,100.0,326143,1400.4,100035,357.3,-1.37,-0.001157,98148,327.6,-19.54,-0.020876,88256,304.8,-14.81,-0.018769,540.0,0.024423,351.9,123901,397.8,125254,351.7,22.81,0.024438,116755,342.6,24.09,0.029289,87832,309.2,45.97,0.057186,0.0,0.000000,277.0,7717761,2121.2,96251,350.2,0.73,0.000607,96457,326.1,5.65,0.005938,87084,306.7,44.69,0.055557
361.06,0.0066863,0.052683,85452,88075,88294,87387,301.9,361.1,-0.009020,746.4,95127,897.2,95174,752.8,-31.10,-0.011835,94972,325.1,-55.17,-0.057301,88239,310.6,-51.91,-0.064569,181.1,0.000000,351.2,319855,1393.9,99098,356.3,-1.42,-0.001192,97753,327.3,-19.99,-0.021294,88212,304.8,-14.16,-0.017936,541.1,0.022108,352.1,124287,398.0,125491,351.9,21.15,0.022686,116931,342.7,22.47,0.027346,87941,309.1,42.68,0.053166,1.1,0.000000,236.4,8045171,2211.2,96686,350.6,0.73,0.000607,96486,326.1,5.80,0.006103,86985,306.7,45.40,0.056372
362.09,0.0067053,0.052891,85514,88079,88225,87448,301.9,362.1,-0.007439,747.4,92255,889.5,92594,752.8,-25.93,-0.009599,94769,325.0,-56.94,-0.059047,88192,310.5,-51.85,-0.064488,182.1,0.000000,109.2,313580,1387.2,98159,355.4,-1.45,-0.001201,97342,326.9,-20.41,-0.021671,88160,304.8,-13.60,-0.017221,542.1,0.019823,352.3,124654,398.3,125907,352.2,19.06,0.020497,117109,342.8,20.88,0.025438,88021,309.1,39.48,0.049220,2.1,0.000000,1215.3,8341922,2297.8,97098,351.0,0.69,0.000578,96527,326.2,5.98,0.006289,86882,306.7,46.08,0.057151
363.05,0.0067231,0.053080,85605,88077,88160,87518,301.8,363.0,-0.005708,746.6,90024,883.1,90250,750.7,-21.11,-0.007639,94575,324.8,-58.56,-0.060627,88146,310.3,-51.87,-0.064504,183.0,0.000000,474.8,307690,1380.9,97286,354.4,-1.44,-0.001189,96938,326.6,-20.77,-0.021990,88111,304.8,-13.16,-0.016663,543.0,0.018738,352.4,125001,398.5,126056,352.3,17.59,0.018933,117282,342.9,19.40,0.023671,88078,309.1,36.53,0.045582,3.0,0.000000,100.0,8589158,2375.4,97449,351.3,0.63,0.000527,96580,326.2,6.14,0.006461,86789,306.7,46.67,0.057818
364.07,0.0067421,0.053272,85737,88063,88111,87604,301.7,364.1,-0.004330,744.6,87981,877.0,87901,747.5,-16.37,-0.005795,94409,324.6,-60.32,-0.062368,88101,310.2,-51.99,-0.064646,184.1,0.000000,100.0,301450,1374.1,96385,353.5,-1.41,-0.001160,96485,326.1,-21.12,-0.022285,88067,304.7,-12.79,-0.016178,544.1,0.017122,352.6,125362,398.7,126158,352.4,16.13,0.017367,117478,343.0,17.86,0.021819,88131,309.1,33.50,0.041823,4.1,0.000000,813.5,8814194,2453.2,97771,351.6,0.54,0.000455,96657,326.3,6.28,0.006614,86706,306.8,47.24,0.058456
365.04,0.0067599,0.053443,85902,88046,88084,87697,301.7,365.0,-0.003932,743.4,85939,870.9,86435,746.1,-14.64,-0.005103,94281,324.5,-61.99,-0.064036,88066,310.1,-52.13,-0.064818,185.0,0.000000,211.6,295599,1367.6,95571,352.6,-1.37,-0.001120,96032,325.7,-21.41,-0.022509,88044,304.7,-12.50,-0.015809,545.0,0.014883,352.7,125686,399.0,126413,352.6,14.38,0.015501,117674,343.2,16.43,0.020097,88190,309.1,30.75,0.038411,5.0,0.000000,114.2,8987973,2521.4,98021,351.9,0.45,0.000380,96753,326.4,6.37,0.006710,86651,306.9,47.72,0.059001
366.06,0.0067789,0.053612,86133,88031,88070,87806,301.7,366.1,-0.002745,883.6,84026,864.9,84778,743.4,-12.39,-0.004252,94026,324.3,-63.32,-0.065279,88039,310.1,-52.29,-0.065005,186.1,0.000000,1206.5,289406,1360.7,94749,351.8,-1.32,-0.001066,95515,325.3,-21.63,-0.022657,88048,304.8,-12.30,-0.015557,546.1,0.013325,352.9,126023,399.2,126583,352.8,12.70,0.013709,117897,343.3,14.93,0.018288,88264,309.1,27.92,0.034898,6.1,0.000000,197.7,9130268,2588.1,98231,352.1,0.36,0.000299,96874,326.5,6.40,0.006752,86619,307.0,48.16,0.059495
367.08,0.0067978,0.053765,86498,88025,88077,87925,301.7,367.1,-0.001803,738.8,82259,859.1,83139,739.9,-9.76,-0.003300,93428,323.7,-63.54,-0.065211,88026,310.0,-52.41,-0.065156,187.1,0.000000,278.4,283258,1353.7,93977,351.0,-1.25,-0.001004,94954,324.7,-21.76,-0.022691,88073,304.8,-12.28,-0.015532,547.1,0.011245,353.0,126346,399.5,126824,353.0,10.84,0.011714,118137,343.5,13.45,0.016501,88349,309.2,25.17,0.031489,7.1,0.000000,195.8,9227854,2648.3,98388,352.2,0.27,0.000226,97013,326.6,6.36,0.006718,86625,307.2,48.48,0.059862
368.05,0.0068157,0.053890,86792,88023,88097,88043,301.7,368.0,-0.001062,734.0,80671,853.8,81455,735.6,-5.12,-0.001707,92563,322.8,-62.93,-0.064158,88026,310.0,-52.46,-0.065234,188.0,0.000000,593.2,277533,1347.0,93300,350.2,-1.18,-0.000942,94390,324.2,-21.79,-0.022629,88107,304.9,-12.38,-0.015670,548.0,0.009536,353.2,126643,399.7,127008,353.1,9.16,0.009908,118378,343.7,12.08,0.014843,88440,309.3,22.65,0.028363,8.0,0.000000,204.0,9278705,2698.8,98498,352.3,0.20,0.000170,97170,326.8,6.20,0.006557,86663,307.4,48.67,0.060074
369.07,0.0068346,0.054008,87115,88027,88126,88173,301.8,369.1,0.000090,732.4,79239,848.6,79806,731.3,-1.57,-0.000516,91052,321.3,-60.32,-0.060786,88034,310.0,-52.45,-0.065223,189.1,0.000000,549.7,271517,1340.0,92630,349.5,-1.10,-0.000877,93762,323.6,-21.76,-0.022483,88166,304.9,-12.70,-0.016083,549.1,0.007682,353.3,126947,399.9,127176,353.3,7.40,0.008010,118650,343.9,10.65,0.013108,88545,309.4,20.03,0.025095,9.1,0.000000,349.9,9289906,2745.6,98584,352.4,0.15,0.000125,97363,326.9,5.90,0.006250,86722,307.7,48.73,0.060145
370.03,0.0068525,0.054101,87480,88045,88169,88297,301.8,370.0,0.000801,729.3,77931,843.5,78458,727.8,0.47,0.000154,89095,319.3,-56.08,-0.055638,88052,310.0,-52.35,-0.065116,190.0,0.000000,218.6,265918,1333.3,92044,348.9,-1.03,-0.000820,93142,323.0,-21.68,-0.022296,88240,305.0,-13.24,-0.016766,550.0,0.005751,353.4,127221,400.2,127341,353.4,5.71,0.006184,118918,344.1,9.33,0.011503,88648,309.5,17.60,0.022066,10.0,0.000000,2207.9,9261576,2783.2,98649,352.5,0.12,0.000100,97562,327.1,5.52,0.005849,86789,307.9,48.70,0.060100
371.06,0.0068714,0.054180,87877,88079,88245,88429,301.9,371.1,0.001385,725.9,76552,837.8,77099,724.1,2.20,0.000706,86849,317.0,-50.82,-0.049510,88072,310.0,-52.24,-0.064991,191.1,0.000000,409.0,260037,1326.1,91461,348.2,-0.97,-0.000768,92450,322.4,-21.53,-0.022023,88316,305.2,-14.13,-0.017904,551.1,0.003668,354.3,127499,400.4,127586,353.6,3.76,0.004078,119214,344.3,7.96,0.009831,88732,309.6,14.99,0.018812,11.1,0.000000,1186.2,9192484,2816.2,98712,352.5,0.11,0.000090,97779,327.3,5.02,0.005327,86859,308.2,48.47,0.059816
372.08,0.0068904,0.054240,88245,88132,88338,88556,302.0,372.1,0.001941,722.1,75185,831.9,75769,720.4,4.08,0.001293,84771,314.8,-45.72,-0.043781,88109,310.0,-52.05,-0.064779,192.1,0.000000,483.1,254229,1318.9,90908,347.6,-0.93,-0.000728,91732,321.7,-21.28,-0.021645,88411,305.3,-15.25,-0.019332,552.1,-0.000289,354.0,127727,400.6,128627,354.8,-0.01,-0.000007,119518,344.5,6.62,0.008188,88831,309.7,12.46,0.015650,12.1,0.000000,321.9,9086275,2842.2,98780,352.6,0.11,0.000096,97992,327.5,4.45,0.004738,86981,308.5,48.06,0.059339
373.05,0.0069082,0.054280,88539,88193,88431,88669,302.2,373.0,0.002519,718.2,73935,826.1,74548,716.7,6.10,0.001910,83074,312.9,-41.41,-0.039085,88175,310.1,-51.78,-0.064468,193.0,0.000000,13744.1,248829,1312.1,90407,347.1,-0.90,-0.000703,91042,321.0,-21.01,-0.021247,88527,305.4,-16.51,-0.020946,553.0,0.001148,354.2,127987,400.8,127965,354.2,0.07,0.000080,119810,344.8,5.37,0.006660,88940,309.8,10.16,0.012771,13.0,0.000000,545.6,8955691,2860.5,98856,352.7,0.13,0.000111,98183,327.7,3.90,0.004157,87160,308.7,47.38,0.058573
374.07,0.0069272,0.054310,88788,88272,88539,88780,302.4,374.1,0.003116,713.9,72666,819.9,73300,712.4,8.26,0.002559,81529,311.3,-37.34,-0.034775,88271,310.1,-51.41,-0.064065,194.1,0.000000,1162.7,243165,1304.9,89886,346.5,-0.88,-0.000688,90307,320.3,-20.70,-0.020818,88674,305.6,-18.10,-0.023000,554.1,-0.003130,354.7,128206,401.1,128225,354.7,-1.97,-0.002146,120119,345.0,4.06,0.005038,89058,309.9,7.78,0.009794,14.1,0.000000,1705.4,8788285,2873.7,98952,352.7,0.16,0.000132,98371,327.9,3.33,0.003550,87415,309.0,46.20,0.057217
375.04,0.0069451,0.054328,88950,88364,88662,88876,302.7,375.0,0.003685,709.7,71486,813.9,72172,708.2,10.19,0.003125,80257,309.8,-33.82,-0.031153,88380,310.2,-51.00,-0.063608,195.0,0.000000,414.2,237903,1298.0,89397,346.0,-0.88,-0.000685,89622,319.6,-20.43,-0.020426,88832,305.8,-19.84,-0.025236,555.0,-0.005141,355.2,128395,401.2,128500,355.2,-3.89,-0.004233,120403,345.2,2.81,0.003489,89176,310.0,5.62,0.007079,15.0,0.000000,109.5,8607537,2880.6,99056,352.8,0.18,0.000151,98529,328.0,2.83,0.003020,87722,309.4,44.55,0.055313
376.06,0.0069641,0.054340,89038,88488,88817,88968,303.0,376.1,0.004331,704.7,70191,807.0,70946,703.2,12.51,0.003798,79030,308.5,-30.23,-0.027540,88519,310.4,-50.48,-0.063039,196.1,0.000000,423.0,232387,1290.7,88875,345.4,-0.89,-0.000690,88908,318.9,-20.14,-0.020026,89013,306.0,-21.88,-0.027864,556.1,-0.007069,410.6,128580,401.4,129068,356.2,-6.55,-0.007138,120687,345.5,1.44,0.001790,89315,310.2,3.40,0.004289,16.1,0.000000,100.0,8395043,2882.7,99178,353.0,0.20,0.000167,98673,328.1,2.37,0.002530,88113,309.8,42.20,0.052557
377.09,0.0069831,0.054350,89041,88634,88997,89051,303.4,377.1,0.004970,699.3,68988,800.2,69769,697.9,14.88,0.004478,77887,307.2,-26.67,-0.024041,88684,310.5,-49.90,-0.062395,197.1,0.000000,326.0,226951,1283.3,88346,344.8,-0.91,-0.000699,88215,318.2,-19.87,-0.019644,89202,306.3,-24.02,-0.030633,557.1,-0.007405,355.3,128779,401.6,129066,356.7,-7.81,-0.008496,120939,345.7,0.01,0.000014,89471,310.3,1.26,0.001593,17.1,0.000000,165.0,8165738,2879.8,99305,353.1,0.21,0.000175,98794,328.3,1.99,0.002135,88556,310.2,39.24,0.049058
378.05,0.0070009,0.054361,88959,88784,89196,89123,303.8,378.1,0.005542,694.0,67934,793.9,68735,692.6,16.96,0.005065,76878,306.0,-23.33,-0.020837,88868,310.7,-49.29,-0.061721,198.1,0.000000,131.4,221909,1276.4,87842,344.2,-0.92,-0.000708,87590,317.6,-19.63,-0.019304,89388,306.5,-26.01,-0.033214,558.1,-0.009580,409.4,128947,401.8,129374,357.6,-9.57,-0.010417,121135,345.8,-1.40,-0.001747,89475,310.3,-1.00,-0.001267,18.1,0.000000,100.0,7938290,2873.1,99422,353.2,0.20,0.000172,98890,328.3,1.73,0.001856,89005,310.6,36.00,0.045182
379.08,0.0070199,0.054378,88803,88963,89406,89194,304.4,379.1,0.006065,688.2,66889,787.4,67711,686.7,18.98,0.005632,75883,304.9,-19.86,-0.017574,89082,310.9,-48.62,-0.060988,199.1,0.000000,327.0,216631,1269.0,87300,343.6,-0.94,-0.000718,86964,317.0,-19.38,-0.018967,89581,306.8,-28.03,-0.035837,559.1,-0.009844,356.2,129140,402.0,129158,358.0,-10.24,-0.011113,121300,346.0,-3.01,-0.003769,89596,310.4,-3.08,-0.003888,19.1,0.000000,100.0,7687953,2862.4,99537,353.3,0.19,0.000159,98981,328.4,1.55,0.001662,89479,311.0,32.17,0.040539
380.04,0.0070378,0.054402,88608,89155,89617,89259,304.9,380.0,0.006554,682.4,65966,781.3,66811,680.9,20.78,0.006137,75021,303.9,-16.71,-0.014671,89296,311.2,-48.00,-0.060311,200.0,0.000000,543.7,211740,1262.0,86785,343.1,-0.96,-0.000727,86414,316.4,-19.16,-0.018659,89757,307.0,-29.75,-0.038087,560.0,-0.011800,356.8,129306,402.1,129247,358.9,-11.45,-0.012403,121438,346.1,-4.71,-0.005890,89786,310.6,-4.92,-0.006228,20.0,0.000000,100.0,7447265,2849.3,99629,353.4,0.16,0.000138,99065,328.5,1.47,0.001574,89907,311.3,28.34,0.035842
381.07,0.0070568,0.054437,88350,89385,89859,89331,305.5,381.1,0.007029,675.8,65047,774.9,65918,674.4,22.67,0.006669,74174,302.9,-13.52,-0.011773,89534,311.4,-47.36,-0.059622,201.1,0.000000,100.0,206624,1254.6,86231,342.4,-0.97,-0.000736,85873,315.9,-18.90,-0.018321,89935,307.3,-31.30,-0.040113,561.1,-0.013965,407.8,129461,402.3,129755,360.3,-13.57,-0.014701,121590,346.2,-6.74,-0.008437,90021,310.9,-6.90,-0.008752,21.1,0.000000,644.6,7189095,2832.8,99705,353.5,0.13,0.000107,99163,328.6,1.47,0.001577,90330,311.7,24.20,0.030706
382.03,0.0070746,0.054481,88086,89629,90101,89404,306.1,382.0,0.007507,669.3,64239,769.0,65136,667.9,24.45,0.007176,73428,302.0,-10.65,-0.009203,89771,311.7,-46.80,-0.059018,202.0,0.000000,100.0,201888,1247.6,85705,341.8,-0.99,-0.000745,85409,315.4,-18.62,-0.017984,90107,307.5,-32.47,-0.041648,562.0,-0.013638,358.4,129633,402.5,129555,361.0,-14.06,-0.015175,121747,346.4,-8.82,-0.011062,90261,311.1,-8.84,-0.011224,22.0,0.000000,117.8,6946164,2815.4,99751,353.5,0.08,0.000071,99269,328.7,1.56,0.001670,90692,311.9,20.36,0.025913
383.05,0.0070936,0.054539,87824,89910,90367,89491,306.8,383.1,0.007972,661.9,63474,763.0,64379,660.6,26.26,0.007703,72667,301.1,-7.70,-0.006607,90034,312.0,-46.25,-0.058444,203.1,0.000000,394.4,196939,1240.1,85140,341.2,-1.01,-0.000755,84965,315.0,-18.28,-0.017590,90298,307.8,-33.38,-0.042871,563.1,-0.015464,359.4,129800,402.6,129682,362.2,-15.25,-0.016419,121897,346.5,-11.12,-0.013949,90528,311.4,-10.97,-0.013963,23.1,0.000000,674.4,6690242,2795.2,99771,353.5,0.04,0.000032,99409,328.8,1.73,0.001862,91033,312.2,16.47,0.021029
384.08,0.0071126,0.054608,87606,90197,90639,89593,307.5,384.1,0.008457,654.1,62752,756.9,63687,652.8,28.04,0.008235,71917,300.2,-4.83,-0.004117,90312,312.3,-45.78,-0.057969,204.1,0.000000,231.9,192107,1232.7,84570,340.5,-1.02,-0.000764,84571,314.6,-17.87,-0.017139,90512,308.1,-33.96,-0.043682,564.1,-0.016488,360.5,129969,402.8,129771,363.5,-16.30,-0.017497,121986,346.6,-13.38,-0.016802,90799,311.7,-13.16,-0.016782,24.1,0.000000,100.0,6436972,2773.1,99767,353.5,-0.00,-0.000003,99580,329.0,1.99,0.002143,91329,312.5,12.88,0.016486
385.04,0.0071304,0.054680,87443,90464,90897,89704,308.1,385.0,0.008958,646.3,62115,751.3,63083,644.9,29.77,0.008764,71204,299.4,-2.20,-0.001857,90584,312.6,-45.43,-0.057646,205.0,0.000000,100.0,187691,1225.7,84029,339.9,-1.04,-0.000771,84249,314.3,-17.41,-0.016648,90723,308.4,-34.24,-0.044106,565.0,-0.017924,361.8,130121,403.0,129997,365.0,-17.54,-0.018786,121995,346.6,-15.45,-0.019401,91056,311.9,-15.23,-0.019464,25.0,0.000000,725.4,6196398,2748.4,99744,353.5,-0.04,-0.000030,99773,329.2,2.30,0.002477,91563,312.7,9.86,0.012638
386.06,0.0071493,0.054761,87362,90758,91173,89842,308.8,386.1,0.009494,637.3,61485,745.3,62491,635.9,31.67,0.009366,70432,298.5,0.53,0.000448,90882,312.9,-45.20,-0.057478,206.1,0.000000,1777.2,183135,1218.4,83452,339.2,-1.05,-0.000776,83957,314.0,-16.81,-0.016034,90947,308.7,-34.29,-0.044233,566.1,-0.018820,405.2,130286,403.1,130238,366.7,-18.87,-0.020156,121929,346.6,-17.59,-0.022066,91328,312.2,-17.42,-0.022306,26.1,0.000000,100.0,5949985,2722.5,99706,353.4,-0.06,-0.000050,100013,329.4,2.68,0.002889,91781,312.8,7.03,0.009035
387.09,0.0071683,0.054842,87380,91056,91451,90001,309.5,387.1,0.010085,627.7,60905,739.3,61951,626.3,33.62,0.010008,69645,297.5,3.16,0.002629,91182,313.2,-45.14,-0.057534,207.1,0.000000,307.9,178713,1211.2,82875,338.6,-1.06,-0.000778,83717,313.7,-16.07,-0.015298,91173,309.0,-34.01,-0.043933,567.1,-0.019472,404.6,130459,403.3,130257,368.3,-19.74,-0.021000,121811,346.5,-19.66,-0.024645,91596,312.5,-19.56,-0.025099,27.1,0.000000,326.3,5713082,2697.0,99662,353.4,-0.07,-0.000060,100285,329.6,3.10,0.003350,91985,313.0,4.58,0.005896
388.05,0.0071861,0.054915,87454,91330,91723,90171,310.1,388.0,0.010695,617.9,60405,733.6,61489,616.5,35.47,0.010647,68898,296.6,5.50,0.004541,91469,313.6,-45.23,-0.057768,208.0,0.000000,520.9,174669,1204.4,82335,337.9,-1.06,-0.000775,83537,313.6,-15.24,-0.014480,91397,309.3,-33.49,-0.043318,568.0,-0.021314,404.3,130608,403.4,130606,370.4,-21.32,-0.022615,121663,346.4,-21.58,-0.027028,91846,312.8,-21.50,-0.027641,28.0,0.000000,548.4,5498770,2673.4,99622,353.4,-0.07,-0.000058,100561,329.9,3.52,0.003813,92170,313.2,2.61,0.003357
389.07,0.0072050,0.054985,87602,91608,92005,90372,310.7,389.1,0.011342,606.9,59920,727.5,61048,605.4,37.43,0.011361,68106,295.6,7.82,0.006408,91774,313.9,-45.41,-0.058130,209.1,0.000000,100.0,170494,1197.3,81770,337.3,-1.05,-0.000765,83394,313.4,-14.20,-0.013474,91655,309.7,-32.73,-0.042418,569.1,-0.020927,403.6,130795,403.6,130366,372.1,-21.90,-0.023077,121473,346.3,-23.60,-0.029528,92113,313.0,-23.45,-0.030210,29.1,0.000000,100.0,5280161,2648.8,99593,353.3,-0.05,-0.000040,100867,330.2,3.97,0.004317,92362,313.4,0.86,0.001108
390.03,0.0072228,0.055043,87787,91854,92257,90581,311.2,390.0,0.012022,595.8,59506,721.7,60676,594.2,39.26,0.012064,67371,294.7,9.85,0.008010,92053,314.2,-45.64,-0.058543,210.0,0.000000,229.9,166674,1190.7,81252,336.7,-1.03,-0.000748,83301,313.3,-13.08,-0.012401,91900,310.0,-31.89,-0.041384,570.0,-0.020889,402.9,130992,403.8,129821,373.4,-22.09,-0.023106,121266,346.2,-25.50,-0.031855,92361,313.3,-25.19,-0.032513,30.0,0.000000,200.7,5082836,2626.0,99588,353.3,-0.01,-0.000011,101152,330.4,4.40,0.004786,92385,313.4,-0.72,-0.000929
391.06,0.0072418,0.055094,88005,92102,92507,90824,311.7,391.1,0.012737,583.3,59108,715.4,60324,581.6,41.15,0.012845,66612,293.8,11.86,0.009563,92337,314.6,-45.97,-0.059082,211.1,0.000000,576.3,163064,1184.3,80721,336.0,-1.00,-0.000723,83234,313.3,-11.78,-0.011162,92150,310.4,-30.88,-0.040150,571.1,-0.019733,401.8,131245,404.0,128753,374.3,-21.59,-0.022342,121016,346.0,-27.50,-0.034305,92612,313.6,-26.98,-0.034882,31.1,0.000000,191.7,4881940,2602.2,99602,353.3,0.02,0.000018,101438,330.7,4.83,0.005263,92512,313.5,-1.79,-0.002314
392.08,0.0072607,0.055133,88267,92335,92746,91087,312.3,392.1,0.013506,570.2,58749,708.9,60010,568.4,42.97,0.013654,65883,292.8,13.73,0.010986,92619,314.9,-46.44,-0.059803,212.1,0.000000,113.3,160583,1179.6,80216,335.4,-0.96,-0.000690,83186,313.2,-10.41,-0.009861,92396,310.7,-29.80,-0.038804,572.1,-0.018381,400.6,131547,404.3,127456,374.9,-20.63,-0.021099,120737,345.8,-29.50,-0.036734,92852,313.9,-28.68,-0.037146,32.1,0.000000,600.1,4689843,2578.9,99649,353.4,0.07,0.000063,101698,330.9,5.22,0.005707,92701,313.7,-2.48,-0.003206
393.04,0.0072785,0.055155,88631,92548,92956,91352,312.7,393.0,0.014278,557.2,58442,702.6,59748,555.4,44.58,0.014435,65233,292.0,15.41,0.012241,92875,315.2,-47.05,-0.060699,213.0,0.000000,200.0,159139,1176.6,79769,334.9,-0.91,-0.000650,83148,313.2,-9.09,-0.008606,92621,311.0,-28.74,-0.037471,573.0,-0.017029,399.4,131878,404.6,126103,375.1,-19.58,-0.019801,120449,345.7,-31.38,-0.039005,93069,314.1,-30.21,-0.039184,33.0,0.000000,237.5,4516842,2557.3,99733,353.5,0.14,0.000119,101911,331.1,5.56,0.006088,92899,313.9,-2.92,-0.003788
394.06,0.0072975,0.055161,89024,92767,93157,91653,313.2,394.1,0.015065,543.0,58142,695.6,59498,541.1,46.15,0.015276,64586,291.2,17.14,0.013518,93127,315.6,-47.87,-0.061853,214.1,0.000000,100.0,157911,1174.0,79336,334.4,-0.83,-0.000594,83108,313.2,-7.67,-0.007263,92847,311.3,-27.57,-0.036004,574.1,-0.015718,398.0,132279,405.0,124629,375.2,-18.38,-0.018363,120124,345.5,-33.39,-0.041409,93287,314.4,-31.77,-0.041279,34.1,0.000000,100.0,4341047,2534.8,99877,353.6,0.23,0.000195,102101,331.3,5.89,0.006452,93097,314.1,-3.23,-0.004192
395.03,0.0073153,0.055148,89412,92945,93323,91951,313.5,395.0,0.015867,529.4,57880,688.9,59282,527.3,47.50,0.016072,64021,290.5,18.76,0.014699,93333,315.8,-48.74,-0.063060,215.0,0.000000,249.5,157019,1171.9,78977,333.9,-0.74,-0.000528,83062,313.1,-6.36,-0.006016,93039,311.6,-26.46,-0.034595,575.0,-0.014447,396.7,132703,405.3,123221,375.2,-17.25,-0.017042,119813,345.3,-35.30,-0.043687,93477,314.6,-33.23,-0.043222,35.0,0.000000,100.0,4182880,2514.1,100073,353.8,0.33,0.000279,102246,331.4,6.16,0.006757,93266,314.3,-3.38,-0.004386
396.05,0.0073343,0.055117,89836,93126,93477,92284,313.9,396.1,0.016674,514.7,57616,681.4,59064,512.5,48.76,0.016913,63470,289.8,20.49,0.015959,93522,316.1,-49.70,-0.064384,216.1,0.000000,501.8,156247,1170.0,78655,333.5,-0.63,-0.000444,82992,313.1,-5.01,-0.004740,93219,311.9,-25.27,-0.033073,576.1,-0.013230,395.3,133203,405.8,121721,375.0,-16.07,-0.015690,119497,345.1,-37.37,-0.046161,93660,314.9,-34.78,-0.045291,36.1,0.000000,100.0,4022287,2492.4,100350,354.0,0.44,0.000378,102365,331.5,6.42,0.007046,93428,314.4,-3.42,-0.004454
397.08,0.0073533,0.055063,90351,93304,93607,92632,314.3,397.1,0.017500,500.0,57362,673.7,58851,497.7,49.84,0.017738,62969,289.1,22.26,0.017240,93667,316.4,-50.61,-0.065607,217.1,0.000000,679.8,155870,1168.7,78406,333.2,-0.49,-0.000346,82893,313.0,-3.74,-0.003531,93367,312.1,-24.05,-0.031506,577.1,-0.012035,393.9,133753,406.2,120215,374.6,-14.93,-0.014411,119192,344.9,-39.47,-0.048656,93821,315.1,-36.36,-0.047398,37.1,0.000000,130.3,3869074,2471.2,100701,354.4,0.56,0.000478,102456,331.6,6.65,0.007305,93566,314.6,-3.33,-0.004340
398.04,0.0073712,0.054991,90915,93468,93711,92973,314.6,398.0,0.018286,486.3,57124,666.2,58649,484.0,50.69,0.018489,62540,288.6,23.97,0.018467,93730,316.5,-51.19,-0.066371,218.0,0.000000,100.0,155889,1168.1,78247,333.1,-0.34,-0.000240,82776,312.8,-2.60,-0.002456,93473,312.3,-22.88,-0.029983,578.0,-0.010939,392.5,134316,406.7,118800,374.2,-13.90,-0.013273,118861,344.7,-41.33,-0.050830,93950,315.3,-37.91,-0.049455,38.0,0.000000,242.4,3731338,2451.7,101092,354.7,0.66,0.000565,102522,331.7,6.85,0.007529,93676,314.7,-3.17,-0.004135
399.07,0.0073902,0.054885,91612,93641,93799,93345,314.9,399.1,0.019048,472.1,56870,658.0,58427,469.6,51.41,0.019251,62124,288.0,25.80,0.019785,93731,316.6,-51.33,-0.066543,219.1,0.000000,372.4,155945,1167.6,78172,333.0,-0.16,-0.000110,82629,312.7,-1.46,-0.001373,93546,312.4,-21.60,-0.028319,579.1,-0.009904,391.1,134963,407.3,117303,373.6,-12.84,-0.012131,118354,344.3,-42.90,-0.052596,94056,315.5,-39.65,-0.051756,39.1,0.000000,100.0,3591564,2431.3,101562,355.2,0.75,0.000642,102582,331.7,7.05,0.007751,93763,314.8,-2.99,-0.003905
400.04,0.0074081,0.054755,92345,93808,93866,93699,315.1,400.0,0.019781,459.1,56624,650.1,58209,456.5,51.94,0.019934,61764,287.6,27.53,0.021021,93706,316.6,-51.08,-0.066193,220.0,0.000000,630.7,156072,1167.2,78190,333.0,0.02,0.000013,82475,312.5,-0.43,-0.000404,93590,312.6,-20.34,-0.026673,580.0,-0.008929,389.7,135618,407.8,115906,373.0,-11.89,-0.011117,117647,343.8,-43.81,-0.053469,94128,315.7,-41.38,-0.054023,40.0,0.000000,404.1,3465923,2412.4,102038,355.6,0.80,0.000691,102634,331.7,7.22,0.007944,93819,314.8,-2.84,-0.003701
401.07,0.0074271,0.054588,92978,93990,93924,94075,315.3,401.1,0.020486,445.8,56353,641.5,57965,443.1,52.40,0.020628,61410,287.1,29.33,0.022304,93610,316.6,-50.17,-0.064957,221.1,0.000000,364.0,156234,1166.8,78310,333.1,0.23,0.000159,82300,312.3,0.61,0.000577,93621,312.7,-18.95,-0.024843,581.1,-0.008014,388.3,136361,408.4,114438,372.2,-10.93,-0.010104,116650,343.1,-44.15,-0.053547,94180,315.8,-43.29,-0.056519,41.1,0.000000,585.8,3338438,2392.8,102561,356.1,0.82,0.000715,102689,331.8,7.39,0.008130,93860,314.9,-2.68,-0.003504
402.03,0.0074451,0.054405,93579,94163,93966,94426,315.5,402.0,0.021170,433.7,56087,633.3,57725,431.1,52.77,0.021266,61098,286.7,30.96,0.023460,93426,316.5,-48.32,-0.062466,222.0,0.000000,100.0,156372,1166.5,78527,333.4,0.43,0.000303,82126,312.1,1.55,0.001450,93628,312.7,-17.61,-0.023079,582.0,-0.007156,386.9,137106,409.0,113073,371.5,-10.06,-0.009212,115546,342.2,-44.04,-0.053033,94204,315.9,-45.16,-0.058963,42.0,0.000000,100.0,3223855,2374.7,103047,356.5,0.81,0.000709,102746,331.8,7.52,0.008284,93876,314.9,-2.60,-0.003392
403.07,0.0074642,0.054186,94213,94352,93999,94789,315.6,403.1,0.021843,421.6,55794,624.5,57462,418.9,53.16,0.021945,60784,286.3,32.61,0.024614,93155,316.3,-45.03,-0.058077,223.1,0.000000,100.0,156485,1166.0,78853,333.8,0.62,0.000438,81931,311.9,2.47,0.002314,93608,312.8,-16.16,-0.021175,583.1,-0.006355,385.5,137946,409.7,111640,370.6,-9.19,-0.008329,114289,341.2,-43.71,-0.052219,94201,316.0,-47.25,-0.061658,43.1,0.000000,121.1,3107593,2355.9,103539,357.0,0.77,0.000674,102815,331.9,7.64,0.008417,93871,314.9,-2.60,-0.003393
404.04,0.0074822,0.053955,94785,94529,94024,95120,315.6,404.0,0.022525,410.7,55511,616.1,57209,408.1,53.58,0.022608,60503,285.9,34.05,0.025615,92891,316.1,-40.66,-0.052322,224.0,0.000000,242.7,156560,1165.5,79230,334.2,0.75,0.000537,81739,311.7,3.26,0.003052,93571,312.8,-14.75,-0.019315,584.0,-0.005612,384.1,138781,410.4,110308,369.7,-8.42,-0.007558,113031,340.2,-43.10,-0.051078,94163,316.1,-49.23,-0.064205,44.0,0.000000,269.8,3003097,2338.5,103962,357.4,0.71,0.000619,102896,331.9,7.70,0.008483,93858,314.9,-2.70,-0.003525
405.07,0.0075013,0.053688,95343,94716,94055,95455,315.6,405.1,0.023233,399.7,55206,607.2,56940,397.2,54.13,0.023353,60218,285.6,35.45,0.026582,92678,315.9,-34.91,-0.044837,225.1,0.000000,543.8,156593,1164.9,79680,334.7,0.85,0.000608,81525,311.5,4.01,0.003739,93531,312.8,-13.12,-0.017170,585.1,-0.004924,382.7,139717,411.1,108909,368.8,-7.66,-0.006801,111643,339.1,-42.24,-0.049599,94119,316.2,-51.28,-0.066829,45.1,0.000000,492.2,2897064,2320.4,104359,357.7,0.62,0.000546,102990,332.0,7.70,0.008487,93850,314.8,-2.88,-0.003764
406.04,0.0075193,0.053417,95808,94889,94094,95750,315.7,406.0,0.023985,390.0,54918,598.8,56693,387.6,54.76,0.024108,59963,285.2,36.66,0.027403,92587,315.9,-28.80,-0.036956,226.0,0.000000,100.0,156566,1164.3,80127,335.2,0.89,0.000642,81310,311.2,4.59,0.004275,93518,312.9,-11.40,-0.014916,586.0,-0.004292,381.3,140642,411.9,107610,367.8,-6.98,-0.006145,110336,338.0,-41.34,-0.048130,94112,316.3,-53.10,-0.069178,46.0,0.000000,289.4,2801752,2303.7,104679,358.0,0.53,0.000470,103087,332.1,7.61,0.008398,93869,314.9,-3.07,-0.004008
407.08,0.0075385,0.053113,96235,95058,94158,96042,315.7,407.1,0.024792,380.4,54618,589.9,56442,378.0,55.57,0.024973,59709,284.9,37.83,0.028189,92623,316.0,-21.94,-0.028165,227.1,0.000000,528.6,156455,1163.5,80602,335.8,0.89,0.000643,81068,311.0,5.05,0.004700,93553,312.9,-9.35,-0.012233,587.1,-0.003714,379.9,141674,412.7,106250,366.8,-6.32,-0.005505,108973,336.9,-40.37,-0.046576,94161,316.5,-54.91,-0.071535,47.1,0.000000,14066.7,2705024,2286.2,104962,358.3,0.44,0.000391,103206,332.2,7.41,0.008182,93942,314.9,-3.25,-0.004247
408.05,0.0075566,0.052815,96590,95200,94258,96293,315.9,408.1,0.025660,371.8,54345,581.5,56221,369.5,56.46,0.025851,59486,284.6,38.83,0.028859,92792,316.2,-15.58,-0.020020,228.1,0.000000,315.5,156255,1162.5,81028,336.3,0.85,0.000613,80827,310.7,5.32,0.004937,93651,313.1,-7.23,-0.009470,588.1,-0.003188,378.6,142691,413.5,104992,365.8,-5.74,-0.004952,107719,335.8,-39.46,-0.045138,94252,316.7,-56.47,-0.073594,48.1,0.000000,100.0,2618062,2270.2,105182,358.5,0.37,0.000324,103336,332.3,7.10,0.007847,94075,315.1,-3.44,-0.004504
409.03,0.0075746,0.052505,96907,95336,94383,96521,316.1,409.0,0.026562,363.9,54086,573.3,56018,361.6,57.45,0.026787,59282,284.4,39.76,0.029475,93015,316.4,-9.34,-0.012017,229.0,0.000000,622.9,155951,1161.4,81417,336.7,0.77,0.000562,80575,310.4,5.40,0.005003,93808,313.2,-4.99,-0.006539,589.0,-0.002727,377.3,143752,414.3,103759,364.7,-5.19,-0.004444,106490,334.8,-38.54,-0.043721,94388,316.9,-57.89,-0.075497,49.0,0.000000,100.0,2534866,2254.4,105364,358.6,0.30,0.000268,103481,332.4,6.66,0.007366,94255,315.2,-3.67,-0.004808
410.07,0.0075939,0.052167,97239,95478,94534,96738,316.3,410.1,0.027545,356.0,53827,564.5,55822,353.7,58.59,0.027833,59088,284.1,40.69,0.030092,93293,316.7,-2.86,-0.003695,230.1,0.000000,190.3,155495,1160.0,81781,337.1,0.68,0.000494,80303,310.1,5.27,0.004871,94039,313.5,-2.51,-0.003292,590.1,-0.002300,375.9,144927,415.2,102484,363.7,-4.66,-0.003949,105211,333.7,-37.56,-0.042235,94578,317.2,-59.28,-0.077388,50.1,0.000000,2959.5,2450404,2238.0,105526,358.8,0.25,0.000223,103635,332.6,6.02,0.006666,94484,315.5,-3.95,-0.005183
411.05,0.0076120,0.051838,97539,95607,94761,96917,316.7,411.0,0.028566,349.1,53603,556.4,55655,346.8,59.72,0.028847,58929,283.9,41.54,0.030655,93207,316.6,2.18,0.002811,231.0,0.000000,2889.0,154938,1158.4,82077,337.5,0.59,0.000428,80055,309.8,4.94,0.004554,94215,313.7,-0.30,-0.000389,591.0,-0.001919,374.6,146080,416.1,101323,362.6,-4.19,-0.003522,104031,332.7,-36.64,-0.040859,94817,317.5,-60.58,-0.079204,51.0,0.000000,192.0,2374434,2222.9,105658,358.9,0.22,0.000193,103765,332.7,5.25,0.005822,94731,315.7,-4.23,-0.005551
412.03,0.0076301,0.051505,97659,95739,94969,97072,317.0,412.0,0.029559,342.6,53395,548.5,55510,340.3,60.82,0.029859,58795,283.7,42.37,0.031220,93243,316.7,7.39,0.009533,232.0,0.000000,237.1,154263,1156.7,82329,337.8,0.50,0.000365,79823,309.6,4.42,0.004062,94275,313.7,1.69,0.002221,592.0,-0.001593,373.4,147278,417.0,100204,361.6,-3.76,-0.003132,102874,331.7,-35.72,-0.039509,95077,317.9,-62.05,-0.081263,52.0,0.000000,302.5,2301723,2208.1,105778,359.0,0.20,0.000174,103857,332.8,4.32,0.004789,94969,315.9,-4.53,-0.005969
413.07,0.0076494,0.051152,97732,95903,95200,97210,317.4,413.1,0.030538,336.4,53191,540.1,55385,334.0,61.89,0.030886,58683,283.6,43.29,0.031848,93405,316.9,12.88,0.016621,233.1,0.000000,590.0,153423,1154.6,82553,338.0,0.41,0.000303,79602,309.3,3.67,0.003366,94415,313.9,3.94,0.005189,593.1,-0.001298,372.1,148601,418.0,99065,360.6,-3.34,-0.002760,101672,330.6,-34.74,-0.038105,95356,318.3,-63.78,-0.083676,53.1,0.000000,463.2,2227866,2192.6,105897,359.1,0.18,0.000161,103896,332.8,3.14,0.003487,95219,316.2,-4.86,-0.006404
414.05,0.0076676,0.050822,97785,96073,95442,97316,317.8,414.0,0.031485,330.9,53014,532.5,55285,328.5,62.79,0.031804,58605,283.5,44.20,0.032487,93621,317.1,17.88,0.023114,234.0,0.000000,100.0,152528,1152.5,82726,338.2,0.34,0.000249,79429,309.1,2.79,0.002559,94606,314.1,6.07,0.008008,594.0,-0.001046,371.0,149894,418.9,98039,359.6,-2.99,-0.002450,100570,329.7,-33.83,-0.036806,95607,318.6,-65.48,-0.086031,54.0,0.000000,238.3,2161403,2178.4,106003,359.2,0.17,0.000152,103884,332.8,1.89,0.002098,95453,316.4,-5.11,-0.006750
415.03,0.0076858,0.050495,97809,96280,95696,97400,318.1,415.0,0.032358,325.9,52848,525.0,55194,323.5,63.61,0.032666,58557,283.4,45.19,0.033194,93847,317.4,22.68,0.029364,235.0,0.000000,572.2,151543,1150.2,82863,338.4,0.27,0.000199,79299,309.0,1.77,0.001618,94836,314.5,8.17,0.010791,595.0,-0.000840,369.8,151233,419.9,97058,358.7,-2.68,-0.002181,99498,328.7,-32.90,-0.035523,95841,318.9,-67.13,-0.088330,55.0,0.000000,172.6,2097756,2164.4,106102,359.3,0.16,0.000142,103775,332.7,0.49,0.000544,95685,316.6,-5.29,-0.006997
416.07,0.0077051,0.050152,97781,96542,95967,97466,318.5,416.1,0.033200,321.1,52683,517.2,55103,318.6,64.38,0.033515,58536,283.4,46.35,0.034040,94074,317.7,27.52,0.035680,236.1,0.000000,100.0,150412,1147.6,82970,338.5,0.20,0.000144,79211,308.9,0.55,0.000501,95098,314.8,10.33,0.013663,596.1,-0.000665,368.7,152707,421.0,96062,357.7,-2.40,-0.001937,98395,327.7,-31.91,-0.034170,96069,319.3,-68.78,-0.090625,56.1,0.000000,100.0,2033070,2149.9,106196,359.4,0.14,0.000127,103561,332.5,-1.13,-0.001255,95919,316.8,-5.37,-0.007123
417.06,0.0077233,0.049837,97712,96749,96217,97508,318.8,417.1,0.033980,316.9,52537,510.1,55022,314.4,65.02,0.034252,58544,283.5,47.58,0.034940,94253,318.0,31.86,0.041348,237.1,0.000000,100.0,149281,1145.0,83028,338.5,0.12,0.000085,79176,308.8,-0.67,-0.000610,95347,315.2,12.28,0.016261,597.1,-0.000527,367.6,154143,422.1,95168,356.8,-2.18,-0.001746,97392,326.8,-30.95,-0.032903,96266,319.5,-70.20,-0.092598,57.1,0.000000,923.1,1974822,2136.5,106271,359.4,0.12,0.000108,103281,332.2,-2.73,-0.003019,96129,317.0,-5.36,-0.007116
418.04,0.0077415,0.049530,97616,96945,96480,97532,319.1,418.0,0.034678,313.1,52397,503.3,54944,310.5,65.59,0.034930,58577,283.5,48.93,0.035947,94416,318.2,35.99,0.046748,238.0,0.000000,100.0,148098,1142.3,83034,338.6,0.02,0.000014,79189,308.9,-1.87,-0.001707,95599,315.6,14.14,0.018756,598.0,-0.000424,366.6,155628,423.1,94313,356.0,-1.99,-0.001589,96422,325.9,-29.99,-0.031642,96451,319.8,-71.46,-0.094355,58.0,0.000000,348.3,1919007,2123.4,106329,359.5,0.09,0.000084,102940,331.9,-4.35,-0.004796,96336,317.2,-5.26,-0.006993
419.09,0.0077609,0.049214,97460,97158,96765,97539,319.4,419.1,0.035342,309.4,52255,496.2,54865,306.8,66.15,0.035599,58633,283.6,50.51,0.037132,94568,318.5,40.17,0.052212,239.1,0.000000,275.3,146795,1139.4,82981,338.5,-0.09,-0.000069,79262,308.9,-3.03,-0.002772,95880,316.1,16.06,0.021329,599.1,-0.000350,365.6,157260,424.3,93442,355.1,-1.85,-0.001462,95428,325.0,-28.95,-0.030315,96659,320.1,-72.60,-0.095983,59.1,0.000000,100.0,1862242,2109.7,106355,359.5,0.04,0.000035,102526,331.5,-6.05,-0.006657,96565,317.5,-5.01,-0.006677
420.07,0.0077791,0.048929,97258,97348,97031,97529,319.7,420.1,0.035964,306.3,52127,489.8,54795,303.7,66.64,0.036191,58700,283.7,52.11,0.038340,94691,318.8,43.92,0.057109,240.1,0.000000,432.9,145536,1136.6,82857,338.3,-0.23,-0.000168,79384,309.1,-3.93,-0.003604,96140,316.5,17.80,0.023677,600.1,-0.000302,364.6,158847,425.4,92656,354.3,-1.74,-0.001371,94524,324.1,-27.97,-0.029091,96859,320.4,-73.51,-0.097305,60.1,0.000000,100.0,1811092,2097.1,106342,359.5,-0.01,-0.000013,102102,331.2,-7.62,-0.008359,96786,317.7,-4.68,-0.006245
421.05,0.0077973,0.048658,97011,97523,97297,97507,320.0,421.1,0.036537,303.4,52004,483.6,54732,300.8,67.13,0.036763,58774,283.8,53.80,0.039617,94802,319.1,47.49,0.061778,241.1,0.000000,100.0,144255,1133.7,82659,338.1,-0.37,-0.000272,79555,309.3,-4.62,-0.004242,96393,316.9,19.50,0.025967,601.1,-0.000036,348.7,160490,426.6,91781,353.3,-1.56,-0.001216,93649,323.3,-27.01,-0.027903,97068,320.7,-74.29,-0.098456,61.1,0.000000,1009.0,1762045,2084.7,106285,359.4,-0.09,-0.000077,101660,330.8,-9.15,-0.009998,97015,317.9,-4.28,-0.005725
422.04,0.0078156,0.048402,96754,97678,97515,97475,320.2,422.0,0.037097,300.8,51888,477.7,54678,298.2,67.65,0.037331,58850,283.9,55.54,0.040934,94889,319.4,50.90,0.066205,242.0,0.000000,310.9,142960,1130.7,82390,337.8,-0.51,-0.000371,79770,309.5,-5.07,-0.004662,96621,317.3,21.13,0.028164,602.0,0.000000,715.6,162196,440.2,90985,352.5,-1.39,-0.001081,92802,322.5,-26.08,-0.026763,97282,321.0,-75.00,-0.099532,62.0,0.000000,100.0,1715004,2072.6,106164,359.3,-0.18,-0.000164,101212,330.3,-10.61,-0.011562,97241,318.1,-3.88,-0.005190
423.09,0.0078349,0.048147,96459,97830,97696,97433,320.4,423.1,0.037677,298.4,51772,471.6,54634,295.8,68.27,0.037948,58928,284.0,57.39,0.042341,94978,319.8,54.48,0.070850,243.1,0.000000,100.0,141573,1127.6,82035,337.4,-0.64,-0.000466,80044,309.8,-5.25,-0.004839,96876,317.8,22.90,0.030557,603.1,0.000000,100.0,164068,441.5,90213,351.6,-1.28,-0.000985,91932,321.7,-25.13,-0.025616,97550,321.3,-75.68,-0.100596,63.1,0.000000,517.6,1667115,2060.0,105947,359.1,-0.32,-0.000285,100739,329.9,-12.10,-0.013137,97514,318.4,-3.36,-0.004513
424.07,0.0078532,0.047924,96121,97962,97878,97388,320.6,424.1,0.038277,296.3,51671,466.1,54609,293.8,68.92,0.038560,58996,284.1,59.11,0.043640,95014,320.1,57.66,0.074937,244.1,0.000000,251.5,140265,1124.6,81644,336.9,-0.75,-0.000544,80328,310.1,-5.18,-0.004789,97064,318.2,24.43,0.032624,604.1,0.000000,100.0,165889,442.8,89525,350.8,-1.22,-0.000934,91142,320.9,-24.29,-0.024602,97790,321.6,-76.46,-0.101785,64.1,0.000000,253.0,1623921,2048.3,105637,358.8,-0.48,-0.000427,100311,329.5,-13.42,-0.014526,97742,318.6,-2.96,-0.003980
425.06,0.0078714,0.047721,95732,98081,98040,97344,320.7,425.1,0.038896,294.5,51582,460.8,54604,291.9,69.67,0.039218,59057,284.2,60.74,0.044882,95005,320.5,60.66,0.078746,245.1,0.000000,100.0,138957,1121.6,81209,336.4,-0.84,-0.000608,80643,310.5,-4.89,-0.004532,97197,318.6,25.84,0.034512,605.1,0.000000,408.3,167767,444.2,88858,350.1,-1.19,-0.000906,90381,320.2,-23.49,-0.023651,97992,321.9,-77.41,-0.103178,65.1,0.000000,484.1,1582462,2036.9,105209,358.4,-0.67,-0.000592,99912,329.2,-14.64,-0.015799,97933,318.7,-2.68,-0.003601
426.04,0.0078897,0.047539,95326,98191,98173,97305,320.8,426.0,0.039566,292.9,51505,455.7,54624,290.3,70.53,0.039937,59109,284.3,62.28,0.046043,94965,320.8,63.52,0.082335,246.0,0.000000,100.0,137651,1118.6,80742,335.9,-0.91,-0.000656,80999,310.9,-4.38,-0.004070,97300,319.0,27.17,0.036296,606.0,0.000000,100.0,169705,445.5,88205,349.4,-1.17,-0.000887,89652,319.5,-22.74,-0.022762,98142,322.2,-78.42,-0.104598,66.0,0.000000,1688.7,1542660,2025.7,104654,357.8,-0.87,-0.000770,99552,328.9,-15.74,-0.016937,98093,318.9,-2.49,-0.003355
427.03,0.0079079,0.047378,94942,98266,98268,97275,320.9,427.0,0.040299,291.5,51444,450.9,54672,288.9,71.52,0.040728,59153,284.3,63.67,0.047103,94900,321.1,66.24,0.085730,247.0,0.000000,350.5,136346,1115.5,80255,335.3,-0.95,-0.000685,81386,311.3,-3.64,-0.003395,97386,319.3,28.46,0.038003,607.0,0.000000,311.4,171705,446.9,87568,348.6,-1.15,-0.000867,88960,318.8,-22.04,-0.021939,98196,322.3,-79.17,-0.105611,67.0,0.000000,483.4,1504438,2014.8,103972,357.2,-1.08,-0.000948,99238,328.6,-16.69,-0.017923,98218,319.0,-2.41,-0.003247
428.07,0.0079273,0.047226,94601,98308,98328,97259,321.0,428.1,0.041133,290.3,51399,445.9,54758,287.7,72.71,0.041654,59188,284.4,65.00,0.048102,94804,321.3,68.99,0.089121,248.1,0.000000,234.9,134961,1112.3,79734,334.7,-0.97,-0.000692,81823,311.8,-2.67,-0.002500,97460,319.6,29.75,0.039723,608.1,0.000000,412.0,173901,448.4,86914,347.9,-1.11,-0.000838,88266,318.1,-21.35,-0.021128,98182,322.4,-79.51,-0.106020,68.1,0.000000,224.7,1465477,2003.4,103122,356.3,-1.29,-0.001122,98955,328.3,-17.54,-0.018793,98309,319.1,-2.44,-0.003292
429.06,0.0079456,0.047098,94401,98344,98350,97262,321.0,429.1,0.042045,289.3,51378,441.4,54872,286.7,73.95,0.042604,59206,284.4,66.07,0.048909,94686,321.5,71.42,0.092096,249.1,0.000000,100.0,133656,1109.2,79260,334.1,-0.94,-0.000672,82244,312.3,-1.64,-0.001545,97511,319.9,30.89,0.041229,609.1,0.000000,337.2,176035,449.9,86327,347.2,-1.07,-0.000803,87649,317.5,-20.72,-0.020403,98129,322.4,-79.34,-0.105735,69.1,0.000000,100.0,1430285,1992.9,102225,355.5,-1.45,-0.001258,98735,328.1,-18.17,-0.019440,98359,319.1,-2.55,-0.003443
430.05,0.0079638,0.046977,94388,98371,98345,97286,320.9,430.0,0.042998,288.5,51379,437.1,55018,285.8,75.29,0.043617,59206,284.4,66.96,0.049573,94538,321.6,73.70,0.094863,250.0,0.000000,100.0,132347,1106.1,78824,333.6,-0.87,-0.000621,82651,312.7,-0.54,-0.000509,97537,320.1,31.93,0.042597,610.0,0.000000,225.2,178238,451.4,85770,346.6,-1.03,-0.000765,87059,316.9,-20.09,-0.019689,98042,322.4,-78.81,-0.104948,70.0,0.000000,100.0,1396455,1982.6,101260,354.5,-1.58,-0.001360,98557,328.0,-18.64,-0.019921,98381,319.2,-2.74,-0.003699
431.03,0.0079821,0.046855,94475,98380,98313,97330,320.9,431.0,0.044002,287.9,51404,433.0,55192,285.1,76.68,0.044673,59181,284.3,67.66,0.050076,94366,321.6,75.85,0.097445,251.0,0.000000,367.1,131031,1103.0,78452,333.1,-0.75,-0.000535,83027,313.1,0.63,0.000592,97538,320.3,32.87,0.043829,611.0,0.000000,260.8,180512,452.9,85241,346.0,-0.98,-0.000727,86490,316.3,-19.45,-0.018967,97893,322.3,-77.75,-0.103401,71.0,0.000000,329.6,1363920,1972.4,100251,353.5,-1.67,-0.001429,98415,327.9,-18.96,-0.020234,98368,319.2,-2.97,-0.004015
432.08,0.0080015,0.046720,94797,98358,98250,97398,320.8,432.1,0.045069,287.4,51456,428.8,55404,284.5,78.17,0.045810,59117,284.2,68.16,0.050408,94158,321.5,77.98,0.099987,252.1,0.000000,337.5,129625,1099.6,78151,332.7,-0.58,-0.000407,83382,313.5,1.92,0.001818,97509,320.4,33.78,0.045005,612.1,0.000000,608.9,183010,454.6,84709,345.3,-0.93,-0.000690,85904,315.8,-18.75,-0.018196,97699,322.1,-75.85,-0.100735,72.1,0.000000,409.0,1330702,1961.9,99157,352.4,-1.73,-0.001467,98300,327.8,-19.10,-0.020371,98316,319.1,-3.24,-0.004377
433.07,0.0080197,0.046570,95415,98309,98143,97477,320.7,433.1,0.046136,287.1,51529,425.0,55622,284.1,79.53,0.046865,59017,284.1,68.39,0.050521,93931,321.4,79.83,0.102151,253.1,0.000000,100.0,128293,1096.4,77974,332.5,-0.37,-0.000263,83668,313.8,3.16,0.003006,97448,320.5,34.61,0.046071,613.1,0.000000,4269.1,185441,456.2,84230,344.8,-0.90,-0.000661,85372,315.2,-18.10,-0.017488,97521,322.0,-73.55,-0.097536,73.1,0.000000,436.0,1300644,1952.2,98124,351.3,-1.76,-0.001476,98213,327.7,-19.06,-0.020312,98237,319.0,-3.55,-0.004782
434.05,0.0080380,0.046400,95808,98238,98012,97562,320.5,434.1,0.047144,286.9,51625,421.4,55852,283.8,80.82,0.047875,58886,283.9,68.44,0.050484,93668,321.2,81.52,0.104089,254.1,0.000000,294.2,126952,1093.2,77914,332.5,-0.14,-0.000098,83907,314.1,4.43,0.004222,97348,320.5,35.38,0.047053,614.1,0.000000,550.6,187953,457.8,83768,344.2,-0.87,-0.000638,84857,314.7,-17.49,-0.016824,97348,321.9,-70.94,-0.093943,74.1,0.000000,100.0,1271703,1942.7,97107,350.3,-1.75,-0.001460,98129,327.7,-18.87,-0.020089,98120,318.9,-3.90,-0.005252
435.04,0.0080563,0.046214,96181,98150,97873,97649,320.4,435.0,0.048097,286.7,51741,418.0,56090,283.5,81.99,0.048817,58751,283.6,68.42,0.050392,93387,321.0,83.14,0.105923,255.0,0.000000,100.0,125602,1089.9,77964,332.5,0.08,0.000059,84099,314.3,5.73,0.005472,97218,320.5,36.11,0.047957,615.0,0.000000,304.6,190549,459.5,83318,343.7,-0.85,-0.000621,84357,314.2,-16.94,-0.016221,97185,321.7,-68.11,-0.090079,75.0,0.000000,139.8,1243824,1933.3,96121,349.3,-1.72,-0.001422,98042,327.6,-18.49,-0.019672,97985,318.8,-4.26,-0.005733
436.03,0.0080746,0.046013,96613,98039,97725,97737,320.2,436.0,0.048972,286.7,51875,414.7,56330,283.4,83.01,0.049670,58656,283.5,68.51,0.050403,93094,320.7,84.71,0.107663,256.0,0.000000,1016.2,124243,1086.5,78139,332.7,0.34,0.000239,84249,314.4,7.08,0.006766,97064,320.4,36.78,0.048783,616.0,0.000000,100.0,193233,461.2,82877,343.2,-0.84,-0.000609,83864,313.7,-16.46,-0.015691,97043,321.6,-65.20,-0.086129,76.0,0.000000,129.6,1216961,1924.1,95180,348.3,-1.65,-0.001361,97930,327.5,-17.91,-0.019041,97838,318.7,-4.61,-0.006202
437.08,0.0080941,0.045779,97067,97898,97557,97826,320.0,437.1,0.049776,286.7,52034,411.4,56584,283.3,83.93,0.050463,58671,283.5,69.05,0.050811,92774,320.5,86.30,0.109391,257.1,0.000000,209.1,122792,1083.0,78471,333.1,0.62,0.000438,84379,314.5,8.58,0.008205,96878,320.3,37.44,0.049576,617.1,0.000000,803.4,196184,463.0,82417,342.6,-0.83,-0.000598,83339,313.1,-16.03,-0.015214,96897,321.5,-62.10,-0.081945,77.1,0.000000,488.0,1189482,1914.6,94250,347.3,-1.56,-0.001271,97766,327.4,-17.08,-0.018139,97673,318.5,-4.98,-0.006683
438.07,0.0081124,0.045543,97445,97742,97389,97902,319.8,438.1,0.050469,286.7,52197,408.4,56817,283.2,84.62,0.051093,58796,283.6,70.03,0.051616,92466,320.2,87.72,0.110901,258.1,0.000000,1157.6,121418,1079.5,78920,333.6,0.88,0.000628,84491,314.6,10.07,0.009644,96688,320.2,38.01,0.050252,618.1,0.000000,546.1,199059,464.8,81992,342.1,-0.82,-0.000588,82836,312.6,-15.71,-0.014850,96754,321.4,-59.20,-0.078021,78.1,0.000000,259.6,1164576,1905.8,93454,346.5,-1.43,-0.001163,97563,327.2,-16.13,-0.017106,97509,318.4,-5.32,-0.007141
439.06,0.0081307,0.045294,97760,97581,97217,97967,319.6,439.1,0.051023,286.8,52368,405.6,57038,283.2,85.12,0.051597,58986,283.9,71.38,0.052743,92157,320.0,89.06,0.112307,259.1,0.000000,264.8,120038,1076.1,79501,334.3,1.14,0.000815,84614,314.8,11.68,0.011198,96488,320.0,38.54,0.050875,619.1,0.000000,2085.2,202033,466.6,81577,341.6,-0.80,-0.000574,82320,312.1,-15.49,-0.014574,96606,321.3,-56.32,-0.074135,79.1,0.000000,197.4,1140557,1897.1,92749,345.7,-1.28,-0.001037,97303,327.0,-15.08,-0.015962,97342,318.2,-5.68,-0.007615
440.05,0.0081491,0.045034,98079,97416,97041,98020,319.4,440.1,0.051446,286.9,52545,403.0,57241,283.2,85.40,0.051953,59331,284.3,73.47,0.054522,91849,319.8,90.34,0.113620,260.1,0.000000,148.9,118651,1072.6,80202,335.1,1.37,0.000985,84771,314.9,13.44,0.012899,96282,319.9,39.04,0.051455,620.1,0.000000,176.6,205109,468.5,81176,341.2,-0.78,-0.000556,81789,311.5,-15.37,-0.014397,96456,321.2,-53.47,-0.070297,80.1,0.000000,199.8,1117388,1888.6,92144,345.1,-1.11,-0.000895,96984,326.7,-13.96,-0.014741,97172,318.0,-6.07,-0.008118
441.04,0.0081675,0.044761,98399,97249,96862,98057,319.1,441.0,0.051717,287.0,52724,400.4,57416,283.2,85.41,0.052115,60040,285.2,76.79,0.057472,91541,319.5,91.56,0.114844,261.0,0.000000,306.3,117258,1069.1,80996,336.0,1.54,0.001116,84978,315.1,15.35,0.014760,96073,319.7,39.52,0.051993,621.0,0.000000,413.8,208292,470.4,80792,340.7,-0.75,-0.000532,81250,310.9,-15.32,-0.014281,96303,321.1,-50.66,-0.066528,81.0,0.000000,122.9,1095034,1880.2,91645,344.5,-0.93,-0.000744,96610,326.3,-12.80,-0.013473,97001,317.9,-6.49,-0.008670
442.04,0.0081859,0.044478,98690,97083,96682,98076,318.9,442.0,0.051781,287.0,52900,398.0,57556,283.2,85.16,0.052086,61127,286.6,81.54,0.061829,91236,319.3,92.71,0.115989,262.0,0.000000,100.0,115858,1065.5,81847,337.0,1.64,0.001198,85247,315.4,17.39,0.016763,95864,319.6,39.96,0.052491,622.0,0.000000,1478.4,211586,472.4,80430,340.3,-0.71,-0.000504,80707,310.4,-15.37,-0.014254,96147,321.0,-47.90,-0.062828,82.0,0.000000,719.8,1073462,1872.0,91253,344.1,-0.74,-0.000589,96191,325.9,-11.60,-0.012178,96830,317.7,-6.96,-0.009293
443.03,0.0082043,0.044185,98935,96924,96509,98073,318.6,443.0,0.051655,286.9,53069,395.7,57660,283.3,84.69,0.051890,62463,288.4,87.23,0.067180,90935,319.1,93.82,0.117073,263.0,0.000000,876.3,114452,1061.9,82720,338.0,1.67,0.001227,85580,315.7,19.51,0.018861,95658,319.4,40.38,0.052956,623.0,0.000000,444.5,214996,474.4,80089,339.8,-0.67,-0.000473,80165,309.8,-15.49,-0.014299,95992,320.8,-45.18,-0.059184,83.0,0.000000,100.0,1052639,1864.0,90967,343.8,-0.55,-0.000435,95743,325.5,-10.39,-0.010870,96666,317.6,-7.50,-0.009999
444.09,0.0082239,0.043870,98939,96772,96334,98044,318.4,444.1,0.051363,286.8,53236,393.4,57738,283.3,83.99,0.051527,63982,290.3,93.49,0.073269,90625,318.9,94.96,0.118176,264.1,0.000000,259.4,112949,1058.0,83633,339.0,1.63,0.001208,86005,316.2,21.78,0.021130,95448,319.2,40.80,0.053417,624.1,0.000000,517.0,218750,476.5,79752,339.4,-0.62,-0.000441,79599,309.2,-15.67,-0.014390,95831,320.7,-42.31,-0.055356,84.1,0.000000,191.7,1031303,1855.6,90773,343.6,-0.35,-0.000278,95249,325.0,-9.09,-0.009476,96506,317.4,-8.16,-0.010865
445.08,0.0082423,0.043580,98883,96646,96175,97993,318.1,445.1,0.050962,286.7,53381,391.3,57798,283.3,83.25,0.051127,65395,292.0,99.11,0.078916,90341,318.6,96.00,0.119174,265.1,0.000000,445.9,111527,1054.2,84458,339.9,1.55,0.001158,86468,316.6,23.86,0.023244,95261,319.0,41.16,0.053815,625.1,0.000000,100.0,222413,478.6,79455,339.1,-0.59,-0.000415,79082,308.6,-15.85,-0.014485,95687,320.6,-39.63,-0.051793,85.1,0.000000,100.0,1011933,1847.9,90689,343.5,-0.17,-0.000139,94784,324.6,-7.86,-0.008165,96369,317.3,-8.90,-0.011830
446.08,0.0082607,0.043292,98959,96546,96025,97920,317.9,446.1,0.050593,286.7,53516,389.3,57882,283.3,82.64,0.050812,66739,293.6,104.27,0.084261,90066,318.4,97.01,0.120138,266.1,0.000000,100.0,110098,1050.5,85238,340.8,1.45,0.001093,86991,317.1,25.85,0.025292,95086,318.9,41.49,0.054168,626.1,0.000000,100.0,226206,480.7,79171,338.7,-0.56,-0.000396,78589,308.1,-16.00,-0.014560,95548,320.5,-36.97,-0.048269,86.1,0.000000,253.3,993225,1840.3,90691,343.5,-0.02,-0.000012,94330,324.1,-6.63,-0.006859,96244,317.2,-9.76,-0.012970
447.08,0.0082792,0.043004,98977,96467,95891,97823,317.7,447.1,0.050412,286.9,53646,387.4,58033,283.5,82.40,0.050769,68001,295.1,108.92,0.089234,89802,318.2,97.99,0.121087,267.1,0.000000,379.9,108661,1046.7,85969,341.6,1.35,0.001024,87573,317.7,27.71,0.027240,94930,318.7,41.75,0.054453,627.1,0.000000,100.0,230135,482.9,78890,338.4,-0.56,-0.000391,78123,307.6,-16.11,-0.014595,95418,320.4,-34.33,-0.044766,87.1,0.000000,100.0,975155,1832.9,90762,343.6,0.12,0.000093,93899,323.7,-5.39,-0.005563,96130,317.1,-10.76,-0.014278
448.07,0.0082977,0.042721,98899,96399,95783,97702,317.4,448.1,0.050511,287.0,53778,385.5,58258,283.8,82.67,0.051084,69184,296.5,113.09,0.093834,89556,318.0,99.00,0.122070,268.1,0.000000,375.3,107217,1042.8,86663,342.4,1.27,0.000969,88217,318.4,29.40,0.029051,94807,318.6,41.93,0.054636,628.1,0.000000,465.6,234206,485.2,78602,338.0,-0.57,-0.000402,77687,307.1,-16.15,-0.014574,95305,320.3,-31.67,-0.041260,88.1,0.000000,1003.9,957697,1825.6,90894,343.7,0.23,0.000183,93502,323.3,-4.17,-0.004287,96034,317.0,-11.85,-0.015718
449.07,0.0083161,0.042447,98675,96377,95705,97554,317.2,449.1,0.050966,287.4,53920,383.8,58561,284.2,83.46,0.051766,70295,297.7,116.83,0.098081,89333,317.8,100.03,0.123101,269.1,0.000000,100.0,105765,1038.9,87342,343.1,1.23,0.000944,88929,319.1,30.87,0.030692,94713,318.5,42.03,0.054738,629.1,0.000000,575.9,238423,487.4,78294,337.6,-0.61,-0.000427,77278,306.6,-16.13,-0.014495,95217,320.2,-28.97,-0.037724,89.1,0.000000,358.7,940828,1818.4,91066,343.9,0.30,0.000242,93144,323.0,-2.97,-0.003047,95962,316.9,-13.01,-0.017246
450.07,0.0083346,0.042189,98345,96337,95666,97383,317.0,450.1,0.051923,288.0,54085,382.2,59027,284.8,85.16,0.053126,71342,298.9,120.16,0.101996,89136,317.6,101.08,0.124199,270.1,0.000000,100.0,104307,1034.9,88037,343.9,1.25,0.000961,89711,319.8,32.12,0.032135,94659,318.4,42.06,0.054750,630.1,0.000000,681.5,242794,489.8,77959,337.2,-0.67,-0.000464,76894,306.2,-16.06,-0.014383,95160,320.1,-26.23,-0.034138,90.1,0.000000,349.9,924527,1811.4,91252,344.1,0.33,0.000267,92830,322.7,-1.82,-0.001860,95913,316.9,-14.20,-0.018822
451.07,0.0083531,0.041951,97950,96276,95674,97190,316.9,451.1,0.053803,289.2,54294,380.6,59794,285.8,88.41,0.055667,72330,299.9,123.12,0.105585,88972,317.5,102.19,0.125387,271.1,0.000000,119.7,102843,1030.9,88777,344.6,1.32,0.001020,90561,320.6,33.12,0.033362,94644,318.3,41.97,0.054643,631.1,0.000000,3231.4,247324,492.1,77590,336.8,-0.74,-0.000511,76533,305.8,-15.92,-0.014212,95142,320.1,-23.42,-0.030473,91.1,0.000000,947.1,908772,1804.5,91431,344.2,0.33,0.000261,92563,322.4,-0.73,-0.000749,95889,316.8,-15.35,-0.020339
452.07,0.0083716,0.041733,97526,96219,95711,96979,316.8,452.1,0.057010,291.0,54576,379.2,60933,287.4,93.46,0.059643,73259,300.9,125.72,0.108844,88838,317.3,103.32,0.126650,272.1,0.000000,100.0,101374,1026.8,89592,345.5,1.43,0.001117,91466,321.5,33.87,0.034364,94676,318.2,41.83,0.054489,632.1,0.000000,310.6,252019,494.6,77182,336.3,-0.82,-0.000565,76193,305.4,-15.75,-0.014016,95166,320.2,-20.55,-0.026741,92.1,0.000000,100.0,893545,1797.7,91588,344.4,0.29,0.000231,92349,322.2,0.26,0.000263,95893,316.8,-16.39,-0.021721
453.06,0.0083901,0.041539,97049,96168,95775,96751,316.6,453.1,0.061525,293.5,54960,377.9,62399,289.3,99.79,0.064773,74130,301.7,127.96,0.111777,88729,317.2,104.45,0.127935,273.1,0.000000,232.3,99901,1022.7,90506,346.5,1.59,0.001248,92413,322.4,34.37,0.035138,94746,318.2,41.60,0.054235,633.1,0.000000,295.8,256887,497.1,76732,335.7,-0.91,-0.000623,75868,305.1,-15.59,-0.013829,95218,320.2,-17.66,-0.022993,93.1,0.000000,100.0,878824,1791.0,91710,344.5,0.23,0.000182,92190,322.0,1.14,0.001164,95916,316.8,-17.32,-0.022953
454.06,0.0084086,0.041370,96524,96116,95898,96512,316.5,454.1,0.066848,296.6,55465,376.9,64067,291.5,106.42,0.070388,74951,302.6,129.88,0.114404,88655,317.1,105.64,0.129323,274.1,0.000000,1192.1,98425,1018.5,91537,347.6,1.77,0.001403,93381,323.3,34.66,0.035699,94869,318.2,41.32,0.053927,634.1,0.000000,3400.5,261934,499.6,76242,335.1,-0.99,-0.000680,75556,304.7,-15.45,-0.013664,95316,320.3,-14.70,-0.019154,94.1,0.000000,479.7,864593,1784.5,91795,344.6,0.16,0.000129,92090,321.9,1.92,0.001952,95976,316.9,-18.03,-0.023906
455.06,0.0084271,0.041228,95924,96066,95967,96263,316.4,455.1,0.072315,299.7,56092,376.0,65818,293.8,112.49,0.075841,75731,303.3,131.52,0.116758,88593,317.0,106.76,0.130656,275.1,0.000000,452.7,96949,1014.3,92688,348.7,1.95,0.001563,94353,324.3,34.73,0.036046,95014,318.3,40.84,0.053391,635.1,0.000000,203.6,267168,502.2,75719,334.4,-1.07,-0.000728,75253,304.4,-15.33,-0.013517,95429,320.4,-11.80,-0.015384,95.1,0.000000,176.3,850833,1778.2,91847,344.7,0.10,0.000082,92061,321.9,2.57,0.002617,96048,317.0,-18.62,-0.024705
456.06,0.0084456,0.041115,95353,96025,96012,96012,316.1,456.1,0.075183,302.6,56786,375.3,68279,297.1,115.24,0.079709,76474,304.0,132.89,0.118855,88521,316.8,107.75,0.131823,276.1,0.000000,225.2,95474,1010.0,93946,350.0,2.11,0.001704,95303,325.1,34.65,0.036222,95148,318.3,40.12,0.052517,636.1,0.000000,424.4,272597,504.8,75174,333.7,-1.12,-0.000760,74967,304.1,-15.22,-0.013383,95519,320.5,-9.06,-0.011825,96.1,0.000000,458.2,837527,1771.9,91878,344.7,0.06,0.000049,92089,321.9,3.17,0.003223,96096,317.0,-19.18,-0.025462
457.06,0.0084640,0.041028,94838,95989,96053,95762,315.9,457.1,0.081654,305.7,57617,374.8,69760,298.9,120.80,0.084844,77183,304.7,134.02,0.120709,88445,316.7,108.65,0.132881,277.1,0.000000,100.0,94001,1005.7,95288,351.4,2.22,0.001814,96217,326.0,34.46,0.036276,95270,318.2,39.21,0.051403,637.1,0.000000,100.0,278228,507.5,74622,333.0,-1.15,-0.000772,74702,303.8,-15.10,-0.013247,95592,320.6,-6.46,-0.008437,97.1,0.000000,100.0,824659,1765.8,91898,344.7,0.04,0.000032,92183,322.0,3.72,0.003789,96126,317.0,-19.67,-0.026120
458.06,0.0084825,0.040965,94375,95956,96077,95516,315.7,458.1,0.083386,308.4,58486,374.5,71953,301.7,122.48,0.087907,77862,305.3,134.93,0.122337,88366,316.5,109.47,0.133849,278.1,0.000000,289.8,92528,1001.4,96687,352.8,2.29,0.001887,97088,326.8,34.21,0.036247,95374,318.1,38.20,0.050138,638.1,0.000000,107.5,284072,510.3,74081,332.4,-1.13,-0.000761,74464,303.5,-14.95,-0.013084,95652,320.7,-3.99,-0.005215,98.1,0.000000,177.3,812211,1759.7,91920,344.7,0.04,0.000033,92342,322.2,4.24,0.004326,96145,317.0,-20.09,-0.026676
459.05,0.0085010,0.040923,93948,95932,96073,95278,315.4,459.1,0.089125,311.0,59471,374.3,73257,303.3,126.38,0.091883,78513,306.0,135.62,0.123744,88279,316.2,110.19,0.134695,279.1,0.000000,170.5,91047,997.0,98120,354.2,2.32,0.001929,97905,327.5,33.92,0.036168,95451,318.0,37.11,0.048763,639.1,0.000000,338.5,290136,513.1,73565,331.7,-1.09,-0.000729,74251,303.3,-14.75,-0.012875,95692,320.7,-1.68,-0.002200,99.1,0.000000,1067.7,800169,1753.8,91953,344.8,0.06,0.000048,92564,322.4,4.74,0.004842,96148,317.0,-20.47,-0.027180
460.05,0.0085194,0.040900,93547,95857,96051,95048,315.0,460.1,0.089609,313.2,60464,374.3,75225,305.7,127.27,0.094265,79126,306.5,136.11,0.124926,88184,316.0,110.81,0.135418,280.1,0.000000,399.7,89558,992.5,99570,355.6,2.31,0.001946,98664,328.2,33.62,0.036046,95500,317.9,35.98,0.047333,640.1,0.000000,315.2,296432,516.0,73085,331.1,-1.03,-0.000682,74060,303.1,-14.47,-0.012609,95646,320.6,0.31,0.000410,100.1,0.000000,259.0,788517,1748.1,92006,344.8,0.09,0.000076,92837,322.7,5.21,0.005330,96128,316.9,-20.83,-0.027661
461.05,0.0085379,0.040896,93185,95752,96000,94830,314.7,461.0,0.092265,315.8,61507,374.3,77172,308.0,127.11,0.095845,79685,307.0,136.40,0.125870,88079,315.7,111.34,0.136014,281.0,0.000000,467.1,88071,987.9,101021,357.1,2.28,0.001943,99362,328.8,33.29,0.035874,95515,317.7,34.89,0.045929,641.0,0.000000,237.9,302970,518.9,72647,330.5,-0.94,-0.000624,73879,302.9,-14.13,-0.012291,95543,320.5,2.15,0.002807,101.0,0.000000,352.8,777240,1742.4,92084,344.9,0.14,0.000110,93139,323.0,5.63,0.005775,96083,316.9,-21.18,-0.028121
462.04,0.0085564,0.040907,92858,95663,95932,94624,314.3,462.0,0.096653,317.1,62629,374.5,78135,309.0,129.75,0.098735,80197,307.5,136.55,0.126607,87966,315.4,111.77,0.136491,282.0,0.000000,224.2,86608,983.4,102459,358.4,2.23,0.001918,100006,329.4,32.88,0.035605,95502,317.5,33.84,0.044565,642.0,0.000000,155.6,309760,521.9,72254,330.0,-0.86,-0.000564,73694,302.7,-13.75,-0.011939,95473,320.4,3.95,0.005157,102.0,0.000000,528.9,766325,1736.8,92186,345.0,0.18,0.000145,93448,323.3,6.00,0.006168,96022,316.8,-21.54,-0.028583
463.04,0.0085748,0.040932,92559,95558,95838,94431,313.9,463.0,0.096032,319.1,63733,374.7,79881,311.1,129.00,0.099691,80660,308.0,136.49,0.127097,87843,315.1,112.10,0.136847,283.0,0.000000,100.0,85313,979.3,103867,359.8,2.16,0.001872,100609,329.9,32.35,0.035191,95464,317.2,32.81,0.043236,643.0,0.000000,100.0,316814,525.0,71900,329.5,-0.77,-0.000508,73491,302.5,-13.35,-0.011567,95403,320.3,5.67,0.007398,103.0,0.000000,159.4,755759,1731.4,92309,345.1,0.22,0.000176,93741,323.5,6.31,0.006504,95942,316.7,-21.92,-0.029075
464.04,0.0085932,0.040970,92288,95428,95719,94254,313.5,464.0,0.099999,320.5,64903,375.0,80825,312.1,130.82,0.101979,81066,308.4,136.31,0.127405,87711,314.8,112.37,0.137105,284.0,0.000000,100.0,84521,976.5,105229,361.0,2.06,0.001805,101191,330.4,31.67,0.034602,95399,316.9,31.81,0.041928,644.0,0.000000,100.0,324145,528.1,71582,329.1,-0.70,-0.000460,73264,302.2,-12.93,-0.011177,95318,320.1,7.29,0.009507,104.0,0.000000,582.6,745527,1726.0,92450,345.3,0.25,0.000204,94001,323.8,6.57,0.006780,95841,316.6,-22.34,-0.029610
465.03,0.0086117,0.041020,92063,95282,95547,94092,313.0,465.0,0.098770,322.1,66042,375.3,82417,313.9,129.82,0.102592,81441,308.7,136.08,0.127632,87562,314.4,112.55,0.137241,285.0,0.000000,100.0,85469,978.3,106528,362.2,1.94,0.001718,101772,330.9,30.82,0.033814,95300,316.6,30.81,0.040607,645.0,0.000000,628.6,331765,531.3,71289,328.7,-0.65,-0.000423,73017,301.9,-12.46,-0.010744,95202,319.8,8.77,0.011426,105.0,0.000000,100.0,735620,1720.8,92610,345.4,0.29,0.000231,94206,324.0,6.75,0.006974,95705,316.4,-22.82,-0.030228
466.09,0.0086313,0.041082,91880,95092,95341,93938,312.5,466.1,0.099974,323.5,67266,375.7,84166,315.9,128.39,0.102970,81810,309.1,135.87,0.127865,87381,314.0,112.64,0.137227,286.1,0.000000,100.0,86786,981.0,107827,363.4,1.80,0.001608,102408,331.4,29.70,0.032731,95148,316.2,29.76,0.039207,646.1,0.000000,100.0,340195,534.7,70998,328.3,-0.61,-0.000395,72754,301.6,-11.83,-0.010178,95038,319.5,10.15,0.013217,106.1,0.000000,105.6,725434,1715.4,92805,345.6,0.33,0.000267,94369,324.1,6.87,0.007110,95513,316.2,-23.43,-0.030992
467.08,0.0086497,0.041147,91742,94901,95162,93811,312.1,467.1,0.103383,324.8,68472,376.1,84798,316.4,129.59,0.104531,82116,309.4,135.73,0.128086,87211,313.7,112.68,0.137168,287.1,0.000000,573.9,88388,984.5,108964,364.5,1.66,0.001493,103035,331.9,28.42,0.031462,94987,315.8,28.87,0.038019,647.1,0.000000,224.7,348457,538.1,70737,328.0,-0.58,-0.000375,72526,301.4,-11.06,-0.009495,94871,319.1,11.35,0.014779,107.1,0.000000,100.0,716157,1710.3,93022,345.8,0.39,0.000313,94475,324.2,6.94,0.007186,95325,316.0,-23.99,-0.031684
468.08,0.0086681,0.041216,91639,94700,94962,93701,311.6,468.1,0.101311,325.8,69627,376.6,86371,318.1,127.80,0.104429,82383,309.7,135.61,0.128263,87038,313.3,112.67,0.137054,288.1,0.000000,100.0,89971,987.8,110009,365.4,1.51,0.001371,103695,332.5,26.93,0.029954,94811,315.4,28.08,0.036958,648.1,0.000000,131.5,357054,541.5,70490,327.7,-0.55,-0.000356,72331,301.1,-10.10,-0.008650,94689,318.8,12.48,0.016233,108.1,0.000000,234.3,707169,1705.4,93281,346.1,0.46,0.000374,94536,324.3,6.97,0.007221,95126,315.7,-24.50,-0.032320
469.07,0.0086865,0.041289,91594,94488,94734,93608,311.1,469.1,0.104522,326.9,70833,377.0,86951,318.6,128.56,0.105582,82598,309.9,135.35,0.128250,86857,312.9,112.61,0.136857,289.1,0.000000,100.0,91446,990.8,110963,366.3,1.37,0.001247,104390,333.1,25.26,0.028231,94616,315.0,27.37,0.035994,649.1,0.000000,202.2,366001,544.9,70261,327.4,-0.51,-0.000332,72177,301.0,-8.94,-0.007647,94488,318.3,13.50,0.017547,109.1,0.000000,192.2,698460,1700.6,93594,346.4,0.55,0.000450,94551,324.3,6.92,0.007170,94905,315.5,-24.98,-0.032902
470.07,0.0087049,0.041361,91625,94253,94476,93532,310.6,470.1,0.102070,327.7,71982,377.4,88385,320.2,126.47,0.105073,82815,310.2,135.03,0.128183,86660,312.5,112.49,0.136564,290.1,0.000000,100.0,92791,993.4,111822,367.0,1.22,0.001122,105113,333.7,23.44,0.026334,94397,314.6,26.72,0.035101,650.1,0.000000,237.7,375317,548.5,70057,327.1,-0.46,-0.000296,72084,300.8,-7.57,-0.006472,94263,317.8,14.39,0.018690,110.1,0.000000,1317.6,690019,1695.8,93964,346.8,0.65,0.000533,94545,324.3,6.76,0.007012,94654,315.2,-25.42,-0.033426
471.06,0.0087233,0.041430,91740,94017,94198,93473,310.1,471.1,0.104911,328.6,73172,377.9,88888,320.6,126.83,0.105840,83052,310.5,134.67,0.128083,86447,312.2,112.31,0.136184,291.1,0.000000,100.0,94057,995.7,112589,367.7,1.08,0.000999,105856,334.3,21.52,0.024305,94154,314.1,26.13,0.034286,651.1,0.000000,326.5,385020,552.1,69886,326.9,-0.39,-0.000250,72052,300.8,-6.01,-0.005134,94013,317.3,15.16,0.019661,111.1,0.000000,100.0,681837,1691.2,94390,347.2,0.75,0.000613,94504,324.2,6.53,0.006769,94376,314.9,-25.81,-0.033867
472.05,0.0087417,0.041490,91945,93793,93910,93428,309.7,472.1,0.102098,329.3,74301,378.3,90164,321.9,124.50,0.104954,83316,310.9,134.16,0.127857,86222,311.7,112.09,0.135746,292.1,0.000000,185.2,95113,997.5,113262,368.3,0.95,0.000875,106607,335.0,19.55,0.022188,93891,313.7,25.63,0.033591,652.1,0.000000,140.0,395130,555.8,69750,326.7,-0.31,-0.000201,72116,300.9,-4.20,-0.003587,93744,316.8,15.82,0.020494,112.1,0.000000,135.3,673905,1686.7,94857,347.7,0.82,0.000673,94448,324.2,6.21,0.006429,94078,314.5,-26.09,-0.034168
473.05,0.0087601,0.041539,92258,93574,93619,93394,309.2,473.0,0.104592,330.0,75464,378.8,90577,322.2,124.52,0.105347,83631,311.3,133.48,0.127508,85990,311.3,111.86,0.135277,293.0,0.000000,1065.4,96148,999.2,113840,368.8,0.81,0.000751,107356,335.6,17.55,0.020021,93616,313.2,25.26,0.033061,653.0,0.000000,375.7,405668,559.6,69644,326.5,-0.25,-0.000157,72319,301.1,-2.04,-0.001744,93462,316.2,16.42,0.021246,113.0,0.000000,164.2,666214,1682.2,95342,348.1,0.85,0.000701,94382,324.1,5.81,0.006013,93771,314.2,-26.21,-0.034253
474.04,0.0087785,0.041571,92614,93355,93323,93365,308.7,474.0,0.101395,330.4,76560,379.2,91738,323.4,121.97,0.104147,83998,311.8,132.59,0.127018,85753,310.9,111.61,0.134791,294.0,0.000000,112.8,97069,1000.6,114323,369.2,0.67,0.000626,108092,336.3,15.56,0.017838,93324,312.8,24.98,0.032641,654.0,0.000000,1247.4,416656,563.4,69558,326.4,-0.20,-0.000128,72640,301.5,0.40,0.000342,93176,315.6,16.99,0.021963,114.0,0.000000,100.0,658756,1677.8,95815,348.6,0.83,0.000686,94310,324.0,5.35,0.005539,93457,313.8,-26.20,-0.034157
475.03,0.0087969,0.041586,92984,93134,93027,93338,308.2,475.0,0.103670,331.0,77687,379.6,92096,323.6,121.79,0.104329,84427,312.3,131.50,0.126388,85513,310.5,111.36,0.134297,295.0,0.000000,2493.7,97863,1001.7,114711,369.6,0.54,0.000504,108806,336.9,13.60,0.015670,93022,312.3,24.77,0.032306,655.0,0.000000,100.0,428118,567.4,69479,326.3,-0.18,-0.000116,73036,302.0,2.96,0.002553,92889,315.0,17.53,0.022637,115.0,0.000000,100.0,651522,1673.5,96247,349.0,0.76,0.000631,94237,324.0,4.84,0.005008,93139,313.5,-26.08,-0.033927
476.03,0.0088154,0.041581,93480,92914,92729,93307,307.8,476.0,0.100322,331.4,78746,380.0,93218,324.6,119.28,0.103081,84933,313.0,130.21,0.125628,85270,310.0,111.11,0.133805,296.0,0.000000,100.0,99273,1004.2,115009,369.8,0.41,0.000388,109489,337.4,11.71,0.013548,92712,311.8,24.63,0.032064,656.0,0.000000,461.1,440081,571.4,69399,326.2,-0.18,-0.000117,73470,302.5,5.52,0.004783,92604,314.4,18.04,0.023261,116.0,0.000000,382.6,644504,1669.3,96617,349.4,0.65,0.000544,94167,323.9,4.29,0.004431,92814,313.1,-25.82,-0.033517
477.09,0.0088349,0.041556,93752,92683,92425,93260,307.3,477.1,0.099984,349.8,79857,380.4,94483,325.9,116.20,0.101400,85565,313.8,128.62,0.124702,85012,309.6,110.86,0.133299,297.1,0.000000,831.5,100696,1006.6,115235,370.0,0.29,0.000274,110172,338.0,9.79,0.011377,92382,311.3,24.56,0.031916,657.1,0.000000,100.0,453368,575.8,69307,326.1,-0.20,-0.000126,73942,303.1,8.16,0.007102,92307,313.8,18.54,0.023873,117.1,0.000000,193.6,637277,1665.0,96930,349.7,0.52,0.000432,94094,323.8,3.66,0.003776,92468,312.8,-25.37,-0.032840
478.08,0.0088534,0.041524,93874,92471,92162,93201,307.0,478.1,0.101699,332.3,80925,380.8,94604,325.8,116.51,0.101839,86248,314.6,126.97,0.123750,84777,309.1,110.66,0.132877,298.1,0.000000,100.0,101875,1008.4,115370,370.1,0.19,0.000178,110769,338.5,8.09,0.009438,92083,310.8,24.58,0.031892,658.1,0.000000,305.1,466447,580.0,69223,326.0,-0.18,-0.000118,74383,303.6,10.53,0.009207,92039,313.2,18.99,0.024426,118.1,0.000000,146.9,630684,1660.9,97144,349.9,0.38,0.000320,94031,323.7,3.02,0.003118,92159,312.4,-24.73,-0.031944
479.08,0.0088718,0.041488,93968,92262,91917,93124,306.6,479.1,0.098385,332.6,81929,381.1,95745,326.8,113.46,0.100042,87002,315.6,125.23,0.122765,84553,308.7,110.50,0.132513,299.1,0.000000,548.3,102976,1010.0,115440,370.2,0.10,0.000095,111319,339.0,6.51,0.007625,91796,310.3,24.70,0.031991,659.1,0.000000,378.9,480111,584.3,69185,325.9,-0.09,-0.000057,74813,304.1,12.80,0.011233,91785,312.7,19.43,0.024972,119.1,0.000000,5322.4,624287,1657.0,97279,350.0,0.25,0.000207,93979,323.7,2.32,0.002399,91864,312.1,-23.89,-0.030791
480.07,0.0088902,0.041449,93995,92059,91689,93029,306.3,480.1,0.100179,333.1,82957,381.5,95850,326.7,113.57,0.100285,87812,316.5,123.49,0.121805,84338,308.3,110.37,0.132201,300.1,0.000000,2669.1,104071,1011.6,115456,370.2,0.03,0.000024,111822,339.4,5.07,0.005955,91523,309.8,24.89,0.032197,660.1,0.000000,142.1,494388,588.6,69196,325.9,0.02,0.000010,75236,304.5,14.97,0.013189,91542,312.1,19.87,0.025517,120.1,0.000000,270.0,618082,1653.1,97340,350.1,0.12,0.000099,93941,323.7,1.55,0.001600,91582,311.8,-22.80,-0.029314
481.07,0.0089087,0.041411,93926,91860,91475,92914,305.9,481.1,0.096710,333.2,83921,381.8,96936,327.7,110.65,0.098519,88661,317.6,121.79,0.120908,84131,307.9,110.28,0.131933,301.1,0.000000,100.0,105221,1013.3,115428,370.2,-0.03,-0.000032,112278,339.8,3.77,0.004442,91267,309.4,25.15,0.032478,661.1,0.000000,293.3,509310,593.1,69267,326.0,0.16,0.000100,75658,305.0,17.06,0.015092,91311,311.6,20.31,0.026061,121.1,0.000000,100.0,612062,1649.3,97331,350.1,-0.00,-0.000001,93917,323.6,0.69,0.000710,91328,311.6,-21.50,-0.027592
482.06,0.0089271,0.041377,93850,91674,91277,92778,305.6,482.1,0.098511,333.8,84912,382.1,97043,327.6,110.61,0.098624,89529,318.6,120.17,0.120074,83934,307.5,110.21,0.131708,302.1,0.000000,100.0,106423,1015.0,115366,370.1,-0.08,-0.000077,112690,340.2,2.62,0.003091,91035,309.0,25.42,0.032791,662.1,0.000000,1041.2,524909,597.7,69431,326.2,0.36,0.000231,76094,305.5,19.10,0.016968,91091,311.0,20.75,0.026609,122.1,0.000000,100.0,606197,1645.5,97264,350.0,-0.11,-0.000090,93904,323.6,-0.27,-0.000277,91102,311.3,-20.07,-0.025716
483.06,0.0089456,0.041350,93661,91503,91096,92623,305.4,483.1,0.094970,333.8,85838,382.4,98091,328.5,107.84,0.096925,90398,319.6,118.60,0.119280,83748,307.1,110.16,0.131525,303.1,0.000000,455.6,107622,1016.7,115277,370.0,-0.12,-0.000112,113059,340.5,1.61,0.001903,90828,308.6,25.68,0.033098,663.1,0.000000,100.0,541221,602.4,69725,326.6,0.65,0.000416,76558,306.0,21.13,0.018850,90883,310.5,21.20,0.027169,123.1,0.000000,100.0,600324,1641.3,97133,349.9,-0.21,-0.000179,93895,323.6,-1.33,-0.001372,90900,311.1,-18.56,-0.023741
484.06,0.0089640,0.041332,93426,91343,90931,92447,305.1,484.1,0.096774,334.3,86792,382.7,98204,328.4,107.67,0.096913,91256,320.6,117.08,0.118496,83575,306.8,110.14,0.131378,304.1,0.000000,100.0,108742,1018.2,115166,369.9,-0.15,-0.000139,113380,340.8,0.73,0.000866,90651,308.2,25.90,0.033355,664.1,0.000000,300.9,558281,607.1,70194,327.2,1.03,0.000667,77067,306.6,23.18,0.020778,90688,310.0,21.66,0.027745,124.1,0.000000,556.9,594620,1637.2,96947,349.7,-0.31,-0.000258,93891,323.6,-2.50,-0.002579,90721,310.9,-16.99,-0.021706
485.05,0.0089824,0.041326,93149,91193,90782,92254,304.9,485.1,0.093209,334.3,87682,383.0,99219,329.2,105.06,0.095297,92093,321.6,115.58,0.117691,83416,306.4,110.13,0.131259,305.1,0.000000,100.0,109695,1019.2,115041,369.8,-0.17,-0.000158,113648,341.0,-0.04,-0.000043,90499,307.9,26.06,0.033537,665.1,0.000000,100.0,576127,612.0,70880,328.1,1.50,0.000976,77632,307.2,25.29,0.022793,90505,309.5,22.14,0.028343,125.1,0.000000,100.0,589083,1633.2,96717,349.4,-0.39,-0.000323,93886,323.6,-3.74,-0.003857,90562,310.7,-15.39,-0.019644
486.05,0.0090009,0.041334,92830,91055,90650,92043,304.7,486.0,0.095022,334.8,88603,383.3,99361,329.2,104.83,0.095238,92905,322.5,114.07,0.116839,83271,306.1,110.13,0.131167,306.0,0.000000,125.6,110420,1019.8,114905,369.7,-0.18,-0.000172,113854,341.2,-0.71,-0.000848,90384,307.6,26.10,0.033581,666.0,0.000000,124.2,594799,616.9,71799,329.2,1.99,0.001307,78254,307.9,27.49,0.024919,90336,309.0,22.63,0.028966,126.0,0.000000,100.0,583707,1629.2,96454,349.2,-0.45,-0.000373,93860,323.6,-4.98,-0.005141,90424,310.6,-13.79,-0.017579
487.04,0.0090193,0.041359,92387,90930,90539,91817,304.5,487.0,0.091532,334.9,89463,383.6,100360,330.0,102.44,0.093760,93687,323.4,112.54,0.115922,83142,305.9,110.15,0.131105,307.0,0.000000,1517.3,110925,1019.9,114762,369.6,-0.20,-0.000183,113986,341.3,-1.32,-0.001571,90304,307.3,25.92,0.033351,667.0,0.000000,225.1,614338,622.0,72926,330.6,2.42,0.001605,78922,308.6,29.76,0.027145,90184,308.6,23.17,0.029653,127.0,0.000000,79923.5,578484,1625.3,96168,348.9,-0.49,-0.000408,93808,323.5,-6.20,-0.006392,90308,310.4,-12.20,-0.015533
488.04,0.0090377,0.041405,91936,90818,90446,91579,304.4,488.0,0.093406,335.3,90355,383.8,100559,330.0,102.22,0.093757,94440,324.2,110.98,0.114928,83031,305.6,110.17,0.131070,308.0,0.000000,5319.7,111239,1019.5,114612,369.4,-0.20,-0.000190,114041,341.3,-1.88,-0.002240,90249,307.1,25.52,0.032836,668.0,0.000000,155.6,634787,627.2,74204,332.2,2.71,0.001824,79609,309.4,32.05,0.029414,90053,308.2,23.77,0.030413,128.0,0.000000,338.0,573407,1621.5,95866,348.6,-0.52,-0.000433,93731,323.5,-7.34,-0.007561,90218,310.3,-10.64,-0.013548
489.03,0.0090561,0.041468,91601,90718,90370,91333,304.3,489.0,0.090103,335.5,91192,384.1,101577,330.8,100.03,0.092432,95162,325.1,109.38,0.113854,82936,305.4,110.20,0.131056,309.0,0.000000,516.8,111387,1018.8,114459,369.3,-0.21,-0.000194,114021,341.3,-2.42,-0.002886,90223,306.9,24.92,0.032080,669.0,0.000000,1405.5,656193,632.4,75563,333.8,2.85,0.001941,80286,310.1,34.27,0.031641,89942,307.8,24.39,0.031210,129.0,0.000000,289.2,568467,1617.7,95552,348.2,-0.55,-0.000450,93631,323.4,-8.36,-0.008602,90154,310.3,-9.19,-0.011692
490.09,0.0090757,0.041551,91211,90620,90309,91063,304.2,490.1,0.092067,335.9,92119,384.4,101868,330.9,99.91,0.092569,95895,325.9,107.64,0.112622,82852,305.1,110.24,0.131065,310.1,0.000000,100.0,111391,1017.7,114299,369.1,-0.21,-0.000193,113927,341.2,-3.00,-0.003568,90232,306.7,24.02,0.030937,670.1,0.000000,454.0,680039,638.1,77024,335.6,2.85,0.001965,80964,310.8,36.45,0.033859,89845,307.4,25.07,0.032080,130.1,0.000000,409.4,563361,1613.7,95209,347.9,-0.57,-0.000466,93501,323.3,-9.27,-0.009539,90104,310.2,-7.75,-0.009859
491.08,0.0090941,0.041648,90792,90526,90276,90802,304.1,491.1,0.088969,336.4,92942,384.6,102888,331.8,97.97,0.091441,96551,326.6,105.95,0.111372,82790,305.0,110.29,0.131104,311.1,0.000000,439.6,111268,1016.3,114153,369.0,-0.20,-0.000186,113781,341.1,-3.54,-0.004207,90283,306.6,22.86,0.029474,671.1,0.000000,100.0,703572,643.6,78370,337.1,2.75,0.001923,81545,311.4,38.27,0.035741,89774,307.1,25.71,0.032918,131.1,0.000000,226.2,558679,1610.1,94876,347.5,-0.59,-0.000481,93359,323.1,-9.98,-0.010251,90077,310.2,-6.49,-0.008250
492.07,0.0091124,0.041763,90319,90443,90263,90537,304.0,492.1,0.091055,336.7,93803,384.9,103205,331.9,97.91,0.091640,97172,327.3,104.23,0.110035,82745,304.8,110.36,0.131178,312.1,0.000000,171.7,111017,1014.7,114019,368.9,-0.18,-0.000172,113583,340.9,-4.06,-0.004830,90374,306.6,21.37,0.027589,672.1,0.000000,500.1,728216,649.2,79675,338.6,2.63,0.001859,82069,312.0,39.85,0.037392,89723,306.8,26.37,0.033775,132.1,0.000000,266.1,554111,1606.5,94531,347.2,-0.61,-0.000499,93204,323.0,-10.52,-0.010799,90072,310.2,-5.32,-0.006759
493.06,0.0091308,0.041900,89827,90346,90267,90271,304.0,493.1,0.088096,337.1,94618,385.2,104236,332.8,96.06,0.090565,97762,327.9,102.47,0.108628,82716,304.7,110.44,0.131283,313.1,0.000000,100.0,110617,1012.8,113902,368.8,-0.16,-0.000151,113344,340.7,-4.58,-0.005432,90494,306.6,19.56,0.025279,673.1,0.000000,100.0,754024,654.9,80946,340.1,2.52,0.001804,82546,312.5,41.19,0.038812,89690,306.5,27.04,0.034643,133.1,0.000000,126.7,549648,1603.0,94170,346.8,-0.64,-0.000522,93038,322.8,-10.92,-0.011187,90089,310.2,-4.25,-0.005406
494.05,0.0091492,0.042057,89346,90224,90287,90007,304.0,494.1,0.090182,337.5,95471,385.4,104546,332.9,95.99,0.090735,98326,328.5,100.70,0.107167,82703,304.6,110.55,0.131431,314.1,0.000000,1050.3,110086,1010.5,113806,368.7,-0.13,-0.000125,113071,340.5,-5.08,-0.006019,90627,306.6,17.47,0.022616,674.1,0.000000,418.5,781053,660.7,82209,341.5,2.47,0.001787,82992,312.9,42.29,0.040009,89675,306.3,27.70,0.035518,134.1,0.000000,100.0,545282,1599.5,93789,346.4,-0.68,-0.000552,92865,322.7,-11.17,-0.011426,90130,310.2,-3.31,-0.004206
495.05,0.0091675,0.042234,88885,90103,90309,89747,304.0,495.0,0.087194,337.9,96279,385.7,105559,333.7,94.14,0.089619,98863,329.1,98.91,0.105656,82702,304.5,110.67,0.131612,315.0,0.000000,100.0,109511,1008.2,113727,368.6,-0.11,-0.000102,112772,340.3,-5.58,-0.006597,90751,306.6,15.21,0.019714,675.0,0.000000,100.0,809360,666.6,83499,342.9,2.48,0.001815,83427,313.3,43.15,0.040973,89673,306.0,28.36,0.036387,135.0,0.000000,351.7,541007,1596.0,93384,346.0,-0.72,-0.000588,92687,322.5,-11.28,-0.011527,90195,310.3,-2.53,-0.003218
496.03,0.0091858,0.042429,88432,89986,90317,89495,304.0,496.0,0.089183,338.3,97125,386.0,105830,333.9,93.96,0.089647,99373,329.6,97.10,0.104096,82701,304.4,110.78,0.131761,316.0,0.000000,168.5,109222,1006.4,113658,368.5,-0.10,-0.000091,112451,340.0,-6.08,-0.007175,90849,306.6,12.86,0.016679,676.0,0.000000,330.8,839006,672.6,84850,344.4,2.55,0.001891,83881,313.8,43.68,0.041646,89672,305.8,28.99,0.037211,136.0,0.000000,100.0,536818,1592.6,92952,345.5,-0.77,-0.000627,92504,322.3,-11.28,-0.011510,90254,310.3,-1.99,-0.002540
497.09,0.0092053,0.042657,87979,89862,90330,89237,304.0,497.1,0.086192,338.7,97977,386.3,106796,334.7,92.10,0.088453,99885,330.1,95.17,0.102389,82702,304.4,110.87,0.131894,317.1,0.000000,127.7,110157,1007.1,113580,368.5,-0.10,-0.000096,112091,339.7,-6.62,-0.007791,90920,306.6,10.36,0.013448,677.1,0.000000,299.8,872042,679.1,86382,346.1,2.68,0.002013,84428,314.3,43.86,0.042020,89670,305.6,29.62,0.038046,137.1,0.000000,733.5,532451,1589.0,92465,345.0,-0.83,-0.000667,92302,322.1,-11.18,-0.011395,90303,310.4,-1.66,-0.002115
498.07,0.0092236,0.042888,87572,89752,90285,89007,304.0,498.1,0.085397,339.1,98771,386.6,107819,335.6,89.74,0.086774,100340,330.6,93.34,0.100737,82691,304.4,110.91,0.131938,318.1,0.000000,100.0,114622,1015.3,113490,368.4,-0.13,-0.000116,111737,339.4,-7.13,-0.008375,90947,306.6,8.03,0.010428,678.1,0.000000,166.8,904650,685.3,87926,347.7,2.81,0.002141,84991,314.9,43.62,0.041989,89652,305.5,30.15,0.038747,138.1,0.000000,215.8,528415,1585.7,91987,344.5,-0.87,-0.000697,92104,321.9,-11.04,-0.011227,90319,310.4,-1.58,-0.002018
499.06,0.0092418,0.043134,87194,89646,90195,88792,303.9,499.1,0.086986,339.4,99596,386.8,107869,335.5,89.86,0.086952,100767,331.0,91.50,0.099043,82655,304.3,110.88,0.131861,319.1,0.000000,226.5,121075,1027.2,113371,368.3,-0.17,-0.000154,111372,339.1,-7.65,-0.008959,90928,306.5,5.67,0.007366,679.1,0.000000,248.7,938793,691.6,89544,349.4,2.90,0.002233,85632,315.5,42.89,0.041519,89600,305.3,30.56,0.039274,139.1,0.000000,226.4,524442,1582.4,91499,343.9,-0.89,-0.000714,91897,321.8,-10.85,-0.011022,90297,310.4,-1.78,-0.002265
500.05,0.0092601,0.043393,86892,89535,90092,88592,303.7,500.0,0.083652,339.7,100374,387.1,108792,336.3,87.61,0.085303,101168,331.4,89.65,0.097316,82598,304.3,110.79,0.131699,320.0,0.000000,727.5,128002,1039.5,113207,368.1,-0.23,-0.000211,111000,338.8,-8.16,-0.009539,90877,306.5,3.27,0.004243,680.0,0.000000,888.7,974541,698.1,91191,351.1,2.91,0.002270,86349,316.2,41.70,0.040614,89512,305.1,30.89,0.039684,140.0,0.000000,100.0,520525,1579.1,91014,343.4,-0.89,-0.000713,91681,321.5,-10.66,-0.010805,90240,310.3,-2.21,-0.002816
501.03,0.0092783,0.043661,86650,89421,89990,88410,303.6,501.0,0.085116,340.0,101181,387.4,108834,336.3,87.36,0.085099,101543,331.7,87.81,0.095564,82532,304.2,110.67,0.131482,321.0,0.000000,100.0,134882,1051.1,112983,367.9,-0.31,-0.000286,110625,338.5,-8.68,-0.010113,90708,306.3,0.50,0.000650,681.0,0.000000,112.5,1011963,704.6,92818,352.8,2.82,0.002235,87125,317.0,40.11,0.039323,89399,304.8,31.22,0.040085,141.0,0.000000,100.0,516657,1575.8,90545,342.9,-0.87,-0.000693,91452,321.3,-10.47,-0.010598,90147,310.2,-2.77,-0.003523
502.08,0.0092977,0.043954,86436,89301,89839,88236,303.5,502.1,0.081705,340.4,101987,387.7,109618,336.9,85.25,0.083488,101916,332.1,85.86,0.093687,82445,304.1,110.49,0.131156,322.1,0.000000,100.0,141944,1062.2,112675,367.6,-0.41,-0.000374,110228,338.1,-9.22,-0.010714,90446,306.1,-2.70,-0.003491,682.1,0.000000,1777.7,1053637,711.6,94453,354.4,2.63,0.002105,87985,317.8,38.11,0.037625,89248,304.6,31.58,0.040516,142.1,0.000000,352.7,512591,1572.4,90078,342.4,-0.82,-0.000653,91191,321.1,-10.30,-0.010403,90020,310.1,-3.44,-0.004379
503.06,0.0093159,0.044234,86256,89157,89688,88090,303.4,503.1,0.080393,340.6,102733,387.9,110423,337.6,82.91,0.081621,102244,332.4,84.04,0.091923,82346,304.0,110.26,0.130756,323.1,-0.000007,990.1,148287,1071.6,112336,367.3,-0.50,-0.000457,109862,337.8,-9.72,-0.011276,90308,305.9,-5.75,-0.007426,683.1,0.000000,293.9,1094734,718.4,95851,355.8,2.36,0.001914,88797,318.6,36.03,0.035817,89075,304.4,31.93,0.040919,143.1,0.000000,598.7,508794,1569.1,89676,342.0,-0.76,-0.000602,90925,320.8,-10.17,-0.010253,89878,309.9,-4.15,-0.005263
504.04,0.0093341,0.044519,86109,88991,89524,87963,303.2,504.0,0.081487,340.8,103503,388.2,110360,337.4,82.58,0.081282,102554,332.7,82.25,0.090163,82233,304.0,109.99,0.130285,324.0,-0.000050,985.9,153736,1079.0,111997,367.1,-0.62,-0.000569,109506,337.5,-10.23,-0.011836,90198,305.9,-9.05,-0.011683,684.0,0.000000,628.9,1137720,725.2,97087,357.0,2.07,0.001692,89579,319.4,33.87,0.033887,88881,304.1,32.31,0.041344,144.0,0.000000,366.0,505020,1565.9,89316,341.6,-0.69,-0.000542,90637,320.5,-10.08,-0.010133,89720,309.8,-4.86,-0.006165
505.08,0.0093534,0.044824,85994,88828,89342,87847,303.0,505.1,0.077939,341.1,104269,388.5,111031,338.0,80.42,0.079509,102872,332.9,80.38,0.088303,82096,303.9,109.62,0.129673,325.1,-0.000077,981.5,158678,1085.2,111583,366.9,-0.77,-0.000709,109142,337.2,-10.77,-0.012433,90095,305.8,-12.97,-0.016731,685.1,0.000000,148.8,1185540,732.6,98228,358.1,1.77,0.001460,90365,320.1,31.56,0.031776,88654,303.9,32.76,0.041846,145.1,0.000000,340.9,501031,1562.5,88982,341.2,-0.60,-0.000473,90307,320.2,-10.01,-0.010036,89537,309.6,-5.62,-0.007119
506.06,0.0093716,0.045111,85924,88701,89172,87756,302.8,506.1,0.076382,341.3,104975,388.7,111721,338.6,78.16,0.077620,103165,333.2,78.63,0.086570,81964,303.8,109.25,0.129044,326.1,-0.000117,977.7,162449,1089.5,111162,366.7,-0.93,-0.000852,108816,337.0,-11.28,-0.012997,90004,305.8,-17.09,-0.022026,686.1,0.000000,224.8,1232636,739.6,99155,359.0,1.52,0.001264,91066,320.8,29.40,0.029770,88430,303.7,33.24,0.042381,146.1,0.000000,656.3,497289,1559.2,88716,340.9,-0.52,-0.000407,89973,319.9,-9.95,-0.009953,89360,309.4,-6.31,-0.007979
507.05,0.0093897,0.045397,85885,88541,89004,87684,302.7,507.0,0.077182,341.4,105700,389.0,111641,338.5,77.56,0.077001,103460,333.4,76.92,0.084861,81835,303.8,108.88,0.128421,327.0,-0.000171,974.1,165606,1092.6,110726,366.6,-1.11,-0.001013,108504,336.7,-11.79,-0.013556,89907,305.8,-21.58,-0.027776,687.0,0.000000,21654.0,1281822,746.7,99959,359.8,1.31,0.001093,91742,321.4,27.25,0.027743,88201,303.5,33.77,0.042961,147.0,0.000000,100.0,493554,1556.0,88492,340.7,-0.44,-0.000343,89613,319.5,-9.90,-0.009874,89184,309.2,-6.96,-0.008786
508.09,0.0094090,0.045699,85879,88372,88814,87626,302.5,508.1,0.073581,341.7,106422,389.3,112188,338.9,75.38,0.075102,103780,333.7,75.13,0.083074,81705,303.8,108.50,0.127775,328.1,-0.000246,970.5,168292,1094.9,110261,366.6,-1.35,-0.001219,108188,336.4,-12.32,-0.014133,89768,305.8,-26.56,-0.034132,688.1,0.000000,787.5,1336438,754.3,100694,360.5,1.11,0.000933,92458,322.1,24.94,0.025537,87956,303.4,34.33,0.043584,148.1,0.000000,339.8,489586,1552.5,88296,340.5,-0.36,-0.000283,89203,319.1,-9.85,-0.009794,88996,309.0,-7.62,-0.009609
509.06,0.0094271,0.045978,85923,88212,88636,87589,302.3,509.1,0.071832,341.9,107083,389.5,112729,339.4,73.21,0.073195,104087,333.9,73.47,0.081425,81593,303.8,108.12,0.127137,329.1,-0.000345,967.4,169782,1095.4,109832,366.8,-1.62,-0.001460,107903,336.2,-12.79,-0.014638,89609,305.8,-31.36,-0.040233,689.1,0.000000,633.5,1390112,761.5,101282,361.0,0.94,0.000796,93152,322.8,22.71,0.023373,87725,303.2,34.84,0.044140,149.1,0.000000,100.0,485848,1549.3,88142,340.3,-0.30,-0.000237,88797,318.7,-9.81,-0.009718,88814,308.8,-8.24,-0.010379
510.04,0.0094452,0.046251,86009,88061,88485,87568,302.2,510.0,0.070207,342.1,107728,389.7,113274,339.8,70.96,0.071192,104403,334.2,71.84,0.079803,81504,303.9,107.72,0.126503,330.0,-0.000468,964.5,170908,1095.3,109419,367.2,-1.96,-0.001756,107622,336.0,-13.20,-0.015079,89404,305.8,-36.10,-0.046218,690.0,0.000000,220.8,1446031,768.8,101773,361.5,0.78,0.000664,93884,323.5,20.37,0.021092,87510,303.1,35.37,0.044708,150.0,0.000000,350.7,482100,1546.0,88009,340.1,-0.26,-0.000205,88378,318.3,-9.76,-0.009636,88645,308.7,-8.83,-0.011101
511.08,0.0094645,0.046532,86138,87917,88328,87562,302.0,511.1,0.068642,342.3,108398,390.0,113770,340.3,68.67,0.069108,104754,334.5,70.13,0.078096,81428,304.0,107.25,0.125803,331.1,-0.000624,961.6,171384,1094.1,109007,367.8,-2.40,-0.002139,107323,335.7,-13.55,-0.015449,89167,305.8,-40.85,-0.052162,691.1,0.000000,1621.0,1507943,776.6,102188,361.9,0.62,0.000526,94710,324.2,17.79,0.018535,87310,303.0,35.93,0.045332,151.1,0.000000,1067.5,478102,1542.5,87879,340.0,-0.24,-0.000188,87928,317.8,-9.68,-0.009527,88483,308.5,-9.42,-0.011824
512.06,0.0094826,0.046786,86299,87795,88175,87568,301.9,512.1,0.066799,342.4,109012,390.2,114219,340.7,66.48,0.067093,105099,334.7,68.53,0.076501,81365,304.1,106.75,0.125080,332.1,-0.000814,959.2,170800,1091.5,108649,368.8,-2.90,-0.002570,107038,335.5,-13.79,-0.015688,88944,305.8,-45.01,-0.057328,692.1,0.000000,281.5,1568587,784.1,102482,362.1,0.47,0.000399,95523,325.0,15.30,0.016035,87139,303.0,36.44,0.045888,152.1,0.000000,100.0,474319,1539.1,87754,339.9,-0.24,-0.000189,87512,317.4,-9.60,-0.009409,88333,308.3,-9.98,-0.012518
513.04,0.0095007,0.047029,86506,87678,88020,87586,301.7,513.0,0.064960,353.7,109607,390.4,114649,341.0,64.35,0.065109,105458,335.0,66.94,0.074920,81309,304.2,106.19,0.124292,333.0,-0.001033,957.0,170467,1089.1,108329,370.2,-3.49,-0.003071,106752,335.3,-13.93,-0.015818,88718,305.8,-48.86,-0.062057,693.0,0.000000,221.5,1631538,791.5,102685,362.3,0.33,0.000278,96345,325.8,12.82,0.013517,86977,302.9,36.90,0.046386,153.0,0.000000,520.6,470511,1535.7,87618,339.7,-0.26,-0.000205,87114,317.0,-9.51,-0.009289,88184,308.2,-10.57,-0.013246
514.07,0.0095199,0.047272,86783,87569,87857,87613,301.6,514.1,0.063127,342.9,110222,390.6,115022,341.3,62.29,0.063177,105855,335.3,65.27,0.073257,81255,304.3,105.51,0.123374,334.1,-0.001289,954.8,169486,1085.7,108027,372.1,-4.21,-0.003678,106449,335.0,-13.98,-0.015841,88474,305.9,-52.56,-0.066566,694.1,0.000000,343.8,1700939,799.4,102807,362.4,0.18,0.000157,97192,326.6,10.29,0.010925,86812,302.9,37.34,0.046848,154.1,0.000000,149.5,466433,1532.1,87451,339.5,-0.30,-0.000236,86718,316.6,-9.40,-0.009157,88026,308.0,-11.24,-0.014069
515.05,0.0095380,0.047485,87078,87486,87715,87644,301.4,515.1,0.061103,343.1,110782,390.8,115387,341.7,60.28,0.061274,106242,335.6,63.71,0.071712,81218,304.4,104.81,0.122454,335.1,-0.001564,951.9,171322,1086.4,107758,374.4,-4.98,-0.004311,106169,334.8,-13.93,-0.015761,88247,306.0,-55.67,-0.070289,695.1,0.000000,100.0,1768589,806.9,102843,362.5,0.06,0.000055,97932,327.3,8.11,0.008658,86667,302.9,37.71,0.047240,155.1,0.000000,100.3,462559,1528.7,87266,339.3,-0.36,-0.000275,86377,316.2,-9.29,-0.009024,87885,307.9,-11.91,-0.014887
516.03,0.0095561,0.047681,87398,87413,87585,87675,301.3,516.0,0.059240,343.3,111326,391.0,115735,342.0,58.31,0.059397,106641,335.9,62.18,0.070186,81199,304.5,104.05,0.121489,336.0,-0.001865,949.5,171748,1085.1,107514,377.2,-5.83,-0.004996,105898,334.6,-13.82,-0.015597,88033,306.1,-58.38,-0.073503,696.0,0.000000,100.0,1838441,814.4,102815,362.4,-0.04,-0.000031,98600,327.9,6.17,0.006622,86536,303.0,38.07,0.047609,156.0,0.000000,486.4,458646,1525.2,87050,339.1,-0.42,-0.000322,86076,315.9,-9.16,-0.008877,87756,307.7,-12.61,-0.015748
517.06,0.0095753,0.047871,87724,87346,87460,87706,301.2,517.1,0.057434,343.5,111887,391.2,116052,342.2,56.38,0.057542,107076,336.3,60.58,0.068586,81198,304.7,103.19,0.120419,337.1,-0.002206,947.2,171652,1082.8,107292,380.9,-6.81,-0.005771,105618,334.3,-13.62,-0.015350,87823,306.3,-60.85,-0.076383,697.1,0.000000,349.7,1915391,823.3,102726,362.3,-0.13,-0.000108,99224,328.5,4.40,0.004740,86414,303.0,38.43,0.047989,157.1,0.000000,1116.7,454440,1521.4,86784,338.8,-0.49,-0.000374,85809,315.7,-8.99,-0.008691,87637,307.6,-13.41,-0.016726
518.04,0.0095934,0.048034,87949,87291,87357,87727,301.1,518.0,0.055480,343.7,112398,391.4,116385,342.5,54.51,0.055742,107495,336.6,59.09,0.067100,81214,304.8,102.32,0.119375,338.0,-0.002580,945.3,171048,1079.8,107125,385.0,-7.82,-0.006545,105364,334.1,-13.40,-0.015076,87643,306.5,-62.80,-0.078624,698.0,0.000000,370.3,1991962,831.8,102598,362.2,-0.19,-0.000165,99735,329.0,2.99,0.003233,86314,303.1,38.76,0.048332,158.0,0.000000,100.0,450441,1517.9,86500,338.5,-0.55,-0.000424,85612,315.5,-8.78,-0.008473,87544,307.5,-14.23,-0.017738
519.08,0.0096126,0.048196,88162,87240,87266,87738,301.0,519.1,0.053767,344.0,112928,391.6,116674,342.8,52.73,0.054014,107952,336.9,57.53,0.065544,81249,305.0,101.38,0.118255,339.1,-0.002988,943.5,169818,1075.8,106995,390.3,-8.98,-0.007408,105103,333.9,-13.15,-0.014768,87475,306.8,-64.50,-0.080534,699.1,0.000000,100.0,2079947,842.5,102428,362.0,-0.25,-0.000210,100208,329.4,1.75,0.001894,86225,303.2,39.10,0.048687,159.1,0.000000,100.0,446158,1514.0,86164,338.1,-0.62,-0.000475,85466,315.3,-8.49,-0.008182,87469,307.4,-15.19,-0.018932
520.05,0.0096306,0.048339,88195,87201,87197,87736,300.9,520.1,0.051912,344.2,113412,391.8,116987,343.1,50.99,0.052326,108396,337.2,56.09,0.064103,81294,305.1,100.48,0.117206,340.1,-0.003430,942.0,168426,1071.7,106921,396.2,-10.17,-0.008255,104868,333.7,-12.93,-0.014494,87339,307.0,-65.77,-0.081923,700.1,0.000000,500.4,2171211,855.0,102250,361.9,-0.28,-0.000234,100600,329.8,0.79,0.000860,86158,303.4,39.41,0.049011,160.1,0.000000,358.8,442092,1510.3,85818,337.7,-0.68,-0.000517,85392,315.2,-8.14,-0.007840,87414,307.3,-16.19,-0.020168
521.03,0.0096487,0.048483,88034,87172,87148,87722,300.9,521.0,0.050256,344.4,113884,392.0,117284,343.4,49.33,0.050716,108856,337.6,54.67,0.062685,81351,305.3,99.59,0.116189,341.0,-0.003893,940.7,166980,1067.4,106903,403.0,-11.43,-0.009118,104646,333.5,-12.76,-0.014275,87227,307.3,-66.73,-0.082947,701.0,0.000000,415.8,2272951,870.6,102064,361.7,-0.29,-0.000245,100949,330.1,0.03,0.000031,86108,303.5,39.71,0.049329,161.0,0.000000,181.9,437992,1506.6,85451,337.3,-0.72,-0.000552,85375,315.2,-7.70,-0.007415,87368,307.2,-17.26,-0.021484
522.07,0.0096679,0.048643,87826,87152,87121,87696,300.8,522.1,0.048686,344.6,114375,392.2,117555,343.6,47.71,0.049131,109370,338.0,53.19,0.061200,81424,305.5,98.70,0.115177,342.1,-0.004408,939.3,165695,1063.2,106958,411.5,-12.86,-0.010052,104422,333.3,-12.66,-0.014141,87139,307.5,-67.44,-0.083669,702.1,0.000000,201.9,2395107,891.3,101868,361.5,-0.29,-0.000245,101276,330.4,-0.57,-0.000626,86077,303.7,40.03,0.049669,162.1,0.000000,100.0,433597,1502.6,85046,336.8,-0.76,-0.000577,85410,315.3,-7.15,-0.006884,87332,307.2,-18.40,-0.022908
523.04,0.0096860,0.048799,87737,87144,87112,87664,300.8,523.0,0.046981,344.8,114826,392.3,117841,343.9,46.17,0.047622,109882,338.4,51.80,0.059818,81501,305.7,97.91,0.114299,343.0,-0.004965,938.2,164348,1058.9,107076,420.7,-14.31,-0.010954,104217,333.2,-12.67,-0.014134,87080,307.8,-67.84,-0.084033,703.0,0.000000,391.6,2525736,915.3,101691,361.3,-0.28,-0.000236,101545,330.7,-0.95,-0.001040,86067,304.0,40.32,0.049984,163.0,0.000000,149.0,429423,1498.8,84658,336.4,-0.78,-0.000588,85487,315.4,-6.52,-0.006284,87311,307.2,-19.47,-0.024233
524.08,0.0097051,0.048967,87538,87148,87114,87622,300.8,524.1,0.045496,345.1,115296,392.5,118117,344.1,44.64,0.046121,110455,338.8,50.34,0.058359,81593,305.9,97.13,0.113447,344.1,-0.005594,937.1,162830,1054.3,107304,432.1,-16.01,-0.011960,104013,333.0,-12.82,-0.014283,87027,308.1,-67.99,-0.084102,704.1,0.000000,152.0,2683711,946.3,101513,361.1,-0.26,-0.000223,101797,330.9,-1.16,-0.001277,86074,304.2,40.60,0.050304,164.1,0.000000,1603.2,424944,1494.7,84251,335.9,-0.77,-0.000584,85614,315.5,-5.75,-0.005545,87299,307.1,-20.56,-0.025592
525.05,0.0097232,0.049135,87281,87164,87125,87578,300.8,525.1,0.043894,345.3,115729,392.7,118406,344.4,43.19,0.044700,111014,339.2,48.97,0.056986,81694,306.1,96.43,0.112699,345.1,-0.006305,936.4,161306,1049.7,107650,444.6,-17.77,-0.012946,103837,332.9,-13.13,-0.014603,86995,308.3,-67.92,-0.083922,705.1,0.000000,100.0,2852588,981.1,101359,361.0,-0.24,-0.000207,102001,331.1,-1.20,-0.001323,86087,304.5,40.85,0.050574,165.1,0.000000,209.7,419543,1490.0,83882,335.5,-0.75,-0.000565,85765,315.7,-4.90,-0.004738,87291,307.1,-21.52,-0.026786
526.09,0.0097423,0.049321,87036,87196,87147,87527,300.9,526.1,0.042499,345.5,116183,392.9,118695,344.6,41.75,0.043279,111618,339.6,47.51,0.055514,81810,306.2,95.70,0.111934,346.1,-0.007057,936.1,158950,1043.6,108125,459.7,-19.78,-0.013996,103649,332.7,-13.62,-0.015131,86980,308.5,-67.71,-0.083589,706.1,0.000000,495.2,3055450,1024.4,101212,360.8,-0.22,-0.000185,102192,331.3,-1.13,-0.001240,86109,304.7,41.09,0.050840,166.1,0.000000,296.6,413579,1484.7,83514,335.1,-0.71,-0.000532,85947,315.9,-3.89,-0.003762,87282,307.1,-22.42,-0.027904
527.06,0.0097604,0.049505,86819,87236,87179,87479,300.9,527.1,0.039773,352.8,116583,393.1,119395,345.3,39.45,0.041065,112181,340.1,46.13,0.054108,81924,306.4,95.03,0.111251,347.1,-0.007788,936.5,154698,1034.8,108604,475.8,-21.69,-0.014894,103466,332.6,-14.25,-0.015813,86978,308.7,-67.42,-0.083174,707.1,0.000000,205.6,3269797,1071.4,101092,360.7,-0.19,-0.000162,102342,331.4,-0.93,-0.001025,86138,304.9,41.30,0.051083,167.1,0.000000,487.3,407894,1479.6,83199,334.7,-0.65,-0.000488,86130,316.0,-2.84,-0.002755,87271,307.0,-23.10,-0.028748
528.03,0.0097784,0.049695,86652,87285,87217,87432,300.9,528.0,0.039696,346.0,116997,393.3,119644,345.5,38.25,0.039871,112727,340.5,44.74,0.052674,82044,306.5,94.37,0.110595,348.0,-0.008496,936.8,151201,1027.0,109101,493.7,-23.62,-0.015698,103278,332.4,-15.05,-0.016681,86991,308.9,-67.05,-0.082678,708.0,0.000000,103.2,3507638,1124.4,100989,360.6,-0.16,-0.000138,102455,331.5,-0.66,-0.000731,86175,305.2,41.51,0.051322,168.0,0.000000,100.0,402146,1474.4,82923,334.4,-0.58,-0.000430,86315,316.2,-1.74,-0.001685,87266,307.0,-23.58,-0.029345
529.06,0.0097975,0.049900,86523,87340,87264,87383,301.0,529.1,0.038435,346.2,117433,393.5,119880,345.7,37.08,0.038706,113282,340.9,43.26,0.051117,82180,306.7,93.66,0.109892,349.1,-0.009243,937.1,147754,1019.0,109654,514.7,-25.67,-0.016452,103082,332.3,-16.09,-0.017805,87018,309.1,-66.58,-0.082064,709.1,0.000000,100.0,3786222,1187.3,100902,360.5,-0.13,-0.000110,102536,331.6,-0.33,-0.000361,86217,305.4,41.72,0.051576,169.1,0.000000,307.2,395973,1468.8,82687,334.1,-0.47,-0.000348,86498,316.4,-0.51,-0.000499,87273,307.0,-23.87,-0.029713
530.03,0.0098155,0.050096,86392,87394,87316,87339,301.0,530.0,0.037079,346.5,117839,393.7,120133,345.9,35.95,0.037580,113777,341.2,41.85,0.049624,82325,306.8,92.92,0.109176,350.0,-0.010002,937.4,144118,1010.8,110201,536.3,-27.62,-0.017070,102907,332.1,-17.24,-0.019050,87054,309.3,-66.06,-0.081412,710.0,0.000000,5114.4,4072148,1252.4,100845,360.4,-0.09,-0.000079,102572,331.6,0.00,0.000002,86269,305.6,41.92,0.051820,170.0,0.000000,193.4,390107,1463.5,82532,334.0,-0.34,-0.000251,86647,316.6,0.66,0.000644,87291,307.0,-23.96,-0.029826
531.07,0.0098345,0.050308,86243,87455,87379,87295,301.1,531.1,0.035901,346.7,118268,393.9,120394,346.2,34.84,0.036465,114271,341.6,40.36,0.048015,82514,307.0,91.99,0.108276,351.1,-0.010766,937.8,140501,1002.3,110801,561.2,-29.69,-0.017633,102735,332.0,-18.63,-0.020562,87099,309.5,-65.43,-0.080625,711.1,0.000000,100.0,4399575,1327.5,100814,360.4,-0.05,-0.000040,102570,331.6,0.33,0.000364,86338,305.8,42.13,0.052080,171.1,0.000000,100.0,383816,1457.7,82451,333.9,-0.17,-0.000128,86779,316.7,1.91,0.001858,87311,307.1,-23.85,-0.029695
532.04,0.0098525,0.050510,86179,87509,87443,87257,301.1,532.0,0.034624,347.0,118668,394.1,120683,346.4,33.77,0.035407,114707,341.9,38.96,0.046484,82738,307.1,90.87,0.107182,352.0,-0.011529,938.3,136801,993.8,111367,586.1,-31.64,-0.018081,102587,331.9,-20.10,-0.022161,87156,309.7,-64.77,-0.079810,712.0,0.000000,349.1,4727705,1403.1,100816,360.4,-0.00,-0.000000,102528,331.6,0.60,0.000663,86416,306.0,42.30,0.052304,172.0,0.000000,244.7,377851,1452.1,82458,333.9,-0.01,-0.000007,86872,316.8,3.06,0.002979,87337,307.1,-23.55,-0.029327
533.07,0.0098716,0.050722,86125,87561,87520,87219,301.2,533.1,0.032580,347.3,119077,394.3,121297,347.0,32.02,0.033690,115137,342.1,37.47,0.044839,83040,307.4,89.27,0.105609,353.1,-0.012276,938.9,132540,983.9,111944,614.0,-33.68,-0.018470,102453,331.8,-21.85,-0.024066,87235,309.9,-64.04,-0.078938,713.1,0.000000,100.0,5094219,1488.0,100853,360.4,0.06,0.000047,102450,331.5,0.84,0.000925,86509,306.2,42.43,0.052493,173.1,0.000000,100.0,371499,1446.1,82551,334.0,0.17,0.000125,86930,316.9,4.21,0.004111,87377,307.1,-23.06,-0.028718
534.03,0.0098895,0.050923,86030,87596,87601,87186,301.3,534.0,0.032419,347.5,119476,394.5,121566,347.2,31.14,0.032819,115510,342.4,36.07,0.043267,83395,307.6,87.30,0.103624,354.0,-0.012999,939.4,128512,974.6,112444,641.2,-35.56,-0.018760,102363,331.7,-23.71,-0.026094,87318,310.0,-63.35,-0.078119,714.0,0.000000,210.3,5452172,1571.5,100927,360.5,0.11,0.000096,102352,331.4,1.01,0.001112,86601,306.4,42.52,0.052628,174.0,0.000000,215.4,365513,1440.4,82730,334.2,0.35,0.000260,86949,316.9,5.22,0.005097,87432,307.2,-22.45,-0.027979
535.06,0.0099086,0.051138,85904,87620,87697,87155,301.4,535.1,0.031449,347.8,119902,394.8,121844,347.4,30.29,0.031969,115871,342.6,34.57,0.041569,83848,307.9,84.63,0.100900,355.1,-0.013695,940.2,123949,964.2,112914,670.5,-37.50,-0.018998,102299,331.7,-25.93,-0.028518,87413,310.2,-62.60,-0.077239,715.1,0.000000,506.0,5841473,1663.1,101047,360.6,0.18,0.000150,102231,331.3,1.14,0.001256,86710,306.6,42.57,0.052720,175.1,0.000000,100.0,359152,1434.3,83013,334.5,0.54,0.000401,86930,316.9,6.22,0.006065,87509,307.3,-21.69,-0.027050
536.03,0.0099265,0.051342,85775,87633,87794,87131,301.5,536.0,0.030394,348.1,120304,395.0,122133,347.7,29.44,0.031127,116180,342.8,33.15,0.039942,84329,308.3,81.61,0.097750,356.0,-0.014342,940.9,119296,953.6,113273,697.9,-39.24,-0.019156,102267,331.7,-28.27,-0.031087,87512,310.4,-61.89,-0.076411,716.0,0.000000,153.3,6211370,1751.3,101198,360.8,0.24,0.000201,102110,331.2,1.23,0.001351,86823,306.8,42.50,0.052670,176.0,0.000000,569.4,353164,1428.4,83366,334.9,0.71,0.000532,86867,316.8,7.01,0.006837,87592,307.4,-20.89,-0.026069
537.06,0.0099455,0.051562,85654,87621,87899,87112,301.6,537.1,0.028609,348.4,120720,395.2,122700,348.2,27.97,0.029665,116480,343.0,31.63,0.038192,84869,308.6,77.95,0.093858,357.1,-0.014918,941.8,113940,941.5,113540,726.4,-40.94,-0.019248,102270,331.7,-31.02,-0.034111,87624,310.5,-61.15,-0.075552,717.1,0.000000,152.6,6602383,1846.0,101399,361.0,0.30,0.000253,101978,331.1,1.29,0.001412,86976,307.0,42.23,0.052380,177.1,0.000000,602.0,346799,1422.2,83830,335.4,0.89,0.000666,86743,316.7,7.68,0.007475,87686,307.5,-19.96,-0.024927
538.09,0.0099645,0.051783,85565,87607,88003,87103,301.7,538.1,0.028455,348.7,121151,395.5,122951,348.4,27.19,0.028880,116755,343.2,30.12,0.036436,85407,309.0,73.98,0.089546,358.1,-0.011312,726.7,110215,932.4,110186,733.8,-32.32,-0.014597,102299,331.8,-33.98,-0.037369,87739,310.7,-60.44,-0.074729,718.1,0.000000,618.6,6985262,1940.8,101633,361.2,0.35,0.000295,101850,330.9,1.31,0.001440,87186,307.3,41.57,0.051650,178.1,0.000000,100.0,340436,1415.8,84378,336.0,1.04,0.000789,86567,316.5,8.15,0.007927,87786,307.6,-18.98,-0.023718
539.05,0.0099824,0.051991,85505,87607,88087,87104,301.8,539.1,0.026542,349.0,121546,395.7,123476,348.9,25.76,0.027443,116997,343.3,28.71,0.034793,85886,309.3,70.10,0.085239,359.1,-0.008971,731.9,107494,925.3,107546,737.6,-26.76,-0.011735,102337,331.9,-36.91,-0.040587,87841,310.8,-59.81,-0.074010,719.1,0.000000,396.9,7332654,2029.2,101872,361.4,0.38,0.000319,101734,330.8,1.32,0.001445,87445,307.6,40.40,0.050284,179.1,0.000000,231.9,334452,1409.7,84955,336.6,1.16,0.000882,86367,316.3,8.43,0.008185,87876,307.7,-18.03,-0.022553
540.08,0.0100014,0.052211,85466,87630,88167,87117,301.9,540.1,0.026380,349.3,121980,396.0,123664,349.0,25.01,0.026665,117242,343.4,27.25,0.033074,86348,309.6,65.95,0.080540,360.1,-0.007409,735.1,105013,918.5,105320,739.9,-22.21,-0.009507,102378,332.0,-40.12,-0.044128,87932,310.9,-59.19,-0.073297,0.1,0.000000,1017.6,7682279,2121.5,102126,361.6,0.38,0.000321,101623,330.7,1.32,0.001442,87782,308.0,38.37,0.047875,180.1,0.000000,100.0,328101,1403.2,85609,337.3,1.24,0.000946,86134,316.0,8.54,0.008279,87958,307.7,-17.03,-0.021308
541.04,0.0100193,0.052415,85471,87645,88227,87141,301.9,541.0,0.024432,349.5,122377,396.2,124112,349.4,23.62,0.025254,117465,343.6,25.90,0.031485,86739,309.8,62.10,0.076124,361.0,-0.005757,736.0,103098,912.9,103236,739.7,-18.06,-0.007580,102404,332.1,-43.23,-0.047550,88001,311.0,-58.62,-0.072623,1.0,0.000000,100.0,7988060,2206.0,102350,361.8,0.35,0.000301,101533,330.6,1.30,0.001428,88142,308.5,35.69,0.044657,181.0,0.000000,307.8,322134,1397.0,86238,338.0,1.26,0.000970,85905,315.8,8.48,0.008204,88025,307.8,-16.07,-0.020121
542.07,0.0100383,0.052627,85513,87677,88257,87181,301.9,542.1,0.023404,353.9,122800,396.5,124509,349.8,22.26,0.023847,117694,343.7,24.50,0.029827,87097,310.1,58.11,0.071455,362.1,-0.005014,921.1,101059,906.9,101662,740.2,-15.94,-0.006585,102432,332.1,-46.68,-0.051348,88045,311.1,-58.04,-0.071924,2.1,0.000000,826.5,8283330,2292.4,102553,362.0,0.30,0.000259,101454,330.6,1.28,0.001398,88520,308.9,32.10,0.040267,182.1,0.000000,401.3,315807,1390.4,86896,338.7,1.24,0.000957,85665,315.5,8.26,0.007971,88072,307.9,-15.09,-0.018904
543.03,0.0100561,0.052821,85591,87721,88278,87231,302.0,543.0,0.022829,350.1,123207,396.8,124610,349.8,21.49,0.023038,117902,343.8,23.20,0.028291,87387,310.4,54.46,0.067136,363.0,-0.003480,735.5,99512,902.0,99654,737.7,-12.23,-0.004970,102480,332.2,-50.13,-0.055154,88061,311.1,-57.48,-0.071236,3.0,0.000000,100.0,8529403,2369.9,102702,362.2,0.24,0.000203,101396,330.5,1.23,0.001348,88850,309.4,28.16,0.035413,183.0,0.000000,131.8,309868,1384.0,87487,339.3,1.18,0.000916,85446,315.3,7.91,0.007618,88096,307.9,-14.18,-0.017769
544.06,0.0100751,0.053018,85718,87778,88316,87298,302.0,544.1,0.020930,350.3,123628,397.0,124914,350.1,20.16,0.021650,118114,344.0,21.85,0.026677,87670,310.7,50.76,0.062711,364.1,-0.002950,734.1,97774,896.5,97974,735.8,-9.89,-0.003959,102495,332.3,-53.85,-0.059236,88078,311.1,-56.80,-0.070411,4.1,0.000000,417.5,8753459,2447.6,102806,362.3,0.16,0.000134,101353,330.5,1.16,0.001270,89178,309.8,23.60,0.029742,184.1,0.000000,139.0,303577,1377.2,88068,339.9,1.09,0.000847,85232,315.1,7.38,0.007101,88119,307.9,-13.18,-0.016519
545.08,0.0100941,0.053205,85873,87852,88394,87377,302.1,545.1,0.018991,350.5,124036,397.3,125371,350.5,18.41,0.019822,118313,344.1,20.51,0.025075,87879,311.0,47.12,0.058303,365.1,-0.002524,910.1,95901,890.7,96815,734.9,-9.43,-0.003737,102298,332.2,-57.15,-0.062770,88072,311.1,-56.20,-0.069652,5.1,0.000000,100.0,8936120,2519.9,102852,362.3,0.07,0.000062,101333,330.4,1.06,0.001159,89427,310.2,18.62,0.023506,185.1,0.000000,13694.4,297309,1370.3,88584,340.5,0.96,0.000755,85050,314.9,6.71,0.006443,88115,307.9,-12.27,-0.015369
546.04,0.0101119,0.053371,86019,87926,88429,87463,302.2,546.0,0.018153,350.8,124426,397.6,125563,350.7,17.20,0.018532,118489,344.2,19.26,0.023571,88031,311.2,43.80,0.054255,366.0,-0.001514,729.9,94307,885.6,95098,731.1,-5.34,-0.002089,101588,331.6,-59.00,-0.064461,88037,311.1,-55.60,-0.068894,6.0,0.000000,286.3,9068400,2582.3,102848,362.3,-0.00,-0.000001,101333,330.4,0.92,0.001007,89614,310.5,13.64,0.017242,186.0,0.000000,100.0,291434,1363.8,88996,340.9,0.82,0.000645,84917,314.7,5.94,0.005703,88087,307.9,-11.42,-0.014302
547.07,0.0101309,0.053539,86153,87997,88483,87564,302.4,547.1,0.016270,351.0,124829,397.9,125891,350.9,15.57,0.016811,118667,344.3,17.93,0.021969,88201,311.3,40.49,0.050228,367.1,-0.000318,728.3,92876,880.7,93399,727.4,-2.31,-0.000891,100169,330.3,-59.32,-0.064154,88019,311.1,-54.81,-0.067899,7.1,0.000000,206.1,9165797,2642.5,102801,362.3,-0.07,-0.000057,101348,330.5,0.74,0.000810,89817,310.7,8.19,0.010364,187.1,0.000000,788.2,285237,1356.7,89339,341.2,0.64,0.000506,84827,314.6,5.00,0.004794,88077,307.9,-10.41,-0.013039
548.03,0.0101487,0.053687,86275,88071,88543,87667,302.6,548.0,0.014748,353.8,125203,398.1,126166,351.2,14.06,0.015198,118830,344.4,16.67,0.020455,88360,311.4,37.56,0.046667,368.0,0.000346,725.9,91527,875.8,92016,724.3,-0.86,-0.000330,98401,328.7,-58.70,-0.062681,88021,311.1,-53.94,-0.066823,8.0,0.000000,100.0,9216724,2692.9,102723,362.2,-0.12,-0.000101,101382,330.5,0.53,0.000580,89995,310.9,2.92,0.003707,188.0,0.000000,682.1,279466,1350.1,89561,341.5,0.45,0.000357,84788,314.6,4.00,0.003831,88083,307.9,-9.36,-0.011726
549.05,0.0101676,0.053837,86408,88172,88665,87788,302.9,549.1,0.013342,351.4,125597,398.4,126370,351.4,12.60,0.013636,119001,344.5,15.33,0.018835,88542,311.6,34.74,0.043223,369.1,0.000876,723.2,90037,870.2,90567,721.0,0.17,0.000065,96086,326.5,-56.81,-0.059632,88086,311.2,-52.74,-0.065379,9.1,0.000000,299.4,9228292,2739.7,102614,362.1,-0.16,-0.000136,101440,330.5,0.25,0.000278,89541,310.5,-3.89,-0.004918,189.1,0.000000,213.8,273404,1343.0,89681,341.6,0.24,0.000188,84789,314.6,2.83,0.002708,88151,308.0,-7.99,-0.010016
550.08,0.0101866,0.053977,86526,88307,88741,87917,303.3,550.1,0.011411,353.6,125980,398.7,126654,351.6,10.94,0.011861,119173,344.6,13.99,0.017201,88699,311.7,32.08,0.039975,370.1,0.001361,719.5,88488,864.1,89073,717.6,1.54,0.000574,93563,324.1,-54.07,-0.055679,88212,311.3,-51.43,-0.063819,10.1,0.000000,436.0,9197663,2779.4,102489,361.9,-0.18,-0.000156,101521,330.6,-0.06,-0.000067,89427,310.3,-9.38,-0.011835,190.1,0.000000,1011.9,267415,1335.8,89682,341.6,0.02,0.000019,84827,314.6,1.57,0.001504,88266,308.1,-6.53,-0.008187
551.04,0.0102044,0.054102,86629,88405,88818,88045,303.7,551.0,0.009860,353.5,126335,399.0,126872,351.8,9.47,0.010280,119341,344.7,12.71,0.015651,88837,311.8,29.73,0.037087,371.0,0.001930,715.9,87027,858.2,87645,714.2,3.24,0.001195,91323,321.9,-51.75,-0.052371,88358,311.4,-50.19,-0.062350,11.0,0.000000,290.7,9132490,2810.2,102368,361.8,-0.19,-0.000163,101615,330.7,-0.38,-0.000415,89457,310.4,-13.96,-0.017613,191.0,0.000000,100.0,261845,1329.1,89594,341.5,-0.15,-0.000119,84906,314.7,0.28,0.000273,88405,308.3,-5.11,-0.006422
552.06,0.0102234,0.054228,86738,88518,88896,88189,304.2,552.1,0.008188,353.4,126705,399.3,127113,352.0,7.89,0.008575,119527,344.8,11.35,0.013989,88976,311.9,27.34,0.034144,372.1,0.002546,712.1,85506,851.6,86140,710.3,5.00,0.001824,89215,319.8,-49.90,-0.049660,88514,311.6,-48.91,-0.060836,12.1,0.000000,100.0,9027616,2836.2,102240,361.7,-0.19,-0.000161,101725,330.8,-0.71,-0.000781,89511,310.4,-18.32,-0.023133,192.1,0.000000,573.9,255999,1321.9,89400,341.3,-0.33,-0.000264,85022,314.8,-1.17,-0.001124,88557,308.4,-3.64,-0.004579
553.08,0.0102423,0.054346,86852,88689,88983,88339,304.7,553.1,0.006487,353.3,127068,399.6,127348,352.2,6.33,0.006885,119725,345.0,9.98,0.012315,89114,312.1,25.02,0.031284,373.1,0.003107,708.0,84004,844.9,84657,705.9,6.45,0.002325,87334,317.8,-48.54,-0.047566,88660,311.8,-47.71,-0.059413,13.1,0.000000,100.0,8889639,2855.5,102120,361.6,-0.18,-0.000152,101837,330.9,-1.01,-0.001105,89542,310.4,-22.10,-0.027921,193.1,0.000000,100.0,250230,1314.7,89121,341.0,-0.49,-0.000388,85154,315.0,-2.67,-0.002565,88697,308.6,-2.24,-0.002819
554.05,0.0102601,0.054450,86960,88814,89073,88488,305.2,554.0,0.004845,353.2,127403,399.9,127564,352.3,4.87,0.005306,119922,345.1,8.69,0.010733,89252,312.2,22.88,0.028639,374.0,0.003561,703.9,82595,838.3,83273,701.5,7.58,0.002707,85686,316.1,-47.44,-0.045862,88790,311.9,-46.68,-0.058185,14.0,0.000000,929.9,8733173,2867.7,102017,361.5,-0.16,-0.000140,101936,331.0,-1.22,-0.001345,89549,310.4,-25.08,-0.031688,194.0,0.000000,106.7,244871,1307.8,88797,340.6,-0.61,-0.000480,85275,315.1,-4.08,-0.003928,88819,308.7,-0.99,-0.001252
555.07,0.0102791,0.054553,87105,88945,89171,88654,305.8,555.1,0.003065,353.2,127749,400.2,127826,352.5,3.25,0.003547,120146,345.3,7.32,0.009053,89409,312.3,20.61,0.025833,375.1,0.004033,698.8,80962,830.8,81742,696.4,8.98,0.003172,83999,314.4,-46.28,-0.044107,88922,312.0,-45.71,-0.057041,15.1,0.000000,100.0,8542724,2875.0,101920,361.4,-0.15,-0.000125,102033,331.1,-1.38,-0.001515,89533,310.3,-27.65,-0.034935,195.1,0.000000,156.8,239253,1300.5,88405,340.2,-0.71,-0.000554,85385,315.2,-5.54,-0.005339,88870,308.7,0.10,0.000130
556.03,0.0102969,0.054641,87282,89073,89252,88818,306.3,556.0,-0.000053,411.1,128044,400.4,128597,353.3,0.55,0.000606,120372,345.4,6.04,0.007479,89560,312.5,18.44,0.023143,376.0,0.004566,693.3,79453,823.6,80260,691.1,10.64,0.003716,82458,312.7,-45.12,-0.042435,89034,312.2,-44.97,-0.056165,16.0,0.000000,100.0,8344501,2876.9,101838,361.3,-0.13,-0.000111,102111,331.2,-1.44,-0.001589,89508,310.2,-29.53,-0.037311,196.0,0.000000,820.1,234038,1293.7,88006,339.8,-0.77,-0.000602,85459,315.3,-6.85,-0.006604,88913,308.8,1.07,0.001346
557.05,0.0103158,0.054723,87510,89211,89340,88998,306.8,557.1,-0.000401,353.3,128371,400.7,128653,353.5,-0.71,-0.000775,120631,345.6,4.69,0.005820,89718,312.6,16.09,0.020221,377.1,0.005061,687.6,77906,815.9,78719,685.1,12.18,0.004210,80895,311.0,-43.87,-0.040691,89143,312.3,-44.36,-0.055447,17.1,0.000000,334.6,8117773,2874.2,101760,361.2,-0.12,-0.000099,102175,331.2,-1.44,-0.001583,89496,310.1,-31.03,-0.039209,197.1,0.000000,317.8,228574,1286.3,87563,339.3,-0.82,-0.000633,85497,315.3,-8.15,-0.007861,88992,308.9,2.05,0.002592
558.08,0.0103348,0.054792,87773,89359,89436,89185,307.3,558.1,-0.002277,353.7,128686,401.0,128742,353.7,-2.01,-0.002207,120908,345.8,3.36,0.004179,89874,312.7,13.71,0.017248,378.1,0.005473,681.7,76401,808.3,77220,678.8,13.28,0.004545,79433,309.4,-42.64,-0.039042,89250,312.4,-43.91,-0.054925,18.1,0.000000,100.0,7878414,2867.1,101690,361.1,-0.11,-0.000090,102225,331.3,-1.36,-0.001493,89506,310.1,-32.11,-0.040580,198.1,0.000000,1192.2,223191,1278.9,87112,338.8,-0.84,-0.000647,85492,315.3,-9.36,-0.009021,89095,309.0,2.96,0.003740
559.04,0.0103526,0.054844,88043,89505,89541,89365,307.8,559.0,-0.004912,353.6,128956,401.3,129106,354.3,-3.93,-0.004306,121186,346.1,2.13,0.002655,90021,312.9,11.45,0.014427,379.0,0.005764,675.7,75001,801.1,75831,672.6,14.08,0.004776,78151,308.0,-41.50,-0.037559,89358,312.5,-43.61,-0.054599,19.0,0.000000,100.0,7644970,2857.0,101628,361.1,-0.10,-0.000083,102257,331.3,-1.23,-0.001350,89534,310.0,-32.79,-0.041459,199.0,0.000000,273.4,218198,1272.0,86689,338.3,-0.84,-0.000647,85454,315.3,-10.41,-0.010036,89207,309.1,3.75,0.004738
560.06,0.0103715,0.054885,88341,89664,89667,89559,308.3,560.1,-0.005913,353.8,129244,401.5,129271,354.8,-5.50,-0.006031,121497,346.3,0.85,0.001066,90180,313.0,9.06,0.011425,380.1,0.006002,669.0,73526,793.5,74370,665.9,14.95,0.005024,76874,306.6,-40.23,-0.035982,89488,312.7,-43.44,-0.054435,20.1,0.000000,451.8,7391508,2843.2,101568,361.0,-0.09,-0.000077,102275,331.3,-1.04,-0.001140,89586,310.0,-33.19,-0.042003,200.1,0.000000,297.1,212972,1264.6,86249,337.8,-0.83,-0.000636,85357,315.2,-11.40,-0.010975,89336,309.3,4.54,0.005740
561.09,0.0103905,0.054912,88614,89817,89806,89755,308.8,561.1,-0.007793,354.2,129518,401.8,129488,355.5,-7.13,-0.007818,121815,346.6,-0.38,-0.000479,90344,313.1,6.67,0.008424,381.1,0.006257,661.9,72072,785.9,72928,658.8,15.87,0.005283,75671,305.2,-38.83,-0.034339,89636,312.9,-43.43,-0.054487,21.1,0.000000,572.4,7135413,2826.8,101512,361.0,-0.08,-0.000071,102280,331.3,-0.80,-0.000886,89663,310.0,-33.32,-0.042204,201.1,0.000000,761.8,207828,1257.1,85820,337.3,-0.81,-0.000621,85198,315.0,-12.20,-0.011729,89472,309.4,5.30,0.006709
562.05,0.0104083,0.054925,88858,89962,89951,89939,309.3,562.1,-0.009742,354.7,129760,402.0,129840,356.4,-8.98,-0.009847,122123,346.8,-1.52,-0.001902,90505,313.3,4.42,0.005594,382.1,0.006500,655.1,70727,778.8,71588,651.9,16.73,0.005527,74602,304.0,-37.36,-0.032706,89791,313.1,-43.58,-0.054726,22.1,0.000000,427.8,6894319,2809.4,101466,360.9,-0.07,-0.000063,102278,331.3,-0.56,-0.000618,89751,310.0,-33.25,-0.042147,202.1,0.000000,492.8,203061,1250.1,85428,336.9,-0.79,-0.000605,84996,314.8,-12.80,-0.012283,89606,309.6,6.01,0.007617
563.07,0.0104273,0.054927,89099,90119,90121,90134,309.7,563.1,-0.010953,355.4,130016,402.2,130067,357.3,-10.62,-0.011630,122466,347.1,-2.73,-0.003420,90687,313.4,2.03,0.002568,383.1,0.006711,647.6,69360,771.4,70206,644.4,17.56,0.005753,73529,302.7,-35.63,-0.030871,89976,313.3,-43.92,-0.055236,23.1,0.000000,100.0,6640185,2789.2,101426,360.9,-0.06,-0.000051,102274,331.3,-0.28,-0.000309,89861,310.0,-32.88,-0.041736,203.1,0.000000,100.0,198077,1242.6,85022,336.4,-0.78,-0.000590,84737,314.6,-13.27,-0.012709,89756,309.8,6.78,0.008603
564.04,0.0104452,0.054921,89233,90271,90313,90318,310.2,564.0,-0.012704,406.8,130245,402.5,130375,358.4,-12.33,-0.013505,122816,347.4,-3.91,-0.004910,90704,313.5,-0.58,-0.000729,384.0,0.006902,640.3,68085,764.5,68934,637.2,18.28,0.005947,72570,301.6,-33.83,-0.029032,90179,313.5,-44.44,-0.055965,24.0,0.000000,551.9,6403333,2768.5,101400,360.8,-0.04,-0.000036,102271,331.3,-0.00,-0.000000,90003,310.0,-32.30,-0.041062,204.0,0.000000,227.3,193491,1235.6,84648,336.0,-0.76,-0.000578,84462,314.3,-13.56,-0.012961,89911,310.0,7.56,0.009598
565.06,0.0104641,0.054908,89347,90440,90508,90513,310.6,565.1,-0.013632,356.8,130491,402.7,130388,359.3,-13.48,-0.014725,123221,347.7,-5.24,-0.006602,90779,313.5,-3.13,-0.003967,385.1,0.007105,632.4,66748,757.1,67605,629.2,19.08,0.006167,71596,300.4,-31.70,-0.026944,90421,313.8,-45.23,-0.057060,25.1,0.000000,267.3,6149053,2742.2,101390,360.8,-0.02,-0.000013,102277,331.3,0.31,0.000340,90194,310.1,-31.55,-0.040178,205.1,0.000000,100.0,188758,1228.2,84258,335.6,-0.75,-0.000568,84143,314.0,-13.73,-0.013088,90079,310.2,8.44,0.010727
566.03,0.0104820,0.054892,89497,90605,90703,90699,311.0,566.0,-0.015924,405.8,130701,402.9,130798,360.8,-15.38,-0.016781,123620,348.1,-6.58,-0.008308,90953,313.7,-5.36,-0.006803,386.0,0.007318,624.5,65511,750.2,66374,621.5,19.95,0.006409,70718,299.4,-29.50,-0.024857,90667,314.1,-46.23,-0.058430,26.0,0.000000,1838.4,5918218,2717.9,101397,360.8,0.01,0.000009,102297,331.4,0.61,0.000673,90388,310.1,-30.71,-0.039190,206.0,0.000000,233.6,184429,1221.3,83893,335.1,-0.75,-0.000563,83830,313.6,-13.77,-0.013087,90241,310.4,9.32,0.011867
567.05,0.0105010,0.054861,89909,90789,90917,90899,311.5,567.1,-0.016350,405.2,130937,403.1,130818,362.0,-16.49,-0.017932,124034,348.4,-8.08,-0.010234,91181,314.0,-7.68,-0.009770,387.1,0.007559,615.9,64228,742.9,65095,613.1,20.99,0.006705,69834,298.3,-27.00,-0.022542,90958,314.4,-47.61,-0.060303,27.1,0.000000,286.1,5682021,2692.4,101426,360.9,0.04,0.000036,102331,331.4,0.94,0.001032,90607,310.2,-29.70,-0.037973,207.1,0.000000,492.9,179959,1214.0,83507,334.7,-0.75,-0.000563,83495,313.3,-13.68,-0.012966,90417,310.6,10.33,0.013172
568.08,0.0105200,0.054816,90100,90985,91130,91099,311.9,568.1,-0.017870,360.2,131165,403.3,130909,363.5,-17.69,-0.019169,124401,348.7,-9.66,-0.012258,91432,314.2,-9.99,-0.012727,388.1,0.007835,607.1,62982,735.7,63851,604.4,22.09,0.007021,69010,297.3,-24.36,-0.020168,91282,314.8,-49.40,-0.062714,28.1,0.000000,100.0,5455171,2667.3,101477,360.9,0.07,0.000063,102366,331.4,1.24,0.001365,90849,310.4,-28.57,-0.036618,208.1,0.000000,353.9,175618,1206.8,83117,334.3,-0.76,-0.000567,83177,313.0,-13.46,-0.012720,90589,310.8,11.42,0.014576
569.04,0.0105378,0.054767,90263,91190,91336,91287,312.4,569.0,-0.019663,404.3,131368,403.5,131266,365.4,-19.32,-0.020892,124677,349.0,-11.22,-0.014247,91682,314.5,-12.13,-0.015491,389.0,0.008116,598.6,61845,728.9,62717,595.9,23.16,0.007331,68295,296.4,-21.78,-0.017901,91624,315.2,-51.56,-0.065628,29.0,0.000000,100.0,5250131,2644.1,101542,361.0,0.10,0.000085,102392,331.4,1.49,0.001636,91097,310.5,-27.44,-0.035254,209.0,0.000000,253.8,171646,1200.1,82746,333.8,-0.77,-0.000574,82903,312.7,-13.12,-0.012373,90754,311.1,12.51,0.015985
570.07,0.0105569,0.054705,90681,91401,91572,91487,312.9,570.1,-0.020201,403.8,131594,403.7,131341,367.3,-20.36,-0.021912,124886,349.2,-12.94,-0.016454,91960,314.7,-14.34,-0.018349,390.1,0.008414,589.2,60678,721.8,61555,586.7,24.36,0.007687,67599,295.6,-18.96,-0.015465,92023,315.7,-54.46,-0.069517,30.1,0.000000,100.0,5041138,2619.8,101624,361.1,0.12,0.000104,102407,331.4,1.69,0.001867,91384,310.7,-26.19,-0.033729,210.1,0.000000,100.0,167542,1193.0,82345,333.4,-0.79,-0.000584,82644,312.4,-12.64,-0.011890,90945,311.4,13.75,0.017589
571.04,0.0105747,0.054625,91020,91610,91804,91673,313.4,571.0,-0.019464,403.2,131841,404.0,130882,368.6,-20.42,-0.021827,125011,349.3,-14.63,-0.018620,92230,315.0,-16.32,-0.020921,391.0,0.008740,580.1,59620,715.0,60505,577.7,25.59,0.008060,66998,294.8,-16.21,-0.013142,92404,316.1,-57.69,-0.073834,31.0,0.000000,383.7,4852611,2597.4,101711,361.1,0.14,0.000116,102398,331.4,1.79,0.001973,91673,310.9,-24.98,-0.032246,211.0,0.000000,166.4,163955,1186.6,81962,332.9,-0.80,-0.000594,82438,312.2,-12.07,-0.011332,91138,311.7,15.00,0.019202
572.06,0.0105938,0.054536,91059,91843,92051,91865,314.0,572.1,-0.018385,402.3,132148,404.2,130042,369.6,-19.85,-0.021025,125077,349.4,-16.51,-0.021015,92517,315.3,-18.33,-0.023544,392.1,0.009108,570.2,58544,707.9,59440,567.9,27.02,0.008505,66412,294.1,-13.21,-0.010638,92744,316.6,-61.33,-0.078673,32.1,0.000000,236.7,4660813,2574.0,101809,361.2,0.15,0.000124,102346,331.4,1.81,0.001999,91985,311.1,-23.70,-0.030681,212.1,0.000000,571.8,161408,1181.9,81549,332.4,-0.82,-0.000602,82261,312.0,-11.35,-0.010636,91351,312.0,16.39,0.021004
573.03,0.0106117,0.054452,91116,92073,92279,92043,314.5,573.0,-0.017118,401.5,132481,404.5,129157,370.3,-18.86,-0.019799,125078,349.4,-18.36,-0.023364,92761,315.6,-20.21,-0.026007,393.0,0.009520,560.5,57579,701.3,58490,558.4,28.47,0.008970,65905,293.4,-10.30,-0.008252,92883,316.8,-64.26,-0.082493,33.0,0.000000,100.0,4488094,2552.4,101906,361.3,0.15,0.000130,102273,331.3,1.76,0.001936,92250,311.3,-22.61,-0.029339,213.0,0.000000,182.7,159755,1178.5,81160,332.0,-0.82,-0.000605,82138,311.9,-10.55,-0.009881,91554,312.4,17.72,0.022738
574.06,0.0106307,0.054361,91159,92329,92511,92231,315.0,574.1,-0.015826,400.6,132885,404.9,128206,371.0,-17.62,-0.018326,125044,349.4,-20.37,-0.025915,92963,315.8,-22.28,-0.028726,394.1,0.009981,550.0,56609,694.2,57541,548.0,30.13,0.009516,65407,292.8,-7.15,-0.005693,92851,316.9,-66.46,-0.085266,34.1,0.000000,909.8,4312634,2529.9,102014,361.4,0.16,0.000136,102129,331.2,1.51,0.001660,92468,311.4,-21.67,-0.028172,214.1,0.000000,324.2,158495,1175.8,80749,331.5,-0.82,-0.000601,82057,311.8,-9.59,-0.008974,91765,312.8,19.12,0.024557
575.03,0.0106486,0.054275,91217,92585,92711,92409,315.4,575.0,-0.014560,399.8,133312,405.3,127345,371.5,-16.40,-0.016919,124975,349.4,-22.32,-0.028380,93100,315.9,-24.30,-0.031357,395.0,0.010494,539.8,55750,687.5,56706,537.9,31.79,0.010081,64970,292.2,-4.12,-0.003268,92780,317.0,-67.45,-0.086441,35.0,0.000000,347.4,4154830,2509.1,102121,361.5,0.17,0.000145,101898,331.0,1.00,0.001103,92617,311.5,-20.97,-0.027299,215.0,0.000000,100.0,157584,1173.7,80370,331.1,-0.81,-0.000592,82019,311.8,-8.59,-0.008035,91951,313.1,20.38,0.026201
576.06,0.0106677,0.054182,91300,92864,92916,92598,315.8,576.1,-0.013331,399.0,133815,405.7,126482,372.0,-15.10,-0.015452,124855,349.4,-24.48,-0.031105,93204,316.0,-26.45,-0.034154,396.1,0.011065,528.6,54895,680.4,55883,526.8,33.67,0.010743,64531,291.7,-0.86,-0.000680,92642,317.0,-67.16,-0.085951,36.1,0.000000,282.6,3994676,2487.4,102247,361.6,0.19,0.000160,101537,330.6,0.16,0.000170,92736,311.5,-20.37,-0.026544,216.1,0.000000,512.6,156948,1172.0,79976,330.6,-0.79,-0.000578,82013,311.8,-7.46,-0.006974,92141,313.4,21.64,0.027853
577.08,0.0106867,0.054087,91397,93139,93101,92787,316.0,577.1,-0.012100,398.2,134370,406.2,125650,372.3,-13.84,-0.014059,124689,349.3,-26.72,-0.033912,93271,316.1,-28.59,-0.036930,397.1,0.011715,517.1,54102,673.3,55127,515.4,35.65,0.011469,64109,291.1,2.43,0.001906,92442,316.9,-65.58,-0.083766,37.1,0.000000,100.0,3841964,2466.1,102391,361.8,0.21,0.000182,101067,330.2,-1.00,-0.001093,92824,311.6,-19.91,-0.025967,217.1,0.000000,248.5,156717,1171.0,79599,330.2,-0.77,-0.000556,82047,311.8,-6.23,-0.005826,92334,313.7,22.79,0.029373
578.05,0.0107047,0.053996,91410,93384,93259,92965,316.1,578.1,-0.010959,397.5,134939,406.6,124873,372.5,-12.72,-0.012837,124463,349.2,-28.78,-0.036474,93305,316.2,-30.56,-0.039481,398.1,0.012411,506.1,53412,666.6,54477,504.3,37.59,0.012214,63720,290.6,5.53,0.004322,92207,316.7,-62.61,-0.079810,38.1,0.000000,463.8,3704765,2446.6,102544,361.9,0.24,0.000204,100544,329.7,-2.34,-0.002551,92883,311.6,-19.60,-0.025583,218.1,0.000000,100.0,156628,1170.2,79268,329.8,-0.72,-0.000522,82105,311.9,-5.01,-0.004687,92476,314.0,23.74,0.030619
579.08,0.0107237,0.053900,91436,93622,93407,93155,316.1,579.1,-0.009881,396.8,135592,407.2,124035,372.7,-11.62,-0.011640,124093,348.9,-30.73,-0.038865,93321,316.2,-32.56,-0.042074,399.1,0.013173,494.1,52740,659.4,53854,492.3,39.74,0.013077,63307,290.1,8.79,0.006845,91974,316.6,-57.99,-0.073763,39.1,0.000000,255.6,3565637,2426.2,102713,362.1,0.25,0.000212,99915,329.1,-4.01,-0.004347,92933,311.5,-19.39,-0.025319,219.1,0.000000,100.0,156622,1169.6,78951,329.4,-0.65,-0.000470,82177,311.9,-3.69,-0.003455,92567,314.1,24.60,0.031744
580.05,0.0107417,0.053810,91504,93818,93530,93337,316.1,580.1,-0.008870,396.0,136253,407.7,123214,372.7,-10.67,-0.010616,123559,348.6,-32.20,-0.040592,93344,316.3,-34.35,-0.044382,400.1,0.014005,482.6,52163,652.5,53330,480.8,41.84,0.013958,62914,289.6,11.82,0.009157,91851,316.6,-52.63,-0.066855,40.1,0.000000,100.0,3440685,2407.3,102866,362.2,0.24,0.000204,99258,328.5,-5.80,-0.006247,92988,311.5,-19.24,-0.025142,220.1,0.000000,181.8,156671,1169.1,78699,329.1,-0.56,-0.000404,82239,312.0,-2.46,-0.002302,92636,314.2,25.38,0.032774
581.08,0.0107608,0.053711,91639,93997,93650,93532,316.1,581.1,-0.007932,395.1,137004,408.3,122292,372.5,-9.75,-0.009633,122761,348.0,-33.28,-0.041748,93397,316.4,-36.09,-0.046655,401.1,0.014912,470.2,51610,645.1,52841,468.4,44.13,0.014974,62487,289.0,14.95,0.011530,91862,316.7,-46.36,-0.058877,41.1,0.000000,690.1,3314002,2387.7,103007,362.3,0.21,0.000177,98497,327.8,-7.90,-0.008462,93078,311.6,-19.10,-0.024989,221.1,0.000000,137.1,156735,1168.5,78489,328.8,-0.44,-0.000316,82292,312.1,-1.18,-0.001110,92719,314.2,26.22,0.033879
582.05,0.0107787,0.053612,91820,94149,93758,93720,316.1,582.1,-0.007066,394.2,137756,409.0,121373,372.3,-8.96,-0.008796,121814,347.3,-33.86,-0.042232,93483,316.5,-37.56,-0.048580,402.1,0.015899,458.5,51144,638.0,52442,456.6,46.35,0.016011,62077,288.5,17.82,0.013680,92033,317.0,-40.46,-0.051440,42.1,0.000000,372.2,3200229,2369.7,103106,362.4,0.16,0.000134,97732,327.1,-10.04,-0.010696,93204,311.6,-18.98,-0.024859,222.1,0.000000,100.0,156788,1168.0,78359,328.7,-0.30,-0.000216,82328,312.1,-0.02,-0.000019,92813,314.3,26.97,0.034867
583.08,0.0107978,0.053500,92051,94304,93865,93923,316.1,583.1,-0.006269,393.3,138602,409.6,120338,371.9,-8.20,-0.007989,120654,346.4,-34.11,-0.042241,93610,316.7,-38.95,-0.050412,403.1,0.016970,446.0,50707,630.3,52085,444.1,48.76,0.017200,61639,287.9,20.80,0.015886,92295,317.3,-34.36,-0.043756,43.1,0.000000,504.9,3084872,2350.9,103159,362.5,0.08,0.000066,96881,326.3,-12.44,-0.013174,93373,311.7,-18.86,-0.024735,223.1,0.000000,1789.2,156828,1167.4,78306,328.6,-0.13,-0.000090,82357,312.1,1.19,0.001120,92945,314.5,27.72,0.035877
584.05,0.0108158,0.053385,92311,94431,93968,94117,316.1,584.1,-0.005535,392.3,139443,410.3,119311,371.4,-7.55,-0.007297,119482,345.5,-34.10,-0.041927,93749,316.8,-40.12,-0.051972,404.1,0.018125,434.3,50349,622.9,51810,432.3,51.06,0.018404,61233,287.4,23.57,0.017915,92546,317.6,-28.87,-0.036826,44.1,0.000000,100.0,2981253,2333.5,103151,362.5,-0.00,-0.000004,96061,325.5,-14.77,-0.015545,93546,311.9,-18.77,-0.024656,224.1,0.000000,966.2,156839,1166.9,78333,328.6,0.04,0.000026,82381,312.2,2.34,0.002191,93109,314.6,28.33,0.036710
585.08,0.0108349,0.053251,92653,94524,94069,94327,316.2,585.1,-0.004861,391.1,140384,411.1,118171,370.8,-6.91,-0.006623,118216,344.5,-33.95,-0.041418,93915,317.0,-41.31,-0.053584,405.1,0.019368,422.1,50024,614.9,51580,420.0,53.52,0.019770,60822,286.8,26.52,0.020060,92787,317.9,-23.29,-0.029759,45.1,0.000000,100.0,2876164,2315.5,103079,362.4,-0.11,-0.000092,95190,324.7,-17.26,-0.018045,93731,312.0,-18.73,-0.024632,225.1,0.000000,1649.2,156811,1166.2,78453,328.8,0.23,0.000165,82414,312.2,3.57,0.003355,93293,314.9,28.78,0.037338
586.05,0.0108529,0.053109,93102,94608,94162,94525,316.3,586.1,-0.004244,390.1,141314,411.8,117056,370.2,-6.35,-0.006044,117043,343.6,-33.75,-0.040880,94078,317.3,-42.46,-0.055133,406.1,0.020690,410.8,49768,607.3,51419,408.6,55.83,0.021132,60466,286.4,29.35,0.022105,92997,318.2,-18.25,-0.023361,46.1,0.000000,100.0,2781734,2298.8,102908,362.2,-0.26,-0.000225,94388,323.9,-19.57,-0.020336,93899,312.1,-18.71,-0.024651,226.1,0.000000,100.0,156735,1165.4,78654,329.0,0.41,0.000298,82464,312.3,4.80,0.004503,93466,315.1,28.99,0.037651
587.03,0.0108709,0.052952,93414,94721,94264,94723,316.4,587.0,-0.003698,388.9,142287,412.6,115903,369.5,-5.84,-0.005517,115915,342.7,-33.53,-0.040325,94242,317.5,-43.63,-0.056713,407.0,0.022044,399.8,49558,599.4,51310,397.6,58.11,0.022559,60152,285.9,32.26,0.024204,93198,318.4,-13.40,-0.017174,47.0,0.000000,235.6,2691442,2282.5,102584,361.9,-0.50,-0.000426,93617,323.2,-21.82,-0.022539,94060,312.2,-18.70,-0.024668,227.0,0.000000,486.9,156595,1164.6,78933,329.3,0.58,0.000421,82545,312.3,6.10,0.005728,93632,315.3,29.00,0.037710
588.06,0.0108900,0.052772,93777,94788,94413,94930,316.5,588.1,-0.003187,387.6,143369,413.4,114646,368.6,-5.35,-0.005004,114770,341.8,-33.28,-0.039736,94422,317.7,-44.87,-0.058389,408.1,0.023500,388.6,49383,590.9,51243,386.2,60.46,0.024128,59867,285.6,35.45,0.026505,93420,318.6,-8.40,-0.010780,48.1,0.000000,12487.9,2599817,2265.5,102022,361.3,-0.82,-0.000700,92846,322.5,-24.11,-0.024763,94236,312.3,-18.63,-0.024609,228.1,0.000000,112.2,156360,1163.5,79307,329.8,0.75,0.000542,82670,312.5,7.57,0.007125,93809,315.6,28.88,0.037590
589.03,0.0109080,0.052590,94140,94847,94543,95121,316.6,589.0,-0.002726,386.4,144432,414.2,113441,367.7,-4.91,-0.004563,113738,341.0,-33.03,-0.039172,94604,317.9,-46.01,-0.059948,409.0,0.024996,378.5,49259,582.8,51222,376.1,62.57,0.025633,59642,285.3,38.52,0.028725,93645,318.9,-3.81,-0.004906,49.0,0.000000,443.5,2517443,2249.9,101277,360.6,-1.15,-0.000973,92173,321.8,-26.17,-0.026733,94412,312.5,-18.44,-0.024394,229.0,0.000000,221.2,156039,1162.4,79726,330.2,0.88,0.000642,82822,312.6,9.03,0.008508,93995,315.8,28.61,0.037278
590.07,0.0109272,0.052381,94532,94914,94679,95320,316.8,590.1,-0.002313,385.1,145610,415.1,112148,366.8,-4.49,-0.004135,112679,340.1,-32.73,-0.038552,94800,318.2,-47.27,-0.061667,410.1,0.026510,368.4,49168,574.1,51234,365.8,64.65,0.027233,59441,285.0,41.81,0.031104,93692,318.9,0.43,0.000551,50.1,0.000000,282.7,2433819,2233.5,100278,359.6,-1.48,-0.001241,91518,321.2,-28.22,-0.028680,94590,312.6,-18.14,-0.024038,230.1,0.000000,595.7,155573,1161.0,80225,330.8,0.99,0.000725,83010,312.8,10.60,0.010002,94204,316.1,28.10,0.036661
591.04,0.0109453,0.052170,94918,94983,94815,95501,316.9,591.0,-0.001946,383.9,146764,416.0,110925,365.8,-4.13,-0.003770,111705,339.3,-32.41,-0.037935,94973,318.4,-48.55,-0.063404,411.0,0.028012,359.5,49114,565.9,51271,356.8,66.43,0.028710,59274,284.8,44.88,0.033316,93655,318.9,4.24,0.005457,51.0,0.000000,224.9,2358605,2218.5,99172,358.4,-1.75,-0.001456,90962,320.7,-30.00,-0.030353,94740,312.7,-17.82,-0.023638,231.0,0.000000,289.7,155016,1159.4,80725,331.4,1.05,0.000773,83201,313.0,12.04,0.011376,94426,316.4,27.41,0.035813
592.08,0.0109645,0.051929,95398,95071,94997,95685,317.1,592.1,-0.001623,382.5,148039,417.0,109631,364.8,-3.78,-0.003417,110679,338.5,-32.01,-0.037218,95154,318.7,-49.93,-0.065287,412.1,0.029458,350.7,49084,557.1,51336,347.9,68.06,0.030206,59105,284.5,48.03,0.035581,93733,318.9,8.42,0.010837,52.1,0.000000,1356.7,2282212,2202.8,97853,357.1,-2.00,-0.001647,90432,320.2,-31.70,-0.031933,94902,312.8,-17.37,-0.023075,232.1,0.000000,100.0,154297,1157.5,81265,332.0,1.07,0.000787,83413,313.3,13.46,0.012748,94681,316.8,26.47,0.034645
593.06,0.0109826,0.051684,95871,95182,95087,95846,317.2,593.1,-0.001342,381.3,149286,417.9,108426,363.8,-3.47,-0.003116,109718,337.7,-31.58,-0.036487,95309,318.9,-51.31,-0.067154,413.1,0.030797,343.1,49074,548.9,51429,340.3,69.32,0.031511,58943,284.3,50.84,0.037590,93844,318.9,12.27,0.015805,53.1,0.000000,100.0,2213462,2188.4,96498,355.6,-2.20,-0.001798,89994,319.8,-33.08,-0.033204,95036,312.9,-16.91,-0.022492,233.1,0.000000,513.1,153509,1155.6,81761,332.5,1.04,0.000772,83617,313.5,14.68,0.013919,94904,317.1,25.37,0.033242
594.04,0.0110007,0.051423,96294,95281,95180,95992,317.4,594.0,-0.001109,380.0,150579,418.9,107243,362.8,-3.19,-0.002842,108760,336.9,-31.10,-0.035707,95441,319.1,-52.78,-0.069119,414.0,0.032021,336.1,49078,540.8,51540,333.3,70.38,0.032737,58772,284.1,53.47,0.039453,93940,318.9,15.97,0.020603,54.0,0.000000,1802.2,2147619,2174.2,95053,354.1,-2.38,-0.001924,89620,319.5,-34.22,-0.034240,95146,313.0,-16.44,-0.021884,234.0,0.000000,100.0,152621,1153.5,82239,333.1,1.00,0.000744,83829,313.7,15.74,0.014953,95093,317.4,24.10,0.031621
595.08,0.0110199,0.051130,96633,95409,95283,96126,317.5,595.1,-0.000905,378.7,152004,419.9,106020,361.8,-2.92,-0.002578,107742,336.0,-30.55,-0.034832,95565,319.3,-54.37,-0.071259,415.1,0.033224,329.4,49095,532.3,51674,326.6,71.40,0.033980,58577,283.8,56.06,0.041263,94016,318.9,19.79,0.025551,55.1,0.000000,1128.6,2080691,2159.4,93444,352.4,-2.54,-0.002028,89291,319.2,-35.14,-0.035062,95254,313.1,-15.90,-0.021177,235.1,0.000000,749.2,151582,1151.0,82732,333.6,0.97,0.000720,84068,313.9,16.69,0.015895,95265,317.6,22.71,0.029823
596.06,0.0110381,0.050848,96798,95536,95385,96229,317.6,596.1,-0.000737,377.5,153393,420.9,104910,360.8,-2.69,-0.002355,106781,335.2,-29.99,-0.033968,95675,319.5,-55.91,-0.073312,416.1,0.034388,323.8,49122,524.4,51818,320.9,72.32,0.035126,58384,283.6,58.30,0.042811,94067,318.9,23.29,0.030086,56.1,0.000000,100.0,2020417,2145.8,91884,350.7,-2.66,-0.002094,89036,319.0,-35.72,-0.035564,95353,313.2,-15.34,-0.020457,236.1,0.000000,1198.4,150524,1148.6,83195,334.1,0.96,0.000716,84315,314.2,17.43,0.016635,95403,317.9,21.43,0.028166
597.04,0.0110562,0.050565,96815,95676,95493,96311,317.8,597.0,-0.000605,376.3,154830,422.0,103845,359.8,-2.48,-0.002156,105818,334.4,-29.39,-0.033074,95787,319.6,-57.47,-0.075410,417.0,0.035511,318.7,49159,516.8,51987,315.8,73.29,0.036286,58186,283.3,60.37,0.044223,94109,318.8,26.70,0.034505,57.0,0.000000,100.0,1962658,2132.5,90307,349.0,-2.73,-0.002126,88804,318.8,-36.03,-0.035806,95458,313.2,-14.76,-0.019689,237.0,0.000000,359.5,149401,1146.1,83671,334.7,0.97,0.000733,84592,314.5,18.02,0.017237,95513,318.1,20.29,0.026673
598.08,0.0110755,0.050271,96717,95801,95615,96376,318.0,598.1,-0.000500,375.1,156410,423.1,102767,358.9,-2.29,-0.001969,104790,333.5,-28.73,-0.032103,95915,319.8,-59.19,-0.077718,418.1,0.036699,313.9,49212,508.8,52200,311.0,74.43,0.037576,57976,283.0,62.40,0.045589,94138,318.8,30.26,0.039122,58.1,0.000000,347.0,1903916,2118.6,88643,347.1,-2.76,-0.002123,88554,318.5,-36.06,-0.035752,95578,313.3,-14.10,-0.018836,238.1,0.000000,192.4,148150,1143.2,84212,335.2,1.03,0.000780,84927,314.8,18.49,0.017735,95608,318.2,19.29,0.025373
599.06,0.0110937,0.050004,96557,95930,95720,96418,318.1,599.1,-0.000421,374.1,157947,424.2,101807,358.0,-2.12,-0.001818,103820,332.6,-28.10,-0.031185,96046,320.0,-60.88,-0.080002,419.1,0.037947,310.0,49279,501.6,52437,307.0,75.66,0.038864,57780,282.7,64.15,0.046754,94149,318.8,33.57,0.043406,59.1,0.000000,103.0,1850989,2105.7,87111,345.4,-2.75,-0.002089,88297,318.3,-35.74,-0.035362,95698,313.4,-13.48,-0.018023,239.1,0.000000,100.0,146929,1140.5,84773,335.9,1.12,0.000853,85287,315.2,18.79,0.018080,95685,318.4,18.57,0.024435
600.04,0.0111119,0.049750,96305,96064,95824,96445,318.3,600.0,-0.000368,373.0,159535,425.3,100898,357.2,-1.99,-0.001689,102846,331.8,-27.47,-0.030279,96180,320.2,-62.67,-0.082413,420.0,0.039251,306.5,49367,494.5,52700,303.5,77.00,0.040213,57585,282.5,65.73,0.047796,94141,318.8,36.84,0.047621,60.0,0.000000,100.0,1800248,2093.2,85632,343.7,-2.71,-0.002028,87994,318.1,-35.12,-0.034657,95820,313.5,-12.87,-0.017221,240.0,0.000000,717.7,145676,1137.7,85396,336.5,1.23,0.000943,85695,315.6,18.97,0.018314,95751,318.6,18.08,0.023788
601.09,0.0111312,0.049498,95948,96211,95948,96462,318.4,601.1,-0.000061,100.0,161285,426.6,99846,356.1,-1.75,-0.001479,101810,330.8,-26.82,-0.029345,96322,320.4,-64.64,-0.085075,421.1,0.040640,303.3,49484,487.3,53001,300.3,78.48,0.041669,57370,282.2,67.21,0.048741,94124,318.9,40.26,0.052034,61.1,0.000000,276.8,1748619,2080.1,84135,342.0,-2.62,-0.001942,87626,317.7,-34.10,-0.033541,95954,313.7,-12.22,-0.016375,241.1,0.000000,170.7,144320,1134.6,86120,337.3,1.34,0.001031,86176,316.1,19.09,0.018504,95811,318.7,17.74,0.023348
602.07,0.0111494,0.049282,95591,96362,96077,96472,318.6,602.1,0.000000,363.5,162995,440.3,98959,355.2,-1.53,-0.001286,100834,329.9,-26.23,-0.028501,96452,320.6,-66.51,-0.087613,422.1,0.042026,300.8,49617,480.8,53301,297.6,79.85,0.043019,57152,281.8,68.36,0.049439,94105,319.0,43.46,0.056129,62.1,0.000000,100.0,1702077,2068.0,82808,340.4,-2.52,-0.001843,87264,317.4,-32.75,-0.032118,96085,313.8,-11.62,-0.015583,242.1,0.000000,240.1,143026,1131.7,86837,338.1,1.40,0.001084,86667,316.6,19.18,0.018666,95850,318.9,17.64,0.023213
603.05,0.0111676,0.049084,95269,96501,96217,96480,318.8,603.1,0.000000,428.1,164760,441.5,98176,354.4,-1.36,-0.001138,99863,329.1,-25.67,-0.027698,96575,320.8,-68.37,-0.090119,423.1,0.043325,298.5,49771,474.5,53609,295.2,81.12,0.044303,56907,281.5,69.21,0.049905,94088,319.2,46.61,0.060159,63.1,0.000000,352.7,1657429,2056.2,81572,339.0,-2.39,-0.001727,86918,317.0,-30.99,-0.030303,96221,313.9,-11.03,-0.014800,243.1,0.000000,301.8,141724,1128.7,87561,338.8,1.41,0.001096,87194,317.1,19.25,0.018819,95886,319.0,17.77,0.023386
604.03,0.0111858,0.048901,95022,96622,96360,96491,319.0,604.0,0.000000,287.6,166581,442.8,97459,353.7,-1.26,-0.001041,98900,328.2,-25.14,-0.026936,96693,320.9,-70.17,-0.092558,424.0,0.044538,296.6,49942,468.4,53917,293.2,82.23,0.045479,56626,281.1,69.72,0.050098,94071,319.3,49.70,0.064103,64.0,0.000000,100.0,1614583,2044.6,80438,337.6,-2.22,-0.001595,86615,316.8,-28.80,-0.028086,96359,314.0,-10.45,-0.014035,244.0,0.000000,100.0,140416,1125.7,88266,339.6,1.37,0.001070,87750,317.7,19.33,0.018985,95941,319.2,18.18,0.023933
605.08,0.0112051,0.048721,94831,96749,96514,96508,319.2,605.1,0.000000,2731.1,168580,444.2,96738,352.9,-1.19,-0.000982,97893,327.3,-24.61,-0.026172,96814,321.1,-72.01,-0.095067,425.1,0.045663,294.9,50140,462.3,54235,291.4,83.19,0.046575,56282,280.6,69.85,0.049973,94049,319.6,52.91,0.068178,65.1,0.000000,100.0,1570939,2032.6,79357,336.3,-2.02,-0.001434,86344,316.5,-26.03,-0.025322,96503,314.1,-9.85,-0.013246,245.1,0.000000,234.2,139026,1122.5,88977,340.3,1.29,0.001015,88368,318.3,19.47,0.019218,96018,319.4,18.88,0.024852
606.06,0.0112233,0.048560,94736,96869,96661,96532,319.3,606.1,0.000000,245.6,170523,445.6,96080,352.2,-1.16,-0.000951,96972,326.4,-24.14,-0.025502,96931,321.2,-73.71,-0.097377,426.1,0.046652,293.5,50335,456.8,54516,289.9,83.88,0.047444,55920,280.0,69.58,0.049554,94024,319.8,55.84,0.071893,66.1,0.000000,314.9,1531543,2021.4,78470,335.2,-1.79,-0.001264,86126,316.3,-23.07,-0.022408,96639,314.2,-9.30,-0.012523,246.1,0.000000,418.6,137717,1119.5,89603,341.0,1.20,0.000951,88973,318.9,19.70,0.019543,96099,319.5,19.70,0.025940
607.04,0.0112415,0.048405,94677,96986,96825,96564,319.5,607.0,0.000000,174.5,172528,447.0,95435,351.5,-1.14,-0.000933,96087,325.6,-23.71,-0.024884,97062,321.4,-75.38,-0.099683,427.0,0.047435,292.3,50536,451.6,54783,288.7,84.37,0.048157,55537,279.5,68.99,0.048893,94000,320.0,58.72,0.075517,67.0,0.000000,418.6,1493699,2010.5,77718,334.3,-1.54,-0.001079,85927,316.1,-19.88,-0.019275,96782,314.4,-8.75,-0.011793,247.0,0.000000,100.0,136409,1116.5,90188,341.6,1.12,0.000888,89602,319.6,20.03,0.019966,96192,319.8,20.66,0.027208
608.09,0.0112609,0.048244,94677,97111,96977,96607,319.7,608.1,0.000000,268.5,174729,448.5,94760,350.8,-1.13,-0.000920,95190,324.7,-23.28,-0.024268,97212,321.5,-77.20,-0.102203,428.1,0.048088,291.2,50751,446.3,55056,287.6,84.70,0.048774,55125,278.9,68.11,0.048024,93956,320.3,61.67,0.079209,68.1,0.000000,280.2,1455107,1999.2,77070,333.5,-1.26,-0.000877,85717,315.9,-16.37,-0.015841,96933,314.5,-8.19,-0.011053,248.1,0.000000,100.0,135018,1113.2,90771,342.2,1.04,0.000828,90297,320.3,20.45,0.020505,96292,320.0,21.76,0.028666
609.07,0.0112791,0.048093,94750,97222,97113,96659,319.8,609.1,0.000000,100.0,176870,449.9,94131,350.2,-1.13,-0.000911,94386,324.0,-22.87,-0.023693,97293,321.6,-79.04,-0.104700,429.1,0.048623,290.4,50951,441.6,55302,286.7,84.88,0.049244,54768,278.3,67.23,0.047189,93833,320.5,64.21,0.082317,69.1,0.000000,100.0,1420234,1988.7,76596,332.9,-1.00,-0.000692,85500,315.7,-13.08,-0.012633,97014,314.6,-7.86,-0.010613,249.1,0.000000,290.2,133707,1110.1,91290,342.7,0.98,0.000784,90976,320.9,20.89,0.021056,96334,320.2,22.69,0.029895
610.05,0.0112973,0.047938,94978,97317,97229,96719,319.9,610.1,0.000000,21803.8,179080,451.4,93506,349.5,-1.13,-0.000907,93615,323.2,-22.42,-0.023093,97341,321.6,-80.66,-0.106885,430.1,0.049045,289.7,51149,437.1,55534,286.0,84.95,0.049615,54491,277.9,66.58,0.046563,93767,320.7,66.79,0.085516,70.1,0.000000,476.2,1386698,1978.4,76239,332.5,-0.76,-0.000525,85245,315.4,-9.90,-0.009540,97122,314.7,-7.47,-0.010095,250.1,0.000000,653.1,132390,1107.0,91793,343.2,0.94,0.000756,91675,321.6,21.30,0.021590,96410,320.4,23.74,0.031280
611.04,0.0113155,0.047775,95157,97394,97328,96785,320.0,611.0,0.000000,233.6,181362,453.0,92879,348.8,-1.14,-0.000910,92876,322.5,-21.94,-0.022462,97374,321.6,-82.00,-0.108697,431.0,0.049372,289.1,51342,432.9,55744,285.4,84.88,0.049865,54403,277.8,66.43,0.046402,93724,320.9,69.31,0.088651,71.0,0.000000,100.0,1354438,1968.4,75985,332.2,-0.55,-0.000378,84944,315.1,-6.89,-0.006627,97233,314.8,-7.11,-0.009614,251.0,0.000000,144.1,131067,1103.9,92291,343.7,0.92,0.000746,92385,322.3,21.62,0.022036,96503,320.6,24.83,0.032734
612.08,0.0113349,0.047592,95455,97457,97414,96859,320.1,612.1,0.000000,427.4,183869,454.6,92206,348.1,-1.15,-0.000920,92132,321.8,-21.41,-0.021794,97376,321.6,-82.96,-0.109984,432.1,0.049575,288.6,51539,428.6,55938,284.9,84.66,0.050004,54539,278.0,67.26,0.047069,93676,321.0,71.87,0.091820,72.1,0.000000,299.6,1321492,1957.9,75812,331.9,-0.35,-0.000241,84573,314.7,-3.93,-0.003767,97339,314.9,-6.80,-0.009206,252.1,0.000000,175.8,129652,1100.5,92829,344.3,0.93,0.000755,93139,323.0,21.80,0.022347,96609,320.8,25.99,0.034273
613.07,0.0113531,0.047411,95704,97497,97482,96929,320.1,613.1,0.000000,100.0,186309,456.2,91562,347.4,-1.18,-0.000936,91472,321.2,-20.94,-0.021209,97310,321.5,-83.18,-0.110244,433.1,0.049631,288.1,51714,424.8,56080,284.4,84.26,0.049972,54824,278.4,68.84,0.048360,93604,321.1,74.15,0.094643,73.1,0.000000,922.4,1291678,1948.2,75740,331.8,-0.16,-0.000113,84186,314.3,-1.37,-0.001304,97424,314.9,-6.59,-0.008924,253.1,0.000000,100.0,128312,1097.2,93356,344.8,0.96,0.000781,93848,323.7,21.79,0.022466,96725,321.0,27.05,0.035694
614.06,0.0113714,0.047219,95977,97506,97523,96996,320.2,614.1,0.000000,243.7,188830,457.8,90906,346.7,-1.21,-0.000955,90847,320.5,-20.53,-0.020690,97209,321.3,-82.72,-0.109586,434.1,0.049503,287.7,51875,421.3,56177,284.1,83.64,0.049752,55432,279.2,71.59,0.050693,93511,321.1,76.33,0.097329,74.1,0.000000,100.0,1262968,1938.7,75762,331.9,0.03,0.000020,83777,313.9,1.00,0.000948,97488,315.0,-6.46,-0.008751,254.1,0.000000,100.0,126962,1094.0,93912,345.4,1.00,0.000821,94546,324.4,21.67,0.022455,96826,321.1,28.05,0.037039
615.04,0.0113897,0.047023,95985,97498,97530,97058,320.2,615.0,0.000000,257.5,191435,459.5,90237,346.0,-1.24,-0.000973,90247,320.0,-20.19,-0.020252,97092,321.1,-81.78,-0.108260,435.0,0.049172,287.2,52018,417.8,56219,283.8,82.76,0.049320,56402,280.6,75.84,0.054377,93387,321.0,78.37,0.099833,75.0,0.000000,458.5,1235317,1929.3,75904,332.0,0.29,0.000197,83365,313.5,3.17,0.003004,97522,315.0,-6.42,-0.008708,255.0,0.000000,436.7,125604,1090.7,94507,346.0,1.06,0.000875,95226,325.0,21.43,0.022328,96892,321.2,28.95,0.038241
616.03,0.0114079,0.046828,96040,97476,97496,97116,320.1,616.0,0.000000,261.2,194127,461.2,89559,345.2,-1.27,-0.000989,89662,319.4,-19.94,-0.019900,96969,320.9,-80.33,-0.106282,436.0,0.048614,286.8,52137,414.6,56199,283.4,81.57,0.048648,57674,282.3,81.24,0.059192,93225,320.8,80.27,0.102121,76.0,0.000000,206.7,1208677,1920.2,76213,332.4,0.62,0.000429,82968,313.0,5.16,0.004878,97526,315.0,-6.51,-0.008827,256.0,0.000000,100.0,124238,1087.3,95150,346.6,1.14,0.000943,95881,325.6,21.12,0.022115,96922,321.2,29.71,0.039251
617.08,0.0114274,0.046621,96134,97437,97416,97174,320.1,617.1,0.000000,447.4,197086,463.0,88833,344.4,-1.29,-0.000998,89047,318.8,-19.76,-0.019622,96839,320.7,-78.43,-0.103701,437.1,0.046547,298.1,52200,411.4,56507,283.7,78.09,0.046790,59183,284.4,87.40,0.064875,93006,320.6,82.12,0.104319,77.1,0.000000,1773.3,1181432,1910.7,76748,333.1,1.03,0.000713,82578,312.6,7.10,0.006688,97489,315.0,-6.75,-0.009149,257.1,0.000000,424.2,122778,1083.7,95896,347.3,1.24,0.001030,96540,326.3,20.75,0.021836,96910,321.2,30.43,0.040204
618.07,0.0114456,0.046423,96246,97389,97304,97227,319.9,618.1,0.000000,100.0,199968,464.8,88154,343.7,-1.29,-0.000995,88469,318.2,-19.66,-0.019437,96709,320.5,-76.43,-0.100993,438.1,0.046817,285.7,52261,408.4,56084,282.8,77.02,0.045939,60573,286.2,92.82,0.070066,92759,320.3,83.76,0.106209,78.1,0.000000,100.0,1156745,1901.9,77445,333.9,1.41,0.000981,82250,312.2,8.77,0.008236,97402,314.9,-7.08,-0.009587,258.1,0.000000,323.5,121398,1080.3,96665,348.1,1.34,0.001122,97120,326.8,20.40,0.021559,96863,321.1,31.00,0.040949
619.05,0.0114640,0.046223,96375,97331,97170,97276,319.8,619.1,0.000000,775.4,202947,466.6,87490,342.9,-1.27,-0.000977,87886,317.6,-19.60,-0.019287,96582,320.3,-74.36,-0.098183,439.1,0.045410,285.2,52283,405.7,55805,282.2,75.54,0.044927,61837,287.8,97.51,0.074713,92485,320.0,85.36,0.108002,79.1,0.000000,397.6,1132944,1893.2,78304,334.9,1.72,0.001210,81970,311.9,10.28,0.009635,97288,314.8,-7.51,-0.010165,259.1,0.000000,484.5,120012,1076.8,97499,348.9,1.44,0.001214,97660,327.3,20.06,0.021286,96776,320.9,31.48,0.041558
620.04,0.0114823,0.046018,96505,97271,97029,97322,319.7,620.0,0.000000,100.0,206028,468.5,86847,342.2,-1.24,-0.000948,87302,317.0,-19.59,-0.019184,96459,320.1,-72.29,-0.095397,440.0,0.044272,284.7,52273,403.0,55643,281.7,74.19,0.044072,62970,289.3,101.45,0.078769,92190,319.8,86.90,0.109704,80.0,0.000000,100.0,1109990,1884.8,79272,336.0,1.93,0.001367,81742,311.7,11.64,0.010884,97157,314.7,-8.00,-0.010819,260.0,0.000000,100.0,118621,1073.3,98387,349.8,1.52,0.001290,98161,327.7,19.73,0.021011,96654,320.8,31.89,0.042066
621.03,0.0115006,0.045812,96589,97206,96880,97363,319.5,621.0,0.000000,214.9,209215,470.4,86233,341.5,-1.20,-0.000909,86716,316.4,-19.61,-0.019111,96329,319.8,-70.23,-0.092616,441.0,0.043594,284.3,52247,400.4,55575,281.4,73.33,0.043562,64007,290.5,104.82,0.082364,91885,319.5,88.40,0.111326,81.0,0.000000,317.1,1087848,1876.5,80283,337.2,1.99,0.001428,81570,311.5,12.83,0.011985,97018,314.6,-8.54,-0.011537,261.0,0.000000,100.0,117225,1069.8,99307,350.7,1.57,0.001335,98629,328.2,19.39,0.020720,96510,320.6,32.24,0.042497
622.08,0.0115201,0.045591,96681,97132,96717,97403,319.3,622.1,0.000000,339.6,212721,472.5,85618,340.8,-1.13,-0.000858,86099,315.8,-19.63,-0.019030,96189,319.6,-68.08,-0.089709,442.1,0.043359,283.8,52215,397.8,55601,281.2,73.18,0.043526,65047,291.8,107.97,0.085846,91553,319.2,89.95,0.112971,82.1,0.000000,256.7,1065174,1867.8,81326,338.4,1.92,0.001389,81452,311.3,13.94,0.013005,96864,314.4,-9.16,-0.012361,262.1,0.000000,183.2,115735,1066.0,100285,351.6,1.56,0.001337,99088,328.6,19.00,0.020376,96340,320.4,32.58,0.042890
623.07,0.0115384,0.045380,96807,97057,96573,97435,319.2,623.1,0.000000,286.6,216139,474.5,85078,340.2,-1.07,-0.000804,85527,315.2,-19.61,-0.018920,96055,319.4,-66.07,-0.086995,443.1,0.043537,283.7,52190,395.5,55721,281.2,73.82,0.043995,65992,292.9,110.64,0.088905,91241,318.9,91.38,0.114469,83.1,0.000000,405.5,1044601,1859.8,82223,339.4,1.75,0.001272,81399,311.3,14.84,0.013840,96718,314.3,-9.77,-0.013166,263.1,0.000000,625.0,114327,1062.3,101178,352.4,1.50,0.001297,99485,328.9,18.59,0.019996,96173,320.2,32.87,0.043229
624.06,0.0115567,0.045166,96962,96980,96447,97463,319.0,624.1,0.000000,100.0,219676,476.5,84575,339.6,-1.00,-0.000751,84967,314.6,-19.53,-0.018756,95929,319.2,-64.05,-0.084275,444.1,0.044253,283.9,52186,393.2,55991,281.5,75.45,0.045137,66911,294.0,113.08,0.091793,90936,318.7,92.80,0.115951,84.1,0.000000,100.0,1024740,1852.0,83003,340.3,1.51,0.001106,81400,311.3,15.63,0.014579,96583,314.1,-10.37,-0.013964,264.1,0.000000,323.7,112914,1058.7,102022,353.2,1.41,0.001225,99850,329.3,18.11,0.019529,96009,320.0,33.17,0.043579
625.06,0.0115751,0.044947,97130,96909,96347,97483,318.9,625.1,0.000000,501.7,223337,478.6,84104,339.1,-0.94,-0.000705,84416,314.1,-19.39,-0.018529,95817,319.0,-61.98,-0.081508,445.1,0.045951,284.6,52225,391.1,56561,282.2,78.93,0.047577,67803,295.0,115.30,0.094519,90647,318.4,94.23,0.117451,85.1,0.000000,457.9,1005563,1844.3,83652,341.0,1.25,0.000922,81445,311.3,16.33,0.015243,96466,314.0,-10.93,-0.014707,265.1,0.000000,100.0,111494,1055.0,102803,354.0,1.30,0.001135,100183,329.6,17.52,0.018942,95856,319.7,33.50,0.043978
626.05,0.0115935,0.044722,97280,96846,96269,97494,318.8,626.0,0.000000,629.2,227128,480.7,83653,338.5,-0.91,-0.000675,83888,313.5,-19.16,-0.018231,95724,318.9,-59.85,-0.078666,446.0,0.049253,286.2,52345,389.1,57563,283.6,84.85,0.051809,68669,296.0,117.33,0.097085,90377,318.2,95.70,0.119008,86.0,0.000000,100.0,987041,1836.7,84177,341.6,1.01,0.000747,81549,311.4,16.95,0.015829,96369,313.9,-11.43,-0.015368,266.0,0.000000,244.4,110068,1051.2,103518,354.6,1.18,0.001037,100486,329.8,16.80,0.018203,95718,319.5,33.89,0.044444
627.04,0.0116118,0.044494,97410,96786,96214,97495,318.7,627.0,0.000000,250.6,231053,482.9,83209,338.0,-0.90,-0.000663,83384,313.0,-18.84,-0.017844,95651,318.7,-57.64,-0.075736,447.0,0.054132,288.6,52584,387.2,58890,285.3,92.33,0.057316,69514,296.9,119.16,0.099501,90125,318.1,97.21,0.120608,87.0,0.000000,4426.3,969148,1829.3,84596,342.0,0.80,0.000597,81724,311.6,17.38,0.016260,96292,313.9,-11.86,-0.015925,267.0,0.000000,610.0,108636,1047.4,104166,355.2,1.06,0.000937,100761,330.1,15.93,0.017289,95597,319.3,34.32,0.044985
628.03,0.0116302,0.044263,97551,96726,96171,97484,318.7,628.0,0.000000,100.0,235120,485.1,82759,337.5,-0.91,-0.000670,82904,312.5,-18.41,-0.017369,95597,318.6,-55.36,-0.072719,448.0,0.059724,291.4,52956,385.5,60348,287.3,99.81,0.063064,70347,297.8,120.83,0.101784,89890,317.9,98.72,0.122222,88.0,0.000000,298.6,951858,1822.1,84935,342.4,0.65,0.000481,81974,311.8,17.63,0.016533,96228,313.8,-12.18,-0.016347,268.0,0.000000,990.6,107197,1043.5,104748,355.7,0.95,0.000842,101016,330.3,14.88,0.016186,95492,319.2,34.81,0.045597
629.09,0.0116498,0.044012,97722,96666,96137,97457,318.6,629.1,0.000000,219.5,239601,487.5,82265,336.9,-0.94,-0.000692,82416,312.0,-17.87,-0.016789,95555,318.5,-52.86,-0.069430,449.1,0.065270,294.4,53490,383.9,61897,289.3,106.58,0.068578,71230,298.8,122.43,0.104090,89651,317.8,100.32,0.123920,89.1,0.000000,1991.6,934122,1814.5,85234,342.7,0.53,0.000395,82310,312.2,17.75,0.016696,96168,313.8,-12.37,-0.016607,269.1,0.000000,100.0,105661,1039.4,105303,356.3,0.84,0.000750,101275,330.5,13.59,0.014807,95395,319.0,35.36,0.046306
630.08,0.0116682,0.043771,97895,96620,96115,97414,318.5,630.1,0.000000,853.7,243977,489.8,81779,336.4,-0.99,-0.000722,81978,311.5,-17.31,-0.016200,95527,318.5,-50.45,-0.066257,450.1,0.070081,297.1,54103,382.6,63300,291.2,111.49,0.072900,72067,299.7,123.80,0.106171,89436,317.7,101.81,0.125500,90.1,0.000000,567.1,918002,1807.5,85477,343.0,0.46,0.000342,82711,312.6,17.72,0.016718,96117,313.7,-12.37,-0.016594,270.1,0.000000,104.2,104209,1035.4,105770,356.7,0.75,0.000672,101520,330.7,12.21,0.013327,95316,318.8,35.92,0.047019
631.08,0.0116866,0.043526,97947,96553,96113,97351,318.5,631.1,0.000000,554.6,248514,492.2,81273,335.8,-1.03,-0.000753,81558,311.1,-16.73,-0.015598,95512,318.4,-47.97,-0.063002,451.1,0.071786,299.4,54755,381.5,65293,293.9,112.99,0.075501,72912,300.6,125.05,0.108175,89233,317.6,103.30,0.127073,91.1,0.000000,205.9,902417,1800.6,85700,343.2,0.41,0.000311,83217,313.1,17.30,0.016394,96071,313.7,-12.17,-0.016326,271.1,0.000000,333.0,102751,1031.4,106190,357.1,0.67,0.000603,101774,330.9,10.70,0.011700,95252,318.7,36.50,0.047771
632.07,0.0117050,0.043284,97903,96483,96101,97267,318.4,632.1,0.000000,495.6,253217,494.6,80749,335.1,-1.08,-0.000780,81156,310.6,-16.16,-0.015009,95508,318.4,-45.44,-0.059685,452.1,0.076835,301.6,55514,380.6,66330,295.2,117.07,0.079122,73756,301.5,126.19,0.110092,89037,317.5,104.76,0.128616,92.1,0.000000,182.7,887344,1793.9,85913,343.5,0.39,0.000296,83848,313.8,16.55,0.015771,96024,313.6,-11.73,-0.015729,272.1,0.000000,107.6,101288,1027.3,106565,357.4,0.60,0.000537,102043,331.2,9.10,0.009973,95199,318.6,37.11,0.048552
633.07,0.0117235,0.043048,97803,96423,96087,97161,318.3,633.1,0.000000,159.0,258094,497.1,80213,334.5,-1.11,-0.000799,80767,310.2,-15.61,-0.014454,95504,318.3,-42.90,-0.056356,453.1,0.077530,303.9,56287,379.8,68143,297.6,117.58,0.080975,74588,302.4,127.21,0.111904,88840,317.5,106.17,0.130082,93.1,0.000000,100.0,872767,1787.3,86124,343.7,0.39,0.000292,84556,314.5,15.59,0.014952,95971,313.6,-11.08,-0.014843,273.1,0.000000,1595.8,99821,1023.2,106893,357.7,0.52,0.000470,102326,331.4,7.47,0.008206,95151,318.4,37.70,0.049325
634.06,0.0117419,0.042820,97653,96365,96054,97034,318.2,634.1,0.000000,6123.4,263153,499.6,79673,333.9,-1.12,-0.000806,80390,309.8,-15.12,-0.013952,95494,318.3,-40.37,-0.053036,454.1,0.082022,305.7,57149,379.2,69095,298.7,120.90,0.084114,75398,303.3,128.11,0.113597,88640,317.4,107.53,0.131465,94.1,0.000000,111.9,858666,1780.8,86340,343.9,0.39,0.000298,85294,315.3,14.61,0.014095,95908,313.5,-10.20,-0.013656,274.1,0.000000,351.2,98352,1019.1,107168,357.9,0.44,0.000394,102621,331.7,5.88,0.006467,95105,318.3,38.25,0.050035
635.06,0.0117604,0.042603,97434,96309,96016,96886,318.1,635.1,0.000000,100.0,268402,502.2,79142,333.2,-1.11,-0.000797,80023,309.4,-14.70,-0.013517,95477,318.2,-37.86,-0.049736,455.1,0.082084,307.6,58008,378.6,70772,300.9,120.76,0.085440,76181,304.1,128.90,0.115175,88436,317.4,108.83,0.132772,95.1,0.000000,177.9,845025,1774.4,86569,344.2,0.41,0.000313,86019,316.0,13.70,0.013302,95832,313.5,-9.06,-0.012133,275.1,0.000000,2430.9,96881,1014.9,107380,358.1,0.34,0.000306,102924,331.9,4.38,0.004824,95061,318.3,38.73,0.050648
636.06,0.0117788,0.042400,97122,96257,95921,96718,317.9,636.1,0.000000,100.0,273847,504.8,78629,332.6,-1.09,-0.000773,79662,309.0,-14.35,-0.013155,95438,318.2,-35.44,-0.046542,456.1,0.086187,309.3,58944,378.2,71701,301.9,123.45,0.088173,76931,304.9,129.63,0.116666,88216,317.3,110.01,0.133919,96.1,0.000000,326.3,831828,1768.2,86814,344.5,0.44,0.000336,86703,316.7,12.95,0.012648,95728,313.4,-7.73,-0.010339,276.1,0.000000,683.4,95411,1010.6,107518,358.3,0.22,0.000202,103234,332.2,3.02,0.003336,95015,318.2,39.06,0.051075
637.05,0.0117973,0.042215,96732,96189,95821,96533,317.6,637.1,0.000000,100.0,279498,507.5,78143,332.0,-1.04,-0.000736,79303,308.6,-14.08,-0.012860,95369,318.1,-33.11,-0.043473,457.1,0.085716,311.0,59864,377.9,73271,303.9,122.97,0.089180,77637,305.6,130.39,0.118137,87978,317.2,111.10,0.134926,97.1,0.000000,391.3,819059,1762.1,87080,344.7,0.48,0.000363,87330,317.4,12.40,0.012170,95594,313.2,-6.20,-0.008283,277.1,0.000000,100.0,93943,1006.3,107569,358.3,0.09,0.000082,103551,332.5,1.85,0.002048,94959,318.1,39.24,0.051294
638.05,0.0118158,0.042052,96283,96111,95726,96333,317.4,638.1,0.000000,100.0,285364,510.3,77692,331.5,-0.97,-0.000684,78942,308.2,-13.86,-0.012624,95290,318.0,-30.83,-0.040455,458.1,0.089609,312.6,60854,377.7,74187,304.9,125.04,0.091503,78292,306.3,131.22,0.119616,87741,317.1,112.16,0.135894,98.1,0.000000,100.0,806703,1756.1,87368,345.1,0.52,0.000393,87887,317.9,12.06,0.011890,95457,313.1,-4.42,-0.005894,278.1,0.000000,390.2,92475,1002.0,107539,358.3,-0.03,-0.000032,103880,332.8,0.89,0.000988,94913,318.0,39.26,0.051309
639.05,0.0118342,0.041912,95786,96025,95627,96122,317.1,639.0,0.000000,100.0,291452,513.1,77286,331.0,-0.88,-0.000621,78572,307.8,-13.70,-0.012433,95209,317.9,-28.59,-0.037494,459.0,0.088695,314.1,61819,377.5,75720,306.8,124.53,0.092446,78897,307.0,132.06,0.121063,87505,316.9,113.18,0.136822,99.0,0.000000,248.1,794746,1750.2,87677,345.4,0.55,0.000422,88375,318.4,11.91,0.011791,95326,313.0,-2.42,-0.003223,279.0,0.000000,195.2,91001,997.6,107418,358.2,-0.18,-0.000159,104224,333.1,0.15,0.000167,94863,317.9,39.12,0.051102
640.05,0.0118527,0.041797,95262,95929,95528,95905,316.7,640.0,0.000000,100.0,297774,516.0,76929,330.5,-0.78,-0.000549,78191,307.4,-13.57,-0.012274,95127,317.8,-26.40,-0.034597,460.0,0.090192,315.8,62805,377.4,77421,308.9,123.44,0.093071,79441,307.5,132.91,0.122450,87271,316.8,114.17,0.137710,100.0,0.000000,533.5,783175,1744.4,88007,345.7,0.59,0.000450,88815,318.9,11.89,0.011810,95194,312.9,-0.27,-0.000359,280.0,0.000000,302.0,89517,993.1,107205,358.0,-0.32,-0.000287,104584,333.5,-0.38,-0.000419,94805,317.8,38.78,0.050656
641.04,0.0118711,0.041708,94768,95804,95428,95686,316.4,641.0,0.000000,330.9,304340,518.9,76621,330.2,-0.68,-0.000476,77794,307.0,-13.47,-0.012135,95045,317.7,-24.25,-0.031759,461.0,0.093818,317.1,63853,377.4,78139,309.6,125.57,0.095338,79908,308.1,133.74,0.123735,87041,316.6,115.13,0.138569,101.0,0.000000,335.6,771974,1738.8,88356,346.1,0.62,0.000476,89218,319.3,11.91,0.011873,94991,312.7,1.84,0.002443,281.0,0.000000,100.0,88034,988.6,106914,357.7,-0.44,-0.000397,104961,333.8,-0.70,-0.000784,94755,317.7,38.30,0.050018
642.04,0.0118896,0.041640,94335,95671,95310,95468,316.0,642.0,0.000000,217.7,311159,521.9,76358,329.8,-0.59,-0.000410,77382,306.5,-13.36,-0.011996,94956,317.6,-22.17,-0.029025,462.0,0.092777,318.7,64873,377.5,79790,311.5,124.32,0.095772,80330,308.5,134.53,0.124930,86808,316.4,116.01,0.139358,102.0,0.000000,100.0,761133,1733.2,88723,346.5,0.65,0.000500,89582,319.6,11.99,0.011983,94816,312.6,4.10,0.005449,282.0,0.000000,474.3,86569,984.1,106563,357.3,-0.54,-0.000483,105354,334.2,-0.85,-0.000953,94717,317.6,37.65,0.049166
643.03,0.0119080,0.041592,93945,95529,95189,95254,315.5,643.0,0.000000,100.0,318245,525.0,76129,329.5,-0.51,-0.000356,76956,306.0,-13.25,-0.011846,94858,317.5,-20.18,-0.026396,463.0,0.096248,319.9,65951,377.6,80515,312.2,126.04,0.097772,80658,308.9,135.22,0.125931,86573,316.1,116.84,0.140097,103.0,0.000000,260.7,750636,1727.8,89106,346.9,0.68,0.000522,89913,319.9,12.13,0.012158,94656,312.5,6.44,0.008548,283.0,0.000000,835.3,85226,979.8,106173,357.0,-0.60,-0.000541,105762,334.5,-0.85,-0.000950,94685,317.4,36.79,0.048049
644.03,0.0119265,0.041561,93603,95377,95071,95046,315.0,644.0,0.000000,185.9,325608,528.1,75924,329.3,-0.46,-0.000319,76518,305.6,-13.12,-0.011685,94756,317.4,-18.24,-0.023847,464.0,0.094919,321.5,66994,377.7,82084,314.0,124.64,0.098000,80888,309.2,135.88,0.126789,86341,315.8,117.63,0.140818,104.0,0.000000,191.2,740472,1722.4,89504,347.3,0.70,0.000542,90214,320.2,12.29,0.012345,94505,312.4,8.83,0.011693,284.0,0.000000,100.0,84509,977.2,105764,356.6,-0.64,-0.000570,106183,334.9,-0.70,-0.000789,94660,317.3,35.73,0.046673
645.09,0.0119461,0.041545,93315,95219,94946,94834,314.5,645.1,0.000000,735.7,333752,531.5,75720,329.0,-0.43,-0.000297,76043,305.0,-12.98,-0.011504,94648,317.3,-16.25,-0.021221,465.1,0.098270,322.5,68161,377.9,82854,314.7,126.06,0.099832,81053,309.4,136.46,0.127499,86099,315.4,118.43,0.141566,105.1,0.000000,141.7,730024,1716.9,89943,347.8,0.72,0.000563,90505,320.5,12.42,0.012506,94349,312.3,11.37,0.015044,285.1,0.000000,1818.8,85095,978.0,105335,356.2,-0.64,-0.000567,106638,335.3,-0.40,-0.000455,94638,317.1,34.41,0.044963
646.08,0.0119645,0.041540,93133,95054,94824,94645,314.0,646.1,0.000000,100.0,341732,534.8,75530,328.8,-0.42,-0.000292,75590,304.5,-12.84,-0.011337,94544,317.2,-14.43,-0.018835,466.1,0.096704,324.0,69220,378.2,84360,316.4,124.58,0.099909,81207,309.6,136.80,0.127976,85874,315.0,119.15,0.142245,106.1,0.000000,1492.9,720509,1711.8,90372,348.2,0.75,0.000583,90757,320.8,12.48,0.012592,94203,312.3,13.75,0.018165,286.1,0.000000,230.9,86284,980.4,104959,355.8,-0.60,-0.000532,107061,335.7,0.01,0.000010,94613,316.9,33.02,0.043162
647.08,0.0119829,0.041542,93042,94874,94691,94464,313.4,647.1,0.000000,100.0,350034,538.1,75334,328.6,-0.43,-0.000300,75136,304.0,-12.72,-0.011181,94435,317.1,-12.69,-0.016551,467.1,0.099929,324.7,70331,378.4,85083,317.0,125.62,0.101419,81418,309.9,136.83,0.128230,85651,314.5,119.82,0.142884,107.1,0.000000,187.5,711290,1706.8,90814,348.7,0.77,0.000601,90992,321.0,12.48,0.012615,94051,312.2,16.08,0.021212,287.1,0.000000,876.7,87840,983.8,104633,355.5,-0.52,-0.000464,107466,336.1,0.54,0.000609,94579,316.7,31.52,0.041213
648.07,0.0120013,0.041547,93010,94671,94546,94291,312.9,648.1,0.000000,324.2,358673,541.5,75125,328.3,-0.46,-0.000319,74688,303.5,-12.63,-0.011051,94317,317.0,-11.05,-0.014398,468.1,0.098123,326.3,71400,378.7,86546,318.6,124.11,0.101406,81707,310.2,136.75,0.128469,85426,314.0,120.44,0.143470,108.1,0.000000,4197.8,702357,1701.8,91269,349.2,0.79,0.000617,91202,321.2,12.36,0.012518,93890,312.1,18.34,0.024152,288.1,0.000000,100.0,89429,987.1,104380,355.2,-0.41,-0.000366,107840,336.4,1.15,0.001315,94529,316.4,29.93,0.039145
649.07,0.0120198,0.041552,93025,94464,94395,94124,312.3,649.1,0.000000,232.2,367666,545.0,74897,328.0,-0.50,-0.000346,74247,303.0,-12.59,-0.010971,94192,316.8,-9.52,-0.012388,469.1,0.101279,326.8,72519,379.0,87241,319.1,124.88,0.102684,82037,310.6,136.48,0.128544,85200,313.5,121.01,0.144000,109.1,0.000000,388.0,693700,1697.0,91733,349.6,0.80,0.000629,91381,321.3,12.12,0.012291,93718,312.0,20.51,0.026974,289.1,0.000000,100.0,90912,990.2,104212,355.1,-0.28,-0.000248,108169,336.7,1.83,0.002092,94466,316.2,28.27,0.036982
650.06,0.0120382,0.041556,93052,94251,94238,93961,311.7,650.1,0.000000,100.0,377032,548.5,74648,327.7,-0.55,-0.000379,73814,302.5,-12.61,-0.010945,94060,316.7,-8.08,-0.010509,470.1,0.099230,328.1,73591,379.3,88646,320.7,123.21,0.102454,82403,311.1,135.93,0.128410,84976,313.0,121.53,0.144484,110.1,0.000000,2657.9,685309,1692.3,92202,350.1,0.80,0.000635,91532,321.5,11.74,0.011926,93538,311.9,22.60,0.029681,290.1,0.000000,100.0,92262,992.8,104141,355.0,-0.13,-0.000112,108437,336.9,2.54,0.002904,94394,315.9,26.55,0.034744
651.06,0.0120566,0.041559,93075,94032,94070,93800,311.2,651.1,0.000000,315.8,386788,552.1,74374,327.4,-0.61,-0.000416,73390,302.0,-12.72,-0.010995,93919,316.6,-6.76,-0.008779,471.1,0.102153,328.6,74710,379.7,89245,321.1,123.55,0.103306,82872,311.7,135.20,0.128206,84751,312.4,122.00,0.144906,111.1,0.000000,220.2,677174,1687.6,92672,350.6,0.80,0.000635,91650,321.6,11.22,0.011408,93347,311.7,24.59,0.032246,291.1,0.000000,201.3,93533,995.2,104166,355.0,0.02,0.000021,108629,337.1,3.25,0.003720,94312,315.6,24.77,0.032412
652.05,0.0120750,0.041560,93093,93800,93879,93638,310.6,652.1,0.000000,100.0,396954,555.8,74077,327.0,-0.66,-0.000453,72980,301.5,-12.92,-0.011122,93767,316.4,-5.56,-0.007215,472.1,0.099698,329.5,75775,380.0,90570,322.5,121.64,0.102765,83421,312.4,134.21,0.127829,84524,311.9,122.40,0.145256,112.1,0.000000,100.0,669287,1683.1,93136,351.1,0.79,0.000628,91740,321.7,10.57,0.010751,93146,311.4,26.46,0.034647,292.1,0.000000,218.4,94776,997.4,104293,355.1,0.19,0.000168,108736,337.2,3.93,0.004510,94224,315.3,22.89,0.029952
653.05,0.0120935,0.041561,93136,93560,93662,93474,310.0,653.0,0.000000,568.7,407552,559.6,73757,326.6,-0.72,-0.000487,72591,301.1,-13.19,-0.011311,93588,316.2,-4.52,-0.005856,473.0,0.102364,330.2,76880,380.4,91072,322.8,121.73,0.103294,84054,313.2,133.04,0.127353,84289,311.3,122.73,0.145498,113.0,0.000000,2282.2,661641,1678.6,93589,351.5,0.77,0.000613,91807,321.7,9.80,0.009975,92927,311.1,28.16,0.036825,293.0,0.000000,386.7,95667,998.8,104529,355.4,0.36,0.000322,108757,337.2,4.57,0.005245,94123,315.0,20.86,0.027296
654.04,0.0121119,0.041560,93120,93318,93436,93306,309.5,654.0,0.000000,100.0,418601,563.5,73417,326.2,-0.77,-0.000518,72230,300.6,-13.50,-0.011531,93388,316.0,-3.59,-0.004647,474.0,0.099454,330.8,77925,380.7,92254,324.0,119.45,0.102299,84766,314.0,131.75,0.126837,84050,310.8,122.99,0.145647,114.0,0.000000,141.0,654226,1674.3,94026,352.0,0.73,0.000590,91857,321.8,8.94,0.009101,92694,310.8,29.70,0.038783,294.0,0.000000,100.0,96643,1000.3,104870,355.7,0.53,0.000470,108695,337.1,5.16,0.005912,94011,314.7,18.68,0.024438
655.04,0.0121303,0.041561,93055,93076,93202,93133,308.9,655.0,0.000000,190.2,430127,567.4,73062,325.7,-0.81,-0.000545,71913,300.3,-13.76,-0.011714,93173,315.8,-2.75,-0.003555,475.0,0.101799,331.3,79003,381.1,92631,324.2,119.23,0.102460,85543,315.0,130.41,0.126325,83810,310.2,123.18,0.145717,115.0,0.000000,259.8,647035,1670.0,94441,352.4,0.70,0.000560,91890,321.8,7.99,0.008142,92455,310.5,31.07,0.040515,295.0,0.000000,1876.0,97373,1001.2,105307,356.1,0.68,0.000609,108571,337.0,5.69,0.006519,93884,314.3,16.37,0.021401
656.03,0.0121487,0.041567,92929,92837,92961,92953,308.4,656.0,0.000000,25577.9,442151,571.4,72693,325.2,-0.84,-0.000566,71651,300.0,-13.88,-0.011787,92948,315.6,-1.98,-0.002549,476.0,0.098523,331.8,80015,381.4,93745,325.3,116.83,0.101267,86338,315.9,128.98,0.125720,83573,309.7,123.32,0.145712,116.0,0.000000,369.3,640063,1665.8,94829,352.8,0.65,0.000523,91913,321.8,6.98,0.007114,92212,310.1,32.27,0.042020,296.0,0.000000,1862.9,98597,1003.3,105834,356.6,0.82,0.000736,108405,336.8,6.16,0.007050,93744,314.0,13.93,0.018203
657.09,0.0121683,0.041580,92755,92582,92694,92755,307.9,657.1,0.000000,236.4,455501,575.8,72291,324.7,-0.87,-0.000583,71469,299.7,-13.85,-0.011743,92696,315.4,-1.22,-0.001571,477.1,0.098202,332.3,81077,381.7,95028,326.5,113.71,0.099542,87201,316.9,127.44,0.125062,83323,309.1,123.39,0.145619,117.1,0.000000,488.5,632886,1661.4,95205,353.2,0.59,0.000475,91935,321.8,5.86,0.005971,91950,309.7,33.34,0.043354,297.1,0.000000,220.6,100159,1006.0,106477,357.1,0.95,0.000852,108205,336.7,6.58,0.007520,93574,313.7,11.24,0.014678
658.08,0.0121867,0.041603,92436,92351,92437,92564,307.4,658.1,0.000000,229.6,468633,580.0,71905,324.2,-0.89,-0.000595,71399,299.7,-13.45,-0.011391,92447,315.1,-0.55,-0.000706,478.1,0.099962,332.8,82101,382.0,95154,326.4,114.18,0.100106,88024,317.9,126.01,0.124444,83091,308.6,123.39,0.145452,118.1,0.000000,845.3,626342,1657.4,95515,353.5,0.52,0.000419,91962,321.8,4.78,0.004877,91700,309.2,34.17,0.044366,298.1,0.000000,389.6,101390,1008.0,107142,357.7,1.04,0.000934,108011,336.5,6.91,0.007883,93390,313.4,8.67,0.011308
659.08,0.0122051,0.041641,92115,92131,92181,92370,307.0,659.1,0.000000,1380.3,482343,584.3,71513,323.7,-0.91,-0.000606,71362,299.6,-12.80,-0.010838,92192,314.9,0.11,0.000142,479.1,0.096818,333.1,83064,382.3,96409,327.6,111.08,0.098326,88837,318.9,124.56,0.123783,82869,308.2,123.33,0.145206,119.1,0.000000,151.9,619997,1653.5,95772,353.7,0.43,0.000348,92001,321.9,3.72,0.003788,91449,308.8,34.85,0.045184,299.1,0.000000,460.4,102536,1009.8,107838,358.4,1.08,0.000979,107833,336.3,7.16,0.008169,93181,313.1,6.11,0.007957
660.07,0.0122235,0.041692,91848,91922,91928,92175,306.6,660.1,0.000000,238.2,496661,588.7,71115,323.2,-0.93,-0.000617,71396,299.7,-11.98,-0.010148,91945,314.6,0.78,0.000996,480.1,0.098743,333.6,84055,382.6,96535,327.5,111.54,0.098887,89631,319.8,123.09,0.123050,82658,307.7,123.19,0.144888,120.1,0.000000,100.0,613844,1649.6,95965,353.9,0.32,0.000261,92058,321.9,2.67,0.002722,91207,308.4,35.42,0.045868,300.1,0.000000,361.6,103632,1011.4,108530,359.0,1.07,0.000977,107686,336.2,7.35,0.008375,92950,312.9,3.60,0.004685
661.06,0.0122419,0.041754,91595,91724,91713,91981,306.2,661.1,0.000000,228.2,511615,593.1,70707,322.7,-0.96,-0.000633,71496,299.8,-10.91,-0.009247,91702,314.4,1.48,0.001888,481.1,0.095621,333.9,84988,382.9,97754,328.6,108.62,0.097191,90404,320.7,121.57,0.122244,82466,307.3,123.02,0.144541,121.1,0.000000,440.2,607879,1645.8,96080,354.0,0.19,0.000159,92135,322.0,1.66,0.001691,90982,308.0,35.90,0.046435,301.1,0.000000,100.0,104743,1012.9,109187,359.6,1.02,0.000929,107591,336.1,7.45,0.008479,92474,312.4,0.80,0.001035
662.06,0.0122603,0.041827,91384,91536,91482,91790,305.9,662.1,0.000000,1055.2,527241,597.7,70285,322.1,-1.00,-0.000656,71647,300.0,-9.56,-0.008118,91459,314.1,2.20,0.002809,482.1,0.097572,334.5,85952,383.2,97900,328.6,109.08,0.097764,91153,321.5,120.02,0.121354,82283,307.0,122.82,0.144136,122.1,0.000000,535.7,602081,1642.1,96109,354.1,0.06,0.000045,92237,322.1,0.70,0.000714,90767,307.6,36.26,0.046852,302.1,0.000000,331.9,105890,1014.6,109778,360.1,0.91,0.000839,107547,336.0,7.50,0.008536,91995,311.9,-1.75,-0.002254
663.05,0.0122787,0.041907,91201,91359,91275,91599,305.5,663.0,0.000000,431.3,543571,602.4,69842,321.5,-1.05,-0.000688,71847,300.2,-8.02,-0.006823,91222,313.8,2.98,0.003791,483.0,0.094526,334.6,86861,383.5,99139,329.6,106.27,0.096130,91880,322.4,118.43,0.120391,82114,306.7,122.58,0.143706,123.0,0.000000,100.0,596265,1637.9,96063,354.0,-0.07,-0.000056,92366,322.2,-0.18,-0.000185,90584,307.3,36.46,0.047056,303.0,0.000000,905.7,107042,1016.2,110280,360.5,0.78,0.000717,107568,336.0,7.50,0.008542,91710,311.7,-3.87,-0.004980
664.04,0.0122971,0.041996,90966,91191,91090,91409,305.3,664.0,0.000000,252.6,560643,607.1,69383,320.9,-1.10,-0.000715,72077,300.5,-6.31,-0.005381,90999,313.5,3.83,0.004867,484.0,0.096541,335.3,87802,383.8,99308,329.6,106.79,0.096776,92592,323.2,116.83,0.119382,81963,306.4,122.33,0.143278,124.0,0.000000,350.6,590617,1633.8,95934,353.9,-0.21,-0.000167,92529,322.4,-0.96,-0.000981,90431,307.0,36.48,0.047056,304.0,0.000000,266.8,108133,1017.6,110680,360.9,0.62,0.000575,107644,336.1,7.48,0.008516,91515,311.5,-5.86,-0.007533
665.03,0.0123154,0.042095,90744,91027,90929,91221,305.0,665.0,0.000000,147.5,578494,612.0,68923,320.3,-1.11,-0.000718,72324,300.8,-4.47,-0.003822,90794,313.3,4.76,0.006041,485.0,0.093609,335.5,88693,384.1,100593,330.8,104.01,0.095150,93292,324.0,115.22,0.118338,81831,306.2,122.08,0.142862,125.0,0.000000,470.5,585135,1629.8,95726,353.7,-0.33,-0.000271,92728,322.6,-1.61,-0.001651,90305,306.8,36.28,0.046769,305.0,0.000000,518.5,109099,1018.7,110973,361.1,0.46,0.000425,107780,336.2,7.38,0.008413,91359,311.4,-7.83,-0.010060
666.09,0.0123350,0.042209,90551,90891,90784,91023,304.8,666.1,0.000000,1492.2,598360,617.2,68448,319.7,-1.09,-0.000703,72605,301.1,-2.42,-0.002072,90599,313.0,5.83,0.007389,486.1,0.095656,336.2,89675,384.4,100776,330.8,104.63,0.095893,94022,324.8,113.50,0.117188,81713,306.0,121.82,0.142442,126.1,0.000000,100.0,579485,1625.6,95434,353.4,-0.45,-0.000363,92979,322.8,-2.15,-0.002205,90195,306.5,35.82,0.046143,306.1,0.000000,230.9,109906,1019.4,111169,361.3,0.29,0.000269,108002,336.4,7.13,0.008142,91212,311.3,-9.92,-0.012734
667.08,0.0123533,0.042323,90396,90729,90674,90839,304.6,667.1,0.000000,100.0,617948,622.3,68034,319.1,-1.02,-0.000655,72882,301.5,-0.40,-0.000340,90439,312.7,6.91,0.008747,487.1,0.092756,336.4,90552,384.6,102063,331.9,101.93,0.094283,94697,325.5,111.88,0.116072,81622,305.8,121.57,0.142074,127.1,0.000000,308.0,574324,1621.7,95108,353.0,-0.53,-0.000431,93251,323.1,-2.50,-0.002569,90131,306.4,35.18,0.045313,307.1,0.000000,298.6,110452,1019.6,111259,361.4,0.15,0.000139,108292,336.6,6.78,0.007759,91099,311.2,-11.88,-0.015228
668.07,0.0123717,0.042442,90244,90575,90589,90656,304.5,668.1,0.000000,322.9,638446,627.4,67688,318.7,-0.87,-0.000555,73178,301.8,1.71,0.001473,90303,312.4,8.04,0.010179,488.1,0.094815,337.0,91463,384.9,102217,331.9,102.53,0.094983,95362,326.3,110.24,0.114925,81548,305.7,121.32,0.141720,128.1,0.000000,718.0,569305,1617.9,94746,352.6,-0.59,-0.000481,93556,323.4,-2.69,-0.002776,90111,306.3,34.30,0.044189,308.1,0.000000,100.0,110815,1019.3,111274,361.4,0.04,0.000033,108639,336.9,6.34,0.007264,91016,311.2,-13.87,-0.017760
669.06,0.0123900,0.042568,90072,90431,90524,90474,304.4,669.1,0.000000,493.2,659899,632.7,67448,318.3,-0.62,-0.000396,73498,302.2,3.90,0.003377,90192,312.1,9.22,0.011668,489.1,0.091890,337.3,92328,385.2,103465,333.0,99.86,0.093325,96015,327.0,108.60,0.113745,81496,305.6,121.09,0.141413,129.1,0.000000,135.2,564423,1614.2,94362,352.2,-0.64,-0.000512,93893,323.7,-2.73,-0.002820,90156,306.2,33.06,0.042610,309.1,0.000000,100.0,111019,1018.7,111232,361.4,-0.05,-0.000050,109018,337.2,5.80,0.006665,90955,311.2,-15.92,-0.020379
670.05,0.0124083,0.042700,89877,90295,90475,90294,304.3,670.0,0.000000,157.0,682357,638.0,67344,318.2,-0.30,-0.000190,73844,302.6,6.19,0.005374,90102,311.9,10.42,0.013185,490.0,0.093858,337.8,93227,385.5,103580,333.0,100.40,0.093940,96656,327.6,106.96,0.112538,81469,305.5,120.90,0.141168,130.0,0.000000,389.3,559667,1610.5,93970,351.8,-0.65,-0.000525,94242,324.1,-2.62,-0.002720,90262,306.3,31.35,0.040446,310.0,0.000000,8419.2,111085,1017.8,111155,361.3,-0.11,-0.000100,109416,337.6,5.19,0.005978,90917,311.2,-18.07,-0.023118
671.04,0.0124267,0.042840,89679,90160,90436,90116,304.2,671.0,0.000000,333.7,705870,643.5,67373,318.2,0.02,0.000015,74216,303.0,8.56,0.007458,90029,311.6,11.62,0.014702,491.0,0.090802,338.2,94079,385.8,104749,334.0,97.77,0.092225,97285,328.3,105.31,0.111305,81462,305.5,120.70,0.140927,131.0,0.000000,322.1,555030,1606.8,93582,351.4,-0.65,-0.000522,94604,324.4,-2.36,-0.002454,90400,306.4,29.18,0.037699,311.0,0.000000,170.6,111025,1016.6,111066,361.2,-0.13,-0.000121,109813,337.9,4.52,0.005217,90894,311.3,-20.33,-0.025989
672.03,0.0124450,0.042987,89490,90033,90399,89940,304.1,672.0,0.000000,229.0,730491,649.0,67528,318.4,0.35,0.000221,74604,303.5,11.00,0.009612,89969,311.4,12.79,0.016183,492.0,0.092643,338.6,94963,386.1,104828,334.0,98.14,0.092652,97901,328.9,103.67,0.110052,81465,305.5,120.47,0.140654,132.0,0.000000,229.0,550504,1603.3,93210,351.0,-0.63,-0.000502,94978,324.8,-1.91,-0.001995,90535,306.5,26.68,0.034504,312.0,0.000000,100.0,110831,1015.1,110977,361.1,-0.13,-0.000122,110188,338.3,3.80,0.004401,90874,311.4,-22.68,-0.028977
673.08,0.0124644,0.043151,89271,89910,90357,89757,304.1,673.1,0.000000,308.5,757927,655.0,67841,318.8,0.70,0.000450,75022,304.0,13.62,0.011949,89911,311.1,13.98,0.017689,493.1,0.089531,339.0,95851,386.4,105942,335.0,95.58,0.090926,98540,329.6,101.93,0.108702,81475,305.6,120.20,0.140317,133.1,0.000000,228.2,545809,1599.5,92845,350.6,-0.58,-0.000464,95383,325.2,-1.23,-0.001283,90641,306.5,23.84,0.030861,313.1,0.000000,100.0,110457,1013.1,110901,361.1,-0.11,-0.000100,110541,338.6,3.02,0.003506,90845,311.5,-25.23,-0.032223
674.07,0.0124827,0.043314,89033,89799,90315,89589,304.0,674.1,0.000000,301.2,785011,660.8,68277,319.4,1.04,0.000669,75406,304.4,16.08,0.014160,89860,310.8,15.03,0.019022,494.1,0.091121,339.4,96716,386.7,106013,334.9,95.70,0.091119,99123,330.1,100.31,0.107412,81488,305.7,119.89,0.139948,134.1,0.000000,436.9,541488,1596.0,92543,350.3,-0.52,-0.000410,95766,325.6,-0.39,-0.000405,90681,306.6,21.22,0.027481,314.1,0.000000,615.0,109972,1011.0,110861,361.0,-0.06,-0.000060,110808,338.8,2.29,0.002668,90803,311.5,-27.64,-0.035268
675.05,0.0125010,0.043487,88734,89695,90256,89424,303.9,675.1,0.000000,100.0,813378,666.7,68850,320.1,1.37,0.000887,75769,304.8,18.50,0.016353,89805,310.5,16.00,0.020260,495.1,0.087736,339.7,97531,387.0,107026,335.8,93.35,0.089484,99687,330.7,98.68,0.106100,81501,305.8,119.54,0.139513,135.1,0.000000,100.0,537256,1592.6,92294,350.0,-0.43,-0.000341,96142,325.9,0.63,0.000664,90664,306.5,18.79,0.024338,315.1,0.000000,158.5,109458,1008.8,110858,361.0,-0.01,-0.000009,110995,338.9,1.61,0.001874,90738,311.6,-29.99,-0.038233
676.04,0.0125193,0.043672,88446,89614,90175,89266,303.9,676.0,0.000000,320.4,843089,672.7,69551,321.0,1.68,0.001093,76103,305.2,20.88,0.018509,89739,310.3,16.88,0.021381,496.0,0.089441,340.1,98377,387.2,107104,335.8,93.24,0.089457,100227,331.2,97.07,0.104767,81506,305.8,119.11,0.138986,136.0,0.000000,368.9,533107,1589.2,92111,349.8,-0.32,-0.000253,96506,326.3,1.81,0.001911,90605,306.5,16.57,0.021450,316.0,0.000000,587.1,109334,1007.3,110889,361.0,0.04,0.000041,111096,339.0,0.99,0.001152,90627,311.6,-32.25,-0.041065
677.09,0.0125387,0.043880,88157,89542,90068,89106,303.7,677.1,0.000000,339.4,876200,679.2,70416,322.1,1.95,0.001281,76425,305.6,23.32,0.020734,89653,309.9,17.72,0.022447,497.1,0.086081,340.5,99223,387.5,108064,336.6,91.06,0.087923,100776,331.7,95.36,0.103324,81504,305.9,118.58,0.138327,137.1,0.000000,790.8,528782,1585.6,92003,349.7,-0.18,-0.000141,96876,326.7,3.22,0.003402,90494,306.4,14.42,0.018651,317.1,0.000000,100.0,110908,1009.4,110967,361.1,0.11,0.000100,111114,339.0,0.39,0.000456,90480,311.7,-34.48,-0.043828
678.07,0.0125569,0.044085,87903,89481,89954,88963,303.6,678.1,0.000000,249.9,908884,685.4,71322,323.2,2.14,0.001424,76702,305.9,25.51,0.022745,89555,309.6,18.43,0.023345,498.1,0.087520,340.7,100048,387.8,108181,336.7,90.68,0.087649,101267,332.2,93.75,0.101937,81500,306.0,118.00,0.137608,138.1,0.000000,100.0,524783,1582.3,91992,349.7,-0.03,-0.000023,97207,327.0,4.64,0.004924,90355,306.2,12.64,0.016325,318.1,0.000000,435.7,115731,1018.3,111078,361.2,0.16,0.000151,111056,339.0,-0.14,-0.000162,90331,311.7,-36.41,-0.046205
679.06,0.0125751,0.044300,87646,89427,89814,88830,303.5,679.1,0.000000,367.6,943111,691.7,72299,324.4,2.30,0.001540,76964,306.2,27.58,0.024649,89438,309.3,19.07,0.024148,499.1,0.084076,341.2,100824,388.1,109025,337.4,88.68,0.086192,101734,332.6,92.13,0.100514,81495,306.1,117.32,0.136770,139.1,0.000000,184.3,520845,1579.0,92064,349.7,0.12,0.000094,97520,327.3,6.14,0.006529,90196,306.1,11.07,0.014289,319.1,0.000000,333.9,122303,1030.4,111217,361.3,0.21,0.000192,110928,338.9,-0.65,-0.000762,90173,311.7,-38.21,-0.048405
680.04,0.0125934,0.044523,87395,89360,89665,88707,303.3,680.0,0.000000,173.4,978950,698.1,73342,325.7,2.42,0.001643,77222,306.5,29.49,0.026419,89300,309.0,19.65,0.024864,500.0,0.083116,341.4,101590,388.4,109984,338.3,86.20,0.084300,102179,333.0,90.50,0.099051,81487,306.1,116.52,0.135806,140.0,0.000000,686.7,516962,1575.8,92234,349.9,0.28,0.000224,97810,327.5,7.68,0.008176,90026,305.9,9.68,0.012471,320.0,0.000000,4168.7,129147,1042.4,111372,361.5,0.23,0.000214,110735,338.7,-1.17,-0.001365,89998,311.6,-39.89,-0.050444
681.09,0.0126127,0.044770,87144,89275,89520,88589,303.2,681.1,0.000000,100.0,1018871,705.0,74520,327.1,2.55,0.001748,77505,306.8,31.31,0.028129,89143,308.7,20.26,0.025616,501.1,0.084448,341.8,102433,388.6,109962,338.1,86.16,0.084277,102627,333.3,88.74,0.097445,81489,306.2,115.61,0.134720,141.1,0.000000,238.9,512889,1572.3,92514,350.2,0.45,0.000356,98084,327.8,9.29,0.009917,89851,305.8,8.36,0.010762,321.1,0.000000,203.4,136453,1054.6,111534,361.6,0.23,0.000214,110466,338.5,-1.74,-0.002021,89809,311.6,-41.50,-0.052373
682.07,0.0126309,0.045010,86916,89189,89389,88491,303.0,682.1,0.000000,1195.8,1058252,711.7,75697,328.5,2.66,0.001846,77794,307.1,32.81,0.029556,88996,308.3,20.85,0.026355,502.1,0.080928,342.1,103178,388.9,110835,338.9,83.99,0.082621,103027,333.7,87.06,0.095885,81503,306.2,114.69,0.133655,142.1,0.000000,1339.1,509096,1569.1,92869,350.6,0.60,0.000478,98307,328.0,10.76,0.011498,89701,305.6,7.25,0.009320,322.1,0.000000,161.0,142982,1064.7,111667,361.7,0.20,0.000189,110166,338.2,-2.30,-0.002663,89638,311.6,-42.83,-0.053945
683.05,0.0126491,0.045254,86872,89098,89262,88407,302.9,683.0,0.000000,509.6,1099459,718.4,76933,329.9,2.76,0.001936,78108,307.4,34.06,0.030769,88851,308.0,21.48,0.027133,503.0,0.082261,342.4,103951,389.2,110880,338.9,83.59,0.082265,103411,334.0,85.37,0.094284,81528,306.3,113.72,0.132543,143.0,0.000000,182.2,505332,1565.8,93313,351.0,0.75,0.000601,98496,328.1,12.13,0.012990,89565,305.5,6.22,0.007981,323.0,0.000008,374.5,149135,1073.7,111763,361.8,0.16,0.000147,109836,337.9,-2.90,-0.003347,89474,311.6,-43.98,-0.055292
684.03,0.0126672,0.045496,86769,88994,89146,88334,302.8,684.0,0.000000,304.8,1142564,725.2,78218,331.4,2.82,0.002005,78454,307.8,35.03,0.031748,88711,307.8,22.16,0.027965,504.0,0.078809,342.8,104677,389.4,111621,339.5,81.62,0.080710,103782,334.2,83.66,0.092648,81568,306.3,112.69,0.131391,144.0,0.000000,492.9,501591,1562.6,93850,351.6,0.91,0.000727,98654,328.3,13.41,0.014372,89445,305.4,5.24,0.006713,324.0,0.000035,374.6,154375,1080.8,111811,361.9,0.11,0.000104,109487,337.6,-3.54,-0.004086,89319,311.6,-44.95,-0.056407
685.07,0.0126865,0.045758,86599,88879,89016,88269,302.7,685.1,0.000000,630.8,1190518,732.5,79609,333.0,2.84,0.002041,78866,308.3,35.75,0.032526,88566,307.5,22.90,0.028885,505.1,0.077736,343.0,105439,389.7,112425,340.2,79.42,0.078934,104166,334.5,81.84,0.090883,81624,306.3,111.50,0.130082,145.1,0.000000,214.2,497635,1559.2,94521,352.2,1.07,0.000861,98787,328.4,14.62,0.015686,89330,305.3,4.20,0.005386,325.1,0.000017,982.7,159134,1086.6,111824,361.9,0.03,0.000030,109104,337.3,-4.30,-0.004943,89158,311.6,-45.78,-0.057355
686.05,0.0127047,0.046007,86533,88772,88894,88223,302.5,686.1,0.000000,100.0,1237749,739.5,80918,334.4,2.80,0.002037,79307,308.7,36.08,0.032957,88430,307.2,23.62,0.029761,506.1,0.078680,343.3,106180,390.0,112401,340.2,79.04,0.078554,104520,334.8,80.11,0.089204,81686,306.4,110.29,0.128758,146.1,0.000000,100.0,493924,1556.0,95242,353.0,1.21,0.000979,98883,328.4,15.61,0.016758,89226,305.2,3.21,0.004112,326.1,-0.000024,979.9,162816,1090.7,111816,361.9,-0.08,-0.000078,108736,337.0,-5.08,-0.005827,89006,311.6,-46.40,-0.058034
687.03,0.0127228,0.046254,86540,88663,88781,88190,302.4,687.0,0.000000,100.0,1287080,746.6,82200,335.9,2.70,0.001992,79791,309.3,36.17,0.033181,88298,307.0,24.34,0.030654,507.0,0.075195,343.6,106876,390.2,113086,340.8,77.05,0.076909,104871,335.0,78.39,0.087516,81755,306.4,109.03,0.127385,147.0,0.000000,100.0,490220,1552.7,96043,353.8,1.33,0.001087,98962,328.5,16.45,0.017673,89130,305.1,2.20,0.002810,327.0,-0.000075,977.4,165850,1093.7,111787,362.0,-0.26,-0.000241,108365,336.7,-5.93,-0.006791,88859,311.6,-46.84,-0.058485
688.07,0.0127420,0.046511,86615,88552,88668,88169,302.3,688.1,0.000000,298.5,1341860,754.2,83511,337.3,2.56,0.001911,80336,309.8,35.89,0.033083,88167,306.8,25.13,0.031622,508.1,0.073986,343.9,107604,390.5,113815,341.4,74.86,0.075064,105242,335.3,76.57,0.085723,81834,306.4,107.67,0.125908,148.1,0.000000,116.1,486285,1549.3,96968,354.7,1.44,0.001185,99038,328.5,17.16,0.018448,89037,305.0,1.09,0.001394,328.1,-0.000151,974.8,168538,1096.0,111724,362.2,-0.53,-0.000492,107971,336.3,-6.93,-0.007913,88711,311.6,-47.09,-0.058693
689.05,0.0127602,0.046745,86744,88451,88574,88162,302.2,689.0,0.000000,100.0,1395704,761.5,84683,338.5,2.41,0.001813,80881,310.4,35.28,0.032685,88056,306.6,25.88,0.032545,509.0,0.072597,356.5,108278,390.8,114528,342.1,72.48,0.072994,105592,335.5,74.88,0.084048,81915,306.4,106.38,0.124530,149.0,0.000000,347.2,482576,1546.0,97896,355.6,1.52,0.001259,99097,328.6,17.62,0.018949,88839,304.9,-0.19,-0.000244,329.0,-0.000256,972.5,170046,1096.5,111630,362.4,-0.87,-0.000807,107602,336.0,-7.96,-0.009061,88586,311.6,-47.08,-0.058599
690.09,0.0127794,0.046982,86943,88341,88460,88164,302.1,690.1,0.000000,482.0,1455392,769.2,85856,339.8,2.23,0.001699,81490,311.1,34.32,0.031968,87938,306.4,26.63,0.033469,510.1,0.073205,344.4,109015,391.0,114335,341.9,72.32,0.072753,105967,335.8,73.11,0.082291,81991,306.4,105.01,0.123054,150.1,0.000000,387.1,478625,1542.5,98922,356.6,1.57,0.001311,99149,328.6,17.87,0.019234,88693,304.7,-1.44,-0.001833,330.1,-0.000392,970.1,170892,1095.9,111492,362.9,-1.33,-0.001225,107210,335.7,-9.13,-0.010373,88452,311.6,-46.91,-0.058313
691.06,0.0127975,0.047193,87186,88234,88351,88174,302.0,691.1,0.000000,217.7,1513942,776.6,86890,340.9,2.07,0.001591,82078,311.7,33.12,0.031010,87827,306.2,27.29,0.034266,511.1,0.069618,344.7,109664,391.3,114924,342.4,70.27,0.070941,106324,336.0,71.47,0.080664,82047,306.3,103.78,0.121709,151.1,0.000000,294.8,474890,1539.2,99905,357.6,1.58,0.001331,99195,328.6,17.91,0.019283,88598,304.6,-2.62,-0.003341,331.1,-0.000558,968.0,171695,1095.3,111327,363.6,-1.84,-0.001693,106834,335.3,-10.31,-0.011675,88319,311.5,-46.66,-0.057918
692.04,0.0128156,0.047389,87465,88132,88244,88187,301.9,692.0,0.000000,396.9,1574817,784.0,87859,341.9,1.92,0.001485,82684,312.3,31.69,0.029827,87717,306.1,27.88,0.034986,512.0,0.068117,345.0,110300,391.5,115514,342.9,68.13,0.069026,106685,336.2,69.87,0.079063,82089,306.2,102.62,0.120440,152.0,0.000000,313.9,471135,1535.9,100881,358.5,1.56,0.001320,99246,328.6,17.78,0.019153,88510,304.5,-3.89,-0.004946,332.0,-0.000749,966.0,171143,1092.6,111131,364.5,-2.43,-0.002227,106440,335.0,-11.53,-0.013023,88183,311.5,-46.29,-0.057383
693.08,0.0128348,0.047580,87786,88038,88135,88202,301.8,693.1,0.000000,100.0,1642053,791.9,88819,342.9,1.77,0.001378,83352,313.0,29.96,0.028365,87604,305.9,28.45,0.035672,513.1,0.066564,345.3,110962,391.8,116034,343.4,66.02,0.067099,107078,336.5,68.19,0.077393,82116,306.1,101.50,0.119210,153.1,0.000000,289.4,467118,1532.3,101883,359.4,1.49,0.001273,99317,328.7,17.45,0.018809,88408,304.4,-5.29,-0.006726,333.1,-0.000974,963.9,170999,1090.5,110894,365.8,-3.14,-0.002864,105992,334.6,-12.86,-0.014484,88047,311.4,-45.81,-0.056712
694.06,0.0128529,0.047744,88072,87957,88033,88213,301.7,694.1,0.000000,248.5,1707728,799.4,89659,343.7,1.63,0.001279,84001,313.7,28.15,0.026806,87502,305.8,28.92,0.036238,514.1,0.064693,345.5,111569,392.0,116543,343.9,63.91,0.065149,107456,336.7,66.64,0.075850,82124,306.0,100.58,0.118179,154.1,0.000000,1713.4,463306,1528.9,102770,360.3,1.40,0.001198,99426,328.8,16.99,0.018324,88309,304.3,-6.63,-0.008429,334.1,-0.001230,962.0,169906,1087.0,110648,367.4,-3.89,-0.003524,105536,334.2,-14.14,-0.015880,87928,311.4,-45.30,-0.056009
695.03,0.0128710,0.047893,88316,87874,87934,88217,301.6,695.0,0.000000,2566.8,1775689,806.9,90437,344.5,1.50,0.001182,84670,314.4,26.21,0.025101,87403,305.6,29.33,0.036722,515.0,0.062956,345.8,112160,392.2,117011,344.3,61.85,0.063232,107843,337.0,65.13,0.074340,82114,305.9,99.78,0.117274,155.0,0.000000,254.3,459459,1525.5,103585,361.0,1.27,0.001099,99571,328.9,16.36,0.017667,88212,304.3,-8.00,-0.010153,335.0,-0.001507,959.9,169128,1083.9,110385,369.4,-4.71,-0.004240,105044,333.8,-15.46,-0.017298,87819,311.3,-44.74,-0.055260
696.07,0.0128902,0.048039,88507,87790,87824,88210,301.5,696.1,0.000000,100.0,1850331,814.8,91196,345.3,1.36,0.001079,85405,315.2,24.04,0.023168,87298,305.5,29.68,0.037138,516.1,0.061240,346.1,112774,392.5,117429,344.7,59.84,0.061325,108266,337.3,63.56,0.072775,82084,305.8,99.05,0.116427,156.1,0.000000,257.7,455328,1521.8,104357,361.8,1.13,0.000977,99755,329.0,15.51,0.016768,88112,304.2,-9.49,-0.012031,336.1,-0.001833,956.9,170655,1084.0,110097,372.0,-5.69,-0.005072,104483,333.3,-16.90,-0.018839,87722,311.3,-44.19,-0.054530
697.05,0.0129083,0.048169,88587,87718,87730,88191,301.4,697.0,0.000000,100.0,1923174,823.3,91843,345.9,1.23,0.000979,86112,315.9,21.95,0.021275,87198,305.4,29.97,0.037465,517.0,0.059320,346.3,113334,392.7,117851,345.0,57.85,0.059435,108674,337.5,62.12,0.071337,82044,305.6,98.45,0.115723,157.0,0.000000,562.7,451396,1518.3,104990,362.4,0.98,0.000853,99959,329.2,14.55,0.015760,88017,304.1,-10.91,-0.013833,337.0,-0.002198,954.4,170823,1082.3,109826,375.1,-6.72,-0.005922,103925,332.8,-18.31,-0.020327,87642,311.2,-43.78,-0.053980
698.09,0.0129275,0.048303,88540,87652,87644,88157,301.3,698.1,0.000000,224.8,2005052,832.3,92455,346.6,1.08,0.000868,86872,316.7,19.73,0.019242,87098,305.3,30.24,0.037776,518.1,0.057594,346.6,113916,392.9,118216,345.4,55.97,0.057622,109117,337.8,60.62,0.069840,82005,305.5,97.90,0.115065,158.1,0.000000,100.0,447176,1514.5,105558,362.9,0.82,0.000716,100206,329.4,13.38,0.014513,87922,304.0,-12.43,-0.015737,338.1,-0.002600,951.9,170568,1079.7,109539,379.0,-7.91,-0.006884,103308,332.3,-19.85,-0.021942,87568,311.2,-43.42,-0.053499
699.06,0.0129456,0.048432,88405,87597,87576,88113,301.2,699.1,0.000000,156.4,2088393,842.4,92954,347.1,0.94,0.000755,87588,317.4,17.71,0.017373,87009,305.2,30.49,0.038058,519.1,0.055707,346.8,114447,393.1,118580,345.7,54.14,0.055857,109539,338.1,59.23,0.068451,81980,305.4,97.43,0.114503,159.1,0.000000,100.0,443172,1510.8,105992,363.3,0.67,0.000585,100460,329.6,12.11,0.013160,87845,303.9,-13.82,-0.017495,339.1,-0.003039,949.7,169832,1076.5,109273,383.5,-9.14,-0.007838,102715,331.8,-21.33,-0.023480,87513,311.1,-43.16,-0.053157
700.04,0.0129637,0.048566,88212,87566,87520,88058,301.2,700.0,0.000000,377.5,2179980,854.9,93372,347.5,0.79,0.000635,88298,318.1,15.81,0.015604,86928,305.1,30.75,0.038362,520.0,0.053991,347.0,114966,393.3,118932,346.0,52.36,0.054134,109963,338.3,57.85,0.067066,81971,305.4,96.95,0.113956,160.0,0.000000,266.9,439137,1507.2,106326,363.6,0.51,0.000452,100730,329.9,10.67,0.011624,87780,303.9,-15.19,-0.019208,340.0,-0.003500,947.7,168654,1072.7,109013,388.8,-10.46,-0.008830,102118,331.2,-22.82,-0.025012,87478,311.1,-43.01,-0.052964
701.08,0.0129829,0.048718,87935,87516,87474,87991,301.1,701.1,0.000000,245.6,2288835,871.5,93725,347.8,0.62,0.000503,89040,318.9,13.98,0.013882,86850,305.0,31.05,0.038713,521.1,0.052342,347.3,115504,393.6,119257,346.3,50.64,0.052447,110412,338.6,56.39,0.065576,81986,305.3,96.40,0.113339,161.1,0.000000,214.5,434814,1503.2,106573,363.8,0.36,0.000313,101025,330.1,8.98,0.009805,87720,303.8,-16.58,-0.020964,341.1,-0.004012,945.5,167240,1068.3,108745,395.4,-11.98,-0.009915,101492,330.7,-24.38,-0.026607,87466,311.0,-43.03,-0.052988
702.05,0.0130009,0.048872,87642,87483,87446,87923,301.1,702.1,0.000000,330.1,2404589,891.1,93972,348.1,0.47,0.000381,89724,319.6,12.46,0.012435,86786,305.0,31.37,0.039082,522.1,0.050560,347.5,115998,393.8,119597,346.6,48.96,0.050809,110834,338.9,54.98,0.064131,82027,305.3,95.81,0.112696,162.1,0.000000,418.8,430710,1499.5,106712,363.9,0.22,0.000192,101293,330.4,7.24,0.007916,87672,303.8,-17.83,-0.022528,342.1,-0.004564,943.4,166028,1064.3,108502,402.8,-13.52,-0.010959,100920,330.2,-25.82,-0.028057,87459,311.0,-43.24,-0.053243
703.09,0.0130201,0.049046,87392,87467,87434,87849,301.1,703.1,0.000000,141.8,2544357,916.7,94150,348.2,0.32,0.000260,90434,320.3,11.05,0.011097,86731,304.9,31.75,0.039533,523.1,0.049001,347.8,116512,394.0,119896,346.9,47.37,0.049248,111280,339.2,53.43,0.062521,82105,305.4,95.07,0.111909,163.1,0.000000,100.0,426309,1495.5,106771,364.0,0.09,0.000078,101542,330.6,5.22,0.005722,87634,303.8,-19.05,-0.024058,343.1,-0.005159,941.2,164614,1059.8,108255,411.8,-15.27,-0.012083,100337,329.7,-27.29,-0.029531,87478,311.0,-43.70,-0.053815
704.06,0.0130382,0.049218,87188,87467,87450,87780,301.1,704.1,0.000000,100.0,2694055,946.0,94250,348.3,0.20,0.000160,91088,320.9,9.93,0.010027,86691,304.9,32.16,0.040028,524.1,0.047311,348.1,116984,394.2,120220,347.2,45.82,0.047717,111698,339.4,51.90,0.060912,82224,305.5,94.20,0.111010,164.1,0.000000,844.5,422128,1491.6,106758,364.0,-0.01,-0.000010,101726,330.7,3.19,0.003504,87613,303.8,-20.07,-0.025340,344.1,-0.005796,939.2,163219,1055.5,108031,421.6,-17.04,-0.013144,99818,329.2,-28.62,-0.030855,87524,311.1,-44.39,-0.054685
705.03,0.0130562,0.049395,87003,87480,87502,87712,301.1,705.0,0.000000,100.0,2863452,980.8,94294,348.4,0.09,0.000077,91727,321.6,9.00,0.009128,86675,305.0,32.67,0.040654,525.0,0.045808,348.3,117448,394.4,120532,347.5,44.34,0.046266,112113,339.7,50.29,0.059204,82411,305.7,93.12,0.109917,165.0,0.000000,100.0,416774,1486.9,106693,363.9,-0.09,-0.000080,101848,330.8,1.08,0.001184,87620,303.8,-20.89,-0.026384,345.0,-0.006456,937.2,161738,1051.0,107813,432.9,-18.94,-0.014196,99332,328.8,-29.91,-0.032128,87598,311.1,-45.27,-0.055815
706.07,0.0130753,0.049589,86850,87506,87539,87643,301.2,706.1,0.000000,4302.0,3066979,1024.0,94295,348.4,0.01,0.000008,92387,322.2,8.18,0.008343,86669,305.0,33.27,0.041388,526.1,0.044393,348.6,117934,394.6,120825,347.8,42.91,0.044849,112550,340.0,48.52,0.057287,82681,306.0,91.52,0.108288,166.1,0.000000,228.7,410861,1481.6,106579,363.8,-0.16,-0.000140,101905,330.9,-1.21,-0.001326,87637,303.9,-21.63,-0.027315,346.1,-0.007164,935.6,157679,1042.4,107572,446.6,-21.06,-0.015266,98854,328.4,-31.24,-0.033444,87683,311.2,-46.45,-0.057306
707.04,0.0130933,0.049776,86697,87541,87598,87582,301.2,707.0,0.000000,356.7,3282084,1070.9,94264,348.3,-0.05,-0.000040,92986,322.8,7.56,0.007745,86671,305.1,33.87,0.042138,527.0,0.042863,348.8,118383,394.8,121133,348.0,41.56,0.043505,112955,340.2,46.79,0.055403,83007,306.3,89.52,0.106220,167.0,0.000000,528.9,405225,1476.5,106435,363.7,-0.21,-0.000188,101893,330.9,-3.34,-0.003672,87654,303.9,-22.16,-0.027987,347.0,-0.007860,934.0,154402,1035.0,107311,461.2,-23.09,-0.016172,98439,328.0,-32.49,-0.034668,87757,311.2,-47.70,-0.058894
708.07,0.0131124,0.049979,86530,87588,87686,87522,301.3,708.1,0.000000,325.5,3536539,1127.4,94211,348.3,-0.08,-0.000068,93593,323.4,7.03,0.007234,86695,305.2,34.61,0.043053,528.1,0.041544,349.1,118855,395.0,121438,348.3,40.22,0.042178,113375,340.5,44.92,0.053342,83433,306.7,86.88,0.103477,168.1,0.000000,161.9,399168,1471.1,106248,363.5,-0.26,-0.000232,101811,330.8,-5.55,-0.006088,87687,304.0,-22.48,-0.028393,348.1,-0.008586,932.2,150833,1027.0,107008,478.5,-25.33,-0.017046,98035,327.7,-33.82,-0.035978,87834,311.2,-49.04,-0.060601
709.04,0.0131304,0.050173,86405,87646,87783,87472,301.4,709.0,0.000000,100.0,3800537,1186.8,94163,348.2,-0.09,-0.000069,94128,323.9,6.63,0.006850,86740,305.3,35.39,0.044024,529.0,0.040119,349.3,119294,395.3,121753,348.6,38.95,0.040918,113756,340.7,43.14,0.051369,83886,307.1,83.96,0.100416,169.0,0.000000,595.0,393407,1465.8,106043,363.3,-0.31,-0.000270,101676,330.7,-7.51,-0.008238,87741,304.0,-22.55,-0.028496,349.0,-0.009331,930.4,147541,1019.4,106695,496.7,-27.49,-0.017777,97687,327.4,-35.09,-0.037236,87906,311.3,-50.23,-0.062115
710.07,0.0131495,0.050383,86305,87718,87896,87424,301.5,710.1,0.000000,100.0,4106386,1256.2,94123,348.2,-0.07,-0.000056,94646,324.4,6.28,0.006519,86808,305.5,36.29,0.045147,530.1,0.037778,356.2,119738,395.5,122495,349.2,36.72,0.038738,114142,341.0,41.26,0.049258,84394,307.5,80.52,0.096761,170.1,0.000000,508.9,387228,1460.1,105793,363.0,-0.36,-0.000312,101477,330.5,-9.46,-0.010355,87804,304.1,-22.42,-0.028335,350.1,-0.010091,928.5,143951,1011.0,106334,518.0,-29.85,-0.018447,97348,327.1,-36.49,-0.038619,87972,311.3,-51.30,-0.063479
711.04,0.0131675,0.050579,86276,87771,88004,87385,301.6,711.0,0.000000,100.0,4416655,1327.0,94109,348.2,-0.03,-0.000023,95070,324.8,6.04,0.006285,86885,305.7,37.17,0.046256,531.0,0.037549,349.8,120169,395.7,122752,349.5,35.63,0.037643,114486,341.2,39.50,0.047269,84876,307.8,77.10,0.093071,171.0,0.000000,100.0,381356,1454.7,105524,362.8,-0.41,-0.000356,101248,330.3,-11.12,-0.012159,87879,304.2,-22.06,-0.027902,351.0,-0.010859,926.6,140526,1003.0,105971,539.8,-32.11,-0.018971,97058,326.8,-37.86,-0.039982,88034,311.3,-52.08,-0.064500
712.07,0.0131865,0.050788,86150,87831,88119,87349,301.7,712.1,0.000000,354.6,4767621,1407.5,94122,348.2,0.02,0.000015,95450,325.2,5.84,0.006091,86972,305.9,38.12,0.047467,532.1,0.036311,350.1,120624,395.9,123000,349.7,34.52,0.036520,114830,341.4,37.65,0.045164,85378,308.2,73.37,0.089006,172.1,0.000000,403.6,375069,1448.8,105194,362.4,-0.47,-0.000414,100965,330.1,-12.71,-0.013864,87967,304.4,-21.50,-0.027213,352.1,-0.011626,924.6,136591,993.9,105563,564.7,-34.50,-0.019411,96778,326.6,-39.40,-0.041513,88099,311.2,-52.68,-0.065291
713.04,0.0132045,0.050987,86024,87885,88220,87321,301.8,713.0,0.000000,640.8,5114874,1487.6,94176,348.2,0.09,0.000076,95746,325.5,5.68,0.005943,87049,306.0,39.03,0.048613,533.0,0.034928,350.4,121047,396.1,123241,349.9,33.40,0.035381,115134,341.6,35.93,0.043193,85824,308.4,69.87,0.085122,173.0,0.000000,753.0,369140,1443.2,104830,362.1,-0.55,-0.000482,100666,329.8,-14.03,-0.015275,88047,304.5,-20.83,-0.026370,353.0,-0.012375,922.9,132609,984.7,105160,589.6,-36.72,-0.019711,96542,326.4,-40.92,-0.043039,88157,311.2,-53.02,-0.065757
714.07,0.0132235,0.051201,85896,87932,88314,87297,301.9,714.1,0.000000,266.1,5497638,1576.6,94299,348.4,0.20,0.000167,95992,325.7,5.56,0.005828,87120,306.2,39.98,0.049810,534.1,0.032663,356.4,121478,396.4,123845,350.4,31.38,0.033355,115437,341.8,34.13,0.041111,86261,308.7,66.19,0.080989,174.1,0.000000,100.0,362834,1437.1,104374,361.6,-0.66,-0.000573,100321,329.5,-15.26,-0.016574,88128,304.6,-19.99,-0.025323,354.1,-0.013101,921.2,128358,974.9,104720,617.2,-39.01,-0.019922,96314,326.2,-42.62,-0.044748,88212,311.2,-53.16,-0.065978
715.04,0.0132414,0.051404,85798,87968,88384,87281,302.0,715.0,0.000000,100.0,5866408,1663.0,94482,348.5,0.32,0.000262,96165,325.9,5.48,0.005754,87177,306.4,40.85,0.050899,535.0,0.032181,350.9,121892,396.6,124002,350.6,30.34,0.032281,115702,341.9,32.45,0.039161,86632,308.8,62.78,0.077114,175.0,0.000000,100.0,356898,1431.4,103866,361.1,-0.78,-0.000674,99980,329.2,-16.26,-0.017610,88193,304.7,-19.13,-0.024246,355.0,-0.013795,919.8,124060,965.1,104299,643.7,-41.08,-0.020035,96115,326.0,-44.29,-0.046424,88255,311.1,-53.10,-0.065955
716.07,0.0132605,0.051621,85700,87998,88433,87273,302.1,716.1,0.000000,100.0,6261902,1756.8,94746,348.8,0.44,0.000362,96291,326.0,5.42,0.005697,87218,306.5,41.73,0.051990,536.1,0.030782,351.1,122328,396.8,124140,350.7,29.19,0.031076,115961,342.1,30.69,0.037100,86979,309.0,59.23,0.073010,176.1,0.000000,281.6,350588,1425.2,103236,360.5,-0.92,-0.000792,99612,328.9,-17.15,-0.018527,88244,304.7,-18.18,-0.023050,356.1,-0.014438,918.6,119096,953.8,103842,672.0,-43.16,-0.020072,95915,325.9,-46.11,-0.048255,88290,311.1,-52.92,-0.065761
717.03,0.0132784,0.051826,85613,88021,88454,87274,302.1,717.0,0.000000,110.2,6632295,1846.1,95053,349.1,0.54,0.000446,96365,326.0,5.40,0.005679,87231,306.6,42.50,0.052946,537.0,0.028308,351.3,122716,397.1,124572,351.1,27.38,0.029227,116182,342.2,29.05,0.035170,87259,309.1,55.94,0.069154,177.0,0.000000,3924.7,344647,1419.3,102558,359.8,-1.05,-0.000903,99261,328.6,-17.86,-0.019246,88276,304.8,-17.28,-0.021911,357.0,-0.015011,917.7,114030,942.3,103396,698.1,-44.95,-0.020037,95730,325.7,-47.85,-0.050004,88312,311.0,-52.68,-0.065498
718.06,0.0132974,0.052045,85518,88037,88449,87285,302.1,718.1,0.000000,777.9,7017965,1941.1,95430,349.5,0.63,0.000522,96409,326.1,5.43,0.005706,87214,306.7,43.28,0.053892,538.1,0.026919,351.5,123125,397.3,124954,351.4,25.56,0.027339,116395,342.4,27.33,0.033137,87505,309.1,52.49,0.065062,178.1,0.000000,2745.2,338336,1413.0,101756,359.0,-1.19,-0.001011,98884,328.3,-18.51,-0.019887,88292,304.8,-16.36,-0.020741,358.1,-0.015498,917.2,108260,929.2,102895,724.7,-46.64,-0.019931,95535,325.6,-49.72,-0.051872,88323,310.9,-52.44,-0.065221
719.08,0.0133164,0.052264,85449,88053,88414,87307,302.0,719.1,0.000000,553.1,7389427,2035.3,95845,349.9,0.70,0.000578,96437,326.1,5.53,0.005811,87162,306.7,44.02,0.054776,539.1,0.025336,356.2,123526,397.6,125264,351.6,23.83,0.025530,116588,342.5,25.64,0.031128,87698,309.2,49.09,0.060976,179.1,0.000000,187.2,332030,1406.6,100886,358.1,-1.30,-0.001099,98504,327.9,-19.07,-0.020429,88285,304.9,-15.51,-0.019667,359.1,-0.015898,916.9,102123,915.1,102355,749.6,-48.09,-0.019761,95340,325.4,-51.59,-0.053737,88312,310.8,-52.22,-0.064957
720.05,0.0133342,0.052468,85429,88068,88362,87340,302.0,0.0,0.000000,100.0,7720666,2122.3,96256,350.3,0.73,0.000607,96461,326.1,5.65,0.005946,87085,306.7,44.70,0.055569,540.0,0.024345,351.9,123907,397.8,125258,351.7,22.79,0.024420,116759,342.6,24.07,0.029266,87835,309.2,45.94,0.057147,180.0,-0.000000,459.5,326101,1400.4,100027,357.3,-1.37,-0.001157,98141,327.6,-19.53,-0.020871,88258,304.8,-14.81,-0.018771,360.0,-0.014584,911.1,98257,905.5,98593,752.4,-38.70,-0.015265,95156,325.3,-53.33,-0.055472,88283,310.7,-52.04,-0.064738
