theta_deg,t_s,mdot_restrictor_kg_s,p_plenum_exit_Pa,p_plenum_map_Pa,p_plenum_floor_Pa,p_plenum_mean_Pa,T_plenum_floor_K,phase1_deg,mdot_valve1_kg_s,T_valve1_K,p_cyl1_Pa,T_cyl1_K,p_port1_Pa,T_port1_K,u_port1_m_s,mdot_port1_kg_s,p_flange1_Pa,T_flange1_K,u_flange1_m_s,mdot_flange1_kg_s,p_mouth1_Pa,T_mouth1_K,u_mouth1_m_s,mdot_mouth1_kg_s,phase2_deg,mdot_valve2_kg_s,T_valve2_K,p_cyl2_Pa,T_cyl2_K,p_port2_Pa,T_port2_K,u_port2_m_s,mdot_port2_kg_s,p_flange2_Pa,T_flange2_K,u_flange2_m_s,mdot_flange2_kg_s,p_mouth2_Pa,T_mouth2_K,u_mouth2_m_s,mdot_mouth2_kg_s,phase3_deg,mdot_valve3_kg_s,T_valve3_K,p_cyl3_Pa,T_cyl3_K,p_port3_Pa,T_port3_K,u_port3_m_s,mdot_port3_kg_s,p_flange3_Pa,T_flange3_K,u_flange3_m_s,mdot_flange3_kg_s,p_mouth3_Pa,T_mouth3_K,u_mouth3_m_s,mdot_mouth3_kg_s,phase4_deg,mdot_valve4_kg_s,T_valve4_K,p_cyl4_Pa,T_cyl4_K,p_port4_Pa,T_port4_K,u_port4_m_s,mdot_port4_kg_s,p_flange4_Pa,T_flange4_K,u_flange4_m_s,mdot_flange4_kg_s,p_mouth4_Pa,T_mouth4_K,u_mouth4_m_s,mdot_mouth4_kg_s
1.07,0.0000155,0.053489,89670,91509,91361,91213,306.1,1.1,0.000000,100.0,7154035,2307.6,65741,292.5,-1.27,-0.000862,69162,295.1,-21.68,-0.018068,90859,320.8,-58.97,-0.073117,541.1,0.061645,333.9,85123,358.5,98885,331.7,70.63,0.063332,87555,314.6,97.28,0.096555,85529,317.8,98.96,0.116611,181.1,0.000000,378.4,301951,1393.6,110827,341.9,-0.49,-0.000482,108033,335.9,-18.45,-0.021162,91063,315.6,-76.33,-0.096451,361.1,-0.005032,573.4,104800,956.3,104828,576.0,-13.29,-0.007281,106805,335.2,11.44,0.012960,90046,318.7,52.62,0.065089
2.07,0.0000300,0.053485,89716,91574,91424,91231,306.1,2.1,0.000000,100.0,7354451,2377.7,65381,292.1,-1.19,-0.000802,68742,294.6,-20.20,-0.016756,90913,320.9,-57.53,-0.071373,542.1,0.060648,334.6,85887,359.2,99704,332.5,69.28,0.062488,88229,315.3,95.47,0.095280,85552,317.7,99.22,0.116987,182.1,0.000000,100.0,297375,1388.4,110567,341.7,-0.47,-0.000458,106928,334.9,-20.13,-0.022927,91131,315.6,-76.02,-0.096117,362.1,-0.003416,574.1,103915,952.9,103970,575.9,-8.87,-0.004818,108178,336.4,9.39,0.010741,90123,318.7,52.16,0.064595
3.08,0.0000446,0.053480,89742,91640,91485,91250,306.2,3.1,0.000000,332.2,7524652,2443.3,65048,291.6,-1.11,-0.000743,68352,294.1,-18.72,-0.015469,90964,320.9,-56.03,-0.069547,543.1,0.059640,335.4,86653,360.0,100534,333.3,67.89,0.061601,88909,316.0,93.68,0.094006,85576,317.6,99.47,0.117362,183.1,-0.000000,154644.5,292798,1383.1,110317,341.5,-0.45,-0.000441,105783,333.8,-21.95,-0.024811,91198,315.6,-75.72,-0.095799,363.1,-0.003170,574.6,102691,948.7,103907,576.8,-5.80,-0.003142,109609,337.7,7.10,0.008200,90201,318.6,51.73,0.064133
4.08,0.0000592,0.053475,89745,91704,91539,91271,306.3,4.1,0.000000,100.0,7662733,2504.3,64743,291.2,-1.02,-0.000684,67994,293.7,-17.25,-0.014201,91010,320.9,-54.47,-0.067634,544.1,0.058600,336.2,87422,360.7,101355,334.0,66.53,0.060714,89597,316.7,91.91,0.092739,85598,317.5,99.71,0.117725,184.1,-0.000000,298.1,288221,1377.7,110066,341.3,-0.45,-0.000439,104615,332.7,-23.87,-0.026771,91262,315.6,-75.43,-0.095492,364.1,-0.000020,575.1,102238,945.6,103128,575.6,-0.07,-0.000039,111166,339.0,4.40,0.005131,90282,318.5,51.30,0.063676
5.09,0.0000737,0.053470,89739,91760,91586,91293,306.3,5.1,0.000000,147.1,7767423,2560.1,64464,290.9,-0.94,-0.000627,67670,293.3,-15.78,-0.012946,91050,320.9,-52.84,-0.065645,545.1,0.055424,347.5,88170,361.4,102792,335.4,63.56,0.058589,90295,317.4,90.16,0.091480,85618,317.3,99.94,0.118064,185.1,-0.000000,100.0,283646,1372.3,109810,341.0,-0.46,-0.000447,103438,331.6,-25.86,-0.028771,91318,315.7,-75.16,-0.095197,365.1,0.001902,574.0,101917,941.2,102609,574.3,3.50,0.001880,112867,340.5,1.24,0.001464,90363,318.4,50.84,0.063190
6.09,0.0000883,0.053465,89741,91822,91640,91317,306.4,6.1,0.000000,507.1,7838112,2610.5,64212,290.6,-0.86,-0.000570,67382,292.9,-14.30,-0.011696,91090,320.9,-51.15,-0.063578,546.1,0.056481,337.7,88944,362.2,103527,336.1,62.38,0.057798,91007,318.1,88.43,0.090222,85638,317.2,100.15,0.118394,186.1,-0.000000,100.0,279074,1366.8,109542,340.8,-0.48,-0.000465,102262,330.5,-27.89,-0.030778,91370,315.7,-74.89,-0.094903,366.1,0.003156,572.0,101494,935.2,102320,572.2,6.06,0.003262,114578,342.0,-2.04,-0.002432,90449,318.2,50.36,0.062666
7.10,0.0001029,0.053460,89754,91906,91691,91342,306.4,7.1,0.000000,100.0,7874849,2655.3,63987,290.3,-0.77,-0.000513,67134,292.6,-12.80,-0.010443,91136,320.9,-49.41,-0.061437,547.1,0.055368,338.4,89721,362.9,104270,336.8,61.12,0.056920,91733,318.9,86.70,0.088948,85659,317.0,100.35,0.118721,187.1,-0.000000,203.6,274520,1361.3,109254,340.5,-0.52,-0.000498,101095,329.4,-29.93,-0.032768,91420,315.7,-74.61,-0.094597,367.1,0.004398,569.3,100990,927.9,102118,569.4,8.50,0.004587,116027,343.2,-4.81,-0.005786,90543,318.1,49.83,0.062090
8.10,0.0001174,0.053454,89775,91938,91739,91370,306.5,8.1,0.000000,100.0,7878325,2694.5,63787,290.0,-0.69,-0.000457,66925,292.4,-11.28,-0.009181,91185,320.9,-47.62,-0.059253,548.1,0.054120,339.2,90499,363.6,105014,337.4,59.77,0.055953,92473,319.7,84.94,0.087640,85681,316.9,100.54,0.119030,188.1,0.000000,189.1,270000,1355.7,108932,340.3,-0.58,-0.000555,99944,328.3,-31.98,-0.034722,91466,315.7,-74.33,-0.094278,368.1,0.005775,565.8,100475,919.3,101922,565.7,11.13,0.006033,116966,344.0,-6.51,-0.007876,90645,318.0,49.23,0.061430
9.11,0.0001320,0.053447,89812,91929,91792,91400,306.5,9.1,0.000000,992.7,7849823,2727.9,63611,289.8,-0.61,-0.000403,66756,292.2,-9.73,-0.007908,91236,320.9,-45.81,-0.057031,549.1,0.050726,340.0,91253,364.3,106272,338.6,57.05,0.053857,93226,320.4,83.15,0.086281,85703,316.7,100.72,0.119332,189.1,0.000000,249.9,265514,1350.2,108551,339.9,-0.68,-0.000649,98813,327.2,-34.00,-0.036625,91509,315.8,-74.03,-0.093935,369.1,0.007856,560.9,100093,909.2,101496,560.8,14.58,0.007943,117415,344.3,-7.07,-0.008574,90756,317.9,48.54,0.060672
10.11,0.0001465,0.053439,89871,91895,91847,91433,306.6,10.1,0.000000,100.0,7791156,2755.5,63460,289.6,-0.53,-0.000350,66627,292.0,-8.16,-0.006623,91292,320.9,-43.97,-0.054772,550.1,0.051238,340.7,92029,365.1,106937,339.2,55.70,0.052820,93990,321.2,81.32,0.084857,85728,316.6,100.89,0.119635,190.1,-0.000000,100.0,261065,1344.6,108085,339.5,-0.83,-0.000791,97704,326.1,-35.99,-0.038467,91553,315.8,-73.68,-0.093538,370.1,0.009292,555.3,99751,898.3,101220,555.1,17.25,0.009469,117479,344.4,-7.05,-0.008553,90878,317.8,47.77,0.059808
11.12,0.0001611,0.053428,89963,91855,91895,91468,306.6,11.1,0.000000,225.1,7704584,2777.6,63332,289.4,-0.45,-0.000300,66533,291.9,-6.58,-0.005330,91349,320.9,-42.12,-0.052497,551.1,0.047830,341.4,92781,365.8,108081,340.2,53.06,0.050704,94765,322.1,79.44,0.083367,85753,316.4,101.06,0.119928,191.1,-0.000000,100.0,256651,1338.9,107501,339.0,-1.03,-0.000985,96622,325.0,-37.95,-0.040244,91599,315.8,-73.30,-0.093099,371.1,0.010631,549.1,99411,886.6,101034,548.7,19.64,0.010884,117331,344.3,-6.56,-0.007950,91007,317.8,46.90,0.058817
12.12,0.0001757,0.053414,90061,91817,91952,91504,306.7,12.1,0.000000,179.7,7592719,2794.2,63225,289.3,-0.38,-0.000251,66471,291.8,-4.99,-0.004040,91406,320.9,-40.27,-0.050222,552.1,0.048138,342.0,93553,366.5,108662,340.7,51.73,0.049625,95550,322.9,77.51,0.081814,85776,316.2,101.22,0.120210,192.1,-0.000000,842.3,252276,1333.3,106772,338.3,-1.29,-0.001228,95568,323.9,-39.87,-0.041954,91641,315.8,-72.90,-0.092619,372.1,0.012000,542.3,99062,874.2,100884,541.8,21.95,0.012299,116814,343.8,-4.96,-0.005991,91139,317.7,45.93,0.057691
13.13,0.0001902,0.053397,90152,91779,92047,91541,306.8,13.1,0.000000,446.4,7458429,2805.7,63138,289.2,-0.31,-0.000206,66434,291.7,-3.41,-0.002764,91480,320.9,-38.36,-0.047874,553.1,0.044775,342.6,94302,367.2,109706,341.6,49.19,0.047511,96346,323.7,75.56,0.080209,85811,316.1,101.42,0.120567,193.1,-0.000000,207.5,247938,1327.6,105882,337.5,-1.59,-0.001503,94545,322.9,-41.74,-0.043594,91697,315.8,-72.37,-0.092002,373.1,0.013431,534.9,98712,861.3,100735,534.3,24.23,0.013748,115709,342.9,-2.29,-0.002743,91293,317.6,44.91,0.056523
14.13,0.0002048,0.053376,90257,91741,92068,91579,306.8,14.1,0.000000,100.0,7304729,2812.4,63071,289.1,-0.25,-0.000163,66419,291.7,-1.87,-0.001518,91560,321.0,-36.48,-0.045564,554.1,0.043228,343.3,95049,367.9,110721,342.5,46.71,0.045415,97151,324.5,73.59,0.078563,85838,315.9,101.62,0.120899,194.1,-0.000000,379.2,243639,1321.9,104825,336.5,-1.91,-0.001791,93556,321.9,-43.57,-0.045166,91758,315.9,-71.83,-0.091357,374.1,0.014897,527.0,98365,847.8,100575,526.2,26.45,0.015216,114386,341.8,1.11,0.001318,91439,317.5,43.80,0.055228
15.14,0.0002194,0.053352,90371,91713,92025,91618,306.7,15.1,0.000000,267.9,7134689,2814.6,63023,289.0,-0.18,-0.000121,66413,291.7,-0.40,-0.000320,91593,320.9,-34.77,-0.043450,555.1,0.041659,351.6,95795,368.6,111683,343.3,44.36,0.043405,97965,325.4,71.61,0.076889,85831,315.8,101.73,0.121077,195.1,-0.000000,306.3,239380,1316.2,103611,335.4,-2.23,-0.002072,92601,320.9,-45.34,-0.046668,91774,315.9,-71.40,-0.090823,375.1,0.016374,518.6,98017,833.8,100401,517.8,28.60,0.016690,113071,340.7,4.46,0.005263,91536,317.4,42.52,0.053687
16.07,0.0002328,0.053326,90476,91700,91951,91655,306.7,16.1,0.000000,100.0,6965851,2813.0,62994,289.0,-0.13,-0.000084,66411,291.7,0.90,0.000727,91577,320.9,-33.33,-0.041644,556.1,0.020750,348.3,96262,369.1,116762,347.8,34.05,0.034383,98723,326.2,69.78,0.075328,85792,315.6,101.77,0.121113,196.1,-0.000000,100.0,235485,1310.9,102364,334.3,-2.51,-0.002309,91751,320.0,-46.92,-0.047989,91742,315.9,-71.05,-0.090347,376.1,0.017797,510.6,97690,820.7,100228,509.7,30.50,0.018052,111982,339.7,7.26,0.008504,91579,317.3,41.20,0.052066
17.07,0.0002474,0.053294,90600,91698,91862,91695,306.6,17.1,0.000000,100.0,6772816,2807.7,62981,289.0,-0.06,-0.000042,66408,291.7,2.20,0.001777,91525,320.8,-31.85,-0.039787,557.1,0.030763,353.8,96910,369.8,117470,348.4,31.90,0.032352,99549,327.0,67.82,0.073629,85723,315.5,101.77,0.121079,197.1,-0.000000,204.0,231304,1305.1,100898,332.9,-2.78,-0.002533,90867,319.0,-48.58,-0.049347,91676,315.9,-70.68,-0.089817,377.1,0.019210,501.7,97310,806.2,100030,500.7,32.46,0.019518,110962,338.8,9.93,0.011560,91587,317.1,39.69,0.050186
18.08,0.0002620,0.053258,90736,91711,91770,91735,306.5,18.1,0.000000,412.2,6571932,2799.2,62987,289.0,-0.00,-0.000002,66400,291.7,3.36,0.002720,91454,320.7,-30.42,-0.037984,558.1,0.030820,348.9,97576,370.4,117716,348.6,30.87,0.031354,100381,327.9,65.88,0.071928,85637,315.3,101.78,0.121026,198.1,0.000000,292.1,227165,1299.4,99338,331.4,-3.01,-0.002716,90021,318.1,-50.16,-0.050623,91595,315.8,-70.30,-0.089272,378.1,0.020679,492.7,96931,791.6,99816,491.5,34.32,0.020975,110078,338.1,12.26,0.014189,91569,316.9,38.16,0.048268
19.08,0.0002766,0.053218,90861,91754,91675,91774,306.4,19.1,0.000000,550.7,6365739,2787.8,63012,289.0,0.07,0.000043,66373,291.7,4.39,0.003550,91371,320.6,-29.01,-0.036203,559.1,0.028297,349.3,98229,371.0,118327,349.1,29.12,0.029692,101217,328.8,63.96,0.070227,85540,315.2,101.81,0.120984,199.1,0.000000,100.0,223069,1293.6,97709,329.9,-3.21,-0.002857,89213,317.3,-51.66,-0.051811,91504,315.8,-69.92,-0.088711,379.1,0.022123,483.6,96560,777.0,99591,482.3,36.06,0.022409,109291,337.4,14.30,0.016471,91524,316.8,36.67,0.046393
20.09,0.0002912,0.053174,90977,91781,91579,91811,306.3,20.1,0.000000,117.4,6156525,2774.0,63066,289.1,0.15,0.000101,66323,291.6,5.27,0.004261,91283,320.4,-27.61,-0.034442,560.1,0.027016,354.7,98883,371.7,118912,349.5,27.47,0.028113,102063,329.6,62.05,0.068518,85433,315.0,101.86,0.120966,200.1,0.000000,100.0,219016,1287.7,96034,328.2,-3.36,-0.002959,88443,316.5,-53.07,-0.052903,91410,315.7,-69.53,-0.088140,380.1,0.023540,474.5,96194,762.5,99356,473.2,37.68,0.023815,108574,336.7,16.13,0.018495,91460,316.5,35.25,0.044590
21.10,0.0003058,0.053126,91105,91783,91489,91845,306.3,21.1,0.000000,100.0,5946306,2758.1,63153,289.2,0.26,0.000169,66253,291.5,6.00,0.004849,91190,320.3,-26.20,-0.032664,561.1,0.026741,350.1,99553,372.3,119158,349.7,26.67,0.027334,102925,330.5,60.13,0.066789,85320,314.8,101.96,0.120992,201.1,0.000000,100.0,215006,1281.9,94334,326.6,-3.48,-0.003024,87707,315.7,-54.38,-0.053888,91312,315.7,-69.12,-0.087535,381.1,0.024936,465.5,95822,748.1,99110,464.1,39.21,0.025199,107905,336.2,17.80,0.020316,91395,316.3,33.89,0.042868
22.11,0.0003204,0.053074,91225,91767,91411,91876,306.2,22.1,0.000000,100.0,5736827,2740.6,63278,289.4,0.38,0.000249,66168,291.4,6.59,0.005316,91093,320.2,-24.72,-0.030792,562.1,0.024437,350.5,100213,373.0,119751,350.2,25.29,0.026015,103801,331.4,58.22,0.065040,85205,314.6,102.11,0.121085,202.1,0.000000,142.9,211041,1276.0,92626,324.9,-3.57,-0.003059,86999,314.9,-55.56,-0.054750,91213,315.7,-68.66,-0.086868,382.1,0.026324,456.7,95436,733.9,98849,455.2,40.66,0.026571,107271,335.6,19.34,0.021975,91336,316.2,32.62,0.041263
23.11,0.0003350,0.053019,91300,91741,91352,91902,306.1,23.1,0.000000,191.7,5529566,2721.6,63445,289.6,0.51,0.000339,66077,291.3,7.02,0.005662,91001,320.0,-23.11,-0.028776,563.1,0.022300,355.1,100864,373.6,120644,350.9,23.42,0.024217,104679,332.3,56.34,0.063303,85092,314.4,102.34,0.121268,203.1,0.000000,526.0,207121,1270.2,90925,323.1,-3.62,-0.003067,86311,314.1,-56.60,-0.055465,91125,315.7,-68.15,-0.086139,383.1,0.027726,448.1,95022,719.9,98568,446.5,42.08,0.027954,106666,335.1,20.76,0.023499,91286,316.0,31.46,0.039801
24.12,0.0003496,0.052963,91330,91710,91310,91923,306.1,24.1,0.000000,7461.8,5325745,2701.7,63659,289.8,0.66,0.000439,65978,291.2,7.34,0.005917,90921,319.9,-21.37,-0.026589,564.1,0.021980,351.5,101531,374.2,121217,351.3,22.25,0.023087,105547,333.2,54.53,0.061612,84984,314.2,102.64,0.121558,204.1,-0.000000,653.2,203274,1264.3,89242,321.4,-3.66,-0.003054,85632,313.4,-57.47,-0.056005,91052,315.7,-67.58,-0.085340,384.1,0.029145,439.7,94599,706.1,98269,438.1,43.48,0.029356,106088,334.5,22.09,0.024905,91244,315.8,30.43,0.038494
25.13,0.0003642,0.052907,91344,91673,91282,91938,306.1,25.1,0.000000,295.1,5120230,2677.8,63923,290.2,0.82,0.000546,65872,291.1,7.58,0.006100,90856,319.8,-19.48,-0.024232,565.1,0.019769,355.7,102189,374.9,122021,352.0,20.53,0.021409,106408,334.0,52.77,0.059955,84880,313.9,103.01,0.121951,205.1,0.000000,267.2,199522,1258.5,87587,319.7,-3.67,-0.003024,84949,312.6,-58.14,-0.056341,90996,315.7,-66.91,-0.084438,385.1,0.030577,431.6,94169,692.5,97959,429.9,44.88,0.030778,105537,334.1,23.33,0.026208,91212,315.6,29.51,0.037337
26.14,0.0003788,0.052851,91352,91633,91263,91949,306.1,26.1,0.000000,100.0,4920850,2653.7,64238,290.6,0.99,0.000656,65762,290.9,7.74,0.006219,90806,319.7,-17.47,-0.021722,566.1,0.019307,352.5,102862,375.5,122493,352.4,19.43,0.020316,107302,334.9,50.97,0.058241,84779,313.7,103.46,0.122433,206.1,0.000000,100.0,195861,1252.7,85966,318.0,-3.67,-0.002981,84249,311.9,-58.58,-0.056445,90955,315.8,-66.17,-0.083459,386.1,0.032028,423.8,93735,679.3,97641,422.1,46.28,0.032224,105009,333.6,24.50,0.027421,91189,315.4,28.68,0.036308
27.07,0.0003923,0.052800,91349,91597,91249,91954,306.0,27.1,0.000000,172.0,4743373,2631.7,64570,291.0,1.13,0.000753,65663,290.8,7.81,0.006268,90770,319.7,-15.51,-0.019288,567.1,0.017116,356.1,103474,376.1,123174,352.9,17.87,0.018761,108212,335.8,49.12,0.056458,84685,313.4,103.91,0.122940,207.1,-0.000000,240.4,192561,1247.5,84504,316.4,-3.65,-0.002932,83582,311.1,-58.78,-0.056319,90931,315.8,-65.46,-0.082516,387.1,0.033443,416.9,93332,667.3,97343,415.1,47.58,0.033578,104542,333.2,25.52,0.028471,91173,315.3,28.00,0.035450
28.07,0.0004069,0.052746,91341,91561,91234,91954,306.0,28.1,0.000000,100.0,4558235,2608.2,64969,291.5,1.26,0.000845,65558,290.7,7.81,0.006261,90739,319.6,-13.31,-0.016550,568.1,0.016827,353.4,104154,376.8,123571,353.2,16.87,0.017756,109367,336.9,46.73,0.054109,84582,313.1,104.45,0.123539,208.1,0.000000,508.0,189069,1241.8,82960,314.8,-3.62,-0.002871,82829,310.3,-58.75,-0.055931,90910,315.9,-64.65,-0.081458,388.1,0.034874,409.7,92896,654.7,97017,407.9,48.97,0.035060,104052,332.7,26.57,0.029544,91159,315.1,27.31,0.034594
29.08,0.0004215,0.052693,91341,91532,91215,91950,306.0,29.1,0.000000,218.2,4380470,2585.1,65398,292.1,1.36,0.000915,65456,290.6,7.75,0.006205,90712,319.6,-11.05,-0.013732,569.1,0.014924,353.8,104830,377.4,124150,353.7,15.51,0.016381,110747,338.2,43.82,0.051179,84477,312.8,105.01,0.124168,209.1,0.000000,233.5,185661,1236.2,81462,313.2,-3.58,-0.002804,82045,309.4,-58.47,-0.055287,90891,316.0,-63.81,-0.080368,389.1,0.036373,402.9,92463,642.4,96688,401.0,50.36,0.036549,103577,332.3,27.57,0.030559,91146,314.9,26.66,0.033785
30.09,0.0004361,0.052640,91349,91509,91190,91941,306.0,30.1,0.000000,2718.8,4209989,2562.4,65840,292.6,1.41,0.000953,65356,290.4,7.63,0.006107,90684,319.5,-8.74,-0.010858,570.1,0.013786,354.2,105512,378.1,124688,354.1,14.26,0.015107,112324,339.6,40.45,0.047715,84367,312.5,105.59,0.124809,210.1,0.000000,378.5,182335,1230.7,80012,311.6,-3.54,-0.002731,81235,308.6,-57.97,-0.054432,90868,316.1,-62.96,-0.079251,390.1,0.037871,396.4,92032,630.5,96355,394.5,51.73,0.038034,103114,331.9,28.53,0.031523,91133,314.7,26.03,0.033001
31.10,0.0004507,0.052588,91353,91491,91159,91926,306.0,31.1,0.000000,100.0,4046663,2540.0,66279,293.2,1.41,0.000957,65259,290.3,7.47,0.005971,90654,319.5,-6.39,-0.007943,571.1,0.012698,354.6,106201,378.7,125195,354.5,13.09,0.013911,113978,341.1,36.92,0.044002,84256,312.2,106.16,0.125444,211.1,-0.000000,244.8,179088,1225.2,78611,310.0,-3.48,-0.002655,80401,307.6,-57.22,-0.053337,90841,316.2,-62.09,-0.078112,391.1,0.039359,390.2,91606,619.0,96017,388.3,53.08,0.039503,102660,331.5,29.46,0.032440,91118,314.6,25.40,0.032221
32.11,0.0004653,0.052536,91334,91478,91125,91906,306.0,32.1,0.000000,303.9,3890333,2518.0,66699,293.7,1.35,0.000925,65167,290.2,7.27,0.005802,90620,319.5,-4.02,-0.004996,572.1,0.011124,357.0,106891,379.4,125820,354.9,11.72,0.012500,115550,342.5,33.60,0.040430,84145,311.9,106.72,0.126058,212.1,0.000000,400.5,175917,1219.7,77259,308.4,-3.42,-0.002575,79553,306.7,-56.25,-0.052043,90810,316.3,-61.21,-0.076953,392.1,0.040823,384.5,91183,607.8,95673,382.4,54.38,0.040943,102214,331.1,30.35,0.033313,91103,314.4,24.77,0.031432
33.12,0.0004799,0.052487,91297,91465,91092,91882,305.9,33.1,0.000000,369.3,3740817,2496.4,67085,294.2,1.25,0.000859,65082,290.1,7.03,0.005605,90585,319.4,-1.62,-0.002013,573.1,0.010657,355.4,107598,380.1,126241,355.3,10.77,0.011516,116930,343.8,30.74,0.037288,84039,311.6,107.25,0.126640,213.1,-0.000000,501.5,172821,1214.3,75960,307.0,-3.35,-0.002490,78699,305.7,-55.10,-0.050585,90776,316.4,-60.30,-0.075765,393.1,0.042241,379.0,90762,597.0,95327,376.9,55.62,0.042337,101776,330.7,31.20,0.034142,91089,314.2,24.13,0.030633
34.12,0.0004946,0.052439,91280,91448,91071,91852,305.9,34.1,0.000000,267.9,3597908,2475.2,67423,294.6,1.11,0.000763,65006,290.0,6.75,0.005382,90482,319.3,0.65,0.000801,574.1,0.009681,355.6,108314,380.8,126640,355.6,9.89,0.010600,118087,344.8,28.38,0.034667,83946,311.4,107.74,0.127191,214.1,0.000000,206.8,169798,1208.9,74715,305.5,-3.26,-0.002400,77846,304.8,-53.78,-0.048997,90746,316.5,-59.36,-0.074533,394.1,0.043594,374.0,90340,586.6,94984,371.8,56.80,0.043671,101344,330.3,32.01,0.034928,91086,314.0,23.48,0.029824
35.13,0.0005092,0.052392,91270,91426,91044,91818,305.9,35.1,0.000000,149.4,3461391,2454.3,67705,295.0,0.94,0.000647,64942,289.9,6.45,0.005138,90377,319.2,2.96,0.003666,575.1,0.008361,356.0,109035,381.4,127134,355.9,8.86,0.009517,119053,345.6,26.46,0.032504,83867,311.1,108.18,0.127681,215.1,0.000000,100.0,166845,1203.6,73526,304.1,-3.17,-0.002306,77000,303.8,-52.34,-0.047309,90719,316.6,-58.39,-0.073274,395.1,0.044904,369.2,89918,576.5,94638,367.0,57.92,0.044952,100916,329.9,32.80,0.035675,91093,313.9,22.81,0.028981
36.06,0.0005227,0.052350,91255,91403,91022,91782,305.9,36.1,0.000000,100.0,3340851,2435.5,67912,295.2,0.77,0.000530,64897,289.9,6.15,0.004898,90302,319.0,5.17,0.006404,576.1,0.007464,357.6,109710,382.1,127594,356.3,7.93,0.008539,119821,346.3,24.96,0.030802,83805,311.0,108.53,0.128067,216.1,0.000000,100.0,164179,1198.7,72480,302.9,-3.08,-0.002215,76230,302.9,-50.90,-0.045683,90696,316.7,-57.49,-0.072099,396.1,0.046122,365.1,89527,567.6,94313,362.9,58.92,0.046093,100525,329.5,33.50,0.036333,91105,313.7,22.14,0.028148
37.07,0.0005373,0.052305,91260,91371,91001,91738,305.9,37.1,0.000000,148.5,3215978,2415.4,68078,295.5,0.58,0.000400,64869,289.8,5.81,0.004620,90238,318.8,7.61,0.009429,577.1,0.006835,357.8,110457,382.8,128012,356.6,7.10,0.007666,120567,347.0,23.52,0.029154,83756,310.8,108.83,0.128402,217.1,-0.000000,100.0,161355,1193.5,71403,301.6,-2.97,-0.002113,75412,302.0,-49.25,-0.043866,90674,316.8,-56.50,-0.070810,397.1,0.047301,361.0,89103,558.3,93955,358.7,59.98,0.047287,100101,329.1,34.23,0.037018,91125,313.6,21.35,0.027169
38.08,0.0005519,0.052260,91284,91335,90988,91689,305.9,38.1,0.000000,172.3,3096814,2395.7,68185,295.6,0.39,0.000273,64869,289.8,5.43,0.004321,90187,318.6,10.07,0.012485,578.1,0.006093,357.0,111217,383.5,128398,356.9,6.36,0.006886,121264,347.6,22.19,0.027609,83725,310.7,109.04,0.128647,218.1,0.000000,360.8,158595,1188.3,70386,300.4,-2.85,-0.002008,74617,301.1,-47.52,-0.042001,90657,316.9,-55.49,-0.069507,398.1,0.048486,357.1,88680,549.4,93591,354.8,61.01,0.048443,99677,328.7,34.95,0.037679,91155,313.5,20.50,0.026096
39.09,0.0005665,0.052215,91292,91296,90977,91634,305.9,39.1,0.000000,161.1,2983123,2376.4,68240,295.7,0.23,0.000157,64900,289.9,5.06,0.004027,90144,318.4,12.54,0.015540,579.1,0.005138,358.1,111990,384.2,128845,357.3,5.56,0.006027,121937,348.2,20.89,0.026098,83711,310.6,109.17,0.128809,219.1,-0.000000,196.6,155898,1183.2,69428,299.2,-2.72,-0.001901,73849,300.2,-45.70,-0.040100,90647,317.0,-54.47,-0.068193,399.1,0.049634,353.6,88257,540.9,93224,351.2,62.03,0.049563,99251,328.4,35.66,0.038326,91195,313.4,19.54,0.024903
40.10,0.0005812,0.052170,91329,91265,90965,91572,305.8,40.1,0.000000,139.0,2874669,2357.4,68248,295.7,0.07,0.000052,64967,290.0,4.69,0.003733,90106,318.1,14.97,0.018565,580.1,0.004759,357.5,112782,385.0,129169,357.5,4.99,0.005423,122598,348.8,19.61,0.024591,83713,310.6,109.21,0.128882,220.1,-0.000000,100.0,153262,1178.1,68530,298.1,-2.59,-0.001794,73112,299.4,-43.82,-0.038168,90640,317.1,-53.45,-0.066886,400.1,0.050745,350.3,87836,532.7,92853,347.8,63.03,0.050648,98823,328.0,36.37,0.038965,91248,313.3,18.47,0.023548
41.11,0.0005958,0.052122,91473,91222,90957,91503,305.8,41.1,0.000000,100.0,2771212,2338.9,68216,295.6,-0.05,-0.000038,65075,290.1,4.30,0.003428,90070,317.8,17.36,0.021541,581.1,0.003936,357.8,113590,385.7,129541,357.8,4.37,0.004755,123248,349.3,18.35,0.023087,83733,310.5,109.17,0.128887,221.1,-0.000000,141.3,150684,1173.0,67689,297.0,-2.46,-0.001687,72409,298.5,-41.86,-0.036213,90636,317.3,-52.44,-0.065591,401.1,0.051820,347.2,87418,524.9,92480,344.7,64.02,0.051699,98394,327.6,37.08,0.039605,91313,313.2,17.23,0.021989
42.12,0.0006104,0.052072,91447,91178,90953,91423,305.8,42.1,0.000000,102.4,2672536,2320.7,68152,295.5,-0.16,-0.000113,65232,290.3,3.89,0.003107,90033,317.4,19.70,0.024464,582.1,0.003227,358.1,114414,386.5,129936,358.1,3.73,0.004067,123884,349.9,17.11,0.021602,83757,310.5,109.03,0.128782,222.1,-0.000000,455.0,148164,1168.0,66905,296.0,-2.33,-0.001582,71742,297.7,-39.84,-0.034240,90636,317.4,-51.43,-0.064308,402.1,0.052859,344.4,87004,517.4,92105,341.8,65.00,0.052715,97963,327.2,37.81,0.040251,91395,313.2,15.80,0.020182
43.13,0.0006251,0.052027,91202,91133,90951,91334,305.9,43.1,0.000000,617.4,2578427,2302.9,68059,295.4,-0.26,-0.000178,65438,290.6,3.46,0.002770,89995,317.0,21.99,0.027332,583.1,0.002781,358.8,115258,387.3,130283,358.3,3.18,0.003476,124501,350.4,15.90,0.020156,83788,310.4,108.82,0.128601,223.1,0.000000,1497.4,145700,1163.0,66174,295.1,-2.20,-0.001481,71110,297.0,-37.77,-0.032253,90640,317.5,-50.44,-0.063038,403.1,0.053861,341.8,86593,510.2,91729,339.2,65.96,0.053695,97534,326.7,38.55,0.040910,91497,313.2,14.12,0.018066
44.14,0.0006397,0.051994,90853,91084,90955,91237,305.9,44.1,0.000000,100.0,2488682,2285.4,67941,295.3,-0.34,-0.000234,65692,290.9,3.03,0.002434,89955,316.6,24.24,0.030148,584.1,0.002364,359.0,116125,388.1,130585,358.6,2.71,0.002971,125097,350.9,14.76,0.018765,83830,310.4,108.55,0.128364,224.1,-0.000000,225.8,143290,1158.0,65494,294.2,-2.07,-0.001384,70517,296.3,-35.64,-0.030254,90646,317.7,-49.45,-0.061782,404.1,0.054825,339.3,86188,503.4,91353,336.7,66.91,0.054637,97107,326.3,39.30,0.041582,91626,313.3,12.14,0.015554
45.07,0.0006532,0.051975,90530,91036,90963,91144,305.9,45.1,0.000000,100.0,2409541,2269.6,67814,295.1,-0.40,-0.000278,65969,291.2,2.66,0.002146,89917,316.2,26.27,0.032706,585.1,0.001952,359.1,116944,388.8,130849,358.8,2.31,0.002533,125626,351.4,13.75,0.017537,83878,310.4,108.26,0.128105,225.1,0.000000,263.6,141113,1153.5,64910,293.5,-1.95,-0.001298,70004,295.7,-33.63,-0.028398,90657,317.8,-48.54,-0.060629,405.1,0.055714,337.3,85819,497.3,91005,334.6,67.76,0.055471,96718,326.0,40.01,0.042214,91783,313.4,9.95,0.012756
46.08,0.0006678,0.051967,90218,90984,90979,91042,305.9,46.1,0.000000,238.7,2327629,2252.8,67661,294.9,-0.46,-0.000316,66306,291.7,2.33,0.001884,89876,315.8,28.43,0.035437,586.1,0.001571,359.2,117854,389.6,131112,359.0,1.91,0.002102,126177,351.8,12.72,0.016268,83945,310.3,107.89,0.127776,226.1,0.000000,100.0,138804,1148.7,64322,292.7,-1.83,-0.001208,69485,295.1,-31.41,-0.026379,90673,317.9,-47.55,-0.059384,406.1,0.056564,335.2,85425,491.0,90630,332.5,68.67,0.056335,96303,325.6,40.80,0.042908,92018,313.5,6.98,0.008970
47.09,0.0006824,0.051969,89933,90933,91004,90940,305.9,47.1,0.000000,595.7,2249502,2236.4,67496,294.7,-0.50,-0.000344,66674,292.1,2.10,0.001703,89837,315.3,30.56,0.038131,587.1,0.001283,359.1,118789,390.5,131333,359.1,1.58,0.001741,126701,352.3,11.73,0.015054,84030,310.4,107.45,0.127389,227.1,-0.000000,119.3,136547,1143.8,63778,292.0,-1.71,-0.001121,69006,294.5,-29.14,-0.024354,90695,318.1,-46.56,-0.058135,407.1,0.057405,333.4,85037,485.0,90254,330.6,69.55,0.057155,95897,325.2,41.59,0.043607,92355,313.8,3.13,0.004029
48.10,0.0006970,0.051982,89670,90886,91097,90843,306.0,48.1,0.000000,200.1,2174972,2220.3,67324,294.5,-0.53,-0.000364,67062,292.6,2.00,0.001630,89813,314.8,32.72,0.040863,588.1,0.000961,359.3,119750,391.3,131543,359.3,1.27,0.001401,127197,352.7,10.79,0.013881,84153,310.5,107.01,0.127004,228.1,-0.000000,790.8,134339,1139.0,63278,291.4,-1.59,-0.001036,68563,294.0,-26.84,-0.022331,90751,318.2,-45.47,-0.056777,408.1,0.058203,331.6,84654,479.3,89879,328.8,70.41,0.057931,95498,324.8,42.38,0.044305,92450,313.9,-2.73,-0.003519
49.10,0.0007116,0.052003,89440,90843,91181,90752,306.1,49.1,0.000000,100.0,2103858,2204.6,67147,294.3,-0.55,-0.000377,67456,293.1,2.05,0.001682,89784,314.4,34.82,0.043535,589.1,0.000703,359.6,120737,392.2,131735,359.4,0.99,0.001095,127661,353.1,9.87,0.012734,84276,310.6,106.47,0.126478,229.1,0.000000,108.2,132181,1134.3,62820,290.8,-1.47,-0.000954,68155,293.5,-24.53,-0.020321,90835,318.5,-44.36,-0.055405,409.1,0.058956,330.0,84278,473.9,89506,327.2,71.24,0.058663,95109,324.4,43.17,0.044997,92741,314.3,-9.71,-0.012547
50.11,0.0007262,0.052032,89252,90806,91285,90669,306.2,50.1,0.000000,274.1,2035985,2189.1,66970,294.1,-0.56,-0.000381,67852,293.6,2.28,0.001869,89719,314.0,36.88,0.046132,590.1,0.000538,359.6,121754,393.1,131889,359.6,0.77,0.000853,128088,353.4,8.97,0.011594,84430,311.0,105.85,0.125836,230.1,-0.000000,561.5,130070,1129.6,62401,290.2,-1.35,-0.000875,67778,293.0,-22.23,-0.018337,90938,318.7,-43.24,-0.054023,410.1,0.059664,328.5,83907,468.6,89133,325.6,72.05,0.059352,94726,324.1,43.95,0.045679,93144,314.8,-17.94,-0.023242
51.12,0.0007408,0.052066,89118,90778,91400,90596,306.3,51.1,0.000000,562.4,1971188,2174.0,66797,293.9,-0.55,-0.000375,68249,294.1,2.68,0.002213,89625,313.7,38.89,0.048645,591.1,0.000331,359.7,122801,394.0,132036,359.7,0.57,0.000628,128475,353.7,8.07,0.010450,84619,311.4,105.02,0.124934,231.1,0.000000,100.0,128005,1124.9,62022,289.7,-1.24,-0.000796,67428,292.6,-19.95,-0.016393,91052,318.9,-42.09,-0.052623,411.1,0.060329,327.2,83543,463.7,88762,324.3,72.82,0.060000,94351,323.7,44.72,0.046347,93514,315.2,-27.04,-0.035116
52.12,0.0007554,0.052104,89036,90759,91503,90534,306.4,52.1,0.000000,100.0,1909309,2159.2,66634,293.7,-0.52,-0.000356,68645,294.6,3.28,0.002714,89532,313.4,40.83,0.051063,592.1,0.000240,359.8,123880,395.0,132147,359.8,0.42,0.000460,128822,354.0,7.16,0.009296,84841,312.0,103.94,0.123746,232.1,0.000000,100.0,125985,1120.3,61681,289.2,-1.12,-0.000720,67100,292.2,-17.71,-0.014505,91169,319.1,-40.96,-0.051230,412.1,0.060911,325.9,83183,458.9,88408,323.0,73.55,0.060589,93980,323.4,45.48,0.046998,93644,315.5,-35.85,-0.046591
53.13,0.0007700,0.052144,88988,90758,91587,90480,306.5,53.1,0.000000,135.9,1850197,2144.8,66489,293.5,-0.48,-0.000324,69040,295.1,4.05,0.003370,89463,313.3,42.71,0.053407,593.1,0.000123,359.9,124991,395.9,132243,359.8,0.29,0.000316,129129,354.3,6.26,0.008132,85100,312.6,102.62,0.122300,233.1,0.000000,100.0,124008,1115.7,61378,288.8,-1.01,-0.000644,66792,291.8,-15.54,-0.012683,91274,319.3,-39.86,-0.049890,413.1,0.061369,324.9,82824,454.3,88089,321.9,74.16,0.061089,93610,323.0,46.22,0.047629,93542,315.6,-43.83,-0.056874
54.14,0.0007846,0.052184,88953,90816,91641,90435,306.6,54.1,0.000000,173.9,1793711,2130.6,66366,293.3,-0.41,-0.000280,69435,295.6,4.99,0.004171,89432,313.2,44.58,0.055726,594.1,0.000079,359.9,126138,396.9,132311,359.9,0.19,0.000215,129399,354.5,5.35,0.006969,85405,313.3,101.07,0.120644,234.1,-0.000000,6674.6,122072,1111.2,61113,288.5,-0.89,-0.000568,66502,291.5,-13.44,-0.010935,91361,319.5,-38.85,-0.048633,414.1,0.061800,323.9,82467,450.0,87787,320.8,74.71,0.061527,93240,322.6,46.94,0.048234,93203,315.5,-50.55,-0.065380
55.07,0.0007981,0.052222,88925,90870,91659,90399,306.6,55.1,0.000000,100.0,1743785,2117.7,66277,293.2,-0.34,-0.000228,69801,296.0,6.01,0.005035,89436,313.2,46.27,0.057842,595.1,0.000052,359.9,127229,397.8,132356,359.9,0.14,0.000151,129618,354.7,4.53,0.005908,85724,313.9,99.45,0.118933,235.1,-0.000000,3207.2,120322,1107.0,60902,288.2,-0.78,-0.000496,66249,291.1,-11.57,-0.009392,91416,319.7,-38.00,-0.047583,415.1,0.062190,323.0,82141,446.2,87518,320.0,75.19,0.061897,92894,322.3,47.58,0.048763,92825,315.4,-55.32,-0.071297
56.07,0.0008127,0.052264,88884,90960,91650,90364,306.6,56.1,0.000000,100.0,1691981,2104.1,66213,293.1,-0.24,-0.000160,70202,296.5,7.24,0.006099,89453,313.3,48.03,0.060046,596.1,0.000034,360.0,128446,398.9,132393,360.0,0.10,0.000106,129826,354.9,3.67,0.004789,86097,314.4,97.38,0.116754,236.1,-0.000000,536.3,118464,1102.5,60710,287.9,-0.66,-0.000417,65991,290.8,-9.63,-0.007796,91441,319.8,-37.20,-0.046579,416.1,0.062561,322.2,81791,442.2,87234,319.1,75.70,0.062279,92510,321.9,48.24,0.049292,92435,315.2,-59.02,-0.075777
57.08,0.0008272,0.052307,88823,91072,91631,90334,306.6,57.1,0.000000,100.0,1642435,2090.7,66192,293.1,-0.11,-0.000074,70607,297.0,8.62,0.007290,89467,313.3,49.68,0.062118,597.1,0.000023,360.0,129703,399.9,132423,360.0,0.07,0.000079,130010,355.0,2.85,0.003722,86482,314.8,94.85,0.114076,237.1,0.000000,252.8,116644,1098.1,60560,287.7,-0.53,-0.000335,65751,290.5,-7.77,-0.006276,91439,319.9,-36.48,-0.045661,417.1,0.062936,321.4,81447,438.4,86956,318.3,76.21,0.062652,92112,321.5,48.85,0.049764,92094,315.1,-61.38,-0.078533
58.09,0.0008418,0.052353,88736,91180,91598,90307,306.5,58.1,0.000000,100.0,1595035,2077.6,66207,293.1,0.01,0.000006,71018,297.5,10.13,0.008597,89474,313.4,51.22,0.064037,598.1,0.000016,360.0,130999,401.0,132451,360.0,0.06,0.000066,130174,355.1,2.08,0.002723,86880,315.2,91.95,0.110982,238.1,0.000000,100.0,114860,1093.6,60451,287.6,-0.39,-0.000249,65529,290.3,-5.99,-0.004824,91426,319.9,-35.81,-0.044807,418.1,0.063307,320.7,81108,434.8,86686,317.6,76.73,0.063025,91695,321.1,49.41,0.050164,91800,315.2,-62.58,-0.079818
59.09,0.0008564,0.052401,88628,91271,91553,90285,306.5,59.1,0.000000,562.2,1549675,2064.8,66262,293.2,0.14,0.000094,71430,298.0,11.73,0.010001,89477,313.4,52.63,0.065787,599.1,0.000013,360.0,132336,402.1,132480,360.0,0.06,0.000064,130321,355.2,1.38,0.001807,87292,315.4,88.73,0.107512,239.1,-0.000000,269.2,113113,1089.2,60387,287.5,-0.25,-0.000158,65327,290.0,-4.28,-0.003437,91403,320.0,-35.21,-0.044033,419.1,0.063677,320.0,80777,431.3,86422,317.0,77.26,0.063398,91257,320.7,49.89,0.050481,91547,315.2,-62.75,-0.079797
60.10,0.0008710,0.052452,88510,91331,91492,90266,306.4,60.1,0.000000,310.5,1506255,2052.3,66369,293.3,0.29,0.000198,71838,298.5,13.40,0.011470,89450,313.4,53.89,0.067342,600.1,0.000007,361.7,133716,403.2,132515,360.0,0.06,0.000064,130457,355.4,0.75,0.000984,87739,315.7,85.22,0.103703,240.1,-0.000000,232.7,111402,1084.9,60371,287.5,-0.10,-0.000061,65146,289.8,-2.63,-0.002109,91365,320.0,-34.66,-0.043324,420.1,0.064044,319.4,80453,428.0,86166,316.4,77.79,0.063769,90795,320.2,50.30,0.050711,91254,315.2,-61.91,-0.078486
61.10,0.0008855,0.052508,88394,91356,91428,90252,306.4,61.1,0.000000,100.0,1464678,2040.0,66532,293.5,0.46,0.000317,72235,298.9,15.09,0.012968,89397,313.4,55.04,0.068742,601.1,0.000002,100.0,135140,404.4,132553,360.1,0.06,0.000066,130584,355.5,0.20,0.000259,88216,315.9,81.40,0.099541,241.1,-0.000000,124.9,109724,1080.6,60395,287.5,0.04,0.000025,64984,289.6,-1.05,-0.000837,91311,320.1,-34.14,-0.042651,421.1,0.064406,318.9,80138,424.8,85917,315.8,78.33,0.064136,90310,319.7,50.63,0.050853,90953,315.1,-60.19,-0.076086
62.11,0.0009001,0.052565,88350,91354,91356,90244,306.3,62.1,0.000000,100.0,1424852,2027.9,66757,293.8,0.66,0.000448,72612,299.4,16.76,0.014454,89326,313.3,56.08,0.070011,602.1,0.000000,470.2,136613,416.9,132590,360.1,0.06,0.000061,130703,355.5,-0.28,-0.000366,88701,316.0,77.32,0.095022,242.1,-0.000000,719.0,108079,1076.3,60467,287.6,0.20,0.000124,64840,289.4,0.47,0.000377,91246,320.1,-33.63,-0.041978,422.1,0.064761,318.4,79832,421.8,85675,315.3,78.86,0.064494,89803,319.2,50.90,0.050916,90661,315.0,-57.58,-0.072567
63.11,0.0009147,0.052623,88293,91321,91279,90240,306.2,63.1,0.000000,361.4,1386691,2016.1,67049,294.2,0.86,0.000590,72961,299.8,18.37,0.015893,89237,313.2,57.04,0.071157,603.1,0.000000,100.0,138133,418.2,132611,360.1,0.03,0.000038,130813,355.6,-0.68,-0.000889,89175,316.1,72.98,0.090144,243.1,0.000000,420.1,106466,1072.0,60592,287.8,0.36,0.000230,64712,289.2,1.92,0.001530,91160,320.1,-33.06,-0.041230,423.1,0.065105,318.0,79536,418.9,85441,314.9,79.39,0.064840,89279,318.7,51.11,0.050913,90430,315.0,-54.35,-0.068322
64.12,0.0009292,0.052683,88218,91251,91205,90242,306.2,64.1,0.000000,100.0,1350113,2004.6,67409,294.6,1.07,0.000737,73278,300.2,19.89,0.017259,89137,313.1,57.96,0.072263,604.1,0.000000,434.2,139703,419.4,132612,360.1,0.01,0.000008,130914,355.7,-1.01,-0.001322,89624,316.2,68.43,0.084928,244.1,-0.000000,453.7,104886,1067.8,60767,288.0,0.53,0.000334,64597,289.1,3.28,0.002618,91062,320.0,-32.37,-0.040326,424.1,0.065436,317.6,79250,416.1,85213,314.4,79.90,0.065171,88744,318.1,51.28,0.050859,90276,315.0,-50.81,-0.063750
65.12,0.0009438,0.052745,88165,91165,91135,90249,306.1,65.1,0.000000,100.0,1315040,1993.3,67837,295.2,1.28,0.000884,73562,300.5,21.30,0.018540,89030,312.9,58.87,0.073337,605.1,0.000000,329.4,141323,420.7,132593,360.1,-0.02,-0.000025,131007,355.8,-1.28,-0.001675,90045,316.2,63.69,0.079414,245.1,-0.000000,271.7,103589,1064.2,60987,288.3,0.68,0.000430,64494,288.9,4.56,0.003633,90958,320.0,-31.51,-0.039221,425.1,0.065749,317.2,78973,413.4,84991,314.0,80.39,0.065481,88205,317.6,51.41,0.050770,90170,315.1,-47.10,-0.059010
66.13,0.0009583,0.052807,88141,91072,91064,90263,306.0,66.1,0.000000,100.0,1281399,1982.2,68332,295.8,1.48,0.001030,73818,300.9,22.62,0.019735,88917,312.8,59.73,0.074358,606.1,0.000000,100.0,142996,422.1,132542,360.1,-0.07,-0.000076,131088,355.8,-1.49,-0.001958,90433,316.2,58.81,0.073637,246.1,-0.000000,100.0,102784,1061.7,61245,288.7,0.80,0.000513,64399,288.8,5.75,0.004569,90853,320.0,-30.49,-0.037909,426.1,0.066040,316.8,78706,410.8,84773,313.7,80.85,0.065763,87669,317.0,51.52,0.050662,90127,315.3,-43.45,-0.054390
67.13,0.0009729,0.052869,88142,90982,91002,90285,306.0,67.1,0.000000,376.4,1249120,1971.3,68893,296.5,1.68,0.001172,74054,301.1,23.85,0.020857,88799,312.6,60.55,0.075314,607.1,0.000000,100.0,144723,423.4,132451,360.0,-0.13,-0.000140,131157,355.9,-1.66,-0.002179,90780,316.2,53.81,0.067649,247.1,-0.000000,100.0,102097,1059.5,61533,289.0,0.90,0.000579,64313,288.7,6.83,0.005425,90750,319.9,-29.29,-0.036383,427.1,0.066301,316.5,78448,408.4,84558,313.4,81.27,0.066008,87146,316.5,51.63,0.050548,90128,315.4,-40.04,-0.050097
68.13,0.0009874,0.052930,88152,90891,90953,90313,305.9,68.1,0.000000,858.5,1218137,1960.6,69519,297.2,1.87,0.001313,74280,301.4,25.02,0.021925,88685,312.4,61.33,0.076228,608.1,0.000000,2759.0,146505,424.8,132317,359.9,-0.19,-0.000209,131212,355.9,-1.78,-0.002347,91093,316.2,48.79,0.061552,248.1,-0.000000,287.8,101609,1057.7,61842,289.5,0.98,0.000627,64235,288.6,7.81,0.006203,90654,319.9,-27.89,-0.034612,428.1,0.066524,316.2,78198,406.0,84342,313.0,81.64,0.066204,86641,315.9,51.73,0.050439,90134,315.6,-36.81,-0.046034
69.14,0.0010020,0.052989,88176,90803,90880,90349,305.8,69.1,0.000000,373.0,1188388,1950.2,70211,298.1,2.05,0.001455,74510,301.7,26.15,0.022963,88572,312.3,62.07,0.077084,609.1,0.000000,457.7,148346,426.3,132144,359.8,-0.25,-0.000273,131252,356.0,-1.88,-0.002469,91361,316.1,43.76,0.055383,249.1,-0.000000,447.0,101167,1056.1,62163,289.9,1.02,0.000656,64165,288.5,8.71,0.006911,90559,319.8,-26.32,-0.032625,429.1,0.066697,316.0,77956,403.8,84122,312.7,81.94,0.066337,86160,315.4,51.84,0.050345,90139,315.7,-33.77,-0.042221
70.06,0.0010154,0.053042,88220,90732,90779,90390,305.8,70.1,0.000000,460.8,1161973,1940.7,70909,298.9,2.22,0.001586,74735,302.0,27.18,0.023919,88457,312.1,62.68,0.077778,610.1,0.000000,140.8,150099,427.6,131958,359.6,-0.29,-0.000322,131279,356.0,-1.94,-0.002555,91555,316.0,39.10,0.049596,250.1,-0.000000,100.0,100837,1054.7,62463,290.3,1.03,0.000669,64109,288.5,9.47,0.007510,90456,319.8,-24.76,-0.030665,430.1,0.066806,315.7,77738,401.8,83913,312.4,82.13,0.066389,85739,315.0,51.95,0.050278,90128,315.8,-31.20,-0.038991
71.07,0.0010300,0.053097,88291,90664,90658,90442,305.6,71.1,0.000000,288.0,1134435,1930.7,71731,299.9,2.40,0.001730,75005,302.3,28.31,0.024976,88322,311.9,63.25,0.078416,611.1,0.000000,453.2,152057,429.1,131736,359.4,-0.33,-0.000360,131298,356.0,-2.00,-0.002631,91716,315.9,33.99,0.043214,251.1,-0.000000,100.0,100309,1052.9,62788,290.7,1.03,0.000671,64062,288.4,10.24,0.008109,90323,319.7,-22.97,-0.028409,431.1,0.066845,315.4,77506,399.7,83676,312.1,82.25,0.066357,85310,314.5,52.09,0.050230,90092,315.9,-28.68,-0.035818
72.07,0.0010445,0.053148,88388,90608,90545,90503,305.5,72.1,0.000000,100.0,1107968,1920.8,72620,300.9,2.57,0.001870,75311,302.7,29.47,0.026074,88182,311.8,63.77,0.078973,612.1,0.000000,100.0,154080,430.6,131504,359.3,-0.34,-0.000380,131311,356.0,-2.05,-0.002700,91857,315.8,28.80,0.036683,252.1,0.000000,100.0,99907,1051.3,63107,291.1,1.02,0.000662,64033,288.4,10.94,0.008668,90179,319.6,-21.02,-0.025967,432.1,0.066807,315.2,77278,397.7,83427,311.8,82.24,0.066220,84906,314.1,52.24,0.050210,90039,315.9,-26.38,-0.032916
73.08,0.0010591,0.053194,88523,90566,90452,90573,305.4,73.1,0.000000,344.8,1082520,1911.2,73570,302.1,2.73,0.001998,75661,303.1,30.67,0.027225,88047,311.6,64.24,0.079491,613.1,0.000000,288.7,156170,432.2,131275,359.1,-0.35,-0.000380,131317,356.0,-2.10,-0.002769,92015,315.8,23.42,0.029880,253.1,-0.000000,2346.8,99504,1049.7,63420,291.6,0.99,0.000650,64025,288.3,11.61,0.009195,90040,319.5,-18.88,-0.023294,433.1,0.066683,314.9,77051,395.8,83165,311.5,82.11,0.065973,84526,313.7,52.42,0.050217,89980,316.0,-24.22,-0.030203
74.08,0.0010736,0.053234,88699,90538,90379,90652,305.4,74.1,0.000000,206.5,1058045,1901.7,74568,303.2,2.84,0.002103,76057,303.5,31.91,0.028426,87924,311.3,64.70,0.080001,614.1,0.000000,100.0,158330,433.8,131058,358.9,-0.33,-0.000363,131318,356.0,-2.16,-0.002846,92224,315.8,17.66,0.022580,254.1,0.000000,100.0,98984,1047.9,63728,292.0,0.97,0.000638,64044,288.4,12.24,0.009696,89919,319.4,-16.54,-0.020387,434.1,0.066433,314.4,76823,393.9,82885,311.2,81.90,0.065646,84166,313.3,52.61,0.050249,89925,316.0,-22.16,-0.027616
75.08,0.0010882,0.053266,88985,90507,90329,90741,305.3,75.1,0.000000,397.3,1034496,1892.4,75595,304.4,2.90,0.002168,76499,304.1,33.16,0.029661,87815,311.1,65.15,0.080518,615.1,0.000000,100.0,160561,435.4,130861,358.8,-0.30,-0.000332,131315,356.0,-2.23,-0.002936,92501,315.9,11.31,0.014501,255.1,-0.000000,347.2,98459,1046.0,64031,292.4,0.95,0.000627,64089,288.4,12.86,0.010192,89824,319.3,-14.02,-0.017265,435.1,0.066077,314.1,76592,392.2,82593,310.9,81.63,0.065268,83822,313.0,52.82,0.050302,89882,316.0,-20.16,-0.025108
76.09,0.0011027,0.053281,89634,90461,90335,90838,305.3,76.1,0.000000,177.1,1011825,1883.3,76629,305.6,2.90,0.002188,76985,304.6,34.39,0.030907,87728,310.8,65.60,0.081066,616.1,0.000000,100.0,162869,437.1,130691,358.6,-0.26,-0.000290,131308,356.0,-2.31,-0.003036,92774,316.2,4.05,0.005199,256.1,0.000000,100.0,98059,1044.4,64331,292.7,0.94,0.000618,64165,288.5,13.45,0.010672,89761,319.3,-11.32,-0.013937,436.1,0.065669,313.7,76357,390.4,82291,310.6,81.32,0.064851,83490,312.6,53.04,0.050370,89859,316.1,-18.17,-0.022624
77.09,0.0011173,0.053271,90285,90407,90393,90941,305.4,77.1,0.000000,512.7,989993,1874.4,77647,306.7,2.83,0.002158,77511,305.2,35.59,0.032138,87641,310.7,66.08,0.081610,617.1,0.000000,610.4,165255,438.8,130552,358.5,-0.22,-0.000242,131292,355.9,-2.39,-0.003140,92464,315.9,-5.25,-0.006730,257.1,0.000000,1367.1,97406,1042.2,64627,293.1,0.92,0.000610,64277,288.7,14.01,0.011124,89764,319.3,-8.36,-0.010288,437.1,0.065225,313.4,76119,388.8,81981,310.2,80.97,0.064399,83168,312.2,53.27,0.050449,89887,316.2,-16.07,-0.020010
78.10,0.0011319,0.053237,91045,90355,90436,91044,305.4,78.1,0.000000,100.0,968957,1865.6,78625,307.8,2.71,0.002080,78077,305.9,36.72,0.033331,87496,310.6,66.52,0.082036,618.1,0.000000,1035.5,167724,440.5,130442,358.4,-0.18,-0.000193,131264,355.9,-2.47,-0.003247,92410,315.9,-14.24,-0.018243,258.1,-0.000000,658.8,96875,1040.3,64920,293.5,0.90,0.000601,64430,288.9,14.50,0.011536,89788,319.4,-5.32,-0.006551,438.1,0.064752,313.0,75877,387.1,81664,309.9,80.59,0.063922,82852,311.9,53.50,0.050534,89933,316.3,-14.01,-0.017440
79.10,0.0011464,0.053174,91882,90312,90485,91139,305.5,79.1,0.000000,100.0,948680,1857.0,79547,308.9,2.53,0.001964,78685,306.6,37.76,0.034463,87355,310.6,66.87,0.082339,619.1,0.000000,100.0,170279,442.3,130359,358.4,-0.13,-0.000147,131221,355.9,-2.55,-0.003356,92384,316.0,-22.80,-0.029178,259.1,0.000000,100.0,96343,1038.4,65207,293.9,0.88,0.000589,64623,289.1,14.94,0.011908,89829,319.4,-2.23,-0.002752,439.1,0.064261,312.6,75633,385.6,81345,309.5,80.20,0.063430,82541,311.6,53.74,0.050620,89989,316.4,-11.97,-0.014910
80.11,0.0011610,0.053083,92545,90282,90579,91220,305.6,80.1,0.000000,100.0,929129,1848.6,80403,309.8,2.34,0.001826,79336,307.3,38.70,0.035523,87252,310.8,67.17,0.082582,620.1,0.000000,579.0,172925,444.1,130301,358.3,-0.10,-0.000106,131164,355.8,-2.63,-0.003462,92356,316.2,-30.76,-0.039350,260.1,0.000000,249.3,95677,1036.1,65486,294.2,0.85,0.000572,64850,289.4,15.32,0.012246,89561,319.2,0.22,0.000276,440.1,0.063765,312.2,75386,384.0,81026,309.2,79.80,0.062937,82234,311.2,53.97,0.050707,90064,316.5,-9.92,-0.012366
81.12,0.0011757,0.052974,92956,90270,90632,91281,305.6,81.1,0.000000,146.1,910272,1840.3,81195,310.7,2.14,0.001685,80031,308.1,39.53,0.036507,87199,311.0,67.48,0.082842,621.1,0.000000,1371.7,175664,446.0,130262,358.3,-0.06,-0.000071,131088,355.8,-2.70,-0.003553,92276,316.3,-38.08,-0.048644,261.1,0.000000,1239.9,95010,1033.9,65753,294.6,0.82,0.000548,65108,289.7,15.66,0.012555,89198,318.8,2.57,0.003152,441.1,0.063280,311.9,75137,382.6,80711,308.9,79.42,0.062458,81932,310.9,54.21,0.050797,90146,316.6,-7.92,-0.009873
82.13,0.0011903,0.052856,93084,90309,90666,91319,305.7,82.1,0.000000,282.0,892085,1832.2,81932,311.5,1.97,0.001561,80770,308.9,40.25,0.037417,87191,311.3,67.82,0.083164,622.1,0.000000,100.0,178500,447.9,130240,358.3,-0.04,-0.000043,130992,355.7,-2.75,-0.003616,92081,316.3,-44.60,-0.056848,262.1,-0.000000,326.2,94342,1031.6,66003,294.9,0.77,0.000516,65393,290.1,15.96,0.012831,88999,318.5,5.14,0.006293,442.1,0.062818,311.5,74888,381.1,80402,308.6,79.07,0.062007,81636,310.6,54.45,0.050893,90216,316.7,-6.01,-0.007499
83.14,0.0012049,0.052740,92908,90415,90678,91333,305.7,83.1,0.000000,187.9,874545,1824.2,82632,312.2,1.84,0.001469,81551,309.8,40.86,0.038247,87222,311.7,68.20,0.083568,623.1,0.000000,100.0,181436,449.8,130229,358.3,-0.02,-0.000023,130874,355.6,-2.77,-0.003641,91844,316.3,-50.13,-0.063740,263.1,0.000000,100.0,93669,1029.2,66234,295.2,0.71,0.000478,65704,290.5,16.21,0.013075,88938,318.4,7.96,0.009739,443.1,0.062392,311.2,74641,379.8,80102,308.3,78.75,0.061594,81348,310.2,54.69,0.050993,90267,316.8,-4.21,-0.005256
84.07,0.0012184,0.052642,92582,90487,90674,91327,305.7,84.1,0.000000,100.0,858909,1817.0,83262,312.9,1.77,0.001421,82312,310.6,41.32,0.038931,87262,312.0,68.55,0.083951,624.1,0.000000,210.2,184238,451.6,130225,358.3,-0.01,-0.000011,130747,355.5,-2.78,-0.003643,91647,316.3,-54.46,-0.069090,264.1,0.000000,130.5,93086,1027.2,66429,295.4,0.65,0.000440,66010,290.9,16.40,0.013272,88974,318.3,10.70,0.013098,444.1,0.062022,310.9,74414,378.5,79835,308.0,78.51,0.061252,81091,310.0,54.92,0.051087,90295,316.8,-2.64,-0.003299
85.08,0.0012331,0.052552,92204,90563,90661,91304,305.6,85.1,0.000000,851.3,842550,1809.3,83949,313.6,1.75,0.001412,83178,311.6,41.69,0.039575,87304,312.3,68.90,0.084334,625.1,0.000000,100.0,187377,453.7,130224,358.3,-0.00,-0.000003,130589,355.3,-2.76,-0.003612,91480,316.4,-58.51,-0.074073,265.1,-0.000000,184.0,92279,1024.5,66623,295.7,0.59,0.000402,66357,291.3,16.56,0.013457,89060,318.3,13.68,0.016763,445.1,0.061695,310.6,74173,377.2,79557,307.7,78.29,0.060925,80820,309.6,55.15,0.051178,90309,316.8,-1.03,-0.001281
86.09,0.0012477,0.052476,91804,90686,90668,91267,305.7,86.1,0.000000,242.6,826772,1801.8,84662,314.4,1.79,0.001447,84078,312.6,42.00,0.040175,87345,312.6,69.22,0.084682,626.1,0.000000,100.0,190626,455.7,130223,358.3,-0.00,-0.000002,130416,355.2,-2.70,-0.003531,91362,316.5,-62.05,-0.078425,266.1,-0.000000,278.0,91596,1022.1,66803,295.9,0.55,0.000371,66717,291.8,16.70,0.013621,89140,318.2,16.59,0.020352,446.1,0.061398,310.3,73937,376.0,79289,307.4,78.12,0.060643,80553,309.3,55.34,0.051239,90122,316.6,0.18,0.000229
87.10,0.0012623,0.052416,91404,90774,90651,91219,305.6,87.1,0.000000,316.6,811551,1794.5,85417,315.2,1.86,0.001520,85008,313.6,42.17,0.040651,87377,312.9,69.48,0.084961,627.1,0.000000,705.7,193990,457.9,130219,358.3,-0.01,-0.000006,130233,355.1,-2.62,-0.003428,91274,316.7,-65.24,-0.082341,267.1,-0.000000,808.3,90783,1019.4,66973,296.1,0.51,0.000349,67084,292.2,16.82,0.013769,89182,318.0,19.40,0.023826,447.1,0.061140,310.0,73707,374.8,79033,307.2,77.99,0.060400,80283,309.0,55.47,0.051238,89898,316.4,1.38,0.001711
88.11,0.0012769,0.052372,90983,90842,90636,91164,305.6,88.1,0.000000,529.7,796865,1787.2,86227,316.0,1.97,0.001621,85974,314.6,42.16,0.040964,87400,313.1,69.66,0.085134,628.1,0.000000,742.2,197474,460.0,130210,358.2,-0.01,-0.000014,130044,354.9,-2.55,-0.003336,91196,316.8,-68.18,-0.085929,268.1,0.000000,100.0,89966,1016.7,67141,296.3,0.50,0.000341,67455,292.7,16.92,0.013911,89173,317.8,22.12,0.027180,448.1,0.060905,309.7,73483,373.6,78785,306.9,77.91,0.060198,79999,308.7,55.50,0.051136,89781,316.3,2.67,0.003315
89.12,0.0012916,0.052344,90566,90889,90633,91103,305.6,89.1,0.000000,100.0,782693,1780.2,87099,317.0,2.10,0.001737,86976,315.7,41.97,0.041112,87421,313.4,69.76,0.085221,629.1,0.000000,1378.9,201082,462.2,130194,358.2,-0.02,-0.000025,129855,354.8,-2.51,-0.003275,91127,317.0,-70.87,-0.089210,269.1,0.000000,1016.8,89147,1013.9,67314,296.6,0.51,0.000348,67830,293.2,17.04,0.014060,89148,317.5,24.75,0.030425,449.1,0.060695,309.4,73267,372.4,78547,306.7,77.88,0.060039,79690,308.4,55.40,0.050904,89731,316.2,4.09,0.005079
90.13,0.0013062,0.052331,90162,90920,90638,91041,305.6,90.1,0.000000,613.8,769013,1773.2,88033,317.9,2.23,0.001858,88003,316.8,41.62,0.041111,87445,313.5,69.82,0.085254,630.1,0.000000,100.0,204819,464.5,130168,358.2,-0.04,-0.000040,129671,354.6,-2.50,-0.003261,91069,317.2,-73.34,-0.092206,270.1,0.000000,104.5,88322,1011.1,67499,296.8,0.54,0.000369,68210,293.6,17.17,0.014228,89124,317.3,27.31,0.033594,450.1,0.060518,309.2,73059,371.3,78318,306.4,77.87,0.059903,79358,308.0,55.18,0.050551,89733,316.2,5.61,0.006972
91.13,0.0013208,0.052332,89782,90944,90640,90979,305.6,91.1,0.000000,421.6,755805,1766.4,89025,318.9,2.35,0.001972,89043,317.8,41.16,0.040996,87472,313.7,69.81,0.085231,631.1,0.000000,100.0,208692,466.8,130133,358.2,-0.05,-0.000056,129492,354.5,-2.52,-0.003290,91021,317.3,-75.62,-0.094968,271.1,-0.000000,404.6,87367,1007.9,67704,297.0,0.59,0.000404,68596,294.1,17.34,0.014427,89099,317.0,29.81,0.036686,451.1,0.060363,308.9,72860,370.3,78097,306.2,77.87,0.059775,79018,307.6,54.85,0.050103,89765,316.2,7.18,0.008926
92.14,0.0013354,0.052346,89470,90993,90647,90919,305.6,92.1,0.000000,345.7,743050,1759.7,90066,320.0,2.44,0.002070,90078,318.9,40.64,0.040817,87505,313.9,69.80,0.085197,632.1,0.000000,414.5,212705,469.1,130085,358.1,-0.07,-0.000075,129315,354.3,-2.59,-0.003376,90980,317.5,-77.74,-0.097528,272.1,0.000000,379.2,86542,1005.1,67933,297.3,0.65,0.000449,68992,294.6,17.56,0.014672,89071,316.7,32.24,0.039704,452.1,0.060215,308.7,72669,369.3,77883,306.0,77.86,0.059643,78654,307.2,54.41,0.049536,89808,316.2,8.75,0.010887
93.07,0.0013488,0.052369,89233,91016,90660,90867,305.6,93.1,0.000000,569.1,731662,1753.7,91062,321.0,2.51,0.002145,91017,319.9,40.17,0.040638,87542,314.0,69.77,0.085159,633.1,0.000000,171.5,216539,471.4,130031,358.1,-0.09,-0.000094,129149,354.2,-2.71,-0.003521,90949,317.7,-79.55,-0.099720,273.1,0.000000,100.0,85679,1002.1,68168,297.6,0.72,0.000498,69370,295.1,17.82,0.014944,89044,316.5,34.44,0.042430,453.1,0.060069,308.5,72501,368.4,77693,305.8,77.84,0.059518,78277,306.7,53.86,0.048867,89843,316.2,10.20,0.012689
94.08,0.0013634,0.052400,89020,91042,90682,90816,305.7,94.1,0.000000,232.4,719726,1747.3,92173,322.1,2.57,0.002209,92008,320.9,39.69,0.040468,87588,314.2,69.72,0.085112,634.1,0.000000,301.6,220840,473.8,129958,358.0,-0.11,-0.000116,128961,354.0,-2.90,-0.003762,90923,317.8,-81.36,-0.101914,274.1,0.000000,335.0,84719,998.9,68451,298.0,0.80,0.000553,69793,295.6,18.16,0.015295,89018,316.2,36.77,0.045320,454.1,0.059921,308.3,72327,367.4,77495,305.6,77.81,0.059384,77802,306.2,53.05,0.047927,89870,316.1,11.76,0.014643
95.08,0.0013780,0.052439,88876,91076,90708,90770,305.7,95.1,0.000000,295.6,708191,1741.0,93308,323.2,2.60,0.002257,92968,321.9,39.28,0.040346,87642,314.3,69.66,0.085053,635.1,0.000000,818.2,225302,476.3,129872,358.0,-0.13,-0.000139,128761,353.9,-3.16,-0.004103,90905,317.9,-83.02,-0.103929,275.1,-0.000000,127.4,83890,996.0,68761,298.4,0.88,0.000609,70228,296.1,18.56,0.015699,88993,316.0,39.04,0.048138,455.1,0.059769,308.2,72162,366.5,77307,305.4,77.78,0.059256,77245,305.6,51.96,0.046706,89892,316.1,13.34,0.016610
96.09,0.0013926,0.052480,88807,91122,90737,90730,305.7,96.1,0.000000,262.2,697039,1734.8,94460,324.4,2.61,0.002289,93894,322.8,38.95,0.040283,87705,314.4,69.57,0.084966,636.1,0.000000,1464.8,229930,478.9,129772,357.9,-0.15,-0.000161,128539,353.7,-3.51,-0.004553,90892,318.1,-84.53,-0.105772,276.1,0.000000,380.0,82931,992.7,69098,298.8,0.95,0.000663,70670,296.6,19.00,0.016144,88969,315.8,41.24,0.050879,456.1,0.059627,308.0,72005,365.6,77130,305.3,77.76,0.059135,76600,304.8,50.56,0.045175,89915,316.0,14.91,0.018578
97.09,0.0014072,0.052523,88721,91196,90773,90694,305.8,97.1,0.000000,100.0,686256,1728.8,95625,325.5,2.61,0.002310,94786,323.7,38.68,0.040277,87780,314.5,69.42,0.084836,637.1,0.000000,100.0,234733,481.5,129661,357.8,-0.17,-0.000181,128288,353.5,-3.96,-0.005121,90886,318.2,-85.90,-0.107447,277.1,-0.000000,104.5,81973,989.4,69460,299.2,1.02,0.000712,71108,297.2,19.46,0.016604,88945,315.5,43.38,0.053544,457.1,0.059494,307.9,71857,364.7,76960,305.1,77.72,0.059010,75869,304.0,48.84,0.043349,89943,316.0,16.48,0.020539
98.10,0.0014217,0.052571,88528,91264,90814,90663,305.8,98.1,0.000000,474.1,675828,1722.9,96799,326.6,2.60,0.002324,95640,324.5,38.47,0.040310,87870,314.6,69.22,0.084640,638.1,0.000000,2112.6,239719,484.1,129540,357.7,-0.18,-0.000198,128002,353.2,-4.50,-0.005813,90887,318.2,-87.13,-0.108955,278.1,-0.000000,258.0,81011,986.0,69842,299.7,1.08,0.000755,71530,297.7,19.89,0.017049,88924,315.3,45.46,0.056135,458.1,0.059356,307.8,71719,363.9,76793,304.9,77.64,0.058852,75063,303.0,46.86,0.041276,89975,315.9,18.04,0.022497
99.10,0.0014363,0.052626,88289,91328,90861,90639,305.8,99.1,0.000000,423.1,665743,1717.1,97978,327.8,2.59,0.002328,96454,325.3,38.28,0.040351,87978,314.8,68.93,0.084354,639.1,0.000000,731.3,244895,486.9,129411,357.6,-0.20,-0.000213,127676,353.0,-5.14,-0.006633,90895,318.3,-88.22,-0.110299,279.1,-0.000000,100.0,80049,982.6,70242,300.2,1.12,0.000791,71923,298.1,20.28,0.017452,88905,315.2,47.48,0.058650,459.1,0.059168,307.6,71588,363.1,76622,304.8,77.50,0.058647,74200,302.0,44.67,0.039025,90012,315.9,19.60,0.024453
100.11,0.0014509,0.052688,88091,91384,90915,90624,305.9,100.1,0.000000,469.9,655986,1711.4,99155,328.9,2.56,0.002320,97230,326.1,38.07,0.040361,88106,314.9,68.52,0.083948,640.1,0.000000,100.0,250270,489.7,129274,357.5,-0.21,-0.000225,127305,352.7,-5.89,-0.007579,90912,318.4,-89.16,-0.111478,280.1,-0.000000,191.2,79086,979.2,70654,300.7,1.16,0.000818,72285,298.6,20.62,0.017808,88888,315.0,49.45,0.061094,460.1,0.058912,307.4,71464,362.4,76445,304.6,77.30,0.058394,73298,300.9,42.34,0.036666,90054,315.8,21.15,0.026406
101.11,0.0014654,0.052756,87980,91401,90977,90619,306.0,101.1,0.000000,187.6,646547,1705.8,100323,330.0,2.51,0.002299,97972,326.8,37.80,0.040298,88259,315.0,67.95,0.083363,641.1,0.000000,100.0,255854,492.5,129132,357.4,-0.22,-0.000236,126888,352.3,-6.73,-0.008645,90930,318.4,-89.95,-0.112471,281.1,-0.000000,364.0,78123,975.8,71077,301.2,1.18,0.000839,72612,299.0,20.90,0.018108,88869,314.8,51.36,0.063471,461.1,0.058596,307.2,71346,361.6,76261,304.4,77.03,0.058081,72378,299.9,39.93,0.034270,90098,315.8,22.70,0.028358
102.12,0.0014800,0.052825,87973,91378,91052,90626,306.0,102.1,0.000000,336.3,637411,1700.3,101475,331.0,2.45,0.002262,98687,327.5,37.45,0.040127,88436,315.1,67.22,0.082610,642.1,0.000000,1596.2,261656,495.4,128984,357.3,-0.23,-0.000246,126426,351.9,-7.67,-0.009823,90949,318.4,-90.57,-0.113268,282.1,0.000000,100.0,77031,971.9,71506,301.7,1.20,0.000852,72906,299.3,21.13,0.018351,88848,314.7,53.22,0.065791,462.1,0.058222,307.0,71232,360.9,76074,304.2,76.69,0.057721,71455,298.7,37.50,0.031896,90143,315.7,24.25,0.030314
103.12,0.0014945,0.052891,88059,91318,91176,90646,306.1,103.1,0.000000,163.8,628567,1695.0,102602,332.1,2.38,0.002211,99382,328.2,36.98,0.039819,88647,315.2,66.42,0.081785,643.1,0.000000,2460.7,267688,498.4,128829,357.2,-0.24,-0.000256,125919,351.5,-8.69,-0.011102,90985,318.5,-91.00,-0.113836,283.1,-0.000000,572.5,76075,968.4,71940,302.2,1.21,0.000863,73168,299.7,21.28,0.018532,88843,314.6,55.09,0.068128,463.1,0.057799,306.8,71122,360.2,75881,304.0,76.27,0.057302,70546,297.6,35.12,0.029601,90204,315.6,25.84,0.032333
104.13,0.0015091,0.052950,88439,91229,91294,90677,306.3,104.1,0.000000,188.7,620003,1689.7,103700,333.1,2.29,0.002150,100064,328.8,36.37,0.039354,88880,315.3,65.55,0.080905,644.1,0.000000,430.2,273960,501.4,128668,357.0,-0.25,-0.000268,125369,351.1,-9.79,-0.012472,91045,318.5,-91.23,-0.114184,284.1,-0.000000,148.2,75120,964.9,72380,302.8,1.21,0.000874,73404,299.9,21.37,0.018651,88855,314.4,56.96,0.070477,464.1,0.057304,306.6,71016,359.5,75675,303.8,75.76,0.056802,69666,296.6,32.85,0.027435,90282,315.6,27.47,0.034415
105.13,0.0015236,0.052986,89231,91130,91403,90715,306.4,105.1,0.000000,212.5,611706,1684.5,104765,334.1,2.20,0.002081,100742,329.5,35.61,0.038719,89106,315.4,64.61,0.079923,645.1,0.000000,431.9,280489,504.5,128497,356.9,-0.26,-0.000283,124776,350.6,-10.97,-0.013924,91116,318.5,-91.33,-0.114383,285.1,0.000000,665.2,74165,961.4,72829,303.3,1.23,0.000889,73620,300.2,21.42,0.018734,88868,314.3,58.77,0.072744,465.1,0.056702,306.3,70910,358.9,75446,303.5,75.10,0.056184,68830,295.5,30.72,0.025442,90362,315.5,29.09,0.036476
106.13,0.0015382,0.052996,89731,91039,91498,90753,306.5,106.1,0.000000,196.0,603667,1679.5,105798,335.0,2.12,0.002012,101421,330.1,34.71,0.037915,89315,315.4,63.63,0.078883,646.1,0.000000,539.1,287284,507.6,128313,356.7,-0.28,-0.000304,124143,350.0,-12.21,-0.015446,91198,318.6,-91.33,-0.114473,286.1,-0.000000,378.2,73209,957.8,73293,303.9,1.26,0.000914,73826,300.4,21.42,0.018770,88876,314.2,60.49,0.074908,466.1,0.055951,306.0,70804,358.2,75187,303.3,74.25,0.055408,68053,294.6,28.81,0.023668,90438,315.4,30.66,0.038490
107.14,0.0015528,0.052992,90135,90958,91532,90787,306.5,107.1,0.000000,122.4,595876,1674.5,106801,335.9,2.03,0.001947,102106,330.8,33.66,0.036950,89483,315.4,62.60,0.077754,647.1,0.000000,100.0,294362,510.9,128110,356.6,-0.31,-0.000334,123472,349.5,-13.51,-0.017028,91270,318.7,-91.28,-0.114475,287.1,0.000000,242.6,72253,954.2,73779,304.4,1.31,0.000953,74033,300.7,21.39,0.018786,88863,314.1,62.07,0.076879,467.1,0.055002,305.6,70693,357.6,74887,302.9,73.16,0.054429,67354,293.7,27.18,0.022163,90489,315.3,32.14,0.040378
108.07,0.0015662,0.052972,90671,90894,91503,90812,306.5,108.1,0.000000,1086.2,588895,1670.0,107705,336.7,1.97,0.001893,102744,331.4,32.59,0.035931,89579,315.4,61.60,0.076603,648.1,0.000000,417.0,301159,513.9,127901,356.4,-0.34,-0.000371,122822,348.9,-14.76,-0.018530,91304,318.7,-91.25,-0.114471,288.1,0.000000,100.0,71254,950.4,74255,305.0,1.37,0.001002,74238,300.9,21.39,0.018818,88815,314.0,63.34,0.078435,468.1,0.053866,305.2,70585,357.0,74570,302.6,71.88,0.053315,66794,293.0,25.98,0.021059,90497,315.2,33.35,0.041926
109.08,0.0015808,0.052933,91002,90851,91410,90829,306.4,109.1,0.000000,110.8,581555,1665.2,108663,337.6,1.90,0.001843,103441,332.0,31.33,0.034704,89612,315.3,60.48,0.075260,649.1,0.000000,100.0,308821,517.3,127641,356.2,-0.39,-0.000424,122088,348.3,-16.15,-0.020189,91287,318.7,-91.31,-0.114518,289.1,-0.000000,100.0,70297,946.7,74804,305.6,1.45,0.001065,74482,301.2,21.38,0.018858,88717,313.9,64.50,0.079809,469.1,0.052483,304.6,70457,356.4,74181,302.2,70.19,0.051862,66292,292.4,25.06,0.020206,90456,315.0,34.48,0.043341
110.08,0.0015954,0.052888,91036,90821,91263,90833,306.2,110.1,0.000000,100.0,574441,1660.6,109601,338.4,1.84,0.001797,104141,332.6,29.98,0.033367,89574,315.2,59.35,0.073859,650.1,0.000000,100.0,316808,520.7,127339,356.0,-0.46,-0.000493,121330,347.6,-17.56,-0.021866,91221,318.6,-91.48,-0.114674,290.1,-0.000000,460.1,69340,943.0,75390,306.3,1.53,0.001134,74755,301.5,21.38,0.018905,88571,313.8,65.44,0.080869,470.1,0.050783,304.0,70315,355.8,73747,301.7,68.17,0.050153,65901,291.9,24.56,0.019715,90359,314.8,35.40,0.044484
111.09,0.0016100,0.052846,90903,90795,91089,90825,306.1,111.1,0.000000,159.9,567544,1656.0,110518,339.2,1.79,0.001751,104842,333.3,28.56,0.031938,89482,315.0,58.22,0.072418,651.1,0.000000,533.7,325135,524.3,126982,355.7,-0.54,-0.000580,120553,346.9,-19.00,-0.023546,91108,318.5,-91.80,-0.114968,291.1,0.000000,100.0,68383,939.3,76006,307.0,1.60,0.001192,75066,301.9,21.40,0.018975,88381,313.7,66.20,0.081676,471.1,0.047217,303.6,70134,355.2,73624,301.6,64.46,0.047357,65598,291.5,24.34,0.019475,90206,314.6,36.17,0.045408
112.10,0.0016246,0.052811,90658,90777,90915,90807,305.9,112.1,0.000000,350.3,560860,1651.5,111409,340.0,1.72,0.001698,105540,333.9,27.08,0.030434,89369,314.8,57.11,0.070994,652.1,0.000000,2815.1,333819,527.8,126561,355.3,-0.64,-0.000685,119762,346.2,-20.44,-0.025221,90954,318.4,-92.22,-0.115347,292.1,0.000000,206.8,67423,935.4,76634,307.7,1.63,0.001219,75422,302.3,21.45,0.019090,88166,313.5,66.88,0.082353,472.1,0.046798,302.7,69957,354.6,72892,300.8,62.30,0.045444,65422,291.2,24.38,0.019474,90014,314.4,36.88,0.046237
113.10,0.0016392,0.052787,90398,90752,90745,90784,305.7,113.1,0.000000,616.7,554383,1647.0,112263,340.7,1.64,0.001630,106232,334.6,25.57,0.028869,89246,314.6,56.09,0.069672,653.1,0.000000,100.0,342874,531.5,126067,354.9,-0.75,-0.000804,118961,345.5,-21.89,-0.026884,90783,318.2,-92.68,-0.115760,293.1,-0.000000,707.2,66603,932.1,77258,308.5,1.61,0.001216,75833,302.8,21.58,0.019278,87950,313.4,67.52,0.082985,473.1,0.044225,301.9,69756,354.0,72282,300.1,59.75,0.043316,65383,291.2,25.01,0.019968,89811,314.1,37.59,0.047064
114.11,0.0016538,0.052769,90285,90707,90582,90756,305.6,114.1,0.000000,100.0,548105,1642.7,113071,341.4,1.55,0.001542,106914,335.2,24.03,0.027258,89121,314.4,55.18,0.068485,654.1,0.000000,100.0,352321,535.3,125492,354.5,-0.88,-0.000936,118149,344.8,-23.35,-0.028537,90605,318.1,-93.12,-0.116131,294.1,-0.000000,100.0,65646,928.2,77863,309.1,1.56,0.001184,76310,303.3,21.84,0.019599,87745,313.2,68.14,0.083585,474.1,0.040395,301.2,69514,353.4,71848,299.6,56.01,0.040426,65408,291.2,26.04,0.020793,89609,313.9,38.33,0.047919
115.12,0.0016684,0.052757,90085,90644,90424,90725,305.4,115.1,0.000000,121.5,542021,1638.5,113821,342.0,1.43,0.001434,107584,335.8,22.48,0.025614,88999,314.2,54.39,0.067447,655.1,0.000000,144.2,362178,539.1,124835,354.0,-1.01,-0.001074,117327,344.1,-24.82,-0.030188,90428,317.9,-93.48,-0.116415,295.1,0.000000,106.5,64682,924.2,78434,309.8,1.47,0.001122,76856,304.0,22.32,0.020128,87554,313.1,68.72,0.084148,475.1,0.037826,300.5,69250,352.7,71453,299.2,52.18,0.037504,65525,291.4,27.39,0.021902,89417,313.7,39.10,0.048801
116.12,0.0016830,0.052753,89862,90566,90278,90692,305.3,116.1,0.000000,100.0,536124,1634.3,114501,342.6,1.30,0.001308,108237,336.4,20.94,0.023953,88880,314.0,53.70,0.066550,656.1,0.000000,346.1,372467,543.0,124093,353.3,-1.15,-0.001216,116489,343.3,-26.32,-0.031849,90264,317.8,-93.80,-0.116644,296.1,-0.000000,100.0,63715,920.3,78956,310.4,1.35,0.001033,77476,304.7,22.96,0.020826,87376,313.0,69.26,0.084664,476.1,0.036571,299.6,68981,352.1,70695,298.3,49.54,0.035336,65816,291.7,29.23,0.023446,89233,313.4,39.87,0.049700
117.13,0.0016975,0.052756,89708,90485,90145,90659,305.1,117.1,0.000000,290.1,530408,1630.3,115106,343.1,1.16,0.001168,108871,336.9,19.40,0.022290,88763,313.9,53.14,0.065798,657.1,0.000000,130.0,383209,547.0,123268,352.7,-1.29,-0.001356,115631,342.5,-27.86,-0.033538,90112,317.7,-94.06,-0.116806,297.1,0.000000,679.2,62883,916.7,79421,310.9,1.20,0.000924,78154,305.4,23.72,0.021651,87208,312.8,69.76,0.085146,477.1,0.032746,298.8,68675,351.4,70206,297.8,45.87,0.032552,66271,292.3,31.60,0.025471,89057,313.3,40.67,0.050621
118.14,0.0017121,0.052764,89603,90402,90023,90626,305.0,118.1,0.000000,100.0,524868,1626.3,115633,343.6,1.01,0.001021,109482,337.5,17.89,0.020641,88649,313.7,52.69,0.065189,658.1,0.000000,159.4,394429,551.1,122365,351.9,-1.43,-0.001492,114745,341.7,-29.45,-0.035270,89964,317.7,-94.24,-0.116862,298.1,0.000000,670.7,61914,912.6,79822,311.3,1.04,0.000805,78866,306.2,24.55,0.022551,87051,312.7,70.24,0.085611,478.1,0.030247,298.1,68350,350.8,69735,297.2,42.28,0.029861,66828,293.0,34.26,0.027788,88889,313.1,41.48,0.051569
119.07,0.0017256,0.052774,89517,90317,89927,90597,304.9,119.1,0.000000,501.9,519904,1622.7,116050,343.9,0.87,0.000887,110027,338.0,16.54,0.019148,88550,313.6,52.38,0.064766,659.1,0.000000,512.8,405231,555.0,121465,351.2,-1.55,-0.001611,113898,341.0,-30.99,-0.036919,89834,317.6,-94.30,-0.116800,299.1,0.000000,805.9,61177,909.4,80139,311.7,0.90,0.000696,79541,307.0,25.33,0.023405,86917,312.6,70.68,0.086039,479.1,0.027842,303.8,68034,350.2,69345,296.8,39.02,0.027445,67363,293.6,36.78,0.030003,88743,312.9,42.26,0.052478
120.07,0.0017402,0.052788,89440,90224,89840,90565,304.8,120.1,0.000000,1354.0,514685,1618.9,116432,344.3,0.73,0.000747,110598,338.5,15.13,0.017575,88455,313.4,52.18,0.064472,660.1,0.000000,1214.4,417440,559.2,120424,350.3,-1.67,-0.001732,112942,340.1,-32.73,-0.038767,89709,317.5,-94.27,-0.116614,300.1,0.000000,100.0,60199,905.2,80431,312.0,0.76,0.000589,80283,307.8,26.17,0.024340,86789,312.5,71.15,0.086511,480.1,0.026781,296.6,67692,349.5,68632,295.9,36.70,0.025618,67931,294.3,39.39,0.032320,88600,312.8,43.14,0.053507
121.08,0.0017547,0.052804,89393,90140,89766,90535,304.7,121.1,0.000000,100.0,509625,1615.1,116746,344.5,0.61,0.000618,111153,338.9,13.78,0.016063,88367,313.3,52.07,0.064305,661.1,0.000000,100.0,430205,563.6,119320,349.4,-1.79,-0.001843,111943,339.1,-34.55,-0.040678,89598,317.5,-94.14,-0.116329,301.1,0.000000,226.4,59354,901.4,80680,312.3,0.65,0.000502,81036,308.7,27.00,0.025283,86676,312.4,71.61,0.086986,481.1,0.023727,296.0,67325,348.9,68214,295.4,33.70,0.023420,68475,295.0,41.77,0.034472,88471,312.6,44.04,0.054570
122.08,0.0017693,0.052821,89375,90073,89707,90505,304.7,122.1,0.000000,169.1,504706,1611.4,116999,344.7,0.49,0.000502,111697,339.4,12.49,0.014619,88284,313.2,52.03,0.064223,662.1,0.000000,586.9,443554,568.0,118161,348.4,-1.90,-0.001943,110899,338.2,-36.46,-0.042645,89504,317.4,-93.95,-0.115987,302.1,0.000000,635.2,58503,897.6,80901,312.5,0.57,0.000441,81811,309.5,27.83,0.026238,86578,312.4,72.07,0.087464,482.1,0.022732,295.3,66961,348.3,67668,294.7,31.72,0.021916,68996,295.6,43.93,0.036452,88356,312.5,44.95,0.055658
123.09,0.0017839,0.052838,89373,90026,89666,90476,304.6,123.1,-0.000000,335.6,499772,1607.3,117201,344.9,0.39,0.000401,112234,339.9,11.29,0.013250,88212,313.1,52.05,0.064222,663.1,0.000000,204.4,457520,572.5,116955,347.4,-2.00,-0.002030,109810,337.2,-38.43,-0.044647,89419,317.4,-93.68,-0.115539,303.1,-0.000000,247.9,57656,893.7,81109,312.8,0.52,0.000409,82618,310.4,28.68,0.027226,86495,312.3,72.52,0.087949,483.1,0.021240,294.7,66593,347.6,67241,294.2,30.02,0.020651,69504,296.2,45.88,0.038277,88257,312.3,45.89,0.056773
124.09,0.0017985,0.052854,89380,89992,89629,90446,304.6,124.1,0.000000,481.9,494985,1603.2,117357,345.0,0.31,0.000313,112769,340.3,10.15,0.011956,88153,312.9,52.12,0.064291,664.1,0.000000,750.2,472134,577.1,115710,346.4,-2.09,-0.002104,108678,336.1,-40.46,-0.046658,89342,317.4,-93.30,-0.114972,304.1,0.000000,1276.7,56827,889.9,81323,313.0,0.53,0.000412,83465,311.3,29.55,0.028260,86427,312.2,72.96,0.088435,484.1,0.020221,294.1,66228,347.0,66874,293.8,28.72,0.019676,70011,296.8,47.64,0.039957,88170,312.2,46.83,0.057900
125.10,0.0018130,0.052871,89404,89988,89580,90416,304.6,125.1,-0.000000,219.1,490340,1599.2,117474,345.1,0.23,0.000238,113301,340.8,9.08,0.010735,88100,312.8,52.21,0.064385,665.1,0.000000,100.0,487432,581.9,114436,345.3,-2.17,-0.002163,107507,335.0,-42.50,-0.048647,89278,317.5,-92.87,-0.114354,305.1,-0.000000,298.8,55871,885.6,81561,313.3,0.57,0.000449,84357,312.3,30.45,0.029338,86368,312.1,73.36,0.088879,485.1,0.019566,293.7,65871,346.4,66554,293.4,27.87,0.019031,70525,297.4,49.21,0.041489,88088,312.1,47.73,0.058989
126.11,0.0018276,0.052885,89444,90030,89528,90386,304.5,126.1,0.000000,304.7,485831,1595.3,117558,345.2,0.17,0.000173,113828,341.3,8.08,0.009583,88046,312.7,52.30,0.064479,666.1,0.000000,579.6,503451,586.7,113142,344.1,-2.23,-0.002207,106300,333.8,-44.54,-0.050579,89224,317.5,-92.45,-0.113756,306.1,-0.000000,755.0,55069,881.8,81843,313.6,0.67,0.000523,85289,313.3,31.35,0.030441,86312,312.1,73.69,0.089246,486.1,0.019329,293.3,65525,345.8,66299,293.0,27.65,0.018827,71049,298.0,50.56,0.042857,88003,312.0,48.59,0.060010
127.11,0.0018422,0.052898,89501,90034,89490,90354,304.5,127.1,0.000000,100.0,481451,1591.5,117612,345.2,0.11,0.000116,114344,341.7,7.14,0.008497,87992,312.5,52.39,0.064583,667.1,0.000000,180.9,520229,591.6,111834,343.0,-2.28,-0.002239,105062,332.6,-46.53,-0.052421,89174,317.6,-92.02,-0.113140,307.1,0.000000,199.5,54281,878.0,82186,314.0,0.80,0.000631,86251,314.3,32.22,0.031538,86264,312.0,73.96,0.089544,487.1,0.019424,292.8,65196,345.3,66072,292.8,28.10,0.019090,71577,298.7,51.68,0.044044,87919,311.9,49.41,0.060994
128.12,0.0018568,0.052908,89581,90017,89475,90322,304.4,128.1,0.000000,244.6,477195,1587.7,117639,345.3,0.06,0.000065,114841,342.1,6.26,0.007473,87948,312.4,52.51,0.064715,668.1,0.000000,644.3,537807,596.6,110520,341.8,-2.32,-0.002259,103800,331.4,-48.47,-0.054143,89136,317.6,-91.56,-0.112505,308.1,0.000000,390.9,53504,874.2,82608,314.4,0.98,0.000774,87224,315.3,33.04,0.032596,86236,311.9,74.17,0.089781,488.1,0.019914,292.4,64887,344.7,65888,292.5,29.14,0.019757,72104,299.3,52.57,0.045038,87843,311.8,50.25,0.061991
129.12,0.0018713,0.052915,89682,90012,89486,90286,304.4,129.1,-0.000000,358.5,473056,1584.0,117643,345.3,0.02,0.000019,115310,342.5,5.44,0.006514,87923,312.3,52.64,0.064882,669.1,0.000000,679.3,556229,601.8,109203,340.7,-2.36,-0.002273,102519,330.2,-50.31,-0.055721,89116,317.7,-91.07,-0.111840,309.1,-0.000000,100.0,52607,869.9,83127,315.0,1.20,0.000950,88191,316.4,33.79,0.033592,86233,311.9,74.33,0.089973,489.1,0.020787,292.1,64602,344.2,65792,292.4,30.84,0.020888,72623,299.9,53.24,0.045845,87782,311.7,51.11,0.063035
130.13,0.0018859,0.052918,89805,89971,89517,90247,304.5,130.1,0.000000,556.7,469029,1580.3,117626,345.3,-0.02,-0.000020,115743,342.9,4.68,0.005621,87918,312.3,52.79,0.065085,670.1,0.000000,315.1,575540,607.0,107884,339.5,-2.39,-0.002285,101225,328.9,-52.05,-0.057135,89115,317.8,-90.53,-0.111137,310.1,-0.000000,100.0,51858,866.1,83759,315.7,1.45,0.001157,89136,317.4,34.46,0.034519,86262,311.9,74.44,0.090144,490.1,0.022177,292.0,64348,343.7,65783,292.4,33.27,0.022531,73132,300.4,53.71,0.046485,87738,311.6,52.02,0.064132
131.13,0.0019005,0.052914,90053,89889,89588,90204,304.5,131.1,0.000000,351.0,465106,1576.7,117592,345.2,-0.05,-0.000054,116131,343.2,3.99,0.004799,87935,312.2,52.97,0.065331,671.1,0.000000,100.0,595790,612.3,106561,338.3,-2.43,-0.002299,99923,327.6,-53.66,-0.058374,89138,318.0,-89.91,-0.110363,311.1,-0.000000,820.8,51119,862.3,84515,316.5,1.73,0.001386,90046,318.3,35.07,0.035386,86325,311.9,74.53,0.090314,491.1,0.024142,292.0,64131,343.3,65837,292.5,36.44,0.024688,73629,301.0,54.03,0.046997,87714,311.5,52.96,0.065292
132.14,0.0019151,0.052901,90314,89788,89725,90151,304.7,132.1,0.000000,100.0,461282,1573.2,117543,345.2,-0.08,-0.000083,116471,343.5,3.36,0.004051,88005,312.2,53.21,0.065688,672.1,0.000000,506.2,617029,617.8,105228,337.1,-2.47,-0.002321,98619,326.3,-55.13,-0.059430,89214,318.2,-89.16,-0.109468,312.1,-0.000000,261.4,50262,858.0,85396,317.4,2.00,0.001619,90914,319.2,35.65,0.036213,86431,312.0,74.64,0.090546,492.1,0.026599,292.2,63956,342.9,65974,292.7,40.32,0.027354,74116,301.5,54.26,0.047424,87726,311.5,54.02,0.066608
133.07,0.0019285,0.052881,90481,89691,89804,90093,304.7,133.1,0.000000,196.1,457835,1570.0,117488,345.1,-0.10,-0.000102,116742,343.7,2.84,0.003431,88099,312.2,53.44,0.066038,673.1,0.000000,100.0,637557,622.9,103985,335.9,-2.53,-0.002351,97418,325.1,-56.36,-0.060240,89338,318.4,-88.46,-0.108692,313.1,0.000000,177.8,49493,854.1,86311,318.4,2.23,0.001818,91671,320.0,36.17,0.036955,86543,312.0,74.71,0.090729,493.1,0.029354,292.5,63836,342.6,66158,292.9,44.34,0.030140,74558,302.0,54.43,0.047777,87752,311.5,55.01,0.067860
134.08,0.0019431,0.052855,90622,89599,89849,90017,304.8,134.1,-0.000000,100.0,454186,1566.5,117426,345.1,-0.11,-0.000112,116991,343.9,2.34,0.002834,88189,312.2,53.59,0.066284,674.1,0.000000,369.9,660848,628.6,102615,334.7,-2.60,-0.002396,96125,323.8,-57.55,-0.060940,89462,318.6,-87.90,-0.108072,314.1,-0.000000,369.2,48775,850.3,87393,319.5,2.43,0.002003,92440,320.8,36.74,0.037755,86639,312.1,74.61,0.090695,494.1,0.032318,293.0,63753,342.3,66390,293.2,48.85,0.033291,75030,302.6,54.61,0.048153,87765,311.5,55.99,0.069081
135.08,0.0019577,0.052826,90587,89538,89905,89926,304.8,135.1,0.000000,100.0,450621,1563.2,117368,345.0,-0.10,-0.000106,117196,344.1,1.91,0.002315,88270,312.2,53.64,0.066405,675.1,0.000000,100.0,685286,634.4,101215,333.4,-2.69,-0.002454,94845,322.5,-58.59,-0.061459,89547,318.8,-87.47,-0.107567,315.1,0.000000,100.0,47933,845.9,88551,320.7,2.59,0.002149,93160,321.6,37.33,0.038574,86725,312.1,74.35,0.090463,495.1,0.035338,293.6,63716,342.0,66626,293.5,53.17,0.036329,75495,303.1,54.83,0.048568,87766,311.5,56.91,0.070210
136.09,0.0019723,0.052803,90338,89484,89909,89821,304.8,136.1,0.000000,100.0,447133,1559.8,117323,345.0,-0.08,-0.000087,117361,344.3,1.54,0.001872,88339,312.2,53.58,0.066376,676.1,0.000000,315.5,710926,640.2,99779,332.0,-2.79,-0.002523,93582,321.2,-59.48,-0.061805,89594,319.0,-87.07,-0.107068,316.1,-0.000000,1488.7,47343,842.6,89770,322.0,2.70,0.002265,93837,322.3,37.97,0.039431,86810,312.2,73.96,0.090063,496.1,0.038166,294.2,63724,341.8,66878,293.8,57.20,0.039183,75953,303.6,55.15,0.049065,87756,311.5,57.75,0.071247
137.10,0.0019869,0.052791,89925,89442,89852,89703,304.7,137.1,0.000000,624.3,443720,1556.5,117297,345.0,-0.05,-0.000055,117491,344.4,1.24,0.001505,88373,312.2,53.31,0.066070,677.1,0.000000,100.0,737824,646.2,98302,330.6,-2.91,-0.002602,92341,319.9,-60.21,-0.061988,89596,319.2,-86.75,-0.106632,317.1,0.000000,191.4,47756,843.4,91041,323.3,2.79,0.002361,94480,322.9,38.65,0.040332,86871,312.2,73.37,0.089387,497.1,0.040779,294.9,63774,341.6,67150,294.2,60.87,0.041815,76407,304.1,55.57,0.049655,87715,311.5,58.45,0.072073
138.10,0.0020015,0.052798,89399,89446,89767,89578,304.6,138.1,0.000000,162.6,440375,1553.2,117296,345.0,-0.01,-0.000015,117588,344.4,0.99,0.001206,88379,312.2,52.83,0.065485,678.1,0.000000,812.8,766032,652.3,96785,329.1,-3.03,-0.002684,91124,318.7,-60.80,-0.062018,89566,319.3,-86.52,-0.106273,318.1,-0.000000,130.8,49348,849.1,92362,324.6,2.86,0.002451,95095,323.6,39.37,0.041264,86907,312.2,72.57,0.088444,498.1,0.043163,295.6,63861,341.5,67440,294.6,64.15,0.044204,76849,304.5,56.11,0.050349,87639,311.4,59.01,0.072705
139.11,0.0020161,0.052823,88845,89451,89671,89449,304.5,139.1,0.000000,111.8,437094,1550.0,117313,345.0,0.02,0.000024,117659,344.5,0.79,0.000963,88370,312.2,52.16,0.064644,679.1,0.000000,176.8,795609,658.6,95229,327.6,-3.16,-0.002764,89936,317.4,-61.26,-0.061909,89517,319.3,-86.37,-0.106008,319.1,-0.000000,26032.7,52760,862.6,93737,326.0,2.94,0.002541,95690,324.2,40.11,0.042224,86926,312.2,71.61,0.087295,499.1,0.045309,296.3,63984,341.4,67745,295.0,67.04,0.046341,77267,305.0,56.80,0.051170,87537,311.4,59.48,0.073208
140.11,0.0020306,0.052868,88343,89438,89581,89320,304.4,140.1,0.000000,381.9,433872,1546.8,117358,345.0,0.07,0.000071,117707,344.5,0.63,0.000764,88363,312.2,51.30,0.063575,680.1,0.000000,100.0,826615,664.9,93640,326.0,-3.29,-0.002838,88779,316.2,-61.59,-0.061676,89455,319.4,-86.30,-0.105820,320.1,0.000000,331.7,57019,879.2,95164,327.4,3.01,0.002631,96276,324.8,40.86,0.043200,86939,312.3,70.56,0.086012,500.1,0.047221,297.0,64138,341.4,68058,295.4,69.54,0.048228,77652,305.4,57.65,0.052125,87422,311.3,59.92,0.073665
141.12,0.0020452,0.052929,87912,89435,89521,89195,304.4,141.1,0.000000,179.5,430704,1543.7,117429,345.1,0.12,0.000118,117736,344.6,0.49,0.000598,88383,312.2,50.27,0.062312,681.1,0.000000,1343.0,859114,671.3,92025,324.4,-3.40,-0.002901,87654,315.0,-61.80,-0.061333,89392,319.5,-86.25,-0.105662,321.1,0.000000,100.0,61794,896.9,96635,328.8,3.06,0.002705,96856,325.4,41.59,0.044158,86963,312.3,69.46,0.084694,501.1,0.048896,297.7,64321,341.4,68377,295.8,71.67,0.049869,78001,305.7,58.67,0.053221,87309,311.3,60.38,0.074149
142.12,0.0020597,0.053004,87542,89421,89461,89076,304.3,142.1,0.000000,100.0,427582,1540.5,117520,345.2,0.15,0.000157,117744,344.6,0.38,0.000464,88442,312.3,49.04,0.060813,682.1,0.000000,100.0,893168,677.8,90393,322.8,-3.50,-0.002950,86563,313.8,-61.90,-0.060893,89333,319.6,-86.20,-0.105508,322.1,-0.000000,100.0,66960,914.8,98134,330.3,3.08,0.002753,97431,326.0,42.26,0.045053,87001,312.4,68.36,0.083370,502.1,0.050332,298.4,64529,341.4,68701,296.2,73.45,0.051279,78321,306.1,59.83,0.054437,87206,311.3,60.88,0.074683
143.12,0.0020743,0.053090,87221,89380,89403,88965,304.2,143.1,0.000000,100.0,424501,1537.4,117622,345.2,0.18,0.000182,117740,344.6,0.29,0.000348,88538,312.4,47.52,0.058968,683.1,0.000000,315.5,928844,684.4,88755,321.1,-3.59,-0.002981,85505,312.7,-61.90,-0.060367,89274,319.6,-86.15,-0.105360,323.1,0.000120,331.8,72614,932.8,99582,331.6,3.08,0.002779,97998,326.6,42.82,0.045826,87042,312.4,67.23,0.082012,503.1,0.051567,299.0,64761,341.4,69029,296.6,74.93,0.052489,78609,306.4,61.13,0.055769,87110,311.3,61.38,0.075213
144.13,0.0020888,0.053186,86955,89329,89365,88863,304.2,144.1,-0.000000,437.4,421455,1534.3,117725,345.3,0.18,0.000188,117717,344.6,0.20,0.000248,88680,312.6,45.67,0.056734,684.1,0.000000,100.0,966207,691.2,87120,319.4,-3.65,-0.002995,84479,311.6,-61.80,-0.059766,89215,319.7,-86.07,-0.105173,324.1,0.000542,333.0,78394,949.3,100853,332.8,3.13,0.002857,98565,327.2,43.17,0.046392,87092,312.5,66.10,0.080660,504.1,0.052629,299.6,65013,341.5,69362,297.0,76.15,0.053525,78869,306.6,62.57,0.057225,87025,311.3,61.89,0.075759
145.13,0.0021033,0.053289,86751,89274,89345,88771,304.2,145.1,0.000000,1924.1,418441,1531.2,117822,345.4,0.18,0.000180,117677,344.5,0.13,0.000159,88871,312.8,43.48,0.054092,685.1,0.000000,266.6,1005320,698.0,85499,317.7,-3.70,-0.002992,83480,310.5,-61.63,-0.059097,89161,319.8,-85.92,-0.104898,325.1,0.000583,334.2,84205,964.6,102164,334.1,3.21,0.002954,99131,327.7,43.28,0.046692,87156,312.6,65.00,0.079357,505.1,0.053542,300.1,65285,341.6,69703,297.4,77.16,0.054421,79125,306.9,64.16,0.058821,86956,311.3,62.42,0.076338
146.13,0.0021178,0.053397,86591,89224,89337,88689,304.2,146.1,0.000000,840.6,415455,1528.2,117905,345.5,0.15,0.000159,117620,344.5,0.06,0.000073,89100,313.1,40.95,0.051031,686.1,0.000000,479.8,1046247,704.9,83899,316.0,-3.72,-0.002971,82505,309.4,-61.37,-0.058364,89122,319.9,-85.72,-0.104567,326.1,0.000618,335.4,90083,978.8,103478,335.3,3.23,0.002996,99696,328.3,43.14,0.046724,87231,312.7,63.94,0.078104,506.1,0.054342,300.7,65573,341.8,70055,297.9,78.00,0.055213,79357,307.1,65.91,0.060555,86902,311.4,62.96,0.076939
147.13,0.0021323,0.053508,86469,89188,89340,88618,304.2,147.1,0.000000,100.0,412490,1525.1,117971,345.5,0.13,0.000130,117544,344.4,-0.02,-0.000023,89348,313.3,38.11,0.047581,687.1,0.000000,769.3,1089044,711.9,82331,314.3,-3.73,-0.002936,81555,308.4,-61.03,-0.057560,89097,320.0,-85.46,-0.104192,327.1,0.000631,336.6,95754,991.4,104765,336.5,3.17,0.002969,100259,328.9,42.72,0.046451,87312,312.8,62.91,0.076897,507.1,0.055062,301.3,65879,341.9,70421,298.3,78.73,0.055936,79531,307.3,67.78,0.062377,86861,311.5,63.51,0.077548
148.13,0.0021468,0.053622,86396,89159,89353,88558,304.2,148.1,0.000000,941.3,409543,1522.0,118020,345.6,0.10,0.000100,117449,344.3,-0.12,-0.000146,89597,313.6,35.03,0.043824,688.1,0.000000,185.2,1133768,718.9,80799,312.6,-3.71,-0.002887,80626,307.4,-60.57,-0.056669,89083,320.1,-85.16,-0.103769,328.1,0.000624,337.8,101138,1002.4,106010,337.6,3.06,0.002890,100818,329.5,42.00,0.045843,87399,312.9,61.93,0.075738,508.1,0.055735,301.8,66200,342.1,70804,298.8,79.38,0.056615,79607,307.3,69.73,0.064224,86831,311.6,64.05,0.078160
149.13,0.0021613,0.053736,86353,89131,89373,88509,304.2,149.1,-0.000000,315.6,406608,1519.0,118055,345.6,0.07,0.000072,117335,344.2,-0.26,-0.000317,89833,313.8,31.81,0.039870,689.1,0.000000,150.2,1180467,726.1,79310,310.9,-3.68,-0.002826,79710,306.4,-60.04,-0.055711,89078,320.2,-84.80,-0.103284,329.1,0.000605,338.8,106123,1011.7,107209,338.7,2.93,0.002788,101383,330.0,40.99,0.044909,87488,313.0,60.98,0.074630,509.1,0.056368,302.4,66537,342.3,71201,299.3,79.96,0.057254,79606,307.3,71.75,0.066095,86810,311.7,64.59,0.078770
150.13,0.0021758,0.053850,86340,89114,89397,88470,304.2,150.1,-0.000000,100.0,403679,1515.9,118076,345.6,0.04,0.000046,117199,344.1,-0.46,-0.000557,90043,314.1,28.54,0.035829,690.1,0.000000,160.9,1229180,733.3,77869,309.3,-3.64,-0.002754,78806,305.4,-59.40,-0.054679,89078,320.4,-84.39,-0.102736,330.1,0.000392,340.3,110350,1019.0,108432,339.8,2.68,0.002571,101965,330.6,39.72,0.043690,87579,313.2,60.09,0.073573,510.1,0.056994,303.0,66889,342.5,71623,299.8,80.53,0.057907,79539,307.2,73.77,0.067921,86798,311.8,65.12,0.079370
151.13,0.0021903,0.053961,86371,89108,89420,88440,304.2,151.1,0.000000,7273.0,400749,1512.8,118084,345.6,0.02,0.000022,117041,344.0,-0.73,-0.000886,90218,314.3,25.30,0.031802,691.1,0.000000,261.9,1279941,740.6,76479,307.7,-3.58,-0.002675,77913,304.3,-58.65,-0.053554,89084,320.5,-83.92,-0.102136,331.1,0.000027,1014.6,114183,1025.4,109682,340.9,2.30,0.002226,102574,331.2,38.24,0.042234,87667,313.3,59.23,0.072562,511.1,0.055641,303.6,67236,342.7,72468,300.9,79.84,0.057879,79416,307.0,75.70,0.069626,86789,312.0,65.63,0.079947
152.13,0.0022048,0.054070,86418,89119,89444,88420,304.2,152.1,0.000000,637.2,397816,1509.7,118081,345.6,0.00,0.000001,116860,343.8,-1.09,-0.001317,90355,314.4,22.14,0.027864,692.1,0.000000,209.3,1332857,749.3,75142,306.2,-3.51,-0.002589,77033,303.4,-57.78,-0.052328,89094,320.6,-83.41,-0.101482,332.1,-0.000138,1014.6,117058,1029.6,110921,342.2,1.85,0.001805,103220,331.9,36.59,0.040582,87750,313.5,58.41,0.071595,512.1,0.058212,304.2,67619,343.0,72797,301.3,81.14,0.059007,79246,306.8,77.46,0.071144,86783,312.1,66.12,0.080494
153.13,0.0022193,0.054176,86429,89133,89465,88407,304.2,153.1,-0.000000,100.0,394879,1506.6,118070,345.6,-0.02,-0.000016,116657,343.7,-1.54,-0.001857,90458,314.5,19.11,0.024063,693.1,0.000000,129.1,1388696,757.2,73861,304.7,-3.42,-0.002497,76166,302.4,-56.76,-0.050997,89109,320.8,-82.86,-0.100786,333.1,-0.000301,1015.0,119820,1033.4,112161,343.6,1.35,0.001323,103908,332.6,34.79,0.038768,87826,313.6,57.64,0.070672,513.1,0.058949,305.0,68020,343.3,73220,301.8,82.05,0.059919,79046,306.5,79.03,0.072464,86777,312.3,66.58,0.081009
154.13,0.0022338,0.054280,86405,89140,89486,88403,304.3,154.1,-0.000000,100.0,391936,1503.5,118051,345.6,-0.03,-0.000031,116435,343.5,-2.08,-0.002503,90532,314.6,16.20,0.020412,694.1,0.000000,298.2,1448675,766.2,72638,303.2,-3.33,-0.002401,75317,301.4,-55.61,-0.049560,89127,320.9,-82.29,-0.100072,334.1,-0.000491,1015.4,122215,1036.3,113413,345.3,0.79,0.000782,104637,333.3,32.88,0.036823,87895,313.8,56.90,0.069789,514.1,0.057442,305.8,68413,343.6,74071,302.8,81.51,0.060006,78833,306.3,80.41,0.073600,86771,312.5,67.02,0.081494
155.13,0.0022482,0.054384,86397,89141,89505,88407,304.3,155.1,0.000000,100.0,388987,1500.4,118025,345.6,-0.04,-0.000045,116197,343.3,-2.70,-0.003245,90588,314.7,13.41,0.016896,695.1,0.000000,100.0,1514151,776.9,71474,301.8,-3.23,-0.002301,74487,300.5,-54.31,-0.048020,89147,321.0,-81.71,-0.099347,335.1,-0.000708,1016.0,124080,1038.1,114677,347.2,0.17,0.000169,105403,334.0,30.91,0.034784,87957,313.9,56.20,0.068945,515.1,0.060071,306.6,68844,343.9,74499,303.3,82.61,0.061068,78624,306.0,81.61,0.074564,86763,312.6,67.45,0.081961
156.13,0.0022627,0.054486,86447,89122,89522,88419,304.3,156.1,-0.000000,310.7,386029,1497.2,117992,345.6,-0.06,-0.000058,115950,343.1,-3.38,-0.004064,90639,314.8,10.68,0.013465,696.1,0.000000,324.7,1586592,789.8,70368,300.5,-3.12,-0.002199,73679,299.5,-52.87,-0.046383,89166,321.2,-81.12,-0.098612,336.1,-0.000953,1016.8,125332,1038.6,115947,349.5,-0.53,-0.000530,106195,334.8,28.90,0.032694,88015,314.1,55.53,0.068135,516.1,0.058615,307.4,69270,344.2,75413,304.4,82.04,0.061160,78428,305.7,82.63,0.075367,86755,312.8,67.87,0.082414
157.13,0.0022772,0.054583,86572,89083,89538,88441,304.3,157.1,-0.000000,100.0,383055,1494.0,117951,345.5,-0.07,-0.000072,115697,342.8,-4.11,-0.004936,90692,314.9,7.97,0.010054,697.1,0.000000,100.0,1667567,805.6,69320,299.2,-3.01,-0.002096,72895,298.6,-51.30,-0.044659,89183,321.3,-80.52,-0.097868,337.1,-0.001228,1017.6,126310,1038.5,117209,352.0,-1.33,-0.001332,106998,335.5,26.90,0.030598,88070,314.3,54.89,0.067350,517.1,0.061293,308.3,69733,344.6,75867,305.0,83.25,0.062331,78256,305.5,83.48,0.076026,86745,313.0,68.28,0.082851
158.12,0.0022917,0.054673,86753,89031,89564,88469,304.3,158.1,0.000000,1120.5,380069,1490.8,117902,345.5,-0.08,-0.000087,115443,342.6,-4.87,-0.005832,90758,315.0,5.24,0.006607,698.1,0.000000,511.0,1758722,824.7,68329,298.0,-2.89,-0.001994,72136,297.7,-49.60,-0.042858,89199,321.4,-79.89,-0.097091,338.1,-0.001535,1018.6,126628,1037.1,118440,354.9,-2.24,-0.002245,107797,336.3,24.96,0.028539,88127,314.4,54.27,0.066597,518.1,0.059827,309.2,70191,345.0,76815,306.1,82.66,0.062430,78116,305.3,84.19,0.076578,86736,313.2,68.70,0.083286
159.12,0.0023061,0.054755,86985,88975,89603,88504,304.4,159.1,0.000000,772.2,377074,1487.6,117843,345.4,-0.10,-0.000105,115191,342.4,-5.62,-0.006722,90804,315.0,2.34,0.002956,699.1,0.000000,277.9,1861745,847.8,67392,296.8,-2.77,-0.001893,71403,296.9,-47.79,-0.040997,89219,321.5,-79.21,-0.096256,339.1,-0.001873,1019.6,126278,1034.4,119618,358.1,-3.25,-0.003269,108578,337.0,23.10,0.026546,88193,314.6,53.68,0.065886,519.1,0.062522,310.0,70688,345.4,77289,306.6,83.79,0.063574,78018,305.2,84.79,0.077062,86732,313.5,69.12,0.083738
160.12,0.0023206,0.054824,87402,88923,89626,88545,304.4,160.1,-0.000000,434.6,374068,1484.3,117772,345.4,-0.12,-0.000127,114945,342.2,-6.35,-0.007580,90535,314.7,-1.36,-0.001715,700.1,0.000000,572.7,1978335,875.1,66509,295.7,-2.65,-0.001795,70696,296.1,-45.90,-0.039089,89247,321.6,-78.46,-0.095339,340.1,-0.002240,1020.7,125578,1031.0,120720,361.6,-4.38,-0.004395,109332,337.7,21.33,0.024627,88268,314.8,53.11,0.065197,520.1,0.060901,310.9,71178,345.8,78212,307.7,83.19,0.063645,77964,305.1,85.32,0.077515,86731,313.7,69.56,0.084202
161.12,0.0023351,0.054877,87801,88885,89614,88586,304.4,161.1,-0.000000,100.0,371051,1481.1,117684,345.3,-0.15,-0.000156,114707,342.0,-7.03,-0.008382,90427,314.6,-4.79,-0.006028,701.1,0.000000,225.2,2110127,907.2,65676,294.6,-2.54,-0.001700,70015,295.3,-43.93,-0.037154,89256,321.7,-77.73,-0.094442,341.1,-0.002636,1021.6,124331,1026.5,121727,365.6,-5.60,-0.005603,110060,338.4,19.63,0.022770,88321,315.0,52.45,0.064384,521.1,0.061324,311.8,71682,346.2,79216,308.9,82.32,0.063545,77957,305.1,85.80,0.077945,86712,313.9,69.94,0.084580
162.12,0.0023496,0.054918,87963,88861,89573,88624,304.3,162.1,-0.000000,777.2,368023,1477.8,117573,345.2,-0.19,-0.000196,114482,341.8,-7.65,-0.009111,90403,314.6,-8.28,-0.010422,702.1,0.000000,155.4,2258611,944.3,64890,293.6,-2.42,-0.001610,69358,294.5,-41.91,-0.035209,89241,321.7,-77.01,-0.093537,342.1,-0.003058,1022.4,122593,1021.1,122630,370.1,-6.89,-0.006868,110765,339.0,17.98,0.020953,88352,315.2,51.70,0.063437,522.1,0.063832,312.5,72224,346.7,79571,309.2,83.27,0.064490,77998,305.1,86.19,0.078339,86673,314.2,70.27,0.084878
163.12,0.0023640,0.054954,88105,88850,89502,88660,304.2,163.1,-0.000000,100.0,364976,1474.4,117432,345.1,-0.24,-0.000249,114272,341.6,-8.20,-0.009757,90393,314.6,-11.97,-0.015061,703.1,0.000000,303.5,2425095,986.6,64149,292.6,-2.31,-0.001526,68722,293.7,-39.87,-0.033273,89195,321.7,-76.30,-0.092621,343.1,-0.002958,368.8,121061,1015.9,121792,369.7,-5.11,-0.005061,111456,339.7,16.36,0.019148,88356,315.4,50.82,0.062326,523.1,0.061830,313.4,72755,347.2,80481,310.3,82.31,0.064260,78083,305.2,86.51,0.078688,86611,314.4,70.54,0.085077
164.12,0.0023785,0.054985,88161,88855,89411,88691,304.2,164.1,-0.000000,573.0,361909,1471.1,117252,344.9,-0.31,-0.000316,114079,341.5,-8.68,-0.010315,90362,314.6,-15.83,-0.019906,704.1,0.000000,354.6,2610590,1034.3,63448,291.7,-2.21,-0.001446,68105,293.0,-37.83,-0.031364,89117,321.7,-75.58,-0.091666,344.1,-0.001746,368.4,120333,1012.3,120902,368.9,-3.56,-0.003513,112146,340.3,14.75,0.017333,88335,315.6,49.82,0.061054,524.1,0.061839,314.1,73296,347.6,81373,311.3,81.05,0.063761,78208,305.3,86.73,0.078984,86526,314.7,70.75,0.085178
165.12,0.0023930,0.055017,88004,88888,89312,88720,304.1,165.1,0.000000,137.9,358081,1467.0,117026,344.7,-0.39,-0.000399,113904,341.3,-9.09,-0.010789,90309,314.5,-19.81,-0.024909,705.1,0.000000,670.3,2815730,1087.2,62786,290.9,-2.11,-0.001371,67504,292.2,-35.81,-0.029500,89018,321.7,-74.80,-0.090635,345.1,-0.000960,368.1,120194,1009.8,120218,368.3,-2.37,-0.002325,112846,340.9,13.12,0.015493,88295,315.8,48.73,0.059651,525.1,0.063904,314.8,73869,348.1,81637,311.6,81.57,0.064328,78373,305.5,86.84,0.079213,86424,315.0,70.92,0.085207
166.12,0.0024075,0.055057,87751,88940,89220,88748,304.0,166.1,0.000000,680.4,354089,1462.8,116746,344.5,-0.49,-0.000496,113746,341.2,-9.43,-0.011183,90237,314.4,-23.86,-0.029978,706.1,0.000000,366.5,3040721,1145.4,62161,290.0,-2.02,-0.001300,66917,291.5,-33.83,-0.027696,88906,321.6,-73.94,-0.089494,346.1,-0.001983,1014.2,120856,1008.8,120760,370.5,-3.82,-0.003743,113566,341.6,11.49,0.013624,88254,316.0,47.57,0.058171,526.1,0.061367,315.5,74426,348.6,82402,312.4,80.21,0.063668,78574,305.7,86.94,0.079448,86304,315.2,71.06,0.085187
167.12,0.0024220,0.055105,87498,88967,89146,88778,303.9,167.1,0.000000,100.0,350037,1458.6,116407,344.2,-0.59,-0.000602,113602,341.0,-9.72,-0.011508,90155,314.3,-27.87,-0.035004,707.1,0.000000,485.3,3285271,1208.5,61572,289.2,-1.92,-0.001230,66342,290.8,-31.91,-0.025965,88788,321.5,-72.90,-0.088143,347.1,-0.003381,1013.5,122131,1008.9,122046,375.0,-6.23,-0.006098,114310,342.2,9.85,0.011732,88229,316.2,46.38,0.056661,527.1,0.060893,316.1,74987,349.1,83134,313.3,78.67,0.062837,78817,306.0,87.00,0.079673,86183,315.5,71.21,0.085175
168.11,0.0024364,0.055160,87297,88994,89092,88813,303.8,168.1,-0.000000,141.9,345935,1454.2,116008,343.9,-0.70,-0.000711,113473,340.9,-9.94,-0.011769,90070,314.2,-31.79,-0.039890,708.1,0.000000,5065.3,3548576,1276.2,61019,288.5,-1.82,-0.001160,65776,290.1,-30.07,-0.024316,88680,321.4,-71.66,-0.086561,348.1,-0.004634,1013.6,123585,1009.4,123606,381.3,-9.13,-0.008902,115082,342.9,8.20,0.009820,88225,316.5,45.19,0.055154,528.1,0.060281,316.6,75551,349.6,83834,314.1,77.04,0.061897,79076,306.3,86.96,0.079819,86078,315.8,71.43,0.085251
169.11,0.0024509,0.055221,87211,89018,89059,88855,303.8,169.1,0.000000,322.5,341783,1449.7,115553,343.5,-0.81,-0.000818,113357,340.8,-10.12,-0.011973,89981,314.1,-35.55,-0.044583,709.1,0.000000,245.4,3829303,1348.1,60503,287.8,-1.72,-0.001087,65221,289.4,-28.31,-0.022754,88593,321.4,-70.23,-0.084769,349.1,-0.005665,385.6,124940,1009.6,124694,387.7,-11.42,-0.011048,115899,343.6,6.51,0.007832,88241,316.7,43.99,0.053663,529.1,0.059566,329.2,76117,350.2,84519,314.8,75.34,0.060876,79362,306.6,86.82,0.079901,85997,316.1,71.72,0.085435
170.11,0.0024654,0.055281,87201,89038,89040,88904,303.8,170.1,0.000000,446.9,337583,1445.2,115048,343.1,-0.90,-0.000913,113254,340.7,-10.26,-0.012127,89888,314.0,-39.10,-0.049010,710.1,0.000000,514.2,4125575,1423.6,60027,287.1,-1.61,-0.001010,64677,288.8,-26.64,-0.021280,88527,321.3,-68.62,-0.082782,350.1,-0.006638,1013.3,125903,1009.2,125864,395.8,-14.13,-0.013511,116792,344.3,4.67,0.005653,88277,317.0,42.80,0.052189,530.1,0.060853,317.6,76708,350.7,84607,314.9,75.41,0.060991,79683,307.0,86.64,0.079960,85939,316.4,72.05,0.085698
171.11,0.0024798,0.055342,87195,89059,89035,88959,303.8,171.1,-0.000000,186.6,333338,1440.6,114504,342.6,-0.99,-0.000993,113159,340.6,-10.36,-0.012237,89807,313.9,-42.43,-0.053140,711.1,0.000000,100.0,4434959,1502.2,59593,286.6,-1.48,-0.000928,64145,288.1,-25.05,-0.019893,88479,321.3,-66.86,-0.080613,351.1,-0.007334,399.8,126447,1008.0,126214,402.7,-15.34,-0.014460,117773,345.2,2.64,0.003208,88334,317.2,41.60,0.050717,531.1,0.057919,318.1,77277,351.2,85224,315.5,73.81,0.060002,80048,307.4,86.43,0.080023,85900,316.6,72.41,0.086014
172.11,0.0024943,0.055400,87249,89086,89047,89022,303.8,172.1,-0.000000,100.0,329057,1436.0,113931,342.1,-1.05,-0.001051,113076,340.6,-10.42,-0.012303,89747,313.9,-45.52,-0.056991,712.1,0.000000,831.1,4754517,1583.3,59203,286.0,-1.35,-0.000838,63627,287.4,-23.55,-0.018589,88448,321.3,-64.93,-0.078264,352.1,-0.007875,406.9,126589,1006.0,126464,410.2,-16.49,-0.015291,118767,346.0,0.52,0.000640,88417,317.4,40.37,0.049236,532.1,0.057025,318.7,77847,351.7,85844,316.2,72.24,0.059029,80459,307.9,86.20,0.080103,85871,316.9,72.80,0.086376
173.10,0.0025088,0.055455,87380,89120,89072,89091,303.8,173.1,0.000000,102.8,324762,1431.2,113345,341.6,-1.09,-0.001085,113005,340.5,-10.44,-0.012314,89707,313.8,-48.40,-0.060579,713.1,0.000000,100.0,5080868,1666.1,58861,285.5,-1.20,-0.000743,63127,286.8,-22.11,-0.017359,88442,321.3,-62.87,-0.075784,353.1,-0.008102,1010.1,126374,1003.5,126401,416.9,-17.03,-0.015527,119621,346.7,-1.37,-0.001681,88520,317.7,39.11,0.047721,533.1,0.056129,319.2,78419,352.2,86473,316.9,70.70,0.058072,80898,308.4,85.91,0.080145,85850,317.1,73.22,0.086794
174.10,0.0025232,0.055503,87560,89159,89108,89165,303.9,174.1,-0.000000,100.0,320454,1426.5,112759,341.1,-1.10,-0.001093,112941,340.5,-10.41,-0.012284,89680,313.8,-51.07,-0.063912,714.1,0.000000,427.6,5410254,1750.1,58569,285.1,-1.04,-0.000642,62646,286.2,-20.75,-0.016196,88453,321.3,-60.71,-0.073179,354.1,-0.008025,418.6,125878,1000.4,125792,421.8,-16.22,-0.014551,120206,347.2,-2.79,-0.003442,88639,317.9,37.80,0.046151,534.1,0.055241,319.8,78991,352.8,87100,317.5,69.23,0.057158,81359,308.9,85.57,0.080142,85836,317.3,73.68,0.087267
175.10,0.0025377,0.055543,87773,89200,89168,89244,304.0,175.1,-0.000000,100.0,316135,1421.6,112186,340.6,-1.09,-0.001076,112886,340.4,-10.34,-0.012195,89643,313.7,-53.59,-0.067040,715.1,0.000000,100.0,5738633,1834.5,58327,284.8,-0.88,-0.000539,62188,285.6,-19.43,-0.015089,88459,321.3,-58.48,-0.070497,355.1,-0.007849,1006.4,125183,997.0,125441,427.0,-15.96,-0.014103,120504,347.4,-3.73,-0.004614,88745,318.1,36.37,0.044425,535.1,0.054373,320.3,79566,353.3,87728,318.2,67.81,0.056277,81833,309.4,85.15,0.080076,85813,317.4,74.10,0.087709
176.10,0.0025521,0.055575,88012,89246,89226,89326,304.1,176.1,-0.000000,100.0,311806,1416.7,111638,340.1,-1.05,-0.001038,112839,340.4,-10.22,-0.012051,89603,313.7,-55.87,-0.069879,716.1,0.000000,100.0,6061776,1918.6,58134,284.5,-0.71,-0.000436,61755,285.1,-18.15,-0.014025,88474,321.3,-56.15,-0.067703,356.1,-0.007122,427.1,124423,993.4,124593,429.9,-14.29,-0.012456,120580,347.5,-4.36,-0.005391,88869,318.2,34.86,0.042623,536.1,0.053520,320.9,80143,353.8,88359,318.8,66.44,0.055420,82316,309.9,84.65,0.079936,85796,317.5,74.55,0.088209
177.10,0.0025666,0.055597,88259,89303,89289,89409,304.2,177.1,0.000000,160.9,307467,1411.8,111124,339.7,-1.00,-0.000980,112797,340.3,-10.05,-0.011841,89566,313.7,-57.91,-0.072405,717.1,0.000000,158.7,6375370,2001.7,57989,284.3,-0.55,-0.000337,61351,284.5,-16.89,-0.012990,88499,321.3,-53.75,-0.064816,357.1,-0.006238,429.5,123685,990.0,123604,431.7,-12.26,-0.010554,120534,347.4,-4.84,-0.005989,89010,318.4,33.27,0.040735,537.1,0.052671,321.5,80723,354.3,88985,319.5,65.13,0.054606,82799,310.5,84.04,0.079690,85785,317.5,75.03,0.088759
178.09,0.0025811,0.055611,88493,89371,89357,89491,304.3,178.1,0.000000,111.5,303119,1406.8,110651,339.3,-0.93,-0.000908,112754,340.3,-9.81,-0.011558,89537,313.6,-59.70,-0.074622,718.1,0.000000,479.6,6675129,2083.3,57885,284.2,-0.40,-0.000246,60980,284.1,-15.63,-0.011969,88534,321.3,-51.27,-0.061848,358.1,-0.005743,431.9,122802,986.2,122920,433.9,-10.94,-0.009325,120408,347.3,-5.36,-0.006626,89162,318.5,31.61,0.038753,538.1,0.051842,322.1,81306,354.9,89621,320.1,63.84,0.053795,83276,311.0,83.32,0.079319,85781,317.5,75.52,0.089337
179.09,0.0025956,0.055616,88694,89451,89430,89571,304.5,179.1,0.000000,510.4,298764,1401.8,110224,338.9,-0.85,-0.000827,112699,340.2,-9.51,-0.011206,89517,313.6,-61.25,-0.076540,719.1,0.000000,100.0,6956903,2162.6,57818,284.1,-0.27,-0.000166,60644,283.6,-14.35,-0.010947,88578,321.4,-48.73,-0.058816,359.1,-0.004764,433.3,121957,982.6,122035,434.8,-9.22,-0.007781,120332,347.3,-6.01,-0.007431,89317,318.6,29.89,0.036696,539.1,0.051009,322.7,81893,355.4,90257,320.7,62.59,0.053010,83748,311.6,82.46,0.078810,85785,317.5,76.00,0.089929
180.09,0.0026100,0.055614,88860,89536,89496,89648,304.6,180.1,-0.000000,100.0,294402,1396.7,109843,338.6,-0.76,-0.000741,112623,340.2,-9.17,-0.010791,89505,313.6,-62.56,-0.078174,0.1,0.000000,929.2,7216794,2239.2,57780,284.0,-0.17,-0.000101,60347,283.2,-13.04,-0.009909,88631,321.4,-46.17,-0.055746,360.1,-0.004240,434.6,120992,978.8,121482,436.1,-8.21,-0.006878,120328,347.2,-7.04,-0.008703,89465,318.6,28.14,0.034593,540.1,0.048334,333.1,82462,355.9,91380,321.9,60.01,0.051267,84216,312.1,81.47,0.078172,85795,317.4,76.48,0.090512
181.09,0.0026245,0.055607,88991,89648,89553,89721,304.7,181.1,-0.000000,181.8,290035,1391.5,109509,338.3,-0.67,-0.000655,112518,340.1,-8.78,-0.010328,89496,313.7,-63.67,-0.079545,1.1,0.000000,3264.0,7451261,2312.4,57763,284.0,-0.09,-0.000053,60090,282.9,-11.67,-0.008844,88685,321.4,-43.59,-0.052658,361.1,-0.003105,435.1,120099,975.1,120724,436.3,-6.59,-0.005482,120592,347.4,-8.73,-0.010812,89595,318.7,26.39,0.032483,541.1,0.049388,323.9,83056,356.5,91991,322.5,58.94,0.050603,84689,312.6,80.38,0.077427,85809,317.3,76.91,0.091059
182.09,0.0026390,0.055596,89091,89751,89609,89791,304.8,182.1,-0.000000,304.0,285664,1386.3,109220,338.0,-0.59,-0.000571,112377,339.9,-8.36,-0.009825,89489,313.7,-64.58,-0.080669,2.1,0.000000,100.0,7657216,2381.8,57758,284.0,-0.04,-0.000021,59874,282.6,-10.25,-0.007744,88739,321.5,-41.01,-0.049563,362.1,-0.002116,435.1,119222,971.4,119839,435.3,-4.43,-0.003664,121261,348.0,-11.21,-0.013938,89701,318.7,24.69,0.030425,542.1,0.048587,324.5,83655,357.0,92609,323.1,57.93,0.049976,85172,313.2,79.20,0.076594,85830,317.2,77.28,0.091541
183.09,0.0026535,0.055583,89167,89821,89674,89856,305.0,183.1,0.000000,291.4,281291,1381.0,108972,337.8,-0.51,-0.000492,112198,339.8,-7.91,-0.009290,89488,313.7,-65.30,-0.081554,3.1,0.000000,225.4,7832104,2446.9,57758,284.0,-0.01,-0.000005,59697,282.4,-8.77,-0.006611,88794,321.5,-38.42,-0.046459,363.1,-0.001302,433.8,118297,967.6,119110,434.6,-2.00,-0.001651,122045,348.6,-14.01,-0.017493,89780,318.7,23.10,0.028498,543.1,0.047807,325.2,84258,357.6,93243,323.7,56.96,0.049376,85670,313.7,77.95,0.075688,85860,317.2,77.59,0.091969
184.09,0.0026680,0.055566,89224,89882,89748,89916,305.1,184.1,-0.000000,100.0,276918,1375.7,108762,337.6,-0.43,-0.000418,111977,339.6,-7.45,-0.008738,89498,313.8,-65.83,-0.082211,4.1,0.000000,113.7,7973974,2507.3,57754,284.0,-0.01,-0.000008,59558,282.2,-7.24,-0.005453,88852,321.5,-35.81,-0.043332,364.1,0.000682,433.7,117629,963.4,118322,433.8,0.21,0.000174,122616,349.0,-16.33,-0.020456,89841,318.6,21.67,0.026755,544.1,0.047046,325.9,84867,358.2,93897,324.4,56.00,0.048794,86185,314.3,76.64,0.074731,85907,317.1,77.88,0.092385
185.09,0.0026825,0.055549,89264,89935,89777,89972,305.1,185.1,0.000000,100.0,272546,1370.3,108588,337.5,-0.36,-0.000349,111714,339.4,-6.99,-0.008187,89568,313.9,-65.88,-0.082301,5.1,0.000000,104.0,8081523,2562.6,57742,284.0,-0.04,-0.000022,59450,282.0,-5.70,-0.004284,88999,321.7,-32.87,-0.039820,365.1,0.002131,433.0,116824,957.0,117614,433.0,2.08,0.001697,122866,349.2,-17.95,-0.022525,89999,318.7,20.68,0.025570,545.1,0.044553,335.4,85461,358.7,95035,325.5,53.82,0.047295,86726,314.9,75.31,0.073749,86071,317.1,78.37,0.093140
186.09,0.0026970,0.055530,89313,89963,89853,90022,305.2,186.1,0.000000,324.5,268178,1364.8,108447,337.3,-0.29,-0.000285,111407,339.1,-6.56,-0.007663,89665,314.1,-65.86,-0.082327,6.1,0.000000,181.4,8154119,2612.7,57715,283.9,-0.08,-0.000050,59369,281.9,-4.16,-0.003127,89159,321.8,-30.02,-0.036414,366.1,0.003585,432.1,115926,948.6,116916,432.0,3.87,0.003148,122903,349.2,-19.06,-0.023928,90140,318.7,19.74,0.024447,546.1,0.045587,327.2,86082,359.3,95663,326.1,53.06,0.046852,87294,315.5,73.96,0.072763,86225,317.1,78.71,0.093704
187.09,0.0027115,0.055508,89491,89975,89950,90069,305.3,187.1,-0.000000,100.0,263824,1359.3,108339,337.2,-0.23,-0.000223,111056,338.8,-6.17,-0.007194,89757,314.2,-65.83,-0.082332,7.1,0.000000,433.3,8191809,2657.2,57670,283.9,-0.14,-0.000086,59309,281.9,-2.67,-0.002004,89280,321.9,-27.28,-0.033126,367.1,0.005066,430.9,114952,938.3,116199,430.8,5.67,0.004596,122791,349.1,-19.62,-0.024613,90231,318.7,18.87,0.023392,547.1,0.044847,327.9,86709,359.9,96305,326.7,52.27,0.046375,87890,316.2,72.62,0.071776,86350,317.1,78.89,0.094074
188.09,0.0027260,0.055478,89701,89990,90045,90108,305.4,188.1,-0.000000,100.0,259502,1353.8,108263,337.2,-0.17,-0.000161,110662,338.4,-5.86,-0.006808,89836,314.4,-65.71,-0.082216,8.1,0.000000,659.3,8195278,2696.1,57606,283.8,-0.20,-0.000124,59264,281.8,-1.26,-0.000941,89373,322.0,-24.52,-0.029802,368.1,0.006608,429.8,113910,926.3,115427,429.3,7.53,0.006088,122416,348.7,-19.77,-0.024749,90312,318.7,18.09,0.022441,548.1,0.042357,336.9,87322,360.5,97414,327.8,50.22,0.044926,88508,316.8,71.26,0.070785,86469,317.0,79.00,0.094346
189.09,0.0027405,0.055446,89651,90017,90087,90139,305.4,189.1,0.000000,553.6,255212,1348.3,108221,337.1,-0.10,-0.000098,110227,338.0,-5.63,-0.006532,89888,314.5,-65.52,-0.082000,9.1,0.000000,729.4,8165824,2729.3,57525,283.7,-0.26,-0.000160,59233,281.8,0.03,0.000026,89448,322.0,-21.76,-0.026465,369.1,0.008729,427.6,112939,912.4,114426,427.3,9.86,0.007938,121914,348.3,-19.72,-0.024621,90376,318.7,17.32,0.021514,549.1,0.043096,329.4,87959,361.0,98015,328.3,49.46,0.044438,89143,317.5,69.91,0.069785,86571,316.9,78.98,0.094463
190.09,0.0027550,0.055417,89536,90062,90105,90163,305.4,190.1,-0.000000,161.7,250956,1342.7,108212,337.1,-0.04,-0.000035,109762,337.6,-5.51,-0.006368,89917,314.6,-65.33,-0.081761,10.1,0.000000,100.0,8105294,2756.9,57431,283.5,-0.31,-0.000190,59208,281.7,1.18,0.000886,89498,322.1,-19.06,-0.023191,370.1,0.010203,425.6,111909,897.2,113503,425.2,11.84,0.009508,121304,347.8,-19.22,-0.023912,90412,318.6,16.54,0.020547,550.1,0.040475,330.1,88581,361.6,99041,329.3,47.48,0.042982,89792,318.2,68.54,0.068770,86640,316.8,78.74,0.094308
191.09,0.0027695,0.055394,89362,90075,90114,90182,305.4,191.1,0.000000,479.5,246735,1337.1,108231,337.1,0.02,0.000020,109277,337.2,-5.47,-0.006308,89935,314.7,-65.15,-0.081529,11.1,0.000000,294.9,8016010,2778.9,57329,283.4,-0.34,-0.000209,59185,281.7,2.17,0.001629,89531,322.1,-16.39,-0.019955,371.1,0.011663,423.4,110834,881.1,112582,422.9,13.66,0.010941,120539,347.1,-18.38,-0.022764,90432,318.5,15.72,0.019544,551.1,0.041024,330.8,89224,362.2,99594,329.8,46.60,0.042356,90448,318.9,67.17,0.067736,86700,316.6,78.33,0.093941
192.09,0.0027840,0.055378,89155,90130,90091,90198,305.4,192.1,0.000000,404.9,242551,1331.5,108278,337.2,0.08,0.000074,108780,336.8,-5.53,-0.006349,89939,314.7,-64.99,-0.081313,12.1,0.000000,100.0,7900670,2795.6,57231,283.3,-0.34,-0.000207,59161,281.7,3.00,0.002250,89543,322.1,-13.78,-0.016773,372.1,0.013092,421.0,109712,864.3,111631,420.4,15.40,0.012304,119704,346.4,-17.30,-0.021323,90443,318.4,14.84,0.018459,552.1,0.038344,331.5,89853,362.8,100523,330.7,44.64,0.040843,91111,319.6,65.79,0.066681,86757,316.4,77.76,0.093368
193.09,0.0027984,0.055370,88951,90201,90052,90213,305.3,193.1,0.000000,431.1,238405,1325.9,108350,337.2,0.13,0.000123,108266,336.3,-5.71,-0.006540,89923,314.8,-64.85,-0.081108,13.1,0.000000,1024.7,7762233,2807.1,57144,283.1,-0.31,-0.000189,59139,281.6,3.67,0.002751,89529,322.0,-11.21,-0.013651,373.1,0.014497,418.3,108547,846.9,110638,417.7,17.12,0.013637,118844,345.6,-16.15,-0.019800,90444,318.3,13.85,0.017235,553.1,0.037203,332.1,90483,363.4,101409,331.5,42.68,0.039294,91777,320.3,64.40,0.065607,86811,316.2,77.00,0.092573
194.09,0.0028129,0.055369,88786,90281,90021,90229,305.3,194.1,-0.000000,674.0,234297,1320.2,108438,337.3,0.16,0.000158,107734,335.8,-6.03,-0.006877,89896,314.9,-64.71,-0.080904,14.1,0.000000,100.0,7603807,2813.9,57076,283.0,-0.25,-0.000153,59121,281.6,4.20,0.003146,89501,322.0,-8.65,-0.010529,374.1,0.015899,415.5,107340,829.2,109601,414.8,18.84,0.014974,117994,344.9,-14.96,-0.018254,90450,318.2,12.74,0.015858,554.1,0.037436,332.7,91132,364.0,101852,331.9,41.73,0.038549,92445,321.0,63.00,0.064514,86871,316.0,76.10,0.091613
195.09,0.0028274,0.055373,88681,90342,90009,90248,305.3,195.1,0.000000,444.9,230229,1314.5,108534,337.4,0.18,0.000175,107190,335.3,-6.47,-0.007350,89871,314.9,-64.57,-0.080686,15.1,0.000000,431.3,7428545,2816.2,57035,283.0,-0.17,-0.000102,59111,281.6,4.62,0.003455,89477,322.0,-6.05,-0.007362,375.1,0.017260,412.5,106149,811.4,108542,411.7,20.55,0.016301,117161,344.2,-13.76,-0.016706,90482,318.2,11.48,0.014300,555.1,0.034734,333.3,91766,364.6,102638,332.6,39.85,0.037016,93114,321.7,61.61,0.063405,86946,315.8,75.12,0.090566
196.09,0.0028419,0.055379,88642,90388,90025,90271,305.3,196.1,0.000000,100.0,226200,1308.8,108624,337.5,0.18,0.000171,106638,334.9,-7.02,-0.007948,89859,315.0,-64.40,-0.080444,16.1,0.000000,387.9,7239553,2814.5,57027,283.0,-0.06,-0.000036,59111,281.6,4.94,0.003701,89466,322.0,-3.37,-0.004096,376.1,0.018565,409.3,104982,793.8,107484,408.4,22.23,0.017599,116344,343.5,-12.54,-0.015156,90558,318.1,10.03,0.012495,556.1,0.017526,337.0,92212,365.1,106908,336.5,30.56,0.029221,93785,322.4,60.21,0.062283,87037,315.6,74.13,0.089513
197.09,0.0028564,0.055386,88659,90431,90078,90298,305.3,197.1,-0.000000,2057.0,222211,1303.1,108697,337.5,0.15,0.000144,106081,334.3,-7.67,-0.008655,89870,315.1,-64.19,-0.080168,17.1,0.000000,202.2,7039814,2809.2,57047,283.0,0.04,0.000025,59126,281.6,5.21,0.003903,89444,321.9,-0.64,-0.000773,377.1,0.019806,406.0,103832,776.5,106444,405.1,23.85,0.018852,115543,342.8,-11.31,-0.013597,90694,318.2,8.29,0.010349,557.1,0.025930,337.3,92775,365.7,107485,337.0,28.82,0.027664,94456,323.1,58.82,0.061147,87142,315.4,73.20,0.088551
198.09,0.0028709,0.055391,88705,90458,90137,90330,305.4,198.1,-0.000000,100.0,218262,1297.4,108741,337.6,0.10,0.000097,105524,333.8,-8.42,-0.009459,89907,315.2,-63.92,-0.079839,18.1,0.000000,100.0,6832133,2800.7,57108,283.1,0.18,0.000109,59164,281.7,5.46,0.004087,89366,321.8,2.04,0.002484,378.1,0.021020,402.7,102693,759.5,105422,401.7,25.44,0.020077,114755,342.1,-10.06,-0.012033,90899,318.3,6.19,0.007733,558.1,0.024956,337.7,93343,366.2,108014,337.5,27.28,0.026280,95128,323.7,57.42,0.059995,87255,315.2,72.40,0.087741
199.09,0.0028854,0.055394,88767,90472,90210,90364,305.4,199.1,0.000000,100.0,214355,1291.6,108748,337.6,0.03,0.000031,104971,333.3,-9.24,-0.010345,89972,315.3,-63.62,-0.079494,19.1,0.000000,100.0,6619093,2789.3,57226,283.3,0.36,0.000219,59219,281.7,5.71,0.004278,89341,321.7,4.90,0.005963,379.1,0.022232,399.3,101566,743.0,104413,398.3,27.01,0.021300,113974,341.4,-8.78,-0.010456,91150,318.5,3.59,0.004497,559.1,0.023901,342.6,93914,366.8,108505,337.9,25.87,0.025008,95802,324.4,56.01,0.058809,87365,315.1,71.70,0.087050
200.09,0.0028999,0.055395,88852,90481,90339,90403,305.6,200.1,-0.000000,179.7,210489,1285.8,108723,337.6,-0.03,-0.000031,104427,332.8,-10.13,-0.011299,90071,315.5,-63.30,-0.079131,20.1,0.000000,100.0,6403014,2775.6,57405,283.5,0.57,0.000345,59290,281.8,5.99,0.004494,89362,321.6,7.91,0.009628,380.1,0.023452,395.8,100452,726.8,103418,394.7,28.60,0.022535,113190,340.7,-7.48,-0.008864,91239,318.6,0.09,0.000114,560.1,0.022810,342.7,94489,367.4,108974,338.3,24.56,0.023815,96478,325.1,54.55,0.057564,87482,315.0,71.15,0.086524
201.09,0.0029144,0.055393,88964,90492,90456,90446,305.7,201.1,-0.000000,100.0,206665,1280.0,108648,337.5,-0.12,-0.000120,103893,332.4,-11.07,-0.012305,90194,315.6,-62.95,-0.078757,21.1,0.000000,100.0,6185943,2759.8,57644,283.8,0.77,0.000471,59373,281.9,6.32,0.004750,89408,321.5,10.99,0.013385,381.1,0.024686,392.3,99355,711.1,102438,391.2,30.20,0.023790,112392,340.0,-6.16,-0.007259,91251,318.6,-3.89,-0.004879,561.1,0.021722,342.9,95068,367.9,109444,338.7,23.35,0.022713,97153,325.8,53.04,0.056242,87595,315.0,70.72,0.086114
202.09,0.0029288,0.055385,89101,90511,90580,90492,305.8,202.1,0.000000,100.0,202883,1274.2,108507,337.4,-0.25,-0.000237,103372,331.9,-12.06,-0.013352,90323,315.8,-62.61,-0.078403,22.1,0.000000,2636.6,5969648,2742.4,57932,284.3,0.94,0.000578,59466,282.1,6.73,0.005057,89463,321.4,14.07,0.017156,382.1,0.025943,388.7,98270,695.8,101474,387.6,31.83,0.025069,111571,339.3,-4.82,-0.005654,91371,318.8,-7.93,-0.009949,562.1,0.020665,339.2,95652,368.5,109925,339.1,22.28,0.021737,97816,326.4,51.48,0.054847,87697,315.0,70.38,0.085780
203.09,0.0029433,0.055372,89308,90546,90709,90540,305.9,203.1,0.000000,192.2,199144,1268.4,108292,337.2,-0.39,-0.000372,102865,331.4,-13.08,-0.014435,90453,316.0,-62.28,-0.078054,23.1,0.000000,290.5,5755613,2723.7,58252,284.7,1.06,0.000654,59568,282.2,7.20,0.005424,89521,321.2,17.13,0.020906,383.1,0.027218,385.1,97215,681.0,100529,384.0,33.48,0.026369,110726,338.6,-3.48,-0.004065,91530,319.0,-12.11,-0.015212,563.1,0.019659,339.8,96241,369.1,110427,339.5,21.31,0.020864,98455,327.1,49.89,0.053398,87786,315.1,70.13,0.085545
204.09,0.0029578,0.055352,89474,90588,90833,90588,306.0,204.1,0.000000,170.7,195473,1262.6,108000,336.9,-0.53,-0.000515,102371,330.9,-14.14,-0.015555,90582,316.2,-61.94,-0.077707,24.1,0.000000,171.0,5545082,2703.9,58586,285.2,1.12,0.000692,59673,282.4,7.77,0.005853,89581,321.0,20.13,0.024594,384.1,0.028495,381.5,96191,666.7,99608,380.4,35.14,0.027677,109853,337.8,-2.16,-0.002510,91680,319.2,-16.35,-0.020568,564.1,0.017787,340.2,96826,369.7,111154,340.1,19.94,0.019608,99073,327.7,48.27,0.051894,87862,315.2,70.00,0.085427
205.09,0.0029723,0.055327,89607,90632,90947,90637,306.1,205.1,0.000000,100.0,191891,1256.8,107633,336.6,-0.68,-0.000656,101892,330.5,-15.25,-0.016715,90705,316.3,-61.62,-0.077367,25.1,0.000000,5466.5,5332903,2680.3,58914,285.6,1.12,0.000692,59782,282.5,8.40,0.006338,89627,320.7,23.05,0.028209,385.1,0.029771,378.0,95200,653.0,98713,376.8,36.78,0.028985,108956,337.0,-0.87,-0.001002,91796,319.3,-20.54,-0.025848,565.1,0.016739,340.8,97416,370.3,111850,340.7,18.63,0.018408,99696,328.3,46.57,0.050291,87918,315.4,69.95,0.085376
206.09,0.0029868,0.055298,89733,90721,91046,90685,306.2,206.1,0.000000,100.0,188396,1251.1,107195,336.2,-0.83,-0.000792,101423,330.1,-16.40,-0.017920,90816,316.5,-61.32,-0.077042,26.1,0.000000,453.1,5126754,2656.4,59222,286.0,1.06,0.000658,59893,282.6,9.08,0.006865,89650,320.5,25.91,0.031733,386.1,0.031044,374.5,94241,639.7,97845,373.2,38.41,0.030289,108038,336.2,0.40,0.000453,91891,319.5,-24.62,-0.031012,566.1,0.015705,341.3,98012,370.9,112499,341.3,17.40,0.017259,100372,328.9,44.69,0.048494,87966,315.6,69.97,0.085406
207.09,0.0030014,0.055265,89854,90803,91131,90731,306.3,207.1,-0.000000,100.0,184984,1245.5,106690,335.8,-0.96,-0.000922,100960,329.6,-17.60,-0.019171,90913,316.6,-61.03,-0.076733,27.1,0.000000,167.4,4928165,2632.7,59500,286.4,0.96,0.000600,60003,282.8,9.80,0.007420,89655,320.2,28.68,0.035159,387.1,0.032312,371.0,93315,627.0,97006,369.7,40.02,0.031588,107102,335.4,1.63,0.001858,91978,319.6,-28.66,-0.036115,567.1,0.014684,341.9,98614,371.5,113101,341.8,16.23,0.016163,101163,329.7,42.51,0.046382,88011,315.8,70.09,0.085542
208.09,0.0030159,0.055228,89943,90898,91207,90775,306.4,208.1,-0.000000,100.0,181655,1239.9,106121,335.2,-1.10,-0.001045,100499,329.2,-18.85,-0.020466,90996,316.7,-60.76,-0.076432,28.1,0.000000,175.1,4737155,2609.4,59740,286.8,0.84,0.000527,60111,282.9,10.54,0.007987,89642,319.9,31.37,0.038490,388.1,0.033575,367.6,92421,614.7,96194,366.3,41.63,0.032884,106154,334.5,2.84,0.003218,92073,319.8,-32.75,-0.041288,568.1,0.013674,342.4,99222,372.1,113662,342.3,15.14,0.015130,102113,330.5,39.93,0.043865,88040,316.0,70.31,0.085778
209.10,0.0030304,0.055190,89976,91000,91277,90816,306.4,209.1,0.000000,599.5,178405,1234.3,105491,334.7,-1.23,-0.001163,100033,328.7,-20.15,-0.021801,91068,316.8,-60.49,-0.076122,29.1,0.000000,631.5,4553690,2586.5,59944,287.0,0.72,0.000449,60214,283.1,11.27,0.008550,89612,319.6,33.99,0.041728,389.1,0.034834,364.3,91558,603.0,95410,362.9,43.22,0.034176,105201,333.6,4.04,0.004543,92194,319.9,-37.04,-0.046731,569.1,0.012132,345.2,99831,372.7,114354,342.8,13.78,0.013831,103222,331.6,37.01,0.040963,88037,316.2,70.62,0.086095
210.10,0.0030449,0.055152,89983,91072,91345,90857,306.5,210.1,-0.000000,150.8,175232,1228.8,104804,334.0,-1.35,-0.001274,99556,328.3,-21.49,-0.023168,91133,316.9,-60.20,-0.075790,30.1,0.000000,373.6,4377685,2563.9,60113,287.3,0.60,0.000377,60314,283.2,11.97,0.009093,89567,319.4,36.54,0.044867,390.1,0.036091,361.1,90727,591.8,94654,359.6,44.80,0.035465,104249,332.8,5.23,0.005839,92327,320.1,-41.59,-0.052521,570.1,0.011782,343.3,100455,373.3,114845,343.2,12.84,0.012929,104427,332.7,33.92,0.037852,88001,316.4,71.07,0.086551
211.10,0.0030594,0.055113,90015,91131,91407,90896,306.5,211.1,0.000000,100.0,172133,1223.3,104066,333.4,-1.46,-0.001375,99062,327.8,-22.86,-0.024559,91194,317.0,-59.89,-0.075439,31.1,0.000000,100.0,4209011,2541.7,60255,287.5,0.50,0.000316,60416,283.3,12.63,0.009604,89512,319.2,39.01,0.047906,391.1,0.037345,357.9,89927,581.0,93926,356.4,46.36,0.036751,103304,331.9,6.41,0.007115,92427,320.3,-46.25,-0.058441,571.1,0.010364,345.7,101081,373.9,115451,343.7,11.67,0.011799,105629,333.8,30.92,0.034795,87936,316.6,71.70,0.087193
212.10,0.0030739,0.055074,90026,91180,91459,90933,306.6,212.1,0.000000,100.0,169108,1217.9,103284,332.7,-1.57,-0.001465,98548,327.3,-24.25,-0.025961,91251,317.1,-59.59,-0.075085,32.1,0.000000,290.6,4047508,2519.9,60377,287.6,0.43,0.000269,60526,283.5,13.24,0.010080,89451,319.0,41.42,0.050847,392.1,0.038594,354.9,89158,570.6,93224,353.3,47.92,0.038029,102373,331.1,7.59,0.008375,92485,320.4,-50.88,-0.064298,572.1,0.009976,344.2,101723,374.6,115872,344.1,10.87,0.011015,106741,334.8,28.25,0.032025,87851,316.9,72.52,0.088032
213.10,0.0030884,0.055039,89802,91222,91504,90969,306.6,213.1,0.000000,417.1,166153,1212.5,102466,331.9,-1.66,-0.001540,98009,326.8,-25.66,-0.027361,91301,317.2,-59.29,-0.074738,33.1,0.000000,2803.8,3893016,2498.4,60486,287.8,0.38,0.000238,60654,283.7,13.80,0.010523,89391,318.9,43.75,0.053698,393.1,0.039821,352.0,88418,560.7,92552,350.4,49.44,0.039284,101457,330.2,8.78,0.009624,92476,320.5,-55.29,-0.069863,573.1,0.008701,344.6,102369,375.2,116382,344.5,9.86,0.010024,107723,335.7,25.99,0.029658,87760,317.1,73.50,0.089056
214.10,0.0031030,0.055010,89790,91266,91550,91007,306.7,214.1,0.000000,190.9,163267,1207.2,101620,331.1,-1.73,-0.001599,97441,326.2,-27.06,-0.028742,91344,317.2,-59.00,-0.074388,34.1,0.000000,100.0,3745311,2477.4,60592,287.9,0.36,0.000226,60809,283.9,14.32,0.010942,89346,318.8,46.05,0.056498,394.1,0.041006,349.2,87706,551.3,91909,347.5,50.91,0.040494,100557,329.4,9.98,0.010864,92356,320.4,-59.24,-0.074777,574.1,0.007927,345.0,103027,375.9,116836,344.9,8.92,0.009097,108578,336.4,24.13,0.027686,87682,317.4,74.62,0.090263
215.11,0.0031175,0.054979,89922,91319,91585,91045,306.7,215.1,0.000000,218.7,160448,1201.9,100756,330.3,-1.79,-0.001643,96842,325.7,-28.45,-0.030085,91385,317.3,-58.69,-0.074025,35.1,0.000000,612.0,3604161,2456.7,60704,288.1,0.37,0.000232,61002,284.1,14.82,0.011352,89328,318.8,48.31,0.059274,395.1,0.042159,346.6,87018,542.2,91286,344.8,52.31,0.041655,99672,328.6,11.18,0.012095,92196,320.2,-62.46,-0.078743,575.1,0.007186,345.3,103696,376.5,117231,345.2,8.04,0.008222,109334,337.1,22.57,0.026030,87632,317.7,75.86,0.091633
216.11,0.0031320,0.054944,90036,91384,91566,91081,306.7,216.1,-0.000000,357.1,157694,1196.7,99882,329.5,-1.83,-0.001671,96208,325.0,-29.81,-0.031372,91407,317.3,-58.45,-0.073734,36.1,0.000000,418.4,3469332,2436.4,60829,288.2,0.40,0.000257,61247,284.4,15.32,0.011766,89304,318.8,50.46,0.061901,396.1,0.043266,344.1,86353,533.6,90677,342.2,53.64,0.042755,98799,327.8,12.38,0.013312,92041,320.1,-65.04,-0.081896,576.1,0.006475,345.5,104378,377.2,117567,345.5,7.22,0.007393,110023,337.7,21.23,0.024591,87581,317.9,77.08,0.092994
217.11,0.0031465,0.054907,89978,91456,91524,91114,306.7,217.1,0.000000,519.3,155002,1191.5,99003,328.7,-1.86,-0.001687,95540,324.4,-31.11,-0.032586,91396,317.3,-58.27,-0.073493,37.1,0.000000,100.0,3340593,2416.4,60977,288.4,0.47,0.000298,61553,284.9,15.84,0.012209,89247,318.7,52.44,0.064297,397.1,0.044311,341.6,85708,525.3,90076,339.7,54.89,0.043782,97936,327.0,13.58,0.014506,91905,319.9,-67.19,-0.084514,577.1,0.005532,346.9,105070,377.9,117919,345.8,6.29,0.006455,110676,338.3,20.01,0.023274,87507,318.0,78.21,0.094232
218.11,0.0031611,0.054876,89810,91529,91479,91145,306.6,218.1,0.000000,1188.1,152371,1186.3,98123,327.8,-1.88,-0.001694,94838,323.7,-32.36,-0.033714,91368,317.3,-58.10,-0.073266,38.1,0.000000,418.2,3217710,2396.9,61153,288.7,0.55,0.000351,61924,285.3,16.42,0.012712,89164,318.6,54.27,0.066504,398.1,0.045283,339.3,85078,517.5,89479,337.3,56.06,0.044726,97079,326.2,14.76,0.015667,91810,319.8,-69.10,-0.086871,578.1,0.005186,346.9,105780,378.6,118134,345.9,5.57,0.005730,111313,338.8,18.84,0.022012,87414,318.1,79.26,0.095363
219.11,0.0031756,0.054851,89646,91598,91438,91177,306.6,219.1,-0.000000,100.0,149800,1181.2,97247,327.0,-1.89,-0.001696,94102,322.9,-33.54,-0.034746,91332,317.2,-57.94,-0.073043,39.1,0.000000,100.0,3100449,2377.7,61359,289.0,0.64,0.000411,62362,285.9,17.10,0.013304,89055,318.5,56.00,0.068559,399.1,0.046172,337.2,84462,509.9,88882,335.0,57.12,0.045581,96227,325.4,15.91,0.016781,91773,319.7,-71.01,-0.089265,579.1,0.004571,346.1,106506,379.3,118301,346.1,4.91,0.005049,111945,339.4,17.70,0.020764,87306,318.1,80.23,0.096403
220.12,0.0031901,0.054833,89438,91660,91413,91210,306.5,220.1,0.000000,1299.6,147287,1176.2,96373,326.1,-1.91,-0.001695,93338,322.2,-34.63,-0.035674,91294,317.2,-57.76,-0.072798,40.1,0.000000,100.0,2988581,2359.0,61594,289.3,0.74,0.000473,62864,286.6,17.90,0.014002,88927,318.4,57.65,0.070514,400.1,0.046976,335.1,83855,502.8,88283,332.9,58.10,0.046346,95377,324.6,17.02,0.017838,91800,319.6,-73.10,-0.091931,580.1,0.003991,346.2,107247,380.0,118428,346.2,4.29,0.004418,112576,339.9,16.57,0.019516,87191,318.2,81.15,0.097376
221.12,0.0032046,0.054823,89205,91710,91410,91248,306.5,221.1,-0.000000,100.0,144830,1171.2,95501,325.3,-1.92,-0.001696,92547,321.4,-35.64,-0.036496,91265,317.1,-57.54,-0.072505,41.1,0.000000,385.8,2881873,2340.6,61857,289.6,0.82,0.000529,63427,287.3,18.82,0.014819,88792,318.3,59.29,0.072426,401.1,0.047697,333.1,83255,495.9,87683,330.8,58.99,0.047028,94530,323.8,18.09,0.018833,91858,319.6,-75.45,-0.094953,581.1,0.003302,346.9,108003,380.8,118562,346.3,3.63,0.003741,113207,340.5,15.46,0.018275,87082,318.2,82.04,0.098311
222.12,0.0032191,0.054821,89024,91732,91428,91294,306.6,222.1,0.000000,243.4,142429,1166.2,94629,324.4,-1.94,-0.001700,91735,320.6,-36.57,-0.037209,91244,317.1,-57.24,-0.072122,42.1,0.000000,100.0,2780089,2322.5,62140,290.0,0.89,0.000575,64041,288.1,19.90,0.015774,88667,318.2,60.93,0.074338,402.1,0.048342,331.2,82660,489.4,87081,328.9,59.81,0.047637,93687,323.0,19.10,0.019765,91910,319.6,-77.98,-0.098209,582.1,0.002966,346.4,108779,381.5,118628,346.3,3.12,0.003220,113834,341.0,14.37,0.017060,86993,318.3,82.91,0.099226
223.12,0.0032336,0.054825,88941,91738,91461,91350,306.6,223.1,0.000000,237.1,140081,1161.2,93753,323.6,-1.96,-0.001710,90905,319.7,-37.40,-0.037812,91230,317.1,-56.80,-0.071557,43.1,0.000000,260.8,2682996,2304.8,62437,290.4,0.94,0.000607,64698,288.9,21.14,0.016880,88568,318.2,62.57,0.076272,403.1,0.048923,329.4,82068,483.2,86478,327.0,60.58,0.048189,92851,322.2,20.08,0.020641,91923,319.4,-80.56,-0.101496,583.1,0.002398,346.9,109573,382.3,118713,346.4,2.61,0.002694,114454,341.6,13.34,0.015892,86938,318.3,83.73,0.100125
224.12,0.0032481,0.054829,88965,91747,91501,91415,306.6,224.1,0.000000,601.3,137784,1156.3,92870,322.7,-1.99,-0.001727,90061,318.9,-38.14,-0.038308,91229,317.0,-56.21,-0.070823,44.1,0.000000,182.0,2590365,2287.5,62740,290.8,0.96,0.000623,65391,289.8,22.55,0.018150,88502,318.1,64.22,0.078223,404.1,0.049454,327.7,81481,477.2,85876,325.3,61.32,0.048699,92027,321.4,21.03,0.021474,91886,319.3,-82.95,-0.104521,584.1,0.002002,346.5,110387,383.1,118783,346.4,2.18,0.002252,115066,342.1,12.36,0.014786,86923,318.4,84.51,0.100997
225.12,0.0032627,0.054830,89152,91754,91538,91492,306.7,225.1,-0.000000,309.1,135537,1151.5,91976,321.8,-2.03,-0.001750,89206,318.0,-38.80,-0.038703,91236,317.0,-55.50,-0.069944,45.1,0.000000,666.8,2501968,2270.6,63044,291.2,0.96,0.000627,66112,290.7,24.15,0.019590,88466,318.1,65.84,0.080160,405.1,0.049949,326.0,80897,471.5,85278,323.6,62.04,0.049182,91220,320.6,21.95,0.022279,91811,319.1,-84.95,-0.107029,585.1,0.001565,346.8,111221,383.9,118872,346.5,1.78,0.001837,115666,342.6,11.46,0.013753,86941,318.5,85.19,0.101808
226.12,0.0032772,0.054822,89415,91764,91569,91576,306.7,226.1,-0.000000,100.0,133338,1146.7,91069,320.9,-2.08,-0.001780,88345,317.1,-39.37,-0.039003,91246,317.0,-54.70,-0.068943,46.1,0.000000,5527.6,2417597,2253.9,63344,291.6,0.95,0.000621,66855,291.6,25.93,0.021197,88453,318.1,67.38,0.082033,406.1,0.050423,324.5,80318,466.1,84685,322.0,62.77,0.049651,90436,319.8,22.88,0.023074,91708,318.8,-86.40,-0.108828,586.1,0.001251,346.6,112079,384.7,118959,346.6,1.46,0.001508,116248,343.1,10.62,0.012792,86982,318.6,85.75,0.102508
227.13,0.0032917,0.054806,89664,91787,91594,91667,306.7,227.1,0.000000,100.0,131186,1141.9,90145,320.0,-2.14,-0.001814,87481,316.2,-39.86,-0.039217,91255,317.0,-53.82,-0.067840,47.1,0.000000,100.0,2337051,2237.6,63638,292.0,0.93,0.000611,67614,292.6,27.85,0.022957,88429,318.0,68.83,0.083793,407.1,0.050884,323.0,79745,460.9,84099,320.5,63.50,0.050113,89680,319.1,23.82,0.023873,91594,318.5,-87.22,-0.109808,587.1,0.000865,346.9,112960,385.5,119085,346.7,1.15,0.001193,116805,343.5,9.84,0.011900,87033,318.6,86.17,0.103071
228.13,0.0033062,0.054777,90180,91819,91616,91762,306.7,228.1,0.000000,195.6,129079,1137.1,89205,319.0,-2.20,-0.001850,86618,315.3,-40.29,-0.039356,91265,316.9,-52.87,-0.066657,48.1,0.000000,400.6,2260127,2221.6,63931,292.4,0.92,0.000606,68383,293.5,29.89,0.024839,88392,317.9,70.19,0.085454,408.1,0.051338,321.6,79180,455.9,83521,319.1,64.24,0.050571,88957,318.4,24.77,0.024686,91460,318.3,-87.31,-0.109857,588.1,0.000602,346.8,113865,386.3,119221,346.8,0.90,0.000935,117325,344.0,9.12,0.011064,87082,318.5,86.46,0.103489
229.13,0.0033207,0.054728,90673,91852,91624,91857,306.7,229.1,0.000000,100.0,127018,1132.4,88247,318.0,-2.26,-0.001888,85759,314.4,-40.65,-0.039427,91269,316.9,-51.86,-0.065398,49.1,0.000000,357.8,2186646,2206.0,64227,292.7,0.92,0.000608,69154,294.5,32.00,0.026800,88345,317.7,71.47,0.087024,409.1,0.051786,320.3,78623,451.1,82951,317.8,64.99,0.051022,88268,317.7,25.75,0.025515,91293,317.9,-86.71,-0.109012,589.1,0.000318,347.0,114797,387.2,119387,346.9,0.67,0.000693,117796,344.4,8.44,0.010270,87134,318.4,86.69,0.103875
230.13,0.0033353,0.054665,91060,91879,91633,91948,306.7,230.1,-0.000000,321.9,125000,1127.7,87274,317.0,-2.32,-0.001924,84909,313.5,-40.94,-0.039437,91268,316.9,-50.80,-0.064065,50.1,0.000000,1325.8,2116438,2190.6,64532,293.1,0.94,0.000625,69919,295.4,34.10,0.028791,88288,317.4,72.67,0.088510,410.1,0.052223,319.0,78076,446.5,82389,316.5,65.73,0.051459,87612,317.1,26.75,0.026359,91142,317.7,-85.64,-0.107586,590.1,0.000219,347.1,115758,388.1,119531,347.0,0.51,0.000527,118205,344.7,7.79,0.009498,87206,318.2,86.87,0.104228
231.14,0.0033498,0.054589,91442,91895,91627,92032,306.7,231.1,-0.000000,1196.9,123024,1123.1,86286,316.0,-2.38,-0.001958,84073,312.6,-41.18,-0.039390,91264,316.8,-49.70,-0.062679,51.1,0.000000,180.3,2049338,2175.6,64863,293.6,1.01,0.000668,70670,296.3,36.16,0.030758,88222,317.0,73.79,0.089910,411.1,0.052643,317.9,77539,442.2,81834,315.4,66.46,0.051873,86988,316.5,27.75,0.027210,90998,317.4,-84.00,-0.105445,591.1,0.000121,347.2,116749,389.0,119666,347.2,0.39,0.000407,118543,345.0,7.15,0.008733,87287,318.0,86.96,0.104504
232.06,0.0033633,0.054508,91747,91904,91607,92102,306.7,232.1,0.000000,131.6,121237,1118.8,85364,315.0,-2.43,-0.001985,83317,311.7,-41.35,-0.039298,91254,316.8,-48.67,-0.061385,52.1,0.000000,1330.4,1990029,2162.0,65206,294.0,1.11,0.000740,71347,297.1,37.96,0.032514,88149,316.7,74.80,0.091160,412.1,0.052985,316.8,77052,438.3,81336,314.3,67.08,0.052210,86436,315.9,28.69,0.027993,90891,317.2,-82.13,-0.103045,592.1,0.000088,347.3,117692,389.9,119779,347.3,0.33,0.000339,118787,345.2,6.55,0.008019,87354,317.8,86.94,0.104647
233.07,0.0033778,0.054411,91993,91905,91577,92167,306.6,233.1,0.000000,749.7,119339,1114.3,84356,314.0,-2.48,-0.002009,82518,310.9,-41.48,-0.039147,91236,316.8,-47.56,-0.059983,53.1,0.000000,186.6,1928492,2147.5,65640,294.6,1.28,0.000857,72061,298.0,39.79,0.034324,88059,316.3,75.85,0.092469,413.1,0.053222,315.9,76529,434.2,80826,313.3,67.64,0.052486,85863,315.4,29.69,0.028829,90798,317.0,-79.84,-0.100125,593.1,0.000069,347.4,118746,390.8,119895,347.3,0.29,0.000297,118980,345.4,5.90,0.007229,87404,317.4,86.77,0.104606
234.07,0.0033924,0.054308,92152,91878,91543,92221,306.6,234.1,-0.000000,734.7,117479,1109.7,83344,312.9,-2.53,-0.002026,81748,310.0,-41.51,-0.038923,91212,316.7,-46.46,-0.058589,54.1,0.000000,100.0,1869646,2133.3,66157,295.2,1.51,0.001016,72760,298.8,41.48,0.036025,87960,315.9,76.86,0.093714,414.1,0.053429,314.9,76013,430.4,80330,312.3,68.09,0.052677,85310,314.8,30.67,0.029645,90726,316.8,-77.35,-0.096979,594.1,0.000059,347.5,119835,391.8,120013,347.4,0.27,0.000281,119102,345.5,5.24,0.006421,87432,317.1,86.42,0.104346
235.08,0.0034070,0.054202,92247,91855,91504,92262,306.5,235.1,-0.000000,382.8,115658,1105.2,82331,311.8,-2.56,-0.002036,81016,309.2,-41.44,-0.038607,91186,316.7,-45.38,-0.057220,55.1,0.000000,100.0,1813362,2119.4,66779,296.0,1.79,0.001216,73452,299.6,43.03,0.037626,87852,315.4,77.81,0.094882,415.1,0.053581,314.1,75502,426.6,79838,311.4,68.46,0.052798,84776,314.3,31.63,0.030432,90686,316.7,-74.80,-0.093779,595.1,-0.000122,392.1,120955,392.8,120190,347.6,0.19,0.000201,119166,345.5,4.56,0.005598,87450,316.7,85.93,0.103906
236.09,0.0034215,0.054095,92306,91846,91456,92292,306.5,236.1,-0.000000,331.0,113873,1100.7,81321,310.7,-2.59,-0.002038,80318,308.4,-41.26,-0.038205,91158,316.6,-44.34,-0.055902,56.1,0.000000,222.6,1759518,2105.8,67520,297.0,2.12,0.001448,74148,300.4,44.48,0.039155,87736,315.0,78.69,0.095959,416.1,0.053680,313.2,74995,423.1,79349,310.5,68.77,0.052865,84255,313.8,32.56,0.031185,90660,316.6,-72.26,-0.090601,596.1,-0.000140,392.2,122112,393.8,120355,347.7,0.15,0.000160,119184,345.5,3.89,0.004770,87471,316.2,85.31,0.103312
237.09,0.0034361,0.053987,92369,91825,91403,92310,306.4,237.1,-0.000000,274.7,112125,1096.3,80317,309.6,-2.60,-0.002032,79643,307.7,-41.02,-0.037750,91127,316.5,-43.36,-0.054656,57.1,0.000000,212.8,1707995,2092.4,68393,298.0,2.47,0.001706,74861,301.2,45.86,0.040651,87614,314.6,79.51,0.096945,417.1,0.053736,312.3,74493,419.7,78862,309.6,69.05,0.052898,83744,313.3,33.45,0.031892,90624,316.5,-69.71,-0.087390,597.1,-0.000085,392.3,123308,394.8,120499,347.9,0.16,0.000170,119169,345.5,3.22,0.003946,87505,315.9,84.56,0.102569
238.10,0.0034507,0.053878,92449,91776,91357,92317,306.4,238.1,-0.000000,679.9,110411,1091.9,79325,308.5,-2.61,-0.002020,78993,306.9,-40.65,-0.037192,91094,316.5,-42.44,-0.053481,58.1,0.000000,100.0,1658681,2079.3,69405,299.3,2.84,0.001980,75603,302.1,47.23,0.042159,87492,314.3,80.28,0.097860,418.1,0.053763,311.5,73994,416.4,78380,308.8,69.31,0.052916,83236,312.8,34.28,0.032541,90588,316.4,-67.14,-0.084162,598.1,-0.000032,392.3,124543,395.9,120643,348.0,0.21,0.000218,119135,345.5,2.55,0.003129,87558,315.5,83.67,0.101676
239.11,0.0034653,0.053768,92505,91709,91314,92313,306.3,239.1,0.000000,310.1,108733,1087.5,78345,307.4,-2.61,-0.002001,78380,306.3,-40.16,-0.036548,91066,316.4,-41.55,-0.052363,59.1,0.000000,1367.3,1611467,2066.5,70560,300.7,3.20,0.002260,76384,303.0,48.63,0.043721,87375,313.9,81.01,0.098725,419.1,0.053778,310.7,73501,413.2,77903,308.0,69.58,0.052937,82723,312.3,35.05,0.033114,90557,316.4,-64.56,-0.080917,599.1,0.000014,349.8,125819,397.0,120801,348.1,0.27,0.000287,119097,345.5,1.91,0.002345,87638,315.2,82.65,0.100622
240.11,0.0034799,0.053659,92507,91643,91242,92296,306.2,240.1,0.000000,100.0,107088,1083.1,77383,306.3,-2.60,-0.001976,77805,305.6,-39.56,-0.035809,91034,316.4,-40.76,-0.051356,60.1,0.000000,435.1,1566252,2053.9,71856,302.3,3.55,0.002537,77205,303.9,50.07,0.045361,87258,313.6,81.67,0.099498,420.1,0.053799,309.9,73014,410.2,77436,307.2,69.88,0.052978,82196,311.7,35.72,0.033591,90519,316.3,-61.99,-0.077682,600.1,0.000051,349.9,127136,398.1,120978,348.3,0.34,0.000356,119065,345.4,1.31,0.001601,87733,314.9,81.42,0.099324
241.12,0.0034945,0.053551,92460,91578,91198,92268,306.1,241.1,-0.000000,100.0,106010,1080.0,76438,305.2,-2.58,-0.001947,77258,305.0,-38.82,-0.034963,90997,316.3,-40.06,-0.050453,61.1,0.000000,243.4,1522939,2041.6,73286,304.0,3.86,0.002799,78064,304.9,51.56,0.047083,87143,313.3,82.26,0.100189,421.1,0.053840,309.1,72534,407.3,76980,306.5,70.23,0.053051,81646,311.2,36.28,0.033952,90476,316.2,-59.42,-0.074451,601.1,0.000005,100.0,128496,399.3,121199,348.4,0.38,0.000396,119044,345.4,0.74,0.000910,87845,314.6,79.98,0.097774
242.13,0.0035091,0.053448,92366,91513,91192,92227,306.1,242.1,-0.000000,111.4,105194,1077.6,75512,304.2,-2.56,-0.001915,76737,304.4,-37.94,-0.034012,90976,316.3,-39.35,-0.049555,62.1,0.000000,1246.8,1481439,2029.5,74835,305.8,4.12,0.003030,78946,305.9,53.09,0.048863,87050,313.0,82.84,0.100882,422.1,0.053912,308.4,72063,404.5,76539,305.9,70.63,0.053163,81064,310.6,36.72,0.034182,90448,316.1,-56.78,-0.071130,602.1,0.000000,265.6,129903,412.0,121421,348.6,0.38,0.000403,119034,345.4,0.23,0.000279,87999,314.4,78.39,0.096067
243.14,0.0035237,0.053350,92177,91457,91186,92176,306.1,243.1,-0.000000,113.3,104602,1075.6,74606,303.1,-2.54,-0.001881,76239,303.8,-36.95,-0.032967,90974,316.3,-38.65,-0.048683,63.1,0.000000,100.0,1441666,2017.7,76479,307.7,4.30,0.003215,79836,306.9,54.60,0.050660,86977,312.7,83.40,0.101566,423.1,0.054022,307.7,71603,401.8,76114,305.2,71.08,0.053316,80446,310.0,37.02,0.034269,90436,316.1,-54.06,-0.067722,603.1,0.000000,545.0,131355,413.3,121629,348.8,0.36,0.000383,119027,345.4,-0.23,-0.000281,88189,314.2,76.64,0.094174
244.07,0.0035372,0.053270,91850,91421,91161,92120,306.1,244.1,-0.000000,231.5,104167,1074.0,73789,302.2,-2.51,-0.001848,75798,303.3,-35.93,-0.031926,90977,316.2,-38.08,-0.047963,64.1,0.000000,100.0,1406419,2007.0,78053,309.5,4.39,0.003329,80648,307.8,55.96,0.052293,86916,312.5,83.86,0.102134,424.1,0.054163,307.2,71190,399.3,75737,304.7,71.54,0.053491,79835,309.3,37.16,0.034210,90429,316.1,-51.53,-0.064549,604.1,0.000000,100.0,132738,414.4,121784,348.9,0.31,0.000323,119029,345.4,-0.59,-0.000726,88380,314.1,74.82,0.092188
245.08,0.0035518,0.053198,91442,91403,91117,92054,306.0,245.1,0.000000,100.0,103673,1072.2,72925,301.2,-2.48,-0.001809,75338,302.8,-34.72,-0.030725,90972,316.2,-37.57,-0.047327,65.1,0.000000,243.8,1369751,1995.6,79785,311.4,4.39,0.003384,81507,308.8,57.35,0.053995,86850,312.3,84.28,0.102639,425.1,0.054337,306.6,70756,396.8,75345,304.1,72.07,0.053712,79131,308.6,37.17,0.033993,90412,316.0,-48.80,-0.061132,605.1,0.000000,352.6,134282,415.7,121887,349.0,0.20,0.000212,119044,345.4,-0.93,-0.001136,88590,313.9,72.62,0.089724
246.08,0.0035664,0.053142,91084,91394,91082,91987,305.9,246.1,-0.000000,152.1,103208,1070.6,72087,300.2,-2.44,-0.001763,74895,302.2,-33.43,-0.029456,90960,316.2,-37.17,-0.046814,66.1,0.000000,186.2,1334588,1984.5,81510,313.3,4.30,0.003367,82338,309.7,58.63,0.055601,86787,312.1,84.62,0.103048,426.1,0.054545,306.1,70336,394.4,74971,303.5,72.63,0.053958,78392,307.8,37.04,0.033648,90388,316.0,-46.08,-0.057710,606.1,0.000000,1220.3,135876,417.1,121909,349.0,0.07,0.000076,119079,345.4,-1.22,-0.001492,88810,313.8,70.18,0.086965
247.09,0.0035810,0.053097,90813,91399,91054,91920,305.9,247.1,0.000000,726.8,102754,1068.9,71279,299.2,-2.39,-0.001711,74467,301.7,-32.06,-0.028130,90948,316.2,-36.83,-0.046389,67.1,0.000000,171.0,1300857,1973.6,83196,315.2,4.14,0.003287,83141,310.6,59.80,0.057097,86733,311.9,84.91,0.103391,427.1,0.054774,305.6,69932,392.1,74612,303.0,73.21,0.054219,77636,307.0,36.83,0.033217,90364,316.0,-43.32,-0.054253,607.1,0.000000,127.9,137522,418.4,121870,349.0,-0.04,-0.000040,119127,345.5,-1.47,-0.001797,89046,313.7,67.55,0.083950
248.10,0.0035956,0.053061,90672,91420,91032,91857,305.9,248.1,0.000000,100.0,102307,1067.2,70503,298.3,-2.32,-0.001651,74051,301.2,-30.61,-0.026756,90939,316.1,-36.56,-0.046044,68.1,0.000000,100.0,1268487,1962.9,84824,316.9,3.93,0.003164,83922,311.4,60.85,0.058481,86689,311.7,85.13,0.103672,428.1,0.055014,305.1,69544,389.9,74268,302.5,73.79,0.054485,76875,306.2,36.54,0.032725,90345,315.9,-40.54,-0.050762,608.1,0.000000,399.6,139221,419.8,121762,348.9,-0.16,-0.000165,119180,345.5,-1.67,-0.002050,89297,313.6,64.72,0.080685
249.10,0.0036102,0.053028,90664,91467,91033,91796,305.8,249.1,-0.000000,100.0,101865,1065.6,69763,297.4,-2.24,-0.001583,73647,300.8,-29.11,-0.025346,90938,316.1,-36.33,-0.045754,69.1,0.000000,601.2,1237409,1952.4,86387,318.6,3.71,0.003028,84691,312.3,61.77,0.059747,86662,311.6,85.30,0.103897,429.1,0.055255,304.7,69171,387.7,73938,302.1,74.36,0.054746,76112,305.3,36.16,0.032150,90335,315.9,-37.72,-0.047224,609.1,0.000000,164.7,140976,421.2,121584,348.7,-0.28,-0.000293,119238,345.6,-1.85,-0.002268,89562,313.6,61.74,0.077205
250.11,0.0036248,0.052995,90746,91499,91060,91738,305.9,250.1,0.000000,100.0,101430,1063.9,69063,296.5,-2.15,-0.001508,73253,300.3,-27.56,-0.023908,90957,316.1,-36.10,-0.045482,70.1,0.000000,100.0,1207558,1942.1,87897,320.2,3.52,0.002905,85458,313.1,62.55,0.060878,86656,311.4,85.44,0.104098,430.1,0.055486,304.3,68814,385.6,73619,301.6,74.90,0.054987,75338,304.5,35.69,0.031493,90344,315.9,-34.83,-0.043613,610.1,0.000000,100.0,142788,422.7,121340,348.5,-0.39,-0.000413,119300,345.6,-2.00,-0.002454,89843,313.5,58.63,0.073565
251.12,0.0036394,0.052958,90869,91501,91114,91680,305.9,251.1,-0.000000,100.0,100875,1062.0,68406,295.7,-2.05,-0.001424,72870,299.9,-25.98,-0.022450,91003,316.2,-35.88,-0.045220,71.1,0.000000,538.7,1178876,1932.0,89372,321.7,3.37,0.002816,86241,314.0,63.10,0.061806,86673,311.3,85.56,0.104305,431.1,0.055695,303.9,68471,383.6,73307,301.2,75.39,0.055193,74561,303.6,35.12,0.030762,90378,315.9,-31.87,-0.039918,611.1,0.000000,100.0,144661,424.2,121043,348.3,-0.49,-0.000514,119370,345.7,-2.12,-0.002601,90135,313.5,55.46,0.069818
252.13,0.0036540,0.052917,90978,91499,91201,91619,306.0,252.1,-0.000000,156.4,100448,1060.3,67795,295.0,-1.93,-0.001332,72497,299.4,-24.37,-0.020979,91074,316.2,-35.66,-0.044963,72.1,0.000000,480.4,1151306,1922.2,90841,323.2,3.29,0.002779,87054,314.9,63.45,0.062563,86723,311.2,85.68,0.104545,432.1,0.055865,303.5,68141,381.7,72999,300.8,75.81,0.055345,73786,302.8,34.47,0.029967,90439,316.0,-28.83,-0.036132,612.1,0.000000,320.9,146595,425.7,120709,348.0,-0.56,-0.000587,119462,345.7,-2.20,-0.002697,90435,313.5,52.28,0.066025
253.13,0.0036686,0.052873,91020,91489,91304,91555,306.1,253.1,0.000000,100.0,99900,1058.4,67235,294.3,-1.79,-0.001231,72137,299.0,-22.73,-0.019500,91168,316.3,-35.41,-0.044691,73.1,0.000000,229.2,1124799,1912.5,92335,324.7,3.27,0.002796,87883,315.8,63.55,0.063069,86798,311.1,85.81,0.104821,433.1,0.055981,303.2,67824,379.9,72690,300.4,76.13,0.055419,73017,301.9,33.76,0.029121,90529,316.1,-25.73,-0.032260,613.1,0.000000,477.4,148595,427.2,120358,347.7,-0.60,-0.000626,119582,345.8,-2.23,-0.002745,90736,313.5,49.11,0.062233
254.14,0.0036832,0.052830,90985,91468,91400,91485,306.1,254.1,0.000000,100.0,99348,1056.5,66729,293.6,-1.64,-0.001120,71790,298.6,-21.07,-0.018012,91269,316.4,-35.18,-0.044427,74.1,0.000000,226.8,1099306,1903.0,93875,326.2,3.31,0.002861,88737,316.8,63.33,0.063277,86879,311.1,85.93,0.105084,434.1,0.056021,302.8,67517,378.1,72374,299.9,76.31,0.055386,72254,301.0,32.98,0.028236,90634,316.2,-22.60,-0.028369,614.1,0.000000,100.0,150661,428.8,120011,347.5,-0.61,-0.000630,119726,346.0,-2.26,-0.002779,91025,313.5,45.95,0.058416
255.07,0.0036967,0.052793,90906,91445,91516,91417,306.2,255.1,-0.000000,171.4,98890,1054.8,66314,293.1,-1.48,-0.001011,71482,298.2,-19.51,-0.016632,91368,316.5,-34.95,-0.044169,75.1,0.000000,100.0,1076634,1894.4,95353,327.7,3.37,0.002946,89560,317.7,62.85,0.063205,86959,311.0,86.03,0.105325,435.1,0.055970,302.6,67240,376.5,72069,299.5,76.30,0.055223,71553,300.2,32.22,0.027391,90741,316.3,-19.71,-0.024757,615.1,0.000000,4097.1,152629,430.3,119708,347.2,-0.58,-0.000607,119885,346.1,-2.27,-0.002798,91289,313.5,43.04,0.054881
256.08,0.0037113,0.052757,90787,91425,91638,91338,306.3,256.1,-0.000000,370.2,98342,1052.8,65922,292.6,-1.31,-0.000886,71166,297.8,-17.81,-0.015128,91486,316.6,-34.65,-0.043834,76.1,0.000000,364.1,1052967,1885.3,97008,329.3,3.43,0.003036,90504,318.7,62.04,0.062842,87054,310.9,86.15,0.105606,436.1,0.055779,301.9,66945,374.9,71718,299.0,76.09,0.054890,70798,299.3,31.36,0.026455,90873,316.4,-16.55,-0.020807,616.1,0.000000,673.4,154831,431.9,119406,347.0,-0.54,-0.000561,120084,346.3,-2.25,-0.002779,91583,313.5,39.89,0.051017
257.09,0.0037259,0.052727,90595,91414,91723,91255,306.4,257.1,0.000000,128.3,97789,1050.9,65592,292.2,-1.12,-0.000756,70866,297.5,-16.07,-0.013615,91589,316.7,-34.36,-0.043504,77.1,0.000000,264.1,1030190,1876.3,98708,330.9,3.46,0.003107,91518,319.8,60.92,0.062183,87139,310.9,86.23,0.105835,437.1,0.055394,301.3,66650,373.3,71341,298.5,75.73,0.054437,70044,298.5,30.47,0.025506,90997,316.6,-13.45,-0.016930,617.1,0.000000,417.6,157107,433.6,119139,346.7,-0.49,-0.000503,120307,346.4,-2.17,-0.002674,91880,313.6,36.58,0.046928
258.09,0.0037405,0.052704,90377,91417,91795,91169,306.5,258.1,-0.000000,100.0,97109,1048.6,65324,291.9,-0.93,-0.000625,70586,297.1,-14.32,-0.012092,91670,316.8,-34.08,-0.043172,78.1,0.000000,288.5,1008266,1867.5,100428,332.5,3.45,0.003137,92618,320.9,59.49,0.061239,87210,310.8,86.28,0.106004,438.1,0.054869,300.7,66352,371.7,70949,298.0,75.26,0.053890,69294,297.6,29.57,0.024559,91105,316.7,-10.44,-0.013151,618.1,0.000000,237.8,159460,435.4,118910,346.5,-0.42,-0.000438,120540,346.6,-2.01,-0.002484,92190,313.6,32.99,0.042454
259.10,0.0037551,0.052691,90141,91433,91852,91082,306.5,259.1,0.000000,178.0,96551,1046.6,65115,291.6,-0.74,-0.000496,70323,296.8,-12.54,-0.010565,91727,316.9,-33.77,-0.042797,79.1,0.000000,100.0,987156,1858.9,102133,334.1,3.38,0.003107,93809,322.2,57.81,0.060040,87267,310.7,86.30,0.106128,439.1,0.054240,300.2,66051,370.2,70537,297.5,74.66,0.053242,68549,296.7,28.67,0.023629,91196,316.8,-7.51,-0.009463,619.1,0.000000,450.1,161892,437.1,118716,346.4,-0.36,-0.000373,120768,346.8,-1.79,-0.002213,92532,313.8,28.98,0.037423
260.11,0.0037697,0.052686,89865,91441,91889,90996,306.5,260.1,-0.000000,100.0,95869,1044.2,64964,291.4,-0.56,-0.000372,70078,296.5,-10.75,-0.009037,91754,316.9,-33.40,-0.042347,80.1,0.000000,339.7,966827,1850.5,103792,335.7,3.25,0.003020,95087,323.5,55.93,0.058633,87310,310.6,86.30,0.106214,440.1,0.053507,299.6,65745,368.7,70106,297.0,73.93,0.052495,67814,295.8,27.80,0.022734,91268,316.8,-4.66,-0.005875,620.1,0.000000,275.1,164407,438.9,118555,346.2,-0.30,-0.000311,120974,347.0,-1.51,-0.001868,92910,313.9,24.43,0.031650
261.11,0.0037843,0.052692,89586,91453,91910,90913,306.6,261.1,0.000000,135.1,95178,1041.9,64864,291.3,-0.38,-0.000256,69849,296.2,-8.97,-0.007517,91764,316.9,-32.96,-0.041789,81.1,0.000000,305.0,947245,1842.2,105383,337.1,3.08,0.002894,96431,324.8,53.91,0.057076,87338,310.5,86.29,0.106271,441.1,0.052684,299.0,65432,367.2,69660,296.4,73.09,0.051664,67095,294.9,26.98,0.021891,91323,316.9,-1.89,-0.002391,621.1,0.000000,830.8,167008,440.8,118427,346.1,-0.24,-0.000251,121150,347.1,-1.17,-0.001456,93313,314.2,19.24,0.025019
262.12,0.0037988,0.052707,89328,91465,91939,90834,306.6,262.1,0.000000,100.0,94481,1039.5,64812,291.2,-0.22,-0.000150,69634,296.0,-7.19,-0.006015,91771,316.9,-32.43,-0.041114,82.1,0.000000,316.1,928377,1834.1,106894,338.5,2.89,0.002744,97811,326.2,51.84,0.055430,87360,310.4,86.29,0.106328,442.1,0.051787,298.3,65113,365.8,69199,295.8,72.14,0.050760,66396,294.1,26.22,0.021116,91259,316.8,0.55,0.000691,622.1,0.000000,1247.4,169698,442.7,118331,346.1,-0.19,-0.000193,121290,347.2,-0.79,-0.000982,93721,314.5,13.46,0.017570
263.13,0.0038134,0.052732,89098,91456,91950,90763,306.6,263.1,0.000000,2128.2,93657,1036.8,64803,291.2,-0.08,-0.000054,69432,295.7,-5.44,-0.004543,91770,316.9,-31.81,-0.040329,83.1,0.000000,104.7,910192,1826.2,108323,339.8,2.70,0.002586,99192,327.6,49.77,0.053748,87378,310.3,86.29,0.106374,443.1,0.050825,297.7,64786,364.5,68726,295.2,71.11,0.049790,65722,293.2,25.54,0.020417,91183,316.7,3.00,0.003778,623.1,0.000000,490.8,172480,444.6,118265,346.0,-0.13,-0.000135,121391,347.3,-0.36,-0.000445,94091,314.8,7.23,0.009458
264.13,0.0038280,0.052763,88888,91436,92026,90700,306.7,264.1,-0.000000,100.0,92958,1034.4,64829,291.2,0.04,0.000028,69241,295.5,-3.74,-0.003113,91777,316.9,-31.03,-0.039349,84.1,0.000000,100.0,892661,1818.4,109667,341.0,2.51,0.002425,100544,329.0,47.76,0.052070,87400,310.3,86.32,0.106439,444.1,0.049806,297.0,64451,363.1,68240,294.6,69.99,0.048763,65072,292.4,24.94,0.019794,91157,316.6,5.52,0.006962,624.1,0.000000,205.8,175359,446.5,118231,346.0,-0.08,-0.000078,121455,347.4,0.12,0.000154,94049,314.7,-0.06,-0.000074
265.14,0.0038426,0.052802,88686,91400,92041,90648,306.7,265.1,-0.000000,310.0,92128,1031.6,64884,291.3,0.15,0.000098,69059,295.3,-2.09,-0.001738,91791,317.0,-30.13,-0.038210,85.1,0.000000,100.0,875756,1810.8,110925,342.1,2.32,0.002263,101844,330.2,45.83,0.050413,87402,310.4,86.31,0.106399,445.1,0.048736,296.3,64108,361.8,67744,294.0,68.80,0.047687,64448,291.6,24.41,0.019241,91104,316.5,8.00,0.010084,625.1,0.000000,137.6,178338,448.5,118228,346.0,-0.02,-0.000021,121485,347.4,0.65,0.000814,93792,314.5,-7.27,-0.009488
266.14,0.0038571,0.052847,88524,91364,92034,90606,306.7,266.1,-0.000000,100.0,91298,1028.8,64966,291.4,0.24,0.000158,68885,295.0,-0.52,-0.000429,91788,317.0,-29.19,-0.037009,86.1,0.000000,100.0,859449,1803.3,112094,343.1,2.14,0.002099,103084,331.4,43.97,0.048776,87388,310.5,86.22,0.106236,446.1,0.047625,295.6,63757,360.5,67239,293.3,67.55,0.046572,63848,290.9,23.95,0.018748,91028,316.3,10.41,0.013125,626.1,0.000000,100.0,181420,450.6,118251,346.0,0.03,0.000030,121490,347.4,1.23,0.001526,93597,314.4,-13.63,-0.017765
267.07,0.0038706,0.052893,88432,91339,92008,90576,306.6,267.1,0.000000,100.0,90558,1026.3,65062,291.5,0.31,0.000209,68730,294.9,0.86,0.000710,91767,316.9,-28.28,-0.035848,87.1,0.000000,100.0,844906,1796.5,113092,344.0,1.97,0.001944,104176,332.5,42.30,0.047265,87367,310.6,86.10,0.106025,447.1,0.046527,294.9,63427,359.3,66766,292.7,66.35,0.045517,63313,290.2,23.56,0.018331,90954,316.1,12.58,0.015854,627.1,0.000000,100.0,184363,452.5,118304,346.0,0.09,0.000088,121480,347.4,1.77,0.002207,93440,314.3,-18.99,-0.024723
268.07,0.0038851,0.052945,88300,91345,91959,90553,306.6,268.1,-0.000000,315.3,89723,1023.5,65188,291.7,0.38,0.000258,68567,294.7,2.25,0.001863,91724,316.9,-27.25,-0.034536,88.1,0.000000,128.2,829680,1789.3,114083,344.8,1.78,0.001775,105310,333.6,40.50,0.045600,87339,310.8,85.93,0.105729,448.1,0.045408,294.1,63061,358.1,66248,292.1,65.01,0.044352,62752,289.5,23.16,0.017904,90870,315.8,14.86,0.018720,628.1,0.000000,307.6,187659,454.7,118400,346.1,0.16,0.000160,121455,347.4,2.38,0.002954,93260,314.3,-24.32,-0.031598
269.08,0.0038997,0.053001,88181,91358,91892,90541,306.5,269.1,-0.000000,346.1,88756,1020.3,65334,291.9,0.45,0.000304,68412,294.5,3.54,0.002920,91661,316.9,-26.19,-0.033168,89.1,0.000000,228.1,814982,1782.3,114984,345.6,1.61,0.001610,106406,334.6,38.69,0.043872,87309,311.0,85.71,0.105367,449.1,0.044227,293.4,62689,356.9,65725,291.4,63.63,0.043170,62207,288.8,22.76,0.017488,90783,315.6,17.05,0.021480,629.1,0.000000,327.9,191072,456.8,118541,346.2,0.23,0.000240,121425,347.4,2.97,0.003689,93063,314.2,-29.13,-0.037784
270.08,0.0039142,0.053059,88222,91446,91802,90540,306.4,270.1,0.000000,1347.5,87917,1017.4,65499,292.1,0.52,0.000348,68269,294.3,4.69,0.003870,91578,316.8,-25.08,-0.031751,90.1,0.000000,100.0,800789,1775.4,115801,346.3,1.45,0.001458,107480,335.7,36.82,0.042049,87279,311.1,85.43,0.104932,450.1,0.043033,292.6,62310,355.7,65198,290.7,62.22,0.041975,61676,288.1,22.35,0.017064,90688,315.3,19.16,0.024126,630.1,0.000000,100.0,194609,459.1,118729,346.4,0.32,0.000325,121398,347.3,3.54,0.004395,92858,314.1,-33.47,-0.043321
271.08,0.0039288,0.053112,88330,91505,91685,90549,306.3,271.1,0.000000,100.0,86952,1014.2,65684,292.3,0.58,0.000391,68141,294.1,5.71,0.004707,91474,316.7,-23.96,-0.030308,91.1,0.000000,638.6,787080,1768.6,116548,346.9,1.31,0.001328,108544,336.7,34.88,0.040109,87245,311.3,85.08,0.104398,451.1,0.041830,291.8,61925,354.5,64668,290.0,60.79,0.040773,61159,287.4,21.91,0.016625,90577,315.0,21.16,0.026637,631.1,0.000000,732.5,198273,461.3,118964,346.6,0.40,0.000411,121374,347.3,4.07,0.005054,92654,314.1,-37.42,-0.048325
272.09,0.0039433,0.053162,88388,91536,91562,90565,306.2,272.1,0.000000,235.3,86111,1011.3,65890,292.6,0.64,0.000436,68032,294.0,6.61,0.005438,91353,316.6,-22.82,-0.028835,92.1,0.000000,301.0,773834,1761.9,117242,347.5,1.21,0.001227,109606,337.7,32.86,0.038047,87208,311.5,84.63,0.103759,452.1,0.040624,291.0,61534,353.3,64137,289.3,59.35,0.039571,60656,286.8,21.43,0.016170,90447,314.7,23.06,0.029016,632.1,0.000000,250.0,202072,463.7,119242,346.8,0.48,0.000492,121354,347.3,4.55,0.005647,92454,314.1,-41.05,-0.052907
273.09,0.0039579,0.053210,88377,91546,91454,90590,306.1,273.1,-0.000000,168.6,85141,1008.0,66118,292.9,0.71,0.000483,67942,293.9,7.40,0.006079,91226,316.5,-21.62,-0.027284,93.1,0.000000,100.0,761033,1755.4,117900,348.1,1.14,0.001157,110666,338.6,30.78,0.035878,87177,311.6,84.13,0.103050,453.1,0.039423,290.3,61138,352.2,63606,288.6,57.90,0.038377,60173,286.1,20.95,0.015711,90311,314.4,24.89,0.031310,633.1,0.000000,100.0,206011,466.0,119556,347.1,0.54,0.000560,121335,347.3,4.96,0.006165,92267,314.1,-44.41,-0.057116
274.10,0.0039724,0.053258,88379,91530,91367,90623,306.0,274.1,-0.000000,100.0,84172,1004.7,66369,293.2,0.78,0.000532,67873,293.8,8.09,0.006646,91107,316.4,-20.31,-0.025616,94.1,0.000000,427.2,748661,1749.0,118540,348.6,1.09,0.001117,111719,339.6,28.67,0.033634,87161,311.7,83.56,0.102299,454.1,0.038240,289.5,60739,351.1,63079,287.9,56.46,0.037203,59713,285.5,20.46,0.015260,90181,314.1,26.70,0.033571,634.1,0.000000,395.7,210095,468.4,119894,347.3,0.59,0.000609,121311,347.3,5.31,0.006590,92099,314.2,-47.50,-0.060971
275.10,0.0039869,0.053304,88426,91489,91304,90664,305.9,275.1,0.000000,100.0,83205,1001.4,66641,293.5,0.85,0.000580,67831,293.8,8.72,0.007155,91007,316.3,-18.90,-0.023815,95.1,0.000000,100.0,736699,1742.8,119173,349.1,1.07,0.001098,112754,340.6,26.56,0.031360,87170,311.9,82.95,0.101517,455.1,0.037086,288.7,60336,350.0,62558,287.3,55.05,0.036061,59288,285.0,20.02,0.014856,90065,313.8,28.51,0.035835,635.1,0.000000,100.0,214333,470.9,120245,347.6,0.61,0.000638,121280,347.2,5.56,0.006910,91952,314.3,-50.33,-0.064475
276.10,0.0040015,0.053348,88502,91428,91265,90713,305.9,276.1,-0.000000,686.9,82239,998.0,66934,293.9,0.91,0.000624,67822,293.8,9.28,0.007616,90930,316.2,-17.38,-0.021880,96.1,0.000000,100.0,725131,1736.6,119805,349.7,1.06,0.001091,113759,341.5,24.49,0.029103,87206,312.0,82.28,0.100692,456.1,0.035976,287.9,59931,348.9,62046,286.6,53.69,0.034963,58908,284.5,19.71,0.014560,89971,313.5,30.34,0.038119,636.1,0.000000,147.0,218729,473.4,120598,347.9,0.62,0.000648,121238,347.2,5.73,0.007117,91825,314.4,-52.87,-0.067615
277.11,0.0040160,0.053387,88630,91347,91238,90770,305.9,277.1,-0.000000,103.3,81272,994.6,67243,294.3,0.96,0.000661,67847,293.8,9.81,0.008056,90876,316.2,-15.76,-0.019839,97.1,0.000000,100.0,713943,1730.6,120436,350.2,1.05,0.001086,114721,342.3,22.51,0.026903,87268,312.1,81.53,0.099806,457.1,0.034921,287.2,59526,347.8,61543,285.9,52.39,0.033921,58587,284.0,19.52,0.014363,89895,313.3,32.17,0.040413,637.1,0.000000,199.4,223293,476.0,120946,348.2,0.61,0.000641,121184,347.2,5.81,0.007208,91717,314.6,-55.14,-0.070391
278.11,0.0040306,0.053420,88838,91253,91212,90834,305.8,278.1,0.000000,100.0,80303,991.2,67563,294.7,1.00,0.000688,67909,293.9,10.34,0.008494,90839,316.1,-14.10,-0.017736,98.1,0.000000,100.0,703119,1724.7,121060,350.7,1.03,0.001072,115630,343.1,20.63,0.024791,87346,312.2,80.69,0.098839,458.1,0.033930,286.5,59121,346.8,61051,285.2,51.17,0.032943,58376,283.7,19.57,0.014358,89832,313.1,33.98,0.042684,638.1,0.000000,186.0,228031,478.7,121282,348.5,0.60,0.000623,121115,347.1,5.78,0.007177,91619,314.8,-57.14,-0.072821
279.11,0.0040451,0.053444,89125,91163,91179,90904,305.8,279.1,-0.000000,308.3,79334,987.8,67887,295.1,1.01,0.000701,68012,294.0,10.86,0.008929,90808,316.1,-12.42,-0.015617,99.1,0.000000,100.0,692644,1718.9,121664,351.2,1.00,0.001042,116478,343.9,18.86,0.022784,87429,312.3,79.78,0.097780,459.1,0.033007,285.8,58718,345.8,60571,284.6,50.03,0.032031,58295,283.6,20.18,0.014790,89770,312.9,35.74,0.044894,639.1,0.000000,122.2,232952,481.4,121606,348.7,0.57,0.000600,121037,347.0,5.66,0.007023,91526,315.0,-58.90,-0.074935
280.12,0.0040597,0.053456,89486,91081,91129,90979,305.8,280.1,0.000000,823.1,78368,984.3,68210,295.5,1.01,0.000701,68158,294.2,11.37,0.009369,90775,316.1,-10.76,-0.013527,100.1,0.000000,100.0,682504,1713.2,122238,351.7,0.95,0.000990,117261,344.6,17.21,0.020894,87505,312.4,78.79,0.096633,460.1,0.032151,285.1,58318,344.8,60102,284.0,48.98,0.031185,58298,283.7,21.22,0.015558,89701,312.7,37.42,0.047005,640.1,0.000000,100.0,238066,484.1,121916,349.0,0.55,0.000575,120941,347.0,5.47,0.006776,91430,315.2,-60.45,-0.076772
281.12,0.0040742,0.053453,89893,91008,91061,91055,305.7,281.1,0.000000,186.5,77276,980.4,68525,295.9,0.99,0.000687,68344,294.4,11.90,0.009819,90732,316.0,-9.15,-0.011507,101.1,0.000000,422.1,672687,1707.6,122767,352.1,0.88,0.000918,117976,345.2,15.69,0.019127,87564,312.5,77.76,0.095416,461.1,0.031358,284.4,57921,343.8,59643,283.3,48.01,0.030400,58350,283.8,22.45,0.016464,89618,312.5,39.02,0.048989,641.1,0.000000,303.8,243381,486.9,122213,349.2,0.52,0.000552,120835,346.9,5.19,0.006431,91326,315.4,-61.83,-0.078380
282.13,0.0040888,0.053437,90240,90949,90982,91130,305.6,282.1,-0.000000,179.2,76319,976.9,68825,296.2,0.94,0.000658,68566,294.7,12.43,0.010283,90676,316.0,-7.61,-0.009568,102.1,0.000000,1560.0,663179,1702.1,123245,352.5,0.79,0.000831,118621,345.8,14.29,0.017487,87606,312.5,76.72,0.094160,462.1,0.030618,283.7,57530,342.8,59193,282.7,47.11,0.029667,58479,284.0,23.90,0.017553,89518,312.3,40.52,0.050845,642.1,0.000000,121642.6,248909,489.8,122500,349.5,0.50,0.000531,120725,346.8,4.83,0.005977,91214,315.6,-63.06,-0.079790
283.13,0.0041034,0.053408,90605,90903,90896,91202,305.5,283.1,-0.000000,100.0,75359,973.4,69104,296.6,0.88,0.000615,68817,295.0,12.97,0.010759,90608,315.9,-6.12,-0.007687,103.1,0.000000,918.6,653971,1696.8,123664,352.8,0.70,0.000733,119200,346.3,13.01,0.015977,87631,312.5,75.67,0.092903,463.1,0.029919,283.1,57143,341.9,58750,282.1,46.26,0.028975,58705,284.3,25.62,0.018873,89407,312.2,41.94,0.052591,643.1,0.000000,271.0,254658,492.8,122776,349.7,0.48,0.000511,120613,346.7,4.37,0.005409,91099,315.8,-64.16,-0.081026
284.14,0.0041179,0.053367,90961,90864,90801,91269,305.4,284.1,-0.000000,237.9,74400,969.8,69357,296.9,0.80,0.000562,69090,295.4,13.51,0.011239,90528,315.8,-4.65,-0.005839,104.1,0.000000,100.0,645050,1691.5,124025,353.1,0.60,0.000632,119717,346.7,11.85,0.014597,87640,312.5,74.66,0.091670,464.1,0.029248,282.4,56763,341.0,58314,281.5,45.44,0.028311,59011,284.7,27.68,0.020463,89284,312.0,43.29,0.054238,644.1,0.000000,1722.6,260641,495.8,123041,349.9,0.46,0.000489,120501,346.6,3.82,0.004725,90981,316.0,-65.15,-0.082122
285.07,0.0041314,0.053319,91151,90831,90710,91323,305.3,285.1,-0.000000,354.7,73402,966.1,69565,297.1,0.72,0.000507,69359,295.7,14.00,0.011678,90443,315.8,-3.31,-0.004148,105.1,0.000000,273.0,637062,1686.7,124306,353.4,0.51,0.000541,120147,347.1,10.88,0.013437,87637,312.5,73.76,0.090553,465.1,0.028614,281.9,56417,340.2,57915,281.0,44.69,0.027709,59359,285.2,29.79,0.022115,89161,311.9,44.48,0.055678,645.1,0.000000,6379.8,266380,498.6,123272,350.1,0.44,0.000464,120398,346.5,3.23,0.003993,90872,316.2,-65.99,-0.083035
286.07,0.0041460,0.053263,91290,90792,90614,91373,305.3,286.1,0.000000,5541.1,72445,962.5,69764,297.4,0.63,0.000447,69663,296.1,14.51,0.012138,90347,315.7,-1.84,-0.002304,106.1,0.000000,188.7,628668,1681.6,124560,353.6,0.42,0.000449,120572,347.5,9.93,0.012295,87626,312.5,72.81,0.089382,466.1,0.027977,281.2,56047,339.3,57485,280.4,43.87,0.027057,59786,285.8,32.25,0.024057,89022,311.8,45.73,0.057177,646.1,0.000000,545.1,272843,501.7,123502,350.3,0.40,0.000427,120287,346.4,2.51,0.003096,90755,316.4,-66.82,-0.083928
287.08,0.0041606,0.053202,91395,90752,90517,91415,305.2,287.1,0.000000,395.2,71491,958.8,69937,297.6,0.55,0.000391,69978,296.5,14.98,0.012568,90248,315.6,-0.35,-0.000442,107.1,0.000000,692.2,620534,1676.7,124766,353.7,0.34,0.000366,120966,347.8,9.08,0.011260,87611,312.5,71.89,0.088248,467.1,0.027302,280.6,55683,338.4,57058,279.8,43.03,0.026395,60246,286.5,34.80,0.026100,88878,311.6,46.94,0.058622,647.1,0.000000,152.0,279573,504.9,123703,350.4,0.36,0.000379,120175,346.3,1.70,0.002097,90641,316.6,-67.59,-0.084739
288.09,0.0041752,0.053140,91459,90716,90434,91449,305.1,288.1,-0.000000,100.0,70536,955.1,70091,297.8,0.49,0.000345,70300,296.9,15.38,0.012953,90040,315.4,0.97,0.001216,108.1,0.000000,267.6,612652,1671.8,124931,353.9,0.28,0.000295,121339,348.1,8.30,0.010318,87597,312.5,71.02,0.087171,468.1,0.026616,280.0,55325,337.6,56640,279.2,42.17,0.025735,60728,287.2,37.38,0.028193,88740,311.5,48.15,0.060049,648.1,0.000000,100.0,286584,508.2,123870,350.6,0.30,0.000318,120060,346.2,0.81,0.000999,90536,316.8,-68.29,-0.085462
289.09,0.0041898,0.053076,91516,90677,90352,91475,305.0,289.1,-0.000000,265.7,69580,951.4,70233,298.0,0.44,0.000314,70628,297.3,15.72,0.013278,89881,315.2,2.44,0.003041,109.1,0.000000,338.5,605014,1667.0,125064,354.0,0.22,0.000237,121703,348.4,7.59,0.009451,87586,312.5,70.17,0.086121,469.1,0.025956,279.4,54972,336.8,56239,278.6,41.36,0.025114,61220,287.9,39.96,0.030315,88602,311.5,49.34,0.061446,649.1,0.000000,363.6,293889,511.6,123994,350.7,0.23,0.000244,119933,346.1,-0.15,-0.000187,90435,317.0,-68.93,-0.086115
290.10,0.0042044,0.053010,91664,90635,90281,91493,304.9,290.1,0.000000,879.0,68621,947.6,70371,298.1,0.42,0.000301,70957,297.7,15.97,0.013534,89759,315.0,3.99,0.004978,110.1,0.000000,100.0,597611,1662.3,125171,354.1,0.18,0.000190,122064,348.7,6.92,0.008637,87579,312.5,69.35,0.085109,470.1,0.025386,278.8,54625,336.0,55865,278.1,40.69,0.024588,61721,288.6,42.54,0.032456,88470,311.4,50.52,0.062834,650.1,0.000000,313.1,301503,515.0,124071,350.7,0.15,0.000160,119788,346.0,-1.18,-0.001450,90343,317.2,-69.51,-0.086693
291.11,0.0042190,0.052940,91776,90607,90221,91502,304.9,291.1,-0.000000,100.0,67665,943.8,70516,298.3,0.43,0.000309,71284,298.1,16.13,0.013718,89664,314.9,5.61,0.006997,111.1,0.000000,360.2,590436,1657.7,125257,354.1,0.14,0.000153,122425,349.0,6.28,0.007861,87580,312.5,68.56,0.084130,471.1,0.024956,278.3,54287,335.2,55519,277.6,40.21,0.024188,62234,289.3,45.13,0.034633,88344,311.4,51.70,0.064224,651.1,0.000000,362.8,309442,518.5,124092,350.7,0.06,0.000063,119619,345.9,-2.26,-0.002783,90261,317.4,-70.02,-0.087195
292.12,0.0042336,0.052861,92234,90589,90169,91499,304.8,292.1,0.000000,193.9,66713,939.9,70678,298.5,0.47,0.000338,71606,298.5,16.21,0.013829,89587,314.8,7.28,0.009073,112.1,0.000000,520.0,583479,1653.2,125325,354.2,0.11,0.000122,122784,349.3,5.67,0.007107,87592,312.5,67.76,0.083160,472.1,0.024675,277.8,53959,334.4,55204,277.2,39.96,0.023941,62767,290.0,47.77,0.036874,88225,311.4,52.89,0.065617,652.1,0.000000,100.0,317724,522.0,124065,350.7,-0.03,-0.000027,119422,345.7,-3.40,-0.004179,90189,317.6,-70.47,-0.087623
293.13,0.0042482,0.052769,92405,90566,90129,91481,304.8,293.1,0.000000,342.5,65754,936.0,70866,298.7,0.54,0.000387,71924,298.8,16.20,0.013867,89524,314.7,8.99,0.011193,113.1,0.000000,480.3,576734,1648.8,125378,354.2,0.09,0.000095,123138,349.6,5.07,0.006368,87617,312.5,66.95,0.082183,473.1,0.024511,277.3,53643,333.7,54924,276.8,40.11,0.023945,63327,290.8,50.48,0.039214,88113,311.4,54.09,0.067016,653.1,0.000000,100.0,326365,525.7,123979,350.6,-0.12,-0.000131,119195,345.5,-4.59,-0.005628,90129,317.8,-70.85,-0.087985
294.14,0.0042628,0.052678,92296,90540,90106,91444,304.8,294.1,0.000000,100.0,64795,932.1,71087,299.0,0.63,0.000453,72234,299.2,16.12,0.013833,89472,314.6,10.73,0.013359,114.1,0.000000,506.4,570196,1644.5,125417,354.2,0.07,0.000070,123480,349.9,4.48,0.005643,87658,312.5,66.13,0.081209,474.1,0.024592,276.9,53342,333.0,54700,276.4,40.85,0.024313,63920,291.6,53.30,0.041679,88008,311.4,55.30,0.068436,654.1,0.000000,452.9,335384,529.4,123831,350.5,-0.23,-0.000239,118939,345.3,-5.81,-0.007120,90081,318.0,-71.17,-0.088275
295.07,0.0042763,0.052600,92111,90513,90089,91397,304.7,295.1,-0.000000,100.0,63928,928.5,71327,299.3,0.73,0.000526,72509,299.6,15.98,0.013754,89429,314.4,12.37,0.015398,115.1,0.000000,100.0,564337,1640.6,125439,354.3,0.04,0.000046,123779,350.2,3.96,0.004994,87711,312.6,65.36,0.080307,475.1,0.025096,276.6,53081,332.3,54554,276.2,42.05,0.024980,64497,292.4,56.01,0.044069,87917,311.4,56.43,0.069763,655.1,0.000000,217.6,344061,532.9,123645,350.4,-0.31,-0.000334,118679,345.1,-6.97,-0.008526,90045,318.2,-71.41,-0.088485
296.08,0.0042910,0.052525,91837,90493,90073,91331,304.7,296.1,-0.000000,100.0,63104,924.9,71629,299.6,0.85,0.000615,72793,299.9,15.79,0.013624,89386,314.3,14.15,0.017626,116.1,0.000000,521.5,558177,1636.4,125447,354.3,0.02,0.000020,124078,350.4,3.42,0.004322,87775,312.6,64.50,0.079295,476.1,0.025947,276.4,52822,331.7,54449,276.1,43.85,0.026013,65148,293.2,59.01,0.046763,87821,311.4,57.65,0.071192,656.1,0.000000,330.3,353861,536.8,123395,350.2,-0.40,-0.000428,118375,344.8,-8.25,-0.010068,90014,318.4,-71.64,-0.088684
297.09,0.0043056,0.052462,91505,90480,90084,91252,304.7,297.1,-0.000000,391.9,62142,920.9,71976,300.1,0.98,0.000709,73063,300.2,15.56,0.013461,89349,314.2,15.97,0.019891,117.1,0.000000,379.8,552207,1632.3,125442,354.3,-0.00,-0.000004,124346,350.6,2.92,0.003695,87851,312.6,63.62,0.078280,477.1,0.027111,276.3,52590,331.0,54399,276.0,46.10,0.027330,65810,294.1,62.04,0.049514,87733,311.4,58.88,0.072638,657.1,0.000000,357.5,364094,540.8,123098,349.9,-0.49,-0.000515,118055,344.6,-9.54,-0.011618,89996,318.6,-71.84,-0.088857
298.09,0.0043202,0.052413,91119,90474,90117,91164,304.8,298.1,0.000000,100.0,61316,917.2,72367,300.5,1.11,0.000803,73319,300.5,15.32,0.013287,89326,314.0,17.84,0.022221,118.1,0.000000,358.4,546420,1628.3,125425,354.3,-0.02,-0.000025,124581,350.8,2.46,0.003122,87945,312.7,62.77,0.077300,478.1,0.028517,276.3,52387,330.5,54419,276.1,48.80,0.028934,66466,295.0,65.02,0.052256,87661,311.4,60.15,0.074133,658.1,0.000000,100.0,374782,544.8,122757,349.7,-0.56,-0.000596,117722,344.3,-10.82,-0.013159,90002,318.8,-72.01,-0.089015
299.10,0.0043348,0.052380,90681,90480,90144,91069,304.8,299.1,0.000000,215.9,60350,913.1,72799,301.0,1.22,0.000890,73561,300.8,15.09,0.013121,89310,313.9,19.74,0.024587,119.1,0.000000,470.5,540812,1624.4,125397,354.2,-0.04,-0.000042,124779,351.0,2.06,0.002607,88045,312.7,61.91,0.076327,479.1,0.030205,276.5,52217,329.9,54515,276.2,51.94,0.030833,67097,295.8,67.88,0.054921,87600,311.4,61.41,0.075634,659.1,0.000000,259.5,385948,549.0,122374,349.3,-0.64,-0.000674,117380,344.0,-12.09,-0.014673,90023,319.0,-72.17,-0.089166
300.11,0.0043494,0.052362,90255,90498,90159,90971,304.8,300.1,0.000000,225.9,59513,909.3,73264,301.6,1.32,0.000962,73789,301.1,14.90,0.012982,89294,313.8,21.62,0.026936,120.1,0.000000,536.8,535378,1620.6,125366,354.2,-0.05,-0.000051,124941,351.1,1.69,0.002149,88138,312.7,61.04,0.075321,480.1,0.032217,276.8,52083,329.4,54662,276.4,55.46,0.032985,67689,296.6,70.58,0.057460,87539,311.5,62.64,0.077082,660.1,0.000000,736.4,397616,553.2,121950,349.0,-0.71,-0.000750,117032,343.7,-13.34,-0.016146,90047,319.2,-72.33,-0.089334
301.12,0.0043640,0.052360,89910,90522,90176,90872,304.8,301.1,0.000000,147.5,58674,905.5,73749,302.1,1.38,0.001013,74005,301.3,14.76,0.012884,89273,313.6,23.47,0.029253,121.1,0.000000,650.3,530111,1616.8,125337,354.2,-0.05,-0.000048,125067,351.2,1.37,0.001738,88223,312.8,60.15,0.074287,481.1,0.034456,277.3,51987,329.0,54873,276.7,59.31,0.035373,68238,297.3,73.10,0.059850,87476,311.5,63.81,0.078466,661.1,0.000000,380.9,409813,557.5,121486,348.6,-0.79,-0.000824,116676,343.4,-14.54,-0.017564,90067,319.4,-72.50,-0.089516
302.13,0.0043786,0.052368,89661,90543,90202,90775,304.9,302.1,0.000000,319.8,57830,901.7,74245,302.7,1.41,0.001040,74211,301.6,14.67,0.012833,89251,313.5,25.31,0.031553,122.1,0.000000,100.0,524978,1613.1,125317,354.2,-0.03,-0.000035,125158,351.3,1.07,0.001363,88308,312.8,59.27,0.073262,482.1,0.036881,278.0,51930,328.6,55143,277.1,63.36,0.037922,68743,297.9,75.44,0.062086,87416,311.5,64.96,0.079815,662.1,0.000000,100.0,422565,561.9,120983,348.2,-0.86,-0.000897,116310,343.1,-15.70,-0.018919,90085,319.6,-72.66,-0.089681
303.13,0.0043932,0.052384,89508,90560,90234,90680,304.9,303.1,0.000000,301.0,56994,897.8,74738,303.3,1.40,0.001041,74407,301.8,14.63,0.012827,89231,313.4,27.15,0.033848,123.1,0.000000,100.0,519847,1608.9,125312,354.2,-0.01,-0.000013,125216,351.4,0.79,0.001008,88399,312.8,58.40,0.072254,483.1,0.039393,278.7,51914,328.2,55456,277.6,67.43,0.040518,69212,298.5,77.61,0.064179,87361,311.5,66.09,0.081145,663.1,0.000000,380.5,435904,566.4,120440,347.8,-0.93,-0.000970,115929,342.8,-16.81,-0.020210,90103,319.7,-72.77,-0.089795
304.14,0.0044078,0.052403,89434,90583,90272,90587,304.9,304.1,-0.000000,1783.4,56032,893.4,75218,303.9,1.37,0.001021,74597,302.1,14.65,0.012862,89214,313.2,28.98,0.036137,124.1,0.000000,330.5,514870,1604.9,125320,354.2,0.01,0.000009,125240,351.4,0.52,0.000662,88502,312.8,57.52,0.071242,484.1,0.041903,279.6,51938,327.9,55811,278.1,71.42,0.043110,69650,299.1,79.63,0.066144,87312,311.6,67.20,0.082457,664.1,0.000000,9671.2,449862,571.0,119856,347.3,-1.01,-0.001045,115526,342.4,-17.87,-0.021441,90117,319.9,-72.81,-0.089811
305.07,0.0044213,0.052422,89405,90596,90316,90502,305.0,305.1,-0.000000,100.0,55318,890.0,75644,304.3,1.32,0.000986,74771,302.3,14.69,0.012922,89202,313.1,30.66,0.038253,125.1,0.000000,242.2,510408,1601.2,125343,354.2,0.03,0.000035,125235,351.4,0.27,0.000340,88613,312.9,56.67,0.070276,485.1,0.044303,280.5,51994,327.7,56186,278.7,75.03,0.045499,70033,299.6,81.37,0.067851,87274,311.6,68.22,0.083661,665.1,0.000000,1437.0,463324,575.4,119280,346.8,-1.08,-0.001116,115127,342.1,-18.83,-0.022534,90131,320.0,-72.74,-0.089714
306.08,0.0044359,0.052444,89374,90582,90374,90409,305.0,306.1,-0.000000,105.8,54524,886.1,76080,304.8,1.24,0.000933,74961,302.5,14.76,0.013006,89194,313.0,32.50,0.040551,126.1,0.000000,100.0,505710,1597.3,125385,354.2,0.06,0.000065,125201,351.4,-0.02,-0.000021,88760,312.9,55.66,0.069132,486.1,0.046706,281.5,52092,327.5,56647,279.3,78.85,0.048097,70427,300.1,83.13,0.069588,87239,311.6,69.31,0.084965,666.1,0.000000,543.0,478568,580.1,118615,346.2,-1.16,-0.001195,114656,341.7,-19.85,-0.023688,90157,320.1,-72.59,-0.089527
307.08,0.0044505,0.052467,89316,90554,90439,90316,305.1,307.1,0.000000,100.0,53743,882.3,76485,305.3,1.15,0.000869,75153,302.7,14.83,0.013095,89191,312.8,34.32,0.042849,127.1,0.000000,100.0,501149,1593.4,125442,354.3,0.09,0.000091,125140,351.3,-0.31,-0.000399,88948,313.0,54.47,0.067779,487.1,0.049217,282.6,52228,327.4,57165,280.1,82.59,0.050701,70798,300.5,84.75,0.071209,87212,311.6,70.40,0.086268,667.1,0.000000,198.8,494534,585.0,117907,345.6,-1.24,-0.001274,114134,341.2,-20.88,-0.024831,90185,320.2,-72.36,-0.089231
308.09,0.0044651,0.052493,89206,90524,90505,90221,305.2,308.1,0.000000,1482.1,52974,878.5,76855,305.7,1.05,0.000798,75354,303.0,14.90,0.013181,89194,312.7,36.14,0.045140,128.1,0.000000,100.0,496717,1589.7,125508,354.3,0.10,0.000106,125054,351.2,-0.63,-0.000796,89193,313.1,52.96,0.066050,488.1,0.051751,283.8,52403,327.3,57752,280.9,86.28,0.053349,71144,300.9,86.24,0.072716,87191,311.6,71.48,0.087564,668.1,0.000000,1601.1,511259,590.0,117158,345.0,-1.32,-0.001353,113551,340.7,-21.93,-0.025988,90212,320.3,-71.98,-0.088765
309.09,0.0044796,0.052523,89039,90491,90555,90124,305.2,309.1,-0.000000,228.2,52086,874.2,77189,306.1,0.95,0.000723,75568,303.2,14.97,0.013264,89194,312.6,37.93,0.047389,129.1,0.000000,100.0,492408,1585.9,125574,354.4,0.10,0.000111,124945,351.1,-0.95,-0.001207,89506,313.3,50.92,0.063697,489.1,0.054342,285.2,52616,327.3,58406,281.9,89.92,0.056042,71454,301.3,87.65,0.074136,87170,311.6,72.52,0.088819,669.1,0.000000,282.6,528782,595.1,116370,344.4,-1.40,-0.001426,112900,340.1,-23.03,-0.027183,90239,320.4,-71.47,-0.088146
310.10,0.0044942,0.052559,88838,90458,90604,90027,305.3,310.1,-0.000000,670.8,51342,870.4,77488,306.4,0.85,0.000648,75800,303.5,15.03,0.013347,89188,312.5,39.66,0.049571,130.1,0.000000,100.0,488216,1582.3,125636,354.4,0.10,0.000104,124817,351.0,-1.28,-0.001627,89899,313.6,48.16,0.060461,490.1,0.056967,286.6,52869,327.3,59116,282.9,93.45,0.058746,71726,301.6,88.99,0.075477,87142,311.6,73.52,0.090018,670.1,0.000000,431.2,547145,600.3,115550,343.7,-1.47,-0.001490,112174,339.5,-24.21,-0.028436,90265,320.4,-70.87,-0.087415
311.11,0.0045088,0.052603,88632,90434,90653,89932,305.3,311.1,0.000000,2788.6,50607,866.6,77753,306.7,0.76,0.000577,76058,303.8,15.07,0.013417,89179,312.3,41.36,0.051704,131.1,0.000000,100.0,484136,1578.7,125688,354.5,0.08,0.000090,124673,350.9,-1.62,-0.002048,90381,313.9,44.54,0.056150,491.1,0.059581,288.0,53160,327.4,59868,283.9,96.81,0.061399,71983,301.9,90.28,0.076774,87113,311.6,74.50,0.091190,671.1,0.000000,122.8,566391,605.6,114705,342.9,-1.53,-0.001542,111371,338.8,-25.46,-0.029757,90295,320.5,-70.17,-0.086573
312.11,0.0045234,0.052653,88415,90412,90681,89840,305.4,312.1,-0.000000,1208.2,49742,862.2,77990,307.0,0.67,0.000514,76345,304.1,15.08,0.013464,89161,312.2,42.99,0.053760,132.1,0.000000,365.9,480160,1575.2,125729,354.5,0.07,0.000072,124515,350.8,-1.95,-0.002464,90931,314.3,39.94,0.050595,492.1,0.062118,289.5,53489,327.6,60645,285.0,99.89,0.063935,72231,302.2,91.58,0.078068,87077,311.6,75.44,0.092306,672.1,0.000000,299.8,586566,611.0,113844,342.2,-1.58,-0.001579,110494,338.0,-26.80,-0.031149,90323,320.5,-69.43,-0.085666
313.12,0.0045379,0.052711,88195,90419,90703,89752,305.4,313.1,0.000000,100.0,49015,858.3,78203,307.2,0.60,0.000461,76663,304.5,15.05,0.013469,89131,312.1,44.57,0.055726,133.1,0.000000,370.7,476283,1571.7,125756,354.5,0.05,0.000050,124349,350.7,-2.27,-0.002872,91512,314.8,34.40,0.043787,493.1,0.064515,291.0,53853,327.8,61429,286.1,102.65,0.066295,72461,302.4,92.90,0.079379,87031,311.6,76.34,0.093356,673.1,0.000000,1215.7,607715,616.5,112975,341.5,-1.61,-0.001601,109549,337.2,-28.22,-0.032600,90347,320.5,-68.66,-0.084731
314.12,0.0045525,0.052775,87993,90390,90729,89671,305.4,314.1,-0.000000,100.0,48558,855.5,78398,307.5,0.55,0.000420,77008,304.9,14.92,0.013399,89093,312.0,46.09,0.057629,134.1,0.000000,695.6,472499,1568.3,125770,354.5,0.03,0.000027,124176,350.5,-2.59,-0.003272,92084,315.2,28.06,0.035897,494.1,0.066725,292.4,54250,328.1,62209,287.2,105.03,0.068443,72656,302.7,94.25,0.080702,86980,311.6,77.22,0.094376,674.1,0.000000,347.8,629891,622.1,112107,340.7,-1.62,-0.001607,108546,336.3,-29.71,-0.034092,90372,320.6,-67.86,-0.083770
315.12,0.0045670,0.052846,87819,90328,90755,89599,305.4,315.1,-0.000000,100.0,49017,856.6,78581,307.7,0.51,0.000392,77381,305.3,14.73,0.013273,89050,311.9,47.59,0.059482,135.1,0.000000,104.2,468803,1564.9,125768,354.5,0.00,0.000003,123999,350.4,-2.91,-0.003669,92605,315.7,21.16,0.027181,495.1,0.068726,293.8,54678,328.4,62979,288.2,107.06,0.070364,72819,302.8,95.68,0.082064,86927,311.7,78.10,0.095382,675.1,0.000000,311.8,653143,627.8,111247,340.0,-1.62,-0.001600,107494,335.4,-31.24,-0.035600,90404,320.6,-67.06,-0.082806
316.13,0.0045816,0.052921,87708,90262,90787,89535,305.5,316.1,0.000000,417.8,50744,862.8,78759,307.9,0.49,0.000375,77781,305.8,14.50,0.013116,89004,311.9,49.06,0.061291,136.1,0.000000,100.0,465188,1561.6,125753,354.5,-0.02,-0.000021,123819,350.2,-3.23,-0.004072,93040,316.0,13.91,0.017927,496.1,0.068103,295.0,55106,328.8,64317,290.1,106.69,0.071140,72952,302.9,97.18,0.083467,86872,311.7,78.98,0.096379,676.1,0.000000,100.0,677528,633.6,110399,339.2,-1.62,-0.001585,106406,334.4,-32.79,-0.037096,90444,320.6,-66.29,-0.081874
317.13,0.0045961,0.052999,87574,90203,90829,89481,305.5,317.1,0.000000,385.5,54259,876.5,78935,308.1,0.48,0.000369,78197,306.2,14.25,0.012935,88960,311.9,50.51,0.063080,137.1,0.000000,245.7,461650,1558.3,125718,354.5,-0.05,-0.000053,123637,350.1,-3.57,-0.004494,93379,316.3,6.52,0.008423,497.1,0.071927,296.3,55584,329.2,64860,290.9,109.08,0.073166,73056,303.0,98.73,0.084898,86822,311.8,79.88,0.097394,677.1,0.000000,100.0,703101,639.6,109564,338.5,-1.61,-0.001566,105291,333.4,-34.33,-0.038554,90495,320.6,-65.53,-0.080974
318.13,0.0046106,0.053080,87469,90144,90942,89440,305.6,318.1,0.000000,237.6,58559,893.1,79114,308.3,0.48,0.000372,78622,306.7,13.98,0.012745,88932,312.0,52.02,0.064924,138.1,0.000000,100.0,458181,1555.1,125659,354.4,-0.09,-0.000093,123451,349.9,-3.93,-0.004944,93006,316.0,-2.23,-0.002878,498.1,0.073416,297.5,56085,329.6,65462,291.6,110.87,0.074854,73131,303.0,100.30,0.086325,86791,312.0,80.88,0.098523,678.1,0.000000,521.6,729920,645.6,108741,337.7,-1.60,-0.001548,104159,332.3,-35.85,-0.039948,90580,320.7,-64.70,-0.080014
319.14,0.0046252,0.053164,87399,90092,91018,89409,305.7,319.1,-0.000000,397.8,63465,911.1,79299,308.5,0.49,0.000381,79055,307.2,13.74,0.012575,88891,312.1,53.46,0.066665,139.1,0.000000,100.0,454777,1551.8,125570,354.4,-0.13,-0.000140,123262,349.7,-4.32,-0.005435,92736,315.8,-9.99,-0.012849,499.1,0.072320,314.4,56582,330.1,66716,293.4,109.51,0.074903,73174,303.0,101.84,0.087709,86748,312.2,81.85,0.099588,679.1,0.000000,1452.3,758046,651.7,107925,337.0,-1.60,-0.001538,103018,331.3,-37.31,-0.041257,90676,320.8,-63.94,-0.079130
320.14,0.0046397,0.053248,87355,90052,91033,89389,305.7,320.1,0.000000,404.1,68600,928.6,79490,308.7,0.51,0.000394,79496,307.7,13.55,0.012451,88822,312.3,54.82,0.068275,140.1,0.000000,1170.2,451432,1548.7,125448,354.3,-0.18,-0.000195,123069,349.6,-4.76,-0.005973,92620,315.7,-17.02,-0.021858,500.1,0.075701,299.6,57122,330.6,67123,294.0,111.31,0.076451,73186,303.0,103.34,0.089024,86674,312.4,82.77,0.100548,680.1,0.000000,144.0,787540,658.0,107106,336.3,-1.61,-0.001542,101874,330.2,-38.71,-0.042465,90762,320.8,-63.28,-0.078375
321.07,0.0046531,0.053326,87338,90032,90999,89380,305.7,321.1,0.000000,100.0,73670,944.6,79674,308.9,0.53,0.000408,79910,308.2,13.45,0.012400,88715,312.4,55.93,0.069550,141.1,0.000000,372.7,448394,1545.7,125304,354.2,-0.23,-0.000250,122887,349.4,-5.19,-0.006512,92554,315.7,-23.23,-0.029823,501.1,0.076545,300.6,57635,331.1,67589,294.6,112.61,0.077707,73173,302.9,104.65,0.090166,86561,312.6,83.52,0.101252,681.1,0.000000,418.3,816034,663.9,106338,335.6,-1.64,-0.001564,100819,329.2,-39.93,-0.043480,90800,320.9,-62.86,-0.077888
322.07,0.0046676,0.053410,87363,90031,90944,89381,305.7,322.1,0.000000,324.8,79105,960.6,79882,309.1,0.55,0.000427,80366,308.7,13.44,0.012437,88578,312.5,57.01,0.070740,142.1,0.000000,100.0,445148,1542.6,125113,354.0,-0.29,-0.000310,122685,349.2,-5.70,-0.007139,92464,315.7,-29.69,-0.038078,502.1,0.074962,301.8,58180,331.6,68769,296.3,110.95,0.077461,73141,302.8,106.01,0.091326,86415,312.9,84.25,0.101879,682.1,0.000000,234.5,848336,670.3,105479,334.8,-1.70,-0.001613,99683,328.1,-41.17,-0.044465,90789,320.8,-62.56,-0.077514
323.07,0.0046822,0.053490,87415,90058,90874,89393,305.6,323.1,0.000024,309.8,84790,976.0,80092,309.4,0.58,0.000452,80825,309.2,13.54,0.012589,88436,312.7,57.96,0.071776,143.1,0.000000,100.0,441943,1539.5,124890,353.8,-0.34,-0.000366,122477,349.1,-6.23,-0.007801,92298,315.6,-35.79,-0.045837,503.1,0.078081,302.5,58765,332.2,69096,296.7,112.26,0.078635,73096,302.7,107.29,0.092414,86265,313.2,84.91,0.102407,683.1,0.000000,150.2,882192,676.9,104578,334.0,-1.79,-0.001690,98556,327.1,-42.31,-0.045329,90750,320.8,-62.31,-0.077181
324.07,0.0046967,0.053568,87452,90170,90789,89414,305.5,324.1,0.000107,310.2,90364,989.9,80289,309.6,0.64,0.000497,81291,309.7,13.76,0.012846,88299,312.9,58.83,0.072693,144.1,0.000000,713.6,438773,1536.4,124637,353.6,-0.39,-0.000417,122263,348.9,-6.79,-0.008484,92052,315.4,-41.34,-0.052826,504.1,0.078612,303.5,59361,332.8,69555,297.3,113.27,0.079706,73046,302.5,108.51,0.093441,86119,313.5,85.52,0.102863,684.1,0.000000,384.4,917664,683.5,103619,333.1,-1.92,-0.001793,97443,326.0,-43.35,-0.046076,90703,320.7,-62.13,-0.076940
325.07,0.0047112,0.053643,87527,90237,90691,89444,305.4,325.1,0.000100,310.5,95755,1002.4,80515,309.8,0.70,0.000546,81760,310.2,14.09,0.013206,88170,313.1,59.62,0.073509,145.1,0.000000,808.9,435634,1533.3,124359,353.4,-0.43,-0.000460,122044,348.7,-7.35,-0.009174,91785,315.2,-46.23,-0.058939,505.1,0.076716,304.5,59944,333.4,70641,298.8,111.58,0.079345,72998,302.4,109.66,0.094421,85980,313.8,86.09,0.103265,685.1,0.000000,2005.7,954816,690.3,102593,332.2,-2.07,-0.001921,96348,324.9,-44.30,-0.046712,90651,320.6,-62.07,-0.076832
326.07,0.0047257,0.053713,87683,90291,90588,89482,305.3,326.1,0.000072,310.8,100921,1013.5,80773,310.1,0.75,0.000584,82227,310.7,14.51,0.013651,88047,313.3,60.32,0.074222,146.1,0.000000,2506.6,432522,1530.3,124062,353.1,-0.47,-0.000495,121820,348.5,-7.91,-0.009861,91534,315.1,-50.52,-0.064272,506.1,0.079700,305.2,60566,334.0,70992,299.3,112.64,0.080372,72958,302.2,110.77,0.095365,85845,314.2,86.60,0.103617,686.1,0.000000,296.2,993710,697.1,101489,331.2,-2.24,-0.002065,95274,323.9,-45.17,-0.047246,90594,320.6,-62.12,-0.076875
327.08,0.0047402,0.053776,87843,90314,90493,89526,305.2,327.1,0.000016,948.8,105881,1023.5,81066,310.4,0.76,0.000598,82682,311.2,14.98,0.014152,87932,313.6,60.95,0.074843,147.1,0.000000,190.2,429431,1527.2,123752,352.9,-0.49,-0.000520,121592,348.3,-8.46,-0.010532,91309,314.9,-54.30,-0.068940,507.1,0.080166,306.2,61198,334.7,71465,299.9,113.37,0.081265,72930,302.1,111.83,0.096280,85715,314.5,87.09,0.103938,687.1,0.000000,1965.4,1034403,704.0,100307,330.0,-2.42,-0.002217,94226,322.8,-45.95,-0.047689,90529,320.5,-62.36,-0.077132
328.08,0.0047547,0.053834,87939,90323,90416,89575,305.2,328.1,-0.000029,946.3,110602,1032.5,81394,310.8,0.73,0.000576,83118,311.7,15.48,0.014679,87832,313.8,61.53,0.075410,148.1,0.000000,323.4,426358,1524.1,123431,352.6,-0.51,-0.000539,121362,348.1,-8.99,-0.011180,91110,314.8,-57.62,-0.073014,508.1,0.078037,307.1,61815,335.3,72469,301.2,111.87,0.080951,72918,302.0,112.84,0.097172,85597,314.7,87.56,0.104271,688.1,0.000000,398.7,1076949,711.1,99048,328.9,-2.61,-0.002369,93206,321.8,-46.66,-0.048050,90461,320.4,-62.71,-0.077539
329.08,0.0047693,0.053887,87998,90316,90360,89629,305.1,329.1,-0.000079,944.2,114566,1039.4,81759,311.3,0.64,0.000506,83532,312.2,15.98,0.015207,87753,314.1,62.09,0.075957,149.1,0.000000,1313.8,423296,1521.1,123105,352.4,-0.52,-0.000551,121130,347.9,-9.50,-0.011799,90940,314.7,-60.50,-0.076545,509.1,0.080971,307.8,62470,336.0,72866,301.8,112.67,0.081832,72929,301.9,113.80,0.098046,85498,315.0,88.05,0.104647,689.1,0.000000,100.0,1121394,718.2,97720,327.6,-2.80,-0.002510,92219,320.8,-47.30,-0.048341,90400,320.3,-63.13,-0.078026
330.08,0.0047838,0.053938,88072,90291,90325,89687,305.1,330.1,-0.000149,942.6,118329,1045.5,82160,312.0,0.48,0.000379,83923,312.6,16.47,0.015718,87699,314.4,62.62,0.076496,150.1,0.000000,100.0,420240,1518.0,122773,352.1,-0.54,-0.000561,120897,347.6,-9.98,-0.012384,90801,314.7,-63.00,-0.079598,510.1,0.078728,308.8,63109,336.6,73962,303.2,110.90,0.081367,72968,301.8,114.70,0.098898,85420,315.2,88.56,0.105076,690.1,0.000000,516.0,1167778,725.3,96335,326.3,-2.96,-0.002633,91265,319.8,-47.87,-0.048567,90356,320.2,-63.59,-0.078566
331.08,0.0047983,0.053985,88161,90252,90306,89749,305.1,331.1,-0.000244,941.1,121560,1050.2,82598,312.8,0.23,0.000185,84294,313.0,16.92,0.016204,87669,314.6,63.13,0.077021,151.1,0.000000,100.0,417184,1514.9,122435,351.8,-0.55,-0.000571,120663,347.4,-10.44,-0.012930,90696,314.7,-65.18,-0.082255,511.1,0.081679,309.6,63785,337.3,74264,303.6,111.69,0.082178,73043,301.8,115.52,0.099715,85360,315.4,89.07,0.105543,691.1,0.000000,169.4,1216131,732.5,94905,324.9,-3.11,-0.002733,90346,318.9,-48.38,-0.048734,90329,320.2,-64.06,-0.079141
332.08,0.0048128,0.054029,88249,90208,90298,89816,305.1,332.1,-0.000364,939.9,124458,1054.2,83078,313.7,-0.09,-0.000075,84648,313.4,17.34,0.016658,87660,314.9,63.60,0.077512,152.1,0.000000,872.3,414126,1511.8,122090,351.5,-0.56,-0.000584,120427,347.2,-10.86,-0.013432,90620,314.7,-67.10,-0.084602,512.1,0.079161,310.4,64442,338.0,75376,305.1,109.55,0.081417,73163,301.8,116.23,0.100481,85314,315.6,89.59,0.106028,692.1,0.000000,1742.9,1266543,741.2,93447,323.4,-3.23,-0.002807,89462,318.0,-48.83,-0.048842,90316,320.1,-64.55,-0.079743
333.09,0.0048273,0.054068,88346,90166,90293,89886,305.0,333.1,-0.000511,939.1,126564,1056.4,83603,315.0,-0.51,-0.000408,84991,313.7,17.74,0.017084,87666,315.2,64.00,0.077942,153.1,0.000000,116.9,411064,1508.7,121735,351.2,-0.58,-0.000601,120186,347.0,-11.24,-0.013883,90566,314.7,-68.83,-0.086720,513.1,0.081742,311.3,65134,338.7,75661,305.4,110.29,0.082187,73333,301.9,116.79,0.101177,85274,315.8,90.09,0.106504,693.1,0.000000,354.5,1319729,749.0,91975,322.0,-3.32,-0.002853,88611,317.1,-49.20,-0.048889,90311,320.1,-65.06,-0.080373
334.09,0.0048419,0.054103,88465,90133,90286,89960,305.0,334.1,-0.000687,938.6,127978,1057.2,84180,316.5,-1.02,-0.000813,85329,314.1,18.11,0.017494,87673,315.5,64.32,0.078269,154.1,0.000000,234.0,407996,1505.6,121366,350.9,-0.60,-0.000623,119939,346.8,-11.58,-0.014280,90526,314.8,-70.42,-0.088669,514.1,0.078837,312.2,65802,339.3,76670,306.7,108.32,0.081443,73551,302.0,117.20,0.101791,85236,316.0,90.56,0.106950,694.1,0.000000,329.1,1376870,757.9,90502,320.5,-3.38,-0.002874,87790,316.2,-49.51,-0.048867,90308,320.1,-65.60,-0.081028
335.09,0.0048564,0.054133,88605,90113,90273,90037,305.0,335.1,-0.000894,938.7,129077,1057.4,84815,318.3,-1.60,-0.001286,85668,314.5,18.49,0.017909,87679,315.7,64.53,0.078474,155.1,0.000000,100.0,404922,1502.4,120981,350.6,-0.63,-0.000651,119685,346.5,-11.87,-0.014618,90489,314.8,-71.90,-0.090486,515.1,0.078536,328.9,66474,340.0,77721,308.1,106.05,0.080474,73812,302.2,117.44,0.102309,85197,316.2,90.99,0.107350,695.1,0.000000,532.6,1439289,768.5,89040,319.0,-3.42,-0.002871,86993,315.4,-49.73,-0.048766,90302,320.1,-66.15,-0.081709
336.09,0.0048709,0.054157,88752,90108,90254,90118,305.0,336.1,-0.001129,939.1,129468,1056.2,85517,320.5,-2.27,-0.001824,86015,314.8,18.89,0.018349,87683,315.9,64.64,0.078550,156.1,0.000000,176.9,401834,1499.3,120577,350.3,-0.66,-0.000683,119420,346.3,-12.11,-0.014896,90449,314.9,-73.29,-0.092185,516.1,0.080757,313.8,67178,340.7,77922,308.3,106.60,0.081041,74131,302.4,117.67,0.102867,85154,316.4,91.39,0.107700,696.1,0.000000,524.9,1508421,781.3,87599,317.5,-3.43,-0.002849,86215,314.6,-49.85,-0.048575,90291,320.1,-66.73,-0.082416
337.09,0.0048854,0.054176,88869,90120,90234,90201,305.0,337.1,-0.001392,939.8,129180,1053.6,86293,323.1,-3.01,-0.002421,86377,315.2,19.33,0.018831,87690,316.2,64.62,0.078477,157.1,0.000000,260.2,398730,1496.1,120154,349.9,-0.69,-0.000715,119146,346.0,-12.31,-0.015117,90404,314.9,-74.60,-0.093765,517.1,0.077635,314.6,67856,341.4,78874,309.5,104.51,0.080108,74474,302.7,117.84,0.103403,85111,316.6,91.75,0.108008,697.1,0.000000,387.2,1585797,797.0,86187,316.0,-3.42,-0.002809,85449,313.8,-49.86,-0.048279,90274,320.1,-67.32,-0.083139
338.10,0.0048999,0.054190,88984,90139,90217,90287,305.0,338.1,-0.001681,941.0,128606,1050.5,87148,326.2,-3.83,-0.003077,86760,315.6,19.81,0.019363,87699,316.4,64.56,0.078347,158.1,0.000000,387.7,395611,1492.9,119712,349.6,-0.72,-0.000747,118861,345.8,-12.47,-0.015285,90357,314.9,-75.80,-0.095214,518.1,0.077137,315.4,68537,342.1,79869,310.8,102.26,0.079054,74818,303.0,117.90,0.103824,85070,316.7,92.09,0.108291,698.1,0.000000,282.2,1673028,816.2,84811,314.6,-3.40,-0.002757,84689,312.9,-49.74,-0.047863,90254,320.1,-67.92,-0.083860
339.10,0.0049145,0.054200,89158,90165,90204,90376,305.0,339.1,-0.002001,941.8,129365,1049.8,88081,329.8,-4.74,-0.003808,87169,316.1,20.34,0.019946,87715,316.6,64.46,0.078182,159.1,0.000000,203.6,392481,1489.6,119256,349.2,-0.75,-0.000774,118565,345.5,-12.59,-0.015407,90312,315.0,-76.88,-0.096521,519.1,0.079196,316.1,69248,342.8,80065,311.0,102.67,0.079500,75181,303.4,117.84,0.104157,85035,316.9,92.41,0.108563,699.1,0.000000,319.0,1771766,839.2,83475,313.2,-3.36,-0.002692,83932,312.1,-49.48,-0.047315,90234,320.0,-68.50,-0.084565
340.10,0.0049290,0.054203,89330,90199,90196,90467,305.0,340.1,-0.002367,942.9,129637,1048.2,89095,333.9,-5.77,-0.004634,87610,316.5,20.90,0.020572,87740,316.9,64.32,0.077980,160.1,0.000000,100.0,389339,1486.4,118788,348.8,-0.78,-0.000795,118261,345.2,-12.68,-0.015491,90271,315.0,-77.84,-0.097680,520.1,0.076006,316.9,69933,343.5,80981,312.1,100.68,0.078564,75586,303.7,117.71,0.104481,85007,317.1,92.71,0.108828,700.1,0.000000,253.3,1883663,866.6,82181,311.8,-3.30,-0.002621,83173,311.3,-49.09,-0.046633,90214,320.0,-69.05,-0.085227
341.10,0.0049435,0.054199,89512,90235,90196,90559,305.0,341.1,-0.002763,944.5,129083,1045.0,90175,338.7,-6.92,-0.005548,88087,317.0,21.48,0.021217,87776,317.1,64.13,0.077736,161.1,0.000000,5942.5,386185,1483.1,118314,348.4,-0.79,-0.000808,117951,344.9,-12.75,-0.015544,90236,315.0,-78.68,-0.098682,521.1,0.075445,317.7,70620,344.2,81933,313.3,98.62,0.077573,76022,304.1,117.46,0.104744,84987,317.3,93.01,0.109093,701.1,0.000000,100.0,2010313,898.8,80932,310.4,-3.24,-0.002544,82408,310.5,-48.54,-0.045812,90199,320.0,-69.55,-0.085830
342.11,0.0049581,0.054188,89747,90275,90207,90652,305.0,342.1,-0.003192,946.2,128476,1041.6,91306,344.1,-8.20,-0.006550,88605,317.6,22.03,0.021853,87823,317.3,63.89,0.077426,162.1,0.000000,101.0,383017,1479.8,117838,348.0,-0.80,-0.000813,117637,344.7,-12.79,-0.015570,90210,315.0,-79.37,-0.099519,522.1,0.077461,318.4,71338,344.9,82190,313.6,98.86,0.077938,76483,304.4,117.10,0.104933,84979,317.4,93.30,0.109366,702.1,0.000000,100.0,2153196,936.1,79731,309.1,-3.17,-0.002462,81634,309.6,-47.85,-0.044861,90187,320.0,-69.99,-0.086352
343.11,0.0049726,0.054169,90012,90318,90232,90745,305.0,343.1,-0.003657,948.1,127517,1037.6,92474,350.2,-9.60,-0.007633,89164,318.2,22.54,0.022463,87895,317.5,63.59,0.077071,163.1,0.000000,499.9,379834,1476.4,117365,347.6,-0.80,-0.000811,117322,344.4,-12.81,-0.015570,90191,315.1,-79.92,-0.100173,523.1,0.074289,319.2,72032,345.6,83100,314.7,97.03,0.077065,76973,304.8,116.68,0.105081,84977,317.6,93.59,0.109651,703.1,0.000000,100.0,2313599,978.6,78576,307.8,-3.09,-0.002377,80852,308.7,-47.03,-0.043787,90179,320.1,-70.33,-0.086769
344.11,0.0049871,0.054139,90282,90367,90262,90836,305.0,344.1,-0.004154,950.0,126224,1032.9,93661,357.1,-11.13,-0.008783,89759,318.8,23.01,0.023037,87989,317.7,63.22,0.076661,164.1,0.000000,296.3,376630,1473.1,116898,347.2,-0.79,-0.000802,117009,344.1,-12.82,-0.015545,90175,315.1,-80.30,-0.100632,524.1,0.073729,320.0,72728,346.3,84032,315.8,95.19,0.076183,77481,305.3,116.20,0.105184,84981,317.7,93.88,0.109950,704.1,0.000000,502.0,2492544,1026.6,77470,306.6,-3.01,-0.002289,80064,307.9,-46.07,-0.042604,90178,320.1,-70.58,-0.087071
345.12,0.0050017,0.054100,90695,90416,90296,90924,305.1,345.1,-0.004682,952.0,124739,1027.7,94857,364.8,-12.75,-0.009979,90389,319.4,23.42,0.023563,88097,317.9,62.78,0.076175,165.1,0.000000,1168.1,372632,1469.0,116442,346.8,-0.78,-0.000787,116700,343.8,-12.80,-0.015495,90167,315.1,-80.55,-0.100928,525.1,0.073176,320.8,73429,347.0,84993,316.9,93.32,0.075272,77988,305.7,115.64,0.105209,84988,317.8,94.16,0.110251,705.1,0.000000,109.4,2690725,1080.0,76413,305.4,-2.92,-0.002199,79274,307.0,-45.01,-0.041325,90181,320.1,-70.74,-0.087257
346.12,0.0050163,0.054039,91416,90469,90341,91005,305.1,346.1,-0.005243,954.0,122739,1021.6,96055,373.4,-14.47,-0.011199,91056,320.1,23.75,0.024026,88216,318.1,62.28,0.075627,166.1,0.000000,717.2,368459,1464.8,115997,346.4,-0.76,-0.000767,116395,343.5,-12.76,-0.015417,90169,315.1,-80.67,-0.101080,526.1,0.072628,335.8,74134,347.7,85988,318.1,91.40,0.074314,78499,306.2,115.04,0.105196,85001,317.9,94.44,0.110567,706.1,0.000000,485.2,2908467,1138.6,75404,304.2,-2.83,-0.002108,78488,306.1,-43.83,-0.039964,90191,320.2,-70.79,-0.087313
347.13,0.0050308,0.053958,91747,90533,90393,91071,305.1,347.1,-0.005825,955.7,121858,1017.5,97250,383.1,-16.24,-0.012411,91763,320.8,23.99,0.024401,88346,318.3,61.73,0.075025,167.1,0.000000,100.0,364224,1460.5,115567,346.1,-0.74,-0.000745,116091,343.2,-12.70,-0.015315,90185,315.1,-80.68,-0.101105,527.1,0.074589,322.4,74871,348.5,86199,318.3,91.93,0.074882,79015,306.6,114.42,0.105163,85022,318.0,94.74,0.110919,707.1,0.000000,210.3,3145525,1202.4,74445,303.1,-2.73,-0.002015,77710,305.2,-42.57,-0.038539,90206,320.2,-70.70,-0.087217
348.13,0.0050454,0.053872,91796,90599,90452,91120,305.2,348.1,-0.006495,956.9,122105,1015.6,98482,394.0,-18.15,-0.013656,92507,321.6,24.17,0.024721,88483,318.4,61.13,0.074370,168.1,0.000000,306.9,359934,1456.1,115151,345.7,-0.72,-0.000720,115787,343.0,-12.62,-0.015193,90213,315.1,-80.59,-0.101019,528.1,0.071491,323.2,75586,349.2,87132,319.4,90.27,0.074077,79530,307.1,113.75,0.105073,85049,318.0,95.06,0.111304,708.1,0.000000,187.8,3401171,1270.9,73533,302.0,-2.62,-0.001922,76944,304.3,-41.23,-0.037063,90227,320.2,-70.52,-0.086997
349.14,0.0050600,0.053789,91651,90663,90519,91154,305.3,349.1,-0.007234,958.1,122596,1014.1,99766,406.2,-20.19,-0.014926,93294,322.4,24.28,0.024984,88627,318.6,60.48,0.073670,169.1,0.000000,100.0,355586,1451.6,114750,345.4,-0.70,-0.000695,115475,342.7,-12.53,-0.015059,90254,315.2,-80.43,-0.100855,529.1,0.070925,324.1,76304,349.9,88077,320.4,88.60,0.073250,80049,307.5,113.02,0.104932,85082,318.1,95.38,0.111713,709.1,0.000000,233.1,3674069,1343.7,72671,301.0,-2.52,-0.001828,76194,303.5,-39.82,-0.035552,90252,320.3,-70.23,-0.086648
350.07,0.0050734,0.053719,91462,90718,90588,91173,305.3,350.1,-0.008008,959.3,122985,1012.8,101010,418.9,-22.20,-0.016109,94063,323.1,24.22,0.025072,88766,318.7,59.85,0.072994,170.1,0.000000,133.5,351522,1447.4,114393,345.0,-0.67,-0.000673,115177,342.4,-12.45,-0.014936,90303,315.2,-80.24,-0.100657,530.1,0.070165,324.8,76970,350.6,89027,321.5,86.84,0.072334,80544,308.0,112.33,0.104780,85118,318.1,95.69,0.112110,710.1,0.000000,100.0,3939647,1414.2,71917,300.1,-2.41,-0.001741,75519,302.7,-38.48,-0.034138,90285,320.3,-69.84,-0.086191
351.07,0.0050880,0.053652,91221,90779,90661,91184,305.4,351.1,-0.008827,961.0,123050,1010.7,102418,434.3,-24.47,-0.017366,94958,324.0,23.98,0.024983,88918,318.8,59.14,0.072226,171.1,0.000000,305.5,347070,1442.8,114019,344.7,-0.65,-0.000650,114836,342.1,-12.38,-0.014820,90366,315.2,-80.00,-0.100407,531.1,0.069796,325.6,77698,351.3,89990,322.6,85.17,0.071469,81101,308.5,111.52,0.104573,85161,318.1,96.02,0.112546,711.1,0.000000,100.0,4239858,1493.7,71147,299.2,-2.30,-0.001648,74809,301.9,-36.99,-0.032594,90327,320.4,-69.31,-0.085562
352.08,0.0051026,0.053596,90926,90845,90737,91186,305.5,352.1,-0.009709,963.0,122590,1007.6,103883,451.5,-26.80,-0.018559,95917,325.0,23.52,0.024687,89066,318.9,58.40,0.071423,172.1,0.000000,100.0,342579,1438.1,113657,344.4,-0.63,-0.000629,114469,341.7,-12.32,-0.014715,90431,315.3,-79.72,-0.100125,532.1,0.069107,339.7,78430,352.0,90947,323.6,83.54,0.070621,81680,309.0,110.61,0.104289,85204,318.2,96.35,0.112979,712.1,0.000000,556.1,4550189,1575.7,70423,298.3,-2.19,-0.001555,74123,301.1,-35.47,-0.031049,90372,320.4,-68.66,-0.084794
353.09,0.0051172,0.053552,90590,90913,90824,91182,305.6,353.1,-0.010607,965.4,121623,1003.6,105394,470.6,-29.16,-0.019652,96940,326.0,22.86,0.024171,89215,318.9,57.66,0.070620,173.1,0.000000,384.0,338071,1433.3,113306,344.1,-0.62,-0.000611,114061,341.4,-12.29,-0.014646,90494,315.3,-79.40,-0.099768,533.1,0.068370,340.4,79165,352.7,91882,324.6,82.00,0.069818,82285,309.6,109.61,0.103916,85251,318.2,96.68,0.113424,713.1,0.000000,505.9,4867249,1659.5,69745,297.5,-2.07,-0.001464,73463,300.3,-33.93,-0.029510,90424,320.5,-67.89,-0.083877
354.09,0.0051318,0.053521,90251,90983,90912,91177,305.6,354.1,-0.011501,968.0,120043,998.6,106937,491.7,-31.48,-0.020610,98023,327.0,21.98,0.023431,89363,319.0,56.94,0.069841,174.1,0.000000,691.2,333552,1428.5,112964,343.8,-0.60,-0.000596,113599,341.0,-12.35,-0.014670,90566,315.4,-78.98,-0.099321,534.1,0.067624,341.0,79904,353.4,92803,325.6,80.51,0.069030,82917,310.1,108.48,0.103442,85302,318.2,97.02,0.113888,714.1,0.000000,993.3,5187286,1744.4,69110,296.7,-1.96,-0.001375,72828,299.5,-32.37,-0.027984,90491,320.5,-67.01,-0.082831
355.10,0.0051463,0.053501,89960,91057,90989,91171,305.7,355.1,-0.012372,971.0,117864,992.4,108494,514.5,-33.73,-0.021409,99165,328.1,20.91,0.022470,89500,319.0,56.23,0.069069,175.1,0.000000,433.3,329022,1423.6,112629,343.5,-0.59,-0.000583,113069,340.5,-12.58,-0.014905,90648,315.4,-78.55,-0.098852,535.1,0.066858,341.7,80646,354.2,93716,326.5,79.05,0.068241,83571,310.8,107.22,0.102842,85349,318.2,97.34,0.114337,715.1,0.000000,428.4,5506281,1829.7,68518,296.0,-1.85,-0.001289,72221,298.8,-30.81,-0.026476,90564,320.6,-66.06,-0.081704
356.10,0.0051609,0.053492,89751,91136,91054,91168,305.8,356.1,-0.013202,974.4,115100,985.1,110046,539.2,-35.87,-0.022034,100359,329.2,19.65,0.021303,89617,319.0,55.52,0.068293,176.1,0.000000,100.0,324482,1418.7,112301,343.2,-0.58,-0.000571,112448,339.9,-13.02,-0.015362,90728,315.4,-78.14,-0.098409,536.1,0.066067,342.3,81392,354.9,94623,327.5,77.59,0.067437,84237,311.4,105.81,0.102088,85388,318.1,97.64,0.114747,716.1,0.000000,276.7,5820055,1914.6,67966,295.3,-1.74,-0.001208,71640,298.1,-29.25,-0.024990,90627,320.7,-65.06,-0.080508
357.11,0.0051755,0.053488,89626,91214,91118,91169,305.8,357.1,-0.013975,978.0,111761,976.8,111574,565.3,-37.84,-0.022480,101599,330.4,18.24,0.019949,89718,319.0,54.84,0.067536,177.1,0.000000,372.6,319934,1413.7,111981,343.0,-0.57,-0.000559,111730,339.3,-13.68,-0.016065,90800,315.5,-77.75,-0.097990,537.1,0.065246,343.0,82141,355.6,95526,328.4,76.12,0.066608,84906,312.0,104.26,0.101178,85421,318.1,97.92,0.115133,717.1,0.000000,165.0,6124374,1998.6,67451,294.7,-1.64,-0.001130,71087,297.5,-27.69,-0.023530,90677,320.7,-64.00,-0.079223
358.11,0.0051900,0.053488,89574,91287,91182,91175,305.9,358.1,-0.011073,976.8,109238,970.0,109543,571.3,-29.93,-0.017270,102878,331.6,16.70,0.018426,89810,318.9,54.21,0.066832,178.1,0.000000,211.4,315378,1408.7,111670,342.7,-0.56,-0.000544,110917,338.5,-14.56,-0.017017,90867,315.5,-77.37,-0.097575,538.1,0.064382,331.5,82894,356.4,96401,329.3,74.72,0.065800,85577,312.7,102.59,0.100135,85451,318.0,98.19,0.115515,718.1,0.000000,100.0,6415048,2080.9,66970,294.1,-1.54,-0.001057,70560,296.8,-26.15,-0.022099,90720,320.8,-62.84,-0.077822
359.12,0.0052046,0.053489,89578,91361,91243,91184,306.0,359.1,-0.008528,569.6,107389,964.6,107610,574.7,-24.08,-0.013571,104187,332.8,15.04,0.016739,89895,318.9,53.62,0.066188,179.1,0.000000,38351.2,310815,1403.6,111369,342.4,-0.54,-0.000527,110013,337.7,-15.68,-0.018212,90933,315.5,-77.00,-0.097168,539.1,0.063487,332.4,83649,357.1,97257,330.1,73.33,0.064982,86247,313.3,100.83,0.098987,85479,318.0,98.47,0.115897,719.1,0.000000,719.7,6688045,2160.9,66522,293.5,-1.45,-0.000988,70060,296.2,-24.61,-0.020698,90762,320.8,-61.59,-0.076305
360.12,0.0052191,0.053489,89616,91441,91304,91198,306.0,360.1,-0.006739,572.9,105883,959.9,106190,576.7,-18.60,-0.010308,105522,334.0,13.25,0.014882,89974,318.8,53.09,0.065599,180.1,0.000000,283.2,306246,1398.5,111081,342.2,-0.52,-0.000505,109027,336.8,-17.00,-0.019632,91000,315.5,-76.65,-0.096784,540.1,0.062557,333.1,84408,357.8,98101,330.9,71.94,0.064143,86918,314.0,99.03,0.097765,85505,317.9,98.73,0.116275,0.1,0.000000,218.4,6939579,2238.1,66106,293.0,-1.36,-0.000922,69586,295.6,-23.10,-0.019328,90810,320.8,-60.27,-0.074699
361.13,0.0052337,0.053487,89668,91513,91366,91213,306.1,361.1,-0.005039,574.6,104670,955.8,105079,577.5,-13.88,-0.007604,106877,335.2,11.33,0.012848,90051,318.7,52.59,0.065062,181.1,0.000000,817.0,301674,1393.3,110808,341.9,-0.49,-0.000481,107972,335.9,-18.53,-0.021248,91068,315.6,-76.31,-0.096428,541.1,0.061594,333.9,85169,358.6,98940,331.8,70.54,0.063281,87590,314.7,97.20,0.096501,85529,317.8,98.99,0.116649,1.1,0.000000,100.0,7166218,2311.8,65718,292.5,-1.27,-0.000860,69140,295.1,-21.60,-0.017990,90863,320.8,-58.89,-0.073022
362.13,0.0052483,0.053484,89712,91578,91428,91231,306.2,362.1,-0.003444,575.2,103702,952.2,104253,577.3,-9.54,-0.005185,108256,336.5,9.27,0.010608,90128,318.6,52.14,0.064570,182.1,0.000000,405.7,297098,1388.0,110550,341.7,-0.47,-0.000456,106863,334.8,-20.23,-0.023023,91136,315.6,-76.00,-0.096096,542.1,0.060595,334.7,85933,359.3,99760,332.5,69.19,0.062435,88266,315.3,95.39,0.095223,85553,317.7,99.25,0.117023,2.1,0.000000,416.6,7364977,2381.6,65359,292.0,-1.19,-0.000799,68722,294.6,-20.11,-0.016680,90917,320.9,-57.45,-0.071272
363.14,0.0052628,0.053479,89736,91644,91489,91251,306.2,363.1,-0.002329,574.9,102787,948.6,103726,576.5,-5.42,-0.002934,109695,337.7,6.96,0.008035,90207,318.6,51.71,0.064109,183.1,0.000000,100.0,292521,1382.7,110301,341.5,-0.45,-0.000440,105716,333.8,-22.05,-0.024914,91203,315.6,-75.70,-0.095778,543.1,0.059586,335.5,86700,360.0,100589,333.3,67.81,0.061547,88947,316.0,93.59,0.093946,85577,317.6,99.50,0.117396,3.1,0.000000,100.0,7533395,2447.0,65028,291.6,-1.10,-0.000740,68334,294.1,-18.64,-0.015395,90967,320.9,-55.94,-0.069440
364.14,0.0052774,0.053474,89739,91708,91542,91271,306.3,364.1,-0.000221,575.0,102279,945.6,103114,575.5,-0.15,-0.000083,111263,339.1,4.22,0.004925,90287,318.5,51.27,0.063651,184.1,0.000000,154.2,287944,1377.3,110050,341.3,-0.45,-0.000439,104547,332.7,-23.98,-0.026879,91266,315.6,-75.41,-0.095472,544.1,0.058544,336.2,87469,360.8,101411,334.1,66.44,0.060658,89636,316.7,91.82,0.092677,85599,317.4,99.74,0.117756,4.1,0.000000,677.8,7669603,2507.7,64725,291.2,-1.02,-0.000681,67977,293.7,-17.17,-0.014129,91012,320.9,-54.37,-0.067521
365.07,0.0052908,0.053470,89735,91760,91586,91292,306.3,365.1,0.001820,574.0,101917,941.4,102654,574.4,3.28,0.001765,112838,340.5,1.29,0.001524,90362,318.4,50.85,0.063201,185.1,0.000000,100.0,283722,1372.3,109814,341.0,-0.46,-0.000446,103460,331.7,-25.82,-0.028727,91318,315.7,-75.16,-0.095201,545.1,0.057348,336.9,88180,361.4,102204,334.8,65.07,0.059743,90281,317.4,90.20,0.091513,85618,317.3,99.94,0.118066,5.1,0.000000,1006.3,7765668,2559.1,64468,290.9,-0.94,-0.000627,67679,293.3,-15.81,-0.012972,91049,320.9,-52.87,-0.065684
366.07,0.0053054,0.053465,89738,91822,91639,91316,306.4,366.1,0.003121,572.1,101494,935.5,102346,572.3,5.98,0.003220,114555,341.9,-2.00,-0.002382,90447,318.2,50.37,0.062677,186.1,0.000000,484.7,279151,1366.9,109547,340.8,-0.48,-0.000464,102283,330.5,-27.85,-0.030736,91370,315.7,-74.89,-0.094907,546.1,0.054393,337.7,88930,362.2,103578,336.2,62.25,0.057699,90993,318.1,88.47,0.090253,85638,317.2,100.15,0.118393,6.1,0.000000,100.0,7837039,2609.6,64216,290.6,-0.86,-0.000570,67390,292.9,-14.33,-0.011722,91090,320.9,-51.19,-0.063617
367.08,0.0053200,0.053460,89752,91905,91691,91342,306.4,367.1,0.004387,569.4,100994,928.1,102130,569.5,8.46,0.004564,116017,343.2,-4.80,-0.005768,90542,318.1,49.84,0.062104,187.1,0.000000,138.0,274596,1361.3,109260,340.6,-0.51,-0.000496,101116,329.4,-29.89,-0.032728,91420,315.7,-74.61,-0.094601,547.1,0.055397,338.4,89707,362.9,104314,336.8,61.01,0.056834,91718,318.9,86.73,0.088978,85660,317.0,100.35,0.118717,7.1,0.000000,100.0,7874452,2654.6,63991,290.3,-0.77,-0.000513,67141,292.6,-12.83,-0.010469,91135,320.9,-49.44,-0.061477
368.08,0.0053345,0.053454,89774,91938,91739,91370,306.5,368.1,0.005759,566.0,100482,919.5,101925,565.8,11.08,0.006006,116972,344.0,-6.54,-0.007902,90643,318.0,49.24,0.061447,188.1,0.000000,424.0,270076,1355.8,108939,340.3,-0.57,-0.000552,99964,328.3,-31.94,-0.034683,91466,315.7,-74.33,-0.094281,548.1,0.054154,339.2,90485,363.6,105051,337.5,59.68,0.055882,92458,319.6,84.98,0.087670,85682,316.9,100.53,0.119025,8.1,0.000000,100.0,7878583,2693.8,63791,290.0,-0.69,-0.000457,66931,292.4,-11.31,-0.009208,91184,320.9,-47.66,-0.059293
369.09,0.0053491,0.053447,89811,91930,91791,91400,306.5,369.1,0.007820,561.0,100115,909.5,101498,560.9,14.51,0.007905,117435,344.4,-7.12,-0.008637,90754,317.9,48.56,0.060691,189.1,0.000000,261.2,265590,1350.2,108561,339.9,-0.67,-0.000645,98832,327.2,-33.96,-0.036588,91509,315.8,-74.03,-0.093938,549.1,0.050763,340.0,91239,364.4,106324,338.6,56.93,0.053759,93210,320.4,83.19,0.086311,85705,316.7,100.71,0.119323,9.1,0.000000,284.9,7850705,2727.3,63616,289.8,-0.61,-0.000403,66762,292.2,-9.77,-0.007935,91236,320.9,-45.85,-0.057072
370.09,0.0053636,0.053439,89871,91897,91846,91433,306.6,370.1,0.009254,555.5,99755,898.6,101221,555.2,17.19,0.009432,117508,344.4,-7.11,-0.008628,90875,317.8,47.79,0.059830,190.1,0.000000,23270.6,261139,1344.6,108098,339.5,-0.82,-0.000786,97724,326.1,-35.95,-0.038432,91553,315.8,-73.69,-0.093543,550.1,0.051275,340.7,92015,365.1,106978,339.2,55.60,0.052743,93973,321.2,81.36,0.084888,85730,316.6,100.88,0.119622,10.1,0.000000,129.7,7792622,2755.1,63465,289.6,-0.53,-0.000350,66631,292.0,-8.20,-0.006649,91291,320.9,-44.01,-0.054814
371.10,0.0053782,0.053428,89965,91856,91894,91468,306.6,371.1,0.010599,549.3,99413,886.9,101034,548.9,19.59,0.010851,117364,344.3,-6.64,-0.008049,91004,317.8,46.92,0.058842,191.1,0.000000,100.0,256726,1339.0,107517,339.0,-1.03,-0.000979,96641,325.0,-37.91,-0.040210,91598,315.8,-73.31,-0.093104,551.1,0.047871,341.4,92767,365.8,108135,340.3,52.94,0.050607,94748,322.0,79.48,0.083398,85755,316.4,101.04,0.119912,11.1,0.000000,127.7,7706583,2777.3,63336,289.4,-0.45,-0.000299,66536,291.9,-6.61,-0.005357,91348,320.9,-42.15,-0.052539
372.10,0.0053928,0.053414,90064,91818,91952,91504,306.7,372.1,0.011970,542.5,99064,874.6,100883,542.0,21.90,0.012269,116856,343.9,-5.06,-0.006111,91137,317.7,45.95,0.057720,192.1,0.000000,171.7,252349,1333.4,106793,338.3,-1.29,-0.001221,95586,323.9,-39.83,-0.041921,91641,315.8,-72.90,-0.092625,552.1,0.048177,342.0,93540,366.5,108702,340.7,51.64,0.049551,95533,322.9,77.55,0.081846,85778,316.2,101.20,0.120192,12.1,0.000000,225.2,7595196,2794.0,63230,289.3,-0.38,-0.000251,66473,291.8,-5.02,-0.004065,91405,320.9,-40.30,-0.050263
373.11,0.0054073,0.053396,90155,91780,92046,91541,306.8,373.1,0.013402,535.1,98714,861.6,100733,534.5,24.19,0.013719,115751,342.9,-2.38,-0.002861,91290,317.6,44.94,0.056554,193.1,0.000000,100.0,248011,1327.7,105907,337.5,-1.59,-0.001496,94563,322.9,-41.70,-0.043563,91697,315.8,-72.38,-0.092010,553.1,0.044817,342.6,94289,367.2,109757,341.7,49.08,0.047421,96328,323.7,75.60,0.080242,85813,316.1,101.41,0.120546,13.1,0.000000,188.1,7461324,2805.7,63143,289.2,-0.31,-0.000206,66436,291.8,-3.44,-0.002788,91480,320.9,-38.39,-0.047915
374.11,0.0054219,0.053376,90262,91742,92068,91580,306.8,374.1,0.014868,527.2,98367,848.1,100573,526.5,26.41,0.015187,114419,341.8,1.03,0.001221,91436,317.5,43.83,0.055260,194.1,0.000000,100.0,243712,1322.0,104854,336.6,-1.90,-0.001785,93572,321.9,-43.53,-0.045136,91757,315.9,-71.84,-0.091369,554.1,0.043270,351.3,95036,367.9,110781,342.6,46.58,0.045310,97133,324.5,73.63,0.078596,85841,315.9,101.60,0.120876,14.1,0.000000,377.9,7307980,2812.4,63076,289.1,-0.25,-0.000163,66420,291.7,-1.90,-0.001540,91559,321.0,-36.51,-0.045606
375.12,0.0054365,0.053351,90376,91713,92027,91619,306.8,375.1,0.016344,518.9,98019,834.2,100400,518.0,28.56,0.016661,113097,340.7,4.40,0.005191,91535,317.4,42.55,0.053724,195.1,0.000000,335.0,239452,1316.3,103642,335.5,-2.22,-0.002067,92616,320.9,-45.30,-0.046639,91774,315.9,-71.41,-0.090834,555.1,0.043338,343.8,95802,368.7,111240,342.9,45.41,0.044310,97947,325.4,71.64,0.076921,85834,315.8,101.71,0.121057,15.1,0.000000,154.7,7138235,2814.7,63027,289.0,-0.19,-0.000122,66414,291.7,-0.42,-0.000341,91593,320.9,-34.80,-0.043488
376.12,0.0054511,0.053323,90490,91699,91948,91659,306.7,376.1,0.017823,510.2,97665,819.9,100213,509.2,30.62,0.018135,111919,339.7,7.42,0.008696,91581,317.3,41.12,0.051968,196.1,0.000000,695.7,235233,1310.5,102288,334.2,-2.52,-0.002324,91697,319.9,-47.02,-0.048069,91740,315.9,-71.03,-0.090318,556.1,0.020864,348.4,96310,369.2,116800,347.9,33.97,0.034307,98769,326.2,69.67,0.075230,85791,315.6,101.75,0.121096,16.1,0.000000,148.1,6955123,2812.9,62996,289.0,-0.12,-0.000081,66412,291.7,0.98,0.000792,91575,320.9,-33.24,-0.041531
377.13,0.0054656,0.053291,90614,91697,91857,91699,306.6,377.1,0.019294,501.3,97283,805.4,100013,500.2,32.57,0.019601,110909,338.8,10.07,0.011720,91587,317.1,39.60,0.050082,197.1,0.000000,100.0,231055,1304.8,100816,332.8,-2.79,-0.002546,90815,319.0,-48.67,-0.049422,91673,315.9,-70.65,-0.089788,557.1,0.030688,353.8,96958,369.8,117508,348.4,31.82,0.032278,99597,327.1,67.71,0.073532,85721,315.5,101.76,0.121060,17.1,0.000000,211.9,6761566,2807.4,62985,289.0,-0.06,-0.000039,66408,291.7,2.27,0.001837,91522,320.8,-31.76,-0.039679
378.14,0.0054802,0.053254,90750,91713,91765,91739,306.5,378.1,0.020761,492.2,96905,790.8,99799,491.1,34.43,0.021057,110034,338.0,12.37,0.014318,91568,316.9,38.07,0.048162,198.1,0.000000,412.1,226919,1299.0,99250,331.3,-3.03,-0.002727,89972,318.1,-50.25,-0.050693,91590,315.8,-70.28,-0.089244,558.1,0.030743,349.0,97624,370.5,117756,348.6,30.78,0.031279,100429,328.0,65.77,0.071832,85634,315.3,101.77,0.121007,18.1,0.000000,243.6,6560311,2798.7,62991,289.0,-0.00,-0.000000,66399,291.7,3.43,0.002775,91450,320.7,-30.34,-0.037880
379.06,0.0054937,0.053217,90865,91753,91677,91774,306.4,379.1,0.022149,483.8,96564,777.3,99592,482.6,36.03,0.022381,109312,337.4,14.25,0.016412,91526,316.8,36.70,0.046429,199.1,0.000000,149.1,223139,1293.6,97745,329.9,-3.20,-0.002856,89227,317.3,-51.63,-0.051788,91507,315.8,-69.93,-0.088728,559.1,0.028088,349.3,98224,371.1,118379,349.1,29.05,0.029625,101202,328.8,63.99,0.070263,85543,315.2,101.79,0.120970,19.1,0.000000,135.5,6369893,2788.2,63015,289.0,0.06,0.000041,66374,291.7,4.37,0.003539,91373,320.6,-29.04,-0.036239
380.07,0.0055083,0.053172,90977,91780,91580,91811,306.3,380.1,0.023511,474.7,96198,762.8,99358,473.4,37.66,0.023787,108595,336.8,16.08,0.018437,91461,316.5,35.27,0.044621,200.1,0.000000,373.4,219085,1287.8,96069,328.3,-3.36,-0.002959,88456,316.5,-53.05,-0.052883,91413,315.7,-69.55,-0.088161,560.1,0.028115,349.7,98892,371.7,118632,349.3,28.13,0.028739,102048,329.6,62.09,0.068556,85436,315.0,101.85,0.120953,20.1,0.000000,116.3,6160716,2774.4,63068,289.1,0.15,0.000099,66324,291.6,5.26,0.004253,91285,320.4,-27.64,-0.034479
381.08,0.0055229,0.053125,91101,91783,91490,91845,306.3,381.1,0.024907,465.8,95827,748.4,99112,464.4,39.18,0.025171,107925,336.2,17.75,0.020262,91396,316.3,33.91,0.042895,201.1,0.000000,443.0,215075,1282.0,94368,326.6,-3.48,-0.003025,87720,315.7,-54.35,-0.053871,91314,315.7,-69.14,-0.087560,561.1,0.025710,350.0,99549,372.3,119194,349.7,26.61,0.027275,102909,330.5,60.18,0.066830,85322,314.8,101.95,0.120980,21.1,0.000000,1015.1,5950496,2758.5,63154,289.2,0.25,0.000167,66255,291.5,5.99,0.004844,91192,320.3,-26.23,-0.032704
382.09,0.0055375,0.053073,91222,91767,91412,91876,306.2,382.1,0.026296,456.9,95442,734.2,98852,455.5,40.63,0.026544,107289,335.6,19.29,0.021928,91338,316.2,32.64,0.041285,202.1,0.000000,515.0,211109,1276.1,92660,324.9,-3.57,-0.003060,87012,314.9,-55.54,-0.054736,91216,315.7,-68.68,-0.086897,562.1,0.024467,350.5,100208,373.0,119784,350.2,25.22,0.025949,103785,331.4,58.27,0.065083,85207,314.6,102.10,0.121075,22.1,0.000000,313.2,5740985,2741.0,63278,289.4,0.37,0.000247,66171,291.4,6.58,0.005313,91095,320.2,-24.75,-0.030836
383.09,0.0055521,0.053018,91298,91741,91353,91902,306.1,383.1,0.027698,448.3,95028,720.2,98572,446.8,42.05,0.027926,106682,335.1,20.72,0.023459,91287,316.0,31.48,0.039817,203.1,0.000000,100.0,207189,1270.2,90958,323.2,-3.62,-0.003068,86324,314.1,-56.58,-0.055455,91127,315.7,-68.18,-0.086173,563.1,0.023273,351.0,100872,373.6,120387,350.7,23.96,0.024739,104665,332.3,56.38,0.063344,85093,314.4,102.33,0.121259,23.1,0.000000,100.0,5533665,2722.1,63444,289.6,0.51,0.000337,66080,291.3,7.02,0.005661,91003,320.0,-23.15,-0.028825
384.10,0.0055667,0.052962,91328,91710,91311,91923,306.1,384.1,0.029116,439.9,94606,706.4,98274,438.3,43.46,0.029328,106102,334.6,22.06,0.024873,91245,315.8,30.44,0.038505,204.1,0.000000,304.3,203340,1264.4,89274,321.5,-3.66,-0.003056,85645,313.4,-57.46,-0.056001,91054,315.7,-67.61,-0.085379,564.1,0.021049,351.5,101526,374.3,121237,351.4,22.20,0.023044,105535,333.1,54.56,0.061648,84985,314.2,102.63,0.121551,24.1,0.000000,755.1,5329765,2702.2,63656,289.8,0.66,0.000436,65982,291.2,7.34,0.005916,90922,319.9,-21.41,-0.026643
385.11,0.0055813,0.052906,91343,91674,91282,91938,306.1,385.1,0.030548,431.8,94177,692.8,97964,430.2,44.86,0.030750,105549,334.1,23.31,0.026183,91213,315.6,29.51,0.037343,205.1,0.000000,1941.9,199586,1258.6,87618,319.7,-3.67,-0.003026,84962,312.7,-58.13,-0.056343,90997,315.7,-66.94,-0.084481,565.1,0.019785,355.7,102185,374.9,122028,352.0,20.52,0.021395,106397,334.0,52.80,0.059991,84880,313.9,103.01,0.121946,25.1,0.000000,100.0,5124319,2678.4,63919,290.2,0.82,0.000544,65876,291.1,7.58,0.006100,90857,319.8,-19.53,-0.024291
386.12,0.0055959,0.052850,91351,91634,91263,91949,306.1,386.1,0.031999,424.0,93743,679.6,97646,422.3,46.26,0.032195,105020,333.6,24.48,0.027402,91190,315.4,28.69,0.036311,206.1,0.000000,270.5,195924,1252.8,85995,318.0,-3.67,-0.002982,84263,311.9,-58.59,-0.056454,90956,315.8,-66.21,-0.083505,566.1,0.019330,352.5,102857,375.5,122492,352.4,19.43,0.020319,107287,334.9,51.01,0.058285,84778,313.7,103.45,0.122429,26.1,0.000000,100.0,4924790,2654.3,64233,290.6,0.98,0.000653,65766,290.9,7.74,0.006219,90806,319.7,-17.52,-0.021785
387.12,0.0056105,0.052795,91348,91595,91248,91954,306.0,387.1,0.033470,416.5,93307,666.7,97324,414.7,47.66,0.033661,104513,333.1,25.59,0.028541,91172,315.3,27.94,0.035381,207.1,0.000000,1097.1,192350,1247.1,84412,316.4,-3.65,-0.002929,83539,311.1,-58.80,-0.056314,90929,315.8,-65.43,-0.082483,567.1,0.017274,352.9,103523,376.2,123162,352.9,17.88,0.018769,108270,335.9,49.02,0.056361,84677,313.4,103.95,0.122983,27.1,0.000000,232.4,4732658,2630.4,64594,291.1,1.14,0.000758,65659,290.8,7.81,0.006269,90768,319.7,-15.40,-0.019148
388.13,0.0056251,0.052741,91341,91560,91233,91955,306.0,388.1,0.034958,409.3,92871,654.1,96998,407.5,49.06,0.035144,104024,332.7,26.64,0.029613,91159,315.1,27.26,0.034527,208.1,0.000000,443.7,188863,1241.5,82871,314.7,-3.62,-0.002868,82785,310.3,-58.75,-0.055913,90909,315.9,-64.62,-0.081422,568.1,0.016069,356.3,104194,376.8,123779,353.4,16.43,0.017312,109425,337.0,46.63,0.054009,84574,313.1,104.49,0.123587,28.1,0.000000,2863.2,4547940,2607.0,64995,291.6,1.27,0.000849,65555,290.7,7.81,0.006259,90737,319.6,-13.20,-0.016406
389.14,0.0056397,0.052688,91341,91531,91213,91950,306.0,389.1,0.036457,402.5,92438,641.8,96669,400.7,50.45,0.036633,103550,332.3,27.64,0.030627,91146,314.9,26.61,0.033719,209.1,0.000000,290.1,185461,1235.9,81376,313.1,-3.58,-0.002800,81999,309.4,-58.46,-0.055257,90889,316.0,-63.79,-0.080330,569.1,0.015532,353.8,104879,377.5,124149,353.7,15.50,0.016367,110805,338.2,43.72,0.051077,84467,312.8,105.06,0.124221,29.1,0.000000,100.0,4370591,2583.9,65424,292.1,1.36,0.000918,65453,290.5,7.74,0.006198,90710,319.6,-10.93,-0.013585
390.07,0.0056532,0.052639,91349,91510,91190,91941,306.0,390.1,0.037897,396.5,92041,630.8,96361,394.6,51.71,0.038003,103122,331.9,28.53,0.031517,91134,314.7,26.03,0.032995,210.1,0.000000,328.2,182392,1230.7,80038,311.6,-3.54,-0.002732,81250,308.6,-58.00,-0.054465,90868,316.1,-63.00,-0.079296,570.1,0.013615,354.2,105507,378.1,124694,354.1,14.25,0.015094,112256,339.6,40.62,0.047893,84366,312.5,105.59,0.124815,30.1,0.000000,100.0,4213346,2562.9,65833,292.6,1.41,0.000953,65360,290.4,7.63,0.006106,90684,319.5,-8.80,-0.010931
391.08,0.0056678,0.052587,91353,91493,91159,91927,306.0,391.1,0.039327,390.4,91615,619.2,96024,388.4,53.05,0.039471,102668,331.5,29.45,0.032437,91119,314.6,25.40,0.032215,211.1,0.000000,469.6,179143,1225.2,78635,310.0,-3.48,-0.002656,80417,307.6,-57.25,-0.053374,90841,316.2,-62.13,-0.078154,571.1,0.012709,354.6,106196,378.8,125197,354.5,13.10,0.013913,113907,341.1,37.10,0.044190,84255,312.2,106.17,0.125451,31.1,0.000000,314.8,4049877,2540.5,66272,293.2,1.41,0.000957,65262,290.3,7.47,0.005969,90654,319.5,-6.45,-0.008017
392.09,0.0056824,0.052536,91335,91480,91126,91907,306.0,392.1,0.040792,384.6,91192,608.0,95680,382.6,54.35,0.040912,102223,331.1,30.34,0.033310,91104,314.4,24.77,0.031427,212.1,0.000000,100.0,175971,1219.8,77283,308.5,-3.42,-0.002576,79569,306.7,-56.29,-0.052082,90810,316.3,-61.24,-0.076991,572.1,0.011661,354.9,106893,379.4,125670,354.8,12.02,0.012809,115486,342.5,33.76,0.040603,84144,311.9,106.73,0.126068,32.1,0.000000,271.5,3893408,2518.5,66693,293.7,1.35,0.000926,65170,290.2,7.26,0.005799,90621,319.5,-4.08,-0.005070
393.10,0.0056970,0.052486,91298,91467,91093,91883,305.9,393.1,0.042210,379.2,90771,597.2,95334,377.1,55.60,0.042307,101784,330.7,31.19,0.034140,91091,314.2,24.13,0.030628,213.1,0.000000,314.9,172874,1214.4,75983,307.0,-3.35,-0.002491,78714,305.7,-55.13,-0.050627,90776,316.4,-60.33,-0.075800,573.1,0.010181,355.4,107592,380.1,126256,355.3,10.75,0.011494,116879,343.7,30.86,0.037429,84038,311.6,107.26,0.126652,33.1,0.000000,171.6,3743755,2496.9,67080,294.2,1.25,0.000860,65085,290.1,7.02,0.005601,90586,319.4,-1.68,-0.002086
394.10,0.0057117,0.052438,91280,91449,91073,91853,305.9,394.1,0.043564,374.1,90349,586.8,94991,371.9,56.78,0.043642,101352,330.3,32.01,0.034927,91087,314.0,23.48,0.029822,214.1,0.000000,100.0,169849,1209.0,74737,305.5,-3.26,-0.002402,77861,304.8,-53.82,-0.049040,90746,316.4,-59.38,-0.074563,574.1,0.009706,355.7,108308,380.8,126655,355.6,9.88,0.010580,118052,344.8,28.47,0.034770,83945,311.4,107.76,0.127206,34.1,0.000000,464.1,3600716,2475.7,67419,294.6,1.11,0.000766,65008,290.0,6.75,0.005378,90484,319.3,0.59,0.000729
395.11,0.0057263,0.052391,91271,91428,91046,91819,305.9,395.1,0.044875,369.3,89926,576.8,94645,367.1,57.90,0.044924,100925,329.9,32.80,0.035674,91094,313.9,22.80,0.028980,215.1,0.000000,100.0,166895,1203.7,73547,304.1,-3.17,-0.002308,77014,303.8,-52.38,-0.047353,90720,316.6,-58.42,-0.073301,575.1,0.008381,356.1,109029,381.5,127150,356.0,8.84,0.009499,119032,345.6,26.52,0.032571,83866,311.1,108.20,0.127697,35.1,0.000000,638.4,3464072,2454.8,67702,295.0,0.94,0.000650,64943,289.9,6.44,0.005133,90379,319.2,2.90,0.003596
396.12,0.0057409,0.052345,91255,91402,91022,91780,305.9,396.1,0.046142,364.9,89503,567.1,94292,362.6,58.98,0.046159,100500,329.5,33.55,0.036385,91108,313.7,22.08,0.028077,216.1,0.000000,412.8,164009,1198.4,72415,302.8,-3.07,-0.002209,76179,302.9,-50.82,-0.045589,90695,316.7,-57.43,-0.072023,576.1,0.007563,356.4,109763,382.2,127604,356.3,7.92,0.008527,119871,346.4,24.88,0.030708,83800,311.0,108.58,0.128115,36.1,0.000000,221.8,3333596,2434.4,67925,295.3,0.76,0.000523,64894,289.9,6.12,0.004872,90299,319.0,5.30,0.006566
397.13,0.0057555,0.052300,91261,91370,91002,91736,305.9,397.1,0.047367,360.8,89079,557.9,93934,358.5,60.04,0.047352,100076,329.1,34.28,0.037066,91129,313.6,21.29,0.027094,217.1,0.000000,100.0,161189,1193.2,71342,301.5,-2.96,-0.002107,75363,301.9,-49.17,-0.043768,90674,316.8,-56.43,-0.070730,577.1,0.006787,356.7,110510,382.9,128024,356.6,7.09,0.007655,120620,347.0,23.43,0.029051,83752,310.8,108.87,0.128444,37.1,0.000000,100.0,3209054,2414.3,68087,295.5,0.57,0.000393,64868,289.8,5.77,0.004592,90236,318.8,7.74,0.009597
398.14,0.0057701,0.052256,91285,91334,90989,91686,305.9,398.1,0.048551,357.0,88656,549.0,93571,354.6,61.07,0.048507,99652,328.7,35.00,0.037726,91159,313.5,20.43,0.026015,218.1,0.000000,511.9,158433,1188.0,70328,300.3,-2.84,-0.002002,74569,301.0,-47.43,-0.041900,90658,316.9,-55.42,-0.069422,578.1,0.006038,357.0,111272,383.6,128407,356.9,6.36,0.006883,121319,347.6,22.09,0.027498,83723,310.7,109.08,0.128685,38.1,0.000000,110.1,3090207,2394.7,68192,295.6,0.38,0.000267,64869,289.8,5.39,0.004292,90185,318.6,10.21,0.012655
399.07,0.0057836,0.052214,91291,91298,90979,91635,305.9,399.1,0.049654,353.7,88266,541.1,93232,351.2,62.01,0.049540,99259,328.4,35.65,0.038321,91197,313.4,19.55,0.024912,219.1,0.000000,100.0,155945,1183.2,69445,299.2,-2.73,-0.001903,73861,300.2,-45.75,-0.040143,90648,317.0,-54.48,-0.068207,579.1,0.005287,357.2,111987,384.3,128766,357.2,5.71,0.006188,121941,348.2,20.90,0.026101,83710,310.6,109.19,0.128832,39.1,0.000000,100.0,2985354,2376.8,68242,295.7,0.23,0.000159,64898,289.9,5.05,0.004021,90147,318.4,12.48,0.015477
400.08,0.0057983,0.052169,91330,91267,90968,91574,305.9,400.1,0.050723,350.3,87845,532.9,92861,347.9,63.02,0.050627,98831,328.0,36.36,0.038959,91249,313.3,18.48,0.023560,220.1,0.000000,131.6,153307,1178.1,68546,298.1,-2.60,-0.001796,73123,299.4,-43.86,-0.038211,90642,317.1,-53.46,-0.066897,580.1,0.004515,357.5,112776,385.0,129175,357.5,4.99,0.005427,122600,348.8,19.62,0.024598,83712,310.6,109.23,0.128907,40.1,0.000000,100.0,2876797,2357.9,68250,295.7,0.08,0.000054,64963,290.0,4.68,0.003727,90109,318.1,14.92,0.018504
401.09,0.0058129,0.052121,91472,91224,90959,91505,305.8,401.1,0.051799,347.3,87427,525.1,92488,344.8,64.01,0.051680,98402,327.6,37.07,0.039598,91314,313.2,17.24,0.022005,221.1,0.000000,100.0,150729,1173.1,67704,297.0,-2.46,-0.001689,72420,298.5,-41.90,-0.036255,90638,317.3,-52.44,-0.065601,581.1,0.003950,357.8,113583,385.7,129546,357.8,4.37,0.004759,123246,349.3,18.36,0.023101,83732,310.5,109.19,0.128912,41.1,0.000000,303.9,2773242,2339.3,68220,295.6,-0.05,-0.000036,65071,290.1,4.29,0.003422,90072,317.8,17.31,0.021482
402.10,0.0058275,0.052071,91447,91179,90955,91425,305.9,402.1,0.052840,344.4,87013,517.6,92114,341.9,64.99,0.052698,97971,327.2,37.80,0.040244,91396,313.2,15.81,0.020203,222.1,0.000000,100.0,148207,1168.0,66918,296.0,-2.33,-0.001585,71752,297.8,-39.89,-0.034281,90638,317.4,-51.44,-0.064317,582.1,0.003243,358.7,114406,386.5,129943,358.1,3.73,0.004068,123878,349.9,17.12,0.021625,83756,310.5,109.06,0.128808,42.1,0.000000,399.8,2674472,2321.1,68156,295.6,-0.16,-0.000112,65227,290.3,3.88,0.003102,90035,317.4,19.65,0.024408
403.11,0.0058422,0.052026,91210,91134,90953,91336,305.9,403.1,0.053844,341.8,86603,510.4,91738,339.2,65.95,0.053680,97542,326.8,38.53,0.040901,91497,313.2,14.15,0.018095,223.1,0.000000,376.4,145742,1163.0,66186,295.1,-2.20,-0.001484,71120,297.0,-37.81,-0.032293,90642,317.5,-50.44,-0.063047,583.1,0.002790,358.8,115251,387.3,130290,358.4,3.18,0.003478,124492,350.4,15.93,0.020186,83787,310.4,108.84,0.128627,43.1,0.000000,100.4,2580273,2303.3,68063,295.4,-0.26,-0.000177,65432,290.6,3.45,0.002766,89997,317.0,21.95,0.027278
404.12,0.0058568,0.051993,90863,91085,90956,91240,305.9,404.1,0.054810,339.4,86198,503.5,91362,336.8,66.90,0.054623,97115,326.4,39.29,0.041572,91625,313.3,12.18,0.015593,224.1,0.000000,236.3,143331,1158.1,65505,294.2,-2.07,-0.001387,70526,296.3,-35.68,-0.030292,90648,317.7,-49.45,-0.061791,584.1,0.002380,359.0,116117,388.1,130594,358.6,2.71,0.002970,125084,350.9,14.79,0.018801,83828,310.4,108.57,0.128390,44.1,0.000000,300.9,2490442,2285.8,67946,295.3,-0.34,-0.000233,65685,290.9,3.03,0.002431,89957,316.6,24.19,0.030094
405.13,0.0058714,0.051973,90513,91034,90965,91139,305.9,405.1,0.055734,337.2,85798,497.0,90986,334.5,67.82,0.055526,96694,326.0,40.06,0.042256,91795,313.4,9.79,0.012552,225.1,0.000000,1275.7,140974,1153.2,64872,293.4,-1.94,-0.001293,69971,295.7,-33.50,-0.028281,90659,317.8,-48.47,-0.060543,585.1,0.001998,358.8,117006,388.9,130858,358.8,2.31,0.002533,125655,351.4,13.70,0.017475,83881,310.4,108.25,0.128106,45.1,0.000000,100.0,2404780,2268.7,67807,295.1,-0.41,-0.000281,65985,291.3,2.63,0.002121,89916,316.2,26.39,0.032864
406.14,0.0058860,0.051965,90201,90982,90981,91036,305.9,406.1,0.056617,335.1,85404,490.7,90611,332.4,68.73,0.056387,96280,325.6,40.85,0.042950,92033,313.5,6.78,0.008719,226.1,0.000000,303.8,138668,1148.3,64286,292.7,-1.82,-0.001204,69455,295.0,-31.28,-0.026260,90675,317.9,-47.49,-0.059300,586.1,0.001550,359.0,117917,389.7,131120,359.0,1.91,0.002101,126204,351.8,12.67,0.016208,83948,310.3,107.88,0.127773,46.1,0.000000,100.0,2323088,2252.0,67653,294.9,-0.46,-0.000319,66325,291.7,2.30,0.001863,89875,315.7,28.56,0.035592
407.07,0.0058995,0.051968,89938,90935,91004,90942,305.9,407.1,0.057425,333.4,85046,485.2,90264,330.6,69.54,0.057144,95905,325.2,41.58,0.043595,92345,313.8,3.22,0.004146,227.1,0.000000,535.6,136585,1143.9,63785,292.0,-1.71,-0.001123,69013,294.5,-29.18,-0.024391,90696,318.1,-46.57,-0.058149,587.1,0.001230,359.2,118780,390.5,131342,359.2,1.58,0.001740,126688,352.2,11.76,0.015085,84027,310.4,107.48,0.127412,47.1,0.000000,203.7,2251035,2236.8,67500,294.7,-0.50,-0.000345,66666,292.1,2.09,0.001697,89838,315.3,30.52,0.038077
408.08,0.0059141,0.051980,89674,90888,91095,90845,306.0,408.1,0.058191,331.7,84664,479.5,89889,328.8,70.40,0.057920,95506,324.8,42.37,0.044293,92438,313.9,-2.60,-0.003352,228.1,0.000000,400.8,134377,1139.1,63283,291.4,-1.59,-0.001039,68571,294.0,-26.89,-0.022367,90750,318.2,-45.49,-0.056795,588.1,0.000969,359.3,119740,391.4,131552,359.3,1.27,0.001400,127187,352.7,10.81,0.013904,84149,310.5,107.03,0.127024,48.1,0.000000,100.0,2176434,2220.7,67327,294.5,-0.53,-0.000365,67053,292.6,1.99,0.001623,89814,314.9,32.67,0.040808
409.08,0.0059287,0.052001,89444,90845,91178,90754,306.1,409.1,0.058944,330.1,84288,474.0,89516,327.2,71.23,0.058653,95116,324.5,43.16,0.044985,92729,314.3,-9.55,-0.012333,229.1,0.000000,267.4,132218,1134.4,62824,290.8,-1.47,-0.000957,68162,293.5,-24.57,-0.020356,90833,318.4,-44.38,-0.055425,589.1,0.000709,359.6,120727,392.2,131744,359.5,0.99,0.001094,127653,353.1,9.89,0.012748,84273,310.6,106.49,0.126496,49.1,0.000000,100.0,2105253,2205.0,67149,294.3,-0.55,-0.000379,67448,293.1,2.04,0.001672,89785,314.4,34.78,0.043479
410.09,0.0059433,0.052030,89255,90808,91282,90671,306.2,410.1,0.059653,328.6,83917,468.8,89143,325.7,72.03,0.059341,94734,324.1,43.94,0.045667,93135,314.7,-17.75,-0.022998,230.1,0.000000,100.0,130106,1129.7,62404,290.2,-1.36,-0.000877,67785,293.0,-22.27,-0.018371,90935,318.7,-43.25,-0.054044,590.1,0.000544,359.7,121744,393.1,131898,359.6,0.77,0.000852,128083,353.4,8.97,0.011601,84426,311.0,105.87,0.125856,50.1,0.000000,628.8,2037318,2189.5,66971,294.1,-0.56,-0.000383,67843,293.6,2.26,0.001858,89721,314.0,36.83,0.046076
411.10,0.0059579,0.052064,89120,90779,91398,90598,306.3,411.1,0.060318,327.2,83553,463.8,88772,324.3,72.81,0.059989,94358,323.7,44.71,0.046335,93511,315.2,-26.85,-0.034878,231.1,0.000000,100.0,128040,1125.0,62024,289.7,-1.24,-0.000799,67434,292.6,-19.98,-0.016427,91049,318.9,-42.11,-0.052643,591.1,0.000335,359.8,122790,394.0,132044,359.7,0.57,0.000627,128472,353.7,8.07,0.010452,84614,311.4,105.04,0.124959,51.1,0.000000,183.8,1972461,2174.4,66797,293.9,-0.55,-0.000377,68240,294.1,2.66,0.002198,89627,313.7,38.84,0.048590
412.10,0.0059725,0.052102,89037,90760,91501,90535,306.4,412.1,0.060902,326.0,83192,459.0,88417,323.0,73.53,0.060579,93987,323.4,45.46,0.046986,93648,315.5,-35.70,-0.046396,232.1,0.000000,253.6,126019,1120.4,61682,289.2,-1.13,-0.000722,67106,292.2,-17.75,-0.014537,91166,319.1,-40.97,-0.051249,592.1,0.000244,359.8,123868,395.0,132155,359.8,0.42,0.000459,128821,354.0,7.16,0.009295,84835,312.0,103.96,0.123776,52.1,0.000000,100.0,1910525,2159.6,66633,293.7,-0.53,-0.000359,68637,294.6,3.26,0.002697,89533,313.4,40.78,0.051009
413.11,0.0059871,0.052142,88989,90758,91586,90482,306.5,413.1,0.061361,324.9,82833,454.5,88097,321.9,74.15,0.061080,93618,323.0,46.21,0.047618,93552,315.6,-43.71,-0.056728,233.1,0.000000,100.0,124042,1115.8,61378,288.8,-1.01,-0.000645,66798,291.8,-15.57,-0.012714,91273,319.3,-39.88,-0.049906,593.1,0.000147,359.9,124980,395.9,132244,359.8,0.29,0.000324,129128,354.3,6.26,0.008131,85093,312.6,102.65,0.122335,53.1,0.000000,290.4,1851358,2145.1,66486,293.5,-0.48,-0.000327,69033,295.1,4.03,0.003350,89463,313.3,42.67,0.053355
414.12,0.0060017,0.052182,88954,90815,91641,90436,306.6,414.1,0.061791,323.9,82477,450.1,87795,320.9,74.70,0.061518,93248,322.6,46.93,0.048223,93216,315.5,-50.48,-0.065296,234.1,0.000000,823.3,122106,1111.2,61112,288.5,-0.89,-0.000569,66508,291.5,-13.47,-0.010965,91361,319.5,-38.86,-0.048646,594.1,0.000082,359.9,126126,396.9,132313,359.9,0.20,0.000221,129398,354.5,5.35,0.006970,85396,313.3,101.12,0.120685,54.1,0.000000,556.5,1794821,2130.9,66363,293.3,-0.41,-0.000282,69428,295.5,4.97,0.004150,89432,313.2,44.53,0.055673
415.12,0.0060163,0.052223,88923,90874,91661,90397,306.6,415.1,0.062196,323.0,82123,446.0,87504,319.9,75.22,0.061918,92873,322.3,47.62,0.048795,92805,315.3,-55.63,-0.071681,235.1,0.000000,541.4,120210,1106.7,60884,288.2,-0.77,-0.000492,66234,291.1,-11.45,-0.009295,91419,319.7,-37.94,-0.047511,595.1,0.000053,359.9,127308,397.9,132362,359.9,0.14,0.000151,129633,354.7,4.47,0.005823,85743,313.9,99.36,0.118831,55.1,0.000000,137.7,1740779,2117.0,66267,293.2,-0.33,-0.000226,69825,296.0,6.07,0.005088,89437,313.2,46.37,0.057964
416.13,0.0060309,0.052265,88881,90966,91651,90363,306.6,416.1,0.062581,322.2,81774,442.0,87220,319.1,75.73,0.062299,92488,321.9,48.28,0.049322,92416,315.2,-59.25,-0.076062,236.1,0.000000,470.0,118354,1102.2,60696,287.9,-0.65,-0.000412,65977,290.8,-9.52,-0.007703,91443,319.8,-37.15,-0.046514,596.1,0.000035,360.0,128528,399.0,132399,360.0,0.10,0.000106,129839,354.9,3.61,0.004710,86116,314.5,97.26,0.116632,56.1,0.000000,181.9,1689106,2103.4,66205,293.1,-0.23,-0.000156,70226,296.5,7.32,0.006160,89454,313.3,48.12,0.060162
417.14,0.0060455,0.052309,88819,91079,91631,90333,306.6,417.1,0.062956,321.4,81429,438.2,86943,318.3,76.24,0.062672,92089,321.5,48.89,0.049790,92078,315.2,-61.54,-0.078729,237.1,0.000000,227.1,116536,1097.8,60548,287.7,-0.52,-0.000330,65737,290.5,-7.67,-0.006187,91440,319.9,-36.43,-0.045600,597.1,0.000023,360.0,129787,400.0,132428,360.0,0.07,0.000079,130021,355.0,2.79,0.003648,86501,314.9,94.72,0.113936,57.1,0.000000,100.0,1639685,2090.1,66186,293.1,-0.10,-0.000070,70632,297.0,8.70,0.007359,89468,313.3,49.77,0.062227
418.07,0.0060589,0.052350,88738,91179,91599,90309,306.5,418.1,0.063313,320.7,81117,434.9,86693,317.6,76.71,0.063016,91704,321.1,49.40,0.050158,91807,315.2,-62.63,-0.079889,238.1,0.000000,100.0,114891,1093.7,60448,287.6,-0.40,-0.000250,65533,290.3,-6.02,-0.004848,91428,319.9,-35.82,-0.044813,598.1,0.000016,360.0,130984,401.0,132454,360.0,0.06,0.000066,130171,355.1,2.09,0.002729,86868,315.2,92.04,0.111079,58.1,0.000000,129.8,1595968,2078.0,66200,293.1,0.01,0.000004,71011,297.5,10.09,0.008568,89475,313.4,51.19,0.063996
419.07,0.0060735,0.052398,88631,91270,91555,90286,306.5,419.1,0.063668,320.1,80785,431.4,86429,317.0,77.24,0.063389,91267,320.7,49.88,0.050478,91552,315.2,-62.82,-0.079887,239.1,0.000000,100.0,113144,1089.3,60384,287.5,-0.25,-0.000159,65331,290.0,-4.30,-0.003459,91405,320.0,-35.21,-0.044038,599.1,0.000013,360.0,132321,402.1,132483,360.0,0.06,0.000062,130319,355.2,1.38,0.001812,87280,315.4,88.83,0.107620,59.1,0.000000,426.8,1550568,2065.2,66255,293.2,0.14,0.000092,71423,298.0,11.70,0.009971,89478,313.4,52.60,0.065750
420.08,0.0060881,0.052450,88514,91332,91494,90268,306.4,420.1,0.064035,319.5,80461,428.1,86173,316.4,77.78,0.063760,90805,320.2,50.29,0.050709,91259,315.2,-61.99,-0.078590,240.1,0.000000,100.0,111431,1084.9,60368,287.5,-0.10,-0.000062,65149,289.8,-2.65,-0.002129,91367,320.0,-34.66,-0.043331,600.1,0.000007,361.7,133700,403.2,132516,360.0,0.06,0.000062,130456,355.4,0.75,0.000988,87727,315.7,85.32,0.103821,60.1,0.000000,590.4,1507110,2052.6,66361,293.3,0.29,0.000197,71831,298.5,13.37,0.011440,89452,313.4,53.86,0.067308
421.08,0.0061026,0.052505,88399,91358,91429,90254,306.4,421.1,0.064398,318.9,80146,424.9,85923,315.8,78.32,0.064127,90320,319.7,50.63,0.050853,90957,315.1,-60.28,-0.076201,241.1,0.000000,416.8,109752,1080.6,60391,287.5,0.04,0.000024,64986,289.6,-1.07,-0.000856,91314,320.1,-34.15,-0.042658,601.1,0.000002,1542.2,135122,404.4,132553,360.1,0.06,0.000064,130584,355.5,0.20,0.000261,88203,315.9,81.52,0.099667,61.1,0.000000,100.0,1465497,2040.3,66523,293.5,0.46,0.000315,72228,298.9,15.06,0.012939,89399,313.4,55.01,0.068711
422.09,0.0061172,0.052563,88355,91356,91358,90245,306.3,422.1,0.064753,318.4,79840,421.8,85681,315.3,78.85,0.064485,89814,319.2,50.90,0.050917,90664,315.0,-57.68,-0.072690,242.1,0.000000,245.4,108107,1076.3,60463,287.6,0.19,0.000123,64842,289.4,0.45,0.000360,91248,320.1,-33.64,-0.041989,602.1,0.000000,100.0,136595,416.9,132589,360.1,0.05,0.000059,130704,355.5,-0.28,-0.000366,88689,316.0,77.44,0.095155,62.1,0.000000,724.7,1425637,2028.3,66747,293.8,0.65,0.000446,72606,299.4,16.73,0.014426,89329,313.3,56.06,0.069982
423.09,0.0061318,0.052621,88297,91323,91281,90241,306.2,423.1,0.065097,318.0,79544,418.9,85447,314.9,79.38,0.064832,89290,318.7,51.11,0.050914,90432,315.0,-54.45,-0.068443,243.1,0.000000,100.0,106494,1072.1,60588,287.8,0.36,0.000230,64714,289.2,1.90,0.001515,91163,320.1,-33.07,-0.041245,603.1,0.000000,254.7,138115,418.2,132610,360.1,0.03,0.000037,130814,355.6,-0.68,-0.000890,89164,316.1,73.10,0.090282,63.1,0.000000,218.9,1387443,2016.4,67038,294.2,0.86,0.000588,72955,299.8,18.34,0.015867,89241,313.2,57.02,0.071130
424.10,0.0061463,0.052681,88222,91254,91207,90243,306.2,424.1,0.065428,317.6,79257,416.1,85219,314.4,79.89,0.065163,88755,318.1,51.27,0.050861,90277,315.0,-50.90,-0.063868,244.1,0.000000,3289.6,104913,1067.8,60763,288.0,0.53,0.000334,64599,289.1,3.27,0.002605,91065,320.0,-32.38,-0.040347,604.1,0.000000,610.3,139684,419.5,132610,360.1,0.01,0.000007,130916,355.7,-1.01,-0.001322,89615,316.2,68.55,0.085069,64.1,0.000000,17057.0,1350833,2004.9,67397,294.6,1.07,0.000735,73273,300.2,19.86,0.017236,89140,313.1,57.94,0.072237
425.10,0.0061609,0.052742,88169,91169,91137,90250,306.1,425.1,0.065742,317.2,78980,413.5,84996,314.1,80.38,0.065474,88216,317.6,51.41,0.050772,90171,315.1,-47.19,-0.059125,245.1,0.000000,817.1,103612,1064.2,60983,288.3,0.67,0.000429,64495,288.9,4.55,0.003621,90961,320.0,-31.54,-0.039249,605.1,0.000000,439.7,141303,420.8,132591,360.1,-0.02,-0.000026,131009,355.8,-1.27,-0.001674,90037,316.2,63.81,0.079556,65.1,0.000000,115.2,1315731,1993.5,67824,295.1,1.28,0.000882,73557,300.5,21.28,0.018519,89033,312.9,58.85,0.073312
426.11,0.0061754,0.052804,88144,91075,91066,90264,306.0,426.1,0.066033,316.9,78712,410.9,84779,313.7,80.84,0.065757,87680,317.0,51.52,0.050663,90127,315.3,-43.54,-0.054497,246.1,0.000000,192.0,102679,1061.4,61240,288.7,0.80,0.000512,64400,288.8,5.73,0.004559,90856,320.0,-30.52,-0.037943,606.1,0.000000,293.9,142975,422.1,132540,360.1,-0.07,-0.000076,131091,355.8,-1.49,-0.001955,90425,316.2,58.92,0.073778,66.1,0.000000,100.0,1282062,1982.4,68319,295.8,1.48,0.001028,73813,300.8,22.60,0.019717,88920,312.8,59.71,0.074335
427.11,0.0061900,0.052866,88145,90984,91004,90285,306.0,427.1,0.066296,316.5,78454,408.5,84563,313.4,81.26,0.066003,87156,316.5,51.62,0.050547,90128,315.4,-40.12,-0.050197,247.1,0.000000,709.0,102109,1059.5,61528,289.0,0.90,0.000579,64313,288.7,6.82,0.005417,90752,319.9,-29.32,-0.036421,607.1,0.000000,215.8,144700,423.5,132449,360.0,-0.13,-0.000140,131160,355.9,-1.65,-0.002175,90774,316.2,53.93,0.067788,67.1,0.000000,100.0,1249756,1971.6,68878,296.4,1.67,0.001171,74048,301.1,23.84,0.020840,88802,312.6,60.53,0.075293
428.11,0.0062046,0.052927,88155,90894,90955,90314,305.9,428.1,0.066520,316.3,78204,406.1,84347,313.0,81.63,0.066201,86651,316.0,51.72,0.050437,90135,315.6,-36.89,-0.046128,248.1,0.000000,100.0,101617,1057.7,61837,289.5,0.98,0.000627,64234,288.6,7.81,0.006197,90657,319.9,-27.93,-0.034655,608.1,0.000000,100.0,146482,424.8,132315,359.9,-0.19,-0.000208,131215,355.9,-1.78,-0.002341,91089,316.2,48.90,0.061686,68.1,0.000000,141.3,1218748,1960.9,69504,297.2,1.86,0.001312,74274,301.4,25.00,0.021909,88688,312.4,61.32,0.076209
429.12,0.0062191,0.052986,88179,90805,90882,90350,305.8,429.1,0.066694,316.0,77962,403.9,84128,312.7,81.93,0.066335,86169,315.5,51.83,0.050341,90140,315.7,-33.84,-0.042310,249.1,0.000000,294.2,101173,1056.1,62158,289.9,1.02,0.000656,64163,288.5,8.71,0.006905,90562,319.8,-26.35,-0.032673,609.1,0.000000,100.0,148322,426.3,132143,359.8,-0.25,-0.000273,131256,356.0,-1.87,-0.002463,91359,316.1,43.86,0.055509,69.1,0.000000,332.5,1188975,1950.5,70195,298.0,2.05,0.001453,74503,301.7,26.13,0.022948,88575,312.3,62.06,0.077068
430.12,0.0062336,0.053043,88227,90728,90773,90394,305.7,430.1,0.066807,315.7,77726,401.7,83901,312.4,82.14,0.066390,85714,315.0,51.95,0.050267,90127,315.8,-31.07,-0.038817,250.1,0.000000,178.7,100756,1054.5,62483,290.3,1.04,0.000670,64103,288.4,9.53,0.007552,90450,319.8,-24.67,-0.030548,610.1,0.000000,100.0,150222,427.7,131940,359.6,-0.29,-0.000325,131285,356.0,-1.94,-0.002554,91569,316.0,38.80,0.049228,70.1,0.000000,587.9,1160379,1940.2,70953,299.0,2.23,0.001596,74747,302.0,27.25,0.023983,88450,312.1,62.71,0.077818
431.13,0.0062482,0.053098,88298,90661,90653,90446,305.6,431.1,0.066846,315.4,77494,399.6,83664,312.1,82.25,0.066353,85285,314.5,52.09,0.050220,90091,315.9,-28.56,-0.035658,251.1,0.000000,103.1,100354,1052.9,62808,290.7,1.03,0.000671,64057,288.4,10.28,0.008147,90316,319.7,-22.86,-0.028281,611.1,0.000000,100.0,152184,429.2,131717,359.4,-0.33,-0.000362,131305,356.0,-2.00,-0.002629,91728,315.9,33.69,0.042834,71.1,0.000000,139.1,1132903,1930.2,71780,300.0,2.42,0.001740,75018,302.3,28.38,0.025041,88314,311.9,63.29,0.078452
432.13,0.0062627,0.053148,88396,90605,90541,90508,305.5,432.1,0.066803,315.2,77266,397.6,83414,311.8,82.24,0.066210,84883,314.1,52.24,0.050200,90036,315.9,-26.26,-0.032766,252.1,0.000000,100.0,99828,1051.1,63127,291.2,1.01,0.000662,64028,288.3,10.99,0.008702,90172,319.6,-20.91,-0.025825,612.1,0.000000,471.4,154211,430.7,131486,359.2,-0.35,-0.000380,131317,356.0,-2.05,-0.002697,91868,315.8,28.49,0.036291,72.1,0.000000,100.0,1106495,1920.3,72673,301.0,2.59,0.001879,75325,302.7,29.54,0.026142,88175,311.7,63.80,0.079007
433.13,0.0062773,0.053194,88532,90565,90448,90578,305.4,433.1,0.066673,314.8,77039,395.7,83151,311.5,82.10,0.065957,84504,313.7,52.42,0.050208,89977,316.0,-24.11,-0.030060,253.1,0.000000,686.4,99427,1049.5,63440,291.6,0.99,0.000650,64021,288.3,11.65,0.009226,90033,319.5,-18.75,-0.023140,613.1,0.000000,100.0,156305,432.3,131257,359.1,-0.34,-0.000379,131323,356.0,-2.10,-0.002765,92026,315.8,23.10,0.029476,73.1,0.000000,100.0,1081104,1910.7,73627,302.1,2.74,0.002006,75677,303.1,30.74,0.027295,88040,311.5,64.27,0.079525
434.14,0.0062918,0.053234,88708,90537,90376,90658,305.4,434.1,0.066416,314.4,76811,393.9,82870,311.2,81.88,0.065626,84144,313.3,52.61,0.050241,89923,316.0,-22.05,-0.027477,254.1,0.000000,329.4,98904,1047.6,63748,292.0,0.97,0.000637,64041,288.4,12.28,0.009724,89914,319.4,-16.41,-0.020220,614.1,0.000000,212.5,158469,433.9,131041,358.9,-0.33,-0.000361,131324,356.0,-2.16,-0.002841,92234,315.8,17.33,0.022160,74.1,0.000000,407.1,1056683,1901.2,74628,303.3,2.85,0.002109,76075,303.6,31.98,0.028497,87917,311.3,64.73,0.080034
435.14,0.0063064,0.053265,89014,90505,90327,90747,305.3,435.1,0.066055,314.1,76580,392.1,82577,310.9,81.61,0.065246,83801,312.9,52.82,0.050294,89880,316.0,-20.05,-0.024970,255.1,0.000000,100.0,98509,1046.1,64051,292.4,0.95,0.000627,64088,288.4,12.89,0.010218,89820,319.3,-13.88,-0.017087,615.1,0.000000,100.0,160705,435.5,130847,358.7,-0.30,-0.000329,131320,356.0,-2.23,-0.002930,92512,315.9,10.97,0.014062,75.1,0.000000,100.0,1033185,1892.0,75656,304.5,2.90,0.002171,76520,304.1,33.23,0.029732,87810,311.1,65.17,0.080551
436.07,0.0063198,0.053279,89617,90463,90334,90837,305.3,436.1,0.065661,313.7,76363,390.5,82298,310.6,81.33,0.064859,83495,312.6,53.03,0.050358,89858,316.1,-18.22,-0.022675,256.1,0.000000,187.1,97951,1044.2,64327,292.7,0.94,0.000618,64158,288.5,13.44,0.010659,89762,319.3,-11.38,-0.014011,616.1,0.000000,100.0,162837,437.1,130692,358.6,-0.26,-0.000290,131314,356.0,-2.30,-0.003021,92756,316.1,4.27,0.005481,76.1,0.000000,100.0,1012273,1883.6,76611,305.6,2.90,0.002189,76969,304.6,34.37,0.030881,87729,310.9,65.60,0.081057
437.07,0.0063344,0.053270,90263,90409,90390,90940,305.4,437.1,0.065233,313.4,76125,388.8,81988,310.2,80.98,0.064408,83172,312.3,53.25,0.050437,89886,316.2,-16.12,-0.020061,257.1,0.000000,229.9,97420,1042.3,64624,293.1,0.92,0.000610,64270,288.7,13.99,0.011111,89763,319.3,-8.42,-0.010368,617.1,0.000000,184.7,165222,438.8,130552,358.5,-0.22,-0.000241,131298,355.9,-2.37,-0.003124,92448,315.9,-4.98,-0.006380,77.1,0.000000,188.5,990425,1874.6,77629,306.7,2.83,0.002159,77494,305.2,35.57,0.032113,87645,310.7,66.07,0.081604
438.08,0.0063490,0.053236,91023,90357,90433,91042,305.4,438.1,0.064761,313.0,75883,387.2,81671,309.9,80.60,0.063930,82856,311.9,53.49,0.050521,89930,316.3,-14.05,-0.017490,258.1,0.000000,209.0,96894,1040.4,64916,293.5,0.90,0.000601,64423,288.9,14.48,0.011522,89786,319.4,-5.39,-0.006634,618.1,0.000000,100.0,167689,440.5,130443,358.4,-0.18,-0.000192,131270,355.9,-2.45,-0.003229,92401,315.9,-13.95,-0.017864,78.1,0.000000,1045.6,969373,1865.9,78609,307.8,2.71,0.002082,78060,305.9,36.70,0.033306,87500,310.6,66.51,0.082033
439.08,0.0063635,0.053174,91864,90314,90482,91137,305.5,439.1,0.064269,312.6,75639,385.6,81352,309.6,80.20,0.063437,82545,311.6,53.72,0.050608,89986,316.4,-12.01,-0.014957,259.1,0.000000,140.2,96362,1038.4,65204,293.9,0.88,0.000589,64615,289.1,14.92,0.011894,89826,319.4,-2.30,-0.002834,619.1,0.000000,133.4,170243,442.3,130361,358.4,-0.13,-0.000146,131227,355.9,-2.54,-0.003337,92381,316.0,-22.51,-0.028813,79.1,0.000000,378.2,949082,1857.3,79532,308.9,2.54,0.001966,78667,306.6,37.74,0.034439,87359,310.6,66.87,0.082340
440.09,0.0063781,0.053084,92536,90283,90577,91219,305.6,440.1,0.063773,312.3,75391,384.1,81033,309.2,79.80,0.062944,82238,311.2,53.96,0.050696,90061,316.5,-9.96,-0.012410,260.1,0.000000,100.0,95703,1036.2,65483,294.2,0.85,0.000572,64842,289.4,15.31,0.012233,89559,319.2,0.16,0.000198,620.1,0.000000,135.8,172886,444.1,130303,358.3,-0.10,-0.000105,131170,355.8,-2.62,-0.003442,92359,316.2,-30.51,-0.039022,80.1,0.000000,188.9,929517,1848.8,80389,309.8,2.34,0.001828,79318,307.3,38.68,0.035501,87255,310.7,67.17,0.082584
441.10,0.0063928,0.052975,92955,90271,90630,91281,305.6,441.1,0.063286,311.9,75143,382.6,80717,308.9,79.42,0.062464,81936,310.9,54.20,0.050787,90143,316.6,-7.95,-0.009912,261.1,0.000000,311.0,95039,1033.9,65749,294.6,0.82,0.000548,65100,289.7,15.65,0.012543,89197,318.8,2.51,0.003078,621.1,0.000000,100.0,175624,446.0,130265,358.3,-0.06,-0.000070,131094,355.8,-2.69,-0.003533,92286,316.3,-37.86,-0.048365,81.1,0.000000,314.2,910646,1840.6,81182,310.7,2.14,0.001687,80013,308.1,39.51,0.036488,87200,311.0,67.47,0.082840
442.11,0.0064074,0.052856,93092,90308,90666,91319,305.7,442.1,0.062823,311.5,74894,381.2,80408,308.6,79.07,0.062011,81641,310.6,54.44,0.050882,90214,316.7,-6.04,-0.007532,262.1,0.000000,100.0,94372,1031.6,66000,294.9,0.77,0.000516,65386,290.1,15.95,0.012822,88996,318.5,5.08,0.006216,622.1,0.000000,100.0,178458,447.9,130244,358.3,-0.04,-0.000042,130998,355.7,-2.74,-0.003597,92095,316.3,-44.43,-0.056637,82.1,0.000000,936.9,892446,1832.4,81919,311.5,1.97,0.001562,80751,308.9,40.24,0.037401,87190,311.3,67.80,0.083152
443.12,0.0064220,0.052740,92921,90412,90679,91334,305.7,443.1,0.062395,311.2,74646,379.8,80108,308.3,78.75,0.061597,81353,310.2,54.68,0.050984,90266,316.8,-4.23,-0.005284,263.1,0.000000,100.0,93699,1029.3,66231,295.2,0.71,0.000478,65697,290.5,16.20,0.013068,88934,318.4,7.90,0.009660,623.1,0.000000,268.6,181393,449.8,130233,358.3,-0.02,-0.000022,130880,355.6,-2.76,-0.003622,91856,316.3,-50.01,-0.063591,83.1,0.000000,652.2,874893,1824.5,82619,312.2,1.85,0.001470,81533,309.8,40.86,0.038234,87220,311.7,68.18,0.083551
444.13,0.0064367,0.052635,92566,90490,90675,91327,305.7,444.1,0.062010,310.9,74401,378.5,79818,308.0,78.49,0.061226,81074,309.9,54.92,0.051086,90297,316.8,-2.53,-0.003164,264.1,0.000000,213.0,93025,1027.0,66442,295.5,0.65,0.000437,66030,290.9,16.41,0.013282,88976,318.3,10.87,0.013305,624.1,0.000000,537.9,184431,451.8,130230,358.3,-0.01,-0.000009,130741,355.5,-2.76,-0.003624,91641,316.3,-54.70,-0.069393,84.1,0.000000,100.0,857965,1816.6,83301,313.0,1.77,0.001418,82359,310.7,41.35,0.038974,87263,312.0,68.56,0.083964
445.14,0.0064513,0.052545,92186,90567,90661,91302,305.6,445.1,0.061670,310.6,74160,377.2,79540,307.7,78.27,0.060901,80804,309.6,55.15,0.051176,90310,316.8,-0.92,-0.001150,265.1,0.000000,366.2,92214,1024.3,66635,295.7,0.59,0.000399,66379,291.3,16.57,0.013469,89064,318.2,13.85,0.016970,625.1,0.000000,100.0,187576,453.8,130230,358.3,-0.00,-0.000001,130582,355.3,-2.74,-0.003592,91474,316.4,-58.73,-0.074345,85.1,0.000000,205.7,841640,1809.0,83988,313.7,1.75,0.001411,83227,311.6,41.72,0.039615,87305,312.3,68.91,0.084345
446.07,0.0064648,0.052475,91815,90683,90669,91268,305.7,446.1,0.061385,310.3,73942,376.0,79293,307.4,78.11,0.060640,80558,309.4,55.33,0.051232,90123,316.6,0.17,0.000210,266.1,0.000000,100.0,91625,1022.2,66799,295.9,0.54,0.000370,66712,291.8,16.70,0.013621,89138,318.2,16.54,0.020287,626.1,0.000000,317.2,190577,455.7,130230,358.3,-0.00,-0.000000,130421,355.2,-2.69,-0.003517,91365,316.5,-61.99,-0.078351,86.1,0.000000,100.0,827085,1802.0,84645,314.4,1.78,0.001444,84059,312.6,42.01,0.040169,87344,312.6,69.21,0.084669
447.08,0.0064794,0.052415,91413,90772,90652,91221,305.6,447.1,0.061137,310.0,73711,374.8,79036,307.2,77.99,0.060396,80288,309.0,55.46,0.051233,89899,316.4,1.36,0.001692,267.1,0.000000,280.3,90812,1019.5,66969,296.1,0.51,0.000348,67079,292.2,16.82,0.013770,89183,318.0,19.36,0.023767,627.1,0.000000,507.0,193939,457.9,130228,358.3,-0.00,-0.000004,130237,355.1,-2.61,-0.003416,91276,316.7,-65.19,-0.082272,87.1,0.000000,744.1,811853,1794.7,85398,315.2,1.86,0.001516,84990,313.6,42.18,0.040648,87377,312.9,69.47,0.084952
448.09,0.0064940,0.052370,90991,90841,90637,91165,305.6,448.1,0.060901,309.7,73487,373.6,78788,306.9,77.90,0.060193,80003,308.7,55.49,0.051134,89782,316.3,2.65,0.003296,268.1,0.000000,219.3,89995,1016.7,67135,296.3,0.50,0.000339,67451,292.7,16.93,0.013914,89175,317.8,22.08,0.027125,628.1,0.000000,705.6,197421,460.0,130220,358.3,-0.01,-0.000012,130048,354.9,-2.54,-0.003326,91198,316.8,-68.13,-0.085864,88.1,0.000000,915.0,797157,1787.4,86206,316.0,1.97,0.001616,85956,314.6,42.16,0.040963,87401,313.1,69.65,0.085128
449.10,0.0065087,0.052342,90572,90889,90635,91105,305.6,449.1,0.060690,309.4,73271,372.5,78550,306.7,77.87,0.060032,79695,308.4,55.40,0.050904,89732,316.2,4.07,0.005059,269.1,0.000000,100.0,89176,1014.0,67307,296.5,0.51,0.000345,67827,293.2,17.04,0.014064,89150,317.5,24.71,0.030373,629.1,0.000000,100.0,201027,462.2,130205,358.2,-0.02,-0.000024,129858,354.8,-2.50,-0.003265,91129,317.0,-70.83,-0.089150,89.1,0.000000,179.0,782974,1780.4,87076,316.9,2.10,0.001732,86957,315.7,41.97,0.041113,87422,313.3,69.76,0.085216
450.11,0.0065233,0.052329,90169,90920,90639,91042,305.6,450.1,0.060512,309.2,73063,371.4,78321,306.4,77.86,0.059897,79364,308.0,55.18,0.050553,89734,316.2,5.59,0.006951,270.1,0.000000,169.0,88351,1011.1,67491,296.8,0.54,0.000366,68206,293.6,17.18,0.014231,89126,317.3,27.27,0.033544,630.1,0.000000,568.0,204762,464.5,130180,358.2,-0.04,-0.000038,129675,354.6,-2.49,-0.003253,91071,317.2,-73.30,-0.092152,90.1,0.000000,697.5,769285,1773.4,88008,317.9,2.22,0.001854,87984,316.7,41.62,0.041112,87446,313.5,69.81,0.085250
451.11,0.0065379,0.052330,89788,90944,90641,90980,305.6,451.1,0.060357,308.9,72863,370.3,78100,306.2,77.86,0.059769,79024,307.6,54.85,0.050107,89766,316.2,7.16,0.008903,271.1,0.000000,4951.0,87395,1008.0,67694,297.0,0.58,0.000401,68592,294.1,17.35,0.014430,89101,317.0,29.77,0.036637,631.1,0.000000,495.9,208632,466.8,130145,358.2,-0.05,-0.000055,129495,354.5,-2.52,-0.003283,91023,317.3,-75.58,-0.094922,91.1,0.000000,100.0,756068,1766.6,88998,318.9,2.34,0.001968,89024,317.8,41.16,0.040997,87473,313.7,69.81,0.085227
452.12,0.0065525,0.052344,89474,90993,90648,90920,305.6,452.1,0.060209,308.7,72672,369.3,77886,306.0,77.85,0.059638,78661,307.2,54.41,0.049543,89809,316.2,8.73,0.010863,272.1,0.000000,100.0,86570,1005.1,67922,297.3,0.65,0.000447,68988,294.6,17.57,0.014672,89072,316.7,32.20,0.039655,632.1,0.000000,3045.0,212642,469.1,130098,358.2,-0.07,-0.000074,129318,354.3,-2.59,-0.003369,90983,317.5,-77.70,-0.097490,92.1,0.000000,100.0,743304,1759.9,90038,320.0,2.44,0.002067,90059,318.9,40.65,0.040817,87506,313.9,69.79,0.085193
453.13,0.0065671,0.052368,89218,91017,90663,90864,305.6,453.1,0.060058,308.5,72490,368.3,77679,305.8,77.83,0.059503,78251,306.7,53.81,0.048814,89846,316.2,10.30,0.012813,273.1,0.000000,148.7,85612,1001.9,68177,297.6,0.73,0.000500,69397,295.1,17.84,0.014968,89043,316.5,34.58,0.042607,633.1,0.000000,359.9,216800,471.5,130038,358.1,-0.09,-0.000095,129138,354.2,-2.71,-0.003530,90949,317.7,-79.67,-0.099865,93.1,0.000000,1270.9,730975,1753.4,91118,321.1,2.52,0.002149,91075,319.9,40.13,0.040623,87546,314.0,69.76,0.085151
454.13,0.0065817,0.052401,89009,91044,90685,90813,305.7,454.1,0.059905,308.3,72316,367.4,77482,305.6,77.80,0.059370,77771,306.2,52.99,0.047861,89873,316.1,11.86,0.014768,274.1,0.000000,215.1,84650,998.6,68461,298.0,0.80,0.000556,69821,295.6,18.19,0.015320,89017,316.2,36.91,0.045492,634.1,0.000000,10518.8,221110,474.0,129965,358.1,-0.11,-0.000118,128951,354.0,-2.91,-0.003778,90924,317.8,-81.47,-0.102052,94.1,0.000000,229.8,719062,1747.0,92230,322.2,2.57,0.002213,92064,320.9,39.66,0.040453,87592,314.2,69.71,0.085102
455.14,0.0065962,0.052439,88872,91078,90711,90768,305.7,455.1,0.059754,308.1,72151,366.4,77295,305.4,77.78,0.059244,77210,305.5,51.89,0.046623,89894,316.1,13.44,0.016735,275.1,0.000000,441.6,83824,995.7,68773,298.4,0.88,0.000612,70256,296.1,18.58,0.015726,88992,316.0,39.17,0.048306,635.1,0.000000,376.4,225581,476.5,129878,358.0,-0.13,-0.000141,128750,353.9,-3.18,-0.004125,90905,318.0,-83.12,-0.104058,95.1,0.000000,405.2,707549,1740.7,93367,323.3,2.60,0.002261,93022,321.9,39.26,0.040334,87647,314.3,69.65,0.085042
456.07,0.0066097,0.052477,88811,91121,90738,90731,305.7,456.1,0.059619,308.0,72007,365.6,77131,305.3,77.76,0.059133,76614,304.8,50.59,0.045206,89916,316.1,14.89,0.018549,276.1,0.000000,290.3,82958,992.7,69085,298.8,0.95,0.000662,70664,296.6,18.99,0.016137,88970,315.8,41.21,0.050835,636.1,0.000000,100.0,229857,478.9,129786,357.9,-0.15,-0.000161,128546,353.7,-3.50,-0.004542,90894,318.1,-84.52,-0.105758,96.1,0.000000,294.4,697262,1735.0,94432,324.3,2.61,0.002291,93877,322.8,38.95,0.040277,87705,314.4,69.56,0.084962
457.07,0.0066243,0.052521,88724,91195,90773,90695,305.8,457.1,0.059492,307.9,71859,364.8,76961,305.1,77.72,0.059009,75884,304.0,48.88,0.043386,89943,316.0,16.46,0.020510,277.1,0.000000,101.0,82000,989.4,69446,299.2,1.02,0.000712,71103,297.2,19.45,0.016597,88946,315.6,43.35,0.053501,637.1,0.000000,223.1,234657,481.5,129675,357.8,-0.17,-0.000181,128297,353.5,-3.95,-0.005107,90887,318.2,-85.89,-0.107436,97.1,0.000000,685.1,686472,1729.0,95599,325.5,2.62,0.002313,94769,323.7,38.68,0.040271,87780,314.5,69.42,0.084832
458.08,0.0066388,0.052568,88534,91262,90814,90664,305.8,458.1,0.059355,307.8,71720,363.9,76795,304.9,77.64,0.058852,75080,303.0,46.90,0.041318,89975,316.0,18.02,0.022468,278.1,0.000000,319.5,81037,986.1,69829,299.7,1.08,0.000756,71524,297.7,19.89,0.017043,88925,315.4,45.43,0.056093,638.1,0.000000,214.3,239640,484.1,129553,357.7,-0.18,-0.000199,128013,353.2,-4.48,-0.005797,90887,318.2,-87.13,-0.108947,98.1,0.000000,100.0,676037,1723.0,96774,326.6,2.61,0.002326,95623,324.5,38.47,0.040304,87869,314.6,69.22,0.084637
459.08,0.0066534,0.052623,88298,91327,90860,90639,305.8,459.1,0.059169,307.6,71589,363.1,76624,304.8,77.50,0.058648,74218,302.0,44.72,0.039069,90012,315.9,19.57,0.024422,279.1,0.000000,100.0,80075,982.7,70230,300.2,1.13,0.000793,71919,298.1,20.28,0.017448,88905,315.2,47.45,0.058608,639.1,0.000000,2790.6,244812,486.9,129423,357.6,-0.20,-0.000214,127688,353.0,-5.13,-0.006614,90895,318.3,-88.21,-0.110293,99.1,0.000000,378.4,665944,1717.2,97954,327.7,2.59,0.002331,96438,325.3,38.28,0.040347,87977,314.8,68.93,0.084354
460.09,0.0066680,0.052685,88098,91384,90914,90624,305.9,460.1,0.058915,307.4,71465,362.4,76447,304.6,77.30,0.058396,73317,301.0,42.38,0.036712,90054,315.8,21.13,0.026373,280.1,0.000000,747.2,79113,979.3,70645,300.7,1.16,0.000821,72281,298.6,20.62,0.017805,88889,315.0,49.41,0.061053,640.1,0.000000,394.4,250184,489.6,129286,357.5,-0.21,-0.000226,127320,352.7,-5.87,-0.007557,90912,318.4,-89.16,-0.111475,100.1,0.000000,176.2,656181,1711.5,99133,328.9,2.56,0.002323,97215,326.1,38.07,0.040359,88105,314.9,68.52,0.083950
461.09,0.0066825,0.052752,87983,91403,90975,90619,306.0,461.1,0.058600,307.2,71347,361.6,76263,304.4,77.03,0.058085,72396,299.9,39.97,0.034314,90098,315.8,22.67,0.028323,281.1,0.000000,8437.3,78149,975.8,71069,301.2,1.19,0.000842,72609,299.0,20.90,0.018106,88869,314.9,51.32,0.063429,641.1,0.000000,437.2,255764,492.5,129143,357.4,-0.22,-0.000237,126905,352.3,-6.71,-0.008620,90929,318.4,-89.95,-0.112471,101.1,0.000000,159.4,646736,1706.0,100303,330.0,2.52,0.002301,97957,326.8,37.81,0.040300,88257,315.0,67.95,0.083368
462.10,0.0066971,0.052821,87970,91380,91050,90626,306.0,462.1,0.058226,307.0,71233,360.9,76076,304.2,76.69,0.057725,71473,298.8,37.55,0.031938,90143,315.7,24.22,0.030278,282.1,0.000000,100.0,77057,972.0,71499,301.7,1.20,0.000856,72903,299.3,21.13,0.018351,88848,314.7,53.19,0.065749,642.1,0.000000,953.5,261562,495.4,128993,357.3,-0.23,-0.000247,126445,351.9,-7.64,-0.009796,90948,318.4,-90.58,-0.113272,102.1,0.000000,15110.1,637594,1700.5,101455,331.0,2.45,0.002264,98672,327.5,37.46,0.040133,88433,315.1,67.23,0.082618
463.10,0.0067116,0.052888,88051,91321,91173,90645,306.1,463.1,0.057804,306.8,71123,360.2,75883,304.0,76.28,0.057308,70563,297.7,35.16,0.029639,90202,315.6,25.81,0.032294,283.1,0.000000,2098.3,76101,968.5,71935,302.2,1.21,0.000866,73165,299.6,21.28,0.018534,88842,314.6,55.06,0.068085,643.1,0.000000,100.0,267590,498.3,128838,357.2,-0.24,-0.000258,125939,351.5,-8.67,-0.011073,90984,318.5,-91.00,-0.113844,103.1,0.000000,284.2,628745,1695.1,102582,332.1,2.38,0.002213,99366,328.1,36.99,0.039830,88643,315.2,66.43,0.081794
464.11,0.0067262,0.052947,88423,91232,91291,90675,306.3,464.1,0.057311,306.6,71016,359.5,75677,303.8,75.77,0.056809,69682,296.6,32.88,0.027467,90280,315.6,27.44,0.034374,284.1,0.000000,188.3,75145,965.0,72376,302.8,1.22,0.000876,73400,299.9,21.37,0.018654,88855,314.5,56.93,0.070432,644.1,0.000000,276.1,273858,501.4,128676,357.0,-0.25,-0.000270,125390,351.1,-9.77,-0.012442,91043,318.5,-91.24,-0.114195,104.1,0.000000,252.6,620175,1689.9,103680,333.1,2.30,0.002150,100048,328.8,36.39,0.039370,88876,315.3,65.56,0.080914
465.11,0.0067407,0.052984,89204,91133,91400,90713,306.4,465.1,0.056712,306.3,70911,358.9,75449,303.5,75.12,0.056195,68844,295.6,30.75,0.025468,90360,315.5,29.06,0.036435,285.1,0.000000,410.1,74190,961.4,72826,303.3,1.23,0.000890,73617,300.2,21.42,0.018739,88867,314.3,58.73,0.072700,645.1,0.000000,539.9,280382,504.5,128504,356.9,-0.26,-0.000285,124799,350.6,-10.94,-0.013893,91113,318.5,-91.34,-0.114397,105.1,0.000000,259.4,611873,1684.7,104746,334.0,2.21,0.002081,100726,329.4,35.64,0.038740,89102,315.4,64.62,0.079934
466.12,0.0067553,0.052995,89704,91042,91496,90751,306.5,466.1,0.055964,306.0,70804,358.3,75190,303.3,74.27,0.055422,68065,294.6,28.83,0.023687,90436,315.4,30.63,0.038452,286.1,0.000000,916.0,73235,957.8,73290,303.9,1.26,0.000914,73822,300.4,21.42,0.018777,88876,314.2,60.46,0.074869,646.1,0.000000,100.0,287173,507.6,128319,356.7,-0.28,-0.000306,124167,350.0,-12.18,-0.015415,91196,318.6,-91.35,-0.114486,106.1,0.000000,100.0,603829,1679.6,105778,335.0,2.12,0.002011,101405,330.1,34.73,0.037941,89312,315.4,63.64,0.078896
467.12,0.0067699,0.052992,90114,90960,91534,90786,306.5,467.1,0.055020,305.6,70694,357.6,74891,302.9,73.18,0.054448,67363,293.7,27.19,0.022174,90489,315.3,32.11,0.040346,287.1,0.000000,203.0,72278,954.2,73776,304.4,1.31,0.000952,74028,300.7,21.40,0.018794,88864,314.1,62.04,0.076847,647.1,0.000000,425.2,294245,510.9,128116,356.6,-0.31,-0.000334,123496,349.5,-13.49,-0.016997,91269,318.7,-91.29,-0.114487,107.1,0.000000,100.0,596033,1674.7,106781,335.9,2.03,0.001946,102089,330.7,33.69,0.036980,89481,315.4,62.62,0.077772
468.13,0.0067844,0.052970,90698,90891,91501,90813,306.5,468.1,0.053838,305.1,70576,357.0,74547,302.6,71.79,0.053237,66757,293.0,25.90,0.020983,90496,315.2,33.43,0.042020,288.1,0.000000,1381.2,71319,950.6,74292,305.0,1.37,0.001005,74250,300.9,21.40,0.018828,88811,314.0,63.42,0.078530,648.1,0.000000,251.3,301615,514.2,127888,356.4,-0.35,-0.000374,122791,348.9,-14.84,-0.018626,91305,318.7,-91.26,-0.114482,108.1,0.000000,131.4,588475,1669.8,107759,336.8,1.96,0.001888,102780,331.4,32.53,0.035875,89584,315.4,61.53,0.076526
469.13,0.0067990,0.052931,91005,90849,91405,90829,306.4,469.1,0.052392,304.6,70448,356.4,74155,302.1,70.08,0.051771,66262,292.3,25.00,0.020151,90453,315.0,34.54,0.043421,289.1,0.000000,454.5,70226,946.5,74842,305.7,1.45,0.001069,74494,301.2,21.39,0.018868,88710,313.9,64.56,0.079887,649.1,0.000000,1751.7,309295,517.5,127626,356.2,-0.40,-0.000428,122056,348.2,-16.23,-0.020287,91286,318.7,-91.32,-0.114531,109.1,0.000000,315.6,581148,1665.0,108715,337.6,1.90,0.001839,103477,332.0,31.26,0.034641,89614,315.3,60.41,0.075180
470.14,0.0068136,0.052886,91036,90819,91255,90833,306.2,470.1,0.050678,304.0,70305,355.8,73719,301.7,68.04,0.050048,65876,291.8,24.52,0.019679,90353,314.8,35.45,0.044550,290.1,0.000000,100.0,69269,942.7,75430,306.4,1.53,0.001136,74769,301.6,21.39,0.018917,88562,313.8,65.49,0.080931,650.1,0.000000,1638.6,317302,521.0,127321,356.0,-0.46,-0.000498,121296,347.6,-17.65,-0.021966,91217,318.6,-91.50,-0.114692,110.1,0.000000,782.0,574046,1660.4,109652,338.4,1.84,0.001794,104178,332.7,29.91,0.033298,89572,315.1,59.28,0.073776
471.07,0.0068271,0.052847,90914,90795,91094,90825,306.1,471.1,0.047019,303.6,70135,355.2,73660,301.7,64.47,0.047382,65597,291.5,24.32,0.019458,90211,314.6,36.16,0.045398,291.1,0.000000,100.0,68409,939.3,75999,307.0,1.60,0.001190,75056,301.9,21.41,0.018982,88386,313.7,66.19,0.081671,651.1,0.000000,818.3,324995,524.2,126991,355.7,-0.54,-0.000577,120578,347.0,-18.97,-0.023519,91112,318.5,-91.79,-0.114965,111.1,0.000000,263.2,567684,1656.1,110498,339.2,1.79,0.001752,104825,333.3,28.59,0.031977,89486,315.0,58.24,0.072445
472.08,0.0068417,0.052812,90672,90777,90919,90808,305.9,472.1,0.046875,302.8,69959,354.6,72912,300.8,62.33,0.045474,65418,291.2,24.35,0.019451,90019,314.4,36.87,0.046226,292.1,0.000000,128.1,67449,935.5,76627,307.7,1.63,0.001218,75411,302.3,21.46,0.019096,88171,313.5,66.87,0.082348,652.1,0.000000,100.0,333672,527.8,126572,355.4,-0.64,-0.000681,119786,346.3,-20.42,-0.025195,90958,318.4,-92.21,-0.115342,112.1,0.000000,100.0,560996,1651.6,111389,339.9,1.72,0.001699,105524,333.9,27.12,0.030473,89373,314.8,57.13,0.071018
473.08,0.0068563,0.052786,90411,90752,90749,90785,305.7,473.1,0.044282,301.9,69759,354.0,72295,300.1,59.79,0.043352,65376,291.2,24.97,0.019935,89816,314.1,37.58,0.047051,293.1,0.000000,602.2,66629,932.1,77250,308.5,1.61,0.001216,75821,302.8,21.59,0.019283,87955,313.4,67.52,0.082980,653.1,0.000000,466.1,342721,531.5,126081,355.0,-0.75,-0.000800,118984,345.6,-21.87,-0.026860,90788,318.3,-92.67,-0.115756,113.1,0.000000,100.0,554514,1647.2,112245,340.7,1.65,0.001631,106217,334.5,25.61,0.028908,89250,314.6,56.11,0.069692
474.09,0.0068709,0.052768,90295,90708,90585,90758,305.6,474.1,0.040443,301.2,69517,353.4,71859,299.6,56.06,0.040467,65400,291.2,25.99,0.020755,89614,313.9,38.32,0.047904,294.1,0.000000,100.0,65671,928.3,77856,309.1,1.56,0.001185,76297,303.3,21.85,0.019599,87749,313.2,68.14,0.083581,654.1,0.000000,100.0,352161,535.2,125510,354.5,-0.87,-0.000931,118171,344.8,-23.33,-0.028514,90609,318.1,-93.11,-0.116129,114.1,0.000000,161.4,548232,1642.9,113054,341.4,1.55,0.001545,106901,335.2,24.07,0.027296,89125,314.4,55.19,0.068501
475.10,0.0068855,0.052756,90093,90646,90427,90727,305.4,475.1,0.037874,300.5,69253,352.7,71464,299.2,52.23,0.037548,65514,291.3,27.34,0.021858,89421,313.7,39.08,0.048784,295.1,0.000000,100.0,64707,924.3,78427,309.8,1.48,0.001124,76842,304.0,22.32,0.020122,87557,313.1,68.72,0.084144,655.1,0.000000,100.0,362011,539.1,124855,354.0,-1.01,-0.001069,117348,344.1,-24.80,-0.030166,90431,317.9,-93.48,-0.116414,115.1,0.000000,588.0,542144,1638.6,113805,342.0,1.44,0.001437,107572,335.8,22.52,0.025651,89002,314.2,54.39,0.067458
476.10,0.0069001,0.052752,89868,90568,90280,90694,305.3,476.1,0.036621,299.6,68985,352.1,70705,298.3,49.60,0.035381,65802,291.7,29.17,0.023394,89236,313.5,39.86,0.049682,296.1,0.000000,130.6,63740,920.3,78951,310.4,1.35,0.001036,77461,304.7,22.95,0.020815,87378,313.0,69.25,0.084660,656.1,0.000000,270.3,372292,543.0,124116,353.4,-1.15,-0.001211,116510,343.3,-26.30,-0.031828,90267,317.8,-93.80,-0.116644,116.1,0.000000,100.0,536244,1634.5,114488,342.6,1.30,0.001311,108226,336.4,20.97,0.023989,88882,314.0,53.71,0.066558
477.11,0.0069147,0.052755,89713,90487,90147,90661,305.1,477.1,0.032793,298.9,68680,351.5,70215,297.8,45.93,0.032597,66255,292.3,31.53,0.025413,89060,313.3,40.65,0.050602,297.1,0.000000,154.8,62908,916.8,79417,310.9,1.21,0.000927,78139,305.4,23.71,0.021633,87210,312.8,69.76,0.085143,657.1,0.000000,342.6,383026,547.0,123295,352.7,-1.29,-0.001352,115651,342.6,-27.83,-0.033516,90114,317.7,-94.06,-0.116807,117.1,0.000000,921.2,530525,1630.4,115095,343.1,1.16,0.001171,108861,336.9,19.43,0.022325,88765,313.9,53.14,0.065802
478.12,0.0069292,0.052762,89607,90404,90025,90628,305.0,478.1,0.030291,298.1,68355,350.8,69743,297.2,42.34,0.029903,66811,293.0,34.20,0.027729,88891,313.1,41.47,0.051549,298.1,0.000000,230.6,61939,912.7,79820,311.3,1.05,0.000807,78850,306.2,24.53,0.022527,87052,312.7,70.24,0.085609,658.1,0.000000,132.7,394237,551.1,122393,352.0,-1.42,-0.001488,114765,341.8,-29.43,-0.035246,89966,317.7,-94.24,-0.116864,118.1,0.000000,100.0,524981,1626.4,115623,343.6,1.01,0.001025,109473,337.5,17.93,0.020676,88651,313.7,52.69,0.065192
479.12,0.0069438,0.052773,89514,90312,89921,90596,304.9,479.1,0.027891,297.4,68013,350.2,69289,296.7,38.91,0.027345,67393,293.7,36.93,0.030130,88734,312.9,42.31,0.052535,299.1,0.000000,192.6,61107,909.1,80162,311.7,0.89,0.000689,79581,307.0,25.36,0.023447,86908,312.6,70.72,0.086074,659.1,0.000000,100.0,405950,555.2,121418,351.2,-1.55,-0.001617,113845,340.9,-31.09,-0.037032,89826,317.6,-94.31,-0.116793,119.1,0.000000,185.9,519607,1622.5,116074,344.0,0.87,0.000879,110062,338.0,16.46,0.019059,88544,313.6,52.36,0.064738
480.13,0.0069584,0.052787,89439,90219,89835,90564,304.8,480.1,0.026625,296.6,67670,349.5,68592,295.9,36.56,0.025510,67960,294.4,39.52,0.032442,88592,312.8,43.19,0.053566,300.1,0.000000,456.2,60125,904.9,80450,312.0,0.75,0.000583,80323,307.9,26.20,0.024377,86781,312.5,71.19,0.086547,660.1,0.000000,2128.4,418192,559.5,120373,350.3,-1.68,-0.001738,112887,340.0,-32.84,-0.038881,89701,317.5,-94.26,-0.116598,120.1,0.000000,404.7,514397,1618.7,116452,344.3,0.73,0.000739,110632,338.5,15.05,0.017489,88450,313.4,52.16,0.064454
481.13,0.0069730,0.052803,89395,90136,89761,90534,304.7,481.1,0.023608,295.9,67303,348.9,68171,295.4,33.58,0.023325,68502,295.0,41.89,0.034586,88464,312.6,44.09,0.054630,301.1,0.000000,1886.6,59281,901.1,80697,312.3,0.64,0.000497,81077,308.7,27.03,0.025316,86669,312.4,71.65,0.087023,661.1,0.000000,100.0,430990,563.9,119266,349.4,-1.80,-0.001849,111885,339.1,-34.66,-0.040793,89592,317.5,-94.12,-0.116307,121.1,0.000000,100.0,509346,1615.0,116762,344.5,0.60,0.000611,111186,339.0,13.70,0.015980,88362,313.3,52.06,0.064293
482.14,0.0069875,0.052820,89378,90069,89704,90504,304.7,482.1,0.022616,295.2,66938,348.2,67636,294.7,31.60,0.021827,69022,295.7,44.04,0.036560,88350,312.5,45.01,0.055719,302.1,0.000000,652.6,58431,897.3,80915,312.6,0.56,0.000437,81854,309.6,27.86,0.026270,86571,312.4,72.11,0.087502,662.1,0.000000,371.4,444375,568.3,118104,348.4,-1.91,-0.001948,110839,338.1,-36.57,-0.042759,89499,317.4,-93.93,-0.115960,122.1,0.000000,100.0,504421,1611.2,117012,344.7,0.49,0.000496,111728,339.4,12.42,0.014541,88279,313.2,52.03,0.064217
483.07,0.0070010,0.052836,89376,90026,89667,90477,304.6,483.1,0.021199,294.7,66598,347.7,67245,294.2,30.03,0.020660,69491,296.2,45.85,0.038244,88258,312.3,45.87,0.056750,303.1,0.000000,100.0,57681,893.8,81106,312.8,0.52,0.000407,82600,310.4,28.64,0.027182,86495,312.3,72.52,0.087952,663.1,0.000000,484.8,457278,572.5,116990,347.4,-2.00,-0.002029,109834,337.2,-38.39,-0.044604,89420,317.4,-93.68,-0.115544,123.1,0.000000,565.8,499870,1607.4,117198,344.9,0.39,0.000403,112224,339.9,11.31,0.013278,88213,313.1,52.05,0.064219
484.07,0.0070156,0.052852,89382,89991,89629,90447,304.6,484.1,0.020221,294.2,66233,347.0,66876,293.8,28.72,0.019676,69998,296.8,47.62,0.039929,88172,312.2,46.81,0.057877,304.1,0.000000,530.5,56852,890.0,81320,313.0,0.53,0.000411,83447,311.3,29.51,0.028217,86427,312.2,72.96,0.088439,664.1,0.000000,310.7,471881,577.1,115745,346.4,-2.09,-0.002103,108704,336.1,-40.41,-0.046613,89343,317.4,-93.30,-0.114977,124.1,0.000000,389.2,495080,1603.3,117355,345.0,0.31,0.000315,112757,340.3,10.17,0.011982,88154,312.9,52.12,0.064289
485.08,0.0070301,0.052868,89404,89986,89580,90417,304.6,485.1,0.019556,293.7,65875,346.4,66556,293.4,27.86,0.019022,70513,297.4,49.19,0.041465,88090,312.1,47.71,0.058966,305.1,0.000000,100.0,55895,885.7,81557,313.3,0.57,0.000447,84339,312.3,30.41,0.029299,86368,312.1,73.36,0.088883,665.1,0.000000,487.3,487166,581.8,114471,345.3,-2.17,-0.002163,107535,335.0,-42.45,-0.048600,89278,317.5,-92.88,-0.114359,125.1,0.000000,100.0,490432,1599.3,117473,345.1,0.23,0.000240,113289,340.8,9.10,0.010759,88101,312.8,52.21,0.064383
486.09,0.0070447,0.052883,89444,90027,89529,90387,304.5,486.1,0.019311,293.3,65529,345.8,66299,293.0,27.62,0.018805,71037,298.0,50.55,0.042837,88005,312.0,48.57,0.059988,306.1,0.000000,754.9,55093,881.9,81837,313.6,0.66,0.000520,85272,313.3,31.32,0.030406,86312,312.1,73.70,0.089252,666.1,0.000000,100.0,503172,586.6,113175,344.2,-2.23,-0.002208,106330,333.9,-44.48,-0.050531,89225,317.5,-92.46,-0.113761,126.1,0.000000,518.5,485920,1595.4,117558,345.2,0.17,0.000174,113815,341.2,8.10,0.009605,88046,312.7,52.30,0.064479
487.09,0.0070593,0.052896,89499,90032,89490,90355,304.5,487.1,0.019398,292.8,65199,345.3,66072,292.8,28.06,0.019059,71566,298.6,51.67,0.044027,87921,311.9,49.40,0.060973,307.1,0.000000,256.0,54305,878.1,82178,313.9,0.80,0.000628,86234,314.3,32.20,0.031508,86264,312.0,73.97,0.089551,667.1,0.000000,100.0,519936,591.6,111867,343.0,-2.28,-0.002240,105095,332.7,-46.48,-0.052373,89175,317.6,-92.02,-0.113145,127.1,0.000000,886.6,481538,1591.6,117613,345.2,0.11,0.000117,114332,341.7,7.16,0.008517,87992,312.6,52.39,0.064585
488.10,0.0070739,0.052906,89578,90016,89475,90322,304.4,488.1,0.019879,292.4,64889,344.7,65886,292.5,29.09,0.019717,72094,299.3,52.56,0.045024,87844,311.8,50.23,0.061968,308.1,0.000000,100.0,53528,874.3,82599,314.4,0.98,0.000771,87208,315.3,33.02,0.032571,86235,311.9,74.18,0.089789,668.1,0.000000,100.0,537500,596.6,110552,341.9,-2.32,-0.002261,103835,331.4,-48.42,-0.054097,89137,317.6,-91.57,-0.112511,128.1,0.000000,214.5,477279,1587.8,117641,345.3,0.06,0.000066,114830,342.1,6.28,0.007492,87948,312.4,52.51,0.064718
489.10,0.0070884,0.052913,89678,90013,89485,90287,304.4,489.1,0.020743,292.1,64604,344.2,65788,292.4,30.77,0.020838,72614,299.8,53.23,0.045832,87783,311.7,51.09,0.063008,309.1,0.000000,281.3,52630,870.0,83116,315.0,1.19,0.000946,88176,316.3,33.77,0.033571,86231,311.9,74.33,0.089980,669.1,0.000000,100.0,555907,601.7,109234,340.7,-2.36,-0.002275,102555,330.2,-50.26,-0.055678,89116,317.7,-91.08,-0.111848,129.1,0.000000,365.1,473139,1584.1,117646,345.3,0.02,0.000021,115300,342.5,5.46,0.006531,87922,312.3,52.64,0.064885
490.11,0.0071030,0.052916,89801,89973,89514,90248,304.5,490.1,0.022122,292.0,64349,343.8,65778,292.4,33.19,0.022472,73123,300.4,53.70,0.046475,87738,311.6,51.99,0.064102,310.1,0.000000,100.0,51880,866.2,83745,315.6,1.44,0.001153,89122,317.3,34.44,0.034501,86260,311.9,74.45,0.090148,670.1,0.000000,413.3,575202,606.9,107913,339.5,-2.39,-0.002287,101262,328.9,-52.00,-0.057096,89114,317.8,-90.54,-0.111148,130.1,0.000000,100.0,469109,1580.4,117630,345.3,-0.02,-0.000018,115733,342.9,4.70,0.005637,87916,312.3,52.80,0.065087
491.11,0.0071176,0.052913,90046,89892,89584,90205,304.5,491.1,0.024078,292.0,64131,343.3,65830,292.5,36.34,0.024621,73621,301.0,54.03,0.046988,87713,311.5,52.94,0.065259,311.1,0.000000,292.4,51141,862.4,84499,316.5,1.72,0.001381,90034,318.3,35.06,0.035370,86322,311.9,74.54,0.090315,671.1,0.000000,3591.1,595434,612.3,106589,338.3,-2.43,-0.002301,99961,327.6,-53.61,-0.058340,89136,318.0,-89.93,-0.110380,131.1,0.000000,100.0,465184,1576.8,117596,345.2,-0.05,-0.000052,116123,343.2,4.00,0.004814,87932,312.2,52.97,0.065331
492.12,0.0071322,0.052899,90306,89791,89720,90152,304.7,492.1,0.026529,292.1,63955,342.9,65966,292.6,40.21,0.027281,74109,301.5,54.26,0.047417,87724,311.5,53.99,0.066571,312.1,0.000000,702.6,50283,858.1,85376,317.4,1.99,0.001612,90903,319.2,35.64,0.036198,86426,312.0,74.65,0.090544,672.1,0.000000,391.9,616655,617.7,105255,337.1,-2.47,-0.002323,98657,326.3,-55.09,-0.059401,89210,318.1,-89.18,-0.109490,132.1,0.000000,465.8,461358,1573.3,117547,345.2,-0.08,-0.000082,116464,343.5,3.37,0.004065,88001,312.2,53.22,0.065687
493.13,0.0071468,0.052879,90488,89686,89804,90089,304.7,493.1,0.029399,292.5,63826,342.5,66167,292.9,44.58,0.030307,74588,302.1,54.44,0.047800,87752,311.5,55.06,0.067921,313.1,0.000000,100.0,49558,854.3,86366,318.4,2.24,0.001826,91722,320.1,36.20,0.037003,86547,312.0,74.71,0.090732,673.1,0.000000,281.2,638916,623.3,103906,335.9,-2.53,-0.002355,97357,325.0,-56.42,-0.060277,89344,318.4,-88.43,-0.108659,133.1,0.000000,1240.9,457626,1569.8,117488,345.1,-0.10,-0.000103,116757,343.7,2.81,0.003394,88102,312.2,53.46,0.066061
494.13,0.0071614,0.052852,90628,89596,89851,90012,304.8,494.1,0.032485,293.0,63745,342.2,66399,293.2,49.09,0.033460,75059,302.6,54.62,0.048179,87763,311.5,56.04,0.069134,314.1,0.000000,670.7,48712,850.0,87451,319.6,2.44,0.002008,92487,320.9,36.77,0.037802,86641,312.1,74.60,0.090682,674.1,0.000000,100.0,662273,629.0,102534,334.6,-2.60,-0.002400,96064,323.7,-57.61,-0.060968,89466,318.6,-87.89,-0.108051,134.1,0.000000,267.5,453982,1566.4,117426,345.1,-0.11,-0.000112,117003,344.0,2.32,0.002802,88191,312.2,53.60,0.066299
495.14,0.0071760,0.052823,90581,89535,89908,89921,304.8,495.1,0.035500,293.6,63711,342.0,66636,293.5,53.41,0.036493,75523,303.1,54.86,0.048601,87765,311.5,56.95,0.070266,315.1,0.000000,295.2,47867,845.6,88611,320.8,2.59,0.002152,93204,321.6,37.37,0.038623,86729,312.1,74.34,0.090446,675.1,0.000000,591.2,686781,634.8,101132,333.3,-2.69,-0.002458,94784,322.4,-58.64,-0.061479,89549,318.8,-87.45,-0.107546,135.1,0.000000,100.0,450421,1563.0,117368,345.0,-0.10,-0.000106,117206,344.1,1.89,0.002287,88273,312.2,53.65,0.066418
496.07,0.0071894,0.052802,90349,89484,89910,89823,304.8,496.1,0.038216,294.2,63719,341.8,66869,293.8,57.12,0.039127,75947,303.6,55.15,0.049063,87757,311.5,57.74,0.071225,316.1,0.000000,245.8,47362,842.6,89735,321.9,2.69,0.002259,93829,322.3,37.96,0.039415,86808,312.2,73.98,0.090076,676.1,0.000000,100.0,710472,640.2,99806,332.0,-2.79,-0.002522,93618,321.2,-59.45,-0.061798,89594,319.0,-87.08,-0.107087,136.1,0.000000,100.0,447203,1559.9,117326,345.0,-0.09,-0.000088,117358,344.3,1.55,0.001879,88337,312.2,53.60,0.066393
497.08,0.0072040,0.052790,89939,89442,89855,89706,304.7,497.1,0.040730,294.9,63768,341.6,67141,294.2,60.80,0.041767,76400,304.0,55.57,0.049653,87716,311.5,58.44,0.072059,317.1,0.000000,100.0,47771,843.5,91004,323.2,2.78,0.002357,94472,322.9,38.64,0.040314,86870,312.2,73.38,0.089407,677.1,0.000000,423.1,737346,646.2,98331,330.6,-2.91,-0.002599,92375,320.0,-60.19,-0.061985,89598,319.2,-86.76,-0.106650,137.1,0.000000,100.0,443788,1556.6,117299,345.0,-0.06,-0.000057,117488,344.4,1.25,0.001511,88372,312.2,53.34,0.066097
498.08,0.0072186,0.052796,89413,89445,89771,89580,304.7,498.1,0.043121,295.6,63855,341.5,67431,294.6,64.10,0.044162,76843,304.5,56.11,0.050345,87642,311.4,59.00,0.072699,318.1,0.000000,100.0,49348,849.1,92324,324.6,2.86,0.002448,95086,323.6,39.35,0.041246,86908,312.2,72.59,0.088471,678.1,0.000000,211.6,765531,652.3,96815,329.2,-3.03,-0.002681,91157,318.7,-60.79,-0.062019,89569,319.3,-86.53,-0.106291,138.1,0.000000,277.3,440442,1553.4,117296,345.0,-0.02,-0.000017,117586,344.4,1.00,0.001210,88379,312.2,52.86,0.065521
499.09,0.0072332,0.052821,88857,89450,89675,89451,304.5,499.1,0.045274,296.3,63977,341.4,67736,294.9,66.99,0.046306,77261,305.0,56.80,0.051162,87541,311.4,59.47,0.073205,319.1,0.000000,122.5,52708,862.3,93698,325.9,2.94,0.002541,95681,324.2,40.09,0.042205,86928,312.2,71.64,0.087326,679.1,0.000000,365.7,795083,658.5,95261,327.6,-3.16,-0.002761,89968,317.4,-61.25,-0.061914,89520,319.3,-86.38,-0.106024,139.1,0.000000,100.0,437159,1550.1,117313,345.0,0.02,0.000021,117658,344.5,0.80,0.000966,88371,312.2,52.19,0.064688
500.09,0.0072477,0.052865,88353,89438,89585,89322,304.5,500.1,0.047191,297.0,64130,341.4,68049,295.3,69.50,0.048199,77647,305.4,57.64,0.052114,87426,311.3,59.91,0.073663,320.1,0.000000,100.0,56938,878.8,95127,327.3,3.01,0.002633,96266,324.8,40.85,0.043181,86941,312.3,70.58,0.086044,680.1,0.000000,225.6,826064,664.8,93674,326.1,-3.28,-0.002834,88809,316.2,-61.58,-0.061685,89458,319.4,-86.31,-0.105835,140.1,0.000000,100.0,433936,1546.9,117356,345.0,0.07,0.000068,117706,344.5,0.63,0.000765,88364,312.2,51.34,0.063623
501.10,0.0072623,0.052926,87919,89435,89524,89197,304.4,501.1,0.048872,297.7,64313,341.4,68368,295.7,71.64,0.049846,77997,305.7,58.66,0.053205,87313,311.3,60.37,0.074145,321.1,0.000000,301.9,61693,896.5,96600,328.8,3.06,0.002708,96846,325.4,41.58,0.044140,86964,312.3,69.49,0.084725,681.1,0.000000,213.3,858535,671.2,92061,324.5,-3.39,-0.002897,87683,315.0,-61.79,-0.061344,89395,319.5,-86.26,-0.105678,141.1,0.000000,100.0,430767,1543.8,117425,345.1,0.11,0.000116,117736,344.6,0.49,0.000598,88383,312.2,50.32,0.062364
502.10,0.0072768,0.053001,87548,89422,89464,89078,304.3,502.1,0.050313,298.3,64521,341.4,68692,296.2,73.43,0.051262,78317,306.1,59.81,0.054417,87210,311.3,60.87,0.074676,322.1,0.000000,100.0,66987,914.8,98102,330.2,3.09,0.002758,97421,326.0,42.25,0.045037,87002,312.4,68.38,0.083398,682.1,0.000000,879.7,892561,677.7,90432,322.8,-3.50,-0.002946,86590,313.9,-61.90,-0.060905,89336,319.6,-86.21,-0.105526,142.1,0.000000,118.3,427645,1540.6,117516,345.2,0.15,0.000156,117745,344.6,0.38,0.000463,88441,312.3,49.09,0.060868
503.11,0.0072914,0.053087,87225,89382,89405,88967,304.3,503.1,0.051553,299.0,64752,341.4,69020,296.6,74.92,0.052475,78607,306.4,61.10,0.055745,87113,311.3,61.37,0.075204,323.1,0.000120,331.7,72486,932.3,99553,331.6,3.08,0.002784,97988,326.6,42.81,0.045814,87042,312.4,67.25,0.082038,683.1,0.000000,2820.2,928208,684.4,88795,321.1,-3.58,-0.002978,85530,312.7,-61.90,-0.060381,89277,319.6,-86.16,-0.105381,143.1,0.000000,244.1,424562,1537.5,117617,345.2,0.18,0.000181,117740,344.6,0.28,0.000346,88536,312.4,47.57,0.059026
504.11,0.0073059,0.053182,86957,89331,89367,88864,304.2,504.1,0.052618,299.6,65004,341.5,69354,297.0,76.14,0.053515,78867,306.6,62.54,0.057196,87027,311.3,61.88,0.075749,324.1,0.000543,332.9,78259,948.9,100826,332.8,3.14,0.002863,98555,327.1,43.17,0.046386,87092,312.5,66.12,0.080684,684.1,0.000000,176.4,965540,691.1,87162,319.4,-3.65,-0.002992,84502,311.6,-61.81,-0.059781,89218,319.7,-86.09,-0.105198,144.1,0.000000,312.5,421516,1534.4,117721,345.3,0.18,0.000188,117717,344.6,0.20,0.000244,88677,312.6,45.73,0.056798
505.11,0.0073204,0.053285,86752,89276,89347,88772,304.2,505.1,0.053535,300.1,65275,341.6,69694,297.4,77.15,0.054414,79123,306.9,64.12,0.058788,86958,311.3,62.41,0.076328,325.1,0.000585,334.2,84067,964.2,102139,334.0,3.22,0.002960,99122,327.7,43.28,0.046692,87156,312.6,65.02,0.079379,685.1,0.000000,100.0,1004622,697.9,85541,317.7,-3.69,-0.002989,83502,310.5,-61.63,-0.059112,89164,319.8,-85.94,-0.104926,145.1,0.000000,100.0,418502,1531.3,117818,345.4,0.18,0.000181,117678,344.5,0.13,0.000155,88867,312.8,43.54,0.054162
506.11,0.0073349,0.053393,86592,89226,89338,88690,304.2,506.1,0.054337,300.7,65564,341.8,70046,297.9,78.00,0.055209,79355,307.1,65.87,0.060519,86904,311.4,62.95,0.076929,326.1,0.000619,335.4,89947,978.4,103456,335.3,3.23,0.003002,99687,328.3,43.15,0.046730,87231,312.7,63.96,0.078125,686.1,0.000000,317.6,1045515,704.8,83943,316.0,-3.72,-0.002970,82526,309.5,-61.38,-0.058380,89124,319.9,-85.74,-0.104597,146.1,0.000000,592.8,415515,1528.3,117901,345.5,0.16,0.000160,117621,344.5,0.06,0.000067,89096,313.1,41.01,0.051105
507.11,0.0073494,0.053505,86469,89190,89341,88619,304.2,507.1,0.055059,301.3,65869,341.9,70413,298.3,78.73,0.055934,79531,307.3,67.74,0.062339,86862,311.5,63.50,0.077538,327.1,0.000632,336.6,95736,991.3,104746,336.4,3.18,0.002975,100250,328.9,42.74,0.046465,87312,312.8,62.93,0.076916,687.1,0.000000,263.0,1088279,711.8,82374,314.3,-3.72,-0.002935,81574,308.4,-61.04,-0.057577,89099,320.0,-85.49,-0.104223,147.1,0.000000,176.9,412550,1525.2,117968,345.5,0.13,0.000132,117546,344.4,-0.02,-0.000028,89344,313.3,38.17,0.047659
508.11,0.0073639,0.053619,86395,89160,89354,88559,304.2,508.1,0.055733,301.8,66190,342.1,70796,298.8,79.39,0.056614,79609,307.3,69.68,0.064186,86832,311.6,64.04,0.078150,328.1,0.000625,337.7,101022,1002.1,105992,337.6,3.07,0.002895,100809,329.5,42.03,0.045865,87398,312.9,61.94,0.075755,688.1,0.000000,100.0,1132968,718.9,80842,312.6,-3.71,-0.002887,80645,307.4,-60.58,-0.056688,89085,320.1,-85.18,-0.103801,148.1,0.000000,422.5,409602,1522.1,118019,345.6,0.10,0.000101,117452,344.3,-0.12,-0.000151,89594,313.6,35.10,0.043904
509.11,0.0073784,0.053733,86351,89132,89374,88509,304.2,509.1,0.056369,302.4,66527,342.3,71192,299.3,79.97,0.057255,79609,307.3,71.71,0.066059,86811,311.7,64.58,0.078760,329.1,0.000606,338.8,106014,1011.4,107192,338.7,2.93,0.002792,101372,330.0,41.02,0.044939,87488,313.0,61.00,0.074646,689.1,0.000000,354.1,1179631,726.0,79352,311.0,-3.68,-0.002827,79727,306.4,-60.05,-0.055731,89079,320.2,-84.83,-0.103318,149.1,0.000000,491.0,406667,1519.1,118054,345.6,0.07,0.000073,117338,344.2,-0.26,-0.000320,89831,313.8,31.88,0.039949
510.11,0.0073929,0.053847,86339,89115,89397,88470,304.2,510.1,0.056995,303.0,66879,342.5,71614,299.8,80.54,0.057908,79542,307.2,73.73,0.067887,86799,311.8,65.11,0.079360,330.1,0.000395,340.3,110385,1019.0,108415,339.8,2.68,0.002575,101952,330.6,39.76,0.043727,87579,313.2,60.10,0.073588,690.1,0.000000,775.8,1228309,733.2,77910,309.3,-3.64,-0.002755,78823,305.4,-59.42,-0.054701,89079,320.4,-84.41,-0.102771,150.1,0.000000,701.5,403737,1516.0,118075,345.6,0.05,0.000046,117202,344.1,-0.46,-0.000558,90041,314.1,28.60,0.035907
511.11,0.0074074,0.053958,86370,89109,89421,88440,304.2,511.1,0.055644,303.7,67226,342.7,72473,300.9,79.79,0.057845,79421,307.0,75.66,0.069598,86790,312.0,65.62,0.079937,331.1,0.000031,1014.5,113835,1024.7,109664,340.9,2.31,0.002230,102560,331.2,38.28,0.042278,87667,313.3,59.24,0.072576,691.1,0.000000,100.0,1279033,740.5,76519,307.8,-3.58,-0.002677,77930,304.4,-58.67,-0.053578,89084,320.5,-83.95,-0.102170,151.1,0.000000,219.0,400808,1512.9,118083,345.6,0.02,0.000023,117045,344.0,-0.73,-0.000883,90216,314.3,25.36,0.031876
512.11,0.0074219,0.054067,86416,89119,89444,88419,304.2,512.1,0.058213,304.2,67609,343.0,72796,301.3,81.10,0.058979,79251,306.8,77.43,0.071121,86784,312.1,66.11,0.080484,332.1,-0.000135,1014.7,117036,1029.5,110902,342.2,1.86,0.001811,103204,331.9,36.63,0.040632,87749,313.5,58.42,0.071608,692.1,0.000000,317.9,1331908,749.2,75181,306.2,-3.51,-0.002592,77049,303.4,-57.80,-0.052356,89094,320.6,-83.44,-0.101517,152.1,0.000000,100.0,397875,1509.8,118081,345.6,0.00,0.000001,116865,343.8,-1.08,-0.001310,90354,314.4,22.20,0.027935
513.11,0.0074364,0.054173,86427,89133,89465,88407,304.2,513.1,0.058940,305.0,68009,343.3,73216,301.8,82.04,0.059909,79050,306.5,79.01,0.072446,86778,312.3,66.57,0.080999,333.1,-0.000298,1014.9,119833,1033.4,112141,343.6,1.36,0.001331,103889,332.6,34.84,0.038822,87825,313.6,57.65,0.070684,693.1,0.000000,264.5,1387682,757.1,73898,304.7,-3.43,-0.002500,76182,302.4,-56.79,-0.051028,89109,320.8,-82.89,-0.100820,153.1,0.000000,100.0,394938,1506.7,118070,345.6,-0.02,-0.000016,116662,343.7,-1.53,-0.001846,90457,314.5,19.16,0.024131
514.11,0.0074509,0.054277,86405,89140,89485,88402,304.3,514.1,0.057456,305.8,68403,343.6,74077,302.8,81.45,0.059962,78837,306.3,80.40,0.073586,86771,312.5,67.01,0.081484,334.1,-0.000487,1015.2,121947,1035.8,113391,345.3,0.80,0.000791,104617,333.3,32.94,0.036880,87894,313.8,56.91,0.069801,694.1,0.000000,1325.5,1447573,766.1,72673,303.3,-3.34,-0.002404,75333,301.4,-55.64,-0.049596,89126,320.9,-82.32,-0.100104,154.1,0.000000,100.0,391995,1503.6,118051,345.6,-0.03,-0.000031,116440,343.5,-2.06,-0.002489,90531,314.6,16.26,0.020479
515.11,0.0074653,0.054381,86397,89142,89505,88406,304.3,515.1,0.060057,306.6,68834,343.9,74498,303.3,82.58,0.061044,78627,306.0,81.60,0.074554,86764,312.6,67.44,0.081951,335.1,-0.000703,1015.8,123818,1037.5,114655,347.2,0.18,0.000181,105383,334.0,30.96,0.034842,87956,313.9,56.21,0.068956,695.1,0.000000,284.2,1512933,776.7,71506,301.9,-3.23,-0.002305,74503,300.5,-54.35,-0.048060,89146,321.0,-81.73,-0.099378,155.1,0.000000,308.2,389046,1500.5,118025,345.6,-0.04,-0.000045,116202,343.3,-2.68,-0.003227,90587,314.7,13.46,0.016962
516.11,0.0074798,0.054483,86444,89124,89522,88419,304.3,516.1,0.058623,307.4,69259,344.2,75421,304.5,81.96,0.061105,78431,305.7,82.62,0.075360,86755,312.8,67.86,0.082404,336.1,-0.000948,1016.6,125428,1038.7,115925,349.4,-0.52,-0.000516,106175,334.8,28.95,0.032751,88014,314.1,55.54,0.068147,696.1,0.000000,100.0,1585229,789.6,70398,300.5,-3.13,-0.002203,73694,299.5,-52.91,-0.046427,89165,321.1,-81.14,-0.098641,156.1,0.000000,623.9,386088,1497.3,117991,345.6,-0.06,-0.000058,115954,343.1,-3.37,-0.004044,90637,314.8,10.74,0.013534
517.11,0.0074943,0.054580,86566,89085,89537,88440,304.3,517.1,0.061274,308.2,69722,344.6,75867,305.0,83.20,0.062299,78258,305.5,83.47,0.076021,86745,313.0,68.27,0.082841,337.1,-0.001223,1017.5,126073,1038.0,117186,351.9,-1.31,-0.001315,106979,335.5,26.96,0.030654,88069,314.3,54.90,0.067363,697.1,0.000000,244.0,1666029,805.3,69348,299.2,-3.01,-0.002100,72910,298.6,-51.34,-0.044707,89181,321.3,-80.54,-0.097895,157.1,0.000000,100.0,383115,1494.1,117951,345.5,-0.07,-0.000072,115701,342.8,-4.10,-0.004915,90690,314.9,8.03,0.010127
518.10,0.0075088,0.054671,86745,89033,89563,88468,304.3,518.1,0.059834,309.2,70180,345.0,76824,306.1,82.57,0.062369,78117,305.3,84.18,0.076574,86736,313.2,68.69,0.083276,338.1,-0.001528,1018.5,126398,1036.6,118418,354.8,-2.22,-0.002225,107779,336.3,25.01,0.028592,88125,314.4,54.28,0.066612,698.1,0.000000,100.0,1756977,824.4,68354,298.0,-2.90,-0.001998,72151,297.8,-49.65,-0.042910,89198,321.4,-79.91,-0.097117,158.1,0.000000,360.5,380129,1490.9,117902,345.5,-0.08,-0.000087,115447,342.6,-4.85,-0.005812,90755,314.9,5.30,0.006685
519.10,0.0075232,0.054753,86975,88977,89602,88504,304.4,519.1,0.062500,310.0,70676,345.4,77290,306.6,83.75,0.063539,78017,305.2,84.79,0.077059,86732,313.5,69.11,0.083727,339.1,-0.001865,1019.6,126388,1034.6,119598,358.0,-3.23,-0.003246,108561,337.0,23.15,0.026595,88191,314.6,53.70,0.065903,699.1,0.000000,265.3,1859760,847.4,67416,296.8,-2.78,-0.001897,71418,296.9,-47.85,-0.041051,89218,321.5,-79.23,-0.096281,159.1,0.000000,500.6,377134,1487.7,117843,345.4,-0.10,-0.000105,115195,342.4,-5.60,-0.006703,90801,315.0,2.41,0.003041
520.10,0.0075377,0.054823,87388,88924,89625,88544,304.4,520.1,0.060909,310.9,71166,345.8,78220,307.7,83.11,0.063587,77963,305.1,85.32,0.077511,86732,313.7,69.55,0.084191,340.1,-0.002232,1020.6,125367,1030.6,120702,361.6,-4.35,-0.004370,109318,337.7,21.37,0.024672,88266,314.8,53.13,0.065217,700.1,0.000000,1038.0,1976079,874.6,66531,295.7,-2.66,-0.001798,70711,296.1,-45.96,-0.039147,89246,321.6,-78.48,-0.095364,160.1,0.000000,874.4,374128,1484.5,117771,345.4,-0.12,-0.000127,114948,342.2,-6.33,-0.007562,90532,314.7,-1.29,-0.001622
521.10,0.0075522,0.054876,87787,88885,89614,88585,304.4,521.1,0.061303,311.8,71670,346.2,79217,308.9,82.28,0.063514,77954,305.1,85.79,0.077942,86712,313.9,69.93,0.084571,341.1,-0.002627,1021.5,124238,1026.3,121711,365.6,-5.57,-0.005577,110047,338.4,19.67,0.022812,88318,315.0,52.47,0.064410,701.1,0.000000,151.7,2107569,906.6,65696,294.6,-2.54,-0.001704,70030,295.3,-43.99,-0.037213,89256,321.7,-77.75,-0.094466,161.1,0.000000,578.2,371112,1481.2,117683,345.3,-0.15,-0.000156,114710,342.0,-7.02,-0.008366,90424,314.6,-4.71,-0.005925
522.10,0.0075667,0.054918,87955,88861,89574,88624,304.3,522.1,0.063831,312.5,72212,346.7,79567,309.2,83.25,0.064474,77994,305.1,86.19,0.078337,86674,314.2,70.26,0.084872,342.1,-0.003049,1022.2,122727,1021.3,122616,370.0,-6.86,-0.006840,110754,339.0,18.02,0.020992,88350,315.2,51.72,0.063470,702.1,0.000000,549.6,2255725,943.6,64908,293.6,-2.43,-0.001614,69373,294.5,-41.98,-0.035269,89241,321.7,-77.03,-0.093560,162.1,0.000000,762.4,368084,1477.9,117573,345.2,-0.19,-0.000195,114485,341.8,-7.64,-0.009098,90402,314.6,-8.19,-0.010310
523.10,0.0075811,0.054954,88104,88849,89504,88660,304.3,523.1,0.061833,313.4,72742,347.1,80473,310.3,82.31,0.064255,78078,305.2,86.51,0.078688,86613,314.4,70.54,0.085073,343.1,-0.002957,368.7,121203,1016.2,121783,369.6,-5.08,-0.005031,111447,339.7,16.39,0.019184,88355,315.4,50.85,0.062366,703.1,0.000000,100.0,2421860,985.8,64165,292.7,-2.32,-0.001529,68737,293.7,-39.94,-0.033333,89196,321.7,-76.32,-0.092643,163.1,0.000000,100.0,365037,1474.6,117433,345.1,-0.24,-0.000247,114275,341.6,-8.19,-0.009746,90394,314.6,-11.88,-0.014945
524.10,0.0075956,0.054985,88168,88854,89413,88692,304.2,524.1,0.061844,314.1,73283,347.6,81364,311.3,81.05,0.063762,78201,305.3,86.74,0.078987,86529,314.7,70.75,0.085177,344.1,-0.001731,368.4,120275,1012.2,120896,368.8,-3.54,-0.003492,112138,340.3,14.78,0.017367,88335,315.6,49.86,0.061099,704.1,0.000000,150.2,2606991,1033.4,63463,291.7,-2.21,-0.001449,68120,293.0,-37.89,-0.031424,89120,321.7,-75.59,-0.091691,164.1,0.000000,731.8,361970,1471.2,117254,344.9,-0.31,-0.000314,114082,341.5,-8.68,-0.010307,90363,314.6,-15.73,-0.019790
525.10,0.0076101,0.055016,88016,88886,89314,88720,304.1,525.1,0.063917,314.8,73857,348.1,81627,311.6,81.59,0.064337,78365,305.5,86.85,0.079218,86427,314.9,70.91,0.085206,345.1,-0.000952,368.0,120133,1009.7,120215,368.2,-2.35,-0.002310,112837,340.9,13.15,0.015526,88295,315.8,48.77,0.059699,705.1,0.000000,285.2,2811761,1086.2,62800,290.9,-2.12,-0.001374,67519,292.3,-35.87,-0.029558,89020,321.7,-74.82,-0.090662,165.1,0.000000,294.7,358206,1467.2,117029,344.8,-0.39,-0.000397,113906,341.3,-9.09,-0.010782,90311,314.5,-19.72,-0.024795
526.10,0.0076246,0.055055,87766,88938,89222,88749,304.0,526.1,0.061382,315.5,74413,348.6,82392,312.4,80.23,0.063681,78565,305.7,86.95,0.079452,86307,315.2,71.06,0.085186,346.1,-0.002017,369.7,120788,1008.6,120749,370.4,-3.75,-0.003675,113557,341.5,11.52,0.013656,88254,316.0,47.61,0.058219,706.1,0.000000,376.6,3036386,1144.3,62173,290.0,-2.02,-0.001302,66932,291.6,-33.89,-0.027752,88909,321.6,-73.96,-0.089527,166.1,0.000000,100.0,354217,1463.0,116750,344.5,-0.48,-0.000493,113747,341.2,-9.43,-0.011178,90240,314.4,-23.77,-0.029869
527.10,0.0076391,0.055103,87512,88966,89147,88779,303.9,527.1,0.060911,316.1,74974,349.1,83124,313.3,78.70,0.062853,78807,306.0,87.01,0.079679,86184,315.5,71.21,0.085172,347.1,-0.003354,1013.5,122068,1008.8,122011,374.9,-6.16,-0.006032,114300,342.2,9.87,0.011764,88229,316.2,46.42,0.056708,707.1,0.000000,100.0,3280582,1207.3,61583,289.3,-1.92,-0.001233,66356,290.8,-31.98,-0.026019,88790,321.5,-72.93,-0.088185,167.1,0.000000,100.0,350164,1458.7,116413,344.2,-0.59,-0.000599,113604,341.0,-9.71,-0.011504,90157,314.3,-27.79,-0.034901
528.09,0.0076536,0.055158,87308,88993,89093,88814,303.8,528.1,0.060300,316.6,75538,349.6,83824,314.0,77.07,0.061915,79066,306.3,86.97,0.079828,86079,315.8,71.42,0.085245,348.1,-0.004588,1013.5,123530,1009.2,123569,381.1,-9.07,-0.008849,115070,342.9,8.23,0.009852,88223,316.5,45.22,0.055198,708.1,0.000000,320.1,3543555,1274.9,61029,288.5,-1.83,-0.001163,65791,290.2,-30.13,-0.024367,88682,321.4,-71.70,-0.086611,168.1,0.000000,647.3,346063,1454.4,116016,343.9,-0.70,-0.000708,113474,340.9,-9.94,-0.011766,90072,314.2,-31.71,-0.039794
529.09,0.0076680,0.055218,87218,89017,89058,88855,303.8,529.1,0.059586,329.2,76105,350.1,84509,314.8,75.37,0.060895,79349,306.6,86.84,0.079910,85997,316.1,71.71,0.085428,349.1,-0.005645,385.4,124922,1009.6,124665,387.5,-11.37,-0.010997,115885,343.6,6.54,0.007866,88239,316.7,44.02,0.053704,709.1,0.000000,296.0,3823983,1346.7,60512,287.8,-1.72,-0.001090,65235,289.5,-28.37,-0.022802,88594,321.4,-70.27,-0.084824,169.1,0.000000,100.0,341912,1449.9,115563,343.5,-0.80,-0.000815,113359,340.8,-10.12,-0.011970,89982,314.1,-35.48,-0.044493
530.09,0.0076825,0.055279,87205,89038,89040,88904,303.8,530.1,0.060874,317.6,76695,350.7,84596,314.8,75.44,0.061011,79670,307.0,86.66,0.079969,85939,316.4,72.04,0.085689,350.1,-0.006621,1013.2,125906,1009.2,125843,395.6,-14.08,-0.013467,116777,344.3,4.70,0.005690,88275,317.0,42.83,0.052225,710.1,0.000000,100.0,4119998,1422.2,60034,287.2,-1.61,-0.001013,64691,288.8,-26.69,-0.021325,88528,321.3,-68.68,-0.082843,170.1,0.000000,459.9,337712,1445.4,115059,343.1,-0.90,-0.000911,113255,340.7,-10.26,-0.012124,89889,314.0,-39.04,-0.048926
531.09,0.0076969,0.055339,87195,89058,89035,88959,303.8,531.1,0.057938,318.1,77264,351.2,85213,315.5,73.84,0.060021,80033,307.4,86.45,0.080031,85900,316.6,72.41,0.086005,351.1,-0.007369,1012.6,126448,1008.0,126535,403.6,-16.02,-0.015104,117755,345.2,2.67,0.003248,88332,317.2,41.62,0.050749,711.1,0.000000,354.8,4429177,1500.8,59599,286.6,-1.49,-0.000930,64158,288.1,-25.10,-0.019935,88479,321.3,-66.91,-0.080679,171.1,0.000000,842.7,333467,1440.8,114515,342.6,-0.99,-0.000991,113160,340.6,-10.36,-0.012235,89807,313.9,-42.36,-0.053063
532.09,0.0077114,0.055398,87248,89085,89046,89022,303.8,532.1,0.057045,318.7,77835,351.7,85832,316.2,72.27,0.059048,80443,307.8,86.22,0.080110,85871,316.9,72.79,0.086366,352.1,-0.007823,406.7,126615,1006.1,126450,409.9,-16.43,-0.015248,118749,346.0,0.56,0.000682,88415,317.4,40.40,0.049263,712.1,0.000000,127.4,4748593,1581.8,59208,286.0,-1.35,-0.000841,63640,287.5,-23.59,-0.018627,88448,321.3,-64.99,-0.078334,172.1,0.000000,100.0,329186,1436.1,113943,342.1,-1.05,-0.001050,113077,340.6,-10.42,-0.012301,89747,313.9,-45.46,-0.056918
533.08,0.0077259,0.055452,87379,89119,89071,89090,303.8,533.1,0.056149,319.2,78406,352.2,86461,316.8,70.73,0.058090,80882,308.3,85.93,0.080151,85850,317.1,73.21,0.086783,353.1,-0.008121,1010.0,126394,1003.5,126383,416.7,-16.95,-0.015462,119606,346.7,-1.33,-0.001641,88519,317.7,39.13,0.047745,713.1,0.000000,100.0,5074872,1664.6,58865,285.6,-1.20,-0.000746,63139,286.8,-22.16,-0.017395,88442,321.3,-62.94,-0.075857,173.1,0.000000,313.1,324890,1431.4,113356,341.6,-1.09,-0.001085,113006,340.5,-10.43,-0.012313,89707,313.8,-48.35,-0.060510
534.08,0.0077403,0.055501,87558,89158,89107,89165,303.9,534.1,0.055259,319.8,78979,352.7,87087,317.5,69.26,0.057175,81343,308.9,85.58,0.080146,85836,317.3,73.67,0.087255,354.1,-0.008066,418.4,125925,1000.5,125750,421.5,-16.06,-0.014410,120196,347.2,-2.76,-0.003409,88638,317.9,37.82,0.046173,714.1,0.000000,100.0,5404260,1748.6,58571,285.1,-1.04,-0.000645,62657,286.2,-20.79,-0.016229,88452,321.3,-60.77,-0.073254,174.1,0.000000,100.0,320582,1426.6,112770,341.1,-1.10,-0.001093,112941,340.4,-10.41,-0.012283,89679,313.8,-51.02,-0.063847
535.08,0.0077548,0.055541,87771,89199,89167,89244,304.0,535.1,0.054391,320.3,79553,353.3,87715,318.2,67.84,0.056294,81819,309.4,85.16,0.080079,85813,317.4,74.09,0.087697,355.1,-0.007820,1006.3,125204,997.0,125378,426.7,-15.79,-0.013957,120498,347.4,-3.71,-0.004587,88744,318.1,36.38,0.044445,715.1,0.000000,100.0,5732723,1833.0,58328,284.8,-0.88,-0.000542,62198,285.6,-19.47,-0.015119,88458,321.3,-58.54,-0.070574,175.1,0.000000,124.6,316262,1421.8,112196,340.6,-1.09,-0.001077,112886,340.4,-10.34,-0.012195,89643,313.7,-53.54,-0.066980
536.08,0.0077693,0.055573,88010,89245,89225,89325,304.1,536.1,0.053538,320.9,80131,353.8,88346,318.8,66.47,0.055437,82304,309.9,84.66,0.079937,85795,317.5,74.54,0.088197,356.1,-0.007148,427.0,124436,993.4,124504,429.6,-14.06,-0.012255,120578,347.5,-4.34,-0.005367,88868,318.2,34.87,0.042642,716.1,0.000000,348.3,6056032,1917.1,58134,284.5,-0.71,-0.000439,61765,285.1,-18.18,-0.014053,88473,321.3,-56.22,-0.067782,176.1,0.000000,100.0,311933,1416.9,111647,340.1,-1.05,-0.001039,112838,340.4,-10.22,-0.012052,89603,313.7,-55.83,-0.069825
537.08,0.0077837,0.055595,88257,89301,89288,89408,304.2,537.1,0.052696,321.5,80710,354.3,88984,319.5,65.12,0.054597,82789,310.5,84.05,0.079691,85785,317.5,75.02,0.088747,357.1,-0.006551,1002.5,123576,989.7,123964,432.8,-13.11,-0.011294,120535,347.4,-4.82,-0.005967,89009,318.4,33.29,0.040754,717.1,0.000000,100.0,6369876,2000.3,57987,284.3,-0.55,-0.000340,61360,284.5,-16.92,-0.013016,88498,321.3,-53.81,-0.064895,177.1,0.000000,185.3,307593,1412.0,111132,339.7,-1.00,-0.000982,112796,340.3,-10.05,-0.011843,89567,313.7,-57.87,-0.072356
538.08,0.0077982,0.055609,88490,89370,89356,89490,304.3,538.1,0.051855,322.1,81293,354.9,89616,320.1,63.84,0.053795,83270,311.0,83.32,0.079321,85781,317.5,75.51,0.089326,358.1,-0.005353,431.7,122857,986.3,122794,433.5,-10.67,-0.009091,120410,347.3,-5.34,-0.006602,89160,318.5,31.63,0.038773,718.1,0.000000,822.8,6669965,2081.9,57882,284.2,-0.40,-0.000248,60988,284.1,-15.66,-0.011994,88533,321.3,-51.33,-0.061927,178.1,0.000000,374.7,303245,1407.0,110658,339.3,-0.93,-0.000910,112754,340.3,-9.81,-0.011562,89538,313.6,-59.66,-0.074578
539.07,0.0078127,0.055614,88692,89449,89429,89570,304.5,539.1,0.051025,322.7,81880,355.4,90249,320.7,62.60,0.053017,83743,311.5,82.46,0.078813,85784,317.5,76.00,0.089919,359.1,-0.005176,998.9,121888,982.5,122431,435.9,-10.20,-0.008619,120332,347.3,-5.99,-0.007401,89315,318.6,29.91,0.036716,719.1,0.000000,128.0,6952146,2161.3,57815,284.1,-0.27,-0.000168,60652,283.6,-14.38,-0.010971,88577,321.4,-48.80,-0.058894,179.1,0.000000,100.0,298889,1401.9,110230,338.9,-0.85,-0.000829,112699,340.2,-9.52,-0.011211,89518,313.6,-61.21,-0.076502
540.07,0.0078271,0.055613,88858,89534,89495,89647,304.6,540.1,0.048350,333.1,82449,355.9,91370,321.9,60.02,0.051277,84212,312.1,81.48,0.078177,85795,317.4,76.47,0.090503,360.1,-0.003808,434.4,121065,978.9,121357,435.8,-7.89,-0.006610,120325,347.2,-7.01,-0.008659,89463,318.6,28.16,0.034614,0.1,0.000000,100.0,7212516,2237.9,57776,284.0,-0.17,-0.000102,60353,283.2,-13.07,-0.009932,88629,321.4,-46.23,-0.055822,180.1,0.000000,100.0,294526,1396.8,109848,338.6,-0.76,-0.000743,112624,340.2,-9.17,-0.010797,89505,313.6,-62.54,-0.078142
541.07,0.0078416,0.055606,88988,89646,89552,89720,304.7,541.1,0.049405,323.9,83043,356.5,91978,322.5,58.96,0.050614,84686,312.6,80.39,0.077435,85808,317.3,76.91,0.091053,361.1,-0.003095,434.9,120184,975.2,120598,435.9,-6.25,-0.005204,120580,347.4,-8.68,-0.010747,89594,318.7,26.40,0.032504,1.1,0.000000,100.0,7447524,2311.2,57759,284.0,-0.09,-0.000053,60095,282.9,-11.70,-0.008866,88684,321.4,-43.65,-0.052732,181.1,0.000000,100.0,290159,1391.7,109513,338.3,-0.67,-0.000657,112520,340.1,-8.78,-0.010334,89496,313.7,-63.65,-0.079519
542.07,0.0078561,0.055595,89088,89749,89609,89789,304.8,542.1,0.048602,324.5,83642,357.0,92595,323.1,57.95,0.049987,85169,313.2,79.22,0.076605,85829,317.3,77.27,0.091538,362.1,-0.001629,434.3,119504,971.9,119598,434.9,-3.99,-0.003304,121244,348.0,-11.15,-0.013857,89700,318.7,24.70,0.030446,2.1,0.000000,19869.9,7654072,2380.7,57754,284.0,-0.04,-0.000022,59878,282.6,-10.28,-0.007767,88738,321.5,-41.07,-0.049635,182.1,0.000000,100.0,285787,1386.5,109223,338.0,-0.59,-0.000572,112381,339.9,-8.36,-0.009832,89490,313.7,-64.56,-0.080648
543.07,0.0078706,0.055581,89164,89820,89673,89854,305.0,543.1,0.047820,325.2,84245,357.6,93228,323.7,56.98,0.049387,85665,313.7,77.97,0.075702,85859,317.2,77.59,0.091966,363.1,-0.001264,433.9,118583,968.1,119080,434.3,-2.55,-0.002100,122034,348.6,-13.96,-0.017430,89779,318.7,23.12,0.028517,3.1,0.000000,536.4,7829596,2445.9,57754,284.0,-0.01,-0.000005,59700,282.4,-8.80,-0.006635,88792,321.5,-38.48,-0.046528,183.1,0.000000,100.0,281414,1381.2,108974,337.8,-0.51,-0.000493,112203,339.8,-7.92,-0.009296,89488,313.7,-65.29,-0.081537
544.07,0.0078851,0.055565,89221,89882,89747,89915,305.1,544.1,0.047058,325.9,84853,358.2,93881,324.4,56.02,0.048804,86180,314.3,76.66,0.074746,85906,317.1,77.88,0.092383,364.1,-0.000040,433.7,117721,964.1,118472,433.7,-0.39,-0.000324,122618,349.0,-16.31,-0.020431,89840,318.6,21.68,0.026771,4.1,0.000000,133.0,7972131,2506.4,57751,284.0,-0.01,-0.000007,59559,282.2,-7.27,-0.005476,88851,321.5,-35.87,-0.043400,184.1,0.000000,1274.3,277040,1375.9,108765,337.6,-0.43,-0.000419,111984,339.6,-7.46,-0.008744,89498,313.8,-65.82,-0.082199
545.07,0.0078996,0.055548,89260,89936,89775,89970,305.1,545.1,0.044564,335.4,85448,358.7,95018,325.5,53.84,0.047304,86719,314.9,75.33,0.073766,86069,317.1,78.37,0.093139,365.1,0.001891,432.9,116899,958.0,117735,432.9,1.74,0.001426,122880,349.2,-17.95,-0.022533,89998,318.7,20.69,0.025583,5.1,0.000000,100.0,8080361,2561.8,57740,284.0,-0.03,-0.000021,59451,282.0,-5.73,-0.004308,88997,321.7,-32.92,-0.039888,185.1,0.000000,100.0,272667,1370.5,108590,337.5,-0.36,-0.000350,111722,339.4,-7.00,-0.008192,89568,313.9,-65.87,-0.082295
546.07,0.0079141,0.055529,89308,89964,89852,90021,305.2,546.1,0.045597,327.2,86068,359.3,95645,326.1,53.08,0.046861,87286,315.5,73.99,0.072782,86223,317.1,78.71,0.093703,366.1,0.003495,432.0,115987,949.7,116992,431.9,3.70,0.003018,122921,349.2,-19.08,-0.023957,90139,318.7,19.75,0.024457,6.1,0.000000,852.4,8153642,2612.0,57713,283.9,-0.08,-0.000048,59369,281.9,-4.19,-0.003150,89157,321.8,-30.07,-0.036481,186.1,0.000000,526.0,268298,1365.0,108449,337.3,-0.30,-0.000286,111417,339.1,-6.56,-0.007665,89664,314.1,-65.86,-0.082326
547.07,0.0079286,0.055507,89486,89977,89948,90067,305.3,547.1,0.044857,327.9,86695,359.9,96287,326.7,52.29,0.046385,87879,316.1,72.64,0.071798,86347,317.1,78.90,0.094074,367.1,0.005012,430.8,114989,939.4,116248,430.7,5.57,0.004524,122816,349.1,-19.66,-0.024663,90230,318.7,18.88,0.023399,7.1,0.000000,634.7,8192006,2656.6,57669,283.9,-0.14,-0.000084,59308,281.9,-2.70,-0.002026,89278,321.9,-27.33,-0.033191,187.1,0.000000,252.8,263943,1359.5,108341,337.2,-0.23,-0.000223,111067,338.8,-6.17,-0.007193,89756,314.2,-65.83,-0.082335
548.07,0.0079431,0.055478,89696,89991,90044,90107,305.4,548.1,0.042370,336.9,87308,360.4,97396,327.8,50.25,0.044938,88496,316.8,71.29,0.070809,86466,317.0,79.00,0.094347,368.1,0.006566,429.7,113960,927.4,115462,429.2,7.46,0.006040,122446,348.7,-19.81,-0.024805,90310,318.7,18.09,0.022447,8.1,0.000000,100.0,8196129,2695.6,57605,283.8,-0.20,-0.000123,59263,281.8,-1.28,-0.000961,89370,322.0,-24.57,-0.029867,188.1,0.000000,156.1,259619,1354.0,108264,337.2,-0.17,-0.000162,110674,338.4,-5.85,-0.006804,89835,314.4,-65.71,-0.082222
549.07,0.0079576,0.055446,89649,90018,90087,90139,305.4,549.1,0.043112,329.4,87945,361.0,97997,328.3,49.48,0.044453,89130,317.5,69.94,0.069811,86569,316.9,78.98,0.094468,369.1,0.008680,427.5,112982,913.4,114459,427.3,9.79,0.007892,121946,348.3,-19.77,-0.024690,90375,318.7,17.33,0.021521,9.1,0.000000,100.0,8167295,2729.0,57525,283.7,-0.26,-0.000159,59231,281.8,0.01,0.000008,89446,322.0,-21.81,-0.026527,189.1,0.000000,100.0,255328,1348.5,108221,337.1,-0.10,-0.000099,110240,338.1,-5.63,-0.006524,89887,314.5,-65.53,-0.082008
550.07,0.0079721,0.055417,89537,90062,90106,90163,305.4,550.1,0.040492,330.1,88567,361.6,99024,329.3,47.51,0.043001,89777,318.2,68.58,0.068798,86639,316.8,78.76,0.094319,370.1,0.010162,425.5,111948,898.3,113532,425.2,11.79,0.009466,121333,347.8,-19.27,-0.023979,90411,318.6,16.55,0.020558,10.1,0.000000,2831.1,8107343,2756.6,57431,283.5,-0.31,-0.000189,59206,281.7,1.16,0.000871,89498,322.1,-19.11,-0.023249,190.1,0.000000,100.0,251071,1342.9,108211,337.1,-0.04,-0.000036,109775,337.6,-5.50,-0.006357,89917,314.6,-65.34,-0.081768
551.07,0.0079866,0.055394,89365,90074,90117,90182,305.4,551.1,0.041045,330.8,89210,362.2,99578,329.8,46.63,0.042378,90434,318.9,67.20,0.067765,86700,316.6,78.35,0.093959,371.1,0.011627,423.3,110869,882.2,112609,422.9,13.61,0.010904,120554,347.1,-18.40,-0.022789,90433,318.5,15.73,0.019561,11.1,0.000000,325.9,8018584,2778.8,57330,283.4,-0.34,-0.000208,59183,281.7,2.16,0.001617,89532,322.1,-16.44,-0.020009,191.1,0.000000,269.8,246849,1337.3,108230,337.1,0.02,0.000019,109291,337.2,-5.46,-0.006295,89937,314.7,-65.15,-0.081536
552.07,0.0080011,0.055378,89158,90129,90094,90197,305.4,552.1,0.038366,331.5,89838,362.8,100508,330.7,44.67,0.040868,91096,319.6,65.82,0.066710,86758,316.4,77.78,0.093391,372.1,0.013062,420.9,109745,865.3,111656,420.3,15.36,0.012272,119690,346.4,-17.26,-0.021268,90445,318.4,14.86,0.018481,12.1,0.000000,100.0,7903713,2795.5,57231,283.3,-0.34,-0.000207,59159,281.7,2.99,0.002241,89545,322.1,-13.82,-0.016823,192.1,0.000000,2034.6,242663,1331.7,108276,337.2,0.08,0.000073,108794,336.8,-5.51,-0.006334,89941,314.7,-64.99,-0.081318
553.07,0.0080156,0.055369,88955,90200,90055,90212,305.3,553.1,0.037228,332.1,90469,363.4,101395,331.5,42.71,0.039321,91762,320.3,64.43,0.065634,86812,316.2,77.02,0.092601,373.1,0.014472,418.3,108570,847.9,110662,417.6,17.08,0.013612,118802,345.6,-16.04,-0.019666,90446,318.3,13.88,0.017263,13.1,0.000000,393.4,7765683,2807.2,57144,283.1,-0.31,-0.000188,59136,281.6,3.66,0.002745,89532,322.1,-11.25,-0.013700,193.1,0.000000,244.6,238516,1326.1,108348,337.2,0.13,0.000122,108279,336.3,-5.70,-0.006523,89926,314.8,-64.85,-0.081113
554.07,0.0080301,0.055368,88788,90280,90024,90229,305.3,554.1,0.037464,332.7,91118,364.0,101839,331.8,41.77,0.038577,92431,321.0,63.03,0.064539,86872,316.0,76.13,0.091644,374.1,0.015879,415.5,107362,830.1,109623,414.7,18.81,0.014954,117938,344.9,-14.82,-0.018079,90452,318.2,12.77,0.015891,14.1,0.000000,450.3,7607602,2814.0,57076,283.0,-0.25,-0.000153,59118,281.6,4.20,0.003142,89504,322.0,-8.69,-0.010579,194.1,0.000000,258.9,234406,1320.4,108436,337.3,0.16,0.000157,107747,335.8,-6.01,-0.006859,89899,314.9,-64.72,-0.080909
555.07,0.0080445,0.055372,88682,90341,90011,90248,305.3,555.1,0.034762,333.3,91752,364.6,102626,332.6,39.89,0.037045,93101,321.7,61.64,0.063428,86946,315.8,75.15,0.090596,375.1,0.017243,412.4,106173,812.3,108564,411.6,20.53,0.016284,117110,344.1,-13.63,-0.016549,90483,318.2,11.51,0.014338,15.1,0.000000,241.4,7432623,2816.5,57035,283.0,-0.17,-0.000102,59108,281.6,4.61,0.003453,89480,322.0,-6.09,-0.007414,195.1,0.000000,336.8,230336,1314.7,108532,337.4,0.18,0.000175,107203,335.4,-6.45,-0.007330,89874,314.9,-64.57,-0.080691
556.07,0.0080590,0.055378,88641,90388,90026,90271,305.3,556.1,0.017541,337.0,92198,365.1,106900,336.5,30.59,0.029247,93772,322.4,60.24,0.062304,87036,315.6,74.16,0.089540,376.1,0.018548,409.3,105006,794.7,107506,408.4,22.21,0.017582,116316,343.4,-12.47,-0.015066,90557,318.1,10.06,0.012541,16.1,0.000000,100.0,7243853,2814.8,57027,283.0,-0.06,-0.000037,59108,281.6,4.94,0.003699,89468,322.0,-3.41,-0.004155,196.1,0.000000,204.3,226306,1309.0,108623,337.5,0.18,0.000172,106650,334.9,-7.00,-0.007927,89861,315.0,-64.40,-0.080448
557.07,0.0080735,0.055385,88657,90431,90076,90298,305.3,557.1,0.025954,337.3,92760,365.7,107476,337.0,28.85,0.027689,94444,323.1,58.84,0.061167,87140,315.4,73.22,0.088571,377.1,0.019788,406.0,103856,777.3,106466,405.1,23.83,0.018834,115547,342.8,-11.31,-0.013598,90691,318.2,8.34,0.010403,17.1,0.000000,102.3,7044279,2809.6,57046,283.0,0.04,0.000023,59122,281.6,5.21,0.003901,89456,322.0,-0.66,-0.000808,197.1,0.000000,113.9,222316,1303.3,108697,337.5,0.15,0.000146,106093,334.4,-7.65,-0.008634,89870,315.1,-64.19,-0.080175
558.07,0.0080880,0.055391,88703,90459,90136,90329,305.4,558.1,0.024981,337.7,93328,366.2,108005,337.5,27.31,0.026304,95116,323.7,57.45,0.060014,87253,315.3,72.42,0.087757,378.1,0.021002,402.7,102717,760.3,105443,401.7,25.41,0.020059,114789,342.1,-10.13,-0.012120,90894,318.3,6.24,0.007804,18.1,0.000000,640.1,6836711,2801.1,57107,283.1,0.18,0.000107,59159,281.7,5.45,0.004085,89374,321.9,2.00,0.002428,198.1,0.000000,100.0,218366,1297.6,108743,337.6,0.10,0.000099,105536,333.9,-8.40,-0.009437,89906,315.2,-63.93,-0.079846
559.07,0.0081025,0.055394,88765,90473,90209,90364,305.4,559.1,0.023925,342.6,93899,366.8,108496,337.9,25.90,0.025032,95789,324.4,56.03,0.058829,87363,315.1,71.72,0.087062,379.1,0.022213,399.2,101590,743.7,104434,398.3,26.98,0.021280,114029,341.5,-8.90,-0.010604,91143,318.5,3.66,0.004586,19.1,0.000000,100.0,6623735,2789.8,57223,283.3,0.36,0.000216,59214,281.7,5.70,0.004274,89346,321.8,4.85,0.005893,199.1,0.000000,344.8,214457,1291.8,108751,337.6,0.03,0.000034,104983,333.3,-9.22,-0.010323,89971,315.3,-63.63,-0.079501
560.07,0.0081170,0.055395,88850,90482,90337,90403,305.6,560.1,0.022833,342.7,94475,367.4,108965,338.3,24.59,0.023837,96465,325.1,54.58,0.057586,87480,315.0,71.16,0.086534,380.1,0.023433,395.8,100475,727.5,103439,394.7,28.56,0.022515,113255,340.8,-7.62,-0.009037,91232,318.6,0.18,0.000224,20.1,0.000000,1397.7,6407678,2776.1,57401,283.5,0.56,0.000342,59284,281.8,5.98,0.004488,89365,321.6,7.85,0.009548,200.1,0.000000,100.0,210590,1286.0,108728,337.6,-0.03,-0.000027,104438,332.8,-10.11,-0.011277,90068,315.5,-63.30,-0.079136
561.07,0.0081315,0.055392,88963,90493,90454,90445,305.7,561.1,0.021745,342.9,95054,367.9,109435,338.7,23.38,0.022735,97140,325.8,53.07,0.056267,87593,315.0,70.73,0.086121,381.1,0.024667,392.2,99377,711.7,102458,391.2,30.17,0.023769,112456,340.1,-6.30,-0.007428,91245,318.6,-3.79,-0.004752,21.1,0.000000,118.1,6190591,2760.4,57639,283.8,0.77,0.000468,59367,281.9,6.31,0.004742,89410,321.5,10.92,0.013299,201.1,0.000000,100.0,206764,1280.2,108656,337.5,-0.12,-0.000116,103904,332.4,-11.05,-0.012283,90191,315.6,-62.95,-0.078761
562.07,0.0081460,0.055385,89100,90511,90578,90491,305.8,562.1,0.020686,339.2,95637,368.5,109916,339.1,22.30,0.021758,97803,326.4,51.51,0.054875,87695,315.0,70.38,0.085785,382.1,0.025923,388.7,98292,696.4,101494,387.6,31.80,0.025048,111628,339.4,-4.94,-0.005798,91367,318.8,-7.82,-0.009810,22.1,0.000000,419.3,5974249,2743.0,57926,284.2,0.94,0.000576,59460,282.1,6.71,0.005047,89463,321.4,14.00,0.017065,202.1,0.000000,100.0,202981,1274.4,108517,337.4,-0.24,-0.000232,103382,331.9,-12.04,-0.013330,90320,315.8,-62.61,-0.078406
563.07,0.0081605,0.055372,89307,90544,90706,90539,305.9,563.1,0.019680,339.8,96227,369.1,110417,339.5,21.34,0.020885,98442,327.0,49.92,0.053428,87785,315.1,70.13,0.085548,383.1,0.027198,385.1,97235,681.6,100548,384.0,33.45,0.026348,110773,338.6,-3.58,-0.004176,91527,319.0,-11.99,-0.015070,23.1,0.000000,199.0,5760141,2724.3,58245,284.7,1.06,0.000652,59562,282.2,7.19,0.005412,89521,321.2,17.05,0.020814,203.1,0.000000,100.0,199241,1268.6,108305,337.2,-0.38,-0.000368,102874,331.4,-13.06,-0.014414,90450,316.0,-62.28,-0.078058
564.07,0.0081750,0.055352,89474,90587,90831,90588,306.0,564.1,0.017809,340.2,96811,369.7,111143,340.1,19.96,0.019630,99060,327.6,48.30,0.051926,87861,315.2,70.00,0.085427,384.1,0.028475,381.5,96210,667.3,99626,380.4,35.10,0.027656,109891,337.8,-2.23,-0.002590,91677,319.2,-16.24,-0.020429,24.1,0.000000,100.0,5549514,2704.5,58578,285.2,1.12,0.000691,59667,282.3,7.75,0.005841,89581,321.0,20.05,0.024503,204.1,0.000000,491.1,195568,1262.8,108015,336.9,-0.53,-0.000510,102381,330.9,-14.12,-0.015533,90579,316.2,-61.95,-0.077710
565.07,0.0081895,0.055327,89607,90631,90945,90637,306.1,565.1,0.016761,340.8,97401,370.3,111839,340.7,18.65,0.018430,99682,328.2,46.61,0.050325,87918,315.4,69.95,0.085374,385.1,0.029751,378.0,95219,653.5,98730,376.8,36.75,0.028963,108987,337.0,-0.92,-0.001059,91796,319.3,-20.44,-0.025723,25.1,0.000000,100.0,5337607,2681.1,58906,285.6,1.11,0.000692,59776,282.5,8.38,0.006324,89627,320.7,22.98,0.028117,205.1,0.000000,881.5,191983,1257.0,107650,336.6,-0.68,-0.000653,101900,330.5,-15.23,-0.016693,90702,316.3,-61.63,-0.077369
566.07,0.0082040,0.055298,89733,90718,91044,90684,306.2,566.1,0.015726,341.3,97996,370.9,112488,341.3,17.42,0.017281,100359,328.9,44.73,0.048529,87966,315.6,69.97,0.085401,386.1,0.031024,374.5,94259,640.2,97862,373.2,38.38,0.030267,108064,336.2,0.36,0.000413,91891,319.5,-24.53,-0.030900,26.1,0.000000,222.5,5131285,2657.2,59215,286.0,1.06,0.000659,59887,282.6,9.06,0.006850,89650,320.5,25.83,0.031642,206.1,0.000000,100.0,188485,1251.3,107213,336.2,-0.82,-0.000789,101431,330.1,-16.38,-0.017897,90814,316.5,-61.32,-0.077044
567.07,0.0082185,0.055265,89855,90800,91130,90730,306.3,567.1,0.014705,341.8,98598,371.5,113090,341.8,16.25,0.016184,101149,329.6,42.54,0.046418,88010,315.7,70.08,0.085534,387.1,0.032291,371.0,93332,627.4,97021,369.7,39.99,0.031567,107126,335.4,1.60,0.001827,91978,319.6,-28.58,-0.036012,27.1,0.000000,561.3,4932523,2633.5,59493,286.4,0.96,0.000601,59998,282.8,9.79,0.007405,89656,320.2,28.60,0.035068,207.1,0.000000,100.0,185072,1245.6,106709,335.8,-0.96,-0.000920,100969,329.6,-17.58,-0.019148,90912,316.6,-61.03,-0.076735
568.08,0.0082330,0.055228,89943,90896,91205,90774,306.4,568.1,0.013695,342.4,99207,372.1,113651,342.2,15.16,0.015150,102099,330.5,39.97,0.043900,88040,316.0,70.30,0.085768,388.1,0.033554,367.6,92437,615.2,96209,366.3,41.59,0.032861,106177,334.5,2.82,0.003193,92072,319.8,-32.67,-0.041191,28.1,0.000000,100.0,4741342,2610.2,59734,286.8,0.84,0.000528,60106,282.9,10.52,0.007973,89643,319.9,31.30,0.038399,208.1,0.000000,394.4,181740,1240.0,106141,335.3,-1.10,-0.001044,100507,329.2,-18.83,-0.020443,90995,316.7,-60.76,-0.076435
569.08,0.0082475,0.055190,89977,90997,91276,90816,306.4,569.1,0.012150,345.2,99815,372.7,114344,342.8,13.80,0.013850,103208,331.6,37.04,0.040997,88037,316.2,70.61,0.086082,389.1,0.034813,364.3,91573,603.4,95424,362.9,43.18,0.034153,105222,333.7,4.02,0.004521,92193,319.9,-36.96,-0.046635,29.1,0.000000,100.0,4557709,2587.3,59938,287.0,0.72,0.000451,60210,283.1,11.25,0.008536,89613,319.6,33.92,0.041637,209.1,0.000000,100.0,178488,1234.5,105511,334.7,-1.23,-0.001162,100041,328.7,-20.13,-0.021777,91067,316.8,-60.49,-0.076126
570.08,0.0082620,0.055151,89984,91070,91343,90857,306.5,570.1,0.011800,343.3,100439,373.3,114834,343.2,12.86,0.012948,104414,332.7,33.95,0.037883,88002,316.4,71.06,0.086534,390.1,0.036069,361.1,90741,592.1,94667,359.6,44.76,0.035442,104270,332.8,5.21,0.005819,92326,320.1,-41.52,-0.052425,30.1,0.000000,355.2,4381538,2564.7,60108,287.3,0.60,0.000378,60310,283.2,11.95,0.009080,89568,319.4,36.47,0.044778,210.1,0.000000,100.0,175313,1229.0,104824,334.1,-1.35,-0.001273,99565,328.3,-21.46,-0.023143,91131,316.9,-60.20,-0.075795
571.08,0.0082765,0.055113,90015,91130,91405,90895,306.5,571.1,0.010381,345.7,101065,373.9,115441,343.7,11.69,0.011817,105616,333.8,30.95,0.034824,87937,316.6,71.68,0.087172,391.1,0.037323,358.0,89941,581.3,93938,356.4,46.33,0.036728,103325,331.9,6.39,0.007094,92426,320.3,-46.18,-0.058345,31.1,0.000000,266.1,4212702,2542.5,60250,287.5,0.50,0.000316,60412,283.3,12.61,0.009592,89513,319.2,38.94,0.047820,211.1,0.000000,314.0,172213,1223.5,104086,333.4,-1.46,-0.001375,99072,327.8,-22.83,-0.024534,91193,317.0,-59.90,-0.075444
572.08,0.0082910,0.055073,90025,91179,91458,90933,306.6,572.1,0.009993,344.2,101707,374.6,115862,344.1,10.89,0.011033,106728,334.8,28.28,0.032051,87853,316.9,72.50,0.088007,392.1,0.038573,354.9,89171,571.0,93236,353.4,47.89,0.038007,102393,331.1,7.57,0.008354,92485,320.4,-50.80,-0.064205,32.1,0.000000,100.0,4051042,2520.6,60372,287.6,0.43,0.000269,60523,283.5,13.22,0.010068,89453,319.0,41.35,0.050763,212.1,0.000000,100.0,169185,1218.1,103304,332.7,-1.57,-0.001465,98559,327.3,-24.22,-0.025936,91250,317.1,-59.60,-0.075091
573.08,0.0083056,0.055039,89801,91222,91503,90969,306.6,573.1,0.008717,344.6,102353,375.2,116373,344.5,9.88,0.010041,107711,335.7,26.01,0.029681,87761,317.1,73.47,0.089028,393.1,0.039801,352.0,88431,561.1,92563,350.4,49.41,0.039262,101476,330.3,8.76,0.009602,92476,320.5,-55.22,-0.069776,33.1,0.000000,1867.0,3896397,2499.1,60481,287.8,0.38,0.000238,60650,283.7,13.78,0.010512,89392,318.9,43.69,0.053616,213.1,0.000000,296.7,166229,1212.7,102485,331.9,-1.66,-0.001540,98021,326.8,-25.63,-0.027337,91300,317.2,-59.30,-0.074743
574.09,0.0083201,0.055010,89789,91266,91549,91007,306.7,574.1,0.007942,344.9,103010,375.9,116827,344.9,8.94,0.009114,108566,336.4,24.15,0.027707,87683,317.4,74.60,0.090233,394.1,0.040986,349.3,87717,551.6,91920,347.6,50.88,0.040474,100576,329.4,9.96,0.010841,92358,320.4,-59.18,-0.074701,34.1,0.000000,575.1,3748546,2478.1,60587,287.9,0.36,0.000225,60804,283.9,14.31,0.010931,89348,318.8,45.98,0.056418,214.1,0.000000,154.3,163342,1207.4,101640,331.1,-1.73,-0.001600,97454,326.2,-27.04,-0.028718,91343,317.2,-59.00,-0.074393
575.09,0.0083346,0.054979,89920,91319,91585,91045,306.7,575.1,0.007200,345.3,103679,376.5,117223,345.2,8.06,0.008238,109322,337.1,22.59,0.026051,87633,317.7,75.83,0.091601,395.1,0.042141,346.6,87029,542.5,91297,344.8,52.28,0.041637,99690,328.6,11.16,0.012071,92198,320.2,-62.41,-0.078678,35.1,0.000000,188.6,3607255,2457.4,60698,288.1,0.36,0.000231,60996,284.1,14.81,0.011340,89330,318.8,48.25,0.059198,215.1,0.000000,100.0,160521,1202.1,100775,330.3,-1.79,-0.001643,96857,325.7,-28.43,-0.030063,91384,317.3,-58.70,-0.074029
576.09,0.0083491,0.054944,90035,91384,91566,91081,306.7,576.1,0.006489,345.5,104361,377.2,117561,345.5,7.23,0.007408,110012,337.7,21.25,0.024611,87582,317.9,77.06,0.092964,396.1,0.043249,344.1,86364,533.9,90688,342.2,53.62,0.042739,98817,327.8,12.36,0.013286,92042,320.1,-65.00,-0.081838,36.1,0.000000,100.0,3472290,2437.1,60823,288.2,0.40,0.000255,61240,284.4,15.31,0.011753,89306,318.8,50.40,0.061828,216.1,0.000000,293.6,157764,1196.9,99900,329.5,-1.83,-0.001672,96225,325.0,-29.79,-0.031352,91406,317.3,-58.46,-0.073737
577.09,0.0083636,0.054907,89981,91456,91525,91115,306.7,577.1,0.005544,346.9,105053,377.9,117914,345.8,6.30,0.006470,110665,338.3,20.03,0.023294,87509,318.0,78.19,0.094205,397.1,0.044297,341.7,85718,525.6,90087,339.7,54.87,0.043769,97953,327.0,13.55,0.014480,91905,319.9,-67.14,-0.084457,37.1,0.000000,385.6,3343419,2417.1,60970,288.4,0.47,0.000296,61544,284.8,15.82,0.012194,89250,318.7,52.38,0.064230,217.1,0.000000,100.0,155071,1191.7,99020,328.7,-1.86,-0.001688,95558,324.4,-31.09,-0.032569,91396,317.3,-58.27,-0.073495
578.09,0.0083782,0.054876,89817,91528,91480,91146,306.6,578.1,0.005199,346.9,105763,378.6,118130,345.9,5.59,0.005744,111301,338.8,18.86,0.022032,87416,318.1,79.24,0.095340,398.1,0.045271,339.4,85089,517.7,89490,337.3,56.04,0.044716,97095,326.2,14.73,0.015639,91810,319.8,-69.05,-0.086811,38.1,0.000000,753.3,3220410,2397.6,61144,288.7,0.55,0.000349,61913,285.3,16.40,0.012695,89167,318.6,54.22,0.066442,218.1,0.000000,150.8,152439,1186.5,98141,327.8,-1.88,-0.001695,94856,323.7,-32.34,-0.033699,91369,317.3,-58.10,-0.073267
579.10,0.0083927,0.054850,89655,91598,91439,91177,306.6,579.1,0.004583,346.1,106488,379.3,118297,346.1,4.92,0.005063,111933,339.4,17.72,0.020785,87309,318.1,80.21,0.096382,399.1,0.046163,337.2,84472,510.2,88893,335.1,57.11,0.045573,96242,325.4,15.88,0.016754,91773,319.7,-70.96,-0.089198,39.1,0.000000,351.3,3103028,2378.4,61349,288.9,0.64,0.000410,62349,285.9,17.08,0.013283,89059,318.5,55.95,0.068501,219.1,0.000000,362.3,149866,1181.4,97263,327.0,-1.90,-0.001696,94122,323.0,-33.52,-0.034734,91332,317.2,-57.94,-0.073043
580.10,0.0084072,0.054832,89449,91660,91414,91210,306.6,580.1,0.004002,346.2,107229,380.0,118425,346.2,4.30,0.004431,112565,339.9,16.59,0.019538,87194,318.2,81.13,0.097357,400.1,0.046970,335.1,83866,503.0,88295,332.9,58.09,0.046341,95392,324.6,16.99,0.017811,91800,319.6,-73.05,-0.091860,40.1,0.000000,100.0,2991044,2359.6,61584,289.3,0.74,0.000471,62850,286.6,17.87,0.013977,88931,318.4,57.61,0.070459,220.1,0.000000,249.1,147351,1176.3,96389,326.2,-1.91,-0.001696,93358,322.2,-34.62,-0.035665,91295,317.2,-57.76,-0.072798
581.10,0.0084217,0.054822,89215,91710,91411,91249,306.5,581.1,0.003312,346.9,107984,380.8,118560,346.3,3.64,0.003752,113196,340.5,15.48,0.018298,87084,318.2,82.03,0.098294,401.1,0.047692,333.1,83266,496.1,87695,330.8,58.98,0.047024,94544,323.8,18.06,0.018807,91858,319.6,-75.40,-0.094885,41.1,0.000000,239.6,2884224,2341.2,61846,289.6,0.82,0.000528,63411,287.3,18.79,0.014792,88795,318.3,59.24,0.072372,221.1,0.000000,900.8,144893,1171.3,95517,325.3,-1.92,-0.001696,92568,321.4,-35.63,-0.036489,91265,317.1,-57.54,-0.072506
582.10,0.0084362,0.054820,89033,91732,91428,91294,306.6,582.1,0.002976,346.4,108760,381.5,118626,346.3,3.13,0.003230,113823,341.0,14.39,0.017083,86994,318.3,82.89,0.099210,402.1,0.048339,331.2,82671,489.6,87093,328.9,59.80,0.047635,93701,323.0,19.08,0.019740,91913,319.6,-77.94,-0.098151,42.1,0.000000,157.4,2782335,2323.2,62129,290.0,0.89,0.000574,64024,288.1,19.86,0.015744,88670,318.2,60.88,0.074285,222.1,0.000000,521.0,142491,1166.3,94645,324.5,-1.94,-0.001701,91755,320.6,-36.56,-0.037204,91244,317.1,-57.24,-0.072126
583.10,0.0084507,0.054823,88945,91739,91461,91349,306.6,583.1,0.002406,346.9,109553,382.3,118710,346.4,2.62,0.002702,114444,341.5,13.36,0.015915,86938,318.3,83.72,0.100111,403.1,0.048921,329.4,82080,483.3,86490,327.0,60.58,0.048188,92865,322.2,20.05,0.020617,91929,319.5,-80.52,-0.101459,43.1,0.000000,100.0,2685142,2305.5,62426,290.4,0.94,0.000607,64680,288.9,21.10,0.016847,88569,318.2,62.53,0.076220,223.1,0.000000,100.0,140141,1161.4,93769,323.6,-1.96,-0.001710,90925,319.7,-37.39,-0.037809,91231,317.1,-56.80,-0.071563
584.10,0.0084653,0.054827,88965,91748,91502,91415,306.6,584.1,0.002009,346.5,110367,383.0,118780,346.4,2.19,0.002259,115056,342.1,12.38,0.014809,86921,318.4,84.50,0.100985,404.1,0.049452,327.7,81492,477.4,85889,325.3,61.31,0.048698,92040,321.4,21.00,0.021451,91894,319.3,-82.94,-0.104515,44.1,0.000000,100.0,2592415,2288.1,62730,290.8,0.96,0.000624,65372,289.8,22.51,0.018115,88502,318.1,64.18,0.078173,224.1,0.000000,225.1,137843,1156.5,92886,322.7,-1.99,-0.001727,90081,318.9,-38.14,-0.038307,91230,317.0,-56.21,-0.070831
585.10,0.0084798,0.054828,89142,91754,91539,91490,306.7,585.1,0.001572,346.8,111201,383.8,118868,346.5,1.79,0.001844,115656,342.6,11.48,0.013775,86940,318.5,85.19,0.101801,405.1,0.049948,326.0,80909,471.7,85291,323.6,62.04,0.049181,91233,320.6,21.93,0.022257,91818,319.1,-84.97,-0.107056,45.1,0.000000,210.7,2503928,2271.2,63034,291.2,0.97,0.000629,66093,290.7,24.11,0.019553,88466,318.1,65.80,0.080113,225.1,0.000000,755.0,135595,1151.6,91992,321.8,-2.03,-0.001750,89226,318.0,-38.79,-0.038703,91238,317.0,-55.51,-0.069954
586.11,0.0084943,0.054821,89407,91765,91570,91575,306.7,586.1,0.001256,346.6,112058,384.7,118956,346.6,1.47,0.001513,116239,343.1,10.64,0.012814,86980,318.6,85.75,0.102506,406.1,0.050421,324.5,80330,466.2,84698,322.0,62.76,0.049649,90449,319.8,22.86,0.023052,91714,318.8,-86.44,-0.108881,46.1,0.000000,147.5,2419471,2254.5,63335,291.6,0.95,0.000623,66836,291.6,25.88,0.021159,88453,318.1,67.35,0.081992,226.1,0.000000,100.0,133394,1146.8,91085,320.9,-2.08,-0.001779,88364,317.1,-39.36,-0.039003,91247,317.0,-54.71,-0.068955
587.11,0.0085088,0.054805,89655,91788,91595,91665,306.7,587.1,0.000869,346.9,112938,385.5,119081,346.7,1.16,0.001197,116796,343.5,9.86,0.011920,87032,318.6,86.18,0.103075,407.1,0.050881,323.0,79757,461.0,84112,320.5,63.49,0.050109,89693,319.1,23.79,0.023851,91598,318.5,-87.27,-0.109875,47.1,0.000000,232.6,2338844,2238.2,63630,292.0,0.93,0.000612,67595,292.6,27.81,0.022917,88431,318.1,68.80,0.083757,227.1,0.000000,302.8,131241,1142.0,90163,320.0,-2.14,-0.001812,87500,316.2,-39.86,-0.039219,91257,317.0,-53.83,-0.067855
588.11,0.0085233,0.054776,90169,91819,91617,91761,306.7,588.1,0.000607,346.8,113843,386.3,119218,346.8,0.91,0.000938,117317,344.0,9.14,0.011084,87081,318.5,86.47,0.103498,408.1,0.051334,321.6,79192,456.0,83534,319.1,64.23,0.050566,88969,318.4,24.75,0.024664,91462,318.3,-87.36,-0.109922,48.1,0.000000,377.9,2261843,2222.2,63923,292.4,0.92,0.000606,68365,293.5,29.85,0.024799,88394,317.9,70.17,0.085422,228.1,0.000000,100.0,129133,1137.3,89223,319.0,-2.20,-0.001849,86636,315.3,-40.28,-0.039358,91267,316.9,-52.88,-0.066675
589.11,0.0085378,0.054728,90661,91853,91625,91856,306.7,589.1,0.000358,347.0,114775,387.2,119371,346.9,0.69,0.000712,117788,344.4,8.46,0.010289,87133,318.4,86.70,0.103885,409.1,0.051780,320.3,78635,451.2,82963,317.8,64.97,0.051015,88279,317.7,25.73,0.025494,91291,317.9,-86.75,-0.109057,49.1,0.000000,806.0,2188289,2206.6,64218,292.7,0.92,0.000608,69136,294.5,31.96,0.026762,88348,317.7,71.45,0.086995,229.1,0.000000,100.0,127071,1132.6,88266,318.1,-2.26,-0.001886,85776,314.4,-40.64,-0.039429,91271,316.9,-51.88,-0.065419
590.11,0.0085524,0.054665,91049,91880,91633,91947,306.7,590.1,0.000184,347.1,115735,388.1,119528,347.0,0.51,0.000529,118199,344.7,7.81,0.009518,87204,318.2,86.88,0.104243,410.1,0.052216,319.0,78088,446.7,82401,316.6,65.71,0.051451,87622,317.1,26.72,0.026338,91136,317.7,-85.66,-0.107594,50.1,0.000000,486.0,2118011,2191.2,64524,293.1,0.94,0.000624,69902,295.4,34.07,0.028755,88292,317.4,72.65,0.088482,230.1,0.000000,100.0,125052,1127.9,87294,317.0,-2.32,-0.001923,84926,313.5,-40.94,-0.039440,91269,316.9,-50.82,-0.064089
591.12,0.0085669,0.054589,91432,91897,91627,92031,306.7,591.1,0.000121,347.2,116725,389.0,119663,347.2,0.39,0.000408,118538,345.0,7.17,0.008754,87285,318.0,86.98,0.104525,411.1,0.052635,317.9,77551,442.3,81845,315.4,66.44,0.051864,86997,316.5,27.73,0.027189,90989,317.4,-83.97,-0.105404,51.1,0.000000,368.1,2050845,2176.2,64853,293.6,1.00,0.000667,70654,296.3,36.13,0.030726,88225,317.0,73.77,0.089883,231.1,0.000000,100.0,123075,1123.3,86306,316.0,-2.38,-0.001956,84090,312.6,-41.18,-0.039393,91265,316.8,-49.72,-0.062706
592.12,0.0085815,0.054502,91762,91907,91604,92107,306.7,592.1,0.000087,347.3,117748,389.9,119785,347.3,0.32,0.000335,118802,345.2,6.52,0.007981,87358,317.7,86.96,0.104676,412.1,0.052987,316.8,77022,438.1,81307,314.3,67.11,0.052225,86401,315.9,28.74,0.028038,90873,317.2,-81.90,-0.102746,52.1,0.000000,100.0,1986641,2161.4,65226,294.0,1.12,0.000744,71387,297.2,38.08,0.032630,88146,316.7,74.86,0.091239,232.1,0.000000,100.0,121139,1118.6,85308,315.0,-2.44,-0.001986,83271,311.7,-41.36,-0.039293,91253,316.8,-48.61,-0.061307
593.13,0.0085961,0.054404,92004,91905,91573,92171,306.6,593.1,0.000068,347.4,118804,390.9,119902,347.4,0.28,0.000295,118990,345.4,5.87,0.007190,87405,317.4,86.77,0.104622,413.1,0.053231,315.8,76500,434.0,80797,313.2,67.66,0.052494,85828,315.3,29.74,0.028875,90784,317.0,-79.56,-0.099775,53.1,0.000000,121.3,1925255,2146.9,65663,294.6,1.29,0.000863,72102,298.0,39.91,0.034437,88055,316.2,75.91,0.092544,233.1,0.000000,254.5,119243,1114.1,84300,313.9,-2.49,-0.002009,82473,310.8,-41.48,-0.039137,91233,316.8,-47.50,-0.059907
594.13,0.0086106,0.054301,92160,91877,91539,92224,306.6,594.1,0.000058,347.5,119894,391.9,120020,347.4,0.27,0.000281,119110,345.5,5.21,0.006382,87431,317.0,86.42,0.104349,414.1,0.053434,314.9,75984,430.2,80301,312.3,68.10,0.052680,85277,314.8,30.73,0.029691,90718,316.8,-77.06,-0.096606,54.1,0.000000,608.5,1866554,2132.8,66185,295.3,1.52,0.001025,72801,298.8,41.59,0.036136,87954,315.8,76.91,0.093784,234.1,0.000000,100.0,117385,1109.5,83288,312.8,-2.53,-0.002026,81705,310.0,-41.51,-0.038907,91209,316.7,-46.40,-0.058515
595.14,0.0086252,0.054195,92252,91855,91500,92264,306.5,595.1,-0.000140,392.1,121016,392.8,120202,347.6,0.19,0.000196,119170,345.5,4.53,0.005559,87448,316.6,85.91,0.103896,415.1,0.053583,314.0,75472,426.5,79809,311.3,68.47,0.052797,84744,314.3,31.69,0.030478,90688,316.7,-74.53,-0.093440,55.1,0.000000,187.2,1810407,2118.9,66811,296.1,1.81,0.001226,73493,299.6,43.14,0.037735,87845,315.4,77.86,0.094945,235.1,0.000000,138.2,115566,1105.0,82275,311.7,-2.56,-0.002036,80975,309.2,-41.43,-0.038585,91183,316.6,-45.32,-0.057148
596.07,0.0086387,0.054096,92307,91847,91456,92291,306.5,596.1,-0.000139,392.2,122085,393.8,120353,347.7,0.15,0.000159,119186,345.5,3.91,0.004794,87467,316.2,85.33,0.103342,416.1,0.053676,313.2,75005,423.2,79357,310.5,68.76,0.052857,84264,313.8,32.55,0.031173,90666,316.6,-72.21,-0.090541,56.1,0.000000,349.2,1760742,2106.3,67497,296.9,2.11,0.001441,74135,300.4,44.47,0.039147,87737,315.0,78.67,0.095935,236.1,0.000000,100.0,113919,1100.9,81342,310.7,-2.59,-0.002038,80331,308.4,-41.26,-0.038212,91157,316.6,-44.36,-0.055930
597.07,0.0086532,0.053988,92370,91825,91404,92310,306.4,597.1,-0.000086,392.3,123280,394.8,120498,347.9,0.16,0.000169,119172,345.5,3.24,0.003969,87499,315.9,84.59,0.102601,417.1,0.053729,312.4,74502,419.8,78870,309.6,69.03,0.052891,83753,313.3,33.44,0.031882,90633,316.5,-69.69,-0.087376,57.1,0.000000,323.5,1709170,2092.9,68367,298.0,2.46,0.001699,74848,301.2,45.86,0.040644,87614,314.6,79.49,0.096922,237.1,0.000000,18145.1,112169,1096.4,80339,309.6,-2.60,-0.002033,79656,307.7,-41.02,-0.037758,91126,316.5,-43.38,-0.054681
598.08,0.0086678,0.053879,92449,91775,91358,92317,306.4,598.1,-0.000033,392.4,124514,395.9,120642,348.0,0.21,0.000217,119138,345.5,2.57,0.003152,87552,315.5,83.71,0.101711,418.1,0.053756,311.5,74003,416.5,78387,308.8,69.29,0.052909,83245,312.8,34.27,0.032532,90599,316.4,-67.17,-0.084204,58.1,0.000000,100.0,1659808,2079.8,69376,299.3,2.83,0.001973,75589,302.1,47.23,0.042151,87492,314.3,80.26,0.097838,238.1,0.000000,346.4,110455,1092.0,79346,308.5,-2.61,-0.002020,79005,307.0,-40.65,-0.037202,91094,316.5,-42.45,-0.053502
599.09,0.0086824,0.053769,92506,91708,91315,92313,306.3,599.1,0.000013,349.8,125789,397.0,120800,348.1,0.27,0.000286,119099,345.5,1.93,0.002367,87632,315.2,82.68,0.100660,419.1,0.053772,310.7,73510,413.3,77911,308.0,69.57,0.052930,82732,312.3,35.04,0.033106,90569,316.4,-64.63,-0.081013,59.1,0.000000,2016.9,1612549,2067.0,70528,300.7,3.19,0.002254,76369,303.0,48.62,0.043708,87375,313.9,80.99,0.098705,239.1,0.000000,285.0,108775,1087.6,78366,307.4,-2.61,-0.002001,78392,306.3,-40.17,-0.036559,91067,316.4,-41.57,-0.052380
600.10,0.0086970,0.053660,92509,91643,91244,92297,306.2,600.1,0.000051,349.9,127106,398.1,120977,348.3,0.34,0.000356,119067,345.4,1.32,0.001621,87727,314.9,81.46,0.099366,420.1,0.053793,309.9,73022,410.3,77443,307.3,69.87,0.052971,82205,311.7,35.71,0.033585,90530,316.3,-62.10,-0.077826,60.1,0.000000,100.0,1567291,2054.4,71821,302.2,3.54,0.002532,77188,303.9,50.06,0.045343,87258,313.6,81.65,0.099481,240.1,0.000000,442.7,107130,1083.3,77403,306.3,-2.60,-0.001977,77816,305.6,-39.57,-0.035822,91035,316.4,-40.77,-0.051369
601.10,0.0087116,0.053552,92462,91578,91200,92268,306.2,601.1,0.000010,520.4,128465,399.3,121196,348.4,0.38,0.000397,119045,345.4,0.76,0.000928,87841,314.6,80.02,0.097820,421.1,0.053833,309.1,72542,407.3,76987,306.5,70.22,0.053044,81656,311.2,36.27,0.033948,90485,316.2,-59.56,-0.074631,61.1,0.000000,712.4,1523938,2042.1,73249,303.9,3.86,0.002795,78045,304.9,51.54,0.047059,87143,313.3,82.25,0.100175,241.1,0.000000,100.0,106051,1080.2,76457,305.3,-2.58,-0.001948,77269,305.0,-38.83,-0.034978,90998,316.3,-40.06,-0.050463
602.11,0.0087262,0.053449,92369,91513,91194,92228,306.1,602.1,0.000000,100.0,129870,412.0,121419,348.6,0.39,0.000404,119034,345.4,0.24,0.000295,87995,314.4,78.44,0.096116,422.1,0.053905,308.4,72070,404.5,76546,305.9,70.61,0.053155,81075,310.6,36.71,0.034181,90454,316.1,-56.94,-0.071331,62.1,0.000000,100.0,1482398,2030.0,74797,305.8,4.12,0.003028,78926,305.9,53.06,0.048833,87051,313.0,82.83,0.100873,242.1,0.000000,1847.7,105234,1077.7,75531,304.2,-2.56,-0.001916,76747,304.4,-37.96,-0.034030,90977,316.3,-39.35,-0.049563
603.12,0.0087409,0.053351,92182,91458,91189,92177,306.1,603.1,0.000000,338.8,131322,413.3,121628,348.8,0.37,0.000385,119028,345.4,-0.22,-0.000268,88186,314.2,76.68,0.094224,423.1,0.054014,307.7,71610,401.8,76120,305.2,71.06,0.053308,80458,310.0,37.02,0.034272,90440,316.1,-54.22,-0.067930,63.1,0.000000,145.7,1442588,2018.2,76441,307.7,4.30,0.003214,79815,306.9,54.58,0.050626,86978,312.7,83.40,0.101561,243.1,0.000000,323.8,104642,1075.7,74624,303.2,-2.54,-0.001882,76249,303.8,-36.96,-0.032987,90976,316.3,-38.66,-0.048688
604.13,0.0087555,0.053265,91825,91420,91161,92117,306.1,604.1,0.000000,247.2,132820,414.5,121796,348.9,0.30,0.000319,119030,345.4,-0.61,-0.000750,88394,314.1,74.71,0.092062,424.1,0.054162,307.1,71163,399.2,75712,304.6,71.56,0.053499,79797,309.3,37.17,0.034207,90430,316.1,-51.48,-0.064488,64.1,0.000000,100.0,1404430,2006.6,78148,309.6,4.40,0.003337,80694,307.9,56.04,0.052390,86913,312.5,83.90,0.102178,244.1,0.000000,296.2,104110,1073.9,73739,302.1,-2.51,-0.001847,75772,303.3,-35.86,-0.031858,90979,316.2,-38.04,-0.047912
605.13,0.0087701,0.053194,91418,91403,91117,92051,306.0,605.1,0.000000,529.8,134367,415.8,121894,349.0,0.20,0.000206,119045,345.4,-0.94,-0.001157,88606,313.9,72.48,0.089576,425.1,0.054344,306.6,70729,396.7,75321,304.1,72.10,0.053722,79091,308.5,37.17,0.033982,90410,316.0,-48.74,-0.061056,65.1,0.000000,286.2,1367846,1995.2,79883,311.5,4.39,0.003389,81551,308.8,57.42,0.054084,86847,312.3,84.32,0.102679,245.1,0.000000,154.0,103615,1072.1,72876,301.1,-2.48,-0.001807,75313,302.7,-34.65,-0.030653,90974,316.2,-37.54,-0.047285
606.06,0.0087835,0.053142,91090,91394,91085,91989,305.9,606.1,0.000000,399.9,135840,417.0,121914,349.0,0.08,0.000080,119079,345.4,-1.21,-0.001485,88810,313.8,70.23,0.087022,426.1,0.054547,306.1,70342,394.5,74976,303.6,72.62,0.053950,78409,307.8,37.05,0.033662,90387,316.0,-46.21,-0.057876,66.1,0.000000,699.7,1335411,1984.9,81477,313.3,4.31,0.003372,82317,309.7,58.60,0.055562,86789,312.1,84.63,0.103058,246.1,0.000000,100.0,103236,1070.7,72103,300.2,-2.44,-0.001765,74904,302.2,-33.46,-0.029481,90963,316.2,-37.16,-0.046813
607.07,0.0087981,0.053097,90817,91400,91056,91922,305.9,607.1,0.000000,420.7,137484,418.4,121876,349.0,-0.04,-0.000038,119126,345.5,-1.46,-0.001792,89046,313.7,67.60,0.084010,427.1,0.054768,305.6,69938,392.2,74617,303.0,73.20,0.054213,77654,307.0,36.84,0.033233,90362,316.0,-43.44,-0.054396,67.1,0.000000,230.7,1301649,1974.0,83167,315.1,4.15,0.003294,83120,310.6,59.77,0.057059,86735,311.9,84.92,0.103403,247.1,0.000000,6423.2,102779,1069.0,71294,299.2,-2.39,-0.001712,74476,301.7,-32.08,-0.028157,90951,316.2,-36.83,-0.046386
608.08,0.0088127,0.053061,90674,91421,91035,91858,305.9,608.1,0.000000,468.0,139182,419.8,121770,348.9,-0.15,-0.000162,119179,345.5,-1.67,-0.002047,89295,313.6,64.78,0.080748,428.1,0.055008,305.1,69550,389.9,74273,302.6,73.78,0.054480,76893,306.2,36.56,0.032742,90343,315.9,-40.64,-0.050885,68.1,0.000000,100.0,1269250,1963.3,84798,316.9,3.94,0.003172,83901,311.4,60.82,0.058444,86690,311.7,85.15,0.103686,248.1,0.000000,237.4,102330,1067.3,70518,298.3,-2.32,-0.001652,74060,301.3,-30.64,-0.026784,90942,316.1,-36.55,-0.046041
609.09,0.0088273,0.053028,90665,91468,91034,91798,305.8,609.1,0.000000,506.4,140936,421.2,121593,348.8,-0.28,-0.000290,119237,345.6,-1.85,-0.002268,89560,313.6,61.79,0.077271,429.1,0.055251,304.7,69177,387.8,73943,302.1,74.35,0.054742,76130,305.4,36.18,0.032169,90333,315.9,-37.80,-0.047330,69.1,0.000000,127.5,1238144,1952.8,86365,318.6,3.72,0.003035,84670,312.3,61.75,0.059714,86663,311.6,85.32,0.103911,249.1,0.000000,100.0,101889,1065.7,69777,297.4,-2.24,-0.001585,73656,300.8,-29.14,-0.025375,90940,316.1,-36.33,-0.045753
610.09,0.0088419,0.052994,90747,91500,91059,91740,305.9,610.1,0.000000,363.9,142747,422.6,121350,348.6,-0.39,-0.000410,119299,345.6,-2.00,-0.002455,89839,313.6,58.69,0.073632,430.1,0.055483,304.3,68819,385.7,73624,301.6,74.90,0.054984,75357,304.5,35.70,0.031514,90342,315.9,-34.91,-0.043708,70.1,0.000000,2249.7,1208267,1942.5,87877,320.1,3.53,0.002911,85436,313.1,62.53,0.060849,86656,311.4,85.45,0.104111,250.1,0.000000,200.3,101459,1064.0,69076,296.5,-2.15,-0.001509,73262,300.3,-27.60,-0.023937,90958,316.1,-36.10,-0.045482
611.10,0.0088565,0.052957,90871,91503,91113,91681,305.9,611.1,0.000000,100.0,144619,424.1,121054,348.3,-0.49,-0.000512,119369,345.7,-2.12,-0.002604,90131,313.5,55.52,0.069887,431.1,0.055693,303.9,68476,383.7,73312,301.2,75.39,0.055191,74579,303.6,35.14,0.030784,90375,315.9,-31.94,-0.040005,71.1,0.000000,128.9,1179559,1932.5,89354,321.7,3.38,0.002820,86219,314.0,63.08,0.061784,86672,311.3,85.57,0.104316,251.1,0.000000,100.0,100903,1062.1,68418,295.7,-2.05,-0.001426,72879,299.9,-26.01,-0.022479,91002,316.2,-35.88,-0.045222
612.11,0.0088711,0.052916,90984,91501,91197,91621,306.0,612.1,0.000000,100.0,146552,425.6,120720,348.0,-0.56,-0.000586,119460,345.7,-2.20,-0.002701,90429,313.5,52.33,0.066095,432.1,0.055864,303.5,68146,381.8,73004,300.8,75.81,0.055344,73804,302.8,34.49,0.029989,90436,316.0,-28.90,-0.036216,72.1,0.000000,100.0,1151965,1922.6,90824,323.2,3.29,0.002780,87031,314.9,63.45,0.062545,86721,311.2,85.69,0.104553,252.1,0.000000,274.9,100474,1060.5,67806,295.0,-1.93,-0.001334,72506,299.4,-24.40,-0.021009,91072,316.2,-35.66,-0.044968
613.11,0.0088857,0.052873,91029,91491,91300,91557,306.1,613.1,0.000000,810.1,148550,427.2,120370,347.8,-0.60,-0.000626,119579,345.8,-2.24,-0.002750,90729,313.5,49.17,0.062303,433.1,0.055981,303.2,67828,379.9,72695,300.4,76.13,0.055420,73035,301.9,33.78,0.029142,90525,316.1,-25.79,-0.032343,73.1,0.000000,342.9,1125434,1912.9,92316,324.7,3.27,0.002795,87860,315.8,63.55,0.063060,86794,311.1,85.82,0.104825,253.1,0.000000,100.0,99925,1058.5,67245,294.3,-1.79,-0.001232,72145,299.0,-22.76,-0.019529,91165,316.3,-35.42,-0.044698
614.12,0.0089003,0.052829,90994,91470,91397,91487,306.1,614.1,0.000000,207.4,150615,428.8,120022,347.5,-0.61,-0.000631,119723,346.0,-2.26,-0.002784,91019,313.5,46.01,0.058489,434.1,0.056023,302.8,67521,378.2,72379,299.9,76.31,0.055389,72271,301.0,33.00,0.028256,90630,316.2,-22.67,-0.028449,74.1,0.000000,100.0,1099919,1903.4,93854,326.2,3.30,0.002857,88713,316.7,63.34,0.063275,86875,311.1,85.94,0.105089,254.1,0.000000,100.0,99380,1056.6,66739,293.6,-1.64,-0.001122,71798,298.6,-21.10,-0.018042,91266,316.4,-35.19,-0.044435
615.13,0.0089149,0.052789,90906,91445,91524,91413,306.2,615.1,0.000000,100.0,152749,430.4,119693,347.2,-0.58,-0.000606,119895,346.1,-2.28,-0.002803,91304,313.5,42.87,0.054663,435.1,0.055968,302.5,67222,376.4,72049,299.5,76.29,0.055210,71511,300.2,32.17,0.027339,90747,316.3,-19.53,-0.024533,75.1,0.000000,156.9,1075373,1894.1,95454,327.8,3.36,0.002947,89605,317.7,62.82,0.063194,86963,311.0,86.05,0.105351,255.1,0.000000,460.1,98831,1054.6,66290,293.1,-1.47,-0.001004,71465,298.2,-19.42,-0.016546,91374,316.5,-34.93,-0.044154
616.14,0.0089295,0.052753,90780,91425,91642,91333,306.3,616.1,0.000000,100.0,154955,432.0,119393,346.9,-0.54,-0.000559,120096,346.3,-2.25,-0.002781,91600,313.5,39.70,0.050791,436.1,0.055763,301.9,66927,374.8,71696,299.0,76.08,0.054870,70755,299.3,31.31,0.026400,90879,316.4,-16.37,-0.020583,76.1,0.000000,100.0,1051755,1885.0,97109,329.4,3.42,0.003035,90552,318.7,61.99,0.062816,87058,310.9,86.17,0.105630,256.1,0.000000,234.6,98279,1052.7,65902,292.6,-1.30,-0.000878,71149,297.8,-17.71,-0.015041,91492,316.6,-34.64,-0.043819
617.07,0.0089430,0.052725,90597,91414,91720,91256,306.4,617.1,0.000000,325.2,157057,433.6,119146,346.7,-0.49,-0.000505,120302,346.4,-2.17,-0.002683,91873,313.6,36.64,0.047010,437.1,0.055390,301.3,66654,373.3,71348,298.5,75.75,0.054451,70059,298.5,30.49,0.025523,90994,316.6,-13.51,-0.017007,77.1,0.000000,275.4,1030744,1876.7,98676,330.9,3.46,0.003100,91490,319.7,60.95,0.062203,87136,310.9,86.24,0.105840,257.1,0.000000,173.7,97819,1051.0,65599,292.2,-1.12,-0.000759,70873,297.5,-16.11,-0.013644,91587,316.7,-34.37,-0.043517
618.07,0.0089576,0.052703,90375,91417,91794,91170,306.5,618.1,0.000000,100.0,159408,435.3,118915,346.5,-0.43,-0.000440,120536,346.6,-2.02,-0.002495,92184,313.6,33.06,0.042543,438.1,0.054885,300.7,66357,371.7,70957,298.0,75.28,0.053907,69308,297.6,29.58,0.024574,91102,316.7,-10.50,-0.013226,78.1,0.000000,159.3,1008801,1867.9,100393,332.5,3.45,0.003131,92587,320.9,59.53,0.061265,87207,310.8,86.29,0.106010,258.1,0.000000,212.3,97132,1048.7,65329,291.9,-0.93,-0.000628,70592,297.1,-14.35,-0.012122,91669,316.8,-34.09,-0.043187
619.08,0.0089722,0.052689,90133,91432,91851,91083,306.5,619.1,0.000000,1097.0,161839,437.1,118720,346.4,-0.36,-0.000375,120764,346.8,-1.80,-0.002226,92526,313.8,29.06,0.037519,439.1,0.054259,300.2,66056,370.2,70546,297.5,74.68,0.053262,68562,296.7,28.68,0.023642,91194,316.8,-7.56,-0.009535,79.1,0.000000,187.5,987674,1859.3,102095,334.1,3.38,0.003102,93777,322.1,57.85,0.060071,87265,310.7,86.31,0.106136,259.1,0.000000,310.6,96441,1046.3,65119,291.6,-0.74,-0.000499,70329,296.8,-12.57,-0.010594,91726,316.9,-33.78,-0.042815
620.09,0.0089868,0.052685,89854,91441,91889,90997,306.5,620.1,0.000000,100.0,164352,438.9,118559,346.2,-0.30,-0.000313,120972,347.0,-1.52,-0.001882,92905,313.9,24.51,0.031756,440.1,0.053529,299.6,65750,368.7,70115,297.0,73.96,0.052518,67827,295.8,27.81,0.022746,91267,316.8,-4.71,-0.005944,80.1,0.000000,100.0,967328,1850.9,103752,335.6,3.25,0.003017,95054,323.4,55.97,0.058668,87309,310.6,86.31,0.106222,260.1,0.000000,174.6,95882,1044.3,64967,291.4,-0.56,-0.000375,70083,296.5,-10.79,-0.009066,91755,316.9,-33.42,-0.042368
621.09,0.0090014,0.052691,89573,91453,91911,90913,306.6,621.1,0.000000,460.0,166951,440.7,118429,346.1,-0.25,-0.000253,121148,347.1,-1.19,-0.001471,93309,314.2,19.33,0.025134,441.1,0.052708,299.0,65438,367.3,69669,296.4,73.12,0.051689,67108,294.9,26.99,0.021903,91322,316.9,-1.95,-0.002457,81.1,0.000000,437.3,947729,1842.6,105343,337.1,3.08,0.002893,96399,324.8,53.96,0.057112,87337,310.5,86.30,0.106281,261.1,0.000000,1346.0,95194,1042.0,64866,291.3,-0.39,-0.000258,69853,296.2,-9.00,-0.007545,91765,316.9,-32.98,-0.041814
622.10,0.0090159,0.052707,89316,91464,91940,90835,306.6,622.1,0.000000,192.6,169639,442.6,118332,346.1,-0.19,-0.000195,121289,347.2,-0.80,-0.000999,93717,314.5,13.56,0.017692,442.1,0.051813,298.4,65119,365.9,69209,295.8,72.18,0.050787,66409,294.1,26.23,0.021127,91259,316.8,0.50,0.000628,82.1,0.000000,100.0,928846,1834.5,106855,338.5,2.89,0.002745,97781,326.2,51.88,0.055466,87360,310.4,86.30,0.106338,262.1,0.000000,436.4,94374,1039.3,64814,291.2,-0.23,-0.000152,69639,296.0,-7.22,-0.006043,91772,316.9,-32.45,-0.041141
623.11,0.0090305,0.052732,89091,91456,91952,90764,306.6,623.1,0.000000,413.3,172419,444.5,118265,346.0,-0.13,-0.000137,121392,347.3,-0.37,-0.000464,94088,314.8,7.32,0.009583,443.1,0.050854,297.7,64792,364.5,68736,295.2,71.14,0.049819,65734,293.2,25.55,0.020428,91184,316.7,2.95,0.003717,83.1,0.000000,286.0,910647,1826.6,108284,339.7,2.70,0.002588,99165,327.6,49.81,0.053783,87378,310.4,86.30,0.106384,263.1,0.000000,3671.0,93678,1036.9,64804,291.2,-0.08,-0.000056,69436,295.7,-5.47,-0.004571,91771,316.9,-31.83,-0.040358
624.11,0.0090451,0.052764,88887,91436,92027,90702,306.7,624.1,0.000000,739.6,175296,446.5,118230,346.0,-0.08,-0.000080,121456,347.4,0.11,0.000134,94048,314.7,0.04,0.000053,444.1,0.049836,297.0,64458,363.2,68251,294.6,70.03,0.048793,65084,292.4,24.95,0.019805,91158,316.6,5.48,0.006904,84.1,0.000000,420.7,893101,1818.8,109630,340.9,2.51,0.002428,100519,328.9,47.80,0.052102,87401,310.3,86.33,0.106450,264.1,0.000000,1335.6,92851,1034.1,64829,291.2,0.04,0.000027,69245,295.5,-3.77,-0.003140,91779,316.9,-31.06,-0.039382
625.12,0.0090597,0.052802,88690,91401,92043,90650,306.7,625.1,0.000000,397.0,178273,448.5,118226,346.0,-0.02,-0.000023,121486,347.4,0.64,0.000794,93793,314.5,-7.17,-0.009367,445.1,0.048766,296.3,64115,361.8,67755,294.0,68.84,0.047718,64460,291.7,24.42,0.019253,91107,316.5,7.96,0.010028,85.1,0.000000,2052.6,876183,1811.2,110890,342.1,2.32,0.002267,101823,330.2,45.86,0.050442,87402,310.4,86.32,0.106412,265.1,0.000000,455.0,92147,1031.7,64884,291.3,0.14,0.000096,69063,295.3,-2.12,-0.001763,91792,317.0,-30.16,-0.038247
626.12,0.0090742,0.052847,88533,91365,92035,90608,306.7,626.1,0.000000,368.9,181353,450.6,118248,346.0,0.03,0.000028,121492,347.4,1.21,0.001506,93599,314.4,-13.54,-0.017651,446.1,0.047655,295.6,63765,360.5,67250,293.4,67.59,0.046603,63859,290.9,23.96,0.018760,91031,316.3,10.37,0.013071,86.1,0.000000,461.1,859863,1803.7,112061,343.1,2.14,0.002103,103066,331.4,44.00,0.048802,87389,310.5,86.23,0.106249,266.1,0.000000,100.0,91318,1028.9,64965,291.4,0.23,0.000157,68888,295.1,-0.55,-0.000453,91790,317.0,-29.22,-0.037049
627.13,0.0090888,0.052896,88437,91340,92007,90576,306.6,627.1,0.000000,655.0,184543,452.6,118306,346.0,0.09,0.000091,121481,347.4,1.81,0.002244,93430,314.3,-19.34,-0.025169,447.1,0.046513,294.8,63406,359.3,66738,292.7,66.28,0.045458,63280,290.2,23.54,0.018310,90950,316.1,12.72,0.016025,87.1,0.000000,100.0,844117,1796.4,113141,344.0,1.96,0.001935,104249,332.6,42.18,0.047162,87366,310.7,86.10,0.106018,267.1,0.000000,100.0,90487,1026.1,65070,291.5,0.32,0.000212,68720,294.8,0.94,0.000779,91766,316.9,-28.23,-0.035791
628.13,0.0091033,0.052948,88301,91347,91957,90554,306.6,628.1,0.000000,238.5,187845,454.8,118405,346.1,0.16,0.000164,121456,347.4,2.41,0.002993,93249,314.3,-24.63,-0.032001,448.1,0.045347,294.1,63041,358.0,66219,292.0,64.94,0.044291,62720,289.4,23.14,0.017885,90866,315.8,14.99,0.018884,88.1,0.000000,100.0,828920,1789.2,114128,344.9,1.77,0.001766,105381,333.7,40.38,0.045492,87338,310.8,85.92,0.105717,268.1,0.000000,160.0,89651,1023.3,65197,291.7,0.39,0.000261,68558,294.6,2.33,0.001926,91722,316.9,-27.20,-0.034475
629.13,0.0091179,0.053004,88193,91361,91888,90543,306.5,629.1,0.000000,100.0,191266,457.0,118548,346.2,0.24,0.000244,121427,347.4,3.00,0.003729,93051,314.2,-29.41,-0.038142,449.1,0.044164,293.3,62668,356.8,65696,291.4,63.56,0.043106,62176,288.7,22.74,0.017468,90778,315.6,17.18,0.021638,89.1,0.000000,100.0,814250,1782.1,115025,345.6,1.60,0.001602,106475,334.7,38.57,0.043757,87308,311.0,85.70,0.105350,269.1,0.000000,425.1,88684,1020.1,65344,291.9,0.46,0.000307,68403,294.5,3.61,0.002978,91657,316.9,-26.14,-0.033103
630.14,0.0091324,0.053061,88245,91454,91796,90543,306.4,630.1,0.000000,688.5,194809,459.2,118739,346.4,0.32,0.000330,121400,347.3,3.57,0.004435,92846,314.1,-33.72,-0.043638,450.1,0.042967,292.5,62289,355.6,65168,290.7,62.15,0.041909,61646,288.1,22.33,0.017042,90683,315.3,19.28,0.024277,90.1,0.000000,503.3,800084,1775.2,115838,346.3,1.44,0.001451,107547,335.7,36.70,0.041927,87278,311.2,85.42,0.104910,270.1,0.000000,244.2,87845,1017.3,65510,292.1,0.52,0.000350,68261,294.3,4.75,0.003921,91573,316.8,-25.03,-0.031683
631.07,0.0091459,0.053110,88342,91505,91688,90551,306.3,631.1,0.000000,100.0,198194,461.3,118957,346.6,0.40,0.000410,121379,347.3,4.06,0.005045,92657,314.1,-37.35,-0.048244,451.1,0.041808,291.8,61933,354.5,64679,290.0,60.82,0.040798,61167,287.4,21.92,0.016634,90580,315.0,21.12,0.026592,91.1,0.000000,467.4,787435,1768.9,116527,346.9,1.32,0.001331,108528,336.7,34.91,0.040134,87246,311.3,85.09,0.104414,271.1,0.000000,328.4,86976,1014.3,65682,292.3,0.58,0.000391,68144,294.1,5.70,0.004692,91477,316.7,-24.00,-0.030349
632.07,0.0091604,0.053159,88399,91537,91565,90567,306.2,632.1,0.000000,100.0,201990,463.6,119234,346.8,0.47,0.000491,121359,347.3,4.54,0.005642,92457,314.1,-40.99,-0.052829,452.1,0.040646,291.1,61542,353.4,64147,289.3,59.37,0.039593,60664,286.8,21.44,0.016176,90451,314.7,23.02,0.028972,92.1,0.000000,100.0,774179,1762.3,117222,347.5,1.21,0.001230,109588,337.6,32.89,0.038076,87209,311.5,84.65,0.103776,272.1,0.000000,259.4,86006,1011.1,65887,292.6,0.64,0.000435,68034,294.0,6.59,0.005425,91355,316.6,-22.85,-0.028876
633.07,0.0091750,0.053207,88387,91548,91457,90592,306.1,633.1,0.000000,100.0,205926,466.0,119547,347.1,0.54,0.000559,121340,347.3,4.96,0.006163,92270,314.1,-44.35,-0.057042,453.1,0.039444,290.3,61147,352.2,63617,288.6,57.92,0.038398,60179,286.1,20.95,0.015713,90314,314.4,24.86,0.031268,93.1,0.000000,100.0,761368,1755.8,117881,348.1,1.14,0.001160,110646,338.6,30.81,0.035911,87177,311.6,84.14,0.103068,273.1,0.000000,370.8,85169,1008.1,66115,292.9,0.71,0.000482,67944,293.9,7.38,0.006068,91228,316.5,-21.65,-0.027326
634.08,0.0091895,0.053255,88386,91532,91369,90624,306.0,634.1,0.000000,100.0,210008,468.4,119885,347.3,0.59,0.000609,121316,347.3,5.31,0.006592,92102,314.2,-47.45,-0.060902,454.1,0.038259,289.5,60747,351.1,63089,288.0,56.48,0.037222,59718,285.5,20.45,0.015258,90184,314.1,26.67,0.033530,94.1,0.000000,361.5,748986,1749.4,118522,348.6,1.09,0.001118,111697,339.6,28.70,0.033672,87162,311.7,83.58,0.102317,274.1,0.000000,682.3,84204,1004.8,66365,293.2,0.78,0.000531,67875,293.8,8.08,0.006637,91109,316.4,-20.35,-0.025658
635.08,0.0092041,0.053301,88430,91492,91306,90664,305.9,635.1,0.000000,1846.8,214242,470.9,120236,347.6,0.61,0.000638,121285,347.2,5.57,0.006915,91955,314.3,-50.28,-0.064411,455.1,0.037104,288.7,60344,350.0,62568,287.3,55.07,0.036078,59291,285.0,20.01,0.014852,90068,313.8,28.48,0.035794,95.1,0.000000,100.0,737014,1743.1,119156,349.1,1.07,0.001100,112731,340.5,26.60,0.031403,87170,311.9,82.97,0.101537,275.1,0.000000,380.2,83239,1001.5,66637,293.5,0.85,0.000579,67833,293.8,8.70,0.007147,91009,316.3,-18.94,-0.023858
636.08,0.0092186,0.053344,88503,91430,91266,90713,305.9,636.1,0.000000,570.4,218636,473.4,120590,347.9,0.62,0.000648,121243,347.2,5.74,0.007124,91828,314.4,-52.83,-0.067558,456.1,0.035992,288.0,59939,348.9,62055,286.6,53.71,0.034980,58911,284.5,19.71,0.014555,89973,313.5,30.31,0.038079,96.1,0.000000,372.4,725438,1736.9,119790,349.7,1.06,0.001093,113735,341.4,24.54,0.029150,87206,312.0,82.29,0.100713,276.1,0.000000,285.2,82270,998.1,66929,293.9,0.91,0.000623,67823,293.8,9.27,0.007609,90931,316.2,-17.41,-0.021923
637.09,0.0092331,0.053384,88626,91349,91239,90769,305.9,637.1,0.000000,8189.8,223196,476.0,120938,348.2,0.61,0.000641,121189,347.2,5.81,0.007218,91719,314.6,-55.10,-0.070339,457.1,0.034937,287.2,59534,347.9,61552,285.9,52.41,0.033937,58589,284.0,19.51,0.014358,89897,313.3,32.14,0.040374,97.1,0.000000,628.6,714241,1730.9,120422,350.2,1.05,0.001089,114697,342.3,22.55,0.026954,87267,312.1,81.55,0.099829,277.1,0.000000,534.0,81303,994.8,67238,294.3,0.96,0.000661,67848,293.8,9.80,0.008050,90877,316.2,-15.80,-0.019881
638.09,0.0092477,0.053417,88830,91255,91214,90833,305.8,638.1,0.000000,177.7,227930,478.6,121275,348.5,0.60,0.000624,121119,347.1,5.79,0.007189,91622,314.8,-57.10,-0.072775,458.1,0.033945,286.5,59129,346.8,61061,285.3,51.19,0.032958,58378,283.7,19.56,0.014354,89834,313.1,33.95,0.042647,98.1,0.000000,100.0,703409,1725.0,121048,350.7,1.04,0.001076,115608,343.1,20.67,0.024844,87345,312.2,80.71,0.098864,278.1,0.000000,100.0,80335,991.3,67557,294.7,1.00,0.000687,67909,293.9,10.33,0.008489,90840,316.1,-14.13,-0.017777
639.09,0.0092622,0.053441,89113,91163,91181,90903,305.8,639.1,0.000000,341.7,232848,481.3,121599,348.7,0.57,0.000601,121041,347.0,5.67,0.007035,91529,315.0,-58.87,-0.074892,459.1,0.033022,285.8,58726,345.8,60580,284.6,50.05,0.032046,58298,283.6,20.17,0.014789,89773,312.9,35.71,0.044860,99.1,0.000000,219.1,692926,1719.2,121654,351.2,1.00,0.001045,116458,343.9,18.91,0.022839,87428,312.3,79.80,0.097808,279.1,0.000000,131.2,79367,987.9,67882,295.1,1.01,0.000701,68012,294.0,10.85,0.008924,90810,316.1,-12.45,-0.015655
640.10,0.0092768,0.053454,89471,91081,91132,90978,305.8,640.1,0.000000,214.1,237958,484.1,121909,349.0,0.55,0.000577,120945,347.0,5.48,0.006790,91433,315.2,-60.42,-0.076733,460.1,0.032167,285.1,58325,344.8,60111,284.0,49.00,0.031200,58301,283.7,21.23,0.015560,89704,312.7,37.40,0.046974,100.1,0.000000,100.0,682779,1713.5,122229,351.7,0.95,0.000993,117243,344.6,17.26,0.020950,87504,312.4,78.82,0.096664,280.1,0.000000,448.0,78401,984.4,68205,295.5,1.01,0.000701,68157,294.2,11.37,0.009363,90777,316.1,-10.79,-0.013563
641.10,0.0092913,0.053452,89877,91008,91063,91054,305.7,641.1,0.000000,210.9,243269,486.9,122208,349.2,0.53,0.000554,120838,346.9,5.20,0.006446,91330,315.4,-61.80,-0.078345,461.1,0.031374,284.4,57929,343.8,59652,283.3,48.03,0.030415,58354,283.8,22.45,0.016469,89621,312.5,38.99,0.048960,101.1,0.000000,100.0,672955,1707.9,122761,352.1,0.88,0.000921,117959,345.2,15.74,0.019182,87564,312.5,77.79,0.095448,281.1,0.000000,194.8,77308,980.6,68520,295.9,0.99,0.000687,68342,294.4,11.89,0.009813,90734,316.0,-9.18,-0.011540
642.11,0.0093059,0.053436,90227,90949,90984,91129,305.6,642.1,0.000000,227.3,248792,489.8,122496,349.5,0.51,0.000533,120728,346.8,4.84,0.005993,91218,315.6,-63.03,-0.079759,462.1,0.030634,283.7,57537,342.9,59202,282.7,47.13,0.029682,58483,284.0,23.90,0.017560,89521,312.3,40.49,0.050817,102.1,0.000000,100.0,663440,1702.4,123239,352.5,0.79,0.000833,118607,345.7,14.34,0.017541,87605,312.5,76.74,0.094192,282.1,0.000000,182.1,76351,977.0,68820,296.2,0.94,0.000658,68563,294.7,12.42,0.010276,90679,316.0,-7.64,-0.009600
643.11,0.0093205,0.053408,90594,90903,90898,91201,305.5,643.1,0.000000,202.4,254537,492.7,122773,349.7,0.49,0.000513,120615,346.7,4.39,0.005427,91102,315.8,-64.13,-0.080999,463.1,0.029935,283.1,57151,341.9,58760,282.1,46.28,0.028990,58709,284.3,25.63,0.018880,89409,312.2,41.91,0.052564,103.1,0.000000,152.1,654225,1697.1,123660,352.8,0.70,0.000735,119188,346.3,13.06,0.016029,87631,312.5,75.70,0.092933,283.1,0.000000,100.0,75389,973.5,69099,296.6,0.88,0.000616,68813,295.0,12.96,0.010750,90610,315.9,-6.15,-0.007720
644.12,0.0093350,0.053366,90952,90865,90802,91268,305.4,644.1,0.000000,100.0,260515,495.7,123039,349.9,0.46,0.000492,120503,346.6,3.84,0.004746,90983,316.0,-65.13,-0.082099,464.1,0.029263,282.4,56770,341.0,58323,281.5,45.46,0.028325,59014,284.7,27.68,0.020465,89286,312.0,43.27,0.054210,104.1,0.000000,895.8,645298,1691.8,124021,353.1,0.60,0.000633,119707,346.7,11.89,0.014648,87639,312.5,74.69,0.091697,284.1,0.000000,474.4,74431,969.9,69352,296.9,0.80,0.000563,69086,295.4,13.50,0.011229,90529,315.8,-4.68,-0.005875
645.12,0.0093496,0.053315,91156,90830,90703,91327,305.3,645.1,0.000000,100.0,266737,498.8,123290,350.1,0.44,0.000464,120392,346.5,3.20,0.003951,90864,316.2,-66.04,-0.083087,465.1,0.028602,281.8,56396,340.1,57890,280.9,44.64,0.027672,59390,285.3,29.96,0.022250,89152,311.9,44.55,0.055766,105.1,0.000000,100.0,636649,1686.6,124323,353.4,0.50,0.000534,120173,347.1,10.85,0.013392,87635,312.5,73.70,0.090486,285.1,0.000000,408.7,73469,966.3,69577,297.2,0.71,0.000504,69376,295.7,14.03,0.011703,90437,315.8,-3.23,-0.004045
646.13,0.0093642,0.053258,91296,90792,90606,91377,305.2,646.1,0.000000,327.8,273214,501.9,123520,350.3,0.40,0.000427,120281,346.4,2.47,0.003049,90747,316.4,-66.87,-0.083978,466.1,0.027937,281.2,56026,339.2,57460,280.3,43.82,0.027017,59814,285.9,32.41,0.024186,89012,311.7,45.80,0.057259,106.1,0.000000,435.8,628269,1681.6,124572,353.6,0.42,0.000441,120596,347.5,9.90,0.012255,87623,312.5,72.75,0.089315,286.1,0.000000,100.0,72380,962.3,69774,297.4,0.63,0.000443,69681,296.1,14.53,0.012161,90339,315.7,-1.76,-0.002203
647.14,0.0093788,0.053198,91401,90752,90508,91419,305.2,647.1,0.000000,100.0,279960,505.1,123721,350.4,0.36,0.000378,120169,346.3,1.66,0.002044,90633,316.6,-67.64,-0.084785,467.1,0.027256,280.6,55663,338.4,57033,279.7,42.97,0.026351,60272,286.5,34.94,0.026216,88868,311.6,47.01,0.058699,107.1,0.000000,100.0,620149,1676.6,124774,353.7,0.34,0.000359,120988,347.8,9.05,0.011225,87607,312.5,71.84,0.088182,287.1,0.000000,100.0,71427,958.6,69947,297.6,0.55,0.000388,69996,296.5,15.00,0.012588,90240,315.6,-0.27,-0.000342
648.07,0.0093923,0.053140,91461,90719,90433,91450,305.1,648.1,0.000000,123.6,286437,508.1,123875,350.6,0.30,0.000321,120063,346.2,0.83,0.001029,90535,316.8,-68.28,-0.085453,468.1,0.026593,280.0,55332,337.6,56646,279.2,42.17,0.025738,60713,287.1,37.31,0.028135,88740,311.6,48.12,0.060016,108.1,0.000000,100.0,612877,1672.1,124926,353.9,0.28,0.000295,121332,348.1,8.33,0.010355,87595,312.5,71.04,0.087189,288.1,0.000000,100.0,70567,955.3,70089,297.8,0.49,0.000347,70294,296.9,15.37,0.012943,90047,315.4,0.95,0.001182
649.07,0.0094069,0.053076,91520,90680,90352,91476,305.0,649.1,0.000000,106.3,293736,511.5,124001,350.7,0.23,0.000247,119937,346.1,-0.13,-0.000154,90435,317.0,-68.93,-0.086107,469.1,0.025956,279.4,54978,336.8,56245,278.6,41.36,0.025113,61201,287.8,39.88,0.030243,88602,311.5,49.31,0.061414,109.1,0.000000,949.8,605233,1667.3,125058,354.0,0.22,0.000237,121697,348.4,7.61,0.009484,87583,312.5,70.19,0.086141,289.1,0.000000,476.1,69610,951.5,70231,298.0,0.44,0.000315,70622,297.3,15.71,0.013269,89884,315.2,2.40,0.003000
650.08,0.0094215,0.053010,91668,90637,90282,91494,304.9,650.1,0.000000,261.4,301344,514.9,124078,350.7,0.15,0.000162,119793,346.0,-1.15,-0.001416,90343,317.2,-69.51,-0.086685,470.1,0.025382,278.8,54631,336.0,55871,278.1,40.68,0.024584,61700,288.5,42.45,0.032376,88470,311.4,50.49,0.062805,110.1,0.000000,319.2,597825,1662.6,125165,354.0,0.18,0.000190,122057,348.7,6.94,0.008667,87576,312.5,69.37,0.085132,290.1,0.000000,227.3,68651,947.7,70369,298.1,0.43,0.000302,70951,297.7,15.96,0.013527,89761,315.0,3.96,0.004935
651.09,0.0094361,0.052939,91781,90609,90223,91503,304.9,651.1,0.000000,100.0,309276,518.4,124101,350.7,0.06,0.000065,119624,345.9,-2.23,-0.002748,90262,317.4,-70.01,-0.087186,471.1,0.024950,278.3,54293,335.2,55524,277.6,40.19,0.024181,62213,289.2,45.03,0.034549,88346,311.4,51.68,0.064199,111.1,0.000000,385.7,590644,1658.0,125252,354.1,0.14,0.000154,122418,349.0,6.31,0.007887,87578,312.5,68.58,0.084159,291.1,0.000000,100.0,67696,943.9,70514,298.3,0.44,0.000310,71278,298.1,16.13,0.013714,89665,314.9,5.58,0.006955
652.10,0.0094507,0.052861,92238,90590,90172,91501,304.8,652.1,0.000000,593.9,317551,522.0,124074,350.7,-0.02,-0.000026,119428,345.7,-3.37,-0.004143,90191,317.6,-70.46,-0.087614,472.1,0.024667,277.8,53965,334.4,55209,277.2,39.94,0.023933,62746,290.0,47.67,0.036791,88228,311.4,52.87,0.065597,112.1,0.000000,208.4,583682,1653.5,125322,354.2,0.12,0.000124,122778,349.3,5.69,0.007130,87591,312.5,67.79,0.083195,292.1,0.000000,143.8,66739,940.1,70676,298.5,0.47,0.000338,71601,298.5,16.21,0.013828,89589,314.8,7.25,0.009034
653.11,0.0094653,0.052769,92409,90565,90132,91482,304.8,653.1,0.000000,262.2,326185,525.6,123988,350.7,-0.12,-0.000130,119201,345.5,-4.56,-0.005592,90132,317.8,-70.84,-0.087974,473.1,0.024503,277.3,53649,333.7,54929,276.8,40.10,0.023938,63307,290.7,50.39,0.039134,88117,311.4,54.07,0.066999,113.1,0.000000,100.0,576933,1649.1,125377,354.2,0.09,0.000098,123133,349.6,5.09,0.006388,87616,312.5,66.98,0.082224,293.1,0.000000,702.4,65782,936.2,70864,298.7,0.54,0.000387,71919,298.8,16.21,0.013869,89527,314.7,8.96,0.011156
654.12,0.0094800,0.052678,92300,90540,90110,91446,304.8,654.1,0.000000,510.4,335197,529.3,123840,350.5,-0.22,-0.000239,118945,345.3,-5.78,-0.007084,90085,318.0,-71.16,-0.088263,474.1,0.024587,276.9,53347,333.0,54705,276.4,40.84,0.024308,63901,291.5,53.22,0.041603,88013,311.4,55.29,0.068422,114.1,0.000000,122839.4,570390,1644.8,125417,354.2,0.07,0.000073,123475,349.9,4.50,0.005661,87658,312.5,66.16,0.081254,294.1,0.000000,100.0,64825,932.2,71085,299.0,0.63,0.000452,72230,299.2,16.12,0.013839,89475,314.6,10.70,0.013325
655.13,0.0094946,0.052594,92098,90511,90091,91394,304.7,655.1,0.000000,100.0,344605,533.2,123637,350.4,-0.32,-0.000341,118663,345.1,-7.04,-0.008610,90046,318.2,-71.42,-0.088488,475.1,0.025124,276.6,53065,332.3,54549,276.2,42.17,0.025047,64529,292.4,56.16,0.044203,87914,311.4,56.51,0.069860,115.1,0.000000,450.3,564046,1640.5,125443,354.3,0.04,0.000048,123799,350.2,3.93,0.004956,87716,312.6,65.33,0.080279,295.1,0.000000,100.0,63862,928.3,71346,299.3,0.74,0.000531,72528,299.6,15.98,0.013752,89430,314.4,12.48,0.015537
656.14,0.0095092,0.052519,91820,90491,90076,91327,304.7,656.1,0.000000,463.6,354428,537.1,123383,350.2,-0.41,-0.000435,118358,344.8,-8.32,-0.010155,90016,318.4,-71.65,-0.088685,476.1,0.026028,276.4,52807,331.6,54448,276.1,44.01,0.026105,65183,293.3,59.17,0.046907,87818,311.4,57.73,0.071288,116.1,0.000000,735.5,557896,1636.4,125453,354.3,0.02,0.000022,124097,350.4,3.39,0.004285,87781,312.6,64.47,0.079266,296.1,0.000000,100.0,63034,924.7,71650,299.7,0.86,0.000620,72811,299.9,15.78,0.013621,89387,314.3,14.27,0.017766
657.07,0.0095227,0.052461,91512,90480,90088,91254,304.7,657.1,0.000000,135.6,363881,540.7,123108,349.9,-0.49,-0.000515,118062,344.6,-9.51,-0.011588,90000,318.6,-71.83,-0.088845,477.1,0.027162,276.3,52594,331.1,54403,276.0,46.10,0.027332,65795,294.1,61.97,0.049452,87738,311.4,58.87,0.072624,117.1,0.000000,559.7,552388,1632.6,125449,354.3,-0.00,-0.000001,124345,350.6,2.93,0.003707,87852,312.6,63.66,0.078329,297.1,0.000000,575.9,62166,921.0,71971,300.1,0.98,0.000707,73060,300.2,15.57,0.013471,89354,314.2,15.95,0.019858
658.08,0.0095373,0.052412,91126,90474,90120,91166,304.8,658.1,0.000000,100.0,374561,544.8,122767,349.7,-0.56,-0.000596,117730,344.3,-10.80,-0.013131,90006,318.8,-72.00,-0.089004,478.1,0.028521,276.3,52391,330.5,54422,276.1,48.79,0.028934,66452,294.9,64.96,0.052197,87666,311.4,60.13,0.074118,118.1,0.000000,1542.5,546597,1628.6,125433,354.3,-0.02,-0.000022,124580,350.8,2.47,0.003134,87945,312.7,62.81,0.077348,298.1,0.000000,100.0,61198,916.9,72361,300.5,1.10,0.000801,73316,300.5,15.33,0.013297,89330,314.1,17.81,0.022186
659.08,0.0095519,0.052378,90687,90480,90146,91071,304.8,659.1,0.000000,427.5,385717,548.9,122385,349.4,-0.64,-0.000673,117389,344.0,-12.07,-0.014649,90026,319.0,-72.16,-0.089157,479.1,0.030203,276.5,52221,329.9,54517,276.2,51.93,0.030828,67084,295.8,67.82,0.054866,87604,311.4,61.39,0.075616,119.1,0.000000,4900.2,540985,1624.7,125407,354.2,-0.04,-0.000040,124779,351.0,2.07,0.002620,88045,312.7,61.95,0.076371,299.1,0.000000,534.6,60370,913.2,72792,301.0,1.22,0.000887,73558,300.8,15.10,0.013130,89314,313.9,19.71,0.024549
660.09,0.0095666,0.052361,90260,90498,90161,90973,304.8,660.1,0.000000,112.5,397375,553.1,121962,349.0,-0.71,-0.000749,117041,343.7,-13.32,-0.016125,90049,319.2,-72.32,-0.089327,480.1,0.032207,276.8,52086,329.4,54662,276.4,55.43,0.032970,67677,296.5,70.53,0.057410,87543,311.5,62.62,0.077062,120.1,0.000000,192.2,535546,1620.9,125376,354.2,-0.05,-0.000050,124942,351.1,1.70,0.002163,88138,312.8,61.07,0.075362,300.1,0.000000,192.3,59532,909.4,73255,301.6,1.31,0.000959,73786,301.1,14.91,0.012989,89297,313.8,21.59,0.026896
661.10,0.0095812,0.052358,89914,90521,90176,90874,304.8,661.1,0.000000,1726.5,409561,557.5,121499,348.6,-0.78,-0.000822,116685,343.4,-14.52,-0.017546,90069,319.4,-72.50,-0.089512,481.1,0.034434,277.3,51990,329.0,54870,276.7,59.26,0.035342,68227,297.3,73.05,0.059804,87479,311.5,63.79,0.078443,121.1,0.000000,1260.6,530276,1617.1,125347,354.2,-0.05,-0.000048,125068,351.2,1.38,0.001753,88222,312.8,60.18,0.074325,301.1,0.000000,360.3,58696,905.6,73739,302.1,1.38,0.001011,74002,301.3,14.76,0.012889,89275,313.7,23.44,0.029210
662.11,0.0095958,0.052366,89664,90543,90202,90777,304.9,662.1,0.000000,643.4,422302,561.9,120996,348.2,-0.86,-0.000895,116320,343.1,-15.68,-0.018903,90087,319.6,-72.66,-0.089679,482.1,0.036841,278.0,51933,328.6,55136,277.1,63.29,0.037873,68733,297.9,75.40,0.062044,87418,311.5,64.94,0.079791,122.1,0.000000,100.0,525139,1613.4,125326,354.2,-0.03,-0.000036,125159,351.3,1.09,0.001379,88307,312.8,59.30,0.073297,302.1,0.000000,405.8,57714,901.3,74234,302.7,1.41,0.001038,74208,301.6,14.67,0.012836,89253,313.5,25.28,0.031507
663.11,0.0096104,0.052381,89509,90561,90233,90682,304.9,663.1,0.000000,481.5,435629,566.4,120455,347.8,-0.93,-0.000968,115940,342.8,-16.79,-0.020196,90104,319.7,-72.78,-0.089798,483.1,0.039334,278.7,51916,328.2,55445,277.6,67.33,0.040450,69203,298.5,77.57,0.064141,87363,311.5,66.07,0.081118,123.1,0.000000,294.1,520005,1609.2,125321,354.2,-0.01,-0.000014,125216,351.4,0.81,0.001025,88397,312.8,58.42,0.072285,303.1,0.000000,100.0,56879,897.4,74727,303.3,1.40,0.001041,74404,301.8,14.64,0.012828,89232,313.4,27.11,0.033799
664.12,0.0096249,0.052401,89435,90584,90271,90589,304.9,664.1,0.000000,372.4,449574,571.0,119872,347.3,-1.00,-0.001042,115538,342.4,-17.86,-0.021428,90117,319.9,-72.81,-0.089819,484.1,0.041829,279.6,51938,327.9,55798,278.1,71.30,0.043030,69642,299.1,79.60,0.066108,87313,311.6,67.18,0.082428,124.1,0.000000,100.0,515024,1605.2,125327,354.2,0.01,0.000007,125241,351.4,0.53,0.000679,88499,312.8,57.54,0.071271,304.1,0.000000,1192.1,56057,893.5,75208,303.8,1.37,0.001021,74594,302.1,14.65,0.012860,89214,313.2,28.94,0.036087
665.13,0.0096395,0.052422,89404,90597,90318,90497,305.0,665.1,0.000000,411.2,464171,575.6,119248,346.8,-1.08,-0.001120,115105,342.0,-18.90,-0.022612,90132,320.0,-72.74,-0.089714,485.1,0.044316,280.5,51999,327.7,56203,278.7,75.19,0.045611,70057,299.6,81.48,0.067955,87271,311.6,68.28,0.083731,125.1,0.000000,353.9,510192,1601.2,125351,354.2,0.03,0.000035,125235,351.4,0.26,0.000330,88619,312.9,56.62,0.070222,305.1,0.000000,1666.6,55251,889.7,75670,304.4,1.31,0.000983,74782,302.3,14.69,0.012924,89201,313.1,30.76,0.038378
666.13,0.0096541,0.052444,89373,90581,90376,90404,305.0,666.1,0.000000,100.0,479456,580.4,118580,346.2,-1.16,-0.001199,114631,341.6,-19.92,-0.023764,90158,320.1,-72.59,-0.089525,486.1,0.046811,281.5,52099,327.5,56667,279.4,79.01,0.048204,70450,300.1,83.22,0.069686,87237,311.6,69.37,0.085033,126.1,0.000000,100.0,505502,1597.3,125393,354.2,0.06,0.000065,125200,351.4,-0.03,-0.000033,88768,312.9,55.61,0.069070,306.1,0.000000,100.0,54456,885.9,76104,304.9,1.24,0.000931,74971,302.5,14.76,0.013007,89193,313.0,32.59,0.040674
667.14,0.0096687,0.052467,89313,90554,90441,90310,305.1,667.1,0.000000,229.2,495463,585.3,117870,345.6,-1.25,-0.001279,114105,341.2,-20.95,-0.024907,90186,320.2,-72.35,-0.089222,487.1,0.049319,282.7,52237,327.4,57189,280.1,82.74,0.050809,70820,300.5,84.83,0.071300,87210,311.6,70.46,0.086335,127.1,0.000000,583.4,500948,1593.4,125450,354.3,0.08,0.000090,125137,351.3,-0.33,-0.000414,88958,313.0,54.41,0.067703,307.1,0.000000,100.0,53679,882.1,76508,305.3,1.15,0.000867,75164,302.7,14.83,0.013095,89190,312.8,34.42,0.042972
668.07,0.0096822,0.052490,89210,90526,90502,90222,305.2,668.1,0.000000,100.0,510915,589.9,117177,345.0,-1.32,-0.001352,113565,340.7,-21.92,-0.025975,90210,320.3,-72.00,-0.088789,488.1,0.051761,283.8,52398,327.3,57734,280.9,86.16,0.053262,71140,300.9,86.21,0.072688,87191,311.6,71.45,0.087530,128.1,0.000000,100.0,496859,1589.9,125510,354.3,0.10,0.000105,125057,351.2,-0.62,-0.000782,89184,313.1,53.00,0.066103,308.1,0.000000,313.4,52998,878.6,76850,305.7,1.06,0.000801,75350,303.0,14.90,0.013174,89192,312.7,36.10,0.045086
669.08,0.0096968,0.052520,89043,90493,90553,90126,305.2,669.1,0.000000,353.9,528422,595.0,116389,344.4,-1.40,-0.001425,112914,340.2,-23.02,-0.027169,90237,320.4,-71.49,-0.088172,489.1,0.054262,285.1,52611,327.3,58388,281.8,89.81,0.055965,71450,301.3,87.62,0.074109,87169,311.6,72.49,0.088788,129.1,0.000000,760.6,492547,1586.2,125577,354.4,0.10,0.000110,124950,351.1,-0.94,-0.001196,89495,313.3,50.98,0.063770,309.1,0.000000,356.2,52108,874.3,77186,306.1,0.96,0.000726,75563,303.2,14.96,0.013257,89193,312.6,37.89,0.047337
670.08,0.0097113,0.052557,88841,90460,90602,90029,305.3,670.1,0.000000,405.8,546769,600.2,115569,343.7,-1.47,-0.001490,112189,339.5,-24.19,-0.028421,90264,320.4,-70.89,-0.087442,490.1,0.056897,286.5,52862,327.3,59099,282.8,93.36,0.058677,71723,301.6,88.96,0.075453,87142,311.6,73.49,0.089989,130.1,0.000000,459.2,488353,1582.6,125638,354.4,0.10,0.000104,124822,351.0,-1.28,-0.001618,89887,313.5,48.25,0.060560,310.1,0.000000,100.0,51366,870.5,77486,306.4,0.86,0.000651,75795,303.5,15.02,0.013339,89188,312.5,39.62,0.049523
671.09,0.0097259,0.052600,88633,90436,90652,89933,305.3,671.1,0.000000,359.5,565997,605.5,114724,343.0,-1.53,-0.001543,111387,338.8,-25.44,-0.029742,90294,320.5,-70.20,-0.086602,491.1,0.059518,288.0,53152,327.4,59851,283.9,96.73,0.061338,71980,301.9,90.26,0.076750,87114,311.6,74.48,0.091165,131.1,0.000000,472.4,484270,1579.0,125691,354.5,0.09,0.000091,124679,350.9,-1.61,-0.002042,90368,313.9,44.64,0.056277,311.1,0.000000,169.9,50625,866.7,77753,306.7,0.76,0.000580,76053,303.8,15.06,0.013409,89179,312.3,41.32,0.051659
672.09,0.0097405,0.052650,88415,90413,90680,89841,305.4,672.1,0.000000,100.0,586153,610.9,113862,342.2,-1.58,-0.001580,110510,338.1,-26.78,-0.031133,90322,320.5,-69.45,-0.085695,492.1,0.062062,289.5,53480,327.6,60627,285.0,99.83,0.063881,72228,302.2,91.55,0.078045,87078,311.6,75.42,0.092283,132.1,0.000000,167.5,480292,1575.4,125732,354.5,0.07,0.000072,124522,350.8,-1.94,-0.002460,90918,314.3,40.07,0.050748,312.1,0.000000,145.6,49764,862.3,77990,307.0,0.67,0.000516,76340,304.1,15.08,0.013457,89161,312.2,42.96,0.053718
673.10,0.0097550,0.052708,88193,90419,90703,89753,305.4,673.1,0.000000,100.0,607283,616.4,112993,341.5,-1.61,-0.001602,109566,337.2,-28.21,-0.032585,90347,320.5,-68.68,-0.084759,493.1,0.064466,290.9,53844,327.8,61412,286.1,102.59,0.066248,72458,302.4,92.87,0.079357,87032,311.6,76.32,0.093336,133.1,0.000000,438.0,476413,1572.0,125759,354.5,0.05,0.000051,124357,350.7,-2.27,-0.002870,91501,314.8,34.53,0.043958,313.1,0.000000,618.4,49033,858.4,78203,307.3,0.60,0.000462,76657,304.5,15.04,0.013462,89131,312.1,44.54,0.055688
674.10,0.0097696,0.052773,87989,90391,90730,89672,305.4,674.1,0.000000,100.0,629437,622.0,112124,340.7,-1.62,-0.001608,108563,336.3,-29.69,-0.034077,90372,320.6,-67.89,-0.083796,494.1,0.066683,292.4,54240,328.1,62193,287.1,104.99,0.068402,72653,302.6,94.23,0.080681,86982,311.6,77.21,0.094358,134.1,0.000000,1029.1,472627,1568.5,125774,354.5,0.03,0.000028,124185,350.5,-2.59,-0.003271,92075,315.2,28.21,0.036079,314.1,0.000000,368.5,48436,855.1,78399,307.5,0.55,0.000420,77001,304.9,14.91,0.013393,89094,312.0,46.07,0.057594
675.11,0.0097841,0.052844,87810,90329,90756,89600,305.4,675.1,0.000000,484.4,652667,627.7,111264,340.0,-1.63,-0.001601,107511,335.4,-31.22,-0.035586,90404,320.6,-67.08,-0.082830,495.1,0.068689,293.7,54667,328.4,62963,288.2,107.02,0.070330,72816,302.8,95.66,0.082045,86929,311.7,78.09,0.095366,135.1,0.000000,100.0,468929,1565.2,125773,354.5,0.00,0.000004,124008,350.4,-2.91,-0.003669,92599,315.7,21.30,0.027365,315.1,0.000000,100.0,48870,856.0,78582,307.7,0.51,0.000391,77373,305.3,14.72,0.013268,89052,311.9,47.56,0.059450
676.11,0.0097987,0.052919,87700,90263,90788,89536,305.5,676.1,0.000000,100.0,677029,633.5,110415,339.2,-1.62,-0.001586,106423,334.4,-32.77,-0.037084,90445,320.6,-66.30,-0.081894,496.1,0.068072,295.0,55095,328.8,64301,290.1,106.66,0.071111,72949,302.9,97.16,0.083450,86874,311.7,78.97,0.096366,136.1,0.000000,100.0,465312,1561.8,125758,354.5,-0.02,-0.000020,123829,350.2,-3.23,-0.004073,93038,316.0,14.05,0.018108,316.1,0.000000,100.0,50540,862.0,78759,307.9,0.49,0.000374,77772,305.8,14.50,0.013113,89006,311.9,49.03,0.061262
677.11,0.0098132,0.052997,87572,90203,90831,89482,305.5,677.1,0.000000,133.0,702578,639.4,109580,338.5,-1.61,-0.001567,105309,333.4,-34.32,-0.038544,90496,320.7,-65.54,-0.080992,497.1,0.071900,296.2,55573,329.2,64845,290.8,109.06,0.073141,73053,303.0,98.71,0.084883,86824,311.8,79.87,0.097382,137.1,0.000000,233.4,461771,1558.6,125724,354.5,-0.05,-0.000052,123646,350.1,-3.57,-0.004493,93378,316.3,6.65,0.008598,317.1,0.000000,236.4,54018,875.6,78934,308.1,0.48,0.000368,78187,306.2,14.25,0.012933,88962,311.9,50.49,0.063053
678.12,0.0098278,0.053079,87471,90144,90944,89441,305.6,678.1,0.000000,100.0,729372,645.5,108757,337.8,-1.60,-0.001548,104178,332.3,-35.83,-0.039939,90578,320.7,-64.72,-0.080037,498.1,0.073394,297.5,56074,329.6,65447,291.6,110.86,0.074833,73128,303.0,100.28,0.086311,86792,312.0,80.86,0.098504,138.1,0.000000,276.7,458301,1555.3,125666,354.4,-0.09,-0.000091,123461,349.9,-3.93,-0.004942,93048,316.0,-2.02,-0.002610,318.1,0.000000,373.1,58297,892.2,79112,308.3,0.48,0.000370,78612,306.7,13.98,0.012744,88933,312.0,51.99,0.064890
679.12,0.0098423,0.053162,87405,90092,91019,89410,305.7,679.1,0.000000,100.0,757471,651.6,107941,337.0,-1.60,-0.001538,103037,331.3,-37.30,-0.041250,90676,320.8,-63.95,-0.079144,499.1,0.072302,314.3,56570,330.1,66701,293.4,109.50,0.074886,73171,303.0,101.83,0.087696,86750,312.2,81.84,0.099575,139.1,0.000000,173.9,454896,1552.1,125578,354.4,-0.13,-0.000139,123271,349.7,-4.32,-0.005431,92756,315.8,-9.85,-0.012666,319.1,0.000000,238.9,63181,910.2,79296,308.5,0.49,0.000379,79044,307.2,13.74,0.012573,88893,312.1,53.44,0.066637
680.12,0.0098568,0.053246,87364,90053,91034,89390,305.7,680.1,0.000000,400.9,786938,657.9,107122,336.3,-1.61,-0.001542,101893,330.2,-38.70,-0.042460,90762,320.9,-63.28,-0.078384,500.1,0.075686,299.6,57110,330.6,67110,293.9,111.31,0.076438,73183,303.0,103.32,0.089010,86676,312.4,82.76,0.100538,140.1,0.000000,100.0,451550,1548.9,125456,354.3,-0.18,-0.000195,123078,349.6,-4.75,-0.005966,92628,315.7,-16.89,-0.021699,320.1,0.000000,100.0,68312,927.7,79486,308.7,0.51,0.000392,79485,307.7,13.55,0.012449,88824,312.3,54.80,0.068250
681.12,0.0098713,0.053331,87348,90031,90996,89381,305.7,681.1,0.000000,337.4,817834,664.2,106290,335.6,-1.64,-0.001567,100751,329.1,-40.02,-0.043556,90801,320.9,-62.84,-0.077863,501.1,0.076573,300.7,57666,331.1,67617,294.7,112.69,0.077787,73169,302.9,104.75,0.090243,86553,312.7,83.57,0.101295,141.1,0.000000,674.5,448258,1545.8,125299,354.2,-0.24,-0.000254,122880,349.4,-5.22,-0.006551,92550,315.7,-23.62,-0.030317,321.1,0.000000,100.0,73708,944.8,79685,308.9,0.53,0.000408,79935,308.2,13.44,0.012395,88708,312.4,56.00,0.069626
682.13,0.0098859,0.053413,87377,90032,90940,89383,305.6,682.1,0.000000,177.5,850224,670.7,105428,334.8,-1.71,-0.001617,99615,328.1,-41.25,-0.044533,90788,320.8,-62.54,-0.077493,502.1,0.075013,301.8,58212,331.7,68774,296.3,111.06,0.077547,73136,302.8,106.09,0.091395,86407,312.9,84.29,0.101915,142.1,0.000000,410.1,445015,1542.6,125106,354.0,-0.30,-0.000314,122677,349.2,-5.73,-0.007179,92455,315.7,-30.05,-0.038538,322.1,0.000000,100.0,79290,961.2,79893,309.1,0.55,0.000427,80391,308.7,13.43,0.012439,88570,312.6,57.07,0.070805
683.13,0.0099004,0.053493,87428,90061,90869,89395,305.6,683.1,0.000000,542.5,884171,677.2,104523,334.0,-1.80,-0.001696,98489,327.0,-42.38,-0.045389,90747,320.8,-62.30,-0.077163,503.1,0.078108,302.5,58797,332.3,69115,296.7,112.36,0.078719,73091,302.7,107.37,0.092475,86256,313.2,84.95,0.102437,143.1,0.000000,100.0,441811,1539.5,124880,353.8,-0.35,-0.000370,122468,349.0,-6.27,-0.007843,92282,315.6,-36.12,-0.046252,323.1,0.000024,309.8,84975,976.6,80103,309.4,0.58,0.000452,80852,309.2,13.55,0.012597,88428,312.7,58.02,0.071832
684.13,0.0099149,0.053571,87463,90175,90783,89417,305.5,684.1,0.000000,395.7,919738,683.9,103561,333.1,-1.92,-0.001801,97377,325.9,-43.42,-0.046128,90700,320.7,-62.13,-0.076928,504.1,0.078661,303.6,59395,332.8,69580,297.4,113.34,0.079771,73041,302.5,108.57,0.093497,86111,313.5,85.56,0.102890,144.1,0.000000,209.8,438642,1536.4,124625,353.6,-0.40,-0.000421,122253,348.9,-6.82,-0.008527,92033,315.4,-41.62,-0.053181,324.1,0.000106,310.2,90547,990.4,80301,309.6,0.64,0.000497,81318,309.7,13.78,0.012860,88291,312.9,58.88,0.072742
685.13,0.0099294,0.053646,87543,90243,90685,89447,305.4,685.1,0.000000,317.6,956988,690.7,102529,332.1,-2.08,-0.001930,96283,324.9,-44.37,-0.046756,90647,320.6,-62.07,-0.076828,505.1,0.076751,304.5,59978,333.4,70650,298.8,111.68,0.079426,72995,302.4,109.72,0.094472,85972,313.9,86.12,0.103287,145.1,0.000000,277.3,435505,1533.3,124345,353.4,-0.44,-0.000463,122033,348.7,-7.39,-0.009219,91768,315.2,-46.47,-0.059240,325.1,0.000099,310.5,95928,1002.8,80528,309.8,0.70,0.000546,81788,310.3,14.11,0.013226,88163,313.1,59.66,0.073551
686.13,0.0099439,0.053715,87701,90293,90581,89485,305.3,686.1,0.000000,119.5,995984,697.5,101420,331.1,-2.25,-0.002075,95211,323.8,-45.22,-0.047282,90589,320.5,-62.13,-0.076882,506.1,0.079723,305.3,60600,334.1,71014,299.3,112.72,0.080447,72956,302.2,110.83,0.095413,85836,314.2,86.63,0.103636,146.1,0.000000,100.0,432394,1530.3,124047,353.1,-0.47,-0.000497,121808,348.5,-7.95,-0.009906,91520,315.1,-50.73,-0.064530,326.1,0.000069,310.8,101084,1013.9,80787,310.1,0.74,0.000584,82255,310.8,14.53,0.013675,88040,313.3,60.36,0.074256
687.13,0.0099585,0.053777,87854,90315,90486,89529,305.2,687.1,0.000000,267.9,1036782,704.5,100232,330.0,-2.44,-0.002228,94164,322.8,-46.00,-0.047718,90524,320.4,-62.37,-0.077150,507.1,0.080212,306.3,61234,334.7,71492,299.9,113.42,0.081317,72929,302.1,111.88,0.096328,85706,314.5,87.11,0.103956,147.1,0.000000,281.7,429304,1527.2,123736,352.9,-0.49,-0.000522,121579,348.3,-8.50,-0.010577,91296,314.9,-54.49,-0.069163,327.1,0.000012,948.8,106037,1023.9,81082,310.4,0.76,0.000596,82710,311.3,15.01,0.014178,87925,313.6,60.98,0.074872
688.14,0.0099730,0.053834,87943,90323,90411,89579,305.2,688.1,0.000000,100.0,1079436,711.5,98968,328.8,-2.63,-0.002379,93147,321.7,-46.70,-0.048074,90456,320.3,-62.74,-0.077563,508.1,0.078062,307.1,61852,335.3,72482,301.3,111.95,0.081019,72920,302.0,112.89,0.097221,85589,314.7,87.59,0.104291,148.1,0.000000,185.0,426230,1524.1,123415,352.6,-0.51,-0.000540,121349,348.1,-9.03,-0.011225,91098,314.8,-57.78,-0.073205,328.1,-0.000032,946.4,110694,1032.7,81411,310.8,0.73,0.000572,83146,311.7,15.51,0.014706,87826,313.8,61.56,0.075437
689.14,0.0099875,0.053888,88001,90315,90357,89632,305.1,689.1,0.000000,297.0,1123991,718.6,97635,327.5,-2.81,-0.002520,92161,320.8,-47.34,-0.048360,90396,320.3,-63.16,-0.078053,509.1,0.080994,307.9,62508,336.0,72890,301.8,112.73,0.081895,72933,301.9,113.85,0.098097,85492,315.0,88.08,0.104671,149.1,0.000000,1146.8,423169,1521.1,123088,352.4,-0.53,-0.000552,121117,347.8,-9.54,-0.011843,90930,314.7,-60.64,-0.076708,329.1,-0.000083,944.3,114968,1040.2,81778,311.4,0.63,0.000500,83558,312.2,16.01,0.015232,87749,314.1,62.12,0.075984
690.14,0.0100020,0.053939,88075,90288,90323,89690,305.1,690.1,0.000000,368.1,1170487,725.7,96246,326.2,-2.97,-0.002641,91210,319.8,-47.90,-0.048581,90353,320.2,-63.61,-0.078596,510.1,0.078759,308.9,63146,336.7,73970,303.2,111.00,0.081447,72975,301.8,114.75,0.098950,85415,315.2,88.59,0.105103,150.1,0.000000,135.7,420112,1518.0,122756,352.1,-0.54,-0.000562,120885,347.6,-10.02,-0.012426,90794,314.7,-63.12,-0.079738,330.1,-0.000154,942.5,118727,1046.3,82181,312.0,0.47,0.000369,83947,312.6,16.49,0.015742,87696,314.4,62.65,0.076523
691.14,0.0100165,0.053986,88162,90248,90305,89753,305.1,691.1,0.000000,100.0,1218954,733.0,94814,324.8,-3.12,-0.002739,90293,318.8,-48.41,-0.048744,90327,320.2,-64.09,-0.079171,511.1,0.081698,309.6,63824,337.3,74279,303.6,111.74,0.082227,73054,301.8,115.57,0.099767,85356,315.4,89.11,0.105572,151.1,0.000000,306.4,417055,1514.9,122418,351.8,-0.55,-0.000572,120651,347.4,-10.47,-0.012969,90691,314.7,-65.28,-0.082377,331.1,-0.000250,941.0,121617,1050.4,82620,312.8,0.21,0.000171,84317,313.0,16.94,0.016226,87667,314.6,63.16,0.077047
692.07,0.0100299,0.054026,88243,90207,90298,89814,305.1,692.1,0.000000,100.0,1265524,741.1,93467,323.5,-3.23,-0.002807,89478,318.0,-48.82,-0.048842,90315,320.1,-64.54,-0.079727,512.1,0.078947,310.4,64428,338.0,75365,305.1,109.57,0.081421,73165,301.8,116.22,0.100475,85314,315.6,89.58,0.106020,152.1,0.000000,100.0,414232,1512.1,122100,351.5,-0.56,-0.000583,120434,347.2,-10.86,-0.013429,90621,314.7,-67.05,-0.084542,332.1,-0.000366,940.1,124141,1053.7,83064,313.7,-0.09,-0.000070,84643,313.4,17.33,0.016646,87659,314.9,63.58,0.077500
693.07,0.0100445,0.054065,88339,90165,90293,89884,305.0,693.1,0.000000,100.0,1318645,748.9,91995,322.0,-3.32,-0.002853,88627,317.1,-49.20,-0.048889,90311,320.1,-65.05,-0.080356,513.1,0.081751,311.3,65120,338.7,75648,305.4,110.31,0.082192,73334,301.9,116.79,0.101173,85274,315.8,90.08,0.106498,153.1,0.000000,108.0,411170,1508.9,121745,351.3,-0.58,-0.000600,120194,347.0,-11.23,-0.013880,90568,314.7,-68.78,-0.086668,333.1,-0.000508,939.2,126260,1056.0,83589,314.9,-0.50,-0.000401,84986,313.7,17.73,0.017072,87666,315.2,63.99,0.077932
694.07,0.0100590,0.054101,88457,90132,90286,89958,305.0,694.1,0.000000,283.0,1375698,757.7,90522,320.5,-3.38,-0.002874,87805,316.3,-49.50,-0.048867,90308,320.1,-65.58,-0.081011,514.1,0.078844,312.2,65788,339.3,76656,306.7,108.34,0.081448,73551,302.0,117.20,0.101790,85236,316.0,90.55,0.106944,154.1,0.000000,100.0,408102,1505.8,121377,350.9,-0.60,-0.000623,119949,346.8,-11.57,-0.014274,90527,314.8,-70.38,-0.088624,334.1,-0.000684,938.8,128066,1057.5,84164,316.5,-1.01,-0.000805,85323,314.1,18.10,0.017484,87673,315.4,64.31,0.078260
695.07,0.0100735,0.054131,88596,90112,90273,90035,305.0,695.1,0.000000,221.8,1438002,768.3,89059,319.0,-3.42,-0.002872,87008,315.4,-49.72,-0.048767,90302,320.1,-66.13,-0.081691,515.1,0.078543,328.8,66460,340.0,77706,308.0,106.07,0.080480,73811,302.2,117.44,0.102307,85197,316.2,90.99,0.107346,155.1,0.000000,490.6,405027,1502.7,120992,350.6,-0.63,-0.000650,119695,346.5,-11.86,-0.014610,90490,314.8,-71.87,-0.090447,335.1,-0.000889,938.8,128784,1057.0,84798,318.3,-1.59,-0.001276,85662,314.5,18.48,0.017900,87678,315.7,64.53,0.078468
696.07,0.0100880,0.054155,88744,90106,90254,90116,305.0,696.1,0.000000,224.7,1506991,781.1,87618,317.5,-3.43,-0.002849,86230,314.6,-49.84,-0.048577,90292,320.1,-66.71,-0.082398,516.1,0.080764,313.8,67164,340.7,77907,308.3,106.62,0.081047,74128,302.4,117.66,0.102862,85155,316.4,91.39,0.107697,156.1,0.000000,100.0,401940,1499.5,120588,350.3,-0.66,-0.000682,119432,346.3,-12.10,-0.014887,90450,314.9,-73.27,-0.092153,336.1,-0.001124,939.1,129181,1055.8,85499,320.5,-2.26,-0.001812,86009,314.8,18.88,0.018341,87683,315.9,64.64,0.078546
697.07,0.0101025,0.054174,88864,90118,90233,90199,305.0,697.1,0.000000,100.0,1584195,796.7,86206,316.1,-3.42,-0.002810,85463,313.8,-49.86,-0.048283,90274,320.1,-67.31,-0.083122,517.1,0.077642,314.6,67842,341.4,78858,309.5,104.53,0.080114,74470,302.7,117.84,0.103398,85111,316.6,91.75,0.108005,157.1,0.000000,1105.4,398835,1496.3,120165,349.9,-0.69,-0.000715,119158,346.1,-12.30,-0.015105,90405,314.9,-74.57,-0.093739,337.1,-0.001385,940.0,129247,1053.9,86274,323.1,-3.00,-0.002407,86371,315.2,19.32,0.018823,87689,316.2,64.62,0.078475
698.08,0.0101171,0.054189,88980,90139,90216,90285,305.0,698.1,0.000000,835.1,1671222,815.8,84829,314.6,-3.40,-0.002757,84704,313.0,-49.74,-0.047869,90254,320.1,-67.91,-0.083845,518.1,0.077144,315.4,68522,342.1,79854,310.7,102.29,0.079062,74814,303.0,117.90,0.103820,85069,316.7,92.08,0.108287,158.1,0.000000,100.0,395717,1493.1,119723,349.6,-0.73,-0.000747,118874,345.8,-12.46,-0.015272,90358,314.9,-75.78,-0.095193,338.1,-0.001674,941.1,128327,1050.1,87128,326.2,-3.81,-0.003062,86754,315.6,19.81,0.019356,87698,316.4,64.55,0.078344
699.08,0.0101316,0.054199,89153,90165,90203,90374,305.0,699.1,0.000000,791.3,1769726,838.8,83493,313.2,-3.36,-0.002693,83946,312.1,-49.49,-0.047322,90234,320.0,-68.49,-0.084552,519.1,0.079205,316.1,69233,342.8,80050,311.0,102.69,0.079510,75175,303.4,117.84,0.104150,85034,316.9,92.40,0.108559,159.1,0.000000,356.8,392586,1489.9,119266,349.2,-0.75,-0.000775,118579,345.5,-12.58,-0.015394,90312,315.0,-76.87,-0.096504,339.1,-0.001994,941.8,129425,1050.1,88060,329.7,-4.72,-0.003791,87163,316.1,20.34,0.019941,87714,316.6,64.45,0.078179
700.08,0.0101461,0.054202,89327,90199,90195,90465,305.0,700.1,0.000000,555.7,1881358,866.1,82199,311.8,-3.30,-0.002622,83187,311.3,-49.09,-0.046643,90214,320.0,-69.05,-0.085219,520.1,0.076017,316.9,69918,343.5,80967,312.1,100.70,0.078575,75578,303.7,117.71,0.104474,85006,317.1,92.71,0.108823,160.1,0.000000,528.9,389444,1486.6,118798,348.8,-0.78,-0.000796,118275,345.2,-12.67,-0.015478,90271,315.0,-77.83,-0.097666,340.1,-0.002360,943.0,129685,1048.4,89075,333.9,-5.75,-0.004616,87603,316.5,20.90,0.020568,87739,316.9,64.31,0.077977
701.08,0.0101606,0.054199,89509,90236,90195,90557,305.0,701.1,0.000000,222.4,2007715,898.2,80950,310.4,-3.24,-0.002545,82422,310.5,-48.55,-0.045824,90198,320.0,-69.55,-0.085827,521.1,0.075458,317.7,70605,344.2,81919,313.3,98.65,0.077587,76013,304.0,117.46,0.104736,84986,317.3,93.01,0.109088,161.1,0.000000,108.1,386289,1483.3,118323,348.4,-0.79,-0.000810,117965,345.0,-12.73,-0.015531,90235,315.0,-78.67,-0.098670,341.1,-0.002756,944.6,129143,1045.2,90155,338.6,-6.90,-0.005530,88079,317.0,21.48,0.021215,87774,317.1,64.13,0.077734
702.09,0.0101752,0.054188,89745,90275,90205,90650,305.0,702.1,0.000000,100.0,2150278,935.4,79748,309.1,-3.17,-0.002463,81647,309.6,-47.86,-0.044875,90186,320.0,-69.99,-0.086354,522.1,0.077478,318.4,71324,344.9,82177,313.6,98.90,0.077955,76473,304.4,117.10,0.104926,84978,317.4,93.30,0.109361,162.1,0.000000,735.4,383121,1480.0,117846,348.0,-0.80,-0.000815,117650,344.7,-12.78,-0.015558,90209,315.0,-79.37,-0.099510,342.1,-0.003184,946.2,128550,1041.9,91286,344.0,-8.18,-0.006531,88597,317.6,22.03,0.021853,87821,317.3,63.89,0.077424
703.09,0.0101897,0.054168,90012,90319,90230,90743,305.0,703.1,0.000000,1012.3,2310339,977.8,78593,307.8,-3.09,-0.002378,80864,308.8,-47.04,-0.043803,90178,320.1,-70.34,-0.086776,523.1,0.074307,319.2,72017,345.6,83088,314.7,97.06,0.077084,76962,304.8,116.68,0.105075,84976,317.6,93.59,0.109644,163.1,0.000000,516.7,379938,1476.7,117372,347.6,-0.80,-0.000812,117335,344.4,-12.80,-0.015560,90190,315.1,-79.91,-0.100165,343.1,-0.003649,948.1,127610,1037.9,92453,350.1,-9.58,-0.007614,89155,318.2,22.55,0.022465,87892,317.5,63.59,0.077070
704.09,0.0102043,0.054139,90287,90367,90261,90835,305.0,704.1,0.000000,305.6,2488928,1025.7,77487,306.6,-3.01,-0.002290,80076,307.9,-46.09,-0.042621,90177,320.1,-70.59,-0.087081,524.1,0.073749,320.0,72714,346.3,84020,315.8,95.22,0.076204,77470,305.3,116.21,0.105179,84980,317.7,93.88,0.109945,164.1,0.000000,290.8,376735,1473.3,116905,347.2,-0.79,-0.000803,117021,344.1,-12.81,-0.015538,90174,315.1,-80.30,-0.100625,344.1,-0.004145,950.0,126327,1033.2,93641,357.0,-11.10,-0.008764,89749,318.8,23.01,0.023039,87987,317.7,63.22,0.076663
705.10,0.0102188,0.054099,90671,90416,90296,90923,305.1,705.1,0.000000,100.0,2686740,1078.9,76429,305.4,-2.92,-0.002200,79286,307.0,-45.02,-0.041343,90181,320.1,-70.75,-0.087269,525.1,0.073197,320.8,73415,347.0,84981,316.9,93.35,0.075294,77976,305.7,115.65,0.105206,84988,317.8,94.16,0.110250,165.1,0.000000,561.1,372802,1469.3,116448,346.8,-0.78,-0.000787,116711,343.8,-12.79,-0.015490,90166,315.1,-80.54,-0.100920,345.1,-0.004674,952.0,124828,1028.0,94837,364.7,-12.73,-0.009961,90377,319.4,23.42,0.023565,88096,317.9,62.79,0.076182
706.10,0.0102334,0.054039,91404,90468,90342,91003,305.1,706.1,0.000000,100.0,2904114,1137.5,75420,304.2,-2.83,-0.002108,78499,306.1,-43.85,-0.039984,90191,320.2,-70.80,-0.087327,526.1,0.072650,335.8,74120,347.7,85976,318.1,91.43,0.074336,78487,306.2,115.05,0.105195,85002,317.9,94.44,0.110568,166.1,0.000000,782.5,368631,1465.1,116004,346.4,-0.76,-0.000767,116405,343.5,-12.75,-0.015415,90169,315.1,-80.66,-0.101071,346.1,-0.005235,954.0,122928,1022.1,96036,373.3,-14.44,-0.011182,91042,320.1,23.76,0.024027,88215,318.1,62.29,0.075638
707.11,0.0102479,0.053959,91758,90532,90395,91069,305.1,707.1,0.000000,100.0,3140816,1201.2,74460,303.1,-2.73,-0.002016,77721,305.2,-42.59,-0.038559,90207,320.2,-70.72,-0.087232,527.1,0.074611,322.4,74857,348.5,86187,318.3,91.97,0.074904,79004,306.6,114.43,0.105164,85023,318.0,94.74,0.110921,167.1,0.000000,100.0,364396,1460.8,115574,346.1,-0.74,-0.000744,116101,343.2,-12.70,-0.015315,90186,315.1,-80.67,-0.101096,347.1,-0.005815,955.8,121806,1017.5,97230,382.9,-16.22,-0.012393,91748,320.8,24.00,0.024401,88345,318.3,61.74,0.075040
708.11,0.0102625,0.053872,91802,90598,90453,91119,305.2,708.1,0.000000,100.0,3396122,1269.6,73549,302.1,-2.62,-0.001922,76954,304.3,-41.25,-0.037084,90229,320.2,-70.53,-0.087013,528.1,0.071512,323.2,75571,349.2,87119,319.4,90.30,0.074098,79519,307.1,113.76,0.105076,85050,318.0,95.06,0.111306,168.1,0.000000,191.4,360106,1456.4,115159,345.7,-0.72,-0.000719,115796,343.0,-12.62,-0.015195,90214,315.1,-80.59,-0.101012,348.1,-0.006480,957.0,122014,1015.5,98458,393.8,-18.12,-0.013634,92490,321.6,24.17,0.024721,88483,318.4,61.14,0.074388
709.12,0.0102771,0.053789,91653,90661,90520,91153,305.3,709.1,0.000000,633.3,3668713,1342.3,72686,301.0,-2.52,-0.001828,76204,303.5,-39.84,-0.035573,90254,320.3,-70.24,-0.086665,529.1,0.070945,324.0,76290,349.9,88064,320.4,88.63,0.073269,80038,307.5,113.04,0.104936,85083,318.1,95.38,0.111715,169.1,0.000000,6474.2,355758,1451.9,114760,345.4,-0.69,-0.000693,115484,342.7,-12.53,-0.015063,90256,315.2,-80.43,-0.100850,349.1,-0.007216,958.1,122495,1014.1,99740,406.0,-20.15,-0.014900,93275,322.3,24.28,0.024985,88627,318.6,60.50,0.073690
710.13,0.0102917,0.053714,91446,90721,90595,91173,305.3,710.1,0.000000,100.0,3956688,1418.8,71871,300.1,-2.41,-0.001734,75474,302.6,-38.39,-0.034040,90289,320.3,-69.82,-0.086166,530.1,0.070367,324.9,77014,350.6,89025,321.5,86.93,0.072405,80576,308.0,112.29,0.104772,85123,318.1,95.72,0.112145,170.1,0.000000,100.0,351353,1447.4,114375,345.0,-0.67,-0.000668,115161,342.4,-12.45,-0.014930,90310,315.2,-80.22,-0.100638,350.1,-0.008021,959.5,122924,1012.6,101087,419.8,-22.32,-0.016177,94109,323.2,24.22,0.025074,88777,318.7,59.82,0.072957
711.13,0.0103063,0.053648,91201,90782,90667,91183,305.4,711.1,0.000000,100.0,4257572,1498.4,71104,299.1,-2.29,-0.001641,74766,301.8,-36.89,-0.032495,90332,320.4,-69.28,-0.085528,531.1,0.069762,325.7,77742,351.3,89983,322.5,85.26,0.071547,81134,308.5,111.47,0.104562,85165,318.1,96.05,0.112579,171.1,0.000000,213.0,346897,1442.7,114004,344.7,-0.65,-0.000645,114818,342.1,-12.38,-0.014816,90374,315.2,-79.98,-0.100392,351.1,-0.008873,961.2,122970,1010.5,102499,435.3,-24.59,-0.017430,95007,324.1,23.96,0.024973,88928,318.8,59.10,0.072185
712.14,0.0103209,0.053592,90902,90849,90744,91185,305.5,712.1,0.000000,508.7,4568389,1580.6,70383,298.3,-2.18,-0.001549,74082,301.0,-35.37,-0.030950,90377,320.4,-68.62,-0.084751,532.1,0.069066,326.5,78474,352.0,90936,323.6,83.64,0.070702,81715,309.0,110.56,0.104273,85208,318.2,96.37,0.113009,172.1,0.000000,990.1,342403,1438.0,113645,344.4,-0.63,-0.000625,114449,341.7,-12.32,-0.014711,90438,315.3,-79.71,-0.100110,352.1,-0.009756,963.3,122484,1007.4,103967,452.6,-26.93,-0.018617,95970,325.0,23.49,0.024664,89076,318.9,58.36,0.071379
713.07,0.0103343,0.053552,90591,90912,90824,91182,305.6,713.1,0.000000,419.0,4861169,1657.9,69758,297.5,-2.08,-0.001465,73473,300.3,-33.94,-0.029529,90424,320.5,-67.91,-0.083901,533.1,0.068153,340.3,79151,352.7,91865,324.6,82.03,0.069831,82274,309.5,109.63,0.103927,85251,318.2,96.68,0.113419,173.1,0.000000,187.8,338241,1433.6,113323,344.1,-0.61,-0.000609,114072,341.4,-12.29,-0.014648,90495,315.3,-79.41,-0.099783,353.1,-0.010619,965.4,121589,1003.7,105364,470.3,-29.10,-0.019623,96916,325.9,22.87,0.024183,89213,318.9,57.67,0.070637
714.07,0.0103489,0.053520,90252,90982,90911,91176,305.6,714.1,0.000000,100.0,5181185,1742.8,69123,296.7,-1.96,-0.001376,72839,299.6,-32.39,-0.028002,90491,320.5,-67.03,-0.082857,534.1,0.067637,341.0,79889,353.4,92785,325.5,80.54,0.069042,82906,310.1,108.51,0.103455,85302,318.2,97.01,0.113881,174.1,0.000000,100.0,333720,1428.8,112981,343.8,-0.60,-0.000594,113610,341.0,-12.34,-0.014668,90567,315.4,-79.00,-0.099342,354.1,-0.011479,968.1,120027,998.7,106907,491.2,-31.43,-0.020584,97999,327.0,22.00,0.023446,89361,319.0,56.95,0.069857
715.08,0.0103635,0.053501,89961,91056,90987,91170,305.7,715.1,0.000000,389.3,5500237,1828.1,68530,296.0,-1.85,-0.001291,72231,298.8,-30.83,-0.026493,90563,320.6,-66.08,-0.081732,535.1,0.066870,341.7,80632,354.2,93697,326.5,79.07,0.068252,83560,310.8,107.25,0.102858,85349,318.2,97.34,0.114328,175.1,0.000000,228.2,329189,1423.9,112647,343.5,-0.59,-0.000582,113082,340.5,-12.57,-0.014896,90647,315.4,-78.57,-0.098877,355.1,-0.012350,971.1,117864,992.5,108465,514.1,-33.68,-0.021386,99140,328.1,20.93,0.022489,89498,319.0,56.24,0.069083
716.08,0.0103780,0.053492,89751,91135,91052,91167,305.8,716.1,0.000000,100.0,5814148,1913.1,67977,295.3,-1.75,-0.001209,71651,298.1,-29.26,-0.025006,90626,320.7,-65.09,-0.080539,536.1,0.066079,342.3,81377,354.9,94604,327.4,77.61,0.067448,84225,311.4,105.84,0.102106,85388,318.1,97.63,0.114737,176.1,0.000000,469.2,324648,1419.0,112319,343.3,-0.58,-0.000571,112463,339.9,-13.00,-0.015346,90726,315.4,-78.16,-0.098435,356.1,-0.013181,974.4,115115,985.3,110018,538.7,-35.81,-0.022016,100335,329.2,19.68,0.021324,89615,319.0,55.53,0.068305
717.09,0.0103926,0.053488,89625,91213,91116,91169,305.8,717.1,0.000000,225.5,6118683,1997.1,67461,294.7,-1.64,-0.001132,71097,297.5,-27.71,-0.023546,90676,320.7,-64.02,-0.079257,537.1,0.065259,343.0,82127,355.6,95507,328.4,76.15,0.066621,84894,312.0,104.29,0.101199,85420,318.1,97.91,0.115122,177.1,0.000000,132.6,320098,1414.0,111999,343.0,-0.57,-0.000559,111747,339.3,-13.65,-0.016040,90798,315.5,-77.78,-0.098017,357.1,-0.013955,978.0,111792,976.9,111548,564.8,-37.79,-0.022466,101576,330.4,18.27,0.019972,89716,319.0,54.85,0.067546
718.09,0.0104071,0.053488,89573,91286,91180,91174,305.9,718.1,0.000000,2253.4,6409654,2079.5,66979,294.1,-1.54,-0.001059,70570,296.8,-26.16,-0.022115,90718,320.8,-62.87,-0.077858,538.1,0.064395,331.5,82879,356.3,96382,329.2,74.74,0.065814,85564,312.7,102.62,0.100157,85450,318.1,98.19,0.115503,178.1,0.000000,300.5,315541,1409.0,111687,342.7,-0.56,-0.000545,110937,338.6,-14.53,-0.016984,90865,315.5,-77.40,-0.097603,358.1,-0.011076,976.8,109275,970.2,109503,570.8,-29.85,-0.017236,102855,331.6,16.73,0.018451,89807,318.9,54.21,0.066839
719.10,0.0104217,0.053489,89576,91361,91241,91184,306.0,719.1,0.000000,197.6,6683020,2159.5,66531,293.5,-1.45,-0.000990,70069,296.2,-24.63,-0.020714,90760,320.8,-61.63,-0.076344,539.1,0.063502,332.3,83634,357.1,97238,330.1,73.35,0.064997,86235,313.3,100.87,0.099011,85478,318.0,98.46,0.115884,179.1,0.000000,206.8,310977,1403.9,111385,342.4,-0.54,-0.000529,110035,337.7,-15.64,-0.018171,90930,315.5,-77.02,-0.097195,359.1,-0.008519,569.2,107436,964.8,107563,574.1,-23.98,-0.013522,104165,332.8,15.06,0.016767,89892,318.9,53.63,0.066194
720.02,0.0104351,0.053489,89612,91434,91297,91196,306.0,0.0,-0.000000,153.6,6916451,2230.9,66144,293.0,-1.37,-0.000929,69631,295.7,-23.23,-0.019449,90804,320.8,-60.41,-0.074867,540.0,0.064479,333.1,84332,357.8,98076,330.9,71.92,0.064113,86854,313.9,99.20,0.097885,85502,317.9,98.70,0.116232,180.0,0.000000,195.9,306759,1399.2,111117,342.2,-0.52,-0.000510,109130,336.9,-16.85,-0.019468,90992,315.5,-76.70,-0.096839,360.0,-0.004866,572.5,105992,960.4,106329,576.5,-19.15,-0.010632,105396,333.9,13.42,0.015063,89966,318.8,53.13,0.065647
