theta_deg,t_s,mdot_restrictor_kg_s,p_plenum_exit_Pa,p_plenum_map_Pa,p_plenum_floor_Pa,p_plenum_mean_Pa,T_plenum_floor_K,phase1_deg,mdot_valve1_kg_s,T_valve1_K,p_cyl1_Pa,T_cyl1_K,p_port1_Pa,T_port1_K,u_port1_m_s,mdot_port1_kg_s,p_flange1_Pa,T_flange1_K,u_flange1_m_s,mdot_flange1_kg_s,p_mouth1_Pa,T_mouth1_K,u_mouth1_m_s,mdot_mouth1_kg_s,phase2_deg,mdot_valve2_kg_s,T_valve2_K,p_cyl2_Pa,T_cyl2_K,p_port2_Pa,T_port2_K,u_port2_m_s,mdot_port2_kg_s,p_flange2_Pa,T_flange2_K,u_flange2_m_s,mdot_flange2_kg_s,p_mouth2_Pa,T_mouth2_K,u_mouth2_m_s,mdot_mouth2_kg_s,phase3_deg,mdot_valve3_kg_s,T_valve3_K,p_cyl3_Pa,T_cyl3_K,p_port3_Pa,T_port3_K,u_port3_m_s,mdot_port3_kg_s,p_flange3_Pa,T_flange3_K,u_flange3_m_s,mdot_flange3_kg_s,p_mouth3_Pa,T_mouth3_K,u_mouth3_m_s,mdot_mouth3_kg_s,phase4_deg,mdot_valve4_kg_s,T_valve4_K,p_cyl4_Pa,T_cyl4_K,p_port4_Pa,T_port4_K,u_port4_m_s,mdot_port4_kg_s,p_flange4_Pa,T_flange4_K,u_flange4_m_s,mdot_flange4_kg_s,p_mouth4_Pa,T_mouth4_K,u_mouth4_m_s,mdot_mouth4_kg_s
1.20,0.0000173,0.051971,88690,89270,91403,89743,306.8,1.2,0.000000,100.0,7379567,2333.1,69220,294.9,-1.05,-0.000739,70651,294.4,-20.88,-0.017840,91116,314.5,-51.45,-0.065263,541.2,0.052149,324.0,84874,356.2,95025,322.5,61.70,0.054725,85350,310.7,79.49,0.077701,87832,311.5,73.86,0.091205,181.2,0.000000,100.0,296252,1400.4,112033,338.2,-1.23,-0.001225,112479,335.9,-15.09,-0.017982,91576,313.2,-37.05,-0.047444,361.2,-0.007864,597.5,99891,945.7,100031,601.9,-23.98,-0.011994,99889,325.3,-0.46,-0.000500,89070,311.1,56.94,0.071374
2.18,0.0000317,0.052026,88527,89220,91557,89744,306.9,2.2,0.000000,244.8,7579594,2402.3,68896,294.5,-1.03,-0.000728,70217,293.9,-20.02,-0.017036,91269,314.7,-51.00,-0.064772,542.2,0.050798,324.7,85495,356.8,96030,323.5,59.53,0.053196,85897,311.2,77.98,0.076581,87964,311.7,74.38,0.091914,182.2,0.000000,829.2,291813,1395.2,111414,337.7,-1.21,-0.001199,112172,335.7,-15.11,-0.017964,91748,313.5,-38.41,-0.049220,362.2,-0.006634,954.8,97891,940.0,99005,605.2,-20.22,-0.009955,100742,326.0,-2.58,-0.002839,89183,311.3,57.82,0.072526
3.18,0.0000460,0.052085,88372,89185,91689,89744,307.0,3.2,0.000000,286.2,7749401,2467.3,68576,294.1,-1.03,-0.000720,69808,293.5,-19.21,-0.016272,91394,314.8,-50.49,-0.064184,543.2,0.053396,325.3,86158,357.4,96115,323.5,59.78,0.053460,86471,311.8,76.54,0.075538,88087,311.9,74.79,0.092497,183.2,-0.000000,306.8,287369,1389.9,110819,337.2,-1.17,-0.001157,111848,335.4,-15.12,-0.017939,91887,313.7,-39.73,-0.050954,363.2,-0.003351,599.3,96638,935.8,96855,601.5,-12.36,-0.005992,101625,326.9,-4.81,-0.005325,89281,311.5,58.65,0.073601
4.17,0.0000604,0.052150,88227,89172,91795,89745,307.1,4.2,0.000000,389.9,7887090,2527.6,68258,293.8,-1.02,-0.000714,69423,293.0,-18.43,-0.015550,91489,314.9,-49.89,-0.063478,544.2,0.048863,325.9,86785,358.0,96992,324.4,57.71,0.051942,87070,312.4,75.17,0.074560,88200,312.1,75.11,0.092947,184.2,0.000000,690.8,282921,1384.6,110255,336.7,-1.12,-0.001103,111511,335.1,-15.12,-0.017901,91994,314.0,-41.01,-0.052608,364.2,-0.004231,599.8,94794,930.2,96768,603.3,-9.82,-0.004744,102565,327.7,-7.16,-0.007977,89361,311.7,59.42,0.074589
5.16,0.0000748,0.052219,88099,89179,91875,89745,307.2,5.2,0.000000,855.8,7991371,2582.9,67943,293.4,-1.02,-0.000709,69060,292.6,-17.69,-0.014869,91550,314.9,-49.20,-0.062633,545.2,0.047810,326.4,87415,358.5,97837,325.2,55.60,0.050350,87691,312.9,73.83,0.073620,88302,312.2,75.31,0.093254,185.2,0.000000,113.5,278470,1379.2,109726,336.2,-1.06,-0.001038,111161,334.8,-15.10,-0.017842,92066,314.2,-42.19,-0.054135,365.2,-0.000203,600.5,94039,926.7,95303,600.8,-1.37,-0.000653,103617,328.7,-9.71,-0.010900,89419,311.8,60.12,0.075486
6.15,0.0000892,0.052291,88000,89208,91925,89746,307.3,6.2,0.000000,314.9,8061577,2632.9,67629,293.0,-1.01,-0.000704,68720,292.2,-16.99,-0.014227,91580,314.9,-48.40,-0.061631,546.2,0.046702,327.0,88047,359.1,98660,326.0,53.44,0.048674,88330,313.6,72.52,0.072699,88396,312.4,75.38,0.093394,186.2,-0.000000,390.3,274018,1373.7,109235,335.8,-0.99,-0.000968,110802,334.5,-15.05,-0.017745,92100,314.4,-43.25,-0.055476,366.2,0.001917,598.6,93534,922.1,94365,598.9,3.47,0.001645,104838,329.8,-12.56,-0.014216,89461,312.0,60.77,0.076301
7.15,0.0001036,0.052365,87943,89266,91948,89746,307.3,7.1,0.000000,100.0,8097665,2677.5,67321,292.6,-1.00,-0.000696,68401,291.8,-16.32,-0.013624,91590,314.9,-47.49,-0.060466,547.1,0.045531,336.3,88680,359.7,99473,326.8,51.21,0.046922,88986,314.2,71.22,0.071782,88479,312.5,75.35,0.093399,187.1,-0.000000,380.9,269583,1368.2,108782,335.4,-0.92,-0.000895,110436,334.2,-14.95,-0.017579,92102,314.5,-44.19,-0.056666,367.1,0.003108,596.6,92996,916.3,93839,596.6,6.42,0.003039,106190,331.0,-15.57,-0.017792,89484,312.1,61.35,0.077016
8.14,0.0001180,0.052439,87928,89323,91944,89745,307.3,8.1,0.000000,142.3,8100328,2716.4,67017,292.2,-0.99,-0.000685,68102,291.4,-15.69,-0.013060,91582,314.9,-46.48,-0.059178,548.1,0.047313,327.9,89348,360.3,99367,326.7,51.32,0.046986,89654,314.8,69.92,0.070849,88549,312.7,75.17,0.093221,188.1,-0.000000,291.3,265180,1362.7,108368,335.0,-0.84,-0.000822,110065,333.9,-14.78,-0.017342,92072,314.6,-45.03,-0.057696,368.1,0.004236,593.9,92428,909.4,93434,593.6,9.02,0.004273,107462,332.1,-18.21,-0.020987,89488,312.2,61.84,0.077624
9.13,0.0001324,0.052512,87946,89374,91912,89744,307.3,9.1,0.000000,180.7,8070848,2749.6,66721,291.8,-0.97,-0.000670,67822,291.1,-15.10,-0.012532,91550,314.9,-45.39,-0.057773,549.1,0.042699,328.4,89978,360.8,100051,327.3,49.22,0.045285,90328,315.5,68.58,0.069876,88606,312.8,74.85,0.092852,189.1,-0.000000,100.0,260810,1357.1,107991,334.7,-0.77,-0.000752,109690,333.5,-14.55,-0.017031,92019,314.7,-45.74,-0.058558,369.1,0.005725,589.9,91951,901.6,92955,589.5,11.98,0.005686,108374,332.9,-19.79,-0.022940,89467,312.2,62.26,0.078120
10.13,0.0001468,0.052584,88002,89428,91855,89743,307.2,10.1,0.000000,1725.2,8011011,2777.2,66435,291.5,-0.95,-0.000652,67558,290.8,-14.55,-0.012037,91492,314.8,-44.21,-0.056249,550.1,0.041253,328.9,90607,361.4,100719,328.0,47.14,0.043577,91001,316.1,67.19,0.068834,88650,312.8,74.38,0.092292,190.1,-0.000000,100.0,256473,1351.6,107646,334.4,-0.71,-0.000688,109314,333.2,-14.26,-0.016647,91946,314.8,-46.34,-0.059269,370.1,0.006890,585.3,91451,892.8,92568,584.8,14.50,0.006910,108903,333.4,-20.24,-0.023545,89424,312.2,62.60,0.078503
11.12,0.0001612,0.052652,88094,89481,91780,89742,307.1,11.1,0.000000,100.0,7923022,2799.3,66159,291.1,-0.92,-0.000629,67310,290.5,-14.02,-0.011573,91413,314.8,-42.94,-0.054607,551.1,0.039760,329.4,91234,362.0,101343,328.6,45.18,0.041951,91665,316.7,65.74,0.067702,88685,312.9,73.76,0.091541,191.1,-0.000000,374.3,252169,1346.0,107329,334.1,-0.65,-0.000631,108933,332.9,-13.91,-0.016198,91857,314.8,-46.85,-0.059847,371.1,0.008028,580.0,90953,883.3,92210,579.3,16.82,0.008060,109116,333.6,-20.14,-0.023455,89362,312.2,62.88,0.078806
12.12,0.0001756,0.052715,88190,89533,91688,89740,307.0,12.1,0.000000,645.1,7809431,2816.0,65895,290.8,-0.89,-0.000604,67076,290.2,-13.52,-0.011131,91316,314.7,-41.59,-0.052849,552.1,0.038334,329.9,91861,362.6,101974,329.1,43.23,0.040315,92315,317.3,64.21,0.066468,88716,312.9,72.98,0.090602,192.1,0.000000,154.3,247899,1340.3,107035,333.9,-0.61,-0.000585,108546,332.5,-13.52,-0.015699,91756,314.9,-47.27,-0.060314,372.1,0.009167,574.0,90432,873.1,91839,573.1,19.03,0.009183,109098,333.6,-19.20,-0.022363,89287,312.2,63.13,0.079062
13.11,0.0001900,0.052775,88264,89580,91584,89738,306.9,13.1,0.000000,344.0,7673082,2827.6,65644,290.5,-0.85,-0.000576,66857,290.0,-13.03,-0.010702,91205,314.6,-40.16,-0.050981,553.1,0.036871,330.4,92486,363.1,102576,329.7,41.39,0.038761,92950,317.9,62.61,0.065131,88744,312.9,72.06,0.089479,193.1,-0.000000,986.4,243664,1334.6,106757,333.6,-0.57,-0.000551,108150,332.2,-13.10,-0.015173,91645,314.9,-47.63,-0.060698,373.1,0.010302,567.4,89864,862.2,91436,566.2,21.16,0.010286,108853,333.4,-17.27,-0.020080,89202,312.1,63.35,0.079263
14.11,0.0002045,0.052831,88322,89620,91468,89736,306.8,14.1,0.000000,496.2,7517040,2834.4,65407,290.2,-0.80,-0.000546,66653,289.7,-12.54,-0.010275,91084,314.5,-38.65,-0.049017,554.1,0.035449,330.9,93112,363.7,103170,330.3,39.66,0.037290,93566,318.5,60.93,0.063692,88769,312.9,71.00,0.088186,194.1,-0.000000,100.0,239467,1329.0,106488,333.4,-0.55,-0.000530,107743,331.8,-12.68,-0.014646,91528,314.9,-47.96,-0.061034,374.1,0.011436,560.1,89277,850.7,90988,558.8,23.21,0.011376,107993,332.6,-14.30,-0.016535,89109,312.1,63.51,0.079400
15.10,0.0002189,0.052885,88379,89652,91345,89734,306.7,15.1,0.000000,649.0,7344382,2836.8,65183,289.9,-0.76,-0.000516,66470,289.5,-12.02,-0.009830,90956,314.3,-37.08,-0.046976,555.1,0.034073,331.4,93737,364.3,103767,330.8,38.01,0.035894,94162,319.1,59.19,0.062152,88788,312.9,69.82,0.086747,195.1,-0.000000,700.7,235309,1323.2,106222,333.1,-0.54,-0.000522,107323,331.5,-12.28,-0.014142,91407,314.9,-48.28,-0.061360,375.1,0.012558,552.2,88640,838.7,90498,550.7,25.18,0.012458,106712,331.5,-10.13,-0.011611,89011,312.0,63.62,0.079464
16.10,0.0002334,0.052936,88432,89672,91217,89732,306.6,16.1,0.000000,100.0,7158147,2835.1,64974,289.6,-0.72,-0.000485,66319,289.3,-11.42,-0.009324,90826,314.2,-35.46,-0.044878,556.1,0.017148,334.8,94180,364.7,107800,334.5,29.12,0.028249,94737,319.6,57.38,0.060519,88798,312.9,68.56,0.085198,196.1,-0.000000,515.2,231190,1317.5,105952,332.9,-0.55,-0.000526,106891,331.1,-11.91,-0.013685,91286,314.9,-48.62,-0.061713,376.1,0.013654,543.9,88019,826.4,89980,542.2,27.07,0.013525,105224,330.2,-5.50,-0.006237,88917,312.0,63.65,0.079431
17.10,0.0002478,0.052984,88478,89682,91088,89730,306.5,17.1,0.000000,837.6,6961263,2829.7,64778,289.4,-0.67,-0.000455,66221,289.2,-10.66,-0.008694,90697,314.1,-33.80,-0.042740,557.1,0.025437,335.2,94738,365.3,108285,334.9,27.72,0.026972,95295,320.1,55.52,0.058810,88796,312.8,67.26,0.083596,197.1,-0.000000,100.0,227111,1311.7,105674,332.6,-0.56,-0.000539,106444,330.7,-11.61,-0.013298,91165,314.9,-49.01,-0.062122,377.1,0.014684,535.1,87411,814.0,89467,533.3,28.82,0.014556,103752,328.9,-1.00,-0.001128,88823,312.0,63.61,0.079305
18.09,0.0002622,0.053030,88506,89688,90959,89728,306.3,18.1,0.000000,322.2,6756489,2821.2,64595,289.2,-0.63,-0.000425,66175,289.1,-9.73,-0.007933,90569,314.0,-32.13,-0.040580,558.1,0.024457,335.6,95301,365.8,108754,335.4,26.51,0.025875,95839,320.6,53.63,0.057040,88775,312.8,65.98,0.082007,198.1,-0.000000,738.8,223072,1306.0,105386,332.4,-0.58,-0.000557,105983,330.3,-11.39,-0.013005,91048,314.9,-49.46,-0.062613,378.1,0.015687,526.0,86811,801.5,88967,524.2,30.48,0.015575,102431,327.7,3.12,0.003468,88731,311.9,63.49,0.079081
19.09,0.0002767,0.053076,88508,89708,90835,89726,306.2,19.1,0.000000,104.4,6546363,2809.8,64424,288.9,-0.59,-0.000397,66153,289.1,-8.68,-0.007072,90446,313.8,-30.44,-0.038409,559.1,0.023430,336.0,95869,366.4,109203,335.7,25.42,0.024888,96375,321.1,51.72,0.055227,88741,312.7,64.74,0.080455,199.1,-0.000000,359.8,219075,1300.2,105090,332.1,-0.60,-0.000574,105507,329.9,-11.26,-0.012819,90939,314.9,-50.00,-0.063216,379.1,0.016708,516.7,86212,789.0,88480,514.8,32.13,0.016622,101265,326.6,6.72,0.007426,88638,311.9,63.23,0.078690
20.09,0.0002911,0.053121,88483,89740,90717,89724,306.1,20.1,0.000000,100.0,6333175,2795.9,64266,288.7,-0.55,-0.000370,66171,289.2,-7.48,-0.006099,90329,313.7,-28.74,-0.036234,560.1,0.020724,340.6,96422,366.9,110099,336.5,23.37,0.023010,96912,321.6,49.79,0.053381,88696,312.6,63.56,0.078968,200.1,-0.000000,226.1,215120,1294.3,104787,331.8,-0.62,-0.000587,105021,329.4,-11.22,-0.012729,90836,314.9,-50.62,-0.063934,380.1,0.017782,507.3,85615,776.4,88008,505.3,33.82,0.017731,100249,325.6,9.85,0.010799,88552,311.8,62.87,0.078167
21.09,0.0003056,0.053166,88443,89765,90606,89723,306.0,21.1,0.000000,6070.9,6118948,2780.1,64119,288.6,-0.51,-0.000344,66255,289.3,-6.12,-0.004992,90219,313.6,-27.04,-0.034057,561.1,0.021451,336.9,97000,367.5,110517,336.9,22.50,0.022216,97456,322.1,47.86,0.051522,88644,312.5,62.45,0.077568,201.1,0.000000,300.4,211206,1288.5,104486,331.6,-0.62,-0.000588,104532,329.0,-11.26,-0.012730,90739,314.9,-51.33,-0.064763,381.1,0.018932,497.6,85025,763.8,87556,495.6,35.59,0.018929,99361,324.8,12.55,0.013667,88477,311.8,62.41,0.077547
22.08,0.0003201,0.053212,88403,89783,90503,89722,305.9,22.1,0.000000,100.0,5905431,2762.6,63982,288.4,-0.48,-0.000320,66394,289.4,-4.54,-0.003710,90117,313.5,-25.33,-0.031883,562.1,0.020435,337.4,97585,368.0,110950,337.3,21.71,0.021499,98005,322.6,45.97,0.049687,88585,312.4,61.43,0.076273,202.1,0.000000,2608.1,207336,1282.6,104189,331.3,-0.61,-0.000581,104035,328.6,-11.41,-0.012859,90649,314.9,-52.13,-0.065699,382.1,0.020174,487.9,84449,751.1,87130,485.8,37.47,0.020230,98583,324.1,14.88,0.016117,88418,311.8,61.88,0.076844
23.08,0.0003345,0.053260,88368,89805,90408,89721,305.8,23.1,0.000000,742.9,5694108,2743.7,63854,288.2,-0.45,-0.000298,66585,289.7,-2.80,-0.002295,90022,313.5,-23.63,-0.029710,563.1,0.017977,341.4,98157,368.6,111807,338.0,20.05,0.019967,98551,323.2,44.15,0.047915,88525,312.3,60.50,0.075090,203.1,0.000000,245.8,203509,1276.8,103904,331.0,-0.60,-0.000563,103528,328.1,-11.68,-0.013111,90570,314.9,-53.01,-0.066755,383.1,0.021523,478.1,83889,738.3,86732,476.0,39.46,0.021644,97895,323.4,16.92,0.018234,88369,311.8,61.28,0.076060
24.08,0.0003490,0.053307,88339,89827,90324,89721,305.7,24.1,0.000000,436.6,5486208,2723.8,63734,288.1,-0.42,-0.000280,66810,290.0,-0.96,-0.000790,89936,313.4,-21.91,-0.027532,564.1,0.018472,338.5,98754,369.2,112220,338.4,19.36,0.019328,99094,323.7,42.42,0.046222,88462,312.2,59.68,0.074038,204.1,-0.000000,143.3,199749,1270.9,103634,330.8,-0.57,-0.000535,103012,327.6,-12.04,-0.013476,90500,314.9,-53.99,-0.067932,384.1,0.022967,468.3,83368,725.5,86371,466.1,41.52,0.023159,97280,322.8,18.73,0.020096,88341,311.8,60.59,0.075170
25.08,0.0003635,0.053355,88322,89845,90253,89721,305.7,25.1,0.000000,100.0,5276591,2700.0,63619,287.9,-0.40,-0.000266,67048,290.3,0.90,0.000744,89859,313.3,-20.18,-0.025340,565.1,0.015993,339.0,99339,369.7,112981,339.0,17.83,0.017887,99651,324.2,40.74,0.044568,88394,312.1,58.98,0.073140,205.1,-0.000000,370.0,196081,1265.1,103384,330.6,-0.53,-0.000499,102488,327.2,-12.51,-0.013940,90443,315.0,-55.06,-0.069231,385.1,0.024493,458.5,82889,712.8,86052,456.3,43.62,0.024760,96723,322.3,20.38,0.021781,88341,311.8,59.77,0.074143
26.08,0.0003779,0.053403,88320,89857,90198,89722,305.6,26.1,0.000000,270.9,5072911,2675.8,63508,287.8,-0.39,-0.000258,67281,290.5,2.72,0.002243,89794,313.2,-18.42,-0.023119,566.1,0.015008,342.4,99931,370.3,113653,339.6,16.36,0.016483,100263,324.7,39.01,0.042856,88324,312.0,58.43,0.072413,206.1,-0.000000,493.8,192501,1259.3,103154,330.4,-0.49,-0.000462,101958,326.7,-13.05,-0.014489,90399,315.0,-56.22,-0.070646,386.1,0.026091,448.9,82452,700.1,85775,446.7,45.72,0.026429,96213,321.8,21.93,0.023353,88373,311.9,58.80,0.072949
27.08,0.0003924,0.053450,88338,89865,90161,89723,305.6,27.1,0.000000,230.8,4876694,2652.0,63397,287.6,-0.38,-0.000254,67490,290.8,4.41,0.003647,89741,313.2,-16.62,-0.020850,567.1,0.015203,339.9,100545,370.9,113914,339.8,15.64,0.015778,100977,325.4,37.08,0.040952,88254,312.0,58.04,0.071889,207.1,-0.000000,100.0,189008,1253.6,102938,330.2,-0.46,-0.000432,101421,326.2,-13.66,-0.015109,90367,315.1,-57.46,-0.072162,387.1,0.027749,439.5,82056,687.6,85538,437.2,47.79,0.028151,95741,321.4,23.44,0.024865,88438,312.0,57.66,0.071568
28.08,0.0004069,0.053495,88390,89877,90145,89725,305.6,28.1,0.000000,5438.4,4687962,2628.6,63287,287.5,-0.38,-0.000252,67663,291.0,5.93,0.004911,89705,313.2,-14.76,-0.018515,568.1,0.013010,340.2,101150,371.5,114433,340.3,14.21,0.014389,101841,326.2,34.86,0.038736,88183,311.9,57.86,0.071625,208.1,0.000000,460.5,185598,1248.0,102727,330.0,-0.45,-0.000419,100875,325.7,-14.33,-0.015790,90343,315.1,-58.72,-0.073719,388.1,0.029449,430.3,81698,675.1,85333,427.9,49.81,0.029902,95298,320.9,24.92,0.026358,88535,312.1,56.37,0.070007
29.07,0.0004214,0.053537,88489,89895,90148,89727,305.6,29.1,0.000000,121.5,4506690,2605.4,63185,287.3,-0.36,-0.000237,67795,291.2,7.25,0.006015,89685,313.2,-12.84,-0.016103,569.1,0.012044,342.9,101764,372.1,114868,340.6,12.86,0.013058,102864,327.1,32.32,0.036170,88118,311.9,57.86,0.071587,209.1,0.000000,100.0,182269,1242.4,102512,329.8,-0.45,-0.000422,100318,325.2,-15.05,-0.016526,90327,315.1,-59.97,-0.075266,389.1,0.031171,421.4,81375,662.7,85154,418.9,51.74,0.031661,94880,320.5,26.42,0.027853,88657,312.3,54.94,0.068290
30.07,0.0004359,0.053574,88602,89916,90160,89729,305.6,30.1,0.000000,142.5,4332806,2582.7,63108,287.2,-0.28,-0.000188,67887,291.3,8.38,0.006958,89681,313.2,-10.86,-0.013617,570.1,0.011953,340.7,102396,372.7,114978,340.7,12.14,0.012336,104002,328.1,29.58,0.033361,88061,311.8,58.04,0.071762,210.1,0.000000,243.4,179021,1236.8,102286,329.6,-0.47,-0.000439,99745,324.6,-15.83,-0.017306,90320,315.2,-61.20,-0.076779,390.1,0.032893,412.8,81081,650.6,84993,410.3,53.57,0.033403,94482,320.1,27.94,0.029363,88795,312.5,53.40,0.066445
31.07,0.0004503,0.053607,88707,89940,90172,89732,305.6,31.1,0.000000,417.4,4166175,2560.3,63078,287.2,-0.15,-0.000097,67941,291.4,9.34,0.007759,89686,313.2,-8.83,-0.011078,571.1,0.010085,340.9,103024,373.3,115284,341.0,10.88,0.011069,105170,329.2,26.86,0.030534,88004,311.8,58.38,0.072138,211.1,0.000000,780.9,175849,1231.3,102043,329.3,-0.51,-0.000471,99156,324.1,-16.65,-0.018124,90314,315.2,-62.37,-0.078234,391.1,0.034592,404.7,80810,638.7,84840,402.1,55.27,0.035105,94104,319.8,29.47,0.030890,88935,312.6,51.78,0.064502
32.07,0.0004648,0.053635,88817,89969,90181,89734,305.6,32.1,0.000000,561.0,4006626,2538.3,63087,287.2,-0.02,-0.000010,67974,291.4,10.15,0.008435,89695,313.2,-6.79,-0.008510,572.1,0.009192,342.9,103662,373.9,115530,341.2,9.66,0.009844,106284,330.2,24.38,0.027925,87939,311.8,58.88,0.072701,212.1,0.000000,387.4,172752,1225.8,101773,329.1,-0.56,-0.000519,98549,323.5,-17.50,-0.018972,90302,315.3,-63.47,-0.079603,392.1,0.036250,396.9,80555,627.0,84689,394.3,56.83,0.036750,93742,319.4,31.03,0.032436,89068,312.8,50.12,0.062499
33.07,0.0004793,0.053659,88939,90000,90182,89737,305.6,33.1,0.000000,194.2,3853969,2516.8,63135,287.3,0.13,0.000083,67984,291.4,10.78,0.008954,89701,313.2,-4.73,-0.005933,573.1,0.008953,341.2,104318,374.6,115532,341.2,8.95,0.009125,107297,331.1,22.27,0.025682,87861,311.8,59.53,0.073447,213.1,-0.000000,100.0,169727,1220.4,101469,328.8,-0.63,-0.000583,97924,322.9,-18.39,-0.019845,90281,315.3,-64.50,-0.080861,393.1,0.037840,389.6,80310,615.6,84538,386.9,58.25,0.038317,93398,319.1,32.61,0.033999,89186,312.9,48.46,0.060476
34.07,0.0004938,0.053679,89069,90017,90172,89740,305.6,34.1,0.000000,1202.0,3708030,2495.5,63245,287.4,0.32,0.000210,67949,291.4,11.23,0.009327,89702,313.2,-2.68,-0.003365,574.1,0.007404,341.3,104975,375.2,115675,341.3,7.90,0.008061,108206,331.8,20.55,0.023842,87764,311.8,60.34,0.074368,214.1,-0.000000,100.0,166773,1215.0,101123,328.5,-0.71,-0.000662,97284,322.3,-19.31,-0.020735,90250,315.3,-65.42,-0.081999,394.1,0.039336,382.8,80068,604.4,84386,380.0,59.52,0.039789,93072,318.7,34.22,0.035585,89284,313.0,46.81,0.058463
35.07,0.0005083,0.053693,89203,90013,90147,89742,305.6,35.1,0.000000,1221.3,3568593,2474.7,63432,287.7,0.57,0.000378,67876,291.3,11.56,0.009592,89693,313.2,-0.66,-0.000825,575.1,0.006612,341.4,105644,375.9,115787,341.4,6.94,0.007082,109034,332.6,19.17,0.022361,87648,311.8,61.29,0.075444,215.1,0.000000,213.8,163888,1209.7,100729,328.1,-0.81,-0.000752,96634,321.7,-20.25,-0.021638,90207,315.3,-66.25,-0.083008,395.1,0.040760,376.4,79824,593.7,84228,373.6,60.67,0.041177,92763,318.4,35.86,0.037201,89361,313.1,45.18,0.056474
36.07,0.0005227,0.053702,89341,89995,90123,89744,305.5,36.1,0.000000,135.4,3435424,2454.3,63720,288.0,0.89,0.000591,67789,291.2,11.77,0.009755,89542,313.0,1.07,0.001335,576.1,0.005867,342.5,106325,376.5,115879,341.4,6.06,0.006187,109817,333.2,18.05,0.021164,87525,311.7,62.38,0.076690,216.1,0.000000,100.0,161070,1204.4,100286,327.7,-0.92,-0.000848,95978,321.1,-21.20,-0.022551,90158,315.2,-66.96,-0.083858,396.1,0.042117,370.4,79576,583.2,84060,367.6,61.72,0.042493,92474,318.1,37.54,0.038856,89426,313.1,43.62,0.054546
37.07,0.0005372,0.053706,89484,89969,90065,89746,305.5,37.1,0.000000,100.0,3308286,2434.3,64125,288.6,1.27,0.000847,67695,291.0,11.90,0.009860,89424,312.9,2.90,0.003633,577.1,0.005163,342.5,107019,377.2,115949,341.5,5.27,0.005390,110582,333.9,17.12,0.020171,87381,311.6,63.54,0.078009,217.1,0.000000,100.0,158317,1199.2,99793,327.2,-1.03,-0.000947,95323,320.5,-22.18,-0.023470,90088,315.1,-67.56,-0.084563,397.1,0.043414,364.9,79322,573.2,83881,362.0,62.72,0.043752,92206,317.9,39.26,0.040561,89473,313.1,42.05,0.052609
38.07,0.0005517,0.053705,89630,89936,89988,89748,305.4,38.1,0.000000,307.6,3186937,2414.6,64657,289.2,1.68,0.001129,67600,290.9,12.01,0.009935,89324,312.8,4.80,0.005999,578.1,0.004505,342.4,107727,377.9,116003,341.5,4.59,0.004689,111348,334.6,16.31,0.019319,87221,311.6,64.75,0.079371,218.1,-0.000000,131.7,155627,1194.0,99252,326.7,-1.14,-0.001043,94675,319.9,-23.16,-0.024391,89999,315.0,-68.04,-0.085112,398.1,0.044664,359.7,79064,563.5,83693,356.9,63.69,0.044968,91963,317.6,41.05,0.042326,89507,313.1,40.45,0.050630
39.21,0.0005682,0.053697,89800,89889,89872,89749,305.3,39.2,0.000000,203.7,3055035,2392.7,65413,290.2,2.12,0.001442,67498,290.8,12.09,0.009997,89213,312.7,6.98,0.008716,579.2,0.003927,341.6,108557,378.7,116035,341.6,3.95,0.004037,112228,335.3,15.50,0.018461,87018,311.4,66.15,0.080932,219.2,-0.000000,503.2,152627,1188.1,98578,326.1,-1.26,-0.001148,93949,319.2,-24.29,-0.025441,89873,314.9,-68.45,-0.085541,399.2,0.045965,354.3,78763,552.8,83473,351.5,64.80,0.046328,91718,317.4,43.16,0.044418,89537,313.1,38.52,0.048236
40.21,0.0005827,0.053684,89966,89836,89747,89749,305.2,40.2,0.000000,100.0,2945283,2373.8,66174,291.2,2.43,0.001665,67414,290.7,12.17,0.010050,89109,312.5,8.85,0.011046,580.2,0.003236,341.6,109299,379.4,116084,341.6,3.42,0.003495,112996,336.0,14.86,0.017788,86821,311.3,67.36,0.082261,220.2,-0.000000,490.2,150066,1183.1,97944,325.5,-1.36,-0.001233,93333,318.6,-25.27,-0.026345,89742,314.7,-68.68,-0.085751,400.2,0.047245,350.0,78498,543.9,83278,347.1,65.78,0.047507,91536,317.2,45.06,0.046310,89563,313.1,36.67,0.045930
41.20,0.0005972,0.053665,90169,89769,89606,89749,305.0,41.2,0.000000,100.0,2840572,2355.4,66988,292.2,2.62,0.001806,67336,290.6,12.26,0.010115,88992,312.4,10.66,0.013300,581.2,0.002511,341.7,110055,380.1,116189,341.7,2.83,0.002894,113746,336.6,14.29,0.017180,86610,311.2,68.54,0.083534,221.2,-0.000000,115.1,147562,1178.0,97272,324.9,-1.46,-0.001311,92737,318.0,-26.24,-0.027224,89596,314.5,-68.81,-0.085819,401.2,0.048432,346.0,78233,535.3,83086,343.2,66.80,0.048687,91384,317.0,47.00,0.048245,89599,313.1,34.57,0.043324
42.20,0.0006116,0.053638,90395,89693,89456,89748,304.9,42.2,0.000000,197.0,2740677,2337.3,67807,293.2,2.65,0.001846,67267,290.5,12.37,0.010197,88862,312.2,12.41,0.015471,582.2,0.002106,342.2,110832,380.9,116280,341.8,2.34,0.002397,114464,337.2,13.77,0.016634,86390,311.0,69.67,0.084745,222.2,-0.000000,100.0,145114,1173.0,96566,324.2,-1.54,-0.001384,92167,317.5,-27.16,-0.028061,89441,314.3,-68.83,-0.085763,402.2,0.049621,342.4,77972,527.1,82898,339.5,67.85,0.049876,91260,316.9,48.96,0.050204,89657,313.0,32.15,0.040311
43.20,0.0006261,0.053604,90610,89614,89307,89748,304.7,43.2,0.000000,180.6,2645380,2319.6,68590,294.2,2.55,0.001788,67207,290.4,12.50,0.010301,88725,312.1,14.11,0.017570,583.2,0.001712,341.8,111628,381.6,116364,341.8,1.94,0.001985,115137,337.8,13.31,0.016145,86170,310.8,70.76,0.085897,223.2,-0.000000,100.0,142720,1168.0,95828,323.5,-1.63,-0.001450,91623,316.9,-28.03,-0.028836,89279,314.1,-68.81,-0.085634,403.2,0.050815,339.1,77717,519.2,82719,336.2,68.95,0.051075,91162,316.8,50.90,0.052162,89748,313.1,29.31,0.036787
44.20,0.0006405,0.053563,90819,89541,89164,89748,304.6,44.2,0.000000,100.0,2554462,2302.2,69301,295.0,2.33,0.001649,67164,290.4,12.67,0.010437,88581,311.9,15.77,0.019618,584.2,0.001228,342.2,112444,382.4,116493,341.9,1.55,0.001585,115754,338.3,12.90,0.015701,85957,310.7,71.80,0.086990,224.2,0.000000,171.2,140380,1163.1,95061,322.7,-1.71,-0.001513,91108,316.4,-28.82,-0.029530,89119,313.9,-68.73,-0.085448,404.2,0.052017,336.1,77471,511.6,82549,333.1,70.09,0.052284,91084,316.7,52.82,0.054091,89880,313.1,25.99,0.032666
45.19,0.0006550,0.053514,91028,89476,89030,89748,304.5,45.2,0.000000,100.0,2467710,2285.2,69919,295.8,2.04,0.001452,67146,290.3,12.90,0.010627,88435,311.7,17.41,0.021635,585.2,0.000828,342.2,113281,383.2,116654,342.1,1.19,0.001221,116312,338.8,12.51,0.015287,85753,310.5,72.79,0.088023,225.2,-0.000000,207.1,138090,1158.2,94267,322.0,-1.78,-0.001573,90621,316.0,-29.52,-0.030125,88960,313.7,-68.60,-0.085189,405.2,0.053225,333.3,77236,504.4,82391,330.3,71.26,0.053503,91022,316.7,54.67,0.055965,90052,313.3,22.16,0.027896
46.19,0.0006694,0.053459,91229,89419,88908,89749,304.3,46.2,0.000000,114.4,2384923,2268.6,70433,296.4,1.71,0.001224,67155,290.3,13.20,0.010874,88292,311.5,19.04,0.023638,586.2,0.000604,342.3,114142,384.0,116808,342.2,0.93,0.000957,116803,339.2,12.15,0.014892,85564,310.4,73.73,0.088997,226.2,-0.000000,214.7,135850,1153.3,93446,321.2,-1.86,-0.001630,90159,315.5,-30.10,-0.030608,88805,313.5,-68.39,-0.084836,406.2,0.054437,330.8,77013,497.4,82245,327.8,72.46,0.054730,90971,316.6,56.45,0.057758,90252,313.4,17.82,0.022468
47.19,0.0006839,0.053398,91410,89374,88800,89751,304.2,47.2,0.000000,167.5,2305908,2252.3,70840,296.9,1.37,0.000987,67187,290.4,13.51,0.011133,88157,311.3,20.67,0.025634,587.2,0.000247,342.4,115026,384.8,117016,342.4,0.70,0.000715,117230,339.5,11.80,0.014494,85392,310.3,74.61,0.089913,227.2,0.000000,809.7,133659,1148.5,92600,320.3,-1.94,-0.001684,89720,315.1,-30.56,-0.030967,88661,313.3,-68.11,-0.084396,407.2,0.055654,328.6,76805,490.8,82116,325.5,73.70,0.055966,90924,316.6,58.12,0.059450,90468,313.6,12.99,0.016409
48.18,0.0006983,0.053332,91566,89342,88709,89754,304.2,48.2,0.000000,1145.6,2230475,2236.3,71146,297.3,1.05,0.000757,67261,290.5,13.82,0.011397,88033,311.1,22.30,0.027629,588.2,0.000158,342.6,115937,385.6,117221,342.6,0.57,0.000591,117595,339.8,11.43,0.014071,85242,310.2,75.43,0.090768,228.2,0.000000,392.3,131515,1143.8,91732,319.5,-2.01,-0.001735,89300,314.7,-30.89,-0.031195,88529,313.1,-67.74,-0.083863,408.2,0.056878,326.5,76613,484.5,82004,323.5,74.97,0.057216,90878,316.5,59.69,0.061024,90694,313.8,7.69,0.009734
49.18,0.0007128,0.053261,91697,89328,88707,89760,304.2,49.2,0.000000,100.0,2158446,2220.6,71359,297.5,0.75,0.000543,67371,290.6,14.16,0.011687,87937,311.0,23.99,0.029706,589.2,0.000123,342.7,116877,386.5,117438,342.7,0.53,0.000551,117903,340.1,11.03,0.013606,85132,310.1,76.25,0.091649,229.2,-0.000000,100.0,129419,1139.0,90843,318.6,-2.07,-0.001781,88894,314.3,-31.09,-0.031289,88425,313.0,-67.25,-0.083186,409.2,0.058114,324.7,76437,478.4,81914,321.6,76.29,0.058486,90828,316.5,61.12,0.062470,90665,313.8,1.25,0.001577
50.18,0.0007272,0.053187,91800,89342,88681,89769,304.1,50.2,0.000000,100.0,2089650,2205.3,71488,297.7,0.49,0.000351,67520,290.8,14.50,0.011989,87850,310.9,25.68,0.031778,590.2,-0.000001,387.5,117846,387.4,117714,343.0,0.49,0.000501,118155,340.3,10.59,0.013090,85046,310.2,77.03,0.092472,230.2,-0.000000,1060.9,127367,1134.3,89938,317.7,-2.14,-0.001821,88498,313.9,-31.15,-0.031253,88353,312.9,-66.59,-0.082343,410.2,0.059371,323.1,76281,472.7,81847,320.0,77.64,0.059783,90770,316.4,62.44,0.063783,90476,313.6,-6.03,-0.007623
51.17,0.0007416,0.053111,91873,89386,88677,89780,304.1,51.2,0.000000,333.1,2023923,2190.3,71547,297.7,0.26,0.000187,67713,291.0,14.81,0.012272,87754,310.8,27.31,0.033769,591.2,-0.000705,387.8,118834,388.2,118212,343.4,0.22,0.000232,118351,340.4,10.12,0.012520,84968,310.3,77.68,0.093136,231.2,0.000000,208.8,125360,1129.7,89020,316.7,-2.19,-0.001854,88107,313.5,-31.09,-0.031095,88297,312.8,-65.79,-0.081319,411.2,0.060657,321.7,76145,467.2,81808,318.5,79.05,0.061117,90700,316.4,63.63,0.064961,90481,313.6,-13.45,-0.016993
52.17,0.0007561,0.053033,91913,89441,88717,89794,304.2,52.2,0.000000,1007.3,1961120,2175.6,71550,297.7,0.07,0.000051,67958,291.3,15.03,0.012485,87637,310.7,28.93,0.035727,592.2,-0.000643,388.1,119856,389.2,118646,343.8,0.13,0.000134,118492,340.6,9.61,0.011894,84904,310.5,78.21,0.093644,232.2,-0.000000,218.5,123395,1125.0,88094,315.8,-2.24,-0.001878,87713,313.1,-30.91,-0.030812,88270,312.7,-64.80,-0.080096,412.2,0.061937,320.5,76031,461.9,81813,317.3,80.47,0.062463,90616,316.3,64.70,0.066007,90610,313.8,-21.29,-0.026919
53.17,0.0007705,0.052956,91924,89500,88793,89811,304.2,53.2,0.000000,358.9,1901092,2161.1,71509,297.7,-0.08,-0.000056,68259,291.7,15.18,0.012652,87527,310.7,30.56,0.037685,593.2,-0.000516,388.4,120912,390.1,119042,344.2,0.16,0.000169,118583,340.6,9.04,0.011200,84891,310.8,78.63,0.094035,233.2,-0.000000,315.4,121473,1120.5,87165,314.8,-2.27,-0.001892,87321,312.7,-30.64,-0.030441,88278,312.6,-63.63,-0.078674,413.2,0.063155,319.5,75935,456.9,81880,316.2,81.83,0.063783,90514,316.2,65.65,0.066926,90722,314.0,-29.21,-0.036960
54.16,0.0007849,0.052880,91907,89569,88895,89831,304.3,54.2,0.000000,255.0,1843700,2147.0,71433,297.6,-0.19,-0.000139,68627,292.1,15.23,0.012745,87451,310.8,32.19,0.039659,594.2,-0.000366,388.7,122004,391.1,119440,344.5,0.30,0.000313,118625,340.7,8.41,0.010426,84909,311.2,78.92,0.094276,234.2,-0.000000,100.0,119590,1115.9,86239,313.9,-2.29,-0.001894,86924,312.3,-30.28,-0.029988,88326,312.6,-62.32,-0.077097,414.2,0.064396,318.7,75860,452.2,81996,315.4,83.18,0.065107,90393,316.1,66.50,0.067727,90784,314.1,-36.88,-0.046682
55.16,0.0007994,0.052806,91864,89643,89015,89853,304.5,55.2,0.000000,215.0,1788815,2133.2,71344,297.5,-0.25,-0.000180,69071,292.7,15.10,0.012690,87423,311.0,33.84,0.041656,595.2,-0.000215,389.0,123133,392.0,119859,344.9,0.48,0.000505,118628,340.7,7.73,0.009580,84950,311.6,79.06,0.094357,235.2,0.000000,175.0,117746,1111.4,85323,312.9,-2.30,-0.001885,86516,311.9,-29.85,-0.029461,88418,312.7,-60.91,-0.075414,415.2,0.065666,318.1,75808,447.7,82151,314.6,84.53,0.066443,90252,316.0,67.26,0.068424,90765,314.1,-44.02,-0.055700
56.15,0.0008138,0.052735,91797,89716,89145,89878,304.6,56.2,0.000000,100.0,1736340,2119.6,71257,297.4,-0.26,-0.000188,69581,293.3,14.64,0.012369,87455,311.2,35.53,0.043715,596.2,-0.000079,389.4,124299,393.1,120296,345.3,0.66,0.000692,118589,340.6,7.00,0.008675,85020,312.1,79.15,0.094409,236.2,0.000000,138.9,115941,1106.9,84425,312.0,-2.28,-0.001858,86098,311.5,-29.36,-0.028874,88538,312.8,-59.41,-0.073643,416.2,0.066956,317.6,75779,443.4,82335,314.0,85.87,0.067779,90091,315.8,67.95,0.069030,90595,314.0,-50.33,-0.063587
57.15,0.0008282,0.052667,91712,89785,89266,89903,304.7,57.1,0.000000,250.9,1686155,2106.4,71176,297.3,-0.25,-0.000182,70160,294.0,13.96,0.011869,87551,311.5,37.26,0.045854,597.1,0.000037,346.7,125504,394.1,120743,345.6,0.80,0.000844,118514,340.6,6.22,0.007701,85130,312.5,79.28,0.094566,237.1,0.000000,669.0,114174,1102.5,83552,311.1,-2.25,-0.001817,85667,311.1,-28.82,-0.028243,88664,312.8,-57.87,-0.071809,417.1,0.068246,317.2,75772,439.3,82540,313.6,87.19,0.069098,89911,315.6,68.57,0.069561,90345,313.8,-55.40,-0.069844
58.14,0.0008426,0.052604,91613,89848,89354,89928,304.8,58.1,0.000000,197.7,1638145,2093.4,71103,297.2,-0.23,-0.000165,70782,294.7,13.19,0.011282,87671,311.8,38.97,0.047971,598.1,0.000133,347.0,126747,395.1,121187,346.0,0.90,0.000944,118405,340.5,5.40,0.006680,85276,312.9,79.40,0.094757,238.1,0.000000,203.1,112444,1098.1,82712,310.2,-2.19,-0.001762,85220,310.6,-28.25,-0.027582,88780,312.9,-56.32,-0.069964,418.1,0.069513,316.9,75788,435.5,82759,313.2,88.46,0.070373,89714,315.5,69.14,0.070030,90087,313.5,-59.15,-0.074412
59.13,0.0008570,0.052545,91502,89909,89401,89953,304.8,59.1,0.000000,595.4,1592199,2080.7,71048,297.1,-0.18,-0.000131,71409,295.4,12.40,0.010673,87782,312.1,40.57,0.049967,599.1,0.000194,347.2,128029,396.2,121615,346.3,0.94,0.000989,118270,340.4,4.54,0.005615,85446,313.2,79.39,0.094843,239.1,-0.000000,235.0,110750,1093.7,81912,309.3,-2.12,-0.001690,84759,310.1,-27.66,-0.026896,88865,313.0,-54.82,-0.068157,419.1,0.070729,316.7,75824,431.8,82985,312.9,89.65,0.071583,89501,315.3,69.68,0.070447,89842,313.3,-61.69,-0.077453
60.12,0.0008714,0.052491,91383,89966,89418,89977,304.8,60.1,0.000000,225.8,1548208,2068.2,71022,297.1,-0.10,-0.000075,72021,296.2,11.71,0.010143,87884,312.3,42.01,0.051760,600.1,0.000225,347.4,129352,397.3,122019,346.7,0.93,0.000989,118119,340.2,3.65,0.004508,85658,313.5,79.17,0.094730,240.1,-0.000000,312.7,109091,1089.3,81158,308.5,-2.02,-0.001604,84284,309.7,-27.04,-0.026190,88914,313.0,-53.39,-0.066406,420.1,0.071873,316.6,75878,428.4,83212,312.6,90.74,0.072707,89273,315.0,70.18,0.070821,89609,313.1,-63.14,-0.079130
61.12,0.0008857,0.052442,91259,90009,89418,89999,304.8,61.1,0.000000,100.0,1506068,2056.0,71025,297.1,-0.02,-0.000013,72592,296.8,11.22,0.009769,87949,312.4,43.27,0.053334,601.1,0.000033,187.8,130712,398.4,122467,347.0,0.84,0.000897,117962,340.1,2.72,0.003360,85914,313.7,78.53,0.094160,241.1,-0.000000,104.9,107467,1085.0,80455,307.7,-1.91,-0.001505,83794,309.2,-26.40,-0.025464,88931,313.0,-52.00,-0.064697,421.1,0.072925,316.5,75947,425.1,83437,312.5,91.72,0.073728,89031,314.8,70.65,0.071155,89394,312.9,-63.58,-0.079540
62.11,0.0009001,0.052399,91133,90048,89402,90020,304.8,62.1,0.000000,478.3,1465684,2044.1,71056,297.2,0.07,0.000050,73108,297.4,10.94,0.009576,87985,312.5,44.41,0.054752,602.1,0.000000,100.0,132119,412.3,122846,347.3,0.70,0.000750,117808,340.0,1.76,0.002166,86203,313.9,77.35,0.092995,242.1,-0.000000,646.9,106369,1081.9,79809,307.0,-1.78,-0.001395,83293,308.6,-25.74,-0.024718,88934,313.0,-50.64,-0.063011,422.1,0.073873,316.5,76028,422.0,83655,312.4,92.57,0.074636,88774,314.6,71.09,0.071452,89146,312.7,-62.97,-0.078620
63.10,0.0009145,0.052360,91009,90096,89368,90040,304.8,63.1,0.000000,100.0,1426963,2032.3,71128,297.2,0.19,0.000135,73580,298.0,10.87,0.009558,87999,312.5,45.42,0.056002,603.1,0.000000,357.1,133571,413.5,123122,347.6,0.53,0.000566,117666,339.9,0.75,0.000926,86524,314.1,75.66,0.091260,243.1,0.000000,543.4,105627,1079.6,79220,306.4,-1.64,-0.001279,82781,308.1,-25.05,-0.023950,88930,312.9,-49.35,-0.061402,423.1,0.074706,316.5,76118,419.0,83861,312.3,93.29,0.075423,88504,314.3,71.51,0.071713,88869,312.4,-61.53,-0.076641
64.09,0.0009288,0.052327,90888,90140,89314,90057,304.7,64.1,0.000000,898.0,1389823,2020.9,71247,297.4,0.33,0.000235,74023,298.5,10.91,0.009634,87993,312.4,46.30,0.057090,604.1,0.000000,260.7,135069,414.8,123294,347.7,0.35,0.000372,117538,339.8,-0.29,-0.000354,86868,314.2,73.49,0.088969,244.1,0.000000,384.2,104989,1077.5,78691,305.8,-1.50,-0.001159,82263,307.6,-24.33,-0.023156,88919,312.9,-48.15,-0.059907,424.1,0.075422,316.5,76213,416.2,84053,312.2,93.88,0.076086,88219,314.0,71.91,0.071938,88579,312.1,-59.10,-0.073443
65.08,0.0009432,0.052298,90772,90172,89238,90073,304.7,65.1,0.000000,102.0,1354183,2009.6,71417,297.6,0.48,0.000343,74433,299.0,11.11,0.009847,87969,312.3,47.11,0.058099,605.1,0.000000,100.0,136615,416.0,123364,347.7,0.17,0.000181,117422,339.7,-1.34,-0.001652,87214,314.2,70.86,0.086123,245.1,-0.000000,504.9,104405,1075.5,78220,305.2,-1.35,-0.001039,81741,307.0,-23.58,-0.022336,88893,312.9,-47.07,-0.058556,425.1,0.076018,316.6,76311,413.6,84228,312.2,94.34,0.076624,87923,313.8,72.28,0.072129,88321,311.9,-55.91,-0.069326
66.07,0.0009576,0.052273,90665,90199,89143,90087,304.6,66.1,0.000000,100.0,1319970,1998.6,71636,297.8,0.63,0.000453,74809,299.4,11.54,0.010265,87924,312.1,47.84,0.059005,606.1,0.000000,291.3,138211,417.3,123341,347.7,0.00,0.000003,117318,339.6,-2.40,-0.002945,87542,314.2,67.82,0.082748,246.1,-0.000000,185.4,103885,1073.7,77804,304.8,-1.20,-0.000922,81217,306.5,-22.79,-0.021489,88849,312.8,-46.12,-0.057354,426.1,0.076499,316.6,76409,411.1,84384,312.2,94.67,0.077042,87617,313.5,72.62,0.072284,88102,311.6,-52.15,-0.064554
67.21,0.0009740,0.052250,90554,90230,89025,90101,304.5,67.2,0.000000,625.9,1282539,1986.2,71944,298.2,0.79,0.000573,75188,299.8,12.22,0.010911,87841,311.9,48.58,0.059906,607.2,0.000000,100.0,140097,418.9,123220,347.6,-0.16,-0.000174,117210,339.5,-3.57,-0.004383,87883,314.1,63.94,0.078332,247.2,0.000000,100.0,103408,1071.9,77391,304.3,-1.04,-0.000798,80621,305.8,-21.84,-0.020491,88775,312.7,-45.17,-0.056141,427.2,0.076890,316.7,76518,408.3,84538,312.2,94.91,0.077378,87258,313.1,72.97,0.072415,87900,311.4,-47.40,-0.058572
68.20,0.0009883,0.052233,90467,90258,88927,90113,304.4,68.2,0.000000,477.6,1251192,1975.6,72257,298.6,0.92,0.000667,75490,300.1,12.97,0.011613,87745,311.7,49.16,0.060597,608.2,0.000000,427.8,141803,420.2,123028,347.5,-0.30,-0.000323,117125,339.4,-4.55,-0.005585,88152,314.0,60.27,0.074090,248.2,-0.000000,5517.3,102898,1070.1,77078,304.0,-0.92,-0.000701,80103,305.3,-20.99,-0.019597,88700,312.6,-44.42,-0.055181,428.2,0.077168,316.7,76608,406.1,84650,312.1,95.00,0.077558,86940,312.8,73.24,0.072487,87774,311.3,-43.04,-0.053135
69.19,0.0010027,0.052220,90389,90284,88843,90122,304.3,69.2,0.000000,100.0,1221100,1965.3,72604,299.0,1.02,0.000748,75772,300.5,13.81,0.012404,87635,311.4,49.69,0.061221,609.2,0.000000,100.0,143563,421.6,122766,347.3,-0.43,-0.000458,117056,339.4,-5.47,-0.006711,88394,313.9,56.44,0.069599,249.2,-0.000000,100.0,102398,1068.3,76802,303.7,-0.81,-0.000618,79591,304.7,-20.11,-0.018693,88625,312.5,-43.71,-0.054272,429.2,0.077334,316.8,76693,403.9,84744,312.1,94.99,0.077642,86622,312.5,73.46,0.072513,87717,311.3,-38.75,-0.047811
70.17,0.0010170,0.052209,90322,90309,88779,90131,304.2,70.2,0.000000,284.3,1192203,1955.2,72981,299.4,1.11,0.000816,76043,300.8,14.74,0.013267,87521,311.2,50.18,0.061797,610.2,0.000000,100.0,145378,423.1,122442,347.0,-0.55,-0.000579,117010,339.3,-6.32,-0.007761,88615,313.7,52.52,0.064948,250.2,0.000000,249.3,101915,1066.6,76557,303.4,-0.72,-0.000550,79086,304.2,-19.23,-0.017786,88558,312.5,-43.02,-0.053384,430.2,0.077422,316.8,76771,401.9,84819,312.1,94.89,0.077639,86305,312.2,73.64,0.072489,87709,311.3,-34.65,-0.042748
71.16,0.0010313,0.052201,90269,90331,88731,90140,304.2,71.2,0.000000,534.9,1164440,1945.2,73379,299.9,1.18,0.000870,76311,301.1,15.72,0.014189,87411,310.9,50.65,0.062350,611.2,0.000000,354.5,147250,424.5,122061,346.7,-0.65,-0.000690,116987,339.3,-7.14,-0.008762,88816,313.6,48.56,0.060213,251.2,-0.000000,230.3,101427,1064.8,76334,303.1,-0.66,-0.000499,78589,303.7,-18.34,-0.016886,88504,312.4,-42.33,-0.052504,431.2,0.077430,316.7,76841,399.9,84875,312.0,94.74,0.077572,85991,311.9,73.75,0.072409,87715,311.3,-30.70,-0.037883
72.15,0.0010457,0.052195,90230,90352,88701,90147,304.1,72.2,0.000000,569.6,1137754,1935.5,73795,300.4,1.23,0.000912,76583,301.4,16.75,0.015161,87309,310.7,51.12,0.062902,612.2,0.000000,881.1,149182,426.0,121626,346.3,-0.75,-0.000795,116984,339.3,-7.93,-0.009735,89003,313.5,44.61,0.055457,252.2,0.000000,100.0,100928,1063.0,76125,302.9,-0.61,-0.000463,78103,303.1,-17.46,-0.016006,88465,312.4,-41.63,-0.051623,432.2,0.077374,316.6,76902,398.1,84915,312.0,94.55,0.077468,85680,311.6,73.80,0.072266,87741,311.3,-26.94,-0.033251
73.14,0.0010600,0.052190,90209,90403,88694,90155,304.1,73.1,0.000000,4226.4,1112090,1926.0,74224,300.9,1.27,0.000945,76866,301.7,17.83,0.016180,87219,310.5,51.60,0.063471,613.1,0.000000,100.0,151176,427.5,121140,345.9,-0.85,-0.000894,117015,339.3,-8.69,-0.010660,89176,313.4,40.72,0.050733,253.1,-0.000000,100.0,100451,1061.2,75924,302.7,-0.59,-0.000443,77626,302.6,-16.61,-0.015159,88442,312.3,-40.91,-0.050722,433.1,0.077285,316.5,76954,396.3,84941,312.0,94.34,0.077333,85374,311.3,73.79,0.072059,87785,311.3,-23.37,-0.028858
74.12,0.0010743,0.052185,90207,90479,88720,90161,304.2,74.1,0.000000,100.0,1087392,1916.6,74664,301.4,1.30,0.000969,77167,302.0,18.95,0.017247,87146,310.2,52.11,0.064086,614.1,0.000000,212.3,153235,429.1,120608,345.5,-0.94,-0.000983,117085,339.4,-9.38,-0.011513,89345,313.3,36.91,0.046090,254.1,-0.000000,114.4,99974,1059.5,75724,302.4,-0.58,-0.000436,77161,302.1,-15.80,-0.014356,88440,312.3,-40.15,-0.049776,434.1,0.077169,316.4,76997,394.6,84954,311.9,94.12,0.077172,85071,311.0,73.70,0.071783,87850,311.4,-19.99,-0.024690
75.11,0.0010886,0.052180,90218,90535,88783,90167,304.2,75.1,0.000000,525.9,1063610,1907.4,75114,301.9,1.32,0.000990,77493,302.4,20.12,0.018361,87097,310.0,52.67,0.064780,615.1,0.000000,451.2,155362,430.7,120038,345.0,-1.01,-0.001058,117189,339.5,-9.98,-0.012264,89522,313.2,33.21,0.041561,255.1,0.000000,100.0,99258,1057.1,75521,302.2,-0.58,-0.000440,76708,301.6,-15.04,-0.013611,88464,312.4,-39.31,-0.048749,435.1,0.077027,316.2,77033,392.9,84951,311.9,93.87,0.076976,84771,310.7,73.53,0.071438,87942,311.5,-16.75,-0.020705
76.10,0.0011029,0.052175,90239,90590,88864,90172,304.3,76.1,0.000000,100.0,1040697,1898.4,75573,302.4,1.34,0.001010,77847,302.8,21.32,0.019520,87072,309.9,53.29,0.065572,616.1,0.000000,1083.5,157561,432.3,119440,344.5,-1.07,-0.001117,117318,339.6,-10.48,-0.012879,89714,313.2,29.59,0.037111,256.1,0.000000,154.4,98772,1055.3,75311,302.0,-0.60,-0.000452,76268,301.1,-14.35,-0.012937,88519,312.4,-38.40,-0.047637,436.1,0.076842,316.1,77061,391.3,84932,311.8,93.59,0.076740,84479,310.5,73.31,0.071044,88065,311.6,-13.64,-0.016876
77.09,0.0011172,0.052169,90261,90662,88948,90177,304.4,77.1,0.000000,825.3,1018611,1889.6,76043,303.0,1.37,0.001031,78231,303.2,22.53,0.020707,87067,309.7,54.01,0.066483,617.1,0.000000,100.0,159834,434.0,118821,344.0,-1.12,-0.001160,117459,339.7,-10.83,-0.013328,89918,313.2,25.95,0.032629,257.1,0.000000,100.0,98067,1053.0,75094,301.7,-0.62,-0.000466,75841,300.6,-13.75,-0.012343,88604,312.5,-37.44,-0.046480,437.1,0.076607,316.0,77082,389.8,84898,311.8,93.28,0.076469,84196,310.2,73.05,0.070611,88206,311.7,-10.70,-0.013251
78.08,0.0011316,0.052162,90277,90736,89043,90181,304.5,78.1,0.000000,100.0,997316,1880.9,76526,303.5,1.39,0.001056,78643,303.6,23.74,0.021900,87076,309.6,54.77,0.067460,618.1,0.000000,2044.7,162184,435.6,118193,343.5,-1.14,-0.001185,117602,339.8,-11.04,-0.013590,90143,313.2,22.21,0.027989,258.1,-0.000000,1167.3,97574,1051.1,74869,301.5,-0.64,-0.000481,75427,300.2,-13.24,-0.011837,88703,312.6,-36.47,-0.045317,438.1,0.076332,315.9,77095,388.3,84850,311.7,92.94,0.076167,83919,309.9,72.73,0.070135,88346,311.9,-7.93,-0.009830
79.07,0.0011459,0.052155,90281,90805,89154,90185,304.6,79.1,0.000000,100.0,976775,1872.4,77024,304.1,1.42,0.001086,79082,304.1,24.92,0.023078,87100,309.4,55.57,0.068489,619.1,0.000000,100.0,164616,437.4,117562,343.0,-1.16,-0.001193,117733,339.9,-11.08,-0.013661,90404,313.3,18.26,0.023067,259.1,-0.000000,100.0,96856,1048.7,74639,301.2,-0.66,-0.000494,75028,299.7,-12.82,-0.011423,88809,312.7,-35.48,-0.044123,439.1,0.076028,315.8,77100,386.9,84791,311.6,92.57,0.075837,83643,309.7,72.36,0.069602,88480,312.0,-5.27,-0.006549
80.20,0.0011623,0.052148,90267,90871,89300,90190,304.7,80.2,0.000000,120.6,954188,1862.9,77613,304.7,1.47,0.001123,79614,304.7,26.19,0.024371,87148,309.3,56.52,0.069724,620.2,0.000000,183.8,167497,439.4,116852,342.4,-1.15,-0.001181,117854,340.0,-10.95,-0.013511,90761,313.5,13.35,0.016924,260.2,-0.000000,795.4,96199,1046.4,74373,300.9,-0.68,-0.000503,74591,299.2,-12.48,-0.011067,88943,312.9,-34.30,-0.042693,440.2,0.075672,315.6,77098,385.3,84709,311.5,92.13,0.075430,83336,309.4,71.86,0.068936,88637,312.2,-2.32,-0.002885
81.19,0.0011767,0.052142,90246,90901,89461,90194,304.9,81.2,0.000000,393.4,935200,1854.7,78147,305.3,1.50,0.001158,80099,305.2,27.20,0.025425,87211,309.2,57.39,0.070869,621.2,0.000000,326.0,170108,441.2,116248,341.9,-1.13,-0.001155,117943,340.1,-10.70,-0.013208,91126,313.8,8.65,0.010999,261.2,-0.000000,419.8,95494,1044.0,74140,300.6,-0.68,-0.000504,74226,298.8,-12.28,-0.010858,89080,313.0,-33.19,-0.041360,441.2,0.075290,315.5,77089,384.0,84626,311.4,91.73,0.075051,83079,309.1,71.39,0.068320,88710,312.3,0.04,0.000044
82.18,0.0011910,0.052137,90212,90893,89623,90198,305.0,82.2,0.000000,100.0,916904,1846.7,78698,305.9,1.54,0.001194,80598,305.7,28.10,0.026384,87291,309.2,58.29,0.072055,622.2,0.000000,232.2,172805,443.1,115668,341.4,-1.09,-0.001115,118011,340.1,-10.34,-0.012763,91522,314.1,3.54,0.004514,262.2,0.000000,100.8,94767,1041.6,73911,300.4,-0.67,-0.000499,73878,298.4,-12.19,-0.010741,89237,313.2,-32.04,-0.039976,442.2,0.074910,315.3,77073,382.7,84532,311.3,91.30,0.074647,82831,308.9,70.86,0.067669,88764,312.3,2.34,0.002915
83.17,0.0012053,0.052133,90149,90849,89877,90205,305.3,83.2,0.000000,267.6,899269,1838.8,79266,306.6,1.58,0.001229,81108,306.3,28.88,0.027235,87402,309.3,59.27,0.073348,623.2,0.000000,480.7,175592,445.0,115118,340.9,-1.05,-0.001065,118049,340.2,-9.88,-0.012203,91394,314.0,-3.02,-0.003844,263.2,0.000000,1090.0,94048,1039.1,73688,300.1,-0.66,-0.000489,73546,298.1,-12.19,-0.010701,89447,313.4,-30.74,-0.038420,443.2,0.074502,315.2,77051,381.5,84427,311.1,90.85,0.074216,82589,308.7,70.28,0.066970,88877,312.4,4.79,0.005963
84.16,0.0012197,0.052133,90058,90778,90073,90213,305.5,84.2,0.000000,577.4,882262,1831.2,79850,307.2,1.62,0.001264,81625,306.8,29.53,0.027978,87495,309.4,60.18,0.074509,624.2,0.000000,100.0,178473,446.9,114601,340.5,-0.99,-0.001006,118056,340.2,-9.35,-0.011545,91455,314.1,-9.14,-0.011652,264.2,0.000000,532.2,93329,1036.7,73472,299.8,-0.64,-0.000476,73225,297.7,-12.26,-0.010734,89662,313.6,-29.48,-0.036910,444.2,0.074064,315.0,77024,380.3,84309,311.0,90.37,0.073755,82347,308.4,69.64,0.066215,88985,312.4,7.16,0.008928
85.14,0.0012340,0.052136,89947,90693,90268,90222,305.7,85.1,0.000000,174.8,865854,1823.6,80452,307.9,1.65,0.001301,82147,307.4,30.06,0.028614,87579,309.6,61.03,0.075591,625.1,0.000000,241.4,181451,448.9,114122,340.1,-0.93,-0.000937,118031,340.1,-8.75,-0.010806,91553,314.3,-14.86,-0.018951,265.1,-0.000000,5107.2,92589,1034.1,73263,299.6,-0.63,-0.000461,72919,297.3,-12.40,-0.010818,89873,313.8,-28.26,-0.035443,445.1,0.073593,314.8,76990,379.2,84180,310.8,89.86,0.073265,82104,308.2,68.94,0.065401,89097,312.5,9.47,0.011821
86.13,0.0012483,0.052143,89818,90598,90471,90231,305.9,86.1,0.000000,100.0,850015,1816.2,81074,308.6,1.70,0.001342,82673,307.9,30.49,0.029151,87671,309.9,61.87,0.076643,626.1,0.000000,100.0,184532,450.9,113687,339.7,-0.85,-0.000858,117980,340.1,-8.12,-0.010018,91654,314.5,-20.13,-0.025689,266.1,0.000000,249.6,91623,1031.0,73061,299.4,-0.61,-0.000446,72624,297.0,-12.57,-0.010941,90081,314.0,-27.07,-0.034001,446.1,0.073093,314.6,76951,378.1,84040,310.6,89.32,0.072746,81856,308.0,68.17,0.064527,89222,312.6,11.75,0.014683
87.12,0.0012626,0.052155,89675,90491,90693,90241,306.1,87.1,0.000000,100.0,834720,1809.0,81721,309.3,1.75,0.001391,83200,308.5,30.82,0.029599,87778,310.2,62.72,0.077714,627.1,0.000000,100.0,187721,452.9,113301,339.4,-0.76,-0.000766,117892,340.0,-7.44,-0.009175,91758,314.7,-24.94,-0.031836,267.1,0.000000,3861.6,90899,1028.5,72866,299.1,-0.59,-0.000433,72339,296.7,-12.79,-0.011093,90295,314.2,-25.87,-0.032548,447.1,0.072566,314.3,76906,377.0,83892,310.5,88.76,0.072204,81601,307.7,67.34,0.063591,89362,312.7,14.04,0.017565
88.11,0.0012769,0.052172,89527,90379,90916,90251,306.3,88.1,0.000000,100.0,819943,1801.9,82399,310.0,1.81,0.001451,83728,309.0,31.06,0.029970,87903,310.5,63.59,0.078820,628.1,0.000000,100.0,191023,455.0,112971,339.1,-0.66,-0.000663,117771,339.9,-6.72,-0.008287,91859,315.0,-29.25,-0.037349,268.1,0.000000,967.5,90160,1025.9,72674,298.9,-0.58,-0.000423,72062,296.4,-13.01,-0.011257,90517,314.5,-24.66,-0.031076,448.1,0.072016,314.1,76855,376.0,83734,310.3,88.18,0.071639,81334,307.5,66.43,0.062584,89519,312.8,16.35,0.020490
89.09,0.0012912,0.052194,89381,90260,91121,90261,306.5,89.1,0.000000,100.0,805662,1794.9,83113,310.7,1.89,0.001523,84255,309.6,31.24,0.030276,88038,310.8,64.45,0.079929,629.1,0.000000,174.0,194442,457.2,112703,338.9,-0.55,-0.000547,117621,339.8,-5.98,-0.007365,91949,315.2,-33.07,-0.042236,269.1,-0.000000,126.1,89198,1022.7,72483,298.7,-0.58,-0.000420,71793,296.1,-13.23,-0.011416,90737,314.7,-23.46,-0.029623,449.1,0.071445,313.8,76799,375.0,83569,310.1,87.57,0.071055,81047,307.2,65.44,0.061495,89684,312.9,18.67,0.023431
90.08,0.0013055,0.052220,89248,90138,91310,90270,306.7,90.1,0.000000,261.9,791855,1788.0,83870,311.6,1.98,0.001606,84784,310.1,31.36,0.030530,88175,311.2,65.29,0.081005,630.1,0.000000,988.1,197984,459.4,112503,338.7,-0.42,-0.000420,117446,339.7,-5.22,-0.006421,92023,315.4,-36.42,-0.046520,270.1,0.000000,645.6,88451,1020.1,72290,298.5,-0.58,-0.000422,71531,295.8,-13.44,-0.011564,90945,314.9,-22.31,-0.028212,450.1,0.070854,313.6,76739,374.0,83397,309.9,86.95,0.070452,80735,306.8,64.36,0.060307,89851,313.0,20.97,0.026351
91.07,0.0013199,0.052251,89133,90018,91486,90279,306.8,91.1,0.000000,108.4,778501,1781.3,84672,312.4,2.08,0.001697,85314,310.7,31.42,0.030729,88314,311.5,66.09,0.082037,631.1,0.000000,650.9,201656,461.6,112373,338.6,-0.29,-0.000286,117254,339.5,-4.45,-0.005463,92086,315.7,-39.32,-0.050222,271.1,-0.000000,1037.0,87482,1016.9,72093,298.2,-0.59,-0.000430,71274,295.5,-13.62,-0.011695,91136,315.1,-21.19,-0.026836,451.1,0.070245,313.3,76673,373.0,83218,309.6,86.31,0.069833,80388,306.5,63.17,0.059001,90014,313.1,23.23,0.029237
92.20,0.0013362,0.052291,89027,89890,91662,90288,307.0,92.2,0.000000,382.2,763770,1773.8,85644,313.4,2.19,0.001802,85915,311.3,31.44,0.030906,88467,311.8,66.93,0.083141,632.2,0.000000,413.9,206018,464.3,112314,338.5,-0.13,-0.000126,117017,339.3,-3.55,-0.004362,92142,315.9,-42.14,-0.053816,272.2,-0.000000,196.8,86565,1013.7,71859,297.9,-0.61,-0.000446,70986,295.1,-13.81,-0.011818,91331,315.3,-19.94,-0.025294,452.2,0.069577,313.0,76593,372.0,83006,309.4,85.56,0.069110,79938,306.0,61.64,0.057339,90191,313.3,25.75,0.032465
93.19,0.0013506,0.052328,88954,89794,91786,90294,307.1,93.2,0.000000,1041.5,751323,1767.3,86538,314.4,2.27,0.001884,86440,311.8,31.44,0.031034,88591,312.1,67.60,0.084008,633.2,0.000000,503.5,209989,466.6,112335,338.6,0.00,0.000005,116800,339.1,-2.77,-0.003400,92177,316.2,-44.24,-0.056475,273.2,0.000000,100.0,85603,1010.4,71643,297.7,-0.64,-0.000467,70738,294.8,-13.94,-0.011900,91474,315.5,-18.88,-0.023976,453.2,0.068895,312.7,76518,371.1,82816,309.2,84.90,0.068464,79490,305.6,60.14,0.055716,90328,313.3,27.88,0.035192
94.18,0.0013650,0.052367,88914,89721,91882,90300,307.2,94.2,0.000000,106.1,739273,1761.0,87464,315.3,2.33,0.001948,86972,312.4,31.40,0.031137,88700,312.4,68.17,0.084759,634.2,0.000000,414.5,214109,469.0,112416,338.6,0.13,0.000126,116579,338.9,-2.00,-0.002446,92203,316.4,-46.05,-0.058760,274.2,0.000000,100.0,84619,1007.1,71414,297.4,-0.68,-0.000495,70494,294.6,-14.04,-0.011954,91588,315.6,-17.85,-0.022687,454.2,0.068245,312.4,76440,370.2,82620,308.9,84.22,0.067806,78987,305.0,58.47,0.053927,90443,313.4,29.91,0.037794
95.18,0.0013794,0.052406,88950,89668,91951,90304,307.3,95.2,0.000000,376.5,727605,1754.7,88406,316.3,2.36,0.001984,87512,312.9,31.35,0.031222,88790,312.6,68.66,0.085387,635.2,0.000000,114.7,218387,471.5,112560,338.8,0.25,0.000247,116357,338.8,-1.23,-0.001507,92221,316.6,-47.63,-0.060753,275.2,0.000000,642.4,83638,1003.7,71168,297.1,-0.73,-0.000528,70257,294.3,-14.10,-0.011981,91669,315.7,-16.84,-0.021416,455.2,0.067581,312.1,76358,369.3,82419,308.7,83.52,0.067135,78427,304.4,56.64,0.051969,90527,313.4,31.83,0.040253
96.17,0.0013938,0.052442,89061,89635,91991,90308,307.3,96.2,0.000000,492.8,716306,1748.6,89352,317.2,2.35,0.001991,88068,313.5,31.29,0.031306,88858,312.8,69.05,0.085889,636.2,0.000000,1068.9,222830,474.0,112758,338.9,0.35,0.000354,116139,338.6,-0.48,-0.000587,92228,316.8,-49.05,-0.062527,276.2,-0.000000,149.0,82894,1000.9,70905,296.8,-0.78,-0.000564,70026,294.0,-14.14,-0.011982,91717,315.7,-15.84,-0.020152,456.2,0.066901,311.8,76273,368.5,82212,308.4,82.80,0.066445,77811,303.7,54.65,0.049854,90567,313.4,33.65,0.042577
97.17,0.0014082,0.052473,89185,89619,92000,90310,307.3,97.2,0.000000,100.0,705363,1742.6,90286,318.2,2.30,0.001968,88646,314.0,31.25,0.031409,88903,312.9,69.35,0.086260,637.2,0.000000,157.7,227443,476.5,112999,339.1,0.44,0.000441,115929,338.4,0.26,0.000311,92217,317.0,-50.35,-0.064137,277.2,-0.000000,100.0,81919,997.5,70625,296.5,-0.84,-0.000601,69805,293.8,-14.14,-0.011956,91740,315.7,-14.84,-0.018880,457.2,0.066199,311.5,76184,367.7,81998,308.2,82.06,0.065734,77145,303.0,52.50,0.047600,90576,313.4,35.37,0.044754
98.16,0.0014226,0.052499,89327,89619,91981,90311,307.3,98.2,0.000000,440.4,694772,1736.7,91195,319.1,2.23,0.001917,89249,314.6,31.23,0.031548,88919,313.1,69.57,0.086515,638.2,0.000000,264.5,232232,479.2,113268,339.4,0.50,0.000501,115732,338.2,0.98,0.001190,92183,317.2,-51.55,-0.065611,278.2,0.000000,261.9,80942,994.1,70329,296.1,-0.89,-0.000637,69592,293.5,-14.12,-0.011913,91742,315.7,-13.85,-0.017622,458.2,0.065471,311.2,76092,366.9,81776,307.9,81.29,0.064997,76435,302.2,50.22,0.045234,90560,313.4,36.96,0.046762
99.15,0.0014370,0.052519,89520,89635,91940,90312,307.3,99.2,0.000000,371.4,684523,1730.9,92070,320.0,2.13,0.001846,89886,315.3,31.26,0.031740,88905,313.1,69.71,0.086653,639.2,0.000000,100.0,237204,481.8,113551,339.6,0.53,0.000534,115553,338.1,1.68,0.002047,92128,317.3,-52.67,-0.066966,279.2,-0.000000,443.1,79966,990.6,70020,295.7,-0.94,-0.000669,69386,293.3,-14.10,-0.011866,91722,315.7,-12.89,-0.016394,459.2,0.064712,310.8,75998,366.1,81546,307.6,80.49,0.064227,75692,301.4,47.84,0.042788,90521,313.3,38.41,0.048593
100.15,0.0014514,0.052531,89746,89661,91875,90311,307.2,100.1,0.000000,225.2,674601,1725.3,92906,320.8,2.02,0.001763,90555,315.9,31.34,0.031988,88865,313.2,69.78,0.086693,640.1,0.000000,210.1,242366,484.6,113837,339.8,0.54,0.000545,115400,338.0,2.37,0.002881,92054,317.4,-53.72,-0.068221,280.1,-0.000000,339.6,78979,987.1,69699,295.4,-0.98,-0.000695,69189,293.1,-14.05,-0.011805,91682,315.7,-11.96,-0.015210,460.1,0.063913,310.5,75899,365.4,81306,307.4,79.64,0.063417,74922,300.5,45.38,0.040289,90456,313.3,39.76,0.050270
101.14,0.0014659,0.052535,89978,89687,91790,90310,307.1,101.1,0.000000,180.5,664994,1719.7,93702,321.6,1.91,0.001675,91259,316.6,31.46,0.032285,88804,313.2,69.81,0.086656,641.1,0.000000,354.0,247729,487.4,114117,340.1,0.53,0.000539,115277,337.9,3.04,0.003685,91963,317.5,-54.72,-0.069400,281.1,0.000000,115.2,78003,983.6,69370,295.0,-1.01,-0.000716,69005,292.8,-13.98,-0.011721,91617,315.6,-11.06,-0.014061,461.1,0.063067,310.1,75797,364.6,81052,307.1,78.72,0.062555,74134,299.6,42.86,0.037763,90368,313.2,41.00,0.051796
102.14,0.0014803,0.052531,90199,89714,91687,90309,307.0,102.1,0.000000,155.6,655689,1714.3,94458,322.3,1.80,0.001588,91990,317.4,31.58,0.032594,88728,313.2,69.79,0.086550,642.1,0.000000,100.0,253303,490.2,114384,340.3,0.51,0.000518,115186,337.8,3.67,0.004447,91857,317.6,-55.68,-0.070519,282.1,0.000000,257.1,77020,980.0,69037,294.6,-1.03,-0.000729,68840,292.6,-13.86,-0.011602,91526,315.5,-10.16,-0.012906,462.1,0.062158,309.8,75690,363.9,80784,306.8,77.74,0.061630,73334,298.7,40.30,0.035233,90259,313.1,42.13,0.053184
103.14,0.0014947,0.052519,90373,89746,91571,90307,306.9,103.1,0.000000,280.4,646675,1708.9,95176,323.0,1.70,0.001505,92743,318.1,31.67,0.032878,88638,313.2,69.74,0.086409,643.1,0.000000,132.2,259099,493.1,114634,340.5,0.48,0.000487,115124,337.7,4.24,0.005147,91737,317.6,-56.61,-0.071593,283.1,0.000000,180.5,76037,976.4,68702,294.1,-1.04,-0.000735,68700,292.5,-13.67,-0.011424,91414,315.4,-9.24,-0.011721,463.1,0.061173,309.4,75578,363.2,80496,306.4,76.66,0.060624,72529,297.8,37.72,0.032719,90132,313.0,43.19,0.054451
104.13,0.0015092,0.052502,90479,89781,91443,90304,306.8,104.1,0.000000,522.5,637940,1703.7,95860,323.7,1.60,0.001427,93507,318.8,31.70,0.033104,88542,313.2,69.67,0.086227,644.1,0.000000,159.0,265126,496.1,114864,340.7,0.44,0.000449,115087,337.7,4.75,0.005755,91608,317.6,-57.52,-0.072632,284.1,-0.000000,117.6,75055,972.8,68369,293.7,-1.05,-0.000734,68594,292.4,-13.38,-0.011171,91286,315.3,-8.28,-0.010494,464.1,0.060092,308.9,75459,362.5,80186,306.1,75.47,0.059520,71724,296.9,35.14,0.030239,89991,312.9,44.16,0.055605
105.13,0.0015236,0.052483,90515,89819,91308,90301,306.7,105.1,0.000000,216.5,629478,1698.5,96511,324.3,1.51,0.001356,94273,319.6,31.63,0.033225,88441,313.2,69.55,0.085992,645.1,0.000000,117.5,271395,499.2,115073,340.9,0.40,0.000411,115067,337.7,5.15,0.006246,91471,317.6,-58.41,-0.073649,285.1,0.000000,960.9,74074,969.1,68041,293.3,-1.04,-0.000726,68524,292.3,-12.97,-0.010821,91149,315.2,-7.28,-0.009220,465.1,0.058897,308.5,75332,361.8,79850,305.7,74.14,0.058300,70927,295.9,32.58,0.027811,89841,312.8,45.05,0.056652
106.12,0.0015380,0.052463,90499,89874,91167,90298,306.5,106.1,0.000000,103.9,621279,1693.5,97134,324.9,1.44,0.001293,95027,320.3,31.41,0.033190,88334,313.2,69.38,0.085678,646.1,0.000000,100.0,277917,502.3,115263,341.0,0.37,0.000374,115054,337.7,5.45,0.006603,91329,317.6,-59.30,-0.074659,286.1,-0.000000,777.6,73094,965.4,67719,292.9,-1.03,-0.000714,68484,292.2,-12.45,-0.010385,91004,315.0,-6.25,-0.007900,466.1,0.057570,308.0,75196,361.1,79485,305.3,72.66,0.056948,70143,295.0,30.06,0.025458,89685,312.7,45.87,0.057597
107.12,0.0015525,0.052445,90450,89965,91026,90295,306.4,107.1,0.000000,213.8,613334,1688.5,97733,325.5,1.37,0.001238,95761,321.0,31.02,0.032960,88227,313.1,69.13,0.085291,647.1,0.000000,422.3,284705,505.4,115436,341.2,0.33,0.000339,115035,337.6,5.59,0.006783,91186,317.6,-60.19,-0.075673,287.1,-0.000000,100.0,72114,961.7,67407,292.6,-1.00,-0.000696,68456,292.2,-11.85,-0.009880,90855,314.9,-5.17,-0.006531,467.1,0.056097,307.4,75049,360.5,79091,304.9,71.00,0.055453,69380,294.1,27.61,0.023199,89524,312.6,46.62,0.058457
108.12,0.0015669,0.052430,90374,90044,90886,90291,306.3,108.1,0.000000,234.5,605634,1683.7,98314,326.0,1.32,0.001196,96472,321.7,30.44,0.032516,88129,313.1,68.83,0.084835,648.1,0.000000,100.0,291770,508.7,115593,341.3,0.30,0.000308,115005,337.6,5.55,0.006733,91045,317.5,-61.09,-0.076698,288.1,0.000000,289.4,71133,957.9,67107,292.2,-0.97,-0.000673,68451,292.2,-11.13,-0.009278,90706,314.7,-4.05,-0.005108,468.1,0.054469,306.8,74889,359.8,78666,304.4,69.16,0.053808,68647,293.2,25.26,0.021065,89362,312.5,47.32,0.059248
109.11,0.0015813,0.052417,90272,90096,90750,90286,306.1,109.1,0.000000,246.1,598172,1678.9,98885,326.5,1.28,0.001170,97158,322.3,29.68,0.031864,88049,313.1,68.45,0.084294,649.1,0.000000,125.3,299126,512.0,115736,341.4,0.28,0.000282,114960,337.6,5.34,0.006476,90906,317.5,-62.00,-0.077742,289.1,-0.000000,340.0,70160,954.1,66819,291.8,-0.94,-0.000646,68492,292.3,-10.25,-0.008549,90558,314.6,-2.88,-0.003627,469.1,0.052686,306.2,74714,359.1,78214,303.9,67.12,0.052012,67961,292.4,23.07,0.019102,89201,312.4,47.98,0.059982
110.11,0.0015958,0.052409,90148,90143,90619,90282,306.0,110.1,0.000000,100.0,590947,1674.3,99457,327.1,1.27,0.001165,97820,322.9,28.76,0.031026,87988,313.0,67.98,0.083665,650.1,0.000000,308.8,306780,515.4,115871,341.6,0.26,0.000263,114880,337.5,4.95,0.005990,90773,317.4,-62.93,-0.078806,290.1,0.000000,303.7,69179,950.3,66546,291.5,-0.90,-0.000616,68588,292.4,-9.16,-0.007647,90414,314.5,-1.66,-0.002086,470.1,0.050754,305.5,74523,358.5,77735,303.3,64.91,0.050076,67344,291.6,21.13,0.017381,89042,312.3,48.61,0.060675
111.10,0.0016102,0.052406,90006,90191,90497,90277,305.9,111.1,0.000000,923.2,583947,1669.7,100043,327.6,1.29,0.001186,98456,323.5,27.71,0.030034,87931,313.0,67.43,0.082943,651.1,0.000000,100.0,314749,518.8,116000,341.7,0.25,0.000251,114764,337.4,4.36,0.005276,90645,317.3,-63.87,-0.079887,291.1,0.000000,244.4,68455,947.2,66288,291.2,-0.85,-0.000586,68733,292.6,-7.83,-0.006545,90276,314.3,-0.38,-0.000480,471.1,0.045758,305.1,74275,357.8,77684,303.3,60.54,0.046676,66822,291.0,19.54,0.015979,88888,312.3,49.21,0.061339
112.10,0.0016246,0.052408,89850,90244,90396,90272,305.8,112.1,0.000000,226.4,577163,1665.2,100658,328.2,1.34,0.001234,99066,324.1,26.57,0.028927,87892,313.0,66.81,0.082143,652.1,0.000000,100.0,323050,522.3,116130,341.8,0.24,0.000250,114612,337.3,3.58,0.004334,90531,317.2,-64.80,-0.080967,292.1,0.000000,233.8,67491,943.4,66044,290.9,-0.81,-0.000556,68922,292.8,-6.30,-0.005277,90055,314.1,0.81,0.001011,472.1,0.046564,304.2,74050,357.2,76878,302.4,58.69,0.044913,66413,290.5,18.36,0.014947,88747,312.2,49.82,0.062012
113.09,0.0016390,0.052415,89688,90293,90294,90268,305.7,113.1,0.000000,118.8,570586,1660.8,101314,328.8,1.41,0.001309,99649,324.6,25.38,0.027745,87875,313.0,66.06,0.081203,653.1,0.000000,100.0,331703,525.9,116266,341.9,0.25,0.000258,114421,337.1,2.61,0.003151,90424,317.1,-65.73,-0.082064,293.1,-0.000000,495.9,66520,939.5,65811,290.6,-0.78,-0.000529,69142,293.1,-4.64,-0.003899,89861,313.9,2.11,0.002647,473.1,0.044053,303.4,73802,356.5,76232,301.7,56.46,0.042947,66117,290.1,17.60,0.014282,88612,312.1,50.42,0.062672
114.08,0.0016534,0.052429,89529,90337,90203,90263,305.6,114.1,0.000000,100.0,564209,1656.5,102022,329.5,1.51,0.001406,100202,325.2,24.17,0.026531,87891,313.0,65.13,0.080067,654.1,0.000000,289.9,340725,529.6,116413,342.0,0.27,0.000277,114176,336.9,1.46,0.001756,90326,317.0,-66.67,-0.083176,294.1,-0.000000,100.0,65541,935.5,65589,290.3,-0.74,-0.000504,69370,293.4,-2.91,-0.002452,89705,313.7,3.52,0.004403,474.1,0.039068,302.9,73501,355.8,76198,301.7,51.96,0.039503,65921,289.9,17.21,0.013941,88485,312.1,51.01,0.063327
115.08,0.0016678,0.052448,89386,90378,90125,90258,305.5,115.1,0.000000,307.0,558023,1652.3,102785,330.2,1.61,0.001512,100727,325.6,22.99,0.025324,87948,313.1,63.97,0.078680,655.1,0.000000,203.0,350139,533.4,116574,342.1,0.29,0.000302,113874,336.7,0.15,0.000178,90238,316.9,-67.62,-0.084303,295.1,0.000000,100.0,64553,931.4,65379,290.0,-0.71,-0.000479,69587,293.6,-1.17,-0.000986,89578,313.6,5.00,0.006247,475.1,0.039547,302.0,73219,355.2,75278,300.7,49.98,0.037671,65795,289.7,17.08,0.013816,88366,312.0,51.61,0.063992
116.07,0.0016822,0.052471,89266,90426,90062,90252,305.5,116.1,0.000000,577.0,552021,1648.2,103600,330.9,1.71,0.001612,101226,326.1,21.86,0.024161,88046,313.2,62.55,0.076999,656.1,0.000000,412.2,359966,537.2,116751,342.3,0.32,0.000330,113515,336.4,-1.29,-0.001553,90163,316.8,-68.57,-0.085439,296.1,0.000000,100.0,63820,928.2,65184,289.8,-0.66,-0.000448,69784,293.9,0.53,0.000445,89475,313.5,6.53,0.008163,476.1,0.036796,301.1,72914,354.5,74577,299.9,47.58,0.035621,65750,289.6,17.12,0.013842,88257,312.0,52.22,0.064682
117.07,0.0016966,0.052498,89171,90498,90016,90248,305.4,117.1,0.000000,1338.7,546197,1644.2,104453,331.7,1.78,0.001690,101704,326.5,20.79,0.023066,88182,313.3,60.87,0.075020,657.1,0.000000,100.0,370229,541.1,116938,342.5,0.34,0.000351,113104,336.0,-2.83,-0.003391,90102,316.7,-69.50,-0.086575,297.1,0.000000,232.5,62844,924.1,65007,289.5,-0.60,-0.000408,69950,294.1,2.14,0.001809,89391,313.4,8.12,0.010140,477.1,0.032204,300.5,72562,353.9,74263,299.5,43.50,0.032469,65767,289.7,17.43,0.014090,88161,312.0,52.86,0.065409
118.21,0.0017131,0.052532,89089,90597,89985,90242,305.4,118.2,0.000000,692.2,539750,1639.6,105443,332.6,1.81,0.001724,102235,327.0,19.69,0.021922,88367,313.4,58.69,0.072452,658.2,0.000000,296.0,382525,545.7,117155,342.6,0.35,0.000360,112584,335.6,-4.66,-0.005563,90050,316.6,-70.54,-0.087855,298.2,-0.000000,937.7,61928,920.1,64839,289.3,-0.51,-0.000343,70099,294.2,3.84,0.003259,89320,313.3,9.99,0.012472,478.2,0.031675,299.5,72170,353.1,73382,298.5,40.78,0.030181,65860,289.8,18.28,0.014794,88067,312.0,53.64,0.066302
119.20,0.0017276,0.052564,89041,90678,89977,90237,305.4,119.2,0.000000,382.2,534286,1635.7,106300,333.3,1.78,0.001709,102692,327.4,18.83,0.021029,88538,313.6,56.65,0.070034,659.2,0.000000,342.6,393810,549.8,117338,342.8,0.34,0.000347,112098,335.2,-6.28,-0.007479,90020,316.5,-71.41,-0.088937,299.2,0.000000,345.2,60942,915.8,64732,289.2,-0.39,-0.000264,70193,294.4,5.21,0.004425,89277,313.2,11.67,0.014570,479.2,0.027132,298.8,71784,352.4,72998,298.1,36.89,0.027197,66175,290.2,19.69,0.015991,88001,312.0,54.36,0.067144
120.20,0.0017420,0.052596,89019,90760,89985,90233,305.4,120.2,0.000000,100.0,528986,1631.9,107123,334.1,1.71,0.001650,103147,327.8,18.07,0.020250,88700,313.7,54.58,0.067584,660.2,0.000000,623.3,405602,554.0,117485,342.9,0.28,0.000291,111595,334.7,-7.90,-0.009373,90002,316.4,-72.22,-0.089959,300.2,-0.000000,261.7,59931,911.5,64678,289.1,-0.23,-0.000153,70256,294.4,6.47,0.005492,89252,313.1,13.39,0.016711,480.2,0.026470,297.9,71405,351.8,72242,297.2,34.44,0.025200,66774,290.9,22.10,0.018065,87948,312.0,55.13,0.068043
121.20,0.0017565,0.052629,89029,90851,90000,90229,305.4,121.2,0.000000,100.0,523847,1628.2,107887,334.8,1.59,0.001542,103604,328.3,17.43,0.019589,88835,313.7,52.63,0.065250,661.2,0.000000,294.0,417925,558.3,117572,343.0,0.18,0.000187,111084,334.3,-9.49,-0.011220,89994,316.3,-72.95,-0.090893,301.2,-0.000000,650.7,59194,908.1,64684,289.1,-0.04,-0.000029,70292,294.5,7.61,0.006468,89240,313.1,15.13,0.018877,481.2,0.022446,297.2,70990,351.1,71792,296.7,30.78,0.022424,67624,292.0,25.41,0.020959,87907,312.0,55.92,0.068986
122.20,0.0017709,0.052660,89068,90944,90015,90224,305.4,122.2,0.000000,100.0,518836,1624.5,108568,335.4,1.42,0.001386,104064,328.7,16.89,0.019045,88939,313.7,50.87,0.063136,662.2,0.000000,277.7,430809,562.7,117585,343.0,0.06,0.000058,110571,333.8,-11.04,-0.013008,89982,316.1,-73.59,-0.091707,302.2,0.000000,100.0,58435,904.5,64738,289.2,0.13,0.000086,70316,294.5,8.69,0.007382,89234,313.0,16.86,0.021044,482.2,0.020140,301.1,70562,350.4,71416,296.3,27.16,0.019709,68635,293.3,29.12,0.024275,87869,312.0,56.73,0.069953
123.19,0.0017854,0.052689,89123,91027,90023,90219,305.4,123.2,0.000000,382.3,513817,1620.4,109148,335.9,1.22,0.001194,104531,329.1,16.45,0.018609,89023,313.7,49.28,0.061231,663.2,0.000000,100.0,444284,567.1,117542,343.0,-0.05,-0.000054,110060,333.4,-12.54,-0.014730,89963,316.0,-74.11,-0.092381,303.2,0.000000,259.2,57446,900.1,64856,289.4,0.33,0.000223,70337,294.5,9.70,0.008247,89230,313.0,18.57,0.023185,483.2,0.019373,295.7,70141,349.8,70621,295.3,24.97,0.017971,69705,294.6,32.76,0.027607,87830,312.0,57.55,0.070923
124.19,0.0017998,0.052716,89193,91086,90017,90214,305.4,124.2,-0.000000,139.5,508945,1616.3,109618,336.3,1.00,0.000983,105009,329.5,16.09,0.018263,89084,313.7,47.87,0.059523,664.2,0.000000,477.1,458381,571.7,117426,342.9,-0.18,-0.000189,109553,333.0,-14.00,-0.016389,89933,315.8,-74.52,-0.092904,304.2,-0.000000,1236.5,56714,896.6,65047,289.6,0.56,0.000380,70352,294.5,10.68,0.009075,89223,312.9,20.24,0.025264,484.2,0.015969,295.1,69694,349.1,70211,294.9,21.82,0.015641,70756,295.8,36.05,0.030704,87787,312.0,58.34,0.071871
125.19,0.0018143,0.052740,89282,91106,89994,90208,305.4,125.2,0.000000,10326.9,504217,1612.3,109982,336.6,0.78,0.000771,105499,330.0,15.80,0.017986,89118,313.6,46.62,0.058001,665.2,0.000000,105.9,473131,576.4,117219,342.7,-0.34,-0.000354,109051,332.5,-15.42,-0.017996,89891,315.7,-74.80,-0.093264,305.2,-0.000000,1537.1,55735,892.1,65323,289.9,0.83,0.000566,70367,294.6,11.63,0.009884,89210,312.9,21.82,0.027245,485.2,0.015211,294.4,69255,348.4,69572,294.1,19.87,0.014153,71748,297.0,38.90,0.033466,87736,312.0,59.10,0.072772
126.18,0.0018287,0.052759,89395,91082,89956,90202,305.4,126.2,0.000000,1139.3,499626,1608.4,110247,336.8,0.58,0.000575,106007,330.4,15.54,0.017756,89119,313.5,45.52,0.056661,666.2,0.000000,100.0,488569,581.1,116903,342.4,-0.54,-0.000552,108552,332.1,-16.82,-0.019569,89832,315.5,-74.95,-0.093448,306.2,-0.000000,100.0,55033,888.7,65701,290.4,1.15,0.000785,70394,294.6,12.57,0.010687,89188,312.8,23.30,0.029095,486.2,0.013557,293.7,68812,347.8,69073,293.5,18.08,0.012812,72678,298.1,41.33,0.035886,87673,311.9,59.81,0.073610
127.18,0.0018432,0.052774,89545,91020,89904,90195,305.3,127.2,-0.000000,264.6,495166,1604.6,110429,337.0,0.41,0.000405,106537,330.9,15.30,0.017548,89088,313.3,44.58,0.055493,667.2,0.000000,595.8,504730,586.0,116461,342.0,-0.76,-0.000783,108055,331.7,-18.22,-0.021129,89761,315.3,-74.95,-0.093436,307.2,-0.000000,267.5,54090,884.3,66192,291.0,1.51,0.001031,70431,294.6,13.51,0.011492,89155,312.7,24.68,0.030810,487.2,0.012390,293.1,68371,347.2,68640,293.0,16.63,0.011728,73553,299.1,43.42,0.038016,87600,311.8,60.48,0.074383
128.18,0.0018576,0.052782,89763,90931,89834,90187,305.3,128.2,-0.000000,750.3,490832,1600.8,110545,337.1,0.27,0.000267,107096,331.4,15.06,0.017339,89041,313.2,43.77,0.054493,668.2,0.000000,100.0,521654,590.9,115883,341.6,-1.01,-0.001033,107557,331.2,-19.65,-0.022702,89679,315.1,-74.86,-0.093297,308.2,0.000000,250.1,53422,880.8,66796,291.8,1.86,0.001280,70487,294.7,14.48,0.012327,89109,312.6,25.93,0.032373,488.2,0.011599,292.6,67937,346.5,68242,292.5,15.56,0.010928,74386,300.1,45.23,0.039928,87515,311.7,61.08,0.075083
129.17,0.0018721,0.052781,90058,90824,89738,90179,305.2,129.2,0.000000,164.4,486616,1597.1,110614,337.1,0.17,0.000165,107687,331.9,14.81,0.017109,88972,313.0,43.11,0.053662,669.2,0.000000,178.6,539381,596.0,115171,341.0,-1.27,-0.001287,107051,330.8,-21.11,-0.024316,89578,314.8,-74.70,-0.093056,309.2,0.000000,133.2,52500,876.4,67495,292.7,2.16,0.001501,70571,294.8,15.52,0.013218,89047,312.4,27.06,0.033767,489.2,0.011129,292.1,67513,345.9,67883,292.0,14.94,0.010453,75192,301.0,46.87,0.041692,87415,311.6,61.62,0.075686
130.17,0.0018865,0.052770,90349,90702,89620,90170,305.1,130.2,0.000000,449.1,482513,1593.5,110652,337.2,0.10,0.000096,108314,332.4,14.52,0.016843,88881,312.8,42.57,0.052968,670.2,0.000000,530.9,557953,601.1,114334,340.3,-1.51,-0.001526,106534,330.3,-22.65,-0.025991,89459,314.6,-74.48,-0.092722,310.2,0.000000,128.0,51853,873.0,68258,293.6,2.37,0.001659,70689,294.9,16.63,0.014188,88963,312.2,28.04,0.034981,490.2,0.011040,291.7,67105,345.4,67570,291.6,14.89,0.010385,75986,302.0,48.40,0.043371,87298,311.4,62.08,0.076191
131.17,0.0019009,0.052748,90602,90569,89483,90160,304.9,131.2,0.000000,334.5,478516,1589.9,110676,337.2,0.06,0.000058,108977,333.0,14.18,0.016531,88773,312.5,42.11,0.052375,671.2,0.000000,100.0,577417,606.4,113390,339.4,-1.73,-0.001737,105997,329.8,-24.26,-0.027737,89319,314.4,-74.20,-0.092291,311.2,0.000000,543.9,50959,868.6,69047,294.6,2.46,0.001737,70844,295.1,17.84,0.015244,88859,312.0,28.88,0.036016,491.2,0.011237,291.1,66714,344.8,67273,291.3,15.47,0.010757,76780,302.9,49.86,0.045016,87169,311.3,62.50,0.076636
132.16,0.0019154,0.052718,90844,90426,89330,90150,304.8,132.2,0.000000,135.9,474619,1586.4,110700,337.2,0.05,0.000052,109671,333.6,13.81,0.016172,88653,312.3,41.72,0.051851,672.2,0.000000,1261.0,597820,611.7,112362,338.6,-1.91,-0.001910,105432,329.3,-25.94,-0.029552,89160,314.2,-73.85,-0.091761,312.2,-0.000000,335.5,50321,865.1,69821,295.5,2.43,0.001727,71041,295.3,19.14,0.016386,88737,311.8,29.60,0.036879,492.2,0.011822,290.6,66345,344.3,67010,290.9,16.60,0.011510,77581,303.8,51.30,0.046657,87028,311.1,62.87,0.077015
133.16,0.0019298,0.052680,91084,90278,89168,90140,304.6,133.2,0.000000,100.0,470817,1582.9,110740,337.3,0.07,0.000073,110385,334.2,13.41,0.015772,88523,312.1,41.35,0.051358,673.2,0.000000,283.7,619208,617.2,111271,337.6,-2.06,-0.002042,104833,328.8,-27.70,-0.031424,88987,314.0,-73.44,-0.091138,313.2,-0.000000,100.0,49447,860.7,70550,296.4,2.29,0.001644,71279,295.6,20.52,0.017605,88602,311.6,30.18,0.037575,493.2,0.012760,290.1,66002,343.7,66846,290.7,18.40,0.012738,78393,304.7,52.72,0.048306,86879,310.9,63.20,0.077329
134.15,0.0019443,0.052634,91313,90127,89002,90129,304.5,134.2,-0.000000,453.1,467106,1579.5,110805,337.3,0.12,0.000118,111106,334.9,12.99,0.015344,88389,311.8,40.98,0.050865,674.2,0.000000,319.0,641625,622.8,110141,336.6,-2.17,-0.002133,104196,328.2,-29.51,-0.033332,88805,313.8,-72.97,-0.090428,314.2,-0.000000,100.0,48801,857.1,71214,297.2,2.10,0.001511,71557,295.9,21.95,0.018885,88459,311.3,30.68,0.038171,494.2,0.014303,289.8,65691,343.3,66772,290.6,21.05,0.014560,79213,305.6,54.11,0.049955,86726,310.7,63.48,0.077582
135.15,0.0019587,0.052580,91514,89981,88839,90118,304.3,135.2,0.000000,463.0,463479,1576.1,110908,337.4,0.19,0.000186,111814,335.5,12.56,0.014903,88254,311.6,40.60,0.050349,675.2,0.000000,412.7,665127,628.4,108991,335.6,-2.24,-0.002186,103518,327.6,-31.35,-0.035250,88620,313.5,-72.42,-0.089632,315.2,0.000000,629.0,48734,856.0,71804,297.9,1.86,0.001353,71872,296.3,23.41,0.020209,88314,311.1,31.15,0.038712,495.2,0.016575,289.6,65420,342.8,66803,290.7,24.79,0.017148,80033,306.5,55.47,0.051584,86573,310.5,63.72,0.077786
136.15,0.0019731,0.052521,91685,89850,88687,90106,304.1,136.1,-0.000000,933.3,459930,1572.8,111058,337.5,0.27,0.000271,112484,336.0,12.15,0.014490,88124,311.3,40.18,0.049799,676.1,0.000000,124.3,689774,634.2,107839,334.6,-2.27,-0.002206,102802,327.0,-33.21,-0.037148,88438,313.3,-71.80,-0.088750,316.1,-0.000000,277.9,49974,860.2,72322,298.5,1.63,0.001190,72221,296.7,24.88,0.021552,88170,310.9,31.57,0.039208,496.1,0.019712,289.7,65198,342.4,66991,290.9,29.84,0.020684,80843,307.4,56.76,0.053164,86424,310.3,63.92,0.077955
137.14,0.0019876,0.052457,91829,89730,88551,90094,304.0,137.1,0.000000,100.0,456453,1569.5,111257,337.7,0.37,0.000366,113090,336.6,11.81,0.014136,88005,311.1,39.73,0.049218,677.1,0.000000,100.0,715622,640.1,106697,333.6,-2.28,-0.002200,102049,326.3,-35.04,-0.038990,88265,313.1,-71.11,-0.087782,317.1,0.000000,365.0,52932,871.6,72774,299.0,1.42,0.001041,72600,297.1,26.31,0.022875,88036,310.6,31.97,0.039666,497.1,0.023769,290.0,65035,342.1,67316,291.3,36.06,0.025083,81626,308.2,57.97,0.054672,86283,310.1,64.11,0.078105
138.14,0.0020020,0.052388,91945,89623,88432,90081,303.9,138.1,-0.000000,219.7,453045,1566.3,111509,337.9,0.47,0.000465,113621,337.0,11.53,0.013842,87902,310.8,39.26,0.048610,678.1,0.000000,665.5,742726,646.1,105575,332.6,-2.28,-0.002174,101263,325.6,-36.81,-0.040737,88107,312.9,-70.33,-0.086730,318.1,-0.000000,198.6,57023,887.6,73173,299.5,1.24,0.000915,73010,297.6,27.65,0.024140,87915,310.4,32.33,0.040094,498.1,0.028464,290.7,64938,341.8,67725,291.8,42.93,0.029991,82368,309.0,59.08,0.056089,86155,309.9,64.28,0.078249
139.13,0.0020164,0.052317,92029,89536,88330,90067,303.8,139.1,-0.000000,8335.0,449700,1563.0,111810,338.2,0.57,0.000564,114080,337.4,11.28,0.013581,87816,310.6,38.75,0.047966,679.1,0.000000,399.4,771137,652.2,104478,331.6,-2.25,-0.002137,100445,324.8,-38.49,-0.042348,87967,312.7,-69.49,-0.085599,319.1,0.000000,389.7,61594,904.6,73531,299.9,1.11,0.000817,73446,298.1,28.87,0.025311,87808,310.2,32.67,0.040498,499.1,0.033358,291.6,64908,341.5,68156,292.4,49.79,0.034940,83059,309.7,60.10,0.057400,86041,309.7,64.44,0.078391
140.13,0.0020308,0.052245,92081,89469,88261,90053,303.7,140.1,0.000000,335.0,446416,1559.9,112159,338.5,0.66,0.000658,114465,337.7,11.06,0.013352,87759,310.4,38.19,0.047276,680.1,0.000000,144.8,800905,658.4,103408,330.6,-2.22,-0.002095,99597,324.1,-40.04,-0.043784,87847,312.5,-68.51,-0.084329,320.1,0.000000,219.5,66599,922.2,73864,300.3,1.01,0.000749,73907,298.6,29.92,0.026352,87716,310.0,33.01,0.040900,500.1,0.037941,292.6,64941,341.3,68557,292.8,56.01,0.039474,83688,310.4,61.02,0.058591,85945,309.5,64.60,0.078545
141.12,0.0020453,0.052172,92106,89422,88250,90038,303.7,141.1,0.000000,623.1,443186,1556.7,112552,338.8,0.75,0.000746,114773,338.0,10.88,0.013155,87739,310.2,37.63,0.046592,681.1,0.000000,154.2,832081,664.8,102363,329.7,-2.20,-0.002055,98721,323.3,-41.42,-0.045009,87765,312.3,-67.37,-0.082891,321.1,0.000000,100.0,71895,939.4,74183,300.7,0.96,0.000711,74392,299.2,30.77,0.027224,87649,309.8,33.38,0.041348,501.1,0.042010,293.6,65031,341.2,68965,293.3,61.51,0.043532,84238,311.0,61.81,0.059630,85878,309.3,64.78,0.078752
142.11,0.0020596,0.052099,92104,89400,88297,90022,303.8,142.1,-0.000000,100.0,440007,1553.6,112986,339.2,0.82,0.000827,115004,338.2,10.72,0.012985,87780,310.1,37.11,0.045994,682.1,0.000000,342.2,864716,671.2,101338,328.7,-2.18,-0.002022,97820,322.4,-42.61,-0.045999,87737,312.3,-66.07,-0.081280,322.1,0.000000,280.2,77206,955.5,74506,301.1,0.95,0.000708,74899,299.7,31.37,0.027894,87616,309.6,33.81,0.041892,502.1,0.045611,294.6,65172,341.2,69395,293.9,66.30,0.047133,84709,311.5,62.49,0.060530,85848,309.1,65.01,0.079053
143.11,0.0020740,0.052028,92074,89402,88370,90005,303.8,143.1,0.000000,718.4,436869,1550.5,113456,339.6,0.90,0.000901,115163,338.3,10.58,0.012825,87873,310.1,36.62,0.045439,683.1,0.000000,206.6,898870,677.7,100327,327.8,-2.17,-0.001999,96897,321.6,-43.59,-0.046742,87767,312.3,-64.67,-0.079592,323.1,0.000025,301.8,82930,971.5,74838,301.4,0.99,0.000743,75430,300.3,31.70,0.028329,87614,309.5,34.32,0.042540,503.1,0.048804,295.7,65360,341.1,69854,294.4,70.45,0.050325,85107,311.9,63.10,0.061324,85854,309.0,65.29,0.079434
144.10,0.0020884,0.051960,92022,89425,88466,89987,303.9,144.1,-0.000000,100.0,433769,1547.4,113960,340.0,0.96,0.000969,115259,338.4,10.43,0.012656,87996,310.0,36.10,0.044862,684.1,0.000000,100.0,934604,684.2,99321,326.8,-2.18,-0.001994,95958,320.7,-44.36,-0.047237,87846,312.3,-63.22,-0.077867,324.1,0.000185,302.5,88491,985.8,75153,301.8,1.12,0.000840,75987,301.0,31.81,0.028575,87636,309.3,34.92,0.043318,504.1,0.051652,296.7,65588,341.2,70346,295.0,74.07,0.053180,85430,312.2,63.67,0.062045,85885,308.8,65.58,0.079856
145.09,0.0021027,0.051894,91950,89460,88602,89967,304.1,145.1,-0.000000,100.0,430701,1544.3,114493,340.5,1.02,0.001028,115302,338.4,10.27,0.012463,88143,310.0,35.54,0.044250,685.1,0.000000,126.5,971981,690.9,98308,325.9,-2.21,-0.002009,95011,319.8,-44.93,-0.047496,87979,312.4,-61.74,-0.076135,325.1,0.000197,303.2,94006,998.9,75534,302.2,1.30,0.000979,76559,301.6,31.63,0.028573,87684,309.2,35.62,0.044219,505.1,0.054230,297.7,65855,341.2,70876,295.6,77.27,0.055775,85658,312.4,64.29,0.062774,85942,308.7,65.90,0.080324
146.08,0.0021170,0.051833,91861,89502,88774,89946,304.2,146.1,0.000000,100.0,427661,1541.3,115051,340.9,1.06,0.001078,115304,338.4,10.08,0.012232,88318,310.0,34.97,0.043624,686.1,0.000000,100.0,1011066,697.7,97278,324.9,-2.27,-0.002044,94063,318.9,-45.29,-0.047538,88151,312.5,-60.24,-0.074398,326.1,0.000197,303.8,99350,1010.6,75994,302.8,1.51,0.001140,77154,302.3,31.23,0.028365,87760,309.2,36.41,0.045250,506.1,0.056608,298.8,66158,341.4,71445,296.3,80.14,0.058177,85827,312.5,64.92,0.063484,86039,308.7,66.29,0.080903
147.21,0.0021334,0.051767,91740,89556,88980,89920,304.4,147.2,-0.000000,100.0,424211,1537.8,115711,341.5,1.10,0.001121,115263,338.4,9.84,0.011939,88545,310.1,34.28,0.042866,687.2,0.000000,550.2,1057916,705.5,96068,323.7,-2.36,-0.002106,92989,317.9,-45.49,-0.047355,88378,312.7,-58.54,-0.072435,327.2,0.000174,304.6,104968,1022.0,76626,303.5,1.74,0.001325,77846,303.0,30.55,0.027929,87888,309.1,37.39,0.046542,507.2,0.058991,299.9,66546,341.5,72142,297.1,83.10,0.060746,85947,312.6,65.59,0.064216,86190,308.7,66.79,0.081666
148.19,0.0021477,0.051715,91618,89609,89139,89897,304.6,148.2,0.000000,100.0,421210,1534.7,116300,342.0,1.12,0.001142,115206,338.3,9.60,0.011638,88752,310.1,33.60,0.042103,688.2,0.000000,100.0,1100889,712.5,94974,322.7,-2.45,-0.002175,92066,317.0,-45.50,-0.047026,88584,312.9,-57.12,-0.070807,328.2,0.000115,305.2,109027,1029.5,77279,304.2,1.92,0.001468,78449,303.7,29.85,0.027435,88021,309.1,38.25,0.047684,508.2,0.061248,301.0,66920,341.7,72788,297.9,85.45,0.062867,85975,312.6,66.23,0.064865,86333,308.7,67.20,0.082295
149.18,0.0021621,0.051668,91485,89676,89255,89872,304.7,149.2,-0.000000,312.7,418217,1531.7,116887,342.5,1.11,0.001144,115144,338.3,9.30,0.011278,88948,310.2,32.79,0.041173,689.2,0.000000,100.0,1145767,719.5,93843,321.6,-2.56,-0.002251,91166,316.1,-45.38,-0.046570,88774,313.1,-55.85,-0.069346,329.2,0.000021,933.1,113128,1036.8,78027,305.1,2.04,0.001572,79034,304.3,29.10,0.026889,88140,309.1,39.03,0.048732,509.2,0.063245,302.0,67327,342.0,73460,298.6,87.60,0.064871,85936,312.6,66.99,0.065591,86459,308.7,67.51,0.082793
150.17,0.0021764,0.051626,91342,89772,89321,89847,304.8,150.2,0.000000,151.0,415226,1528.6,117462,343.0,1.09,0.001122,115082,338.2,8.96,0.010852,89117,310.2,31.82,0.040022,690.2,0.000000,100.0,1192600,726.6,92676,320.4,-2.67,-0.002329,90296,315.3,-45.14,-0.046009,88929,313.2,-54.80,-0.068126,330.2,-0.000046,932.9,116798,1042.8,78867,306.1,2.09,0.001620,79590,304.9,28.36,0.026342,88222,309.1,39.70,0.049623,510.2,0.065129,303.1,67763,342.3,74147,299.4,89.53,0.066741,85809,312.4,67.84,0.066360,86552,308.7,67.70,0.083123
151.16,0.0021908,0.051591,91193,89887,89339,89822,304.8,151.2,0.000000,100.0,412237,1525.5,118010,343.4,1.04,0.001075,115027,338.2,8.55,0.010352,89249,310.2,30.66,0.038628,691.2,0.000000,2162.8,1241378,733.7,91476,319.2,-2.78,-0.002402,89451,314.4,-44.81,-0.045364,89038,313.3,-54.00,-0.067191,331.2,-0.000118,933.1,119476,1046.5,79792,307.2,2.04,0.001592,80107,305.5,27.68,0.025826,88255,309.0,40.26,0.050341,511.2,0.066873,304.1,68228,342.6,74837,300.2,91.21,0.068447,85601,312.2,68.82,0.067203,86607,308.7,67.81,0.083314
152.15,0.0022051,0.051561,91040,89984,89329,89797,304.8,152.2,0.000000,274.2,409249,1522.4,118516,343.8,0.96,0.001000,114984,338.1,8.07,0.009774,89345,310.2,29.35,0.037012,692.2,0.000000,100.0,1292204,742.2,90252,318.0,-2.88,-0.002464,88636,313.6,-44.41,-0.044657,89104,313.3,-53.44,-0.066542,332.2,-0.000215,933.9,122328,1050.5,80793,308.6,1.87,0.001471,80583,306.0,27.07,0.025369,88254,308.9,40.73,0.050943,512.2,0.068441,305.2,68720,342.9,75520,301.0,92.60,0.069940,85315,311.9,69.94,0.068140,86631,308.6,67.84,0.083377
153.14,0.0022194,0.051537,90887,90054,89301,89773,304.7,153.1,-0.000000,793.8,406259,1519.3,118968,344.2,0.87,0.000901,114957,338.1,7.53,0.009112,89414,310.2,27.90,0.035219,693.1,0.000000,100.0,1345845,749.9,89011,316.8,-2.97,-0.002511,87858,312.9,-43.95,-0.043917,89134,313.4,-53.10,-0.066137,333.1,-0.000340,934.8,124890,1053.7,81853,310.2,1.55,0.001234,81020,306.5,26.56,0.024982,88231,308.8,41.13,0.051449,513.1,0.065296,306.4,69189,343.3,76974,302.8,91.27,0.069841,84965,311.5,71.23,0.069197,86633,308.6,67.81,0.083343
154.13,0.0022338,0.051518,90736,90110,89257,89749,304.7,154.1,-0.000000,297.9,403268,1516.2,119357,344.5,0.75,0.000783,114946,338.1,6.92,0.008374,89460,310.1,26.35,0.033283,694.1,0.000000,303.0,1403488,758.8,87763,315.5,-3.03,-0.002539,87117,312.1,-43.46,-0.043166,89138,313.3,-52.90,-0.065884,334.1,-0.000496,936.0,126228,1054.4,82956,312.0,1.09,0.000871,81420,306.9,26.13,0.024669,88197,308.7,41.45,0.051849,514.1,0.070392,307.2,69721,343.7,77398,303.3,92.88,0.071362,84559,311.0,72.67,0.070358,86618,308.6,67.71,0.083214
155.12,0.0022481,0.051505,90588,90154,89199,89727,304.6,155.1,-0.000000,502.7,400269,1513.1,119678,344.8,0.63,0.000653,114949,338.1,6.25,0.007566,89488,310.1,24.70,0.031215,695.1,0.000000,100.0,1466448,769.3,86519,314.2,-3.07,-0.002547,86406,311.4,-42.94,-0.042398,89131,313.3,-52.81,-0.065777,335.1,-0.000685,937.6,127195,1054.3,84085,314.1,0.47,0.000376,81789,307.3,25.79,0.024427,88150,308.6,41.70,0.052149,515.1,0.066741,322.1,70224,344.1,79015,305.2,90.23,0.070320,84108,310.5,74.21,0.071587,86588,308.6,67.53,0.082978
156.11,0.0022624,0.051498,90447,90180,89131,89705,304.6,156.1,0.000000,444.6,397258,1510.0,119929,345.0,0.50,0.000519,114959,338.1,5.52,0.006686,89499,310.0,22.96,0.029022,696.1,0.000000,100.0,1536133,782.1,85288,312.9,-3.09,-0.002535,85718,310.7,-42.39,-0.041612,89117,313.3,-52.86,-0.065840,336.1,-0.000908,939.2,127895,1053.6,85221,316.4,-0.31,-0.000252,82134,307.6,25.53,0.024256,88088,308.6,41.91,0.052387,516.1,0.071707,309.1,70789,344.5,79188,305.4,91.80,0.071663,83633,310.0,75.83,0.072855,86550,308.5,67.30,0.082665
157.10,0.0022768,0.051495,90318,90185,89056,89685,304.5,157.1,-0.000000,100.0,394230,1506.8,120110,345.2,0.37,0.000385,114978,338.1,4.72,0.005721,89498,310.0,21.12,0.026703,697.1,0.000000,392.1,1614017,797.7,84082,311.7,-3.08,-0.002502,85049,310.1,-41.81,-0.040811,89095,313.2,-53.14,-0.066181,337.1,-0.001164,941.2,128233,1052.3,86348,319.0,-1.24,-0.001008,82464,308.0,25.35,0.024151,88012,308.5,42.10,0.052589,517.1,0.071772,309.8,71364,345.0,79501,305.7,92.52,0.072427,83158,309.5,77.47,0.074138,86504,308.5,67.03,0.082301
158.08,0.0022911,0.051497,90205,90171,88979,89666,304.4,158.1,0.000000,927.7,391191,1503.6,120224,345.3,0.24,0.000254,115009,338.2,3.85,0.004665,89497,309.9,19.18,0.024256,698.1,0.000000,100.0,1701632,816.7,82910,310.4,-3.05,-0.002450,84395,309.4,-41.20,-0.039996,89069,313.2,-53.64,-0.066793,338.1,-0.001456,942.8,127675,1049.1,87454,322.0,-2.30,-0.001880,82790,308.3,25.23,0.024103,87923,308.4,42.26,0.052756,518.1,0.067296,310.7,71900,345.4,80819,307.3,90.00,0.071261,82705,308.9,79.11,0.075416,86445,308.4,66.74,0.081902
159.07,0.0023054,0.051503,90101,90142,88904,89649,304.4,159.1,0.000000,100.0,388145,1500.4,120272,345.3,0.12,0.000127,115050,338.2,2.90,0.003518,89499,309.9,17.14,0.021671,699.1,0.000000,530.0,1800536,839.4,81780,309.2,-2.99,-0.002381,83751,308.7,-40.57,-0.039164,89012,313.1,-54.24,-0.067518,339.1,-0.001780,944.6,126840,1045.5,88532,325.3,-3.48,-0.002849,83123,308.7,25.15,0.024097,87827,308.3,42.42,0.052905,519.1,0.071753,311.4,72491,345.9,81024,307.5,90.78,0.072004,82291,308.5,80.70,0.076674,86380,308.4,66.45,0.081502
160.20,0.0023217,0.051514,89987,90093,88825,89632,304.3,160.2,0.000000,228.2,384656,1496.7,120254,345.3,-0.01,-0.000005,115098,338.2,1.72,0.002089,89513,309.9,14.65,0.018534,700.2,0.000000,236.6,1929400,870.6,80549,307.9,-2.90,-0.002283,83022,308.0,-39.81,-0.038185,88926,313.0,-54.97,-0.068377,340.2,-0.002169,946.0,127579,1044.4,89728,329.6,-4.96,-0.004062,83525,309.1,25.09,0.024126,87725,308.3,42.61,0.053098,520.2,0.067547,312.2,73127,346.4,82345,309.1,88.01,0.070591,81873,308.0,82.46,0.078067,86307,308.3,66.16,0.081088
161.18,0.0023360,0.051527,89901,90039,88772,89619,304.2,161.2,-0.000000,115.4,381596,1493.4,120185,345.2,-0.10,-0.000107,115133,338.3,0.61,0.000736,89540,309.9,12.35,0.015621,701.2,0.000000,687.8,2057701,902.9,79531,306.7,-2.79,-0.002181,82384,307.3,-39.10,-0.037298,88858,312.9,-55.60,-0.069134,341.2,-0.002609,947.2,127531,1042.2,90753,333.9,-6.37,-0.005213,83916,309.5,25.06,0.024181,87648,308.2,42.81,0.053307,521.2,0.071107,312.8,73730,346.9,82461,309.2,88.63,0.071163,81559,307.6,83.92,0.079238,86251,308.3,65.96,0.080788
162.16,0.0023502,0.051542,89833,89977,88740,89607,304.2,162.2,-0.000000,289.3,378522,1490.2,120064,345.1,-0.20,-0.000206,115156,338.3,-0.58,-0.000703,89584,309.9,9.92,0.012550,702.2,0.000000,9537.3,2201964,940.0,78573,305.7,-2.67,-0.002069,81741,306.7,-38.35,-0.036377,88805,312.8,-56.22,-0.069874,342.2,-0.003053,948.4,126983,1038.9,91755,338.8,-7.88,-0.006422,84356,310.0,25.03,0.024242,87585,308.2,43.05,0.053568,522.2,0.066177,313.5,74289,347.4,83675,310.6,85.51,0.069358,81301,307.3,85.28,0.080357,86208,308.3,65.81,0.080563
163.15,0.0023644,0.051560,89783,89909,88727,89597,304.2,163.1,0.000000,100.0,375432,1486.9,119897,345.0,-0.28,-0.000297,115170,338.3,-1.82,-0.002212,89645,310.0,7.36,0.009323,703.1,0.000000,100.0,2363386,982.2,77675,304.7,-2.54,-0.001952,81091,306.0,-37.56,-0.035417,88763,312.8,-56.76,-0.070526,343.1,-0.003526,949.6,126067,1034.9,92735,344.3,-9.46,-0.007671,84860,310.5,24.96,0.024277,87541,308.2,43.34,0.053893,523.1,0.069926,314.0,74896,347.9,83706,310.6,86.03,0.069805,81104,307.0,86.54,0.081407,86181,308.4,65.72,0.080418
164.13,0.0023787,0.051578,89754,89837,88733,89588,304.2,164.1,0.000000,173.5,372325,1483.5,119692,344.8,-0.36,-0.000375,115170,338.3,-3.12,-0.003780,89723,310.1,4.70,0.005949,704.1,0.000000,348.0,2542928,1029.7,76837,303.7,-2.41,-0.001834,80432,305.3,-36.71,-0.034418,88738,312.7,-57.20,-0.071072,344.1,-0.004028,950.8,124952,1030.6,93695,350.5,-11.11,-0.008942,85441,311.1,24.82,0.024258,87512,308.2,43.67,0.054285,524.1,0.064925,314.6,75460,348.4,84915,311.9,82.73,0.067798,80975,306.8,87.64,0.082365,86171,308.4,65.68,0.080354
165.11,0.0023929,0.051598,89742,89768,88775,89582,304.2,165.1,-0.000000,274.0,368455,1479.5,119456,344.6,-0.42,-0.000439,115144,338.3,-4.44,-0.005377,89773,310.1,1.83,0.002314,705.1,0.000000,175.5,2741240,1082.3,76056,302.8,-2.27,-0.001717,79762,304.6,-35.82,-0.033380,88726,312.7,-57.54,-0.071487,345.1,-0.004559,951.9,123762,1026.0,94641,357.5,-12.83,-0.010220,86110,311.8,24.58,0.024153,87497,308.3,44.07,0.054764,525.1,0.068424,315.0,76069,348.9,84888,311.9,83.20,0.068175,80913,306.7,88.57,0.083202,86174,308.5,65.71,0.080372
166.09,0.0024071,0.051617,89746,89712,88843,89577,304.3,166.1,-0.000000,100.0,364411,1475.4,119195,344.4,-0.47,-0.000490,115087,338.2,-5.75,-0.006968,89652,310.0,-1.49,-0.001891,706.1,0.000000,100.0,2958597,1140.0,75331,302.0,-2.13,-0.001603,79082,303.9,-34.89,-0.032309,88739,312.7,-57.72,-0.071731,346.1,-0.005108,953.3,122027,1020.3,95570,365.3,-14.58,-0.011479,86872,312.5,24.20,0.023933,87503,308.4,44.57,0.055372,526.1,0.063394,315.6,76635,349.4,86047,313.2,79.96,0.066139,80920,306.7,89.28,0.083891,86197,308.6,65.83,0.080517
167.07,0.0024214,0.051635,89759,89670,88910,89573,304.4,167.1,0.000000,413.8,360303,1471.1,118916,344.2,-0.51,-0.000529,115004,338.1,-7.03,-0.008517,89615,310.0,-4.50,-0.005697,707.1,0.000000,418.4,3194828,1202.6,74658,301.2,-2.00,-0.001492,78393,303.1,-33.92,-0.031211,88768,312.7,-57.82,-0.071871,347.1,-0.005700,953.9,121979,1017.9,96503,374.1,-16.40,-0.012732,87732,313.4,23.69,0.023595,87517,308.5,45.11,0.056034,527.1,0.066730,316.0,77246,349.9,86004,313.1,80.37,0.066459,80990,306.7,89.77,0.084417,86238,308.7,65.98,0.080702
168.20,0.0024377,0.051656,89773,89628,89009,89571,304.5,168.2,-0.000000,285.4,355546,1466.2,118579,343.9,-0.54,-0.000564,114880,338.0,-8.43,-0.010203,89634,310.0,-7.66,-0.009692,708.2,0.000000,185.0,3487070,1279.7,73951,300.4,-1.85,-0.001370,77599,302.3,-32.77,-0.029934,88828,312.7,-57.82,-0.071918,348.2,-0.006420,954.3,122772,1016.7,97611,385.6,-18.63,-0.014196,88815,314.5,22.92,0.023027,87546,308.6,45.79,0.056879,528.2,0.062156,316.6,77901,350.4,87050,314.3,77.43,0.064567,81143,306.8,90.02,0.084785,86300,308.9,66.19,0.080975
169.18,0.0024519,0.051673,89775,89597,89107,89569,304.6,169.2,-0.000000,297.5,351324,1461.7,118272,343.6,-0.57,-0.000588,114747,337.9,-9.57,-0.011575,89683,310.1,-10.24,-0.012965,709.2,0.000000,238.2,3760932,1351.6,73384,299.8,-1.72,-0.001269,76900,301.5,-31.74,-0.028808,88909,312.8,-57.75,-0.071888,349.2,-0.007218,954.7,123695,1016.2,98635,397.1,-20.74,-0.015507,89827,315.5,22.06,0.022346,87582,308.7,46.44,0.057692,529.2,0.064795,317.1,78513,351.0,87079,314.2,77.63,0.064764,81322,307.0,90.11,0.085010,86365,309.0,66.41,0.081268
170.17,0.0024662,0.051690,89763,89579,89214,89569,304.7,170.2,0.000000,100.0,347051,1457.2,117953,343.4,-0.59,-0.000611,114595,337.8,-10.62,-0.012831,89746,310.2,-12.66,-0.016040,710.2,0.000000,100.0,4049834,1427.2,72861,299.2,-1.60,-0.001172,76202,300.7,-30.70,-0.027684,89004,312.8,-57.64,-0.071808,350.2,-0.008025,955.4,124228,1015.0,99712,410.1,-22.99,-0.016823,90879,316.6,21.04,0.021488,87626,308.8,47.14,0.058564,530.2,0.059824,317.6,79083,351.4,88057,315.3,74.87,0.062941,81541,307.2,90.14,0.085206,86434,309.2,66.66,0.081605
171.15,0.0024804,0.051708,89733,89571,89333,89569,304.8,171.1,0.000000,633.9,342731,1452.7,117621,343.1,-0.62,-0.000636,114421,337.7,-11.57,-0.013962,89814,310.3,-14.90,-0.018887,711.1,0.000000,3419.4,4351296,1505.7,72379,298.6,-1.48,-0.001083,75509,300.0,-29.67,-0.026572,89114,312.9,-57.52,-0.071723,351.1,-0.008874,956.4,124271,1012.9,100834,424.8,-25.34,-0.018109,91958,317.6,19.86,0.020458,87677,309.0,47.88,0.059490,531.1,0.062966,318.1,79697,352.0,88140,315.4,74.98,0.063089,81773,307.4,90.03,0.085287,86510,309.3,66.95,0.081987
172.13,0.0024947,0.051727,89685,89563,89469,89570,304.9,172.1,0.000000,353.6,338375,1448.0,117274,342.8,-0.65,-0.000666,114225,337.5,-12.42,-0.014964,89889,310.4,-16.93,-0.021472,712.1,0.000000,310.5,4662483,1586.7,71934,298.1,-1.38,-0.001003,74824,299.2,-28.64,-0.025481,89233,313.0,-57.36,-0.071599,352.1,-0.009754,957.6,123891,1010.1,101991,441.3,-27.78,-0.019327,93047,318.7,18.54,0.019261,87739,309.1,48.67,0.060482,532.1,0.058032,318.6,80269,352.5,89101,316.4,72.36,0.061340,82009,307.6,89.64,0.085108,86595,309.5,67.29,0.082431
173.12,0.0025089,0.051748,89620,89545,89635,89571,305.1,173.1,0.000000,400.3,334005,1443.3,116907,342.5,-0.68,-0.000703,114011,337.3,-13.15,-0.015835,89978,310.5,-18.73,-0.023766,713.1,0.000000,512.9,4980148,1669.3,71521,297.6,-1.29,-0.000932,74152,298.5,-27.62,-0.024419,89369,313.1,-57.14,-0.071406,353.1,-0.010649,959.1,122881,1006.1,103173,459.6,-30.24,-0.020439,94131,319.8,17.08,0.017897,87816,309.3,49.52,0.061564,533.1,0.057114,319.2,80841,353.0,90162,317.5,69.64,0.059528,82268,307.8,88.95,0.084661,86696,309.7,67.68,0.082960
174.10,0.0025232,0.051771,89538,89514,89857,89572,305.3,174.1,-0.000000,100.0,329622,1438.5,116516,342.2,-0.73,-0.000748,113778,337.1,-13.79,-0.016581,90098,310.7,-20.26,-0.025725,714.1,0.000000,821.7,5300727,1753.1,71134,297.1,-1.21,-0.000872,73497,297.7,-26.63,-0.023392,89539,313.3,-56.84,-0.071129,354.1,-0.011540,960.9,121275,1001.0,104365,479.8,-32.69,-0.021407,95199,320.8,15.50,0.016369,87928,309.5,50.47,0.062782,534.1,0.060093,319.8,81457,353.5,90167,317.5,70.10,0.059929,82564,308.1,88.00,0.083983,86825,309.9,68.17,0.083630
175.08,0.0025375,0.051796,89438,89468,90125,89572,305.6,175.1,-0.000000,149.6,325228,1433.7,116096,341.8,-0.78,-0.000801,113526,336.9,-14.34,-0.017211,90267,310.9,-21.50,-0.027328,715.1,0.000000,260.2,5620409,1837.2,70770,296.7,-1.14,-0.000822,72862,297.0,-25.67,-0.022405,89758,313.5,-56.43,-0.070743,355.1,-0.012411,963.0,119087,994.8,105559,501.8,-35.07,-0.022206,96239,321.8,13.79,0.014681,88088,309.7,51.53,0.064178,535.1,0.055357,320.4,82034,354.0,91153,318.6,67.78,0.058384,82916,308.4,86.85,0.083161,86993,310.1,68.78,0.084493
176.07,0.0025517,0.051826,89319,89409,90380,89572,305.8,176.1,0.000000,531.8,320822,1428.9,115644,341.4,-0.85,-0.000863,113258,336.7,-14.80,-0.017737,90470,311.1,-22.51,-0.028664,716.1,0.000000,273.2,5935225,1921.1,70423,296.3,-1.09,-0.000782,72250,296.3,-24.73,-0.021461,90007,313.7,-55.95,-0.070287,356.1,-0.013243,965.4,116328,987.6,106746,525.7,-37.33,-0.022815,97244,322.7,11.98,0.012844,88271,309.9,52.67,0.065685,536.1,0.054566,331.8,82614,354.5,92247,319.7,65.27,0.056692,83317,308.8,85.56,0.082221,87184,310.3,69.47,0.085458
177.19,0.0025680,0.051864,89161,89334,90638,89570,306.0,177.2,0.000000,551.0,315775,1423.2,115084,341.0,-0.93,-0.000940,112935,336.4,-15.23,-0.018215,90718,311.4,-23.59,-0.030085,717.2,0.000000,269.0,6283854,2015.8,70041,295.8,-1.05,-0.000747,71583,295.5,-23.71,-0.020438,90285,314.0,-55.40,-0.069753,357.2,-0.014072,968.6,112498,978.0,108085,555.0,-39.69,-0.023271,98348,323.8,9.78,0.010576,88474,310.2,53.95,0.067375,537.2,0.057437,321.7,83327,355.1,92266,319.7,65.93,0.057282,83803,309.2,83.90,0.080972,87397,310.5,70.22,0.086525
178.18,0.0025823,0.051903,89006,89269,90859,89568,306.3,178.2,-0.000000,100.0,311346,1418.3,114555,340.5,-1.00,-0.001010,112642,336.1,-15.53,-0.018538,90952,311.7,-24.59,-0.031414,718.2,0.000000,100.0,6574622,2097.0,69717,295.4,-1.02,-0.000726,71030,294.9,-22.86,-0.019591,90512,314.2,-54.91,-0.069267,358.2,-0.014816,971.7,108578,968.5,109233,582.0,-41.53,-0.023462,99278,324.6,7.77,0.008452,88640,310.4,55.01,0.068782,538.2,0.052822,322.3,83915,355.6,93257,320.7,63.75,0.055809,84246,309.6,82.33,0.079777,87570,310.7,70.83,0.087403
179.17,0.0025966,0.051947,88839,89208,91076,89566,306.5,179.2,-0.000000,174.8,306908,1413.2,113992,340.0,-1.07,-0.001078,112340,335.9,-15.77,-0.018787,91196,312.0,-25.70,-0.032890,719.2,0.000000,100.0,6847996,2176.0,69399,295.0,-1.00,-0.000711,70507,294.3,-22.04,-0.018787,90725,314.3,-54.38,-0.068723,359.2,-0.010768,968.7,105854,961.3,106300,584.1,-31.68,-0.017357,100184,325.5,5.66,0.006200,88794,310.6,56.04,0.070148,539.2,0.052015,323.0,84507,356.1,94289,321.8,61.51,0.054261,84709,310.1,80.73,0.078545,87734,310.9,71.43,0.088257
180.15,0.0026109,0.051997,88665,89150,91276,89563,306.7,180.2,-0.000000,341.3,302461,1408.1,113398,339.5,-1.13,-0.001138,112031,335.6,-15.96,-0.018976,91440,312.3,-26.96,-0.034559,0.2,0.000000,100.0,7100278,2252.3,69083,294.6,-0.99,-0.000702,70015,293.7,-21.25,-0.018024,90923,314.5,-53.80,-0.068101,360.2,-0.008454,581.3,103814,955.6,104040,586.4,-25.37,-0.013547,101080,326.3,3.46,0.003813,88936,310.8,57.04,0.071473,540.2,0.054794,323.6,85142,356.7,94339,321.8,61.99,0.054717,85181,310.5,79.10,0.077277,87891,311.1,72.01,0.089073
181.14,0.0026252,0.052052,88489,89095,91452,89560,306.8,181.1,0.000000,320.8,298005,1402.9,112781,339.0,-1.19,-0.001187,111714,335.3,-16.12,-0.019118,91670,312.6,-28.39,-0.036451,1.1,0.000000,100.0,7328075,2325.3,68770,294.3,-0.99,-0.000698,69556,293.2,-20.49,-0.017300,91097,314.7,-53.17,-0.067392,361.1,-0.007177,963.5,101817,949.8,102863,589.7,-20.83,-0.010938,101984,327.1,1.15,0.001276,89063,310.9,57.99,0.072731,541.1,0.050327,324.2,85742,357.2,95270,322.7,60.02,0.053344,85661,311.0,77.47,0.075997,88036,311.3,72.53,0.089816
182.13,0.0026396,0.052113,88315,89045,91603,89557,307.0,182.1,-0.000000,25545.6,293543,1397.7,112149,338.5,-1.22,-0.001221,111391,335.1,-16.24,-0.019227,91877,312.9,-29.99,-0.038558,2.1,0.000000,100.0,7528433,2394.5,68456,293.9,-0.99,-0.000697,69128,292.7,-19.77,-0.016612,91243,314.8,-52.46,-0.066577,362.1,-0.004885,961.5,100359,945.2,101529,589.8,-15.83,-0.008202,102911,328.0,-1.26,-0.001410,89173,311.1,58.88,0.073900,542.1,0.049492,324.8,86347,357.8,96240,323.7,57.93,0.051850,86161,311.5,75.88,0.074755,88169,311.4,72.98,0.090456
183.12,0.0026539,0.052180,88149,89006,91731,89554,307.1,183.1,-0.000000,433.9,289076,1392.4,111510,337.9,-1.25,-0.001238,111061,334.8,-16.34,-0.019309,92054,313.2,-31.73,-0.040836,3.1,0.000000,195.6,7698891,2459.5,68141,293.5,-1.00,-0.000699,68734,292.2,-19.06,-0.015957,91358,314.9,-51.66,-0.065629,363.1,-0.002910,585.5,99312,941.5,100026,587.3,-9.46,-0.004851,103877,328.9,-3.78,-0.004250,89266,311.3,59.71,0.074970,543.1,0.052030,325.4,86994,358.3,96331,323.8,58.17,0.052110,86684,312.0,74.34,0.073568,88288,311.6,73.34,0.090981
184.11,0.0026683,0.052251,87995,88978,91829,89551,307.2,184.1,0.000000,100.0,284604,1387.1,110876,337.4,-1.25,-0.001237,110727,334.5,-16.43,-0.019372,92194,313.4,-33.55,-0.043220,4.1,0.000000,427.8,7837539,2519.9,67824,293.1,-1.01,-0.000703,68371,291.8,-18.39,-0.015332,91438,315.0,-50.76,-0.064528,364.1,-0.002156,584.0,98128,937.3,99332,586.1,-4.53,-0.002311,104928,329.8,-6.48,-0.007332,89338,311.4,60.45,0.075933,544.1,0.047619,326.0,87606,358.9,97192,324.6,56.20,0.050658,87229,312.5,72.86,0.072430,88394,311.8,73.60,0.091373
185.10,0.0026826,0.052327,87854,88963,91897,89548,307.3,185.1,0.000000,100.0,280128,1381.7,110252,336.8,-1.24,-0.001219,110389,334.2,-16.50,-0.019413,92291,313.6,-35.41,-0.045635,5.1,0.000000,616.4,7943056,2575.4,67504,292.7,-1.02,-0.000708,68039,291.4,-17.73,-0.014732,91484,315.0,-49.75,-0.063261,365.1,0.000611,584.3,97562,933.7,98442,584.6,0.91,0.000461,106134,330.9,-9.48,-0.010817,89387,311.5,61.12,0.076783,545.1,0.046615,326.6,88222,359.4,98027,325.4,54.19,0.049142,87798,313.0,71.42,0.071335,88483,311.9,73.76,0.091620
186.10,0.0026970,0.052406,87729,88967,91933,89545,307.3,186.1,-0.000000,27583.0,275650,1376.2,109646,336.3,-1.21,-0.001190,110047,333.9,-16.56,-0.019433,92337,313.7,-37.23,-0.047980,6.1,0.000000,100.0,8014731,2625.6,67183,292.3,-1.03,-0.000712,67737,291.0,-17.09,-0.014156,91506,315.0,-48.60,-0.061818,366.1,0.002276,582.8,97064,928.7,97848,583.0,4.33,0.002189,107511,332.1,-12.77,-0.014715,89417,311.7,61.72,0.077529,546.1,0.045561,327.1,88841,360.0,98841,326.2,52.12,0.047541,88395,313.6,70.03,0.070296,88556,312.0,73.80,0.091705
187.09,0.0027114,0.052489,87629,88989,91941,89542,307.3,187.1,-0.000000,102.6,271183,1370.7,109063,335.8,-1.18,-0.001150,109701,333.6,-16.58,-0.019419,92331,313.9,-38.93,-0.050145,7.1,0.000000,1304.4,8052469,2670.4,66860,291.9,-1.04,-0.000717,67464,290.7,-16.47,-0.013602,91508,315.0,-47.35,-0.060230,367.1,0.003477,580.7,96521,922.3,97426,580.6,6.86,0.003465,108897,333.3,-15.93,-0.018524,89429,311.8,62.23,0.078159,547.1,0.044447,336.3,89462,360.5,99645,327.0,49.99,0.045857,89027,314.2,68.70,0.069321,88616,312.1,73.74,0.091663
188.08,0.0027259,0.052574,87570,89025,91923,89540,307.3,188.1,0.000000,335.1,266748,1365.2,108504,335.3,-1.13,-0.001104,109354,333.3,-16.57,-0.019356,92277,313.9,-40.51,-0.052139,8.1,0.000000,374.5,8056846,2709.6,66536,291.5,-1.05,-0.000719,67216,290.4,-15.87,-0.013069,91490,315.0,-46.01,-0.058524,368.1,0.004598,577.8,95930,914.9,97064,577.5,9.12,0.004611,109993,334.3,-18.22,-0.021331,89420,311.8,62.66,0.078672,548.1,0.046220,328.1,90118,361.1,99556,326.9,50.09,0.045930,89688,314.8,67.42,0.068394,88662,312.2,73.56,0.091454
189.08,0.0027403,0.052659,87555,89079,91877,89537,307.2,189.1,0.000000,100.0,262347,1359.6,107973,334.8,-1.09,-0.001053,109008,333.0,-16.50,-0.019239,92187,314.0,-41.94,-0.053910,9.1,0.000000,226.4,8029114,2743.1,66213,291.1,-1.05,-0.000719,66991,290.1,-15.28,-0.012556,91449,314.9,-44.61,-0.056719,369.1,0.006208,573.9,95441,906.3,96516,573.4,12.02,0.006089,110637,334.9,-19.22,-0.022593,89390,311.8,63.00,0.079071,549.1,0.041718,328.6,90738,361.7,100230,327.5,48.06,0.044278,90369,315.5,66.15,0.067479,88696,312.3,73.24,0.091078
190.07,0.0027547,0.052743,87571,89156,91810,89534,307.2,190.1,-0.000000,100.0,257980,1354.0,107470,334.4,-1.04,-0.001002,108665,332.7,-16.38,-0.019053,92078,314.0,-43.19,-0.055454,10.1,0.000000,369.9,7971040,2770.9,65893,290.7,-1.05,-0.000715,66784,289.9,-14.71,-0.012059,91384,314.8,-43.13,-0.054810,370.1,0.007345,569.2,94911,896.9,96064,568.6,14.33,0.007286,110951,335.1,-19.34,-0.022780,89341,311.8,63.26,0.079353,550.1,0.040305,329.1,91356,362.2,100883,328.1,46.03,0.042603,91061,316.2,64.87,0.066544,88720,312.4,72.80,0.090539
191.07,0.0027691,0.052825,87612,89227,91723,89531,307.1,191.1,0.000000,100.0,253647,1348.4,106993,333.9,-0.99,-0.000951,108327,332.4,-16.18,-0.018783,91955,314.0,-44.29,-0.056781,11.1,0.000000,489.9,7884830,2793.2,65577,290.3,-1.04,-0.000707,66592,289.7,-14.15,-0.011577,91299,314.8,-41.58,-0.052806,371.1,0.008423,564.0,94357,886.7,95640,563.2,16.38,0.008374,110984,335.2,-18.92,-0.022297,89276,311.8,63.47,0.079558,551.1,0.038834,329.5,91974,362.8,101486,328.7,44.10,0.040988,91755,316.8,63.57,0.065565,88736,312.4,72.23,0.089837
192.21,0.0027856,0.052915,87703,89290,91603,89528,307.0,192.2,-0.000000,236.2,248740,1341.9,106479,333.5,-0.93,-0.000895,107947,332.1,-15.86,-0.018357,91800,314.0,-45.36,-0.058052,12.2,0.000000,558.1,7755177,2812.2,65223,289.8,-1.03,-0.000695,66389,289.4,-13.52,-0.011037,91182,314.6,-39.73,-0.050420,372.2,0.009593,557.3,93674,874.2,95126,556.3,18.63,0.009588,110846,335.1,-17.28,-0.020344,89188,311.8,63.65,0.079718,552.2,0.037634,330.0,92682,363.4,102082,329.3,42.12,0.039310,92539,317.6,62.02,0.064364,88746,312.4,71.42,0.088830
193.20,0.0028000,0.052989,87817,89340,91483,89525,306.9,193.2,0.000000,100.0,244486,1336.2,106054,333.1,-0.89,-0.000849,107619,331.8,-15.48,-0.017879,91654,314.0,-46.15,-0.058969,13.2,0.000000,100.0,7617693,2823.3,64921,289.5,-1.01,-0.000679,66223,289.2,-12.97,-0.010569,91068,314.5,-38.07,-0.048270,373.2,0.010764,550.8,93026,862.6,94633,549.6,20.53,0.010639,110172,334.5,-14.80,-0.017345,89102,311.8,63.75,0.079784,553.2,0.035717,330.5,93297,364.0,102640,329.8,40.27,0.037729,93209,318.2,60.60,0.063220,88750,312.4,70.56,0.087768
194.20,0.0028145,0.053058,87941,89384,91354,89521,306.7,194.2,0.000000,326.3,240270,1330.5,105649,332.7,-0.85,-0.000809,107294,331.5,-15.02,-0.017313,91501,314.0,-46.82,-0.059732,14.2,0.000000,1539.7,7460917,2829.7,64630,289.1,-0.98,-0.000658,66069,289.0,-12.41,-0.010095,90944,314.4,-36.38,-0.046081,374.2,0.011872,543.8,92336,850.5,94091,542.4,22.41,0.011700,109004,333.5,-11.13,-0.012947,89017,311.7,63.77,0.079742,554.2,0.034266,330.9,93911,364.5,103180,330.3,38.50,0.036206,93857,318.8,59.11,0.061974,88753,312.4,69.57,0.086541
195.19,0.0028289,0.053121,88055,89421,91217,89518,306.6,195.2,-0.000000,230.3,236092,1324.8,105262,332.4,-0.81,-0.000774,106969,331.2,-14.50,-0.016677,91346,314.0,-47.40,-0.060373,15.2,0.000000,153.2,7287901,2831.6,64352,288.7,-0.94,-0.000632,65935,288.9,-11.80,-0.009584,90814,314.3,-34.67,-0.043871,375.2,0.012990,536.3,91603,837.8,93504,534.8,24.28,0.012779,107619,332.3,-6.81,-0.007852,88931,311.7,63.71,0.079595,555.2,0.030449,337.7,94496,365.1,104326,331.3,35.26,0.033423,94479,319.4,57.54,0.060617,88754,312.4,68.45,0.085161
196.19,0.0028433,0.053180,88144,89452,91076,89515,306.5,196.2,-0.000000,100.0,231954,1319.1,104888,332.0,-0.79,-0.000747,106639,330.9,-13.94,-0.015996,91193,314.0,-47.92,-0.060933,16.2,0.000000,160.3,7101653,2829.6,64090,288.4,-0.90,-0.000599,65838,288.8,-11.08,-0.008987,90682,314.1,-32.96,-0.041656,376.2,0.014107,528.3,90871,824.9,92888,526.7,26.13,0.013872,106215,331.0,-2.64,-0.003018,88841,311.6,63.54,0.079309,556.2,0.018031,334.5,94953,365.5,107445,334.2,28.12,0.027216,95074,320.0,55.90,0.059153,88752,312.3,67.23,0.083650
197.19,0.0028578,0.053235,88201,89478,90935,89512,306.3,197.2,-0.000000,134.4,227856,1313.3,104524,331.7,-0.77,-0.000726,106303,330.6,-13.36,-0.015301,91045,314.0,-48.41,-0.061457,17.2,0.000000,421.9,6905068,2823.9,63846,288.1,-0.84,-0.000561,65784,288.7,-10.21,-0.008279,90549,314.0,-31.24,-0.039448,377.2,0.015178,520.0,90157,811.9,92278,518.3,27.90,0.014952,104963,329.9,1.14,0.001287,88747,311.6,63.22,0.078842,557.2,0.024407,334.8,95501,366.1,107860,334.6,26.73,0.025940,95644,320.5,54.19,0.057594,88745,312.3,65.93,0.082041
198.18,0.0028722,0.053288,88230,89509,90797,89509,306.2,198.2,0.000000,100.0,223799,1307.5,104167,331.4,-0.75,-0.000711,105954,330.3,-12.80,-0.014622,90905,314.0,-48.90,-0.061986,18.2,0.000000,100.0,6700866,2815.1,63623,287.8,-0.78,-0.000517,65756,288.7,-9.23,-0.007480,90419,313.9,-29.53,-0.037253,378.2,0.016236,511.4,89458,798.9,91685,509.6,29.61,0.016034,103876,328.9,4.42,0.004962,88658,311.5,62.79,0.078240,558.2,0.023400,335.2,96054,366.6,108262,334.9,25.51,0.024824,96194,321.0,52.43,0.055953,88729,312.2,64.60,0.080391
199.18,0.0028867,0.053339,88241,89550,90664,89507,306.1,199.2,0.000000,477.4,219783,1301.7,103816,331.1,-0.74,-0.000700,105592,330.0,-12.27,-0.013986,90774,314.0,-49.41,-0.062555,19.2,0.000000,100.0,6491546,2803.5,63421,287.5,-0.71,-0.000469,65752,288.7,-8.12,-0.006578,90292,313.8,-27.84,-0.035075,379.2,0.017318,502.6,88769,785.8,91114,500.8,31.32,0.017151,102928,328.1,7.20,0.008043,88579,311.5,62.25,0.077518,559.2,0.022383,335.5,96612,367.1,108663,335.3,24.36,0.023765,96729,321.5,50.63,0.054242,88699,312.1,63.29,0.078755
200.18,0.0029011,0.053390,88243,89590,90537,89505,306.0,200.2,0.000000,248.1,215808,1295.8,103468,330.8,-0.73,-0.000691,105212,329.7,-11.80,-0.013416,90653,314.0,-49.98,-0.063189,20.2,0.000000,196.0,6279359,2789.5,63243,287.3,-0.63,-0.000418,65804,288.8,-6.85,-0.005555,90170,313.6,-26.14,-0.032910,380.2,0.018455,493.7,88091,772.7,90566,491.8,33.07,0.018332,102088,327.3,9.58,0.010633,88516,311.4,61.63,0.076690,560.2,0.019742,339.9,97156,367.7,109476,336.0,22.33,0.021899,97257,322.0,48.78,0.052468,88661,312.0,62.02,0.077156
201.18,0.0029156,0.053440,88239,89612,90418,89503,305.8,201.2,0.000000,310.6,211876,1290.0,103125,330.4,-0.73,-0.000682,104815,329.3,-11.41,-0.012933,90542,314.0,-50.61,-0.063903,21.2,0.000000,143.7,6066289,2773.5,63089,287.1,-0.55,-0.000366,65913,288.9,-5.38,-0.004370,90054,313.5,-24.45,-0.030756,381.2,0.019669,484.6,87427,759.6,90046,482.7,34.91,0.019602,101333,326.6,11.63,0.012835,88468,311.4,60.88,0.075729,561.2,0.020358,336.3,97724,368.2,109857,336.3,21.45,0.021093,97784,322.5,46.90,0.050649,88616,311.9,60.79,0.075615
202.17,0.0029300,0.053489,88230,89627,90312,89502,305.7,202.2,0.000000,521.0,207987,1284.1,102789,330.1,-0.71,-0.000670,104399,328.9,-11.10,-0.012548,90444,314.0,-51.31,-0.064714,22.2,0.000000,397.4,5854052,2755.9,62958,286.9,-0.47,-0.000313,66072,289.1,-3.71,-0.003019,89945,313.4,-22.76,-0.028601,382.2,0.020975,475.5,86784,746.4,89558,473.5,36.84,0.020974,100642,326.0,13.41,0.014732,88446,311.4,59.98,0.074585,562.2,0.019362,336.8,98299,368.8,110275,336.7,20.70,0.020407,98307,323.0,45.04,0.048826,88567,311.9,59.64,0.074159
203.17,0.0029445,0.053539,88220,89641,90223,89502,305.7,203.2,0.000000,100.0,204142,1278.2,102464,329.8,-0.69,-0.000650,103964,328.5,-10.89,-0.012275,90364,314.0,-52.09,-0.065638,23.2,0.000000,100.0,5644101,2737.0,62849,286.8,-0.40,-0.000263,66272,289.4,-1.91,-0.001556,89847,313.3,-21.05,-0.026424,383.2,0.022389,466.3,86162,733.3,89104,464.3,38.87,0.022457,99999,325.3,14.99,0.016395,88462,311.4,58.87,0.073216,563.2,0.017014,340.6,98863,369.3,111121,337.4,19.16,0.019000,98821,323.4,43.24,0.047044,88517,311.8,58.58,0.072819
204.17,0.0029590,0.053587,88213,89655,90149,89503,305.6,204.2,0.000000,153.1,200368,1272.4,102156,329.5,-0.66,-0.000620,103508,328.1,-10.79,-0.012124,90300,314.1,-52.96,-0.066670,24.2,0.000000,319.6,5437637,2717.0,62759,286.7,-0.33,-0.000218,66490,289.6,-0.04,-0.000029,89762,313.2,-19.29,-0.024209,384.2,0.023896,457.1,85585,720.2,88691,455.1,40.98,0.024039,99395,324.8,16.43,0.017893,88522,311.5,57.53,0.071578,564.2,0.017474,337.9,99451,369.9,111557,337.8,18.59,0.018486,99331,323.9,41.50,0.045323,88469,311.7,57.63,0.071615
205.17,0.0029735,0.053636,88213,89665,90088,89504,305.5,205.2,-0.000000,462.3,196685,1266.5,101870,329.3,-0.62,-0.000578,103040,327.7,-10.76,-0.012047,90252,314.1,-53.90,-0.067813,25.2,0.000000,100.0,5229301,2693.1,62684,286.6,-0.27,-0.000181,66705,289.9,1.82,0.001493,89690,313.2,-17.50,-0.021950,385.2,0.025481,448.0,85055,707.1,88324,445.9,43.10,0.025701,98821,324.2,17.78,0.019286,88622,311.6,55.93,0.069637,565.2,0.015133,338.5,100030,370.4,112334,338.5,17.26,0.017245,99858,324.4,39.80,0.043630,88422,311.6,56.79,0.070546
206.17,0.0029879,0.053683,88217,89671,90038,89506,305.5,206.2,-0.000000,150.8,193091,1260.8,101614,329.0,-0.56,-0.000524,102565,327.3,-10.81,-0.012059,90214,314.2,-54.93,-0.069062,26.2,0.000000,100.0,5027284,2669.0,62622,286.5,-0.23,-0.000151,66896,290.1,3.58,0.002941,89629,313.1,-15.67,-0.019645,386.2,0.027133,439.0,84571,694.2,88003,436.9,45.23,0.027423,98271,323.7,19.09,0.020626,88749,311.8,54.08,0.067404,566.2,0.014242,339.0,100616,371.0,113050,339.1,15.95,0.016014,100442,324.9,38.04,0.041876,88375,311.6,56.07,0.069623
207.17,0.0030024,0.053730,88229,89673,90003,89509,305.4,207.2,-0.000000,356.7,189583,1255.1,101392,328.8,-0.49,-0.000459,102076,326.8,-10.95,-0.012179,90187,314.2,-56.02,-0.070401,27.2,0.000000,662.5,4832666,2645.2,62570,286.4,-0.19,-0.000127,67046,290.3,5.18,0.004258,89580,313.1,-13.80,-0.017285,387.2,0.028833,430.3,84131,681.4,87721,428.0,47.31,0.029182,97741,323.2,20.40,0.021957,88888,312.0,52.05,0.064944,567.2,0.013357,342.1,101211,371.6,113696,339.6,14.67,0.014786,101128,325.6,36.11,0.039940,88327,311.6,55.48,0.068863
208.17,0.0030169,0.053776,88257,89672,89984,89513,305.4,208.2,-0.000000,222.7,186159,1249.4,101207,328.7,-0.42,-0.000389,101575,326.4,-11.19,-0.012401,90170,314.3,-57.17,-0.071813,28.2,0.000000,1474.0,4645512,2621.8,62528,286.4,-0.15,-0.000101,67148,290.4,6.58,0.005414,89543,313.0,-11.86,-0.014857,388.2,0.030560,421.7,83732,668.7,87470,419.4,49.31,0.030954,97229,322.7,21.75,0.023312,89025,312.1,49.93,0.062359,568.2,0.013484,339.9,101827,372.2,113974,339.9,14.05,0.014181,101955,326.3,33.90,0.037721,88281,311.5,55.03,0.068278
209.17,0.0030314,0.053819,88305,89670,89980,89518,305.4,209.2,-0.000000,312.5,182818,1243.8,101056,328.5,-0.34,-0.000319,101061,325.9,-11.50,-0.012705,90163,314.4,-58.36,-0.073277,29.2,0.000000,284.2,4465810,2598.8,62512,286.4,-0.08,-0.000051,67204,290.5,7.80,0.006418,89519,313.0,-9.86,-0.012353,389.2,0.032291,413.5,83367,656.3,87243,411.1,51.21,0.032709,96733,322.2,23.13,0.024712,89151,312.3,47.80,0.059755,569.2,0.011492,340.3,102438,372.8,114479,340.3,12.81,0.012974,102925,327.2,31.43,0.035203,88233,311.5,54.75,0.067894
210.17,0.0030459,0.053860,88369,89673,89989,89524,305.4,210.2,-0.000000,365.8,179557,1238.2,100936,328.4,-0.28,-0.000257,100536,325.4,-11.89,-0.013081,90159,314.5,-59.55,-0.074747,30.2,0.000000,100.0,4293466,2576.1,62519,286.4,-0.00,-0.000000,67235,290.5,8.85,0.007292,89509,313.0,-7.80,-0.009769,390.2,0.033999,405.6,83031,644.1,87029,403.2,52.98,0.034424,96256,321.8,24.58,0.026164,89261,312.4,45.75,0.057232,570.2,0.010569,340.6,103057,373.4,114893,340.6,11.66,0.011835,103993,328.2,28.80,0.032502,88179,311.5,54.67,0.067756
211.17,0.0030604,0.053897,88467,89680,90004,89531,305.4,211.2,0.000000,323.1,176374,1232.7,100840,328.3,-0.22,-0.000207,100000,324.9,-12.34,-0.013520,90157,314.6,-60.71,-0.076188,31.2,0.000000,628.6,4128345,2553.8,62556,286.4,0.10,0.000064,67235,290.5,9.69,0.007979,89509,313.0,-5.68,-0.007111,391.2,0.035662,398.1,82716,632.2,86820,395.6,54.61,0.036075,95797,321.3,26.08,0.027671,89343,312.5,43.85,0.054897,571.2,0.009730,340.9,103686,374.0,115238,340.9,10.52,0.010707,105077,329.1,26.23,0.029826,88130,311.5,54.76,0.067824
212.17,0.0030749,0.053930,88605,89687,90022,89537,305.5,212.2,-0.000000,380.0,173266,1227.2,100759,328.3,-0.19,-0.000174,99452,324.4,-12.84,-0.014015,90157,314.6,-61.84,-0.077585,32.2,0.000000,9187.3,3970282,2531.9,62634,286.5,0.23,0.000152,67168,290.5,10.31,0.008481,89516,313.0,-3.51,-0.004393,392.2,0.037261,391.0,82415,620.5,86607,388.4,56.08,0.037645,95359,320.9,27.64,0.029230,89409,312.6,42.13,0.052763,572.2,0.008882,342.9,104325,374.6,115521,341.2,9.42,0.009600,106105,330.1,23.92,0.027379,88084,311.5,54.99,0.068076
213.17,0.0030894,0.053957,88748,89694,90037,89544,305.5,213.2,0.000000,103.3,170231,1221.8,100673,328.2,-0.19,-0.000173,98891,323.9,-13.39,-0.014564,90153,314.7,-62.91,-0.078916,33.2,0.000000,124.7,3819099,2510.4,62766,286.7,0.40,0.000265,67049,290.3,10.74,0.008823,89527,313.0,-1.30,-0.001631,393.2,0.038767,384.2,82119,609.2,86389,381.6,57.40,0.039114,94943,320.5,29.25,0.030838,89464,312.7,40.56,0.050814,573.2,0.008012,342.8,104974,375.2,115723,341.3,8.39,0.008561,107040,330.9,21.94,0.025281,88032,311.6,55.37,0.068503
214.17,0.0031039,0.053979,88882,89707,90062,89551,305.5,214.2,0.000000,391.6,167268,1216.4,100572,328.1,-0.21,-0.000197,98314,323.4,-14.01,-0.015167,90148,314.8,-63.90,-0.080140,34.2,0.000000,141.4,3674589,2489.2,62965,287.0,0.62,0.000407,66907,290.1,10.98,0.009011,89415,312.9,0.66,0.000821,394.2,0.040165,377.9,81822,598.2,86167,375.3,58.56,0.040473,94552,320.1,30.92,0.032497,89517,312.7,39.14,0.049055,574.2,0.007766,341.4,105641,375.9,115716,341.3,7.75,0.007909,107881,331.6,20.33,0.023553,87979,311.6,55.93,0.069141
215.16,0.0031183,0.053996,89020,89725,90049,89558,305.5,215.2,-0.000000,245.1,164374,1211.1,100443,328.0,-0.27,-0.000248,97720,322.8,-14.68,-0.015822,90129,314.8,-64.82,-0.081266,35.2,0.000000,308.0,3536522,2468.5,63247,287.3,0.89,0.000587,66753,289.9,11.10,0.009096,89299,312.8,2.65,0.003309,395.2,0.041478,372.1,81520,587.6,85933,369.3,59.59,0.041736,94189,319.8,32.64,0.034214,89560,312.8,37.81,0.047406,575.2,0.006374,341.4,106311,376.5,115827,341.4,6.79,0.006940,108655,332.3,19.02,0.022147,87906,311.6,56.62,0.069935
216.16,0.0031328,0.054007,89165,89736,90014,89564,305.4,216.2,-0.000000,529.1,161547,1205.8,100273,327.8,-0.35,-0.000320,97111,322.2,-15.40,-0.016528,90086,314.8,-65.67,-0.082284,36.2,0.000000,100.0,3404666,2448.2,63632,287.8,1.21,0.000806,66595,289.7,11.16,0.009125,89216,312.7,4.72,0.005891,396.2,0.042714,366.6,81211,577.4,85685,363.8,60.54,0.042918,93855,319.4,34.43,0.035998,89588,312.8,36.53,0.045812,576.2,0.005639,341.5,106995,377.2,115910,341.5,5.91,0.006042,109392,332.9,17.94,0.020991,87806,311.6,57.44,0.070862
217.16,0.0031473,0.054013,89312,89734,89955,89570,305.4,217.2,-0.000000,100.0,158785,1200.6,100058,327.6,-0.44,-0.000408,96488,321.6,-16.17,-0.017280,90018,314.8,-66.42,-0.083174,37.2,0.000000,658.6,3278784,2428.2,64131,288.5,1.58,0.001056,66444,289.5,11.15,0.009108,89144,312.6,6.81,0.008508,397.2,0.043882,361.5,80892,567.5,85423,358.7,61.43,0.044037,93554,319.1,36.29,0.037856,89606,312.9,35.24,0.044197,577.2,0.004945,341.5,107691,377.9,115964,341.5,5.12,0.005233,110120,333.6,17.02,0.020011,87676,311.6,58.38,0.071914
218.16,0.0031617,0.054014,89464,89713,89875,89576,305.3,218.2,0.000000,100.0,156086,1195.4,99793,327.4,-0.55,-0.000505,95857,321.0,-17.00,-0.018075,89926,314.7,-67.07,-0.083919,38.2,0.000000,1320.0,3158637,2408.6,64745,289.2,1.95,0.001312,66308,289.4,11.12,0.009071,89073,312.5,8.90,0.011107,398.2,0.044999,356.8,80565,558.0,85150,353.9,62.30,0.045113,93290,318.9,38.22,0.039793,89621,312.9,33.88,0.042495,578.2,0.004298,342.3,108402,378.5,116000,341.5,4.40,0.004502,110859,334.2,16.21,0.019146,87519,311.6,59.42,0.073081
219.16,0.0031762,0.054008,89628,89673,89778,89581,305.2,219.2,0.000000,378.4,153449,1190.2,99477,327.1,-0.66,-0.000606,95225,320.4,-17.86,-0.018906,89814,314.6,-67.61,-0.084509,39.2,0.000000,157.9,3043985,2389.5,65456,290.2,2.26,0.001535,66188,289.2,11.08,0.009027,88997,312.4,10.94,0.013650,399.2,0.046079,352.4,80232,548.9,84869,349.5,63.16,0.046164,93062,318.7,40.23,0.041804,89637,312.9,32.39,0.040635,579.2,0.003695,342.2,109129,379.2,116022,341.6,3.77,0.003856,111614,334.9,15.46,0.018349,87340,311.5,60.55,0.074348
220.16,0.0031907,0.053997,89820,89618,89666,89585,305.1,220.2,0.000000,246.2,150871,1185.1,99109,326.7,-0.78,-0.000708,94599,319.8,-18.76,-0.019765,89687,314.5,-68.02,-0.084940,40.2,0.000000,190.2,2934589,2370.6,66227,291.1,2.47,0.001691,66085,289.1,11.05,0.008987,88911,312.3,12.93,0.016114,400.2,0.047141,348.3,79894,540.2,84586,345.5,64.06,0.047208,92872,318.5,42.28,0.043877,89665,312.9,30.70,0.038526,580.2,0.003137,341.6,109872,379.9,116033,341.6,3.22,0.003290,112381,335.5,14.75,0.017598,87144,311.4,61.76,0.075691
221.15,0.0032051,0.053978,90049,89557,89543,89588,305.0,221.2,-0.000000,264.4,148351,1180.0,98691,326.3,-0.89,-0.000811,93990,319.3,-19.69,-0.020641,89549,314.3,-68.31,-0.085215,41.2,0.000000,100.0,2830219,2352.2,67016,292.1,2.54,0.001754,66004,289.0,11.02,0.008959,88813,312.2,14.84,0.018484,401.2,0.048199,344.6,79554,531.8,84304,341.8,65.00,0.048260,92717,318.3,44.37,0.045989,89713,312.9,28.72,0.036053,581.2,0.002620,341.6,110633,380.7,116045,341.6,2.73,0.002795,113145,336.2,14.09,0.016886,86937,311.2,63.02,0.077077
222.15,0.0032196,0.053952,90283,89494,89410,89592,304.9,222.2,-0.000000,371.5,145888,1175.0,98223,325.9,-1.00,-0.000911,93408,318.7,-20.62,-0.021520,89403,314.2,-68.49,-0.085336,42.2,0.000000,177.1,2730653,2334.2,67779,293.1,2.47,0.001720,65951,288.9,11.03,0.008958,88702,312.1,16.68,0.020755,402.2,0.049265,341.1,79218,523.7,84028,338.3,65.99,0.049330,92592,318.2,46.46,0.048111,89792,313.0,26.34,0.033090,582.2,0.001983,341.6,111410,381.4,116101,341.6,2.22,0.002271,113889,336.8,13.47,0.016217,86721,311.1,64.29,0.078475
223.15,0.0032341,0.053917,90498,89432,89273,89595,304.7,223.1,-0.000000,123.2,143479,1170.0,97709,325.4,-1.11,-0.001006,92861,318.2,-21.53,-0.022383,89255,314.0,-68.54,-0.085307,43.1,0.000000,202.9,2635671,2316.5,68477,293.9,2.28,0.001597,65943,288.9,11.12,0.009036,88580,311.9,18.44,0.022934,403.1,0.050347,338.0,78887,516.0,83762,335.2,67.03,0.050424,92492,318.1,48.53,0.050211,89906,313.0,23.48,0.029524,583.1,0.001613,341.7,112208,382.2,116152,341.7,1.80,0.001843,114596,337.4,12.90,0.015598,86504,310.9,65.56,0.079858
224.15,0.0032485,0.053875,90701,89373,89136,89598,304.6,224.1,-0.000000,117.8,141123,1165.1,97152,324.9,-1.22,-0.001096,92356,317.7,-22.42,-0.023212,89101,313.8,-68.50,-0.085166,44.1,0.000000,155.4,2545052,2299.1,69079,294.7,1.99,0.001402,65957,288.9,11.35,0.009217,88447,311.7,20.15,0.025033,404.1,0.051451,335.1,78565,508.6,83509,332.3,68.14,0.051545,92409,318.0,50.53,0.052255,90052,313.2,20.08,0.025281,584.1,0.001154,341.7,113025,382.9,116228,341.7,1.40,0.001429,115250,337.9,12.38,0.015032,86289,310.8,66.79,0.081200
225.14,0.0032630,0.053827,90904,89319,89004,89602,304.5,225.1,-0.000000,100.0,138819,1160.2,96555,324.3,-1.32,-0.001179,91898,317.2,-23.25,-0.023990,88948,313.6,-68.41,-0.084956,45.1,0.000000,260.1,2458585,2282.1,69568,295.2,1.64,0.001161,65993,289.0,11.64,0.009459,88307,311.5,21.81,0.027069,405.1,0.052578,332.5,78255,501.6,83272,329.7,69.31,0.052697,92337,317.9,52.46,0.054214,90228,313.3,16.12,0.020329,585.1,0.000759,342.0,113864,383.7,116335,341.8,1.04,0.001065,115844,338.4,11.90,0.014511,86081,310.6,67.98,0.082482
226.14,0.0032774,0.053772,91098,89274,88883,89607,304.3,226.1,-0.000000,100.0,136565,1155.3,95921,323.7,-1.41,-0.001257,91486,316.8,-24.02,-0.024700,88804,313.4,-68.28,-0.084699,46.1,0.000000,128.5,2376068,2265.5,69938,295.7,1.27,0.000902,66077,289.1,11.98,0.009747,88166,311.4,23.44,0.029062,406.1,0.053732,330.1,77960,494.8,83055,327.3,70.54,0.053882,92269,317.9,54.27,0.056060,90425,313.5,11.60,0.014653,586.1,0.000443,342.0,114726,384.5,116467,341.9,0.75,0.000767,116370,338.9,11.47,0.014028,85884,310.5,69.12,0.083697
227.14,0.0032918,0.053712,91275,89240,88776,89612,304.2,227.1,0.000000,339.8,134360,1150.5,95253,323.0,-1.50,-0.001329,91117,316.5,-24.70,-0.025327,88666,313.3,-68.08,-0.084366,47.1,0.000000,248.0,2297308,2249.2,70193,296.0,0.90,0.000644,66205,289.2,12.39,0.010094,88029,311.2,25.05,0.031025,407.1,0.054915,328.0,77683,488.3,82860,325.1,71.83,0.055104,92200,317.8,55.96,0.057775,90645,313.7,6.49,0.008212,587.1,0.000193,342.1,115612,385.3,116617,342.0,0.54,0.000550,116824,339.3,11.07,0.013575,85703,310.4,70.19,0.084849
228.13,0.0033063,0.053646,91431,89220,88757,89621,304.2,228.1,-0.000000,100.0,132203,1145.7,94553,322.3,-1.58,-0.001398,90786,316.1,-25.29,-0.025859,88554,313.1,-67.75,-0.083890,48.1,0.000000,100.0,2222118,2233.2,70341,296.2,0.56,0.000403,66375,289.4,12.84,0.010481,87918,311.0,26.71,0.033057,408.1,0.056132,326.1,77426,482.1,82692,323.2,73.19,0.056369,92124,317.7,57.52,0.059346,90588,313.7,-0.06,-0.000076,588.1,0.000118,342.2,116526,386.2,116769,342.2,0.43,0.000445,117210,339.6,10.68,0.013126,85560,310.4,71.29,0.086038
229.13,0.0033207,0.053576,91566,89213,88715,89632,304.2,229.1,-0.000000,100.0,130093,1141.0,93822,321.6,-1.67,-0.001465,90486,315.9,-25.77,-0.026287,88470,313.0,-67.31,-0.083298,49.1,0.000000,100.0,2150321,2217.6,70395,296.2,0.26,0.000189,66588,289.7,13.31,0.010887,87807,311.0,28.34,0.035045,409.1,0.057392,324.4,77191,476.2,82555,321.4,74.61,0.057684,92039,317.6,58.93,0.060767,90495,313.6,-7.41,-0.009359,589.1,-0.000507,386.9,117459,387.0,117107,342.5,0.10,0.000099,117532,339.8,10.28,0.012659,85431,310.4,72.32,0.087144
230.13,0.0033352,0.053502,91674,89223,88704,89646,304.2,230.1,0.000000,100.0,128029,1136.3,93059,320.9,-1.75,-0.001531,90207,315.6,-26.14,-0.026607,88408,312.9,-66.79,-0.082614,50.1,0.000000,100.0,2081746,2202.2,70370,296.2,0.01,0.000005,66847,290.0,13.76,0.011285,87668,310.9,29.93,0.036953,410.1,0.058701,322.8,76982,470.6,82453,319.9,76.12,0.059059,91940,317.5,60.21,0.062038,90579,313.7,-15.21,-0.019231,590.1,-0.001036,387.1,118415,387.9,117512,342.9,-0.27,-0.000278,117796,340.1,9.85,0.012157,85292,310.5,73.25,0.088096
231.12,0.0033496,0.053426,91750,89250,88731,89663,304.2,231.1,-0.000000,100.0,126009,1131.6,92266,320.1,-1.84,-0.001597,89940,315.3,-26.40,-0.026819,88369,312.9,-66.11,-0.081763,51.1,0.000000,100.0,2016231,2187.2,70278,296.1,-0.21,-0.000153,67157,290.4,14.15,0.011642,87515,310.9,31.49,0.038817,411.1,0.060069,321.5,76799,465.2,82387,318.5,77.70,0.060497,91827,317.4,61.36,0.063164,90768,313.9,-23.67,-0.029971,591.1,-0.000972,387.3,119403,388.8,117838,343.2,-0.41,-0.000420,118003,340.2,9.40,0.011615,85163,310.7,74.09,0.088917
232.12,0.0033640,0.053349,91793,89294,88774,89684,304.2,232.1,-0.000000,238.7,124032,1127.0,91444,319.3,-1.92,-0.001660,89676,315.1,-26.57,-0.026927,88360,312.8,-65.27,-0.080725,52.1,0.000000,170.4,1953632,2172.5,70141,295.9,-0.37,-0.000262,67525,290.8,14.42,0.011911,87372,310.9,33.01,0.040623,412.1,0.061462,320.4,76645,460.0,82372,317.3,79.31,0.061973,91695,317.3,62.39,0.064153,90892,314.1,-32.31,-0.040940,592.1,-0.000814,387.5,120424,389.7,118120,343.5,-0.36,-0.000376,118155,340.4,8.92,0.011031,85077,311.0,74.77,0.089552
233.11,0.0033785,0.053271,91804,89362,88826,89708,304.3,233.1,-0.000000,371.0,122097,1122.4,90596,318.4,-2.01,-0.001718,89407,314.8,-26.63,-0.026936,88375,312.8,-64.32,-0.079574,53.1,0.000000,453.7,1893800,2158.1,69981,295.7,-0.46,-0.000329,67953,291.4,14.58,0.012104,87256,311.0,34.48,0.042363,413.1,0.062809,319.5,76518,455.1,82427,316.3,80.87,0.063435,91545,317.2,63.30,0.065019,90916,314.1,-40.65,-0.051511,593.1,-0.000629,387.7,121482,390.6,118398,343.8,-0.20,-0.000211,118254,340.4,8.41,0.010406,85045,311.5,75.28,0.090001
234.11,0.0033929,0.053195,91789,89451,88869,89736,304.3,234.1,-0.000000,195.7,120202,1117.8,89727,317.6,-2.08,-0.001768,89125,314.5,-26.61,-0.026851,88432,312.8,-63.23,-0.078275,54.1,0.000000,100.0,1836595,2144.0,69809,295.5,-0.51,-0.000365,68445,292.0,14.66,0.012228,87210,311.2,36.01,0.044187,414.1,0.064184,318.8,76418,450.5,82537,315.5,82.42,0.064903,91376,317.0,64.13,0.065776,90801,314.0,-48.30,-0.061152,594.1,-0.000446,388.0,122576,391.6,118703,344.1,0.03,0.000027,118305,340.5,7.86,0.009729,85070,312.0,75.73,0.090408
235.10,0.0034073,0.053121,91745,89540,88889,89764,304.4,235.1,-0.000000,100.0,118347,1113.3,88843,316.7,-2.14,-0.001806,88828,314.2,-26.54,-0.026722,88621,312.9,-61.74,-0.076560,55.1,0.000000,218.0,1781884,2130.2,69639,295.3,-0.52,-0.000370,69007,292.6,14.56,0.012220,87357,311.6,37.95,0.046578,415.1,0.065585,318.2,76347,446.0,82690,314.8,83.95,0.066374,91186,316.8,64.87,0.066438,90627,313.9,-54.49,-0.068892,595.1,-0.000277,388.3,123708,392.6,119054,344.4,0.28,0.000294,118313,340.5,7.26,0.008990,85226,312.6,76.40,0.091190
236.10,0.0034217,0.053050,91678,89622,88951,89793,304.5,236.1,-0.000000,1169.3,116530,1108.8,87953,315.8,-2.18,-0.001827,88509,313.9,-26.44,-0.026546,88774,313.0,-60.46,-0.075074,56.1,0.000000,470.7,1729564,2116.6,69489,295.2,-0.48,-0.000338,69624,293.4,14.20,0.011987,87487,312.0,39.67,0.048704,416.1,0.066994,317.7,76305,441.8,82873,314.3,85.46,0.067827,90977,316.6,65.55,0.067021,90353,313.6,-59.50,-0.075060,596.1,-0.000127,388.6,124878,393.6,119449,344.7,0.52,0.000546,118278,340.5,6.63,0.008206,85353,313.2,76.79,0.091630
237.09,0.0034361,0.052983,91590,89704,89011,89824,304.7,237.1,-0.000000,602.4,114752,1104.3,87068,314.8,-2.20,-0.001830,88165,313.6,-26.28,-0.026313,88842,313.0,-59.38,-0.073785,57.1,0.000000,100.0,1679537,2103.4,69371,295.0,-0.39,-0.000278,70290,294.2,13.69,0.011638,87572,312.4,41.19,0.050557,417.1,0.068383,317.4,76290,437.8,83075,313.8,86.89,0.069235,90748,316.4,66.17,0.067534,90027,313.3,-63.26,-0.079606,597.1,-0.000001,346.4,126086,394.6,119871,345.1,0.72,0.000751,118202,340.4,5.96,0.007374,85455,313.6,76.88,0.091730
238.09,0.0034505,0.052919,91486,89790,89076,89854,304.8,238.1,0.000000,117.2,113011,1099.9,86203,313.9,-2.18,-0.001804,87792,313.2,-26.08,-0.026034,88826,313.0,-58.42,-0.072602,58.1,0.000000,202.8,1631681,2090.4,69294,294.9,-0.27,-0.000194,70970,295.0,13.19,0.011289,87625,312.6,42.49,0.052142,418.1,0.069719,317.2,76300,434.0,83289,313.5,88.24,0.070568,90500,316.2,66.75,0.067988,89683,312.9,-65.82,-0.082600,598.1,0.000104,346.6,127332,395.6,120304,345.4,0.85,0.000895,118090,340.3,5.25,0.006490,85542,313.9,76.84,0.091702
239.08,0.0034649,0.052861,91368,89864,89146,89883,305.0,239.1,-0.000000,3613.3,111306,1095.5,85368,313.1,-2.14,-0.001755,87386,312.8,-25.87,-0.025734,88765,312.9,-57.46,-0.071377,59.1,0.000000,366.0,1585879,2077.7,69269,294.9,-0.13,-0.000089,71618,295.7,12.81,0.011040,87646,312.8,43.61,0.053506,419.1,0.070971,317.0,76333,430.5,83506,313.2,89.47,0.071800,90232,315.9,67.29,0.068389,89346,312.6,-67.23,-0.084149,599.1,0.000180,346.8,128619,396.7,120732,345.8,0.93,0.000975,117956,340.2,4.48,0.005535,85632,314.0,76.67,0.091553
240.07,0.0034793,0.052808,91242,89920,89222,89912,305.1,240.1,-0.000000,344.7,109636,1091.2,84573,312.2,-2.06,-0.001683,86946,312.4,-25.65,-0.025430,88692,312.8,-56.44,-0.070081,60.1,0.000000,100.0,1542023,2065.2,69287,294.9,0.01,0.000008,72222,296.5,12.64,0.010959,87650,312.9,44.62,0.054736,420.1,0.072117,316.9,76383,427.1,83720,313.0,90.56,0.072912,89946,315.7,67.79,0.068742,89044,312.2,-67.54,-0.084337,600.1,0.000221,347.1,129945,397.8,121134,346.1,0.94,0.000986,117812,340.1,3.64,0.004493,85765,314.1,76.25,0.091162
241.21,0.0034957,0.052754,91091,89975,89203,89942,305.1,241.2,0.000000,228.4,107769,1086.2,83727,311.3,-1.95,-0.001575,86403,311.8,-25.42,-0.025088,88672,312.7,-54.98,-0.068268,61.2,0.000000,100.0,1494158,2051.3,69367,295.0,0.19,0.000132,72865,297.2,12.64,0.011028,87710,312.9,45.91,0.056340,421.2,0.073205,316.9,76458,423.4,83956,312.8,91.63,0.074019,89598,315.3,68.33,0.069093,88724,311.9,-66.36,-0.082653,601.2,0.000029,169.7,131509,399.1,121642,346.5,0.84,0.000891,117649,339.9,2.58,0.003183,86063,314.2,75.56,0.090628
242.20,0.0035101,0.052712,90959,90028,89184,89965,305.1,242.2,0.000000,462.4,106413,1082.5,83049,310.6,-1.82,-0.001462,85895,311.3,-25.23,-0.024791,88688,312.7,-53.64,-0.066618,62.2,0.000000,100.0,1454140,2039.4,69503,295.2,0.37,0.000261,73380,297.8,12.73,0.011166,87773,312.9,46.93,0.057644,422.2,0.074146,316.9,76535,420.4,84150,312.7,92.40,0.074840,89275,315.0,68.78,0.069357,88472,311.6,-64.23,-0.079842,602.2,0.000000,426.0,132928,413.1,122022,346.8,0.72,0.000759,117515,339.8,1.58,0.001941,86378,314.2,74.56,0.089742
243.19,0.0035245,0.052676,90828,90086,89138,89986,305.0,243.2,0.000000,281.5,105641,1080.1,82435,310.0,-1.67,-0.001337,85361,310.8,-25.03,-0.024483,88690,312.6,-52.38,-0.065059,63.2,0.000000,100.0,1415768,2027.7,69704,295.4,0.57,0.000402,73845,298.3,13.04,0.011482,87799,312.8,47.82,0.058763,423.2,0.074883,316.9,76617,417.5,84329,312.6,93.02,0.075521,88936,314.7,69.19,0.069585,88237,311.4,-61.30,-0.076061,603.2,0.000000,140.4,134391,414.3,122312,347.1,0.56,0.000597,117383,339.7,0.53,0.000647,86685,314.2,73.05,0.088241
244.18,0.0035388,0.052645,90704,90134,89070,90004,304.9,244.2,0.000000,917.5,104980,1078.0,81886,309.4,-1.51,-0.001205,84804,310.2,-24.80,-0.024150,88667,312.6,-51.20,-0.063588,64.2,0.000000,583.6,1378955,2016.3,69971,295.7,0.77,0.000548,74261,298.8,13.58,0.012014,87793,312.7,48.62,0.059775,424.2,0.075490,316.9,76702,414.8,84490,312.6,93.49,0.076068,88581,314.4,69.59,0.069776,88041,311.2,-57.79,-0.071591,604.2,0.000000,100.0,135902,415.5,122508,347.2,0.39,0.000419,117246,339.6,-0.54,-0.000659,86981,314.2,71.04,0.086113
245.17,0.0035532,0.052618,90587,90169,88992,90021,304.9,245.2,0.000000,100.0,104389,1076.0,81401,308.8,-1.35,-0.001072,84230,309.6,-24.55,-0.023786,88621,312.5,-50.08,-0.062181,65.2,0.000000,278.2,1343624,2005.0,70303,296.1,0.97,0.000691,74620,299.2,14.30,0.012688,87758,312.5,49.32,0.060651,425.2,0.075973,316.9,76787,412.2,84632,312.5,93.84,0.076486,88211,314.0,69.95,0.069925,87891,311.0,-53.92,-0.066717,605.2,0.000000,1564.9,137461,416.8,122608,347.3,0.22,0.000239,117100,339.5,-1.58,-0.001941,87265,314.1,68.55,0.083397
246.16,0.0035676,0.052596,90479,90199,88913,90035,304.8,246.2,0.000000,478.6,103858,1074.2,80977,308.4,-1.19,-0.000943,83642,309.0,-24.26,-0.023389,88562,312.4,-49.00,-0.060814,66.2,0.000000,219.0,1309702,1994.0,70694,296.6,1.15,0.000824,74929,299.6,15.14,0.013474,87697,312.2,49.94,0.061411,426.2,0.076342,316.9,76869,409.8,84753,312.5,94.06,0.076784,87827,313.6,70.27,0.070024,87772,310.9,-49.81,-0.061572,606.2,0.000000,100.0,139070,418.1,122618,347.3,0.06,0.000065,116942,339.3,-2.59,-0.003176,87539,314.0,65.67,0.080168
247.16,0.0035820,0.052578,90382,90230,88837,90048,304.7,247.2,0.000000,569.7,103324,1072.3,80610,308.0,-1.04,-0.000823,83048,308.4,-23.92,-0.022946,88498,312.4,-47.94,-0.059471,67.2,0.000000,100.0,1277132,1983.2,71136,297.1,1.31,0.000942,75207,299.9,16.10,0.014364,87616,312.0,50.48,0.062080,427.2,0.076606,317.0,76947,407.4,84855,312.5,94.16,0.076972,87428,313.2,70.54,0.070062,87709,310.8,-45.66,-0.056412,607.2,0.000000,891.0,140731,419.5,122554,347.2,-0.08,-0.000083,116777,339.2,-3.55,-0.004352,87805,313.9,62.46,0.076512
248.15,0.0035963,0.052563,90298,90259,88773,90060,304.6,248.1,0.000000,100.0,102814,1070.5,80290,307.6,-0.91,-0.000718,82455,307.8,-23.53,-0.022452,88437,312.3,-46.88,-0.058137,68.1,0.000000,100.0,1245866,1972.7,71621,297.7,1.44,0.001042,75458,300.2,17.12,0.015318,87523,311.7,50.98,0.062677,428.1,0.076777,317.0,77019,405.2,84936,312.4,94.16,0.077059,87017,312.8,70.75,0.070025,87707,310.8,-41.71,-0.051540,608.1,0.000000,100.0,142445,420.8,122418,347.1,-0.21,-0.000223,116612,339.1,-4.47,-0.005471,88058,313.7,59.01,0.072515
249.14,0.0036107,0.052552,90231,90287,88720,90070,304.6,249.1,-0.000000,100.0,102315,1068.7,80010,307.3,-0.80,-0.000630,81865,307.1,-23.07,-0.021904,88384,312.2,-45.83,-0.056809,69.1,0.000000,229.3,1215852,1962.3,72141,298.3,1.54,0.001124,75695,300.4,18.21,0.016325,87423,311.4,51.44,0.063225,429.1,0.076866,317.0,77083,403.1,84997,312.4,94.07,0.077052,86595,312.4,70.88,0.069902,87721,310.8,-37.96,-0.046909,609.1,0.000000,100.0,144212,422.2,122214,347.0,-0.33,-0.000353,116456,338.9,-5.35,-0.006544,88297,313.6,55.38,0.068267
250.13,0.0036250,0.052542,90183,90312,88678,90080,304.5,250.1,0.000000,265.6,102046,1067.4,79759,307.1,-0.72,-0.000562,81281,306.5,-22.56,-0.021304,88341,312.1,-44.78,-0.055489,70.1,0.000000,100.0,1187031,1952.2,72689,299.0,1.63,0.001190,75926,300.7,19.34,0.017374,87325,311.2,51.88,0.063747,430.1,0.076870,316.9,77139,401.0,85038,312.3,93.91,0.076972,86164,312.0,70.91,0.069685,87744,310.8,-34.40,-0.042521,610.1,0.000000,1388.4,146035,423.7,121950,346.8,-0.45,-0.000473,116320,338.8,-6.20,-0.007584,88524,313.5,51.65,0.063847
251.12,0.0036394,0.052534,90154,90344,88648,90089,304.5,251.1,0.000000,150.2,101559,1065.7,79527,306.8,-0.66,-0.000517,80706,305.9,-21.99,-0.020660,88309,312.1,-43.73,-0.054174,71.1,0.000000,100.0,1159343,1942.2,73258,299.6,1.69,0.001241,76163,300.9,20.50,0.018460,87232,310.9,52.31,0.064262,431.1,0.076800,316.8,77184,399.1,85060,312.2,93.72,0.076850,85727,311.6,70.86,0.069372,87776,310.8,-31.04,-0.038381,611.1,0.000000,100.0,147916,425.1,121629,346.5,-0.55,-0.000584,116217,338.7,-7.04,-0.008603,88738,313.4,47.86,0.059324
252.11,0.0036537,0.052527,90142,90410,88630,90097,304.5,252.1,0.000000,100.0,100843,1063.3,79302,306.6,-0.63,-0.000494,80142,305.3,-21.38,-0.019983,88289,312.1,-42.68,-0.052866,72.1,0.000000,5236.6,1132729,1932.5,73844,300.3,1.73,0.001280,76416,301.2,21.69,0.019577,87147,310.7,52.75,0.064782,432.1,0.076692,316.6,77220,397.2,85067,312.2,93.50,0.076692,85290,311.2,70.71,0.068969,87820,310.9,-27.90,-0.034505,612.1,0.000000,100.0,149856,426.6,121253,346.2,-0.65,-0.000690,116154,338.7,-7.87,-0.009606,88936,313.3,44.06,0.054756
253.09,0.0036680,0.052520,90145,90493,88624,90105,304.5,253.1,0.000000,4155.9,100348,1061.5,79074,306.3,-0.64,-0.000494,79592,304.7,-20.74,-0.019289,88280,312.0,-41.63,-0.051566,73.1,0.000000,346.0,1107132,1923.0,74443,301.0,1.76,0.001310,76692,301.5,22.90,0.020724,87069,310.5,53.19,0.065318,433.1,0.076556,316.4,77247,395.5,85059,312.1,93.25,0.076503,84855,310.7,70.47,0.068481,87872,310.9,-24.96,-0.030884,613.1,0.000000,897.8,151859,428.1,120824,345.8,-0.75,-0.000794,116131,338.7,-8.67,-0.010592,89117,313.3,40.29,0.050188
254.08,0.0036823,0.052513,90163,90562,88633,90112,304.5,254.1,-0.000000,100.0,99865,1059.8,78834,306.0,-0.66,-0.000515,79059,304.1,-20.09,-0.018594,88284,312.0,-40.58,-0.050271,74.1,0.000000,140.9,1082499,1913.6,75053,301.7,1.78,0.001333,77000,301.9,24.13,0.021900,87003,310.3,53.66,0.065883,434.1,0.076383,316.3,77265,393.8,85032,312.0,92.98,0.076269,84435,310.3,70.17,0.067942,87928,311.0,-22.20,-0.027479,614.1,0.000000,100.0,153928,429.7,120344,345.4,-0.85,-0.000893,116140,338.7,-9.47,-0.011563,89285,313.2,36.58,0.045661
255.07,0.0036967,0.052506,90193,90640,88660,90120,304.5,255.1,0.000000,100.0,99382,1058.0,78572,305.7,-0.72,-0.000554,78544,303.6,-19.44,-0.017913,88303,312.0,-39.52,-0.048971,75.1,0.000000,313.4,1058777,1904.4,75673,302.4,1.80,0.001352,77345,302.2,25.36,0.023094,86948,310.1,54.15,0.066491,435.1,0.076157,316.2,77275,392.1,84988,312.0,92.67,0.075991,84031,309.9,69.83,0.067379,87989,311.0,-19.57,-0.024242,615.1,0.000000,1158.2,156066,431.3,119817,345.0,-0.94,-0.000984,116173,338.7,-10.23,-0.012495,89446,313.1,32.93,0.041195
256.20,0.0037130,0.052496,90235,90742,88714,90127,304.5,256.2,-0.000000,100.0,98731,1055.7,78240,305.4,-0.80,-0.000617,77981,303.0,-18.74,-0.017177,88343,312.1,-38.30,-0.047467,76.2,0.000000,100.0,1032724,1894.1,76391,303.2,1.81,0.001369,77785,302.7,26.75,0.024460,86902,309.9,54.76,0.067251,436.2,0.075852,316.0,77274,390.3,84916,311.9,92.27,0.075625,83588,309.5,69.42,0.066721,88067,311.1,-16.69,-0.020691,616.2,0.000000,394.2,158597,433.1,119166,344.5,-1.03,-0.001074,116235,338.7,-11.00,-0.013446,89632,313.1,28.84,0.036153
257.19,0.0037274,0.052485,90269,90823,88792,90134,304.6,257.2,-0.000000,383.2,98010,1053.3,77916,305.0,-0.88,-0.000681,77516,302.5,-18.18,-0.016593,88406,312.1,-37.18,-0.046111,77.2,0.000000,134.5,1010808,1885.3,77026,304.0,1.81,0.001381,78213,303.2,27.93,0.025639,86880,309.7,55.35,0.067994,437.2,0.075502,315.9,77264,388.8,84836,311.7,91.88,0.075264,83220,309.1,69.01,0.066112,88148,311.2,-14.23,-0.017649,617.2,0.000000,100.0,160892,434.8,118564,344.0,-1.09,-0.001135,116301,338.8,-11.56,-0.014131,89811,313.0,25.28,0.031755
258.18,0.0037418,0.052474,90296,90860,88902,90140,304.7,258.2,0.000000,235.2,97279,1050.9,77561,304.6,-0.97,-0.000747,77077,302.0,-17.69,-0.016081,88501,312.2,-36.02,-0.044706,78.2,0.000000,228.4,989674,1876.6,77667,304.7,1.81,0.001388,78680,303.7,29.05,0.026779,86883,309.5,56.06,0.068898,438.2,0.075135,315.7,77245,387.3,84741,311.6,91.46,0.074864,82877,308.8,68.57,0.065492,88248,311.3,-11.76,-0.014604,618.2,0.000000,508.6,163267,436.5,117941,343.5,-1.14,-0.001181,116373,338.9,-11.97,-0.014644,90023,313.1,21.69,0.027304
259.17,0.0037561,0.052462,90323,90853,89025,90145,304.8,259.2,-0.000000,1613.3,96784,1049.0,77177,304.2,-1.06,-0.000810,76665,301.5,-17.28,-0.015648,88621,312.3,-34.83,-0.043264,79.2,0.000000,100.0,969290,1868.1,78310,305.4,1.80,0.001390,79183,304.2,30.08,0.027858,86909,309.4,56.86,0.069931,439.2,0.074726,315.5,77218,385.9,84627,311.5,91.00,0.074421,82563,308.5,68.13,0.064882,88370,311.4,-9.29,-0.011538,619.2,0.000000,528.3,165723,438.3,117305,342.9,-1.18,-0.001210,116442,338.9,-12.23,-0.014970,90272,313.2,17.97,0.022678
260.16,0.0037705,0.052449,90346,90849,89152,90150,304.9,260.2,-0.000000,100.0,96070,1046.6,76770,303.7,-1.14,-0.000864,76276,301.1,-16.95,-0.015294,88753,312.5,-33.62,-0.041809,80.2,0.000000,100.0,949656,1859.8,78952,306.1,1.79,0.001388,79720,304.8,31.00,0.028855,86949,309.3,57.70,0.071019,440.2,0.074269,315.3,77182,384.5,84495,311.3,90.49,0.073928,82281,308.2,67.67,0.064289,88507,311.5,-6.82,-0.008479,620.2,0.000000,193.1,168261,440.0,116665,342.4,-1.19,-0.001225,116500,339.0,-12.34,-0.015105,90557,313.3,14.01,0.017727
261.16,0.0037849,0.052436,90343,90835,89288,90155,305.0,261.2,-0.000000,100.0,95359,1044.2,76348,303.2,-1.19,-0.000903,75910,300.7,-16.71,-0.015021,88890,312.6,-32.40,-0.040340,81.2,0.000000,492.0,930745,1851.7,79592,306.8,1.77,0.001381,80288,305.4,31.81,0.029757,87001,309.2,58.56,0.072137,441.2,0.073758,315.1,77136,383.2,84343,311.1,89.93,0.073380,82029,308.0,67.22,0.063717,88650,311.7,-4.37,-0.005443,621.2,0.000000,600.3,170881,441.9,116029,341.9,-1.20,-0.001223,116546,339.0,-12.30,-0.015060,90873,313.6,9.72,0.012336
262.14,0.0037992,0.052424,90303,90801,89439,90160,305.2,262.1,-0.000000,827.4,94638,1041.8,75918,302.8,-1.23,-0.000927,75565,300.3,-16.55,-0.014828,89034,312.8,-31.16,-0.038839,82.1,0.000000,202.2,912524,1843.7,80228,307.5,1.75,0.001373,80885,306.0,32.49,0.030558,87063,309.2,59.44,0.073287,442.1,0.073186,314.8,77082,381.9,84170,310.9,89.31,0.072773,81802,307.7,66.76,0.063147,88798,311.8,-1.93,-0.002401,622.1,0.000000,135.0,173589,443.7,115406,341.3,-1.19,-0.001207,116576,339.0,-12.13,-0.014848,91213,313.8,5.08,0.006461
263.13,0.0038135,0.052414,90231,90754,89693,90167,305.4,263.1,0.000000,100.0,93912,1039.3,75488,302.3,-1.24,-0.000935,75240,299.9,-16.47,-0.014712,89224,313.0,-29.78,-0.037170,83.1,0.000000,419.2,894959,1835.8,80864,308.2,1.73,0.001369,81505,306.7,33.05,0.031252,87158,309.2,60.42,0.074584,443.1,0.072556,314.6,77017,380.7,83978,310.7,88.63,0.072110,81588,307.5,66.27,0.062558,88881,311.9,0.39,0.000484,623.1,0.000000,167.1,176387,445.6,114801,340.8,-1.16,-0.001177,116590,339.0,-11.83,-0.014488,91179,313.8,-0.70,-0.000891
264.12,0.0038278,0.052407,90137,90695,89877,90174,305.6,264.1,-0.000000,100.0,93190,1036.8,75064,301.8,-1.24,-0.000928,74927,299.6,-16.45,-0.014653,89433,313.2,-28.39,-0.035493,84.1,0.000000,413.1,878018,1828.1,81504,308.9,1.73,0.001373,82142,307.4,33.48,0.031839,87242,309.3,61.37,0.075807,444.1,0.071870,314.2,76943,379.5,83769,310.4,87.90,0.071396,81379,307.3,65.72,0.061927,88933,311.9,2.67,0.003337,624.1,0.000000,520.9,179279,447.5,114222,340.3,-1.12,-0.001133,116585,339.0,-11.43,-0.014002,91182,313.9,-6.43,-0.008174
265.11,0.0038422,0.052404,90025,90593,90072,90183,305.8,265.1,-0.000000,100.0,92474,1034.4,74651,301.3,-1.22,-0.000909,74625,299.3,-16.50,-0.014654,89642,313.4,-27.03,-0.033860,85.1,0.000000,149.9,861673,1820.6,82155,309.6,1.74,0.001390,82789,308.1,33.80,0.032322,87322,309.4,62.29,0.076971,445.1,0.071138,313.9,76858,378.3,83544,310.2,87.13,0.070640,81166,307.1,65.12,0.061236,89004,312.0,5.01,0.006260,625.1,0.000000,100.0,182270,449.5,113674,339.9,-1.07,-0.001079,116566,339.0,-10.95,-0.013410,91289,314.0,-11.86,-0.015099
266.10,0.0038565,0.052405,89899,90460,90287,90191,306.0,266.1,-0.000000,279.7,91743,1031.9,74254,300.9,-1.18,-0.000880,74338,298.9,-16.60,-0.014704,89857,313.6,-25.70,-0.032244,86.1,0.000000,327.2,845895,1813.2,82822,310.3,1.77,0.001419,83441,308.7,34.01,0.032706,87409,309.6,63.21,0.078130,446.1,0.070372,313.6,76763,377.2,83308,309.9,86.33,0.069854,80943,306.9,64.44,0.060473,89098,312.1,7.41,0.009267,626.1,0.000000,744.1,185364,451.5,113161,339.4,-1.01,-0.001015,116536,339.0,-10.40,-0.012727,91411,314.2,-16.92,-0.021547
267.08,0.0038708,0.052410,89765,90332,90519,90200,306.2,267.1,0.000000,100.0,91011,1029.3,73876,300.4,-1.14,-0.000843,74061,298.6,-16.75,-0.014795,90084,313.8,-24.37,-0.030625,87.1,0.000000,472.8,830658,1806.0,83512,311.1,1.81,0.001462,84097,309.4,34.11,0.032993,87513,309.9,64.15,0.079321,447.1,0.069583,313.2,76659,376.1,83062,309.6,85.50,0.069050,80707,306.7,63.69,0.059636,89225,312.2,9.87,0.012347,627.1,0.000000,100.0,188566,453.6,112687,339.0,-0.94,-0.000945,116489,338.9,-9.77,-0.011956,91545,314.5,-21.59,-0.027519
268.07,0.0038851,0.052420,89629,90204,90742,90209,306.4,268.1,0.000000,2993.8,90055,1026.2,73518,300.0,-1.09,-0.000802,73790,298.3,-16.92,-0.014903,90322,314.1,-23.05,-0.029031,88.1,0.000000,100.0,815939,1798.9,84234,311.8,1.87,0.001520,84747,310.1,34.12,0.033177,87632,310.2,65.10,0.080537,448.1,0.068784,312.8,76547,375.0,82811,309.3,84.68,0.068241,80452,306.4,62.85,0.058720,89377,312.3,12.35,0.015473,628.1,0.000000,651.5,191881,455.7,112253,338.6,-0.87,-0.000867,116411,338.9,-9.08,-0.011109,91680,314.7,-25.87,-0.033001
269.20,0.0039015,0.052438,89477,90057,90971,90219,306.6,269.2,-0.000000,100.0,89150,1023.1,73133,299.5,-1.02,-0.000753,73478,298.0,-17.10,-0.015017,90589,314.3,-21.65,-0.027319,89.2,0.000000,100.0,799721,1790.9,85107,312.7,1.96,0.001607,85477,310.8,34.02,0.033286,87774,310.5,66.17,0.081893,449.2,0.067934,312.4,76408,373.8,82521,309.0,83.74,0.067328,80132,306.1,61.79,0.057562,89563,312.4,15.17,0.019040,629.2,0.000000,1436.8,195815,458.1,111812,338.3,-0.77,-0.000770,116294,338.8,-8.22,-0.010045,91816,315.0,-30.31,-0.038681
270.19,0.0039158,0.052458,89355,89938,91155,90226,306.8,270.2,-0.000000,478.2,88169,1019.8,72816,299.2,-0.97,-0.000713,73198,297.7,-17.23,-0.015094,90806,314.5,-20.53,-0.025951,90.2,0.000000,180.5,786034,1784.1,85919,313.6,2.05,0.001694,86106,311.5,33.84,0.033291,87897,310.8,67.05,0.083016,450.2,0.067106,312.0,76280,372.8,82269,308.7,82.96,0.066557,79817,305.8,60.75,0.056427,89725,312.5,17.60,0.022123,630.2,0.000000,920.5,199390,460.3,111480,338.0,-0.68,-0.000675,116170,338.7,-7.41,-0.009055,91913,315.2,-33.79,-0.043141
271.18,0.0039301,0.052482,89247,89832,91329,90234,307.0,271.2,0.000000,187.1,87433,1017.2,72516,298.8,-0.93,-0.000676,72910,297.3,-17.33,-0.015137,91009,314.8,-19.51,-0.024697,91.2,0.000000,214.8,772797,1777.4,86777,314.5,2.15,0.001785,86729,312.1,33.60,0.033224,88019,311.1,67.88,0.084082,451.2,0.066370,311.7,76146,371.8,82022,308.4,82.21,0.065824,79457,305.4,59.57,0.055149,89884,312.7,19.99,0.025163,631.2,0.000000,100.0,203096,462.6,111202,337.7,-0.58,-0.000571,116029,338.6,-6.58,-0.008027,91994,315.5,-36.91,-0.047121
272.17,0.0039445,0.052509,89155,89748,91485,90240,307.1,272.2,-0.000000,189.6,86459,1013.9,72228,298.5,-0.89,-0.000646,72613,297.0,-17.39,-0.015140,91196,314.9,-18.58,-0.023554,92.2,0.000000,2455.5,759990,1770.8,87679,315.4,2.24,0.001871,87347,312.7,33.30,0.033100,88139,311.4,68.66,0.085087,452.2,0.065679,311.3,76009,370.8,81782,308.1,81.52,0.065138,79043,305.0,58.23,0.053700,90035,312.8,22.33,0.028145,632.2,0.000000,100.0,206938,464.9,110985,337.5,-0.46,-0.000457,115871,338.4,-5.72,-0.006977,92064,315.7,-39.67,-0.050643
273.16,0.0039588,0.052539,89103,89683,91619,90246,307.2,273.2,0.000000,3315.9,85721,1011.3,71951,298.2,-0.86,-0.000622,72308,296.6,-17.39,-0.015097,91363,315.1,-17.74,-0.022525,93.2,0.000000,848.0,747595,1764.3,88616,316.4,2.30,0.001943,87962,313.4,32.98,0.032939,88251,311.7,69.38,0.086009,453.2,0.065038,311.0,75869,369.9,81549,307.8,80.88,0.064500,78566,304.5,56.70,0.052059,90174,312.9,24.60,0.031039,633.2,0.000000,278.2,210925,467.2,110830,337.4,-0.34,-0.000335,115701,338.3,-4.85,-0.005911,92121,316.0,-42.11,-0.053754
274.15,0.0039732,0.052569,89130,89637,91730,90251,307.3,274.2,-0.000000,100.0,84746,1007.9,71680,297.8,-0.83,-0.000605,71997,296.3,-17.36,-0.015025,91506,315.3,-17.00,-0.021606,94.2,0.000000,218.1,735596,1758.0,89578,317.4,2.35,0.001993,88578,314.0,32.64,0.032769,88353,312.0,70.03,0.086831,454.2,0.064441,310.7,75729,368.9,81322,307.5,80.28,0.063905,78022,303.9,54.97,0.050218,90295,313.0,26.77,0.033822,634.2,0.000000,358.7,215062,469.7,110741,337.3,-0.21,-0.000209,115520,338.1,-3.97,-0.004835,92164,316.2,-44.27,-0.056505
275.14,0.0039876,0.052596,89227,89607,91816,90255,307.4,275.1,0.000000,100.0,83775,1004.6,71413,297.5,-0.82,-0.000593,71680,295.9,-17.30,-0.014927,91623,315.4,-16.34,-0.020785,95.1,0.000000,100.0,723976,1751.7,90552,318.3,2.36,0.002016,89203,314.6,32.33,0.032617,88442,312.2,70.59,0.087544,455.1,0.063878,310.4,75588,368.0,81098,307.3,79.72,0.063340,77413,303.2,53.04,0.048185,90396,313.0,28.85,0.036475,635.1,0.000000,353.3,219357,472.1,110716,337.3,-0.08,-0.000083,115335,338.0,-3.09,-0.003755,92185,316.4,-46.20,-0.058935
276.14,0.0040020,0.052620,89348,89594,91874,90258,307.4,276.1,0.000000,139.7,82791,1001.2,71148,297.2,-0.82,-0.000589,71358,295.6,-17.19,-0.014777,91709,315.5,-15.75,-0.020051,96.1,0.000000,3174.3,712722,1745.6,91526,319.3,2.33,0.002015,89843,315.2,32.06,0.032512,88516,312.5,71.06,0.088140,456.1,0.063332,310.0,75447,367.2,80873,307.0,79.18,0.062789,76745,302.5,50.93,0.045979,90469,313.1,30.81,0.038980,636.1,0.000000,100.0,223817,474.6,110747,337.3,0.03,0.000029,115150,337.8,-2.20,-0.002673,92186,316.6,-47.90,-0.061064
277.13,0.0040164,0.052638,89505,89594,91900,90261,307.5,277.1,0.000000,844.9,81802,997.7,70881,296.9,-0.82,-0.000590,71032,295.2,-17.01,-0.014578,91762,315.5,-15.23,-0.019393,97.1,0.000000,100.0,701824,1739.6,92489,320.3,2.29,0.001991,90503,315.9,31.85,0.032469,88571,312.7,71.44,0.088606,457.1,0.062787,309.7,75308,366.3,80646,306.7,78.63,0.062236,76025,301.7,48.66,0.043632,90500,313.1,32.66,0.041332,637.1,0.000000,100.0,228450,477.2,110830,337.4,0.14,0.000134,114971,337.7,-1.31,-0.001594,92169,316.8,-49.41,-0.062937
278.13,0.0040308,0.052649,89715,89604,91896,90262,307.5,278.1,0.000000,674.6,81061,995.0,70612,296.6,-0.83,-0.000596,70707,294.8,-16.79,-0.014342,91775,315.5,-14.76,-0.018791,98.1,0.000000,100.0,691281,1733.7,93433,321.2,2.23,0.001952,91182,316.5,31.70,0.032495,88604,312.8,71.72,0.088938,458.1,0.062225,309.4,75170,365.5,80413,306.4,78.07,0.061665,75264,300.9,46.26,0.041180,90502,313.1,34.38,0.043514,638.1,0.000000,726.4,233256,479.8,110962,337.5,0.23,0.000232,114803,337.5,-0.43,-0.000522,92134,317.0,-50.76,-0.064602
279.12,0.0040453,0.052653,89935,89620,91866,90264,307.4,279.1,0.000000,100.0,80090,991.5,70338,296.2,-0.85,-0.000605,70388,294.4,-16.54,-0.014078,91760,315.5,-14.29,-0.018198,99.1,0.000000,100.0,681079,1728.0,94353,322.1,2.15,0.001900,91881,317.2,31.61,0.032581,88613,313.0,71.91,0.089141,459.1,0.061630,309.1,75032,364.7,80173,306.2,77.46,0.061062,74473,300.0,43.75,0.038656,90481,313.1,35.96,0.045510,639.1,0.000000,100.0,238245,482.5,111137,337.7,0.32,0.000318,114650,337.4,0.45,0.000540,92081,317.1,-51.99,-0.066098
280.12,0.0040597,0.052649,90091,89642,91812,90264,307.4,280.1,0.000000,100.0,79105,988.0,70058,295.9,-0.87,-0.000617,70078,294.1,-16.26,-0.013797,91725,315.5,-13.84,-0.017621,100.1,0.000000,238.1,671205,1722.3,95243,323.0,2.07,0.001835,92595,317.9,31.56,0.032708,88595,313.1,72.02,0.089222,460.1,0.060990,308.7,74895,363.9,79922,305.9,76.81,0.060412,73659,299.0,41.17,0.036089,90440,313.1,37.40,0.047308,640.1,0.000000,100.0,243425,485.2,111345,337.9,0.39,0.000388,114512,337.3,1.31,0.001586,92009,317.2,-53.11,-0.067448
281.11,0.0040741,0.052641,90189,89674,91738,90265,307.3,281.1,0.000000,100.0,78132,984.5,69773,295.6,-0.89,-0.000629,69782,293.7,-15.96,-0.013504,91671,315.4,-13.43,-0.017087,101.1,0.000000,323.1,661646,1716.8,96095,323.8,1.97,0.001757,93321,318.6,31.52,0.032846,88552,313.2,72.04,0.089190,461.1,0.060289,308.4,74757,363.1,79659,305.5,76.07,0.059698,72832,298.1,38.54,0.033505,90376,313.0,38.70,0.048927,641.1,0.000000,481.4,248805,488.0,111579,338.1,0.45,0.000443,114392,337.2,2.16,0.002608,91920,317.4,-54.15,-0.068671
282.11,0.0040885,0.052630,90285,89715,91646,90265,307.2,282.1,-0.000000,278.4,77151,980.9,69483,295.2,-0.91,-0.000642,69508,293.4,-15.64,-0.013195,91591,315.4,-13.02,-0.016561,102.1,0.000000,267.2,652389,1711.3,96903,324.6,1.85,0.001665,94051,319.3,31.44,0.032955,88493,313.3,72.01,0.089070,462.1,0.059510,308.0,74618,362.4,79379,305.2,75.25,0.058904,71998,297.1,35.87,0.030929,90290,313.0,39.89,0.050385,642.1,0.000000,100.0,254395,490.9,111832,338.3,0.49,0.000483,114288,337.1,2.97,0.003590,91815,317.4,-55.11,-0.069789
283.10,0.0041029,0.052615,90377,89753,91538,90265,307.1,283.1,0.000000,219.1,76168,977.3,69188,294.8,-0.92,-0.000652,69259,293.1,-15.28,-0.012861,91488,315.3,-12.60,-0.016005,103.1,0.000000,100.0,643420,1706.0,97661,325.3,1.73,0.001563,94779,320.0,31.31,0.032992,88425,313.3,71.91,0.088869,463.1,0.058633,307.6,74476,361.7,79078,304.9,74.30,0.058008,71163,296.1,33.19,0.028382,90186,312.9,40.97,0.051696,643.1,0.000000,114.4,260207,493.8,112097,338.5,0.51,0.000510,114200,337.0,3.74,0.004508,91699,317.5,-56.01,-0.070827
284.10,0.0041173,0.052597,90438,89782,91418,90264,307.0,284.1,0.000000,632.0,75186,973.7,68890,294.5,-0.94,-0.000661,69043,292.9,-14.87,-0.012485,91366,315.1,-12.13,-0.015394,104.1,0.000000,267.4,634729,1700.7,98368,325.9,1.60,0.001456,95498,320.7,31.06,0.032914,88349,313.3,71.75,0.088582,464.1,0.057636,307.2,74329,361.0,78751,304.5,73.20,0.056988,70335,295.2,30.53,0.025889,90064,312.9,41.95,0.052878,644.1,0.000000,299.4,266253,496.8,112368,338.7,0.52,0.000524,114123,337.0,4.42,0.005336,91574,317.5,-56.87,-0.071811
285.09,0.0041318,0.052578,90476,89803,91290,90264,306.8,285.1,0.000000,136.6,74204,970.0,68590,294.1,-0.95,-0.000667,68861,292.6,-14.38,-0.012053,91231,315.0,-11.60,-0.014713,105.1,0.000000,100.0,626303,1695.6,99025,326.6,1.48,0.001351,96205,321.4,30.69,0.032686,88269,313.4,71.52,0.088208,465.1,0.056494,306.7,74176,360.3,78396,304.1,71.94,0.055822,69520,294.2,27.92,0.023474,89928,312.8,42.86,0.053948,645.1,0.000000,620.0,272544,499.8,112639,339.0,0.53,0.000527,114055,336.9,5.01,0.006043,91443,317.5,-57.71,-0.072767
286.09,0.0041462,0.052559,90479,89828,91156,90263,306.7,286.1,0.000000,279.1,73222,966.3,68290,293.7,-0.96,-0.000669,68717,292.5,-13.81,-0.011556,91087,314.9,-11.01,-0.013951,106.1,0.000000,100.0,618134,1690.5,99639,327.1,1.37,0.001258,96898,322.0,30.15,0.032284,88190,313.4,71.22,0.087750,466.1,0.055187,306.2,74014,359.6,78007,303.7,70.47,0.054492,68726,293.2,25.38,0.021165,89783,312.8,43.69,0.054918,646.1,0.000000,122.9,279094,502.9,112906,339.2,0.52,0.000522,113985,336.8,5.49,0.006614,91309,317.5,-58.55,-0.073716
287.09,0.0041607,0.052540,90404,89900,91021,90263,306.6,287.1,-0.000000,329.1,72240,962.6,67991,293.4,-0.96,-0.000668,68614,292.4,-13.14,-0.010985,90938,314.7,-10.36,-0.013103,107.1,0.000000,157.0,610217,1685.6,100220,327.7,1.29,0.001184,97575,322.7,29.46,0.031699,88119,313.4,70.83,0.087201,467.1,0.053700,305.6,73841,358.9,77586,303.2,68.78,0.052986,67965,292.3,22.96,0.018999,89632,312.7,44.46,0.055803,647.1,0.000000,209.9,285911,506.1,113167,339.4,0.51,0.000510,113907,336.8,5.84,0.007037,91174,317.5,-59.40,-0.074676
288.08,0.0041751,0.052526,90268,89982,90887,90262,306.4,288.1,0.000000,100.0,71271,958.8,67694,293.0,-0.95,-0.000664,68556,292.3,-12.36,-0.010323,90788,314.6,-9.63,-0.012167,108.1,0.000000,299.8,602549,1680.8,100782,328.2,1.23,0.001137,98235,323.3,28.61,0.030933,88057,313.4,70.36,0.086560,468.1,0.052030,305.0,73655,358.2,77132,302.7,66.88,0.051303,67254,291.4,20.74,0.017031,89479,312.6,45.18,0.056620,648.1,0.000000,100.0,293003,509.4,113420,339.6,0.49,0.000496,113815,336.7,6.06,0.007297,91040,317.5,-60.26,-0.075652
289.08,0.0041895,0.052517,90121,90031,90758,90261,306.3,289.1,0.000000,204.1,70292,955.0,67401,292.6,-0.95,-0.000658,68528,292.3,-11.49,-0.009595,90641,314.4,-8.82,-0.011138,109.1,0.000000,100.0,595123,1676.0,101340,328.7,1.21,0.001121,98880,323.9,27.62,0.030004,87996,313.4,69.82,0.085826,469.1,0.050182,304.3,73455,357.5,76650,302.1,64.75,0.049450,66618,290.7,18.81,0.015339,89326,312.6,45.86,0.057386,649.1,0.000000,388.6,300383,512.7,113665,339.8,0.48,0.000481,113697,336.6,6.10,0.007343,90908,317.5,-61.12,-0.076642
290.07,0.0042040,0.052513,89970,90077,90635,90261,306.2,290.1,0.000000,100.0,69319,951.2,67113,292.3,-0.94,-0.000649,68525,292.3,-10.56,-0.008816,90498,314.3,-7.94,-0.010016,110.1,0.000000,109.5,587930,1671.3,101913,329.3,1.22,0.001139,99507,324.5,26.52,0.028937,87946,313.4,69.18,0.084995,470.1,0.048169,303.6,73238,356.8,76142,301.5,62.41,0.047439,66083,290.0,17.27,0.014001,89174,312.5,46.52,0.058119,650.1,0.000000,100.0,308063,516.0,113904,340.0,0.46,0.000468,113564,336.5,5.97,0.007178,90780,317.4,-62.00,-0.077640
291.07,0.0042184,0.052515,89809,90131,90520,90260,306.1,291.1,0.000000,202.3,68344,947.4,66831,291.9,-0.93,-0.000639,68560,292.3,-9.54,-0.007969,90362,314.2,-6.99,-0.008798,111.1,0.000000,725.6,580961,1666.8,102513,329.8,1.27,0.001185,100116,325.0,25.33,0.027761,87915,313.5,68.43,0.084039,471.1,0.043262,303.0,72965,356.2,75937,301.4,58.18,0.044132,65665,289.5,16.18,0.013064,89028,312.5,47.16,0.058834,651.1,0.000000,293.3,316060,519.5,114141,340.2,0.46,0.000463,113413,336.3,5.67,0.006803,90655,317.3,-62.86,-0.078631
292.20,0.0042348,0.052525,89626,90193,90400,90259,305.9,292.2,0.000000,100.0,67450,943.6,66516,291.5,-0.91,-0.000624,68641,292.4,-8.23,-0.006878,90216,314.0,-5.79,-0.007285,112.2,0.000000,100.0,573259,1661.7,103246,330.5,1.35,0.001266,100789,325.6,23.90,0.026325,87916,313.5,67.38,0.082738,472.2,0.043512,302.0,72673,355.4,75081,300.4,55.76,0.041953,65327,289.1,15.50,0.012463,88868,312.4,47.89,0.059648,652.2,0.000000,100.0,325610,523.5,114414,340.5,0.46,0.000465,113216,336.2,5.10,0.006111,90521,317.3,-63.83,-0.079739
293.20,0.0042492,0.052539,89478,90240,90308,90258,305.8,293.2,-0.000000,191.2,66477,939.7,66247,291.2,-0.89,-0.000610,68746,292.6,-6.97,-0.005836,90099,313.9,-4.66,-0.005852,113.2,0.000000,1218.4,566740,1657.3,103936,331.1,1.43,0.001348,101358,326.2,22.63,0.025022,87957,313.6,66.24,0.081356,473.2,0.040834,301.2,72394,354.7,74455,299.7,53.28,0.039850,65124,288.8,15.29,0.012265,88736,312.4,48.53,0.060372,653.2,0.000000,356.9,334344,527.1,114659,340.7,0.47,0.000474,113016,336.0,4.40,0.005273,90412,317.2,-64.64,-0.080678
294.19,0.0042636,0.052558,89349,90285,90231,90257,305.8,294.2,0.000000,482.2,65496,935.7,65987,290.9,-0.87,-0.000594,68874,292.7,-5.65,-0.004731,89994,313.8,-3.43,-0.004309,114.2,0.000000,222.1,560419,1653.0,104665,331.8,1.50,0.001426,101905,326.7,21.36,0.023710,88038,313.6,64.85,0.079707,474.2,0.036110,300.6,72065,354.0,74159,299.4,49.05,0.036577,64995,288.6,15.26,0.012224,88615,312.3,49.20,0.061122,654.2,0.000000,412.8,343452,530.8,114911,340.9,0.48,0.000487,112777,335.8,3.53,0.004226,90315,317.1,-65.42,-0.081582
295.19,0.0042781,0.052581,89242,90348,90173,90257,305.7,295.2,-0.000000,261.7,64505,931.7,65735,290.6,-0.85,-0.000576,69011,292.9,-4.27,-0.003579,89905,313.7,-2.11,-0.002645,115.2,0.000000,215.7,554287,1648.8,105424,332.5,1.55,0.001484,102433,327.1,20.12,0.022422,88156,313.8,63.23,0.077786,475.2,0.035949,299.6,71748,353.3,73376,298.5,46.68,0.034545,64965,288.6,15.52,0.012430,88506,312.3,49.90,0.061916,655.2,0.000000,100.0,352955,534.6,115171,341.1,0.49,0.000500,112493,335.6,2.48,0.002966,90235,317.0,-66.15,-0.082454
296.18,0.0042925,0.052607,89156,90440,90135,90256,305.7,296.2,-0.000000,386.4,63770,928.4,65494,290.3,-0.81,-0.000553,69150,293.1,-2.87,-0.002408,89834,313.6,-0.68,-0.000857,116.2,0.000000,356.6,548338,1644.7,106192,333.1,1.57,0.001508,102939,327.6,18.95,0.021191,88301,313.9,61.40,0.075629,476.2,0.031248,299.0,71383,352.6,73107,298.2,42.43,0.031311,64976,288.6,16.17,0.012953,88409,312.3,50.63,0.062764,656.2,0.000000,383.1,362877,538.4,115435,341.3,0.50,0.000509,112169,335.3,1.25,0.001492,90176,316.9,-66.86,-0.083301
297.18,0.0043069,0.052636,89088,90548,90125,90256,305.7,297.2,0.000000,284.3,62792,924.3,65267,290.0,-0.77,-0.000523,69284,293.2,-1.48,-0.001243,89718,313.5,0.69,0.000865,117.2,0.000000,457.3,542564,1640.7,106954,333.8,1.56,0.001502,103425,328.0,17.87,0.020048,88463,314.0,59.44,0.073330,477.2,0.030921,298.1,71028,352.0,72246,297.2,40.08,0.029330,65089,288.8,17.23,0.013823,88332,312.3,51.43,0.063696,657.2,0.000000,184.0,373240,542.4,115700,341.6,0.50,0.000513,111802,335.0,-0.13,-0.000155,90142,316.8,-67.53,-0.084124
298.17,0.0043213,0.052666,89037,90657,90121,90255,305.6,298.2,0.000000,100.0,61798,920.1,65061,289.7,-0.71,-0.000480,69408,293.4,-0.11,-0.000096,89616,313.4,2.17,0.002711,118.2,0.000000,2412.2,536959,1636.7,107694,334.5,1.51,0.001461,103895,328.5,16.89,0.019013,88619,314.1,57.45,0.070978,478.2,0.026424,297.4,70630,351.3,71887,296.8,36.04,0.026274,65435,289.2,18.98,0.015280,88266,312.3,52.27,0.064683,658.2,0.000000,100.0,384071,546.4,115962,341.8,0.50,0.000507,111401,334.6,-1.63,-0.001929,90126,316.8,-68.19,-0.084945
299.17,0.0043358,0.052698,89004,90777,90128,90255,305.6,299.2,0.000000,190.2,61061,916.7,64885,289.5,-0.62,-0.000418,69521,293.5,1.22,0.001028,89549,313.4,3.76,0.004710,119.2,0.000000,218.0,531516,1632.9,108390,335.1,1.42,0.001379,104351,328.9,16.03,0.018099,88750,314.1,55.54,0.068708,479.2,0.025748,296.5,70238,350.6,71056,295.8,33.58,0.024284,66026,290.0,21.65,0.017545,88206,312.3,53.15,0.065714,659.2,0.000000,411.1,395400,550.5,116209,342.0,0.47,0.000480,110974,334.3,-3.20,-0.003785,90123,316.7,-68.84,-0.085777
300.17,0.0043503,0.052730,88987,90907,90142,90255,305.7,300.2,0.000000,28902.4,60057,912.4,64750,289.3,-0.49,-0.000333,69621,293.6,2.51,0.002121,89507,313.3,5.45,0.006816,120.2,0.000000,100.0,526235,1629.1,109019,335.6,1.29,0.001257,104799,329.3,15.29,0.017314,88850,314.2,53.82,0.066640,480.2,0.021647,295.8,69809,349.9,70593,295.3,29.84,0.021474,66815,291.0,24.96,0.020396,88151,312.4,54.05,0.066785,660.2,0.000000,395.5,407243,554.7,116421,342.2,0.41,0.000422,110531,333.9,-4.82,-0.005678,90128,316.6,-69.49,-0.086613
301.17,0.0043647,0.052762,88987,91010,90160,90254,305.7,301.2,-0.000000,122.8,59308,909.0,64668,289.2,-0.33,-0.000220,69711,293.7,3.77,0.003185,89485,313.3,7.19,0.008989,121.2,0.000000,100.0,521115,1625.3,109566,336.1,1.12,0.001102,105243,329.7,14.66,0.016657,88931,314.2,52.27,0.064787,481.2,0.019314,299.4,69367,349.2,70174,294.8,26.20,0.018773,67707,292.1,28.44,0.023460,88100,312.4,54.98,0.067889,661.2,0.000000,100.0,419619,559.0,116579,342.3,0.32,0.000325,110080,333.5,-6.44,-0.007572,90136,316.5,-70.13,-0.087445
302.16,0.0043792,0.052793,89004,91064,90175,90253,305.7,302.2,0.000000,335.4,58290,904.5,64653,289.2,-0.12,-0.000082,69793,293.8,4.99,0.004222,89476,313.2,8.95,0.011190,122.2,0.000000,100.0,516123,1621.6,110022,336.5,0.94,0.000929,105688,330.1,14.15,0.016121,88994,314.1,50.91,0.063155,482.2,0.018439,294.2,68931,348.5,69371,293.8,23.96,0.017026,68614,293.2,31.75,0.026439,88052,312.4,55.92,0.069010,662.2,0.000000,100.0,432558,563.4,116661,342.4,0.19,0.000191,109627,333.1,-8.06,-0.009444,90145,316.4,-70.75,-0.088259
303.16,0.0043936,0.052823,89042,91088,90183,90252,305.7,303.2,-0.000000,100.0,57543,901.0,64690,289.2,0.06,0.000044,69869,293.9,6.19,0.005237,89473,313.2,10.70,0.013380,123.2,0.000000,241.4,511122,1617.5,110386,336.8,0.76,0.000752,106139,330.5,13.73,0.015691,89036,314.1,49.74,0.061742,483.2,0.015102,293.5,68470,347.8,68947,293.3,20.81,0.014728,69492,294.3,34.71,0.029168,88003,312.4,56.85,0.070125,663.2,0.000000,239.3,446091,567.9,116660,342.4,0.04,0.000039,109177,332.7,-9.65,-0.011279,90147,316.3,-71.34,-0.089032
304.16,0.0044081,0.052851,89107,91102,90182,90249,305.7,304.2,0.000000,255.1,56549,896.5,64789,289.4,0.27,0.000181,69941,294.0,7.36,0.006236,89471,313.2,12.41,0.015525,124.2,0.000000,1235.6,506269,1613.4,110664,337.1,0.59,0.000582,106605,330.9,13.39,0.015347,89056,314.0,48.75,0.060548,484.2,0.014320,292.8,68015,347.1,68311,292.5,18.87,0.013266,70329,295.3,37.28,0.031596,87950,312.4,57.77,0.071215,664.2,0.000000,100.0,460247,572.4,116593,342.3,-0.09,-0.000095,108731,332.3,-11.22,-0.013070,90137,316.1,-71.88,-0.089731
305.16,0.0044225,0.052876,89199,91099,90174,90246,305.7,305.2,0.000000,1812.9,55836,893.0,64952,289.6,0.48,0.000324,70014,294.1,8.52,0.007226,89471,313.2,14.06,0.017588,125.2,0.000000,940.3,501559,1609.4,110865,337.3,0.43,0.000430,107091,331.3,13.10,0.015066,89052,313.9,47.95,0.059572,485.2,0.012740,292.1,67559,346.5,67812,291.9,17.13,0.011981,71132,296.3,39.49,0.033736,87894,312.3,58.66,0.072274,665.2,0.000000,100.0,475059,577.1,116446,342.2,-0.24,-0.000244,108290,331.9,-12.75,-0.014817,90112,316.0,-72.33,-0.090315
306.15,0.0044370,0.052897,89308,91075,90151,90243,305.6,306.2,0.000000,141.2,55121,889.5,65181,289.9,0.70,0.000472,70091,294.2,9.68,0.008216,89469,313.1,15.63,0.019558,126.2,0.000000,145.5,496987,1605.5,111002,337.4,0.30,0.000299,107602,331.8,12.84,0.014822,89035,313.7,47.31,0.058792,486.2,0.011665,291.5,67106,345.8,67377,291.4,15.77,0.010974,71909,297.2,41.40,0.035644,87834,312.3,59.51,0.073291,666.2,0.000000,100.0,490560,581.8,116214,342.0,-0.40,-0.000406,107855,331.5,-14.27,-0.016528,90072,315.8,-72.67,-0.090749
307.15,0.0044514,0.052913,89430,91030,90100,90238,305.6,307.1,-0.000000,100.0,54182,885.1,65478,290.2,0.92,0.000627,70174,294.3,10.85,0.009214,89454,313.1,17.10,0.021400,127.1,0.000000,540.4,492547,1601.7,111087,337.5,0.19,0.000193,108144,332.2,12.60,0.014594,88997,313.6,46.83,0.058200,487.1,0.010966,291.0,66661,345.2,66976,290.9,14.81,0.010263,72672,298.1,43.09,0.037382,87762,312.2,60.31,0.074227,667.1,0.000000,100.0,506786,586.7,115884,341.7,-0.58,-0.000588,107424,331.2,-15.77,-0.018216,90012,315.6,-72.88,-0.091021
308.15,0.0044659,0.052925,89593,90951,90016,90232,305.5,308.1,0.000000,255.4,53500,881.6,65845,290.7,1.15,0.000786,70269,294.4,12.04,0.010232,89420,313.0,18.44,0.023073,128.1,0.000000,452.7,488231,1598.0,111133,337.5,0.11,0.000113,108719,332.7,12.35,0.014363,88935,313.4,46.48,0.057759,488.1,0.010620,290.5,66228,344.6,66625,290.4,14.37,0.009923,73429,299.0,44.64,0.039009,87672,312.1,61.01,0.075039,668.1,0.000000,500.9,523776,591.6,115444,341.3,-0.78,-0.000794,106994,330.8,-17.28,-0.019899,89929,315.3,-72.98,-0.091132
309.14,0.0044803,0.052929,89849,90833,89905,90226,305.4,309.1,0.000000,253.9,52585,877.2,66283,291.3,1.38,0.000944,70378,294.5,13.26,0.011285,89361,312.8,19.63,0.024551,129.1,0.000000,421.4,484034,1594.3,111154,337.5,0.06,0.000057,109328,333.3,12.09,0.014119,88852,313.2,46.23,0.057429,489.1,0.010639,290.0,65812,344.0,66307,290.0,14.57,0.010029,74190,299.9,46.09,0.040578,87561,311.9,61.60,0.075709,669.1,0.000000,861.6,541572,596.7,114884,340.9,-1.00,-0.001020,106562,330.4,-18.80,-0.021598,89824,315.1,-72.98,-0.091107
310.14,0.0044948,0.052923,90133,90694,89776,90219,305.3,310.1,-0.000000,254.7,51927,873.8,66782,291.9,1.58,0.001088,70507,294.7,14.54,0.012387,89280,312.7,20.67,0.025835,130.1,0.000000,882.1,479949,1590.6,111162,337.5,0.02,0.000024,109968,333.8,11.82,0.013858,88754,313.0,46.04,0.057174,490.1,0.010998,289.4,65416,343.4,66007,289.7,15.40,0.010564,74962,300.8,47.51,0.042134,87431,311.8,62.10,0.076251,670.1,0.000000,100.0,560217,601.9,114201,340.3,-1.24,-0.001252,106122,330.0,-20.37,-0.023330,89698,314.8,-72.94,-0.091009
311.14,0.0045092,0.052907,90374,90551,89633,90211,305.1,311.1,0.000000,100.0,51041,869.4,67330,292.6,1.74,0.001205,70662,294.9,15.88,0.013551,89182,312.5,21.55,0.026930,131.1,0.000000,237.0,475970,1587.0,111168,337.5,0.02,0.000016,110630,334.4,11.54,0.013587,88642,312.7,45.87,0.056935,491.1,0.011743,288.9,65043,342.8,65758,289.3,16.81,0.011499,75751,301.7,48.92,0.043709,87287,311.6,62.53,0.076708,671.1,0.000000,100.0,579756,607.1,113403,339.6,-1.47,-0.001476,105667,329.6,-21.99,-0.025107,89552,314.5,-72.85,-0.090828
312.13,0.0045237,0.052883,90605,90407,89482,90202,305.0,312.1,-0.000000,575.4,50153,864.9,67910,293.3,1.85,0.001286,70847,295.1,17.30,0.014790,89070,312.3,22.30,0.027847,132.1,0.000000,602.0,472091,1583.5,111183,337.5,0.03,0.000028,111304,335.0,11.26,0.013318,88522,312.5,45.69,0.056679,492.1,0.012883,288.4,64699,342.3,65622,289.2,18.98,0.012962,76562,302.6,50.34,0.045323,87136,311.3,62.93,0.077118,672.1,0.000000,100.0,600236,612.5,112503,338.8,-1.68,-0.001677,105190,329.2,-23.67,-0.026933,89390,314.2,-72.69,-0.090553
313.13,0.0045381,0.052852,90842,90261,89325,90193,304.8,313.1,-0.000000,247.8,49521,861.4,68504,294.0,1.89,0.001329,71068,295.3,18.80,0.016107,88945,312.1,22.94,0.028619,133.1,0.000000,100.0,468307,1580.1,111218,337.6,0.06,0.000060,111974,335.5,11.00,0.013061,88396,312.2,45.47,0.056368,493.1,0.014708,288.1,64389,341.8,65559,289.1,22.02,0.015030,77395,303.6,51.78,0.046979,86981,311.1,63.29,0.077479,673.1,0.000000,234.5,621708,618.0,111523,338.0,-1.86,-0.001844,104683,328.7,-25.39,-0.028799,89216,313.9,-72.47,-0.090175
314.13,0.0045526,0.052812,91067,90121,89167,90184,304.7,314.1,0.000000,100.0,48882,857.9,69097,294.7,1.89,0.001334,71330,295.6,20.37,0.017502,88812,311.9,23.47,0.029267,134.1,0.000000,100.0,464611,1576.6,111284,337.6,0.12,0.000115,112620,336.1,10.77,0.012845,88267,312.0,45.18,0.055969,494.1,0.017220,288.0,64122,341.4,65605,289.1,26.14,0.017854,78243,304.5,53.23,0.048666,86826,310.9,63.62,0.077794,674.1,0.000000,101.9,644221,623.5,110482,337.1,-2.00,-0.001974,104138,328.2,-27.16,-0.030689,89034,313.7,-72.16,-0.089683
315.12,0.0045670,0.052765,91265,89990,89015,90174,304.5,315.1,0.000000,296.5,48548,855.6,69675,295.4,1.84,0.001308,71634,296.0,22.00,0.018961,88679,311.7,23.94,0.029824,135.1,0.000000,440.3,460999,1573.3,111390,337.7,0.19,0.000188,113217,336.6,10.62,0.012707,88143,311.7,44.80,0.055474,495.1,0.020522,288.1,63907,340.9,65781,289.4,31.40,0.021489,79093,305.5,54.66,0.050364,86676,310.7,63.91,0.078069,675.1,0.000000,100.0,667830,629.2,109401,336.1,-2.11,-0.002065,103551,327.7,-28.96,-0.032582,88849,313.4,-71.76,-0.089074
316.12,0.0045815,0.052712,91437,89873,88873,90164,304.4,316.1,-0.000000,100.0,49652,859.3,70231,296.1,1.77,0.001263,71977,296.4,23.66,0.020461,88550,311.4,24.37,0.030342,136.1,0.000000,954.4,457465,1569.9,111543,337.8,0.28,0.000275,113764,337.1,10.51,0.012624,88037,311.5,44.33,0.054871,496.1,0.024523,288.5,63749,340.6,66057,289.7,37.50,0.025740,79928,306.4,56.07,0.052045,86534,310.5,64.17,0.078309,676.1,0.000000,407.0,692590,635.0,108300,335.2,-2.18,-0.002120,102921,327.2,-30.75,-0.034453,88668,313.2,-71.27,-0.088349
317.12,0.0045959,0.052654,91588,89773,88742,90153,304.2,317.1,0.000000,100.0,52362,869.7,70762,296.8,1.68,0.001207,72354,296.8,25.30,0.021966,88429,311.2,24.78,0.030834,137.1,0.000000,606.2,454003,1566.6,111747,338.0,0.37,0.000369,114256,337.5,10.45,0.012592,87950,311.2,43.78,0.054171,497.1,0.028908,289.1,63653,340.3,66387,290.1,43.94,0.030262,80732,307.3,57.42,0.053684,86403,310.2,64.39,0.078523,677.1,0.000000,536.4,718557,640.9,107193,334.2,-2.22,-0.002145,102249,326.5,-32.53,-0.036274,88494,313.0,-70.68,-0.087510
318.11,0.0046104,0.052591,91718,89691,88628,90141,304.1,318.1,0.000000,469.1,56316,885.2,71269,297.4,1.60,0.001151,72757,297.3,26.89,0.023437,88318,311.0,25.17,0.031302,138.1,0.000000,100.0,450609,1563.4,112002,338.2,0.47,0.000468,114690,337.8,10.41,0.012570,87883,311.0,43.15,0.053386,498.1,0.033256,289.9,63619,340.0,66707,290.5,50.05,0.034594,81490,308.1,58.71,0.055254,86284,310.0,64.60,0.078716,678.1,0.000000,965.8,745789,646.9,106092,333.2,-2.24,-0.002145,101538,325.9,-34.26,-0.038019,88333,312.7,-69.99,-0.086560
319.11,0.0046248,0.052526,91823,89625,88553,90129,304.1,319.1,0.000000,100.0,60802,902.1,71755,297.9,1.52,0.001100,73176,297.8,28.36,0.024823,88222,310.8,25.56,0.031773,139.1,0.000000,100.0,447279,1560.2,112309,338.5,0.57,0.000567,115054,338.2,10.37,0.012557,87843,310.8,42.46,0.052551,499.1,0.037220,290.8,63640,339.8,67030,290.9,55.60,0.038559,82189,308.8,59.91,0.056734,86184,309.8,64.79,0.078913,679.1,0.000000,5923.4,774332,653.1,105007,332.2,-2.24,-0.002127,100794,325.2,-35.93,-0.039658,88193,312.5,-69.20,-0.085492
320.11,0.0046392,0.052457,91904,89579,88536,90116,304.0,320.1,-0.000000,175.7,65752,919.6,72223,298.5,1.45,0.001059,73603,298.3,29.67,0.026072,88154,310.6,25.99,0.032299,140.1,0.000000,1120.6,444010,1557.0,112666,338.8,0.66,0.000664,115342,338.4,10.36,0.012561,87856,310.6,41.78,0.051740,500.1,0.040781,291.7,63712,339.7,67375,291.3,60.53,0.042134,82816,309.5,61.02,0.058099,86115,309.6,65.01,0.079166,680.1,0.000000,254.2,804226,659.3,103944,331.3,-2.22,-0.002098,100020,324.5,-37.50,-0.041160,88085,312.4,-68.19,-0.084191
321.10,0.0046536,0.052387,91960,89557,88574,90103,304.1,321.1,-0.000000,384.5,71000,936.9,72681,299.0,1.41,0.001030,74033,298.8,30.75,0.027141,88119,310.4,26.49,0.032927,141.1,0.000000,100.0,440797,1553.9,113070,339.2,0.75,0.000757,115559,338.6,10.35,0.012576,87927,310.5,41.09,0.050948,501.1,0.043975,292.6,63830,339.6,67751,291.8,64.88,0.045343,83356,310.1,62.01,0.059320,86086,309.5,65.28,0.079507,681.1,0.000000,1212.4,835530,665.6,102904,330.3,-2.20,-0.002063,99219,323.8,-38.94,-0.042498,88029,312.2,-66.94,-0.082633
322.09,0.0046680,0.052317,91989,89551,88646,90088,304.1,322.1,-0.000000,332.0,76532,953.9,73137,299.6,1.39,0.001018,74461,299.2,31.60,0.027999,88117,310.3,27.12,0.033720,142.1,0.000000,227.8,437633,1550.7,113519,339.5,0.84,0.000845,115713,338.7,10.36,0.012591,88050,310.5,40.37,0.050127,502.1,0.046848,293.5,63991,339.6,68161,292.3,68.71,0.048233,83806,310.6,62.90,0.060397,86093,309.3,65.58,0.079926,682.1,0.000000,374.3,868305,672.0,101885,329.4,-2.18,-0.002029,98392,323.0,-40.23,-0.043647,88028,312.2,-65.51,-0.080882
323.08,0.0046824,0.052247,91991,89554,88754,90071,304.2,323.1,0.000037,300.3,81995,969.3,73588,300.1,1.40,0.001036,74889,299.7,32.18,0.028637,88145,310.1,27.86,0.034671,143.1,0.000000,100.0,434510,1547.6,114010,340.0,0.92,0.000928,115811,338.8,10.35,0.012592,88214,310.4,39.56,0.049225,503.1,0.049461,294.5,64190,339.6,68612,292.8,72.13,0.050876,84168,310.9,63.72,0.061378,86132,309.2,65.91,0.080402,683.1,0.000000,610.5,902615,678.5,100885,328.4,-2.16,-0.001999,97542,322.2,-41.36,-0.044585,88086,312.2,-63.97,-0.079035
324.08,0.0046968,0.052178,91965,89566,88909,90054,304.4,324.1,0.000271,301.2,87800,984.3,73988,300.6,1.52,0.001124,75318,300.2,32.53,0.029062,88202,310.0,28.73,0.035784,144.1,0.000000,308.5,431424,1544.5,114539,340.4,0.99,0.001002,115862,338.8,10.33,0.012566,88415,310.5,38.68,0.048231,504.1,0.051886,295.4,64426,339.6,69107,293.4,75.24,0.053344,84417,311.2,64.60,0.062353,86202,309.0,66.28,0.080949,684.1,0.000000,252.5,938521,685.1,99897,327.5,-2.16,-0.001979,96671,321.4,-42.29,-0.045303,88216,312.3,-62.35,-0.077124
325.07,0.0047111,0.052111,91915,89588,89062,90035,304.5,325.1,0.000285,302.0,93331,997.5,74441,301.1,1.67,0.001242,75752,300.7,32.65,0.029294,88282,310.0,29.69,0.037022,145.1,0.000000,309.8,428370,1541.5,115100,340.9,1.05,0.001066,115876,338.8,10.25,0.012476,88642,310.5,37.69,0.047112,505.1,0.054188,296.4,64696,339.7,69651,294.1,78.12,0.055698,84605,311.4,65.48,0.063311,86308,309.0,66.69,0.081573,685.1,0.000000,350.5,976088,691.8,98913,326.6,-2.17,-0.001974,95783,320.6,-43.04,-0.045798,88391,312.4,-60.68,-0.075182
326.20,0.0047275,0.052039,91836,89628,89181,90012,304.7,326.2,0.000281,302.8,99353,1010.6,75038,301.8,1.86,0.001390,76248,301.2,32.53,0.029326,88371,309.9,30.78,0.038435,146.2,0.000000,100.0,424913,1538.0,115770,341.4,1.10,0.001121,115858,338.8,10.08,0.012270,88898,310.6,36.33,0.045539,506.2,0.056570,297.5,65046,339.8,70330,294.9,81.21,0.058300,84733,311.5,66.46,0.064333,86433,308.9,67.10,0.082201,686.2,0.000000,203.3,1021141,699.6,97781,325.5,-2.20,-0.001989,94753,319.6,-43.66,-0.046101,88585,312.5,-58.87,-0.073059
327.19,0.0047419,0.051979,91749,89670,89258,89992,304.7,327.2,0.000246,303.5,104206,1020.4,75641,302.5,2.02,0.001519,76683,301.7,32.23,0.029168,88430,309.8,31.68,0.039602,147.2,0.000000,307.7,421909,1534.9,116371,342.0,1.12,0.001150,115807,338.8,9.88,0.012017,89100,310.6,34.92,0.043863,507.2,0.058897,298.6,65389,340.0,70971,295.6,83.76,0.060519,84755,311.5,67.37,0.065229,86522,308.9,67.36,0.082618,687.2,0.000000,215.8,1062493,706.4,96775,324.6,-2.25,-0.002020,93847,318.7,-44.02,-0.046157,88720,312.6,-57.41,-0.071335
328.18,0.0047562,0.051924,91648,89713,89332,89970,304.8,328.2,0.000178,304.3,108794,1029.0,76331,303.2,2.16,0.001637,77110,302.2,31.73,0.028834,88475,309.7,32.56,0.040735,148.2,0.000000,164.0,418920,1531.9,116974,342.5,1.13,0.001158,115738,338.7,9.62,0.011700,89287,310.6,33.34,0.041965,508.2,0.061016,299.7,65764,340.2,71644,296.4,86.15,0.062668,84682,311.4,68.33,0.066122,86594,308.8,67.56,0.082947,688.2,0.000000,100.0,1105715,713.4,95747,323.6,-2.32,-0.002067,92942,317.9,-44.21,-0.046041,88827,312.7,-56.04,-0.069700
329.17,0.0047706,0.051873,91534,89760,89398,89949,304.9,329.2,0.000068,305.2,112273,1034.9,77117,304.1,2.27,0.001734,77526,302.7,31.08,0.028349,88512,309.6,33.43,0.041854,149.2,0.000000,770.7,415939,1528.8,117569,343.0,1.11,0.001145,115664,338.7,9.31,0.011314,89462,310.7,31.65,0.039905,509.2,0.063076,300.7,66171,340.5,72351,297.3,88.40,0.064761,84522,311.2,69.38,0.067047,86656,308.8,67.72,0.083223,689.2,0.000000,476.5,1150865,720.4,94690,322.5,-2.40,-0.002124,92046,317.0,-44.27,-0.045778,88920,312.8,-54.73,-0.068130
330.16,0.0047849,0.051826,91410,89830,89445,89927,304.9,330.2,-0.000029,930.3,115988,1041.1,78002,305.2,2.33,0.001793,77933,303.1,30.32,0.027760,88536,309.4,34.28,0.042950,150.2,0.000000,100.0,412961,1525.8,118145,343.4,1.07,0.001111,115594,338.6,8.93,0.010852,89619,310.7,29.85,0.037706,510.2,0.065075,301.9,66610,340.8,73077,298.1,90.48,0.066758,84292,311.0,70.56,0.068065,86707,308.7,67.86,0.083445,690.2,0.000000,639.5,1197975,727.6,93603,321.5,-2.50,-0.002189,91166,316.1,-44.20,-0.045395,89003,312.8,-53.51,-0.066654
331.15,0.0047993,0.051785,91279,89930,89470,89906,304.9,331.2,-0.000100,930.7,119255,1046.1,78984,306.4,2.31,0.001791,78324,303.5,29.49,0.027099,88544,309.3,35.11,0.044010,151.2,0.000000,591.8,409985,1522.7,118689,343.9,1.01,0.001054,115531,338.5,8.49,0.010308,89752,310.7,27.97,0.035385,511.2,0.066951,302.9,67079,341.1,73802,299.0,92.31,0.068588,83993,310.6,71.88,0.069166,86745,308.7,67.95,0.083607,691.2,0.000000,100.0,1247044,734.7,92486,320.4,-2.59,-0.002255,90307,315.3,-44.04,-0.044919,89078,312.9,-52.40,-0.065321
332.14,0.0048137,0.051749,91144,90015,89456,89884,304.9,332.1,-0.000193,931.6,122194,1050.2,80049,307.8,2.17,0.001699,78696,303.9,28.63,0.026396,88530,309.2,35.89,0.044998,152.1,0.000000,906.8,407009,1519.6,119189,344.3,0.93,0.000974,115479,338.5,7.97,0.009677,89854,310.6,26.01,0.032936,512.1,0.068631,304.0,67576,341.4,74511,299.8,93.80,0.070174,83631,310.2,73.32,0.070332,86764,308.7,67.99,0.083682,692.1,0.000000,157.9,1298173,743.1,91343,319.2,-2.69,-0.002317,89475,314.5,-43.78,-0.044360,89135,312.9,-51.47,-0.064190
333.13,0.0048280,0.051719,91009,90068,89396,89863,304.8,333.1,-0.000313,932.9,123956,1051.8,81171,309.4,1.87,0.001476,79053,304.3,27.76,0.025682,88486,309.0,36.58,0.045864,153.1,0.000000,148.2,404032,1516.5,119633,344.7,0.83,0.000872,115441,338.5,7.37,0.008949,89914,310.6,23.93,0.030337,513.1,0.065549,305.4,68050,341.8,75992,301.7,92.48,0.070129,83217,309.8,74.83,0.071538,86755,308.6,67.95,0.083636,693.1,0.000000,100.0,1352133,750.9,90178,318.1,-2.78,-0.002371,88664,313.7,-43.45,-0.043736,89157,312.9,-50.76,-0.063325
334.12,0.0048424,0.051694,90876,90110,89307,89843,304.8,334.1,-0.000466,934.4,125952,1053.8,82333,311.3,1.41,0.001119,79400,304.7,26.92,0.024986,88410,308.9,37.18,0.046590,154.1,0.000000,100.0,401053,1513.4,120012,345.0,0.72,0.000752,115416,338.4,6.70,0.008129,89934,310.5,21.76,0.027587,514.1,0.070708,306.1,68589,342.2,76436,302.1,94.20,0.071734,82774,309.3,76.41,0.072775,86718,308.6,67.81,0.083442,694.1,0.000000,100.0,1410122,759.8,89000,316.9,-2.85,-0.002411,87881,312.9,-43.07,-0.043073,89135,312.9,-50.30,-0.062741
335.11,0.0048567,0.051673,90747,90145,89215,89824,304.7,335.1,-0.000653,935.9,127038,1054.0,83511,313.4,0.76,0.000611,79738,305.1,26.14,0.024334,88313,308.7,37.70,0.047226,155.1,0.000000,3506.5,398068,1510.3,120321,345.2,0.59,0.000621,115402,338.4,5.95,0.007215,89929,310.5,19.50,0.024732,515.1,0.067113,321.2,69099,342.6,78082,304.1,91.49,0.070704,82325,308.8,78.03,0.074035,86664,308.5,67.57,0.083115,695.1,0.000000,443.1,1473465,770.3,87816,315.7,-2.91,-0.002435,87131,312.2,-42.64,-0.042389,89084,312.8,-49.96,-0.062299
336.11,0.0048711,0.051658,90623,90166,89122,89806,304.6,336.1,-0.000877,937.6,127807,1053.5,84683,315.7,-0.05,-0.000043,80069,305.4,25.44,0.023748,88205,308.5,38.20,0.047820,156.1,0.000000,871.8,395069,1507.1,120559,345.4,0.46,0.000487,115397,338.4,5.11,0.006204,89910,310.4,17.19,0.021800,516.1,0.072109,308.1,69671,343.1,78259,304.3,93.11,0.072075,81894,308.3,79.66,0.075306,86603,308.4,67.28,0.082722,696.1,0.000000,100.0,1543582,783.2,86636,314.5,-2.94,-0.002441,86413,311.4,-42.20,-0.041696,89029,312.8,-49.72,-0.061973
337.10,0.0048854,0.051647,90506,90169,89030,89790,304.5,337.1,-0.001135,939.6,128190,1052.2,85835,318.3,-1.02,-0.000831,80395,305.8,24.82,0.023240,88091,308.4,38.69,0.048392,157.1,0.000000,100.0,392055,1504.0,120728,345.6,0.34,0.000354,115392,338.4,4.19,0.005089,89883,310.3,14.82,0.018791,517.1,0.072186,308.9,70253,343.6,78584,304.7,93.86,0.072878,81497,307.8,81.27,0.076564,86536,308.3,66.98,0.082308,697.1,0.000000,340.0,1621981,798.8,85469,313.2,-2.96,-0.002429,85720,310.7,-41.72,-0.040982,88978,312.7,-49.60,-0.061793
338.08,0.0048998,0.051640,90397,90159,88943,89775,304.4,338.1,-0.001429,941.3,127656,1049.1,86953,321.2,-2.13,-0.001738,80723,306.1,24.30,0.022818,87976,308.3,39.18,0.048954,158.1,0.000000,100.0,389029,1500.8,120828,345.6,0.21,0.000224,115388,338.4,3.18,0.003858,89854,310.2,12.37,0.015693,518.1,0.067732,309.7,70796,344.0,79929,306.3,91.31,0.071723,81145,307.4,82.81,0.077786,86464,308.3,66.69,0.081901,698.1,0.000000,989.4,1710193,817.8,84325,312.0,-2.95,-0.002400,85046,310.1,-41.20,-0.040249,88930,312.6,-49.59,-0.061766
339.07,0.0049141,0.051637,90299,90139,88871,89761,304.3,339.1,-0.001755,943.1,126835,1045.4,88025,324.5,-3.36,-0.002747,81059,306.5,23.86,0.022476,87865,308.1,39.67,0.049523,159.1,0.000000,100.0,385996,1497.6,120863,345.7,0.09,0.000098,115385,338.4,2.07,0.002511,89828,310.2,9.86,0.012498,519.1,0.072222,310.5,71396,344.5,80136,306.5,92.09,0.072478,80843,307.0,84.27,0.078960,86393,308.2,66.43,0.081534,699.1,0.000000,100.0,1809801,840.7,83211,310.9,-2.92,-0.002353,84388,309.4,-40.66,-0.039495,88890,312.6,-49.74,-0.061932
340.20,0.0049304,0.051638,90205,90107,88812,89747,304.3,340.2,-0.002140,944.7,127071,1043.4,89186,328.7,-4.91,-0.004008,81465,306.9,23.45,0.022163,87751,308.0,40.25,0.050208,160.2,0.000000,757.2,382522,1493.9,120831,345.6,-0.03,-0.000030,115379,338.4,0.69,0.000842,89818,310.2,6.87,0.008717,520.2,0.067995,311.3,72040,345.1,81471,308.1,89.23,0.071030,80563,306.7,85.86,0.080254,86316,308.1,66.20,0.081197,700.2,0.000000,126.3,1939630,872.0,81983,309.5,-2.86,-0.002284,83652,308.6,-40.00,-0.038608,88846,312.5,-50.07,-0.062328
341.19,0.0049447,0.051641,90140,90071,88781,89736,304.2,341.2,-0.002578,945.6,127233,1041.6,90152,332.9,-6.39,-0.005208,81848,307.3,23.12,0.021929,87670,308.0,40.80,0.050849,161.2,0.000000,647.4,379474,1490.6,120745,345.6,-0.13,-0.000136,115369,338.4,-0.59,-0.000711,89832,310.2,4.17,0.005282,521.2,0.071544,311.9,72650,345.6,81582,308.2,89.85,0.071594,80372,306.5,87.17,0.081349,86262,308.1,66.07,0.080995,701.2,0.000000,457.7,2068929,904.4,80953,308.4,-2.80,-0.002209,83016,308.0,-39.38,-0.037805,88812,312.5,-50.42,-0.062755
342.17,0.0049590,0.051646,90098,90028,88797,89727,304.3,342.2,-0.003023,946.6,126718,1038.4,91067,337.6,-7.97,-0.006472,82269,307.8,22.80,0.021701,87615,308.0,41.39,0.051555,162.2,0.000000,3407.4,376413,1487.3,120606,345.5,-0.23,-0.000239,115351,338.4,-1.92,-0.002326,89788,310.1,1.14,0.001450,522.2,0.066583,312.6,73216,346.1,82810,309.6,86.64,0.069754,80232,306.3,88.40,0.082403,86229,308.1,66.03,0.080900,702.2,0.000000,100.0,2214339,941.7,79970,307.3,-2.71,-0.002122,82383,307.3,-38.73,-0.036974,88797,312.4,-50.79,-0.063203
343.16,0.0049733,0.051653,90083,89983,88816,89721,304.3,343.2,-0.003496,947.5,125817,1034.4,91932,342.9,-9.64,-0.007776,82738,308.3,22.44,0.021449,87579,308.0,42.02,0.052314,163.2,0.000000,373.5,373336,1484.0,120418,345.3,-0.32,-0.000332,115317,338.4,-3.28,-0.003974,89645,310.0,-2.21,-0.002799,523.2,0.070329,313.1,73829,346.6,82837,309.6,87.17,0.070201,80144,306.1,89.52,0.083398,86209,308.2,66.03,0.080878,703.2,0.000000,677.6,2377073,984.1,79038,306.3,-2.61,-0.002027,81750,306.7,-38.04,-0.036112,88807,312.4,-51.13,-0.063634
344.14,0.0049875,0.051659,90083,89941,88843,89715,304.3,344.1,-0.003999,948.3,124767,1030.2,92751,348.9,-11.37,-0.009097,83272,308.8,22.03,0.021156,87549,308.0,42.64,0.053066,164.1,0.000000,294.7,370242,1480.7,120190,345.1,-0.39,-0.000413,115276,338.3,-4.65,-0.005635,89596,309.9,-5.36,-0.006781,524.1,0.065274,313.7,74399,347.1,83996,310.9,83.96,0.068273,80110,306.0,90.52,0.084314,86194,308.2,66.08,0.080902,704.1,0.000000,179.7,2558098,1031.8,78158,305.3,-2.50,-0.001927,81112,306.0,-37.30,-0.035214,88825,312.4,-51.47,-0.064075
345.12,0.0050018,0.051665,90085,89909,88881,89712,304.3,345.1,-0.004533,948.9,123507,1025.4,93533,355.7,-13.16,-0.010422,83892,309.5,21.56,0.020811,87530,308.1,43.27,0.053826,165.1,0.000000,328.9,366388,1476.7,119929,344.9,-0.46,-0.000480,115224,338.3,-6.00,-0.007268,89594,310.0,-8.38,-0.010605,525.1,0.068805,314.2,75014,347.6,83993,310.9,84.39,0.068630,80130,306.0,91.36,0.085124,86191,308.3,66.17,0.080987,705.1,0.000000,438.7,2758065,1084.7,77329,304.4,-2.39,-0.001824,80468,305.3,-36.52,-0.034280,88852,312.4,-51.80,-0.064502
346.11,0.0050161,0.051672,90089,89885,88932,89709,304.4,346.1,-0.005085,949.7,121815,1019.9,94281,363.3,-15.00,-0.011717,84608,310.2,20.99,0.020389,87522,308.2,43.91,0.054598,166.1,0.000000,430.3,362361,1472.5,119640,344.7,-0.51,-0.000536,115164,338.2,-7.29,-0.008835,89619,310.0,-11.32,-0.014332,526.1,0.063748,314.7,75586,348.1,85117,312.2,81.22,0.066657,80208,306.1,92.00,0.085793,86205,308.4,66.29,0.081120,706.1,0.000000,100.0,2977239,1142.7,76550,303.5,-2.27,-0.001723,79816,304.6,-35.70,-0.033311,88890,312.5,-52.11,-0.064914
347.09,0.0050303,0.051677,90092,89866,88995,89708,304.5,347.1,-0.005687,949.7,122262,1018.4,95023,371.9,-16.90,-0.013003,85423,311.1,20.31,0.019863,87528,308.3,44.56,0.055388,167.1,0.000000,4711.0,358270,1468.3,119329,344.4,-0.56,-0.000582,115095,338.2,-8.51,-0.010303,89652,310.1,-14.17,-0.017936,527.1,0.067120,315.2,76202,348.6,85112,312.1,81.58,0.066963,80339,306.1,92.41,0.086294,86232,308.6,66.44,0.081291,707.1,0.000000,100.0,3215451,1205.6,75818,302.7,-2.15,-0.001624,79157,303.9,-34.83,-0.032309,88938,312.5,-52.40,-0.065297
348.08,0.0050446,0.051683,90092,89859,89069,89709,304.5,348.1,-0.006366,949.5,123040,1017.5,95793,381.6,-18.93,-0.014305,86333,312.0,19.50,0.019218,87546,308.4,45.22,0.056199,168.1,0.000000,514.5,354128,1464.0,118996,344.1,-0.60,-0.000624,115013,338.1,-9.63,-0.011661,89688,310.2,-16.88,-0.021365,528.1,0.062115,315.8,76776,349.1,86223,313.4,78.46,0.064980,80513,306.3,92.59,0.086608,86267,308.7,66.62,0.081507,708.1,0.000000,438.2,3472051,1273.1,75133,301.9,-2.04,-0.001527,78492,303.2,-33.93,-0.031280,88996,312.5,-52.65,-0.065644
349.20,0.0050609,0.051690,90080,89862,89168,89710,304.6,349.2,-0.007174,949.4,124093,1016.9,96735,394.4,-21.42,-0.015814,87480,313.2,18.43,0.018336,87584,308.6,45.99,0.057160,169.2,0.000000,100.0,349328,1458.9,118589,343.8,-0.65,-0.000671,114901,338.0,-10.79,-0.013057,89727,310.3,-19.74,-0.024999,529.2,0.065316,316.3,77483,349.7,86258,313.4,78.78,0.065279,80759,306.5,92.67,0.086890,86319,308.9,66.88,0.081824,709.2,0.000000,245.7,3786221,1355.3,74403,301.1,-1.91,-0.001421,77728,302.4,-32.85,-0.030075,89074,312.6,-52.89,-0.065989
350.19,0.0050752,0.051696,90057,89855,89272,89713,304.7,350.2,-0.008046,949.6,124646,1015.8,97623,407.3,-23.74,-0.017126,88556,314.3,17.37,0.017430,87634,308.7,46.70,0.058044,170.2,0.000000,182.9,345074,1454.4,118209,343.5,-0.69,-0.000716,114786,337.9,-11.69,-0.014129,89766,310.4,-22.01,-0.027879,530.2,0.060318,316.9,78059,350.2,87285,314.5,76.02,0.063510,80999,306.7,92.67,0.087074,86375,309.1,67.17,0.082178,710.2,0.000000,100.0,4077361,1431.2,73810,300.4,-1.80,-0.001331,77061,301.7,-31.88,-0.029004,89157,312.7,-53.06,-0.066241
351.17,0.0050894,0.051704,90022,89830,89391,89716,304.8,351.2,-0.008906,950.1,124782,1013.9,98566,421.9,-26.16,-0.018397,89677,315.4,16.20,0.016402,87698,308.9,47.44,0.058973,171.2,0.000000,515.4,340774,1449.8,117802,343.1,-0.74,-0.000765,114655,337.8,-12.46,-0.015053,89815,310.5,-24.05,-0.030458,531.2,0.063574,317.4,78681,350.8,87397,314.6,76.22,0.063742,81233,306.9,92.45,0.087060,86442,309.3,67.51,0.082615,711.2,0.000000,216.5,4381094,1510.0,73257,299.7,-1.69,-0.001245,76398,300.9,-30.89,-0.027924,89255,312.8,-53.17,-0.066442
352.16,0.0051037,0.051713,89973,89796,89517,89720,305.0,352.2,-0.009794,951.0,124300,1010.8,99557,438.3,-28.65,-0.019594,90820,316.5,14.93,0.015253,87772,309.1,48.21,0.059939,172.2,0.000000,358.8,336440,1445.2,117365,342.8,-0.80,-0.000821,114511,337.7,-13.11,-0.015826,89877,310.6,-25.85,-0.032754,532.2,0.058686,318.0,79261,351.3,88418,315.7,73.65,0.062092,81474,307.1,91.95,0.086799,86519,309.5,67.92,0.083130,712.2,0.000000,100.0,4694482,1591.2,72742,299.1,-1.59,-0.001163,75744,300.2,-29.87,-0.026842,89368,312.9,-53.26,-0.066609
353.14,0.0051180,0.051723,89903,89760,89657,89724,305.1,353.1,-0.010694,952.1,123278,1006.8,100581,456.5,-31.18,-0.020680,91965,317.7,13.57,0.013987,87858,309.3,49.00,0.060943,173.1,0.000000,579.7,332092,1440.5,116896,342.4,-0.86,-0.000882,114352,337.5,-13.65,-0.016457,89955,310.8,-27.46,-0.034805,533.1,0.057865,318.6,79843,351.8,89541,316.9,70.97,0.060361,81741,307.4,91.19,0.086296,86607,309.7,68.37,0.083717,713.1,0.000000,100.0,5014273,1674.2,72263,298.6,-1.49,-0.001086,75103,299.5,-28.85,-0.025764,89494,313.0,-53.32,-0.066754
354.13,0.0051323,0.051737,89807,89720,89837,89728,305.3,354.1,-0.011590,953.6,121656,1001.7,101623,476.7,-33.70,-0.021624,93091,318.8,12.12,0.012603,87960,309.5,49.84,0.062019,174.1,0.000000,484.2,327732,1435.7,116393,342.0,-0.93,-0.000949,114176,337.4,-14.09,-0.016965,90059,311.0,-28.88,-0.036627,534.1,0.061019,319.2,80470,352.3,89577,316.9,71.57,0.060893,82052,307.6,90.19,0.085600,86713,309.9,68.89,0.084404,714.1,0.000000,653.4,5336887,1758.1,71816,298.1,-1.40,-0.001015,74477,298.8,-27.82,-0.024697,89638,313.1,-53.33,-0.066851
355.11,0.0051465,0.051754,89685,89676,90079,89731,305.5,355.1,-0.012466,955.4,119445,995.5,102669,498.9,-36.15,-0.022401,94182,319.8,10.59,0.011106,88098,309.7,50.78,0.063246,175.1,0.000000,100.0,323361,1430.9,115854,341.5,-1.00,-0.001017,113985,337.2,-14.43,-0.017361,90207,311.2,-30.08,-0.038184,535.1,0.056331,319.9,81058,352.9,90675,318.1,69.14,0.059332,82422,308.0,89.02,0.084773,86853,310.1,69.53,0.085266,715.1,0.000000,100.0,5658490,1842.5,71398,297.6,-1.32,-0.000952,73871,298.1,-26.80,-0.023646,89820,313.3,-53.26,-0.066859
356.10,0.0051608,0.051775,89544,89625,90328,89734,305.7,356.1,-0.013303,957.5,116658,988.2,103706,522.8,-38.50,-0.022993,95227,320.8,8.99,0.009503,88268,310.0,51.83,0.064621,176.1,0.000000,575.6,318979,1426.1,115281,341.0,-1.06,-0.001082,113781,337.1,-14.69,-0.017644,90398,311.5,-31.08,-0.039497,536.1,0.059463,320.5,81692,353.4,90839,318.2,69.48,0.059707,82833,308.3,87.66,0.083791,87022,310.3,70.28,0.086289,716.1,0.000000,100.0,5975083,1926.6,71004,297.1,-1.25,-0.000896,73285,297.5,-25.78,-0.022617,90037,313.5,-53.06,-0.066730
357.08,0.0051751,0.051801,89390,89563,90550,89737,306.0,357.1,-0.014084,959.9,113312,979.9,104724,548.3,-40.69,-0.023393,96217,321.8,7.33,0.007800,88443,310.2,52.88,0.066013,177.1,0.000000,1908.1,314586,1421.2,114678,340.5,-1.13,-0.001141,113564,336.9,-14.87,-0.017832,90618,311.8,-32.05,-0.040786,537.1,0.054845,321.2,82288,353.9,91862,319.3,67.38,0.058356,83270,308.8,86.14,0.082667,87193,310.6,71.05,0.087342,717.1,0.000000,322.1,6282608,2009.7,70630,296.6,-1.18,-0.000849,72723,296.8,-24.78,-0.021617,90265,313.7,-52.82,-0.066544
358.07,0.0051894,0.051833,89227,89489,90769,89739,306.2,358.1,-0.014792,962.6,109428,970.4,105713,575.3,-42.66,-0.023600,97153,322.7,5.59,0.005997,88608,310.4,53.89,0.067356,178.1,0.000000,509.5,310182,1416.2,114053,340.0,-1.18,-0.001188,113330,336.7,-14.98,-0.017943,90855,312.1,-33.10,-0.042195,538.1,0.054134,321.9,82890,354.5,92968,320.4,65.07,0.056826,83739,309.2,84.56,0.081489,87355,310.8,71.78,0.088345,718.1,0.000000,310.4,6577015,2091.4,70273,296.2,-1.13,-0.000810,72185,296.2,-23.79,-0.020648,90488,313.9,-52.57,-0.066343
359.20,0.0052057,0.051876,89034,89402,91021,89740,306.4,359.2,-0.014172,587.7,104944,959.5,105046,596.7,-39.20,-0.020774,98166,323.6,3.53,0.003809,88789,310.7,55.03,0.068853,179.2,0.000000,100.0,305137,1410.4,113322,339.4,-1.22,-0.001223,113043,336.4,-15.06,-0.018001,91132,312.5,-34.43,-0.043970,539.2,0.053799,333.1,83589,355.1,94087,321.6,62.84,0.055347,84303,309.7,82.72,0.080117,87535,311.0,72.59,0.089450,719.2,0.000000,290.3,6892301,2182.1,69881,295.7,-1.09,-0.000776,71601,295.5,-22.70,-0.019586,90733,314.2,-52.23,-0.066051
360.18,0.0052200,0.051920,88863,89332,91222,89742,306.6,360.2,-0.009902,592.9,102261,952.3,102091,598.6,-30.17,-0.015493,99017,324.4,1.62,0.001766,88936,310.9,55.99,0.070131,180.2,0.000000,100.0,300714,1405.3,112678,338.8,-1.23,-0.001235,112772,336.2,-15.09,-0.018008,91365,312.8,-35.70,-0.045652,540.2,0.056184,323.3,84241,355.7,94107,321.5,63.54,0.055977,84812,310.2,81.10,0.078906,87687,311.2,73.26,0.090365,0.2,0.000000,107.2,7145462,2258.4,69547,295.3,-1.06,-0.000754,71117,295.0,-21.78,-0.018697,90934,314.3,-51.88,-0.065718
361.17,0.0052344,0.051969,88693,89271,91400,89743,306.8,361.2,-0.008091,596.8,99957,946.0,99987,601.1,-23.81,-0.011922,99858,325.2,-0.38,-0.000415,89067,311.1,56.93,0.071354,181.2,0.000000,1565.1,296283,1400.2,112043,338.3,-1.23,-0.001226,112483,336.0,-15.10,-0.017995,91572,313.2,-37.03,-0.047414,541.2,0.051659,324.0,84857,356.2,95100,322.5,61.48,0.054564,85336,310.7,79.53,0.077725,87829,311.5,73.86,0.091191,1.2,0.000000,579.9,7373876,2331.5,69220,294.9,-1.04,-0.000738,70658,294.5,-20.89,-0.017849,91113,314.5,-51.49,-0.065310
362.16,0.0052487,0.052024,88529,89220,91555,89743,306.9,362.2,-0.006725,600.4,97934,940.2,98944,604.4,-19.93,-0.009822,100709,326.0,-2.50,-0.002747,89181,311.3,57.81,0.072507,182.2,0.000000,100.0,291846,1395.0,111423,337.7,-1.21,-0.001200,112176,335.7,-15.12,-0.017978,91745,313.5,-38.38,-0.049192,542.2,0.050830,324.7,85477,356.8,96127,323.6,59.26,0.052989,85882,311.2,78.01,0.076604,87962,311.7,74.37,0.091903,2.2,0.000000,50261.8,7574588,2400.8,68898,294.5,-1.03,-0.000727,70224,293.9,-20.03,-0.017043,91266,314.7,-51.04,-0.064821
363.15,0.0052631,0.052083,88374,89185,91687,89744,307.0,363.2,-0.003231,598.5,96735,936.1,96765,600.6,-12.17,-0.005903,101590,326.8,-4.72,-0.005226,89279,311.5,58.64,0.073582,183.2,0.000000,396.0,287403,1389.7,110827,337.2,-1.17,-0.001159,111853,335.4,-15.13,-0.017952,91885,313.7,-39.71,-0.050927,543.2,0.053422,325.3,86140,357.4,96167,323.6,59.63,0.053346,86454,311.8,76.58,0.075562,88084,311.9,74.79,0.092490,3.2,0.000000,585.9,7745134,2465.8,68578,294.2,-1.02,-0.000719,69815,293.5,-19.21,-0.016278,91391,314.8,-50.53,-0.064234
364.14,0.0052774,0.052148,88229,89171,91794,89745,307.2,364.1,-0.004435,599.3,94823,930.4,96670,602.5,-9.40,-0.004539,102528,327.7,-7.06,-0.007871,89360,311.7,59.41,0.074572,184.1,0.000000,224.0,282957,1384.4,110262,336.7,-1.12,-0.001104,111515,335.1,-15.13,-0.017914,91992,314.0,-40.99,-0.052583,544.1,0.048899,325.9,86768,357.9,97059,324.5,57.53,0.051797,87051,312.3,75.21,0.074586,88198,312.1,75.11,0.092945,4.1,0.000000,100.0,7883602,2526.3,68261,293.8,-1.02,-0.000713,69429,293.0,-18.43,-0.015553,91487,314.9,-49.93,-0.063529
365.13,0.0052918,0.052216,88100,89178,91874,89745,307.2,365.1,-0.000226,599.7,94072,926.9,95261,600.0,-1.33,-0.000635,103577,328.6,-9.61,-0.010788,89419,311.9,60.11,0.075470,185.1,0.000000,422.0,278508,1379.0,109732,336.3,-1.06,-0.001040,111165,334.8,-15.11,-0.017855,92065,314.2,-42.18,-0.054114,545.1,0.047847,326.4,87397,358.5,97920,325.3,55.38,0.050176,87669,312.9,73.88,0.073650,88300,312.2,75.31,0.093257,5.1,0.000000,477.1,7988689,2581.7,67945,293.4,-1.02,-0.000708,69066,292.6,-17.69,-0.014870,91549,314.9,-49.25,-0.062686
366.13,0.0053062,0.052288,88001,89208,91925,89746,307.3,366.1,0.001836,597.9,93554,922.4,94364,598.2,3.35,0.001592,104794,329.7,-12.46,-0.014097,89461,312.0,60.76,0.076286,186.1,0.000000,236.1,274058,1373.5,109240,335.8,-0.99,-0.000970,110806,334.5,-15.07,-0.017759,92100,314.4,-43.23,-0.055459,546.1,0.046741,326.9,88030,359.1,98760,326.1,53.18,0.048473,88306,313.5,72.57,0.072735,88394,312.4,75.39,0.093405,6.1,0.000000,100.0,8059711,2631.9,67633,293.0,-1.01,-0.000703,68725,292.2,-16.98,-0.014226,91579,314.9,-48.45,-0.061685
367.12,0.0053206,0.052362,87943,89266,91949,89746,307.3,367.1,0.003050,595.9,93009,916.6,93847,596.0,6.31,0.002990,106144,331.0,-15.47,-0.017671,89485,312.1,61.34,0.077002,187.1,0.000000,279.3,269624,1368.0,108787,335.4,-0.92,-0.000897,110440,334.2,-14.96,-0.017594,92103,314.5,-44.18,-0.056653,547.1,0.048740,327.4,88698,359.7,98711,326.0,53.27,0.048546,88959,314.2,71.28,0.071826,88477,312.5,75.37,0.093416,7.1,0.000000,822.2,8096611,2676.6,67324,292.6,-1.00,-0.000695,68406,291.8,-16.32,-0.013621,91590,314.9,-47.53,-0.060520
368.12,0.0053350,0.052437,87927,89323,91945,89745,307.3,368.1,0.004198,593.3,92439,909.8,93442,593.0,8.93,0.004238,107419,332.1,-18.12,-0.020876,89489,312.2,61.84,0.077613,188.1,0.000000,371.7,265221,1362.5,108371,335.1,-0.85,-0.000824,110069,333.9,-14.80,-0.017358,92074,314.6,-45.02,-0.057688,548.1,0.044177,327.9,89330,360.3,99424,326.7,51.15,0.046851,89623,314.8,69.99,0.070902,88547,312.7,75.20,0.093245,8.1,0.000000,315.6,8100065,2715.6,67021,292.2,-0.99,-0.000685,68106,291.5,-15.69,-0.013055,91583,314.9,-46.52,-0.059233
369.11,0.0053494,0.052510,87944,89374,91913,89744,307.3,369.1,0.005704,589.4,91961,901.9,92963,589.0,11.92,0.005664,108337,332.9,-19.72,-0.022853,89469,312.2,62.26,0.078111,189.1,0.000000,330.9,260852,1356.9,107993,334.7,-0.78,-0.000754,109694,333.6,-14.57,-0.017048,92021,314.7,-45.74,-0.058555,549.1,0.042747,328.4,89961,360.8,100115,327.4,49.04,0.045139,90294,315.4,68.66,0.069938,88602,312.8,74.88,0.092885,9.1,0.000000,2028.4,8071340,2749.0,66725,291.9,-0.97,-0.000670,67826,291.1,-15.10,-0.012525,91551,314.9,-45.43,-0.057827
370.10,0.0053638,0.052582,87999,89428,91857,89743,307.2,370.1,0.006874,584.8,91463,893.1,92576,584.2,14.45,0.006892,108872,333.4,-20.19,-0.023476,89426,312.2,62.60,0.078495,190.1,0.000000,100.0,256516,1351.3,107647,334.4,-0.71,-0.000689,109317,333.2,-14.28,-0.016665,91949,314.8,-46.34,-0.059271,550.1,0.041300,328.9,90590,361.4,100790,328.0,46.95,0.043422,90965,316.1,67.28,0.068905,88646,312.8,74.42,0.092335,10.1,0.000000,362.4,8012213,2776.7,66439,291.5,-0.95,-0.000651,67562,290.8,-14.54,-0.012030,91494,314.9,-44.25,-0.056304
371.10,0.0053782,0.052650,88090,89482,91782,89742,307.1,371.1,0.008010,579.5,90965,883.6,92219,578.8,16.77,0.008043,109093,333.6,-20.09,-0.023402,89364,312.2,62.88,0.078799,191.1,0.000000,268.9,252213,1345.7,107330,334.1,-0.65,-0.000633,108936,332.9,-13.93,-0.016216,91860,314.8,-46.85,-0.059853,551.1,0.039806,329.4,91217,362.0,101416,328.6,44.99,0.041790,91627,316.7,65.83,0.067778,88681,312.9,73.81,0.091595,11.1,0.000000,100.0,7924878,2798.9,66163,291.2,-0.92,-0.000629,67313,290.5,-14.02,-0.011565,91415,314.8,-42.99,-0.054663
372.09,0.0053927,0.052713,88186,89533,91690,89740,307.0,372.1,0.009151,573.6,90444,873.4,91849,572.6,18.98,0.009167,109079,333.6,-19.19,-0.022342,89289,312.2,63.13,0.079055,192.1,0.000000,453.4,247944,1340.1,107035,333.9,-0.61,-0.000586,108549,332.6,-13.53,-0.015717,91759,314.9,-47.28,-0.060325,552.1,0.038379,329.9,91844,362.5,102051,329.2,43.03,0.040151,92278,317.3,64.31,0.066547,88711,312.9,73.04,0.090666,12.1,0.000000,790.1,7811879,2815.8,65899,290.8,-0.88,-0.000604,67079,290.2,-13.51,-0.011123,91318,314.7,-41.64,-0.052907
373.09,0.0054071,0.052773,88260,89580,91586,89739,306.9,373.1,0.010287,566.9,89877,862.5,91447,565.8,21.11,0.010271,108849,333.4,-17.29,-0.020100,89204,312.2,63.34,0.079256,193.1,0.000000,250.3,243710,1334.4,106756,333.6,-0.57,-0.000552,108154,332.2,-13.11,-0.015190,91648,314.9,-47.65,-0.060714,553.1,0.036916,330.4,92470,363.1,102653,329.8,41.19,0.038596,92914,317.9,62.70,0.065210,88738,312.9,72.13,0.089552,13.1,0.000000,100.0,7676052,2827.5,65648,290.5,-0.85,-0.000576,66859,290.0,-13.02,-0.010694,91207,314.6,-40.21,-0.051040
374.08,0.0054215,0.052830,88319,89620,91470,89737,306.8,374.1,0.011423,559.7,89290,851.0,91000,558.3,23.16,0.011363,108010,332.7,-14.36,-0.016608,89111,312.1,63.51,0.079394,194.1,0.000000,100.0,239513,1328.7,106487,333.4,-0.55,-0.000531,107747,331.9,-12.69,-0.014661,91531,314.9,-47.98,-0.061053,554.1,0.035492,330.9,93095,363.7,103246,330.3,39.46,0.037126,93532,318.5,61.02,0.063767,88763,312.9,71.07,0.088267,14.1,0.000000,7745.3,7520461,2834.4,65411,290.2,-0.80,-0.000546,66656,289.7,-12.53,-0.010268,91086,314.5,-38.70,-0.049078
375.08,0.0054360,0.052883,88376,89652,91347,89734,306.7,375.1,0.012547,551.8,88653,838.9,90510,550.3,25.14,0.012447,106738,331.5,-10.22,-0.011722,89013,312.0,63.62,0.079460,195.1,0.000000,288.0,235356,1323.0,106221,333.1,-0.54,-0.000522,107328,331.5,-12.29,-0.014155,91410,314.9,-48.30,-0.061380,555.1,0.034115,331.4,93720,364.3,103841,330.9,37.83,0.035733,94131,319.1,59.27,0.062223,88782,312.9,69.90,0.086833,15.1,0.000000,173.3,7348181,2836.9,65188,289.9,-0.76,-0.000516,66472,289.5,-12.01,-0.009825,90959,314.3,-37.13,-0.047038
376.08,0.0054504,0.052934,88430,89673,91220,89732,306.6,376.1,0.013645,543.5,88032,826.6,89993,541.9,27.03,0.013515,105253,330.2,-5.59,-0.006346,88918,312.0,63.65,0.079430,196.1,0.000000,427.7,231237,1317.3,105951,332.9,-0.55,-0.000527,106896,331.1,-11.92,-0.013695,91288,314.9,-48.64,-0.061733,556.1,0.017029,334.9,94162,364.7,107874,334.6,28.98,0.028128,94710,319.6,57.45,0.060585,88794,312.9,68.64,0.085286,16.1,0.000000,532.6,7162253,2835.3,64978,289.7,-0.72,-0.000485,66321,289.3,-11.42,-0.009321,90829,314.2,-35.51,-0.044941
377.07,0.0054648,0.052983,88475,89682,91090,89730,306.5,377.1,0.014676,534.7,87424,814.2,89480,533.0,28.78,0.014547,103775,328.9,-1.09,-0.001219,88825,312.0,63.61,0.079307,197.1,0.000000,100.0,227159,1311.5,105673,332.7,-0.56,-0.000539,106450,330.7,-11.62,-0.013305,91168,314.9,-49.03,-0.062141,557.1,0.025500,335.2,94720,365.3,108346,335.0,27.58,0.026854,95271,320.1,55.59,0.058871,88793,312.8,67.33,0.083681,17.1,0.000000,100.0,6965608,2830.0,64782,289.4,-0.67,-0.000454,66221,289.2,-10.66,-0.008695,90699,314.1,-33.85,-0.042803
378.07,0.0054793,0.053029,88503,89689,90962,89728,306.4,378.1,0.015679,525.7,86824,801.7,88979,523.9,30.44,0.015566,102447,327.7,3.05,0.003399,88733,311.9,63.49,0.079086,198.1,0.000000,14314.9,223121,1305.8,105385,332.4,-0.58,-0.000557,105989,330.3,-11.39,-0.013008,91051,314.9,-49.47,-0.062629,558.1,0.024510,335.6,95284,365.8,108806,335.4,26.38,0.025758,95818,320.6,53.69,0.057097,88773,312.8,66.05,0.082086,18.1,0.000000,358.0,6761009,2821.5,64599,289.2,-0.63,-0.000425,66174,289.2,-9.74,-0.007938,90572,314.0,-32.18,-0.040643
379.07,0.0054937,0.053075,88506,89708,90838,89726,306.2,379.1,0.016700,516.5,86225,789.2,88492,514.6,32.09,0.016612,101276,326.6,6.68,0.007375,88640,311.9,63.24,0.078699,199.1,0.000000,287.8,219124,1300.0,105089,332.1,-0.60,-0.000574,105514,329.9,-11.26,-0.012817,90941,314.9,-50.01,-0.063227,559.1,0.023472,336.0,95851,366.3,109246,335.8,25.30,0.024776,96357,321.1,51.77,0.055282,88740,312.7,64.80,0.080528,19.1,0.000000,410.5,6551002,2810.2,64429,289.0,-0.59,-0.000396,66152,289.1,-8.69,-0.007080,90449,313.9,-30.49,-0.038473
380.21,0.0055102,0.053126,88476,89744,90703,89724,306.1,380.2,0.017852,505.6,85544,774.8,87955,503.7,34.02,0.017884,100123,325.5,10.23,0.011200,88543,311.8,62.82,0.078096,200.2,0.000000,100.0,214607,1293.3,104743,331.8,-0.62,-0.000588,104959,329.4,-11.21,-0.012717,90824,314.9,-50.72,-0.064053,560.2,0.021116,340.6,96489,367.0,110149,336.6,23.24,0.022897,96973,321.7,49.57,0.053170,88690,312.6,63.45,0.078827,20.2,0.000000,221.9,6307302,2794.3,64249,288.7,-0.55,-0.000365,66177,289.2,-7.32,-0.005963,90315,313.7,-28.55,-0.035987
381.20,0.0055247,0.053172,88436,89768,90594,89723,306.0,381.2,0.019091,496.0,84955,762.1,87505,494.0,35.81,0.019095,99252,324.7,12.87,0.014008,88470,311.8,62.35,0.077466,201.2,0.000000,532.4,210700,1287.5,104442,331.5,-0.62,-0.000588,104469,328.9,-11.27,-0.012732,90728,314.9,-51.44,-0.064893,561.2,0.021329,337.0,97068,367.5,110573,336.9,22.38,0.022108,97519,322.2,47.65,0.051314,88637,312.5,62.34,0.077433,21.2,0.000000,148.9,6093090,2778.2,64104,288.5,-0.51,-0.000340,66268,289.3,-5.93,-0.004838,90207,313.6,-26.85,-0.033810
382.20,0.0055392,0.053218,88396,89786,90491,89722,305.9,382.2,0.020345,486.3,84379,749.4,87082,484.2,37.70,0.020409,98489,324.0,15.16,0.016409,88412,311.8,61.82,0.076754,202.2,0.000000,100.0,206837,1281.6,104147,331.3,-0.61,-0.000579,103971,328.5,-11.43,-0.012875,90639,314.9,-52.25,-0.065842,562.2,0.020320,337.4,97654,368.1,111012,337.3,21.60,0.021395,98067,322.7,45.77,0.049489,88578,312.4,61.33,0.076146,22.2,0.000000,173.1,5879777,2760.5,63969,288.4,-0.47,-0.000316,66414,289.5,-4.33,-0.003537,90106,313.5,-25.14,-0.031636
383.20,0.0055536,0.053266,88362,89808,90398,89721,305.8,383.2,0.021708,476.5,83824,736.6,86688,474.4,39.70,0.021836,97813,323.4,17.16,0.018486,88365,311.8,61.21,0.075959,203.2,0.000000,246.3,203016,1275.7,103863,331.0,-0.59,-0.000560,103464,328.0,-11.71,-0.013140,90561,314.9,-53.14,-0.066911,563.2,0.017874,341.5,98227,368.7,111871,338.1,19.94,0.019866,98612,323.2,43.97,0.047733,88519,312.3,60.41,0.074974,23.2,0.000000,277.5,5668818,2741.5,63842,288.2,-0.44,-0.000295,66610,289.7,-2.58,-0.002110,90012,313.5,-23.43,-0.029463
384.20,0.0055681,0.053314,88334,89830,90316,89721,305.7,384.2,0.023162,466.7,83308,723.8,86332,464.6,41.76,0.023363,97208,322.8,18.95,0.020319,88340,311.8,60.50,0.075054,204.2,0.000000,100.0,199269,1269.9,103595,330.8,-0.56,-0.000531,102947,327.6,-12.09,-0.013517,90493,315.0,-54.13,-0.068102,564.2,0.018314,338.5,98824,369.2,112270,338.4,19.28,0.019255,99155,323.7,42.25,0.046052,88454,312.2,59.60,0.073935,24.2,0.000000,238.9,5461411,2721.4,63723,288.1,-0.42,-0.000277,66838,290.0,-0.73,-0.000599,89927,313.4,-21.71,-0.027284
385.20,0.0055826,0.053362,88319,89847,90246,89722,305.7,385.2,0.024698,457.0,82834,711.1,86018,454.8,43.86,0.024973,96661,322.3,20.58,0.021985,88344,311.8,59.66,0.074008,205.2,0.000000,225.9,195612,1264.1,103348,330.5,-0.52,-0.000494,102422,327.1,-12.56,-0.013992,90438,315.0,-55.22,-0.069414,565.2,0.015891,339.0,99410,369.8,113030,339.1,17.73,0.017788,99718,324.2,40.57,0.044396,88386,312.1,58.92,0.073053,25.2,0.000000,128.5,5252216,2697.5,63610,287.9,-0.40,-0.000264,67076,290.3,1.13,0.000933,89851,313.3,-19.98,-0.025088
386.20,0.0055970,0.053409,88320,89858,90193,89722,305.6,386.2,0.026304,447.4,82401,698.4,85746,445.2,45.96,0.026650,96158,321.8,22.12,0.023547,88380,311.9,58.67,0.072791,206.2,0.000000,354.9,192044,1258.3,103119,330.3,-0.49,-0.000457,101891,326.6,-13.11,-0.014550,90395,315.0,-56.38,-0.070841,566.2,0.014895,342.4,100003,370.4,113698,339.6,16.24,0.016370,100343,324.8,38.81,0.042661,88317,312.0,58.38,0.072347,26.2,0.000000,397.5,5049411,2673.4,63498,287.8,-0.39,-0.000257,67307,290.6,2.94,0.002422,89787,313.2,-18.21,-0.022860
387.19,0.0056115,0.053456,88342,89866,90158,89724,305.6,387.2,0.027968,438.1,82010,685.8,85513,435.7,48.03,0.028376,95692,321.3,23.62,0.025056,88450,312.0,57.52,0.071386,207.2,0.000000,100.0,188562,1252.6,102905,330.1,-0.46,-0.000429,101353,326.1,-13.72,-0.015178,90365,315.1,-57.63,-0.072365,567.2,0.015042,339.9,100617,371.0,113945,339.8,15.54,0.015685,101080,325.5,36.84,0.040710,88247,312.0,58.01,0.071850,27.2,0.000000,375.7,4854075,2649.6,63388,287.6,-0.38,-0.000253,67512,290.8,4.61,0.003811,89736,313.2,-16.41,-0.020583
388.19,0.0056260,0.053501,88401,89879,90145,89725,305.6,388.2,0.029671,428.9,81657,673.4,85312,426.5,50.04,0.030130,95253,320.9,25.11,0.026550,88550,312.2,56.20,0.069802,208.2,0.000000,100.0,185163,1247.0,102694,329.9,-0.45,-0.000418,100806,325.6,-14.40,-0.015867,90341,315.1,-58.89,-0.073924,568.2,0.012905,340.3,101224,371.6,114462,340.3,14.11,0.014282,101971,326.3,34.56,0.038431,88175,311.9,57.86,0.071618,28.2,0.000000,100.0,4666223,2626.2,63278,287.5,-0.38,-0.000251,67680,291.0,6.10,0.005055,89702,313.2,-14.54,-0.018238
389.19,0.0056405,0.053542,88505,89898,90149,89727,305.6,389.2,0.031394,420.1,81337,661.0,85135,417.6,51.96,0.031887,94839,320.5,26.61,0.028048,88674,312.3,54.75,0.068063,209.2,0.000000,1858.0,181845,1241.4,102479,329.7,-0.45,-0.000423,100247,325.1,-15.14,-0.016608,90326,315.2,-60.14,-0.075469,569.2,0.011932,342.9,101838,372.2,114893,340.6,12.75,0.012943,103018,327.2,31.97,0.035809,88110,311.9,57.88,0.071602,29.2,0.000000,377.0,4485826,2603.1,63178,287.3,-0.35,-0.000233,67808,291.2,7.40,0.006139,89684,313.2,-12.61,-0.015816
390.19,0.0056550,0.053578,88616,89919,90162,89730,305.6,390.2,0.033114,411.6,81046,648.9,84975,409.1,53.77,0.033625,94444,320.1,28.13,0.029562,88814,312.5,53.20,0.066202,210.2,0.000000,321.2,178607,1235.8,102252,329.5,-0.47,-0.000441,99672,324.6,-15.92,-0.017394,90320,315.2,-61.36,-0.076976,570.2,0.011828,340.8,102470,372.8,115002,340.7,12.02,0.012211,104167,328.3,29.20,0.032976,88054,311.9,58.08,0.071804,30.2,0.000000,190.2,4312805,2580.4,63106,287.3,-0.27,-0.000179,67895,291.3,8.51,0.007064,89681,313.2,-10.62,-0.013319
391.19,0.0056694,0.053611,88721,89943,90175,89732,305.6,391.2,0.034810,403.5,80777,637.0,84823,400.9,55.46,0.035321,94068,319.7,29.67,0.031093,88954,312.7,51.57,0.064246,211.2,0.000000,821.5,175445,1230.3,102007,329.3,-0.51,-0.000475,99080,324.0,-16.74,-0.018217,90313,315.3,-62.52,-0.078420,571.2,0.009955,341.0,103100,373.4,115292,341.0,10.78,0.010975,105331,329.3,26.51,0.030168,87997,311.9,58.44,0.072207,31.2,0.000000,778.6,4147019,2558.1,63081,287.2,-0.13,-0.000086,67946,291.4,9.45,0.007850,89687,313.2,-8.59,-0.010772
392.19,0.0056839,0.053639,88833,89973,90183,89735,305.6,392.2,0.036460,395.8,80524,625.3,84671,393.2,57.01,0.036958,93709,319.4,31.24,0.032641,89086,312.8,49.91,0.062235,212.2,0.000000,349.8,172358,1224.9,101734,329.1,-0.56,-0.000524,98470,323.5,-17.60,-0.019069,90300,315.3,-63.61,-0.079774,572.2,0.009085,342.9,103739,374.0,115537,341.2,9.56,0.009743,106429,330.3,24.08,0.027609,87931,311.9,58.96,0.072796,32.2,0.000000,100.0,3988292,2536.1,63094,287.2,-0.00,-0.000000,67977,291.4,10.24,0.008510,89696,313.2,-6.54,-0.008197
393.19,0.0056984,0.053662,88956,90002,90183,89738,305.6,393.2,0.038038,388.6,80280,614.0,84520,385.9,58.41,0.038512,93367,319.0,32.82,0.034207,89202,312.9,48.24,0.060208,213.2,0.000000,100.0,169343,1219.5,101426,328.8,-0.64,-0.000590,97843,322.9,-18.50,-0.019945,90278,315.3,-64.62,-0.081018,573.2,0.008842,341.2,104396,374.7,115539,341.2,8.85,0.009018,107422,331.2,22.03,0.025429,87850,311.8,59.64,0.073566,33.2,0.000000,100.0,3836437,2514.6,63149,287.3,0.15,0.000096,67984,291.4,10.85,0.009011,89702,313.2,-4.48,-0.005615
394.19,0.0057129,0.053681,89086,90017,90172,89740,305.6,394.2,0.039524,381.8,80037,602.9,84368,379.1,59.66,0.039973,93042,318.7,34.43,0.035795,89299,313.0,46.59,0.058193,214.2,0.000000,426.5,166398,1214.1,101075,328.4,-0.72,-0.000670,97202,322.3,-19.42,-0.020838,90247,315.3,-65.54,-0.082139,574.2,0.007306,341.3,105054,375.3,115682,341.3,7.80,0.007959,108315,332.0,20.37,0.023647,87751,311.8,60.47,0.074510,34.2,0.000000,114.5,3691275,2493.4,63266,287.5,0.34,0.000228,67945,291.4,11.29,0.009373,89702,313.2,-2.43,-0.003046
395.19,0.0057274,0.053694,89220,90011,90152,89743,305.6,395.2,0.040940,375.5,79793,592.2,84209,372.7,60.79,0.041352,92735,318.4,36.07,0.037413,89375,313.1,44.97,0.056209,215.2,0.000000,100.0,163522,1208.8,100677,328.1,-0.82,-0.000761,96550,321.7,-20.36,-0.021743,90204,315.3,-66.35,-0.083128,575.2,0.006519,341.4,105724,376.0,115795,341.4,6.84,0.006988,109133,332.7,19.03,0.022213,87635,311.8,61.44,0.075614,35.2,0.000000,100.0,3552589,2472.6,63465,287.7,0.60,0.000401,67870,291.3,11.60,0.009628,89671,313.2,-0.46,-0.000572
396.19,0.0057419,0.053703,89358,89991,90118,89745,305.5,396.2,0.042289,369.6,79544,581.8,84040,366.8,61.84,0.042661,92448,318.1,37.75,0.039072,89437,313.1,43.40,0.054275,216.2,0.000000,111.5,160713,1203.5,100228,327.7,-0.93,-0.000858,95894,321.0,-21.32,-0.022656,90152,315.2,-67.05,-0.083960,576.2,0.005780,342.5,106407,376.6,115887,341.5,5.97,0.006101,109910,333.3,17.94,0.021049,87508,311.7,62.54,0.076871,36.2,0.000000,100.0,3420144,2452.3,63765,288.1,0.93,0.000619,67784,291.1,11.80,0.009785,89525,313.0,1.29,0.001617
397.19,0.0057563,0.053706,89502,89964,90058,89747,305.5,397.2,0.043581,364.1,79290,571.8,83860,361.3,62.84,0.043915,92183,317.9,39.49,0.040783,89482,313.1,41.82,0.052332,217.2,0.000000,389.9,157968,1198.3,99730,327.2,-1.04,-0.000957,95239,320.4,-22.29,-0.023576,90080,315.1,-67.63,-0.084646,577.2,0.005083,342.5,107102,377.3,115959,341.5,5.20,0.005312,110673,334.0,17.03,0.020079,87363,311.7,63.71,0.078197,37.2,0.000000,221.9,3293701,2432.3,64185,288.7,1.31,0.000880,67691,291.0,11.94,0.009887,89411,312.9,3.14,0.003931
398.19,0.0057708,0.053704,89648,89931,89978,89748,305.4,398.2,0.044827,359.0,79032,562.1,83672,356.2,63.81,0.045129,91943,317.6,41.28,0.042554,89515,313.1,40.22,0.050340,218.2,0.000000,169.4,155286,1193.1,99184,326.7,-1.15,-0.001053,94592,319.8,-23.27,-0.024497,89988,315.0,-68.10,-0.085173,578.2,0.004431,342.4,107812,378.0,116014,341.6,4.52,0.004618,111439,334.7,16.24,0.019240,87201,311.6,64.92,0.079562,38.2,0.000000,732.3,3173020,2412.7,64732,289.4,1.73,0.001163,67597,290.9,12.04,0.009961,89312,312.8,5.04,0.006305
399.18,0.0057853,0.053697,89797,89889,89876,89749,305.3,399.2,0.046041,354.3,78769,552.8,83479,351.5,64.78,0.046319,91730,317.4,43.12,0.044386,89540,313.1,38.52,0.048237,219.2,0.000000,303.8,152665,1188.0,98593,326.1,-1.26,-0.001145,93958,319.2,-24.26,-0.025415,89877,314.9,-68.45,-0.085540,579.2,0.003829,342.3,108538,378.7,116065,341.6,3.91,0.004001,112209,335.3,15.53,0.018494,87022,311.5,66.15,0.080927,39.2,0.000000,208.1,3057859,2393.5,65398,290.2,2.12,0.001435,67509,290.8,12.12,0.010017,89216,312.7,6.95,0.008684
400.18,0.0057997,0.053684,89963,89836,89751,89749,305.2,400.2,0.047237,350.0,78504,543.9,83286,347.1,65.77,0.047500,91547,317.2,45.02,0.046275,89566,313.1,36.67,0.045935,220.2,0.000000,182.9,150103,1182.9,97960,325.5,-1.36,-0.001230,93341,318.6,-25.25,-0.026321,89746,314.7,-68.68,-0.085752,580.2,0.003265,341.6,109280,379.4,116110,341.6,3.39,0.003466,112977,336.0,14.89,0.017819,86826,311.3,67.36,0.082255,40.2,0.000000,241.4,2947979,2374.6,66157,291.2,2.43,0.001659,67426,290.7,12.19,0.010071,89112,312.6,8.82,0.011016
401.18,0.0058142,0.053665,90166,89770,89610,89749,305.0,401.2,0.048425,346.1,78240,535.3,83094,343.2,66.78,0.048682,91393,317.1,46.96,0.048208,89602,313.1,34.58,0.043336,221.2,0.000000,217.7,147599,1177.8,97289,324.9,-1.45,-0.001309,92745,318.0,-26.21,-0.027200,89601,314.5,-68.81,-0.085822,581.2,0.002532,342.2,110036,380.1,116213,341.7,2.80,0.002871,113728,336.6,14.31,0.017209,86615,311.2,68.53,0.083527,41.2,0.000000,653.5,2843145,2356.2,66970,292.2,2.61,0.001803,67348,290.6,12.28,0.010135,88995,312.4,10.64,0.013272
402.18,0.0058287,0.053639,90391,89693,89461,89749,304.9,402.2,0.049616,342.4,77979,527.1,82907,339.5,67.84,0.049872,91269,316.9,48.92,0.050166,89658,313.1,32.17,0.040334,222.2,0.000000,100.0,145150,1172.8,96583,324.2,-1.54,-0.001382,92174,317.5,-27.14,-0.028038,89445,314.3,-68.84,-0.085768,582.2,0.002124,342.2,110812,380.8,116302,341.8,2.32,0.002376,114447,337.2,13.80,0.016661,86395,311.0,69.67,0.084737,42.2,0.000000,100.0,2743132,2338.1,67790,293.2,2.65,0.001845,67279,290.5,12.39,0.010217,88866,312.2,12.39,0.015445
403.18,0.0058431,0.053605,90607,89615,89311,89748,304.8,403.2,0.050811,339.1,77725,519.2,82729,336.2,68.94,0.051072,91169,316.8,50.86,0.052123,89747,313.1,29.34,0.036826,223.2,0.000000,247.1,142756,1167.8,95846,323.5,-1.62,-0.001449,91630,316.9,-28.01,-0.028815,89284,314.1,-68.81,-0.085640,583.2,0.001739,342.2,111608,381.6,116386,341.9,1.92,0.001968,115121,337.8,13.33,0.016170,86175,310.8,70.76,0.085887,43.2,0.000000,100.0,2647723,2320.4,68573,294.2,2.55,0.001790,67219,290.4,12.52,0.010320,88728,312.1,14.09,0.017544
404.17,0.0058576,0.053564,90815,89542,89167,89748,304.6,404.2,0.052014,336.1,77480,511.6,82559,333.1,70.08,0.052282,91091,316.8,52.78,0.054053,89877,313.2,26.04,0.032725,224.2,0.000000,403.1,140415,1162.9,95080,322.8,-1.71,-0.001512,91115,316.4,-28.80,-0.029511,89123,313.9,-68.74,-0.085455,584.2,0.001247,342.2,112424,382.4,116514,342.0,1.53,0.001568,115740,338.3,12.92,0.015726,85961,310.7,71.80,0.086979,44.2,0.000000,213.9,2556699,2303.0,69286,295.0,2.34,0.001652,67174,290.4,12.69,0.010452,88585,311.9,15.75,0.019592
405.17,0.0058720,0.053515,91025,89477,89033,89748,304.5,405.2,0.053221,333.3,77245,504.4,82401,330.4,71.25,0.053500,91028,316.7,54.64,0.055927,90047,313.3,22.23,0.027976,225.2,0.000000,984.8,138125,1158.0,94285,322.0,-1.78,-0.001572,90627,316.0,-29.50,-0.030109,88964,313.7,-68.61,-0.085198,585.2,0.000957,342.2,113262,383.1,116639,342.1,1.23,0.001263,116298,338.8,12.53,0.015311,85757,310.5,72.78,0.088011,45.2,0.000000,5736.8,2469846,2286.0,69906,295.8,2.05,0.001457,67154,290.4,12.91,0.010636,88439,311.7,17.39,0.021609
406.17,0.0058865,0.053460,91226,89420,88910,89749,304.4,406.2,0.054433,330.8,77023,497.4,82256,327.8,72.45,0.054726,90976,316.6,56.41,0.057722,90246,313.4,17.90,0.022573,226.2,0.000000,100.0,135884,1153.2,93464,321.2,-1.86,-0.001629,90165,315.5,-30.09,-0.030595,88808,313.5,-68.40,-0.084847,586.2,0.000504,342.3,114121,384.0,116827,342.2,0.92,0.000945,116791,339.2,12.17,0.014915,85567,310.4,73.72,0.088984,46.2,0.000000,100.0,2386963,2269.3,70423,296.4,1.72,0.001230,67162,290.4,13.21,0.010879,88296,311.5,19.02,0.023610
407.16,0.0059009,0.053399,91407,89374,88801,89751,304.3,407.2,0.055649,328.6,76815,490.8,82126,325.6,73.69,0.055961,90930,316.6,58.09,0.059415,90460,313.6,13.09,0.016539,227.2,0.000000,229.5,133692,1148.4,92619,320.4,-1.93,-0.001684,89726,315.1,-30.55,-0.030957,88664,313.3,-68.12,-0.084410,587.2,0.000350,342.4,115005,384.8,117008,342.4,0.72,0.000740,117220,339.5,11.82,0.014518,85395,310.3,74.60,0.089899,47.2,0.000000,100.0,2307855,2253.0,70833,296.9,1.38,0.000994,67193,290.4,13.51,0.011136,88160,311.3,20.65,0.025604
408.16,0.0059154,0.053333,91564,89342,88710,89755,304.2,408.2,0.056871,326.6,76623,484.5,82015,323.5,74.96,0.057209,90883,316.5,59.65,0.060992,90684,313.8,7.82,0.009891,228.2,0.000000,100.0,131549,1143.6,91750,319.5,-2.01,-0.001735,89306,314.7,-30.88,-0.031189,88531,313.1,-67.76,-0.083879,588.2,0.000167,342.6,115916,385.6,117217,342.5,0.59,0.000608,117587,339.8,11.45,0.014096,85244,310.2,75.42,0.090753,48.2,0.000000,100.0,2232336,2237.0,71143,297.3,1.06,0.000764,67265,290.5,13.82,0.011395,88035,311.1,22.27,0.027598
409.16,0.0059298,0.053262,91695,89328,88707,89760,304.2,409.2,0.058106,324.7,76448,478.4,81924,321.7,76.27,0.058476,90833,316.5,61.09,0.062441,90655,313.8,1.40,0.001769,229.2,0.000000,320.1,129451,1138.8,90862,318.6,-2.07,-0.001781,88900,314.3,-31.08,-0.031287,88427,313.0,-67.26,-0.083205,589.2,0.000128,342.7,116856,386.5,117436,342.7,0.54,0.000562,117896,340.1,11.05,0.013632,85133,310.1,76.24,0.091633,49.2,0.000000,100.0,2160224,2221.3,71359,297.5,0.76,0.000550,67372,290.6,14.15,0.011680,87939,311.0,23.96,0.029672
410.15,0.0059442,0.053188,91800,89343,88680,89769,304.1,410.2,0.059360,323.1,76291,472.7,81857,320.0,77.62,0.059770,90775,316.4,62.41,0.063756,90466,313.6,-5.85,-0.007391,230.2,0.000000,100.0,127400,1134.2,89956,317.7,-2.14,-0.001821,88505,313.9,-31.15,-0.031255,88354,312.9,-66.62,-0.082367,590.2,0.000001,387.5,117824,387.3,117713,343.0,0.49,0.000507,118151,340.3,10.62,0.013116,85047,310.2,77.01,0.092456,50.2,0.000000,191.4,2091349,2206.0,71492,297.7,0.50,0.000359,67518,290.8,14.48,0.011978,87851,310.9,25.65,0.031743
411.15,0.0059587,0.053112,91873,89386,88674,89780,304.1,411.1,0.060642,321.7,76156,467.2,81818,318.6,79.02,0.061101,90705,316.4,63.60,0.064937,90469,313.6,-13.24,-0.016719,231.1,0.000000,574.6,125392,1129.5,89038,316.8,-2.19,-0.001854,88114,313.5,-31.10,-0.031100,88296,312.8,-65.81,-0.081349,591.1,-0.000707,387.8,118811,388.2,118212,343.4,0.22,0.000232,118349,340.4,10.14,0.012546,84969,310.3,77.67,0.093121,51.1,0.000000,100.0,2025548,2191.0,71555,297.8,0.27,0.000194,67709,291.0,14.79,0.012257,87755,310.8,27.29,0.033734
412.15,0.0059731,0.053035,91914,89441,88713,89794,304.2,412.1,0.061922,320.5,76041,461.9,81820,317.3,80.44,0.062445,90621,316.3,64.67,0.065985,90599,313.8,-21.05,-0.026611,232.1,0.000000,352.3,123427,1124.9,88111,315.8,-2.24,-0.001878,87721,313.1,-30.92,-0.030820,88267,312.7,-64.83,-0.080132,592.1,-0.000647,388.1,119832,389.1,118646,343.8,0.12,0.000130,118493,340.6,9.63,0.011920,84904,310.5,78.20,0.093631,52.1,0.000000,100.0,1962674,2176.2,71561,297.8,0.08,0.000059,67952,291.3,15.01,0.012469,87639,310.7,28.90,0.035690
413.14,0.0059876,0.052957,91925,89500,88788,89811,304.2,413.1,0.063139,319.5,75945,456.9,81886,316.2,81.80,0.063764,90519,316.2,65.63,0.066907,90713,314.0,-28.96,-0.036637,233.1,0.000000,251.7,121504,1120.3,87182,314.9,-2.27,-0.001892,87329,312.7,-30.65,-0.030452,88274,312.6,-63.67,-0.078714,593.1,-0.000520,388.4,120887,390.1,119041,344.2,0.16,0.000163,118586,340.6,9.06,0.011226,84890,310.8,78.62,0.094024,53.1,0.000000,121.6,1902579,2161.8,71523,297.7,-0.07,-0.000048,68251,291.7,15.16,0.012636,87528,310.7,30.53,0.037648
414.14,0.0060020,0.052881,91909,89568,88889,89831,304.3,414.1,0.064377,318.7,75870,452.2,82001,315.4,83.15,0.065086,90398,316.1,66.48,0.067711,90777,314.1,-36.63,-0.046358,234.1,0.000000,307.8,119620,1115.7,86256,313.9,-2.29,-0.001894,86932,312.3,-30.29,-0.030002,88321,312.6,-62.36,-0.077138,594.1,-0.000370,388.7,121978,391.0,119438,344.5,0.29,0.000306,118632,340.7,8.44,0.010454,84907,311.2,78.91,0.094268,54.1,0.000000,5259.0,1845123,2147.7,71450,297.6,-0.18,-0.000132,68616,292.1,15.22,0.012730,87451,310.8,32.16,0.039622
415.13,0.0060164,0.052807,91866,89642,89008,89853,304.5,415.1,0.065645,318.1,75817,447.7,82155,314.6,84.50,0.066419,90257,316.0,67.25,0.068409,90762,314.1,-43.78,-0.055385,235.1,0.000000,123.2,117776,1111.2,85339,312.9,-2.30,-0.001885,86525,311.9,-29.86,-0.029476,88411,312.7,-60.95,-0.075457,595.1,-0.000219,389.0,123106,392.0,119856,344.9,0.48,0.000498,118636,340.7,7.75,0.009609,84947,311.6,79.05,0.094353,55.1,0.000000,100.0,1790176,2133.8,71362,297.5,-0.24,-0.000176,69058,292.7,15.09,0.012679,87421,311.0,33.81,0.041618
416.13,0.0060308,0.052736,91799,89716,89138,89877,304.6,416.1,0.066932,317.6,75787,443.4,82338,314.0,85.84,0.067754,90096,315.8,67.93,0.069017,90597,314.0,-50.11,-0.063306,236.1,0.000000,100.0,115971,1106.7,84441,312.0,-2.28,-0.001859,86107,311.5,-29.37,-0.028891,88531,312.8,-59.45,-0.073687,596.1,-0.000083,389.4,124272,393.0,120292,345.3,0.65,0.000685,118599,340.6,7.03,0.008706,85016,312.1,79.14,0.094401,56.1,0.000000,100.0,1737644,2120.3,71276,297.4,-0.26,-0.000186,69566,293.3,14.63,0.012363,87451,311.2,35.50,0.043673
417.12,0.0060452,0.052668,91714,89785,89259,89902,304.7,417.1,0.068221,317.2,75780,439.3,82543,313.6,87.16,0.069071,89916,315.6,68.56,0.069549,90348,313.8,-55.21,-0.069607,237.1,0.000000,100.0,114204,1102.3,83568,311.1,-2.25,-0.001819,85676,311.1,-28.84,-0.028261,88657,312.8,-57.91,-0.071852,597.1,0.000034,346.7,125475,394.1,120738,345.6,0.80,0.000839,118525,340.6,6.25,0.007735,85125,312.5,79.27,0.094555,57.1,0.000000,785.2,1687403,2107.0,71196,297.3,-0.25,-0.000180,70142,293.9,13.96,0.011865,87545,311.5,37.23,0.045811
418.12,0.0060596,0.052604,91615,89848,89349,89927,304.8,418.1,0.069487,316.9,75795,435.4,82761,313.2,88.43,0.070347,89720,315.5,69.13,0.070019,90091,313.5,-58.99,-0.074218,238.1,0.000000,100.0,112474,1097.9,82726,310.2,-2.20,-0.001763,85230,310.6,-28.27,-0.027600,88774,312.9,-56.36,-0.070005,598.1,0.000131,347.0,126718,395.1,121182,346.0,0.89,0.000941,118416,340.5,5.43,0.006719,85270,312.9,79.39,0.094745,58.1,0.000000,272.6,1639340,2094.0,71123,297.2,-0.23,-0.000165,70764,294.7,13.19,0.011282,87665,311.8,38.93,0.047929
419.11,0.0060740,0.052546,91504,89909,89397,89952,304.8,419.1,0.070704,316.7,75831,431.8,82987,312.9,89.62,0.071557,89507,315.3,69.66,0.070437,89845,313.3,-61.57,-0.077300,239.1,0.000000,488.9,110779,1093.5,81925,309.3,-2.12,-0.001691,84769,310.2,-27.67,-0.026915,88860,313.0,-54.86,-0.068197,599.1,0.000193,347.2,127999,396.2,121610,346.3,0.93,0.000988,118281,340.4,4.58,0.005658,85439,313.2,79.39,0.094833,59.1,0.000000,490.6,1593344,2081.3,71067,297.2,-0.18,-0.000133,71391,295.4,12.40,0.010674,87776,312.1,40.54,0.049929
420.10,0.0060884,0.052492,91385,89966,89414,89976,304.9,420.1,0.071849,316.6,75884,428.3,83214,312.7,90.71,0.072682,89279,315.0,70.17,0.070812,89612,313.1,-63.05,-0.079015,240.1,0.000000,1014.1,109120,1089.2,81170,308.5,-2.03,-0.001605,84294,309.7,-27.06,-0.026209,88909,313.0,-53.42,-0.066443,600.1,0.000225,347.4,129320,397.3,122015,346.7,0.93,0.000989,118130,340.3,3.69,0.004554,85650,313.5,79.17,0.094723,60.1,0.000000,547.0,1549306,2068.8,71039,297.1,-0.11,-0.000079,72004,296.1,11.71,0.010142,87878,312.3,41.98,0.051727
421.09,0.0061028,0.052443,91261,90009,89414,89998,304.9,421.1,0.072902,316.5,75953,425.1,83439,312.5,91.69,0.073705,89037,314.8,70.64,0.071146,89397,312.9,-63.52,-0.079463,241.1,0.000000,137.2,107495,1084.9,80467,307.7,-1.91,-0.001507,83804,309.2,-26.42,-0.025483,88927,313.0,-52.03,-0.064732,601.1,0.000033,143.5,130680,398.4,122463,347.0,0.85,0.000898,117972,340.1,2.76,0.003406,85906,313.7,78.54,0.094167,61.1,0.000000,100.0,1507122,2056.6,71041,297.1,-0.02,-0.000017,72576,296.8,11.21,0.009764,87943,312.4,43.25,0.053307
422.08,0.0061172,0.052399,91136,90049,89400,90019,304.8,422.1,0.073851,316.5,76033,421.9,83656,312.4,92.55,0.074615,88781,314.6,71.08,0.071444,89151,312.7,-62.94,-0.078582,242.1,0.000000,235.5,106397,1081.8,79819,307.0,-1.79,-0.001398,83302,308.7,-25.76,-0.024737,88931,313.0,-50.67,-0.063044,602.1,0.000000,100.0,132086,412.3,122843,347.3,0.71,0.000752,117819,340.0,1.79,0.002211,86194,313.9,77.37,0.093015,62.1,0.000000,100.0,1466694,2044.6,71070,297.2,0.06,0.000045,73094,297.4,10.93,0.009567,87981,312.5,44.40,0.054730
423.07,0.0061315,0.052361,91012,90096,89366,90039,304.8,423.1,0.074687,316.5,76123,419.0,83863,312.3,93.27,0.075404,88511,314.3,71.50,0.071705,88876,312.4,-61.53,-0.076639,243.1,0.000000,100.0,105654,1079.4,79230,306.4,-1.65,-0.001281,82791,308.1,-25.07,-0.023969,88927,313.0,-49.37,-0.061431,603.1,0.000000,232.6,133536,413.5,123122,347.6,0.53,0.000570,117677,339.9,0.79,0.000969,86514,314.1,75.69,0.091293,63.1,0.000000,566.1,1427933,2032.9,71138,297.3,0.18,0.000128,73567,298.0,10.86,0.009546,87995,312.5,45.41,0.055986
424.07,0.0061459,0.052327,90891,90140,89312,90057,304.8,424.1,0.075404,316.5,76217,416.2,84055,312.2,93.86,0.076069,88227,314.0,71.90,0.071932,88585,312.1,-59.13,-0.073478,244.1,0.000000,1859.1,105016,1077.4,78700,305.8,-1.50,-0.001161,82273,307.6,-24.35,-0.023175,88917,312.9,-48.17,-0.059932,604.1,0.000000,100.0,135033,414.7,123296,347.7,0.35,0.000377,117549,339.8,-0.25,-0.000314,86856,314.2,73.54,0.089017,64.1,0.000000,396.9,1390754,2021.4,71254,297.4,0.31,0.000227,74012,298.5,10.89,0.009620,87989,312.4,46.29,0.057076
425.20,0.0061623,0.052294,90759,90176,89224,90074,304.7,425.2,0.076040,316.6,76329,413.2,84253,312.2,94.38,0.076677,87888,313.7,72.32,0.072147,88292,311.8,-55.45,-0.068745,245.2,0.000000,100.0,104260,1074.9,78164,305.2,-1.33,-0.001024,81675,307.0,-23.48,-0.022236,88886,312.9,-46.95,-0.058396,605.2,0.000000,100.0,136803,416.2,123372,347.8,0.15,0.000159,117418,339.7,-1.46,-0.001802,87249,314.2,70.52,0.085740,65.2,0.000000,101.0,1350100,2008.6,71447,297.6,0.48,0.000350,74479,299.0,11.13,0.009875,87961,312.3,47.21,0.058223
426.19,0.0061767,0.052270,90653,90203,89127,90088,304.6,426.2,0.076545,316.6,76427,410.7,84407,312.2,94.70,0.077079,87581,313.4,72.65,0.072298,88077,311.6,-51.65,-0.063916,246.2,0.000000,411.1,103735,1073.1,77755,304.7,-1.18,-0.000908,81151,306.4,-22.69,-0.021386,88838,312.8,-46.01,-0.057212,606.2,0.000000,26131.2,138405,417.5,123340,347.7,-0.01,-0.000014,117315,339.6,-2.52,-0.003096,87572,314.2,67.44,0.082315,66.2,0.000000,2112.0,1316050,1997.6,71669,297.9,0.63,0.000460,74852,299.4,11.58,0.010311,87913,312.1,47.93,0.059115
427.18,0.0061910,0.052250,90557,90231,89023,90101,304.5,427.2,0.076902,316.7,76522,408.3,84540,312.2,94.90,0.077367,87268,313.1,72.96,0.072411,87901,311.5,-47.48,-0.058669,247.2,0.000000,100.0,103434,1071.8,77396,304.3,-1.05,-0.000800,80629,305.9,-21.87,-0.020512,88773,312.7,-45.18,-0.056158,607.2,0.000000,1461.2,140058,418.8,123231,347.6,-0.16,-0.000168,117221,339.5,-3.54,-0.004355,87868,314.1,64.04,0.078443,67.2,0.000000,552.3,1283361,1986.8,71937,298.2,0.78,0.000564,75182,299.8,12.18,0.010880,87838,311.9,48.58,0.059897
428.17,0.0062054,0.052233,90470,90258,88925,90112,304.4,428.2,0.077158,316.7,76612,406.1,84653,312.1,94.99,0.077549,86950,312.8,73.23,0.072483,87773,311.3,-43.13,-0.053237,248.2,0.000000,484.8,102923,1069.9,77083,304.0,-0.92,-0.000703,80110,305.3,-21.01,-0.019619,88698,312.6,-44.43,-0.055196,608.2,0.000000,784.7,141763,420.2,123042,347.5,-0.30,-0.000318,117135,339.4,-4.53,-0.005559,88135,314.0,60.39,0.074223,68.2,0.000000,100.0,1251981,1976.2,72247,298.6,0.90,0.000659,75486,300.1,12.93,0.011577,87742,311.7,49.15,0.060589
429.16,0.0062197,0.052220,90392,90284,88841,90122,304.3,429.2,0.077325,316.8,76697,403.9,84746,312.1,94.98,0.077635,86632,312.5,73.45,0.072510,87714,311.3,-38.83,-0.047908,249.2,0.000000,287.8,102424,1068.2,76807,303.7,-0.81,-0.000620,79598,304.8,-20.14,-0.018715,88622,312.6,-43.73,-0.054287,609.2,0.000000,366.3,143521,421.6,122783,347.3,-0.43,-0.000453,117065,339.4,-5.45,-0.006688,88378,313.9,56.58,0.069754,69.2,0.000000,100.0,1221859,1965.8,72591,299.0,1.01,0.000741,75769,300.5,13.77,0.012364,87633,311.4,49.68,0.061214
430.15,0.0062341,0.052209,90325,90309,88776,90131,304.2,430.2,0.077415,316.8,76775,401.9,84821,312.1,94.89,0.077633,86315,312.2,73.63,0.072486,87705,311.3,-34.72,-0.042840,250.2,0.000000,673.6,101940,1066.4,76561,303.4,-0.73,-0.000551,79092,304.2,-19.25,-0.017808,88556,312.5,-43.03,-0.053398,610.2,0.000000,100.0,145335,423.0,122461,347.0,-0.54,-0.000575,117017,339.3,-6.31,-0.007739,88597,313.7,52.67,0.065123,70.2,0.000000,211.6,1192933,1955.7,72965,299.4,1.10,0.000810,76041,300.8,14.69,0.013223,87519,311.2,50.18,0.061791
431.14,0.0062484,0.052201,90271,90331,88728,90139,304.2,431.1,0.077425,316.7,76845,399.9,84878,312.1,94.73,0.077567,86001,311.9,73.74,0.072406,87711,311.3,-30.78,-0.037971,251.1,0.000000,188.5,101452,1064.6,76337,303.1,-0.66,-0.000499,78596,303.7,-18.36,-0.016909,88502,312.4,-42.34,-0.052518,611.1,0.000000,137.1,147206,424.5,122083,346.7,-0.65,-0.000686,116993,339.3,-7.12,-0.008741,88799,313.6,48.72,0.060404,71.1,0.000000,259.6,1165143,1945.7,73361,299.9,1.18,0.000865,76310,301.1,15.67,0.014141,87409,310.9,50.65,0.062344
432.13,0.0062627,0.052194,90232,90352,88698,90147,304.2,432.1,0.077369,316.6,76905,398.0,84918,312.0,94.55,0.077463,85691,311.6,73.79,0.072264,87736,311.3,-27.01,-0.033334,252.1,0.000000,511.5,100954,1062.8,76128,302.9,-0.61,-0.000464,78108,303.1,-17.48,-0.016029,88462,312.4,-41.64,-0.051636,612.1,0.000000,235.2,149136,426.0,121649,346.4,-0.75,-0.000791,116989,339.3,-7.92,-0.009715,88986,313.5,44.78,0.055660,72.1,0.000000,427.7,1138430,1936.0,73776,300.4,1.23,0.000909,76582,301.4,16.70,0.015110,87306,310.7,51.12,0.062894
433.11,0.0062770,0.052189,90211,90402,88691,90154,304.1,433.1,0.077280,316.5,76957,396.3,84943,312.0,94.34,0.077329,85384,311.3,73.78,0.072057,87780,311.3,-23.44,-0.028937,253.1,0.000000,100.0,100475,1061.1,75927,302.7,-0.59,-0.000443,77632,302.6,-16.63,-0.015181,88439,312.3,-40.92,-0.050736,613.1,0.000000,996.8,151128,427.5,121165,346.0,-0.84,-0.000890,117019,339.3,-8.67,-0.010642,89161,313.4,40.89,0.050944,73.1,0.000000,209.4,1112741,1926.5,74204,300.9,1.27,0.000942,76866,301.7,17.77,0.016127,87216,310.5,51.59,0.063463
434.10,0.0062913,0.052184,90207,90477,88716,90160,304.2,434.1,0.077165,316.4,77001,394.5,84956,311.9,94.12,0.077169,85081,311.1,73.69,0.071782,87846,311.4,-20.05,-0.024765,254.1,0.000000,1273.1,99999,1059.3,75727,302.4,-0.58,-0.000436,77166,302.1,-15.82,-0.014378,88436,312.3,-40.16,-0.049789,614.1,0.000000,100.0,153186,429.1,120634,345.5,-0.93,-0.000980,117088,339.4,-9.37,-0.011497,89332,313.3,37.09,0.046304,74.1,0.000000,100.0,1088020,1917.1,74644,301.4,1.30,0.000968,77167,302.0,18.89,0.017192,87144,310.2,52.10,0.064078
435.09,0.0063056,0.052180,90218,90532,88779,90166,304.2,435.1,0.077024,316.2,77037,392.9,84954,311.9,93.87,0.076974,84781,310.8,73.53,0.071438,87938,311.5,-16.81,-0.020777,255.1,0.000000,395.8,99282,1057.0,75524,302.2,-0.58,-0.000440,76713,301.6,-15.06,-0.013632,88461,312.4,-39.32,-0.048761,615.1,0.000000,181.4,155311,430.6,120066,345.1,-1.01,-0.001056,117191,339.5,-9.97,-0.012251,89510,313.2,33.38,0.041774,75.1,0.000000,395.8,1064216,1907.9,75093,301.9,1.32,0.000990,77492,302.4,20.06,0.018306,87095,310.0,52.66,0.064770
436.08,0.0063199,0.052174,90239,90587,88860,90171,304.3,436.1,0.076840,316.1,77065,391.3,84935,311.8,93.59,0.076739,84489,310.5,73.31,0.071043,88061,311.6,-13.69,-0.016946,256.1,0.000000,191.7,98796,1055.2,75314,302.0,-0.60,-0.000452,76272,301.1,-14.37,-0.012956,88516,312.4,-38.41,-0.047648,616.1,0.000000,743.8,157508,432.3,119468,344.6,-1.07,-0.001116,117320,339.6,-10.47,-0.012868,89704,313.2,29.76,0.037320,76.1,0.000000,105.2,1041281,1898.9,75552,302.4,1.34,0.001010,77846,302.8,21.26,0.019464,87070,309.9,53.29,0.065561
437.21,0.0063363,0.052167,90264,90668,88957,90177,304.4,437.2,0.076588,316.0,77088,389.5,84896,311.8,93.23,0.076429,84166,310.2,73.00,0.070546,88223,311.8,-10.35,-0.012819,257.2,0.000000,100.0,98152,1052.9,75065,301.7,-0.63,-0.000468,75785,300.6,-13.69,-0.012282,88614,312.5,-37.31,-0.046326,617.2,0.000000,217.2,160109,434.2,118760,344.0,-1.12,-0.001164,117482,339.7,-10.86,-0.013369,89941,313.2,25.59,0.032178,77.2,0.000000,101.1,1016083,1888.8,76091,303.0,1.37,0.001035,78286,303.2,22.65,0.020823,87065,309.7,54.11,0.066607
438.19,0.0063506,0.052161,90280,90741,89054,90181,304.5,438.2,0.076293,315.9,77100,388.1,84847,311.7,92.89,0.076123,83888,309.9,72.68,0.070061,88362,311.9,-7.60,-0.009424,258.2,0.000000,241.4,97433,1050.5,74840,301.4,-0.65,-0.000483,75373,300.1,-13.19,-0.011786,88714,312.6,-36.35,-0.045159,618.2,0.000000,107.7,162469,435.9,118130,343.5,-1.15,-0.001187,117624,339.8,-11.05,-0.013607,90172,313.2,21.81,0.027495,78.2,0.000000,731.6,994878,1880.2,76576,303.6,1.40,0.001061,78701,303.7,23.86,0.022019,87076,309.5,54.87,0.067590
439.19,0.0063650,0.052154,90282,90810,89168,90185,304.6,439.2,0.075985,315.8,77104,386.7,84786,311.6,92.52,0.075791,83613,309.6,72.29,0.069520,88496,312.0,-4.96,-0.006157,259.2,0.000000,510.8,96709,1048.1,74609,301.2,-0.67,-0.000496,74976,299.7,-12.79,-0.011384,88822,312.7,-35.35,-0.043959,619.2,0.000000,277.2,164911,437.6,117499,342.9,-1.16,-0.001194,117753,339.9,-11.08,-0.013657,90441,313.3,17.81,0.022510,79.2,0.000000,100.0,974424,1871.7,77076,304.1,1.43,0.001091,79143,304.2,25.03,0.023196,87103,309.4,55.68,0.068626
440.18,0.0063794,0.052147,90269,90867,89297,90188,304.7,440.2,0.075652,315.6,77101,385.3,84713,311.5,92.14,0.075435,83344,309.4,71.86,0.068934,88633,312.2,-2.38,-0.002955,260.2,0.000000,100.0,96223,1046.2,74376,300.9,-0.68,-0.000504,74595,299.3,-12.49,-0.011078,88939,312.9,-34.31,-0.042702,620.2,0.000000,100.0,167436,439.4,116877,342.4,-1.15,-0.001183,117859,340.0,-10.96,-0.013513,90758,313.5,13.48,0.017087,80.2,0.000000,374.6,954694,1863.3,77594,304.7,1.47,0.001124,79609,304.7,26.15,0.024330,87145,309.3,56.51,0.069709
441.17,0.0063937,0.052141,90248,90897,89458,90192,304.9,441.2,0.075295,315.5,77092,384.0,84631,311.4,91.73,0.075056,83086,309.1,71.38,0.068318,88707,312.3,-0.02,-0.000027,261.2,0.000000,100.0,95518,1043.9,74143,300.6,-0.68,-0.000505,74230,298.8,-12.29,-0.010866,89076,313.0,-33.20,-0.041369,621.2,0.000000,437.7,170045,441.2,116272,341.9,-1.13,-0.001157,117950,340.1,-10.71,-0.013214,91124,313.8,8.77,0.011149,81.2,0.000000,264.2,935688,1855.2,78128,305.3,1.50,0.001159,80093,305.2,27.17,0.025391,87208,309.2,57.38,0.070854
442.16,0.0064081,0.052136,90215,90890,89619,90197,305.1,442.2,0.074916,315.3,77077,382.7,84537,311.3,91.31,0.074653,82838,308.9,70.86,0.067666,88761,312.3,2.29,0.002844,262.2,0.000000,100.0,94791,1041.4,73913,300.4,-0.67,-0.000500,73882,298.4,-12.20,-0.010746,89233,313.2,-32.05,-0.039985,622.2,0.000000,192.3,172740,443.0,115691,341.4,-1.10,-0.001118,118019,340.1,-10.34,-0.012771,91521,314.1,3.65,0.004652,82.2,0.000000,662.6,917376,1847.1,78679,305.9,1.54,0.001194,80591,305.7,28.08,0.026357,87289,309.2,58.28,0.072039
443.14,0.0064224,0.052132,90153,90847,89874,90204,305.3,443.1,0.074509,315.2,77055,381.5,84432,311.1,90.85,0.074223,82595,308.7,70.28,0.066967,88874,312.4,4.73,0.005894,263.1,0.000000,10003.2,94072,1039.0,73690,300.1,-0.66,-0.000490,73550,298.1,-12.19,-0.010705,89444,313.4,-30.75,-0.038429,623.1,0.000000,185.2,175524,444.9,115139,341.0,-1.05,-0.001069,118058,340.2,-9.89,-0.012213,91392,314.0,-2.92,-0.003718,83.1,0.000000,254.6,899725,1839.3,79246,306.6,1.58,0.001229,81099,306.3,28.86,0.027217,87401,309.3,59.26,0.073334
444.13,0.0064367,0.052131,90062,90777,90069,90211,305.5,444.1,0.074071,315.0,77027,380.3,84314,311.0,90.37,0.073763,82353,308.4,69.64,0.066212,88983,312.5,7.10,0.008858,264.1,0.000000,100.0,93353,1036.5,73473,299.8,-0.65,-0.000477,73228,297.7,-12.27,-0.010737,89658,313.6,-29.49,-0.036918,624.1,0.000000,603.2,178402,446.9,114620,340.5,-1.00,-0.001009,118066,340.2,-9.36,-0.011559,91453,314.1,-9.05,-0.011536,84.1,0.000000,100.0,882703,1831.6,79830,307.2,1.62,0.001264,81616,306.8,29.52,0.027967,87494,309.4,60.17,0.074494
445.12,0.0064510,0.052134,89951,90693,90264,90220,305.7,445.1,0.073601,314.8,76994,379.2,84185,310.8,89.86,0.073273,82109,308.2,68.93,0.065399,89095,312.5,9.41,0.011752,265.1,0.000000,139.1,92613,1034.0,73263,299.6,-0.63,-0.000462,72922,297.4,-12.40,-0.010819,89870,313.8,-28.27,-0.035450,625.1,0.000000,355.7,181379,448.8,114139,340.1,-0.93,-0.000941,118042,340.2,-8.76,-0.010822,91550,314.3,-14.77,-0.018840,85.1,0.000000,100.0,866280,1824.1,80432,307.9,1.65,0.001301,82137,307.4,30.06,0.028611,87578,309.6,61.02,0.075576
446.11,0.0064653,0.052141,89822,90598,90468,90230,305.9,446.1,0.073101,314.6,76955,378.1,84046,310.7,89.33,0.072755,81862,308.0,68.16,0.064525,89219,312.6,11.69,0.014612,266.1,0.000000,100.0,91647,1030.9,73061,299.4,-0.61,-0.000447,72628,297.0,-12.58,-0.010942,90078,314.0,-27.08,-0.034008,626.1,0.000000,100.0,184457,450.9,113702,339.7,-0.86,-0.000862,117992,340.1,-8.13,-0.010037,91651,314.5,-20.05,-0.025584,86.1,0.000000,320.9,850428,1816.7,81054,308.5,1.70,0.001342,82662,307.9,30.50,0.029155,87669,309.9,61.86,0.076626
447.09,0.0064796,0.052153,89680,90492,90689,90240,306.1,447.1,0.072575,314.3,76910,377.0,83897,310.5,88.77,0.072212,81606,307.7,67.33,0.063590,89359,312.7,13.98,0.017494,267.1,0.000000,100.0,90923,1028.3,72865,299.1,-0.59,-0.000434,72342,296.7,-12.79,-0.011093,90291,314.3,-25.88,-0.032555,627.1,0.000000,100.0,187643,452.9,113314,339.4,-0.77,-0.000770,117906,340.0,-7.45,-0.009198,91755,314.7,-24.86,-0.031735,87.1,0.000000,100.0,835120,1809.4,81701,309.2,1.75,0.001390,83188,308.5,30.83,0.029609,87776,310.2,62.71,0.077697
448.08,0.0064939,0.052170,89531,90379,90912,90250,306.3,448.1,0.072025,314.1,76859,376.0,83740,310.3,88.18,0.071648,81339,307.5,66.43,0.062585,89516,312.8,16.30,0.020418,268.1,0.000000,343.8,90184,1025.8,72673,298.9,-0.58,-0.000424,72065,296.4,-13.01,-0.011256,90513,314.5,-24.67,-0.031083,628.1,0.000000,100.0,190942,455.0,112982,339.1,-0.66,-0.000666,117785,339.9,-6.74,-0.008313,91856,315.0,-29.17,-0.037252,88.1,0.000000,342.0,820330,1802.3,82378,310.0,1.81,0.001450,83716,309.0,31.08,0.029985,87900,310.5,63.58,0.078803
449.07,0.0065082,0.052192,89385,90261,91117,90260,306.5,449.1,0.071453,313.8,76803,374.9,83575,310.1,87.58,0.071063,81053,307.2,65.44,0.061498,89682,312.9,18.62,0.023359,269.1,0.000000,321.7,89222,1022.6,72481,298.7,-0.58,-0.000421,71796,296.1,-13.23,-0.011415,90734,314.7,-23.47,-0.029630,629.1,0.000000,322.9,194358,457.2,112712,338.9,-0.55,-0.000550,117635,339.8,-6.00,-0.007393,91946,315.2,-32.99,-0.042142,89.1,0.000000,100.0,806037,1795.3,83092,310.7,1.89,0.001521,84242,309.6,31.26,0.030294,88035,310.8,64.44,0.079911
450.20,0.0065246,0.052223,89234,90122,91332,90270,306.7,450.2,0.070819,313.5,76733,373.8,83377,309.8,86.87,0.070372,80693,306.8,64.20,0.060133,89872,313.1,21.24,0.026695,270.2,0.000000,271.7,88307,1019.4,72260,298.4,-0.58,-0.000424,71498,295.7,-13.46,-0.011583,90970,314.9,-22.16,-0.028022,630.2,0.000000,2046.7,198413,459.7,112487,338.7,-0.40,-0.000405,117435,339.7,-5.13,-0.006315,92030,315.5,-36.79,-0.046992,90.2,0.000000,573.9,790281,1787.5,83959,311.7,1.99,0.001618,84846,310.2,31.39,0.030581,88193,311.2,65.39,0.081138
451.19,0.0065389,0.052254,89120,90002,91507,90279,306.9,451.2,0.070165,313.3,76667,372.9,83197,309.6,86.22,0.069751,80341,306.4,62.99,0.058812,90035,313.2,23.49,0.029575,271.2,0.000000,6096.0,87332,1016.2,72063,298.2,-0.59,-0.000431,71241,295.4,-13.65,-0.011711,91159,315.1,-21.04,-0.026650,631.2,0.000000,105.6,202100,461.9,112366,338.6,-0.27,-0.000269,117240,339.5,-4.36,-0.005358,92091,315.7,-39.63,-0.050618,91.2,0.000000,100.0,776979,1780.8,84767,312.5,2.09,0.001709,85375,310.7,31.45,0.030775,88331,311.5,66.18,0.082163
452.18,0.0065533,0.052289,89029,89891,91660,90286,307.0,452.2,0.069539,313.0,76597,372.0,83011,309.4,85.57,0.069116,79945,306.0,61.65,0.057350,90189,313.3,25.70,0.032396,272.2,0.000000,595.0,86589,1013.5,71857,298.0,-0.61,-0.000446,70989,295.1,-13.81,-0.011817,91328,315.3,-19.95,-0.025303,632.2,0.000000,100.0,205924,464.2,112319,338.6,-0.13,-0.000128,117031,339.3,-3.58,-0.004396,92141,315.9,-42.08,-0.053732,92.2,0.000000,456.1,764109,1774.2,85621,313.4,2.19,0.001801,85901,311.3,31.47,0.030927,88465,311.8,66.92,0.083124
453.17,0.0065676,0.052326,88955,89794,91784,90293,307.1,453.2,0.068901,312.7,76522,371.0,82820,309.2,84.90,0.068470,79499,305.6,60.15,0.055732,90326,313.4,27.83,0.035124,273.2,0.000000,450.1,85627,1010.3,71642,297.7,-0.64,-0.000467,70741,294.9,-13.94,-0.011898,91472,315.5,-18.89,-0.023987,633.2,0.000000,100.0,209891,466.6,112340,338.6,0.00,0.000004,116814,339.1,-2.80,-0.003434,92176,316.2,-44.18,-0.056397,93.2,0.000000,332.4,751652,1767.7,86515,314.3,2.27,0.001883,86426,311.8,31.46,0.031054,88589,312.1,67.58,0.083991
454.16,0.0065820,0.052365,88914,89720,91881,90299,307.2,454.2,0.068250,312.4,76443,370.2,82624,308.9,84.22,0.067811,78997,305.0,58.49,0.053947,90441,313.4,29.86,0.037729,274.2,0.000000,177.6,84644,1006.9,71412,297.4,-0.68,-0.000494,70498,294.6,-14.03,-0.011952,91587,315.6,-17.86,-0.022699,634.2,0.000000,165.3,214008,469.0,112420,338.6,0.13,0.000126,116592,339.0,-2.03,-0.002480,92203,316.4,-45.99,-0.058689,94.2,0.000000,329.8,739592,1761.4,87441,315.3,2.33,0.001948,86957,312.4,31.43,0.031156,88698,312.4,68.16,0.084744
455.15,0.0065964,0.052404,88948,89666,91950,90303,307.3,455.2,0.067585,312.1,76361,369.3,82423,308.7,83.52,0.067138,78438,304.4,56.66,0.051995,90527,313.5,31.78,0.040190,275.2,0.000000,100.0,83663,1003.6,71167,297.1,-0.73,-0.000527,70260,294.3,-14.10,-0.011979,91669,315.7,-16.85,-0.021429,635.2,0.000000,100.0,218282,471.4,112564,338.8,0.25,0.000246,116369,338.8,-1.26,-0.001541,92222,316.6,-47.58,-0.060689,95.2,0.000000,527.5,727915,1755.1,88384,316.3,2.36,0.001986,87497,312.9,31.37,0.031240,88789,312.6,68.65,0.085373
456.15,0.0066108,0.052440,89056,89632,91991,90306,307.3,456.1,0.066904,311.8,76276,368.5,82215,308.4,82.81,0.066448,77823,303.8,54.67,0.049884,90568,313.5,33.61,0.042517,276.1,0.000000,179.4,82919,1000.8,70905,296.8,-0.78,-0.000563,70030,294.0,-14.14,-0.011980,91718,315.7,-15.85,-0.020167,636.1,0.000000,393.7,222720,473.9,112762,338.9,0.35,0.000354,116150,338.6,-0.51,-0.000621,92230,316.8,-49.01,-0.062469,96.1,0.000000,100.0,716606,1749.0,89331,317.2,2.35,0.001994,88053,313.5,31.31,0.031322,88858,312.8,69.04,0.085878
457.14,0.0066252,0.052471,89179,89616,92001,90309,307.3,457.1,0.066202,311.5,76187,367.7,82001,308.2,82.07,0.065736,77159,303.0,52.53,0.047636,90577,313.4,35.32,0.044698,277.1,0.000000,468.1,81944,997.4,70626,296.5,-0.84,-0.000600,69808,293.8,-14.14,-0.011954,91741,315.7,-14.85,-0.018897,637.1,0.000000,264.7,227329,476.5,113003,339.1,0.44,0.000441,115939,338.4,0.23,0.000278,92219,317.0,-50.31,-0.064085,97.1,0.000000,100.0,705654,1743.0,90267,318.2,2.31,0.001971,88630,314.0,31.26,0.031422,88903,312.9,69.34,0.086250
458.14,0.0066396,0.052498,89319,89616,91983,90310,307.3,458.1,0.065473,311.2,76095,366.9,81780,307.9,81.30,0.064999,76451,302.2,50.26,0.045275,90561,313.4,36.92,0.046709,278.1,0.000000,207.3,80968,994.0,70330,296.1,-0.89,-0.000636,69595,293.5,-14.12,-0.011911,91743,315.7,-13.87,-0.017640,638.1,0.000000,1140.2,232114,479.1,113272,339.4,0.50,0.000501,115740,338.2,0.95,0.001157,92186,317.2,-51.52,-0.065565,98.1,0.000000,216.0,695054,1737.1,91179,319.1,2.23,0.001921,89233,314.6,31.25,0.031558,88920,313.1,69.56,0.086507
459.13,0.0066541,0.052518,89510,89632,91942,90310,307.3,459.1,0.064714,310.8,76000,366.1,81549,307.7,80.49,0.064229,75709,301.4,47.89,0.042834,90523,313.3,38.38,0.048544,279.1,0.000000,210.0,79991,990.5,70021,295.8,-0.94,-0.000668,69389,293.3,-14.09,-0.011864,91724,315.7,-12.90,-0.016413,639.1,0.000000,196.2,237081,481.8,113555,339.6,0.53,0.000534,115560,338.1,1.66,0.002015,92131,317.3,-52.64,-0.066926,99.1,0.000000,151.5,684797,1731.3,92056,320.0,2.14,0.001851,89868,315.3,31.27,0.031746,88907,313.1,69.70,0.086647
460.13,0.0066685,0.052531,89734,89658,91878,90310,307.2,460.1,0.063916,310.5,75902,365.3,81309,307.4,79.64,0.063419,74940,300.6,45.43,0.040339,90459,313.3,39.72,0.050224,280.1,0.000000,241.6,79005,987.0,69701,295.4,-0.98,-0.000694,69191,293.1,-14.05,-0.011801,91684,315.7,-11.98,-0.015230,640.1,0.000000,100.0,242238,484.5,113841,339.8,0.54,0.000546,115406,338.0,2.34,0.002849,92058,317.4,-53.70,-0.068187,100.1,0.000000,713.5,674867,1725.7,92894,320.8,2.03,0.001768,90537,315.9,31.35,0.031991,88867,313.2,69.78,0.086689
461.12,0.0066829,0.052535,89966,89685,91793,90309,307.1,461.1,0.063070,310.1,75799,364.6,81056,307.1,78.73,0.062559,74154,299.7,42.91,0.037818,90371,313.2,40.96,0.051754,281.1,0.000000,218.7,78029,983.5,69373,295.0,-1.01,-0.000715,69007,292.8,-13.97,-0.011718,91620,315.6,-11.08,-0.014082,641.1,0.000000,100.0,247596,487.3,114121,340.1,0.53,0.000539,115281,337.9,3.01,0.003655,91967,317.5,-54.70,-0.069371,101.1,0.000000,295.9,665253,1720.1,93692,321.6,1.92,0.001680,91240,316.6,31.46,0.032287,88807,313.2,69.80,0.086651
462.12,0.0066973,0.052531,90188,89712,91690,90308,307.1,462.1,0.062163,309.8,75692,363.9,80787,306.8,77.74,0.061634,73355,298.8,40.36,0.035292,90262,313.1,42.10,0.053145,282.1,0.000000,150.7,77046,979.9,69040,294.6,-1.03,-0.000728,68841,292.7,-13.86,-0.011599,91529,315.6,-10.18,-0.012930,642.1,0.000000,100.0,253165,490.2,114389,340.3,0.51,0.000518,115188,337.8,3.64,0.004418,91861,317.6,-55.66,-0.070495,102.1,0.000000,835.5,655941,1714.6,94449,322.3,1.80,0.001592,91970,317.3,31.58,0.032594,88731,313.3,69.78,0.086546
463.11,0.0067118,0.052519,90363,89744,91574,90306,306.9,463.1,0.061179,309.4,75579,363.2,80499,306.4,76.67,0.060630,72551,297.8,37.79,0.032780,90135,313.0,43.16,0.054414,283.1,0.000000,100.0,76063,976.3,68705,294.2,-1.04,-0.000734,68700,292.5,-13.67,-0.011422,91417,315.4,-9.26,-0.011747,643.1,0.000000,208.5,258954,493.1,114638,340.5,0.48,0.000486,115125,337.7,4.22,0.005119,91741,317.6,-56.59,-0.071571,103.1,0.000000,138.8,646919,1709.3,95169,323.0,1.70,0.001508,92722,318.1,31.67,0.032878,88641,313.2,69.74,0.086404
464.11,0.0067262,0.052503,90471,89780,91446,90303,306.8,464.1,0.060101,308.9,75461,362.5,80190,306.1,75.48,0.059529,71747,296.9,35.21,0.030302,89994,312.9,44.13,0.055571,284.1,0.000000,100.0,75082,972.7,68372,293.8,-1.05,-0.000733,68593,292.4,-13.38,-0.011171,91290,315.3,-8.30,-0.010521,644.1,0.000000,100.0,264976,496.0,114868,340.7,0.44,0.000449,115087,337.7,4.72,0.005730,91611,317.6,-57.50,-0.072613,104.1,0.000000,341.6,638177,1704.0,95854,323.7,1.60,0.001430,93486,318.8,31.70,0.033104,88545,313.2,69.66,0.086222
465.10,0.0067406,0.052484,90509,89818,91311,90300,306.7,465.1,0.058908,308.5,75334,361.8,79854,305.7,74.15,0.058312,70951,295.9,32.65,0.027877,89845,312.8,45.02,0.056619,285.1,0.000000,100.0,74101,969.0,68044,293.4,-1.04,-0.000726,68522,292.3,-12.97,-0.010824,91152,315.2,-7.30,-0.009249,645.1,0.000000,213.2,271239,499.1,115077,340.9,0.40,0.000410,115067,337.7,5.13,0.006222,91474,317.6,-58.39,-0.073631,105.1,0.000000,910.9,629708,1698.9,96506,324.3,1.52,0.001358,94252,319.6,31.63,0.033228,88445,313.2,69.55,0.085987
466.10,0.0067551,0.052465,90494,89874,91171,90297,306.6,466.1,0.057585,308.0,75198,361.1,79490,305.3,72.67,0.056963,70167,295.0,30.13,0.025524,89689,312.7,45.84,0.057567,286.1,0.000000,342.1,73121,965.3,67723,293.0,-1.03,-0.000713,68481,292.2,-12.46,-0.010390,91007,315.0,-6.27,-0.007931,646.1,0.000000,100.0,277755,502.2,115266,341.1,0.37,0.000372,115053,337.7,5.43,0.006581,91333,317.6,-59.28,-0.074641,106.1,0.000000,538.0,621502,1693.8,97129,324.9,1.44,0.001294,95006,320.3,31.43,0.033197,88337,313.2,69.37,0.085675
467.10,0.0067695,0.052447,90446,89965,91029,90294,306.4,467.1,0.056115,307.4,75051,360.4,79096,304.9,71.02,0.055472,69404,294.1,27.68,0.023265,89528,312.6,46.60,0.058429,287.1,0.000000,681.9,72141,961.6,67411,292.6,-1.00,-0.000696,68453,292.2,-11.86,-0.009886,90858,314.9,-5.20,-0.006563,647.1,0.000000,100.0,284535,505.4,115438,341.2,0.33,0.000337,115034,337.7,5.58,0.006765,91190,317.6,-60.17,-0.075655,107.1,0.000000,107.6,613551,1688.9,97728,325.5,1.37,0.001239,95741,321.0,31.04,0.032971,88231,313.1,69.13,0.085288
468.09,0.0067839,0.052431,90372,90044,90889,90290,306.3,468.1,0.054492,306.8,74890,359.8,78672,304.4,69.18,0.053831,68671,293.2,25.33,0.021130,89366,312.5,47.30,0.059221,288.1,0.000000,269.1,71161,957.8,67111,292.2,-0.97,-0.000673,68446,292.2,-11.14,-0.009287,90709,314.8,-4.07,-0.005140,648.1,0.000000,100.0,291594,508.6,115594,341.3,0.30,0.000306,115004,337.6,5.54,0.006718,91048,317.5,-61.07,-0.076681,108.1,0.000000,100.0,605844,1684.0,98309,326.0,1.32,0.001195,96453,321.7,30.46,0.032531,88132,313.1,68.83,0.084834
469.09,0.0067984,0.052419,90271,90096,90753,90285,306.2,469.1,0.052714,306.2,74716,359.1,78220,303.9,67.16,0.052040,67984,292.4,23.14,0.019164,89205,312.4,47.96,0.059958,289.1,0.000000,254.5,70188,954.0,66823,291.8,-0.94,-0.000646,68486,292.3,-10.27,-0.008563,90561,314.6,-2.90,-0.003660,649.1,0.000000,499.1,298942,511.9,115737,341.4,0.27,0.000280,114960,337.6,5.33,0.006464,90910,317.5,-61.99,-0.077725,109.1,0.000000,100.0,598377,1679.3,98879,326.5,1.28,0.001168,97140,322.3,29.70,0.031883,88052,313.1,68.45,0.084295
470.08,0.0068128,0.052411,90148,90143,90623,90281,306.0,470.1,0.050786,305.5,74525,358.5,77743,303.3,64.95,0.050108,67366,291.6,21.20,0.017437,89046,312.4,48.59,0.060652,290.1,0.000000,214.5,69207,950.2,66550,291.5,-0.90,-0.000616,68580,292.4,-9.18,-0.007666,90417,314.5,-1.68,-0.002119,650.1,0.000000,284.8,306589,515.3,115870,341.6,0.26,0.000261,114881,337.5,4.94,0.005982,90776,317.4,-62.92,-0.078789,110.1,0.000000,100.0,591145,1674.6,99450,327.1,1.27,0.001164,97803,322.9,28.79,0.031047,87991,313.0,67.98,0.083668
471.08,0.0068272,0.052407,90006,90191,90500,90276,305.9,471.1,0.045792,305.1,74277,357.8,77693,303.4,60.59,0.046713,66842,291.0,19.59,0.016027,88892,312.3,49.20,0.061317,291.1,0.000000,802.2,68484,947.1,66292,291.2,-0.85,-0.000585,68724,292.6,-7.86,-0.006569,90280,314.3,-0.41,-0.000513,651.1,0.000000,100.0,314550,518.7,115999,341.7,0.24,0.000249,114767,337.4,4.36,0.005273,90649,317.3,-63.85,-0.079871,111.1,0.000000,284.5,584140,1670.1,100035,327.6,1.29,0.001184,98440,323.5,27.74,0.030057,87934,313.0,67.44,0.082949
472.07,0.0068416,0.052409,89850,90243,90400,90271,305.8,472.1,0.046607,304.2,74052,357.2,76887,302.5,58.74,0.044954,66430,290.5,18.40,0.014986,88751,312.2,49.80,0.061992,292.1,0.000000,100.0,67520,943.3,66048,290.9,-0.81,-0.000556,68912,292.8,-6.33,-0.005305,90058,314.1,0.78,0.000978,652.1,0.000000,100.0,322843,522.3,116128,341.8,0.24,0.000248,114616,337.3,3.59,0.004336,90535,317.2,-64.78,-0.080954,112.1,0.000000,116.4,577350,1665.6,100648,328.2,1.33,0.001231,99052,324.1,26.60,0.028950,87894,313.0,66.82,0.082152
473.21,0.0068581,0.052419,89664,90299,90284,90266,305.7,473.2,0.043930,303.3,73769,356.4,76156,301.6,56.18,0.042701,66098,290.1,17.55,0.014245,88597,312.1,50.49,0.062746,293.2,0.000000,136.7,66374,938.7,65783,290.5,-0.77,-0.000525,69164,293.1,-4.44,-0.003726,89839,313.9,2.28,0.002860,653.2,0.000000,483.6,332751,526.4,116282,341.9,0.25,0.000258,114395,337.1,2.46,0.002971,90413,317.1,-65.86,-0.082210,113.2,0.000000,123.6,569844,1660.6,101399,328.9,1.42,0.001318,99716,324.7,25.23,0.027594,87876,313.0,65.95,0.081068
474.20,0.0068725,0.052433,89506,90342,90194,90261,305.6,474.2,0.038850,302.8,73465,355.7,76057,301.6,51.77,0.039309,65911,289.8,17.21,0.013937,88471,312.1,51.08,0.063403,294.2,0.000000,100.0,65391,934.7,65563,290.3,-0.74,-0.000501,69392,293.4,-2.70,-0.002274,89688,313.7,3.70,0.004630,654.2,0.000000,143.6,341819,530.1,116430,342.0,0.27,0.000278,114145,336.9,1.29,0.001554,90316,317.0,-66.80,-0.083325,114.2,0.000000,268.1,563489,1656.3,102113,329.6,1.52,0.001416,100267,325.2,24.02,0.026376,87897,313.0,65.00,0.079906
475.20,0.0068869,0.052452,89365,90382,90118,90256,305.5,475.2,0.039191,301.8,73180,355.1,75179,300.6,49.73,0.037445,65793,289.7,17.10,0.013828,88353,312.0,51.68,0.064071,295.2,0.000000,336.4,64657,931.5,65355,290.0,-0.70,-0.000475,69607,293.7,-0.96,-0.000810,89565,313.6,5.19,0.006485,655.2,0.000000,222.3,351281,533.8,116592,342.2,0.30,0.000304,113837,336.6,-0.04,-0.000043,90230,316.9,-67.75,-0.084454,115.2,0.000000,161.0,557325,1652.1,102882,330.3,1.62,0.001522,100789,325.7,22.84,0.025171,87959,313.1,63.81,0.078486
476.19,0.0069013,0.052476,89248,90433,90057,90251,305.5,476.2,0.036488,301.0,72873,354.4,74497,299.8,47.29,0.035375,65760,289.7,17.16,0.013874,88246,312.0,52.30,0.064766,296.2,0.000000,141.6,63678,927.4,65161,289.7,-0.66,-0.000444,69801,293.9,0.73,0.000615,89464,313.5,6.73,0.008409,656.2,0.000000,1046.4,361158,537.7,116769,342.3,0.32,0.000331,113472,336.3,-1.49,-0.001785,90156,316.8,-68.69,-0.085591,116.2,0.000000,324.0,551345,1648.0,103701,331.0,1.72,0.001621,101286,326.2,21.71,0.024013,88062,313.2,62.36,0.076770
477.19,0.0069157,0.052504,89155,90507,90013,90246,305.4,477.2,0.031941,300.4,72520,353.7,74149,299.4,43.27,0.032262,65779,289.7,17.51,0.014158,88151,312.0,52.94,0.065499,297.2,0.000000,273.2,62696,923.3,64987,289.5,-0.59,-0.000402,69964,294.1,2.33,0.001969,89384,313.4,8.32,0.010395,657.2,0.000000,1235.4,371474,541.6,116956,342.5,0.34,0.000351,113057,336.0,-3.03,-0.003629,90096,316.7,-69.63,-0.086726,117.2,0.000000,100.0,545541,1643.9,104557,331.8,1.79,0.001696,101763,326.6,20.66,0.022926,88201,313.3,60.65,0.074760
478.18,0.0069302,0.052534,89084,90594,89987,90241,305.4,478.2,0.031545,299.5,72176,353.1,73394,298.5,40.87,0.030248,65864,289.8,18.27,0.014791,88070,312.0,53.63,0.066283,298.2,0.000000,100.0,61959,920.0,64842,289.3,-0.51,-0.000344,70093,294.2,3.82,0.003234,89322,313.3,9.96,0.012439,658.2,0.000000,314.7,382256,545.6,117146,342.6,0.35,0.000358,112601,335.6,-4.63,-0.005527,90052,316.6,-70.53,-0.087845,118.2,0.000000,269.2,539908,1640.0,105423,332.6,1.80,0.001722,102228,327.0,19.70,0.021929,88364,313.5,58.74,0.072503
479.18,0.0069446,0.052566,89035,90674,89978,90237,305.4,479.2,0.027200,298.8,71790,352.4,73012,298.1,36.98,0.027266,66171,290.2,19.66,0.015968,88003,312.0,54.35,0.067124,299.2,0.000000,100.0,60973,915.8,64734,289.2,-0.40,-0.000266,70188,294.4,5.19,0.004402,89279,313.2,11.65,0.014536,659.2,0.000000,339.4,393528,549.7,117328,342.8,0.34,0.000346,112117,335.2,-6.25,-0.007438,90021,316.5,-71.40,-0.088927,119.2,0.000000,407.7,534439,1636.1,106279,333.3,1.78,0.001709,102686,327.4,18.83,0.021033,88535,313.6,56.70,0.070089
480.18,0.0069591,0.052599,89014,90755,89985,90232,305.4,480.2,0.026546,297.9,71411,351.7,72255,297.2,34.54,0.025273,66762,290.9,22.04,0.018016,87951,312.0,55.11,0.068021,300.2,0.000000,152.3,59963,911.4,64678,289.1,-0.23,-0.000157,70251,294.4,6.44,0.005471,89253,313.2,13.36,0.016675,660.2,0.000000,100.0,405307,553.9,117476,342.9,0.28,0.000291,111616,334.8,-7.86,-0.009327,90003,316.4,-72.21,-0.089949,120.2,0.000000,510.0,529135,1632.3,107102,334.1,1.71,0.001651,103141,327.8,18.08,0.020252,88698,313.7,54.63,0.067638
481.17,0.0069735,0.052631,89023,90847,90001,90228,305.4,481.2,0.022519,297.3,70997,351.1,71806,296.7,30.88,0.022498,67606,292.0,25.34,0.020891,87909,312.0,55.90,0.068963,301.2,0.000000,151.4,59225,908.0,64683,289.1,-0.05,-0.000032,70288,294.5,7.59,0.006449,89241,313.1,15.10,0.018841,661.2,0.000000,154.7,417617,558.2,117563,343.0,0.18,0.000188,111106,334.3,-9.44,-0.011170,89995,316.3,-72.95,-0.090885,121.2,0.000000,513.2,523992,1628.5,107868,334.7,1.59,0.001544,103598,328.3,17.43,0.019590,88834,313.7,52.67,0.065298
482.17,0.0069880,0.052663,89062,90939,90016,90223,305.4,482.2,0.020214,301.2,70570,350.4,71430,296.3,27.26,0.019783,68614,293.2,29.04,0.024199,87871,312.0,56.71,0.069929,302.2,0.000000,396.9,58467,904.5,64735,289.2,0.12,0.000083,70313,294.5,8.67,0.007363,89235,313.1,16.83,0.021009,662.2,0.000000,101.4,430487,562.6,117577,343.0,0.06,0.000059,110594,333.9,-10.99,-0.012953,89983,316.1,-73.58,-0.091701,122.2,0.000000,528.1,518977,1624.8,108551,335.4,1.43,0.001390,104058,328.7,16.89,0.019045,88939,313.8,50.90,0.063177
483.17,0.0070024,0.052692,89117,91022,90024,90218,305.4,483.2,0.019453,295.8,70150,349.7,70634,295.4,25.07,0.018047,69683,294.5,32.68,0.027531,87832,312.0,57.53,0.070900,303.2,0.000000,1087.8,57464,900.0,64851,289.4,0.32,0.000219,70333,294.5,9.68,0.008229,89231,313.0,18.55,0.023151,663.2,0.000000,100.0,443947,567.0,117535,342.9,-0.05,-0.000052,110083,333.4,-12.49,-0.014671,89964,316.0,-74.11,-0.092378,123.2,0.000000,227.5,513954,1620.7,109133,335.9,1.23,0.001199,104526,329.1,16.45,0.018607,89023,313.7,49.31,0.061267
484.16,0.0070169,0.052719,89187,91082,90019,90213,305.4,484.2,0.016041,295.1,69703,349.1,70224,294.9,21.92,0.015713,70735,295.8,35.97,0.030632,87789,312.0,58.32,0.071849,304.2,0.000000,152.1,56742,896.5,65039,289.6,0.56,0.000375,70349,294.5,10.66,0.009058,89225,313.0,20.21,0.025233,664.2,0.000000,457.8,458028,571.6,117421,342.9,-0.18,-0.000186,109577,333.0,-13.94,-0.016327,89935,315.9,-74.52,-0.092904,124.2,0.000000,100.0,509079,1616.6,109606,336.3,1.01,0.000988,105003,329.5,16.09,0.018261,89085,313.7,47.89,0.059552
485.16,0.0070313,0.052743,89276,91103,89996,90207,305.4,485.2,0.015283,294.4,69264,348.4,69584,294.1,19.97,0.014222,71729,297.0,38.83,0.033401,87738,312.0,59.08,0.072751,305.2,0.000000,137.6,55765,892.1,65313,289.9,0.83,0.000560,70364,294.6,11.61,0.009866,89212,312.9,21.80,0.027217,665.2,0.000000,133.7,472761,576.2,117216,342.7,-0.34,-0.000350,109075,332.6,-15.36,-0.017932,89893,315.7,-74.81,-0.093268,125.2,0.000000,100.0,504347,1612.7,109971,336.6,0.79,0.000776,105493,329.9,15.80,0.017985,89120,313.6,46.64,0.058024
486.16,0.0070458,0.052763,89390,91080,89958,90201,305.4,486.2,0.013621,293.7,68821,347.8,69084,293.5,18.17,0.012876,72660,298.1,41.27,0.035827,87677,311.9,59.80,0.073590,306.2,0.000000,100.0,55064,888.6,65688,290.4,1.14,0.000778,70391,294.6,12.55,0.010670,89190,312.8,23.28,0.029070,666.2,0.000000,1532.3,488182,581.0,116903,342.4,-0.53,-0.000548,108577,332.1,-16.76,-0.019503,89835,315.5,-74.96,-0.093457,126.2,0.000000,100.0,499752,1608.7,110239,336.8,0.59,0.000579,106000,330.4,15.54,0.017756,89123,313.5,45.53,0.056677
487.15,0.0070602,0.052778,89541,91019,89908,90194,305.3,487.2,0.012446,293.1,68381,347.1,68651,293.0,16.71,0.011785,73535,299.1,43.36,0.037963,87604,311.9,60.46,0.074365,307.2,0.000000,231.4,54121,884.2,66176,291.0,1.50,0.001024,70428,294.6,13.49,0.011475,89157,312.7,24.66,0.030789,667.2,0.000000,665.7,504325,585.8,116464,342.1,-0.76,-0.000777,108079,331.7,-18.16,-0.021061,89765,315.3,-74.96,-0.093449,127.2,0.000000,627.3,495289,1604.9,110422,337.0,0.41,0.000408,106530,330.9,15.31,0.017550,89092,313.4,44.58,0.055502
488.15,0.0070747,0.052786,89759,90931,89838,90186,305.3,488.2,0.011647,292.6,67947,346.5,68252,292.5,15.63,0.010977,74368,300.1,45.19,0.039878,87520,311.7,61.07,0.075066,308.2,0.000000,184.8,53453,880.8,66777,291.8,1.85,0.001274,70485,294.7,14.46,0.012309,89112,312.6,25.92,0.032356,668.2,0.000000,292.8,521229,590.8,115890,341.6,-1.01,-0.001027,107580,331.2,-19.59,-0.022634,89683,315.1,-74.87,-0.093313,128.2,0.000000,2571.8,490952,1601.1,110540,337.1,0.27,0.000270,107087,331.4,15.07,0.017343,89046,313.2,43.77,0.054495
489.15,0.0070891,0.052785,90053,90825,89743,90178,305.2,489.1,0.011169,292.1,67524,345.9,67893,292.0,14.99,0.010493,75175,301.0,46.83,0.041646,87420,311.6,61.60,0.075671,309.1,0.000000,201.4,52530,876.3,67474,292.7,2.15,0.001495,70569,294.8,15.50,0.013201,89050,312.4,27.05,0.033754,669.1,0.000000,277.9,538935,595.8,115181,341.0,-1.26,-0.001280,107074,330.8,-21.05,-0.024248,89583,314.9,-74.71,-0.093075,129.1,0.000000,412.9,486733,1597.4,110610,337.2,0.17,0.000166,107677,331.9,14.81,0.017115,88978,313.0,43.11,0.053656
490.14,0.0071035,0.052773,90344,90704,89625,90169,305.1,490.1,0.011073,291.7,67115,345.3,67579,291.7,14.93,0.010414,75969,301.9,48.36,0.043328,87304,311.4,62.06,0.076177,310.1,0.000000,100.0,51883,872.9,68236,293.6,2.37,0.001656,70686,294.9,16.61,0.014170,88967,312.2,28.03,0.034971,670.1,0.000000,289.2,557486,601.0,114349,340.3,-1.50,-0.001518,106555,330.3,-22.59,-0.025924,89464,314.6,-74.50,-0.092744,130.1,0.000000,124.3,482628,1593.8,110648,337.2,0.10,0.000097,108302,332.4,14.52,0.016852,88888,312.8,42.56,0.052954
491.14,0.0071180,0.052752,90598,90570,89488,90159,304.9,491.1,0.011261,291.1,66724,344.8,67282,291.3,15.50,0.010777,76762,302.8,49.82,0.044974,87174,311.3,62.49,0.076622,311.1,0.000000,100.0,50989,868.5,69025,294.6,2.46,0.001736,70841,295.1,17.82,0.015227,88863,312.1,28.88,0.036010,671.1,0.000000,100.0,576928,606.2,113409,339.5,-1.72,-0.001729,106016,329.9,-24.20,-0.027671,89325,314.4,-74.22,-0.092317,131.1,0.000000,293.8,478628,1590.2,110672,337.2,0.06,0.000058,108964,333.0,14.20,0.016543,88780,312.6,42.10,0.052355
492.14,0.0071324,0.052722,90840,90428,89336,90150,304.8,492.1,0.011835,290.6,66355,344.2,67018,290.9,16.61,0.011519,77562,303.7,51.26,0.046617,87034,311.1,62.86,0.077002,312.1,0.000000,100.0,50351,865.1,69800,295.5,2.43,0.001728,71038,295.3,19.12,0.016369,88742,311.8,29.60,0.036876,672.1,0.000000,329.7,597306,611.6,112384,338.6,-1.90,-0.001903,105450,329.4,-25.88,-0.029488,89167,314.2,-73.88,-0.091792,132.1,0.000000,100.0,474729,1586.7,110696,337.2,0.05,0.000052,109657,333.6,13.83,0.016186,88660,312.3,41.70,0.051825
493.13,0.0071469,0.052684,91080,90280,89174,90139,304.6,493.1,0.012764,290.1,66012,343.7,66851,290.7,18.39,0.012732,78373,304.6,52.68,0.048267,86886,310.9,63.19,0.077316,313.1,0.000000,291.0,49477,860.6,70531,296.4,2.30,0.001647,71276,295.6,20.50,0.017587,88607,311.6,30.18,0.037575,673.1,0.000000,100.0,618670,617.1,111297,337.6,-2.05,-0.002035,104850,328.8,-27.64,-0.031363,88994,314.0,-73.47,-0.091172,133.1,0.000000,347.8,470924,1583.2,110735,337.3,0.07,0.000073,110371,334.2,13.42,0.015787,88530,312.1,41.32,0.051328
494.13,0.0071613,0.052638,91309,90129,89008,90128,304.5,494.1,0.014285,289.8,65700,343.2,66776,290.6,21.02,0.014537,79193,305.6,54.08,0.049918,86733,310.7,63.47,0.077570,314.1,0.000000,109.2,48833,857.1,71196,297.2,2.10,0.001515,71554,295.9,21.93,0.018868,88465,311.4,30.69,0.038173,674.1,0.000000,8360.5,641062,622.6,110170,336.7,-2.16,-0.002126,104211,328.3,-29.46,-0.033275,88812,313.8,-73.00,-0.090465,134.1,0.000000,146.7,467210,1579.8,110801,337.3,0.12,0.000118,111091,334.8,13.00,0.015360,88396,311.8,40.96,0.050834
495.13,0.0071757,0.052585,91511,89983,88845,90117,304.3,495.1,0.016537,289.6,65428,342.8,66804,290.7,24.72,0.017101,80013,306.5,55.44,0.051549,86579,310.5,63.71,0.077774,315.1,0.000000,100.0,48765,855.9,71789,297.9,1.87,0.001357,71869,296.3,23.39,0.020193,88319,311.1,31.15,0.038714,675.1,0.000000,100.0,664538,628.3,109024,335.7,-2.23,-0.002180,103532,327.7,-31.30,-0.035197,88626,313.5,-72.45,-0.089672,135.1,0.000000,100.0,463581,1576.4,110904,337.4,0.19,0.000185,111799,335.5,12.57,0.014920,88261,311.6,40.57,0.050318
496.12,0.0071902,0.052525,91682,89851,88693,90106,304.2,496.1,0.019648,289.7,65205,342.4,66988,290.9,29.73,0.020610,80822,307.3,56.73,0.053132,86430,310.3,63.91,0.077942,316.1,0.000000,100.0,50023,860.2,72308,298.5,1.64,0.001194,72217,296.7,24.87,0.021537,88175,310.9,31.57,0.039211,676.1,0.000000,256.9,689156,634.1,107875,334.6,-2.27,-0.002200,102815,327.0,-33.16,-0.037099,88444,313.3,-71.84,-0.088794,136.1,0.000000,100.0,460029,1573.1,111053,337.5,0.27,0.000270,112470,336.0,12.17,0.014505,88131,311.3,40.16,0.049770
497.12,0.0072046,0.052461,91826,89730,88555,90093,304.0,497.1,0.023681,290.0,65041,342.0,67310,291.3,35.92,0.024987,81605,308.2,57.95,0.054644,86289,310.1,64.10,0.078092,317.1,0.000000,258.4,52913,871.3,72761,299.0,1.43,0.001044,72596,297.1,26.30,0.022862,88041,310.6,31.97,0.039669,677.1,0.000000,385.7,714974,640.0,106736,333.6,-2.28,-0.002194,102061,326.3,-34.99,-0.038945,88271,313.1,-71.14,-0.087828,137.1,0.000000,100.0,456551,1569.8,111252,337.7,0.37,0.000365,113077,336.5,11.83,0.014150,88012,311.1,39.71,0.049190
498.11,0.0072190,0.052393,91943,89624,88436,90080,303.9,498.1,0.028361,290.7,64942,341.7,67717,291.8,42.78,0.029883,82348,309.0,59.07,0.056064,86161,309.9,64.27,0.078234,318.1,0.000000,308.4,56964,887.1,73161,299.5,1.25,0.000917,73004,297.6,27.64,0.024129,87919,310.4,32.33,0.040096,678.1,0.000000,100.0,742048,646.0,105616,332.6,-2.27,-0.002170,101274,325.6,-36.77,-0.040697,88113,312.9,-70.37,-0.086778,138.1,0.000000,100.0,453141,1566.5,111503,337.9,0.47,0.000465,113610,337.0,11.54,0.013854,87907,310.9,39.24,0.048585
499.11,0.0072335,0.052322,92027,89536,88333,90067,303.8,499.1,0.033251,291.5,64911,341.5,68148,292.4,49.64,0.034834,83039,309.7,60.09,0.057379,86046,309.7,64.43,0.078375,319.1,0.000000,398.8,61513,904.1,73521,299.9,1.11,0.000819,73440,298.1,28.86,0.025303,87811,310.2,32.68,0.040500,679.1,0.000000,464.8,770427,652.1,104521,331.6,-2.25,-0.002133,100456,324.9,-38.45,-0.042313,87971,312.7,-69.53,-0.085649,139.1,0.000000,124.7,449794,1563.3,111805,338.2,0.57,0.000563,114070,337.4,11.29,0.013592,87820,310.6,38.73,0.047945
500.10,0.0072479,0.052249,92080,89468,88263,90053,303.7,500.1,0.037843,292.5,64943,341.3,68550,292.8,55.88,0.039376,83669,310.4,61.01,0.058576,85949,309.5,64.58,0.078527,320.1,0.000000,100.0,66497,921.6,73854,300.3,1.01,0.000750,73900,298.6,29.92,0.026347,87719,310.0,33.01,0.040900,680.1,0.000000,100.0,800163,658.3,103452,330.7,-2.22,-0.002091,99608,324.1,-40.01,-0.043754,87851,312.5,-68.56,-0.084384,140.1,0.000000,333.5,446508,1560.1,112153,338.5,0.66,0.000657,114456,337.7,11.07,0.013362,87761,310.4,38.18,0.047260
501.10,0.0072623,0.052176,92106,89421,88251,90038,303.7,501.1,0.041920,293.6,65032,341.2,68958,293.3,61.38,0.043443,84220,311.0,61.81,0.059620,85881,309.3,64.76,0.078731,321.1,0.000000,595.0,71774,938.8,74174,300.7,0.96,0.000712,74384,299.2,30.77,0.027223,87651,309.8,33.38,0.041346,681.1,0.000000,361.6,831305,664.6,102408,329.7,-2.20,-0.002053,98733,323.3,-41.39,-0.044984,87767,312.4,-67.42,-0.082948,141.1,0.000000,797.8,443277,1557.0,112546,338.8,0.75,0.000745,114766,338.0,10.89,0.013164,87740,310.3,37.62,0.046579
502.09,0.0072767,0.052104,92105,89398,88295,90022,303.8,502.1,0.045530,294.6,65172,341.1,69387,293.8,66.19,0.047052,84692,311.4,62.50,0.060524,85851,309.1,65.00,0.079029,322.1,0.000000,170.6,77069,954.8,74497,301.1,0.95,0.000709,74890,299.7,31.38,0.027898,87617,309.6,33.81,0.041886,682.1,0.000000,287.0,863905,671.0,101383,328.8,-2.18,-0.002020,97832,322.4,-42.59,-0.045980,87737,312.3,-66.12,-0.081340,142.1,0.000000,100.0,440096,1553.9,112979,339.2,0.82,0.000826,114998,338.2,10.73,0.012992,87778,310.1,37.11,0.045983
503.08,0.0072910,0.052033,92076,89400,88366,90005,303.8,503.1,0.048730,295.7,65358,341.1,69845,294.4,70.36,0.050252,85091,311.8,63.10,0.061321,85855,309.0,65.27,0.079405,323.1,0.000025,301.8,82779,970.8,74829,301.4,0.99,0.000743,75420,300.3,31.71,0.028338,87614,309.5,34.31,0.042527,683.1,0.000000,353.3,898022,677.5,100373,327.8,-2.17,-0.001998,96911,321.6,-43.58,-0.046728,87765,312.3,-64.73,-0.079653,143.1,0.000000,966.8,436957,1550.8,113450,339.6,0.90,0.000901,115159,338.3,10.59,0.012832,87869,310.1,36.61,0.045430
504.07,0.0073054,0.051964,92024,89422,88460,89986,303.9,504.1,0.051585,296.7,65585,341.1,70336,295.0,73.99,0.053113,85416,312.2,63.67,0.062042,85885,308.9,65.56,0.079822,324.1,0.000186,302.5,88333,985.1,75144,301.8,1.12,0.000841,75976,301.0,31.82,0.028587,87635,309.4,34.91,0.043295,684.1,0.000000,100.0,933719,684.1,99366,326.9,-2.18,-0.001994,95973,320.7,-44.35,-0.047229,87841,312.3,-63.28,-0.077930,144.1,0.000000,594.2,433856,1547.7,113953,340.0,0.96,0.000968,115256,338.4,10.44,0.012664,87990,310.0,36.10,0.044856
505.20,0.0073218,0.051889,91941,89463,88617,89964,304.1,505.2,0.054342,297.9,65892,341.2,70944,295.7,77.62,0.056068,85672,312.4,64.38,0.062874,85951,308.7,65.92,0.080359,325.2,0.000198,303.2,94703,1000.2,75586,302.3,1.33,0.001002,76631,301.7,31.61,0.028574,87690,309.2,35.70,0.044328,685.2,0.000000,506.4,976528,691.7,98206,325.8,-2.22,-0.002014,94892,319.7,-44.98,-0.047512,87994,312.4,-61.59,-0.075951,145.2,0.000000,301.4,430351,1544.2,114564,340.5,1.02,0.001035,115302,338.4,10.25,0.012441,88159,310.0,35.47,0.044161
506.19,0.0073361,0.051828,91850,89506,88792,89943,304.3,506.2,0.056878,298.9,66199,341.4,71518,296.4,80.46,0.058451,85837,312.6,65.01,0.063578,86051,308.7,66.32,0.080949,326.2,0.000198,303.9,99846,1011.3,76057,302.8,1.54,0.001164,77227,302.3,31.18,0.028341,87768,309.2,36.50,0.045370,686.2,0.000000,385.5,1015821,698.5,97171,324.8,-2.28,-0.002053,93946,318.8,-45.33,-0.047531,88169,312.6,-60.09,-0.074213,146.2,0.000000,981.8,427313,1541.1,115124,341.0,1.07,0.001083,115300,338.4,10.06,0.012205,88336,310.0,34.90,0.043537
507.18,0.0073505,0.051771,91743,89554,88971,89920,304.4,507.2,0.059094,299.9,66540,341.5,72130,297.1,83.04,0.060693,85939,312.6,65.60,0.064214,86185,308.7,66.76,0.081616,327.2,0.000174,304.6,104817,1021.4,76617,303.5,1.75,0.001327,77833,303.0,30.58,0.027952,87881,309.1,37.36,0.046503,687.2,0.000000,248.3,1056901,705.4,96108,323.8,-2.36,-0.002110,93008,317.9,-45.49,-0.047363,88368,312.7,-58.60,-0.072498,147.2,0.000000,656.8,424296,1538.1,115703,341.5,1.10,0.001121,115262,338.4,9.85,0.011947,88534,310.1,34.29,0.042876
508.17,0.0073648,0.051718,91622,89608,89131,89897,304.6,508.2,0.061197,301.0,66914,341.7,72775,297.8,85.40,0.062816,85968,312.6,66.23,0.064860,86327,308.7,67.16,0.082247,328.2,0.000118,305.2,108984,1029.1,77269,304.2,1.92,0.001470,78436,303.7,29.88,0.027458,88013,309.1,38.22,0.047644,688.2,0.000000,1022.3,1099829,712.3,95012,322.7,-2.46,-0.002179,92087,317.0,-45.51,-0.047038,88574,312.9,-57.18,-0.070867,148.2,0.000000,100.0,421294,1535.0,116291,342.0,1.12,0.001142,115205,338.3,9.60,0.011646,88741,310.1,33.62,0.042120
509.16,0.0073791,0.051671,91489,89675,89248,89872,304.7,509.2,0.063197,302.0,67320,342.0,73446,298.6,87.55,0.064823,85931,312.6,66.99,0.065584,86454,308.7,67.48,0.082749,329.2,0.000024,932.8,113025,1036.3,78016,305.1,2.05,0.001576,79021,304.3,29.13,0.026913,88132,309.1,39.01,0.048697,689.2,0.000000,242.0,1144662,719.3,93878,321.6,-2.57,-0.002256,91187,316.1,-45.39,-0.046587,88764,313.1,-55.91,-0.069401,149.2,0.000000,460.2,418301,1531.9,116879,342.5,1.11,0.001143,115143,338.3,9.31,0.011287,88937,310.2,32.82,0.041200
510.15,0.0073935,0.051630,91346,89771,89315,89847,304.8,510.1,0.065084,303.1,67756,342.2,74133,299.4,89.48,0.066697,85807,312.4,67.83,0.066350,86547,308.7,67.67,0.083083,330.1,-0.000044,932.6,116702,1042.3,78856,306.1,2.09,0.001625,79577,304.9,28.39,0.026363,88216,309.1,39.68,0.049593,690.1,0.000000,1069.7,1191448,726.4,92708,320.5,-2.68,-0.002333,90318,315.3,-45.16,-0.046030,88921,313.2,-54.84,-0.068174,150.1,0.000000,100.0,415310,1528.9,117454,343.0,1.09,0.001122,115081,338.2,8.96,0.010861,89107,310.2,31.85,0.040059
511.14,0.0074078,0.051594,91197,89887,89335,89822,304.8,511.1,0.066831,304.1,68220,342.6,74823,300.2,91.17,0.068406,85601,312.2,68.81,0.067190,86604,308.7,67.79,0.083277,331.1,-0.000116,932.8,119404,1046.1,79781,307.2,2.04,0.001598,80095,305.5,27.70,0.025846,88250,309.0,40.24,0.050316,691.1,0.000000,213.1,1240179,733.6,91507,319.3,-2.79,-0.002406,89475,314.5,-44.83,-0.045390,89032,313.3,-54.03,-0.067232,151.1,0.000000,627.5,412321,1525.8,118001,343.4,1.04,0.001075,115026,338.2,8.55,0.010362,89240,310.2,30.70,0.038674
512.13,0.0074221,0.051563,91044,89984,89325,89797,304.8,512.1,0.068404,305.1,68711,342.9,75506,301.0,92.57,0.069906,85317,311.9,69.92,0.068123,86628,308.6,67.82,0.083344,332.1,-0.000212,933.7,122273,1050.1,80781,308.6,1.88,0.001480,80572,306.0,27.09,0.025385,88250,308.9,40.71,0.050921,692.1,0.000000,100.0,1290950,742.0,90280,318.0,-2.89,-0.002468,88661,313.7,-44.43,-0.044686,89098,313.3,-53.47,-0.066577,152.1,0.000000,215.9,409332,1522.7,118508,343.8,0.96,0.001001,114983,338.1,8.08,0.009784,89338,310.2,29.39,0.037065
513.12,0.0074365,0.051539,90891,90054,89298,89773,304.7,513.1,0.065271,306.4,69179,343.2,76959,302.8,91.24,0.069813,84969,311.5,71.21,0.069177,86631,308.6,67.79,0.083313,333.1,-0.000336,934.6,124848,1053.3,81840,310.2,1.57,0.001245,81009,306.4,26.57,0.024996,88228,308.8,41.12,0.051432,693.1,0.000000,321.6,1344510,749.7,89037,316.8,-2.97,-0.002515,87883,312.9,-43.97,-0.043949,89129,313.4,-53.13,-0.066169,153.1,0.000000,306.2,406342,1519.6,118961,344.2,0.87,0.000902,114955,338.1,7.53,0.009123,89407,310.2,27.95,0.035278
514.11,0.0074508,0.051521,90740,90111,89255,89750,304.7,514.1,0.070369,307.1,69711,343.6,77383,303.3,92.87,0.071341,84565,311.0,72.64,0.070334,86616,308.6,67.69,0.083189,334.1,-0.000492,935.7,126193,1054.0,82943,312.0,1.10,0.000884,81410,306.9,26.14,0.024680,88194,308.7,41.44,0.051836,694.1,0.000000,373.2,1402042,758.6,87787,315.5,-3.04,-0.002543,87142,312.2,-43.49,-0.043200,89135,313.4,-52.92,-0.065913,154.1,0.000000,100.0,403351,1516.5,119351,344.5,0.75,0.000785,114945,338.1,6.93,0.008385,89455,310.1,26.40,0.033345
515.10,0.0074651,0.051508,90592,90156,89197,89727,304.7,515.1,0.066725,322.1,70213,344.0,79000,305.2,90.22,0.070305,84116,310.5,74.18,0.071561,86587,308.6,67.52,0.082957,335.1,-0.000680,937.3,127898,1055.4,84071,314.0,0.48,0.000391,81780,307.3,25.80,0.024436,88148,308.7,41.70,0.052141,695.1,0.000000,100.0,1464857,769.1,86541,314.2,-3.08,-0.002551,86432,311.5,-42.97,-0.042434,89129,313.3,-52.83,-0.065804,155.1,0.000000,430.2,400352,1513.4,119673,344.8,0.63,0.000655,114948,338.1,6.26,0.007578,89483,310.1,24.76,0.031281
516.08,0.0074795,0.051500,90451,90182,89129,89706,304.6,516.1,0.071697,309.1,70778,344.5,79173,305.4,91.80,0.071652,83642,310.0,75.79,0.072828,86549,308.5,67.29,0.082648,336.1,-0.000903,938.9,127929,1053.4,85207,316.4,-0.29,-0.000237,82125,307.6,25.54,0.024263,88086,308.6,41.91,0.052381,696.1,0.000000,1847.6,1534362,781.8,85309,312.9,-3.09,-0.002538,85744,310.8,-42.42,-0.041651,89114,313.3,-52.88,-0.065863,156.1,0.000000,100.0,397341,1510.3,119925,345.0,0.50,0.000521,114958,338.1,5.53,0.006699,89496,310.0,23.02,0.029090
517.07,0.0074938,0.051497,90322,90187,89054,89685,304.5,517.1,0.071764,309.8,71353,344.9,79486,305.7,92.52,0.072421,83167,309.5,77.43,0.074110,86503,308.5,67.02,0.082286,337.1,-0.001159,940.9,128302,1052.1,86334,319.0,-1.22,-0.000991,82456,308.0,25.36,0.024157,88011,308.5,42.10,0.052585,697.1,0.000000,145.5,1612031,797.3,84101,311.7,-3.08,-0.002505,85074,310.1,-41.84,-0.040851,89092,313.3,-53.16,-0.066199,157.1,0.000000,2995.5,394314,1507.1,120107,345.2,0.37,0.000387,114978,338.1,4.74,0.005735,89495,310.0,21.18,0.026773
518.20,0.0075102,0.051499,90194,90170,88967,89664,304.4,518.2,0.067858,310.7,71972,345.4,80824,307.3,90.18,0.071402,82653,308.9,79.30,0.075569,86436,308.4,66.69,0.081830,338.2,-0.001472,942.9,127986,1049.2,87596,322.4,-2.44,-0.001994,82829,308.4,25.22,0.024104,87907,308.4,42.29,0.052775,698.2,0.000000,100.0,1712756,819.2,82764,310.2,-3.04,-0.002443,84327,309.3,-41.15,-0.039919,89061,313.2,-53.74,-0.066908,158.2,0.000000,113.0,390840,1503.4,120233,345.3,0.23,0.000238,115014,338.2,3.73,0.004523,89493,309.9,18.96,0.023967
519.19,0.0075245,0.051505,90090,90140,88892,89647,304.4,519.2,0.071727,311.4,72565,345.9,81051,307.5,90.83,0.072067,82245,308.4,80.89,0.076823,86370,308.4,66.40,0.081432,339.2,-0.001823,944.6,127131,1045.4,88669,325.8,-3.63,-0.002974,83164,308.7,25.14,0.024103,87812,308.3,42.44,0.052925,699.2,0.000000,452.7,1813106,842.4,81639,309.0,-2.98,-0.002372,83684,308.7,-40.51,-0.039085,89001,313.1,-54.35,-0.067641,159.2,0.000000,204.1,387792,1500.2,120273,345.3,0.11,0.000112,115056,338.2,2.78,0.003364,89497,309.9,16.89,0.021363
520.17,0.0075387,0.051515,89991,90096,88823,89632,304.3,520.2,0.066964,312.2,73115,346.4,82331,309.0,88.02,0.070593,81881,308.0,82.43,0.078040,86306,308.4,66.15,0.081071,340.2,-0.002188,945.7,127644,1044.3,89714,329.6,-4.93,-0.004040,83518,309.1,25.10,0.024130,87723,308.3,42.61,0.053096,700.2,0.000000,322.2,1926496,869.9,80565,307.9,-2.90,-0.002284,83045,308.0,-39.84,-0.038227,88925,313.0,-54.98,-0.068395,160.2,0.000000,100.0,384739,1497.0,120254,345.3,-0.00,-0.000004,115099,338.2,1.74,0.002109,89510,309.9,14.71,0.018608
521.16,0.0075530,0.051528,89904,90041,88769,89619,304.2,521.2,0.071112,312.8,73718,346.9,82447,309.1,88.64,0.071169,81567,307.6,83.88,0.079212,86250,308.3,65.95,0.080769,341.2,-0.002601,946.9,127607,1042.0,90739,333.9,-6.34,-0.005190,83908,309.5,25.07,0.024184,87645,308.2,42.81,0.053304,701.2,0.000000,1046.1,2054432,902.0,79547,306.8,-2.80,-0.002182,82406,307.4,-39.14,-0.037339,88856,312.9,-55.62,-0.069153,161.2,0.000000,100.0,381679,1493.7,120186,345.2,-0.10,-0.000106,115134,338.3,0.63,0.000758,89536,309.9,12.41,0.015697
522.14,0.0075672,0.051543,89835,89980,88736,89607,304.2,522.1,0.066184,313.4,74277,347.4,83661,310.6,85.53,0.069365,81307,307.3,85.25,0.080332,86206,308.3,65.79,0.080542,342.1,-0.003044,948.1,127064,1038.8,91740,338.7,-7.85,-0.006398,84348,310.0,25.04,0.024245,87582,308.2,43.05,0.053564,702.1,0.000000,102.5,2198298,939.1,78588,305.7,-2.68,-0.002070,81763,306.7,-38.39,-0.036416,88802,312.8,-56.24,-0.069895,162.1,0.000000,20248.4,378606,1490.5,120066,345.1,-0.20,-0.000205,115158,338.3,-0.56,-0.000678,89580,309.9,9.98,0.012626
523.12,0.0075815,0.051561,89785,89912,88723,89597,304.2,523.1,0.069936,314.0,74884,347.9,83693,310.6,86.05,0.069815,81110,307.0,86.51,0.081384,86178,308.4,65.70,0.080395,343.1,-0.003517,949.3,126148,1034.8,92720,344.2,-9.43,-0.007646,84851,310.5,24.97,0.024280,87537,308.2,43.33,0.053887,703.1,0.000000,100.0,2359299,981.2,77690,304.7,-2.54,-0.001953,81112,306.0,-37.59,-0.035454,88759,312.8,-56.78,-0.070549,163.1,0.000000,100.0,375516,1487.2,119899,345.0,-0.28,-0.000296,115172,338.3,-1.80,-0.002186,89640,310.0,7.42,0.009399
524.10,0.0075957,0.051579,89755,89840,88728,89589,304.2,524.1,0.064936,314.6,75448,348.3,84902,311.9,82.76,0.067810,80979,306.9,87.62,0.082344,86168,308.4,65.67,0.080329,344.1,-0.004018,950.5,125027,1030.4,93679,350.4,-11.08,-0.008916,85431,311.1,24.83,0.024261,87508,308.2,43.66,0.054277,704.1,0.000000,100.0,2538400,1028.5,76851,303.8,-2.41,-0.001834,80451,305.3,-36.74,-0.034452,88733,312.7,-57.23,-0.071097,164.1,0.000000,3708.3,372408,1483.8,119694,344.8,-0.36,-0.000374,115172,338.3,-3.09,-0.003751,89717,310.1,4.75,0.006024
525.09,0.0076100,0.051598,89744,89771,88753,89582,304.2,525.1,0.068437,315.0,76057,348.9,84875,311.9,83.23,0.068188,80916,306.7,88.55,0.083183,86168,308.5,65.68,0.080331,345.1,-0.004548,951.6,124037,1026.3,94624,357.3,-12.79,-0.010194,86099,311.8,24.58,0.024158,87490,308.3,44.05,0.054738,705.1,0.000000,173.1,2736261,1081.0,76071,302.9,-2.27,-0.001717,79780,304.6,-35.85,-0.033412,88718,312.7,-57.57,-0.071523,165.1,0.000000,201.8,368540,1479.8,119458,344.6,-0.42,-0.000439,115147,338.3,-4.41,-0.005348,89810,310.2,1.99,0.002524
526.07,0.0076242,0.051618,89747,89715,88837,89577,304.3,526.1,0.063409,315.6,76623,349.3,86035,313.2,79.99,0.066153,80922,306.7,89.26,0.083874,86192,308.6,65.81,0.080482,346.1,-0.005101,953.0,121955,1019.9,95555,365.1,-14.54,-0.011457,86861,312.5,24.21,0.023938,87497,308.4,44.55,0.055353,706.1,0.000000,100.0,2953165,1138.6,75345,302.0,-2.13,-0.001603,79098,303.9,-34.91,-0.032339,88732,312.7,-57.75,-0.071764,166.1,0.000000,262.4,364497,1475.7,119198,344.4,-0.47,-0.000489,115091,338.2,-5.72,-0.006938,89668,310.0,-1.40,-0.001767
527.19,0.0076405,0.051639,89761,89666,88916,89573,304.4,527.2,0.066685,316.1,77321,349.9,86008,313.1,80.40,0.066487,81006,306.7,89.81,0.084465,86240,308.7,65.98,0.080702,347.2,-0.005736,953.7,121956,1017.2,96622,375.3,-16.63,-0.012890,87850,313.5,23.61,0.023543,87514,308.5,45.18,0.056118,707.2,0.000000,100.0,3224148,1210.4,74581,301.2,-1.98,-0.001477,78310,303.0,-33.80,-0.031079,88767,312.7,-57.85,-0.071910,167.2,0.000000,1447.8,359800,1470.8,118878,344.2,-0.51,-0.000534,114994,338.1,-7.19,-0.008704,89620,310.0,-4.85,-0.006144
528.17,0.0076547,0.051657,89773,89629,89003,89571,304.5,528.2,0.061589,316.6,77889,350.4,87037,314.2,77.45,0.064584,81144,306.8,90.01,0.084776,86296,308.9,66.17,0.080947,348.2,-0.006452,954.0,122655,1016.2,97589,385.4,-18.59,-0.014167,88802,314.5,22.93,0.023036,87541,308.6,45.78,0.056864,708.2,0.000000,1628.4,3480715,1278.1,73965,300.4,-1.85,-0.001370,77613,302.3,-32.79,-0.029959,88822,312.7,-57.85,-0.071942,168.2,0.000000,454.5,355635,1466.5,118582,343.9,-0.54,-0.000563,114884,338.0,-8.41,-0.010174,89633,310.0,-7.62,-0.009642
529.16,0.0076689,0.051674,89776,89597,89102,89569,304.6,529.2,0.064814,317.1,78501,350.9,87067,314.2,77.66,0.064782,81322,307.0,90.10,0.085001,86361,309.0,66.39,0.081241,349.2,-0.007198,954.4,123601,1015.8,98609,396.8,-20.69,-0.015473,89813,315.5,22.07,0.022358,87577,308.7,46.43,0.057677,709.2,0.000000,489.5,3754195,1349.9,73398,299.8,-1.72,-0.001269,76914,301.5,-31.76,-0.028831,88903,312.8,-57.78,-0.071910,169.2,0.000000,694.6,351414,1462.0,118275,343.7,-0.57,-0.000588,114752,337.9,-9.55,-0.011548,89680,310.1,-10.21,-0.012924
530.14,0.0076832,0.051691,89765,89579,89209,89569,304.7,530.1,0.059842,317.6,79071,351.4,88045,315.3,74.90,0.062959,81540,307.2,90.13,0.085199,86431,309.2,66.65,0.081578,350.1,-0.008003,955.1,124149,1014.6,99682,409.8,-22.93,-0.016786,90865,316.6,21.05,0.021504,87621,308.8,47.13,0.058549,710.1,0.000000,642.9,4042769,1425.4,72875,299.2,-1.60,-0.001173,76215,300.8,-30.72,-0.027705,88998,312.8,-57.66,-0.071827,170.1,0.000000,100.0,347142,1457.5,117956,343.4,-0.59,-0.000611,114599,337.8,-10.60,-0.012806,89742,310.2,-12.64,-0.016006
531.13,0.0076975,0.051709,89736,89570,89328,89569,304.8,531.1,0.062986,318.1,79684,351.9,88128,315.4,75.01,0.063108,81772,307.4,90.03,0.085284,86506,309.3,66.94,0.081962,351.1,-0.008851,956.1,124208,1012.6,100802,424.4,-25.28,-0.018070,91944,317.6,19.88,0.020477,87673,309.0,47.87,0.059475,711.1,0.000000,100.0,4343969,1503.9,72393,298.6,-1.49,-0.001084,75521,300.0,-29.68,-0.026591,89108,312.9,-57.54,-0.071738,171.1,0.000000,100.0,342823,1452.9,117625,343.1,-0.62,-0.000636,114425,337.7,-11.55,-0.013940,89810,310.3,-14.88,-0.018861
532.11,0.0077117,0.051728,89688,89562,89465,89570,304.9,532.1,0.058053,318.6,80256,352.4,89088,316.4,72.39,0.061360,82008,307.6,89.64,0.085109,86592,309.5,67.27,0.082406,352.1,-0.009729,957.3,123848,1009.8,101958,440.8,-27.70,-0.019289,93033,318.7,18.56,0.019283,87735,309.1,48.66,0.060468,712.1,0.000000,608.7,4654969,1584.7,71947,298.1,-1.38,-0.001004,74835,299.2,-28.65,-0.025499,89228,313.0,-57.37,-0.071609,172.1,0.000000,111.6,338468,1448.3,117278,342.8,-0.65,-0.000665,114230,337.5,-12.40,-0.014944,89885,310.4,-16.92,-0.021453
533.09,0.0077260,0.051748,89623,89544,89631,89571,305.1,533.1,0.057135,319.2,80829,352.9,90149,317.5,69.67,0.059548,82266,307.8,88.96,0.084667,86693,309.7,67.66,0.082937,353.1,-0.010624,958.8,122857,1005.8,103138,459.1,-30.17,-0.020403,94118,319.8,17.11,0.017923,87813,309.3,49.51,0.061549,713.1,0.000000,423.0,4972529,1667.4,71533,297.6,-1.29,-0.000933,74163,298.5,-27.64,-0.024436,89364,313.1,-57.15,-0.071412,173.1,0.000000,226.2,334098,1443.6,116912,342.5,-0.68,-0.000701,114016,337.3,-13.14,-0.015817,89975,310.5,-18.72,-0.023752
534.08,0.0077402,0.051771,89542,89513,89853,89572,305.3,534.1,0.060115,319.8,81444,353.4,90153,317.5,70.13,0.059949,82561,308.1,88.01,0.083994,86823,309.9,68.15,0.083608,354.1,-0.011515,960.6,121266,1000.7,104331,479.2,-32.62,-0.021376,95186,320.8,15.53,0.016399,87925,309.5,50.46,0.062768,714.1,0.000000,399.0,5293093,1751.1,71146,297.1,-1.21,-0.000873,73507,297.7,-26.64,-0.023408,89534,313.3,-56.84,-0.071131,174.1,0.000000,119.3,329715,1438.8,116522,342.2,-0.73,-0.000746,113783,337.1,-13.78,-0.016566,90095,310.7,-20.25,-0.025715
535.20,0.0077565,0.051800,89427,89460,90159,89572,305.6,535.2,0.055796,320.4,82110,354.0,91144,318.5,67.88,0.058468,82967,308.4,86.70,0.083048,87017,310.1,68.86,0.084605,355.2,-0.012447,963.0,118736,993.6,105696,504.5,-35.33,-0.022278,96372,321.9,13.58,0.014464,88110,309.7,51.68,0.064375,715.2,0.000000,395.9,5658241,1847.2,70730,296.6,-1.14,-0.000817,72782,296.9,-25.55,-0.022283,89788,313.5,-56.36,-0.070679,175.2,0.000000,728.7,324693,1433.3,116041,341.8,-0.79,-0.000808,113493,336.9,-14.40,-0.017281,90291,310.9,-21.65,-0.027526
536.19,0.0077708,0.051830,89306,89400,90409,89572,305.8,536.2,0.054464,321.1,82690,354.5,92209,319.7,65.45,0.056833,83371,308.8,85.39,0.082091,87209,310.3,69.55,0.085574,356.2,-0.013335,965.5,115913,986.3,106882,528.6,-37.56,-0.022864,97372,322.9,11.75,0.012610,88294,310.0,52.83,0.065886,716.2,0.000000,364.7,5972223,1931.0,70385,296.2,-1.09,-0.000778,72174,296.2,-24.62,-0.021346,90039,313.7,-55.88,-0.070217,176.2,0.000000,229.5,320286,1428.5,115585,341.4,-0.85,-0.000870,113223,336.6,-14.86,-0.017795,90496,311.2,-22.65,-0.028837
537.17,0.0077851,0.051864,89167,89334,90635,89570,306.0,537.2,0.057398,321.7,83314,355.1,92252,319.7,65.96,0.057302,83796,309.2,83.92,0.080992,87395,310.5,70.20,0.086503,357.2,-0.014104,968.2,112537,977.8,108053,554.2,-39.62,-0.023254,98336,323.8,9.83,0.010619,88471,310.2,53.94,0.067360,717.2,0.000000,100.0,6276803,2013.9,70051,295.8,-1.05,-0.000748,71592,295.6,-23.73,-0.020454,90281,314.0,-55.39,-0.069746,177.2,0.000000,393.0,315869,1423.5,115094,341.0,-0.92,-0.000938,112939,336.4,-15.23,-0.018209,90714,311.4,-23.58,-0.030077
538.16,0.0077994,0.051903,89012,89270,90855,89568,306.3,538.2,0.052842,322.3,83902,355.6,93243,320.7,63.78,0.055829,84239,309.6,82.36,0.079799,87568,310.7,70.82,0.087381,358.2,-0.014797,971.3,108633,968.3,109202,581.2,-41.46,-0.023450,99266,324.6,7.81,0.008499,88637,310.4,55.00,0.068766,718.2,0.000000,219.3,6567956,2095.1,69726,295.4,-1.02,-0.000727,71038,294.9,-22.87,-0.019606,90508,314.2,-54.91,-0.069259,178.2,0.000000,224.5,311441,1418.6,114566,340.5,-0.99,-0.001007,112646,336.1,-15.53,-0.018534,90947,311.7,-24.58,-0.031401
539.14,0.0078136,0.051946,88846,89209,91073,89566,306.5,539.1,0.052035,323.0,84493,356.1,94275,321.8,61.54,0.054282,84701,310.1,80.76,0.078568,87732,310.9,71.42,0.088235,359.1,-0.010863,576.8,105880,961.1,106253,583.4,-31.46,-0.017247,100172,325.5,5.71,0.006251,88791,310.6,56.03,0.070132,719.1,0.000000,100.0,6841805,2174.2,69407,295.0,-1.01,-0.000712,70515,294.3,-22.05,-0.018803,90721,314.3,-54.38,-0.068716,179.1,0.000000,512.1,307003,1413.5,114004,340.1,-1.07,-0.001075,112344,335.9,-15.77,-0.018786,91191,312.0,-25.69,-0.032872
540.13,0.0078280,0.051996,88672,89151,91272,89563,306.7,540.1,0.054816,323.5,85129,356.7,94324,321.8,62.03,0.054738,85172,310.5,79.13,0.077301,87889,311.1,71.99,0.089052,360.1,-0.008549,580.9,103815,955.3,103927,585.7,-24.94,-0.013319,101067,326.3,3.51,0.003869,88933,310.8,57.03,0.071457,0.1,0.000000,1076.5,7094656,2250.5,69092,294.7,-1.00,-0.000703,70023,293.7,-21.27,-0.018040,90919,314.5,-53.80,-0.068095,180.1,0.000000,100.0,302556,1408.4,113411,339.6,-1.13,-0.001136,112033,335.6,-15.96,-0.018977,91435,312.3,-26.94,-0.034533
541.12,0.0078423,0.052051,88496,89096,91448,89560,306.8,541.1,0.050349,324.2,85729,357.2,95256,322.7,60.06,0.053366,85651,311.0,77.50,0.076021,88034,311.3,72.51,0.089795,361.1,-0.007167,584.9,101831,949.6,102721,589.0,-20.37,-0.010695,101970,327.1,1.21,0.001340,89060,311.0,57.98,0.072715,1.1,0.000000,2182.8,7323101,2323.6,68777,294.3,-0.99,-0.000699,69563,293.2,-20.51,-0.017317,91094,314.7,-53.17,-0.067387,181.1,0.000000,100.0,298100,1403.2,112795,339.0,-1.18,-0.001186,111716,335.4,-16.12,-0.019121,91665,312.6,-28.37,-0.036418
542.11,0.0078566,0.052112,88322,89046,91600,89557,307.0,542.1,0.049514,324.8,86334,357.7,96226,323.7,57.96,0.051873,86150,311.4,75.91,0.074777,88167,311.5,72.96,0.090436,362.1,-0.004871,585.8,100388,945.0,101373,589.1,-15.35,-0.007949,102894,328.0,-1.20,-0.001338,89171,311.1,58.87,0.073883,2.1,0.000000,3162.5,7524173,2393.0,68463,293.9,-1.00,-0.000698,69136,292.7,-19.78,-0.016630,91240,314.8,-52.46,-0.066575,182.1,0.000000,100.0,293639,1398.0,112163,338.5,-1.22,-0.001220,111392,335.1,-16.24,-0.019231,91873,312.9,-29.96,-0.038519
543.09,0.0078709,0.052178,88156,89006,91728,89554,307.1,543.1,0.052056,325.4,86981,358.3,96317,323.7,58.21,0.052135,86672,311.9,74.37,0.073589,88286,311.6,73.33,0.090962,363.1,-0.002719,584.9,99422,941.5,99865,586.6,-9.10,-0.004663,103857,328.9,-3.71,-0.004169,89263,311.3,59.70,0.074955,3.1,0.000000,100.0,7695398,2458.1,68147,293.5,-1.00,-0.000700,68741,292.2,-19.08,-0.015975,91355,314.9,-51.67,-0.065630,183.1,0.000000,646.4,289171,1392.7,111525,337.9,-1.25,-0.001237,111063,334.8,-16.35,-0.019315,92050,313.2,-31.69,-0.040791
544.09,0.0078853,0.052249,88001,88978,91827,89551,307.2,544.1,0.047644,326.0,87593,358.8,97178,324.6,56.24,0.050685,87217,312.5,72.88,0.072448,88392,311.8,73.59,0.091356,364.1,-0.002027,584.2,98293,937.4,99285,585.6,-5.18,-0.002641,104902,329.8,-6.39,-0.007237,89336,311.4,60.44,0.075918,4.1,0.000000,100.0,7834852,2518.6,67830,293.1,-1.01,-0.000704,68378,291.8,-18.41,-0.015350,91437,315.0,-50.77,-0.064532,184.1,0.000000,15253.5,284699,1387.4,110890,337.4,-1.25,-0.001237,110728,334.5,-16.44,-0.019378,92191,313.4,-33.52,-0.043171
545.08,0.0078997,0.052324,87860,88963,91895,89548,307.3,545.1,0.046641,326.5,88209,359.4,98014,325.4,54.23,0.049170,87784,313.0,71.44,0.071349,88482,311.9,73.75,0.091606,365.1,0.000092,584.0,97578,933.8,98549,584.3,0.25,0.000127,106101,330.9,-9.38,-0.010703,89386,311.5,61.11,0.076769,5.1,0.000000,100.0,7941199,2574.2,67510,292.7,-1.02,-0.000708,68046,291.4,-17.75,-0.014750,91482,315.0,-49.75,-0.063269,185.1,0.000000,3340.8,280224,1382.0,110267,336.8,-1.24,-0.001220,110390,334.2,-16.51,-0.019421,92288,313.6,-35.37,-0.045582
546.07,0.0079141,0.052404,87734,88966,91933,89545,307.3,546.1,0.045589,327.1,88827,359.9,98829,326.2,52.16,0.047570,88380,313.6,70.05,0.070306,88555,312.0,73.79,0.091695,366.1,0.002195,582.6,97066,928.8,97910,582.7,4.16,0.002106,107471,332.1,-12.67,-0.014586,89416,311.7,61.71,0.077517,6.1,0.000000,371.1,8013712,2624.6,67189,292.3,-1.03,-0.000713,67744,291.0,-17.11,-0.014174,91505,315.0,-48.61,-0.061830,186.1,0.000000,291.2,275746,1376.5,109660,336.3,-1.21,-0.001190,110048,333.9,-16.56,-0.019442,92336,313.8,-37.20,-0.047929
547.21,0.0079305,0.052499,87621,88992,91940,89542,307.3,547.2,0.044776,327.6,89542,360.6,99594,326.9,50.10,0.045946,89102,314.3,68.53,0.069192,88622,312.2,73.72,0.091637,367.2,0.003577,580.0,96420,921.3,97401,579.9,7.19,0.003636,109042,333.5,-16.24,-0.018900,89428,311.8,62.29,0.078230,7.2,0.000000,174.6,8055044,2675.5,66819,291.9,-1.04,-0.000718,67433,290.7,-16.41,-0.013543,91507,315.0,-47.18,-0.060008,187.2,0.000000,546.1,270643,1370.2,108994,335.7,-1.17,-0.001145,109652,333.6,-16.59,-0.019423,92327,313.9,-39.13,-0.050392
548.20,0.0079450,0.052584,87568,89030,91919,89539,307.3,548.2,0.043033,336.5,90164,361.1,100323,327.6,48.03,0.044279,89766,314.9,67.25,0.068266,88667,312.2,73.52,0.091407,368.2,0.004834,577.2,95891,913.9,96996,576.7,9.58,0.004852,110093,334.4,-18.40,-0.021555,89417,311.8,62.71,0.078730,8.2,0.000000,100.0,8055546,2714.0,66495,291.5,-1.05,-0.000720,67189,290.4,-15.81,-0.013013,91487,315.0,-45.83,-0.058291,188.2,0.000000,525.4,266212,1364.7,108439,335.2,-1.13,-0.001098,109306,333.3,-16.57,-0.019354,92267,314.0,-40.69,-0.052358
549.20,0.0079594,0.052669,87557,89084,91871,89537,307.2,549.2,0.044550,328.6,90817,361.7,100229,327.5,48.05,0.044273,90448,315.6,65.98,0.067347,88701,312.3,73.19,0.091012,369.2,0.006363,573.0,95368,905.1,96467,572.5,12.33,0.006253,110691,334.9,-19.26,-0.022655,89385,311.9,63.04,0.079115,9.2,0.000000,144.3,8024123,2746.8,66172,291.0,-1.05,-0.000720,66966,290.1,-15.22,-0.012502,91443,314.9,-44.42,-0.056475,189.2,0.000000,100.0,261814,1359.1,107911,334.8,-1.08,-0.001048,108961,333.0,-16.50,-0.019230,92175,314.0,-42.09,-0.054100
550.19,0.0079738,0.052752,87574,89162,91801,89534,307.2,550.2,0.040119,329.1,91436,362.3,100875,328.1,46.03,0.042600,91140,316.2,64.70,0.066407,88723,312.4,72.73,0.090453,370.2,0.007475,568.3,94862,895.6,96024,567.6,14.57,0.007418,110975,335.2,-19.34,-0.022784,89334,311.9,63.29,0.079384,10.2,0.000000,249.0,7962597,2774.0,65852,290.6,-1.05,-0.000714,66761,289.9,-14.65,-0.012007,91376,314.8,-42.93,-0.054558,190.2,0.000000,311.1,257451,1353.5,107410,334.3,-1.03,-0.000996,108618,332.7,-16.37,-0.019035,92064,314.0,-43.33,-0.055616
551.19,0.0079882,0.052834,87618,89233,91712,89531,307.1,551.2,0.038647,329.6,92053,362.8,101475,328.7,44.10,0.040988,91833,316.9,63.39,0.065420,88738,312.4,72.15,0.089731,371.2,0.008548,563.0,94300,885.3,95600,562.2,16.60,0.008498,110986,335.2,-18.83,-0.022190,89268,311.8,63.49,0.079582,11.2,0.000000,1249.6,7873221,2795.6,65537,290.2,-1.04,-0.000707,66571,289.6,-14.09,-0.011526,91289,314.7,-41.38,-0.052546,191.2,0.000000,253.6,253122,1347.9,106936,333.9,-0.98,-0.000946,108280,332.4,-16.16,-0.018754,91940,314.0,-44.40,-0.056916
552.18,0.0080026,0.052913,87698,89289,91607,89528,307.0,552.2,0.037221,330.0,92669,363.4,102070,329.2,42.16,0.039346,92518,317.6,62.04,0.064365,88747,312.4,71.43,0.088842,372.2,0.009645,557.1,93700,874.4,95149,556.1,18.57,0.009563,110852,335.1,-17.34,-0.020409,89191,311.8,63.65,0.079719,12.2,0.000000,100.0,7758614,2812.0,65227,289.9,-1.03,-0.000695,66393,289.4,-13.54,-0.011054,91186,314.6,-39.76,-0.050459,192.2,0.000000,100.0,248830,1342.2,106486,333.5,-0.93,-0.000897,107948,332.1,-15.87,-0.018376,91804,314.1,-45.33,-0.058017
553.18,0.0080171,0.052987,87811,89339,91487,89525,306.9,553.2,0.035751,330.5,93283,363.9,102628,329.8,40.31,0.037764,93188,318.2,60.62,0.063224,88752,312.4,70.57,0.087784,373.2,0.010742,550.6,93051,862.8,94657,549.4,20.47,0.010617,110176,334.5,-14.84,-0.017395,89104,311.8,63.76,0.079786,13.2,0.000000,2215.4,7621638,2823.2,64925,289.5,-1.01,-0.000680,66226,289.2,-12.99,-0.010586,91072,314.5,-38.11,-0.048314,193.2,0.000000,151.8,244575,1336.5,106060,333.1,-0.89,-0.000852,107621,331.8,-15.50,-0.017901,91657,314.0,-46.12,-0.058938
554.17,0.0080315,0.053056,87935,89383,91357,89521,306.7,554.2,0.034300,330.9,93897,364.5,103168,330.3,38.54,0.036240,93837,318.8,59.13,0.061980,88754,312.4,69.58,0.086561,374.2,0.011853,543.6,92361,850.7,94115,542.3,22.36,0.011682,108994,333.5,-11.15,-0.012971,89019,311.7,63.78,0.079747,14.2,0.000000,346.6,7465295,2829.7,64634,289.1,-0.98,-0.000659,66072,289.1,-12.43,-0.010111,90948,314.4,-36.42,-0.046131,194.2,0.000000,652.8,240358,1330.8,105654,332.7,-0.85,-0.000812,107296,331.5,-15.04,-0.017337,91505,314.0,-46.80,-0.059703
555.17,0.0080459,0.053119,88049,89421,91221,89518,306.6,555.2,0.032878,331.4,94511,365.1,103699,330.7,36.84,0.034770,94459,319.4,57.56,0.060627,88755,312.4,68.47,0.085186,375.2,0.012973,536.1,91628,838.0,93527,534.6,24.24,0.012762,107602,332.3,-6.81,-0.007848,88933,311.7,63.72,0.079602,15.2,0.000000,1651.2,7292635,2831.8,64356,288.7,-0.94,-0.000633,65937,288.9,-11.82,-0.009603,90819,314.3,-34.72,-0.043927,195.2,0.000000,431.0,236180,1325.1,105266,332.4,-0.82,-0.000777,106971,331.2,-14.52,-0.016702,91350,314.0,-47.38,-0.060346
556.17,0.0080604,0.053178,88138,89452,91080,89515,306.5,556.2,0.016714,334.6,94951,365.5,107444,334.2,28.19,0.027280,95055,320.0,55.92,0.059167,88752,312.3,67.25,0.083680,376.2,0.014091,528.2,90896,825.1,92911,526.6,26.09,0.013856,106199,331.0,-2.64,-0.003013,88843,311.7,63.55,0.079320,16.2,0.000000,275.7,7106670,2829.8,64093,288.4,-0.90,-0.000600,65838,288.8,-11.10,-0.009009,90687,314.1,-33.00,-0.041717,196.2,0.000000,687.8,232041,1319.4,104890,332.1,-0.79,-0.000749,106642,330.9,-13.96,-0.016022,91197,314.0,-47.90,-0.060908
557.16,0.0080748,0.053234,88196,89479,90939,89512,306.3,557.2,0.024414,334.8,95499,366.0,107860,334.6,26.75,0.025966,95626,320.5,54.22,0.057610,88746,312.3,65.96,0.082076,377.2,0.015163,519.8,90182,812.1,92301,518.2,27.86,0.014936,104955,329.9,1.12,0.001272,88750,311.6,63.23,0.078858,17.2,0.000000,148.4,6910299,2824.3,63849,288.1,-0.84,-0.000561,65783,288.7,-10.24,-0.008303,90554,314.0,-31.29,-0.039515,197.2,0.000000,1083.7,227942,1313.6,104525,331.7,-0.77,-0.000728,106306,330.6,-13.39,-0.015327,91049,314.0,-48.39,-0.061433
558.16,0.0080893,0.053287,88226,89510,90801,89509,306.2,558.2,0.023408,335.2,96052,366.6,108264,334.9,25.53,0.024841,96177,321.0,52.46,0.055973,88729,312.2,64.64,0.080431,378.2,0.016221,511.3,89482,799.0,91708,509.5,29.57,0.016018,103879,328.9,4.38,0.004921,88660,311.5,62.80,0.078258,18.2,0.000000,483.2,6706245,2815.5,63625,287.8,-0.78,-0.000518,65755,288.7,-9.26,-0.007506,90424,313.9,-29.59,-0.037325,198.2,0.000000,588.7,223884,1307.8,104168,331.4,-0.75,-0.000713,105958,330.3,-12.82,-0.014647,90909,314.0,-48.88,-0.061963
559.16,0.0081037,0.053339,88238,89552,90668,89507,306.1,559.2,0.022399,335.5,96610,367.1,108666,335.3,24.38,0.023784,96712,321.5,50.65,0.054264,88699,312.1,63.33,0.078799,379.2,0.017302,502.5,88793,785.9,91136,500.7,31.27,0.017133,102941,328.1,7.15,0.007981,88581,311.5,62.27,0.077539,19.2,0.000000,100.0,6497015,2804.0,63423,287.5,-0.71,-0.000470,65749,288.7,-8.15,-0.006607,90296,313.8,-27.90,-0.035151,199.2,0.000000,1961.6,219867,1302.0,103815,331.1,-0.74,-0.000702,105596,330.0,-12.29,-0.014008,90778,314.0,-49.40,-0.062532
560.15,0.0081182,0.053389,88241,89591,90541,89505,306.0,560.2,0.019761,339.9,97153,367.6,109478,336.0,22.34,0.021917,97241,322.0,48.81,0.052493,88661,312.0,62.06,0.077203,380.2,0.018437,493.6,88114,772.8,90587,491.7,33.02,0.018312,102108,327.3,9.51,0.010559,88517,311.4,61.65,0.076715,20.2,0.000000,100.0,6284864,2790.0,63244,287.3,-0.63,-0.000419,65799,288.8,-6.89,-0.005589,90174,313.6,-26.21,-0.032991,200.2,0.000000,182.8,215891,1296.1,103467,330.8,-0.74,-0.000693,105218,329.7,-11.82,-0.013435,90657,314.0,-49.96,-0.063166
561.15,0.0081326,0.053439,88237,89614,90422,89503,305.8,561.2,0.020382,336.3,97722,368.2,109854,336.3,21.46,0.021105,97768,322.5,46.93,0.050674,88616,312.0,60.83,0.075664,381.2,0.019649,484.5,87450,759.7,90065,482.6,34.86,0.019579,101357,326.6,11.55,0.012757,88469,311.4,60.91,0.075758,21.2,0.000000,300.2,6071786,2774.1,63090,287.1,-0.55,-0.000367,65906,288.9,-5.43,-0.004410,90058,313.5,-24.52,-0.030840,201.2,0.000000,100.0,211958,1290.3,103123,330.4,-0.73,-0.000683,104822,329.3,-11.42,-0.012949,90546,314.0,-50.59,-0.063880
562.15,0.0081471,0.053489,88228,89628,90315,89502,305.7,562.1,0.019380,336.8,98296,368.7,110264,336.7,20.70,0.020411,98293,323.0,45.07,0.048845,88567,311.9,59.68,0.074210,382.1,0.020952,475.4,86805,746.6,89576,473.5,36.78,0.020947,100666,326.0,13.34,0.014657,88446,311.4,60.01,0.074621,22.1,0.000000,129.8,5859501,2756.5,62958,286.9,-0.48,-0.000314,66062,289.1,-3.77,-0.003064,89949,313.4,-22.83,-0.028687,202.1,0.000000,231.1,208068,1284.4,102787,330.1,-0.72,-0.000670,104407,328.9,-11.11,-0.012559,90448,314.0,-51.29,-0.064691
563.15,0.0081615,0.053538,88218,89643,90226,89502,305.7,563.1,0.017027,340.6,98860,369.3,111103,337.4,19.17,0.018999,98810,323.4,43.25,0.047053,88517,311.8,58.62,0.072871,383.1,0.022362,466.2,86182,733.4,89120,464.2,38.81,0.022427,100022,325.4,14.92,0.016325,88461,311.5,58.91,0.073259,23.1,0.000000,354.7,5649470,2737.6,62849,286.8,-0.40,-0.000264,66260,289.3,-1.97,-0.001604,89851,313.3,-21.12,-0.026513,203.1,0.000000,246.6,204222,1278.5,102462,329.8,-0.70,-0.000651,103973,328.6,-10.90,-0.012282,90367,314.0,-52.07,-0.065614
564.15,0.0081760,0.053587,88211,89656,90152,89502,305.6,564.1,0.017486,337.9,99448,369.8,111534,337.8,18.60,0.018488,99322,323.9,41.51,0.045324,88469,311.7,57.67,0.071667,384.1,0.023866,457.1,85603,720.3,88705,455.0,40.91,0.024005,99416,324.8,16.37,0.017830,88521,311.5,57.57,0.071629,24.1,0.000000,317.3,5442900,2717.6,62759,286.7,-0.33,-0.000219,66478,289.6,-0.10,-0.000079,89765,313.2,-19.37,-0.024299,204.1,0.000000,374.4,200446,1272.7,102153,329.6,-0.67,-0.000621,103517,328.1,-10.79,-0.012127,90303,314.1,-52.94,-0.066646
565.14,0.0081905,0.053635,88210,89666,90090,89504,305.5,565.1,0.015143,338.5,100026,370.4,112310,338.4,17.27,0.017252,99847,324.4,39.81,0.043634,88422,311.7,56.83,0.070598,385.1,0.025449,448.0,85071,707.2,88337,445.9,43.04,0.025664,98840,324.3,17.73,0.019227,88620,311.6,55.98,0.069697,25.1,0.000000,1537.8,5234393,2693.7,62684,286.6,-0.28,-0.000181,66693,289.9,1.76,0.001444,89693,313.2,-17.58,-0.022041,205.1,0.000000,315.1,196761,1266.8,101867,329.3,-0.62,-0.000579,103050,327.7,-10.76,-0.012049,90255,314.1,-53.88,-0.067788
566.14,0.0082050,0.053683,88215,89672,90040,89506,305.5,566.1,0.014253,339.0,100612,371.0,113027,339.1,15.97,0.016025,100420,324.9,38.07,0.041902,88375,311.6,56.11,0.069674,386.1,0.027097,439.0,84585,694.3,88013,436.9,45.16,0.027384,98289,323.7,19.04,0.020571,88746,311.8,54.14,0.067472,26.1,0.000000,2162.1,5032194,2669.6,62622,286.5,-0.23,-0.000151,66885,290.1,3.53,0.002894,89632,313.1,-15.75,-0.019736,206.1,0.000000,100.0,193165,1261.1,101610,329.1,-0.56,-0.000525,102574,327.3,-10.80,-0.012057,90217,314.2,-54.91,-0.069037
567.14,0.0082195,0.053730,88226,89674,90005,89509,305.4,567.1,0.013369,342.1,101207,371.6,113674,339.6,14.69,0.014799,101087,325.5,36.18,0.040012,88327,311.6,55.52,0.068910,387.1,0.028796,430.3,84143,681.5,87729,428.1,47.24,0.029142,97758,323.2,20.35,0.021904,88885,312.0,52.12,0.065017,27.1,0.000000,749.5,4837393,2645.9,62569,286.4,-0.19,-0.000127,67036,290.3,5.13,0.004214,89582,313.1,-13.87,-0.017375,207.1,0.000000,100.0,189654,1255.3,101387,328.8,-0.50,-0.000460,102086,326.8,-10.94,-0.012173,90189,314.3,-56.00,-0.070376
568.14,0.0082340,0.053775,88254,89673,89985,89513,305.4,568.1,0.013499,339.9,101823,372.1,113953,339.8,14.06,0.014197,101889,326.3,34.04,0.037854,88281,311.5,55.07,0.068322,388.1,0.030522,421.8,83741,668.8,87477,419.5,49.24,0.030912,97244,322.7,21.69,0.023259,89022,312.1,49.99,0.062434,28.1,0.000000,929.3,4650054,2622.4,62527,286.4,-0.16,-0.000102,67139,290.4,6.53,0.005374,89544,313.0,-11.93,-0.014947,208.1,0.000000,250.8,186229,1249.7,101201,328.7,-0.42,-0.000390,101585,326.4,-11.18,-0.012391,90172,314.3,-57.15,-0.071787
569.14,0.0082485,0.053819,88300,89671,89981,89518,305.4,569.1,0.011505,340.3,102433,372.7,114460,340.3,12.83,0.012991,102837,327.1,31.62,0.035394,88234,311.5,54.78,0.067934,389.1,0.032252,413.5,83375,656.4,87248,411.2,51.15,0.032668,96748,322.3,23.08,0.024657,89149,312.3,47.86,0.059830,29.1,0.000000,653.6,4470168,2599.4,62510,286.4,-0.08,-0.000053,67195,290.5,7.75,0.006383,89520,313.0,-9.93,-0.012441,209.1,0.000000,189.7,182886,1244.1,101050,328.5,-0.35,-0.000321,101071,325.9,-11.49,-0.012692,90165,314.4,-58.34,-0.073252
570.14,0.0082629,0.053860,88364,89673,89990,89524,305.4,570.1,0.010583,340.6,103052,373.3,114875,340.6,11.67,0.011852,103893,328.1,29.02,0.032725,88179,311.5,54.70,0.067790,390.1,0.033961,405.7,83038,644.2,87034,403.2,52.92,0.034384,96269,321.8,24.53,0.026109,89259,312.4,45.81,0.057304,30.1,0.000000,262.2,4297643,2576.7,62517,286.4,-0.00,-0.000002,67227,290.5,8.82,0.007260,89509,313.0,-7.87,-0.009855,210.1,0.000000,557.7,179623,1238.5,100930,328.4,-0.28,-0.000258,100546,325.4,-11.87,-0.013065,90160,314.5,-59.53,-0.074722
571.14,0.0082774,0.053898,88457,89680,90005,89530,305.4,571.1,0.009744,340.9,103681,374.0,115222,340.9,10.54,0.010724,104980,329.1,26.45,0.030045,88130,311.5,54.78,0.067853,391.1,0.035625,398.1,82722,632.2,86823,395.6,54.55,0.036037,95810,321.4,26.03,0.027615,89342,312.5,43.91,0.054962,31.1,0.000000,412.3,4132345,2554.4,62552,286.4,0.09,0.000061,67228,290.5,9.66,0.007952,89509,313.0,-5.75,-0.007195,211.1,0.000000,100.1,176437,1233.0,100833,328.3,-0.22,-0.000207,100010,324.9,-12.32,-0.013500,90158,314.6,-60.69,-0.076164
572.14,0.0082919,0.053931,88594,89686,90022,89537,305.5,572.1,0.008896,342.8,104320,374.6,115507,341.1,9.44,0.009618,106021,330.0,24.09,0.027565,88084,311.6,55.01,0.068099,392.1,0.037226,391.0,82419,620.6,86610,388.4,56.04,0.037610,95371,320.9,27.59,0.029172,89408,312.6,42.18,0.052823,32.1,0.000000,259.0,3974109,2532.5,62629,286.5,0.23,0.000149,67163,290.5,10.28,0.008459,89515,313.0,-3.57,-0.004473,212.1,0.000000,100.0,173327,1227.5,100752,328.3,-0.19,-0.000174,99463,324.4,-12.81,-0.013991,90157,314.6,-61.82,-0.077562
573.14,0.0083064,0.053959,88742,89693,90037,89544,305.5,573.1,0.008026,342.8,104968,375.2,115711,341.3,8.41,0.008578,106975,330.8,22.08,0.025420,88033,311.6,55.39,0.068521,393.1,0.038736,384.3,82123,609.3,86392,381.6,57.36,0.039083,94955,320.5,29.20,0.030780,89463,312.7,40.60,0.050869,33.1,0.000000,100.0,3822757,2510.9,62759,286.7,0.40,0.000260,67045,290.3,10.71,0.008805,89526,313.0,-1.36,-0.001707,213.1,0.000000,308.4,170291,1222.1,100667,328.2,-0.19,-0.000172,98902,323.9,-13.37,-0.014537,90154,314.7,-62.90,-0.078895
574.14,0.0083209,0.053981,88877,89706,90062,89551,305.5,574.1,0.007781,341.3,105635,375.9,115705,341.3,7.77,0.007926,107834,331.6,20.42,0.023645,87980,311.6,55.94,0.069152,394.1,0.040137,378.0,81826,598.3,86170,375.3,58.52,0.040445,94564,320.1,30.86,0.032440,89516,312.7,39.18,0.049106,34.1,0.000000,2236.6,3678083,2489.8,62955,286.9,0.61,0.000402,66903,290.1,10.96,0.008995,89414,312.9,0.60,0.000749,214.1,0.000000,100.0,167326,1216.7,100568,328.1,-0.21,-0.000195,98326,323.4,-13.98,-0.015136,90149,314.8,-63.89,-0.080120
575.14,0.0083354,0.053997,89015,89723,90051,89558,305.5,575.1,0.006388,341.4,106305,376.5,115817,341.4,6.81,0.006956,108623,332.3,19.07,0.022202,87908,311.7,56.63,0.069941,395.1,0.041453,372.1,81524,587.7,85937,369.4,59.56,0.041711,94200,319.8,32.59,0.034158,89560,312.8,37.85,0.047453,35.1,0.000000,544.7,3539860,2469.1,63234,287.3,0.88,0.000580,66750,289.9,11.09,0.009082,89298,312.8,2.59,0.003242,215.1,0.000000,100.0,164431,1211.3,100440,328.0,-0.27,-0.000245,97733,322.8,-14.64,-0.015787,90130,314.8,-64.81,-0.081247
576.14,0.0083498,0.054009,89160,89735,90016,89564,305.5,576.1,0.005652,341.5,106988,377.2,115901,341.5,5.93,0.006056,109370,332.9,17.97,0.021021,87809,311.7,57.44,0.070863,396.1,0.042691,366.6,81215,577.4,85689,363.9,60.51,0.042896,93867,319.5,34.37,0.035942,89588,312.8,36.57,0.045857,36.1,0.000000,100.0,3407854,2448.7,63615,287.8,1.20,0.000798,66591,289.7,11.14,0.009111,89215,312.7,4.67,0.005830,216.1,0.000000,310.1,161602,1206.1,100272,327.8,-0.34,-0.000316,97124,322.2,-15.36,-0.016490,90088,314.8,-65.65,-0.082267
577.14,0.0083643,0.054015,89307,89733,89957,89570,305.4,577.1,0.004956,341.5,107684,377.8,115955,341.5,5.13,0.005246,110104,333.6,17.04,0.020027,87679,311.6,58.37,0.071910,397.1,0.043861,361.5,80896,567.6,85427,358.7,61.41,0.044017,93566,319.2,36.23,0.037801,89607,312.9,35.28,0.044242,37.1,0.000000,341.9,3281827,2428.7,64111,288.4,1.57,0.001047,66440,289.5,11.14,0.009093,89144,312.6,6.77,0.008453,217.1,0.000000,660.5,158839,1200.8,100059,327.6,-0.44,-0.000404,96501,321.7,-16.14,-0.017240,90020,314.8,-66.41,-0.083158
578.14,0.0083788,0.054016,89460,89712,89878,89576,305.3,578.1,0.004309,342.3,108395,378.5,115991,341.5,4.41,0.004513,110845,334.2,16.22,0.019157,87523,311.6,59.41,0.073072,398.1,0.044979,356.8,80570,558.1,85154,354.0,62.27,0.045093,93301,318.9,38.17,0.039739,89622,312.9,33.92,0.042541,38.1,0.000000,562.0,3161542,2409.2,64721,289.2,1.93,0.001303,66303,289.4,11.11,0.009056,89074,312.5,8.86,0.011059,218.1,0.000000,485.0,156138,1195.6,99796,327.4,-0.55,-0.000500,95870,321.1,-16.96,-0.018034,89929,314.7,-67.06,-0.083904
579.13,0.0083933,0.054011,89624,89672,89781,89580,305.2,579.1,0.003705,342.2,109121,379.2,116012,341.5,3.78,0.003865,111600,334.9,15.47,0.018361,87345,311.5,60.54,0.074335,399.1,0.046060,352.4,80236,549.0,84873,349.6,63.14,0.046144,93074,318.7,40.17,0.041751,89639,312.9,32.43,0.040683,39.1,0.000000,100.0,3046756,2390.0,65428,290.1,2.25,0.001528,66182,289.2,11.07,0.009011,88998,312.4,10.91,0.013609,219.1,0.000000,324.5,153500,1190.5,99482,327.1,-0.66,-0.000602,95238,320.5,-17.82,-0.018866,89818,314.6,-67.59,-0.084496
580.13,0.0084077,0.053999,89816,89618,89670,89585,305.1,580.1,0.003145,341.6,109864,379.9,116023,341.6,3.22,0.003297,112365,335.5,14.77,0.017614,87150,311.4,61.75,0.075675,400.1,0.047121,348.4,79898,540.2,84590,345.5,64.04,0.047188,92884,318.5,42.23,0.043825,89666,312.9,30.75,0.038577,40.1,0.000000,100.0,2937234,2371.1,66197,291.1,2.46,0.001686,66078,289.1,11.03,0.008971,88913,312.3,12.90,0.016078,220.1,0.000000,100.0,150920,1185.4,99116,326.7,-0.77,-0.000705,94611,319.9,-18.73,-0.019726,89691,314.5,-68.01,-0.084928
581.13,0.0084222,0.053981,90045,89557,89547,89588,305.0,581.1,0.002627,341.6,110624,380.6,116034,341.6,2.74,0.002801,113128,336.2,14.11,0.016906,86942,311.2,63.00,0.077059,401.1,0.048178,344.6,79559,531.8,84308,341.8,64.97,0.048238,92728,318.3,44.32,0.045938,89715,312.9,28.76,0.036110,41.1,0.000000,266.6,2832743,2352.7,66986,292.1,2.54,0.001751,65997,289.0,11.00,0.008942,88816,312.2,14.82,0.018454,221.1,0.000000,292.5,148399,1180.3,98699,326.3,-0.89,-0.000807,94001,319.3,-19.65,-0.020604,89553,314.3,-68.30,-0.085204
582.13,0.0084366,0.053954,90280,89495,89414,89591,304.9,582.1,0.001989,341.6,111401,381.4,116090,341.6,2.22,0.002276,113872,336.8,13.49,0.016239,86727,311.1,64.27,0.078456,402.1,0.049243,341.2,79222,523.8,84032,338.4,65.96,0.049306,92603,318.2,46.41,0.048062,89794,313.0,26.39,0.033152,42.1,0.000000,894.4,2733062,2334.6,67749,293.0,2.47,0.001721,65944,288.9,11.01,0.008940,88706,312.1,16.65,0.020729,222.1,0.000000,100.0,145934,1175.3,98233,325.9,-1.00,-0.000908,93417,318.7,-20.58,-0.021486,89408,314.2,-68.48,-0.085326
583.13,0.0084511,0.053920,90494,89433,89278,89594,304.7,583.1,0.001617,341.7,112198,382.1,116139,341.7,1.80,0.001847,114578,337.4,12.92,0.015622,86510,310.9,65.54,0.079839,403.1,0.050323,338.0,78891,516.1,83765,335.2,67.01,0.050398,92502,318.1,48.48,0.050163,89907,313.1,23.53,0.029593,43.1,0.000000,283.2,2637969,2316.9,68449,293.9,2.28,0.001600,65936,288.9,11.10,0.009018,88584,311.9,18.42,0.022911,223.1,0.000000,100.0,143524,1170.3,97720,325.4,-1.11,-0.001003,92868,318.2,-21.50,-0.022352,89260,314.0,-68.53,-0.085298
584.12,0.0084655,0.053878,90698,89374,89141,89598,304.6,584.1,0.001165,342.0,113015,382.9,116216,341.7,1.40,0.001432,115233,337.9,12.40,0.015055,86296,310.8,66.77,0.081182,404.1,0.051425,335.2,78569,508.7,83512,332.3,68.11,0.051519,92418,318.0,50.49,0.052209,90053,313.2,20.14,0.025358,44.1,0.000000,100.0,2547245,2299.6,69053,294.6,1.99,0.001407,65950,288.9,11.33,0.009200,88452,311.7,20.13,0.025014,224.1,0.000000,100.0,141167,1165.3,97164,324.9,-1.21,-0.001093,92362,317.7,-22.39,-0.023185,89106,313.8,-68.50,-0.085158
585.12,0.0084800,0.053830,90900,89319,89010,89602,304.5,585.1,0.000760,341.9,113853,383.7,116323,341.8,1.04,0.001065,115827,338.4,11.92,0.014533,86087,310.7,67.96,0.082464,405.1,0.052551,332.5,78259,501.6,83274,329.7,69.28,0.052669,92345,317.9,52.41,0.054170,90229,313.3,16.19,0.020413,45.1,0.000000,614.6,2460678,2282.6,69545,295.2,1.65,0.001168,65986,289.0,11.62,0.009443,88312,311.5,21.80,0.027053,225.1,0.000000,506.1,138862,1160.4,96569,324.3,-1.31,-0.001177,91902,317.2,-23.23,-0.023966,88953,313.6,-68.40,-0.084948
586.12,0.0084944,0.053775,91094,89274,88888,89606,304.4,586.1,0.000443,342.0,114715,384.5,116455,341.9,0.75,0.000768,116355,338.9,11.49,0.014048,85890,310.5,69.10,0.083681,406.1,0.053704,330.2,77964,494.8,83056,327.3,70.51,0.053853,92276,317.9,54.23,0.056019,90426,313.5,11.68,0.014746,46.1,0.000000,100.0,2378066,2265.9,69918,295.7,1.28,0.000908,66070,289.1,11.97,0.009733,88171,311.4,23.43,0.029047,226.1,0.000000,100.0,136607,1155.6,95936,323.7,-1.41,-0.001254,91488,316.8,-24.00,-0.024680,88809,313.4,-68.27,-0.084691
587.11,0.0085089,0.053715,91271,89241,88781,89612,304.3,587.1,0.000193,342.1,115600,385.3,116606,342.0,0.54,0.000550,116810,339.2,11.09,0.013594,85709,310.4,70.18,0.084834,407.1,0.054886,328.0,77686,488.4,82861,325.2,71.80,0.055075,92206,317.8,55.92,0.057737,90646,313.7,6.58,0.008319,47.1,0.000000,100.0,2299216,2249.6,70176,296.0,0.91,0.000650,66198,289.2,12.38,0.010083,88034,311.2,25.04,0.031011,227.1,0.000000,100.0,134401,1150.7,95270,323.1,-1.49,-0.001326,91118,316.5,-24.68,-0.025311,88671,313.3,-68.07,-0.084359
588.11,0.0085233,0.053649,91427,89220,88761,89620,304.2,588.1,0.000118,342.2,116513,386.1,116757,342.2,0.43,0.000446,117197,339.6,10.69,0.013144,85566,310.4,71.27,0.086024,408.1,0.056104,326.1,77428,482.2,82693,323.2,73.15,0.056340,92130,317.7,57.48,0.059311,90587,313.7,0.04,0.000054,48.1,0.000000,100.0,2223940,2233.6,70326,296.2,0.57,0.000409,66368,289.4,12.83,0.010473,87923,311.1,26.70,0.033044,228.1,0.000000,334.6,132242,1146.0,94572,322.4,-1.58,-0.001395,90787,316.1,-25.27,-0.025846,88559,313.1,-67.74,-0.083885
589.11,0.0085378,0.053579,91562,89212,88719,89631,304.2,589.1,-0.000510,386.9,117446,387.0,117097,342.5,0.09,0.000098,117521,339.8,10.29,0.012676,85436,310.4,72.31,0.087130,409.1,0.057363,324.4,77193,476.2,82556,321.5,74.58,0.057656,92044,317.6,58.90,0.060736,90493,313.6,-7.28,-0.009198,49.1,0.000000,100.0,2152061,2218.0,70382,296.2,0.27,0.000194,66581,289.7,13.31,0.010882,87813,311.0,28.33,0.035031,229.1,0.000000,1378.1,130131,1141.2,93842,321.7,-1.66,-0.001462,90486,315.9,-25.76,-0.026278,88475,313.0,-67.31,-0.083294
590.10,0.0085522,0.053505,91671,89222,88706,89645,304.2,590.1,-0.001042,387.1,118401,387.8,117503,342.9,-0.27,-0.000281,117786,340.1,9.87,0.012175,85298,310.5,73.24,0.088083,410.1,0.058674,322.9,76983,470.6,82453,319.9,76.09,0.059031,91945,317.5,60.18,0.062010,90575,313.7,-15.06,-0.019036,50.1,0.000000,1280.8,2083409,2202.7,70359,296.2,0.01,0.000009,66839,290.0,13.76,0.011285,87674,310.9,29.91,0.036937,230.1,0.000000,100.0,128066,1136.5,93081,320.9,-1.75,-0.001528,90207,315.6,-26.13,-0.026601,88412,312.9,-66.78,-0.082613
591.10,0.0085666,0.053429,91748,89248,88732,89663,304.2,591.1,-0.000978,387.3,119388,388.7,117830,343.2,-0.41,-0.000424,117995,340.2,9.42,0.011633,85168,310.7,74.08,0.088905,411.1,0.060043,321.5,76800,465.2,82387,318.5,77.67,0.060471,91831,317.4,61.34,0.063140,90763,313.9,-23.50,-0.029745,51.1,0.000000,100.0,2017820,2187.6,70268,296.1,-0.21,-0.000150,67149,290.4,14.15,0.011647,87521,310.9,31.47,0.038799,231.1,0.000000,100.0,126045,1131.8,92290,320.1,-1.84,-0.001593,89940,315.3,-26.40,-0.026817,88372,312.9,-66.11,-0.081768
592.09,0.0085811,0.053352,91792,89291,88775,89683,304.2,592.1,-0.000820,387.5,120409,389.6,118113,343.5,-0.37,-0.000381,118148,340.4,8.94,0.011050,85081,311.0,74.76,0.089541,412.1,0.061439,320.4,76646,460.0,82371,317.3,79.28,0.061948,91700,317.3,62.37,0.064133,90890,314.1,-32.12,-0.040705,52.1,0.000000,100.0,1955150,2172.9,70131,295.9,-0.37,-0.000261,67516,290.8,14.43,0.011923,87377,310.9,33.00,0.040604,232.1,0.000000,100.0,124067,1127.2,91469,319.3,-1.92,-0.001657,89676,315.1,-26.57,-0.026928,88362,312.8,-65.27,-0.080735
593.09,0.0085955,0.053275,91804,89358,88826,89708,304.3,593.1,-0.000634,387.7,121466,390.6,118391,343.8,-0.21,-0.000216,118248,340.4,8.43,0.010426,85048,311.5,75.27,0.089991,413.1,0.062788,319.5,76519,455.1,82425,316.3,80.85,0.063413,91550,317.2,63.29,0.065002,90916,314.1,-40.46,-0.051281,53.1,0.000000,1191.0,1895252,2158.5,69971,295.7,-0.46,-0.000328,67942,291.4,14.60,0.012117,87260,311.0,34.46,0.042342,233.1,0.000000,846.4,122131,1122.6,90622,318.5,-2.00,-0.001716,89408,314.8,-26.64,-0.026940,88377,312.8,-64.33,-0.079587
594.08,0.0086099,0.053198,91789,89446,88868,89735,304.3,594.1,-0.000450,388.0,122559,391.5,118696,344.1,0.02,0.000022,118300,340.5,7.88,0.009751,85072,312.0,75.72,0.090399,414.1,0.064163,318.8,76419,450.5,82535,315.5,82.40,0.064882,91380,317.0,64.11,0.065761,90806,314.0,-48.13,-0.060938,54.1,0.000000,100.0,1837983,2144.4,69799,295.5,-0.51,-0.000366,68432,291.9,14.68,0.012246,87213,311.2,35.99,0.044163,234.1,0.000000,100.0,120235,1118.0,89753,317.6,-2.08,-0.001767,89127,314.5,-26.61,-0.026858,88433,312.8,-63.24,-0.078291
595.08,0.0086244,0.053124,91747,89537,88888,89763,304.4,595.1,-0.000280,388.2,123690,392.5,119047,344.4,0.28,0.000290,118308,340.5,7.28,0.009014,85227,312.6,76.39,0.091181,415.1,0.065565,318.2,76348,446.0,82687,314.8,83.93,0.066353,91191,316.8,64.86,0.066427,90635,313.9,-54.34,-0.068712,55.1,0.000000,245.5,1783212,2130.5,69628,295.3,-0.52,-0.000371,68992,292.6,14.60,0.012246,87358,311.6,37.93,0.046551,235.1,0.000000,276.0,118379,1113.5,88869,316.7,-2.14,-0.001806,88831,314.2,-26.55,-0.026729,88622,312.9,-61.75,-0.076576
596.08,0.0086388,0.053053,91680,89619,88950,89792,304.5,596.1,-0.000130,388.6,124859,393.5,119441,344.7,0.52,0.000543,118274,340.5,6.65,0.008233,85354,313.2,76.78,0.091621,416.1,0.066974,317.8,76305,441.8,82870,314.3,85.44,0.067807,90982,316.6,65.54,0.067011,90362,313.6,-59.38,-0.074916,56.1,0.000000,521.9,1730834,2117.0,69478,295.1,-0.48,-0.000339,69607,293.4,14.24,0.012021,87488,312.0,39.65,0.048676,236.1,0.000000,226.1,116562,1109.0,87979,315.8,-2.18,-0.001828,88513,313.9,-26.45,-0.026554,88775,313.0,-60.47,-0.075091
597.07,0.0086532,0.052985,91593,89701,89008,89822,304.7,597.1,-0.000004,346.4,126066,394.5,119863,345.1,0.71,0.000748,118198,340.4,5.99,0.007403,85455,313.6,76.87,0.091721,417.1,0.068363,317.4,76290,437.8,83072,313.9,86.88,0.069216,90754,316.4,66.16,0.067526,90035,313.3,-63.17,-0.079496,57.1,0.000000,411.9,1680751,2103.7,69359,295.0,-0.39,-0.000279,70271,294.2,13.73,0.011675,87573,312.4,41.16,0.050527,237.1,0.000000,575.7,114783,1104.6,87092,314.9,-2.20,-0.001832,88170,313.6,-26.29,-0.026324,88843,313.0,-59.39,-0.073804
598.20,0.0086696,0.052914,91473,89800,89082,89857,304.8,598.2,0.000108,346.7,127493,395.8,120358,345.5,0.87,0.000909,118069,340.3,5.17,0.006389,85554,313.9,76.82,0.091677,418.2,0.069791,317.2,76304,433.5,83317,313.5,88.41,0.070732,90469,316.2,66.82,0.068042,89640,312.9,-66.03,-0.082829,58.2,0.000000,506.9,1626169,2088.9,69275,294.9,-0.26,-0.000181,71047,295.1,13.17,0.011282,87630,312.7,42.63,0.052316,238.2,0.000000,655.8,112795,1099.5,86103,313.9,-2.18,-0.001802,87742,313.2,-26.06,-0.026003,88820,313.0,-58.31,-0.072455
599.20,0.0086840,0.052856,91354,89871,89153,89887,305.0,599.2,0.000187,346.9,128784,396.8,120783,345.8,0.93,0.000979,117933,340.2,4.39,0.005424,85645,314.0,76.63,0.091506,419.2,0.071123,317.0,76339,430.0,83534,313.2,89.62,0.071948,90199,315.9,67.36,0.068437,89303,312.5,-67.30,-0.084203,59.2,0.000000,392.9,1580602,2076.2,69256,294.9,-0.11,-0.000075,71689,295.8,12.82,0.011053,87646,312.8,43.73,0.053654,239.2,0.000000,204.8,111094,1095.1,85270,313.0,-2.13,-0.001751,87333,312.8,-25.84,-0.025701,88755,312.9,-57.34,-0.071225
600.19,0.0086984,0.052803,91227,89925,89227,89915,305.1,600.2,0.000223,347.1,130116,397.9,121182,346.1,0.93,0.000983,117790,340.1,3.54,0.004370,85784,314.1,76.15,0.091066,420.2,0.072253,316.9,76392,426.6,83748,313.0,90.69,0.073043,89911,315.6,67.86,0.068784,89007,312.2,-67.46,-0.084215,60.2,0.000000,278.3,1536969,2063.8,69280,294.9,0.03,0.000022,72288,296.5,12.67,0.010990,87648,312.9,44.73,0.054865,240.2,0.000000,209.6,109428,1090.8,84480,312.1,-2.06,-0.001676,86890,312.3,-25.63,-0.025397,88682,312.7,-56.32,-0.069925
601.18,0.0087128,0.052756,91095,89974,89199,89941,305.1,601.2,0.000000,754.2,131486,399.1,121635,346.5,0.84,0.000891,117649,339.9,2.61,0.003216,86057,314.2,75.56,0.090620,421.2,0.073258,316.9,76458,423.4,83954,312.8,91.61,0.074003,89605,315.3,68.33,0.069089,88725,311.9,-66.35,-0.082641,61.2,0.000000,520.8,1495171,2051.6,69355,295.0,0.19,0.000133,72849,297.2,12.67,0.011056,87708,312.9,45.87,0.056299,241.2,0.000000,173.2,107796,1086.5,83741,311.4,-1.95,-0.001581,86413,311.8,-25.43,-0.025098,88670,312.7,-55.02,-0.068308
602.17,0.0087271,0.052715,90962,90028,89180,89964,305.1,602.2,0.000000,889.2,132904,413.0,122015,346.8,0.72,0.000760,117516,339.8,1.60,0.001975,86371,314.2,74.57,0.089740,422.2,0.074131,316.9,76534,420.4,84148,312.7,92.38,0.074825,89282,315.0,68.77,0.069355,88472,311.6,-64.23,-0.079845,62.2,0.000000,100.0,1455112,2039.7,69491,295.2,0.37,0.000262,73366,297.8,12.76,0.011190,87771,312.9,46.90,0.057601,242.2,0.000000,21370.5,106439,1082.7,83060,310.6,-1.82,-0.001468,85906,311.3,-25.24,-0.024801,88685,312.7,-53.68,-0.066662
603.16,0.0087415,0.052678,90832,90086,89135,89985,305.0,603.2,0.000000,100.0,134366,414.2,122307,347.1,0.56,0.000598,117385,339.7,0.55,0.000680,86678,314.2,73.07,0.088249,423.2,0.074870,316.9,76617,417.5,84327,312.7,93.01,0.075509,88944,314.7,69.19,0.069584,88237,311.4,-61.32,-0.076075,63.2,0.000000,518.6,1416700,2028.0,69693,295.4,0.57,0.000404,73831,298.3,13.05,0.011497,87797,312.8,47.79,0.058722,243.2,0.000000,924.9,105647,1080.3,82443,310.0,-1.68,-0.001342,85373,310.8,-25.04,-0.024494,88687,312.6,-52.42,-0.065103
604.16,0.0087559,0.052647,90708,90134,89067,90003,304.9,604.2,0.000000,1052.0,135876,415.5,122504,347.2,0.40,0.000421,117250,339.6,-0.51,-0.000626,86973,314.2,71.06,0.086134,424.2,0.075479,316.9,76702,414.8,84488,312.6,93.49,0.076057,88589,314.4,69.58,0.069776,88039,311.2,-57.81,-0.071610,64.2,0.000000,317.2,1379849,2016.6,69961,295.7,0.77,0.000550,74248,298.8,13.60,0.012022,87791,312.7,48.59,0.059736,244.2,0.000000,100.0,104763,1077.6,81892,309.4,-1.52,-0.001210,84817,310.2,-24.81,-0.024162,88664,312.6,-51.24,-0.063632
605.15,0.0087703,0.052620,90591,90169,88990,90020,304.9,605.1,0.000000,339.2,137433,416.8,122606,347.3,0.23,0.000242,117105,339.5,-1.55,-0.001909,87257,314.1,68.59,0.083429,425.1,0.075964,316.9,76787,412.2,84630,312.5,93.83,0.076478,88220,314.0,69.95,0.069926,87890,311.0,-53.94,-0.066742,65.1,0.000000,3166.1,1344482,2005.3,70294,296.1,0.97,0.000693,74607,299.2,14.30,0.012692,87756,312.5,49.29,0.060614,245.1,0.000000,100.0,104395,1076.2,81405,308.9,-1.36,-0.001076,84244,309.6,-24.56,-0.023799,88619,312.5,-50.12,-0.062224
606.14,0.0087846,0.052598,90483,90199,88911,90034,304.8,606.1,0.000000,416.6,139042,418.1,122617,347.3,0.06,0.000068,116948,339.4,-2.56,-0.003144,87532,314.0,65.71,0.080213,426.1,0.076334,316.9,76870,409.8,84753,312.5,94.05,0.076778,87836,313.6,70.27,0.070027,87772,310.9,-49.84,-0.061608,66.1,0.000000,100.0,1310526,1994.3,70686,296.6,1.15,0.000826,74917,299.5,15.14,0.013472,87696,312.2,49.91,0.061376,246.1,0.000000,100.0,103839,1074.3,80980,308.4,-1.20,-0.000946,83657,309.0,-24.27,-0.023403,88560,312.4,-49.03,-0.060855
607.13,0.0087990,0.052579,90385,90230,88836,90047,304.7,607.1,0.000000,560.5,140702,419.4,122554,347.3,-0.08,-0.000080,116784,339.2,-3.52,-0.004321,87797,313.9,62.52,0.076568,427.1,0.076600,317.0,76947,407.4,84854,312.5,94.16,0.076968,87438,313.3,70.54,0.070067,87709,310.8,-45.69,-0.056456,67.1,0.000000,1047.4,1277923,1983.5,71129,297.1,1.31,0.000944,75194,299.9,16.09,0.014358,87616,312.0,50.46,0.062048,247.1,0.000000,100.0,103336,1072.5,80611,308.0,-1.05,-0.000826,83064,308.4,-23.94,-0.022962,88496,312.4,-47.97,-0.059511
608.12,0.0088134,0.052564,90301,90259,88772,90059,304.6,608.1,0.000000,100.0,142414,420.8,122419,347.1,-0.21,-0.000220,116619,339.1,-4.44,-0.005439,88050,313.8,59.07,0.072582,428.1,0.076773,317.0,77019,405.2,84936,312.4,94.16,0.077057,87027,312.9,70.75,0.070033,87708,310.8,-41.75,-0.051592,68.1,0.000000,100.0,1246625,1973.0,71615,297.7,1.44,0.001044,75445,300.1,17.11,0.015309,87522,311.7,50.96,0.062647,248.1,0.000000,393.3,102818,1070.7,80290,307.6,-0.92,-0.000720,82471,307.8,-23.55,-0.022469,88435,312.3,-46.92,-0.058175
609.11,0.0088277,0.052553,90234,90287,88719,90069,304.6,609.1,0.000000,329.9,144181,422.2,122217,347.0,-0.33,-0.000351,116463,339.0,-5.32,-0.006512,88289,313.6,55.45,0.068343,429.1,0.076864,317.0,77084,403.1,84997,312.4,94.07,0.077052,86605,312.4,70.88,0.069913,87722,310.8,-38.01,-0.046971,69.1,0.000000,317.5,1216581,1962.6,72136,298.3,1.55,0.001126,75680,300.4,18.20,0.016313,87423,311.5,51.42,0.063197,249.1,0.000000,100.0,102321,1068.9,80010,307.3,-0.81,-0.000631,81882,307.2,-23.09,-0.021921,88382,312.2,-45.86,-0.056846
610.10,0.0088421,0.052543,90186,90313,88677,90079,304.5,610.1,0.000000,998.5,146002,423.6,121954,346.8,-0.44,-0.000470,116327,338.8,-6.18,-0.007551,88517,313.5,51.72,0.063929,430.1,0.076870,316.9,77139,401.0,85039,312.3,93.91,0.076974,86174,312.0,70.92,0.069699,87745,310.8,-34.46,-0.042593,70.1,0.000000,154.6,1187732,1952.5,72684,299.0,1.63,0.001192,75911,300.7,19.32,0.017360,87325,311.2,51.86,0.063721,250.1,0.000000,230.5,101820,1067.1,79758,307.1,-0.72,-0.000563,81298,306.5,-22.57,-0.021322,88339,312.1,-44.81,-0.055523
611.09,0.0088564,0.052535,90156,90344,88647,90088,304.5,611.1,0.000000,100.0,147882,425.1,121634,346.5,-0.55,-0.000581,116224,338.8,-7.01,-0.008569,88731,313.4,47.93,0.059409,431.1,0.076801,316.8,77185,399.1,85062,312.2,93.72,0.076852,85738,311.6,70.87,0.069389,87777,310.8,-31.11,-0.038462,71.1,0.000000,100.0,1160016,1942.5,73254,299.6,1.69,0.001242,76147,300.9,20.48,0.018443,87232,310.9,52.29,0.064237,251.1,0.000000,203.5,101326,1065.3,79526,306.8,-0.66,-0.000517,80722,305.9,-22.00,-0.020678,88307,312.1,-43.75,-0.054206
612.08,0.0088707,0.052528,90143,90410,88629,90096,304.5,612.1,0.000000,100.0,149821,426.6,121260,346.2,-0.65,-0.000688,116161,338.7,-7.84,-0.009572,88930,313.3,44.13,0.054840,432.1,0.076694,316.6,77222,397.2,85069,312.2,93.50,0.076695,85300,311.2,70.72,0.068988,87820,310.9,-27.97,-0.034594,72.1,0.000000,213.8,1133375,1932.8,73840,300.3,1.73,0.001281,76399,301.2,21.67,0.019558,87146,310.7,52.73,0.064758,252.1,0.000000,100.0,100841,1063.5,79302,306.6,-0.63,-0.000493,80158,305.3,-21.39,-0.020000,88287,312.1,-42.70,-0.052896
613.07,0.0088851,0.052521,90146,90493,88623,90104,304.5,613.1,0.000000,928.3,151822,428.1,120832,345.9,-0.75,-0.000791,116137,338.7,-8.65,-0.010558,89113,313.3,40.36,0.050268,433.1,0.076558,316.5,77249,395.5,85061,312.1,93.26,0.076507,84866,310.7,70.49,0.068502,87871,310.9,-25.04,-0.030980,73.1,0.000000,100.0,1107754,1923.2,74439,301.0,1.76,0.001310,76674,301.5,22.88,0.020704,87069,310.5,53.18,0.065296,253.1,0.000000,278.8,100355,1061.7,79074,306.3,-0.63,-0.000493,79608,304.7,-20.75,-0.019305,88278,312.0,-41.65,-0.051595
614.20,0.0089014,0.052513,90167,90571,88634,90113,304.5,614.2,0.000000,3335.4,154191,429.9,120280,345.4,-0.86,-0.000904,116149,338.7,-9.55,-0.011666,89306,313.2,36.11,0.045089,434.2,0.076372,316.3,77269,393.5,85030,312.0,92.94,0.076237,84386,310.3,70.14,0.067885,87935,311.0,-21.90,-0.027109,74.2,0.000000,378.3,1079651,1912.5,75137,301.8,1.78,0.001336,77028,301.9,24.28,0.022048,86993,310.2,53.71,0.065946,254.2,0.000000,886.7,99698,1059.4,78799,306.0,-0.67,-0.000518,78998,304.1,-20.00,-0.018508,88284,312.0,-40.45,-0.050112
615.19,0.0089158,0.052505,90198,90652,88663,90120,304.5,615.2,0.000000,100.0,156337,431.5,119748,345.0,-0.95,-0.000994,116186,338.7,-10.31,-0.012589,89468,313.1,32.47,0.040622,435.2,0.076124,316.1,77277,391.9,84983,312.0,92.63,0.075954,83984,309.9,69.80,0.067320,87997,311.0,-19.29,-0.023896,75.2,0.000000,100.0,1056033,1903.4,75757,302.5,1.80,0.001354,77377,302.3,25.51,0.023241,86940,310.0,54.21,0.066562,255.2,0.000000,176.5,99210,1057.6,78535,305.7,-0.72,-0.000559,78485,303.5,-19.36,-0.017828,88304,312.1,-39.39,-0.048810
616.18,0.0089301,0.052496,90235,90741,88711,90127,304.5,616.2,0.000000,676.9,158555,433.1,119178,344.5,-1.03,-0.001071,116240,338.8,-10.98,-0.013415,89630,313.1,28.88,0.036206,436.2,0.075837,316.0,77276,390.3,84919,311.9,92.27,0.075632,83598,309.5,69.44,0.066743,88065,311.1,-16.78,-0.020798,76.2,0.000000,172.6,1033276,1894.4,76386,303.2,1.80,0.001368,77765,302.7,26.73,0.024436,86901,309.9,54.75,0.067230,256.2,0.000000,100.0,98499,1055.3,78243,305.4,-0.80,-0.000614,77993,303.0,-18.75,-0.017185,88340,312.1,-38.32,-0.047492
617.17,0.0089444,0.052486,90269,90822,88786,90133,304.6,617.2,0.000000,209.0,160849,434.8,118577,344.0,-1.09,-0.001133,116307,338.8,-11.53,-0.014102,89807,313.1,25.32,0.031806,437.2,0.075510,315.9,77266,388.8,84840,311.8,91.89,0.075272,83229,309.1,69.03,0.066134,88144,311.2,-14.32,-0.017761,77.2,0.000000,643.6,1011341,1885.5,77020,304.0,1.81,0.001379,78193,303.2,27.91,0.025614,86878,309.7,55.34,0.067970,257.2,0.000000,2350.4,98024,1053.5,77921,305.0,-0.88,-0.000678,77527,302.5,-18.18,-0.016597,88401,312.1,-37.21,-0.046137
618.16,0.0089588,0.052475,90296,90859,88895,90139,304.7,618.2,0.000000,271.9,163222,436.5,117955,343.5,-1.14,-0.001179,116378,338.9,-11.95,-0.014618,90014,313.1,21.74,0.027365,438.2,0.075144,315.7,77248,387.3,84745,311.6,91.47,0.074874,82886,308.8,68.59,0.065514,88242,311.3,-11.86,-0.014722,78.2,0.000000,245.9,990187,1876.9,77660,304.7,1.81,0.001386,78659,303.7,29.02,0.026754,86879,309.5,56.04,0.068866,258.2,0.000000,609.3,97302,1051.1,77567,304.6,-0.97,-0.000745,77087,302.0,-17.69,-0.016082,88494,312.2,-36.05,-0.044736
619.15,0.0089732,0.052463,90322,90853,89020,90145,304.8,619.1,0.000000,373.3,165676,438.2,117320,342.9,-1.17,-0.001208,116446,338.9,-12.22,-0.014948,90258,313.2,18.04,0.022771,439.1,0.074736,315.5,77221,385.9,84632,311.5,91.01,0.074432,82572,308.5,68.14,0.064902,88362,311.4,-9.38,-0.011657,79.1,0.000000,127.8,969785,1868.4,78302,305.4,1.80,0.001388,79163,304.2,30.06,0.027833,86905,309.4,56.84,0.069897,259.1,0.000000,233.9,96811,1049.3,77184,304.2,-1.06,-0.000808,76673,301.5,-17.28,-0.015647,88614,312.3,-34.85,-0.043292
620.14,0.0089875,0.052450,90346,90849,89147,90150,304.9,620.1,0.000000,329.4,168212,440.0,116681,342.4,-1.19,-0.001223,116505,339.0,-12.33,-0.015087,90538,313.3,14.13,0.017872,440.1,0.074281,315.3,77185,384.5,84501,311.3,90.50,0.073941,82289,308.2,67.69,0.064308,88500,311.5,-6.91,-0.008593,80.1,0.000000,100.0,950133,1860.0,78942,306.1,1.78,0.001384,79701,304.8,30.98,0.028831,86946,309.3,57.68,0.070989,260.1,0.000000,100.0,96098,1046.9,76778,303.7,-1.13,-0.000861,76283,301.1,-16.95,-0.015291,88746,312.5,-33.64,-0.041832
621.13,0.0090019,0.052437,90344,90835,89282,90155,305.0,621.1,0.000000,100.0,170831,441.8,116046,341.9,-1.20,-0.001221,116550,339.0,-12.29,-0.015046,90849,313.5,9.89,0.012545,441.1,0.073771,315.1,77140,383.2,84349,311.1,89.94,0.073394,82037,308.0,67.24,0.063735,88644,311.7,-4.46,-0.005552,81.1,0.000000,1679.5,931205,1851.9,79580,306.8,1.76,0.001377,80270,305.4,31.79,0.029735,86997,309.2,58.54,0.072107,261.1,0.000000,100.0,95387,1044.5,76357,303.3,-1.19,-0.000901,75917,300.7,-16.70,-0.015016,88884,312.6,-32.42,-0.040361
622.12,0.0090162,0.052425,90304,90801,89432,90160,305.2,622.1,0.000000,328.4,173536,443.6,115423,341.4,-1.18,-0.001206,116580,339.0,-12.12,-0.014837,91184,313.8,5.30,0.006737,442.1,0.073202,314.9,77085,381.9,84177,310.9,89.32,0.072790,81809,307.8,66.78,0.063165,88792,311.8,-2.01,-0.002511,82.1,0.000000,100.0,912968,1843.9,80215,307.5,1.74,0.001369,80869,306.0,32.48,0.030538,87058,309.2,59.42,0.073255,262.1,0.000000,5328.7,94665,1042.0,75927,302.8,-1.23,-0.000925,75571,300.3,-16.54,-0.014821,89028,312.8,-31.18,-0.038862
623.11,0.0090306,0.052415,90233,90755,89684,90166,305.4,623.1,0.000000,113.4,176332,445.5,114819,340.8,-1.16,-0.001176,116594,339.0,-11.82,-0.014480,91214,313.8,-0.31,-0.000393,443.1,0.072573,314.6,77021,380.7,83986,310.7,88.65,0.072128,81595,307.6,66.28,0.062576,88871,311.9,0.29,0.000359,83.1,0.000000,204.4,895387,1836.0,80848,308.2,1.73,0.001364,81491,306.7,33.03,0.031234,87150,309.2,60.39,0.074536,263.1,0.000000,101.1,93939,1039.5,75498,302.3,-1.24,-0.000933,75245,299.9,-16.46,-0.014703,89211,312.9,-29.81,-0.037213
624.10,0.0090449,0.052407,90139,90695,89868,90174,305.6,624.1,0.000000,267.9,179222,447.5,114241,340.4,-1.12,-0.001132,116589,339.0,-11.43,-0.013998,91190,313.9,-6.08,-0.007735,444.1,0.071889,314.3,76946,379.5,83776,310.5,87.92,0.071415,81387,307.4,65.74,0.061945,88924,311.9,2.58,0.003220,84.1,0.000000,100.0,878431,1828.4,81486,308.9,1.72,0.001369,82129,307.4,33.47,0.031824,87235,309.3,61.34,0.075767,264.1,0.000000,100.0,93216,1037.1,75074,301.8,-1.24,-0.000927,74932,299.6,-16.44,-0.014643,89421,313.2,-28.42,-0.035528
625.08,0.0090592,0.052404,90028,90594,90063,90182,305.8,625.1,0.000000,317.0,182211,449.4,113693,339.9,-1.07,-0.001078,116570,339.0,-10.95,-0.013409,91290,314.0,-11.55,-0.014699,445.1,0.071158,313.9,76862,378.3,83552,310.2,87.15,0.070661,81174,307.1,65.13,0.061255,88996,312.0,4.92,0.006149,85.1,0.000000,100.0,862071,1820.8,82135,309.6,1.74,0.001386,82778,308.0,33.79,0.032311,87316,309.4,62.27,0.076937,265.1,0.000000,221.4,92500,1034.6,74662,301.3,-1.22,-0.000908,74629,299.3,-16.49,-0.014644,89632,313.4,-27.06,-0.033889
626.07,0.0090735,0.052405,89902,90461,90279,90191,306.0,626.1,0.000000,265.3,185303,451.5,113181,339.4,-1.01,-0.001015,116541,339.0,-10.40,-0.012729,91409,314.2,-16.63,-0.021184,446.1,0.070393,313.6,76768,377.2,83316,309.9,86.35,0.069876,80951,306.9,64.46,0.060493,89091,312.1,7.33,0.009159,86.1,0.000000,208.3,846279,1813.4,82800,310.3,1.76,0.001414,83432,308.7,34.00,0.032698,87403,309.6,63.19,0.078101,266.1,0.000000,163.7,91769,1032.1,74265,300.9,-1.18,-0.000879,74342,298.9,-16.59,-0.014694,89847,313.6,-25.72,-0.032268
627.20,0.0090899,0.052411,89749,90316,90544,90201,306.2,627.2,0.000000,833.9,188969,453.8,112641,339.0,-0.93,-0.000934,116485,338.9,-9.68,-0.011844,91564,314.5,-21.97,-0.028010,447.2,0.069547,313.2,76649,375.9,83035,309.6,85.41,0.068957,80679,306.7,63.59,0.059531,89238,312.2,10.14,0.012687,87.2,0.000000,675.7,828894,1805.1,83589,311.1,1.81,0.001465,84184,309.5,34.12,0.033021,87524,309.9,64.27,0.079470,267.2,0.000000,502.6,90870,1029.0,73834,300.4,-1.13,-0.000837,74026,298.6,-16.76,-0.014800,90110,313.9,-24.19,-0.030414
628.19,0.0091042,0.052422,89613,90187,90766,90209,306.4,628.2,0.000000,63763.6,192298,455.9,112214,338.6,-0.86,-0.000856,116403,338.9,-8.98,-0.010988,91700,314.7,-26.23,-0.033465,448.2,0.068692,312.8,76535,374.9,82783,309.3,84.58,0.068148,80422,306.4,62.75,0.058603,89394,312.3,12.62,0.015818,88.2,0.000000,100.0,814235,1798.1,84313,311.9,1.88,0.001526,84833,310.2,34.11,0.033196,87644,310.2,65.22,0.080688,268.2,0.000000,129.7,89901,1025.8,73479,300.0,-1.08,-0.000796,73754,298.3,-16.93,-0.014909,90349,314.1,-22.89,-0.028824
629.18,0.0091185,0.052438,89481,90058,90966,90217,306.6,629.2,0.000000,100.0,195745,458.1,111831,338.3,-0.77,-0.000770,116300,338.8,-8.22,-0.010053,91818,315.0,-30.12,-0.038446,449.2,0.067899,312.4,76413,373.8,82530,309.0,83.77,0.067350,80140,306.1,61.81,0.057583,89557,312.4,15.09,0.018939,89.2,0.000000,394.9,800067,1791.1,85079,312.7,1.96,0.001603,85473,310.8,34.02,0.033288,87768,310.5,66.15,0.081873,269.2,0.000000,262.7,89175,1023.3,73143,299.6,-1.03,-0.000753,73481,298.0,-17.09,-0.015010,90582,314.3,-21.66,-0.027330
630.17,0.0091328,0.052458,89359,89939,91151,90225,306.8,630.2,0.000000,728.7,199318,460.3,111498,338.0,-0.68,-0.000676,116177,338.7,-7.42,-0.009064,91917,315.2,-33.64,-0.042952,450.2,0.067127,312.1,76285,372.8,82278,308.7,82.98,0.066578,79825,305.8,60.77,0.056449,89719,312.5,17.52,0.022024,90.2,0.000000,431.3,786369,1784.3,85889,313.6,2.05,0.001691,86103,311.5,33.85,0.033296,87892,310.8,67.03,0.082997,270.2,0.000000,147.2,88193,1020.0,72826,299.2,-0.97,-0.000713,73202,297.7,-17.23,-0.015088,90800,314.5,-20.54,-0.025958
631.15,0.0091472,0.052481,89251,89834,91325,90233,307.0,631.2,0.000000,1269.7,203021,462.5,111220,337.8,-0.58,-0.000572,116036,338.6,-6.59,-0.008038,91998,315.5,-36.79,-0.046972,451.2,0.066390,311.7,76152,371.8,82031,308.4,82.23,0.065844,79466,305.4,59.59,0.055172,89878,312.7,19.91,0.025066,91.2,0.000000,100.0,773120,1777.6,86746,314.5,2.15,0.001782,86726,312.1,33.61,0.033232,88014,311.1,67.87,0.084065,271.2,0.000000,100.0,87457,1017.4,72526,298.8,-0.93,-0.000677,72914,297.3,-17.33,-0.015133,91004,314.8,-19.51,-0.024700
632.14,0.0091615,0.052508,89158,89749,91481,90239,307.1,632.1,0.000000,943.6,206860,464.8,111001,337.6,-0.46,-0.000459,115879,338.4,-5.73,-0.006989,92067,315.7,-39.57,-0.050527,452.1,0.065698,311.3,76015,370.8,81791,308.1,81.54,0.065157,79052,305.0,58.25,0.053724,90030,312.8,22.26,0.028050,92.1,0.000000,100.0,760303,1771.0,87646,315.4,2.23,0.001869,87344,312.7,33.32,0.033110,88134,311.4,68.65,0.085072,272.1,0.000000,159.8,86483,1014.1,72238,298.5,-0.89,-0.000646,72618,297.0,-17.38,-0.015138,91192,314.9,-18.58,-0.023553
633.13,0.0091759,0.052538,89106,89684,91615,90245,307.2,633.1,0.000000,420.1,210843,467.2,110846,337.4,-0.34,-0.000337,115709,338.3,-4.86,-0.005924,92124,316.0,-42.04,-0.053664,453.1,0.065055,311.0,75875,369.9,81558,307.8,80.89,0.064518,78575,304.5,56.72,0.052085,90169,312.9,24.52,0.030947,93.1,0.000000,119.8,747898,1764.5,88583,316.3,2.30,0.001942,87959,313.4,32.99,0.032951,88246,311.7,69.37,0.085996,273.1,0.000000,100.0,85744,1011.5,71960,298.2,-0.86,-0.000622,72313,296.7,-17.39,-0.015097,91359,315.1,-17.74,-0.022522
634.13,0.0091902,0.052568,89133,89637,91727,90250,307.3,634.1,0.000000,210.2,214977,469.6,110755,337.3,-0.21,-0.000212,115529,338.1,-3.99,-0.004849,92165,316.2,-44.22,-0.056433,454.1,0.064457,310.7,75734,368.9,81330,307.5,80.30,0.063921,78033,303.9,54.99,0.050246,90291,313.0,26.70,0.033734,94.1,0.000000,187.1,735890,1758.2,89546,317.3,2.35,0.001994,88575,314.0,32.65,0.032781,88349,312.0,70.02,0.086821,274.1,0.000000,2126.0,84769,1008.1,71689,297.9,-0.83,-0.000605,72002,296.3,-17.36,-0.015025,91503,315.3,-17.00,-0.021603
635.12,0.0092046,0.052595,89228,89608,91814,90254,307.4,635.1,0.000000,274.6,219268,472.0,110729,337.3,-0.09,-0.000086,115344,338.0,-3.10,-0.003770,92184,316.4,-46.15,-0.058874,455.1,0.063893,310.4,75593,368.0,81106,307.3,79.74,0.063355,77425,303.2,53.07,0.048215,90393,313.0,28.78,0.036391,95.1,0.000000,100.0,724261,1751.9,90521,318.3,2.36,0.002019,89199,314.6,32.34,0.032631,88439,312.2,70.58,0.087537,275.1,0.000000,155.4,83798,1004.8,71423,297.5,-0.82,-0.000594,71686,295.9,-17.30,-0.014928,91620,315.4,-16.34,-0.020782
636.11,0.0092190,0.052619,89347,89594,91872,90257,307.4,636.1,0.000000,429.6,223725,474.5,110758,337.4,0.03,0.000026,115159,337.8,-2.22,-0.002690,92184,316.6,-47.85,-0.061007,456.1,0.063348,310.1,75453,367.2,80881,307.0,79.19,0.062804,76757,302.5,50.96,0.046013,90467,313.1,30.75,0.038900,96.1,0.000000,100.0,712999,1745.8,91497,319.3,2.34,0.002019,89839,315.2,32.07,0.032527,88513,312.5,71.06,0.088135,276.1,0.000000,123.0,82813,1001.4,71157,297.2,-0.82,-0.000589,71364,295.6,-17.19,-0.014779,91707,315.5,-15.75,-0.020048
637.11,0.0092335,0.052637,89503,89594,91899,90259,307.5,637.1,0.000000,100.0,228353,477.1,110839,337.4,0.13,0.000131,114981,337.7,-1.33,-0.001612,92168,316.8,-49.36,-0.062883,457.1,0.062802,309.7,75314,366.3,80654,306.7,78.65,0.062251,76038,301.7,48.69,0.043668,90499,313.1,32.60,0.041257,97.1,0.000000,100.0,702092,1739.8,92462,320.2,2.30,0.001997,90497,315.9,31.86,0.032485,88569,312.7,71.44,0.088605,277.1,0.000000,520.2,81824,998.0,70890,296.9,-0.82,-0.000590,71039,295.2,-17.01,-0.014582,91760,315.5,-15.23,-0.019390
638.10,0.0092479,0.052649,89712,89604,91896,90261,307.5,638.1,0.000000,262.5,233156,479.7,110970,337.5,0.23,0.000229,114813,337.5,-0.45,-0.000541,92134,317.0,-50.72,-0.064552,458.1,0.062240,309.4,75175,365.5,80421,306.4,78.08,0.061681,75278,300.9,46.30,0.041219,90502,313.1,34.32,0.043443,98.1,0.000000,100.0,691541,1733.9,93410,321.2,2.24,0.001958,91174,316.5,31.72,0.032510,88602,312.8,71.72,0.088939,278.1,0.000000,465.5,81083,995.2,70620,296.6,-0.83,-0.000596,70715,294.8,-16.79,-0.014346,91775,315.5,-14.75,-0.018790
639.10,0.0092623,0.052652,89931,89620,91866,90262,307.4,639.1,0.000000,383.3,238141,482.4,111143,337.7,0.32,0.000315,114660,337.4,0.43,0.000519,92081,317.1,-51.95,-0.066052,459.1,0.061646,309.1,75038,364.7,80181,306.2,77.48,0.061078,74487,300.0,43.80,0.038697,90481,313.1,35.91,0.045446,99.1,0.000000,100.0,681330,1728.1,94333,322.1,2.16,0.001906,91871,317.2,31.63,0.032595,88612,313.0,71.91,0.089145,279.1,0.000000,343.5,80112,991.7,70346,296.2,-0.85,-0.000605,70395,294.4,-16.54,-0.014083,91760,315.5,-14.29,-0.018198
640.09,0.0092767,0.052649,90087,89642,91813,90263,307.4,640.1,0.000000,521.0,243316,485.1,111351,337.9,0.39,0.000386,114522,337.3,1.29,0.001564,92010,317.2,-53.08,-0.067404,460.1,0.061006,308.8,74901,363.9,79930,305.9,76.82,0.060428,73675,299.1,41.22,0.036132,90441,313.1,37.35,0.047249,100.1,0.000000,100.0,671449,1722.5,95225,322.9,2.08,0.001842,92583,317.9,31.58,0.032722,88595,313.1,72.02,0.089229,280.1,0.000000,100.0,79127,988.2,70066,295.9,-0.87,-0.000617,70085,294.1,-16.26,-0.013803,91725,315.5,-13.84,-0.017622
641.09,0.0092911,0.052641,90186,89673,91740,90264,307.3,641.1,0.000000,246.4,248691,487.9,111584,338.1,0.44,0.000441,114401,337.2,2.14,0.002584,91921,317.3,-54.11,-0.068629,461.1,0.060305,308.4,74763,363.1,79667,305.6,76.09,0.059715,72848,298.1,38.58,0.033551,90378,313.0,38.66,0.048873,101.1,0.000000,122.3,661882,1716.9,96081,323.8,1.97,0.001764,93307,318.6,31.53,0.032859,88553,313.2,72.05,0.089199,281.1,0.000000,100.0,78154,984.7,69781,295.6,-0.89,-0.000630,69790,293.7,-15.97,-0.013509,91672,315.4,-13.43,-0.017089
642.08,0.0093055,0.052629,90282,89713,91648,90264,307.2,642.1,0.000000,301.6,254277,490.8,111836,338.3,0.48,0.000481,114297,337.1,2.95,0.003564,91817,317.4,-55.07,-0.069748,462.1,0.059527,308.0,74623,362.4,79387,305.2,75.26,0.058921,72015,297.1,35.92,0.030976,90292,313.0,39.85,0.050338,102.1,0.000000,100.0,652617,1711.5,96893,324.5,1.86,0.001673,94035,319.3,31.46,0.032968,88493,313.3,72.02,0.089081,282.1,0.000000,760.1,77172,981.1,69490,295.2,-0.91,-0.000642,69516,293.4,-15.65,-0.013201,91593,315.4,-13.03,-0.016564
643.08,0.0093199,0.052615,90374,89751,91541,90264,307.1,643.1,0.000000,253.2,260083,493.7,112100,338.5,0.51,0.000508,114208,337.0,3.71,0.004481,91702,317.5,-55.97,-0.070786,463.1,0.058651,307.6,74481,361.7,79086,304.9,74.32,0.058026,71180,296.2,33.24,0.028430,90188,312.9,40.93,0.051653,103.1,0.000000,197.5,643642,1706.1,97655,325.3,1.74,0.001570,94761,320.0,31.32,0.033006,88426,313.3,71.92,0.088882,283.1,0.000000,669.6,76189,977.5,69195,294.9,-0.92,-0.000653,69268,293.1,-15.29,-0.012866,91491,315.3,-12.60,-0.016010
644.07,0.0093344,0.052598,90435,89780,91421,90263,307.0,644.1,0.000000,100.0,266123,496.7,112370,338.7,0.52,0.000523,114131,337.0,4.40,0.005307,91577,317.5,-56.83,-0.071769,464.1,0.057654,307.2,74334,361.0,78760,304.5,73.22,0.057007,70352,295.2,30.58,0.025937,90067,312.9,41.92,0.052840,104.1,0.000000,599.9,634943,1700.9,98365,325.9,1.61,0.001463,95478,320.7,31.08,0.032930,88350,313.3,71.76,0.088597,284.1,0.000000,715.8,75206,973.9,68897,294.5,-0.94,-0.000662,69051,292.9,-14.88,-0.012490,91369,315.2,-12.13,-0.015402
645.07,0.0093488,0.052579,90473,89801,91293,90263,306.8,645.1,0.000000,603.1,272409,499.7,112641,339.0,0.53,0.000527,114062,336.9,4.99,0.006014,91446,317.5,-57.67,-0.072725,465.1,0.056513,306.7,74181,360.2,78404,304.1,71.96,0.055842,69537,294.2,27.97,0.023522,89931,312.8,42.83,0.053914,105.1,0.000000,367.2,626511,1695.7,99025,326.6,1.49,0.001357,96183,321.4,30.71,0.032704,88270,313.4,71.53,0.088226,285.1,0.000000,289.1,74224,970.2,68597,294.1,-0.95,-0.000667,68869,292.7,-14.39,-0.012059,91234,315.0,-11.61,-0.014723
646.21,0.0093653,0.052556,90470,89829,91140,90262,306.7,646.2,0.000000,155.5,279909,503.3,112946,339.2,0.52,0.000520,113981,336.8,5.52,0.006655,91293,317.5,-58.63,-0.073811,466.2,0.055105,306.1,73995,359.5,77958,303.6,70.26,0.054309,68633,293.1,25.08,0.020892,89765,312.8,43.78,0.055021,106.2,0.000000,287.9,617189,1690.0,99726,327.2,1.36,0.001250,96972,322.1,30.09,0.032233,88180,313.4,71.18,0.087698,286.2,0.000000,139.0,73069,965.9,68253,293.7,-0.96,-0.000670,68707,292.5,-13.73,-0.011486,91069,314.9,-10.93,-0.013848
647.20,0.0093798,0.052539,90385,89902,91005,90261,306.6,647.2,0.000000,100.0,286759,506.5,113206,339.5,0.51,0.000508,113900,336.8,5.86,0.007055,91158,317.5,-59.48,-0.074773,467.2,0.053496,305.5,73821,358.8,77532,303.1,68.55,0.052779,67877,292.2,22.68,0.018748,89614,312.7,44.55,0.055899,107.2,0.000000,118.6,609302,1685.1,100305,327.8,1.28,0.001179,97646,322.7,29.37,0.031623,88111,313.4,70.79,0.087139,287.2,0.000000,735.0,72087,962.1,67954,293.3,-0.96,-0.000668,68610,292.4,-13.05,-0.010903,90920,314.7,-10.27,-0.012991
648.20,0.0093942,0.052525,90245,89984,90872,90261,306.4,648.2,0.000000,1367.3,293886,509.7,113458,339.7,0.49,0.000494,113806,336.7,6.06,0.007290,91024,317.5,-60.35,-0.075753,468.2,0.051802,304.9,73633,358.1,77075,302.6,66.61,0.051073,67174,291.3,20.49,0.016811,89460,312.6,45.26,0.056710,108.2,0.000000,609.8,601663,1680.2,100866,328.3,1.23,0.001135,98304,323.4,28.50,0.030835,88049,313.4,70.31,0.086487,288.2,0.000000,403.5,71116,958.4,67657,293.0,-0.96,-0.000664,68557,292.3,-12.25,-0.010231,90771,314.6,-9.53,-0.012045
649.20,0.0094086,0.052517,90099,90032,90744,90260,306.3,649.2,0.000000,100.0,301300,513.0,113702,339.9,0.48,0.000479,113683,336.6,6.08,0.007309,90893,317.5,-61.22,-0.076747,469.2,0.049932,304.2,73431,357.4,76589,302.0,64.46,0.049199,66550,290.6,18.60,0.015160,89307,312.6,45.94,0.057473,109.2,0.000000,100.0,594265,1675.5,101426,328.8,1.21,0.001123,98946,324.0,27.50,0.029887,87989,313.4,69.76,0.085743,289.2,0.000000,100.0,70135,954.6,67365,292.6,-0.95,-0.000657,68531,292.3,-11.37,-0.009496,90624,314.4,-8.72,-0.011006
650.19,0.0094231,0.052514,89947,90080,90622,90259,306.2,650.2,0.000000,16260.1,309018,516.4,113941,340.1,0.46,0.000467,113549,336.5,5.92,0.007113,90765,317.4,-62.09,-0.077747,470.2,0.044845,313.3,73169,356.7,76804,302.4,59.62,0.045587,66029,289.9,17.12,0.013872,89156,312.5,46.59,0.058205,110.2,0.000000,478.5,587098,1670.8,102001,329.3,1.23,0.001143,99571,324.5,26.38,0.028803,87940,313.4,69.11,0.084900,290.2,0.000000,100.0,69160,950.8,67077,292.3,-0.94,-0.000648,68533,292.3,-10.43,-0.008711,90482,314.3,-7.83,-0.009874
651.18,0.0094375,0.052517,89785,90135,90508,90259,306.0,651.2,0.000000,594.0,317054,519.9,114177,340.3,0.46,0.000462,113394,336.3,5.59,0.006712,90642,317.3,-62.96,-0.078739,471.2,0.046043,302.9,72936,356.1,75827,301.2,57.95,0.043908,65626,289.4,16.09,0.012985,89010,312.4,47.24,0.058921,111.2,0.000000,100.0,580155,1666.3,102605,329.9,1.27,0.001192,100179,325.1,25.18,0.027615,87912,313.5,68.35,0.083929,291.2,0.000000,100.0,68436,947.7,66796,291.9,-0.92,-0.000637,68572,292.3,-9.40,-0.007853,90347,314.2,-6.87,-0.008645
652.18,0.0094519,0.052525,89626,90189,90403,90258,305.9,652.2,0.000000,229.0,325427,523.4,114416,340.5,0.46,0.000465,113221,336.2,5.08,0.006094,90524,317.3,-63.80,-0.079711,472.2,0.043360,302.0,72679,355.4,75092,300.4,55.80,0.041987,65337,289.1,15.52,0.012481,88871,312.4,47.88,0.059634,112.2,0.000000,491.8,573425,1661.8,103248,330.5,1.34,0.001263,100768,325.6,23.93,0.026353,87914,313.5,67.42,0.082784,292.2,0.000000,100.0,67470,943.9,66521,291.6,-0.91,-0.000624,68644,292.4,-8.25,-0.006894,90220,314.0,-5.82,-0.007319
653.17,0.0094663,0.052539,89477,90238,90311,90257,305.8,653.2,0.000000,663.2,334153,527.0,114661,340.7,0.47,0.000474,113021,336.0,4.39,0.005262,90415,317.2,-64.62,-0.080652,473.2,0.040872,301.2,72400,354.7,74467,299.7,53.33,0.039887,65133,288.8,15.30,0.012280,88739,312.4,48.52,0.060358,113.2,0.000000,209.4,566902,1657.5,103935,331.1,1.42,0.001344,101338,326.2,22.66,0.025048,87954,313.6,66.29,0.081411,293.2,0.000000,100.0,66497,939.9,66253,291.2,-0.89,-0.000610,68748,292.6,-7.00,-0.005854,90102,313.9,-4.69,-0.005890
654.17,0.0094807,0.052558,89349,90283,90234,90256,305.8,654.2,0.000000,1428.3,343252,530.7,114913,340.9,0.48,0.000486,112782,335.8,3.53,0.004221,90318,317.1,-65.40,-0.081560,474.2,0.036148,300.6,72072,354.0,74170,299.4,49.10,0.036615,65002,288.7,15.27,0.012236,88618,312.3,49.19,0.061109,114.2,0.000000,234.4,560576,1653.2,104662,331.8,1.50,0.001421,101888,326.7,21.38,0.023733,88034,313.6,64.91,0.079773,294.2,0.000000,718.6,65516,935.9,65992,290.9,-0.87,-0.000594,68875,292.7,-5.67,-0.004753,89998,313.8,-3.46,-0.004350
655.16,0.0094951,0.052581,89242,90347,90175,90255,305.7,655.2,0.000000,100.0,352746,534.5,115172,341.1,0.49,0.000499,112499,335.6,2.48,0.002966,90238,317.0,-66.14,-0.082434,475.2,0.035993,299.7,71755,353.3,73388,298.5,46.73,0.034587,64971,288.6,15.53,0.012437,88508,312.3,49.88,0.061902,115.2,0.000000,225.2,554439,1649.0,105419,332.4,1.55,0.001480,102417,327.1,20.14,0.022442,88151,313.7,63.29,0.077864,295.2,0.000000,117.9,64525,931.9,65740,290.6,-0.84,-0.000575,69011,292.9,-4.29,-0.003603,89908,313.7,-2.14,-0.002691
656.16,0.0095095,0.052607,89156,90439,90136,90255,305.7,656.2,0.000000,119.8,362659,538.3,115435,341.3,0.50,0.000508,112176,335.3,1.26,0.001498,90178,316.9,-66.85,-0.083282,476.2,0.031290,299.0,71390,352.6,73120,298.2,42.48,0.031354,64982,288.6,16.17,0.012955,88411,312.3,50.62,0.062750,116.2,0.000000,268.1,548485,1644.9,106184,333.1,1.57,0.001503,102926,327.6,18.97,0.021207,88295,313.9,61.47,0.075715,296.2,0.000000,260.4,63790,928.6,65499,290.3,-0.81,-0.000552,69148,293.1,-2.90,-0.002435,89836,313.7,-0.72,-0.000907
657.15,0.0095239,0.052636,89088,90546,90126,90254,305.7,657.2,0.000000,167.0,373011,542.3,115700,341.6,0.50,0.000511,111810,335.0,-0.12,-0.000143,90143,316.8,-67.52,-0.084107,477.2,0.030969,298.1,71036,352.0,72258,297.2,40.14,0.029376,65093,288.8,17.23,0.013819,88334,312.3,51.42,0.063680,117.2,0.000000,272.3,542707,1640.8,106945,333.8,1.55,0.001497,103415,328.0,17.88,0.020058,88456,314.0,59.52,0.073423,297.2,0.000000,685.4,62812,924.5,65273,290.0,-0.77,-0.000522,69281,293.2,-1.51,-0.001272,89720,313.5,0.65,0.000811
658.15,0.0095384,0.052667,89037,90655,90122,90254,305.6,658.1,0.000000,100.0,383831,546.3,115961,341.8,0.49,0.000505,111410,334.6,-1.61,-0.001913,90128,316.8,-68.17,-0.084929,478.1,0.026470,297.4,70637,351.3,71899,296.8,36.10,0.026321,65434,289.2,18.96,0.015263,88267,312.3,52.26,0.064667,118.1,0.000000,177.7,537098,1636.9,107682,334.5,1.50,0.001456,103886,328.5,16.90,0.019018,88613,314.1,57.53,0.071074,298.1,0.000000,326.1,61818,920.3,65067,289.7,-0.71,-0.000479,69405,293.4,-0.15,-0.000126,89617,313.4,2.12,0.002654
659.14,0.0095528,0.052698,89004,90775,90128,90254,305.7,659.1,0.000000,100.0,395149,550.4,116206,342.0,0.47,0.000478,110983,334.3,-3.19,-0.003766,90124,316.7,-68.83,-0.085762,479.1,0.025799,296.5,70246,350.6,71068,295.8,33.65,0.024332,66020,290.0,21.61,0.017512,88207,312.3,53.13,0.065696,119.1,0.000000,423.9,531651,1633.0,108376,335.1,1.41,0.001375,104344,328.9,16.03,0.018099,88745,314.1,55.62,0.068802,299.1,0.000000,584.4,61082,917.0,64891,289.5,-0.62,-0.000418,69517,293.5,1.18,0.000997,89550,313.4,3.72,0.004651
660.14,0.0095673,0.052730,88987,90905,90142,90254,305.7,660.1,0.000000,100.0,406980,554.6,116417,342.2,0.41,0.000420,110540,333.9,-4.80,-0.005657,90128,316.6,-69.48,-0.086598,480.1,0.021696,295.8,69817,349.9,70605,295.3,29.90,0.021523,66805,291.0,24.91,0.020350,88152,312.4,54.03,0.066766,120.1,0.000000,100.0,526366,1629.2,109005,335.6,1.28,0.001254,104793,329.3,15.28,0.017308,88845,314.2,53.89,0.066729,300.1,0.000000,1525.6,60077,912.6,64756,289.3,-0.49,-0.000333,69617,293.6,2.48,0.002090,89508,313.3,5.40,0.006756
661.14,0.0095817,0.052762,88987,91008,90159,90253,305.7,661.1,0.000000,218.5,419344,558.9,116574,342.3,0.32,0.000323,110090,333.5,-6.42,-0.007553,90137,316.5,-70.12,-0.087432,481.1,0.019362,299.5,69376,349.2,70187,294.8,26.26,0.018820,67693,292.1,28.38,0.023404,88101,312.4,54.96,0.067869,121.1,0.000000,237.3,521242,1625.4,109551,336.1,1.12,0.001101,105238,329.7,14.65,0.016646,88927,314.2,52.34,0.064871,301.1,0.000000,100.0,59329,909.2,64674,289.2,-0.33,-0.000221,69707,293.7,3.73,0.003154,89485,313.3,7.14,0.008929
662.14,0.0095962,0.052794,89004,91062,90175,90252,305.7,662.1,0.000000,460.3,432270,563.2,116656,342.4,0.18,0.000190,109636,333.1,-8.04,-0.009427,90145,316.4,-70.74,-0.088246,482.1,0.018489,294.2,68940,348.5,69383,293.8,24.02,0.017073,68598,293.2,31.68,0.026376,88053,312.4,55.90,0.068989,122.1,0.000000,100.0,516246,1621.7,110006,336.5,0.94,0.000928,105683,330.1,14.13,0.016104,88990,314.1,50.98,0.063233,302.1,0.000000,183.5,58311,904.7,64658,289.2,-0.12,-0.000082,69789,293.8,4.96,0.004192,89476,313.3,8.90,0.011130
663.14,0.0096107,0.052824,89040,91087,90183,90250,305.7,663.1,0.000000,205.3,445788,567.7,116654,342.4,0.04,0.000039,109184,332.7,-9.64,-0.011265,90147,316.3,-71.34,-0.089020,483.1,0.015146,293.5,68478,347.8,68958,293.3,20.87,0.014772,69474,294.3,34.64,0.029100,88004,312.4,56.84,0.070104,123.1,0.000000,100.0,511242,1617.6,110370,336.8,0.76,0.000752,106135,330.5,13.71,0.015670,89033,314.1,49.80,0.061814,303.1,0.000000,281.7,57564,901.2,64695,289.3,0.06,0.000043,69864,293.9,6.15,0.005208,89472,313.2,10.65,0.013322
664.13,0.0096251,0.052852,89104,91101,90182,90248,305.7,664.1,0.000000,223.8,459930,572.3,116588,342.3,-0.09,-0.000095,108737,332.3,-11.21,-0.013059,90137,316.2,-71.87,-0.089721,484.1,0.014363,292.8,68024,347.1,68321,292.5,18.93,0.013307,70310,295.3,37.20,0.031524,87951,312.4,57.75,0.071194,124.1,0.000000,586.3,506386,1613.5,110649,337.1,0.59,0.000583,106600,330.9,13.37,0.015322,89053,314.0,48.81,0.060615,304.1,0.000000,1870.3,56569,896.7,64793,289.4,0.27,0.000179,69937,294.0,7.33,0.006208,89470,313.2,12.37,0.015470
665.13,0.0096396,0.052877,89194,91098,90174,90245,305.7,665.1,0.000000,203.3,474727,576.9,116442,342.2,-0.24,-0.000243,108296,331.9,-12.75,-0.014810,90112,316.0,-72.32,-0.090307,485.1,0.012777,292.1,67568,346.5,67822,291.9,17.19,0.012018,71111,296.2,39.41,0.033661,87895,312.3,58.64,0.072254,125.1,0.000000,100.0,501672,1609.6,110851,337.2,0.44,0.000431,107085,331.3,13.08,0.015038,89050,313.9,48.00,0.059634,305.1,0.000000,477.1,55855,893.2,64956,289.6,0.48,0.000323,70010,294.1,8.49,0.007200,89471,313.2,14.02,0.017537
666.13,0.0096540,0.052898,89303,91074,90152,90241,305.7,666.1,0.000000,100.0,490211,581.7,116210,342.0,-0.40,-0.000404,107860,331.6,-14.26,-0.016524,90072,315.8,-72.66,-0.090742,486.1,0.011697,291.5,67115,345.8,67386,291.4,15.81,0.011007,71887,297.2,41.32,0.035566,87834,312.3,59.50,0.073273,126.1,0.000000,100.0,497097,1605.7,110989,337.4,0.30,0.000301,107595,331.8,12.82,0.014793,89033,313.7,47.36,0.058849,306.1,0.000000,100.0,55140,889.7,65183,289.9,0.69,0.000470,70087,294.2,9.65,0.008190,89468,313.1,15.60,0.019511
667.13,0.0096685,0.052914,89424,91029,90101,90237,305.6,667.1,0.000000,284.9,506420,586.5,115882,341.7,-0.57,-0.000586,107429,331.2,-15.77,-0.018212,90013,315.6,-72.88,-0.091017,487.1,0.010993,291.0,66670,345.2,66985,290.9,14.85,0.010291,72649,298.1,43.01,0.037302,87763,312.2,60.29,0.074211,127.1,0.000000,104.3,492653,1601.8,111075,337.4,0.20,0.000195,108136,332.2,12.58,0.014565,88996,313.6,46.88,0.058252,307.1,0.000000,465.4,54200,885.3,65479,290.3,0.92,0.000624,70170,294.3,10.82,0.009189,89454,313.1,17.07,0.021359
668.12,0.0096829,0.052926,89579,90951,90017,90231,305.5,668.1,0.000000,2856.3,523392,591.5,115444,341.3,-0.78,-0.000791,106999,330.8,-17.27,-0.019894,89930,315.3,-72.98,-0.091131,488.1,0.010642,290.5,66237,344.6,66633,290.5,14.40,0.009946,73405,299.0,44.56,0.038928,87673,312.1,61.00,0.075026,128.1,0.000000,755.3,488335,1598.1,111123,337.5,0.12,0.000115,108710,332.7,12.33,0.014335,88934,313.4,46.52,0.057807,308.1,0.000000,683.7,53517,881.8,65845,290.7,1.15,0.000782,70265,294.4,12.01,0.010207,89420,313.0,18.42,0.023038
669.12,0.0096974,0.052931,89826,90833,89907,90225,305.4,669.1,0.000000,216.8,541169,596.5,114885,340.9,-1.00,-0.001015,106568,330.4,-18.79,-0.021587,89825,315.1,-72.99,-0.091108,489.1,0.010657,290.0,65821,344.0,66315,290.1,14.59,0.010044,74165,299.9,46.01,0.040497,87562,311.9,61.59,0.075698,129.1,0.000000,130.2,484135,1594.4,111145,337.5,0.06,0.000059,109319,333.3,12.07,0.014093,88851,313.2,46.27,0.057474,309.1,0.000000,100.0,52602,877.4,66280,291.3,1.37,0.000939,70374,294.5,13.23,0.011259,89361,312.9,19.61,0.024522
670.12,0.0097118,0.052925,90114,90694,89778,90217,305.3,670.1,0.000000,100.0,559794,601.7,114205,340.3,-1.23,-0.001247,106130,330.0,-20.36,-0.023312,89700,314.8,-72.95,-0.091011,490.1,0.011009,289.4,65424,343.4,66015,289.7,15.41,0.010574,74936,300.8,47.43,0.042053,87433,311.8,62.09,0.076243,130.1,0.000000,100.0,480048,1590.7,111154,337.5,0.03,0.000026,109957,333.8,11.80,0.013837,88754,313.0,46.08,0.057217,310.1,0.000000,293.9,51943,874.0,66777,291.9,1.57,0.001082,70503,294.7,14.51,0.012359,89280,312.7,20.65,0.025812
671.11,0.0097263,0.052910,90360,90552,89636,90209,305.1,671.1,0.000000,436.4,579312,607.0,113410,339.6,-1.46,-0.001471,105679,329.6,-21.97,-0.025079,89554,314.5,-72.85,-0.090832,491.1,0.011749,288.9,65051,342.8,65765,289.4,16.81,0.011502,75725,301.7,48.84,0.043629,87289,311.6,62.53,0.076701,131.1,0.000000,100.0,476066,1587.1,111160,337.5,0.02,0.000017,110619,334.4,11.53,0.013570,88642,312.7,45.91,0.056979,311.1,0.000000,5628.1,51057,869.6,67322,292.6,1.73,0.001199,70657,294.9,15.84,0.013522,89183,312.5,21.54,0.026913
672.11,0.0097407,0.052887,90592,90408,89484,90201,305.0,672.1,0.000000,316.4,599770,612.3,112513,338.8,-1.67,-0.001671,105206,329.2,-23.63,-0.026892,89393,314.2,-72.70,-0.090560,492.1,0.012881,288.4,64706,342.3,65627,289.2,18.96,0.012955,76536,302.6,50.27,0.045245,87138,311.3,62.93,0.077113,132.1,0.000000,157.6,472185,1583.6,111176,337.5,0.03,0.000029,111291,335.0,11.25,0.013305,88522,312.5,45.73,0.056722,312.1,0.000000,100.0,50168,865.1,67900,293.3,1.84,0.001281,70841,295.1,17.26,0.014757,89071,312.3,22.29,0.027836
673.11,0.0097552,0.052856,90830,90263,89327,90192,304.8,673.1,0.000000,100.0,621218,617.8,111535,338.0,-1.85,-0.001839,104703,328.8,-25.34,-0.028744,89219,313.9,-72.47,-0.090183,493.1,0.014694,288.2,64397,341.8,65562,289.1,21.99,0.015010,77369,303.5,51.71,0.046903,86983,311.1,63.29,0.077475,133.1,0.000000,100.0,468398,1580.2,111211,337.6,0.06,0.000061,111960,335.5,10.99,0.013052,88396,312.2,45.51,0.056413,313.1,0.000000,651.5,49537,861.6,68492,294.0,1.89,0.001324,71062,295.3,18.76,0.016072,88946,312.1,22.93,0.028613
674.10,0.0097696,0.052816,91056,90122,89170,90183,304.7,674.1,0.000000,365.6,643707,623.4,110496,337.1,-2.00,-0.001970,104162,328.3,-27.10,-0.030620,89037,313.7,-72.17,-0.089695,494.1,0.017191,288.0,64129,341.3,65605,289.1,26.09,0.017818,78217,304.5,53.16,0.048593,86829,310.9,63.62,0.077792,134.1,0.000000,100.0,464700,1576.7,111277,337.6,0.12,0.000114,112606,336.1,10.77,0.012842,88267,312.0,45.22,0.056015,314.1,0.000000,100.0,48649,857.1,69083,294.7,1.88,0.001330,71323,295.6,20.33,0.017463,88813,311.9,23.47,0.029265
675.10,0.0097840,0.052770,91257,89991,89018,90173,304.5,675.1,0.000000,173.0,667290,629.1,109417,336.2,-2.10,-0.002062,103580,327.8,-28.88,-0.032499,88853,313.4,-71.77,-0.089088,495.1,0.020473,288.1,63912,340.9,65779,289.4,31.32,0.021433,79068,305.4,54.60,0.050295,86679,310.7,63.91,0.078067,135.1,0.000000,433.8,461086,1573.4,111382,337.7,0.19,0.000187,113203,336.6,10.62,0.012707,88144,311.7,44.84,0.055521,315.1,0.000000,721.1,48559,855.8,69659,295.4,1.84,0.001305,71626,296.0,21.95,0.018920,88681,311.7,23.94,0.029825
676.10,0.0097985,0.052717,91431,89875,88876,90162,304.4,676.1,0.000000,100.0,692022,634.9,108316,335.2,-2.18,-0.002119,102954,327.2,-30.66,-0.034358,88671,313.2,-71.28,-0.088365,496.1,0.024456,288.5,63754,340.6,66052,289.7,37.40,0.025665,79904,306.4,56.01,0.051981,86537,310.5,64.16,0.078308,136.1,0.000000,733.9,457550,1570.0,111534,337.8,0.27,0.000272,113751,337.1,10.52,0.012628,88037,311.5,44.37,0.054918,316.1,0.000000,213.6,49647,859.4,70215,296.1,1.77,0.001261,71969,296.4,23.61,0.020419,88552,311.4,24.37,0.030345
677.09,0.0098129,0.052659,91583,89775,88745,90151,304.2,677.1,0.000000,100.0,717960,640.8,107208,334.2,-2.22,-0.002146,102285,326.6,-32.43,-0.036170,88498,313.0,-70.70,-0.087528,497.1,0.028826,289.1,63657,340.3,66380,290.1,43.81,0.030173,80709,307.2,57.37,0.053625,86405,310.3,64.39,0.078524,137.1,0.000000,237.3,454086,1566.7,111737,338.0,0.37,0.000366,114244,337.5,10.46,0.012599,87951,311.2,43.82,0.054219,317.1,0.000000,100.0,52317,869.6,70746,296.7,1.68,0.001206,72346,296.8,25.26,0.021926,88431,311.2,24.79,0.030838
678.09,0.0098274,0.052597,91714,89692,88631,90140,304.1,678.1,0.000000,100.0,745162,646.8,106106,333.2,-2.24,-0.002148,101578,325.9,-34.16,-0.037909,88337,312.8,-70.01,-0.086582,498.1,0.033165,289.9,63621,340.0,66698,290.5,49.92,0.034498,81468,308.1,58.66,0.055200,86286,310.0,64.60,0.078717,138.1,0.000000,602.3,450691,1563.5,111990,338.2,0.47,0.000464,114678,337.8,10.41,0.012578,87884,311.0,43.19,0.053434,318.1,0.000000,392.2,56248,885.0,71253,297.3,1.60,0.001151,72750,297.3,26.85,0.023398,88319,311.0,25.18,0.031308
679.09,0.0098418,0.052531,91820,89626,88556,90128,304.1,679.1,0.000000,100.0,773675,652.9,105020,332.2,-2.24,-0.002131,100835,325.3,-35.82,-0.039544,88196,312.6,-69.21,-0.085516,499.1,0.037124,290.8,63641,339.8,67019,290.9,55.46,0.038459,82167,308.8,59.87,0.056685,86187,309.8,64.79,0.078914,139.1,0.000000,582.9,447359,1560.3,112295,338.5,0.56,0.000563,115042,338.1,10.38,0.012567,87844,310.8,42.50,0.052599,319.1,0.000000,100.0,60706,901.8,71739,297.9,1.52,0.001101,73170,297.8,28.33,0.024788,88224,310.8,25.57,0.031780
680.08,0.0098563,0.052463,91901,89580,88538,90115,304.0,680.1,0.000000,100.0,803537,659.1,103954,331.3,-2.22,-0.002102,100062,324.6,-37.38,-0.041047,88088,312.4,-68.21,-0.084219,500.1,0.040683,291.7,63712,339.7,67363,291.3,60.39,0.042032,82796,309.5,60.99,0.058057,86118,309.6,65.01,0.079167,140.1,0.000000,937.1,444088,1557.1,112650,338.8,0.66,0.000660,115332,338.4,10.37,0.012572,87856,310.6,41.82,0.051786,320.1,0.000000,119.1,65635,919.3,72208,298.5,1.46,0.001060,73598,298.3,29.63,0.026042,88155,310.6,26.00,0.032306
681.08,0.0098707,0.052393,91958,89558,88575,90101,304.1,681.1,0.000000,154.7,834807,665.4,102912,330.3,-2.20,-0.002067,99261,323.8,-38.83,-0.042388,88032,312.3,-66.97,-0.082666,501.1,0.043875,292.6,63829,339.6,67737,291.8,64.74,0.045240,83338,310.1,61.99,0.059285,86087,309.5,65.28,0.079507,141.1,0.000000,357.6,440874,1553.9,113053,339.1,0.75,0.000754,115550,338.6,10.37,0.012589,87928,310.5,41.13,0.050991,321.1,0.000000,395.8,70863,936.6,72666,299.0,1.41,0.001031,74029,298.8,30.73,0.027116,88120,310.4,26.50,0.032933
682.07,0.0098850,0.052322,91988,89551,88645,90086,304.1,682.1,0.000000,555.9,867548,671.8,101891,329.4,-2.18,-0.002032,98434,323.1,-40.13,-0.043542,88030,312.2,-65.54,-0.080921,502.1,0.046748,293.5,63988,339.5,68145,292.3,68.58,0.048131,83790,310.6,62.88,0.060368,86094,309.3,65.58,0.079923,142.1,0.000000,100.0,437709,1550.8,113501,339.5,0.84,0.000843,115705,338.7,10.37,0.012605,88050,310.5,40.40,0.050165,322.1,0.000000,100.0,76380,953.5,73122,299.6,1.39,0.001020,74458,299.2,31.57,0.027978,88118,310.3,27.12,0.033721
683.20,0.0099015,0.052242,91988,89555,88772,90068,304.3,683.2,0.000000,199.1,906847,679.3,100748,328.3,-2.16,-0.001997,97459,322.1,-41.40,-0.044605,88101,312.2,-63.78,-0.078811,503.2,0.049538,294.6,64217,339.5,68662,292.9,72.47,0.051137,84197,311.0,63.82,0.061491,86139,309.1,65.96,0.080469,143.2,0.000000,470.5,434142,1547.3,114064,340.0,0.93,0.000937,115816,338.8,10.36,0.012605,88239,310.5,39.47,0.049120,323.2,0.000065,300.5,82734,971.4,73628,300.1,1.42,0.001047,74947,299.8,32.23,0.028695,88151,310.1,27.98,0.034816
684.19,0.0099158,0.052173,91959,89568,88930,90050,304.4,684.2,0.000000,3076.4,942949,685.9,99762,327.4,-2.16,-0.001977,96584,321.3,-42.32,-0.045300,88238,312.3,-62.15,-0.076895,504.2,0.052125,295.5,64456,339.6,69163,293.5,75.55,0.053588,84434,311.2,64.70,0.062467,86215,309.0,66.33,0.081025,144.2,0.000000,420.1,431060,1544.2,114597,340.5,1.00,0.001011,115860,338.8,10.33,0.012575,88444,310.5,38.57,0.048106,324.2,0.000274,301.3,88312,985.6,74035,300.6,1.54,0.001140,75376,300.3,32.55,0.029096,88212,310.0,28.85,0.035946
685.18,0.0099302,0.052107,91907,89591,89077,90031,304.6,685.2,0.000000,238.9,980720,692.6,98780,326.5,-2.16,-0.001971,95693,320.5,-43.05,-0.045774,88414,312.4,-60.49,-0.074960,505.2,0.054416,296.5,64730,339.7,69713,294.2,78.41,0.055933,84617,311.4,65.59,0.063424,86323,309.0,66.74,0.081649,145.2,0.000000,100.0,428010,1541.1,115162,340.9,1.06,0.001074,115873,338.8,10.25,0.012471,88673,310.5,37.55,0.046955,325.2,0.000287,302.1,93850,998.7,74496,301.2,1.69,0.001259,75811,300.8,32.65,0.029305,88293,310.0,29.82,0.037189
686.17,0.0099445,0.052044,91837,89626,89179,90011,304.7,686.2,0.000000,2532.6,1020227,699.4,97793,325.5,-2.19,-0.001983,94789,319.6,-43.59,-0.046037,88582,312.5,-58.92,-0.073113,506.2,0.056638,297.5,65038,339.8,70309,294.9,81.10,0.058210,84725,311.5,66.45,0.064316,86431,308.9,67.09,0.082189,146.2,0.000000,403.9,424985,1538.1,115750,341.4,1.10,0.001122,115856,338.8,10.10,0.012287,88896,310.6,36.35,0.045556,326.2,0.000281,302.8,99213,1010.4,75021,301.8,1.86,0.001389,76245,301.2,32.53,0.029324,88369,309.9,30.77,0.038419
687.16,0.0099589,0.051984,91751,89668,89256,89990,304.7,687.2,0.000000,100.0,1061538,706.2,96793,324.6,-2.24,-0.002011,93881,318.8,-43.96,-0.046103,88717,312.6,-57.46,-0.071390,507.2,0.058812,298.5,65379,340.0,70949,295.6,83.66,0.060433,84748,311.5,67.36,0.065213,86520,308.9,67.35,0.082606,147.2,0.000000,100.0,421981,1535.0,116352,341.9,1.12,0.001152,115806,338.8,9.89,0.012035,89098,310.6,34.93,0.043877,327.2,0.000248,303.5,104069,1020.2,75623,302.4,2.02,0.001517,76679,301.7,32.23,0.029170,88429,309.8,31.67,0.039585
688.15,0.0099733,0.051928,91650,89711,89330,89969,304.8,688.2,0.000000,228.2,1104717,713.2,95770,323.6,-2.31,-0.002054,92974,317.9,-44.16,-0.045997,88825,312.7,-56.09,-0.069756,508.2,0.060935,299.6,65753,340.2,71621,296.4,86.06,0.062587,84677,311.4,68.32,0.066108,86593,308.8,67.55,0.082937,148.2,0.000000,100.0,418991,1532.0,116957,342.4,1.13,0.001160,115737,338.7,9.64,0.011719,89285,310.6,33.36,0.041978,328.2,0.000180,304.3,108655,1028.8,76310,303.2,2.16,0.001636,77105,302.2,31.74,0.028841,88474,309.7,32.55,0.040716
689.15,0.0099876,0.051877,91536,89756,89396,89948,304.9,689.1,0.000000,100.0,1149823,720.2,94721,322.6,-2.39,-0.002110,92077,317.0,-44.23,-0.045744,88918,312.8,-54.78,-0.068185,509.1,0.063001,300.7,66159,340.4,72328,297.3,88.32,0.064687,84519,311.2,69.37,0.067033,86655,308.8,67.72,0.083213,149.1,0.000000,374.7,416010,1528.9,117554,342.9,1.11,0.001148,115664,338.7,9.33,0.011333,89460,310.7,31.66,0.039918,329.1,0.000072,305.1,112132,1034.8,77094,304.1,2.27,0.001733,77520,302.6,31.09,0.028361,88511,309.6,33.42,0.041835
690.14,0.0100020,0.051831,91412,89822,89444,89926,304.9,690.1,0.000000,100.0,1196889,727.4,93641,321.5,-2.48,-0.002174,91194,316.2,-44.17,-0.045368,89002,312.8,-53.55,-0.066710,510.1,0.065006,301.8,66597,340.7,73055,298.1,90.41,0.066691,84290,311.0,70.55,0.068052,86706,308.7,67.85,0.083436,150.1,0.000000,374.6,413032,1525.9,118131,343.4,1.08,0.001114,115594,338.6,8.95,0.010873,89617,310.7,29.86,0.037720,330.1,-0.000028,930.4,115842,1040.9,77977,305.1,2.33,0.001794,77926,303.1,30.34,0.027776,88535,309.5,34.27,0.042929
691.13,0.0100163,0.051790,91281,89919,89468,89905,304.9,691.1,0.000000,181.9,1245914,734.5,92532,320.4,-2.58,-0.002239,90332,315.3,-44.01,-0.044898,89076,312.9,-52.45,-0.065377,511.1,0.066889,302.9,67065,341.1,73781,299.0,92.25,0.068529,83993,310.6,71.87,0.069152,86744,308.7,67.95,0.083597,151.1,0.000000,315.2,410056,1522.8,118677,343.9,1.02,0.001057,115530,338.5,8.51,0.010331,89750,310.7,27.99,0.035400,331.1,-0.000098,930.8,119107,1045.9,78957,306.4,2.31,0.001794,78317,303.5,29.51,0.027118,88543,309.3,35.10,0.043987
692.12,0.0100307,0.051754,91147,90006,89455,89883,304.9,692.1,0.000000,100.0,1296992,742.9,91396,319.3,-2.67,-0.002302,89499,314.5,-43.76,-0.044346,89133,312.9,-51.51,-0.064246,512.1,0.068578,304.0,67561,341.4,74490,299.8,93.76,0.070125,83633,310.2,73.30,0.070317,86763,308.7,67.99,0.083672,152.1,0.000000,10896.1,407081,1519.7,119178,344.3,0.94,0.000977,115478,338.5,7.99,0.009702,89851,310.7,26.02,0.032954,332.1,-0.000190,931.6,122054,1050.0,80021,307.8,2.18,0.001705,78689,303.9,28.65,0.026418,88530,309.2,35.87,0.044975
693.11,0.0100451,0.051723,91012,90062,89395,89862,304.8,693.1,0.000000,212.0,1350874,750.7,90238,318.1,-2.76,-0.002357,88685,313.7,-43.43,-0.043724,89155,312.9,-50.80,-0.063378,513.1,0.065512,305.3,68035,341.8,75970,301.6,92.45,0.070090,83221,309.8,74.81,0.071522,86754,308.6,67.95,0.083627,153.1,0.000000,439.0,404104,1516.6,119624,344.7,0.84,0.000875,115440,338.5,7.40,0.008977,89912,310.6,23.95,0.030360,333.1,-0.000309,933.0,123838,1051.7,81143,309.4,1.88,0.001487,79046,304.3,27.79,0.025705,88486,309.0,36.57,0.045840
694.10,0.0100594,0.051698,90879,90104,89307,89842,304.8,694.1,0.000000,952.6,1408753,759.5,89065,317.0,-2.84,-0.002399,87900,312.9,-43.05,-0.043064,89133,312.9,-50.34,-0.062790,514.1,0.070674,306.1,68573,342.2,76414,302.1,94.18,0.071704,82779,309.3,76.39,0.072758,86717,308.6,67.81,0.083435,154.1,0.000000,100.0,401125,1513.5,120005,345.0,0.72,0.000755,115415,338.5,6.72,0.008160,89932,310.5,21.78,0.027618,334.1,-0.000461,934.3,125709,1053.5,82306,311.2,1.42,0.001134,79391,304.7,26.95,0.025010,88410,308.9,37.16,0.046566
695.09,0.0100738,0.051677,90749,90140,89214,89823,304.7,695.1,0.000000,149.3,1471951,770.0,87885,315.7,-2.90,-0.002426,87147,312.2,-42.63,-0.042379,89083,312.8,-50.00,-0.062346,515.1,0.067091,321.2,69082,342.6,78061,304.1,91.49,0.070685,82331,308.8,78.01,0.074016,86664,308.5,67.57,0.083109,155.1,0.000000,1167.7,398140,1510.4,120316,345.2,0.60,0.000625,115401,338.4,5.97,0.007250,89926,310.5,19.53,0.024771,335.1,-0.000647,936.0,127444,1054.9,83485,313.3,0.79,0.000630,79729,305.1,26.17,0.024357,88314,308.7,37.69,0.047202
696.08,0.0100881,0.051661,90626,90162,89122,89805,304.6,696.1,0.000000,100.0,1541887,782.8,86707,314.5,-2.93,-0.002435,86427,311.5,-42.18,-0.041687,89028,312.8,-49.76,-0.062017,516.1,0.072095,308.1,69654,343.1,78238,304.3,93.11,0.072060,81900,308.3,79.63,0.075285,86603,308.4,67.28,0.082717,156.1,0.000000,473.9,395142,1507.2,120556,345.4,0.47,0.000490,115395,338.4,5.15,0.006243,89907,310.4,17.23,0.021849,336.1,-0.000869,937.8,128186,1054.3,84659,315.6,-0.02,-0.000020,80060,305.4,25.46,0.023770,88206,308.6,38.19,0.047796
697.07,0.0101025,0.051650,90508,90167,89029,89789,304.5,697.1,0.000000,232.3,1620065,798.4,85541,313.3,-2.95,-0.002426,85732,310.8,-41.70,-0.040974,88977,312.7,-49.63,-0.061834,517.1,0.072175,308.8,70236,343.5,78564,304.6,93.87,0.072870,81504,307.8,81.24,0.076542,86536,308.3,66.98,0.082303,157.1,0.000000,100.0,392128,1504.1,120726,345.6,0.34,0.000357,115390,338.4,4.23,0.005132,89879,310.3,14.86,0.018850,337.1,-0.001129,939.5,128002,1051.9,85813,318.2,-0.99,-0.000806,80386,305.8,24.84,0.023260,88092,308.4,38.67,0.048367
698.20,0.0101189,0.051643,90385,90155,88931,89771,304.4,698.2,0.000000,467.4,1721472,820.3,84235,311.9,-2.94,-0.002394,84962,310.0,-41.12,-0.040136,88923,312.6,-49.63,-0.061814,518.2,0.068297,309.8,70864,344.1,79928,306.3,91.49,0.071867,81106,307.4,82.99,0.077934,86454,308.3,66.64,0.081841,158.2,0.000000,100.0,388669,1500.4,120837,345.6,0.20,0.000209,115386,338.4,3.07,0.003719,89845,310.2,12.08,0.015315,338.2,-0.001445,941.5,127793,1049.2,87090,321.6,-2.27,-0.001851,80761,306.2,24.25,0.022782,87960,308.3,39.22,0.049009
699.19,0.0101332,0.051640,90289,90135,88861,89758,304.3,699.2,0.000000,100.0,1822532,843.6,83125,310.8,-2.91,-0.002347,84307,309.3,-40.57,-0.039381,88883,312.6,-49.80,-0.062004,519.2,0.072197,310.5,71464,344.6,80158,306.5,92.16,0.072542,80812,307.0,84.45,0.079100,86383,308.2,66.39,0.081482,159.2,0.000000,572.9,385635,1497.2,120864,345.7,0.08,0.000083,115383,338.4,1.94,0.002360,89821,310.2,9.56,0.012117,339.2,-0.001796,943.3,126938,1045.4,88156,324.9,-3.52,-0.002872,81098,306.5,23.82,0.022448,87851,308.1,39.72,0.049580
700.18,0.0101475,0.051641,90207,90107,88811,89746,304.3,700.2,0.000000,100.0,1936760,871.2,82050,309.6,-2.87,-0.002288,83663,308.7,-39.99,-0.038607,88845,312.5,-50.09,-0.062356,520.2,0.067410,311.3,72022,345.0,81453,308.1,89.25,0.071035,80570,306.7,85.83,0.080229,86316,308.1,66.20,0.081192,160.2,0.000000,100.0,382595,1494.0,120834,345.6,-0.03,-0.000028,115379,338.4,0.74,0.000895,89814,310.2,6.95,0.008812,340.2,-0.002157,944.8,126942,1043.3,89169,328.6,-4.87,-0.003980,81454,306.9,23.46,0.022176,87752,308.1,40.23,0.050181
701.16,0.0101618,0.051644,90142,90071,88780,89735,304.2,701.2,0.000000,752.4,2065675,903.5,81017,308.5,-2.80,-0.002215,83029,308.0,-39.38,-0.037809,88811,312.5,-50.45,-0.062780,521.2,0.071553,311.9,72632,345.6,81564,308.2,89.87,0.071604,80378,306.5,87.14,0.081324,86262,308.1,66.07,0.080989,161.2,0.000000,206.1,379548,1490.7,120750,345.6,-0.13,-0.000133,115370,338.4,-0.54,-0.000656,89828,310.2,4.25,0.005388,341.2,-0.002566,945.7,127129,1041.5,90135,332.8,-6.35,-0.005177,81837,307.3,23.13,0.021940,87671,308.0,40.78,0.050821
702.15,0.0101761,0.051649,90099,90028,88796,89726,304.3,702.1,0.000000,607.3,2210666,940.6,80030,307.4,-2.72,-0.002130,82398,307.3,-38.74,-0.036984,88796,312.4,-50.81,-0.063225,522.1,0.066594,312.6,73198,346.0,82793,309.6,86.67,0.069768,80238,306.3,88.37,0.082379,86229,308.1,66.02,0.080894,162.1,0.000000,184.2,376487,1487.4,120611,345.5,-0.23,-0.000237,115353,338.4,-1.87,-0.002270,89784,310.1,1.23,0.001565,342.1,-0.003009,946.6,126645,1038.4,91051,337.5,-7.93,-0.006439,82256,307.8,22.81,0.021711,87615,308.0,41.37,0.051526
703.13,0.0101903,0.051655,90083,89983,88815,89719,304.3,703.1,0.000000,193.2,2372952,982.9,79094,306.4,-2.62,-0.002036,81766,306.7,-38.05,-0.036128,88806,312.4,-51.15,-0.063655,523.1,0.070345,313.1,73811,346.6,82820,309.6,87.20,0.070217,80148,306.1,89.49,0.083374,86209,308.2,66.03,0.080871,163.1,0.000000,669.8,373411,1484.1,120425,345.3,-0.31,-0.000330,115322,338.4,-3.23,-0.003918,89642,310.0,-2.11,-0.002677,343.1,-0.003482,947.6,125756,1034.4,91916,342.8,-9.59,-0.007741,82723,308.2,22.45,0.021459,87580,308.0,42.00,0.052286
704.12,0.0102046,0.051662,90083,89941,88842,89714,304.3,704.1,0.000000,314.3,2553506,1030.5,78208,305.4,-2.51,-0.001936,81131,306.0,-37.32,-0.035238,88823,312.4,-51.49,-0.064094,524.1,0.065291,313.7,74381,347.1,83980,310.9,84.00,0.068292,80113,306.1,90.49,0.084292,86194,308.2,66.07,0.080894,164.1,0.000000,194.3,370317,1480.8,120198,345.1,-0.39,-0.000411,115281,338.3,-4.60,-0.005579,89594,309.9,-5.26,-0.006659,344.1,-0.003984,948.4,124726,1030.2,92735,348.8,-11.32,-0.009061,83256,308.8,22.04,0.021166,87550,308.0,42.62,0.053038
705.10,0.0102188,0.051668,90085,89910,88880,89710,304.3,705.1,0.000000,172.1,2752989,1083.2,77375,304.5,-2.40,-0.001834,80490,305.4,-36.55,-0.034313,88850,312.4,-51.82,-0.064520,525.1,0.068826,314.2,74996,347.6,83977,310.9,84.43,0.068650,80133,306.0,91.34,0.085104,86191,308.3,66.16,0.080979,165.1,0.000000,305.0,366464,1476.8,119937,344.9,-0.46,-0.000479,115231,338.3,-5.95,-0.007213,89593,310.0,-8.29,-0.010488,345.1,-0.004518,949.0,123502,1025.6,93517,355.5,-13.11,-0.010386,83873,309.5,21.57,0.020821,87530,308.1,43.25,0.053798
706.08,0.0102331,0.051674,90089,89885,88931,89708,304.4,706.1,0.000000,429.3,2971676,1141.1,76591,303.6,-2.28,-0.001732,79841,304.7,-35.74,-0.033352,88888,312.5,-52.13,-0.064930,526.1,0.063769,314.7,75568,348.1,85102,312.2,81.26,0.066679,80209,306.1,91.98,0.085776,86204,308.4,66.28,0.081112,166.1,0.000000,147.0,362439,1472.6,119649,344.7,-0.51,-0.000534,115171,338.2,-7.25,-0.008783,89618,310.0,-11.24,-0.014222,346.1,-0.005069,949.7,121828,1020.0,94265,363.1,-14.95,-0.011682,84587,310.2,21.01,0.020401,87523,308.2,43.89,0.054570
707.07,0.0102474,0.051680,90092,89867,88994,89707,304.5,707.1,0.000000,301.6,3209408,1203.8,75855,302.7,-2.16,-0.001633,79184,304.0,-34.88,-0.032359,88937,312.5,-52.41,-0.065312,527.1,0.067144,315.2,76184,348.6,85097,312.1,81.62,0.066986,80339,306.2,92.40,0.086280,86231,308.6,66.43,0.081284,167.1,0.000000,338.3,358350,1468.4,119338,344.4,-0.56,-0.000581,115103,338.2,-8.47,-0.010254,89653,310.1,-14.09,-0.017837,347.1,-0.005671,949.8,122291,1018.6,95007,371.6,-16.85,-0.012969,85400,311.0,20.33,0.019876,87528,308.3,44.53,0.055361
708.19,0.0102637,0.051687,90091,89859,89079,89708,304.5,708.2,0.000000,371.9,3503580,1281.2,75071,301.9,-2.03,-0.001523,78427,303.2,-33.85,-0.031189,89004,312.6,-52.70,-0.065704,528.2,0.062592,315.8,76846,349.2,86189,313.3,78.59,0.065071,80540,306.3,92.59,0.086634,86273,308.8,66.65,0.081535,168.2,0.000000,318.5,353613,1463.4,118957,344.1,-0.60,-0.000629,115009,338.1,-9.75,-0.011800,89694,310.2,-17.18,-0.021752,348.2,-0.006402,949.5,123246,1017.7,95891,382.8,-19.18,-0.014462,86445,312.1,19.40,0.019133,87550,308.4,45.29,0.056291
709.18,0.0102779,0.051693,90079,89863,89166,89709,304.6,709.2,0.000000,100.0,3779237,1353.3,74431,301.1,-1.92,-0.001429,77760,302.4,-32.92,-0.030140,89073,312.6,-52.91,-0.066004,529.2,0.065281,316.3,77465,349.7,86243,313.3,78.83,0.065305,80757,306.5,92.67,0.086879,86318,308.9,66.88,0.081816,169.2,0.000000,3369.8,349411,1459.0,118600,343.8,-0.65,-0.000670,114910,338.0,-10.76,-0.013015,89729,310.3,-19.69,-0.024929,349.2,-0.007213,949.4,124148,1017.2,96719,394.1,-21.37,-0.015786,87453,313.2,18.45,0.018354,87584,308.6,45.97,0.057133
710.16,0.0102922,0.051699,90056,89856,89269,89712,304.7,710.2,0.000000,100.0,4070011,1429.1,73834,300.4,-1.81,-0.001339,77094,301.7,-31.95,-0.029074,89155,312.7,-53.07,-0.066257,530.2,0.060343,316.8,78041,350.2,87270,314.5,76.06,0.063535,80997,306.7,92.66,0.087066,86374,309.1,67.16,0.082166,170.2,0.000000,100.0,345158,1454.5,118221,343.5,-0.69,-0.000714,114795,337.9,-11.66,-0.014091,89767,310.4,-21.97,-0.027828,350.2,-0.008028,949.6,124701,1016.0,97606,407.0,-23.68,-0.017100,88528,314.3,17.39,0.017449,87633,308.7,46.68,0.058015
711.15,0.0103065,0.051707,90022,89830,89387,89715,304.8,711.1,0.000000,137.6,4373442,1507.8,73278,299.8,-1.70,-0.001252,76432,301.0,-30.96,-0.027998,89252,312.8,-53.19,-0.066461,531.1,0.063600,317.4,78663,350.7,87381,314.6,76.26,0.063768,81230,307.0,92.45,0.087057,86440,309.3,67.50,0.082600,171.1,0.000000,165.0,340860,1449.9,117815,343.2,-0.74,-0.000763,114665,337.8,-12.43,-0.015019,89815,310.5,-24.02,-0.030425,351.1,-0.008887,950.1,124836,1014.1,98549,421.5,-26.11,-0.018374,89649,315.4,16.22,0.016422,87696,308.9,47.42,0.058943
712.13,0.0103208,0.051715,89973,89796,89514,89718,305.0,712.1,0.000000,385.1,4686602,1589.0,72761,299.2,-1.60,-0.001169,75778,300.3,-29.95,-0.026919,89365,312.9,-53.28,-0.066629,532.1,0.058712,318.0,79243,351.3,88402,315.7,73.69,0.062117,81471,307.1,91.96,0.086801,86517,309.5,67.90,0.083113,172.1,0.000000,1140.4,336526,1445.3,117380,342.8,-0.79,-0.000818,114521,337.7,-13.09,-0.015796,89877,310.6,-25.84,-0.032736,352.1,-0.009775,951.0,124354,1011.0,99539,437.9,-28.60,-0.019573,90794,316.5,14.95,0.015274,87770,309.1,48.19,0.059908
713.12,0.0103350,0.051726,89904,89761,89651,89722,305.1,713.1,0.000000,100.0,5006249,1671.9,72279,298.6,-1.50,-0.001092,75137,299.6,-28.93,-0.025842,89490,313.0,-53.34,-0.066775,533.1,0.057891,318.6,79825,351.8,89525,316.9,71.01,0.060386,81737,307.4,91.20,0.086304,86604,309.7,68.35,0.083697,173.1,0.000000,737.5,332179,1440.6,116912,342.4,-0.86,-0.000880,114363,337.6,-13.63,-0.016430,89954,310.8,-27.46,-0.034803,353.1,-0.010674,952.2,123333,1007.0,100561,456.1,-31.13,-0.020661,91940,317.7,13.59,0.014009,87855,309.3,48.98,0.060910
714.10,0.0103493,0.051739,89808,89721,89825,89726,305.3,714.1,0.000000,100.0,5328808,1755.8,71830,298.1,-1.41,-0.001020,74511,298.9,-27.90,-0.024775,89632,313.1,-53.36,-0.066879,534.1,0.061046,319.2,80452,352.3,89560,316.9,71.61,0.060918,82046,307.6,90.21,0.085612,86707,309.9,68.87,0.084372,174.1,0.000000,256.7,327820,1435.8,116410,342.0,-0.92,-0.000946,114188,337.4,-14.07,-0.016941,90055,311.0,-28.90,-0.036645,354.1,-0.011570,953.6,121714,1001.9,101602,476.3,-33.64,-0.021608,93067,318.8,12.14,0.012628,87955,309.5,49.81,0.061976
715.09,0.0103636,0.051756,89686,89678,90062,89730,305.5,715.1,0.000000,100.0,5650454,1840.1,71410,297.6,-1.32,-0.000955,73903,298.2,-26.88,-0.023723,89809,313.3,-53.30,-0.066898,535.1,0.056356,319.9,81040,352.8,90657,318.0,69.18,0.059356,82415,308.0,89.04,0.084790,86843,310.1,69.50,0.085215,175.1,0.000000,417.5,323449,1431.0,115873,341.5,-0.99,-0.001013,113996,337.2,-14.42,-0.017340,90199,311.2,-30.12,-0.038230,355.1,-0.012445,955.4,119508,995.7,102647,498.3,-36.10,-0.022387,94159,319.8,10.62,0.011134,88088,309.7,50.74,0.063186
716.07,0.0103779,0.051777,89545,89627,90314,89733,305.7,716.1,0.000000,100.0,5967188,1924.2,71015,297.1,-1.25,-0.000899,73316,297.5,-25.86,-0.022693,90023,313.5,-53.11,-0.066776,536.1,0.059488,320.5,81674,353.4,90822,318.2,69.52,0.059731,82824,308.3,87.69,0.083813,87011,310.3,70.24,0.086230,176.1,0.000000,705.9,319068,1426.2,115301,341.0,-1.06,-0.001079,113793,337.1,-14.67,-0.017626,90386,311.4,-31.13,-0.039559,356.1,-0.013283,957.4,116729,988.4,103683,522.2,-38.45,-0.022983,95205,320.8,9.02,0.009535,88256,310.0,51.78,0.064553
717.20,0.0103942,0.051808,89369,89554,90571,89736,306.0,717.2,0.000000,1284.9,6317953,2019.2,70589,296.6,-1.18,-0.000845,72674,296.8,-24.71,-0.021548,90284,313.7,-52.82,-0.066559,537.2,0.055296,321.3,82362,354.0,91868,319.3,67.46,0.058433,83325,308.8,85.95,0.082528,87207,310.6,71.12,0.087436,177.2,0.000000,100.0,314047,1420.6,114613,340.5,-1.13,-0.001146,113543,336.9,-14.87,-0.017837,90639,311.8,-32.24,-0.041034,357.2,-0.014118,960.2,112870,978.8,104843,551.5,-40.93,-0.023428,96333,321.9,7.12,0.007586,88456,310.2,52.98,0.066147
718.18,0.0104085,0.051840,89205,89480,90791,89738,306.2,718.2,0.000000,149.0,6610510,2100.6,70233,296.2,-1.13,-0.000807,72137,296.2,-23.73,-0.020581,90507,314.0,-52.56,-0.066347,538.2,0.054046,322.0,82964,354.5,92950,320.4,65.22,0.056954,83797,309.3,84.37,0.081349,87370,310.8,71.86,0.088440,178.2,0.000000,100.0,309642,1415.6,113986,339.9,-1.18,-0.001191,113308,336.7,-14.98,-0.017940,90876,312.1,-33.30,-0.042451,358.2,-0.014869,962.9,108921,969.2,105826,578.6,-42.88,-0.023611,97263,322.8,5.38,0.005773,88623,310.5,54.00,0.067493
719.17,0.0104228,0.051878,89036,89403,91012,89740,306.4,719.2,0.000000,501.6,6885494,2179.8,69891,295.8,-1.09,-0.000777,71626,295.6,-22.77,-0.019650,90722,314.2,-52.26,-0.066080,539.2,0.053299,333.1,83571,355.1,94069,321.5,62.88,0.055371,84292,309.7,82.76,0.080149,87528,311.0,72.56,0.089410,179.2,0.000000,100.0,305227,1410.6,113347,339.4,-1.21,-0.001221,113055,336.4,-15.04,-0.017989,91120,312.5,-34.46,-0.044000,359.2,-0.014095,587.2,105015,959.7,105004,596.2,-39.01,-0.020682,98147,323.6,3.57,0.003855,88782,310.7,54.99,0.068807
720.02,0.0104350,0.051915,88889,89343,91187,89741,306.6,0.0,0.000000,270.4,7104386,2245.5,69604,295.4,-1.07,-0.000757,71208,295.1,-21.97,-0.018882,90896,314.3,-51.96,-0.065794,540.0,0.055969,323.2,84130,355.6,94066,321.5,63.54,0.055958,84726,310.1,81.38,0.079112,87660,311.2,73.14,0.090202,180.0,0.000000,7315.2,301437,1406.2,112795,338.9,-1.23,-0.001232,112825,336.3,-15.07,-0.017998,91322,312.8,-35.53,-0.045424,360.0,-0.007534,592.9,102578,953.3,102671,599.1,-31.74,-0.016375,98878,324.3,1.95,0.002116,88910,310.9,55.83,0.069910
