theta_deg,t_s,mdot_restrictor_kg_s,p_plenum_exit_Pa,p_plenum_map_Pa,p_plenum_floor_Pa,p_plenum_mean_Pa,T_plenum_floor_K,phase1_deg,mdot_valve1_kg_s,T_valve1_K,p_cyl1_Pa,T_cyl1_K,p_port1_Pa,T_port1_K,u_port1_m_s,mdot_port1_kg_s,p_flange1_Pa,T_flange1_K,u_flange1_m_s,mdot_flange1_kg_s,p_mouth1_Pa,T_mouth1_K,u_mouth1_m_s,mdot_mouth1_kg_s,phase2_deg,mdot_valve2_kg_s,T_valve2_K,p_cyl2_Pa,T_cyl2_K,p_port2_Pa,T_port2_K,u_port2_m_s,mdot_port2_kg_s,p_flange2_Pa,T_flange2_K,u_flange2_m_s,mdot_flange2_kg_s,p_mouth2_Pa,T_mouth2_K,u_mouth2_m_s,mdot_mouth2_kg_s,phase3_deg,mdot_valve3_kg_s,T_valve3_K,p_cyl3_Pa,T_cyl3_K,p_port3_Pa,T_port3_K,u_port3_m_s,mdot_port3_kg_s,p_flange3_Pa,T_flange3_K,u_flange3_m_s,mdot_flange3_kg_s,p_mouth3_Pa,T_mouth3_K,u_mouth3_m_s,mdot_mouth3_kg_s,phase4_deg,mdot_valve4_kg_s,T_valve4_K,p_cyl4_Pa,T_cyl4_K,p_port4_Pa,T_port4_K,u_port4_m_s,mdot_port4_kg_s,p_flange4_Pa,T_flange4_K,u_flange4_m_s,mdot_flange4_kg_s,p_mouth4_Pa,T_mouth4_K,u_mouth4_m_s,mdot_mouth4_kg_s
1.10,0.0000216,0.045919,87678,87092,88710,87455,303.0,1.1,0.000000,100.0,8078663,2200.5,96664,336.6,1.26,0.001086,98117,323.9,24.34,0.026217,86221,303.1,62.05,0.077288,541.1,0.037018,348.5,121581,382.6,125349,348.1,35.20,0.038125,117807,347.2,39.52,0.047816,86709,304.7,63.77,0.079467,181.1,-0.000000,253.6,324195,1355.8,111296,354.6,0.79,0.000744,111266,341.8,5.43,0.006306,89897,305.6,3.04,0.003912,361.1,-0.002228,624.8,94795,875.5,95674,626.7,-4.40,-0.002024,104647,329.7,-3.95,-0.004455,89040,305.2,6.79,0.008673
2.14,0.0000420,0.046143,87540,86975,88887,87382,303.2,2.1,0.000000,630.2,8379422,2287.7,97598,337.4,1.46,0.001275,98621,324.4,23.94,0.025876,86234,303.1,63.15,0.078658,542.1,0.035799,348.9,122253,383.0,125951,348.5,33.73,0.036668,118169,347.5,37.58,0.045574,87015,304.8,61.12,0.076396,182.1,-0.000000,100.0,317452,1348.9,112056,355.3,0.96,0.000914,111176,341.8,4.83,0.005609,90087,305.8,-4.42,-0.005701,362.1,-0.000179,625.1,94748,873.4,94986,625.4,-0.20,-0.000090,105649,330.6,-6.01,-0.006828,89048,305.2,6.09,0.007775
3.08,0.0000603,0.046348,87402,86855,89040,87324,303.4,3.1,0.000000,328.6,8617783,2362.1,98606,338.4,1.72,0.001508,99067,324.8,23.44,0.025415,86277,303.3,64.05,0.079775,543.1,0.034294,349.2,122853,383.4,126497,348.9,32.25,0.035163,118466,347.7,35.81,0.043517,87280,304.9,58.78,0.073668,183.1,0.000000,183.9,311397,1342.7,112769,355.9,0.99,0.000945,111086,341.7,4.22,0.004899,90356,306.1,-12.00,-0.015503,363.1,0.000594,624.6,94611,870.8,94863,624.8,1.78,0.000812,106355,331.2,-7.66,-0.008747,89075,305.2,5.69,0.007268
4.12,0.0000807,0.046580,87237,86713,89220,87268,303.5,4.1,0.000000,1088.9,8842919,2439.7,99928,339.6,2.01,0.001784,99561,325.3,22.76,0.024763,86351,303.5,64.87,0.080799,544.1,0.033071,349.6,123517,383.9,126984,349.3,30.74,0.033616,118753,347.9,33.85,0.041209,87586,305.2,56.24,0.070676,184.1,-0.000000,316.6,304687,1335.7,113480,356.5,0.88,0.000844,110964,341.6,3.50,0.004055,90564,306.4,-20.60,-0.026659,364.1,0.001556,623.1,94406,866.8,94875,623.2,4.39,0.002011,106606,331.4,-8.38,-0.009578,89131,305.2,5.35,0.006842
5.16,0.0001012,0.046818,87065,86572,89374,87221,303.7,5.2,0.000000,411.5,9023201,2511.2,101410,341.0,2.22,0.001990,100048,325.8,21.99,0.024011,86441,303.8,65.43,0.081505,545.2,0.031502,349.9,124176,384.3,127405,349.6,29.29,0.032102,118992,348.1,31.91,0.038905,87892,305.5,53.69,0.067644,185.2,-0.000000,539.1,298001,1328.5,114035,357.0,0.68,0.000657,110814,341.4,2.75,0.003179,90585,306.5,-28.28,-0.036590,365.2,0.002831,620.4,94239,861.6,94945,620.4,7.23,0.003330,106471,331.3,-8.33,-0.009517,89196,305.3,5.04,0.006446
6.10,0.0001196,0.047037,86907,86456,89492,87185,303.8,6.1,0.000000,318.7,9145339,2570.0,102785,342.2,2.26,0.002040,100476,326.3,21.25,0.023271,86535,304.1,65.67,0.081830,546.1,0.029792,350.2,124761,384.7,127806,349.9,27.84,0.030584,119172,348.2,30.19,0.036860,88165,305.7,51.36,0.064847,186.1,0.000000,100.0,292006,1322.1,114379,357.3,0.48,0.000464,110646,341.3,2.06,0.002377,90477,306.5,-34.13,-0.044112,366.1,0.004034,616.9,94068,855.9,95060,616.7,9.70,0.004498,105900,330.8,-7.56,-0.008602,89282,305.3,4.74,0.006066
7.14,0.0001401,0.047286,86729,86338,89588,87151,303.9,7.1,0.000000,100.0,9235487,2628.5,104240,343.5,2.12,0.001938,100931,326.7,20.39,0.022401,86655,304.3,65.78,0.082001,547.1,0.028367,350.5,125407,385.2,128158,350.2,26.33,0.028982,119346,348.3,28.34,0.034634,88464,306.0,48.69,0.061636,187.1,-0.000000,100.0,285388,1314.8,114598,357.5,0.27,0.000258,110424,341.1,1.27,0.001469,90277,306.4,-39.18,-0.050544,367.1,0.005399,611.6,93493,847.5,95118,611.3,12.81,0.006000,104695,329.7,-5.03,-0.005676,89417,305.5,4.34,0.005561
8.08,0.0001585,0.047515,86570,86248,89650,87126,303.9,8.1,0.000000,240.5,9275582,2675.0,105414,344.6,1.90,0.001745,101316,327.1,19.60,0.021588,86781,304.6,65.78,0.082053,548.1,0.026522,350.8,125978,385.6,128488,350.4,24.86,0.027418,119492,348.3,26.70,0.032665,88720,306.2,46.21,0.058616,188.1,-0.000000,100.0,279491,1308.2,114666,357.5,0.10,0.000097,110201,340.9,0.54,0.000619,90136,306.4,-42.55,-0.054804,368.1,0.007045,605.9,93109,839.1,95008,604.8,16.02,0.007576,103361,328.5,-2.27,-0.002537,89567,305.6,3.86,0.004959
9.13,0.0001791,0.047775,86395,86199,89712,87102,304.0,9.1,0.000000,121.0,9275437,2719.4,106527,345.6,1.59,0.001474,101715,327.5,18.71,0.020664,86973,304.9,65.49,0.081787,549.1,0.023658,351.0,126585,386.0,129222,351.0,22.36,0.024757,119653,348.4,24.89,0.030486,88987,306.4,43.37,0.055139,189.1,-0.000000,254.4,273006,1300.8,114624,357.5,-0.05,-0.000051,109951,340.7,-0.35,-0.000398,90041,306.5,-45.35,-0.058334,369.1,0.009205,596.3,93173,829.2,94581,595.4,19.88,0.009504,101987,327.2,0.53,0.000584,89750,305.8,3.16,0.004058
10.08,0.0001976,0.048013,86239,86237,89770,87086,304.1,10.1,0.000000,533.3,9236640,2752.8,107343,346.3,1.30,0.001212,102057,327.9,17.90,0.019817,87259,305.3,64.65,0.080901,550.1,0.023019,351.3,127140,386.4,129396,351.1,21.02,0.023295,119802,348.5,23.24,0.028496,89213,306.6,40.77,0.051944,190.1,-0.000000,501.0,267231,1294.1,114498,357.4,-0.17,-0.000162,109753,340.5,-1.24,-0.001423,89994,306.7,-47.25,-0.060711,370.1,0.010013,587.6,93268,820.0,94594,586.5,21.26,0.010317,100903,326.2,2.58,0.002841,89914,305.9,2.26,0.002911
11.13,0.0002182,0.048283,86070,86359,89842,87074,304.1,11.1,0.000000,100.0,9153200,2782.8,108050,346.9,0.99,0.000932,102439,328.2,16.99,0.018858,87778,306.0,62.35,0.078309,551.1,0.020187,351.5,127729,386.8,129956,351.6,18.65,0.020739,119969,348.6,21.35,0.026209,89453,306.8,37.89,0.048371,191.1,-0.000000,100.0,260886,1286.7,114269,357.2,-0.28,-0.000271,109597,340.4,-2.38,-0.002729,89968,306.9,-48.79,-0.062637,371.1,0.010643,577.5,93353,809.5,94699,576.3,22.25,0.011005,99847,325.3,4.42,0.004830,90075,306.1,1.04,0.001345
12.07,0.0002367,0.048530,85926,86472,89931,87069,304.2,12.1,0.000000,266.5,9044860,2803.4,108528,347.3,0.76,0.000711,102813,328.6,16.15,0.017962,88440,306.7,58.58,0.073956,552.1,0.019250,351.7,128264,387.2,130003,351.6,17.38,0.019329,120117,348.7,19.58,0.024061,89668,307.0,35.34,0.045194,192.1,0.000000,349.3,255249,1279.9,113997,356.9,-0.37,-0.000354,109530,340.3,-3.55,-0.004071,89977,307.1,-49.74,-0.063811,372.1,0.011276,568.1,93407,800.0,94775,566.8,23.03,0.011591,99006,324.5,5.75,0.006242,90159,306.2,-0.19,-0.000248
13.13,0.0002574,0.048808,85750,86557,90040,87071,304.3,13.1,0.000000,586.0,8891531,2819.6,108917,347.6,0.55,0.000515,103300,329.1,15.13,0.016883,89310,307.6,52.68,0.066972,553.1,0.016464,351.9,128830,387.7,130345,351.9,15.27,0.017013,120274,348.8,17.53,0.021568,89920,307.2,32.56,0.041729,193.1,-0.000000,100.0,249068,1272.4,113636,356.6,-0.45,-0.000427,109521,340.3,-4.98,-0.005716,90016,307.4,-50.38,-0.064605,373.1,0.011883,557.4,93421,789.2,94788,556.1,23.68,0.012149,98180,323.7,6.91,0.007454,90229,306.3,-1.49,-0.001920
14.07,0.0002759,0.049063,85587,86600,90148,87080,304.4,14.1,0.000000,3886.2,8727612,2828.5,109174,347.9,0.41,0.000383,103829,329.6,14.08,0.015776,90078,308.3,46.42,0.059372,554.1,0.014375,352.1,129325,388.0,130617,352.1,13.35,0.014897,120405,348.8,15.63,0.019242,90158,307.4,30.11,0.038660,194.1,0.000000,638.9,243581,1265.5,113269,356.3,-0.50,-0.000481,109557,340.3,-6.32,-0.007259,90063,307.6,-50.64,-0.064925,374.1,0.012399,547.8,93366,779.3,94729,546.3,24.06,0.012559,97526,323.1,7.72,0.008289,90299,306.3,-2.46,-0.003174
15.12,0.0002966,0.049349,85468,86626,90265,87099,304.5,15.1,0.000000,318.4,8521142,2832.6,109386,348.0,0.29,0.000279,104530,330.2,12.74,0.014334,90773,309.0,39.26,0.050494,555.1,0.012568,352.3,129866,388.4,130778,352.2,11.44,0.012783,120537,348.9,13.47,0.016594,90422,307.7,27.43,0.035289,195.1,-0.000000,100.0,237566,1257.9,112818,355.9,-0.56,-0.000533,109596,340.4,-7.80,-0.008960,90132,307.9,-50.67,-0.064950,375.1,0.012874,537.1,93216,768.2,94589,535.5,24.44,0.012991,96864,322.5,8.49,0.009064,90384,306.4,-3.34,-0.004309
16.07,0.0003152,0.049607,85430,86641,90349,87123,304.6,16.1,0.000000,1007.7,8317297,2831.6,109528,348.2,0.22,0.000210,105250,330.9,11.35,0.012834,91164,309.4,33.34,0.043016,556.1,0.007764,354.4,130296,388.8,131619,352.8,8.34,0.009361,120646,349.0,11.50,0.014176,90640,308.0,25.02,0.032245,196.1,-0.000000,111.7,232229,1251.0,112377,355.5,-0.61,-0.000579,109595,340.4,-9.05,-0.010390,90204,308.2,-50.55,-0.064785,376.1,0.013368,527.4,93007,758.2,94401,525.8,24.83,0.013420,96282,322.0,9.19,0.009775,90458,306.5,-4.01,-0.005186
17.13,0.0003358,0.049891,85414,86660,90413,87158,304.7,17.1,0.000000,450.4,8075106,2825.8,109641,348.3,0.16,0.000148,106098,331.7,9.67,0.011002,91293,309.6,27.69,0.035753,557.1,0.007449,354.1,130790,389.2,131678,352.9,6.49,0.007286,120764,349.0,9.29,0.011464,90789,308.2,22.19,0.028622,197.1,-0.000000,100.0,226382,1243.4,111845,355.0,-0.66,-0.000630,109535,340.3,-10.30,-0.011830,90219,308.4,-50.39,-0.064530,377.1,0.013897,516.8,92697,747.0,94130,515.1,25.34,0.013939,95609,321.3,10.12,0.010708,90485,306.6,-4.83,-0.006247
18.08,0.0003545,0.050143,85389,86684,90429,87195,304.7,18.1,0.000000,508.9,7846556,2816.9,109707,348.3,0.10,0.000098,106849,332.4,8.14,0.009307,91253,309.6,23.49,0.030325,558.1,0.005546,352.9,131224,389.5,131667,352.9,4.91,0.005515,120872,349.1,7.30,0.009010,90889,308.3,19.60,0.025292,198.1,0.000000,626.9,221196,1236.4,111330,354.5,-0.71,-0.000675,109387,340.2,-11.27,-0.012930,90216,308.7,-50.18,-0.064227,378.1,0.014468,507.3,92351,736.8,93827,505.6,25.85,0.014438,94982,320.7,11.08,0.011672,90487,306.6,-5.55,-0.007168
19.14,0.0003752,0.050421,85344,86736,90430,87244,304.8,19.1,0.000000,866.3,7584595,2803.6,109741,348.3,0.05,0.000045,107608,333.1,6.53,0.007504,91146,309.5,19.73,0.025439,559.1,0.003147,353.6,131686,389.9,131809,353.0,2.93,0.003289,120999,349.2,5.08,0.006278,90977,308.5,16.69,0.021547,199.1,0.000000,2445.5,215517,1228.7,110720,354.0,-0.77,-0.000721,109128,339.9,-12.18,-0.013952,90204,308.9,-49.91,-0.063823,379.1,0.015076,496.9,91894,725.4,93423,495.1,26.47,0.015030,94313,320.1,12.14,0.012719,90481,306.6,-6.32,-0.008161
20.09,0.0003939,0.050670,85291,86859,90411,87292,304.9,20.1,0.000000,468.0,7344630,2789.1,109742,348.3,0.01,0.000006,108190,333.6,5.24,0.006046,91014,309.4,17.13,0.022067,560.1,-0.000857,353.3,132054,390.2,132522,353.7,-0.09,-0.000099,121119,349.3,3.10,0.003828,91039,308.6,14.03,0.018119,200.1,-0.000000,100.0,210484,1221.7,110144,353.5,-0.81,-0.000755,108816,339.6,-12.91,-0.014750,90180,309.1,-49.61,-0.063382,380.1,0.015722,487.6,91422,715.2,93002,485.8,27.08,0.015605,93798,319.6,12.90,0.013463,90470,306.6,-7.02,-0.009071
21.15,0.0004146,0.050944,85224,87021,90357,87351,305.0,21.1,0.000000,100.0,7076651,2770.5,109723,348.3,-0.03,-0.000024,108708,334.0,4.04,0.004673,90848,309.2,14.97,0.019254,561.1,-0.002199,353.9,132460,390.6,132681,354.0,-2.16,-0.002435,121248,349.4,0.93,0.001147,91082,308.7,10.99,0.014197,201.1,0.000000,160.1,205785,1214.9,109486,352.9,-0.83,-0.000778,108389,339.3,-13.66,-0.015562,90135,309.3,-49.23,-0.062818,381.1,0.016409,477.4,90838,703.7,92476,475.6,27.83,0.016286,93347,319.2,13.45,0.013981,90445,306.6,-7.88,-0.010178
22.10,0.0004333,0.051190,85170,87169,90295,87407,305.0,22.1,0.000000,151.7,6836658,2752.2,109702,348.3,-0.03,-0.000026,109067,334.4,3.17,0.003676,90701,309.1,13.50,0.017342,562.1,-0.004436,353.7,132805,390.9,132595,354.2,-3.74,-0.004217,121364,349.5,-1.00,-0.001239,91097,308.7,8.17,0.010550,202.1,-0.000000,1001.7,201445,1208.6,108891,352.3,-0.84,-0.000784,107936,338.9,-14.31,-0.016262,90082,309.4,-48.85,-0.062271,382.1,0.017126,468.4,90275,693.4,91957,466.6,28.55,0.016933,93033,318.9,13.70,0.014208,90413,306.6,-8.75,-0.011301
23.15,0.0004540,0.051461,85124,87311,90225,87475,305.2,23.2,0.000000,581.6,6572481,2730.0,109697,348.3,-0.01,-0.000006,109366,334.6,2.42,0.002815,90554,309.0,12.24,0.015702,563.2,-0.008351,354.0,133131,391.2,133215,355.2,-6.93,-0.007813,121513,349.6,-3.17,-0.003933,91095,308.8,4.95,0.006391,203.2,-0.000000,100.0,197420,1202.5,108239,351.7,-0.84,-0.000774,107360,338.3,-15.05,-0.017037,90019,309.6,-48.42,-0.061641,383.2,0.017818,458.7,89669,682.1,91369,456.9,29.32,0.017646,92748,318.7,13.81,0.014289,90373,306.6,-9.84,-0.012699
24.10,0.0004726,0.051703,85087,87411,90166,87539,305.3,24.1,0.000000,100.0,6331352,2705.9,109716,348.3,0.03,0.000027,109567,334.8,1.92,0.002234,90441,308.9,11.33,0.014525,564.1,-0.009714,354.3,133420,391.4,133353,355.8,-9.01,-0.010155,121677,349.7,-5.19,-0.006445,91078,308.7,2.00,0.002581,204.1,-0.000000,172.7,193722,1196.9,107670,351.2,-0.82,-0.000755,106783,337.8,-15.74,-0.017745,89966,309.7,-48.02,-0.061066,384.1,0.018516,450.2,89088,672.0,90828,448.4,30.00,0.018292,92519,318.5,13.83,0.014286,90338,306.6,-10.93,-0.014093
25.15,0.0004932,0.051967,85063,87484,90147,87616,305.5,25.2,0.000000,2043.6,6072989,2679.5,109783,348.4,0.09,0.000086,109735,335.0,1.52,0.001769,90355,308.9,10.54,0.013505,565.2,-0.013223,395.5,133691,391.7,133976,357.2,-12.25,-0.013824,121867,349.9,-7.48,-0.009287,90733,308.4,-1.93,-0.002487,205.2,0.000000,215.9,190411,1191.7,107060,350.6,-0.80,-0.000730,106089,337.2,-16.52,-0.018541,89933,309.9,-47.50,-0.060344,385.2,0.019255,441.0,88415,660.9,90206,439.2,30.83,0.019058,92270,318.2,13.82,0.014251,90327,306.7,-12.16,-0.015688
26.10,0.0005118,0.052202,85078,87523,90114,87688,305.8,26.1,0.000000,100.0,5849137,2656.1,109883,348.5,0.15,0.000140,109854,335.1,1.27,0.001480,90294,308.8,9.92,0.012706,566.1,-0.014677,394.9,133928,391.9,134118,358.1,-14.41,-0.016237,122008,350.0,-9.50,-0.011805,90609,308.3,-4.89,-0.006298,206.1,-0.000000,100.0,187414,1186.9,106528,350.1,-0.78,-0.000710,105431,336.6,-17.22,-0.019242,89917,310.1,-47.01,-0.059688,386.1,0.020041,432.9,87794,651.0,89634,431.2,31.66,0.019807,92036,318.0,13.80,0.014202,90326,306.7,-13.37,-0.017240
27.15,0.0005324,0.052455,85127,87561,90141,87772,306.1,27.2,0.000000,100.0,5610052,2630.6,110023,348.6,0.19,0.000179,109961,335.2,1.09,0.001275,90258,308.8,9.35,0.011962,567.2,-0.016059,356.1,134185,392.1,133725,358.8,-15.72,-0.017621,122126,350.2,-11.70,-0.014551,90600,308.3,-7.99,-0.010283,207.2,-0.000000,244.3,184826,1182.6,105953,349.6,-0.76,-0.000694,104682,335.9,-17.95,-0.019957,89927,310.3,-46.44,-0.058926,387.2,0.020878,424.3,87099,640.2,88993,422.6,32.66,0.020700,91743,317.7,13.79,0.014157,90345,306.8,-14.75,-0.019013
28.10,0.0005509,0.052677,85188,87602,90280,87850,306.5,28.1,0.000000,622.8,5403510,2608.0,110154,348.7,0.20,0.000186,110042,335.2,1.01,0.001180,90281,308.9,8.99,0.011508,568.1,-0.020039,393.5,134363,392.3,134200,360.5,-18.66,-0.020887,122224,350.3,-13.70,-0.017055,90648,308.3,-10.62,-0.013671,208.1,-0.000000,464.8,182812,1179.1,105440,349.1,-0.76,-0.000689,104008,335.2,-18.53,-0.020504,89991,310.5,-45.83,-0.058150,388.1,0.021761,416.8,86477,630.5,88419,415.1,33.61,0.021551,91435,317.5,13.81,0.014142,90401,306.9,-15.91,-0.020515
29.14,0.0005714,0.052915,85277,87658,90536,87939,307.0,29.1,0.000000,100.0,5183486,2583.3,110282,348.8,0.17,0.000165,110119,335.3,1.00,0.001170,90413,309.0,8.84,0.011319,569.1,-0.021851,392.8,134545,392.5,134303,362.3,-21.01,-0.023428,122367,350.4,-16.04,-0.019976,90778,308.4,-13.23,-0.017050,209.1,0.000000,100.0,180481,1175.1,104868,348.5,-0.77,-0.000693,103272,334.6,-19.05,-0.020976,90170,310.9,-45.02,-0.057173,389.1,0.022683,408.7,85795,619.9,87789,407.0,34.72,0.022536,91034,317.1,13.90,0.014188,90541,307.1,-16.99,-0.021932
30.08,0.0005899,0.053121,85375,87734,90755,88020,307.4,30.1,0.000000,276.0,4993837,2561.6,110368,348.9,0.13,0.000126,110184,335.4,1.06,0.001241,90589,309.2,8.83,0.011327,570.1,-0.021615,391.9,134733,392.7,133571,363.3,-21.77,-0.024073,122540,350.6,-18.25,-0.022749,90952,308.6,-15.33,-0.019783,210.1,-0.000000,361.3,178647,1171.8,104345,348.0,-0.78,-0.000707,102622,333.9,-19.42,-0.021284,90396,311.3,-44.26,-0.056282,390.1,0.023634,401.8,85193,610.6,87234,400.1,35.73,0.023449,90611,316.7,14.04,0.014280,90738,307.4,-17.85,-0.023075
31.13,0.0006104,0.053339,85500,87866,90915,88113,307.9,31.1,0.000000,1106.3,4792209,2537.8,110428,348.9,0.08,0.000078,110261,335.4,1.21,0.001410,90782,309.4,8.81,0.011319,571.1,-0.020541,390.5,134986,392.9,132108,363.8,-21.51,-0.023501,122759,350.8,-20.76,-0.025907,91168,308.8,-17.59,-0.022744,211.1,0.000000,833.3,177306,1169.2,103741,347.5,-0.82,-0.000737,101907,333.3,-19.75,-0.021536,90651,311.7,-43.53,-0.055439,391.1,0.024604,394.4,84541,600.3,86630,392.7,36.87,0.024479,90075,316.2,14.23,0.014410,91002,307.7,-19.02,-0.024626
32.07,0.0006288,0.053526,85624,88030,91001,88199,308.2,32.1,0.000000,100.0,4618731,2516.9,110452,349.0,0.04,0.000039,110346,335.5,1.41,0.001646,90922,309.6,8.71,0.011204,572.1,-0.019225,389.3,135259,393.2,130645,364.0,-20.65,-0.022292,122955,351.0,-22.99,-0.028724,91357,308.9,-19.73,-0.025547,212.1,0.000000,118.8,176196,1167.0,103165,346.9,-0.87,-0.000780,101255,332.6,-20.02,-0.021739,90851,312.0,-43.04,-0.054880,392.1,0.025581,388.0,83970,591.3,86100,386.3,37.88,0.025410,89543,315.6,14.41,0.014533,91262,308.0,-20.55,-0.026663
33.11,0.0006492,0.053723,85773,88223,91071,88299,308.6,33.1,0.000000,100.0,4434616,2494.1,110456,349.0,0.01,0.000007,110468,335.6,1.71,0.002000,91053,309.7,8.48,0.010922,573.1,-0.017830,387.8,135615,393.5,128976,364.1,-19.45,-0.020719,123154,351.2,-25.39,-0.031754,91541,309.1,-22.26,-0.028867,213.1,-0.000000,189.2,175061,1164.7,102476,346.2,-0.95,-0.000847,100499,331.9,-20.40,-0.022028,91036,312.3,-42.67,-0.054461,393.1,0.026549,381.3,83353,581.5,85528,379.6,38.98,0.026432,88908,315.0,14.61,0.014658,91566,308.4,-23.06,-0.029976
34.15,0.0006696,0.053908,85944,88399,91143,88403,308.9,34.1,0.000000,2675.1,4259312,2471.8,110445,348.9,-0.01,-0.000013,110627,335.8,2.08,0.002439,91179,309.9,8.16,0.010509,574.1,-0.016384,386.4,136025,393.8,127353,364.1,-18.15,-0.019096,123335,351.4,-27.70,-0.034670,91696,309.2,-24.85,-0.032261,214.1,0.000000,100.0,173984,1162.4,101723,345.5,-1.05,-0.000928,99679,331.1,-20.95,-0.022494,91195,312.6,-42.39,-0.054149,394.1,0.027546,374.9,82752,572.0,84975,373.2,40.03,0.027429,88253,314.4,14.83,0.014798,91860,308.8,-26.41,-0.034396
35.08,0.0006879,0.054062,86139,88517,91211,88502,309.3,35.1,0.000000,312.6,4108811,2452.2,110431,348.9,-0.02,-0.000018,110802,335.9,2.45,0.002877,91292,310.0,7.78,0.010033,575.1,-0.015055,385.1,136440,394.2,125947,364.0,-16.98,-0.017668,123509,351.6,-29.75,-0.037277,91818,309.3,-27.16,-0.035296,215.1,-0.000000,436.6,173030,1160.5,100986,344.8,-1.14,-0.001006,98863,330.3,-21.69,-0.023149,91323,312.8,-42.16,-0.053900,395.1,0.028476,369.5,82225,563.6,84489,367.8,40.93,0.028302,87660,313.8,15.07,0.014967,92062,309.1,-29.84,-0.038914
36.12,0.0007082,0.054218,86494,88605,91275,88617,309.7,36.1,0.000000,100.0,3949349,2430.8,110422,348.9,-0.01,-0.000011,111030,336.1,2.87,0.003366,91415,310.2,7.26,0.009371,576.1,-0.013779,383.8,136953,394.6,124438,363.9,-15.71,-0.016163,123744,351.8,-32.09,-0.040252,91927,309.4,-29.71,-0.038650,216.1,-0.000000,100.0,171993,1158.3,100106,343.9,-1.24,-0.001089,97851,329.4,-22.83,-0.024194,91438,313.0,-41.95,-0.053659,396.1,0.029380,363.9,81653,554.6,83958,362.1,41.90,0.029237,87011,313.2,15.43,0.015245,92142,309.3,-33.49,-0.043688
37.15,0.0007285,0.054348,86977,88665,91313,88738,310.1,37.2,0.000000,100.0,3797692,2409.9,110424,348.9,0.00,0.000002,111285,336.3,3.24,0.003816,91533,310.3,6.61,0.008530,577.2,-0.012507,382.5,137518,395.1,122973,363.6,-14.50,-0.014756,123965,352.0,-34.37,-0.043170,91980,309.5,-32.25,-0.041974,217.2,-0.000000,466.5,170984,1156.1,99177,343.0,-1.33,-0.001153,96730,328.3,-24.32,-0.025564,91505,313.2,-41.82,-0.053497,397.2,0.030292,358.6,81094,545.8,83433,356.8,42.80,0.030122,86381,312.5,15.92,0.015650,92052,309.3,-36.55,-0.047625
38.08,0.0007467,0.054442,87427,88701,91318,88850,310.3,38.1,0.000000,438.6,3667555,2391.5,110438,348.9,0.02,0.000019,111526,336.6,3.54,0.004174,91628,310.5,5.84,0.007543,578.1,-0.011369,381.4,138071,395.5,121686,363.2,-13.47,-0.013573,124016,352.1,-36.13,-0.045383,91979,309.4,-34.53,-0.044938,218.1,-0.000000,397.7,170097,1154.2,98322,342.2,-1.37,-0.001183,95646,327.2,-25.91,-0.027018,91524,313.3,-41.78,-0.053437,398.1,0.031110,354.1,80598,538.2,82962,352.3,43.54,0.030861,85838,312.0,16.50,0.016141,91885,309.3,-38.58,-0.050188
39.11,0.0007669,0.054521,87901,88725,91297,88980,310.5,39.1,0.000000,126.1,3529658,2371.5,110473,349.0,0.05,0.000046,111791,336.8,3.84,0.004532,91711,310.6,4.64,0.006004,579.1,-0.010300,380.1,138734,396.1,120288,362.8,-12.38,-0.012344,123817,352.0,-37.48,-0.047024,91937,309.4,-37.06,-0.048216,219.1,-0.000000,492.0,169123,1152.1,97377,341.2,-1.38,-0.001180,94388,325.9,-27.87,-0.028786,91516,313.4,-41.88,-0.053546,399.1,0.031863,349.4,80054,530.0,82435,347.6,44.27,0.031603,85268,311.4,17.30,0.016838,91678,309.3,-39.94,-0.051842
40.14,0.0007871,0.054576,88308,88744,91256,89113,310.7,40.1,0.000000,100.0,3398459,2351.9,110534,349.0,0.08,0.000080,112024,337.0,4.08,0.004818,91764,310.6,3.16,0.004089,580.1,-0.009245,378.8,139448,396.6,118922,362.3,-11.34,-0.011198,123118,351.4,-37.90,-0.047352,91851,309.3,-39.57,-0.051441,220.1,0.000000,532.5,168148,1150.0,96466,340.3,-1.34,-0.001144,93105,324.6,-29.92,-0.030607,91490,313.5,-42.24,-0.053982,400.1,0.032572,345.1,79511,522.1,81900,343.2,44.88,0.032241,84741,310.9,18.26,0.017695,91468,309.2,-40.29,-0.052186
41.17,0.0008072,0.054611,88637,88766,91197,89249,310.8,41.2,0.000000,166.2,3273608,2332.8,110626,349.1,0.13,0.000122,112189,337.1,4.20,0.004968,91787,310.7,1.45,0.001869,581.2,-0.008260,377.6,140213,397.2,117592,361.7,-10.36,-0.010127,122137,350.7,-37.80,-0.046959,91748,309.3,-42.01,-0.054574,221.2,0.000000,100.0,167151,1147.8,95603,339.4,-1.28,-0.001088,91828,323.3,-31.97,-0.032381,91455,313.5,-42.88,-0.054768,401.2,0.033179,341.1,78966,514.4,81352,339.0,45.37,0.032764,84256,310.4,19.37,0.018691,91232,309.1,-39.69,-0.051295
42.09,0.0008253,0.054629,88872,88824,91148,89375,310.8,42.1,0.000000,133.5,3166403,2315.9,110743,349.2,0.18,0.000169,112287,337.2,4.25,0.005033,91707,310.6,-0.45,-0.000587,582.1,-0.007386,376.5,140944,397.8,116428,361.1,-9.51,-0.009222,121047,349.8,-37.30,-0.046043,91661,309.2,-44.19,-0.057359,222.1,-0.000000,396.0,166217,1145.8,94870,338.7,-1.23,-0.001037,90702,322.2,-33.72,-0.033864,91420,313.6,-43.70,-0.055786,402.1,0.033658,337.7,78469,507.8,80847,335.6,45.71,0.033141,83851,310.0,20.45,0.019667,90975,308.9,-38.26,-0.049334
43.12,0.0008454,0.054637,89107,88898,91062,89517,310.9,43.1,0.000000,939.8,3052726,2297.6,110923,349.4,0.25,0.000237,112321,337.3,4.24,0.005022,91602,310.5,-2.62,-0.003386,583.1,-0.006572,375.3,141803,398.5,115178,360.5,-8.61,-0.008277,119657,348.7,-36.26,-0.044380,91568,309.1,-46.65,-0.060499,223.1,-0.000000,100.0,165119,1143.5,94082,337.9,-1.20,-0.001004,89494,320.9,-35.51,-0.035316,91372,313.6,-44.90,-0.057277,403.1,0.034047,334.1,77908,500.7,80273,332.0,46.00,0.033476,83422,309.6,21.69,0.020781,90688,308.7,-35.59,-0.045775
44.14,0.0008656,0.054634,89347,88978,90965,89662,310.9,44.1,0.000000,443.6,2944476,2279.6,111165,349.6,0.33,0.000319,112305,337.3,4.14,0.004898,91498,310.4,-4.74,-0.006111,584.1,-0.005775,374.2,142712,399.2,113979,359.8,-7.76,-0.007391,118212,347.5,-35.07,-0.042553,91475,309.1,-49.16,-0.063703,224.1,-0.000000,485.8,163945,1141.0,93297,337.1,-1.21,-0.001004,88341,319.7,-37.03,-0.036497,91296,313.7,-46.32,-0.059028,404.1,0.034385,330.8,77336,493.9,79688,328.6,46.27,0.033766,83000,309.2,22.91,0.021863,90459,308.6,-32.09,-0.041185
45.07,0.0008836,0.054620,89589,89090,90875,89793,310.9,45.1,0.000000,100.0,2851458,2263.8,111439,349.8,0.42,0.000398,112196,337.2,3.84,0.004540,91413,310.3,-6.61,-0.008522,585.1,-0.005073,373.2,143572,399.8,112949,359.2,-7.02,-0.006642,116946,346.4,-34.05,-0.040997,91394,309.1,-51.46,-0.066626,225.1,-0.000000,272.8,162820,1138.7,92563,336.3,-1.26,-0.001044,87361,318.6,-38.12,-0.037278,91214,313.6,-47.67,-0.060699,405.1,0.034673,327.9,76813,488.0,79158,325.8,46.54,0.034029,82614,308.8,23.93,0.022765,90329,308.6,-28.60,-0.036657
46.09,0.0009037,0.054591,89920,89273,90783,89941,310.9,46.1,0.000000,477.0,2752763,2246.6,111805,350.1,0.50,0.000482,111892,336.9,3.13,0.003699,91328,310.2,-8.64,-0.011141,586.1,-0.004424,372.1,144575,400.6,111862,358.5,-6.25,-0.005865,115593,345.2,-32.99,-0.039393,91312,309.1,-54.04,-0.069899,226.1,0.000000,409.7,161492,1136.0,91667,335.4,-1.41,-0.001155,86347,317.5,-38.97,-0.037797,91108,313.6,-49.08,-0.062437,406.1,0.034969,324.9,76228,481.7,78570,322.9,46.93,0.034366,82170,308.4,24.97,0.023658,90273,308.6,-24.74,-0.031691
47.11,0.0009238,0.054544,90308,89497,90694,90090,311.0,47.1,0.000000,125.2,2658735,2229.7,112224,350.5,0.57,0.000552,111393,336.5,1.95,0.002300,91254,310.1,-10.63,-0.013701,587.1,-0.003796,371.1,145627,401.4,110834,357.8,-5.53,-0.005149,114284,344.1,-31.99,-0.037898,91237,309.1,-56.63,-0.073184,227.1,0.000000,247.8,160089,1133.1,90630,334.3,-1.64,-0.001337,85423,316.5,-39.41,-0.037935,90998,313.6,-50.29,-0.063901,407.1,0.035329,322.1,75643,475.6,77991,320.2,47.45,0.034781,81710,307.9,25.89,0.024432,90281,308.7,-21.26,-0.027226
48.14,0.0009439,0.054479,90722,89707,90597,90241,311.1,48.1,0.000000,615.7,2569142,2213.2,112679,350.8,0.62,0.000600,110727,335.9,0.38,0.000441,91192,310.1,-12.68,-0.016328,588.1,-0.003225,370.2,146728,402.2,109858,357.1,-4.86,-0.004500,113005,343.0,-31.05,-0.036489,91158,309.2,-59.25,-0.076487,228.1,0.000000,1322.9,158618,1130.2,89416,333.0,-1.94,-0.001566,84600,315.6,-39.43,-0.037695,90881,313.5,-51.23,-0.065023,408.1,0.035770,319.5,75067,469.8,77432,317.8,48.13,0.035296,81237,307.4,26.72,0.025106,90284,308.7,-18.14,-0.023229
49.16,0.0009639,0.054394,91127,89898,90524,90394,311.2,49.2,0.000000,100.0,2483756,2197.1,113134,351.2,0.62,0.000599,109943,335.2,-1.50,-0.001748,91138,310.0,-14.84,-0.019099,589.2,-0.002710,369.2,147878,403.1,108926,356.4,-4.27,-0.003921,111748,341.9,-30.17,-0.035166,91075,309.2,-61.87,-0.079788,229.2,0.000000,4144.2,157090,1127.1,88019,331.5,-2.26,-0.001803,83852,314.8,-39.19,-0.037236,90763,313.5,-51.88,-0.065760,409.2,0.036313,317.2,74509,464.2,76902,315.5,48.97,0.035926,80761,307.0,27.48,0.025706,90273,308.8,-15.34,-0.019634
50.08,0.0009820,0.054303,91464,90070,90514,90534,311.3,50.1,0.000000,304.3,2410325,2182.9,113510,351.5,0.57,0.000553,109177,334.6,-3.37,-0.003907,91122,310.0,-16.93,-0.021786,590.1,-0.002273,368.4,148955,403.9,108114,355.8,-3.79,-0.003461,110632,340.9,-29.42,-0.034053,91014,309.3,-64.19,-0.082703,230.1,0.000000,100.0,155673,1124.2,86627,330.0,-2.52,-0.001993,83227,314.1,-38.77,-0.036645,90677,313.5,-52.14,-0.066037,410.1,0.036937,315.2,74027,459.3,76455,313.6,49.87,0.036595,80338,306.5,28.12,0.026206,90267,308.8,-12.98,-0.016616
51.10,0.0010020,0.054187,91770,90288,90546,90691,311.5,51.1,0.000000,100.0,2332339,2167.4,113856,351.8,0.47,0.000458,108298,333.8,-5.55,-0.006403,91163,310.0,-19.51,-0.025116,591.1,-0.001888,367.5,150198,404.8,107233,355.1,-3.32,-0.003019,109405,339.8,-28.66,-0.032909,90984,309.4,-66.68,-0.085850,231.1,-0.000000,202.0,154060,1121.0,84971,328.2,-2.77,-0.002153,82613,313.4,-38.13,-0.035851,90600,313.5,-52.03,-0.065838,411.1,0.037667,313.3,73521,454.1,75996,311.6,51.01,0.037442,79881,306.1,28.81,0.026736,90281,308.8,-10.45,-0.013370
52.12,0.0010220,0.054061,91997,90573,90596,90850,311.6,52.1,0.000000,122.0,2257956,2152.3,114113,352.0,0.35,0.000341,107430,333.0,-7.76,-0.008902,91256,310.1,-22.46,-0.028946,592.1,-0.001536,366.6,151490,405.7,106364,354.4,-2.93,-0.002644,108192,338.7,-27.97,-0.031871,90993,309.6,-69.11,-0.088926,232.1,0.000000,100.0,152415,1117.6,83248,326.3,-2.93,-0.002252,82096,312.7,-37.33,-0.034953,90563,313.5,-51.62,-0.065295,412.1,0.038506,311.5,73050,449.1,75583,309.9,52.24,0.038352,79442,305.7,29.49,0.027251,90318,308.9,-7.95,-0.010172
53.14,0.0010420,0.053926,92177,90941,90641,91011,311.8,53.1,0.000000,3021.5,2186992,2137.5,114275,352.2,0.22,0.000217,106612,332.3,-9.94,-0.011341,91367,310.1,-25.79,-0.033270,593.1,-0.001236,365.7,152831,406.7,105501,353.7,-2.60,-0.002331,106994,337.6,-27.37,-0.030940,91026,309.9,-71.50,-0.091958,233.1,0.000000,100.0,150747,1114.2,81508,324.3,-3.03,-0.002288,81651,312.2,-36.38,-0.033936,90554,313.5,-50.93,-0.064409,413.1,0.039350,309.9,72613,444.3,75219,308.3,53.45,0.039252,79021,305.2,30.15,0.027750,90374,309.0,-5.48,-0.007013
54.16,0.0010620,0.053787,92309,91320,90674,91174,311.9,54.2,0.000000,100.0,2119272,2123.1,114319,352.2,0.06,0.000060,105869,331.6,-12.04,-0.013670,91444,310.2,-29.30,-0.037814,594.2,-0.000986,364.8,154221,407.7,104646,353.0,-2.32,-0.002068,105811,336.5,-26.87,-0.030130,91065,310.1,-73.87,-0.094965,234.2,0.000000,100.0,149063,1110.8,79794,322.4,-3.05,-0.002271,81273,311.8,-35.33,-0.032854,90572,313.6,-50.03,-0.063270,414.2,0.040185,308.5,72210,439.7,74886,306.8,54.59,0.040103,78614,304.8,30.79,0.028230,90438,309.1,-3.07,-0.003933
55.08,0.0010799,0.053659,92391,91633,90692,91322,312.1,55.1,0.000000,100.0,2060958,2110.3,114255,352.2,-0.09,-0.000084,105280,331.0,-13.85,-0.015656,91455,310.2,-32.31,-0.041714,595.1,-0.000790,364.0,155514,408.6,103885,352.3,-2.10,-0.001866,104749,335.5,-26.53,-0.029543,91094,310.4,-76.01,-0.097668,235.1,0.000000,2465.4,147538,1107.7,78308,320.6,-3.01,-0.002209,80971,311.4,-34.32,-0.031827,90601,313.7,-49.16,-0.062171,415.1,0.040922,307.3,71872,435.8,74602,305.6,55.51,0.040790,78254,304.5,31.34,0.028640,90498,309.1,-1.01,-0.001300
56.09,0.0010999,0.053516,92462,91922,90724,91490,312.2,56.1,0.000000,100.0,1998948,2096.4,114017,351.9,-0.32,-0.000317,104720,330.5,-15.75,-0.017746,91432,310.1,-35.38,-0.045680,596.1,-0.000630,363.1,156998,409.6,103054,351.6,-1.90,-0.001676,103566,334.4,-26.31,-0.029060,91128,310.7,-78.42,-0.100710,236.1,0.000000,110.3,145840,1104.1,76748,318.8,-2.89,-0.002096,80652,311.0,-33.09,-0.030608,90628,313.8,-48.12,-0.060854,416.1,0.041561,306.2,71520,431.5,74297,304.3,56.39,0.041436,77852,304.1,31.92,0.029062,90418,309.0,0.80,0.001024
57.11,0.0011198,0.053372,92530,92153,90741,91660,312.4,57.1,0.000000,1309.0,1939717,2082.8,113520,351.5,-0.67,-0.000656,104259,330.1,-17.56,-0.019720,91351,310.0,-38.09,-0.049151,597.1,-0.000496,362.3,158532,410.7,102243,350.9,-1.73,-0.001519,102391,333.3,-26.21,-0.028717,91156,311.0,-80.93,-0.103864,237.1,0.000000,5632.2,144144,1100.6,75324,317.1,-2.70,-0.001930,80322,310.6,-31.74,-0.029275,90644,313.8,-47.01,-0.059454,417.1,0.042111,305.1,71185,427.4,73997,303.2,57.09,0.041943,77437,303.6,32.47,0.029443,90361,309.0,2.49,0.003190
58.13,0.0011397,0.053227,92642,92326,90757,91831,312.6,58.1,0.000000,138.1,1883113,2069.6,112689,350.8,-1.13,-0.001091,103887,329.7,-19.26,-0.021581,91244,309.8,-40.28,-0.051941,598.1,-0.000397,361.4,160117,411.8,101450,350.1,-1.60,-0.001398,101220,332.2,-26.29,-0.028569,91169,311.3,-83.55,-0.107129,238.1,0.000000,216.0,142452,1097.0,74064,315.6,-2.44,-0.001721,79955,310.2,-30.23,-0.027792,90649,313.9,-45.86,-0.057991,418.1,0.042533,304.1,70864,423.6,73701,302.1,57.64,0.042321,77002,303.2,32.98,0.029782,90392,309.1,4.07,0.005207
59.14,0.0011596,0.053079,92746,92475,90771,92003,312.7,59.1,0.000000,100.0,1828996,2056.6,111512,349.7,-1.61,-0.001541,103588,329.4,-20.85,-0.023313,91147,309.7,-41.96,-0.054072,599.1,-0.000330,360.6,161754,412.9,100673,349.4,-1.51,-0.001311,100057,331.1,-26.50,-0.028570,91173,311.6,-86.27,-0.110504,239.1,-0.000000,188.9,140768,1093.5,72982,314.2,-2.13,-0.001491,79533,309.7,-28.52,-0.026126,90645,314.0,-44.66,-0.056449,419.1,0.042846,303.1,70551,419.8,73409,301.1,58.05,0.042596,76540,302.7,33.47,0.030085,90446,309.2,5.45,0.006983
60.16,0.0011795,0.052929,92838,92603,90795,92177,312.9,60.2,0.000000,197.0,1777234,2043.8,110050,348.4,-2.02,-0.001917,103345,329.1,-22.29,-0.024886,91072,309.5,-43.19,-0.055636,600.2,-0.000289,359.7,163444,414.1,99909,348.7,-1.46,-0.001255,98916,329.9,-26.81,-0.028663,91177,312.0,-89.07,-0.113989,240.2,0.000000,159.3,139095,1089.9,72074,313.1,-1.82,-0.001262,79049,309.1,-26.59,-0.024259,90641,314.1,-43.38,-0.054817,420.2,0.043080,302.2,70245,416.3,73123,300.2,58.38,0.042805,76053,302.2,33.94,0.030370,90511,309.3,6.63,0.008491
61.07,0.0011974,0.052792,92979,92711,90841,92334,313.1,61.1,0.000000,100.0,1732560,2032.6,108575,347.1,-2.28,-0.002150,103166,328.9,-23.42,-0.026117,91031,309.4,-43.96,-0.056623,601.1,-0.000031,100.0,165017,415.1,99118,347.9,-1.32,-0.001135,97921,329.0,-27.10,-0.028769,91192,312.3,-91.66,-0.117201,241.1,-0.000000,271.3,137601,1086.7,71397,312.3,-1.55,-0.001064,78567,308.5,-24.67,-0.022411,90648,314.1,-42.14,-0.053243,421.1,0.043260,301.5,69973,413.2,72870,299.4,58.66,0.042966,75602,301.8,34.39,0.030634,90573,309.4,7.56,0.009686
62.08,0.0012173,0.052633,93235,92853,90915,92509,313.3,62.1,0.000000,1961.2,1684941,2020.4,106848,345.5,-2.46,-0.002290,103015,328.7,-24.42,-0.027209,91021,309.3,-44.49,-0.057323,602.1,0.000000,573.6,166827,428.8,98289,347.1,-1.23,-0.001044,96861,327.9,-27.40,-0.028866,91228,312.7,-94.59,-0.120839,242.1,0.000000,270.2,135954,1083.1,70789,311.5,-1.25,-0.000855,77994,307.8,-22.34,-0.020187,90676,314.3,-40.66,-0.051370,422.1,0.043423,300.7,69675,409.9,72596,298.6,58.96,0.043138,75098,301.2,34.93,0.030964,90646,309.6,8.52,0.010919
63.09,0.0012372,0.052462,93559,93028,91004,92685,313.5,63.1,0.000000,356.9,1639344,2008.4,105105,343.9,-2.53,-0.002327,102892,328.6,-25.18,-0.028038,91030,309.3,-44.74,-0.057663,603.1,0.000000,100.0,168695,430.1,97488,346.3,-1.19,-0.001011,95855,326.9,-27.64,-0.028907,91280,313.1,-97.55,-0.124527,243.1,-0.000000,280.0,134323,1079.5,70327,310.9,-0.96,-0.000653,77406,307.1,-19.81,-0.017802,90729,314.4,-39.09,-0.049392,423.1,0.043594,300.0,69383,406.8,72329,297.9,59.28,0.043314,74608,300.7,35.55,0.031357,90723,309.7,9.45,0.012114
64.11,0.0012570,0.052279,93849,93225,91108,92860,313.8,64.1,0.000000,533.7,1595668,1996.7,103405,342.3,-2.51,-0.002287,102787,328.4,-25.71,-0.028614,91059,309.2,-44.76,-0.057714,604.1,0.000000,478.7,170623,431.4,96690,345.5,-1.20,-0.001008,94905,326.0,-27.81,-0.028875,91325,313.5,-100.46,-0.128125,244.1,0.000000,100.0,132712,1075.9,70006,310.5,-0.68,-0.000458,76831,306.5,-17.08,-0.015271,90805,314.6,-37.46,-0.047350,424.1,0.043768,299.3,69098,403.8,72067,297.3,59.60,0.043487,74145,300.2,36.24,0.031823,90807,309.9,10.38,0.013320
65.12,0.0012769,0.052086,94084,93423,91219,93036,314.0,65.1,0.000000,413.1,1553814,1985.2,101789,340.7,-2.44,-0.002190,102681,328.3,-26.00,-0.028915,91107,309.2,-44.63,-0.057582,605.1,0.000000,332.0,172613,432.8,95874,344.6,-1.23,-0.001033,94012,325.1,-27.88,-0.028760,91325,314.0,-103.05,-0.131245,245.1,-0.000000,296.2,131122,1072.4,69817,310.3,-0.40,-0.000274,76288,305.8,-14.19,-0.012625,90898,314.8,-35.85,-0.045325,425.1,0.043934,298.7,68820,400.9,71808,296.7,59.90,0.043641,73716,299.8,37.00,0.032349,90885,310.1,11.37,0.014587
66.13,0.0012967,0.051886,94302,93606,91323,93211,314.3,66.1,0.000000,100.0,1513689,1974.0,100280,339.3,-2.31,-0.002057,102564,328.2,-26.01,-0.028901,91161,309.2,-44.46,-0.057403,606.1,0.000000,426.5,174668,434.2,95021,343.8,-1.30,-0.001081,93176,324.2,-27.87,-0.028573,91241,314.4,-104.87,-0.133269,246.1,0.000000,100.0,129555,1068.8,69746,310.2,-0.16,-0.000109,75790,305.2,-11.19,-0.009909,90974,314.9,-34.30,-0.043390,426.1,0.044073,298.1,68549,398.1,71550,296.1,60.16,0.043752,73316,299.4,37.76,0.032885,90944,310.3,12.41,0.015931
67.14,0.0013165,0.051678,94541,93774,91403,93384,314.5,67.1,0.000000,100.0,1475198,1963.0,98893,337.9,-2.16,-0.001903,102408,328.0,-25.71,-0.028544,91185,309.1,-44.32,-0.057246,607.1,0.000000,484.3,176790,435.6,94121,342.8,-1.39,-0.001144,92392,323.4,-27.81,-0.028339,91023,314.6,-105.48,-0.133636,247.1,0.000000,299.1,128016,1065.3,69770,310.2,0.04,0.000027,75339,304.7,-8.16,-0.007192,91003,315.1,-32.90,-0.041609,427.1,0.044164,297.6,68284,395.4,71288,295.5,60.33,0.043797,72924,299.0,38.44,0.033339,90990,310.5,13.48,0.017296
68.16,0.0013364,0.051461,94808,93929,91455,93555,314.6,68.2,0.000000,319.4,1438247,1952.2,97633,336.7,-1.99,-0.001738,102147,327.7,-25.02,-0.027730,91172,309.0,-44.29,-0.057218,608.2,0.000000,170.4,178983,437.0,93165,341.8,-1.48,-0.001216,91649,322.6,-27.71,-0.028080,90730,314.6,-104.79,-0.132337,248.2,0.000000,100.0,126503,1061.8,69867,310.3,0.19,0.000130,74938,304.2,-5.18,-0.004547,90986,315.1,-31.64,-0.039995,428.2,0.044188,297.2,68022,392.9,71020,295.0,60.40,0.043757,72515,298.5,38.91,0.033610,91008,310.6,14.51,0.018620
69.07,0.0013543,0.051258,95049,94059,91503,93706,314.6,69.1,0.000000,498.0,1406235,1942.6,96607,335.7,-1.83,-0.001587,101814,327.3,-24.04,-0.026583,91137,308.9,-44.34,-0.057273,609.1,0.000000,100.0,181020,438.3,92256,340.9,-1.58,-0.001283,91002,321.9,-27.61,-0.027833,90487,314.6,-103.52,-0.130367,249.1,0.000000,100.0,125164,1058.7,69996,310.5,0.29,0.000195,74615,303.9,-2.62,-0.002292,90948,315.2,-30.59,-0.038649,429.1,0.044141,296.7,67788,390.7,70774,294.6,60.36,0.043648,72117,298.1,39.11,0.033645,90997,310.7,15.43,0.019792
70.08,0.0013742,0.051023,95288,94187,91597,93870,314.6,70.1,0.000000,691.9,1371979,1932.2,95587,334.7,-1.65,-0.001417,101335,326.9,-22.62,-0.024935,91099,308.8,-44.47,-0.057435,610.1,0.000000,820.1,183357,439.8,91196,339.7,-1.67,-0.001352,90291,321.2,-27.47,-0.027545,90239,314.7,-101.34,-0.127251,250.1,-0.000000,100.0,123699,1055.2,70167,310.7,0.35,0.000238,74296,303.5,0.02,0.000019,90904,315.2,-29.43,-0.037164,430.1,0.044011,296.2,67527,388.3,70494,294.1,60.27,0.043478,71636,297.6,39.06,0.033437,90971,310.8,16.58,0.021244
71.10,0.0013941,0.050781,95477,94292,91804,94029,314.5,71.1,0.000000,195.9,1339034,1922.0,94696,333.8,-1.46,-0.001243,100749,326.3,-20.95,-0.023005,91086,308.7,-44.56,-0.057558,611.1,0.000000,100.0,185775,441.4,90095,338.6,-1.75,-0.001404,89578,320.4,-27.34,-0.027264,90076,314.7,-98.21,-0.123058,251.1,-0.000000,100.0,122255,1051.7,70353,311.0,0.38,0.000260,74012,303.2,2.39,0.002082,90894,315.3,-28.14,-0.035524,431.1,0.043835,295.7,67264,386.0,70214,293.7,60.16,0.043293,71117,297.0,38.75,0.032990,90971,310.9,17.95,0.022995
72.12,0.0014140,0.050535,95609,94377,92104,94181,314.5,72.1,0.000000,347.2,1307332,1912.0,93934,333.0,-1.25,-0.001065,100075,325.6,-19.13,-0.020908,91150,308.7,-44.45,-0.057458,612.1,0.000000,1186.1,188278,442.9,88976,337.4,-1.80,-0.001430,88854,319.6,-27.23,-0.026996,90066,315.0,-94.35,-0.118108,252.1,-0.000000,100.0,120830,1048.3,70545,311.2,0.40,0.000269,73756,302.9,4.45,0.003868,90961,315.5,-26.57,-0.033544,432.1,0.043660,295.2,67001,383.8,69939,293.2,60.07,0.043122,70575,296.4,38.21,0.032349,91031,311.0,19.60,0.025127
73.13,0.0014340,0.050286,95703,94469,92392,94327,314.5,73.1,0.000000,100.0,1276821,1902.2,93305,332.4,-1.05,-0.000884,99338,324.9,-17.25,-0.018751,91318,308.9,-44.13,-0.057123,613.1,0.000000,100.0,190869,444.6,87864,336.2,-1.81,-0.001423,88122,318.8,-27.15,-0.026763,90285,315.6,-90.18,-0.112971,253.1,0.000000,133.5,119420,1044.9,70744,311.4,0.41,0.000279,73532,302.6,6.14,0.005323,91128,315.7,-24.68,-0.031191,433.1,0.043508,294.7,66738,381.7,69672,292.8,60.05,0.042999,70006,295.8,37.54,0.031594,91144,311.1,21.56,0.027661
74.15,0.0014540,0.050038,95764,94574,92629,94466,314.5,74.2,0.000000,112.9,1247455,1892.5,92806,331.8,-0.83,-0.000703,98564,324.2,-15.39,-0.016636,91553,309.1,-43.62,-0.056580,614.2,0.000000,724.2,193551,446.2,86785,335.0,-1.78,-0.001384,87382,318.0,-27.13,-0.026591,90590,316.2,-85.88,-0.107741,254.2,-0.000000,100.0,118018,1041.4,70959,311.7,0.44,0.000302,73333,302.4,7.43,0.006431,91377,316.1,-22.59,-0.028592,434.2,0.043402,294.3,66479,379.7,69420,292.5,60.16,0.042977,69430,295.1,36.80,0.030780,91288,311.3,23.72,0.030458
75.07,0.0014721,0.049815,95809,94655,92775,94584,314.5,75.1,0.000000,100.0,1221961,1884.0,92466,331.5,-0.65,-0.000543,97848,323.5,-13.80,-0.014840,91768,309.2,-43.13,-0.056042,615.1,0.000000,306.3,196047,447.7,85862,333.9,-1.71,-0.001324,86709,317.3,-27.16,-0.026473,90861,316.7,-82.03,-0.103042,255.1,-0.000000,100.0,116754,1038.3,71182,312.0,0.50,0.000345,73162,302.2,8.27,0.007142,91592,316.4,-20.65,-0.026179,435.1,0.043401,293.9,66251,377.9,69207,292.2,60.37,0.043039,68927,294.6,36.15,0.030078,91420,311.5,25.66,0.032977
76.10,0.0014921,0.049569,95825,94734,92866,94709,314.5,76.1,0.000000,100.0,1194630,1874.7,92205,331.2,-0.45,-0.000373,97036,322.7,-12.20,-0.013041,91972,309.4,-42.66,-0.055525,616.1,0.000000,100.0,198914,449.5,84904,332.9,-1.61,-0.001236,85951,316.5,-27.21,-0.026358,91109,317.3,-77.86,-0.097899,256.1,0.000000,100.0,115345,1034.8,71483,312.3,0.61,0.000420,72975,302.0,8.84,0.007620,91778,316.6,-18.51,-0.023497,436.1,0.043482,293.6,66007,376.0,68979,291.9,60.65,0.043139,68422,294.0,35.61,0.029469,91537,311.7,27.70,0.035615
77.12,0.0015122,0.049327,95798,94838,92909,94827,314.5,77.1,0.000000,714.9,1168305,1865.6,92055,331.1,-0.26,-0.000216,96202,321.9,-10.84,-0.011520,92118,309.5,-42.31,-0.055137,617.1,0.000000,520.6,201883,451.2,84026,331.9,-1.49,-0.001136,85176,315.6,-27.25,-0.026233,91299,317.7,-73.85,-0.092920,257.1,-0.000000,499.4,113925,1031.2,71856,312.8,0.75,0.000517,72791,301.8,9.03,0.007772,91895,316.8,-16.40,-0.020827,437.1,0.043575,293.3,65774,374.1,68741,291.6,60.81,0.043150,68001,293.5,35.33,0.029108,91600,311.9,29.60,0.038061
78.15,0.0015323,0.049090,95755,95003,92944,94940,314.5,78.1,0.000000,100.0,1142941,1856.6,92005,331.0,-0.09,-0.000077,95345,321.0,-9.77,-0.010313,92212,309.6,-42.04,-0.054819,618.1,0.000000,694.3,204959,453.1,83228,331.0,-1.37,-0.001035,84381,314.7,-27.27,-0.026071,91439,318.1,-70.02,-0.088114,258.1,0.000000,100.0,112492,1027.6,72303,313.4,0.89,0.000618,72614,301.6,8.87,0.007615,91973,316.9,-14.26,-0.018112,438.1,0.043544,293.0,65547,372.4,68480,291.3,60.73,0.042973,67774,293.2,35.59,0.029244,91624,312.0,31.39,0.040360
79.07,0.0015505,0.048881,95717,95193,92990,95035,314.5,79.1,0.000000,410.3,1120900,1848.7,92031,331.0,0.03,0.000027,94562,320.3,-9.04,-0.009488,92271,309.7,-41.78,-0.054513,619.1,0.000000,122.2,207824,454.7,82571,330.2,-1.27,-0.000953,83643,313.9,-27.23,-0.025880,91544,318.5,-66.67,-0.083907,259.1,-0.000000,100.0,111192,1024.3,72761,313.9,1.00,0.000697,72457,301.4,8.44,0.007237,92039,317.1,-12.30,-0.015636,439.1,0.043280,292.7,65343,370.8,68224,291.0,60.49,0.042689,67757,293.3,36.60,0.030068,91625,312.2,32.96,0.042364
80.10,0.0015707,0.048654,95686,95394,93089,95135,314.6,80.1,0.000000,159.7,1097246,1840.0,92120,331.1,0.14,0.000116,93694,319.4,-8.47,-0.008838,92340,309.7,-41.41,-0.054064,620.1,0.000000,100.0,211118,456.6,81896,329.5,-1.18,-0.000879,82802,313.0,-27.14,-0.025606,91667,318.8,-63.01,-0.079322,260.1,0.000000,100.0,109733,1020.5,73312,314.6,1.08,0.000756,72289,301.2,7.71,0.006597,92124,317.2,-10.10,-0.012838,440.1,0.042895,292.3,65112,369.2,67927,290.6,60.08,0.042270,67860,293.4,38.16,0.031377,91621,312.3,34.76,0.044646
81.14,0.0015909,0.048432,95658,95568,93250,95228,314.7,81.1,0.000000,285.9,1074434,1831.5,92246,331.3,0.20,0.000171,92843,318.6,-8.14,-0.008433,92451,309.8,-40.93,-0.053476,621.1,0.000000,653.1,214533,458.6,81263,328.7,-1.11,-0.000826,81939,312.0,-27.00,-0.025289,91824,319.2,-59.36,-0.074768,261.1,-0.000000,134.2,108259,1016.7,73877,315.3,1.10,0.000773,72129,301.0,6.76,0.005777,92240,317.3,-7.80,-0.009921,441.1,0.042358,291.9,64875,367.6,67597,290.2,59.46,0.041685,68070,293.7,40.12,0.033054,91639,312.5,36.67,0.047082
82.07,0.0016091,0.048235,95637,95717,93425,95306,314.9,82.1,0.000000,100.0,1054596,1824.0,92373,331.4,0.23,0.000193,92106,317.8,-8.01,-0.008253,92594,309.9,-40.40,-0.052843,622.1,0.000000,373.1,217716,460.4,80714,328.1,-1.08,-0.000797,81141,311.1,-26.83,-0.024962,92005,319.6,-56.07,-0.070681,262.1,0.000000,680.6,106922,1013.2,74369,315.8,1.05,0.000747,71991,300.9,5.82,0.004964,92391,317.5,-5.62,-0.007165,442.1,0.041663,291.5,64652,366.2,67266,289.8,58.67,0.040984,68430,294.2,42.26,0.034950,91683,312.6,38.48,0.049413
83.10,0.0016294,0.048020,95650,95885,93621,95385,315.0,83.1,0.000000,209.6,1033296,1815.8,92505,331.5,0.21,0.000179,91330,317.0,-8.01,-0.008202,92788,310.1,-39.74,-0.052061,623.1,0.000000,100.0,221378,462.4,80112,327.4,-1.07,-0.000785,80240,310.1,-26.61,-0.024560,92239,320.0,-52.43,-0.066170,263.1,0.000000,226.3,105424,1009.3,74864,316.4,0.95,0.000674,71853,300.7,4.75,0.004049,92607,317.7,-3.18,-0.004061,443.1,0.040778,291.0,64390,364.6,66868,289.3,57.54,0.040024,68964,294.9,45.06,0.037464,91759,312.9,40.56,0.052090
84.14,0.0016497,0.047806,95720,96046,93788,95456,315.2,84.1,0.000000,511.4,1012747,1807.8,92600,331.6,0.16,0.000132,90605,316.3,-8.18,-0.008328,92997,310.3,-39.07,-0.051265,624.1,0.000000,120.0,225177,464.5,79507,326.7,-1.08,-0.000791,79333,309.0,-26.36,-0.024136,92483,320.4,-48.86,-0.061746,264.1,-0.000000,156.9,103915,1005.3,75283,316.9,0.80,0.000569,71744,300.6,3.75,0.003193,92851,318.0,-0.76,-0.000966,444.1,0.039702,290.4,64108,363.1,66452,288.9,56.24,0.038941,69551,295.7,47.99,0.040139,91845,313.1,42.63,0.054754
85.07,0.0016681,0.047613,95812,96160,93890,95514,315.3,85.1,0.000000,497.7,994873,1800.6,92639,331.6,0.07,0.000063,90012,315.7,-8.46,-0.008576,93176,310.5,-38.52,-0.050614,625.1,0.000000,370.2,228718,466.4,78949,326.0,-1.11,-0.000807,78522,308.1,-26.13,-0.023752,92687,320.8,-45.76,-0.057899,265.1,-0.000000,200.8,102550,1001.7,75579,317.3,0.63,0.000451,71696,300.6,3.00,0.002557,93060,318.2,1.33,0.001706,445.1,0.038646,289.9,63839,361.8,66081,288.4,55.05,0.037961,70062,296.3,50.55,0.042496,91914,313.3,44.41,0.057043
86.11,0.0016884,0.047395,95930,96243,93940,95572,315.3,86.1,0.000000,100.0,975677,1792.9,92622,331.6,-0.02,-0.000019,89414,315.1,-8.93,-0.009006,93342,310.6,-38.05,-0.050058,626.1,0.000000,1617.1,232794,468.6,78311,325.3,-1.15,-0.000833,77642,307.1,-25.92,-0.023378,92873,321.1,-42.52,-0.053849,266.1,-0.000000,529.0,101026,997.6,75802,317.5,0.42,0.000302,71693,300.6,2.33,0.001986,93203,318.3,3.43,0.004397,446.1,0.037682,289.3,63527,360.4,65693,287.9,53.87,0.036993,70578,297.0,53.21,0.044954,91961,313.5,46.23,0.059369
87.15,0.0017088,0.047174,96046,96293,93953,95625,315.3,87.1,0.000000,271.6,957150,1785.3,92527,331.5,-0.16,-0.000132,88874,314.5,-9.55,-0.009599,93465,310.8,-37.77,-0.049740,627.1,0.000000,100.0,237024,470.8,77651,324.5,-1.20,-0.000862,76788,306.1,-25.78,-0.023065,93006,321.4,-39.50,-0.050060,267.1,-0.000000,287.7,99497,993.4,75905,317.7,0.19,0.000139,71771,300.7,1.85,0.001578,93276,318.3,5.40,0.006928,447.1,0.036914,288.9,63208,359.0,65359,287.6,53.08,0.036314,71034,297.6,55.64,0.047220,91969,313.7,47.87,0.061451
88.09,0.0017272,0.046972,96139,96325,93935,95667,315.3,88.1,0.000000,149.5,941028,1778.5,92342,331.3,-0.32,-0.000271,88428,314.1,-10.27,-0.010276,93543,310.9,-37.70,-0.049672,628.1,0.000000,178.5,240970,472.9,77040,323.8,-1.24,-0.000887,76050,305.2,-25.71,-0.022844,93085,321.5,-36.97,-0.046861,268.1,0.000000,278.3,98120,989.6,75895,317.6,-0.00,-0.000002,71930,300.8,1.57,0.001337,93310,318.3,7.08,0.009088,448.1,0.036530,288.4,62924,357.8,65124,287.3,52.90,0.036089,71396,298.1,57.66,0.049103,91943,313.9,49.24,0.063151
89.13,0.0017476,0.046747,96252,96383,93886,95710,315.3,89.1,0.000000,305.4,923704,1771.2,92009,331.0,-0.54,-0.000452,87965,313.6,-11.22,-0.011189,93599,311.0,-37.81,-0.049826,629.1,0.000000,415.5,245514,475.2,76343,322.9,-1.28,-0.000911,75272,304.3,-25.69,-0.022667,93135,321.7,-34.34,-0.043534,269.1,-0.000000,1600.4,96589,985.4,75782,317.5,-0.21,-0.000152,72189,301.2,1.34,0.001142,93311,318.2,8.85,0.011362,449.1,0.036549,288.2,62621,356.5,64976,287.2,53.74,0.036598,71752,298.6,59.71,0.051027,91879,314.0,50.64,0.064876
90.07,0.0017660,0.046541,96347,96435,93828,95745,315.2,90.1,0.000000,100.0,908625,1764.7,91593,330.6,-0.74,-0.000617,87567,313.2,-12.22,-0.012154,93625,311.0,-38.13,-0.050254,630.1,0.000000,294.0,249753,477.4,75705,322.1,-1.31,-0.000929,74610,303.5,-25.73,-0.022562,93161,321.8,-32.12,-0.040710,270.1,-0.000000,247.8,95213,981.5,75579,317.3,-0.41,-0.000293,72492,301.5,1.18,0.001014,93275,318.0,10.41,0.013365,450.1,0.037343,288.1,62379,355.4,64946,287.1,55.33,0.037665,72038,298.9,61.39,0.052605,91799,314.1,51.82,0.066316
91.11,0.0017865,0.046311,96423,96470,93767,95779,315.2,91.1,0.000000,100.0,892420,1757.6,91018,330.0,-0.94,-0.000779,87134,312.7,-13.50,-0.013379,93642,311.1,-38.67,-0.050963,631.1,0.000000,108.8,254637,479.8,74986,321.3,-1.34,-0.000943,73913,302.7,-25.83,-0.022499,93180,321.9,-29.79,-0.037756,271.1,0.000000,2700.6,93688,977.2,75252,316.9,-0.61,-0.000435,72905,302.0,1.05,0.000901,93192,317.8,12.24,0.015716,451.1,0.038712,288.2,62156,354.2,65024,287.3,57.87,0.039422,72323,299.3,63.07,0.054183,91698,314.2,53.08,0.067831
92.16,0.0018070,0.046081,96487,96457,93706,95809,315.1,92.2,0.000000,100.0,876785,1750.7,90352,329.3,-1.10,-0.000906,86701,312.3,-14.93,-0.014740,93717,311.3,-39.10,-0.051542,632.2,0.000000,164.3,259706,482.3,74261,320.4,-1.37,-0.000955,73253,301.9,-25.96,-0.022472,93266,322.1,-27.32,-0.034642,272.2,0.000000,281.5,92165,972.8,74838,316.4,-0.77,-0.000551,73383,302.6,0.92,0.000800,93159,317.6,14.52,0.018641,452.2,0.040674,288.5,61992,353.1,65237,287.6,61.14,0.041744,72580,299.7,64.53,0.055574,91664,314.3,54.54,0.069632
93.10,0.0018254,0.045874,96538,96400,93686,95832,315.1,93.1,0.000000,341.4,863180,1744.6,89699,328.6,-1.20,-0.000986,86301,311.8,-16.31,-0.016047,93743,311.3,-39.70,-0.052338,633.1,0.000000,648.4,264435,484.6,73603,319.6,-1.39,-0.000965,72685,301.2,-26.10,-0.022464,93299,322.2,-25.35,-0.032139,273.1,0.000000,491.0,90789,968.8,74412,315.9,-0.88,-0.000626,73850,303.1,0.85,0.000736,93079,317.4,16.54,0.021237,453.1,0.043045,289.1,61907,352.1,65511,288.0,64.56,0.044202,72802,300.0,65.71,0.056706,91590,314.4,55.64,0.070962
94.14,0.0018459,0.045644,96605,96301,93657,95853,315.1,94.1,0.000000,323.1,848563,1737.9,88939,327.8,-1.27,-0.001039,85839,311.3,-17.89,-0.017541,93734,311.4,-40.49,-0.053358,634.1,0.000000,100.0,269881,487.2,72866,318.6,-1.42,-0.000975,72073,300.4,-26.25,-0.022460,93301,322.3,-23.30,-0.029532,274.1,0.000000,119.4,89250,964.3,73911,315.3,-0.95,-0.000669,74391,303.8,0.84,0.000732,92962,317.2,18.87,0.024212,454.1,0.045711,289.8,61884,351.2,65885,288.5,68.58,0.047139,73039,300.3,66.88,0.057842,91489,314.5,56.75,0.072288
95.08,0.0018643,0.045436,96683,96200,93670,95869,315.1,95.1,0.000000,100.0,835850,1732.0,88244,327.1,-1.31,-0.001061,85409,310.9,-19.32,-0.018873,93702,311.5,-41.12,-0.054165,635.1,0.000000,124.6,274959,489.6,72200,317.8,-1.44,-0.000982,71531,299.7,-26.38,-0.022453,93303,322.3,-21.48,-0.027224,275.1,0.000000,100.0,87861,960.2,73465,314.7,-0.95,-0.000664,74887,304.3,0.98,0.000862,92859,316.9,21.12,0.027094,455.1,0.048423,290.7,61929,350.4,66261,289.0,72.10,0.049756,73249,300.6,67.81,0.058759,91407,314.6,57.75,0.073484
96.12,0.0018847,0.045205,96782,96091,93765,95882,315.2,96.1,0.000000,773.1,822206,1725.6,87472,326.3,-1.32,-0.001067,84921,310.3,-20.84,-0.020277,93715,311.6,-41.60,-0.054785,636.1,0.000000,100.0,280802,492.3,71459,316.9,-1.46,-0.000989,70931,299.0,-26.51,-0.022434,93350,322.4,-19.36,-0.024549,276.1,-0.000000,100.0,86329,955.6,73011,314.2,-0.87,-0.000609,75437,305.0,1.36,0.001197,92787,316.7,23.90,0.030659,456.1,0.051002,291.6,62045,349.7,66704,289.6,75.66,0.052455,73485,300.9,68.72,0.059678,91358,314.6,58.97,0.074982
97.16,0.0019051,0.044971,96886,95993,93908,95889,315.3,97.2,0.000000,100.0,809049,1719.4,86709,325.4,-1.32,-0.001061,84426,309.8,-22.22,-0.021530,93771,311.7,-41.71,-0.054934,637.2,0.000000,100.0,286864,495.0,70718,315.9,-1.47,-0.000993,70327,298.2,-26.63,-0.022402,93464,322.6,-17.11,-0.021702,277.2,0.000000,395.5,84857,951.1,72640,313.7,-0.72,-0.000500,75966,305.6,1.97,0.001748,92772,316.4,26.96,0.034610,457.2,0.053463,292.6,62225,349.0,67151,290.2,78.72,0.054826,73726,301.2,69.52,0.060515,91363,314.7,60.34,0.076704
98.09,0.0019234,0.044760,96981,95927,94003,95890,315.4,98.1,0.000000,100.0,797603,1713.9,86029,324.7,-1.32,-0.001054,83981,309.3,-23.27,-0.022467,93834,311.9,-41.56,-0.054754,638.1,0.000000,192.0,292516,497.6,70054,315.1,-1.48,-0.000992,69773,297.5,-26.74,-0.022367,93597,322.7,-15.08,-0.019153,278.1,0.000000,278.3,83849,947.9,72402,313.4,-0.53,-0.000367,76406,306.1,2.70,0.002402,92777,316.2,29.80,0.038275,458.1,0.055488,293.4,62431,348.5,67549,290.7,80.99,0.056636,73947,301.4,70.20,0.061229,91381,314.8,61.57,0.078267
99.13,0.0019437,0.044523,97071,95895,94064,95885,315.5,99.1,0.000000,100.0,785305,1707.8,85277,323.9,-1.33,-0.001053,83490,308.7,-24.16,-0.023235,93885,312.0,-41.24,-0.054337,639.1,0.000000,100.0,299027,500.4,69323,314.1,-1.49,-0.000987,69139,296.7,-26.88,-0.022338,93706,322.9,-13.01,-0.016537,279.1,0.000000,100.0,83694,946.8,72259,313.2,-0.28,-0.000197,76836,306.6,3.63,0.003245,92762,316.0,32.86,0.042238,459.1,0.057152,294.3,62702,348.0,67997,291.3,83.01,0.058314,74188,301.7,70.92,0.061999,91381,314.8,62.83,0.079856
100.17,0.0019641,0.044286,97118,95902,94109,95875,315.5,100.2,0.000000,100.0,773433,1702.0,84520,323.1,-1.35,-0.001065,83006,308.2,-24.72,-0.023672,93899,312.1,-40.72,-0.053646,640.2,0.000000,225.3,305788,503.4,68604,313.2,-1.48,-0.000976,68480,295.9,-27.06,-0.022339,93764,323.0,-11.05,-0.014045,280.2,0.000000,382.3,84721,948.8,72248,313.2,-0.03,-0.000019,77190,307.0,4.64,0.004161,92721,315.8,35.81,0.046038,460.2,0.058596,295.2,63007,347.5,68455,292.0,84.61,0.059706,74416,302.0,71.66,0.062783,91355,314.8,64.00,0.081311
101.10,0.0019823,0.044075,97098,95925,94160,95861,315.6,101.1,0.000000,510.8,763100,1696.8,83826,322.3,-1.39,-0.001087,82582,307.7,-24.91,-0.023765,93885,312.2,-39.94,-0.052590,641.1,0.000000,100.0,312097,506.1,67970,312.4,-1.47,-0.000960,67865,295.1,-27.28,-0.022375,93815,323.0,-9.29,-0.011813,281.1,-0.000000,100.0,86253,952.2,72340,313.3,0.19,0.000132,77440,307.3,5.61,0.005044,92676,315.6,38.39,0.049365,461.1,0.059747,295.9,63306,347.2,68873,292.5,85.74,0.060756,74611,302.2,72.43,0.063577,91324,314.8,65.03,0.082598
102.13,0.0020025,0.043846,97025,95944,94228,95839,315.7,102.1,0.000000,971.9,751995,1691.1,83029,321.4,-1.45,-0.001127,82128,307.2,-24.78,-0.023550,93862,312.3,-38.60,-0.050796,642.1,0.000000,100.0,319365,509.1,67286,311.5,-1.44,-0.000938,67161,294.2,-27.57,-0.022447,93883,323.1,-7.34,-0.009337,282.1,0.000000,100.0,87872,955.7,72568,313.6,0.44,0.000309,77653,307.5,6.79,0.006119,92628,315.4,41.21,0.052994,462.1,0.060716,296.6,63661,346.9,69334,293.1,86.72,0.061728,74816,302.5,73.50,0.064643,91291,314.8,66.22,0.084073
103.16,0.0020228,0.043625,96938,95944,94282,95811,315.8,103.2,0.000000,642.9,741270,1685.6,82200,320.5,-1.53,-0.001177,81694,306.7,-24.33,-0.023037,93841,312.4,-36.78,-0.048376,643.2,0.000000,101.5,326917,512.2,66624,310.6,-1.41,-0.000911,66444,293.3,-27.88,-0.022532,93953,323.2,-5.43,-0.006907,283.2,0.000000,100.0,89457,959.0,72909,314.0,0.66,0.000464,77822,307.8,8.14,0.007339,92580,315.2,43.93,0.056487,463.2,0.061566,297.4,64035,346.6,69788,293.8,87.44,0.062521,75011,302.7,74.87,0.065971,91254,314.8,67.42,0.085565
104.09,0.0020409,0.043431,96885,95923,94295,95780,315.8,104.1,0.000000,335.0,731929,1680.8,81423,319.6,-1.60,-0.001227,81326,306.3,-23.72,-0.022394,93817,312.5,-34.82,-0.045776,644.1,0.000000,287.4,333969,515.1,66049,309.8,-1.38,-0.000884,65802,292.4,-28.14,-0.022587,93999,323.3,-3.79,-0.004825,284.1,-0.000000,231.8,91107,962.5,73296,314.5,0.83,0.000582,77963,307.9,9.53,0.008610,92525,315.1,46.21,0.059408,464.1,0.062229,298.0,64385,346.3,70193,294.3,87.92,0.063108,75171,302.8,76.37,0.067403,91204,314.9,68.47,0.086845
105.11,0.0020611,0.043220,96898,95895,94258,95739,315.8,105.1,0.000000,613.7,721881,1675.5,80527,318.6,-1.68,-0.001280,80935,305.9,-22.89,-0.021535,93769,312.5,-32.40,-0.042567,645.1,0.000000,382.0,342101,518.3,65433,309.0,-1.34,-0.000855,65115,291.5,-28.32,-0.022564,94010,323.3,-2.11,-0.002687,285.1,-0.000000,132.4,92581,965.4,73804,315.1,0.99,0.000697,78141,308.1,11.34,0.010255,92436,315.0,48.48,0.062301,465.1,0.062776,298.7,64787,346.1,70641,294.9,88.29,0.063651,75340,303.0,78.35,0.069267,91117,314.9,69.54,0.088121
106.14,0.0020812,0.043010,96948,95852,94179,95692,315.8,106.1,0.000000,145.9,712168,1670.3,79606,317.6,-1.75,-0.001322,80560,305.4,-21.94,-0.020577,93692,312.6,-29.83,-0.039146,646.1,0.000000,28673.8,350560,521.6,64839,308.2,-1.31,-0.000828,64475,290.7,-28.31,-0.022394,93972,323.2,-0.58,-0.000737,286.1,-0.000000,612.5,94029,968.1,74390,315.8,1.14,0.000807,78369,308.4,13.41,0.012151,92315,314.9,50.46,0.064780,466.1,0.063262,299.3,65200,346.0,71090,295.5,88.55,0.064106,75509,303.2,80.57,0.071350,90992,314.8,70.51,0.089228
107.17,0.0021013,0.042801,96971,95790,94076,95640,315.7,107.2,0.000000,280.4,702776,1665.2,78673,316.5,-1.80,-0.001344,80203,305.0,-20.93,-0.019566,93597,312.6,-27.16,-0.035608,647.2,0.000000,407.2,359364,525.0,64264,307.4,-1.28,-0.000805,63889,289.9,-28.14,-0.022119,93876,323.1,0.78,0.000994,287.2,-0.000000,4078.5,95402,970.7,75055,316.6,1.28,0.000913,78654,308.8,15.67,0.014237,92168,314.8,52.17,0.066880,467.2,0.063662,300.0,65622,345.8,71538,296.2,88.70,0.064489,75681,303.3,82.89,0.073533,90837,314.8,71.39,0.090208
108.09,0.0021194,0.042615,96945,95729,93968,95588,315.6,108.1,0.000000,248.7,694588,1660.7,77849,315.6,-1.79,-0.001327,79895,304.7,-19.98,-0.018633,93501,312.6,-24.74,-0.032400,648.1,0.000000,1176.0,367595,528.1,63756,306.7,-1.27,-0.000792,63453,289.3,-27.59,-0.021586,93767,323.0,1.97,0.002505,288.1,0.000000,188.5,96528,972.7,75713,317.4,1.39,0.000999,78954,309.1,17.77,0.016186,92021,314.7,53.49,0.068484,468.1,0.060854,300.6,65955,345.7,72626,297.6,86.30,0.063384,75830,303.5,84.90,0.075433,90679,314.7,72.13,0.091008
109.11,0.0021395,0.042414,96858,95646,93836,95526,315.6,109.1,0.000000,459.3,685771,1655.9,76975,314.6,-1.73,-0.001273,79565,304.3,-18.91,-0.017581,93392,312.6,-22.07,-0.028872,649.1,0.000000,216.3,377100,531.6,63197,305.9,-1.27,-0.000788,63121,288.8,-26.40,-0.020574,93627,322.8,3.33,0.004228,289.1,0.000000,238.4,97682,974.6,76491,318.3,1.47,0.001066,79329,309.6,20.05,0.018329,91848,314.7,54.77,0.070000,469.1,0.064246,301.0,66392,345.6,72751,297.8,87.55,0.064364,75996,303.6,86.97,0.077404,90493,314.6,72.92,0.091831
110.14,0.0021595,0.042220,96716,95580,93673,95460,315.5,110.1,0.000000,135.5,677240,1651.1,76165,313.6,-1.63,-0.001188,79252,303.9,-17.80,-0.016501,93270,312.5,-19.49,-0.025470,650.1,0.000000,515.1,387001,535.1,62637,305.2,-1.28,-0.000792,62951,288.6,-24.59,-0.019132,93465,322.5,4.71,0.005974,290.1,0.000000,650.2,98660,976.1,77286,319.2,1.49,0.001086,79751,310.1,22.22,0.020384,91667,314.6,55.82,0.071216,470.1,0.064602,301.9,66837,345.5,73023,298.3,88.44,0.065163,76181,303.7,88.85,0.079235,90293,314.6,73.64,0.092548
111.16,0.0021796,0.042037,96542,95548,93492,95389,315.3,111.2,0.000000,206.2,668984,1646.4,75435,312.7,-1.48,-0.001077,78959,303.6,-16.61,-0.015364,93127,312.4,-17.04,-0.022243,651.2,0.000000,100.0,397320,538.8,62068,304.4,-1.32,-0.000807,62884,288.5,-22.24,-0.017292,93280,322.2,6.09,0.007722,291.2,0.000000,100.0,99442,977.1,78062,320.1,1.44,0.001060,80234,310.6,24.25,0.022338,91478,314.5,56.63,0.072109,471.2,0.064946,302.6,67292,345.5,73391,298.8,88.88,0.065711,76407,303.9,90.57,0.080962,90082,314.5,74.29,0.093161
112.08,0.0021976,0.041882,96381,95522,93329,95321,315.2,112.1,0.000000,100.0,661781,1642.3,74862,312.1,-1.32,-0.000953,78716,303.3,-15.46,-0.014264,92990,312.4,-14.95,-0.019481,652.1,0.000000,289.1,406981,542.2,61538,303.6,-1.37,-0.000834,63059,288.7,-19.39,-0.015105,93099,321.9,7.37,0.009330,292.1,0.000000,134.9,100330,978.4,78724,320.9,1.37,0.001008,80736,311.2,25.97,0.024026,91313,314.5,57.16,0.072673,472.1,0.065308,303.2,67709,345.5,73828,299.3,89.19,0.066206,76660,304.1,91.99,0.082449,89888,314.5,74.82,0.093643
113.10,0.0022176,0.041720,96216,95505,93159,95243,315.1,113.1,0.000000,2321.3,654019,1637.8,74331,311.4,-1.11,-0.000795,78469,303.0,-14.05,-0.012936,92840,312.3,-12.71,-0.016546,653.1,0.000000,100.0,418152,546.0,60920,302.8,-1.46,-0.000881,63598,289.4,-14.94,-0.011711,92893,321.5,8.86,0.011205,293.1,0.000000,100.0,100492,978.0,79418,321.6,1.28,0.000948,81379,312.0,27.77,0.025837,91146,314.4,57.61,0.073117,473.1,0.062918,304.0,68132,345.5,75305,301.2,86.37,0.064984,77003,304.4,93.46,0.084056,89678,314.4,75.37,0.094127
114.12,0.0022376,0.041567,96088,95513,93003,95161,315.0,114.1,0.000000,100.0,646505,1633.4,73920,310.9,-0.87,-0.000623,78238,302.8,-12.51,-0.011496,92700,312.2,-10.56,-0.013726,654.1,0.000000,218.4,429804,549.8,60264,301.8,-1.56,-0.000935,64456,290.5,-9.41,-0.007451,92691,321.1,10.44,0.013195,294.1,0.000000,100.0,101542,979.6,80090,322.4,1.23,0.000920,82104,312.8,29.44,0.027562,91008,314.4,57.88,0.073358,474.1,0.066455,304.6,68624,345.6,75475,301.5,88.49,0.066668,77406,304.8,94.82,0.085629,89478,314.4,75.89,0.094573
115.14,0.0022576,0.041422,96004,95527,92854,95075,314.9,115.1,0.000000,1334.0,639228,1629.1,73623,310.6,-0.64,-0.000454,78015,302.5,-10.86,-0.009956,92572,312.1,-8.51,-0.011047,655.1,0.000000,190.8,441963,553.8,59578,300.8,-1.65,-0.000982,65461,291.8,-3.42,-0.002740,92498,320.7,12.10,0.015282,295.1,-0.000000,397.7,102797,981.5,80783,323.2,1.26,0.000944,82885,313.7,30.91,0.029129,90900,314.5,57.97,0.073366,475.1,0.067285,305.7,69134,345.6,75919,302.1,90.37,0.068349,77855,305.2,96.02,0.087105,89289,314.3,76.37,0.094985
116.16,0.0022776,0.041282,95948,95501,92727,94986,314.8,116.2,0.000000,100.0,632182,1624.9,73430,310.3,-0.42,-0.000302,77790,302.3,-9.11,-0.008339,92461,312.0,-6.58,-0.008538,656.2,0.000000,343.2,454653,557.8,58875,299.8,-1.71,-0.001008,66477,293.1,2.45,0.001982,92319,320.3,13.83,0.017449,296.2,-0.000000,176.6,103721,982.8,81533,324.0,1.35,0.001022,83688,314.6,32.09,0.030443,90811,314.5,57.88,0.073172,476.2,0.068404,306.7,69670,345.8,76421,302.8,91.49,0.069509,78313,305.5,97.00,0.088401,89115,314.3,76.83,0.095377
117.07,0.0022955,0.041159,95903,95433,92653,94903,314.7,117.1,0.000000,499.9,626031,1621.2,73326,310.2,-0.27,-0.000189,77583,302.0,-7.49,-0.006837,92386,312.0,-4.92,-0.006378,657.1,0.000000,116.8,466551,561.6,58252,298.9,-1.71,-0.001000,67340,294.1,7.41,0.006054,92180,319.9,15.45,0.019493,297.1,-0.000000,253.1,104354,983.4,82294,324.9,1.50,0.001140,84409,315.4,32.85,0.031356,90749,314.6,57.65,0.072811,477.1,0.069262,307.5,70170,345.9,76963,303.4,92.22,0.070400,78740,305.9,97.64,0.089364,88978,314.3,77.26,0.095759
118.09,0.0023155,0.041027,95834,95327,92616,94807,314.7,118.1,0.000000,100.0,619402,1617.2,73272,310.2,-0.13,-0.000091,77353,301.8,-5.63,-0.005132,92344,312.0,-3.12,-0.004043,658.1,0.000000,495.5,480326,565.8,57581,297.9,-1.67,-0.000972,68222,295.3,12.51,0.010308,92062,319.5,17.35,0.021884,298.1,-0.000000,119.4,104731,983.4,83259,325.9,1.70,0.001305,85196,316.3,33.37,0.032059,90719,314.7,57.32,0.072342,478.1,0.067025,308.5,70689,346.1,78497,305.4,89.93,0.069575,79232,306.3,98.05,0.090190,88859,314.3,77.81,0.096309
119.10,0.0023354,0.040900,95734,95216,92608,94708,314.7,119.1,0.000000,188.5,612982,1613.2,73263,310.1,-0.03,-0.000020,77132,301.5,-3.74,-0.003400,92343,312.0,-1.40,-0.001813,659.1,0.000000,133.9,494713,570.1,56960,297.0,-1.56,-0.000902,69021,296.3,17.17,0.014264,91983,319.1,19.30,0.024354,299.1,0.000000,100.0,104841,982.7,84347,327.1,1.89,0.001467,85972,317.1,33.58,0.032469,90730,314.8,56.96,0.071866,479.1,0.070831,309.2,71281,346.3,78748,305.7,91.89,0.071237,79739,306.7,98.23,0.090802,88772,314.4,78.43,0.096955
120.12,0.0023553,0.040781,95599,95123,92621,94607,314.8,120.1,0.000000,609.2,606764,1609.3,73288,310.2,0.05,0.000034,76934,301.3,-1.82,-0.001653,92343,312.0,0.12,0.000151,660.1,0.000000,100.0,509746,574.5,56457,296.3,-1.28,-0.000734,69732,297.2,21.40,0.017907,91936,318.8,21.25,0.026838,300.1,0.000000,100.0,104750,981.7,85534,328.4,2.04,0.001595,86748,318.0,33.55,0.032639,90766,315.0,56.57,0.071375,480.1,0.071612,310.3,71890,346.6,79220,306.3,93.36,0.072664,80227,307.1,98.16,0.091185,88711,314.5,79.07,0.097647
121.13,0.0023752,0.040671,95441,95057,92626,94502,314.8,121.1,0.000000,357.3,600741,1605.6,73341,310.2,0.11,0.000077,76769,301.1,0.10,0.000091,92321,311.9,1.39,0.001799,661.1,0.000000,6915.7,525459,578.9,56164,295.8,-0.76,-0.000434,70348,297.9,25.21,0.021227,91909,318.5,23.16,0.029263,301.1,-0.000000,189.0,104491,980.2,86790,329.7,2.13,0.001685,87530,318.8,33.35,0.032655,90815,315.1,56.14,0.070839,481.1,0.072457,311.3,72518,346.9,79759,307.0,94.04,0.073536,80685,307.4,97.95,0.091413,88664,314.6,79.70,0.098335
122.15,0.0023951,0.040570,95269,94986,92639,94395,314.8,122.1,-0.000000,1040.8,594863,1601.7,73427,310.3,0.18,0.000127,76642,301.0,1.99,0.001800,92348,312.0,2.55,0.003305,662.1,0.000000,509.1,541890,583.5,56150,295.8,-0.08,-0.000044,70868,298.6,28.62,0.024224,91891,318.1,24.96,0.031567,302.1,0.000000,113.2,104099,978.5,88100,331.1,2.19,0.001754,88327,319.7,33.12,0.032634,90872,315.3,55.65,0.070232,482.1,0.069925,312.3,73107,347.2,81183,308.8,92.04,0.072842,81124,307.7,97.70,0.091587,88622,314.7,80.29,0.098987
123.16,0.0024149,0.040478,95085,94879,92663,94285,314.8,123.2,0.000000,100.0,588998,1597.6,73556,310.5,0.27,0.000191,76556,300.9,3.78,0.003418,92413,312.1,3.55,0.004598,663.2,0.000000,353.6,559075,588.2,56394,296.2,0.63,0.000358,71297,299.2,31.69,0.026933,91883,317.8,26.67,0.033758,303.2,0.000000,491.5,103613,976.5,89464,332.5,2.25,0.001822,89149,320.6,32.96,0.032690,90938,315.4,55.12,0.069593,483.2,0.073744,313.1,73766,347.5,81568,309.3,93.91,0.074552,81576,308.0,97.45,0.091762,88587,314.8,80.88,0.099641
124.07,0.0024328,0.040405,94918,94745,92675,94185,314.8,124.1,-0.000000,5188.1,583865,1593.9,73716,310.7,0.36,0.000259,76517,300.8,5.22,0.004724,92485,312.2,4.24,0.005505,664.1,0.000000,280.1,575220,592.4,56968,297.0,1.58,0.000911,71615,299.6,34.22,0.029178,91879,317.6,28.11,0.035610,304.1,-0.000000,100.0,103126,974.6,90743,333.9,2.31,0.001887,89920,321.4,32.95,0.032880,91003,315.5,54.59,0.068957,484.1,0.074642,314.1,74378,347.9,82051,309.8,94.99,0.075716,81990,308.3,97.21,0.091918,88559,314.9,81.38,0.100204
125.09,0.0024527,0.040334,94714,94562,92683,94072,314.8,125.1,-0.000000,100.0,578324,1589.8,73945,311.0,0.47,0.000340,76500,300.8,6.61,0.005979,92565,312.3,4.79,0.006216,665.1,0.000000,422.2,593954,597.3,58203,298.8,3.12,0.001829,71909,300.0,36.88,0.031533,91870,317.3,29.60,0.037526,305.1,-0.000000,432.0,102560,972.4,92201,335.4,2.33,0.001931,90816,322.4,33.14,0.033298,91081,315.5,53.91,0.068130,485.1,0.072075,315.1,75018,348.2,83658,311.8,92.21,0.074476,82457,308.6,96.97,0.092115,88526,315.0,81.90,0.100781
126.10,0.0024725,0.040273,94514,94350,92695,93958,314.8,126.1,-0.000000,334.6,572944,1585.9,74224,311.3,0.58,0.000415,76491,300.8,7.75,0.007005,92639,312.4,5.13,0.006657,666.1,0.000000,306.8,613570,602.2,60225,301.6,4.97,0.002983,72160,300.4,39.46,0.033811,91856,317.0,30.99,0.039318,306.1,-0.000000,275.0,101982,970.2,93663,336.8,2.30,0.001926,91756,323.3,33.51,0.033916,91170,315.6,53.10,0.067156,486.1,0.075795,315.7,75727,348.6,83847,312.0,93.93,0.075973,82937,309.0,96.79,0.092380,88493,315.0,82.38,0.101326
127.11,0.0024924,0.040222,94365,94121,92721,93843,314.7,127.1,-0.000000,175.0,567720,1582.0,74544,311.7,0.66,0.000478,76475,300.8,8.59,0.007764,92707,312.5,5.30,0.006885,667.1,0.000000,100.0,634116,607.3,62980,305.4,6.52,0.004042,72379,300.7,42.03,0.036082,91841,316.8,32.32,0.041032,307.1,0.000000,196.9,101396,967.9,95071,338.2,2.18,0.001845,92757,324.4,34.05,0.034732,91275,315.7,52.16,0.066027,487.1,0.076201,316.8,76447,349.1,84279,312.5,94.96,0.077070,83426,309.3,96.66,0.092703,88465,315.1,82.86,0.101866
128.12,0.0025122,0.040178,94219,93886,92770,93727,314.7,128.1,0.000000,384.5,562642,1578.2,74897,312.1,0.73,0.000528,76447,300.8,9.12,0.008241,92775,312.6,5.37,0.006978,668.1,0.000000,572.9,655643,612.5,66187,309.7,7.28,0.004679,72585,301.0,44.62,0.038381,91831,316.5,33.63,0.042724,308.1,-0.000000,442.0,100905,965.9,96372,339.5,1.99,0.001700,93818,325.4,34.66,0.035638,91403,315.8,51.10,0.064762,488.1,0.073275,317.7,77122,349.5,85820,314.4,91.89,0.075500,83920,309.6,96.57,0.093059,88449,315.1,83.35,0.102441
129.13,0.0025320,0.040142,94086,93653,92838,93610,314.7,129.1,-0.000000,111.3,557703,1574.4,75276,312.5,0.78,0.000567,76402,300.7,9.37,0.008465,92848,312.7,5.38,0.006995,669.1,0.000000,100.0,678203,617.7,69489,313.9,7.17,0.004776,72792,301.3,47.25,0.040711,91833,316.3,34.96,0.044435,309.1,-0.000000,111.8,101471,966.1,97538,340.7,1.76,0.001519,94931,326.6,35.19,0.036486,91554,315.9,49.94,0.063378,489.1,0.076645,318.4,77859,350.0,85917,314.5,93.22,0.076649,84417,310.0,96.48,0.093423,88447,315.1,83.87,0.103065
130.15,0.0025519,0.040113,93997,93441,92916,93493,314.7,130.1,-0.000000,100.0,552894,1570.7,75679,313.0,0.83,0.000604,76347,300.7,9.40,0.008487,92925,312.8,5.38,0.006992,670.1,0.000000,547.7,701853,623.1,72605,317.7,6.50,0.004467,72992,301.6,49.88,0.043051,91844,316.2,36.30,0.046169,310.1,0.000000,286.4,105989,975.2,98564,341.6,1.54,0.001334,96082,327.7,35.53,0.037150,91721,316.0,48.69,0.061887,490.1,0.076665,319.0,78601,350.4,86228,314.9,93.61,0.077162,84918,310.3,96.37,0.093761,88459,315.2,84.40,0.103722
131.16,0.0025717,0.040087,93943,93256,92997,93375,314.7,131.2,-0.000000,281.0,548208,1567.1,76110,313.5,0.88,0.000645,76292,300.6,9.25,0.008342,93001,312.9,5.38,0.007005,671.2,0.000000,622.3,726651,628.6,75396,321.0,5.60,0.003958,73181,301.9,52.46,0.045350,91861,316.0,37.65,0.047918,311.2,0.000000,120.3,113530,990.7,99470,342.5,1.34,0.001174,97253,328.9,35.63,0.037584,91889,316.0,47.39,0.060330,491.2,0.073146,319.8,79287,350.9,87570,316.4,90.86,0.075682,85420,310.7,96.21,0.094043,88479,315.2,84.93,0.104389
132.07,0.0025896,0.040066,93883,93106,93061,93269,314.6,132.1,-0.000000,235.3,544086,1563.9,76525,313.9,0.93,0.000686,76250,300.6,9.01,0.008131,93062,313.0,5.43,0.007074,672.1,0.000000,496.5,750001,633.6,77589,323.5,4.78,0.003447,73358,302.2,54.68,0.047342,91876,315.9,38.86,0.049487,312.1,-0.000000,100.0,121061,1005.5,100213,343.2,1.22,0.001075,98327,329.9,35.49,0.037724,92026,316.1,46.23,0.058941,492.1,0.076329,320.4,79957,351.3,87673,316.6,91.63,0.076376,85872,311.0,96.00,0.094239,88498,315.2,85.39,0.104977
133.08,0.0026094,0.040047,93782,92947,93098,93150,314.5,133.1,-0.000000,100.0,539611,1560.3,77014,314.5,0.99,0.000730,76215,300.6,8.70,0.007844,93100,313.1,5.55,0.007231,673.1,0.000000,1004.2,777154,639.3,79685,325.9,3.96,0.002912,73565,302.5,57.02,0.049448,91879,315.7,40.16,0.051177,313.1,0.000000,355.4,129528,1021.1,101011,344.0,1.17,0.001031,99525,331.1,35.05,0.037574,92143,316.1,45.01,0.057461,493.1,0.076127,321.0,80703,351.8,87979,316.9,91.71,0.076628,86372,311.4,95.70,0.094372,88510,315.2,85.85,0.105563
134.09,0.0026292,0.040033,93657,92786,93078,93031,314.3,134.1,-0.000000,191.8,535234,1556.9,77520,315.1,1.02,0.000753,76203,300.6,8.36,0.007537,93101,313.1,5.68,0.007401,674.1,0.000000,355.9,805645,645.1,81474,327.9,3.29,0.002462,73782,302.9,59.16,0.051403,91852,315.5,41.37,0.052730,314.1,-0.000000,100.0,137929,1035.6,101837,344.8,1.20,0.001065,100704,332.2,34.30,0.037081,92212,316.0,43.86,0.056034,494.1,0.072469,321.8,81393,352.3,89199,318.3,89.34,0.075349,86861,311.8,95.29,0.094390,88496,315.1,86.19,0.105996
135.10,0.0026491,0.040026,93525,92626,93011,92912,314.0,135.1,0.000000,369.9,530944,1553.4,78020,315.7,1.00,0.000745,76231,300.6,8.04,0.007249,93061,313.1,5.83,0.007583,675.1,0.000000,748.0,835550,651.0,83023,329.5,2.79,0.002113,74022,303.2,60.86,0.052983,91781,315.3,42.45,0.054102,315.1,0.000000,142.1,145985,1048.6,102744,345.6,1.30,0.001167,101850,333.3,33.26,0.036247,92223,315.9,42.75,0.054648,495.1,0.075680,322.4,82142,352.8,89432,318.6,89.94,0.075992,87334,312.2,94.78,0.094284,88446,315.0,86.41,0.106252
136.11,0.0026689,0.040026,93394,92475,92920,92793,313.7,136.1,0.000000,703.2,526734,1550.0,78489,316.2,0.93,0.000698,76317,300.7,7.77,0.007010,92973,313.0,6.04,0.007860,676.1,0.000000,307.5,866946,657.1,84396,331.0,2.42,0.001858,74419,303.8,61.72,0.053928,91670,315.0,43.43,0.055334,316.1,0.000000,100.0,153820,1060.4,103776,346.6,1.47,0.001320,102958,334.4,31.95,0.035089,92178,315.7,41.73,0.053348,496.1,0.072201,323.1,82840,353.2,90909,320.2,86.89,0.074235,87786,312.5,94.16,0.094049,88368,314.8,86.58,0.106428
137.13,0.0026888,0.040033,93252,92332,92838,92674,313.4,137.1,0.000000,100.0,522596,1546.6,78896,316.6,0.81,0.000607,76468,300.9,7.56,0.006834,92849,312.9,6.39,0.008301,677.1,0.000000,129.6,899907,663.2,85652,332.3,2.18,0.001688,74972,304.5,62.09,0.054523,91537,314.7,44.39,0.056530,317.1,0.000000,1376.8,160996,1070.5,104952,347.6,1.65,0.001498,104017,335.4,30.42,0.033653,92104,315.4,40.87,0.052255,497.1,0.075363,323.8,83597,353.7,90986,320.3,88.13,0.075345,88218,312.8,93.43,0.093687,88277,314.5,86.72,0.106570
138.14,0.0027086,0.040046,93084,92198,92799,92554,313.1,138.1,0.000000,353.0,518520,1543.3,79216,317.0,0.64,0.000479,76696,301.2,7.46,0.006758,92718,312.8,6.98,0.009055,678.1,0.000000,698.0,934508,669.5,86840,333.6,2.03,0.001586,75623,305.4,61.54,0.054355,91409,314.4,45.43,0.057828,318.1,-0.000000,488.0,167044,1078.4,106267,348.9,1.82,0.001668,105005,336.3,28.76,0.032026,92018,315.2,40.34,0.051561,498.1,0.075312,324.5,84360,354.3,91340,320.7,88.58,0.075933,88631,313.1,92.60,0.093200,88194,314.3,86.88,0.106750
139.15,0.0027285,0.040069,92881,92069,92784,92433,312.8,139.2,-0.000000,100.0,514499,1539.9,79433,317.2,0.44,0.000330,77010,301.5,7.45,0.006767,92608,312.7,7.87,0.010209,679.2,0.000000,2183.4,970821,675.9,87993,334.8,1.94,0.001530,76641,306.6,59.65,0.053175,91301,314.2,46.58,0.059270,319.2,-0.000000,337.1,171324,1083.3,107692,350.1,1.95,0.001800,105899,337.1,27.05,0.030309,91942,314.9,40.16,0.051334,499.2,0.071918,325.2,85074,354.7,92664,322.1,86.14,0.074578,89030,313.4,91.68,0.092598,88134,314.0,87.07,0.106989
140.07,0.0027464,0.040099,92670,91951,92749,92322,312.5,140.1,-0.000000,100.0,510920,1536.9,79539,317.4,0.25,0.000191,77381,302.0,7.58,0.006910,92525,312.6,8.84,0.011453,680.1,0.000000,768.0,1005034,681.7,89015,335.8,1.88,0.001502,77989,308.2,56.35,0.050854,91211,313.9,47.63,0.060593,320.1,0.000000,418.0,175021,1087.3,109027,351.3,2.00,0.001863,106611,337.8,25.55,0.028760,91871,314.7,40.19,0.051370,500.1,0.075130,325.9,85771,355.2,92838,322.3,86.89,0.075328,89383,313.7,90.78,0.091969,88091,313.8,87.21,0.107195
141.08,0.0027663,0.040143,92418,91819,92666,92198,312.1,141.1,0.000000,234.1,506982,1533.6,79563,317.4,0.06,0.000047,77888,302.5,8.03,0.007349,92433,312.6,9.97,0.012908,681.1,0.000000,251.5,1044827,688.3,90139,337.0,1.84,0.001479,79982,310.5,51.12,0.046961,91097,313.6,48.72,0.061970,321.1,-0.000000,784.6,178189,1090.3,110512,352.7,1.97,0.001862,107294,338.4,23.96,0.027094,91776,314.4,40.30,0.051510,501.1,0.071702,340.1,86495,355.7,94415,324.0,83.57,0.073308,89773,314.0,89.70,0.091181,88039,313.5,87.30,0.107329
142.09,0.0027861,0.040199,92156,91703,92533,92071,311.7,142.1,-0.000000,1597.5,503076,1530.3,79508,317.3,-0.10,-0.000073,78499,303.2,8.71,0.008019,92320,312.4,11.07,0.014320,682.1,0.000000,100.0,1086580,695.0,91250,338.1,1.79,0.001455,82284,313.1,45.03,0.042202,90951,313.3,49.70,0.063175,322.1,0.000000,100.0,179789,1091.0,111945,353.9,1.88,0.001789,107870,338.9,22.48,0.025516,91646,314.0,40.48,0.051725,502.1,0.074777,327.1,87278,356.3,94392,323.9,84.99,0.074542,90165,314.3,88.54,0.090311,87971,313.3,87.26,0.107299
143.11,0.0028060,0.040267,91887,91609,92356,91944,311.2,143.1,-0.000000,100.0,499193,1527.1,79394,317.2,-0.21,-0.000160,79197,304.0,9.52,0.008821,92175,312.3,12.09,0.015622,683.1,0.000000,100.0,1130385,701.8,92339,339.2,1.73,0.001421,84583,315.6,39.09,0.037365,90767,312.9,50.54,0.064194,323.1,0.000088,362.8,180953,1091.0,113228,355.0,1.77,0.001696,108352,339.3,21.10,0.024031,91476,313.6,40.71,0.051991,503.1,0.074565,327.8,88065,356.8,94629,324.1,85.22,0.074885,90561,314.7,87.34,0.089377,87882,312.9,87.08,0.107079
144.12,0.0028259,0.040349,91608,91521,92152,91816,310.6,144.1,0.000000,100.0,495322,1523.8,79243,317.0,-0.29,-0.000215,79945,304.8,10.39,0.009687,91997,312.1,13.02,0.016802,684.1,0.000000,100.0,1176332,708.8,93390,340.2,1.65,0.001364,86665,317.9,34.06,0.033119,90546,312.4,51.27,0.065068,324.1,0.000457,364.1,181752,1090.1,114234,355.9,1.76,0.001697,108761,339.7,19.80,0.022616,91276,313.1,40.97,0.052283,504.1,0.070792,328.3,88799,357.3,95847,325.4,82.83,0.073433,90966,315.0,86.10,0.088409,87766,312.6,86.74,0.106651
145.14,0.0028458,0.040444,91317,91452,91944,91686,310.1,145.1,-0.000000,1242.6,491457,1520.5,79084,316.8,-0.31,-0.000230,80723,305.7,11.22,0.010534,91795,311.8,13.89,0.017907,685.1,0.000000,205.3,1224508,715.8,94379,341.2,1.53,0.001277,88444,319.8,30.13,0.029719,90304,311.9,51.99,0.065901,325.1,0.000446,364.9,184058,1091.3,115227,356.7,1.70,0.001656,109130,340.0,18.54,0.021221,91061,312.7,41.23,0.052581,505.1,0.073711,328.9,89589,357.9,95952,325.4,83.12,0.073761,91385,315.4,84.87,0.087440,87630,312.1,86.27,0.106049
146.15,0.0028657,0.040552,91022,91418,91745,91556,309.6,146.2,0.000000,100.0,487597,1517.1,78949,316.7,-0.26,-0.000197,81501,306.5,11.98,0.011327,91580,311.5,14.77,0.019008,686.2,0.000000,278.4,1274996,722.9,95276,342.1,1.38,0.001155,89958,321.3,27.22,0.027178,90055,311.4,52.72,0.066750,326.2,0.000385,365.5,185566,1091.3,116144,357.5,1.52,0.001483,109492,340.3,17.24,0.019783,90848,312.2,41.50,0.052874,506.2,0.069711,329.3,90321,358.4,97173,326.7,80.37,0.071956,91819,315.8,83.67,0.086504,87491,311.7,85.73,0.105381
147.07,0.0028837,0.040661,90764,91411,91589,91439,309.1,147.1,-0.000000,524.2,484124,1514.1,78876,316.6,-0.17,-0.000126,82180,307.3,12.61,0.011994,91390,311.3,15.60,0.020055,687.1,0.000000,379.9,1322473,729.4,95987,342.8,1.21,0.001021,91150,322.6,25.31,0.025504,89838,311.0,53.40,0.067555,327.1,0.000247,365.9,186040,1090.2,116848,358.1,1.21,0.001188,109841,340.6,16.00,0.018401,90670,311.7,41.72,0.053132,507.1,0.072410,329.8,91028,358.9,97159,326.6,80.68,0.072235,92227,316.2,82.64,0.085713,87371,311.2,85.27,0.104809
148.08,0.0029036,0.040794,90493,91403,91449,91307,308.7,148.1,0.000000,260.2,480260,1510.8,78872,316.6,-0.02,-0.000014,82891,308.1,13.28,0.012708,91196,311.0,16.61,0.021332,688.1,0.000000,100.0,1377551,736.7,96660,343.4,1.02,0.000863,92349,323.8,23.75,0.024161,89616,310.5,54.25,0.068563,328.1,0.000035,955.0,185597,1087.9,117487,358.6,0.77,0.000759,110279,341.0,14.50,0.016722,90505,311.3,41.94,0.053387,508.1,0.068297,330.1,91753,359.4,98317,327.8,77.76,0.070200,92700,316.6,81.56,0.084903,87252,310.8,84.82,0.104274
149.10,0.0029235,0.040939,90236,91383,91335,91174,308.2,149.1,0.000000,402.7,476386,1507.4,78947,316.7,0.14,0.000108,83542,308.8,13.96,0.013433,91025,310.7,17.72,0.022732,689.1,0.000000,377.3,1435134,744.1,97216,343.9,0.84,0.000711,93464,324.9,22.62,0.023205,89420,310.0,55.17,0.069677,329.1,-0.000114,955.0,184326,1084.4,117989,359.2,0.27,0.000270,110791,341.5,12.83,0.014851,90377,310.9,42.10,0.053592,509.1,0.070686,330.6,92527,359.9,98235,327.6,78.01,0.070395,93189,317.1,80.54,0.084159,87150,310.3,84.48,0.103877
150.12,0.0029435,0.041094,89994,91353,91230,91039,307.9,150.1,-0.000000,100.0,472496,1504.1,79148,316.9,0.39,0.000290,84128,309.4,14.70,0.014209,90875,310.4,18.90,0.024220,690.1,0.000000,379.9,1495273,751.6,97671,344.4,0.68,0.000582,94529,326.0,21.75,0.022489,89244,309.6,56.12,0.070834,330.1,-0.000259,954.8,182577,1080.2,118376,359.9,-0.26,-0.000260,111384,342.0,10.99,0.012767,90283,310.5,42.18,0.053696,510.1,0.066415,330.9,93239,360.4,99298,328.7,75.19,0.068373,93693,317.6,79.57,0.083461,87059,309.9,84.25,0.103626
151.13,0.0029634,0.041259,89776,91311,91116,90903,307.5,151.1,-0.000000,326.9,468583,1500.6,79512,317.3,0.70,0.000527,84649,310.0,15.51,0.015058,90731,310.2,20.10,0.025743,691.1,0.000000,245.9,1558008,759.1,98051,344.7,0.57,0.000485,95558,327.0,21.01,0.021895,89075,309.2,57.04,0.071963,331.1,-0.000426,954.5,180487,1075.5,118664,360.8,-0.83,-0.000825,112035,342.6,9.01,0.010511,90221,310.1,42.03,0.053538,511.1,0.068613,331.4,93997,360.9,99218,328.5,75.19,0.068347,94205,318.1,78.62,0.082784,86961,309.5,84.08,0.103441
152.15,0.0029834,0.041433,89601,91244,90982,90766,307.1,152.2,-0.000000,1286.9,464636,1497.2,80067,317.9,1.06,0.000804,85109,310.5,16.40,0.015988,90582,309.8,21.29,0.027251,692.2,0.000000,234.5,1623368,766.7,98382,345.1,0.49,0.000423,96557,328.0,20.32,0.021331,88902,308.7,57.90,0.072998,332.2,-0.000615,954.1,178162,1070.5,118871,361.9,-1.44,-0.001422,112692,343.1,7.00,0.008204,90163,309.8,41.62,0.053036,512.2,0.064281,331.6,94694,361.4,100181,329.4,72.60,0.066450,94722,318.7,77.68,0.082099,86852,309.1,83.93,0.103266
153.07,0.0030013,0.041594,89478,91156,90843,90643,306.7,153.1,0.000000,1684.5,461046,1494.0,80739,318.7,1.40,0.001068,85471,310.9,17.28,0.016888,90433,309.5,22.34,0.028576,693.1,0.000000,100.0,1684447,773.5,98661,345.3,0.46,0.000396,97430,328.9,19.69,0.020802,88736,308.4,58.59,0.073823,333.1,-0.000816,953.6,175947,1065.7,119005,363.1,-2.02,-0.001987,113241,343.6,5.27,0.006190,90117,309.5,41.02,0.052295,513.1,0.062965,343.7,95310,361.8,101266,330.4,69.37,0.063988,95189,319.1,76.81,0.081460,86735,308.7,83.82,0.103119
154.09,0.0030213,0.041777,89370,91030,90675,90504,306.3,154.1,-0.000000,100.0,457027,1490.5,81664,319.7,1.74,0.001341,85821,311.3,18.30,0.017936,90248,309.2,23.49,0.030022,694.1,0.000000,302.2,1754809,781.2,98974,345.6,0.46,0.000399,98370,329.8,18.96,0.020166,88539,307.9,59.28,0.074629,334.1,-0.001040,953.0,173410,1060.2,119115,364.8,-2.69,-0.002646,113774,344.1,3.46,0.004086,90068,309.2,40.06,0.051105,514.1,0.064925,332.4,96036,362.3,101053,330.1,69.93,0.064425,95708,319.7,75.82,0.080712,86580,308.3,83.75,0.102995
155.10,0.0030413,0.041963,89291,90880,90501,90366,306.0,155.1,0.000000,513.5,453010,1486.9,82737,320.8,2.00,0.001556,86123,311.6,19.34,0.019004,90047,308.8,24.64,0.031468,695.1,0.000000,362.9,1827762,788.9,99313,345.9,0.50,0.000432,99275,330.7,18.21,0.019497,88335,307.5,59.92,0.075370,335.1,-0.001306,952.3,170854,1054.7,119206,366.9,-3.43,-0.003349,114224,344.4,1.79,0.002118,90027,308.9,38.79,0.049508,515.1,0.060779,332.7,96706,362.7,102023,331.0,67.19,0.062329,96232,320.2,74.81,0.079929,86397,307.8,83.77,0.102951
156.12,0.0030612,0.042150,89217,90722,90321,90228,305.6,156.1,-0.000000,100.0,448962,1483.4,83900,322.1,2.15,0.001685,86388,311.9,20.36,0.020052,89834,308.4,25.82,0.032931,696.1,0.000000,492.0,1903238,796.5,99704,346.3,0.57,0.000495,100146,331.5,17.49,0.018839,88129,307.1,60.53,0.076056,336.1,-0.001610,951.6,168308,1049.0,119304,369.5,-4.23,-0.004107,114603,344.8,0.21,0.000252,89997,308.6,37.18,0.047486,516.1,0.062481,333.2,97414,363.2,102012,330.9,67.22,0.062373,96767,320.8,73.77,0.079122,86192,307.4,83.90,0.103012
157.14,0.0030812,0.042339,89152,90564,90143,90090,305.3,157.1,0.000000,100.0,444843,1479.7,85091,323.4,2.18,0.001725,86623,312.2,21.31,0.021030,89615,307.9,27.02,0.034423,697.1,0.000000,182.6,1981469,805.6,100165,346.7,0.67,0.000584,100972,332.3,16.86,0.018272,87923,306.7,61.10,0.076689,337.1,-0.001955,950.8,165775,1043.4,119426,372.7,-5.11,-0.004926,114918,345.0,-1.29,-0.001532,89979,308.3,35.25,0.045044,517.1,0.058456,333.6,98069,363.7,102922,331.7,64.95,0.060661,97321,321.4,72.73,0.078308,85971,306.9,84.13,0.103182
158.16,0.0031012,0.042529,89105,90393,89960,89952,304.9,158.2,-0.000000,100.0,440669,1476.0,86258,324.6,2.11,0.001689,86834,312.4,22.15,0.021890,89394,307.5,28.23,0.035927,698.2,0.000000,2501.8,2064212,814.3,100713,347.2,0.79,0.000692,101745,333.0,16.39,0.017863,87718,306.3,61.63,0.077265,338.2,-0.002340,950.2,163236,1037.6,119587,376.6,-6.08,-0.005806,115174,345.3,-2.71,-0.003228,89964,308.0,33.02,0.042222,518.2,0.057518,333.9,98721,364.1,103952,332.6,62.38,0.058689,97899,322.0,71.70,0.077504,85746,306.5,84.43,0.103431
159.08,0.0031193,0.042699,89067,90220,89798,89829,304.7,159.1,-0.000000,100.0,436868,1472.6,87264,325.6,2.01,0.001619,87007,312.6,22.76,0.022527,89196,307.1,29.30,0.037262,699.1,0.000000,156.4,2144575,823.5,101284,347.8,0.91,0.000793,102396,333.7,16.12,0.017643,87534,306.0,62.06,0.077731,339.1,-0.002740,949.6,160928,1032.3,119769,380.7,-7.02,-0.006647,115352,345.4,-3.92,-0.004669,89943,307.8,30.81,0.039417,519.1,0.059254,334.5,99343,364.5,103910,332.4,62.81,0.059097,98438,322.6,70.77,0.076789,85545,306.1,84.73,0.103678
160.10,0.0031393,0.042889,89032,90003,89655,89693,304.4,160.1,-0.000000,155.6,432600,1468.8,88321,326.7,1.87,0.001523,87187,312.8,23.27,0.023055,88989,306.7,30.52,0.038771,700.1,0.000000,1013.3,2242880,836.2,101999,348.4,1.02,0.000896,103063,334.3,15.96,0.017553,87341,305.7,62.54,0.078243,340.1,-0.003174,949.1,158308,1026.3,120012,386.1,-8.16,-0.007629,115491,345.5,-5.17,-0.006166,89916,307.6,28.25,0.036162,520.1,0.055711,334.6,99989,365.0,104863,333.2,60.61,0.057411,99054,323.3,69.74,0.075987,85343,305.7,85.07,0.103977
161.13,0.0031593,0.043077,89013,89761,89531,89557,304.2,161.1,0.000000,100.0,428279,1464.9,89313,327.7,1.74,0.001425,87374,313.1,23.50,0.023320,88808,306.3,31.76,0.040308,701.1,0.000000,337.9,2353444,852.4,102778,349.1,1.10,0.000974,103665,334.9,15.92,0.017580,87164,305.4,63.04,0.078780,341.1,-0.003664,948.7,155237,1019.5,120295,392.5,-9.38,-0.008649,115571,345.6,-6.34,-0.007563,89886,307.4,25.69,0.032892,521.1,0.057469,335.0,100676,365.4,104966,333.1,60.72,0.057585,99678,323.9,68.67,0.075138,85174,305.4,85.40,0.104275
162.15,0.0031794,0.043264,89016,89504,89415,89422,304.0,162.1,-0.000000,675.8,423910,1460.9,90248,328.7,1.62,0.001336,87602,313.3,23.48,0.023345,88647,306.0,32.95,0.041795,702.1,0.000000,483.0,2479253,872.8,103594,349.9,1.14,0.001017,104201,335.4,15.93,0.017649,86999,305.1,63.54,0.079328,342.1,-0.004167,949.1,150071,1009.4,120598,399.9,-10.65,-0.009662,115595,345.6,-7.45,-0.008882,89847,307.2,23.16,0.029657,522.1,0.053919,335.7,101319,365.9,105841,333.9,58.86,0.056159,100297,324.6,67.53,0.074192,85038,305.2,85.65,0.104495
163.07,0.0031974,0.043430,89042,89273,89340,89301,303.9,163.1,0.000000,100.0,419937,1457.3,91045,329.5,1.52,0.001265,87851,313.6,23.22,0.023127,88524,305.7,33.98,0.043082,703.1,0.000000,208.1,2607998,895.5,104331,350.6,1.14,0.001020,104617,335.7,15.93,0.017708,86863,304.9,64.01,0.079852,343.1,-0.004644,949.2,146114,1001.2,120868,407.5,-11.82,-0.010545,115576,345.6,-8.41,-0.010028,89817,307.0,20.92,0.026795,523.1,0.052866,335.7,101893,366.3,106784,334.7,56.70,0.054458,100843,325.2,66.41,0.073228,84943,305.0,85.80,0.104628
164.09,0.0032175,0.043610,89093,89024,89294,89168,303.8,164.1,-0.000000,228.6,415476,1453.3,91886,330.3,1.43,0.001194,88200,314.0,22.63,0.022603,88420,305.5,35.09,0.044472,704.1,0.000000,527.4,2770966,926.1,105128,351.3,1.10,0.000989,105011,336.1,15.94,0.017763,86735,304.7,64.63,0.080560,344.1,-0.005146,949.2,142211,992.7,121171,417.0,-13.17,-0.011509,115517,345.6,-9.46,-0.011278,89804,306.9,18.49,0.023697,524.1,0.054807,336.2,102576,366.7,106802,334.5,57.00,0.054772,101436,325.8,65.06,0.072021,84868,304.8,85.93,0.104748
165.11,0.0032375,0.043785,89157,88791,89254,89035,303.7,165.1,0.000000,100.0,409886,1448.4,92681,331.1,1.34,0.001125,88634,314.5,21.72,0.021768,88349,305.2,36.11,0.045766,705.1,0.000000,271.3,2957500,962.9,105883,351.9,1.03,0.000936,105359,336.4,15.92,0.017779,86627,304.5,65.33,0.081377,345.1,-0.005705,948.8,139755,986.5,121483,427.8,-14.59,-0.012458,115439,345.5,-10.52,-0.012532,89821,306.8,16.06,0.020587,525.1,0.051342,336.8,103217,367.2,107641,335.2,55.19,0.053339,102015,326.4,63.62,0.070691,84823,304.7,86.00,0.104828
166.14,0.0032576,0.043955,89226,88577,89197,88903,303.6,166.1,-0.000000,251.2,403931,1443.1,93427,331.9,1.24,0.001052,89157,315.0,20.52,0.020644,88295,305.0,36.97,0.046852,706.1,0.000000,100.0,3169932,1006.4,106593,352.6,0.97,0.000878,105687,336.7,15.85,0.017748,86521,304.3,66.03,0.082192,346.1,-0.006328,948.2,137622,980.7,121825,440.2,-16.13,-0.013429,115364,345.4,-11.58,-0.013798,89861,306.7,13.46,0.017270,526.1,0.050498,336.8,103858,367.6,108563,335.9,53.17,0.051714,102585,327.0,62.12,0.069281,84803,304.6,85.94,0.104753
167.16,0.0032777,0.044119,89282,88388,89129,88773,303.5,167.2,-0.000000,100.0,397879,1437.7,94118,332.5,1.14,0.000971,89747,315.7,19.04,0.019250,88251,304.9,37.60,0.047653,707.2,0.000000,313.3,3410051,1056.8,107266,353.2,0.91,0.000833,106025,337.0,15.76,0.017685,86404,304.2,66.73,0.082984,347.2,-0.006988,947.8,135014,974.1,122183,454.1,-17.77,-0.014382,115320,345.4,-12.65,-0.015066,89922,306.7,10.56,0.013558,527.2,0.051992,337.3,104537,368.1,108618,335.8,53.45,0.052030,103150,327.6,60.60,0.067838,84794,304.5,85.69,0.104468
168.08,0.0032958,0.044264,89298,88242,89077,88658,303.5,168.1,-0.000000,435.3,392361,1432.8,94683,333.1,1.03,0.000885,90311,316.3,17.56,0.017828,88212,304.7,38.01,0.048170,708.1,0.000000,170.1,3650735,1108.2,107855,353.7,0.88,0.000808,106354,337.3,15.63,0.017573,86289,304.1,67.39,0.083735,348.1,-0.007628,947.7,131234,965.6,122494,468.1,-19.29,-0.015184,115316,345.4,-13.61,-0.016212,89998,306.7,7.61,0.009773,528.1,0.048503,337.9,105111,368.5,109447,336.5,51.73,0.050643,103653,328.2,59.25,0.066537,84799,304.5,85.34,0.104059
169.11,0.0033159,0.044423,89266,88098,89034,88532,303.4,169.1,-0.000000,413.2,386155,1427.2,95236,333.6,0.90,0.000774,90947,316.9,15.84,0.016160,88175,304.6,38.33,0.048588,709.1,0.000000,427.1,3945700,1171.9,108503,354.3,0.87,0.000798,106750,337.7,15.38,0.017344,86157,303.9,68.23,0.084689,349.1,-0.008219,947.9,126880,955.7,122776,485.3,-20.92,-0.015924,115381,345.4,-14.70,-0.017515,90106,306.8,3.89,0.005003,529.1,0.048013,338.0,105754,368.9,110355,337.2,49.95,0.049201,104202,328.8,57.76,0.065095,84825,304.4,84.81,0.103465
170.13,0.0033360,0.044582,89194,87967,89045,88409,303.4,170.1,0.000000,264.1,379872,1421.4,95702,334.1,0.76,0.000652,91577,317.6,14.16,0.014516,88160,304.5,38.62,0.048960,710.1,0.000000,698.0,4269004,1242.3,109152,354.8,0.86,0.000796,107168,338.1,15.00,0.016955,86035,303.8,69.27,0.085881,350.1,-0.008846,947.6,122749,946.1,123010,504.1,-22.54,-0.016546,115528,345.6,-15.80,-0.018842,89981,306.7,-0.86,-0.001102,530.1,0.049488,338.4,106437,369.4,110426,337.1,50.26,0.049547,104732,329.3,56.28,0.063635,84887,304.4,84.21,0.102808
171.16,0.0033561,0.044744,89102,87843,89011,88291,303.4,171.2,0.000000,100.0,373513,1415.6,96078,334.5,0.61,0.000526,92195,318.2,12.60,0.012982,88150,304.4,38.78,0.049166,711.2,0.000000,350.3,4618958,1318.9,109797,355.4,0.85,0.000788,107599,338.5,14.43,0.016357,85903,303.8,70.38,0.087145,351.2,-0.006969,502.9,119843,938.5,119580,505.5,-16.13,-0.011478,115746,345.7,-16.91,-0.020187,89871,306.6,-5.81,-0.007460,531.2,0.046331,339.0,107085,369.9,111211,337.7,48.74,0.048301,105233,329.9,54.77,0.062119,84950,304.5,83.46,0.101956
172.09,0.0033743,0.044892,89023,87730,88965,88188,303.3,172.1,-0.000000,313.3,367741,1410.2,96344,334.7,0.48,0.000420,92741,318.8,11.35,0.011741,88140,304.4,38.79,0.049175,712.1,0.000000,301.1,4954370,1392.7,110360,355.9,0.82,0.000762,107986,338.8,13.74,0.015623,85773,303.7,71.38,0.088261,352.1,-0.005407,505.8,117464,932.0,117532,507.7,-12.95,-0.009014,115983,345.9,-17.91,-0.021415,89818,306.6,-10.20,-0.013080,532.1,0.045242,339.3,107666,370.3,111997,338.4,47.07,0.046898,105653,330.3,53.36,0.060679,85004,304.5,82.63,0.101001
173.12,0.0033944,0.045059,88953,87608,88893,88077,303.2,173.1,0.000000,430.1,361307,1404.2,96570,334.9,0.37,0.000317,93341,319.4,10.14,0.010538,88112,304.4,38.64,0.048971,713.1,0.000000,207.0,5346278,1479.3,110944,356.4,0.75,0.000707,108411,339.2,12.82,0.014617,85617,303.7,72.42,0.089391,353.1,-0.004473,934.2,115242,925.5,116095,510.1,-10.89,-0.007452,116274,346.2,-19.04,-0.022812,89746,306.6,-15.01,-0.019237,533.1,0.044538,339.5,108315,370.7,112810,339.0,45.28,0.045358,106081,330.8,51.73,0.058982,85065,304.5,81.55,0.099737
174.15,0.0034147,0.045226,88880,87495,88804,87971,303.1,174.1,0.000000,360.8,354855,1398.0,96737,335.1,0.27,0.000235,93935,320.0,9.11,0.009510,88069,304.3,38.31,0.048538,714.1,0.000000,2303.3,5753816,1569.8,111464,356.8,0.67,0.000628,108823,339.6,11.79,0.013482,85467,303.7,73.28,0.090301,354.1,-0.002780,507.8,113612,920.0,114170,509.0,-7.53,-0.005078,116583,346.4,-20.22,-0.024263,89627,306.5,-19.62,-0.025115,534.1,0.043442,347.7,108964,371.2,113587,339.6,43.46,0.043759,106470,331.3,50.04,0.057191,85126,304.6,80.31,0.098273
175.08,0.0034329,0.045379,88786,87398,88717,87879,303.1,175.1,-0.000000,1222.4,349035,1392.4,96848,335.2,0.20,0.000177,94461,320.5,8.30,0.008699,88025,304.3,37.88,0.047987,715.1,0.000000,224.2,6129346,1654.0,111871,357.2,0.58,0.000550,109184,339.9,10.85,0.012428,85370,303.7,73.79,0.090819,355.1,-0.001388,506.3,112329,915.5,112428,506.7,-4.45,-0.002968,116899,346.7,-21.38,-0.025710,89454,306.5,-23.46,-0.029979,535.1,0.044365,340.4,109576,371.6,113444,339.3,43.76,0.044028,106794,331.6,48.49,0.055520,85177,304.6,79.08,0.096823
176.11,0.0034531,0.045553,88643,87296,88608,87781,302.9,176.1,-0.000000,178.6,342556,1386.1,96938,335.3,0.14,0.000125,95022,321.0,7.49,0.007880,87973,304.2,37.29,0.047214,716.1,0.000000,985.5,6550560,1749.4,112262,357.5,0.50,0.000472,109574,340.2,9.84,0.011300,85311,303.8,73.99,0.090981,356.1,-0.000675,504.9,110945,910.5,111146,505.1,-2.55,-0.001689,117352,347.1,-22.92,-0.027637,89233,306.4,-27.20,-0.034686,536.1,0.041072,340.8,110218,372.1,114097,339.8,42.05,0.042494,107133,332.0,46.74,0.053632,85229,304.6,77.64,0.095106
177.14,0.0034734,0.045733,88460,87203,88493,87688,302.8,177.1,0.000000,100.0,336068,1379.7,96995,335.3,0.09,0.000080,95546,321.6,6.73,0.007109,87919,304.2,36.57,0.046283,717.1,0.000000,338.5,6969425,1845.9,112607,357.8,0.44,0.000416,109959,340.6,8.92,0.010273,85270,303.9,73.86,0.090759,357.1,-0.000313,504.4,109551,905.2,110209,503.8,-0.79,-0.000519,117819,347.5,-24.48,-0.029604,89041,306.3,-30.47,-0.038781,537.1,0.039786,341.1,110856,372.5,114709,340.3,40.40,0.040984,107466,332.4,45.01,0.051745,85272,304.6,76.13,0.093312
178.08,0.0034917,0.045901,88269,87139,88383,87608,302.7,178.1,0.000000,290.8,330222,1373.8,97022,335.4,0.05,0.000045,95979,322.0,6.08,0.006443,87869,304.1,35.82,0.045310,718.1,0.000000,100.0,7338632,1932.7,112894,358.0,0.41,0.000385,110306,340.9,8.19,0.009447,85225,303.9,73.53,0.090293,358.1,0.001049,503.0,108642,899.9,109173,502.5,0.78,0.000510,117998,347.6,-25.31,-0.030644,88899,306.4,-33.19,-0.042168,538.1,0.038340,341.2,111424,372.9,115310,340.7,38.75,0.039463,107768,332.7,43.48,0.050072,85302,304.6,74.74,0.091650
179.11,0.0035120,0.046097,88041,87096,88264,87523,302.6,179.1,0.000000,100.0,323724,1367.2,97030,335.4,0.01,0.000013,96412,322.4,5.40,0.005747,87812,304.1,34.86,0.044080,719.1,0.000000,127.5,7733802,2028.1,113198,358.3,0.38,0.000364,110692,341.2,7.45,0.008617,85246,304.0,72.71,0.089267,359.1,0.001837,501.4,107474,892.6,108133,501.0,2.14,0.001388,117917,347.5,-25.52,-0.030886,88771,306.4,-36.13,-0.045822,539.1,0.037289,341.5,112055,373.4,115888,341.2,37.11,0.037944,108115,333.1,41.81,0.048255,85329,304.6,73.19,0.089773
180.15,0.0035324,0.046302,87812,87072,88180,87445,302.5,180.2,-0.000000,169.8,317223,1360.5,97023,335.4,-0.01,-0.000007,96797,322.8,4.81,0.005129,87768,304.1,33.82,0.042742,0.2,0.000000,100.0,8106541,2121.6,113485,358.5,0.36,0.000342,111077,341.6,6.76,0.007836,85565,304.4,70.39,0.086633,360.2,0.002656,499.8,106368,884.3,107153,499.3,3.50,0.002262,117608,347.2,-25.31,-0.030579,88693,306.6,-39.10,-0.049529,540.2,0.035922,341.8,112683,373.8,116406,341.5,35.56,0.036482,108475,333.5,40.19,0.046481,85362,304.6,71.65,0.087928
181.09,0.0035508,0.046494,87614,87063,88174,87380,302.5,181.1,0.000000,553.1,311374,1354.4,97020,335.4,-0.00,-0.000004,97105,323.1,4.37,0.004675,87762,304.1,32.87,0.041542,1.1,0.000000,737.1,8417542,2203.2,113716,358.7,0.32,0.000305,111417,341.9,6.14,0.007133,86363,305.2,65.50,0.081141,361.1,0.003482,497.8,105249,875.6,106317,497.3,4.83,0.003107,116832,346.6,-23.88,-0.028710,88680,306.8,-41.86,-0.052987,541.1,0.034399,342.1,113240,374.2,116905,341.9,33.99,0.034983,108811,333.8,38.75,0.044908,85419,304.6,70.37,0.086402
182.13,0.0035712,0.046715,87413,87074,88287,87317,302.6,182.1,0.000000,265.3,304876,1347.5,97030,335.4,0.02,0.000016,97410,323.4,4.03,0.004321,87824,304.2,31.92,0.040356,2.1,0.000000,293.8,8730575,2290.3,113920,358.9,0.25,0.000238,111778,342.2,5.43,0.006324,87819,306.6,55.94,0.070144,362.1,0.004396,495.2,104131,865.1,105425,494.8,6.44,0.004127,115274,345.2,-20.70,-0.024649,88741,307.1,-44.97,-0.056901,542.1,0.033178,342.4,113858,374.7,117335,342.2,32.41,0.033445,109196,334.2,37.16,0.043165,85544,304.7,69.15,0.084995
183.07,0.0035896,0.046920,87256,87090,88471,87271,302.8,183.1,0.000000,162.6,299035,1341.3,97074,335.4,0.07,0.000065,97660,323.6,3.87,0.004147,87959,304.4,31.21,0.039490,3.1,0.000000,215.3,8978734,2364.8,114040,359.0,0.17,0.000159,112078,342.4,4.77,0.005566,89253,308.0,44.62,0.056625,363.1,0.005366,492.6,103164,854.7,104659,492.1,7.95,0.005082,113676,343.8,-17.39,-0.020505,88874,307.5,-47.73,-0.060403,543.1,0.031502,342.6,114405,375.1,117724,342.4,30.84,0.031914,109552,334.6,35.72,0.041586,85727,304.9,68.26,0.084033
184.12,0.0036101,0.047152,87099,87090,88718,87234,303.0,184.1,0.000000,517.0,292567,1334.2,97184,335.5,0.17,0.000147,97917,323.9,3.82,0.004105,88182,304.7,30.46,0.038598,4.1,0.000000,354.9,9212704,2442.4,114098,359.1,0.07,0.000067,112373,342.7,4.03,0.004712,90469,309.0,31.48,0.040346,364.1,0.006247,489.3,102232,842.5,103903,488.8,9.47,0.006056,112035,342.4,-14.17,-0.016537,89078,308.0,-50.72,-0.064235,544.1,0.030090,342.9,115008,375.5,118031,342.6,29.27,0.030349,109957,335.0,34.11,0.039808,85992,305.2,67.36,0.083099
185.16,0.0036306,0.047389,86951,87063,88962,87211,303.3,185.2,-0.000000,138.9,286130,1327.1,97359,335.7,0.27,0.000234,98160,324.1,3.88,0.004173,88443,305.1,29.63,0.037612,5.2,0.000000,863.0,9399510,2513.8,114091,359.1,-0.01,-0.000008,112619,342.9,3.31,0.003878,90998,309.5,20.11,0.025891,365.2,0.007079,485.7,101427,830.0,103239,485.2,10.81,0.006917,110620,341.2,-11.61,-0.013431,89293,308.5,-53.62,-0.067952,545.2,0.028347,343.1,115599,376.0,118270,342.8,27.70,0.028768,110370,335.5,32.49,0.038007,86292,305.6,66.42,0.082106
186.10,0.0036491,0.047606,86815,87029,89161,87201,303.5,186.1,0.000000,290.8,280363,1320.6,97560,335.9,0.34,0.000295,98365,324.3,4.00,0.004318,88679,305.4,28.82,0.036639,6.1,0.000000,178.3,9525603,2572.4,114046,359.0,-0.06,-0.000055,112799,343.1,2.70,0.003165,91088,309.5,11.90,0.015329,366.1,0.007800,482.3,100782,818.5,102703,481.7,11.88,0.007621,109485,340.1,-9.82,-0.011275,89461,309.0,-56.10,-0.071118,546.1,0.026464,343.4,116119,376.3,118517,342.9,26.16,0.027209,110750,335.8,31.02,0.036376,86576,306.1,65.48,0.081091
187.15,0.0036696,0.047851,86655,86997,89360,87199,303.6,187.1,0.000000,127.4,274004,1313.3,97808,336.1,0.38,0.000330,98566,324.5,4.20,0.004535,88925,305.9,27.90,0.035521,7.1,0.000000,322.6,9618152,2630.7,113987,359.0,-0.07,-0.000066,112956,343.2,2.07,0.002425,90997,309.5,4.63,0.005963,367.1,0.008480,478.2,100127,805.5,102155,477.6,12.99,0.008360,108320,339.1,-8.26,-0.009412,89611,309.5,-58.63,-0.074315,547.1,0.023631,343.4,116667,376.8,119180,343.4,23.56,0.024604,111178,336.3,29.40,0.034565,86896,306.7,64.34,0.079809
188.09,0.0036880,0.048076,86502,87004,89563,87207,303.8,188.1,-0.000000,193.7,268341,1306.7,98030,336.3,0.38,0.000332,98725,324.7,4.41,0.004771,89137,306.3,27.14,0.034588,8.1,0.000000,611.7,9658738,2676.9,113951,358.9,-0.05,-0.000047,113069,343.3,1.53,0.001803,90485,309.0,-1.18,-0.001512,368.1,0.009285,475.4,99608,793.7,101610,473.7,14.19,0.009158,107311,338.2,-7.16,-0.008104,89736,310.0,-60.56,-0.076760,548.1,0.023050,343.7,117169,377.1,119333,343.5,22.25,0.023261,111570,336.6,27.96,0.032949,87200,307.4,63.26,0.078568
189.14,0.0037086,0.048331,86328,87038,89696,87223,304.0,189.1,-0.000000,435.6,262122,1299.3,98259,336.5,0.35,0.000308,98878,324.8,4.67,0.005057,89325,306.7,26.32,0.033559,9.1,0.000000,441.5,9657453,2721.0,113942,358.9,-0.01,-0.000009,113174,343.4,0.98,0.001155,90247,308.7,-5.50,-0.007041,369.1,0.010854,469.1,99287,780.0,100739,468.5,16.37,0.010589,106203,337.2,-6.20,-0.006963,89838,310.5,-62.47,-0.079148,549.1,0.020381,347.6,117699,377.6,119891,343.9,19.93,0.020913,112010,337.1,26.39,0.031182,87511,308.1,61.82,0.076866
190.08,0.0037270,0.048564,86171,87045,89806,87242,304.1,190.1,-0.000000,100.0,256592,1292.7,98445,336.7,0.32,0.000280,98995,324.9,4.91,0.005319,89458,307.1,25.64,0.032698,10.1,0.000000,215.4,9616342,2754.1,113961,358.9,0.03,0.000025,113262,343.5,0.52,0.000608,90300,308.8,-8.59,-0.010992,370.1,0.011313,464.6,98947,767.8,100329,464.0,17.29,0.011246,105199,336.3,-5.51,-0.006143,89892,310.9,-63.96,-0.080981,550.1,0.019674,344.0,118183,377.9,120007,344.0,18.78,0.019723,112413,337.5,25.01,0.029622,87771,308.8,60.35,0.075098
191.13,0.0037476,0.048828,85999,87032,89927,87269,304.2,191.1,-0.000000,100.0,250524,1285.2,98633,336.9,0.29,0.000254,99111,325.0,5.18,0.005618,89577,307.5,25.05,0.031952,11.1,0.000000,100.0,9529165,2783.8,114013,359.0,0.06,0.000061,113360,343.5,0.04,0.000053,90385,308.9,-11.80,-0.015112,371.1,0.011890,459.7,98536,754.4,99945,458.9,18.12,0.011868,104063,335.2,-4.87,-0.005394,89947,311.3,-65.30,-0.082608,551.1,0.017250,347.4,118698,378.3,120471,344.3,16.79,0.017679,112870,337.9,23.51,0.027920,88051,309.6,58.61,0.072997
192.07,0.0037661,0.049069,85850,86997,90030,87298,304.3,192.1,-0.000000,100.0,245132,1278.5,98794,337.0,0.28,0.000244,99212,325.1,5.43,0.005890,89671,307.9,24.69,0.031482,12.1,0.000000,100.0,9416446,2804.3,114072,359.0,0.08,0.000076,113446,343.6,-0.31,-0.000367,90436,309.0,-14.36,-0.018400,372.1,0.012520,455.0,98141,742.4,99592,454.2,18.89,0.012456,103023,334.2,-4.39,-0.004822,90003,311.7,-66.24,-0.083758,552.1,0.016489,344.6,119168,378.7,120563,344.4,15.77,0.016614,113294,338.3,22.18,0.026413,88296,310.2,57.00,0.071026
193.12,0.0037866,0.049342,85687,86937,90125,87334,304.4,193.1,0.000000,3205.8,239218,1271.0,98981,337.2,0.29,0.000252,99335,325.3,5.70,0.006189,89768,308.4,24.47,0.031185,13.1,0.000000,100.0,9257170,2820.4,114129,359.1,0.07,0.000065,113530,343.7,-0.60,-0.000701,90483,309.0,-16.77,-0.021506,373.1,0.013204,449.7,97679,729.3,99180,448.9,19.82,0.013172,101864,333.2,-3.93,-0.004286,90070,312.1,-67.05,-0.084734,553.1,0.014259,344.8,119672,379.1,120927,344.6,14.07,0.014861,113779,338.7,20.73,0.024759,88566,310.9,55.17,0.068800
194.17,0.0038072,0.049618,85534,86855,90226,87375,304.6,194.2,-0.000000,137.0,233386,1263.4,99187,337.4,0.31,0.000278,99484,325.4,5.95,0.006469,89843,308.8,24.38,0.031064,14.2,0.000000,100.0,9066730,2829.9,114159,359.1,0.03,0.000033,113604,343.7,-0.76,-0.000893,90514,309.1,-18.85,-0.024168,374.2,0.013968,444.3,97199,716.2,98741,443.4,20.77,0.013914,100737,332.1,-3.59,-0.003880,90132,312.4,-67.73,-0.085548,554.2,0.012763,345.0,120171,379.5,121242,344.9,12.50,0.013230,114276,339.2,19.30,0.023117,88817,311.6,53.25,0.066463
195.11,0.0038257,0.049870,85421,86770,90316,87414,304.8,195.1,0.000000,100.0,228207,1256.6,99397,337.6,0.35,0.000311,99651,325.6,6.15,0.006694,89899,309.1,24.44,0.031124,15.1,0.000000,100.0,8872811,2833.3,114156,359.1,-0.00,-0.000002,113659,343.8,-0.80,-0.000949,90535,309.1,-20.42,-0.026188,375.1,0.014690,439.4,96747,704.7,98315,438.4,21.58,0.014553,99774,331.2,-3.39,-0.003638,90191,312.7,-68.27,-0.086212,555.1,0.011212,345.2,120614,379.9,121527,345.1,11.10,0.011764,114729,339.6,18.02,0.021642,89033,312.0,51.47,0.064308
196.16,0.0038463,0.050150,85318,86674,90427,87462,305.0,196.2,-0.000000,382.1,222531,1249.0,99659,337.9,0.39,0.000349,99876,325.8,6.34,0.006906,89963,309.5,24.65,0.031371,16.2,0.000000,277.1,8636830,2832.0,114119,359.1,-0.05,-0.000046,113709,343.8,-0.77,-0.000902,90562,309.1,-21.83,-0.028005,376.2,0.015374,433.9,96212,692.0,97800,432.8,22.36,0.015198,98757,330.2,-3.23,-0.003446,90273,313.1,-68.85,-0.086924,556.2,0.007513,347.2,121063,380.3,122373,345.7,8.45,0.009002,115231,340.1,16.60,0.019996,89268,312.5,49.49,0.061902
197.11,0.0038649,0.050404,85236,86594,90538,87507,305.3,197.1,0.000000,100.0,217490,1242.1,99914,338.1,0.42,0.000375,100107,326.0,6.47,0.007066,90028,309.8,24.94,0.031734,17.1,0.000000,100.0,8409765,2826.6,114050,359.0,-0.09,-0.000089,113747,343.9,-0.65,-0.000770,90600,309.2,-22.82,-0.029277,377.1,0.015990,429.0,95688,680.8,97297,427.7,22.94,0.015694,97869,329.4,-3.08,-0.003260,90363,313.4,-69.36,-0.087582,557.1,0.007770,347.2,121490,380.6,122517,345.8,7.40,0.007887,115674,340.5,15.32,0.018503,89478,312.8,47.71,0.059751
198.17,0.0038856,0.050685,85172,86537,90675,87559,305.6,198.2,0.000000,100.0,211965,1234.4,100205,338.4,0.43,0.000385,100380,326.3,6.59,0.007208,90127,310.2,25.32,0.032218,18.2,0.000000,620.0,8145291,2816.6,113938,358.9,-0.14,-0.000133,113793,343.9,-0.46,-0.000545,90667,309.3,-23.64,-0.030346,378.2,0.016548,423.5,95045,668.6,96680,422.1,23.45,0.016158,96887,328.4,-2.83,-0.002979,90485,313.7,-69.97,-0.088374,558.2,0.006296,347.1,121960,381.0,122715,346.0,6.06,0.006472,116151,340.9,13.89,0.016827,89718,313.2,45.75,0.057388
199.12,0.0039043,0.050937,85146,86552,90807,87609,305.9,199.1,0.000000,100.0,207464,1227.9,100461,338.6,0.42,0.000378,100624,326.5,6.66,0.007299,90242,310.5,25.66,0.032653,19.1,0.000000,641.9,7899715,2804.6,113813,358.8,-0.17,-0.000160,113850,344.0,-0.25,-0.000294,90753,309.4,-24.19,-0.031072,379.1,0.017056,418.6,94404,657.9,96061,417.0,23.82,0.016508,96005,327.6,-2.59,-0.002709,90614,314.0,-70.57,-0.089183,559.1,0.005014,346.2,122383,381.4,122879,346.1,4.95,0.005291,116562,341.3,12.60,0.015304,89940,313.5,44.01,0.055280
200.07,0.0039229,0.051186,85134,86667,90942,87660,306.3,200.1,0.000000,100.0,203098,1221.6,100706,338.8,0.40,0.000361,100853,326.7,6.69,0.007347,90374,310.9,25.96,0.033043,20.1,0.000000,243.4,7650341,2790.1,113679,358.7,-0.18,-0.000173,113931,344.0,-0.01,-0.000014,90865,309.5,-24.60,-0.031629,380.1,0.017491,413.7,93697,647.4,95376,411.9,24.14,0.016809,95132,326.7,-2.47,-0.002567,90762,314.2,-71.27,-0.090134,560.1,0.003672,346.3,122803,381.8,123090,346.3,3.82,0.004084,116946,341.6,11.32,0.013784,90168,313.8,42.26,0.053173
201.12,0.0039436,0.051458,85117,86914,91083,87719,306.7,201.1,-0.000000,100.0,198692,1215.0,100961,339.1,0.38,0.000339,101084,327.0,6.71,0.007377,90536,311.3,26.17,0.033322,21.1,0.000000,249.1,7372097,2771.6,113535,358.5,-0.18,-0.000167,114052,344.1,0.26,0.000305,91027,309.6,-25.06,-0.032252,381.1,0.017906,408.3,92833,636.1,94536,406.4,24.48,0.017126,94184,325.8,-2.53,-0.002612,90950,314.6,-72.23,-0.091448,561.1,0.002208,346.9,123264,382.2,123401,346.5,2.48,0.002655,117333,341.9,9.92,0.012102,90423,314.1,40.31,0.050802
202.07,0.0039622,0.051699,85107,87190,91190,87776,307.0,202.1,-0.000000,312.3,194889,1209.2,101178,339.3,0.36,0.000322,101264,327.2,6.70,0.007371,90680,311.7,26.22,0.033391,22.1,0.000000,396.1,7122952,2753.4,113422,358.4,-0.15,-0.000146,114180,344.2,0.49,0.000579,91185,309.8,-25.55,-0.032935,382.1,0.018312,403.4,91987,626.2,93714,401.5,24.82,0.017423,93344,324.9,-2.78,-0.002852,91136,314.8,-73.35,-0.092973,562.1,-0.000654,346.9,123649,382.5,124252,347.3,0.02,0.000024,117660,342.2,8.63,0.010547,90647,314.4,38.50,0.048600
203.13,0.0039829,0.051962,85117,87482,91283,87841,307.5,203.1,0.000000,100.0,190719,1202.7,101413,339.5,0.35,0.000314,101434,327.3,6.61,0.007285,90842,312.2,26.08,0.033227,23.1,0.000000,298.8,6848741,2731.4,113326,358.4,-0.12,-0.000111,114326,344.4,0.72,0.000847,91364,310.0,-26.29,-0.033932,383.1,0.018678,398.1,91043,615.5,92756,396.1,25.19,0.017744,92400,324.0,-3.32,-0.003373,91341,315.1,-74.97,-0.095151,563.1,-0.001017,347.3,124091,382.9,124587,347.8,-1.31,-0.001415,118021,342.5,7.09,0.008689,90876,314.7,36.40,0.046022
204.07,0.0040014,0.052193,85168,87695,91361,87905,307.9,204.1,0.000000,1084.1,187498,1197.6,101628,339.7,0.35,0.000319,101562,327.4,6.48,0.007145,91027,312.6,25.65,0.032702,24.1,0.000000,262.8,6598511,2707.4,113270,358.3,-0.08,-0.000075,114445,344.5,0.88,0.001044,91527,310.1,-27.17,-0.035106,384.1,0.019024,393.4,90139,606.2,91861,391.4,25.53,0.018020,91516,323.1,-4.00,-0.004038,91526,315.3,-76.78,-0.097573,564.1,-0.002488,347.8,124483,383.3,124907,348.1,-2.50,-0.002699,118350,342.8,5.60,0.006871,91083,315.0,34.42,0.043576
205.12,0.0040220,0.052440,85298,87896,91463,87980,308.5,205.1,0.000000,639.9,183965,1191.9,101879,339.9,0.37,0.000336,101684,327.6,6.26,0.006911,91303,313.1,24.68,0.031512,25.1,0.000000,622.6,6330496,2681.1,113241,358.3,-0.03,-0.000033,114542,344.6,1.00,0.001187,91707,310.3,-28.36,-0.036703,385.1,0.019383,388.2,89089,596.2,90827,386.3,25.98,0.018372,90485,322.1,-4.92,-0.004932,91676,315.5,-78.90,-0.100389,565.1,-0.003381,347.8,124922,383.7,124980,348.3,-3.18,-0.003436,118699,343.1,3.85,0.004740,91324,315.4,32.12,0.040725
206.17,0.0040425,0.052676,85407,88071,91581,88061,309.1,206.2,0.000000,285.6,180930,1186.8,102153,340.2,0.40,0.000365,101789,327.7,5.95,0.006569,91632,313.7,22.94,0.029335,26.2,0.000000,100.0,6073196,2655.3,113247,358.3,0.01,0.000007,114591,344.6,1.05,0.001251,91857,310.4,-29.84,-0.038660,386.2,0.019806,383.2,88005,586.4,89765,381.3,26.58,0.018819,89409,320.9,-5.96,-0.005919,91679,315.5,-80.52,-0.102434,566.2,-0.006176,388.8,125327,384.1,125760,349.4,-5.36,-0.005805,118986,343.4,2.11,0.002604,91568,315.7,29.67,0.037680
207.10,0.0040609,0.052880,85481,88153,91707,88140,309.7,207.1,0.000000,100.0,178499,1182.7,102420,340.4,0.44,0.000395,101862,327.8,5.56,0.006148,91941,314.2,20.74,0.026583,27.1,0.000000,120.5,5850807,2632.5,113281,358.3,0.05,0.000045,114595,344.6,1.08,0.001279,91954,310.5,-31.36,-0.040658,387.1,0.020279,378.7,87018,577.9,88798,376.9,27.24,0.019299,88417,319.9,-6.94,-0.006836,91605,315.5,-81.20,-0.103233,567.1,-0.005654,348.6,125720,384.4,125720,349.6,-5.71,-0.006177,119166,343.5,0.61,0.000751,91786,315.9,27.35,0.034785
208.15,0.0040813,0.053098,85552,88231,91824,88232,310.4,208.1,0.000000,251.7,176156,1178.5,102733,340.7,0.46,0.000418,101921,327.8,5.04,0.005568,92292,314.6,17.80,0.022862,28.1,0.000000,100.0,5613805,2607.7,113356,358.4,0.10,0.000090,114557,344.6,1.10,0.001300,92016,310.6,-33.17,-0.043037,388.1,0.020816,373.9,85923,568.7,87723,372.2,28.05,0.019889,87309,318.8,-8.03,-0.007840,91462,315.4,-80.95,-0.102780,568.1,-0.008066,388.1,126129,384.8,126279,350.5,-7.38,-0.008007,119288,343.6,-1.01,-0.001244,92050,316.2,24.64,0.031407
209.08,0.0040996,0.053287,85607,88295,91887,88320,310.9,209.1,-0.000000,334.3,174341,1175.3,103018,341.0,0.46,0.000423,101951,327.9,4.49,0.004963,92558,314.9,14.84,0.019097,29.1,0.000000,275.6,5409432,2585.7,113457,358.5,0.14,0.000133,114472,344.5,1.08,0.001275,92029,310.5,-34.88,-0.045265,389.1,0.021387,369.7,84947,560.7,86762,368.0,28.82,0.020438,86318,317.7,-8.97,-0.008696,91296,315.3,-80.03,-0.101466,569.1,-0.008810,387.9,126503,385.1,126603,351.2,-8.54,-0.009260,119357,343.7,-2.47,-0.003047,92264,316.3,22.08,0.028198
210.12,0.0041199,0.053490,85659,88354,91904,88423,311.3,210.1,-0.000000,100.0,172839,1172.3,103324,341.2,0.45,0.000411,101960,327.9,3.81,0.004212,92752,315.1,11.39,0.014684,30.1,0.000000,553.2,5192025,2561.8,113609,358.6,0.19,0.000184,114293,344.3,0.90,0.001070,91973,310.5,-36.86,-0.047809,390.1,0.021964,365.2,83876,552.0,85703,363.5,29.65,0.021033,85230,316.6,-9.95,-0.009556,90997,315.0,-77.86,-0.098485,570.1,-0.009716,350.3,126922,385.5,126794,352.0,-9.48,-0.010274,119427,343.7,-4.16,-0.005143,92442,316.4,19.12,0.024462
211.15,0.0041402,0.053687,85697,88408,91862,88529,311.5,211.2,-0.000000,309.3,171759,1170.1,103610,341.5,0.42,0.000384,101923,327.8,3.05,0.003367,92806,315.1,7.92,0.010206,31.2,0.000000,2570.4,4984467,2538.3,113807,358.8,0.25,0.000239,113978,344.1,0.44,0.000522,91826,310.3,-38.88,-0.050382,391.2,0.022545,360.8,82819,543.5,84650,359.0,30.42,0.021573,84159,315.4,-10.81,-0.010286,90643,314.6,-74.31,-0.093735,571.2,-0.011854,387.4,127321,385.9,127338,353.2,-11.20,-0.012153,119527,343.8,-5.97,-0.007379,92534,316.3,16.06,0.020567
212.08,0.0041585,0.053860,85724,88460,91780,88628,311.7,212.1,-0.000000,266.5,170858,1168.1,103839,341.7,0.38,0.000345,101849,327.8,2.29,0.002534,92731,315.0,4.86,0.006260,32.1,0.000000,178.2,4805779,2517.6,114022,358.9,0.30,0.000284,113539,343.7,-0.32,-0.000372,91670,310.1,-40.71,-0.052695,392.1,0.023043,357.1,81878,536.2,83703,355.2,31.00,0.021975,83207,314.4,-11.46,-0.010814,90380,314.4,-70.32,-0.088530,572.1,-0.012657,387.1,127685,386.2,127615,354.2,-12.38,-0.013429,119657,343.9,-7.67,-0.009490,92531,316.2,13.24,0.016968
213.11,0.0041787,0.054046,85755,88519,91689,88741,311.7,213.1,0.000000,334.7,169960,1166.1,104053,341.9,0.32,0.000289,101738,327.7,1.42,0.001563,92528,314.8,1.40,0.001799,33.1,0.000000,455.8,4615915,2495.0,114286,359.2,0.33,0.000315,112840,343.1,-1.67,-0.001954,91510,309.9,-42.67,-0.055169,393.1,0.023447,353.1,80837,528.3,82648,351.0,31.46,0.022279,82163,313.3,-12.02,-0.011248,90194,314.2,-65.48,-0.082298,573.1,-0.013685,386.8,128090,386.6,127795,355.3,-13.57,-0.014686,119834,344.0,-9.57,-0.011847,92456,316.0,10.11,0.012955
214.15,0.0041989,0.054226,85810,88587,91590,88858,311.7,214.1,-0.000000,376.8,169116,1164.2,104216,342.1,0.24,0.000221,101616,327.6,0.54,0.000594,91801,314.1,-2.67,-0.003413,34.1,0.000000,100.0,4434936,2472.9,114549,359.4,0.33,0.000313,111898,342.3,-3.64,-0.004250,91404,309.8,-44.40,-0.057364,394.1,0.023720,349.1,79790,520.6,81578,346.9,31.70,0.022418,81132,312.1,-12.42,-0.011517,90166,314.2,-60.61,-0.076164,574.1,-0.014307,386.4,128507,386.9,127714,356.4,-14.37,-0.015505,120031,344.2,-11.36,-0.014086,92388,315.8,7.09,0.009076
215.07,0.0042171,0.054382,85931,88663,91462,88965,311.7,215.1,-0.000000,100.0,168383,1162.5,104315,342.1,0.17,0.000152,101518,327.5,-0.22,-0.000238,91536,313.8,-5.15,-0.006573,35.1,0.000000,187.2,4279291,2453.4,114762,359.6,0.30,0.000283,110856,341.3,-5.94,-0.006883,91320,309.7,-45.85,-0.059209,395.1,0.023820,345.6,78832,514.0,80592,343.4,31.81,0.022456,80213,311.1,-12.64,-0.011624,90183,314.2,-56.49,-0.070982,575.1,-0.013712,385.8,128913,387.3,127166,356.9,-14.47,-0.015516,120219,344.3,-12.82,-0.015920,92312,315.7,4.38,0.005603
216.10,0.0042373,0.054542,86236,88762,91358,89086,311.7,216.1,-0.000000,115.9,167598,1160.7,104364,342.2,0.07,0.000068,101441,327.4,-0.99,-0.001093,91437,313.7,-7.38,-0.009420,36.1,0.000000,238.1,4114066,2432.2,114953,359.7,0.24,0.000227,109538,340.2,-8.94,-0.010268,91237,309.5,-47.31,-0.061059,396.1,0.023831,341.8,77748,506.8,79470,339.6,31.84,0.022408,79202,310.0,-12.73,-0.011597,90230,314.3,-52.20,-0.065606,576.1,-0.012845,384.9,129405,387.7,126275,357.2,-13.99,-0.014887,120444,344.4,-14.26,-0.017731,92154,315.5,1.25,0.001605
217.13,0.0042575,0.054677,86800,88865,91276,89210,311.7,217.1,0.000000,768.5,166832,1158.8,104351,342.2,-0.02,-0.000014,101404,327.4,-1.70,-0.001876,91420,313.6,-9.38,-0.011967,37.1,0.000000,100.0,3956709,2411.4,115085,359.8,0.16,0.000157,108134,338.9,-12.23,-0.013912,91188,309.4,-48.52,-0.062610,397.1,0.023749,338.1,76642,499.9,78320,335.9,31.75,0.022263,78199,308.8,-12.65,-0.011426,90312,314.5,-48.20,-0.060612,577.1,-0.011782,384.0,129944,388.2,125250,357.3,-13.19,-0.013915,120696,344.6,-15.53,-0.019343,91641,315.0,-2.39,-0.003040
218.16,0.0042777,0.054777,87550,88973,91179,89335,311.7,218.2,-0.000000,100.0,166064,1157.0,104272,342.1,-0.11,-0.000104,101400,327.4,-2.36,-0.002603,91357,313.5,-11.22,-0.014320,38.2,0.000000,648.7,3806825,2391.0,115155,359.9,0.09,0.000083,106719,337.7,-15.63,-0.017618,91138,309.4,-49.62,-0.064004,398.2,0.023585,334.6,75515,493.3,77150,332.4,31.59,0.022050,77204,307.7,-12.43,-0.011120,90367,314.6,-44.60,-0.056103,578.2,-0.010720,383.0,130532,388.7,124135,357.3,-12.30,-0.012864,120991,344.8,-16.71,-0.020847,91494,314.9,-5.14,-0.006540
219.09,0.0042958,0.054832,88243,89079,91103,89449,311.8,219.1,-0.000000,1066.0,165351,1155.3,104143,342.0,-0.20,-0.000186,101422,327.4,-2.93,-0.003227,91261,313.4,-12.61,-0.016083,39.1,0.000000,221.2,3678042,2373.1,115159,359.9,0.01,0.000008,105483,336.5,-18.68,-0.020884,91090,309.3,-50.51,-0.065136,399.1,0.023387,331.5,74485,487.5,76084,329.4,31.41,0.021825,76316,306.7,-12.09,-0.010735,90382,314.6,-41.60,-0.052322,579.1,-0.009749,382.1,131101,389.2,123112,357.2,-11.47,-0.011896,121299,345.0,-17.76,-0.022200,91479,314.9,-7.56,-0.009621
220.12,0.0043160,0.054857,88916,89215,91015,89577,311.8,220.1,0.000000,186.9,164508,1153.4,103937,341.8,-0.30,-0.000274,101471,327.4,-3.51,-0.003867,91157,313.2,-13.83,-0.017624,40.1,0.000000,100.0,3541441,2353.5,115097,359.8,-0.08,-0.000079,104185,335.3,-21.97,-0.024348,91028,309.2,-51.41,-0.066277,400.1,0.023175,328.2,73328,481.3,74894,326.1,31.23,0.021575,75341,305.5,-11.61,-0.010207,90385,314.7,-38.44,-0.048339,580.1,-0.008822,381.1,131779,389.8,121965,356.9,-10.55,-0.010855,121680,345.3,-18.97,-0.023762,91454,314.9,-10.36,-0.013170
221.14,0.0043362,0.054850,89508,89393,90918,89707,311.8,221.1,0.000000,100.0,163590,1151.3,103665,341.5,-0.40,-0.000363,101535,327.5,-4.05,-0.004464,91070,313.0,-14.82,-0.018885,41.1,0.000000,240.5,3411360,2334.4,114930,359.7,-0.22,-0.000208,102994,334.2,-25.10,-0.027588,90959,309.1,-52.24,-0.067305,401.1,0.022972,325.1,72165,475.3,73706,323.0,31.11,0.021354,74387,304.4,-11.02,-0.009604,90378,314.7,-35.47,-0.044598,581.1,-0.007897,380.0,132505,390.4,120820,356.6,-9.67,-0.009858,122060,345.6,-20.18,-0.025348,91406,314.8,-13.17,-0.016739
222.07,0.0043543,0.054820,89991,89572,90824,89826,311.8,222.1,-0.000000,100.0,162688,1149.3,103361,341.2,-0.49,-0.000449,101592,327.5,-4.51,-0.004969,90994,312.8,-15.61,-0.019881,42.1,0.000000,100.0,3299603,2317.5,114633,359.4,-0.41,-0.000396,102028,333.3,-27.75,-0.030290,90889,309.1,-52.92,-0.068138,402.1,0.022818,322.3,71120,470.1,72643,320.2,31.07,0.021200,73555,303.4,-10.44,-0.009024,90357,314.8,-32.95,-0.041416,582.1,-0.007072,379.1,133198,390.9,119798,356.3,-8.90,-0.009008,122316,345.7,-21.15,-0.026607,91351,314.8,-15.70,-0.019955
223.10,0.0043744,0.054765,90371,89773,90709,89958,311.8,223.1,0.000000,100.0,161595,1146.9,102956,340.9,-0.60,-0.000542,101642,327.6,-4.98,-0.005491,90898,312.6,-16.39,-0.020858,43.1,0.000000,2008.5,3181056,2299.2,114041,358.9,-0.76,-0.000729,101076,332.4,-30.47,-0.033041,90798,309.0,-53.59,-0.068951,403.1,0.022714,319.4,69968,464.5,71476,317.3,31.13,0.021091,72668,302.4,-9.76,-0.008362,90317,314.8,-30.30,-0.038060,583.1,-0.006304,378.1,134014,391.6,118691,355.8,-8.07,-0.008105,122361,345.7,-21.81,-0.027449,91281,314.7,-18.56,-0.023563
224.12,0.0043945,0.054693,90687,89977,90590,90093,311.8,224.1,0.000000,277.1,160410,1144.4,102499,340.4,-0.68,-0.000612,101672,327.6,-5.40,-0.005961,90790,312.4,-17.05,-0.021689,44.1,0.000000,618.3,3068152,2281.2,113066,358.0,-1.25,-0.001187,100246,331.7,-32.94,-0.035515,90695,309.0,-54.17,-0.069628,404.1,0.022667,316.6,68831,459.1,70330,314.5,31.30,0.021055,71824,301.4,-9.05,-0.007689,90262,314.8,-27.78,-0.034878,584.1,-0.005550,377.1,134876,392.3,117639,355.4,-7.26,-0.007233,122181,345.5,-22.10,-0.027786,91203,314.7,-21.46,-0.027233
225.15,0.0044147,0.054608,90988,90174,90472,90229,311.8,225.1,0.000000,383.5,159144,1141.8,102022,340.0,-0.71,-0.000642,101679,327.6,-5.77,-0.006365,90675,312.2,-17.59,-0.022372,45.1,0.000000,732.7,2960602,2263.6,111654,356.7,-1.81,-0.001707,99521,331.0,-35.15,-0.037703,90584,308.9,-54.64,-0.070147,405.1,0.022686,313.9,67717,453.8,69210,311.8,31.59,0.021092,71020,300.4,-8.30,-0.007001,90194,314.8,-25.38,-0.031846,585.1,-0.004849,376.2,135785,393.0,116667,355.0,-6.46,-0.006389,121814,345.2,-22.18,-0.027834,91116,314.6,-24.41,-0.030957
226.07,0.0044328,0.054521,91231,90326,90367,90352,311.8,226.1,0.000000,484.5,157944,1139.2,101603,339.6,-0.70,-0.000629,101669,327.5,-6.03,-0.006660,90572,312.0,-18.00,-0.022874,46.1,0.000000,387.7,2868162,2248.1,110024,355.2,-2.32,-0.002158,98943,330.4,-36.91,-0.039424,90481,308.9,-54.95,-0.070473,406.1,0.022738,311.4,66736,449.2,68223,309.4,31.99,0.021212,70330,299.6,-7.59,-0.006357,90127,314.7,-23.31,-0.029223,586.1,-0.004230,375.4,136643,393.7,115880,354.6,-5.75,-0.005651,121292,344.7,-22.02,-0.027544,91030,314.5,-27.09,-0.034334
227.10,0.0044529,0.054414,91465,90455,90252,90490,311.8,227.1,-0.000000,277.2,156555,1136.4,101175,339.2,-0.65,-0.000581,101649,327.5,-6.26,-0.006903,90461,311.8,-18.37,-0.023338,47.1,0.000000,1478.8,2770047,2231.2,107887,353.2,-2.80,-0.002577,98362,329.8,-38.61,-0.041069,90366,308.8,-55.17,-0.070684,407.1,0.022858,308.7,65675,444.3,67156,306.9,32.60,0.021456,69600,298.7,-6.73,-0.005594,90046,314.7,-21.08,-0.026406,587.1,-0.003654,374.7,137642,394.5,115116,354.2,-4.97,-0.004862,120496,344.0,-21.34,-0.026569,90922,314.4,-30.09,-0.038096
228.12,0.0044730,0.054298,91682,90536,90137,90629,311.8,228.1,0.000000,100.0,155115,1133.4,100800,338.8,-0.57,-0.000512,101616,327.5,-6.35,-0.007009,90352,311.5,-18.70,-0.023745,48.1,0.000000,275.1,2676531,2214.7,105509,351.0,-3.18,-0.002874,97832,329.3,-40.06,-0.042451,90250,308.8,-55.30,-0.070770,408.1,0.023078,306.2,64648,439.5,66123,304.5,33.33,0.021767,68906,297.8,-5.77,-0.004765,89960,314.7,-18.92,-0.023681,588.1,-0.003095,374.1,138687,395.3,114475,353.9,-4.23,-0.004116,119536,343.2,-20.37,-0.025229,90806,314.3,-33.07,-0.041834
229.15,0.0044931,0.054173,91888,90573,90036,90770,311.8,229.1,0.000000,100.0,153633,1130.3,100482,338.5,-0.49,-0.000436,101572,327.4,-6.32,-0.006971,90250,311.3,-19.01,-0.024128,49.1,0.000000,100.0,2587374,2198.6,103005,348.6,-3.42,-0.003043,97342,328.8,-41.29,-0.043598,90142,308.7,-55.37,-0.070784,409.1,0.023346,303.8,63660,434.9,65128,302.2,34.10,0.022102,68249,297.0,-4.70,-0.003853,89875,314.6,-16.81,-0.021028,589.1,-0.002583,373.6,139780,396.2,113950,353.6,-3.53,-0.003425,118534,342.3,-19.39,-0.023868,90695,314.2,-36.03,-0.045538
230.07,0.0045112,0.054055,92069,90596,89965,90896,311.8,230.1,0.000000,285.5,152268,1127.5,100243,338.3,-0.41,-0.000369,101528,327.4,-6.18,-0.006810,90174,311.1,-19.28,-0.024464,50.1,0.000000,212.8,2510673,2184.3,100725,346.4,-3.54,-0.003096,96931,328.4,-42.21,-0.044445,90058,308.7,-55.40,-0.070768,410.1,0.023614,301.8,62803,430.8,64264,300.2,34.80,0.022408,67687,296.3,-3.62,-0.002952,89808,314.6,-14.94,-0.018681,590.1,-0.002140,373.2,140804,397.0,113566,353.4,-2.96,-0.002863,117637,341.6,-18.55,-0.022719,90606,314.1,-38.66,-0.048829
231.09,0.0045312,0.053916,92272,90676,89902,91038,311.8,231.1,0.000000,208.3,150722,1124.2,100024,338.1,-0.34,-0.000303,101479,327.3,-5.87,-0.006467,90108,310.9,-19.59,-0.024853,51.1,0.000000,713.0,2429190,2168.8,98236,343.9,-3.57,-0.003065,96506,327.9,-43.02,-0.045157,89983,308.7,-55.42,-0.070741,411.1,0.023890,299.6,61887,426.4,63342,298.1,35.60,0.022754,67093,295.5,-2.29,-0.001856,89751,314.6,-12.91,-0.016124,591.1,-0.001742,372.8,141987,397.9,113213,353.3,-2.40,-0.002316,116656,340.7,-17.67,-0.021511,90521,313.9,-41.52,-0.052420
232.12,0.0045513,0.053770,92481,90762,89856,91181,311.8,232.1,0.000000,100.0,149148,1120.9,99843,337.9,-0.28,-0.000250,101431,327.3,-5.39,-0.005942,90063,310.8,-19.92,-0.025283,52.1,0.000000,161.3,2351447,2153.7,95851,341.5,-3.50,-0.002959,96103,327.5,-43.53,-0.045563,89929,308.7,-55.47,-0.070751,412.1,0.024180,297.5,61007,422.2,62463,296.1,36.41,0.023105,66530,294.8,-0.82,-0.000660,89711,314.5,-10.93,-0.013645,592.1,-0.001370,372.5,143219,398.8,112910,353.1,-1.93,-0.001858,115689,339.9,-16.81,-0.020347,90447,313.8,-44.31,-0.055918
233.14,0.0045714,0.053616,92699,90979,89837,91324,311.8,233.1,-0.000000,267.0,147552,1117.6,99688,337.7,-0.24,-0.000214,101380,327.2,-4.76,-0.005244,90039,310.6,-20.30,-0.025764,53.1,0.000000,1373.7,2277253,2138.8,93611,339.2,-3.38,-0.002802,95690,327.0,-43.66,-0.045565,89889,308.8,-55.51,-0.070759,413.1,0.024463,295.6,60162,418.1,61630,294.1,37.21,0.023450,65996,294.1,0.79,0.000629,89692,314.5,-9.01,-0.011251,593.1,-0.001051,372.2,144498,399.8,112628,352.9,-1.55,-0.001492,114741,339.0,-15.97,-0.019222,90387,313.7,-46.99,-0.059295
234.17,0.0045915,0.053454,92924,91366,89843,91468,311.8,234.2,-0.000000,100.0,145939,1114.2,99549,337.6,-0.22,-0.000193,101315,327.1,-3.99,-0.004399,90033,310.5,-20.70,-0.026282,54.2,0.000000,100.0,2206424,2124.3,91542,337.0,-3.19,-0.002610,95215,326.5,-43.35,-0.045080,89863,308.8,-55.49,-0.070695,414.2,0.024759,293.7,59352,414.1,60837,292.3,38.02,0.023801,65489,293.5,2.51,0.001998,89692,314.6,-7.15,-0.008930,594.2,-0.000786,371.9,145826,400.8,112343,352.8,-1.27,-0.001215,113822,338.2,-15.17,-0.018153,90351,313.5,-49.57,-0.062547
235.09,0.0046095,0.053301,93131,91724,89857,91599,311.9,235.1,0.000000,355.4,144476,1111.1,99429,337.5,-0.21,-0.000184,101250,327.1,-3.21,-0.003538,90036,310.4,-21.06,-0.026747,55.1,0.000000,100.0,2145412,2111.5,89837,335.2,-3.00,-0.002417,94703,326.0,-42.61,-0.044148,89854,308.9,-55.40,-0.070558,415.1,0.025052,292.1,58652,410.6,60155,290.7,38.77,0.024128,65051,292.9,4.14,0.003281,89705,314.6,-5.53,-0.006898,595.1,-0.000586,371.6,147062,401.7,112069,352.6,-1.08,-0.001036,113026,337.5,-14.50,-0.017263,90339,313.4,-51.82,-0.065400
236.11,0.0046296,0.053124,93363,92081,89872,91744,311.9,236.1,0.000000,169.4,142842,1107.6,99300,337.4,-0.20,-0.000177,101178,327.0,-2.30,-0.002527,90046,310.2,-21.45,-0.027258,56.1,0.000000,100.0,2080507,2097.5,88125,333.4,-2.76,-0.002192,94023,325.3,-41.28,-0.042558,89858,309.0,-55.27,-0.070373,416.1,0.025361,290.4,57908,406.9,59433,289.1,39.64,0.024511,64570,292.3,6.01,0.004733,89727,314.6,-3.76,-0.004701,596.1,-0.000434,371.3,148481,402.7,111730,352.3,-0.95,-0.000911,112182,336.8,-13.83,-0.016385,90339,313.3,-54.28,-0.068535
237.13,0.0046497,0.052938,93604,92385,89893,91890,311.9,237.1,-0.000000,1171.2,141204,1104.1,99179,337.2,-0.19,-0.000167,101096,326.9,-1.42,-0.001562,90061,310.1,-21.83,-0.027763,57.1,0.000000,1708.6,2018489,2083.9,86600,331.7,-2.50,-0.001966,93225,324.4,-39.46,-0.040436,89864,309.1,-55.10,-0.070134,417.1,0.025707,288.8,57197,403.2,58748,287.5,40.54,0.024919,64079,291.7,7.87,0.006166,89751,314.7,-2.04,-0.002548,597.1,-0.000321,370.9,149949,403.8,111355,352.0,-0.88,-0.000835,111386,336.1,-13.28,-0.015654,90343,313.1,-56.71,-0.071639
238.16,0.0046697,0.052743,93878,92649,89933,92036,312.0,238.2,0.000000,100.0,139565,1100.6,99072,337.1,-0.17,-0.000147,100995,326.8,-0.66,-0.000725,90081,310.0,-22.20,-0.028245,58.2,0.000000,875.7,1959207,2070.5,85253,330.3,-2.25,-0.001749,92322,323.5,-37.23,-0.037895,89872,309.3,-54.86,-0.069806,418.2,0.026080,287.3,56520,399.7,58100,286.0,41.50,0.025358,63558,291.0,9.66,0.007523,89778,314.7,-0.32,-0.000405,598.2,-0.000242,370.4,151467,404.9,110944,351.7,-0.84,-0.000801,110642,335.4,-12.87,-0.015096,90344,312.9,-59.08,-0.074675
239.08,0.0046878,0.052558,94159,92813,90016,92169,312.0,239.1,-0.000000,250.3,138093,1097.4,98997,337.1,-0.13,-0.000117,100884,326.7,-0.12,-0.000135,90114,309.9,-22.47,-0.028610,59.1,0.000000,202.2,1908080,2058.7,84180,329.1,-2.04,-0.001566,91440,322.6,-34.98,-0.035370,89892,309.4,-54.56,-0.069400,419.1,0.026466,286.0,55940,396.7,57551,284.8,42.42,0.025787,63052,290.4,11.15,0.008637,89692,314.6,1.01,0.001261,599.1,-0.000197,370.0,152876,405.9,110542,351.3,-0.84,-0.000798,110020,334.8,-12.64,-0.014770,90354,312.8,-61.09,-0.077276
240.10,0.0047078,0.052341,94495,92948,90143,92315,312.1,240.1,0.000000,407.5,136462,1093.8,98952,337.0,-0.07,-0.000062,100736,326.6,0.29,0.000320,90176,309.9,-22.71,-0.028937,60.1,0.000000,1219.6,1853618,2045.9,83129,327.9,-1.81,-0.001379,90407,321.5,-32.34,-0.032435,89933,309.6,-54.07,-0.068764,420.1,0.026892,284.7,55328,393.4,56979,283.5,43.52,0.026308,62446,289.6,12.65,0.009732,89698,314.6,2.72,0.003396,600.1,-0.000176,369.5,154491,407.1,110065,350.9,-0.86,-0.000815,109377,334.3,-12.55,-0.014608,90384,312.6,-63.18,-0.079992
241.12,0.0047279,0.052111,94825,93070,90248,92461,312.2,241.1,0.000000,314.5,134840,1090.2,98960,337.0,0.01,0.000007,100553,326.4,0.50,0.000548,90258,309.8,-22.91,-0.029229,61.1,0.000000,100.0,1801500,2033.3,82214,326.8,-1.60,-0.001207,89335,320.4,-29.66,-0.029501,90003,309.8,-53.44,-0.067976,421.1,0.027389,283.4,54751,390.2,56450,282.3,44.69,0.026883,61805,288.7,13.99,0.010684,89746,314.6,4.60,0.005743,601.1,-0.000017,242.6,156162,408.2,109485,350.4,-0.83,-0.000782,108757,333.7,-12.60,-0.014605,90436,312.4,-65.13,-0.082544
242.14,0.0047479,0.051869,95102,93173,90323,92607,312.2,242.1,-0.000000,277.1,133229,1086.6,99020,337.1,0.09,0.000082,100325,326.2,0.50,0.000552,90340,309.8,-23.15,-0.029560,62.1,0.000000,100.0,1751606,2021.0,81425,326.0,-1.39,-0.001044,88238,319.2,-27.07,-0.026686,90091,310.1,-52.80,-0.067177,422.1,0.027943,282.3,54211,387.1,55963,281.2,45.96,0.027517,61151,287.9,15.23,0.011537,89803,314.6,6.53,0.008167,602.1,0.000000,532.0,157894,422.2,108920,349.9,-0.80,-0.000746,108159,333.1,-12.79,-0.014761,90498,312.3,-67.00,-0.085019
243.17,0.0047680,0.051620,95303,93254,90387,92753,312.2,243.2,0.000000,307.9,131633,1083.0,99145,337.2,0.19,0.000169,100065,326.0,0.30,0.000328,90417,309.7,-23.43,-0.029944,63.2,0.000000,560.7,1703825,2008.9,80760,325.2,-1.18,-0.000884,87126,318.0,-24.64,-0.024074,90175,310.3,-52.20,-0.066415,423.2,0.028559,281.3,53707,384.1,55522,280.2,47.33,0.028214,60520,287.0,16.47,0.012382,89857,314.5,8.49,0.010621,603.2,0.000000,331.8,159683,423.5,108375,349.4,-0.77,-0.000722,107576,332.6,-13.10,-0.015065,90561,312.1,-68.84,-0.087464
244.09,0.0047860,0.051393,95409,93318,90439,92883,312.2,244.1,0.000000,100.0,130213,1079.7,99314,337.4,0.28,0.000250,99766,325.7,-0.10,-0.000114,90481,309.7,-23.71,-0.030332,64.1,0.000000,100.0,1662543,1998.3,80266,324.6,-0.99,-0.000740,86119,316.9,-22.65,-0.021953,90242,310.6,-51.68,-0.065754,424.1,0.029202,280.5,53285,381.5,55163,279.3,48.64,0.028893,60011,286.4,17.72,0.013244,89900,314.5,10.26,0.012836,604.1,0.000000,100.0,161344,424.7,107893,348.9,-0.76,-0.000709,107055,332.1,-13.47,-0.015437,90618,311.9,-70.50,-0.089680
245.11,0.0048061,0.051140,95441,93382,90488,93028,312.2,245.1,0.000000,206.4,128655,1076.2,99560,337.6,0.38,0.000334,99336,325.3,-0.85,-0.000925,90546,309.6,-24.06,-0.030800,65.1,0.000000,100.0,1618497,1986.7,79831,324.1,-0.79,-0.000582,85000,315.7,-20.71,-0.019891,90310,310.8,-51.13,-0.065055,425.1,0.029899,279.6,52854,378.8,54806,278.5,50.17,0.029697,59558,285.8,19.46,0.014464,89936,314.4,12.22,0.015309,605.1,0.000000,100.0,163247,426.0,107364,348.5,-0.76,-0.000701,106466,331.6,-13.95,-0.015932,90676,311.7,-72.38,-0.092185
246.13,0.0048261,0.050891,95460,93443,90528,93173,312.2,246.1,0.000000,1666.1,127122,1072.6,99852,337.9,0.45,0.000396,98793,324.8,-1.91,-0.002069,90602,309.6,-24.43,-0.031305,66.1,0.000000,288.3,1576279,1975.3,79510,323.7,-0.58,-0.000432,83891,314.5,-19.08,-0.018151,90375,311.1,-50.65,-0.064424,426.1,0.030674,278.9,52460,376.1,54488,277.7,51.73,0.030529,59272,285.4,21.75,0.016114,89956,314.3,14.22,0.017814,606.1,0.000000,650.8,165213,427.4,106837,348.0,-0.76,-0.000699,105859,331.0,-14.51,-0.016497,90721,311.6,-74.29,-0.094713
247.16,0.0048462,0.050645,95502,93512,90561,93318,312.2,247.2,-0.000000,551.2,125613,1069.1,100162,338.2,0.47,0.000421,98154,324.2,-3.24,-0.003491,90649,309.5,-24.82,-0.031833,67.2,0.000000,100.0,1535798,1964.2,79292,323.5,-0.40,-0.000295,82810,313.3,-17.73,-0.016714,90433,311.4,-50.24,-0.063888,427.2,0.031460,278.3,52103,373.5,54203,277.0,53.27,0.031347,59186,285.3,24.76,0.018319,89958,314.2,16.25,0.020369,607.2,0.000000,2023.8,167244,428.8,106311,347.5,-0.76,-0.000699,105229,330.4,-15.12,-0.017122,90754,311.4,-76.21,-0.097251
248.08,0.0048642,0.050426,95448,93586,90593,93448,312.3,248.1,0.000000,100.0,124276,1065.9,100426,338.4,0.45,0.000402,97520,323.6,-4.61,-0.004939,90683,309.5,-25.18,-0.032310,68.1,0.000000,320.1,1500780,1954.4,79171,323.3,-0.26,-0.000189,81874,312.3,-16.74,-0.015651,90480,311.6,-49.94,-0.063489,428.1,0.032170,277.8,51810,371.3,53965,276.5,54.54,0.032021,59258,285.4,28.00,0.020733,89947,314.0,18.12,0.022725,608.1,0.000000,651.7,169129,430.1,105836,347.0,-0.76,-0.000702,104633,329.8,-15.71,-0.017723,90780,311.2,-77.94,-0.099547
249.10,0.0048843,0.050191,95397,93679,90650,93593,312.3,249.1,-0.000000,464.3,122813,1062.4,100669,338.6,0.37,0.000332,96783,322.9,-6.24,-0.006652,90722,309.4,-25.56,-0.032808,69.1,0.000000,100.0,1463370,1943.7,79104,323.3,-0.13,-0.000094,80889,311.2,-15.84,-0.014684,90535,311.9,-49.65,-0.063110,429.1,0.032788,277.3,51513,368.9,53710,275.9,55.74,0.032642,59467,285.7,32.16,0.023874,89933,313.8,20.27,0.025435,609.1,0.000000,150.3,171290,431.5,105302,346.5,-0.78,-0.000711,103928,329.2,-16.41,-0.018420,90815,311.1,-79.89,-0.102117
250.12,0.0049043,0.049960,95408,93785,90787,93737,312.4,250.1,0.000000,175.4,121371,1058.9,100830,338.8,0.25,0.000223,96043,322.1,-7.92,-0.008400,90785,309.4,-25.84,-0.033195,70.1,0.000000,301.1,1427458,1933.2,79084,323.2,-0.04,-0.000030,79970,310.2,-15.12,-0.013902,90618,312.2,-49.37,-0.062741,430.1,0.033285,276.9,51240,366.6,53455,275.3,56.63,0.033074,59932,286.4,37.04,0.027647,89935,313.7,22.56,0.028321,610.1,0.000000,100.0,173524,433.0,104756,346.0,-0.80,-0.000728,103169,328.5,-17.15,-0.019148,90875,311.0,-81.81,-0.104680
251.14,0.0049244,0.049733,95373,93909,91099,93880,312.7,251.1,0.000000,100.0,119945,1055.4,100895,338.8,0.10,0.000092,95332,321.4,-9.61,-0.010131,90929,309.5,-25.93,-0.033364,71.1,0.000000,253.0,1392969,1923.0,79089,323.3,0.01,0.000004,79123,309.2,-14.53,-0.013261,90777,312.6,-48.96,-0.062248,431.1,0.033585,276.5,50983,364.4,53193,274.7,57.15,0.033285,60530,287.2,42.40,0.031865,89994,313.5,25.12,0.031574,611.1,0.000000,282.8,175833,434.6,104190,345.5,-0.83,-0.000755,102356,327.7,-17.93,-0.019919,90996,310.9,-83.56,-0.107077
252.17,0.0049444,0.049511,95331,94042,91674,94021,313.1,252.2,0.000000,132.3,118527,1051.9,100864,338.8,-0.04,-0.000037,94678,320.8,-11.25,-0.011805,91205,309.7,-25.77,-0.033238,72.2,0.000000,1284.3,1359835,1912.9,79092,323.3,0.00,0.000001,78352,308.3,-14.04,-0.012730,91072,313.2,-48.26,-0.061458,432.2,0.033684,276.1,50736,362.3,52925,274.2,57.32,0.033280,61098,288.0,47.51,0.035942,90176,313.5,28.15,0.035450,612.2,0.000000,100.0,178220,436.2,103599,344.9,-0.87,-0.000790,101499,326.9,-18.79,-0.020741,91215,311.0,-84.88,-0.108997
253.09,0.0049625,0.049316,95298,94168,92326,94144,313.5,253.1,0.000000,203.4,117251,1048.7,100746,338.7,-0.19,-0.000168,94153,320.3,-12.67,-0.013243,91587,310.0,-25.20,-0.032607,73.1,0.000000,192.0,1331116,1904.0,79075,323.2,-0.04,-0.000026,77731,307.6,-13.70,-0.012344,91477,313.8,-47.31,-0.060382,433.1,0.033620,275.7,50518,360.4,52684,273.7,57.24,0.033139,61514,288.6,51.63,0.039246,90488,313.5,31.29,0.039547,613.1,0.000000,488.2,180439,437.6,103040,344.4,-0.92,-0.000827,100704,326.1,-19.60,-0.021521,91548,311.3,-85.57,-0.110205
254.11,0.0049826,0.049105,95253,94325,92992,94276,313.9,254.1,-0.000000,486.7,115830,1045.2,100487,338.4,-0.39,-0.000350,93648,319.8,-14.17,-0.014756,92127,310.4,-24.26,-0.031527,74.1,0.000000,370.4,1300375,1894.3,79002,323.1,-0.14,-0.000101,77114,306.9,-13.38,-0.011989,92025,314.6,-46.00,-0.058912,434.1,0.033439,275.1,50276,358.5,52424,273.2,57.11,0.032958,61880,289.2,55.70,0.042516,90964,313.6,34.99,0.044438,614.1,0.000000,749.3,182985,439.2,102387,343.8,-0.97,-0.000873,99810,325.2,-20.54,-0.022413,91985,311.6,-85.74,-0.110813
255.14,0.0050027,0.048899,95198,94506,93526,94404,314.2,255.1,0.000000,257.6,114401,1041.6,100057,338.0,-0.65,-0.000582,93230,319.3,-15.59,-0.016188,92670,310.9,-23.32,-0.030432,75.1,0.000000,100.0,1270820,1884.8,78842,323.0,-0.29,-0.000215,76567,306.2,-13.13,-0.011706,92567,315.4,-44.70,-0.057442,435.1,0.033251,274.4,50035,356.6,52195,272.8,57.26,0.032951,62180,289.6,59.40,0.045487,91409,313.7,38.54,0.049171,615.1,0.000000,100.0,185618,440.9,101699,343.1,-1.03,-0.000921,98921,324.4,-21.49,-0.023304,92381,312.0,-85.24,-0.110529
256.16,0.0050228,0.048700,95136,94718,93971,94527,314.4,256.2,0.000000,446.3,112963,1037.9,99422,337.4,-0.97,-0.000858,92896,319.0,-16.95,-0.017552,93155,311.3,-22.57,-0.029567,76.2,0.000000,100.0,1242390,1875.5,78580,322.7,-0.48,-0.000351,76090,305.7,-12.97,-0.011518,93045,316.1,-43.54,-0.056121,436.2,0.033308,273.9,49803,354.7,52042,272.5,57.99,0.033308,62436,290.0,62.80,0.048233,91737,313.7,41.85,0.053586,616.2,0.000000,260.8,188342,442.6,100974,342.4,-1.09,-0.000971,98047,323.5,-22.42,-0.024163,92703,312.2,-84.08,-0.109313
257.08,0.0050409,0.048525,95075,94914,94238,94633,314.5,257.1,-0.000000,261.4,111659,1034.6,98667,336.7,-1.27,-0.001119,92656,318.7,-18.11,-0.018719,93507,311.6,-22.11,-0.029052,77.1,0.000000,100.0,1217723,1867.3,78252,322.3,-0.66,-0.000479,75717,305.3,-12.89,-0.011405,93392,316.6,-42.69,-0.055127,437.1,0.033845,273.8,49615,353.1,52039,272.5,59.51,0.034186,62607,290.2,65.60,0.050475,91947,313.7,44.64,0.057294,617.1,0.000000,289.8,190875,444.2,100289,341.7,-1.15,-0.001019,97280,322.8,-23.23,-0.024892,92936,312.4,-82.59,-0.107582
258.11,0.0050610,0.048338,95001,95105,94436,94748,314.6,258.1,0.000000,502.4,110200,1030.8,97640,335.7,-1.58,-0.001387,92441,318.5,-19.31,-0.019932,93791,311.9,-21.86,-0.028783,78.1,0.000000,100.0,1191295,1858.3,77792,321.7,-0.84,-0.000614,75370,304.8,-12.89,-0.011363,93672,317.1,-41.96,-0.054266,438.1,0.035006,273.8,49445,351.4,52180,272.7,62.17,0.035791,62751,290.4,68.44,0.052740,92106,313.6,47.44,0.061002,618.1,0.000000,100.0,193782,446.0,99489,341.0,-1.22,-0.001075,96450,321.9,-24.07,-0.025641,93110,312.6,-80.56,-0.105080
259.14,0.0050811,0.048156,94923,95243,94606,94857,314.7,259.1,-0.000000,294.4,108728,1027.0,96456,334.5,-1.85,-0.001604,92257,318.3,-20.40,-0.021027,93989,312.0,-21.78,-0.028718,79.1,0.000000,468.9,1165845,1849.5,77246,321.1,-1.01,-0.000728,75085,304.5,-13.04,-0.011467,93863,317.5,-41.38,-0.053549,439.1,0.036870,274.3,49333,349.8,52433,273.0,65.75,0.037981,62871,290.6,71.08,0.054842,92201,313.5,49.93,0.064293,619.1,0.000000,247.2,196793,447.8,98644,340.1,-1.30,-0.001137,95641,321.1,-24.86,-0.026324,93209,312.7,-78.13,-0.101976
260.16,0.0051013,0.047982,94844,95323,94738,94963,314.7,260.2,-0.000000,1163.2,107246,1023.1,95168,333.2,-2.04,-0.001752,92085,318.1,-21.35,-0.021974,94130,312.1,-21.76,-0.028733,80.2,0.000000,343.7,1141329,1840.9,76638,320.4,-1.13,-0.000812,74851,304.2,-13.31,-0.011685,93986,317.9,-40.79,-0.052807,440.2,0.039362,275.1,49294,348.3,52860,273.6,70.38,0.040894,62983,290.8,73.58,0.056841,92251,313.5,52.18,0.067230,620.2,0.000000,1440.6,199911,449.7,97747,339.2,-1.39,-0.001208,94849,320.3,-25.59,-0.026942,93302,312.8,-75.38,-0.098442
261.09,0.0051194,0.047830,94770,95356,94821,95054,314.7,261.1,-0.000000,199.7,105903,1019.6,93964,332.0,-2.14,-0.001822,91928,317.9,-22.06,-0.022686,94224,312.2,-21.75,-0.028741,81.1,0.000000,256.2,1120028,1833.3,76058,319.7,-1.20,-0.000859,74684,304.0,-13.60,-0.011920,94045,318.1,-40.16,-0.051974,441.1,0.042363,276.2,49336,347.1,53400,274.4,75.28,0.044060,63087,290.9,75.74,0.058574,92258,313.4,54.02,0.069623,621.1,0.000000,862.0,202813,451.4,96891,338.4,-1.48,-0.001279,94145,319.6,-26.21,-0.027447,93393,312.9,-72.75,-0.095068
262.12,0.0051396,0.047668,94689,95393,94882,95150,314.7,262.1,-0.000000,471.7,104402,1015.6,92625,330.7,-2.18,-0.001836,91740,317.7,-22.70,-0.023313,94293,312.3,-21.70,-0.028697,82.1,0.000000,2431.7,1097173,1825.0,75401,318.9,-1.24,-0.000879,74531,303.8,-13.95,-0.012203,94079,318.4,-39.23,-0.050755,442.1,0.045760,277.7,49476,345.9,54102,275.5,80.88,0.047782,63216,291.1,78.03,0.060438,92219,313.4,55.97,0.072120,622.1,0.000000,604.8,206149,453.4,95881,337.4,-1.59,-0.001363,93364,318.8,-26.85,-0.027956,93484,313.1,-69.77,-0.091207
263.15,0.0051598,0.047511,94619,95427,94925,95241,314.7,263.1,0.000000,100.0,102893,1011.6,91327,329.3,-2.14,-0.001788,91531,317.4,-23.17,-0.023760,94332,312.3,-21.58,-0.028549,83.1,0.000000,124.5,1075135,1816.8,74754,318.1,-1.23,-0.000868,74402,303.6,-14.29,-0.012486,94099,318.6,-38.08,-0.049233,443.1,0.049249,279.4,49710,344.8,54811,276.5,85.83,0.051173,63364,291.3,80.23,0.062240,92148,313.4,57.87,0.074512,623.1,0.000000,100.0,209607,455.4,94813,336.3,-1.70,-0.001444,92579,318.0,-27.45,-0.028416,93563,313.3,-66.76,-0.087302
264.08,0.0051780,0.047375,94574,95414,94949,95319,314.7,264.1,-0.000000,100.0,101530,1007.9,90220,328.2,-2.06,-0.001707,91318,317.2,-23.44,-0.023996,94347,312.3,-21.40,-0.028307,84.1,0.000000,312.6,1055969,1809.6,74195,317.4,-1.19,-0.000837,74301,303.5,-14.55,-0.012702,94089,318.8,-36.76,-0.047500,444.1,0.052157,280.8,49988,344.0,55448,277.5,89.54,0.053816,63516,291.5,82.09,0.063792,92067,313.3,59.52,0.076582,624.1,0.000000,943.6,212829,457.2,93809,335.3,-1.79,-0.001507,91863,317.3,-27.96,-0.028790,93624,313.4,-64.06,-0.083801
265.11,0.0051982,0.047228,94539,95409,94967,95400,314.7,265.1,0.000000,537.3,100012,1003.7,89080,327.0,-1.93,-0.001585,91027,316.9,-23.51,-0.024010,94356,312.3,-21.12,-0.027937,85.1,0.000000,100.0,1035384,1801.8,73612,316.7,-1.12,-0.000786,74197,303.4,-14.74,-0.012861,94044,319.0,-34.89,-0.045036,445.1,0.054631,282.3,50360,343.2,56151,278.5,92.83,0.056286,63708,291.7,83.99,0.065414,91963,313.3,61.31,0.078792,625.1,0.000000,432.7,216535,459.3,92660,334.1,-1.87,-0.001557,91054,316.4,-28.51,-0.029167,93681,313.5,-61.14,-0.079983
266.14,0.0052185,0.047083,94522,95428,94978,95475,314.7,266.1,0.000000,287.9,98491,999.5,88046,325.9,-1.78,-0.001443,90682,316.5,-23.39,-0.023827,94352,312.3,-20.75,-0.027450,86.1,0.000000,100.0,1015515,1794.0,73075,316.0,-1.04,-0.000726,74082,303.2,-14.80,-0.012894,93978,319.1,-32.51,-0.041915,446.1,0.056794,283.8,50783,342.5,56839,279.6,95.32,0.058291,63920,292.0,85.70,0.066912,91847,313.3,63.05,0.080944,626.1,0.000000,504.0,220382,461.5,91496,332.9,-1.91,-0.001582,90229,315.6,-29.02,-0.029503,93732,313.7,-58.30,-0.076284
267.08,0.0052368,0.046956,94531,95436,94983,95537,314.6,267.1,0.000000,100.0,97123,995.7,87210,325.0,-1.62,-0.001309,90315,316.1,-23.03,-0.023397,94337,312.2,-20.32,-0.026874,87.1,0.000000,100.0,998219,1787.2,72632,315.5,-0.97,-0.000670,73959,303.1,-14.71,-0.012804,93914,319.2,-29.92,-0.038542,447.1,0.058464,285.0,51197,342.0,57443,280.5,96.99,0.059743,64125,292.2,87.10,0.068168,91735,313.2,64.61,0.082845,627.1,0.000000,148.0,223969,463.5,90452,331.8,-1.93,-0.001581,89472,314.8,-29.46,-0.029770,93771,313.8,-55.86,-0.073080
268.11,0.0052571,0.046814,94562,95476,94984,95599,314.6,268.1,0.000000,311.3,95605,991.4,86384,324.1,-1.45,-0.001161,89832,315.6,-22.36,-0.022629,94312,312.2,-19.70,-0.026050,88.1,0.000000,408.2,979626,1779.8,72181,314.9,-0.88,-0.000610,73797,302.8,-14.42,-0.012534,93850,319.3,-26.60,-0.034238,448.1,0.059806,286.2,51687,341.5,58098,281.5,98.32,0.061037,64367,292.5,88.56,0.069504,91604,313.2,66.32,0.084920,628.1,0.000000,100.0,228100,465.7,89313,330.6,-1.91,-0.001557,88615,313.9,-29.91,-0.030022,93812,313.9,-53.25,-0.069671
269.15,0.0052775,0.046673,94600,95598,94980,95653,314.6,269.2,0.000000,125.0,94088,987.1,85659,323.4,-1.28,-0.001022,89275,315.0,-21.42,-0.021587,94288,312.2,-18.93,-0.025030,89.2,0.000000,233.5,961663,1772.5,71771,314.4,-0.81,-0.000556,73604,302.6,-13.93,-0.012088,93804,319.4,-22.91,-0.029458,449.2,0.058318,287.4,52139,341.0,59296,283.4,96.96,0.061016,64629,292.8,89.99,0.070845,91466,313.2,68.00,0.086960,629.2,0.000000,175.7,232393,468.0,88207,329.4,-1.88,-0.001515,87742,312.9,-30.31,-0.030218,93857,314.1,-50.78,-0.066442
270.09,0.0052958,0.046545,94635,95801,94973,95696,314.6,270.1,0.000000,227.1,92723,983.2,85085,322.7,-1.14,-0.000906,88723,314.4,-20.39,-0.020455,94274,312.1,-18.12,-0.023967,90.1,0.000000,528.3,946014,1766.0,71433,314.0,-0.75,-0.000513,73405,302.4,-13.33,-0.011542,93781,319.5,-19.34,-0.024853,450.1,0.061746,288.3,52612,340.7,59652,284.0,99.06,0.062576,64880,293.1,91.33,0.072111,91338,313.2,69.51,0.088768,630.1,0.000000,243.2,236400,470.1,87246,328.4,-1.84,-0.001469,86942,312.1,-30.62,-0.030335,93906,314.2,-48.70,-0.063722
271.13,0.0053163,0.046404,94679,96066,94974,95736,314.6,271.1,-0.000000,321.7,91197,978.8,84525,322.1,-1.00,-0.000792,88072,313.7,-19.08,-0.019046,94273,312.1,-17.13,-0.022659,91.1,0.000000,100.0,929179,1758.9,71086,313.5,-0.69,-0.000470,73161,302.1,-12.49,-0.010790,93780,319.6,-15.18,-0.019500,451.1,0.062742,289.5,53157,340.4,60122,284.7,100.37,0.063745,65164,293.4,92.91,0.073610,91195,313.1,71.17,0.090760,631.1,0.000000,235.2,241021,472.5,86218,327.3,-1.78,-0.001415,86040,311.1,-30.90,-0.030386,93971,314.4,-46.55,-0.060920
272.07,0.0053347,0.046275,94745,96260,94896,95763,314.5,272.1,0.000000,102.8,89812,974.7,84081,321.6,-0.89,-0.000701,87468,313.1,-17.81,-0.017694,94487,312.3,-15.61,-0.020675,92.1,0.000000,587.1,914507,1752.7,70799,313.2,-0.64,-0.000434,72929,301.8,-11.60,-0.010003,94000,319.9,-10.70,-0.013769,452.1,0.060445,290.6,53597,340.2,61475,286.8,97.40,0.062793,65421,293.6,94.47,0.075075,91250,313.4,73.33,0.093500,632.1,0.000000,855.0,245338,474.8,85326,326.3,-1.74,-0.001369,85214,310.2,-31.07,-0.030345,94229,314.7,-44.15,-0.057870
273.11,0.0053551,0.046130,94850,96410,94972,95785,314.6,273.1,-0.000000,897.0,88272,970.1,83649,321.2,-0.78,-0.000614,86799,312.4,-16.35,-0.016158,94697,312.5,-14.20,-0.018842,93.1,0.000000,105.7,898768,1745.9,70509,312.8,-0.58,-0.000395,72673,301.5,-10.50,-0.009030,94191,320.1,-6.08,-0.007829,453.1,0.064098,291.4,54162,340.0,61678,287.2,99.73,0.064421,65674,293.8,96.30,0.076769,91190,313.5,75.27,0.095849,633.1,0.000000,100.0,250301,477.3,84368,325.3,-1.70,-0.001327,84283,309.2,-31.15,-0.030192,94492,315.1,-42.00,-0.055149
274.15,0.0053755,0.045982,94960,96499,95079,95799,314.7,274.2,-0.000000,356.2,86750,965.5,83271,320.8,-0.69,-0.000539,86149,311.7,-14.90,-0.014639,94833,312.6,-13.02,-0.017295,94.2,0.000000,100.0,883609,1739.3,70249,312.5,-0.52,-0.000355,72434,301.2,-9.30,-0.007977,94329,320.3,-1.63,-0.002101,454.2,0.064804,292.7,54736,339.8,62112,287.9,101.36,0.065783,65888,294.0,98.26,0.078536,91089,313.7,77.10,0.098026,634.2,0.000000,677.1,255444,479.8,83438,324.2,-1.67,-0.001296,83345,308.2,-31.13,-0.029932,94659,315.4,-40.24,-0.052888
275.09,0.0053939,0.045846,95038,96513,95181,95805,314.8,275.1,-0.000000,110.4,85439,961.5,82971,320.4,-0.62,-0.000480,85594,311.1,-13.61,-0.013315,94945,312.7,-12.00,-0.015953,95.1,0.000000,250.7,870433,1733.4,70042,312.2,-0.47,-0.000317,72246,300.9,-8.14,-0.006971,94292,320.2,1.95,0.002515,455.1,0.065586,293.6,55262,339.8,62551,288.5,101.97,0.066501,66035,294.1,100.05,0.080128,91008,313.9,78.78,0.100017,635.1,0.000000,262.4,260235,482.2,82618,323.3,-1.66,-0.001276,82501,307.3,-31.02,-0.029619,94780,315.6,-38.75,-0.050963
276.12,0.0054142,0.045694,95100,96493,95228,95806,314.9,276.1,-0.000000,100.0,84391,958.1,82674,320.1,-0.55,-0.000425,85022,310.5,-12.24,-0.011914,95042,312.8,-11.02,-0.014653,96.1,0.000000,219.2,856286,1727.0,69843,312.0,-0.40,-0.000272,72076,300.7,-6.79,-0.005802,94283,320.1,5.91,0.007619,456.1,0.063252,294.6,55791,339.7,63688,290.2,100.01,0.066009,66169,294.1,102.10,0.081919,90901,314.0,80.55,0.102091,636.1,0.000000,339.0,265748,484.8,81718,322.3,-1.66,-0.001264,81567,306.2,-30.83,-0.029203,94887,315.8,-37.27,-0.049045
277.16,0.0054345,0.045541,95154,96455,95211,95800,314.9,277.2,0.000000,100.0,84495,957.7,82412,319.8,-0.49,-0.000378,84503,309.9,-10.93,-0.010598,95090,312.9,-10.26,-0.013659,97.2,0.000000,9240.3,842634,1720.8,69679,311.8,-0.34,-0.000227,71950,300.6,-5.39,-0.004604,94289,320.0,9.66,0.012464,457.2,0.066539,295.5,56384,339.7,64053,290.8,101.66,0.067347,66327,294.2,104.24,0.083819,90758,314.2,82.18,0.103947,637.2,0.000000,100.0,271471,487.6,80825,321.3,-1.66,-0.001260,80644,305.2,-30.59,-0.028741,94944,315.9,-36.06,-0.047452
278.09,0.0054528,0.045403,95198,96402,95135,95790,314.8,278.1,-0.000000,302.2,85198,959.0,82199,319.6,-0.44,-0.000341,84085,309.5,-9.83,-0.009493,95073,312.9,-9.82,-0.013063,98.1,0.000000,100.0,830751,1715.3,69560,311.6,-0.28,-0.000185,71871,300.5,-4.13,-0.003521,94267,319.7,12.76,0.016474,458.1,0.067231,296.5,56928,339.7,64458,291.4,102.35,0.068097,66554,294.3,106.28,0.085708,90589,314.2,83.50,0.105398,638.1,0.000000,248.6,276809,490.1,80023,320.4,-1.68,-0.001261,79831,304.3,-30.32,-0.028282,94931,316.0,-35.20,-0.046302
279.13,0.0054731,0.045249,95242,96328,95008,95774,314.7,279.1,0.000000,100.0,86915,962.8,81987,319.3,-0.40,-0.000307,83676,309.0,-8.68,-0.008358,94999,312.8,-9.54,-0.012682,99.1,0.000000,100.0,817975,1709.3,69458,311.5,-0.21,-0.000141,71813,300.4,-2.75,-0.002343,94193,319.4,15.87,0.020494,459.1,0.064772,297.5,57476,339.7,65679,293.2,100.02,0.067387,66966,294.7,108.71,0.088108,90359,314.3,84.82,0.106785,639.1,0.000000,291.1,282960,492.9,79133,319.4,-1.69,-0.001264,78951,303.3,-29.98,-0.027745,94860,316.0,-34.44,-0.045264
280.16,0.0054933,0.045096,95278,96246,94904,95754,314.6,280.2,-0.000000,794.3,88499,966.2,81795,319.1,-0.36,-0.000277,83318,308.7,-7.64,-0.007330,94900,312.7,-9.34,-0.012415,100.2,0.000000,100.0,805635,1703.4,69388,311.4,-0.15,-0.000098,71775,300.3,-1.44,-0.001227,94090,319.0,18.71,0.024166,460.2,0.068114,298.4,58088,339.8,66024,293.8,101.88,0.068869,67576,295.3,111.29,0.090839,90114,314.3,86.11,0.108116,640.2,0.000000,332.3,289351,495.8,78245,318.3,-1.71,-0.001266,78102,302.3,-29.61,-0.027194,94763,316.0,-33.76,-0.044333
281.09,0.0055116,0.044958,95307,96168,94792,95733,314.6,281.1,-0.000000,100.0,89913,969.1,81636,318.9,-0.33,-0.000255,83033,308.3,-6.79,-0.006502,94813,312.6,-9.22,-0.012246,101.1,0.000000,150.5,794885,1698.3,69349,311.3,-0.09,-0.000062,71745,300.3,-0.36,-0.000305,93990,318.6,21.08,0.027224,461.1,0.068878,299.5,58651,340.0,66463,294.4,102.85,0.069844,68297,296.0,113.76,0.093616,89895,314.2,87.27,0.109315,641.1,0.000000,210.9,295319,498.4,77449,317.4,-1.72,-0.001266,77367,301.5,-29.26,-0.026695,94673,316.0,-33.17,-0.043514
282.12,0.0055318,0.044805,95340,96078,94621,95707,314.4,282.1,-0.000000,207.1,91493,972.3,81474,318.8,-0.30,-0.000234,82747,308.0,-5.97,-0.005699,94674,312.5,-9.18,-0.012173,102.1,0.000000,100.0,783319,1692.6,69332,311.3,-0.04,-0.000024,71707,300.3,0.72,0.000617,93842,318.2,23.44,0.030275,462.1,0.066526,300.6,59225,340.1,67891,296.4,100.10,0.068955,69248,297.0,116.50,0.096893,89627,314.2,88.46,0.110490,642.1,0.000000,295.7,302202,501.4,76570,316.4,-1.73,-0.001262,76585,300.6,-28.86,-0.026140,94537,315.9,-32.61,-0.042731
283.15,0.0055520,0.044653,95392,95991,94485,95677,314.3,283.2,0.000000,432.0,93351,976.2,81325,318.6,-0.28,-0.000216,82486,307.8,-5.27,-0.005020,94528,312.4,-9.17,-0.012152,103.2,0.000000,444.9,772139,1687.1,69340,311.3,0.02,0.000010,71664,300.2,1.70,0.001447,93681,317.7,25.59,0.033037,463.2,0.070033,301.4,59867,340.3,68156,296.9,102.12,0.070523,70268,298.0,118.96,0.100043,89356,314.1,89.62,0.111621,643.2,0.000000,220.6,309360,504.5,75702,315.3,-1.73,-0.001251,75840,299.7,-28.44,-0.025588,94375,315.9,-32.01,-0.041873
284.08,0.0055702,0.044514,95493,95914,94380,95647,314.3,284.1,0.000000,100.0,94719,978.8,81200,318.5,-0.26,-0.000202,82267,307.5,-4.74,-0.004512,94421,312.3,-9.16,-0.012128,104.1,0.000000,177.3,762394,1682.2,69373,311.4,0.07,0.000048,71647,300.2,2.56,0.002176,93548,317.3,27.41,0.035386,464.1,0.070697,302.5,60454,340.5,68589,297.5,103.34,0.071672,71174,298.9,120.72,0.102535,89128,314.1,90.71,0.112702,644.1,0.000000,221.0,316050,507.3,74935,314.4,-1.72,-0.001235,75198,299.0,-28.05,-0.025086,94247,315.8,-31.33,-0.040931
285.11,0.0055904,0.044354,95752,95823,94237,95610,314.2,285.1,0.000000,403.0,96212,981.7,81073,318.3,-0.24,-0.000185,82038,307.3,-4.26,-0.004048,94296,312.2,-9.19,-0.012150,105.1,0.000000,242.7,751905,1676.9,69444,311.5,0.15,0.000099,71666,300.2,3.56,0.003028,93396,316.8,29.26,0.037769,465.1,0.068318,303.6,61057,340.7,70124,299.6,100.09,0.070462,72130,299.8,122.16,0.104835,88876,314.0,91.87,0.113840,645.1,0.000000,100.0,323771,510.5,74100,313.4,-1.70,-0.001213,74509,298.2,-27.60,-0.024527,94109,315.8,-30.52,-0.039827
286.14,0.0056106,0.044178,96236,95725,94100,95570,314.1,286.1,0.000000,351.4,97632,984.3,80959,318.2,-0.22,-0.000165,81825,307.0,-3.87,-0.003669,94164,312.0,-9.28,-0.012267,106.1,0.000000,361.1,741759,1671.7,69561,311.6,0.24,0.000162,71745,300.3,4.68,0.003990,93241,316.4,30.92,0.039892,466.1,0.071788,304.4,61727,341.0,70327,299.9,102.29,0.072147,73014,300.6,123.09,0.106641,88622,314.0,92.97,0.114904,646.1,0.000000,100.0,331810,513.8,73287,312.4,-1.68,-0.001188,73839,297.4,-27.15,-0.023972,93969,315.7,-29.70,-0.038710
287.07,0.0056288,0.043998,96771,95634,93983,95532,314.1,287.1,0.000000,173.7,98774,986.2,80872,318.1,-0.19,-0.000142,81654,306.8,-3.56,-0.003370,94052,311.9,-9.43,-0.012452,107.1,0.000000,100.0,732911,1667.1,69712,311.8,0.34,0.000228,71898,300.5,5.89,0.005023,93108,316.1,32.25,0.041601,467.1,0.072459,305.5,62339,341.3,70793,300.5,103.83,0.073569,73749,301.2,123.55,0.107883,88399,313.9,93.95,0.115842,647.1,0.000000,100.0,339329,516.8,72574,311.6,-1.66,-0.001162,73245,296.7,-26.75,-0.023484,93848,315.7,-28.94,-0.037667
288.10,0.0056490,0.043774,97277,95547,93853,95487,314.0,288.1,0.000000,212.5,99904,988.1,80795,318.0,-0.15,-0.000112,81501,306.7,-3.20,-0.003026,93937,311.8,-9.68,-0.012767,108.1,0.000000,100.0,723382,1662.1,69937,312.1,0.46,0.000310,72181,300.9,7.50,0.006421,92967,315.7,33.56,0.043266,468.1,0.070289,322.0,62976,341.6,72667,303.0,100.59,0.072554,74504,301.9,123.68,0.108876,88155,313.8,95.01,0.116851,648.1,0.000000,238.6,348016,520.2,71804,310.6,-1.63,-0.001131,72586,295.9,-26.33,-0.022961,93720,315.6,-28.07,-0.036496
289.13,0.0056692,0.043530,97647,95435,93725,95440,314.0,289.1,0.000000,259.0,100841,989.4,80743,317.9,-0.10,-0.000078,81440,306.6,-2.67,-0.002517,93828,311.7,-10.04,-0.013236,109.1,0.000000,342.6,714160,1657.3,70221,312.4,0.58,0.000392,72569,301.3,9.36,0.008041,92832,315.4,34.67,0.044685,469.1,0.074583,308.1,63698,342.0,73067,303.6,104.26,0.075488,75204,302.4,123.58,0.109611,87916,313.8,96.04,0.117816,649.1,0.000000,251.5,357069,523.7,71060,309.7,-1.59,-0.001098,71924,295.1,-25.92,-0.022457,93595,315.6,-27.21,-0.035334
290.16,0.0056893,0.043273,97891,95315,93601,95391,313.9,290.2,0.000000,100.0,101664,990.5,80714,317.9,-0.06,-0.000044,81447,306.6,-1.94,-0.001830,93725,311.7,-10.53,-0.013869,110.2,0.000000,100.0,705233,1652.5,70554,312.8,0.67,0.000458,73007,301.9,11.27,0.009721,92702,315.1,35.61,0.045870,470.2,0.076450,309.9,64458,342.5,73925,304.6,107.47,0.078458,75859,302.9,123.35,0.110183,87681,313.7,97.04,0.118743,650.2,0.000000,947.3,366508,527.3,70342,308.8,-1.55,-0.001063,71259,294.3,-25.52,-0.021969,93473,315.6,-26.35,-0.034180
291.08,0.0057075,0.043037,97988,95278,93491,95346,313.9,291.1,0.000000,938.6,102185,991.0,80704,317.9,-0.03,-0.000019,81547,306.7,-1.10,-0.001042,93634,311.6,-11.08,-0.014579,111.1,0.000000,787.0,697441,1648.2,70875,313.2,0.72,0.000490,73390,302.3,12.85,0.011125,92593,314.9,36.31,0.046741,471.1,0.078818,311.5,65187,343.0,74894,305.8,109.65,0.080783,76446,303.4,123.11,0.110654,87475,313.7,97.91,0.119546,651.1,0.000000,270.5,375349,530.5,69721,308.0,-1.51,-0.001028,70660,293.6,-25.17,-0.021534,93366,315.5,-25.58,-0.033146
292.11,0.0057276,0.042775,98025,95249,93372,95295,313.8,292.1,-0.000000,267.4,102791,991.5,80704,317.9,-0.00,-0.000002,81760,307.0,0.10,0.000093,93534,311.5,-11.80,-0.015510,112.1,0.000000,863.0,689045,1643.6,71233,313.7,0.72,0.000491,73772,302.8,14.34,0.012463,92481,314.7,36.91,0.047489,472.1,0.077547,313.4,65977,343.6,77001,308.5,109.08,0.081900,77085,303.9,122.77,0.111077,87250,313.6,98.85,0.120405,652.1,0.000000,100.0,385577,534.2,69061,307.2,-1.45,-0.000984,70000,292.8,-24.76,-0.021043,93248,315.5,-24.72,-0.031993
293.14,0.0057478,0.042515,98028,95215,93258,95242,313.8,293.1,-0.000000,235.4,103937,993.3,80706,317.9,0.00,0.000001,82050,307.3,1.48,0.001402,93430,311.4,-12.60,-0.016546,113.1,0.000000,207.8,680914,1639.1,71569,314.1,0.68,0.000463,74101,303.2,15.55,0.013556,92381,314.5,37.33,0.048001,473.1,0.083219,315.3,66879,344.2,77883,309.5,112.63,0.085256,77703,304.3,122.32,0.111387,87032,313.6,99.77,0.121234,653.1,0.000000,303.1,396253,538.0,68436,306.4,-1.39,-0.000936,69357,292.0,-24.30,-0.020524,93132,315.5,-23.85,-0.030823
294.17,0.0057680,0.042258,97989,95153,93149,95189,313.7,294.2,-0.000000,856.1,105049,994.9,80701,317.9,-0.01,-0.000009,82362,307.6,2.87,0.002736,93318,311.4,-13.42,-0.017607,114.2,0.000000,100.0,673038,1634.7,71878,314.5,0.62,0.000428,74391,303.6,16.54,0.014453,92293,314.4,37.57,0.048292,474.2,0.081867,333.7,67758,344.9,80210,312.4,109.56,0.084618,78323,304.8,121.86,0.111675,86819,313.5,100.66,0.122036,654.2,0.000000,100.0,407401,541.9,67847,305.6,-1.32,-0.000884,68744,291.3,-23.77,-0.019946,93019,315.4,-22.94,-0.029622
295.09,0.0057861,0.042033,97916,95081,93051,95140,313.7,295.1,0.000000,208.5,105823,995.8,80677,317.9,-0.05,-0.000037,82620,307.9,4.03,0.003843,93211,311.3,-14.13,-0.018523,115.1,0.000000,460.3,666161,1630.8,72143,314.8,0.59,0.000409,74637,303.9,17.29,0.015148,92225,314.3,37.68,0.048409,475.1,0.086707,318.3,68634,345.7,80489,312.7,112.38,0.087013,78895,305.3,121.47,0.111961,86633,313.5,101.43,0.122728,655.1,0.000000,1045.4,417857,545.5,67348,305.0,-1.26,-0.000838,68236,290.6,-23.16,-0.019334,92918,315.4,-22.10,-0.028512
296.12,0.0058062,0.041789,97802,94979,92945,95085,313.7,296.1,-0.000000,100.0,106392,996.2,80618,317.8,-0.11,-0.000083,82856,308.1,5.12,0.004892,93086,311.2,-14.83,-0.019430,116.1,0.000000,138.4,658747,1626.5,72444,315.2,0.60,0.000416,74915,304.2,18.06,0.015861,92162,314.2,37.67,0.048368,476.1,0.087643,319.6,69623,346.5,81148,313.4,114.38,0.089071,79552,305.8,121.08,0.112337,86431,313.5,102.27,0.123465,656.1,0.000000,202.7,429970,549.5,66824,304.3,-1.20,-0.000791,67746,290.0,-22.26,-0.018487,92807,315.4,-21.14,-0.027238
297.15,0.0058264,0.041555,97663,94864,92850,95028,313.7,297.1,0.000000,235.0,106619,995.8,80546,317.7,-0.13,-0.000099,83034,308.3,5.98,0.005724,92960,311.1,-15.39,-0.020141,117.1,0.000000,100.0,651564,1622.4,72784,315.6,0.68,0.000473,75228,304.6,18.83,0.016584,92103,314.2,37.54,0.048184,477.1,0.084955,320.9,70561,347.2,83001,315.7,111.15,0.087896,80238,306.4,120.75,0.112783,86236,313.4,103.08,0.124187,657.1,0.000000,225.4,442630,553.6,66328,303.7,-1.14,-0.000752,67363,289.6,-21.02,-0.017389,92700,315.3,-20.12,-0.025896
298.07,0.0058445,0.041353,97517,94771,92774,94977,313.6,298.1,-0.000000,1043.5,106607,995.0,80496,317.7,-0.11,-0.000082,83152,308.5,6.57,0.006300,92853,311.0,-15.73,-0.020561,118.1,0.000000,100.0,645292,1618.7,73179,316.1,0.86,0.000599,75572,305.1,19.60,0.017316,92048,314.1,37.35,0.047919,478.1,0.088997,321.9,71472,348.0,83229,315.9,112.67,0.089286,80877,307.0,120.50,0.113232,86070,313.4,103.81,0.124837,658.1,0.000000,100.0,454515,557.4,65897,303.1,-1.11,-0.000728,67124,289.2,-19.57,-0.016146,92611,315.3,-19.14,-0.024611
299.10,0.0058647,0.041139,97337,94676,92698,94919,313.6,299.1,-0.000000,539.0,106407,993.7,80474,317.6,-0.04,-0.000033,83247,308.6,7.07,0.006780,92741,310.9,-15.87,-0.020727,119.1,0.000000,205.5,638530,1614.7,73781,316.8,1.18,0.000830,76065,305.7,20.65,0.018329,91987,314.0,37.11,0.047595,479.1,0.089260,322.7,72486,348.8,83772,316.4,113.40,0.090302,81599,307.6,120.22,0.113730,85895,313.4,104.61,0.125557,659.1,0.000000,100.0,468293,561.7,65428,302.5,-1.10,-0.000714,66978,289.1,-17.58,-0.014483,92521,315.3,-17.97,-0.023090
300.13,0.0058848,0.040937,97138,94600,92632,94859,313.6,300.1,-0.000000,122.8,106048,992.0,80492,317.7,0.03,0.000026,83320,308.7,7.43,0.007128,92638,310.8,-15.76,-0.020567,120.1,0.000000,487.0,631981,1610.8,74589,317.7,1.56,0.001105,76726,306.4,22.04,0.019685,91925,314.0,36.92,0.047331,480.1,0.085641,323.7,73430,349.6,85324,318.3,110.37,0.088993,82307,308.3,119.87,0.114141,85728,313.3,105.40,0.126272,660.1,0.000000,100.0,482703,566.1,64959,301.9,-1.10,-0.000713,66910,289.0,-15.30,-0.012594,92440,315.2,-16.72,-0.021474
301.15,0.0059049,0.040748,96923,94614,92580,94797,313.6,301.2,0.000000,100.0,105566,990.0,80603,317.8,0.21,0.000163,83382,308.7,7.68,0.007379,92536,310.8,-15.42,-0.020106,121.2,0.000000,100.0,625636,1607.0,75567,318.9,1.86,0.001329,77592,307.5,23.89,0.021503,91860,313.9,36.84,0.047198,481.2,0.089368,324.7,74441,350.4,85626,318.5,111.12,0.089851,82987,309.0,119.43,0.114421,85573,313.3,106.19,0.126993,661.2,0.000000,585.5,497778,570.6,64485,301.2,-1.12,-0.000722,66983,289.1,-12.64,-0.010418,92369,315.2,-15.39,-0.019748
302.08,0.0059231,0.040589,96717,94739,92537,94739,313.6,302.1,-0.000000,100.0,105051,988.1,80851,318.1,0.50,0.000382,83438,308.8,7.87,0.007556,92440,310.7,-14.82,-0.019310,122.1,0.000000,156.3,620075,1603.5,76513,320.0,1.98,0.001423,78547,308.6,25.95,0.023563,91800,313.8,36.82,0.047161,482.1,0.085057,325.2,75277,351.1,87415,320.6,107.01,0.087773,83572,309.5,118.96,0.114556,85441,313.3,106.90,0.127641,662.1,0.000000,225.8,511942,574.7,64050,300.6,-1.15,-0.000735,67203,289.3,-9.76,-0.008063,92314,315.2,-14.12,-0.018104
303.10,0.0059432,0.040425,96477,94920,92482,94673,313.6,303.1,-0.000000,214.3,104420,985.7,81333,318.6,0.89,0.000688,83508,308.9,8.05,0.007734,92330,310.6,-13.83,-0.018000,123.1,0.000000,100.0,613884,1599.3,77541,321.2,1.92,0.001391,79764,310.0,28.59,0.026238,91721,313.8,36.90,0.047228,483.1,0.089098,326.2,76278,351.9,87481,320.6,108.54,0.089094,84187,310.2,118.33,0.114557,85297,313.3,107.66,0.128328,663.1,0.000000,1281.7,528376,579.3,63560,300.0,-1.17,-0.000748,67604,289.8,-6.12,-0.005073,92254,315.2,-12.64,-0.016204
304.13,0.0059633,0.040275,96237,95043,92416,94603,313.6,304.1,0.000000,281.8,103763,983.4,82009,319.3,1.25,0.000965,83595,309.0,8.25,0.007938,92216,310.5,-12.52,-0.016277,124.1,0.000000,100.0,607876,1595.2,78468,322.3,1.72,0.001257,81066,311.5,31.38,0.029136,91622,313.7,37.09,0.047435,484.1,0.088995,326.7,77275,352.7,87893,320.8,108.91,0.089751,84762,310.8,117.58,0.114377,85150,313.3,108.37,0.128956,664.1,0.000000,207.0,545579,584.1,63070,299.3,-1.18,-0.000750,68102,290.4,-2.23,-0.001861,92188,315.2,-11.13,-0.014251
305.15,0.0059834,0.040140,95931,95104,92349,94531,313.6,305.2,-0.000000,213.8,103096,980.9,82797,320.2,1.45,0.001128,83709,309.1,8.55,0.008231,92101,310.4,-10.91,-0.014175,125.2,0.000000,110.0,602051,1591.1,79267,323.2,1.47,0.001083,82365,312.9,34.13,0.032041,91502,313.6,37.42,0.047807,485.2,0.085092,327.5,78199,353.5,89482,322.6,105.83,0.088294,85306,311.4,116.70,0.114038,85001,313.3,109.05,0.129538,665.2,0.000000,100.0,563589,589.0,62586,298.7,-1.18,-0.000745,68631,291.1,1.63,0.001363,92114,315.1,-9.56,-0.012235
306.07,0.0060014,0.040035,95618,95106,92303,94462,313.6,306.1,0.000000,160.7,102492,978.7,83517,321.0,1.47,0.001153,83845,309.3,8.95,0.008630,92008,310.3,-9.22,-0.011974,126.1,0.000000,38623.5,596959,1587.5,79882,323.9,1.26,0.000936,83472,314.2,36.42,0.034517,91388,313.5,37.87,0.048328,486.1,0.088800,328.3,79092,354.2,89752,322.7,106.77,0.089330,85785,311.9,115.84,0.113629,84872,313.3,109.65,0.130061,666.1,0.000000,576.2,580522,593.4,62167,298.1,-1.15,-0.000719,69102,291.6,4.96,0.004178,92050,315.1,-8.07,-0.010317
307.09,0.0060215,0.039932,95416,95048,92261,94382,313.6,307.1,-0.000000,414.8,101907,976.4,84251,321.7,1.35,0.001063,84048,309.5,9.61,0.009275,91926,310.3,-7.12,-0.009237,127.1,0.000000,298.1,591462,1583.6,80486,324.5,1.10,0.000820,84599,315.4,38.68,0.036998,91267,313.4,38.58,0.049182,487.1,0.085197,328.9,80017,354.9,91730,324.8,102.85,0.087379,86316,312.5,114.80,0.113088,84740,313.3,110.34,0.130658,667.1,0.000000,100.0,600178,598.5,61764,297.5,-1.00,-0.000624,69612,292.3,8.48,0.007182,91987,315.0,-6.29,-0.008036
308.12,0.0060415,0.039839,95294,94967,92207,94298,313.6,308.1,-0.000000,607.5,101789,975.2,84868,322.4,1.13,0.000899,84308,309.8,10.49,0.010147,91859,310.2,-4.87,-0.006317,128.1,0.000000,3526.4,586124,1579.7,81064,325.2,1.05,0.000788,85610,316.5,40.55,0.039117,91152,313.4,39.42,0.050204,488.1,0.089003,330.1,81012,355.7,91782,324.6,104.68,0.089014,86856,313.1,113.69,0.112472,84612,313.4,110.99,0.131216,668.1,0.000000,367.1,620766,603.6,61496,297.2,-0.68,-0.000424,70111,292.9,11.83,0.010067,91928,315.0,-4.41,-0.005641
309.14,0.0060615,0.039752,95181,94876,92128,94208,313.5,309.1,-0.000000,1820.9,105917,983.3,85351,322.9,0.89,0.000709,84612,310.1,11.54,0.011196,91790,310.2,-2.59,-0.003362,129.1,0.000000,1115.0,580937,1576.0,81697,325.9,1.14,0.000858,86527,317.6,42.01,0.040824,91032,313.3,40.30,0.051270,489.1,0.089068,330.3,82008,356.4,92230,324.8,105.34,0.089974,87412,313.8,112.51,0.111789,84479,313.4,111.56,0.131671,669.1,0.000000,427.1,642334,608.9,61423,297.1,-0.21,-0.000134,70595,293.4,15.01,0.012840,91858,314.9,-2.51,-0.003211
310.16,0.0060815,0.039672,95027,94769,92033,94115,313.5,310.2,-0.000000,225.8,113061,998.0,85710,323.3,0.67,0.000531,84939,310.5,12.64,0.012291,91712,310.1,-0.36,-0.000462,130.2,0.000000,100.0,575891,1572.2,82465,326.7,1.37,0.001040,87386,318.5,43.02,0.042094,90901,313.3,41.18,0.052321,490.2,0.085374,331.0,82938,357.1,93888,326.5,102.25,0.088431,87984,314.5,111.27,0.111042,84341,313.4,112.04,0.132014,670.2,0.000000,118.9,664934,614.2,61519,297.2,0.21,0.000130,71050,294.0,18.01,0.015474,91772,314.9,-0.61,-0.000780
311.07,0.0060995,0.039609,94859,94661,91968,94028,313.4,311.1,0.000000,295.4,120126,1012.0,85947,323.5,0.50,0.000397,85238,310.8,13.52,0.013187,91549,309.9,1.41,0.001820,131.1,0.000000,100.0,571463,1568.9,83358,327.7,1.73,0.001324,88142,319.3,43.53,0.042850,90787,313.3,42.01,0.053306,491.1,0.089043,332.0,83836,357.8,94056,326.5,103.09,0.089328,88513,315.1,110.10,0.110316,84226,313.5,112.45,0.132306,671.1,0.000000,100.0,686204,619.1,61771,297.5,0.64,0.000402,71419,294.5,20.51,0.017691,91628,314.7,0.99,0.001260
312.09,0.0061194,0.039549,94639,94531,91870,93927,313.3,312.1,-0.000000,189.2,128121,1026.8,86139,323.7,0.36,0.000287,85561,311.2,14.28,0.013964,91414,309.8,3.43,0.004436,132.1,0.000000,100.0,566660,1565.3,84691,329.2,2.32,0.001797,88996,320.3,43.68,0.043286,90657,313.2,42.89,0.054358,492.1,0.085030,332.0,84763,358.5,95898,328.2,98.93,0.086936,89112,315.8,108.75,0.109455,84100,313.5,112.83,0.132540,672.1,0.000000,100.0,710921,624.7,62276,298.2,1.23,0.000772,71771,294.9,23.06,0.019958,91476,314.6,2.84,0.003620
313.11,0.0061394,0.039501,94392,94393,91766,93823,313.2,313.1,-0.000000,167.4,136062,1040.6,86286,323.9,0.27,0.000219,85879,311.5,14.71,0.014420,91308,309.8,5.44,0.007017,133.1,0.000000,100.0,561971,1561.8,86475,331.1,3.05,0.002392,89874,321.2,43.38,0.043292,90525,313.2,43.73,0.055350,493.1,0.088456,332.9,85751,359.3,95833,328.0,100.38,0.088210,89721,316.5,107.36,0.108540,83980,313.5,113.13,0.132705,673.1,0.000000,130.5,736834,630.3,63083,299.3,1.96,0.001241,72055,295.2,25.36,0.022009,91346,314.4,4.77,0.006069
314.12,0.0061593,0.039466,94159,94246,91662,93715,313.1,314.1,-0.000000,100.0,143701,1053.0,86416,324.0,0.24,0.000192,86205,311.9,14.71,0.014461,91218,309.8,7.35,0.009477,134.1,0.000000,690.0,557391,1558.3,88713,333.4,3.73,0.002983,90769,322.2,42.74,0.042950,90393,313.1,44.52,0.056276,494.1,0.087994,333.0,86733,360.0,96043,327.9,100.28,0.088345,90336,317.3,105.93,0.107581,83867,313.5,113.36,0.132802,674.1,0.000000,298.9,764004,636.1,64238,300.8,2.77,0.001780,72265,295.5,27.42,0.023841,91229,314.3,6.72,0.008537
315.14,0.0061792,0.039442,93933,94092,91561,93603,313.0,315.1,0.000000,620.8,151177,1064.4,86559,324.2,0.26,0.000208,86554,312.3,14.30,0.014089,91137,309.8,9.14,0.011775,135.1,0.000000,564.1,552912,1554.8,91288,336.1,4.18,0.003412,91656,323.1,41.90,0.042390,90264,313.1,45.26,0.057138,495.1,0.083472,333.5,87637,360.7,97447,329.3,97.23,0.086547,90954,318.0,104.48,0.106583,83763,313.4,113.53,0.132837,675.1,0.000000,141.7,792496,642.0,65726,302.7,3.51,0.002294,72398,295.7,29.24,0.025458,91119,314.2,8.65,0.010983
316.15,0.0061991,0.039430,93684,93934,91473,93487,312.9,316.2,0.000000,256.1,158086,1074.3,86745,324.4,0.33,0.000270,86939,312.7,13.51,0.013353,91063,309.8,10.80,0.013904,136.2,0.000000,109.0,548520,1551.4,94005,338.8,4.28,0.003573,92490,324.0,40.99,0.041736,90143,313.0,45.96,0.057955,496.2,0.086653,334.0,88599,361.3,97521,329.1,97.31,0.086740,91573,318.8,103.02,0.105556,83673,313.4,113.63,0.132826,676.2,0.000000,100.0,822378,648.0,67462,304.9,4.03,0.002682,72464,295.8,30.89,0.026906,91017,314.0,10.55,0.013394
317.07,0.0062170,0.039430,93465,93786,91427,93381,312.8,317.1,0.000000,154.5,163459,1081.5,86983,324.6,0.46,0.000373,87302,313.1,12.58,0.012475,91011,309.8,12.20,0.015695,137.1,0.000000,1653.6,544634,1548.4,96392,341.2,4.09,0.003479,93167,324.7,40.20,0.041141,90049,313.0,46.59,0.058693,497.1,0.081626,334.1,89388,361.9,98967,330.4,93.88,0.084582,92130,319.4,101.70,0.104611,83610,313.4,113.70,0.132810,677.1,0.000000,486.5,850515,653.5,69146,307.0,4.25,0.002882,72461,295.8,32.15,0.027996,90937,313.9,12.27,0.015558
318.08,0.0062369,0.039441,93247,93616,91478,93259,312.8,318.1,0.000000,371.8,167808,1086.7,87358,325.0,0.66,0.000537,87689,313.5,11.46,0.011401,90987,309.9,13.75,0.017673,138.1,0.000000,175.7,540384,1545.0,98835,343.5,3.67,0.003176,93821,325.4,39.40,0.040515,89987,313.0,47.39,0.059650,498.1,0.085138,334.8,90328,362.6,98927,330.1,94.30,0.085007,92745,320.2,100.23,0.103546,83576,313.4,113.83,0.132904,678.1,0.000000,626.8,883220,659.7,71053,309.3,4.26,0.002943,72403,295.8,33.31,0.028986,90883,313.8,14.25,0.018068
319.09,0.0062567,0.039463,93030,93442,91704,93133,313.0,319.1,-0.000000,512.6,172209,1091.7,87868,325.5,0.89,0.000726,88024,313.8,10.36,0.010336,91041,310.1,15.43,0.019832,139.1,0.000000,337.7,536198,1541.7,100973,345.5,3.15,0.002766,94375,326.0,38.67,0.039929,90010,313.1,48.41,0.060940,499.1,0.080517,334.7,91191,363.2,100373,331.4,90.78,0.082713,93354,320.9,98.77,0.102470,83621,313.5,114.21,0.133385,679.1,0.000000,411.8,917499,666.0,72921,311.6,4.08,0.002877,72329,295.8,34.25,0.029785,90905,313.8,16.46,0.020878
320.10,0.0062765,0.039495,92810,93264,92099,93001,313.2,320.1,-0.000000,493.1,175648,1095.2,88494,326.2,1.09,0.000894,88286,314.1,9.37,0.009359,91231,310.4,17.40,0.022392,140.1,0.000000,293.6,532068,1538.4,102790,347.2,2.63,0.002342,94853,326.5,37.96,0.039339,90176,313.3,49.78,0.062726,500.1,0.083446,335.5,92108,363.8,100281,331.0,91.33,0.083226,93956,321.7,97.32,0.101389,83792,313.7,114.94,0.134421,680.1,0.000000,339.6,953404,672.4,74704,313.6,3.82,0.002736,72276,295.7,35.02,0.030431,91054,313.9,19.04,0.024180
321.11,0.0062963,0.039537,92603,93040,92443,92864,313.4,321.1,0.000000,100.0,177609,1096.5,89191,326.9,1.21,0.000997,88472,314.3,8.51,0.008517,91518,310.9,19.50,0.025128,141.1,0.000000,100.0,527987,1535.1,104314,348.6,2.18,0.001958,95288,326.9,37.21,0.038677,90431,313.6,51.27,0.064728,501.1,0.078881,335.3,92950,364.4,101735,332.2,87.74,0.080815,94552,322.4,95.89,0.100306,84015,314.0,115.80,0.135673,681.1,0.000000,100.0,991003,678.9,76368,315.5,3.49,0.002543,72276,295.8,35.57,0.030910,91313,314.1,21.80,0.027751
322.12,0.0063160,0.039589,92407,92815,92656,92722,313.4,322.1,-0.000000,800.8,179084,1097.1,89893,327.6,1.22,0.001008,88591,314.5,7.78,0.007798,91805,311.3,21.39,0.027617,142.1,0.000000,100.0,523945,1531.8,105591,349.8,1.80,0.001634,95720,327.4,36.30,0.037851,90667,313.9,52.56,0.066472,502.1,0.081707,336.0,93844,365.0,101601,331.8,88.40,0.081405,95144,323.1,94.48,0.099227,84183,314.2,116.54,0.136722,682.1,0.000000,311.5,1030380,685.4,77885,317.2,3.13,0.002309,72367,295.9,35.82,0.031152,91572,314.3,24.40,0.031133
323.12,0.0063357,0.039649,92221,92643,92755,92575,313.3,323.1,0.000051,333.7,180046,1096.8,90512,328.3,1.14,0.000949,88653,314.5,7.16,0.007180,92038,311.7,22.92,0.029639,143.1,-0.000000,145.8,519933,1528.6,106663,350.8,1.49,0.001367,96201,327.9,35.10,0.036735,90834,314.1,53.53,0.067785,503.1,0.077195,335.8,94667,365.5,103064,333.1,84.70,0.078840,95738,323.9,93.09,0.098154,84259,314.2,117.07,0.137450,683.1,0.000000,100.0,1071624,692.1,79238,318.7,2.74,0.002051,72542,296.1,35.98,0.031336,91763,314.4,26.70,0.034117
324.13,0.0063555,0.039718,92046,92499,92757,92425,313.0,324.1,0.000254,334.3,180651,1095.9,90963,328.7,1.07,0.000895,88672,314.6,6.61,0.006629,92190,312.0,24.06,0.031131,144.1,0.000000,100.0,515943,1525.3,107564,351.6,1.24,0.001145,96799,328.5,33.45,0.035159,90915,314.1,54.16,0.068637,504.1,0.079891,336.6,95540,366.1,102893,332.7,85.47,0.079515,96337,324.6,91.71,0.097088,84265,314.1,117.41,0.137904,684.1,0.000000,100.0,1114830,698.9,80417,320.0,2.35,0.001779,72794,296.5,35.96,0.031392,91853,314.4,28.64,0.036641
325.13,0.0063752,0.039794,91881,92351,92709,92272,312.6,325.1,0.000219,334.6,183297,1097.7,91365,329.1,0.94,0.000787,88651,314.5,6.09,0.006099,92254,312.1,24.83,0.032136,145.1,0.000000,201.3,511966,1522.1,108321,352.2,1.04,0.000957,97592,329.2,31.16,0.032938,90911,314.0,54.51,0.069098,505.1,0.075436,336.3,96346,366.6,104289,333.8,81.90,0.076969,96945,325.3,90.35,0.096026,84212,313.9,117.65,0.138210,685.1,0.000000,205.4,1160086,705.8,81415,321.1,1.97,0.001501,73169,297.0,35.43,0.031041,91847,314.2,30.35,0.038836
326.14,0.0063949,0.039878,91728,92178,92640,92117,312.1,326.1,0.000135,334.9,184375,1097.4,91699,329.4,0.72,0.000604,88598,314.5,5.53,0.005541,92239,312.2,25.38,0.032830,146.1,0.000000,222.1,507990,1518.8,108953,352.8,0.86,0.000798,98628,330.3,28.12,0.029957,90869,313.8,54.73,0.069388,506.1,0.078010,337.1,97202,367.2,104102,333.4,82.63,0.077614,97563,326.1,88.98,0.094959,84120,313.5,117.91,0.138512,686.1,0.000000,339.7,1207476,712.8,82228,322.0,1.59,0.001221,73750,297.7,34.25,0.030167,91793,314.0,31.86,0.040781
327.15,0.0064146,0.039968,91585,91979,92545,91961,311.6,327.1,0.000007,898.4,184636,1096.0,91954,329.7,0.41,0.000343,88533,314.4,4.90,0.004906,92184,312.2,25.78,0.033337,147.1,-0.000000,100.0,504009,1515.5,109476,353.3,0.71,0.000658,99891,331.5,24.45,0.026280,90816,313.6,54.86,0.069550,507.1,0.073588,336.8,97992,367.7,105472,334.5,79.16,0.075080,98189,326.8,87.60,0.093872,84003,313.1,118.17,0.138802,687.1,0.000000,100.0,1257079,719.9,82862,322.7,1.23,0.000952,74547,298.6,32.35,0.028714,91703,313.8,33.23,0.042518
328.15,0.0064343,0.040063,91452,91756,92422,91804,311.0,328.2,-0.000080,897.7,183937,1093.3,92131,330.0,0.03,0.000026,88477,314.4,4.14,0.004142,92108,312.1,26.05,0.033669,148.2,0.000000,100.0,500020,1512.2,109902,353.6,0.57,0.000534,101284,332.8,20.43,0.022180,90742,313.3,54.88,0.069589,508.2,0.076079,337.5,98832,368.2,105284,334.1,79.84,0.075681,98821,327.6,86.20,0.092755,83868,312.7,118.39,0.139042,688.2,0.000000,100.0,1308969,727.1,83335,323.2,0.92,0.000710,75531,299.8,29.88,0.026766,91571,313.4,34.49,0.044122
329.16,0.0064541,0.040164,91326,91538,92276,91646,310.5,329.2,-0.000177,897.0,182615,1089.7,92246,330.4,-0.39,-0.000328,88448,314.4,3.21,0.003216,92014,312.0,26.23,0.033879,149.2,0.000000,143.3,496017,1508.9,110237,353.9,0.45,0.000419,102672,334.1,16.46,0.018038,90654,313.0,54.79,0.069487,509.2,0.071686,337.3,99607,368.7,106557,335.1,76.65,0.073312,99455,328.3,84.79,0.091609,83733,312.2,118.52,0.139173,689.2,0.000000,276.5,1363212,734.3,83672,323.5,0.65,0.000509,76646,301.1,27.02,0.024454,91406,313.0,35.69,0.045635
330.17,0.0064738,0.040271,91202,91320,92117,91487,309.9,330.2,-0.000292,896.2,180926,1085.6,92314,330.9,-0.84,-0.000709,88445,314.4,2.11,0.002106,91899,311.8,26.34,0.033997,150.2,0.000000,100.0,491995,1505.5,110486,354.1,0.33,0.000312,103942,335.3,12.83,0.014187,90553,312.6,54.60,0.069254,510.2,0.074094,338.0,100432,369.2,106395,334.7,77.14,0.073752,100090,329.1,83.37,0.090444,83608,311.7,118.50,0.139157,690.2,0.000000,196.3,1419864,741.6,83908,323.8,0.46,0.000357,77834,302.5,23.98,0.021942,91218,312.6,36.85,0.047078
331.07,0.0064916,0.040371,91094,91116,91963,91344,309.4,331.1,-0.000426,895.5,179166,1081.6,92357,331.6,-1.29,-0.001081,88486,314.4,0.95,0.000946,91780,311.6,26.40,0.034039,151.1,0.000000,107.2,488353,1502.4,110643,354.3,0.24,0.000221,104935,336.2,10.00,0.011133,90445,312.2,54.33,0.068909,511.1,0.069407,337.7,101113,369.7,107650,335.7,74.05,0.071423,100660,329.7,82.09,0.089387,83502,311.3,118.36,0.139020,691.1,0.000000,100.0,1472947,748.3,84062,323.9,0.34,0.000264,78919,303.7,21.28,0.019663,91035,312.2,37.85,0.048326
332.08,0.0065114,0.040486,90979,90881,91782,91185,308.8,332.1,-0.000592,894.8,177038,1076.7,92408,332.6,-1.84,-0.001543,88595,314.5,-0.46,-0.000466,91639,311.4,26.39,0.033998,152.1,0.000000,406.2,484279,1499.0,110744,354.4,0.13,0.000127,105860,337.0,7.37,0.008255,90314,311.8,53.91,0.068378,512.1,0.072158,338.4,101924,370.2,107503,335.4,74.51,0.071841,101287,330.5,80.69,0.088208,83384,310.8,118.07,0.138704,692.1,0.000000,1178.2,1534286,755.7,84200,324.1,0.26,0.000207,80096,305.0,18.46,0.017238,90820,311.6,38.92,0.049659
333.09,0.0065312,0.040606,90868,90653,91595,91026,308.2,333.1,-0.000792,894.1,174814,1071.7,92468,333.9,-2.47,-0.002061,88734,314.7,-1.86,-0.001869,91494,311.1,26.29,0.033853,153.1,0.000000,250.0,480169,1495.6,110774,354.4,0.04,0.000037,106619,337.7,5.23,0.005895,90177,311.3,53.39,0.067728,513.1,0.067731,338.4,102673,370.6,108621,336.3,71.86,0.069823,101905,331.2,79.29,0.087019,83270,310.2,117.56,0.138164,693.1,0.000000,228.1,1598118,763.2,84327,324.2,0.24,0.000189,81212,306.2,15.95,0.015042,90595,311.1,39.95,0.050945
334.10,0.0065511,0.040730,90757,90443,91401,90867,307.7,334.1,-0.001020,893.4,172548,1066.6,92538,335.6,-3.19,-0.002646,88876,314.8,-3.14,-0.003148,91340,310.9,26.14,0.033629,154.1,0.000000,269.0,476010,1492.1,110742,354.4,-0.04,-0.000039,107246,338.3,3.53,0.003992,90038,310.7,52.80,0.066979,514.1,0.066715,350.5,103417,371.1,109901,337.3,68.71,0.067342,102512,331.9,77.89,0.085808,83181,309.7,116.90,0.137490,694.1,0.000000,100.0,1664437,770.7,84463,324.4,0.25,0.000198,82249,307.4,13.82,0.013152,90362,310.5,40.96,0.052190
335.12,0.0065709,0.040858,90646,90242,91202,90709,307.2,335.1,-0.001280,892.7,170290,1061.4,92615,337.7,-4.01,-0.003308,89010,314.9,-4.23,-0.004247,91177,310.6,25.93,0.033337,155.1,0.000000,100.0,471797,1488.5,110650,354.3,-0.12,-0.000114,107775,338.8,2.19,0.002483,89896,310.2,52.12,0.066134,515.1,0.068626,339.4,104203,371.6,109660,336.9,69.60,0.068150,103106,332.6,76.48,0.084564,83120,309.2,116.12,0.136695,695.1,0.000000,352.8,1733208,778.3,84618,324.5,0.28,0.000222,83196,308.4,12.10,0.011607,90123,310.0,41.94,0.053392
336.13,0.0065908,0.040991,90534,90066,91001,90552,306.7,336.1,-0.001575,892.0,168038,1056.2,92699,340.3,-4.94,-0.004049,89145,315.1,-5.11,-0.005139,91006,310.2,25.67,0.032968,156.1,0.000000,278.8,467549,1484.9,110502,354.1,-0.19,-0.000182,108233,339.2,1.15,0.001312,89757,309.7,51.37,0.065181,516.1,0.064465,339.4,104934,372.0,110770,337.7,66.95,0.066046,103684,333.2,75.04,0.083277,83072,308.7,115.19,0.135739,696.1,0.000000,370.6,1804371,785.8,84789,324.7,0.31,0.000246,84050,309.3,10.80,0.010431,89880,309.4,42.89,0.054555
337.14,0.0066106,0.041128,90412,89949,90803,90395,306.3,337.1,-0.001908,891.3,165762,1050.8,92787,343.5,-5.99,-0.004866,89298,315.2,-5.77,-0.005815,90831,309.9,25.32,0.032493,157.1,0.000000,100.0,463282,1481.3,110309,354.0,-0.25,-0.000237,108639,339.5,0.37,0.000425,89625,309.2,50.52,0.064116,517.1,0.066410,339.9,105708,372.5,110739,337.5,67.17,0.066289,104248,333.9,73.58,0.081940,83042,308.2,114.14,0.134644,697.1,0.000000,100.0,1878150,794.7,84973,324.9,0.34,0.000264,84815,310.1,9.90,0.009628,89636,308.8,43.83,0.055697
338.16,0.0066305,0.041270,90271,89923,90567,90240,305.9,338.2,-0.002278,890.5,163423,1045.3,92877,347.4,-7.15,-0.005755,89478,315.4,-6.21,-0.006261,90648,309.6,24.87,0.031893,158.2,0.000000,100.0,458964,1477.6,110085,353.8,-0.29,-0.000276,109003,339.9,-0.19,-0.000220,89495,308.8,49.54,0.062880,518.2,0.062226,340.4,106426,372.9,111749,338.3,64.92,0.064506,104794,334.5,72.09,0.080548,83023,307.8,112.90,0.133338,698.2,0.000000,143.8,1956233,803.2,85167,325.1,0.35,0.000278,85495,310.8,9.40,0.009193,89385,308.3,44.71,0.056757
339.07,0.0066484,0.041403,90127,89934,90337,90103,305.5,339.1,-0.002665,889.9,161242,1040.2,92959,351.6,-8.31,-0.006611,89674,315.6,-6.37,-0.006433,90466,309.2,24.37,0.031211,159.1,0.000000,404.8,455029,1474.2,109869,353.6,-0.32,-0.000295,109294,340.1,-0.54,-0.000623,89367,308.3,48.50,0.061546,519.1,0.060958,340.4,107066,373.3,112929,339.2,62.08,0.062161,105266,335.1,70.72,0.079242,83011,307.4,111.57,0.131908,699.1,0.000000,2372.8,2032144,812.3,85347,325.3,0.36,0.000287,86030,311.4,9.30,0.009136,89142,307.8,45.43,0.057608
340.09,0.0066684,0.041557,89958,89912,90176,89952,305.1,340.1,-0.003087,889.1,158716,1034.3,93050,357.0,-9.70,-0.007608,89942,315.8,-6.34,-0.006423,90273,308.9,23.78,0.030438,160.1,-0.000000,100.0,450609,1470.4,109624,353.3,-0.32,-0.000301,109577,340.4,-0.79,-0.000909,89245,307.9,47.27,0.059997,520.1,0.063063,341.0,107823,373.8,112762,338.9,62.67,0.062714,105768,335.6,69.16,0.077732,83049,307.1,109.98,0.130236,700.1,0.000000,926.6,2125107,824.9,85555,325.5,0.38,0.000298,86575,312.0,9.40,0.009273,88886,307.3,46.25,0.058587
341.10,0.0066883,0.041717,89788,89843,90095,89802,304.9,341.1,-0.003565,888.4,155887,1027.8,93145,363.4,-11.19,-0.008631,90260,316.2,-6.08,-0.006171,90121,308.5,23.31,0.029819,161.1,0.000000,548.3,446141,1466.5,109385,353.1,-0.32,-0.000294,109814,340.6,-0.93,-0.001069,89173,307.5,46.13,0.058567,521.1,0.059046,341.1,108528,374.2,113737,339.7,60.40,0.060839,106254,336.2,67.59,0.076184,83166,306.8,108.35,0.128590,701.1,0.000000,173.5,2229783,840.9,85774,325.7,0.40,0.000313,87084,312.5,9.77,0.009681,88677,306.8,47.26,0.059812
342.12,0.0067083,0.041885,89612,89741,90029,89654,304.8,342.1,-0.004060,888.3,150826,1017.8,93243,370.9,-12.73,-0.009631,90660,316.5,-5.61,-0.005714,90008,308.2,22.97,0.029369,162.1,0.000000,728.5,441612,1462.6,109162,352.9,-0.30,-0.000275,110000,340.7,-0.98,-0.001131,89159,307.2,45.04,0.057225,522.1,0.057976,341.4,109230,374.7,114821,340.5,57.84,0.058666,106751,336.8,66.04,0.074657,83336,306.6,106.63,0.126883,702.1,0.000000,413.8,2349026,861.1,86008,326.0,0.42,0.000336,87545,313.0,10.31,0.010249,88516,306.4,48.39,0.061201
343.14,0.0067282,0.042060,89419,89618,89941,89508,304.6,343.1,-0.004558,888.2,146325,1008.5,93344,379.5,-14.28,-0.010573,91138,317.0,-4.99,-0.005099,89913,308.0,22.69,0.029006,163.1,0.000000,329.9,437031,1458.6,108964,352.7,-0.26,-0.000243,110135,340.9,-1.01,-0.001168,89151,307.0,43.93,0.055855,523.1,0.059535,342.1,109971,375.1,114637,340.2,58.36,0.059155,107296,337.4,64.57,0.073244,83522,306.5,104.75,0.124995,703.1,0.000000,100.0,2485737,886.4,86267,326.2,0.46,0.000369,87982,313.5,10.96,0.010937,88375,306.1,49.48,0.062552
344.16,0.0067482,0.042243,89206,89492,89826,89363,304.4,344.2,-0.005080,887.9,142333,999.8,93469,389.4,-15.87,-0.011467,91673,317.5,-4.28,-0.004395,89819,307.7,22.42,0.028649,164.2,-0.000000,100.0,432399,1454.6,108802,352.6,-0.21,-0.000198,110217,340.9,-1.02,-0.001172,89124,306.7,42.77,0.054413,524.2,0.055595,342.1,110661,375.5,115565,340.9,56.18,0.057287,107924,338.0,63.26,0.072031,83703,306.3,102.71,0.122902,704.2,0.000000,6881.0,2642747,917.5,86556,326.5,0.52,0.000412,88398,313.9,11.64,0.011659,88230,305.8,50.47,0.063759
345.08,0.0067662,0.042415,89023,89376,89704,89235,304.2,345.1,-0.005625,887.7,138858,992.1,93642,399.7,-17.37,-0.012251,92192,318.0,-3.66,-0.003776,89725,307.5,22.15,0.028307,165.1,-0.000000,100.0,427061,1450.1,108694,352.5,-0.16,-0.000150,110253,341.0,-0.96,-0.001113,89086,306.5,41.66,0.053020,525.1,0.054235,342.4,111276,375.9,116567,341.7,53.73,0.055135,108574,338.7,62.23,0.071142,83852,306.1,100.78,0.120872,705.1,0.000000,100.0,2803582,950.7,86849,326.8,0.57,0.000459,88762,314.3,12.25,0.012305,88090,305.5,51.25,0.064700
346.10,0.0067862,0.042613,88827,89241,89552,89095,304.0,346.1,-0.006202,887.5,135771,984.7,93922,412.6,-19.10,-0.013083,92794,318.6,-3.06,-0.003168,89604,307.2,21.85,0.027902,166.1,-0.000000,427.1,420880,1444.9,108622,352.4,-0.10,-0.000089,110271,341.0,-0.79,-0.000906,89032,306.3,40.33,0.051335,526.1,0.055913,343.0,112000,376.4,116357,341.4,54.12,0.055481,109375,339.5,61.22,0.070338,83999,305.9,98.56,0.118493,706.1,0.000000,100.0,3006073,994.1,87216,327.2,0.65,0.000521,89163,314.7,12.90,0.012998,87919,305.2,52.00,0.065588
347.12,0.0068063,0.042819,88611,89100,89407,88958,303.9,347.1,-0.006866,887.3,133284,978.1,94321,427.4,-20.93,-0.013899,93401,319.2,-2.57,-0.002676,89470,306.9,21.54,0.027494,167.1,-0.000000,320.7,414598,1439.5,108606,352.4,-0.02,-0.000019,110303,341.0,-0.45,-0.000524,88976,306.0,38.89,0.049511,527.1,0.051981,343.2,112676,376.8,117173,342.0,52.07,0.053654,110215,340.4,60.28,0.069622,84134,305.7,96.32,0.116058,707.1,0.000000,100.0,3235288,1044.4,87632,327.7,0.73,0.000589,89562,315.1,13.51,0.013654,87741,304.9,52.68,0.066369
348.14,0.0068263,0.043035,88388,88957,89275,88823,303.7,348.1,-0.007553,887.6,130206,970.5,94831,444.2,-22.80,-0.014653,94013,319.8,-2.23,-0.002333,89334,306.6,21.25,0.027102,168.1,0.000000,253.4,408226,1434.0,108642,352.4,0.05,0.000047,110392,341.1,0.09,0.000105,88940,305.9,37.33,0.047526,528.1,0.050676,343.4,113345,377.2,117952,342.6,49.92,0.051693,111045,341.2,59.31,0.068852,84265,305.6,94.11,0.113635,708.1,0.000000,100.0,3492293,1101.8,88102,328.1,0.82,0.000663,89968,315.6,14.10,0.014292,87567,304.7,53.33,0.067119
349.17,0.0068464,0.043258,88170,88813,89137,88691,303.5,349.2,-0.008217,888.8,125174,959.3,95422,462.9,-24.62,-0.015275,94629,320.4,-2.03,-0.002136,89201,306.4,20.92,0.026664,169.2,0.000000,100.0,401770,1428.4,108739,352.5,0.13,0.000120,110561,341.2,0.91,0.001052,88932,305.7,35.52,0.045243,529.2,0.049294,343.8,114008,377.6,118743,343.2,47.65,0.049579,111824,341.9,58.23,0.067914,84390,305.4,91.90,0.111203,709.2,0.000000,370.4,3777328,1166.1,88627,328.7,0.91,0.000741,90397,316.0,14.71,0.014962,87398,304.4,53.95,0.067818
350.09,0.0068645,0.043467,87981,88681,89018,88574,303.4,350.1,-0.008793,889.7,121461,950.5,96006,481.3,-26.12,-0.015683,95191,320.9,-1.94,-0.002043,89093,306.1,20.51,0.026140,170.1,0.000000,1034.4,395891,1423.3,108871,352.6,0.19,0.000177,110771,341.4,1.85,0.002146,88956,305.6,33.59,0.042810,530.1,0.050199,344.1,114632,378.0,118488,343.0,47.80,0.049671,112466,342.6,57.12,0.066881,84498,305.2,89.92,0.108995,710.1,0.000000,1807.7,4057268,1229.8,89148,329.2,0.99,0.000810,90823,316.5,15.34,0.015652,87250,304.2,54.47,0.068400
351.11,0.0068846,0.043705,87786,88535,88918,88449,303.3,351.1,-0.009370,891.1,117288,940.4,96752,503.5,-27.69,-0.016015,95837,321.6,-1.86,-0.001969,89005,305.9,19.93,0.025386,171.1,0.000000,895.4,389282,1417.4,109051,352.8,0.24,0.000220,111036,341.6,3.00,0.003480,89020,305.5,31.10,0.039673,531.1,0.046345,344.4,115277,378.4,119120,343.4,45.85,0.047837,113114,343.2,55.75,0.065533,84629,305.1,87.74,0.106570,711.1,0.000000,268.6,4392780,1306.4,89776,329.8,1.08,0.000883,91363,317.0,16.19,0.016595,87098,304.0,55.04,0.069041
352.14,0.0069047,0.043951,87625,88389,88839,88327,303.2,352.1,-0.009972,892.7,113429,930.8,97620,527.3,-29.16,-0.016249,96523,322.2,-1.72,-0.001837,88953,305.7,19.21,0.024474,172.1,0.000000,780.6,382614,1411.4,109245,353.0,0.25,0.000235,111287,341.9,4.12,0.004784,89104,305.5,28.32,0.036172,532.1,0.044796,344.6,115913,378.8,119775,343.9,43.92,0.046006,113706,343.7,54.27,0.064024,84776,304.9,85.58,0.104173,712.1,0.000000,365.5,4751441,1388.7,90450,330.5,1.15,0.000944,91995,317.7,17.27,0.017784,86966,303.9,55.64,0.069725
353.17,0.0069249,0.044200,87536,88239,88767,88209,303.1,353.2,-0.010576,894.6,109559,920.9,98626,552.6,-30.56,-0.016417,97284,322.9,-1.47,-0.001574,88940,305.6,18.33,0.023359,173.2,0.000000,149.6,375921,1405.4,109427,353.1,0.24,0.000221,111478,342.0,5.07,0.005891,89172,305.4,25.40,0.032474,533.2,0.043391,345.0,116543,379.2,120456,344.4,42.07,0.044253,114261,344.3,52.72,0.062413,84935,304.8,83.39,0.101738,713.2,0.000000,100.0,5129573,1475.9,91157,331.2,1.19,0.000988,92723,318.4,18.56,0.019220,86848,303.7,56.24,0.070415
354.09,0.0069430,0.044422,87588,88096,88714,88106,303.1,354.1,-0.011135,896.7,106248,912.3,99641,576.5,-31.76,-0.016520,98051,323.7,-1.13,-0.001216,88957,305.5,17.32,0.022074,174.1,0.000000,269.3,369882,1399.9,109566,353.2,0.20,0.000190,111575,342.1,5.70,0.006632,89196,305.4,22.83,0.029195,534.1,0.041962,345.3,117105,379.6,121268,345.1,40.32,0.042624,114740,344.7,51.31,0.060914,85090,304.7,81.37,0.099486,714.1,0.000000,128.5,5482735,1557.7,91809,331.8,1.21,0.001009,93442,319.1,19.84,0.020656,86750,303.6,56.78,0.071043
355.12,0.0069632,0.044661,87774,87934,88671,87996,303.0,355.1,-0.011688,899.5,102498,902.6,100878,603.9,-33.05,-0.016613,98993,324.5,-0.71,-0.000766,89005,305.5,15.90,0.020279,175.1,0.000000,100.0,363157,1393.6,109690,353.4,0.16,0.000152,111624,342.2,6.21,0.007224,89184,305.3,20.17,0.025800,535.1,0.043222,345.8,117767,380.0,121236,345.0,40.80,0.043126,115256,345.2,49.71,0.059208,85281,304.7,79.06,0.096896,715.1,0.000000,100.0,5884443,1651.6,92535,332.6,1.21,0.001010,94272,320.0,21.26,0.022273,86650,303.5,57.41,0.071770
356.15,0.0069834,0.044888,87943,87767,88640,87890,303.0,356.2,-0.009968,610.8,99602,894.6,99768,616.9,-26.48,-0.012891,99994,325.5,-0.42,-0.000462,89065,305.5,14.21,0.018142,176.2,-0.000000,100.0,356420,1387.3,109800,353.5,0.15,0.000136,111639,342.2,6.50,0.007563,89158,305.1,17.73,0.022683,536.2,0.040403,346.4,118401,380.4,122046,345.6,39.63,0.042098,115754,345.6,48.09,0.057446,85492,304.6,76.65,0.094185,716.2,0.000000,426.1,6290111,1747.4,93249,333.3,1.18,0.000992,95087,320.8,22.53,0.023745,86559,303.4,58.07,0.072542
357.08,0.0070016,0.045084,88003,87603,88622,87800,303.0,357.1,-0.006977,615.9,98166,889.9,97979,620.0,-19.84,-0.009437,100898,326.3,-0.45,-0.000494,89110,305.4,12.56,0.016047,177.1,-0.000000,141.1,350348,1381.6,109906,353.5,0.16,0.000146,111598,342.1,6.57,0.007639,89143,305.1,15.68,0.020057,537.1,0.039598,346.6,118976,380.8,122937,346.2,38.44,0.041054,116183,346.0,46.58,0.055795,85697,304.6,74.38,0.091624,717.1,0.000000,100.0,6653253,1834.5,93875,333.9,1.14,0.000966,95773,321.5,23.44,0.024828,86483,303.3,58.70,0.073284
358.12,0.0070219,0.045299,87983,87436,88612,87703,303.0,358.1,-0.005695,620.4,96892,885.4,97003,623.6,-15.02,-0.007029,101889,327.2,-0.78,-0.000869,89121,305.4,10.77,0.013763,178.1,0.000000,447.5,343597,1375.1,110065,353.7,0.21,0.000199,111518,342.1,6.50,0.007556,89156,305.0,13.42,0.017178,538.1,0.039304,347.1,119629,381.2,123884,347.0,37.19,0.039945,116635,346.3,44.85,0.053869,85938,304.6,71.75,0.088632,718.1,0.000000,100.0,7048409,1931.2,94557,334.5,1.11,0.000943,96466,322.2,24.14,0.025694,86401,303.2,59.46,0.074176
359.15,0.0070422,0.045513,87898,87304,88617,87612,303.0,359.2,-0.004267,623.1,95963,881.6,96352,625.6,-10.98,-0.005089,102845,328.1,-1.46,-0.001626,89093,305.3,9.15,0.011688,179.2,0.000000,336.3,336843,1368.5,110326,353.9,0.35,0.000326,111432,342.0,6.26,0.007275,89250,305.1,10.86,0.013915,539.2,0.040637,347.7,120324,381.7,123931,346.9,37.78,0.040596,117062,346.7,43.05,0.051844,86193,304.6,69.02,0.085504,719.2,0.000000,100.0,7428282,2026.9,95245,335.2,1.11,0.000949,97087,322.8,24.49,0.026182,86323,303.2,60.28,0.075160
360.09,0.0070605,0.045708,87796,87201,88641,87534,303.0,360.1,-0.002901,624.4,95409,878.7,95852,626.1,-7.55,-0.003481,103685,328.9,-2.41,-0.002705,89065,305.2,7.87,0.010060,180.1,0.000000,234.4,330765,1362.5,110707,354.2,0.54,0.000512,111357,341.9,5.92,0.006875,89467,305.2,7.83,0.010044,540.1,0.037733,348.0,120923,382.1,124645,347.5,36.60,0.039491,117428,347.0,41.37,0.049943,86432,304.6,66.50,0.082612,0.1,0.000000,100.0,7751692,2111.3,95891,335.8,1.14,0.000983,97591,323.3,24.53,0.026322,86262,303.1,61.10,0.076140
361.12,0.0070808,0.045928,87673,87090,88711,87453,303.0,361.1,-0.002109,625.3,94794,875.5,95777,627.3,-5.05,-0.002321,104662,329.7,-4.01,-0.004529,89041,305.2,6.76,0.008631,181.1,0.000000,559.8,324015,1355.7,111319,354.8,0.79,0.000746,111270,341.8,5.43,0.006302,89900,305.6,3.02,0.003890,541.1,0.036986,348.5,121595,382.6,125335,348.0,35.21,0.038140,117815,347.3,39.47,0.047760,86714,304.7,63.71,0.079391,1.1,0.000000,332.6,8084847,2202.2,96681,336.6,1.25,0.001085,98124,323.9,24.32,0.026195,86219,303.1,62.09,0.077340
362.16,0.0071012,0.046151,87536,86973,88890,87380,303.2,362.2,-0.000204,625.6,94726,873.4,95016,625.9,-0.20,-0.000092,105666,330.6,-6.08,-0.006903,89050,305.2,6.05,0.007733,182.2,0.000000,100.0,317274,1348.9,112079,355.4,0.96,0.000914,111180,341.8,4.83,0.005600,90092,305.8,-4.45,-0.005743,542.2,0.035760,348.9,122267,383.0,125915,348.5,33.81,0.036747,118176,347.5,37.53,0.045518,87021,304.8,61.05,0.076325,2.2,0.000000,418.0,8384921,2289.3,97613,337.4,1.46,0.001273,98629,324.4,23.91,0.025852,86233,303.1,63.19,0.078708
363.10,0.0071195,0.046356,87398,86853,89044,87322,303.4,363.1,0.000660,625.0,94605,870.7,94853,625.2,1.88,0.000858,106371,331.2,-7.73,-0.008822,89078,305.2,5.65,0.007225,183.1,0.000000,74985.3,311220,1342.6,112791,356.1,0.99,0.000943,111089,341.7,4.21,0.004885,90361,306.1,-12.03,-0.015553,543.1,0.034257,349.2,122866,383.4,126447,348.9,32.36,0.035275,118471,347.7,35.77,0.043462,87287,304.9,58.72,0.073602,3.1,0.000000,100.0,8622591,2363.6,98620,338.4,1.72,0.001505,99075,324.9,23.41,0.025389,86278,303.3,64.08,0.079819
364.14,0.0071400,0.046589,87233,86710,89224,87267,303.5,364.1,0.001576,623.5,94400,866.7,94864,623.6,4.41,0.002019,106625,331.5,-8.44,-0.009654,89135,305.2,5.31,0.006796,184.1,0.000000,100.0,304511,1335.6,113501,356.7,0.88,0.000842,110968,341.6,3.48,0.004036,90566,306.4,-20.63,-0.026693,544.1,0.033039,349.6,123530,383.9,126928,349.3,30.86,0.033732,118756,347.9,33.81,0.041154,87594,305.2,56.19,0.070613,4.1,0.000000,444.0,8846896,2441.1,99939,339.6,2.01,0.001781,99569,325.4,22.73,0.024737,86353,303.5,64.89,0.080833
365.08,0.0071583,0.046803,87079,86582,89364,87224,303.7,365.1,0.002770,621.1,94245,862.1,94927,621.1,6.97,0.003205,106521,331.3,-8.42,-0.009623,89194,305.2,5.03,0.006437,185.1,0.000000,100.0,298494,1329.2,114006,357.1,0.70,0.000675,110834,341.5,2.80,0.003246,90590,306.5,-27.57,-0.035679,545.1,0.031372,349.9,124121,384.3,127369,349.6,29.41,0.032233,118972,348.1,32.05,0.039079,87870,305.4,53.90,0.067888,5.1,0.000000,100.0,9010447,2505.6,101268,340.8,2.21,0.001972,100008,325.8,22.05,0.024063,86435,303.8,65.40,0.081474
366.12,0.0071788,0.047046,86904,86451,89496,87183,303.8,366.1,0.003979,617.3,94057,855.8,95051,617.1,9.72,0.004507,105919,330.8,-7.62,-0.008673,89288,305.3,4.69,0.006010,186.1,-0.000000,100.0,291833,1322.0,114396,357.4,0.48,0.000461,110650,341.3,2.03,0.002353,90478,306.5,-34.12,-0.044096,546.1,0.030017,350.2,124774,384.7,127750,349.9,27.94,0.030685,119173,348.2,30.15,0.036801,88173,305.7,51.30,0.064784,6.1,0.000000,325.4,9147623,2571.1,102793,342.2,2.25,0.002037,100485,326.3,21.23,0.023244,86539,304.1,65.68,0.081841
367.16,0.0071993,0.047295,86726,86334,89593,87150,303.9,367.2,0.005406,611.9,93483,847.4,95108,611.6,12.83,0.006005,104699,329.7,-5.05,-0.005701,89425,305.5,4.29,0.005496,187.2,0.000000,310.0,285218,1314.7,114613,357.6,0.26,0.000255,110429,341.1,1.25,0.001442,90279,306.4,-39.15,-0.050504,547.2,0.028326,350.5,125419,385.2,128111,350.1,26.41,0.029065,119345,348.3,28.28,0.034570,88473,306.0,48.64,0.061569,7.2,0.000000,242440.8,9236860,2629.5,104246,343.5,2.12,0.001934,100941,326.7,20.37,0.022374,86660,304.4,65.78,0.082011
368.10,0.0072177,0.047524,86568,86244,89655,87124,303.9,368.1,0.007049,606.3,93099,839.1,94997,605.1,16.04,0.007578,103348,328.5,-2.24,-0.002508,89576,305.6,3.81,0.004885,188.1,0.000000,4687.5,279323,1308.1,114679,357.7,0.10,0.000094,110206,340.9,0.51,0.000590,90140,306.4,-42.51,-0.054751,548.1,0.025024,355.2,125968,385.5,128990,350.8,23.78,0.026293,119488,348.3,26.65,0.032602,88730,306.2,46.15,0.058546,8.1,0.000000,873.0,9276144,2675.8,105418,344.6,1.89,0.001742,101327,327.1,19.58,0.021563,86787,304.6,65.78,0.082059
369.15,0.0072383,0.047784,86393,86195,89718,87101,304.0,369.2,0.009205,596.6,93162,829.1,94568,595.7,19.89,0.009503,101966,327.2,0.58,0.000639,89759,305.8,3.09,0.003972,189.2,0.000000,213.7,272840,1300.7,114634,357.6,-0.06,-0.000054,109956,340.7,-0.37,-0.000429,90047,306.5,-45.31,-0.058276,549.2,0.024924,351.1,126597,386.0,129153,351.0,22.49,0.024890,119646,348.4,24.84,0.030426,88997,306.4,43.30,0.055066,9.2,0.000000,100.0,9275125,2720.1,106529,345.5,1.59,0.001471,101726,327.5,18.69,0.020639,86983,304.9,65.47,0.081776
370.10,0.0072568,0.048022,86238,86234,89777,87085,304.1,370.1,0.010012,587.9,93255,819.9,94580,586.8,21.27,0.010315,100885,326.2,2.63,0.002890,89923,305.9,2.19,0.002813,190.1,-0.000000,1156.1,267067,1294.0,114506,357.5,-0.17,-0.000165,109759,340.5,-1.27,-0.001457,90001,306.7,-47.20,-0.060654,550.1,0.022974,351.3,127152,386.4,129337,351.1,21.10,0.023386,119792,348.5,23.19,0.028436,89223,306.6,40.71,0.051869,10.1,0.000000,100.0,9235581,2753.4,107343,346.3,1.30,0.001210,102068,327.9,17.88,0.019794,87275,305.4,64.61,0.080859
371.15,0.0072774,0.048292,86070,86357,89849,87073,304.1,371.1,0.010642,577.8,93339,809.5,94684,576.6,22.27,0.011005,99837,325.3,4.45,0.004860,90083,306.1,0.96,0.001243,191.1,0.000000,4120.6,260725,1286.6,114275,357.3,-0.29,-0.000274,109603,340.4,-2.41,-0.002764,89976,306.9,-48.75,-0.062586,551.1,0.020128,351.5,127740,386.8,129883,351.5,18.78,0.020870,119960,348.6,21.30,0.026142,89463,306.8,37.83,0.048295,11.1,0.000000,254.1,9151369,2783.2,108049,346.9,0.99,0.000930,102451,328.3,16.97,0.018837,87801,306.0,62.25,0.078199
372.09,0.0072959,0.048538,85926,86471,89938,87068,304.2,372.1,0.011277,568.4,93391,799.9,94759,567.1,23.05,0.011592,99002,324.5,5.77,0.006259,90161,306.2,-0.28,-0.000357,192.1,0.000000,100.0,255090,1279.8,114000,357.1,-0.37,-0.000357,109537,340.3,-3.58,-0.004109,89985,307.1,-49.70,-0.063766,552.1,0.019193,351.7,128274,387.2,129950,351.6,17.45,0.019405,120111,348.7,19.52,0.023982,89678,307.0,35.28,0.045122,12.1,0.000000,304.6,9042402,2803.7,108525,347.3,0.75,0.000710,102825,328.6,16.13,0.017943,88468,306.7,58.43,0.073783
373.14,0.0073166,0.048816,85751,86555,90047,87070,304.3,373.1,0.011885,557.7,93405,789.1,94771,556.3,23.70,0.012152,98179,323.7,6.92,0.007465,90232,306.3,-1.55,-0.002001,193.1,0.000000,332.5,248912,1272.3,113637,356.7,-0.45,-0.000430,109529,340.3,-5.01,-0.005755,90025,307.4,-50.35,-0.064571,553.1,0.016405,351.9,128840,387.6,130287,351.8,15.35,0.017095,120272,348.8,17.46,0.021475,89928,307.2,32.50,0.041657,13.1,0.000000,2575.5,8888455,2819.8,108915,347.6,0.55,0.000514,103311,329.1,15.11,0.016866,89337,307.6,52.49,0.066744
374.09,0.0073351,0.049071,85588,86599,90154,87080,304.4,374.1,0.012403,548.0,93348,779.3,94712,546.5,24.09,0.012564,97524,323.1,7.73,0.008301,90302,306.3,-2.50,-0.003230,194.1,0.000000,100.0,243426,1265.4,113267,356.4,-0.51,-0.000483,109564,340.3,-6.36,-0.007298,90071,307.6,-50.62,-0.064902,554.1,0.014310,352.1,129335,388.0,130556,352.0,13.43,0.014982,120403,348.8,15.55,0.019142,90165,307.4,30.05,0.038590,14.1,0.000000,100.0,8724057,2828.6,109171,347.8,0.41,0.000383,103840,329.6,14.07,0.015761,90100,308.4,46.21,0.059125
375.14,0.0073558,0.049357,85470,86624,90269,87099,304.5,375.1,0.012881,537.2,93198,768.2,94572,535.7,24.46,0.013000,96860,322.5,8.50,0.009080,90386,306.4,-3.36,-0.004343,195.1,0.000000,477.4,237415,1257.8,112815,356.0,-0.56,-0.000535,109602,340.4,-7.83,-0.008998,90139,307.9,-50.66,-0.064938,555.1,0.011868,354.4,129863,388.4,130989,352.4,10.96,0.012258,120534,348.9,13.39,0.016494,90428,307.7,27.37,0.035219,15.1,0.000000,100.0,8517143,2832.6,109383,348.0,0.30,0.000279,104540,330.3,12.72,0.014321,90786,309.0,39.07,0.050258
376.09,0.0073744,0.049615,85433,86639,90351,87123,304.6,376.1,0.013377,527.6,92989,758.2,94385,525.9,24.87,0.013430,96276,321.9,9.21,0.009793,90459,306.5,-4.03,-0.005205,196.1,0.000000,188.4,232079,1250.9,112372,355.6,-0.61,-0.000580,109601,340.4,-9.08,-0.010429,90208,308.2,-50.55,-0.064780,556.1,0.008241,352.8,130301,388.7,131564,352.8,8.41,0.009437,120641,349.0,11.42,0.014078,90644,308.0,24.96,0.032173,16.1,0.000000,239.5,8312975,2831.5,109525,348.1,0.22,0.000211,105258,330.9,11.34,0.012822,91168,309.4,33.19,0.042820
377.15,0.0073951,0.049898,85417,86658,90414,87158,304.7,377.1,0.013907,516.9,92680,747.0,94114,515.2,25.38,0.013951,95601,321.3,10.14,0.010726,90482,306.6,-4.85,-0.006263,197.1,0.000000,100.0,226235,1243.3,111839,355.1,-0.67,-0.000631,109538,340.3,-10.34,-0.011867,90220,308.4,-50.39,-0.064539,557.1,0.007397,354.1,130794,389.1,131641,352.9,6.50,0.007299,120757,349.0,9.21,0.011369,90788,308.2,22.12,0.028536,17.1,0.000000,100.0,8070508,2825.6,109640,348.2,0.16,0.000149,106104,331.7,9.66,0.010990,91287,309.6,27.57,0.035593
378.10,0.0074137,0.050150,85391,86683,90428,87196,304.7,378.1,0.014480,507.4,92335,736.8,93812,505.7,25.88,0.014452,94973,320.7,11.10,0.011687,90484,306.6,-5.55,-0.007166,198.1,0.000000,100.0,221051,1236.3,111324,354.7,-0.72,-0.000675,109389,340.2,-11.30,-0.012965,90216,308.6,-50.19,-0.064240,558.1,0.005485,352.9,131228,389.5,131643,352.9,4.91,0.005509,120864,349.1,7.22,0.008917,90888,308.3,19.53,0.025210,18.1,0.000000,354.2,7841778,2816.7,109706,348.3,0.10,0.000099,106852,332.4,8.13,0.009293,91245,309.6,23.41,0.030211
379.16,0.0074344,0.050428,85345,86736,90427,87244,304.8,379.2,0.015089,497.0,91879,725.4,93409,495.2,26.50,0.015046,94303,320.1,12.15,0.012731,90478,306.6,-6.30,-0.008144,199.2,0.000000,381.8,215375,1228.6,110713,354.1,-0.77,-0.000721,109128,339.9,-12.22,-0.013986,90204,308.9,-49.92,-0.063839,559.2,0.003082,353.0,131690,389.9,131790,353.0,2.91,0.003270,120992,349.2,5.01,0.006185,90976,308.5,16.62,0.021465,19.2,0.000000,100.0,7579689,2803.3,109741,348.3,0.05,0.000046,107608,333.1,6.52,0.007488,91137,309.5,19.67,0.025370
380.11,0.0074531,0.050677,85292,86860,90407,87293,304.9,380.1,0.015737,487.7,91409,715.2,92990,485.9,27.12,0.015622,93786,319.6,12.91,0.013471,90466,306.6,-7.00,-0.009047,200.1,0.000000,100.0,210344,1221.6,110137,353.6,-0.81,-0.000755,108814,339.7,-12.94,-0.014784,90179,309.1,-49.63,-0.063402,560.1,-0.000804,353.3,132058,390.2,132416,353.6,0.08,0.000091,121111,349.3,3.02,0.003738,91037,308.6,13.96,0.018035,20.1,0.000000,100.0,7339671,2788.7,109744,348.3,0.01,0.000007,108186,333.6,5.23,0.006028,91005,309.4,17.11,0.022034
381.17,0.0074738,0.050951,85223,87022,90353,87351,305.0,381.2,0.016424,477.5,90827,703.7,92466,475.7,27.86,0.016302,93332,319.2,13.45,0.013986,90441,306.6,-7.86,-0.010150,201.2,0.000000,100.0,205648,1214.8,109479,353.0,-0.83,-0.000778,108385,339.3,-13.69,-0.015595,90132,309.3,-49.24,-0.062841,561.2,-0.002307,353.9,132463,390.5,132589,354.0,-2.05,-0.002307,121241,349.4,0.86,0.001060,91080,308.7,10.92,0.014110,21.2,0.000000,100.0,7071690,2770.1,109725,348.3,-0.02,-0.000022,108702,334.0,4.02,0.004653,90839,309.2,14.97,0.019252
382.12,0.0074925,0.051197,85168,87171,90291,87408,305.0,382.1,0.017141,468.5,90265,693.4,91948,466.7,28.58,0.016950,93016,318.9,13.70,0.014210,90409,306.6,-8.73,-0.011274,202.1,0.000000,658.6,201310,1208.5,108884,352.4,-0.84,-0.000783,107930,338.9,-14.34,-0.016294,90079,309.4,-48.87,-0.062296,562.1,-0.006212,397.4,132776,390.8,133321,354.9,-5.33,-0.006028,121360,349.5,-1.07,-0.001329,91095,308.7,8.10,0.010461,22.1,0.000000,297.8,6831736,2751.8,109706,348.3,-0.03,-0.000025,109059,334.4,3.15,0.003654,90692,309.1,13.51,0.017359
383.07,0.0075111,0.051441,85126,87300,90227,87469,305.1,383.1,0.017797,459.7,89722,683.2,91420,457.9,29.27,0.017592,92756,318.7,13.80,0.014286,90373,306.6,-9.71,-0.012529,203.1,0.000000,100.0,197442,1202.7,108297,351.9,-0.84,-0.000775,107413,338.4,-15.01,-0.016989,90022,309.6,-48.48,-0.061730,563.1,-0.006948,354.0,133094,391.1,133281,355.2,-6.97,-0.007870,121497,349.6,-3.03,-0.003758,91092,308.7,5.20,0.006721,23.1,0.000000,100.0,6594514,2732.1,109701,348.3,-0.01,-0.000007,109330,334.6,2.47,0.002869,90559,309.0,12.37,0.015878
384.12,0.0075318,0.051709,85084,87413,90162,87540,305.3,384.1,0.018495,450.2,89079,672.0,90821,448.4,30.03,0.018309,92498,318.4,13.83,0.014285,90335,306.6,-10.91,-0.014077,204.1,-0.000000,1082.6,193592,1196.8,107663,351.3,-0.82,-0.000755,106774,337.8,-15.76,-0.017772,89961,309.7,-48.04,-0.061092,564.1,-0.009298,354.3,133423,391.4,133165,355.7,-8.70,-0.009800,121683,349.7,-5.28,-0.006553,91074,308.7,1.93,0.002491,24.1,0.000000,100.0,6326289,2705.3,109721,348.3,0.03,0.000028,109557,334.8,1.90,0.002214,90434,308.9,11.36,0.014562
385.07,0.0075504,0.051948,85061,87481,90147,87609,305.5,385.1,0.019231,441.9,88475,662.0,90262,440.1,30.77,0.018995,92274,318.2,13.83,0.014254,90325,306.7,-12.03,-0.015511,205.1,0.000000,100.0,190409,1191.8,107112,350.8,-0.80,-0.000733,106150,337.2,-16.47,-0.018486,89932,309.9,-47.57,-0.060441,565.1,-0.012397,354.7,133681,391.6,133382,356.5,-10.98,-0.012354,121854,349.9,-7.33,-0.009104,90756,308.4,-1.64,-0.002113,25.1,0.000000,100.0,6093477,2681.5,109779,348.4,0.09,0.000081,109711,334.9,1.54,0.001789,90357,308.8,10.65,0.013638
386.12,0.0075710,0.052208,85075,87527,90109,87689,305.8,386.1,0.020014,432.9,87787,651.0,89627,431.2,31.68,0.019822,92013,318.0,13.80,0.014202,90323,306.7,-13.37,-0.017238,206.1,-0.000000,865.5,187289,1186.8,106521,350.2,-0.78,-0.000710,105419,336.6,-17.24,-0.019263,89913,310.1,-47.03,-0.059711,566.1,-0.015300,394.7,133932,391.9,133915,358.0,-14.11,-0.015874,122008,350.0,-9.56,-0.011890,90605,308.3,-4.96,-0.006383,26.1,0.000000,492.1,5844438,2655.5,109889,348.5,0.15,0.000140,109846,335.1,1.26,0.001465,90289,308.8,9.95,0.012740
387.07,0.0075895,0.052437,85119,87561,90129,87764,306.0,387.1,0.020847,425.1,87162,641.2,89051,423.4,32.57,0.020621,91752,317.8,13.79,0.014162,90339,306.8,-14.62,-0.018843,207.1,-0.000000,669.3,185113,1183.1,106002,349.7,-0.76,-0.000695,104746,335.9,-17.90,-0.019908,89919,310.3,-46.52,-0.059026,567.1,-0.016850,394.1,134148,392.1,133981,359.0,-16.13,-0.018107,122113,350.2,-11.54,-0.014353,90593,308.3,-7.75,-0.009976,27.1,0.000000,828.9,5628980,2632.5,110013,348.6,0.18,0.000175,109945,335.2,1.10,0.001278,90255,308.8,9.42,0.012056
388.11,0.0076101,0.052684,85188,87607,90276,87851,306.5,388.1,0.021726,416.7,86470,630.5,88412,415.0,33.63,0.021562,91413,317.4,13.82,0.014146,90399,306.9,-15.92,-0.020529,208.1,0.000000,100.0,182691,1179.0,105431,349.2,-0.76,-0.000690,103998,335.2,-18.54,-0.020517,89987,310.5,-45.84,-0.058170,568.1,-0.019025,393.3,134366,392.3,133982,360.4,-18.30,-0.020467,122222,350.3,-13.76,-0.017128,90645,308.3,-10.69,-0.013755,28.1,0.000000,100.0,5399177,2607.4,110156,348.7,0.19,0.000183,110037,335.2,1.01,0.001173,90279,308.9,9.01,0.011528
389.16,0.0076306,0.052922,85278,87664,90535,87940,307.0,389.2,0.022693,408.7,85787,619.9,87782,407.0,34.73,0.022545,91012,317.1,13.91,0.014196,90540,307.1,-17.01,-0.021951,209.2,0.000000,307.0,180362,1175.0,104858,348.6,-0.77,-0.000694,103262,334.6,-19.06,-0.020985,90168,310.9,-45.03,-0.057189,569.2,-0.021687,392.7,134552,392.5,134141,362.2,-20.81,-0.023178,122364,350.4,-16.09,-0.020043,90776,308.4,-13.29,-0.017131,29.2,0.000000,544.3,5179343,2582.8,110280,348.8,0.17,0.000160,110116,335.3,1.00,0.001168,90412,309.0,8.85,0.011333
390.10,0.0076491,0.053127,85376,87742,90754,88022,307.4,390.1,0.023642,401.7,85185,610.6,87225,400.0,35.74,0.023455,90591,316.7,14.05,0.014291,90738,307.4,-17.87,-0.023100,210.1,0.000000,100.0,178530,1171.7,104334,348.1,-0.79,-0.000708,102613,333.9,-19.43,-0.021290,90395,311.3,-44.27,-0.056295,570.1,-0.021525,391.8,134742,392.6,133467,363.2,-21.62,-0.023902,122537,350.6,-18.30,-0.022813,90951,308.6,-15.39,-0.019864,30.1,0.000000,658.4,4989862,2561.0,110363,348.9,0.13,0.000121,110184,335.4,1.06,0.001243,90589,309.2,8.84,0.011336
391.15,0.0076696,0.053345,85501,87875,90913,88115,307.9,391.1,0.024608,394.3,84532,600.3,86620,392.6,36.87,0.024481,90057,316.1,14.24,0.014421,91002,307.7,-19.05,-0.024664,211.1,0.000000,866.4,177191,1169.1,103728,347.6,-0.82,-0.000739,101899,333.3,-19.75,-0.021538,90650,311.7,-43.54,-0.055452,571.1,-0.020479,390.4,134997,392.9,132042,363.7,-21.43,-0.023398,122760,350.8,-20.82,-0.025979,91167,308.8,-17.66,-0.022826,31.1,0.000000,100.0,4788416,2537.3,110418,348.9,0.08,0.000073,110264,335.4,1.21,0.001415,90783,309.4,8.81,0.011322
392.09,0.0076880,0.053532,85625,88038,91000,88201,308.2,392.1,0.025582,388.0,83960,591.3,86088,386.3,37.88,0.025408,89525,315.6,14.42,0.014543,91264,308.0,-20.59,-0.026717,212.1,0.000000,354.5,176084,1166.9,103151,347.0,-0.88,-0.000782,101248,332.6,-20.02,-0.021738,90851,312.0,-43.05,-0.054894,572.1,-0.019183,389.2,135271,393.1,130591,364.0,-20.60,-0.022229,122960,351.0,-23.05,-0.028802,91356,308.9,-19.80,-0.025632,32.1,0.000000,967.3,4615098,2516.4,110440,348.9,0.04,0.000034,110351,335.5,1.41,0.001655,90923,309.6,8.71,0.011201
393.13,0.0077084,0.053729,85775,88231,91070,88300,308.6,393.1,0.026546,381.2,83342,581.5,85515,379.5,38.97,0.026427,88892,315.0,14.62,0.014668,91569,308.4,-23.12,-0.030052,213.1,0.000000,5293.1,174952,1164.6,102460,346.3,-0.95,-0.000849,100493,331.9,-20.40,-0.022025,91036,312.3,-42.68,-0.054476,573.1,-0.017797,387.7,135628,393.4,128925,364.1,-19.41,-0.020680,123160,351.2,-25.45,-0.031831,91541,309.1,-22.33,-0.028953,33.1,0.000000,100.0,4431155,2493.6,110440,348.9,0.00,0.000003,110475,335.6,1.72,0.002014,91054,309.7,8.48,0.010913
394.17,0.0077288,0.053913,85946,88406,91143,88405,308.9,394.2,0.027541,374.9,82739,572.0,84961,373.2,40.02,0.027421,88238,314.4,14.84,0.014807,91864,308.8,-26.48,-0.034496,214.2,0.000000,326.9,173879,1162.4,101705,345.6,-1.05,-0.000929,99674,331.1,-20.95,-0.022489,91196,312.6,-42.40,-0.054166,574.2,-0.016356,386.3,136039,393.8,127304,364.1,-18.13,-0.019064,123341,351.4,-27.75,-0.034743,91697,309.2,-24.91,-0.032346,34.2,0.000000,923.4,4256018,2471.3,110427,348.9,-0.02,-0.000016,110635,335.8,2.10,0.002455,91181,309.9,8.15,0.010496
395.10,0.0077471,0.054068,86141,88521,91212,88504,309.3,395.1,0.028470,369.5,82211,563.6,84474,367.8,40.92,0.028293,87647,313.8,15.08,0.014976,92066,309.1,-29.93,-0.039031,215.1,0.000000,100.0,172929,1160.4,100968,344.9,-1.14,-0.001007,98857,330.3,-21.68,-0.023144,91325,312.8,-42.18,-0.053919,575.1,-0.015029,385.1,136455,394.1,125899,364.0,-16.95,-0.017640,123509,351.6,-29.79,-0.037327,91819,309.3,-27.22,-0.035379,35.1,0.000000,266.8,4105662,2451.7,110413,348.9,-0.02,-0.000019,110812,335.9,2.47,0.002894,91293,310.0,7.77,0.010016
396.14,0.0077674,0.054223,86498,88607,91276,88620,309.7,396.1,0.029373,363.8,81637,554.6,83942,362.1,41.89,0.029229,86998,313.1,15.44,0.015252,92145,309.3,-33.59,-0.043813,216.1,0.000000,100.0,171897,1158.2,100087,344.0,-1.25,-0.001090,97845,329.4,-22.83,-0.024189,91440,313.0,-41.97,-0.053681,576.1,-0.013756,383.7,136969,394.6,124393,363.8,-15.69,-0.016136,123720,351.8,-32.07,-0.040227,91928,309.4,-29.77,-0.038729,36.1,0.000000,184.1,3946356,2430.3,110405,348.9,-0.01,-0.000009,111041,336.1,2.88,0.003382,91417,310.2,7.25,0.009351
397.07,0.0077857,0.054341,86933,88660,91312,88728,310.0,397.1,0.030242,359.0,81132,546.7,83468,357.3,42.70,0.030029,86431,312.6,15.88,0.015609,92069,309.3,-36.38,-0.047405,217.1,-0.000000,349.8,170991,1156.3,99253,343.2,-1.32,-0.001147,96841,328.4,-24.16,-0.025409,91503,313.2,-41.85,-0.053536,577.1,-0.012546,382.6,137476,395.0,123075,363.5,-14.60,-0.014866,123893,352.0,-34.07,-0.042772,91979,309.5,-32.05,-0.041717,37.1,0.000000,724.0,3809658,2411.5,110407,348.9,0.00,0.000002,111270,336.3,3.22,0.003789,91524,310.3,6.66,0.008600
398.10,0.0078059,0.054447,87433,88699,91320,88853,310.3,398.1,0.031064,354.0,80580,538.2,82944,352.2,43.54,0.030858,85826,312.0,16.51,0.016145,91886,309.3,-38.68,-0.050309,218.1,-0.000000,392.9,170009,1154.1,98303,342.3,-1.37,-0.001182,95640,327.2,-25.91,-0.027014,91527,313.3,-41.80,-0.053468,578.1,-0.011406,381.3,138089,395.5,121647,363.2,-13.45,-0.013548,123940,352.1,-36.00,-0.045197,91980,309.4,-34.58,-0.045004,38.1,0.000000,852.7,3664838,2391.0,110424,348.9,0.02,0.000023,111536,336.6,3.56,0.004190,91631,310.5,5.82,0.007515
399.13,0.0078261,0.054525,87907,88723,91298,88982,310.5,399.1,0.031862,349.4,80035,530.0,82417,347.5,44.28,0.031603,85257,311.4,17.30,0.016842,91678,309.3,-40.02,-0.051951,219.1,0.000000,100.0,169038,1152.0,97360,341.3,-1.37,-0.001179,94381,325.9,-27.87,-0.028781,91518,313.4,-41.91,-0.053582,579.1,-0.010280,380.0,138753,396.0,120251,362.7,-12.36,-0.012321,123733,351.9,-37.34,-0.046825,91937,309.4,-37.10,-0.048274,39.1,0.000000,251.7,3527075,2371.0,110464,348.9,0.05,0.000052,111800,336.8,3.86,0.004551,91714,310.6,4.62,0.005970
400.16,0.0078463,0.054579,88315,88741,91258,89115,310.7,400.2,0.032574,345.1,79493,522.1,81881,343.1,44.89,0.032245,84731,310.9,18.26,0.017699,91467,309.2,-40.36,-0.052277,220.2,0.000000,100.0,168066,1149.9,96451,340.4,-1.34,-0.001142,93099,324.6,-29.92,-0.030600,91492,313.5,-42.28,-0.054025,580.2,-0.009226,378.8,139469,396.6,118887,362.2,-11.32,-0.011177,123043,351.4,-37.77,-0.047172,91851,309.3,-39.60,-0.051491,40.2,0.000000,379.5,3396004,2351.5,110529,349.0,0.09,0.000086,112030,337.0,4.09,0.004837,91766,310.6,3.13,0.004049
401.08,0.0078644,0.054611,88615,88759,91204,89238,310.8,401.1,0.033158,341.4,79002,515.2,81389,339.4,45.34,0.032724,84293,310.5,19.26,0.018589,91256,309.1,-39.84,-0.051505,221.1,0.000000,191.7,167173,1148.0,95674,339.6,-1.29,-0.001091,91949,323.5,-31.76,-0.032197,91460,313.5,-42.84,-0.054721,581.1,-0.008290,377.7,140155,397.1,117690,361.7,-10.43,-0.010211,122181,350.7,-37.71,-0.046859,91758,309.3,-41.80,-0.054309,41.1,0.000000,355.2,3283471,2334.2,110614,349.1,0.13,0.000122,112179,337.1,4.21,0.004978,91789,310.7,1.59,0.002058
402.11,0.0078845,0.054632,88880,88821,91149,89378,310.8,402.1,0.033642,337.6,78451,507.8,80829,335.6,45.73,0.033151,83841,310.0,20.45,0.019668,90971,308.9,-38.29,-0.049373,222.1,0.000000,100.0,166139,1145.8,94858,338.8,-1.23,-0.001034,90698,322.2,-33.71,-0.033847,91422,313.6,-43.75,-0.055839,582.1,-0.007415,376.4,140966,397.8,116397,361.0,-9.49,-0.009203,120997,349.7,-37.23,-0.045933,91662,309.2,-44.23,-0.057407,42.1,0.000000,174.8,3164172,2315.5,110746,349.2,0.18,0.000175,112287,337.2,4.27,0.005053,91709,310.6,-0.49,-0.000639
403.14,0.0079047,0.054640,89115,88896,91064,89520,310.9,403.1,0.034057,334.1,77890,500.7,80255,332.0,46.02,0.033488,83412,309.6,21.69,0.020779,90683,308.7,-35.59,-0.045777,223.1,0.000000,100.0,165042,1143.4,94073,338.0,-1.20,-0.001001,89491,320.9,-35.48,-0.035293,91373,313.6,-44.95,-0.057333,583.1,-0.006557,375.3,141826,398.4,115149,360.4,-8.59,-0.008259,119621,348.6,-36.21,-0.044309,91570,309.1,-46.69,-0.060554,43.1,0.000000,243.1,3050603,2297.1,110930,349.3,0.25,0.000243,112318,337.3,4.26,0.005042,91604,310.5,-2.66,-0.003441
404.16,0.0079248,0.054636,89357,88977,90967,89665,310.9,404.2,0.034397,330.8,77319,493.9,79672,328.6,46.29,0.033779,82989,309.2,22.90,0.021858,90455,308.6,-32.07,-0.041155,224.2,0.000000,234.9,163869,1141.0,93290,337.2,-1.20,-0.001001,88339,319.7,-37.00,-0.036466,91298,313.7,-46.36,-0.059085,584.2,-0.005761,374.1,142736,399.1,113953,359.7,-7.74,-0.007374,118181,347.4,-35.03,-0.042497,91477,309.1,-49.21,-0.063766,44.2,0.000000,902.8,2942456,2279.2,111176,349.5,0.34,0.000325,112300,337.3,4.15,0.004918,91499,310.4,-4.78,-0.006168
405.09,0.0079428,0.054621,89601,89089,90877,89796,310.9,405.1,0.034685,327.9,76797,488.0,79142,325.8,46.56,0.034042,82601,308.8,23.92,0.022755,90328,308.6,-28.56,-0.036607,225.1,0.000000,672.6,162743,1138.7,92558,336.4,-1.26,-0.001042,87360,318.6,-38.09,-0.037242,91215,313.6,-47.71,-0.060753,585.1,-0.005060,373.1,143597,399.8,112926,359.1,-7.00,-0.006625,116915,346.4,-34.01,-0.040943,91397,309.1,-51.51,-0.066695,45.1,0.000000,100.0,2849526,2263.4,111454,349.8,0.42,0.000403,112186,337.2,3.85,0.004552,91415,310.3,-6.65,-0.008579
406.11,0.0079629,0.054591,89935,89273,90786,89944,310.9,406.1,0.034981,324.9,76212,481.7,78554,322.9,46.95,0.034379,82156,308.4,24.96,0.023645,90275,308.6,-24.70,-0.031636,226.1,0.000000,100.0,161416,1135.9,91663,335.5,-1.40,-0.001153,86348,317.5,-38.93,-0.037755,91109,313.6,-49.12,-0.062487,586.1,-0.004412,372.1,144601,400.6,111841,358.4,-6.23,-0.005849,115563,345.2,-32.95,-0.039341,91314,309.1,-54.09,-0.069972,46.1,0.000000,176.7,2750923,2246.2,111822,350.1,0.51,0.000486,111874,336.9,3.13,0.003694,91331,310.2,-8.69,-0.011197
407.13,0.0079830,0.054544,90323,89498,90697,90093,311.0,407.1,0.035340,322.1,75628,475.7,77976,320.2,47.47,0.034793,81695,307.9,25.88,0.024419,90284,308.7,-21.22,-0.027170,227.1,0.000000,100.0,160013,1133.1,90626,334.4,-1.64,-0.001336,85425,316.5,-39.36,-0.037890,91000,313.6,-50.32,-0.063946,587.1,-0.003785,371.1,145654,401.4,110815,357.7,-5.51,-0.005135,114254,344.1,-31.96,-0.037850,91239,309.1,-56.69,-0.073256,47.1,0.000000,1423.7,2656983,2229.3,112243,350.5,0.58,0.000555,111368,336.5,1.94,0.002277,91257,310.1,-10.68,-0.013756
408.16,0.0080031,0.054478,90736,89709,90600,90244,311.1,408.2,0.035781,319.5,75053,469.8,77418,317.7,48.15,0.035308,81221,307.4,26.71,0.025093,90287,308.7,-18.10,-0.023175,228.2,0.000000,100.0,158543,1130.1,89412,333.1,-1.94,-0.001566,84602,315.6,-39.38,-0.037648,90883,313.5,-51.26,-0.065060,588.2,-0.003215,370.1,146756,402.2,109841,357.1,-4.85,-0.004488,112975,343.0,-31.02,-0.036446,91161,309.2,-59.30,-0.076557,48.2,0.000000,288.3,2567473,2212.9,112699,350.8,0.62,0.000601,110699,335.9,0.34,0.000404,91195,310.1,-12.72,-0.016382
409.08,0.0080211,0.054402,91100,89881,90533,90382,311.2,409.1,0.036294,317.4,74550,464.8,76940,315.7,48.90,0.035869,80792,307.0,27.40,0.025637,90278,308.8,-15.57,-0.019927,229.1,0.000000,203.6,157171,1127.3,88163,331.8,-2.23,-0.001780,83927,314.9,-39.18,-0.037243,90776,313.5,-51.85,-0.065735,589.1,-0.002725,369.3,147790,403.0,109002,356.5,-4.31,-0.003965,111844,342.0,-30.22,-0.035257,91085,309.2,-61.66,-0.079526,49.1,0.000000,454.6,2490513,2198.3,113109,351.2,0.62,0.000601,109995,335.3,-1.34,-0.001566,91145,310.0,-14.66,-0.018867
410.10,0.0080412,0.054301,91476,90072,90518,90537,311.3,410.1,0.036914,315.2,74014,459.4,76442,313.6,49.89,0.036607,80322,306.5,28.12,0.026200,90271,308.8,-12.94,-0.016567,230.1,0.000000,507.8,155601,1124.2,86623,330.1,-2.52,-0.001992,83229,314.1,-38.72,-0.036599,90679,313.5,-52.16,-0.066058,590.1,-0.002287,368.4,148985,403.8,108100,355.8,-3.78,-0.003452,110602,340.9,-29.40,-0.034021,91017,309.3,-64.24,-0.082768,50.1,0.000000,6167.5,2408801,2182.5,113528,351.5,0.57,0.000551,109146,334.5,-3.42,-0.003963,91126,310.0,-16.96,-0.021836
411.12,0.0080612,0.054185,91776,90291,90551,90695,311.5,411.1,0.037678,313.2,73509,454.1,75983,311.6,51.03,0.037453,79865,306.1,28.82,0.026736,90285,308.9,-10.41,-0.013322,231.1,0.000000,100.0,153990,1120.9,84966,328.3,-2.77,-0.002153,82616,313.4,-38.08,-0.035808,90603,313.5,-52.04,-0.065849,591.1,-0.001881,367.5,150229,404.8,107219,355.1,-3.31,-0.003011,109376,339.8,-28.64,-0.032883,90989,309.4,-66.73,-0.085919,51.1,0.000000,100.0,2330886,2167.1,113872,351.8,0.47,0.000455,108269,333.8,-5.60,-0.006464,91166,310.0,-19.54,-0.025161
412.14,0.0080812,0.054058,92000,90577,90600,90853,311.6,412.1,0.038515,311.5,73038,449.1,75571,309.9,52.26,0.038361,79426,305.6,29.50,0.027258,90323,308.9,-7.91,-0.010125,232.1,0.000000,317.8,152347,1117.6,83244,326.4,-2.93,-0.002251,82098,312.7,-37.29,-0.034916,90566,313.5,-51.63,-0.065300,592.1,-0.001530,366.6,151522,405.7,106351,354.4,-2.92,-0.002638,108163,338.7,-27.96,-0.031849,90999,309.6,-69.17,-0.089002,52.1,0.000000,250.4,2256570,2152.0,114125,352.0,0.35,0.000338,107404,333.0,-7.82,-0.008965,91259,310.1,-22.49,-0.028985
413.16,0.0081012,0.053924,92177,90946,90645,91014,311.8,413.2,0.039356,309.9,72601,444.3,75207,308.2,53.46,0.039258,79007,305.2,30.17,0.027764,90378,309.0,-5.44,-0.006964,233.2,0.000000,384.1,150681,1114.2,81506,324.4,-3.03,-0.002286,81652,312.2,-36.35,-0.033905,90558,313.5,-50.93,-0.064406,593.2,-0.001231,365.7,152864,406.7,105489,353.7,-2.59,-0.002325,106966,337.6,-27.36,-0.030923,91031,309.9,-71.56,-0.092041,53.2,0.000000,100.0,2185669,2137.2,114284,352.2,0.22,0.000213,106590,332.3,-10.00,-0.011403,91370,310.1,-25.82,-0.033300
414.08,0.0081192,0.053798,92296,91290,90675,91161,311.9,414.1,0.040149,308.6,72237,440.2,74906,306.9,54.49,0.040023,78642,304.9,30.75,0.028203,90436,309.1,-3.27,-0.004187,234.1,0.000000,255.5,149168,1111.1,79963,322.7,-3.05,-0.002272,81309,311.8,-35.42,-0.032941,90572,313.6,-50.12,-0.063384,594.1,-0.000993,364.9,154113,407.6,104719,353.0,-2.34,-0.002087,105901,336.6,-26.90,-0.030192,91065,310.1,-73.70,-0.094751,54.1,0.000000,100.0,2124635,2124.2,114326,352.2,0.07,0.000071,105922,331.6,-11.89,-0.013502,91442,310.2,-28.97,-0.037388
415.10,0.0081391,0.053657,92388,91639,90693,91326,312.1,415.1,0.040883,307.3,71860,435.8,74590,305.6,55.52,0.040787,78243,304.5,31.37,0.028665,90500,309.1,-0.98,-0.001253,235.1,0.000000,410.8,147476,1107.6,78309,320.7,-3.00,-0.002205,80971,311.4,-34.30,-0.031811,90603,313.7,-49.15,-0.062163,595.1,-0.000796,364.0,155548,408.6,103873,352.3,-2.10,-0.001863,104722,335.5,-26.53,-0.029534,91096,310.4,-76.07,-0.097752,55.1,0.000000,1332.5,2059746,2110.0,114257,352.1,-0.09,-0.000090,105267,331.0,-13.90,-0.015711,91457,310.2,-32.32,-0.041729
416.11,0.0081591,0.053514,92459,91929,90724,91494,312.2,416.1,0.041556,306.1,71507,431.5,74283,304.3,56.39,0.041428,77842,304.1,31.96,0.029091,90419,309.0,0.83,0.001069,236.1,0.000000,100.0,145781,1104.1,76753,318.9,-2.89,-0.002091,80651,311.0,-33.08,-0.030599,90629,313.8,-48.11,-0.060847,596.1,-0.000627,363.1,157033,409.6,103043,351.5,-1.90,-0.001673,103541,334.4,-26.31,-0.029053,91128,310.7,-78.48,-0.100788,56.1,0.000000,100.0,1997790,2096.1,114011,351.9,-0.33,-0.000326,104712,330.5,-15.80,-0.017796,91432,310.1,-35.39,-0.045691
417.13,0.0081790,0.053370,92526,92160,90740,91663,312.4,417.1,0.042102,305.1,71173,427.4,73983,303.1,57.09,0.041932,77428,303.6,32.51,0.029474,90360,309.0,2.53,0.003234,237.1,0.000000,100.0,144086,1100.6,75331,317.2,-2.69,-0.001925,80320,310.6,-31.74,-0.029273,90644,313.8,-47.01,-0.059447,597.1,-0.000494,362.2,158568,410.7,102231,350.8,-1.73,-0.001517,102366,333.3,-26.21,-0.028714,91155,311.0,-80.99,-0.103939,57.1,0.000000,100.0,1938611,2082.5,113504,351.5,-0.69,-0.000669,104256,330.1,-17.60,-0.019765,91349,310.0,-38.10,-0.049158
418.14,0.0081989,0.053225,92638,92333,90756,91835,312.6,418.1,0.042522,304.0,70851,423.6,73687,302.1,57.63,0.042308,76993,303.2,33.02,0.029814,90390,309.1,4.10,0.005250,238.1,0.000000,266.7,142397,1097.0,74075,315.7,-2.43,-0.001716,79951,310.2,-30.23,-0.027796,90648,313.9,-45.86,-0.057984,598.1,-0.000396,361.4,160155,411.8,101437,350.1,-1.60,-0.001397,101197,332.1,-26.29,-0.028570,91168,311.3,-83.61,-0.107208,58.1,0.000000,422.8,1882055,2069.2,112662,350.7,-1.14,-0.001106,103887,329.7,-19.30,-0.021620,91242,309.8,-40.28,-0.051945
419.16,0.0082188,0.053078,92742,92482,90769,92007,312.7,419.2,0.042834,303.1,70538,419.8,73395,301.1,58.04,0.042584,76531,302.7,33.50,0.030116,90444,309.2,5.49,0.007028,239.2,0.000000,100.0,140715,1093.4,72995,314.4,-2.13,-0.001487,79528,309.6,-28.53,-0.026133,90643,314.0,-44.65,-0.056440,599.2,-0.000329,360.5,161793,412.9,100660,349.4,-1.51,-0.001311,100035,331.0,-26.51,-0.028576,91173,311.6,-86.34,-0.110597,59.2,0.000000,367.3,1827983,2056.3,111474,349.7,-1.62,-0.001555,103592,329.4,-20.88,-0.023346,91145,309.7,-41.95,-0.054071
420.07,0.0082367,0.052943,92824,92599,90790,92164,312.9,420.1,0.043059,302.3,70261,416.6,73137,300.3,58.35,0.042776,76095,302.3,33.93,0.030372,90502,309.3,6.56,0.008399,240.1,0.000000,328.1,139211,1090.2,72173,313.3,-1.85,-0.001281,79095,309.1,-26.81,-0.024464,90639,314.0,-43.50,-0.054973,600.1,-0.000290,359.7,163313,413.9,99971,348.7,-1.46,-0.001261,99007,330.0,-26.79,-0.028659,91177,311.9,-88.87,-0.113739,60.1,0.000000,434.4,1781334,2044.8,110162,348.5,-1.99,-0.001895,103373,329.2,-22.18,-0.024764,91076,309.5,-43.08,-0.055500
421.09,0.0082566,0.052791,92977,92720,90839,92338,313.1,421.1,0.043243,301.5,69958,413.2,72856,299.4,58.66,0.042960,75594,301.7,34.42,0.030662,90570,309.4,7.60,0.009739,241.1,0.000000,193.5,137552,1086.6,71413,312.4,-1.54,-0.001061,78560,308.5,-24.69,-0.022422,90646,314.1,-42.13,-0.053230,601.1,-0.000055,459.4,165058,415.1,99103,347.9,-1.33,-0.001137,97900,328.9,-27.11,-0.028779,91190,312.3,-91.74,-0.117301,61.1,0.000000,172.7,1731627,2032.3,108526,347.0,-2.29,-0.002156,103173,328.9,-23.44,-0.026137,91029,309.4,-43.95,-0.056620
422.10,0.0082765,0.052632,93234,92863,90913,92513,313.3,422.1,0.043420,300.7,69661,409.9,72583,298.6,58.97,0.043139,75090,301.2,34.96,0.030989,90643,309.6,8.56,0.010976,242.1,0.000000,227.0,135908,1083.1,70806,311.6,-1.25,-0.000853,77986,307.8,-22.35,-0.020199,90674,314.3,-40.65,-0.051358,602.1,0.000000,227.3,166869,428.8,98272,347.0,-1.23,-0.001046,96840,327.9,-27.41,-0.028876,91221,312.7,-94.65,-0.120911,62.1,0.000000,677.3,1684048,2020.1,106797,345.4,-2.46,-0.002293,103023,328.8,-24.43,-0.027224,91019,309.3,-44.49,-0.057321
423.11,0.0082963,0.052461,93559,93038,91003,92688,313.5,423.1,0.043597,299.9,69369,406.8,72316,297.9,59.29,0.043320,74599,300.7,35.57,0.031379,90720,309.7,9.49,0.012173,243.1,0.000000,279.0,134280,1079.5,70345,311.1,-0.96,-0.000653,77399,307.1,-19.82,-0.017814,90726,314.4,-39.08,-0.049384,603.1,0.000000,252.1,168738,430.1,97470,346.2,-1.20,-0.001013,95835,326.9,-27.66,-0.028918,91268,313.1,-97.57,-0.124545,63.1,0.000000,142.7,1638488,2008.1,105056,343.8,-2.53,-0.002326,102899,328.6,-25.19,-0.028049,91027,309.3,-44.75,-0.057666
424.13,0.0083162,0.052278,93850,93236,91107,92864,313.8,424.1,0.043776,299.3,69085,403.8,72056,297.3,59.62,0.043500,74136,300.2,36.27,0.031843,90805,309.9,10.43,0.013379,244.1,0.000000,100.0,132670,1075.9,70023,310.6,-0.68,-0.000459,76824,306.5,-17.09,-0.015283,90800,314.6,-37.46,-0.047349,604.1,0.000000,142.6,170668,431.4,96670,345.4,-1.20,-0.001010,94885,325.9,-27.82,-0.028886,91308,313.5,-100.42,-0.128058,64.1,0.000000,610.8,1594846,1996.4,103359,342.2,-2.51,-0.002283,102793,328.5,-25.72,-0.028620,91054,309.2,-44.77,-0.057724
425.14,0.0083361,0.052085,94086,93432,91216,93039,314.0,425.1,0.043948,298.7,68808,400.9,71798,296.6,59.93,0.043659,73707,299.8,37.02,0.032365,90882,310.1,11.41,0.014641,245.1,0.000000,415.3,131082,1072.4,69832,310.4,-0.41,-0.000276,76282,305.8,-14.20,-0.012636,90889,314.7,-35.85,-0.045330,605.1,0.000000,100.0,172659,432.8,95853,344.6,-1.24,-0.001035,93994,325.0,-27.90,-0.028772,91304,313.9,-102.93,-0.131077,65.1,0.000000,417.9,1553024,1984.9,101746,340.7,-2.43,-0.002185,102685,328.3,-26.00,-0.028917,91100,309.2,-44.65,-0.057599
426.15,0.0083559,0.051885,94305,93615,91318,93214,314.3,426.2,0.044091,298.1,68537,398.1,71541,296.1,60.19,0.043774,73307,299.4,37.78,0.032896,90939,310.3,12.45,0.015978,246.2,0.000000,585.1,129519,1068.8,69757,310.3,-0.17,-0.000113,75785,305.2,-11.20,-0.009921,90964,314.9,-34.31,-0.043399,606.2,0.000000,241.2,174716,434.1,94999,343.7,-1.30,-0.001083,93158,324.2,-27.89,-0.028585,91220,314.4,-104.69,-0.133013,66.2,0.000000,359.2,1512929,1973.7,100243,339.2,-2.31,-0.002051,102567,328.2,-26.00,-0.028896,91152,309.1,-44.48,-0.057427
427.16,0.0083757,0.051677,94545,93780,91397,93388,314.5,427.2,0.044184,297.6,68273,395.5,71279,295.5,60.37,0.043820,72915,298.9,38.45,0.033346,90984,310.5,13.51,0.017337,247.2,0.000000,104.0,127981,1065.3,69778,310.3,0.03,0.000022,75336,304.7,-8.17,-0.007205,90992,315.0,-32.91,-0.041620,607.2,0.000000,242.5,176839,435.5,94098,342.8,-1.39,-0.001145,92374,323.4,-27.83,-0.028351,91006,314.6,-105.26,-0.133338,67.2,0.000000,104.8,1474465,1962.7,98862,337.9,-2.15,-0.001895,102406,328.0,-25.70,-0.028532,91175,309.1,-44.35,-0.057277
428.07,0.0083936,0.051482,94786,93918,91445,93541,314.6,428.1,0.044211,297.2,68038,393.2,71040,295.1,60.43,0.043789,72547,298.6,38.88,0.033596,91001,310.6,14.44,0.018529,248.1,0.000000,473.1,126621,1062.1,69860,310.4,0.17,0.000117,74974,304.3,-5.49,-0.004820,90980,315.1,-31.76,-0.040156,608.1,0.000000,100.0,178811,436.8,93240,341.9,-1.47,-0.001209,91703,322.7,-27.74,-0.028119,90751,314.6,-104.68,-0.132229,68.1,0.000000,779.1,1441166,1953.0,97727,336.8,-2.00,-0.001747,102172,327.7,-25.09,-0.027808,91166,309.0,-44.32,-0.057247
429.09,0.0084135,0.051256,95055,94062,91499,93709,314.6,429.1,0.044167,296.7,67779,390.7,70768,294.6,60.40,0.043671,72106,298.1,39.11,0.033641,90990,310.7,15.47,0.019836,249.1,0.000000,426.9,125134,1058.7,69997,310.6,0.28,0.000190,74615,303.9,-2.63,-0.002307,90942,315.2,-30.59,-0.038645,609.1,0.000000,100.0,181073,438.3,92232,340.8,-1.58,-0.001284,90984,321.9,-27.62,-0.027845,90486,314.6,-103.32,-0.130112,69.1,0.000000,347.9,1405551,1942.4,96587,335.6,-1.82,-0.001579,101802,327.3,-24.01,-0.026544,91130,308.9,-44.36,-0.057302
430.10,0.0084334,0.051021,95295,94189,91594,93873,314.5,430.1,0.044032,296.2,67519,388.3,70488,294.1,60.30,0.043500,71624,297.6,39.06,0.033427,90966,310.8,16.61,0.021289,250.1,0.000000,846.7,123671,1055.2,70165,310.8,0.34,0.000233,74298,303.5,0.00,0.000001,90901,315.2,-29.42,-0.037149,610.1,0.000000,100.0,183411,439.8,91172,339.7,-1.68,-0.001353,90273,321.1,-27.48,-0.027556,90244,314.7,-101.17,-0.127034,70.1,0.000000,283.7,1371319,1932.0,95574,334.6,-1.64,-0.001409,101319,326.9,-22.58,-0.024886,91095,308.8,-44.48,-0.057457
431.12,0.0084533,0.050779,95484,94293,91804,94031,314.5,431.1,0.043854,295.7,67257,386.0,70208,293.6,60.19,0.043313,71104,297.0,38.74,0.032976,90967,310.9,17.98,0.023043,251.1,0.000000,100.0,122230,1051.8,70348,311.0,0.38,0.000256,74015,303.2,2.37,0.002062,90893,315.3,-28.12,-0.035497,611.1,0.000000,1298.0,185831,441.4,90071,338.5,-1.76,-0.001405,89560,320.4,-27.35,-0.027273,90082,314.8,-98.05,-0.122873,71.1,0.000000,100.0,1338397,1921.8,94688,333.7,-1.45,-0.001235,100729,326.3,-20.91,-0.022950,91085,308.7,-44.57,-0.057571
432.13,0.0084732,0.050532,95616,94377,92105,94184,314.5,432.1,0.043677,295.2,66994,383.8,69933,293.2,60.10,0.043139,70561,296.4,38.20,0.032333,91029,311.0,19.65,0.025182,252.1,0.000000,100.0,120807,1048.3,70537,311.3,0.39,0.000266,73760,302.9,4.43,0.003846,90962,315.5,-26.54,-0.033506,612.1,0.000000,100.0,188336,442.9,88952,337.3,-1.80,-0.001431,88837,319.6,-27.24,-0.027003,90074,315.0,-94.22,-0.117949,72.1,0.000000,145.9,1306718,1911.8,93931,333.0,-1.25,-0.001058,100053,325.6,-19.08,-0.020849,91152,308.7,-44.45,-0.057464
433.15,0.0084932,0.050283,95709,94468,92394,94329,314.5,433.2,0.043524,294.7,66732,381.7,69668,292.8,60.07,0.043012,69990,295.8,37.52,0.031574,91144,311.1,21.61,0.027723,253.2,0.000000,686.1,119399,1044.9,70734,311.5,0.40,0.000276,73537,302.6,6.11,0.005297,91131,315.7,-24.65,-0.031146,613.2,0.000000,232.3,190929,444.5,87839,336.1,-1.81,-0.001424,88104,318.8,-27.16,-0.026765,90291,315.6,-90.06,-0.112824,73.2,0.000000,100.0,1276230,1901.9,93305,332.3,-1.04,-0.000879,99315,324.9,-17.20,-0.018691,91321,308.9,-44.12,-0.057119
434.07,0.0085112,0.050059,95765,94562,92611,94454,314.5,434.1,0.043416,294.3,66499,379.9,69440,292.5,60.16,0.042984,69470,295.2,36.85,0.030839,91274,311.3,23.55,0.030236,254.1,0.000000,169.5,118137,1041.8,70925,311.8,0.43,0.000297,73357,302.4,7.29,0.006306,91355,316.0,-22.76,-0.028811,614.1,0.000000,276.2,193340,446.0,86867,335.0,-1.78,-0.001389,87439,318.1,-27.14,-0.026603,90565,316.1,-86.20,-0.108130,74.1,0.000000,100.0,1249769,1893.2,92853,331.9,-0.85,-0.000717,98620,324.2,-15.52,-0.016783,91532,309.0,-43.67,-0.056630
435.09,0.0085313,0.049811,95814,94653,92777,94586,314.5,435.1,0.043407,293.9,66245,377.9,69203,292.2,60.38,0.043045,68908,294.5,36.13,0.030056,91422,311.5,25.71,0.033034,255.1,0.000000,164.9,116734,1038.3,71170,312.1,0.50,0.000344,73166,302.2,8.24,0.007111,91595,316.4,-20.61,-0.026130,615.1,0.000000,258.1,196110,447.7,85838,333.9,-1.71,-0.001323,86692,317.3,-27.16,-0.026467,90866,316.7,-81.93,-0.102912,75.1,0.000000,100.0,1221408,1883.8,92471,331.5,-0.64,-0.000541,97826,323.5,-13.75,-0.014785,91771,309.2,-43.12,-0.056028
436.12,0.0085513,0.049565,95831,94731,92868,94711,314.5,436.1,0.043487,293.6,66002,376.0,68974,291.9,60.65,0.043140,68403,294.0,35.59,0.029450,91538,311.7,27.74,0.035667,256.1,0.000000,229.4,115324,1034.8,71471,312.4,0.61,0.000420,72978,302.0,8.80,0.007588,91781,316.6,-18.47,-0.023445,616.1,0.000000,811.2,198979,449.5,84880,332.8,-1.61,-0.001236,85934,316.5,-27.20,-0.026349,91114,317.3,-77.76,-0.097774,76.1,0.000000,357.3,1194097,1874.5,92210,331.2,-0.44,-0.000372,97015,322.7,-12.15,-0.012992,91974,309.4,-42.65,-0.055506
437.14,0.0085714,0.049323,95803,94836,92912,94829,314.5,437.1,0.043577,293.3,65769,374.1,68735,291.6,60.81,0.043146,67983,293.5,35.32,0.029092,91602,311.9,29.63,0.038109,257.1,0.000000,100.0,113904,1031.2,71844,312.9,0.75,0.000517,72793,301.8,8.99,0.007738,91898,316.8,-16.35,-0.020772,617.1,0.000000,100.0,201951,451.2,84003,331.8,-1.49,-0.001135,85159,315.6,-27.25,-0.026221,91304,317.7,-73.76,-0.092799,77.1,0.000000,306.1,1167791,1865.3,92060,331.1,-0.26,-0.000216,96181,321.9,-10.80,-0.011479,92119,309.5,-42.29,-0.055108
438.07,0.0085895,0.049109,95764,94983,92944,94930,314.5,438.1,0.043549,293.0,65565,372.6,68501,291.3,60.74,0.042990,67770,293.2,35.51,0.029184,91624,312.0,31.25,0.040182,258.1,0.000000,100.0,112615,1028.0,72244,313.4,0.88,0.000610,72633,301.6,8.86,0.007611,91968,316.9,-14.42,-0.018328,618.1,0.000000,100.0,204717,452.9,83282,331.0,-1.38,-0.001045,84444,314.8,-27.26,-0.026076,91431,318.1,-70.30,-0.088470,78.1,0.000000,283.9,1144937,1857.2,92011,331.0,-0.11,-0.000090,95412,321.1,-9.83,-0.010387,92206,309.6,-42.03,-0.054811
439.09,0.0086097,0.048877,95722,95193,92996,95037,314.5,439.1,0.043287,292.7,65338,370.8,68218,290.9,60.48,0.042679,67744,293.3,36.61,0.030074,91628,312.2,33.00,0.042412,259.1,0.000000,1267.1,111170,1024.3,72752,314.0,1.00,0.000699,72457,301.4,8.41,0.007207,92043,317.1,-12.25,-0.015574,619.1,0.000000,142.7,207896,454.7,82549,330.2,-1.27,-0.000953,83627,313.9,-27.22,-0.025865,91550,318.5,-66.57,-0.083791,79.1,0.000000,696.7,1120419,1848.4,92035,331.0,0.03,0.000027,94545,320.2,-9.02,-0.009465,92274,309.7,-41.74,-0.054461
440.12,0.0086299,0.048650,95691,95394,93098,95136,314.6,440.1,0.042883,292.3,65107,369.2,67920,290.6,60.07,0.042258,67848,293.4,38.18,0.031390,91625,312.3,34.80,0.044698,260.1,0.000000,411.7,109710,1020.5,73304,314.7,1.08,0.000758,72287,301.2,7.68,0.006570,92130,317.2,-10.04,-0.012770,620.1,0.000000,192.0,211193,456.6,81874,329.4,-1.18,-0.000879,82786,313.0,-27.12,-0.025590,91674,318.8,-62.91,-0.079205,80.1,0.000000,679.4,1096781,1839.8,92123,331.1,0.14,0.000115,93679,319.4,-8.46,-0.008824,92346,309.7,-41.36,-0.054002
441.16,0.0086501,0.048427,95664,95567,93259,95229,314.7,441.2,0.042342,291.9,64870,367.6,67588,290.2,59.44,0.041667,68063,293.7,40.15,0.033079,91644,312.5,36.71,0.047139,261.2,0.000000,319.9,108236,1016.7,73871,315.4,1.10,0.000775,72125,301.0,6.73,0.005754,92248,317.3,-7.74,-0.009847,621.2,0.000000,630.6,214611,458.6,81241,328.7,-1.11,-0.000825,81922,312.0,-26.98,-0.025272,91833,319.2,-59.26,-0.074650,81.2,0.000000,993.0,1073985,1831.3,92248,331.2,0.20,0.000169,92830,318.6,-8.13,-0.008428,92459,309.8,-40.87,-0.053406
442.09,0.0086684,0.048230,95643,95715,93433,95306,314.9,442.1,0.041641,291.5,64647,366.2,67257,289.8,58.64,0.040961,68428,294.2,42.31,0.034987,91689,312.7,38.53,0.049472,262.1,0.000000,11999.8,106898,1013.2,74364,315.9,1.06,0.000748,71986,300.9,5.80,0.004947,92401,317.5,-5.56,-0.007089,622.1,0.000000,240.9,217796,460.4,80693,328.0,-1.08,-0.000797,81125,311.1,-26.82,-0.024945,92016,319.6,-55.97,-0.070564,82.1,0.000000,444.7,1054161,1823.8,92375,331.4,0.23,0.000191,92094,317.8,-8.01,-0.008255,92603,309.9,-40.34,-0.052772
443.12,0.0086886,0.048015,95656,95882,93629,95385,315.0,443.1,0.040752,291.0,64383,364.6,66858,289.3,57.51,0.039996,68965,294.9,45.12,0.037514,91765,312.9,40.61,0.052148,263.1,0.000000,100.0,105399,1009.3,74860,316.5,0.95,0.000675,71846,300.7,4.74,0.004039,92617,317.7,-3.13,-0.003989,623.1,0.000000,1546.1,221461,462.4,80092,327.3,-1.07,-0.000784,80223,310.1,-26.60,-0.024542,92250,320.0,-52.34,-0.066058,83.1,0.000000,100.0,1032875,1815.6,92505,331.5,0.21,0.000177,91320,317.0,-8.02,-0.008211,92798,310.1,-39.68,-0.051991
444.16,0.0087090,0.047801,95726,96042,93794,95456,315.2,444.2,0.039671,290.4,64101,363.2,66441,288.8,56.20,0.038909,69555,295.7,48.06,0.040195,91851,313.1,42.67,0.054808,264.2,0.000000,362.6,103890,1005.3,75279,317.0,0.80,0.000569,71736,300.6,3.75,0.003191,92860,318.0,-0.70,-0.000900,624.2,0.000000,140.4,225263,464.5,79487,326.6,-1.08,-0.000790,79315,309.0,-26.35,-0.024119,92493,320.4,-48.77,-0.061638,84.2,0.000000,193.4,1012341,1807.5,92600,331.6,0.16,0.000130,90598,316.3,-8.19,-0.008344,93007,310.3,-39.02,-0.051202
445.09,0.0087273,0.047607,95818,96156,93892,95514,315.3,445.1,0.038612,289.9,63832,361.8,66070,288.4,55.00,0.037926,70067,296.3,50.62,0.042553,91919,313.3,44.44,0.057090,265.1,0.000000,100.0,102524,1001.7,75574,317.4,0.63,0.000451,71688,300.5,3.01,0.002560,93068,318.2,1.38,0.001763,625.1,0.000000,442.3,228807,466.4,78931,326.0,-1.11,-0.000806,78505,308.1,-26.12,-0.023736,92695,320.8,-45.68,-0.057799,85.1,0.000000,266.3,994480,1800.4,92637,331.6,0.07,0.000061,90005,315.7,-8.48,-0.008595,93185,310.5,-38.48,-0.050563
446.13,0.0087476,0.047389,95936,96241,93940,95572,315.3,446.1,0.037647,289.3,63519,360.4,65681,287.9,53.83,0.036958,70584,297.0,53.27,0.045009,91964,313.5,46.26,0.059406,266.1,0.000000,294.9,100999,997.6,75797,317.6,0.42,0.000300,71685,300.5,2.35,0.001996,93207,318.3,3.46,0.004442,626.1,0.000000,170.6,232886,468.6,78294,325.2,-1.15,-0.000832,77625,307.1,-25.91,-0.023362,92879,321.1,-42.45,-0.053763,86.1,0.000000,100.0,975296,1792.7,92620,331.6,-0.02,-0.000020,89408,315.1,-8.95,-0.009027,93348,310.7,-38.02,-0.050024
447.07,0.0087660,0.047190,96040,96287,93951,95620,315.3,447.1,0.036908,288.9,63231,359.2,65379,287.6,53.10,0.036333,70997,297.6,55.46,0.047054,91971,313.7,47.74,0.061282,267.1,0.000000,100.0,99623,993.8,75893,317.8,0.21,0.000154,71752,300.6,1.91,0.001626,93273,318.3,5.23,0.006715,627.1,0.000000,468.3,236689,470.6,77702,324.5,-1.19,-0.000858,76855,306.2,-25.78,-0.023078,92998,321.3,-39.74,-0.050352,87.1,0.000000,192.7,958605,1785.8,92537,331.5,-0.14,-0.000120,88921,314.6,-9.51,-0.009555,93459,310.8,-37.78,-0.049743
448.11,0.0087864,0.046966,96142,96325,93932,95667,315.3,448.1,0.036515,288.4,62915,357.8,65113,287.3,52.87,0.036065,71402,298.1,57.71,0.049151,91941,313.9,49.26,0.063176,268.1,0.000000,100.0,98091,989.6,75887,317.7,-0.01,-0.000004,71924,300.8,1.59,0.001356,93311,318.2,7.10,0.009110,628.1,0.000000,172.4,241068,472.9,77025,323.7,-1.24,-0.000886,76033,305.2,-25.69,-0.022829,93086,321.5,-36.92,-0.046795,88.1,0.000000,185.0,940672,1778.3,92337,331.3,-0.33,-0.000273,88424,314.1,-10.29,-0.010299,93545,310.9,-37.70,-0.049670
449.15,0.0088068,0.046740,96254,96383,93882,95710,315.3,449.1,0.036532,288.1,62612,356.5,64968,287.1,53.73,0.036587,71758,298.6,59.76,0.051070,91876,314.0,50.66,0.064899,269.1,0.000000,221.6,96560,985.3,75773,317.6,-0.22,-0.000154,72184,301.2,1.36,0.001162,93311,318.2,8.85,0.011371,629.1,0.000000,863.6,245616,475.2,76330,322.9,-1.28,-0.000910,75255,304.3,-25.68,-0.022652,93134,321.7,-34.30,-0.043476,89.1,0.000000,627.1,923360,1771.0,92002,331.0,-0.54,-0.000454,87961,313.6,-11.24,-0.011210,93600,311.0,-37.82,-0.049845
450.09,0.0088253,0.046535,96347,96436,93824,95745,315.2,450.1,0.037337,288.1,62370,355.4,64939,287.1,55.33,0.037664,72044,298.9,61.44,0.052644,91795,314.1,51.84,0.066339,270.1,0.000000,266.4,95184,981.5,75569,317.4,-0.41,-0.000295,72489,301.5,1.21,0.001035,93273,318.0,10.41,0.013368,630.1,0.000000,376.6,249859,477.4,75692,322.1,-1.31,-0.000927,74594,303.5,-25.72,-0.022548,93160,321.8,-32.08,-0.040659,90.1,0.000000,344.8,908291,1764.5,91585,330.5,-0.74,-0.000619,87563,313.2,-12.25,-0.012174,93625,311.0,-38.15,-0.050285
451.13,0.0088457,0.046305,96423,96471,93764,95779,315.1,451.1,0.038716,288.2,62147,354.2,65020,287.3,57.89,0.039434,72329,299.3,63.10,0.054218,91693,314.2,53.10,0.067856,271.1,0.000000,1522.3,93659,977.2,75240,317.0,-0.61,-0.000436,72903,302.0,1.07,0.000922,93189,317.8,12.24,0.015717,631.1,0.000000,884.3,254746,479.8,74975,321.2,-1.34,-0.000942,73897,302.6,-25.82,-0.022485,93179,321.9,-29.76,-0.037712,91.1,0.000000,1020.6,892097,1757.4,91008,330.0,-0.94,-0.000781,87131,312.7,-13.52,-0.013397,93641,311.1,-38.70,-0.051006
452.07,0.0088642,0.046098,96480,96462,93704,95806,315.1,452.1,0.040575,288.5,61998,353.2,65210,287.5,60.82,0.041516,72561,299.6,64.43,0.055474,91665,314.3,54.43,0.069497,272.1,0.000000,789.0,92287,973.2,74870,316.5,-0.76,-0.000542,73331,302.5,0.96,0.000827,93163,317.7,14.29,0.018352,632.1,0.000000,120.8,259304,482.0,74323,320.4,-1.37,-0.000953,73302,301.9,-25.94,-0.022461,93258,322.1,-27.53,-0.034897,92.1,0.000000,100.0,878011,1751.2,90410,329.3,-1.09,-0.000897,86742,312.3,-14.80,-0.014614,93710,311.2,-39.08,-0.051518
453.12,0.0088846,0.045868,96537,96400,93682,95832,315.1,453.1,0.042946,289.1,61900,352.2,65511,288.0,64.61,0.044242,72808,300.0,65.74,0.056735,91585,314.4,55.66,0.070989,273.1,0.000000,518.9,90758,968.8,74400,316.0,-0.88,-0.000626,73850,303.1,0.86,0.000752,93075,317.4,16.54,0.021234,633.1,0.000000,222.4,264552,484.6,73592,319.5,-1.39,-0.000964,72670,301.1,-26.09,-0.022452,93296,322.2,-25.32,-0.032106,93.1,0.000000,100.0,862878,1744.4,89686,328.6,-1.20,-0.000987,86298,311.8,-16.32,-0.016059,93741,311.3,-39.75,-0.052397
454.16,0.0089051,0.045638,96604,96301,93654,95853,315.0,454.2,0.045757,289.8,61879,351.2,65887,288.5,68.65,0.047189,73045,300.3,66.91,0.057870,91483,314.5,56.78,0.072318,274.2,0.000000,373.2,89218,964.3,73899,315.3,-0.95,-0.000668,74391,303.8,0.86,0.000747,92958,317.2,18.87,0.024211,634.2,0.000000,627.1,270003,487.2,72856,318.6,-1.42,-0.000975,72057,300.4,-26.24,-0.022449,93299,322.3,-23.27,-0.029501,94.2,0.000000,100.0,848271,1737.7,88926,327.8,-1.27,-0.001040,85836,311.3,-17.90,-0.017549,93730,311.4,-40.53,-0.053415
455.10,0.0089235,0.045431,96682,96201,93667,95869,315.1,455.1,0.048475,290.7,61925,350.5,66266,289.0,72.18,0.049811,73255,300.6,67.83,0.058787,91402,314.5,57.78,0.073518,275.1,0.000000,2461.7,87828,960.2,73454,314.8,-0.94,-0.000663,74887,304.3,1.00,0.000874,92856,316.9,21.12,0.027094,635.1,0.000000,768.6,275085,489.6,72190,317.8,-1.44,-0.000983,71515,299.7,-26.37,-0.022444,93301,322.3,-21.46,-0.027195,95.1,0.000000,109.5,835567,1731.9,88231,327.0,-1.31,-0.001062,85407,310.9,-19.33,-0.018879,93698,311.5,-41.17,-0.054218
456.14,0.0089439,0.045199,96780,96093,93763,95882,315.2,456.1,0.051056,291.6,62043,349.7,66709,289.6,75.74,0.052510,73491,300.9,68.74,0.059704,91353,314.6,59.01,0.075021,276.1,0.000000,100.0,86297,955.6,73001,314.2,-0.87,-0.000607,75436,305.0,1.37,0.001206,92784,316.7,23.90,0.030663,636.1,0.000000,100.0,280932,492.3,71448,316.8,-1.46,-0.000989,70915,299.0,-26.51,-0.022428,93348,322.4,-19.34,-0.024519,96.1,0.000000,100.0,821932,1725.5,87459,326.2,-1.32,-0.001067,84918,310.3,-20.84,-0.020280,93712,311.6,-41.64,-0.054832
457.08,0.0089623,0.044989,96872,96005,93894,95888,315.3,457.1,0.053402,292.5,62202,349.1,67112,290.1,78.51,0.054657,73709,301.1,69.47,0.060458,91357,314.7,60.24,0.076570,277.1,0.000000,100.0,84967,951.5,72665,313.8,-0.73,-0.000510,75912,305.5,1.91,0.001690,92770,316.5,26.65,0.034212,637.1,0.000000,100.0,286382,494.8,70781,316.0,-1.47,-0.000993,70371,298.3,-26.62,-0.022403,93449,322.5,-17.31,-0.021958,97.1,0.000000,643.5,810078,1719.8,86771,325.5,-1.32,-0.001062,84473,309.8,-22.09,-0.021414,93761,311.7,-41.74,-0.054976
458.11,0.0089826,0.044755,96975,95930,94003,95889,315.4,458.1,0.055435,293.5,62431,348.5,67554,290.7,81.05,0.056682,73954,301.4,70.22,0.061250,91378,314.8,61.61,0.078315,278.1,0.000000,192.7,83843,947.9,72398,313.5,-0.52,-0.000364,76402,306.1,2.70,0.002404,92776,316.2,29.81,0.038286,638.1,0.000000,100.0,292656,497.6,70043,315.0,-1.48,-0.000993,69755,297.5,-26.75,-0.022369,93597,322.7,-15.06,-0.019118,98.1,0.000000,100.0,797346,1713.7,86016,324.7,-1.32,-0.001054,83979,309.3,-23.27,-0.022465,93831,311.9,-41.58,-0.054777
459.15,0.0090030,0.044519,97062,95899,94064,95885,315.5,459.2,0.057193,294.3,62702,348.0,68003,291.3,83.07,0.058354,74194,301.7,70.93,0.062017,91378,314.8,62.87,0.079904,279.2,0.000000,128.2,83828,947.2,72256,313.3,-0.28,-0.000194,76830,306.6,3.63,0.003244,92762,316.0,32.87,0.042249,639.2,0.000000,100.0,299172,500.4,69312,314.1,-1.49,-0.000987,69120,296.7,-26.89,-0.022346,93706,322.9,-12.99,-0.016503,99.2,0.000000,231.0,785056,1707.7,85265,323.9,-1.33,-0.001053,83487,308.7,-24.16,-0.023230,93883,312.0,-41.25,-0.054347
460.08,0.0090212,0.044306,97103,95904,94105,95876,315.5,460.1,0.058568,295.1,62976,347.6,68415,291.9,84.51,0.059613,74399,302.0,71.59,0.062718,91356,314.8,63.92,0.081218,280.1,0.000000,338.6,84552,948.5,72244,313.3,-0.05,-0.000032,77150,307.0,4.53,0.004065,92726,315.8,35.53,0.045675,640.1,0.000000,357.2,305251,503.1,68664,313.2,-1.48,-0.000977,68528,295.9,-27.06,-0.022349,93759,323.0,-11.22,-0.014257,100.1,0.000000,100.0,774360,1702.4,84585,323.1,-1.35,-0.001062,83050,308.3,-24.67,-0.023637,93898,312.1,-40.79,-0.053728
461.12,0.0090415,0.044072,97085,95928,94162,95860,315.6,461.1,0.059721,295.9,63308,347.2,68879,292.5,85.78,0.060788,74616,302.2,72.44,0.063594,91322,314.8,65.07,0.082649,281.1,0.000000,614.4,86290,952.4,72342,313.4,0.19,0.000135,77432,307.3,5.61,0.005044,92677,315.6,38.40,0.049376,641.1,0.000000,226.1,312253,506.1,67959,312.3,-1.47,-0.000960,67846,295.1,-27.30,-0.022389,93816,323.0,-9.26,-0.011773,101.1,0.000000,100.0,762867,1696.6,83815,322.3,-1.39,-0.001086,82577,307.7,-24.90,-0.023757,93883,312.2,-39.92,-0.052562
462.15,0.0090618,0.043843,97013,95947,94231,95838,315.7,462.2,0.060744,296.6,63664,346.9,69341,293.2,86.75,0.061757,74821,302.5,73.52,0.064662,91289,314.8,66.26,0.084126,282.2,0.000000,100.0,87899,955.8,72572,313.7,0.45,0.000311,77645,307.5,6.80,0.006123,92630,315.4,41.22,0.053004,642.2,0.000000,855.0,319527,509.1,67274,311.4,-1.44,-0.000938,67144,294.2,-27.59,-0.022460,93884,323.1,-7.30,-0.009293,102.2,0.000000,405.9,751769,1691.0,83019,321.4,-1.45,-0.001125,82122,307.2,-24.77,-0.023540,93860,312.3,-38.56,-0.050745
463.08,0.0090800,0.043644,96935,95947,94280,95813,315.8,463.1,0.061556,297.3,64000,346.6,69750,293.7,87.41,0.062475,74997,302.7,74.74,0.065849,91257,314.8,67.35,0.085472,283.1,0.000000,346.7,89309,958.7,72875,314.1,0.65,0.000452,77799,307.7,8.01,0.007219,92589,315.2,43.67,0.056155,643.1,0.000000,100.0,326317,511.9,66678,310.6,-1.41,-0.000914,66501,293.3,-27.87,-0.022532,93949,323.2,-5.58,-0.007097,103.1,0.000000,100.0,742107,1686.0,82276,320.6,-1.52,-0.001170,81729,306.8,-24.37,-0.023090,93843,312.4,-36.92,-0.048571
464.11,0.0091001,0.043429,96877,95923,94297,95779,315.8,464.1,0.062221,298.0,64390,346.4,70201,294.3,87.94,0.063132,75175,302.8,76.40,0.067432,91203,314.9,68.51,0.086898,284.1,0.000000,290.0,90844,961.9,73302,314.6,0.83,0.000583,77958,307.9,9.56,0.008628,92528,315.1,46.21,0.059411,644.1,0.000000,61813.6,334143,515.1,66038,309.8,-1.38,-0.000884,65791,292.4,-28.15,-0.022587,94001,323.3,-3.75,-0.004772,104.1,0.000000,100.0,731717,1680.6,81415,319.6,-1.60,-0.001226,81317,306.3,-23.72,-0.022386,93817,312.5,-34.75,-0.045684
465.14,0.0091203,0.043219,96892,95894,94260,95738,315.8,465.1,0.062799,298.7,64792,346.2,70649,294.9,88.32,0.063674,75344,303.0,78.39,0.069303,91116,314.9,69.58,0.088171,285.1,0.000000,172.1,92620,965.5,73810,315.2,0.99,0.000698,78139,308.1,11.37,0.010282,92440,315.0,48.48,0.062298,645.1,0.000000,398.0,342282,518.3,65422,308.9,-1.34,-0.000855,65109,291.5,-28.31,-0.022552,94012,323.3,-2.07,-0.002632,105.1,0.000000,100.0,721676,1675.3,80521,318.6,-1.68,-0.001278,80925,305.9,-22.88,-0.021530,93770,312.5,-32.32,-0.042459
466.16,0.0091404,0.043009,96944,95850,94182,95691,315.8,466.2,0.063284,299.3,65205,346.0,71098,295.6,88.57,0.064127,75512,303.2,80.61,0.071392,90991,314.8,70.54,0.089275,286.2,0.000000,1246.0,94066,968.3,74397,315.9,1.14,0.000806,78369,308.4,13.45,0.012186,92319,314.9,50.45,0.064770,646.2,0.000000,100.0,350748,521.6,64828,308.1,-1.31,-0.000828,64473,290.7,-28.28,-0.022373,93974,323.2,-0.53,-0.000680,106.2,0.000000,408.4,711970,1670.1,79600,317.6,-1.75,-0.001321,80549,305.4,-21.94,-0.020574,93694,312.6,-29.74,-0.039029
467.09,0.0091585,0.042821,96967,95794,94090,95644,315.7,467.1,0.063664,299.9,65585,345.8,71501,296.1,88.71,0.064472,75667,303.3,82.71,0.073361,90853,314.8,71.34,0.090159,287.1,0.000000,260.8,95284,970.5,74990,316.6,1.26,0.000901,78626,308.7,15.48,0.014063,92187,314.8,51.99,0.066671,647.1,0.000000,364.1,358662,524.6,64309,307.4,-1.28,-0.000808,63946,290.0,-28.13,-0.022126,93889,323.2,0.70,0.000884,107.1,0.000000,100.0,703509,1665.6,78761,316.6,-1.79,-0.001342,80226,305.1,-21.03,-0.019667,93608,312.6,-27.33,-0.035843
468.11,0.0091786,0.042615,96941,95726,93970,95587,315.6,468.1,0.061166,300.6,65961,345.7,72593,297.6,86.48,0.063489,75833,303.5,84.95,0.075479,90679,314.7,72.17,0.091048,288.1,0.000000,100.0,96567,972.8,75716,317.5,1.39,0.000995,78959,309.1,17.81,0.016228,92024,314.7,53.47,0.068463,648.1,0.000000,287.6,367797,528.1,63743,306.7,-1.27,-0.000794,63461,289.3,-27.52,-0.021533,93768,323.0,2.02,0.002564,108.1,0.000000,100.0,694401,1660.6,77846,315.6,-1.78,-0.001325,79882,304.7,-19.99,-0.018632,93503,312.6,-24.64,-0.032278
469.13,0.0091987,0.042413,96854,95643,93837,95525,315.6,469.1,0.064259,301.0,66398,345.6,72738,297.8,87.67,0.064441,75999,303.6,87.01,0.077450,90492,314.6,72.95,0.091868,289.1,0.000000,119.5,97716,974.7,76491,318.4,1.47,0.001061,79336,309.6,20.10,0.018373,91852,314.7,54.75,0.069974,649.1,0.000000,337.9,377310,531.6,63183,305.9,-1.27,-0.000790,63136,288.9,-26.30,-0.020504,93628,322.8,3.38,0.004287,109.1,0.000000,1193.1,685590,1655.7,76973,314.5,-1.73,-0.001272,79553,304.3,-18.91,-0.017580,93394,312.6,-21.98,-0.028756
470.16,0.0092188,0.042220,96712,95578,93675,95458,315.5,470.2,0.064627,301.9,66844,345.6,73013,298.3,88.50,0.065200,76184,303.7,88.90,0.079283,90292,314.6,73.67,0.092582,290.2,0.000000,186.7,98692,976.2,77282,319.3,1.49,0.001081,79760,310.1,22.27,0.020430,91670,314.6,55.80,0.071186,650.2,0.000000,100.0,387220,535.2,62621,305.1,-1.29,-0.000794,62969,288.6,-24.48,-0.019049,93466,322.5,4.75,0.006033,110.2,0.000000,286.9,677065,1650.9,76163,313.6,-1.62,-0.001187,79240,303.9,-17.80,-0.016499,93272,312.5,-19.40,-0.025358
471.08,0.0092368,0.042055,96557,95549,93511,95394,315.3,471.1,0.064934,302.5,67253,345.5,73348,298.7,88.87,0.065679,76386,303.9,90.46,0.080843,90102,314.5,74.25,0.093136,291.1,0.000000,119.0,99386,977.1,77980,320.1,1.45,0.001060,80194,310.6,24.10,0.022194,91501,314.5,56.53,0.072000,651.1,0.000000,1747.2,396496,538.5,62108,304.4,-1.32,-0.000808,62903,288.5,-22.38,-0.017406,93300,322.3,6.00,0.007606,111.1,0.000000,100.0,669628,1646.7,75503,312.8,-1.50,-0.001088,78977,303.6,-16.74,-0.015478,93144,312.5,-17.20,-0.022451
472.10,0.0092568,0.041882,96379,95519,93330,95320,315.2,472.1,0.065297,303.2,67717,345.5,73834,299.3,89.20,0.066221,76666,304.1,92.04,0.082499,89887,314.5,74.84,0.093674,292.1,0.000000,100.0,100084,977.9,78716,321.0,1.36,0.001005,80751,311.2,26.02,0.024075,91316,314.5,57.13,0.072637,652.1,0.000000,196.3,407218,542.2,61518,303.6,-1.37,-0.000838,63088,288.7,-19.24,-0.014997,93100,321.9,7.42,0.009391,112.1,0.000000,100.0,661616,1642.2,74861,312.0,-1.32,-0.000953,78707,303.3,-15.45,-0.014258,92993,312.4,-14.87,-0.019381
473.12,0.0092768,0.041720,96215,95501,93161,95241,315.1,473.1,0.062933,304.1,68140,345.5,75202,301.1,86.78,0.065224,77010,304.4,93.51,0.084107,89677,314.4,75.39,0.094156,293.1,0.000000,183.9,100636,978.4,79409,321.7,1.28,0.000948,81396,312.0,27.82,0.025888,91150,314.4,57.58,0.073080,653.1,0.000000,302.5,418398,546.0,60898,302.7,-1.46,-0.000883,63632,289.4,-14.78,-0.011587,92894,321.5,8.91,0.011267,113.1,0.000000,211.0,653859,1637.7,74330,311.4,-1.11,-0.000795,78462,303.0,-14.04,-0.012927,92843,312.3,-12.64,-0.016453
474.14,0.0092968,0.041568,96090,95509,93005,95159,315.0,474.1,0.066444,304.7,68631,345.6,75432,301.5,88.80,0.066870,77414,304.8,94.87,0.085679,89477,314.4,75.91,0.094601,294.1,0.000000,173.0,101560,979.7,80084,322.5,1.23,0.000922,82122,312.8,29.49,0.027611,91012,314.4,57.85,0.073322,654.1,0.000000,203.2,430061,549.9,60242,301.8,-1.56,-0.000936,64491,290.5,-9.25,-0.007322,92692,321.1,10.49,0.013259,114.1,0.000000,278.0,646349,1633.3,73918,310.9,-0.87,-0.000624,78234,302.8,-12.50,-0.011484,92703,312.2,-10.49,-0.013643
475.16,0.0093168,0.041422,96006,95520,92856,95073,314.9,475.2,0.067355,305.8,69143,345.7,75887,302.1,90.51,0.068434,77862,305.2,96.06,0.087151,89289,314.3,76.39,0.095013,295.2,0.000000,324.1,102811,981.6,80780,323.3,1.26,0.000948,82903,313.7,30.95,0.029172,90903,314.5,57.94,0.073333,655.2,0.000000,266.2,442230,553.8,59558,300.8,-1.64,-0.000980,65494,291.8,-3.27,-0.002616,92500,320.7,12.15,0.015347,115.2,0.000000,100.0,639078,1629.0,73620,310.6,-0.64,-0.000456,78012,302.5,-10.84,-0.009940,92576,312.1,-8.45,-0.010976
476.07,0.0093348,0.041295,95955,95499,92740,94992,314.8,476.1,0.068365,306.6,69625,345.8,76352,302.7,91.45,0.069435,78274,305.5,96.95,0.088319,89131,314.3,76.81,0.095366,296.1,0.000000,201.4,103647,982.7,81456,324.0,1.35,0.001017,83625,314.5,32.01,0.030360,90822,314.5,57.88,0.073174,656.1,0.000000,100.0,453637,557.5,58929,299.9,-1.69,-0.001002,66408,293.0,2.02,0.001633,92338,320.3,13.70,0.017293,116.1,0.000000,249.9,632730,1625.2,73440,310.3,-0.45,-0.000319,77812,302.3,-9.27,-0.008484,92475,312.0,-6.72,-0.008721
477.09,0.0093547,0.041159,95904,95426,92656,94900,314.7,477.1,0.069232,307.5,70180,346.0,76966,303.4,92.25,0.070425,78748,305.9,97.65,0.089386,88978,314.3,77.28,0.095788,297.1,0.000000,156.0,104363,983.5,82301,325.0,1.51,0.001147,84423,315.4,32.87,0.031379,90752,314.6,57.63,0.072792,657.1,0.000000,289.9,466841,561.6,58240,298.9,-1.69,-0.000993,67368,294.2,7.55,0.006164,92182,319.9,15.50,0.019559,117.1,0.000000,190.2,625889,1621.1,73319,310.2,-0.27,-0.000192,77585,302.0,-7.46,-0.006813,92390,312.0,-4.88,-0.006327
478.11,0.0093747,0.041027,95835,95321,92619,94805,314.7,478.1,0.067044,308.6,70699,346.1,78450,305.3,90.12,0.069699,79242,306.3,98.05,0.090199,88859,314.4,77.84,0.096340,298.1,0.000000,602.1,104740,983.4,83272,326.1,1.71,0.001312,85206,316.3,33.38,0.032071,90721,314.7,57.31,0.072330,658.1,0.000000,100.0,480628,565.8,57575,297.9,-1.66,-0.000965,68248,295.3,12.63,0.010411,92064,319.5,17.40,0.021951,118.1,0.000000,253.3,619264,1617.0,73263,310.1,-0.13,-0.000094,77358,301.8,-5.60,-0.005102,92349,312.0,-3.09,-0.004001
479.12,0.0093946,0.040900,95732,95210,92611,94706,314.7,479.1,0.070840,309.2,71291,346.4,78735,305.7,92.05,0.071354,79748,306.7,98.22,0.090804,88773,314.4,78.46,0.096987,299.1,0.000000,180.0,104850,982.8,84366,327.2,1.90,0.001474,85980,317.1,33.58,0.032472,90732,314.8,56.95,0.071862,659.1,0.000000,100.0,495029,570.1,56961,297.0,-1.55,-0.000893,69043,296.3,17.28,0.014358,91985,319.1,19.35,0.024421,119.1,0.000000,276.0,612849,1613.1,73252,310.1,-0.03,-0.000022,77140,301.5,-3.70,-0.003365,92347,312.0,-1.37,-0.001781
480.14,0.0094145,0.040781,95595,95119,92623,94604,314.8,480.1,0.071668,310.4,71901,346.6,79214,306.3,93.44,0.072722,80234,307.1,98.15,0.091185,88712,314.5,79.10,0.097679,300.1,0.000000,100.0,104760,981.7,85557,328.5,2.04,0.001600,86752,318.0,33.54,0.032636,90767,315.0,56.57,0.071381,660.1,0.000000,562.0,510075,574.5,56468,296.2,-1.26,-0.000720,69750,297.2,21.49,0.017991,91938,318.8,21.31,0.026905,120.1,0.000000,685.2,606635,1609.2,73277,310.1,0.04,0.000032,76945,301.3,-1.78,-0.001613,92347,312.0,0.13,0.000174
481.15,0.0094344,0.040671,95436,95054,92628,94499,314.8,481.2,0.072482,311.3,72530,346.9,79764,307.0,94.07,0.073568,80690,307.4,97.94,0.091409,88664,314.6,79.72,0.098366,301.2,0.000000,424.6,104502,980.3,86817,329.9,2.13,0.001690,87531,318.9,33.35,0.032650,90816,315.1,56.15,0.070852,661.2,0.000000,140.6,525804,579.0,56187,295.8,-0.73,-0.000416,70362,298.0,25.29,0.021300,91910,318.4,23.21,0.029327,121.2,0.000000,100.0,600616,1605.4,73329,310.2,0.11,0.000076,76782,301.1,0.15,0.000135,92325,311.9,1.40,0.001813
482.07,0.0094523,0.040580,95283,94991,92637,94403,314.8,482.1,0.069562,312.2,73054,347.2,81125,308.7,92.03,0.072797,81087,307.7,97.72,0.091565,88624,314.7,80.26,0.098952,302.1,0.000000,100.0,104157,978.7,87998,331.1,2.19,0.001752,88244,319.6,33.14,0.032629,90866,315.2,55.71,0.070312,662.1,0.000000,179.4,540572,583.1,56174,295.8,-0.11,-0.000064,70831,298.6,28.37,0.024001,91893,318.2,24.83,0.031402,122.1,0.000000,100.0,595338,1602.0,73405,310.3,0.17,0.000122,76667,301.0,1.85,0.001677,92347,312.0,2.44,0.003168
483.08,0.0094722,0.040488,95099,94889,92660,94294,314.8,483.1,0.073698,313.0,73712,347.5,81509,309.2,93.90,0.074506,81542,308.0,97.45,0.091735,88588,314.8,80.84,0.099603,303.1,0.000000,470.3,103681,976.8,89361,332.6,2.25,0.001820,89062,320.5,32.97,0.032676,90930,315.4,55.19,0.069679,663.1,0.000000,236.5,557696,587.7,56397,296.1,0.57,0.000326,71263,299.1,31.45,0.026727,91883,317.8,26.55,0.033600,123.1,0.000000,146.6,589459,1597.9,73531,310.4,0.26,0.000186,76576,300.9,3.65,0.003306,92407,312.1,3.45,0.004477
484.09,0.0094920,0.040406,94913,94742,92673,94182,314.8,484.1,0.074643,314.1,74392,347.9,82046,309.8,95.05,0.075762,82004,308.3,97.18,0.091903,88555,314.9,81.40,0.100229,304.1,0.000000,220.5,103145,974.7,90782,334.0,2.31,0.001890,89915,321.4,32.95,0.032880,91000,315.5,54.61,0.068979,664.1,0.000000,100.0,575612,592.5,57025,297.0,1.61,0.000931,71616,299.6,34.28,0.029225,91877,317.6,28.15,0.035660,124.1,0.000000,1415.5,583750,1593.8,73708,310.7,0.37,0.000263,76530,300.8,5.27,0.004763,92486,312.2,4.23,0.005492
485.11,0.0095119,0.040335,94710,94559,92680,94069,314.8,485.1,0.072084,315.1,75033,348.3,83604,311.7,92.44,0.074626,82471,308.6,96.94,0.092100,88521,315.0,81.92,0.100804,305.1,0.000000,100.0,102584,972.5,92242,335.5,2.34,0.001932,90811,322.4,33.14,0.033301,91077,315.5,53.93,0.068154,665.1,0.000000,100.0,594364,597.3,58276,298.8,3.16,0.001853,71907,300.0,36.94,0.031575,91867,317.3,29.64,0.037572,125.1,0.000000,100.0,578212,1589.7,73940,310.9,0.48,0.000344,76510,300.8,6.65,0.006011,92565,312.3,4.78,0.006198
486.12,0.0095317,0.040274,94511,94347,92693,93955,314.7,486.1,0.075804,315.7,75742,348.7,83825,312.0,94.07,0.076072,82949,309.0,96.77,0.092372,88488,315.0,82.40,0.101348,306.1,0.000000,100.0,102008,970.3,93703,337.0,2.30,0.001923,91751,323.3,33.51,0.033920,91166,315.6,53.12,0.067182,666.1,0.000000,1518.4,613999,602.3,60312,301.7,5.00,0.003004,72156,300.4,39.51,0.033851,91852,317.0,31.03,0.039362,126.1,0.000000,100.0,572836,1585.8,74222,311.3,0.59,0.000420,76497,300.8,7.77,0.007029,92637,312.4,5.11,0.006635
487.13,0.0095516,0.040223,94361,94119,92719,93840,314.7,487.1,0.076229,316.8,76462,349.1,84268,312.5,95.02,0.077116,83437,309.3,96.65,0.092705,88460,315.1,82.88,0.101890,307.1,0.000000,307.3,101425,968.0,95106,338.4,2.17,0.001838,92754,324.4,34.06,0.034738,91271,315.7,52.18,0.066054,667.1,0.000000,247.5,634565,607.3,63075,305.5,6.53,0.004053,72375,300.7,42.07,0.036120,91837,316.8,32.36,0.041074,127.1,0.000000,293.9,567614,1581.9,74547,311.6,0.67,0.000484,76478,300.8,8.61,0.007779,92705,312.5,5.28,0.006864
488.14,0.0095714,0.040180,94216,93884,92768,93724,314.7,488.1,0.073262,317.7,77137,349.5,85757,314.3,92.10,0.075636,83929,309.6,96.57,0.093072,88444,315.1,83.38,0.102466,308.1,0.000000,100.0,100938,966.0,96400,339.7,1.98,0.001690,93819,325.4,34.67,0.035643,91399,315.8,51.12,0.064789,668.1,0.000000,100.0,656114,612.5,66282,309.7,7.27,0.004677,72581,301.0,44.67,0.038417,91828,316.5,33.67,0.042766,128.1,0.000000,100.0,562539,1578.1,74905,312.1,0.74,0.000535,76444,300.8,9.13,0.008250,92772,312.6,5.35,0.006958
489.15,0.0095913,0.040144,94083,93652,92835,93607,314.7,489.2,0.076638,318.4,77874,350.0,85887,314.4,93.32,0.076712,84425,310.0,96.50,0.093446,88442,315.1,83.89,0.103090,309.2,0.000000,100.0,101513,966.3,97559,340.8,1.75,0.001508,94936,326.6,35.19,0.036488,91550,315.9,49.96,0.063402,669.2,0.000000,100.0,678697,617.8,69577,313.9,7.15,0.004765,72790,301.3,47.29,0.040744,91829,316.3,34.99,0.044475,129.2,0.000000,100.0,557603,1574.3,75288,312.5,0.79,0.000575,76395,300.7,9.38,0.008468,92845,312.7,5.37,0.006976
490.17,0.0096111,0.040114,93994,93441,92911,93490,314.7,490.2,0.076654,319.0,78616,350.5,86216,314.8,93.66,0.077197,84924,310.3,96.40,0.093792,88453,315.2,84.42,0.103743,310.2,-0.000000,694.7,106066,975.4,98578,341.8,1.53,0.001323,96089,327.7,35.52,0.037148,91717,316.0,48.70,0.061905,670.2,0.000000,109.6,702370,623.1,72682,317.7,6.47,0.004451,72992,301.6,49.91,0.043082,91840,316.1,36.33,0.046205,130.2,0.000000,239.9,552797,1570.6,75697,313.0,0.84,0.000612,76338,300.7,9.40,0.008486,92922,312.8,5.36,0.006973
491.08,0.0096289,0.040091,93946,93273,92982,93384,314.6,491.1,0.072772,319.8,79228,350.9,87518,316.4,90.91,0.075691,85375,310.7,96.25,0.094051,88470,315.2,84.90,0.104339,311.1,0.000000,155.1,112781,989.2,99390,342.5,1.35,0.001178,97145,328.8,35.62,0.037544,91869,316.0,47.53,0.060496,671.1,0.000000,119.3,724657,628.1,75200,320.7,5.66,0.003995,73165,301.9,52.24,0.045151,91854,316.0,37.53,0.047772,131.1,0.000000,100.0,548575,1567.3,76088,313.4,0.89,0.000649,76287,300.6,9.26,0.008354,92990,312.9,5.37,0.006982
492.09,0.0096488,0.040068,93881,93106,93052,93266,314.6,492.1,0.076340,320.5,79972,351.3,87641,316.5,91.71,0.076428,85879,311.0,96.03,0.094272,88491,315.2,85.40,0.104985,312.1,0.000000,100.0,121157,1005.7,100214,343.3,1.22,0.001067,98340,329.9,35.47,0.037706,92020,316.1,46.23,0.058940,672.1,0.000000,100.0,750567,633.7,77643,323.5,4.75,0.003429,73365,302.2,54.70,0.047365,91869,315.9,38.87,0.049507,132.1,0.000000,129.5,543993,1563.8,76552,314.0,0.94,0.000693,76238,300.6,9.01,0.008122,93056,313.0,5.42,0.007051
493.10,0.0096686,0.040049,93780,92947,93087,93147,314.5,493.1,0.076101,321.0,80718,351.8,87973,316.9,91.75,0.076659,86381,311.4,95.72,0.094401,88501,315.2,85.85,0.105561,313.1,0.000000,100.0,129623,1021.4,101007,344.1,1.16,0.001025,99541,331.1,35.02,0.037546,92136,316.0,45.01,0.057449,673.1,0.000000,565.1,777748,639.4,79728,325.9,3.93,0.002896,73576,302.5,57.03,0.049465,91871,315.7,40.17,0.051185,133.1,0.000000,207.4,539519,1560.2,77044,314.5,1.00,0.000735,76201,300.6,8.69,0.007836,93091,313.0,5.53,0.007202
494.11,0.0096884,0.040035,93655,92786,93067,93028,314.3,494.1,0.072466,321.8,81408,352.3,89158,318.3,89.49,0.075453,86872,311.8,95.31,0.094415,88486,315.1,86.19,0.105985,314.1,0.000000,285.9,138021,1035.8,101830,344.9,1.20,0.001061,100722,332.3,34.26,0.037042,92202,316.0,43.84,0.056016,674.1,0.000000,203.9,806269,645.2,81506,327.8,3.27,0.002448,73795,302.9,59.17,0.051414,91842,315.5,41.37,0.052729,134.1,0.000000,678.7,535144,1556.7,77551,315.1,1.02,0.000754,76189,300.6,8.35,0.007530,93091,313.1,5.66,0.007366
495.12,0.0097083,0.040029,93524,92625,93000,92909,314.0,495.1,0.075686,322.3,82157,352.8,89412,318.6,90.02,0.076044,87346,312.2,94.79,0.094303,88436,314.9,86.41,0.106240,315.1,0.000000,949.8,146072,1048.8,102737,345.7,1.30,0.001165,101870,333.3,33.21,0.036198,92213,315.9,42.73,0.054627,675.1,0.000000,100.0,836206,651.1,83046,329.5,2.77,0.002100,74042,303.3,60.84,0.052976,91770,315.3,42.45,0.054098,135.1,0.000000,441.9,530856,1553.3,78051,315.7,1.00,0.000743,76219,300.6,8.03,0.007243,93050,313.1,5.80,0.007550
496.14,0.0097281,0.040028,93393,92473,92910,92790,313.7,496.1,0.072187,323.2,82855,353.3,90843,320.2,87.12,0.074393,87798,312.5,94.16,0.094064,88358,314.7,86.57,0.106416,316.1,0.000000,230.3,153902,1060.6,103770,346.7,1.47,0.001321,102979,334.4,31.89,0.035031,92168,315.7,41.71,0.053330,676.1,0.000000,154.6,867635,657.1,84413,331.0,2.41,0.001849,74451,303.8,61.69,0.053910,91660,315.0,43.43,0.055330,136.1,0.000000,190.2,526647,1549.9,78516,316.2,0.93,0.000693,76308,300.7,7.76,0.007004,92962,313.0,6.02,0.007833
497.15,0.0097480,0.040035,93251,92330,92830,92671,313.4,497.1,0.075370,323.8,83612,353.8,90957,320.3,88.25,0.075429,88230,312.8,93.43,0.093698,88268,314.5,86.72,0.106560,317.1,0.000000,1514.0,161065,1070.6,104947,347.8,1.65,0.001500,104037,335.4,30.36,0.033589,92094,315.4,40.87,0.052244,677.1,0.000000,372.6,900631,663.3,85664,332.3,2.17,0.001682,75010,304.5,62.04,0.054500,91528,314.7,44.39,0.056529,137.1,0.000000,257.2,522509,1546.5,78918,316.6,0.80,0.000599,76461,300.9,7.56,0.006829,92838,312.9,6.37,0.008279
498.16,0.0097679,0.040049,93083,92196,92793,92551,313.1,498.2,0.075319,324.5,84375,354.3,91331,320.7,88.64,0.075985,88644,313.1,92.60,0.093208,88187,314.3,86.88,0.106743,318.2,0.000000,362.7,167103,1078.5,106265,349.0,1.82,0.001671,105024,336.3,28.70,0.031961,92010,315.2,40.33,0.051558,678.2,0.000000,253.0,935268,669.5,86849,333.6,2.02,0.001582,75667,305.4,61.45,0.054297,91401,314.4,45.44,0.057831,138.2,0.000000,575.1,518434,1543.2,79231,317.0,0.62,0.000469,76693,301.2,7.46,0.006756,92709,312.8,6.97,0.009047
499.07,0.0097857,0.040069,92902,92080,92781,92442,312.8,499.1,0.071558,325.2,85012,354.7,92610,322.1,86.20,0.074594,89003,313.4,91.77,0.092668,88134,314.0,87.04,0.106959,319.1,0.000000,366.2,170804,1082.7,107546,350.1,1.94,0.001793,105831,337.0,27.16,0.030419,91942,314.9,40.17,0.051342,679.1,0.000000,100.0,967904,675.3,87886,334.6,1.94,0.001533,76573,306.5,59.79,0.053269,91305,314.2,46.47,0.059129,139.1,0.000000,430.0,514814,1540.2,79424,317.2,0.44,0.000335,76976,301.5,7.45,0.006762,92610,312.7,7.77,0.010082
500.09,0.0098056,0.040101,92668,91948,92744,92319,312.5,500.1,0.075145,326.0,85786,355.2,92815,322.3,86.99,0.075401,89396,313.7,90.77,0.091971,88086,313.8,87.21,0.107191,320.1,0.000000,621.9,175055,1087.4,109029,351.5,2.00,0.001866,106624,337.8,25.49,0.028704,91865,314.7,40.19,0.051378,680.1,0.000000,436.4,1005867,681.8,89022,335.8,1.88,0.001502,78056,308.3,56.19,0.050738,91206,313.9,47.64,0.060601,140.1,0.000000,306.5,510837,1536.8,79540,317.3,0.24,0.000181,77390,302.0,7.59,0.006917,92519,312.6,8.85,0.011463
501.10,0.0098255,0.040145,92416,91816,92662,92195,312.1,501.1,0.071701,326.5,86511,355.8,94347,323.9,83.87,0.073529,89786,314.0,89.69,0.091181,88035,313.5,87.30,0.107325,321.1,0.000000,100.0,178211,1090.3,110516,352.8,1.98,0.001863,107303,338.4,23.91,0.027047,91770,314.4,40.31,0.051522,681.1,0.000000,251.6,1045701,688.4,90147,336.9,1.84,0.001480,80057,310.6,50.94,0.046828,91092,313.6,48.73,0.061978,141.1,0.000000,100.0,506899,1533.5,79559,317.4,0.05,0.000038,77903,302.5,8.04,0.007362,92427,312.5,9.98,0.012922
502.11,0.0098454,0.040201,92154,91700,92529,92069,311.6,502.1,0.074802,327.1,87295,356.3,94360,323.9,85.13,0.074650,90178,314.3,88.53,0.090309,87968,313.2,87.26,0.107293,322.1,-0.000000,321.4,179799,1091.0,111950,354.0,1.88,0.001789,107874,338.9,22.44,0.025479,91641,314.0,40.49,0.051740,682.1,0.000000,429.4,1087498,695.1,91260,338.1,1.79,0.001457,82357,313.2,44.85,0.042069,90947,313.3,49.70,0.063182,142.1,0.000000,1047.8,502994,1530.2,79498,317.3,-0.11,-0.000080,78521,303.2,8.73,0.008037,92315,312.4,11.08,0.014337
503.13,0.0098652,0.040270,91884,91605,92352,91941,311.1,503.1,0.074569,327.7,88082,356.8,94617,324.1,85.28,0.074939,90575,314.7,87.32,0.089373,87879,312.9,87.08,0.107072,323.1,0.000088,363.0,180960,1091.0,113233,355.1,1.77,0.001695,108352,339.3,21.08,0.024005,91471,313.6,40.72,0.052009,683.1,0.000000,718.7,1131347,701.9,92351,339.2,1.74,0.001424,84649,315.7,38.95,0.037252,90763,312.9,50.54,0.064200,143.1,0.000000,100.0,499111,1527.0,79381,317.2,-0.22,-0.000166,79225,304.0,9.54,0.008841,92171,312.3,12.10,0.015640
504.14,0.0098851,0.040352,91606,91518,92149,91813,310.6,504.1,0.070805,328.3,88816,357.3,95803,325.3,83.00,0.073566,90980,315.0,86.09,0.088405,87763,312.5,86.74,0.106642,324.1,0.000456,364.3,181758,1090.1,114239,356.0,1.76,0.001695,108758,339.7,19.79,0.022600,91271,313.1,40.98,0.052301,684.1,0.000000,6873.3,1177341,708.8,93405,340.2,1.66,0.001368,86720,317.9,33.96,0.033035,90542,312.4,51.28,0.065074,144.1,0.000000,100.0,495240,1523.7,79227,317.0,-0.29,-0.000219,79978,304.9,10.41,0.009706,91993,312.1,13.03,0.016821
505.16,0.0099050,0.040446,91314,91448,91940,91683,310.1,505.2,0.073719,328.9,89606,357.9,95931,325.4,83.20,0.073820,91399,315.4,84.85,0.087436,87628,312.1,86.26,0.106038,325.2,0.000444,365.0,184057,1091.3,115231,356.8,1.70,0.001653,109125,340.0,18.53,0.021213,91056,312.6,41.25,0.052600,685.2,0.000000,112.2,1225565,715.9,94395,341.2,1.54,0.001280,88488,319.8,30.06,0.029664,90300,311.9,51.99,0.065908,145.2,0.000000,100.0,491376,1520.4,79067,316.8,-0.31,-0.000232,80759,305.7,11.23,0.010552,91791,311.8,13.91,0.017928
506.07,0.0099230,0.040543,91049,91417,91761,91566,309.6,506.1,0.069381,329.3,90260,358.3,97131,326.6,80.48,0.072030,91789,315.7,83.77,0.086593,87503,311.7,85.78,0.105438,326.1,0.000388,365.6,185469,1091.4,116061,357.5,1.54,0.001503,109450,340.3,17.37,0.019929,90865,312.2,41.49,0.052865,686.1,0.000000,229.0,1270943,722.3,95209,342.0,1.40,0.001171,89853,321.2,27.43,0.027365,90076,311.4,52.65,0.066672,146.1,0.000000,225.7,487902,1517.4,78944,316.7,-0.27,-0.000202,81461,306.5,11.92,0.011267,91598,311.6,14.70,0.018920
507.09,0.0099429,0.040664,90763,91408,91588,91436,309.1,507.1,0.072452,329.8,91046,358.9,97128,326.6,80.77,0.072300,92241,316.2,82.63,0.085713,87370,311.2,85.26,0.104802,327.1,0.000252,366.1,186025,1090.2,116848,358.2,1.20,0.001181,109836,340.6,16.00,0.018405,90667,311.7,41.74,0.053153,687.1,0.000000,194.7,1323626,729.5,96006,342.7,1.21,0.001023,91180,322.6,25.29,0.025491,89835,310.9,53.41,0.067568,147.1,0.000000,100.0,484042,1514.0,78861,316.6,-0.16,-0.000123,82216,307.3,12.63,0.012011,91387,311.3,15.62,0.020084
508.10,0.0099628,0.040797,90492,91400,91449,91304,308.7,508.1,0.068282,330.2,91771,359.4,98258,327.7,77.97,0.070361,92713,316.6,81.55,0.084905,87252,310.8,84.82,0.104271,328.1,0.000031,955.0,185576,1087.9,117485,358.7,0.76,0.000751,110275,341.0,14.51,0.016730,90504,311.3,41.95,0.053408,688.1,0.000000,3474.6,1378757,736.8,96681,343.4,1.02,0.000864,92373,323.8,23.75,0.024163,89614,310.5,54.26,0.068582,148.1,0.000000,100.0,480179,1510.7,78859,316.6,-0.02,-0.000011,82923,308.1,13.30,0.012726,91194,311.0,16.64,0.021364
509.12,0.0099827,0.040942,90235,91379,91335,91170,308.2,509.1,0.070692,330.7,92545,359.9,98205,327.6,78.09,0.070459,93203,317.1,80.53,0.084161,87150,310.3,84.48,0.103876,329.1,-0.000116,955.0,184301,1084.4,117986,359.3,0.26,0.000261,110789,341.5,12.84,0.014859,90376,310.9,42.12,0.053612,689.1,0.000000,556.3,1436394,744.2,97237,343.9,0.84,0.000712,93485,325.0,22.63,0.023217,89419,310.0,55.18,0.069697,149.1,0.000000,399.2,476305,1507.3,78938,316.6,0.15,0.000113,83570,308.8,13.98,0.013456,91025,310.7,17.75,0.022765
510.14,0.0100027,0.041097,89993,91349,91230,91036,307.8,510.1,0.066402,330.9,93258,360.4,99244,328.6,75.38,0.068524,93706,317.6,79.56,0.083463,87059,309.9,84.25,0.103625,330.1,-0.000262,954.8,182550,1080.2,118371,360.0,-0.27,-0.000270,111384,342.0,11.00,0.012774,90283,310.5,42.19,0.053711,690.1,0.000000,371.0,1496588,751.7,97692,344.4,0.68,0.000582,94547,326.0,21.76,0.022507,89243,309.6,56.13,0.070854,150.1,0.000000,637.7,472414,1503.9,79144,316.9,0.40,0.000298,84151,309.4,14.72,0.014236,90874,310.4,18.92,0.024251
511.15,0.0100226,0.041262,89776,91306,91116,90900,307.5,511.2,0.068607,331.4,94016,360.9,99194,328.5,75.26,0.068407,94218,318.1,78.61,0.082783,86961,309.5,84.08,0.103440,331.2,-0.000430,954.5,180460,1075.5,118658,360.9,-0.85,-0.000836,112037,342.6,9.01,0.010516,90221,310.1,42.04,0.053545,691.2,0.000000,100.0,1559379,759.2,98071,344.7,0.57,0.000485,95574,327.1,21.02,0.021913,89074,309.1,57.06,0.071981,151.2,0.000000,100.0,468501,1500.5,79516,317.3,0.71,0.000538,84668,310.0,15.54,0.015089,90731,310.1,20.12,0.025771
512.07,0.0100406,0.041418,89617,91246,90995,90777,307.1,512.1,0.063992,331.6,94638,361.4,100145,329.4,72.74,0.066560,94683,318.6,77.76,0.082165,86863,309.1,83.94,0.103281,332.1,-0.000609,954.2,178374,1071.0,118848,361.9,-1.39,-0.001372,112631,343.1,7.20,0.008435,90169,309.8,41.67,0.053100,692.1,0.000000,100.0,1618136,766.0,98371,345.0,0.50,0.000428,96473,327.9,20.40,0.021405,88918,308.8,57.83,0.072915,152.1,0.000000,100.0,464950,1497.4,80016,317.8,1.04,0.000789,85080,310.5,16.34,0.015926,90597,309.9,21.19,0.027126
513.09,0.0100605,0.041597,89478,91151,90839,90639,306.7,513.1,0.063325,332.0,95328,361.8,101183,330.4,69.65,0.064207,95200,319.1,76.80,0.081453,86734,308.7,83.82,0.103113,333.1,-0.000810,953.6,175921,1065.7,119000,363.3,-2.03,-0.001998,113245,343.6,5.27,0.006191,90116,309.5,41.01,0.052284,693.1,0.000000,100.0,1685927,773.6,98682,345.3,0.46,0.000397,97443,328.9,19.70,0.020814,88733,308.3,58.60,0.073831,153.1,0.000000,82988.3,460962,1493.9,80762,318.7,1.42,0.001082,85481,310.9,17.31,0.016925,90431,309.5,22.35,0.028593
514.11,0.0100805,0.041780,89370,91025,90671,90501,306.3,514.1,0.064943,332.5,96055,362.3,101009,330.1,70.05,0.064516,95719,319.7,75.81,0.080703,86577,308.3,83.75,0.102988,334.1,-0.001045,953.0,173382,1060.2,119110,365.0,-2.71,-0.002659,113779,344.1,3.46,0.004085,90067,309.2,40.05,0.051085,694.1,0.000000,100.0,1756346,781.3,98995,345.6,0.46,0.000399,98382,329.8,18.96,0.020173,88536,307.9,59.28,0.074633,154.1,0.000000,448.3,456943,1490.4,81696,319.7,1.76,0.001355,85827,311.3,18.33,0.017974,90246,309.2,23.50,0.030032
515.12,0.0101005,0.041966,89291,90875,90497,90363,306.0,515.1,0.060746,332.7,96724,362.8,101963,330.9,67.39,0.062488,96243,320.2,74.79,0.079918,86394,307.8,83.77,0.102945,335.1,-0.001312,952.3,170824,1054.7,119204,367.1,-3.44,-0.003363,114229,344.5,1.79,0.002117,90026,308.8,38.77,0.049481,695.1,0.000000,1700.9,1829355,788.9,99335,345.9,0.50,0.000433,99288,330.7,18.21,0.019498,88332,307.5,59.93,0.075373,155.1,0.000000,1383.3,452926,1486.8,82777,320.9,2.02,0.001567,86125,311.6,19.38,0.019041,90044,308.8,24.65,0.031473
516.14,0.0101205,0.042153,89216,90718,90317,90225,305.6,516.1,0.062476,333.1,97433,363.2,101991,330.9,67.30,0.062441,96778,320.8,73.75,0.079109,86187,307.4,83.90,0.103009,336.1,-0.001617,951.6,168274,1049.0,119303,369.7,-4.25,-0.004121,114608,344.8,0.21,0.000252,89995,308.6,37.16,0.047454,696.1,0.000000,343.3,1904887,796.6,99727,346.3,0.57,0.000497,100159,331.5,17.48,0.018835,88125,307.1,60.53,0.076059,156.1,0.000000,748.9,448877,1483.2,83945,322.1,2.16,0.001693,86387,311.9,20.40,0.020086,89831,308.4,25.82,0.032934
517.16,0.0101405,0.042342,89150,90561,90139,90087,305.3,517.2,0.058450,333.7,98088,363.7,102883,331.6,65.10,0.060783,97333,321.4,72.71,0.078295,85967,306.9,84.13,0.103182,337.2,-0.001963,950.9,165733,1043.3,119429,372.9,-5.13,-0.004942,114923,345.1,-1.29,-0.001530,89976,308.3,35.22,0.045012,697.2,0.000000,100.0,1983190,805.7,100190,346.7,0.67,0.000586,100986,332.3,16.85,0.018263,87919,306.7,61.10,0.076691,157.2,0.000000,466.7,444756,1479.6,85138,323.4,2.18,0.001729,86619,312.2,21.35,0.021060,89612,307.9,27.02,0.034424
518.08,0.0101585,0.042513,89106,90408,89975,89963,305.0,518.1,0.057255,333.8,98670,364.1,103908,332.5,62.50,0.058781,97852,322.0,71.78,0.077569,85763,306.5,84.41,0.103407,338.1,-0.002329,950.3,163442,1038.1,119575,376.4,-6.00,-0.005732,115155,345.2,-2.57,-0.003061,89963,308.1,33.23,0.042490,698.1,0.000000,393.2,2057493,813.4,100680,347.2,0.78,0.000682,101685,333.0,16.42,0.017883,87735,306.4,61.58,0.077213,158.1,0.000000,100.0,441000,1476.2,86190,324.5,2.12,0.001695,86808,312.4,22.10,0.021836,89413,307.6,28.11,0.035777
519.10,0.0101785,0.042702,89063,90216,89795,89826,304.7,519.1,0.059306,334.5,99362,364.6,103877,332.4,62.91,0.059182,98450,322.6,70.75,0.076771,85541,306.1,84.74,0.103685,339.1,-0.002728,949.7,160871,1032.3,119778,380.9,-7.05,-0.006664,115355,345.4,-3.92,-0.004667,89940,307.8,30.79,0.039394,699.1,0.000000,472.7,2146569,823.6,101311,347.7,0.91,0.000795,102410,333.7,16.10,0.017625,87531,306.0,62.07,0.077735,159.1,0.000000,142.1,436780,1472.5,87309,325.7,2.00,0.001617,87000,312.6,22.79,0.022547,89193,307.1,29.30,0.037260
520.12,0.0101985,0.042892,89028,89999,89652,89690,304.4,520.1,0.055689,334.7,100008,365.0,104811,333.2,60.78,0.057548,99065,323.3,69.71,0.075963,85339,305.7,85.08,0.103985,340.1,-0.003184,949.2,158245,1026.2,120024,386.4,-8.18,-0.007647,115492,345.5,-5.17,-0.006166,89912,307.6,28.24,0.036149,700.1,0.000000,100.0,2245098,836.4,102026,348.4,1.02,0.000897,103075,334.3,15.94,0.017529,87337,305.7,62.55,0.078249,160.1,0.000000,100.0,432511,1468.7,88363,326.8,1.87,0.001519,87179,312.8,23.28,0.023067,88987,306.7,30.52,0.038767
521.15,0.0102185,0.043081,89009,89757,89528,89554,304.2,521.1,0.054849,345.1,100653,365.4,105911,334.1,58.29,0.055625,99687,323.9,68.64,0.075107,85170,305.4,85.41,0.104284,341.1,-0.003675,948.8,155169,1019.4,120309,392.8,-9.41,-0.008666,115570,345.6,-6.34,-0.007566,89882,307.4,25.69,0.032888,701.1,0.000000,248.4,2355944,852.6,102804,349.1,1.10,0.000974,103675,334.9,15.89,0.017548,87160,305.4,63.04,0.078787,161.1,0.000000,150.2,428189,1464.8,89353,327.8,1.73,0.001420,87367,313.1,23.50,0.023321,88805,306.3,31.75,0.040302
522.07,0.0102366,0.043249,89010,89526,89422,89433,304.0,522.1,0.056556,335.6,101269,365.9,105796,333.8,58.96,0.056235,100244,324.5,67.61,0.074254,85046,305.2,85.63,0.104486,342.1,-0.004153,949.1,150546,1010.4,120582,399.4,-10.55,-0.009580,115592,345.6,-7.34,-0.008760,89847,307.2,23.41,0.029978,702.1,0.000000,526.7,2468707,870.9,103536,349.8,1.14,0.001012,104158,335.3,15.89,0.017607,87011,305.1,63.50,0.079281,162.1,0.000000,100.0,424258,1461.2,90193,328.6,1.62,0.001339,87573,313.3,23.49,0.023349,88660,306.0,32.83,0.041641
523.09,0.0102566,0.043434,89038,89270,89337,89298,303.9,523.1,0.053173,335.7,101913,366.3,106720,334.6,56.88,0.054606,100851,325.2,66.36,0.073183,84939,305.0,85.81,0.104635,343.1,-0.004630,949.3,146039,1001.1,120883,407.8,-11.85,-0.010562,115571,345.6,-8.42,-0.010041,89813,307.0,20.92,0.026801,703.1,0.000000,100.0,2611205,895.9,104353,350.5,1.14,0.001017,104623,335.7,15.90,0.017667,86859,304.9,64.02,0.079865,163.1,0.000000,144.2,419846,1457.2,91076,329.5,1.51,0.001259,87849,313.6,23.20,0.023110,88521,305.7,33.97,0.043071
524.11,0.0102767,0.043614,89088,89022,89291,89165,303.8,524.1,0.054793,336.2,102596,366.8,106778,334.5,57.07,0.054828,101443,325.8,65.01,0.071972,84865,304.8,85.93,0.104755,344.1,-0.005157,949.3,142132,992.6,121188,417.4,-13.20,-0.011525,115510,345.6,-9.48,-0.011297,89801,306.9,18.50,0.023704,704.1,0.000000,1089.2,2774629,926.7,105148,351.2,1.09,0.000986,105015,336.1,15.90,0.017719,86731,304.7,64.64,0.080578,164.1,0.000000,206.2,415384,1453.2,91913,330.4,1.42,0.001188,88202,314.0,22.60,0.022572,88418,305.4,35.08,0.044462
525.13,0.0102968,0.043789,89152,88789,89252,89032,303.7,525.1,0.051312,336.8,103236,367.2,107606,335.2,55.31,0.053442,102021,326.4,63.57,0.070641,84820,304.7,86.01,0.104834,345.1,-0.005716,948.9,139673,986.4,121500,428.2,-14.62,-0.012473,115432,345.5,-10.54,-0.012556,89819,306.8,16.06,0.020588,705.1,0.000000,436.9,2961671,963.6,105900,351.9,1.03,0.000933,105363,336.4,15.87,0.017731,86623,304.5,65.35,0.081400,165.1,0.000000,1072.2,409661,1448.1,92704,331.1,1.33,0.001118,88640,314.5,21.68,0.021722,88347,305.2,36.11,0.045758
526.16,0.0103168,0.043959,89219,88576,89195,88900,303.6,526.2,0.050477,336.9,103876,367.6,108501,335.9,53.33,0.051853,102591,327.0,62.07,0.069233,84801,304.6,85.94,0.104755,346.2,-0.006340,948.3,137542,980.6,121843,440.6,-16.16,-0.013442,115358,345.4,-11.61,-0.013826,89861,306.7,13.45,0.017257,706.2,0.000000,585.1,3174654,1007.2,106608,352.5,0.96,0.000876,105692,336.7,15.81,0.017700,86517,304.3,66.06,0.082220,166.2,0.000000,180.6,403703,1442.9,93445,331.9,1.23,0.001045,89167,315.1,20.45,0.020581,88293,305.0,36.96,0.046847
527.08,0.0103349,0.044108,89269,88405,89134,88783,303.5,527.1,0.052017,337.3,104488,368.1,108571,335.8,53.54,0.052097,103100,327.6,60.71,0.067937,84793,304.6,85.73,0.104505,347.1,-0.006967,947.9,135209,974.6,122165,453.1,-17.63,-0.014301,115318,345.4,-12.57,-0.014970,89917,306.7,10.84,0.013919,707.1,0.000000,100.0,3390001,1052.4,107213,353.1,0.91,0.000834,105996,337.0,15.73,0.017648,86412,304.2,66.68,0.082935,167.1,0.000000,374.6,398260,1438.0,94065,332.5,1.14,0.000972,89698,315.6,19.12,0.019323,88253,304.9,37.54,0.047584
528.10,0.0103550,0.044269,89288,88241,89076,88654,303.5,528.1,0.048782,337.9,105129,368.5,109407,336.5,51.85,0.050742,103660,328.2,59.21,0.066495,84798,304.5,85.33,0.104055,348.1,-0.007607,947.8,131165,965.5,122513,468.6,-19.32,-0.015195,115314,345.4,-13.64,-0.016246,90002,306.7,7.56,0.009715,708.1,0.000000,204.7,3656575,1109.3,107866,353.7,0.88,0.000806,106362,337.3,15.59,0.017529,86285,304.1,67.42,0.083771,168.1,0.000000,409.4,392133,1432.6,94691,333.1,1.03,0.000878,90325,316.3,17.47,0.017739,88210,304.7,38.01,0.048174
529.13,0.0103751,0.044428,89257,88098,89034,88529,303.4,529.1,0.047991,338.0,105772,369.0,110291,337.2,50.11,0.049333,104209,328.8,57.73,0.065056,84825,304.4,84.80,0.103457,349.1,-0.008232,947.9,126805,955.6,122795,485.8,-20.96,-0.015934,115382,345.4,-14.73,-0.017552,90111,306.8,3.82,0.004916,709.1,0.000000,408.6,3952133,1173.2,108513,354.2,0.86,0.000796,106758,337.7,15.34,0.017301,86153,303.9,68.27,0.084729,169.1,0.000000,157.1,385927,1426.9,95239,333.6,0.89,0.000768,90962,316.9,15.74,0.016065,88173,304.6,38.34,0.048599
530.16,0.0103952,0.044588,89186,87966,89045,88406,303.4,530.2,0.047173,346.9,106418,369.4,111253,337.9,48.21,0.047779,104740,329.3,56.24,0.063597,84889,304.4,84.20,0.102797,350.2,-0.008858,947.7,122666,945.9,123027,504.7,-22.58,-0.016554,115532,345.6,-15.83,-0.018880,89987,306.7,-0.95,-0.001221,710.2,0.000000,100.0,4276008,1243.7,109159,354.8,0.86,0.000793,107178,338.1,14.96,0.016912,86031,303.8,69.30,0.085924,170.2,0.000000,100.0,379645,1421.2,95701,334.1,0.75,0.000646,91592,317.6,14.06,0.014420,88159,304.5,38.64,0.048977
531.08,0.0104133,0.044734,89104,87854,89016,88300,303.4,531.1,0.048622,339.0,107035,369.8,111161,337.7,48.81,0.048356,105192,329.8,54.88,0.062237,84947,304.5,83.52,0.102035,351.1,-0.007176,503.7,119876,938.8,120157,506.6,-17.23,-0.012292,115728,345.7,-16.83,-0.020091,89881,306.6,-5.43,-0.006972,711.1,0.000000,403.7,4590319,1312.5,109737,355.3,0.84,0.000785,107566,338.4,14.45,0.016384,85914,303.8,70.31,0.087061,171.1,0.000000,1518.8,373925,1415.9,96040,334.4,0.62,0.000533,92148,318.2,12.66,0.013037,88149,304.4,38.79,0.049178
532.11,0.0104335,0.044899,89017,87728,88966,88185,303.3,532.1,0.045505,339.3,107684,370.3,111982,338.3,47.09,0.046907,105661,330.3,53.32,0.060641,85008,304.5,82.61,0.100978,352.1,-0.005415,506.3,117374,931.8,117596,508.3,-13.05,-0.009082,115992,346.0,-17.94,-0.021454,89820,306.6,-10.31,-0.013230,712.1,0.000000,758.7,4962323,1394.3,110359,355.8,0.81,0.000756,107997,338.8,13.70,0.015580,85772,303.7,71.42,0.088298,172.1,0.000000,766.1,367516,1410.0,96337,334.7,0.48,0.000416,92755,318.8,11.27,0.011657,88138,304.4,38.81,0.049200
533.14,0.0104537,0.045065,88948,87606,88893,88074,303.2,533.1,0.044483,339.5,108332,370.7,112759,338.9,45.38,0.045444,106090,330.8,51.69,0.058943,85069,304.5,81.52,0.099708,353.1,-0.003937,507.1,115394,925.8,115493,508.5,-9.50,-0.006491,116285,346.2,-19.08,-0.022851,89746,306.6,-15.12,-0.019383,713.1,0.000000,100.0,5354617,1480.9,110937,356.3,0.75,0.000701,108421,339.2,12.78,0.014575,85616,303.7,72.44,0.089416,173.1,0.000000,613.8,361083,1403.9,96561,334.9,0.36,0.000314,93354,319.4,10.07,0.010464,88110,304.4,38.66,0.049000
534.17,0.0104739,0.045233,88876,87492,88804,87968,303.1,534.2,0.043392,339.9,108980,371.2,113507,339.5,43.62,0.043892,106479,331.3,50.00,0.057152,85130,304.6,80.27,0.098237,354.2,-0.003148,930.3,113362,919.6,114309,509.5,-7.96,-0.005373,116594,346.5,-20.25,-0.024303,89625,306.5,-19.72,-0.025245,714.2,0.000000,391.5,5762440,1571.5,111453,356.8,0.66,0.000623,108833,339.6,11.76,0.013443,85470,303.7,73.29,0.090307,174.2,0.000000,100.0,354632,1397.8,96726,335.1,0.27,0.000232,93948,320.0,9.05,0.009446,88068,304.3,38.33,0.048569
535.10,0.0104921,0.045386,88782,87395,88717,87876,303.1,535.1,0.044320,340.4,109592,371.6,113405,339.3,43.80,0.044064,106802,331.6,48.45,0.055482,85181,304.6,79.05,0.096785,355.1,-0.001559,506.7,112217,915.3,112551,507.3,-4.72,-0.003151,116914,346.7,-21.42,-0.025755,89449,306.5,-23.54,-0.030084,715.1,0.000000,507.7,6138124,1655.7,111857,357.1,0.58,0.000546,109193,339.9,10.82,0.012394,85375,303.7,73.78,0.090805,175.1,0.000000,19791.5,348814,1392.2,96836,335.2,0.20,0.000174,94473,320.5,8.25,0.008645,88024,304.3,37.91,0.048018
536.13,0.0105124,0.045560,88638,87293,88608,87778,302.9,536.1,0.041015,340.8,110233,372.1,114049,339.8,42.12,0.042554,107143,332.0,46.70,0.053593,85232,304.6,77.60,0.095068,356.1,-0.000925,505.4,110710,910.0,111323,505.7,-2.80,-0.001853,117370,347.1,-22.96,-0.027687,89228,306.4,-27.26,-0.034757,716.1,0.000000,100.0,6559385,1751.2,112247,357.4,0.50,0.000470,109583,340.2,9.81,0.011272,85317,303.8,73.96,0.090945,176.1,0.000000,650.8,342337,1385.8,96924,335.2,0.14,0.000122,95033,321.1,7.45,0.007837,87972,304.2,37.31,0.047244
537.16,0.0105326,0.045740,88456,87200,88493,87685,302.8,537.2,0.039728,341.1,110871,372.5,114658,340.2,40.49,0.041064,107477,332.4,44.97,0.051705,85274,304.6,76.10,0.093277,357.2,0.000045,504.6,109648,905.3,110138,504.1,-0.53,-0.000347,117834,347.5,-24.51,-0.029642,89037,306.3,-30.51,-0.038824,717.2,0.000000,100.0,6978158,1847.6,112592,357.7,0.44,0.000416,109968,340.6,8.90,0.010251,85276,303.9,73.82,0.090708,177.2,0.000000,213.5,335850,1379.4,96979,335.3,0.09,0.000078,95556,321.6,6.70,0.007076,87919,304.2,36.59,0.046311
538.10,0.0105509,0.045909,88265,87136,88383,87605,302.7,538.1,0.038283,341.3,111439,372.9,115252,340.7,38.86,0.039566,107779,332.7,43.44,0.050034,85304,304.6,74.72,0.091620,358.1,0.001107,503.2,108593,899.7,109120,502.8,0.91,0.000591,118007,347.6,-25.32,-0.030662,88896,306.4,-33.21,-0.042192,718.1,0.000000,698.7,7347162,1934.4,112880,358.0,0.41,0.000386,110314,340.9,8.17,0.009429,85232,303.9,73.48,0.090230,178.1,0.000000,100.0,330007,1373.6,97004,335.3,0.05,0.000042,95987,322.0,6.06,0.006419,87869,304.1,35.83,0.045333
539.13,0.0105713,0.046104,88037,87093,88264,87521,302.6,539.1,0.037242,341.5,112069,373.4,115826,341.1,37.24,0.038056,108124,333.1,41.78,0.048224,85330,304.6,73.17,0.089750,359.1,0.001883,501.7,107430,892.3,108091,501.3,2.20,0.001430,117923,347.5,-25.52,-0.030891,88769,306.4,-36.13,-0.045828,719.1,0.000000,100.0,7741973,2029.8,113185,358.2,0.39,0.000367,110700,341.2,7.44,0.008603,85258,304.0,72.62,0.089172,179.1,0.000000,539.9,323510,1367.0,97010,335.3,0.01,0.000010,96419,322.4,5.39,0.005733,87813,304.1,34.87,0.044095
540.07,0.0105896,0.046288,87830,87070,88187,87450,302.5,540.1,0.035754,341.8,112631,373.8,116365,341.5,35.67,0.036584,108445,333.4,40.33,0.046633,85358,304.6,71.79,0.088092,360.1,0.002635,500.2,106351,884.7,107217,499.8,3.40,0.002191,117658,347.3,-25.36,-0.030646,88697,306.6,-38.79,-0.049146,0.1,0.000000,670.6,8078195,2114.0,113447,358.5,0.36,0.000347,111046,341.5,6.81,0.007901,85535,304.4,70.59,0.086855,180.1,0.000000,344.9,317662,1360.9,97002,335.3,-0.01,-0.000009,96765,322.8,4.86,0.005181,87773,304.1,33.93,0.042884
541.11,0.0106100,0.046501,87611,87059,88179,87378,302.5,541.1,0.034618,342.1,113254,374.3,116838,341.8,34.13,0.035111,108816,333.8,38.73,0.044888,85421,304.6,70.37,0.086398,361.1,0.003469,498.1,105211,875.3,106284,497.6,4.88,0.003134,116806,346.6,-23.81,-0.028620,88682,306.8,-41.85,-0.052969,1.1,0.000000,100.0,8424672,2204.8,113707,358.7,0.32,0.000307,111422,341.9,6.13,0.007123,86408,305.3,65.22,0.080829,181.1,0.000000,103.1,311164,1354.2,96998,335.3,-0.01,-0.000004,97108,323.1,4.38,0.004678,87767,304.1,32.87,0.041540
542.15,0.0106304,0.046722,87412,87069,88295,87315,302.6,542.2,0.033134,342.4,113871,374.7,117270,342.1,32.54,0.033571,109202,334.2,37.14,0.043140,85549,304.7,69.15,0.085005,362.2,0.004522,495.4,104003,864.4,105348,495.0,6.63,0.004241,115237,345.2,-20.60,-0.024530,88746,307.1,-44.95,-0.056871,2.2,0.000000,378.5,8736990,2291.8,113912,358.9,0.25,0.000240,111781,342.2,5.42,0.006315,87872,306.7,55.55,0.069692,182.2,0.000000,100.0,304668,1347.3,97009,335.3,0.02,0.000016,97412,323.4,4.05,0.004333,87832,304.2,31.91,0.040345
543.09,0.0106489,0.046927,87254,87085,88481,87270,302.8,543.1,0.031459,342.6,114418,375.1,117660,342.4,30.98,0.032044,109562,334.6,35.69,0.041550,85734,304.9,68.27,0.084051,363.1,0.005482,492.7,103055,853.9,104583,492.3,8.14,0.005203,113661,343.8,-17.35,-0.020453,88882,307.5,-47.70,-0.060367,3.1,0.000000,1140.4,8984418,2366.2,114033,359.0,0.17,0.000160,112078,342.4,4.76,0.005560,89297,308.0,44.21,0.056125,183.1,0.000000,100.7,298829,1341.0,97054,335.4,0.08,0.000067,97661,323.6,3.88,0.004165,87970,304.4,31.19,0.039469
544.14,0.0106694,0.047160,87098,87084,88727,87233,303.0,544.1,0.030056,342.9,115020,375.5,117969,342.6,29.39,0.030459,109971,335.0,34.07,0.039758,86000,305.2,67.37,0.083115,364.1,0.006340,489.4,102148,841.7,103840,488.9,9.63,0.006152,112050,342.4,-14.21,-0.016579,89088,308.0,-50.69,-0.064203,4.1,0.000000,489.0,9217499,2443.7,114091,359.0,0.07,0.000068,112369,342.7,4.03,0.004710,90491,309.0,31.12,0.039897,184.1,0.000000,588.5,292364,1333.9,97167,335.5,0.17,0.000151,97917,323.9,3.84,0.004127,88195,304.7,30.43,0.038563
545.08,0.0106878,0.047373,86965,87061,88947,87212,303.2,545.1,0.028234,343.1,115550,375.9,118243,342.8,27.85,0.028915,110345,335.4,32.60,0.038129,86270,305.6,66.52,0.082220,365.1,0.007110,486.2,101437,830.4,103252,485.6,10.80,0.006909,110778,341.3,-11.91,-0.013786,89282,308.5,-53.32,-0.067566,5.1,0.000000,100.0,9386963,2508.1,114088,359.0,-0.00,-0.000001,112591,342.9,3.38,0.003962,90973,309.4,20.87,0.026868,185.1,0.000000,100.0,286570,1327.5,97325,335.6,0.26,0.000231,98136,324.1,3.89,0.004185,88430,305.0,29.67,0.037665
546.12,0.0107083,0.047614,86814,87024,89168,87200,303.5,546.1,0.026665,343.3,116131,376.4,118475,342.9,26.24,0.027282,110767,335.8,30.96,0.036313,86584,306.1,65.48,0.081090,366.1,0.007816,482.3,100732,817.6,102663,481.8,11.98,0.007677,109501,340.2,-9.87,-0.011335,89470,309.0,-56.09,-0.071108,6.1,0.000000,451.7,9528566,2573.4,114042,359.0,-0.06,-0.000053,112790,343.0,2.70,0.003172,91082,309.5,11.72,0.015098,186.1,0.000000,128.8,280164,1320.3,97550,335.8,0.34,0.000300,98363,324.3,4.03,0.004342,88691,305.4,28.77,0.036577
547.17,0.0107288,0.047859,86653,86993,89366,87199,303.7,547.2,0.023584,343.4,116679,376.8,119118,343.4,23.70,0.024739,111195,336.3,29.35,0.034505,86905,306.8,64.33,0.079796,367.2,0.008522,478.3,100088,804.7,102125,477.7,13.07,0.008405,108314,339.1,-8.27,-0.009420,89618,309.5,-58.62,-0.074313,7.2,0.000000,1849.6,9620118,2631.6,113985,358.9,-0.07,-0.000064,112946,343.2,2.07,0.002434,90987,309.4,4.52,0.005814,187.2,0.000000,100.0,273807,1313.0,97801,336.1,0.38,0.000335,98562,324.5,4.22,0.004558,88934,305.9,27.85,0.035452
548.11,0.0107473,0.048083,86499,87002,89567,87206,303.9,548.1,0.023021,343.7,117180,377.2,119276,343.5,22.35,0.023363,111585,336.7,27.91,0.032894,87208,307.4,63.23,0.078545,368.1,0.009322,475.5,99577,792.9,101587,473.7,14.26,0.009198,107288,338.2,-7.13,-0.008072,89742,310.0,-60.56,-0.076761,8.1,0.000000,100.0,9659811,2677.6,113950,358.9,-0.05,-0.000045,113059,343.3,1.54,0.001814,90482,309.0,-1.24,-0.001593,188.1,0.000000,111.1,268148,1306.4,98027,336.3,0.38,0.000336,98719,324.7,4.43,0.004795,89144,306.3,27.09,0.034517
549.16,0.0107678,0.048338,86324,87037,89699,87222,304.0,549.2,0.020329,343.8,117710,377.6,119823,343.9,20.07,0.021049,112024,337.1,26.35,0.031133,87518,308.2,61.79,0.076830,369.2,0.010891,469.1,99265,779.2,100720,468.5,16.43,0.010628,106170,337.1,-6.15,-0.006905,89841,310.5,-62.47,-0.079151,9.2,0.000000,2624.6,9657562,2721.6,113943,358.9,-0.01,-0.000007,113164,343.4,0.99,0.001166,90248,308.7,-5.54,-0.007090,189.2,0.000000,633.9,261931,1299.1,98258,336.5,0.35,0.000312,98870,324.8,4.69,0.005080,89329,306.7,26.26,0.033491
550.10,0.0107863,0.048571,86168,87044,89809,87241,304.1,550.1,0.019644,344.1,118194,377.9,119953,344.0,18.89,0.019828,112426,337.5,24.97,0.029577,87778,308.8,60.31,0.075055,370.1,0.011346,464.6,98930,767.0,100315,464.0,17.35,0.011280,105161,336.2,-5.44,-0.006072,89894,310.9,-63.96,-0.080981,10.1,0.000000,381.0,9615623,2754.6,113964,358.9,0.03,0.000027,113253,343.4,0.53,0.000619,90303,308.8,-8.62,-0.011040,190.1,0.000000,164.7,256404,1292.4,98446,336.7,0.32,0.000284,98985,324.9,4.93,0.005343,89461,307.1,25.59,0.032640
551.15,0.0108068,0.048835,85996,87032,89928,87268,304.2,551.1,0.017204,344.3,118709,378.4,120410,344.3,16.91,0.017799,112883,337.9,23.47,0.027879,88057,309.6,58.57,0.072949,371.1,0.011918,459.7,98524,753.7,99934,458.9,18.16,0.011898,104019,335.2,-4.79,-0.005306,89949,311.3,-65.30,-0.082607,11.1,0.000000,2340.7,9527589,2784.1,114016,358.9,0.06,0.000062,113352,343.5,0.05,0.000062,90387,308.9,-11.83,-0.015163,191.1,0.000000,100.0,250339,1285.0,98636,336.9,0.29,0.000257,99100,325.0,5.20,0.005641,89578,307.5,25.02,0.031908
552.09,0.0108253,0.049077,85847,86997,90030,87297,304.3,552.1,0.016458,344.5,119178,378.7,120519,344.3,15.85,0.016697,113306,338.3,22.15,0.026373,88300,310.2,56.95,0.070973,372.1,0.012545,455.0,98132,741.7,99584,454.2,18.93,0.012482,102973,334.2,-4.29,-0.004713,90004,311.7,-66.24,-0.083757,12.1,0.000000,100.0,9414166,2804.4,114075,359.0,0.08,0.000075,113439,343.6,-0.30,-0.000359,90438,309.0,-14.40,-0.018455,192.1,0.000000,100.0,244950,1278.2,98799,337.0,0.28,0.000247,99200,325.1,5.45,0.005913,89670,307.9,24.66,0.031447
553.14,0.0108459,0.049350,85684,86936,90124,87334,304.4,553.1,0.014219,344.8,119682,379.1,120881,344.6,14.16,0.014947,113791,338.8,20.70,0.024719,88569,311.0,55.12,0.068745,373.1,0.013226,449.7,97673,728.6,99175,448.9,19.85,0.013195,101807,333.1,-3.81,-0.004154,90070,312.1,-67.05,-0.084733,13.1,0.000000,2768.1,9254195,2820.4,114130,359.0,0.07,0.000063,113525,343.7,-0.59,-0.000694,90484,309.0,-16.82,-0.021567,193.1,0.000000,131.9,239039,1270.7,98988,337.2,0.29,0.000255,99322,325.3,5.72,0.006210,89765,308.4,24.45,0.031161
554.08,0.0108644,0.049598,85545,86864,90215,87370,304.6,554.1,0.012646,345.0,120128,379.5,121219,344.9,12.62,0.013355,114238,339.2,19.41,0.023241,88795,311.5,53.40,0.066645,374.1,0.013949,444.9,97243,716.9,98782,444.0,20.71,0.013859,100789,332.2,-3.49,-0.003772,90126,312.4,-67.66,-0.085471,14.1,0.000000,100.0,9083517,2829.1,114157,359.1,0.04,0.000035,113593,343.7,-0.74,-0.000873,90512,309.1,-18.71,-0.023987,194.1,0.000000,518.4,233789,1263.9,99174,337.4,0.31,0.000277,99455,325.4,5.95,0.006461,89832,308.7,24.38,0.031056
555.13,0.0108850,0.049877,85418,86769,90315,87414,304.8,555.1,0.011390,345.2,120623,379.9,121483,345.0,11.17,0.011841,114742,339.6,17.98,0.021602,89035,312.0,51.43,0.064252,375.1,0.014670,439.4,96743,704.0,98311,438.4,21.60,0.014568,99719,331.1,-3.26,-0.003502,90191,312.7,-68.28,-0.086217,15.1,0.000000,111.1,8868788,2833.1,114154,359.1,-0.00,-0.000004,113656,343.8,-0.80,-0.000940,90534,309.1,-20.47,-0.026257,195.1,0.000000,164.7,228035,1256.4,99407,337.6,0.35,0.000313,99639,325.6,6.17,0.006709,89894,309.1,24.44,0.031128
556.08,0.0109035,0.050130,85325,86682,90414,87457,305.0,556.1,0.007287,347.2,121023,380.2,122358,345.7,8.54,0.009101,115193,340.0,16.70,0.020122,89246,312.4,49.64,0.062088,376.1,0.015354,434.5,96263,692.7,97849,433.3,22.30,0.015149,98809,330.3,-3.13,-0.003342,90264,313.0,-68.80,-0.086862,16.1,0.000000,744.6,8656875,2832.0,114121,359.0,-0.04,-0.000043,113702,343.8,-0.76,-0.000902,90558,309.1,-21.76,-0.027912,196.1,0.000000,100.0,222925,1249.5,99642,337.8,0.39,0.000346,99841,325.8,6.33,0.006896,89952,309.4,24.63,0.031355
557.13,0.0109242,0.050412,85233,86594,90537,87507,305.3,557.1,0.007889,345.9,121499,380.7,122482,345.8,7.46,0.007953,115686,340.5,15.28,0.018465,89480,312.8,47.67,0.059697,377.1,0.015969,429.0,95682,680.3,97291,427.7,22.95,0.015701,97830,329.3,-2.98,-0.003158,90364,313.4,-69.38,-0.087600,17.1,0.000000,640.7,8405046,2826.2,114045,359.0,-0.10,-0.000091,113747,343.9,-0.64,-0.000758,90599,309.2,-22.87,-0.029345,197.1,0.000000,256.8,217324,1241.8,99923,338.1,0.42,0.000373,100098,326.0,6.48,0.007072,90024,309.8,24.96,0.031762
558.08,0.0109428,0.050665,85174,86541,90659,87554,305.6,558.1,0.006205,347.1,121921,381.0,122705,346.0,6.16,0.006571,116116,340.9,14.00,0.016959,89695,313.2,45.90,0.057569,378.1,0.016529,424.0,95105,669.3,96738,422.6,23.41,0.016120,96954,328.5,-2.78,-0.002928,90472,313.6,-69.93,-0.088317,18.1,0.000000,151.0,8167264,2817.3,113944,358.9,-0.14,-0.000130,113789,343.9,-0.47,-0.000558,90658,309.3,-23.62,-0.030321,198.1,0.000000,100.0,212350,1234.9,100183,338.3,0.43,0.000382,100344,326.3,6.58,0.007198,90113,310.1,25.31,0.032202
559.14,0.0109635,0.050945,85143,86556,90805,87609,305.9,559.1,0.005138,346.1,122392,381.4,122848,346.1,5.00,0.005340,116573,341.3,12.57,0.015268,89941,313.5,43.96,0.055224,379.1,0.017037,418.6,94394,657.4,96051,417.0,23.83,0.016511,95981,327.5,-2.53,-0.002644,90614,314.0,-70.60,-0.089220,19.1,0.000000,100.0,7894623,2804.0,113807,358.7,-0.17,-0.000161,113853,344.0,-0.24,-0.000280,90752,309.4,-24.24,-0.031141,199.1,0.000000,490.5,207303,1227.7,100466,338.6,0.42,0.000375,100617,326.5,6.66,0.007298,90239,310.5,25.69,0.032688
560.09,0.0109822,0.051194,85131,86674,90938,87661,306.3,560.1,0.003388,347.0,122807,381.8,123142,346.3,3.69,0.003947,116956,341.6,11.29,0.013748,90169,313.8,42.22,0.053113,380.1,0.017496,413.7,93686,647.0,95365,411.9,24.14,0.016812,95111,326.7,-2.42,-0.002516,90762,314.2,-71.31,-0.090182,20.1,0.000000,250.7,7645186,2789.5,113672,358.6,-0.18,-0.000173,113936,344.0,0.00,0.000001,90863,309.5,-24.66,-0.031701,200.1,0.000000,155.8,202941,1221.3,100708,338.8,0.40,0.000358,100848,326.8,6.69,0.007345,90371,310.9,25.99,0.033074
561.15,0.0110029,0.051466,85115,86924,91078,87720,306.7,561.1,0.002377,346.9,123272,382.2,123377,346.5,2.50,0.002684,117344,341.9,9.89,0.012066,90423,314.1,40.25,0.050736,381.1,0.017912,408.3,92820,635.7,94524,406.4,24.49,0.017131,94166,325.8,-2.49,-0.002568,90950,314.5,-72.28,-0.091511,21.1,0.000000,157.1,7366933,2771.0,113529,358.5,-0.17,-0.000167,114058,344.1,0.27,0.000320,91025,309.6,-25.12,-0.032329,201.1,0.000000,100.0,198538,1214.7,100961,339.0,0.37,0.000336,101081,327.0,6.71,0.007373,90533,311.3,26.19,0.033341
562.09,0.0110215,0.051707,85106,87200,91185,87776,307.0,562.1,-0.000882,390.1,123653,382.6,124369,347.4,-0.22,-0.000232,117669,342.2,8.60,0.010510,90646,314.4,38.44,0.048528,382.1,0.018319,403.4,91973,625.7,93701,401.5,24.83,0.017430,93327,324.9,-2.75,-0.002821,91135,314.8,-73.41,-0.093051,22.1,0.000000,894.3,7117827,2752.8,113417,358.4,-0.15,-0.000145,114187,344.2,0.50,0.000593,91183,309.8,-25.62,-0.033017,202.1,0.000000,1012.8,194737,1208.9,101176,339.2,0.36,0.000320,101263,327.2,6.69,0.007366,90677,311.7,26.23,0.033405
563.15,0.0110421,0.051970,85117,87490,91279,87842,307.5,563.1,-0.001001,389.8,124097,383.0,124689,347.8,-1.52,-0.001643,118028,342.5,7.07,0.008656,90875,314.7,36.34,0.045945,383.1,0.018686,398.1,91028,615.1,92742,396.1,25.21,0.017755,92382,324.0,-3.30,-0.003358,91340,315.1,-75.04,-0.095245,23.1,0.000000,100.0,6843709,2730.7,113322,358.3,-0.12,-0.000110,114333,344.4,0.73,0.000859,91361,310.0,-26.36,-0.034020,203.1,0.000000,100.0,190571,1202.5,101410,339.5,0.35,0.000312,101436,327.3,6.61,0.007279,90840,312.2,26.08,0.033228
564.09,0.0110606,0.052201,85169,87701,91359,87906,307.9,564.1,-0.002466,389.4,124489,383.3,124996,348.2,-2.68,-0.002898,118355,342.8,5.57,0.006842,91083,315.0,34.36,0.043498,384.1,0.019035,393.4,90124,605.8,91847,391.4,25.55,0.018035,91498,323.1,-4.00,-0.004037,91525,315.3,-76.86,-0.097678,24.1,0.000000,100.0,6593649,2706.7,113266,358.3,-0.08,-0.000074,114450,344.5,0.89,0.001054,91525,310.1,-27.24,-0.035195,204.1,0.000000,277.0,187353,1197.3,101623,339.7,0.35,0.000317,101565,327.5,6.47,0.007139,91028,312.6,25.64,0.032687
565.14,0.0110812,0.052448,85300,87900,91462,87981,308.5,565.1,-0.003338,347.8,124929,383.7,125030,348.4,-3.30,-0.003564,118702,343.1,3.83,0.004711,91325,315.4,32.06,0.040645,385.1,0.019397,388.2,89074,595.8,90813,386.3,26.01,0.018389,90466,322.0,-4.93,-0.004942,91672,315.5,-78.98,-0.100484,25.1,0.000000,182.8,6325828,2680.5,113239,358.2,-0.03,-0.000031,114544,344.6,1.00,0.001191,91705,310.3,-28.43,-0.036791,205.1,0.000000,100.0,183824,1191.6,101874,339.9,0.37,0.000335,101689,327.6,6.26,0.006904,91309,313.1,24.65,0.031465
566.08,0.0110997,0.052660,85402,88061,91568,88054,309.1,566.1,-0.005128,348.1,125312,384.1,125346,348.9,-4.43,-0.004791,118965,343.3,2.26,0.002779,91545,315.7,29.86,0.037913,386.1,0.019798,383.6,88100,587.1,89859,381.8,26.54,0.018787,89499,321.0,-5.87,-0.005836,91677,315.5,-80.45,-0.102348,26.1,0.000000,186.4,6093952,2657.2,113244,358.2,0.00,0.000005,114588,344.6,1.05,0.001248,91842,310.4,-29.75,-0.038537,206.1,0.000000,114.0,181210,1187.3,102118,340.1,0.40,0.000361,101786,327.7,5.98,0.006603,91606,313.7,23.08,0.029513
567.13,0.0111201,0.052886,85485,88155,91709,88141,309.7,567.1,-0.006535,348.6,125730,384.4,125781,349.6,-5.85,-0.006333,119172,343.5,0.57,0.000705,91789,315.9,27.28,0.034704,387.1,0.020270,378.7,87005,577.6,88786,376.9,27.26,0.019318,88398,319.9,-6.96,-0.006860,91598,315.5,-81.23,-0.103267,27.1,0.000000,332.0,5846515,2631.9,113282,358.3,0.05,0.000047,114593,344.6,1.08,0.001280,91951,310.5,-31.42,-0.040743,207.1,0.000000,100.0,178377,1182.4,102413,340.4,0.43,0.000394,101870,327.8,5.56,0.006145,91951,314.2,20.65,0.026460
568.17,0.0111405,0.053104,85556,88233,91825,88234,310.4,568.2,-0.008067,388.2,126140,384.8,126333,350.5,-7.50,-0.008138,119294,343.6,-1.05,-0.001292,92054,316.2,24.57,0.031327,388.2,0.020833,373.8,85911,568.4,87712,372.2,28.08,0.019908,87289,318.8,-8.06,-0.007868,91456,315.4,-80.96,-0.102781,28.2,0.000000,171.5,5609707,2607.0,113359,358.3,0.10,0.000093,114552,344.6,1.10,0.001298,92013,310.5,-33.23,-0.043116,208.2,0.000000,398.1,176025,1178.3,102726,340.7,0.46,0.000418,101929,327.8,5.03,0.005566,92303,314.6,17.68,0.022709
569.10,0.0111588,0.053293,85611,88296,91889,88322,310.9,569.1,-0.008862,387.9,126514,385.2,126642,351.3,-8.61,-0.009342,119359,343.7,-2.50,-0.003088,92268,316.3,22.01,0.028118,389.1,0.021405,369.7,84936,560.4,86752,368.0,28.85,0.020457,86298,317.7,-9.01,-0.008725,91288,315.3,-80.01,-0.101442,29.1,0.000000,100.0,5405506,2585.1,113462,358.4,0.14,0.000136,114464,344.5,1.07,0.001269,92026,310.5,-34.94,-0.045338,209.1,0.000000,564.4,174209,1175.0,103010,340.9,0.46,0.000422,101958,327.9,4.49,0.004964,92567,314.9,14.71,0.018929
570.14,0.0111792,0.053496,85662,88355,91905,88425,311.3,570.1,-0.009735,350.3,126933,385.5,126813,352.0,-9.52,-0.010320,119425,343.7,-4.18,-0.005170,92445,316.4,19.06,0.024382,390.1,0.021982,365.2,83866,551.7,85693,363.4,29.68,0.021051,85211,316.6,-9.98,-0.009584,90989,315.0,-77.81,-0.098425,30.1,0.000000,329.1,5188284,2561.2,113617,358.5,0.20,0.000187,114281,344.3,0.89,0.001049,91969,310.5,-36.91,-0.047874,210.1,0.000000,308.1,172469,1171.7,103317,341.2,0.45,0.000411,101967,327.9,3.81,0.004216,92757,315.1,11.26,0.014510
571.07,0.0111974,0.053674,85696,88402,91870,88521,311.5,571.1,-0.011542,387.4,127296,385.9,127188,353.0,-10.85,-0.011764,119510,343.8,-5.80,-0.007165,92531,316.3,16.30,0.020883,391.1,0.022535,361.2,82915,544.1,84746,359.5,30.37,0.021539,84246,315.5,-10.76,-0.010245,90674,314.6,-74.66,-0.094205,31.1,0.000000,100.0,5001209,2540.0,113795,358.7,0.25,0.000236,113999,344.1,0.48,0.000562,91839,310.3,-38.72,-0.050180,211.1,0.000000,155.1,171168,1169.2,103576,341.5,0.42,0.000388,101935,327.9,3.13,0.003463,92809,315.1,8.13,0.010484
572.10,0.0112177,0.053865,85726,88460,91780,88631,311.7,572.1,-0.012842,387.1,127696,386.2,127605,354.2,-12.39,-0.013431,119649,343.9,-7.67,-0.009494,92532,316.2,13.18,0.016889,392.1,0.023033,357.1,81870,535.9,83695,355.2,31.02,0.021987,83188,314.4,-11.48,-0.010834,90383,314.4,-70.29,-0.088485,32.1,0.000000,435.9,4802371,2517.0,114034,358.9,0.30,0.000287,113514,343.7,-0.36,-0.000424,91668,310.1,-40.74,-0.052737,212.1,0.000000,1045.1,170173,1167.0,103833,341.7,0.38,0.000347,101854,327.8,2.30,0.002544,92730,315.0,4.74,0.006107
573.14,0.0112379,0.054051,85756,88518,91690,88744,311.7,573.1,-0.013717,386.8,128102,386.6,127776,355.3,-13.54,-0.014652,119822,344.0,-9.55,-0.011830,92458,316.0,10.05,0.012878,393.1,0.023457,353.1,80829,528.0,82639,351.0,31.46,0.022284,82145,313.2,-12.04,-0.011259,90200,314.2,-65.46,-0.082286,33.1,0.000000,100.0,4612672,2494.5,114299,359.1,0.33,0.000316,112808,343.0,-1.73,-0.002026,91509,309.9,-42.69,-0.055195,213.1,0.000000,116.4,169321,1165.1,104049,341.9,0.32,0.000291,101742,327.7,1.43,0.001576,92526,314.8,1.30,0.001667
574.17,0.0112582,0.054231,85813,88586,91590,88861,311.7,574.2,-0.014267,386.4,128519,387.0,127689,356.3,-14.35,-0.015472,120014,344.1,-11.32,-0.014042,92390,315.8,7.03,0.009001,394.2,0.023722,349.1,79781,520.4,81568,346.9,31.70,0.022417,81115,312.1,-12.43,-0.011519,90173,314.2,-60.62,-0.076178,34.2,0.000000,100.0,4431854,2472.4,114561,359.3,0.33,0.000312,111859,342.2,-3.73,-0.004343,91405,309.8,-44.41,-0.057374,214.2,0.000000,100.0,168557,1163.3,104214,342.0,0.24,0.000224,101619,327.6,0.55,0.000609,91800,314.1,-2.75,-0.003515
575.09,0.0112764,0.054387,85937,88662,91463,88968,311.7,575.1,-0.013685,385.8,128926,387.3,127142,356.9,-14.44,-0.015484,120201,344.3,-12.78,-0.015863,92313,315.7,4.32,0.005530,395.1,0.023816,345.6,78822,513.7,80581,343.4,31.81,0.022451,80198,311.1,-12.63,-0.011617,90186,314.2,-56.51,-0.071007,35.1,0.000000,100.0,4276347,2452.9,114772,359.5,0.29,0.000281,110812,341.3,-6.04,-0.006989,91321,309.7,-45.85,-0.059207,215.1,0.000000,142.5,167907,1161.7,104315,342.1,0.17,0.000156,101520,327.5,-0.20,-0.000222,91536,313.8,-5.21,-0.006655
576.12,0.0112966,0.054546,86248,88761,91359,89089,311.7,576.1,-0.012818,384.9,129420,387.8,126254,357.2,-13.96,-0.014856,120434,344.4,-14.23,-0.017686,92156,315.5,1.20,0.001535,396.1,0.023823,341.8,77737,506.6,79458,339.6,31.83,0.022398,79189,309.9,-12.71,-0.011582,90227,314.3,-52.21,-0.065623,36.1,0.000000,438.0,4111268,2431.6,114960,359.7,0.23,0.000223,109493,340.1,-9.04,-0.010380,91237,309.5,-47.30,-0.061048,216.1,0.000000,480.7,167188,1160.0,104366,342.2,0.08,0.000071,101442,327.4,-0.98,-0.001078,91435,313.7,-7.43,-0.009485
577.15,0.0113167,0.054681,86820,88864,91277,89213,311.7,577.2,-0.011758,384.0,129960,388.2,125230,357.3,-13.17,-0.013889,120700,344.6,-15.52,-0.019328,91641,315.0,-2.44,-0.003111,397.2,0.023736,338.1,76630,499.7,78306,335.9,31.73,0.022248,78188,308.8,-12.63,-0.011404,90306,314.5,-48.19,-0.060599,37.2,0.000000,315.7,3954050,2410.9,115088,359.8,0.16,0.000153,108090,338.9,-12.33,-0.014021,91186,309.4,-48.51,-0.062591,217.2,0.000000,645.0,166471,1158.2,104355,342.2,-0.01,-0.000012,101403,327.4,-1.69,-0.001862,91416,313.6,-9.41,-0.012014
578.08,0.0113349,0.054771,87494,88961,91188,89326,311.7,578.1,-0.010749,383.1,130487,388.7,124227,357.3,-12.37,-0.012949,120975,344.8,-16.60,-0.020714,91496,314.9,-4.94,-0.006280,398.1,0.023580,334.9,75615,493.7,77253,332.8,31.59,0.022057,77295,307.8,-12.43,-0.011129,90357,314.6,-44.92,-0.056495,38.1,0.000000,100.0,3818946,2392.5,115151,359.8,0.09,0.000086,106819,337.7,-15.38,-0.017351,91141,309.4,-49.49,-0.063845,218.1,0.000000,369.8,165814,1156.6,104289,342.1,-0.10,-0.000092,101398,327.4,-2.29,-0.002518,91362,313.5,-11.08,-0.014134
579.11,0.0113551,0.054833,88262,89079,91102,89452,311.8,579.1,-0.009779,382.1,131119,389.2,123092,357.1,-11.45,-0.011876,121323,345.1,-17.79,-0.022240,91476,314.9,-7.62,-0.009695,399.1,0.023381,331.5,74470,487.3,76068,329.4,31.39,0.021805,76310,306.7,-12.06,-0.010702,90374,314.6,-41.54,-0.052243,39.1,0.000000,287.6,3675624,2372.6,115156,359.8,0.00,0.000004,105448,336.5,-18.77,-0.020974,91086,309.3,-50.49,-0.065106,219.1,0.000000,3462.5,165049,1154.8,104150,342.0,-0.20,-0.000184,101419,327.4,-2.92,-0.003216,91256,313.3,-12.63,-0.016104
580.14,0.0113752,0.054857,88932,89216,91013,89580,311.8,580.1,-0.008803,381.1,131798,389.8,121945,356.9,-10.54,-0.010835,121704,345.3,-19.00,-0.023807,91452,314.9,-10.42,-0.013251,400.1,0.023155,328.2,73312,481.1,74876,326.1,31.20,0.021553,75337,305.5,-11.56,-0.010170,90377,314.7,-38.35,-0.048223,40.1,0.000000,560.6,3539140,2353.0,115089,359.8,-0.09,-0.000084,104156,335.3,-22.05,-0.024426,91025,309.2,-51.39,-0.066246,220.1,0.000000,100.0,164227,1152.9,103945,341.8,-0.30,-0.000273,101466,327.4,-3.50,-0.003860,91153,313.2,-13.84,-0.017634
581.16,0.0113954,0.054850,89520,89395,90915,89710,311.8,581.2,-0.007879,380.0,132524,390.4,120800,356.6,-9.65,-0.009839,122076,345.6,-20.21,-0.025378,91404,314.8,-13.24,-0.016830,401.2,0.022952,325.1,72148,475.1,73687,322.9,31.08,0.021333,74384,304.4,-10.97,-0.009565,90369,314.7,-35.35,-0.044442,41.2,0.000000,708.6,3409170,2333.9,114916,359.6,-0.22,-0.000215,102972,334.2,-25.17,-0.027655,90956,309.1,-52.22,-0.067275,221.2,0.000000,1935.7,163323,1150.8,103674,341.5,-0.40,-0.000362,101528,327.5,-4.05,-0.004463,91065,313.0,-14.83,-0.018887
582.09,0.0114135,0.054819,90000,89576,90819,89828,311.8,582.1,-0.007056,379.1,133219,391.0,119779,356.2,-8.88,-0.008990,122320,345.7,-21.16,-0.026614,91348,314.8,-15.79,-0.020058,402.1,0.022799,322.3,71102,469.9,72624,320.2,31.05,0.021181,73553,303.4,-10.39,-0.008985,90348,314.8,-32.80,-0.041227,42.1,0.000000,100.0,3297507,2317.0,114611,359.4,-0.42,-0.000407,102011,333.3,-27.80,-0.030349,90885,309.1,-52.90,-0.068111,222.1,0.000000,1211.1,162434,1148.9,103370,341.2,-0.49,-0.000448,101584,327.5,-4.51,-0.004973,90988,312.8,-15.61,-0.019877
583.12,0.0114336,0.054763,90378,89778,90703,89961,311.8,583.1,-0.006288,378.1,134035,391.6,118674,355.8,-8.06,-0.008086,122355,345.7,-21.80,-0.027437,91278,314.7,-18.65,-0.023678,403.1,0.022698,319.4,69949,464.3,71457,317.3,31.11,0.021075,72668,302.4,-9.71,-0.008325,90309,314.8,-30.12,-0.037841,43.1,0.000000,594.8,3179059,2298.7,114006,358.8,-0.78,-0.000744,101064,332.4,-30.52,-0.033092,90794,309.0,-53.58,-0.068929,223.1,0.000000,301.3,161355,1146.5,102966,340.9,-0.60,-0.000542,101633,327.5,-4.99,-0.005501,90892,312.6,-16.38,-0.020849
584.14,0.0114538,0.054692,90693,89983,90584,90096,311.8,584.1,-0.005535,377.1,134898,392.3,117625,355.4,-7.24,-0.007215,122169,345.5,-22.09,-0.027769,91199,314.7,-21.56,-0.027357,404.1,0.022655,316.6,68812,458.9,70311,314.5,31.29,0.021043,71824,301.4,-9.01,-0.007655,90255,314.8,-27.59,-0.034641,44.1,0.000000,1583.2,3066248,2280.7,113017,357.9,-1.27,-0.001204,100237,331.6,-32.99,-0.035559,90691,309.0,-54.16,-0.069610,224.1,0.000000,100.0,160184,1144.0,102509,340.4,-0.68,-0.000612,101662,327.6,-5.42,-0.005976,90784,312.4,-17.03,-0.021674
585.07,0.0114719,0.054616,90964,90161,90477,90218,311.8,585.1,-0.004869,376.3,135715,393.0,116750,355.0,-6.52,-0.006453,121843,345.2,-22.17,-0.027822,91120,314.6,-24.22,-0.030710,405.1,0.022676,314.2,67808,454.2,69302,312.0,31.55,0.021079,71099,300.5,-8.34,-0.007040,90196,314.8,-25.42,-0.031899,45.1,0.000000,1446.4,2969301,2264.9,111753,356.8,-1.77,-0.001671,99583,331.0,-34.98,-0.037535,90590,308.9,-54.59,-0.070089,225.1,0.000000,100.0,159058,1141.6,102079,340.0,-0.71,-0.000641,101670,327.6,-5.75,-0.006347,90681,312.2,-17.53,-0.022288
586.09,0.0114920,0.054519,91234,90332,90361,90355,311.8,586.1,-0.004248,375.4,136668,393.7,115874,354.6,-5.73,-0.005632,121271,344.7,-22.00,-0.027517,91025,314.5,-27.19,-0.034461,406.1,0.022731,311.3,66717,449.1,68204,309.4,32.00,0.021217,70330,299.6,-7.56,-0.006329,90123,314.7,-23.12,-0.028984,46.1,0.000000,708.6,2866424,2247.7,109952,355.1,-2.33,-0.002171,98937,330.4,-36.94,-0.039456,90476,308.9,-54.94,-0.070463,226.1,0.000000,168.4,157738,1138.9,101612,339.6,-0.70,-0.000629,101660,327.5,-6.05,-0.006681,90566,312.0,-17.97,-0.022845
587.12,0.0115121,0.054412,91468,90460,90246,90493,311.8,587.1,-0.003642,374.7,137667,394.5,115114,354.2,-4.95,-0.004844,120473,344.0,-21.32,-0.026542,90916,314.4,-30.18,-0.038218,407.1,0.022865,308.7,65656,444.2,67138,306.9,32.63,0.021473,69599,298.7,-6.70,-0.005570,90043,314.7,-20.90,-0.026182,47.1,0.000000,790.1,2768390,2230.8,107808,353.1,-2.82,-0.002585,98356,329.8,-38.64,-0.041095,90361,308.8,-55.17,-0.070677,227.1,0.000000,100.0,156356,1136.0,101182,339.2,-0.65,-0.000582,101641,327.5,-6.28,-0.006927,90455,311.8,-18.34,-0.023302
588.14,0.0115322,0.054296,91684,90540,90132,90632,311.8,588.1,-0.003083,374.1,138714,395.4,114477,353.9,-4.21,-0.004099,119514,343.2,-20.36,-0.025209,90800,314.3,-33.16,-0.041946,408.1,0.023095,306.2,64631,439.4,66107,304.5,33.37,0.021791,68905,297.8,-5.75,-0.004744,89959,314.7,-18.76,-0.023480,48.1,0.000000,746.1,2674951,2214.3,105429,350.9,-3.18,-0.002877,97824,329.3,-40.08,-0.042473,90246,308.8,-55.30,-0.070766,228.1,0.000000,100.0,154923,1133.0,100806,338.8,-0.57,-0.000514,101609,327.5,-6.38,-0.007034,90346,311.5,-18.67,-0.023704
589.17,0.0115523,0.054171,91889,90576,90031,90772,311.8,589.2,-0.002572,373.6,139807,396.2,113955,353.6,-3.52,-0.003410,118512,342.3,-19.38,-0.023852,90690,314.2,-36.11,-0.045644,409.2,0.023368,303.8,63645,434.7,65113,302.2,34.15,0.022130,68248,297.0,-4.68,-0.003834,89874,314.6,-16.67,-0.020854,49.2,0.000000,108.2,2585868,2198.2,102926,348.5,-3.42,-0.003042,97333,328.8,-41.31,-0.043616,90138,308.7,-55.37,-0.070785,229.2,0.000000,371.3,153446,1129.9,100486,338.5,-0.49,-0.000438,101567,327.4,-6.34,-0.006993,90246,311.3,-18.97,-0.024083
590.09,0.0115704,0.054053,92070,90600,89961,90899,311.8,590.1,-0.002131,373.2,140832,397.0,113572,353.4,-2.95,-0.002851,117616,341.5,-18.54,-0.022706,90602,314.0,-38.74,-0.048932,410.1,0.023641,301.7,62790,430.7,64252,300.2,34.86,0.022440,67685,296.3,-3.60,-0.002934,89808,314.6,-14.82,-0.018532,50.1,0.000000,300.1,2509232,2183.9,100651,346.3,-3.54,-0.003091,96921,328.4,-42.23,-0.044459,90055,308.7,-55.40,-0.070771,230.1,0.000000,168.1,152084,1127.1,100245,338.3,-0.42,-0.000372,101526,327.4,-6.19,-0.006827,90170,311.1,-19.24,-0.024418
591.11,0.0115905,0.053914,92273,90681,89898,91040,311.8,591.1,-0.001733,372.9,142017,397.9,113219,353.3,-2.39,-0.002307,116635,340.7,-17.66,-0.021499,90517,313.9,-41.60,-0.052519,411.1,0.023919,299.6,61875,426.3,63332,298.1,35.66,0.022789,67091,295.5,-2.27,-0.001838,89750,314.5,-12.81,-0.016000,51.1,0.000000,219.2,2427816,2168.4,98169,343.8,-3.56,-0.003057,96493,327.9,-43.03,-0.045167,89980,308.7,-55.43,-0.070747,231.1,0.000000,100.0,150541,1123.9,100023,338.0,-0.34,-0.000307,101479,327.3,-5.88,-0.006478,90105,310.9,-19.55,-0.024807
592.14,0.0116106,0.053768,92482,90770,89852,91183,311.8,592.1,-0.001363,372.6,143249,398.8,112915,353.1,-1.92,-0.001852,115668,339.8,-16.80,-0.020337,90442,313.8,-44.39,-0.056014,412.1,0.024211,297.5,60997,422.1,62455,296.0,36.47,0.023140,66527,294.8,-0.80,-0.000642,89711,314.5,-10.85,-0.013544,52.1,0.000000,267.8,2350138,2153.3,95793,341.4,-3.49,-0.002949,96087,327.5,-43.54,-0.045566,89926,308.7,-55.48,-0.070759,232.1,0.000000,573.4,148971,1120.6,99838,337.9,-0.29,-0.000255,101434,327.3,-5.40,-0.005950,90060,310.8,-19.89,-0.025240
593.16,0.0116306,0.053614,92699,90990,89834,91327,311.8,593.2,-0.001045,372.3,144530,399.8,112631,352.9,-1.55,-0.001489,114721,339.0,-15.97,-0.019214,90383,313.7,-47.07,-0.059386,413.2,0.024495,295.6,60154,418.0,61624,294.1,37.27,0.023486,65993,294.1,0.81,0.000646,89691,314.5,-8.94,-0.011168,53.2,0.000000,100.0,2276005,2138.4,93562,339.1,-3.36,-0.002792,95669,327.0,-43.66,-0.045556,89886,308.8,-55.52,-0.070767,233.2,0.000000,159.7,147378,1117.3,99680,337.7,-0.25,-0.000219,101385,327.2,-4.76,-0.005248,90037,310.6,-20.27,-0.025729
594.08,0.0116487,0.053468,92901,91339,89839,91456,311.8,594.1,-0.000794,372.0,145723,400.7,112372,352.8,-1.29,-0.001238,113893,338.3,-15.25,-0.018252,90349,313.5,-49.39,-0.062313,414.1,0.024777,293.9,59425,414.4,60910,292.5,37.99,0.023800,65535,293.6,2.35,0.001875,89690,314.6,-7.28,-0.009090,54.1,0.000000,100.0,2212166,2125.3,91699,337.2,-3.20,-0.002620,95241,326.6,-43.39,-0.045134,89862,308.8,-55.50,-0.070712,234.1,0.000000,484.0,145929,1114.2,99551,337.6,-0.22,-0.000200,101329,327.2,-4.08,-0.004493,90032,310.5,-20.64,-0.026201
595.11,0.0116688,0.053299,93131,91735,89855,91601,311.9,595.1,-0.000593,371.7,147095,401.7,112066,352.5,-1.08,-0.001037,113007,337.5,-14.50,-0.017264,90335,313.4,-51.88,-0.065481,415.1,0.025068,292.1,58648,410.5,60153,290.7,38.82,0.024161,65045,292.9,4.16,0.003296,89704,314.6,-5.48,-0.006841,55.1,0.000000,311.7,2144274,2111.1,89804,335.2,-2.99,-0.002408,94672,326.0,-42.58,-0.044112,89851,308.9,-55.40,-0.070562,235.1,0.000000,206.3,144308,1110.8,99415,337.4,-0.21,-0.000187,101258,327.1,-3.22,-0.003541,90034,310.4,-21.04,-0.026723
596.13,0.0116888,0.053122,93363,92089,89871,91746,311.9,596.1,-0.000432,371.3,148516,402.8,111724,352.3,-0.96,-0.000913,112164,336.8,-13.84,-0.016393,90336,313.3,-54.34,-0.068610,416.1,0.025390,290.4,57905,406.8,59431,289.1,39.68,0.024540,64563,292.3,6.02,0.004746,89726,314.6,-3.73,-0.004654,56.1,0.000000,100.0,2079422,2097.1,88098,333.3,-2.75,-0.002184,93987,325.2,-41.24,-0.042509,89855,309.0,-55.27,-0.070374,236.1,0.000000,488.1,142678,1107.3,99284,337.3,-0.20,-0.000179,101185,327.0,-2.30,-0.002530,90045,310.2,-21.44,-0.027241
597.15,0.0117089,0.052936,93606,92390,89892,91892,311.9,597.2,-0.000320,370.9,149985,403.8,111346,352.0,-0.88,-0.000838,111370,336.0,-13.30,-0.015668,90340,313.1,-56.76,-0.071710,417.2,0.025733,288.8,57195,403.1,58747,287.5,40.59,0.024944,64069,291.7,7.88,0.006176,89750,314.6,-2.01,-0.002509,57.2,0.000000,912.8,2017455,2083.5,86579,331.7,-2.50,-0.001960,93184,324.4,-39.41,-0.040376,89862,309.1,-55.10,-0.070131,237.2,0.000000,370.7,141045,1103.8,99161,337.2,-0.19,-0.000168,101103,326.9,-1.42,-0.001566,90060,310.1,-21.83,-0.027753
598.08,0.0117270,0.052760,93854,92629,89927,92024,311.9,598.1,-0.000245,370.5,151350,404.8,110976,351.7,-0.85,-0.000805,110699,335.4,-12.92,-0.015165,90342,312.9,-58.90,-0.074444,418.1,0.026082,287.4,56585,400.0,58163,286.2,41.44,0.025334,63599,291.1,9.50,0.007400,89775,314.7,-0.47,-0.000587,58.1,0.000000,208.8,1964026,2071.5,85362,330.3,-2.27,-0.001765,92373,323.6,-37.42,-0.038099,89869,309.3,-54.89,-0.069837,238.1,0.000000,254.7,139574,1100.6,99064,337.1,-0.17,-0.000149,101011,326.9,-0.73,-0.000807,90079,310.0,-22.16,-0.028195
599.10,0.0117470,0.052555,94166,92814,90017,92171,312.0,599.1,-0.000199,370.0,152914,405.9,110529,351.3,-0.85,-0.000801,110006,334.8,-12.67,-0.014798,90353,312.8,-61.14,-0.077342,419.1,0.026464,286.0,55940,396.6,57552,284.8,42.45,0.025804,63036,290.4,11.16,0.008642,89693,314.6,1.03,0.001292,59.1,0.000000,309.5,1907136,2058.3,84165,329.0,-2.03,-0.001563,91395,322.5,-34.93,-0.035303,89891,309.4,-54.55,-0.069387,239.1,0.000000,750.1,137942,1097.0,98981,337.0,-0.13,-0.000115,100886,326.7,-0.13,-0.000145,90114,309.9,-22.47,-0.028612
600.12,0.0117671,0.052338,94503,92948,90145,92317,312.1,600.1,-0.000176,369.5,154530,407.1,110051,350.9,-0.87,-0.000817,109364,334.2,-12.58,-0.014639,90385,312.6,-63.23,-0.080055,420.1,0.026906,284.7,55328,393.3,56981,283.5,43.54,0.026322,62428,289.6,12.66,0.009734,89699,314.6,2.74,0.003427,60.1,0.000000,100.0,1852717,2045.5,83116,327.8,-1.81,-0.001377,90362,321.4,-32.29,-0.032371,89933,309.6,-54.05,-0.068743,240.1,0.000000,566.2,136316,1093.5,98938,337.0,-0.07,-0.000058,100736,326.6,0.28,0.000307,90177,309.9,-22.71,-0.028943
601.14,0.0117871,0.052108,94833,93068,90251,92464,312.2,601.1,-0.000017,100.0,156202,408.3,109469,350.4,-0.83,-0.000783,108744,333.7,-12.63,-0.014639,90438,312.4,-65.17,-0.082604,421.1,0.027400,283.4,54752,390.1,56451,282.3,44.71,0.026894,61785,288.7,14.00,0.010683,89748,314.6,4.62,0.005775,61.1,0.000000,138.9,1800641,2032.9,82201,326.8,-1.59,-0.001207,89292,320.3,-29.61,-0.029444,90005,309.8,-53.42,-0.067949,241.1,0.000000,100.0,134698,1089.9,98949,337.0,0.01,0.000011,100549,326.4,0.49,0.000532,90260,309.8,-22.92,-0.029238
602.17,0.0118072,0.051866,95110,93169,90326,92609,312.2,602.2,0.000000,926.9,157935,422.3,108904,349.9,-0.80,-0.000747,108147,333.1,-12.82,-0.014795,90498,312.2,-67.03,-0.085069,422.2,0.027952,282.3,54212,387.0,55965,281.2,45.98,0.027525,61131,287.9,15.23,0.011538,89806,314.6,6.56,0.008202,62.2,0.000000,324.9,1750786,2020.6,81413,325.9,-1.39,-0.001044,88197,319.1,-27.02,-0.026637,90095,310.1,-52.78,-0.067148,242.2,0.000000,100.0,133093,1086.3,99014,337.1,0.10,0.000088,100318,326.2,0.49,0.000533,90343,309.8,-23.16,-0.029571
603.09,0.0118252,0.051642,95294,93243,90384,92740,312.2,603.1,0.000000,1302.2,159544,423.4,108412,349.4,-0.78,-0.000725,107622,332.6,-13.09,-0.015062,90553,312.1,-68.68,-0.087253,423.1,0.028533,281.4,53757,384.4,55566,280.3,47.20,0.028148,60562,287.1,16.35,0.012297,89855,314.5,8.32,0.010410,63.1,0.000000,461.1,1707723,2009.8,80808,325.2,-1.20,-0.000900,87199,318.1,-24.83,-0.024282,90170,310.3,-52.24,-0.066462,243.1,0.000000,282.6,131660,1083.1,99128,337.2,0.19,0.000166,100083,326.0,0.31,0.000339,90412,309.7,-23.41,-0.029917
604.11,0.0118453,0.051389,95414,93314,90442,92885,312.2,604.1,0.000000,312.7,161387,424.7,107875,348.9,-0.76,-0.000710,107042,332.1,-13.50,-0.015468,90614,311.9,-70.51,-0.089686,424.1,0.029173,280.5,53287,381.5,55165,279.3,48.65,0.028898,59995,286.4,17.73,0.013253,89902,314.5,10.28,0.012871,64.1,0.000000,326.6,1661791,1997.9,80253,324.6,-1.00,-0.000741,86084,316.9,-22.62,-0.021919,90243,310.6,-51.66,-0.065729,244.1,0.000000,511.9,130086,1079.5,99316,337.3,0.29,0.000256,99750,325.7,-0.13,-0.000142,90482,309.7,-23.72,-0.030350
605.13,0.0118653,0.051136,95447,93378,90490,93030,312.2,605.1,0.000000,100.0,163292,426.1,107346,348.4,-0.76,-0.000702,106453,331.5,-13.98,-0.015960,90672,311.7,-72.37,-0.092164,425.1,0.029903,279.6,52856,378.7,54808,278.5,50.17,0.029701,59546,285.8,19.48,0.014480,89938,314.4,12.25,0.015343,65.1,0.000000,100.0,1617779,1986.4,79817,324.1,-0.79,-0.000584,84968,315.7,-20.69,-0.019865,90311,310.8,-51.12,-0.065033,245.1,0.000000,309.8,128533,1075.9,99565,337.6,0.38,0.000339,99315,325.3,-0.88,-0.000959,90546,309.6,-24.07,-0.030820
606.15,0.0118854,0.050887,95466,93440,90528,93175,312.2,606.2,0.000000,100.0,165259,427.4,106818,347.9,-0.76,-0.000700,105845,331.0,-14.53,-0.016521,90717,311.6,-74.26,-0.094671,426.2,0.030676,278.9,52462,376.0,54490,277.7,51.73,0.030530,59263,285.4,21.79,0.016138,89957,314.3,14.24,0.017847,66.2,0.000000,957.8,1575592,1975.0,79495,323.7,-0.59,-0.000434,83864,314.5,-19.06,-0.018132,90375,311.1,-50.63,-0.064406,246.2,0.000000,1523.2,127004,1072.3,99859,337.9,0.45,0.000399,98767,324.8,-1.95,-0.002106,90602,309.6,-24.44,-0.031324
607.07,0.0119034,0.050665,95507,93502,90557,93305,312.2,607.1,0.000000,377.6,167085,428.7,106344,347.5,-0.76,-0.000700,105279,330.4,-15.07,-0.017077,90749,311.4,-75.97,-0.096944,427.1,0.031420,278.4,52139,373.7,54232,277.1,53.11,0.031264,59179,285.3,24.47,0.018102,89959,314.2,16.07,0.020145,67.1,0.000000,370.0,1539111,1965.0,79293,323.4,-0.42,-0.000310,82892,313.4,-17.84,-0.016831,90427,311.3,-50.26,-0.063923,247.1,0.000000,100.0,125648,1069.2,100138,338.1,0.47,0.000422,98193,324.2,-3.14,-0.003376,90643,309.5,-24.80,-0.031796
608.10,0.0119235,0.050421,95453,93583,90593,93450,312.3,608.1,0.000000,1838.6,169178,430.1,105815,347.0,-0.77,-0.000704,104618,329.8,-15.73,-0.017738,90781,311.2,-77.90,-0.099498,428.1,0.032127,277.8,51812,371.2,53965,276.5,54.52,0.032012,59253,285.4,28.04,0.020764,89946,314.0,18.15,0.022761,68.1,0.000000,232.2,1500149,1954.1,79154,323.3,-0.26,-0.000190,81854,312.3,-16.73,-0.015640,90480,311.6,-49.93,-0.063478,248.1,0.000000,100.0,124166,1065.6,100433,338.4,0.45,0.000401,97491,323.5,-4.64,-0.004975,90682,309.5,-25.19,-0.032320
609.12,0.0119435,0.050186,95401,93676,90650,93595,312.3,609.1,0.000000,122.4,171341,431.6,105280,346.5,-0.78,-0.000713,103912,329.2,-16.42,-0.018432,90820,311.1,-79.86,-0.102088,429.1,0.032776,277.3,51515,368.8,53709,275.9,55.71,0.032626,59465,285.7,32.21,0.023905,89932,313.8,20.30,0.025476,69.1,0.000000,100.0,1462765,1943.4,79085,323.2,-0.13,-0.000096,80872,311.2,-15.83,-0.014674,90537,311.9,-49.65,-0.063101,249.1,0.000000,365.8,122707,1062.1,100673,338.6,0.37,0.000329,96755,322.8,-6.27,-0.006683,90721,309.4,-25.55,-0.032807
610.14,0.0119636,0.049955,95412,93783,90792,93739,312.4,610.1,0.000000,197.4,173576,433.1,104733,346.0,-0.80,-0.000730,103152,328.4,-17.16,-0.019157,90884,311.0,-81.81,-0.104685,430.1,0.033266,276.9,51241,366.6,53452,275.3,56.59,0.033051,59932,286.4,37.08,0.027677,89935,313.7,22.60,0.028373,70.1,0.000000,100.0,1426879,1932.9,79064,323.2,-0.04,-0.000032,79956,310.1,-15.11,-0.013892,90622,312.2,-49.36,-0.062730,250.1,0.000000,285.2,121269,1058.7,100832,338.8,0.25,0.000220,96017,322.1,-7.95,-0.008428,90788,309.4,-25.82,-0.033180
611.16,0.0119836,0.049727,95374,93907,91112,93882,312.7,611.2,0.000000,100.0,175887,434.6,104166,345.4,-0.83,-0.000756,102339,327.7,-17.94,-0.019925,91007,310.9,-83.58,-0.107102,431.2,0.033559,276.5,50983,364.4,53190,274.7,57.11,0.033256,60531,287.2,42.44,0.031897,89998,313.5,25.18,0.031642,71.2,0.000000,1071.5,1392415,1922.7,79068,323.2,0.00,0.000003,79112,309.2,-14.52,-0.013249,90785,312.6,-48.94,-0.062232,251.2,0.000000,100.0,119847,1055.2,100893,338.8,0.10,0.000086,95309,321.4,-9.63,-0.010155,90936,309.5,-25.91,-0.033335
612.09,0.0120017,0.049528,95334,94028,91626,94008,313.0,612.1,0.000000,507.5,178033,436.0,103635,344.9,-0.87,-0.000786,101569,326.9,-18.70,-0.020661,91198,311.0,-84.78,-0.108852,432.1,0.033655,276.1,50760,362.4,52948,274.2,57.27,0.033256,61051,288.0,47.07,0.035591,90159,313.5,27.89,0.035117,72.1,0.000000,208.1,1362556,1913.6,79070,323.2,0.00,0.000001,78417,308.4,-14.07,-0.012764,91048,313.1,-48.33,-0.061531,252.1,0.000000,100.0,118573,1052.0,100865,338.8,-0.03,-0.000029,94720,320.8,-11.11,-0.011664,91181,309.6,-25.77,-0.033227
613.11,0.0120218,0.049312,95295,94169,92346,94145,313.5,613.1,0.000000,569.4,180496,437.6,103016,344.3,-0.92,-0.000827,100687,326.1,-19.60,-0.021524,91561,311.3,-85.57,-0.110212,433.1,0.033594,275.7,50516,360.4,52679,273.7,57.19,0.033105,61524,288.6,51.69,0.039298,90503,313.5,31.37,0.039650,73.1,0.000000,125.1,1330605,1903.7,79052,323.2,-0.04,-0.000028,77724,307.6,-13.68,-0.012327,91493,313.8,-47.28,-0.060350,253.1,0.000000,234.2,117159,1048.5,100735,338.7,-0.20,-0.000175,94136,320.3,-12.69,-0.013265,91602,310.0,-25.15,-0.032538
614.13,0.0120418,0.049100,95248,94327,93007,94278,313.9,614.1,0.000000,364.5,183044,439.3,102364,343.7,-0.97,-0.000872,99793,325.2,-20.54,-0.022415,91998,311.6,-85.72,-0.110799,434.1,0.033407,275.0,50273,358.4,52419,273.2,57.06,0.032929,61896,289.2,55.78,0.042582,90979,313.6,35.07,0.044538,74.1,0.000000,100.0,1299887,1894.0,78978,323.1,-0.14,-0.000102,77108,306.9,-13.36,-0.011969,92041,314.6,-45.97,-0.058881,254.1,0.000000,460.5,115741,1045.0,100470,338.4,-0.40,-0.000359,93634,319.8,-14.19,-0.014778,92143,310.4,-24.20,-0.031449
615.16,0.0120619,0.048895,95191,94509,93537,94405,314.2,615.2,0.000000,100.0,185679,441.0,101676,343.1,-1.03,-0.000920,98904,324.4,-21.49,-0.023304,92391,312.0,-85.21,-0.110493,435.2,0.033225,274.4,50032,356.5,52190,272.8,57.23,0.032931,62199,289.6,59.48,0.045561,91421,313.7,38.61,0.049257,75.2,0.000000,380.5,1270352,1884.5,78818,322.9,-0.29,-0.000216,76562,306.2,-13.10,-0.011684,92580,315.4,-44.67,-0.057417,255.2,0.000000,100.0,114315,1041.4,100033,338.0,-0.66,-0.000592,93220,319.3,-15.62,-0.016212,92684,310.9,-23.26,-0.030361
616.08,0.0120800,0.048716,95135,94700,93940,94516,314.4,616.1,0.000000,550.8,188128,442.5,101026,342.4,-1.09,-0.000966,98116,323.6,-22.33,-0.024079,92679,312.2,-84.18,-0.109415,436.1,0.033276,273.9,49822,354.9,52048,272.5,57.86,0.033237,62436,290.0,62.57,0.048055,91717,313.7,41.58,0.053231,76.1,0.000000,119.0,1244734,1876.2,78586,322.6,-0.46,-0.000337,76131,305.7,-12.96,-0.011509,93011,316.0,-43.63,-0.056226,256.1,0.000000,237.3,113024,1038.1,99465,337.4,-0.95,-0.000839,92918,319.0,-16.84,-0.017443,93121,311.3,-22.58,-0.029580
617.11,0.0121001,0.048522,95066,94919,94242,94634,314.5,617.1,0.000000,246.1,190940,444.3,100267,341.7,-1.15,-0.001018,97262,322.7,-23.23,-0.024891,92940,312.4,-82.54,-0.107510,437.1,0.033802,273.8,49611,353.1,52038,272.5,59.51,0.034187,62635,290.3,65.71,0.050572,91953,313.7,44.68,0.057354,77.1,0.000000,270.3,1217292,1867.0,78228,322.2,-0.65,-0.000478,75713,305.2,-12.86,-0.011380,93398,316.7,-42.68,-0.055116,257.1,0.000000,489.7,111579,1034.4,98631,336.6,-1.28,-0.001127,92651,318.7,-18.13,-0.018744,93514,311.6,-22.08,-0.029004
618.13,0.0121202,0.048335,94991,95111,94439,94748,314.6,618.1,0.000000,502.8,193850,446.1,99468,340.9,-1.22,-0.001074,96431,321.9,-24.07,-0.025641,93113,312.6,-80.50,-0.104999,438.1,0.035012,273.8,49442,351.4,52180,272.7,62.19,0.035800,62781,290.5,68.55,0.052842,92110,313.6,47.47,0.061049,78.1,0.000000,629.3,1190881,1858.1,77769,321.7,-0.84,-0.000612,75365,304.8,-12.86,-0.011337,93676,317.1,-41.95,-0.054256,258.1,0.000000,675.6,110122,1030.6,97600,335.6,-1.59,-0.001393,92437,318.5,-19.34,-0.019955,93796,311.9,-21.83,-0.028746
619.16,0.0121404,0.048154,94914,95248,94608,94858,314.7,619.2,0.000000,395.1,196863,447.9,98623,340.1,-1.30,-0.001137,95621,321.1,-24.86,-0.026325,93212,312.7,-78.06,-0.101891,439.2,0.036882,274.3,49330,349.8,52433,273.0,65.77,0.037995,62900,290.7,71.18,0.054940,92203,313.5,49.96,0.064330,79.2,0.000000,422.7,1165447,1849.3,77226,321.0,-1.00,-0.000725,75079,304.5,-13.01,-0.011438,93865,317.6,-41.36,-0.053536,259.2,0.000000,153.7,108653,1026.8,96415,334.5,-1.85,-0.001606,92254,318.3,-20.42,-0.021046,93992,312.0,-21.75,-0.028691
620.08,0.0121585,0.047997,94843,95321,94728,94953,314.7,620.1,0.000000,498.9,199666,449.6,97819,339.3,-1.38,-0.001200,94906,320.4,-25.53,-0.026885,93295,312.8,-75.60,-0.098724,440.1,0.039230,275.0,49292,348.5,52810,273.6,69.90,0.040586,62998,290.8,73.43,0.056735,92249,313.5,51.98,0.066980,80.1,0.000000,991.3,1143357,1841.5,76683,320.4,-1.11,-0.000802,74866,304.2,-13.25,-0.011631,93977,317.9,-40.84,-0.052866,260.1,0.000000,100.0,107321,1023.3,95259,333.3,-2.02,-0.001740,92099,318.1,-21.27,-0.021902,94121,312.1,-21.75,-0.028713
621.11,0.0121786,0.047829,94762,95360,94821,95054,314.7,621.1,0.000000,100.0,202888,451.5,96871,338.3,-1.48,-0.001279,94121,319.6,-26.21,-0.027451,93395,312.9,-72.69,-0.094988,441.1,0.042214,276.2,49335,347.1,53403,274.4,75.32,0.044083,63111,291.0,75.82,0.058651,92258,313.4,54.04,0.069644,81.1,0.000000,1305.1,1119661,1833.0,76043,319.6,-1.19,-0.000855,74676,304.0,-13.57,-0.011891,94043,318.2,-40.13,-0.051939,261.1,0.000000,100.0,105831,1019.4,93925,332.0,-2.14,-0.001820,91925,317.9,-22.07,-0.022695,94226,312.2,-21.74,-0.028733
622.14,0.0121988,0.047667,94681,95396,94881,95150,314.7,622.1,0.000000,135.0,206226,453.5,95862,337.3,-1.59,-0.001362,93339,318.8,-26.86,-0.027962,93485,313.1,-69.71,-0.091130,442.1,0.045786,277.8,49475,345.9,54108,275.5,80.94,0.047815,63237,291.1,78.10,0.060501,92218,313.4,55.99,0.072136,82.1,0.000000,1496.9,1096820,1824.7,75389,318.8,-1.23,-0.000875,74523,303.8,-13.91,-0.012174,94077,318.4,-39.19,-0.050705,262.1,0.000000,287.6,104333,1015.4,92589,330.6,-2.17,-0.001832,91737,317.7,-22.71,-0.023315,94294,312.3,-21.70,-0.028698
623.07,0.0122170,0.047526,94618,95429,94920,95233,314.7,623.1,0.000000,100.0,209335,455.3,94904,336.4,-1.69,-0.001435,92632,318.1,-27.40,-0.028379,93556,313.2,-67.00,-0.087619,443.1,0.049127,279.2,49683,344.9,54750,276.4,85.44,0.050901,63367,291.3,80.06,0.062113,92155,313.4,57.69,0.074290,83.1,0.000000,120.8,1076963,1817.4,74809,318.1,-1.23,-0.000867,74405,303.6,-14.22,-0.012429,94096,318.6,-38.16,-0.049339,263.1,0.000000,607.5,102977,1011.8,91421,329.4,-2.14,-0.001791,91550,317.5,-23.13,-0.023719,94330,312.3,-21.61,-0.028577
624.10,0.0122372,0.047375,94568,95416,94947,95319,314.7,624.1,0.000000,166.0,212911,457.3,93791,335.2,-1.79,-0.001506,91836,317.2,-27.98,-0.028800,93623,313.4,-64.01,-0.083731,444.1,0.052062,280.8,49990,344.0,55461,277.5,89.62,0.053875,63533,291.5,82.12,0.063829,92066,313.3,59.53,0.076591,84.1,0.000000,100.0,1055643,1809.4,74189,317.4,-1.19,-0.000833,74291,303.5,-14.51,-0.012672,94085,318.8,-36.70,-0.047418,264.1,0.000000,208.5,101465,1007.7,90191,328.1,-2.06,-0.001702,91313,317.2,-23.43,-0.023982,94347,312.3,-21.41,-0.028320
625.13,0.0122575,0.047228,94533,95410,94965,95400,314.7,625.1,0.000000,595.4,216621,459.4,92644,334.1,-1.86,-0.001557,91027,316.4,-28.52,-0.029179,93680,313.5,-61.09,-0.079918,445.1,0.054695,282.4,50363,343.2,56168,278.6,92.93,0.056358,63723,291.8,84.01,0.065439,91961,313.3,61.31,0.078798,85.1,0.000000,3567.1,1035071,1801.5,73609,316.6,-1.12,-0.000783,74186,303.4,-14.71,-0.012831,94040,319.0,-34.81,-0.044933,265.1,0.000000,100.0,99948,1003.5,89054,326.9,-1.93,-0.001580,91020,316.9,-23.48,-0.023985,94355,312.3,-21.13,-0.027955
626.16,0.0122777,0.047084,94518,95429,94975,95475,314.6,626.2,0.000000,555.2,220470,461.6,91480,332.9,-1.91,-0.001582,90202,315.5,-29.04,-0.029517,93730,313.7,-58.26,-0.076225,446.2,0.056870,283.8,50788,342.5,56861,279.6,95.44,0.058375,63933,292.0,85.71,0.066929,91844,313.3,63.06,0.080948,86.2,0.000000,742.9,1015214,1793.8,73074,316.0,-1.04,-0.000723,74070,303.2,-14.76,-0.012864,93973,319.1,-32.41,-0.041791,266.2,0.000000,289.8,98429,999.4,88024,325.9,-1.77,-0.001439,90674,316.5,-23.35,-0.023791,94351,312.3,-20.77,-0.027473
627.10,0.0122960,0.046956,94527,95436,94979,95537,314.6,627.1,0.000000,166.2,224060,463.5,90436,331.8,-1.93,-0.001581,89445,314.7,-29.48,-0.029785,93770,313.8,-55.82,-0.073028,447.1,0.058550,285.0,51205,342.0,57469,280.5,97.11,0.059834,64136,292.3,87.11,0.068179,91732,313.2,64.61,0.082848,87.1,0.000000,100.0,997929,1787.0,72633,315.4,-0.96,-0.000667,73947,303.0,-14.68,-0.012775,93909,319.2,-29.81,-0.038402,267.1,0.000000,576.3,97062,995.5,87191,325.0,-1.62,-0.001305,90305,316.1,-22.99,-0.023351,94335,312.2,-20.34,-0.026901
628.13,0.0123163,0.046815,94559,95477,94980,95599,314.6,628.1,0.000000,135.5,228195,465.8,89296,330.6,-1.92,-0.001557,88588,313.8,-29.93,-0.030037,93811,313.9,-53.22,-0.069626,448.1,0.059898,286.2,51696,341.5,58126,281.5,98.44,0.061131,64377,292.5,88.56,0.069513,91601,313.2,66.32,0.084922,88.1,0.000000,100.0,979347,1779.5,72185,314.9,-0.88,-0.000608,73785,302.8,-14.39,-0.012505,93846,319.3,-26.49,-0.034085,268.1,0.000000,1040.9,95545,991.3,86368,324.1,-1.44,-0.001157,89820,315.6,-22.31,-0.022574,94310,312.2,-19.72,-0.026080
629.07,0.0123347,0.046688,94594,95585,94977,95648,314.6,629.1,0.000000,210.9,232054,467.8,88298,329.5,-1.89,-0.001520,87803,313.0,-30.29,-0.030217,93851,314.1,-50.99,-0.066719,449.1,0.058065,287.4,52098,341.1,59301,283.4,96.83,0.060941,64612,292.8,89.85,0.070718,91477,313.2,67.84,0.086759,89.1,0.000000,322.4,963163,1773.0,71815,314.4,-0.81,-0.000560,73612,302.6,-13.96,-0.012114,93804,319.4,-23.17,-0.029794,269.1,0.000000,100.0,94181,987.4,85713,323.4,-1.29,-0.001031,89320,315.0,-21.47,-0.021640,94288,312.2,-19.03,-0.025171
630.11,0.0123551,0.046546,94634,95806,94970,95696,314.6,630.1,0.000000,353.7,236502,470.2,87228,328.4,-1.84,-0.001470,86916,312.0,-30.65,-0.030350,93905,314.2,-48.68,-0.063693,450.1,0.061796,288.4,52626,340.7,59681,284.1,99.15,0.062655,64890,293.1,91.33,0.072122,91335,313.1,69.51,0.088770,90.1,0.000000,1248.0,945756,1765.8,71437,313.9,-0.75,-0.000512,73393,302.3,-13.30,-0.011518,93778,319.5,-19.21,-0.024688,270.1,0.000000,100.0,92665,983.0,85074,322.7,-1.14,-0.000903,88710,314.4,-20.32,-0.020390,94271,312.1,-18.15,-0.023998
631.15,0.0123755,0.046404,94679,96070,94973,95736,314.6,631.2,0.000000,925.2,241126,472.6,86198,327.2,-1.79,-0.001417,86014,311.1,-30.92,-0.030400,93971,314.4,-46.53,-0.060896,451.2,0.062817,289.6,53172,340.4,60149,284.8,100.45,0.063813,65173,293.4,92.92,0.073625,91192,313.1,71.18,0.090766,91.2,0.000000,471.7,928931,1758.7,71091,313.5,-0.69,-0.000470,73150,302.0,-12.47,-0.010768,93780,319.6,-15.05,-0.019335,271.2,0.000000,123.6,91141,978.6,84516,322.1,-1.00,-0.000789,88058,313.7,-19.02,-0.018981,94271,312.1,-17.15,-0.022686
632.09,0.0123939,0.046276,94746,96261,94897,95763,314.5,632.1,0.000000,100.0,245447,474.8,85305,326.3,-1.74,-0.001372,85189,310.2,-31.09,-0.030359,94253,314.8,-44.08,-0.057789,452.1,0.060504,290.6,53614,340.2,61502,286.9,97.46,0.062847,65429,293.6,94.48,0.075091,91263,313.4,73.38,0.093574,92.1,0.000000,236.6,914268,1752.5,70804,313.1,-0.64,-0.000434,72920,301.8,-11.58,-0.009983,94020,319.9,-10.52,-0.013538,272.1,0.000000,100.0,89757,974.5,84074,321.6,-0.89,-0.000698,87455,313.1,-17.75,-0.017631,94509,312.4,-15.57,-0.020631
633.13,0.0124144,0.046131,94852,96408,94976,95784,314.6,633.1,0.000000,100.0,250414,477.3,84345,325.2,-1.70,-0.001330,84260,309.2,-31.17,-0.030205,94503,315.1,-41.98,-0.055125,453.1,0.064146,291.4,54180,340.0,61701,287.2,99.76,0.064459,65681,293.9,96.32,0.076786,91193,313.6,75.29,0.095875,93.1,0.000000,177.1,898541,1745.7,70513,312.8,-0.58,-0.000395,72665,301.4,-10.48,-0.009013,94201,320.1,-5.94,-0.007650,273.1,0.000000,1631.7,88219,969.9,83644,321.1,-0.78,-0.000611,86787,312.4,-16.30,-0.016100,94706,312.5,-14.20,-0.018843
634.07,0.0124328,0.045997,94952,96489,95073,95797,314.7,634.1,0.000000,328.9,255038,479.6,83506,324.3,-1.68,-0.001301,83417,308.3,-31.15,-0.029974,94650,315.3,-40.40,-0.053089,454.1,0.064787,292.6,54696,339.9,62089,287.8,101.27,0.065706,65875,294.0,98.07,0.078375,91101,313.7,76.94,0.097833,94.1,0.000000,975.7,884881,1739.7,70277,312.5,-0.53,-0.000360,72451,301.2,-9.40,-0.008069,94323,320.3,-1.94,-0.002504,274.1,0.000000,315.5,86848,965.8,83303,320.8,-0.69,-0.000543,86202,311.8,-14.99,-0.014736,94825,312.6,-13.14,-0.017451
635.11,0.0124531,0.045846,95041,96508,95185,95804,314.8,635.1,0.000000,208.9,260356,482.2,82592,323.3,-1.66,-0.001279,82479,307.2,-31.04,-0.029630,94783,315.6,-38.73,-0.050941,455.1,0.065574,293.6,55281,339.8,62570,288.5,101.97,0.066517,66039,294.1,100.07,0.080142,91010,313.9,78.80,0.100044,95.1,0.000000,379.7,870224,1733.2,70044,312.2,-0.47,-0.000318,72242,300.9,-8.12,-0.006956,94299,320.2,2.07,0.002669,275.1,0.000000,100.0,85385,961.3,82970,320.4,-0.61,-0.000477,85584,311.1,-13.56,-0.013268,94947,312.7,-12.00,-0.015953
636.15,0.0124735,0.045694,95104,96488,95231,95804,314.9,636.1,0.000000,516.8,265873,484.9,81690,322.3,-1.66,-0.001267,81545,306.2,-30.85,-0.029213,94891,315.8,-37.25,-0.049020,456.1,0.063261,294.7,55810,339.7,63706,290.3,100.00,0.066018,66173,294.1,102.11,0.081933,90902,314.0,80.57,0.102120,96.1,0.000000,487.1,856086,1726.8,69845,311.9,-0.41,-0.000274,72075,300.7,-6.77,-0.005787,94289,320.1,6.01,0.007757,276.1,0.000000,100.0,84332,957.9,82675,320.1,-0.54,-0.000422,85012,310.5,-12.20,-0.011873,95045,312.8,-11.01,-0.014647
637.08,0.0124917,0.045556,95152,96454,95219,95799,314.9,637.1,0.000000,203.8,271018,487.4,80885,321.4,-1.67,-0.001262,80715,305.3,-30.63,-0.028799,94945,315.9,-36.15,-0.047574,457.1,0.066511,295.4,56343,339.7,64024,290.8,101.51,0.067227,66313,294.2,104.04,0.083641,90774,314.2,82.05,0.103802,97.1,0.000000,101.7,843786,1721.2,69694,311.7,-0.35,-0.000233,71962,300.6,-5.52,-0.004710,94295,320.0,9.39,0.012119,277.1,0.000000,1287.9,84348,957.4,82439,319.8,-0.49,-0.000379,84544,310.0,-11.02,-0.010689,95091,312.9,-10.32,-0.013735
638.11,0.0125120,0.045403,95200,96397,95137,95788,314.8,638.1,0.000000,100.0,276943,490.1,79993,320.3,-1.68,-0.001262,79811,304.3,-30.33,-0.028290,94934,316.0,-35.18,-0.046284,458.1,0.067194,296.5,56946,339.7,64474,291.4,102.34,0.068097,66561,294.4,106.31,0.085739,90589,314.2,83.52,0.105428,98.1,0.000000,276.5,830566,1715.1,69559,311.6,-0.28,-0.000187,71875,300.5,-4.11,-0.003506,94272,319.7,12.84,0.016579,278.1,0.000000,625.6,85133,958.8,82204,319.6,-0.44,-0.000339,84078,309.5,-9.80,-0.009462,95075,312.9,-9.81,-0.013051
639.15,0.0125323,0.045249,95242,96323,95010,95772,314.7,639.1,0.000000,100.0,283099,493.0,79103,319.3,-1.70,-0.001264,78932,303.3,-29.99,-0.027751,94861,316.0,-34.42,-0.045245,459.1,0.064772,297.5,57494,339.8,65696,293.3,100.01,0.067387,66976,294.7,108.76,0.088153,90358,314.3,84.85,0.106816,99.1,0.000000,100.0,817799,1709.1,69457,311.4,-0.21,-0.000142,71819,300.4,-2.73,-0.002330,94196,319.4,15.94,0.020585,279.1,0.000000,17352.6,86881,962.6,81993,319.3,-0.39,-0.000304,83669,309.0,-8.66,-0.008332,95000,312.8,-9.52,-0.012664
640.08,0.0125506,0.045111,95274,96249,94915,95755,314.6,640.1,0.000000,100.0,288845,495.6,78303,318.4,-1.71,-0.001266,78167,302.4,-29.65,-0.027253,94774,316.0,-33.81,-0.044403,460.1,0.068082,298.3,58044,339.8,65994,293.7,101.70,0.068727,67519,295.2,111.08,0.090607,90137,314.3,86.01,0.108014,100.1,0.000000,2245.1,806681,1703.8,69391,311.4,-0.15,-0.000103,71784,300.3,-1.55,-0.001324,94103,319.0,18.50,0.023891,280.1,0.000000,242.9,88293,965.7,81821,319.1,-0.36,-0.000278,83346,308.7,-7.71,-0.007406,94910,312.7,-9.34,-0.012416
641.11,0.0125708,0.044958,95304,96163,94794,95731,314.6,641.1,0.000000,360.8,295468,498.5,77418,317.4,-1.72,-0.001266,77349,301.5,-29.26,-0.026696,94674,316.0,-33.15,-0.043486,461.1,0.068834,299.5,58669,340.0,66480,294.4,102.84,0.069845,68313,296.0,113.83,0.093686,89893,314.2,87.30,0.109350,101.1,0.000000,193.7,794723,1698.1,69346,311.3,-0.09,-0.000063,71751,300.3,-0.35,-0.000298,93993,318.6,21.13,0.027293,281.1,0.000000,309.8,89896,969.0,81645,318.9,-0.33,-0.000254,83027,308.3,-6.77,-0.006485,94814,312.6,-9.20,-0.012215
642.14,0.0125911,0.044806,95337,96073,94622,95705,314.4,642.1,0.000000,274.7,302357,501.5,76540,316.3,-1.73,-0.001261,76567,300.6,-28.86,-0.026139,94537,315.9,-32.59,-0.042698,462.1,0.066527,300.6,59243,340.1,67907,296.5,100.09,0.068955,69265,297.0,116.57,0.096965,89625,314.2,88.49,0.110525,102.1,0.000000,1039.2,783164,1692.4,69329,311.3,-0.04,-0.000025,71712,300.3,0.73,0.000621,93844,318.1,23.49,0.030335,282.1,0.000000,270.8,91439,972.2,81484,318.8,-0.30,-0.000233,82742,308.0,-5.95,-0.005687,94674,312.5,-9.15,-0.012135
643.07,0.0126093,0.044669,95383,95995,94497,95678,314.4,643.1,0.000000,100.0,308792,504.3,75759,315.4,-1.73,-0.001251,75896,299.8,-28.48,-0.025638,94391,315.9,-32.05,-0.041932,463.1,0.070009,301.3,59820,340.3,68130,296.8,101.92,0.070366,70182,297.9,118.79,0.099808,89379,314.1,89.53,0.111538,103.1,0.000000,202.3,773091,1687.5,69335,311.3,0.01,0.000006,71673,300.2,1.61,0.001369,93698,317.7,25.42,0.032820,283.1,0.000000,798.1,93048,975.5,81349,318.6,-0.28,-0.000218,82506,307.8,-5.32,-0.005075,94541,312.4,-9.14,-0.012111
644.10,0.0126295,0.044515,95496,95910,94379,95645,314.3,644.1,0.000000,237.5,316217,507.4,74907,314.4,-1.72,-0.001234,75180,299.0,-28.04,-0.025076,94247,315.8,-31.30,-0.040894,464.1,0.070649,302.6,60472,340.5,68604,297.5,103.32,0.071667,71188,298.9,120.77,0.102587,89125,314.1,90.74,0.112734,104.1,0.000000,6898.7,762252,1682.1,69369,311.3,0.07,0.000048,71653,300.2,2.56,0.002180,93548,317.3,27.44,0.035428,284.1,0.000000,104.6,94516,978.3,81209,318.4,-0.26,-0.000202,82262,307.5,-4.74,-0.004509,94421,312.3,-9.13,-0.012082
645.13,0.0126497,0.044354,95762,95819,94235,95608,314.2,645.1,0.000000,141.1,323944,510.6,74074,313.4,-1.70,-0.001212,74492,298.1,-27.59,-0.024511,94108,315.8,-30.50,-0.039793,465.1,0.068314,303.6,61074,340.8,70138,299.6,100.07,0.070458,72142,299.8,122.19,0.104871,88872,314.0,91.89,0.113867,105.1,0.000000,100.0,751769,1676.7,69441,311.4,0.15,0.000100,71673,300.2,3.57,0.003037,93395,316.8,29.29,0.037802,285.1,0.000000,1821.8,95955,981.0,81081,318.3,-0.24,-0.000186,82033,307.3,-4.27,-0.004049,94295,312.1,-9.15,-0.012107
646.16,0.0126699,0.044178,96252,95721,94096,95568,314.1,646.2,0.000000,520.5,331990,513.9,73261,312.4,-1.68,-0.001186,73823,297.4,-27.13,-0.023950,93966,315.7,-29.68,-0.038679,466.2,0.071784,304.4,61744,341.0,70342,299.9,102.28,0.072147,73024,300.6,123.11,0.106664,88617,314.0,92.99,0.114926,106.2,0.000000,1078.6,741629,1671.6,69560,311.6,0.24,0.000164,71754,300.3,4.70,0.004004,93239,316.4,30.93,0.039915,286.2,0.000000,197.2,97323,983.5,80966,318.2,-0.22,-0.000166,81822,307.0,-3.88,-0.003672,94161,312.0,-9.26,-0.012231
647.09,0.0126881,0.043997,96787,95630,93977,95530,314.1,647.1,0.000000,771.2,339516,516.9,72549,311.5,-1.66,-0.001160,73229,296.7,-26.73,-0.023457,93844,315.7,-28.92,-0.037639,467.1,0.072461,305.6,62356,341.3,70810,300.6,103.82,0.073575,73758,301.2,123.55,0.107894,88392,313.9,93.97,0.115859,107.1,0.000000,1228.3,732785,1667.0,69713,311.8,0.34,0.000231,71909,300.5,5.91,0.005045,93104,316.0,32.26,0.041616,287.1,0.000000,249.8,98760,986.2,80878,318.1,-0.19,-0.000144,81652,306.8,-3.57,-0.003373,94048,311.9,-9.41,-0.012424
648.12,0.0127082,0.043772,97288,95544,93847,95485,314.0,648.1,0.000000,323.2,348211,520.3,71781,310.6,-1.62,-0.001130,72571,295.9,-26.29,-0.022928,93714,315.6,-28.06,-0.036471,468.1,0.070298,322.0,62993,341.7,72688,303.1,100.60,0.072571,74513,301.9,123.67,0.108877,88148,313.8,95.03,0.116863,108.1,0.000000,100.0,723262,1662.0,69940,312.0,0.47,0.000314,72194,300.9,7.54,0.006451,92962,315.7,33.56,0.043275,288.1,0.000000,619.0,99864,988.0,80800,318.0,-0.15,-0.000114,81503,306.7,-3.20,-0.003027,93932,311.8,-9.67,-0.012751
649.15,0.0127284,0.043527,97653,95423,93717,95438,313.9,649.1,0.000000,100.0,357272,523.8,71037,309.7,-1.59,-0.001097,71910,295.1,-25.87,-0.022420,93588,315.6,-27.20,-0.035310,469.1,0.074607,308.1,63716,342.1,73092,303.6,104.29,0.075522,75213,302.4,123.56,0.109607,87908,313.8,96.05,0.117823,109.1,0.000000,100.0,714045,1657.1,70227,312.4,0.59,0.000396,72582,301.3,9.40,0.008077,92825,315.4,34.68,0.044688,289.1,0.000000,100.0,100840,989.4,80747,317.9,-0.10,-0.000079,81447,306.6,-2.66,-0.002508,93823,311.7,-10.04,-0.013234
650.07,0.0127466,0.043297,97876,95319,93604,95394,313.9,650.1,0.000000,1260.7,365757,527.0,70391,308.8,-1.55,-0.001065,71313,294.4,-25.51,-0.021976,93477,315.6,-26.42,-0.034273,470.1,0.076363,309.7,64398,342.5,73855,304.5,107.23,0.078229,75802,302.9,123.36,0.110120,87696,313.7,96.95,0.118654,110.1,0.000000,500.6,706002,1652.8,70527,312.8,0.67,0.000455,72975,301.8,11.12,0.009591,92707,315.1,35.53,0.045762,290.1,0.000000,325.2,101529,990.3,80719,317.9,-0.06,-0.000049,81452,306.6,-2.00,-0.001891,93728,311.7,-10.49,-0.013810
651.10,0.0127667,0.043035,97988,95280,93482,95344,313.9,651.1,0.000000,267.3,375569,530.6,69700,308.0,-1.51,-0.001026,70648,293.6,-25.12,-0.021490,93357,315.5,-25.57,-0.033123,471.1,0.078741,311.6,65207,343.0,74923,305.8,109.69,0.080832,76454,303.4,123.09,0.110637,87466,313.7,97.92,0.119544,111.1,0.000000,152.1,697335,1648.1,70885,313.2,0.72,0.000492,73400,302.3,12.88,0.011156,92584,314.9,36.31,0.046741,291.1,0.000000,100.0,102117,990.8,80706,317.9,-0.03,-0.000021,81562,306.7,-1.08,-0.001016,93627,311.6,-11.10,-0.014603
652.13,0.0127869,0.042772,98025,95251,93363,95293,313.8,652.1,0.000000,417.8,385808,534.3,69042,307.1,-1.45,-0.000982,69989,292.8,-24.70,-0.020997,93238,315.5,-24.71,-0.031969,472.1,0.077592,313.4,65997,343.6,77030,308.5,109.10,0.081941,77094,303.9,122.73,0.111054,87241,313.6,98.85,0.120399,112.1,0.000000,534.0,688944,1643.5,71242,313.7,0.72,0.000491,73779,302.8,14.37,0.012490,92472,314.7,36.91,0.047489,292.1,0.000000,280.6,102527,990.9,80705,317.9,-0.00,-0.000003,81780,307.0,0.14,0.000128,93526,311.5,-11.82,-0.015545
653.16,0.0128070,0.042512,98026,95216,93249,95240,313.8,653.2,0.000000,252.0,396494,538.1,68418,306.3,-1.39,-0.000934,69346,292.0,-24.25,-0.020476,93123,315.5,-23.83,-0.030796,473.2,0.083256,315.3,66900,344.3,77909,309.5,112.65,0.085286,77712,304.4,122.28,0.111362,87023,313.6,99.77,0.121226,113.2,0.000000,290.5,680817,1638.9,71577,314.1,0.68,0.000463,74106,303.2,15.58,0.013579,92371,314.5,37.33,0.048005,293.2,0.000000,354.9,103449,992.1,80706,317.9,-0.00,-0.000000,82073,307.3,1.52,0.001442,93421,311.4,-12.63,-0.016588
654.08,0.0128252,0.042281,97992,95160,93151,95192,313.7,654.1,0.000000,100.0,406514,541.6,67887,305.7,-1.33,-0.000888,68794,291.3,-23.77,-0.019958,93021,315.4,-23.01,-0.029713,474.1,0.085450,316.9,67752,344.9,78743,310.5,114.20,0.087110,78271,304.8,121.87,0.111622,86832,313.5,100.57,0.121948,114.1,0.000000,100.0,673721,1635.0,71856,314.4,0.63,0.000430,74368,303.5,16.47,0.014392,92292,314.4,37.56,0.048278,294.1,0.000000,407.8,104644,994.0,80700,317.9,-0.01,-0.000009,82353,307.6,2.78,0.002644,93321,311.4,-13.37,-0.017547
655.11,0.0128453,0.042030,97913,95081,93042,95137,313.7,655.1,0.000000,478.7,418118,545.6,67332,305.0,-1.26,-0.000836,68228,290.6,-23.10,-0.019283,92909,315.4,-22.08,-0.028478,475.1,0.083031,318.3,68656,345.7,80509,312.7,112.37,0.087017,78908,305.3,121.43,0.111947,86625,313.5,101.43,0.122718,115.1,0.000000,315.6,666072,1630.6,72151,314.8,0.59,0.000409,74641,303.9,17.32,0.015171,92215,314.3,37.69,0.048421,295.1,0.000000,100.0,105574,995.2,80673,317.8,-0.05,-0.000040,82640,307.9,4.06,0.003875,93202,311.3,-14.16,-0.018566
656.14,0.0128655,0.041787,97798,94978,92937,95082,313.7,656.1,0.000000,282.3,430243,549.6,66810,304.3,-1.19,-0.000789,67740,290.0,-22.20,-0.018434,92799,315.3,-21.11,-0.027201,476.1,0.087644,319.6,69644,346.5,81166,313.5,114.35,0.089067,79569,305.8,121.06,0.112336,86423,313.5,102.26,0.123454,116.1,0.000000,100.0,658662,1626.4,72453,315.1,0.60,0.000417,74921,304.2,18.09,0.015886,92152,314.2,37.68,0.048385,296.1,0.000000,410.4,106252,995.9,80612,317.8,-0.11,-0.000085,82873,308.2,5.14,0.004916,93077,311.2,-14.86,-0.019468
657.17,0.0128856,0.041553,97658,94862,92842,95026,313.7,657.2,0.000000,100.0,442915,553.7,66316,303.6,-1.14,-0.000749,67360,289.5,-20.95,-0.017333,92692,315.3,-20.09,-0.025857,477.2,0.084949,321.0,70583,347.3,83018,315.7,111.12,0.087888,80257,306.4,120.74,0.112791,86230,313.4,103.08,0.124175,117.2,0.000000,100.0,651483,1622.2,72795,315.5,0.69,0.000476,75236,304.6,18.86,0.016613,92093,314.2,37.56,0.048207,297.2,0.000000,100.0,106561,995.7,80542,317.7,-0.13,-0.000098,83047,308.4,5.99,0.005739,92951,311.1,-15.42,-0.020171
658.09,0.0129038,0.041351,97512,94769,92767,94975,313.6,658.1,0.000000,141.8,454812,557.5,65887,303.1,-1.11,-0.000724,67123,289.2,-19.49,-0.016086,92604,315.3,-19.10,-0.024569,478.1,0.088987,322.0,71493,348.0,83243,315.9,112.64,0.089271,80897,307.0,120.49,0.113242,86064,313.4,103.81,0.124825,118.1,0.000000,389.9,645214,1618.6,73193,316.0,0.87,0.000605,75582,305.1,19.64,0.017351,92039,314.1,37.37,0.047948,298.1,0.000000,310.5,106592,994.9,80492,317.6,-0.10,-0.000080,83162,308.5,6.58,0.006308,92844,311.0,-15.75,-0.020581
659.12,0.0129239,0.041138,97331,94674,92692,94916,313.6,659.1,0.000000,273.9,468603,561.8,65420,302.5,-1.09,-0.000710,66979,289.1,-17.50,-0.014420,92514,315.2,-17.94,-0.023048,479.1,0.089242,322.8,72507,348.8,83785,316.5,113.36,0.090279,81618,307.6,120.20,0.113738,85889,313.3,104.60,0.125544,119.1,0.000000,310.5,638456,1614.6,73800,316.8,1.19,0.000837,76080,305.7,20.70,0.018373,91979,314.0,37.14,0.047630,299.1,0.000000,2960.9,106422,993.7,80472,317.6,-0.04,-0.000030,83255,308.6,7.07,0.006781,92733,310.9,-15.88,-0.020733
660.15,0.0129441,0.040936,97132,94600,92626,94856,313.6,660.1,0.000000,325.7,483028,566.2,64954,301.8,-1.10,-0.000709,66912,289.0,-15.21,-0.012527,92433,315.2,-16.69,-0.021430,480.1,0.085619,323.7,73451,349.6,85335,318.3,110.33,0.088968,82325,308.3,119.85,0.114144,85724,313.3,105.39,0.126258,120.1,0.000000,141.0,631910,1610.7,74613,317.7,1.57,0.001111,76748,306.5,22.11,0.019745,91917,314.0,36.95,0.047371,300.1,0.000000,820.9,106082,992.0,80494,317.6,0.04,0.000031,83325,308.7,7.42,0.007123,92630,310.8,-15.76,-0.020563
661.07,0.0129622,0.040765,96938,94610,92579,94801,313.6,661.1,0.000000,100.0,496578,570.2,64529,301.3,-1.11,-0.000718,66972,289.0,-12.84,-0.010583,92370,315.2,-15.49,-0.019881,481.1,0.089346,324.7,74360,350.4,85597,318.5,111.05,0.089768,82937,308.9,119.46,0.114398,85584,313.3,106.11,0.126907,121.1,0.000000,682.9,626195,1607.2,75489,318.8,1.85,0.001315,77525,307.4,23.76,0.021375,91859,313.9,36.88,0.047249,301.1,0.000000,282.9,105663,990.3,80593,317.8,0.20,0.000154,83378,308.7,7.65,0.007348,92539,310.8,-15.46,-0.020153
662.10,0.0129823,0.040588,96710,94746,92531,94737,313.6,662.1,0.000000,198.8,512296,574.8,64049,300.6,-1.14,-0.000732,67210,289.3,-9.67,-0.007987,92309,315.2,-14.08,-0.018059,482.1,0.085459,325.2,75296,351.1,87424,320.6,106.97,0.087743,83588,309.5,118.94,0.114552,85437,313.3,106.89,0.127627,122.1,0.000000,150.8,620012,1603.4,76539,320.0,1.98,0.001423,78585,308.6,26.05,0.023658,91793,313.8,36.86,0.047205,302.1,0.000000,159.6,105104,988.1,80869,318.1,0.52,0.000396,83438,308.8,7.85,0.007544,92432,310.7,-14.80,-0.019273
663.12,0.0130024,0.040425,96470,94925,92477,94670,313.6,663.1,0.000000,422.7,528746,579.5,63561,300.0,-1.17,-0.000745,67613,289.8,-6.02,-0.004996,92249,315.2,-12.61,-0.016160,483.1,0.089069,326.2,76296,351.9,87491,320.6,108.50,0.089068,84203,310.2,118.31,0.114552,85293,313.3,107.65,0.128313,123.1,0.000000,100.0,613823,1599.2,77563,321.2,1.91,0.001388,79807,310.0,28.69,0.026346,91714,313.8,36.94,0.047273,303.1,0.000000,100.0,104480,985.8,81360,318.6,0.91,0.000702,83507,308.9,8.03,0.007720,92323,310.6,-13.79,-0.017947
664.15,0.0130225,0.040276,96230,95045,92412,94601,313.6,664.1,0.000000,100.0,545966,584.2,63073,299.3,-1.18,-0.000748,68110,290.4,-2.14,-0.001788,92184,315.2,-11.09,-0.014208,484.1,0.088972,326.7,77293,352.7,87907,320.8,108.88,0.089738,84777,310.8,117.56,0.114372,85147,313.3,108.36,0.128941,124.1,0.000000,100.0,607818,1595.0,78487,322.2,1.71,0.001252,81111,311.5,31.49,0.029248,91615,313.7,37.13,0.047480,304.1,0.000000,100.0,103832,983.5,82044,319.3,1.26,0.000975,83592,309.0,8.24,0.007924,92210,310.5,-12.47,-0.016210
665.07,0.0130406,0.040154,95948,95100,92352,94535,313.6,665.1,0.000000,100.0,562154,588.6,62638,298.7,-1.18,-0.000743,68584,291.0,1.33,0.001112,92118,315.1,-9.69,-0.012398,485.1,0.084667,327.4,78118,353.4,89489,322.6,105.64,0.088140,85268,311.3,116.78,0.114073,85013,313.3,108.97,0.129466,125.1,0.000000,847.3,602571,1591.4,79209,323.1,1.49,0.001096,82281,312.8,33.96,0.031863,91509,313.6,37.42,0.047805,305.1,0.000000,100.0,103237,981.3,82754,320.1,1.44,0.001123,83692,309.1,8.50,0.008184,92106,310.4,-11.03,-0.014325
666.09,0.0130607,0.040037,95607,95102,92300,94459,313.6,666.1,0.000000,1093.5,580944,593.5,62173,298.1,-1.14,-0.000717,69108,291.6,5.03,0.004240,92046,315.1,-8.03,-0.010273,486.1,0.088801,328.3,79110,354.2,89770,322.7,106.76,0.089332,85800,311.9,115.82,0.113625,84870,313.3,109.64,0.130048,126.1,0.000000,354.4,596907,1587.4,79897,323.8,1.26,0.000933,83512,314.2,36.51,0.034612,91383,313.5,37.90,0.048372,306.1,0.000000,516.1,102571,978.9,83554,321.0,1.47,0.001152,83842,309.3,8.95,0.008625,92004,310.3,-9.16,-0.011890
667.12,0.0130807,0.039934,95416,95044,92259,94379,313.6,667.1,0.000000,100.0,600620,598.6,61772,297.5,-0.99,-0.000621,69618,292.3,8.55,0.007239,91985,315.0,-6.25,-0.007991,487.1,0.085202,328.9,80035,354.9,91748,324.8,102.84,0.087386,86331,312.5,114.78,0.113084,84739,313.3,110.33,0.130646,127.1,0.000000,246.9,591413,1583.4,80500,324.5,1.10,0.000820,84633,315.5,38.75,0.037078,91263,313.4,38.61,0.049224,307.1,0.000000,594.7,101995,976.6,84284,321.8,1.34,0.001057,84046,309.5,9.61,0.009278,91923,310.3,-7.05,-0.009147
668.14,0.0131007,0.039841,95295,94962,92206,94294,313.6,668.1,0.000000,100.0,621228,603.7,61507,297.2,-0.67,-0.000420,70117,292.9,11.89,0.010123,91927,315.0,-4.38,-0.005594,488.1,0.089010,330.1,81030,355.7,91800,324.7,104.67,0.089020,86872,313.2,113.67,0.112467,84612,313.4,110.98,0.131206,128.1,0.000000,106.4,586078,1579.6,81080,325.2,1.05,0.000790,85641,316.6,40.61,0.039180,91150,313.4,39.45,0.050245,308.1,0.000000,1199.7,102676,977.1,84894,322.4,1.12,0.000890,84308,309.8,10.50,0.010158,91858,310.2,-4.80,-0.006224
669.16,0.0131207,0.039754,95181,94870,92128,94205,313.5,669.2,0.000000,100.0,642818,609.0,61437,297.1,-0.21,-0.000128,70602,293.4,15.07,0.012894,91858,314.9,-2.48,-0.003162,489.2,0.089073,330.3,82026,356.4,92246,324.8,105.33,0.089975,87427,313.8,112.49,0.111781,84480,313.4,111.55,0.131661,129.2,0.000000,100.0,580893,1575.8,81716,325.9,1.14,0.000863,86554,317.6,42.05,0.040872,91031,313.3,40.33,0.051307,309.2,0.000000,147.7,106798,985.2,85370,322.9,0.88,0.000699,84613,310.1,11.56,0.011213,91790,310.2,-2.52,-0.003270
670.08,0.0131387,0.039682,95043,94774,92043,94121,313.5,670.1,0.000000,1692.7,663131,613.8,61519,297.2,0.17,0.000107,71015,294.0,17.78,0.015269,91781,314.9,-0.76,-0.000976,490.1,0.084952,331.0,82857,357.1,93906,326.6,102.07,0.088281,87941,314.4,111.37,0.111107,84356,313.4,111.99,0.131973,130.1,0.000000,1004.7,576348,1572.5,82405,326.6,1.35,0.001025,87327,318.4,42.96,0.042022,90914,313.3,41.12,0.052248,310.1,0.000000,239.7,113283,998.4,85692,323.3,0.67,0.000538,84909,310.5,12.55,0.012202,91720,310.1,-0.51,-0.000659
671.09,0.0131587,0.039611,94858,94655,91967,94024,313.4,671.1,0.000000,803.7,686732,619.3,61791,297.6,0.65,0.000408,71428,294.5,20.56,0.017737,91628,314.7,1.02,0.001305,491.1,0.089052,332.0,83854,357.8,94071,326.5,103.07,0.089323,88527,315.1,110.08,0.110299,84228,313.5,112.44,0.132294,131.1,0.000000,100.0,571424,1568.8,83395,327.7,1.75,0.001339,88166,319.4,43.54,0.042869,90787,313.3,42.03,0.053331,311.1,0.000000,100.0,120976,1013.5,85954,323.5,0.49,0.000388,85242,310.8,13.54,0.013200,91550,309.9,1.47,0.001904
672.11,0.0131787,0.039551,94637,94525,91868,93924,313.3,672.1,0.000000,230.0,711475,624.8,62301,298.2,1.24,0.000779,71780,294.9,23.11,0.019998,91476,314.6,2.88,0.003662,492.1,0.085025,332.0,84782,358.5,95913,328.3,98.91,0.086929,89125,315.8,108.72,0.109433,84102,313.5,112.81,0.132525,132.1,0.000000,420.4,566622,1565.2,84744,329.2,2.35,0.001818,89020,320.3,43.67,0.043292,90657,313.2,42.90,0.054374,312.1,0.000000,100.0,128941,1028.1,86141,323.7,0.35,0.000279,85567,311.2,14.29,0.013971,91415,309.8,3.49,0.004511
673.13,0.0131986,0.039503,94391,94386,91764,93819,313.2,673.1,0.000000,245.7,737415,630.5,63113,299.3,1.97,0.001248,72064,295.3,25.40,0.022042,91345,314.4,4.80,0.006106,493.1,0.088449,332.9,85770,359.3,95848,328.0,100.36,0.088204,89733,316.5,107.33,0.108513,83981,313.5,113.11,0.132686,133.1,0.000000,234.1,561935,1561.7,86546,331.1,3.07,0.002417,89896,321.3,43.37,0.043285,90524,313.2,43.74,0.055356,313.1,0.000000,100.0,136856,1041.8,86284,323.9,0.27,0.000213,85887,311.5,14.71,0.014417,91308,309.8,5.49,0.007083
674.15,0.0132185,0.039468,94157,94239,91659,93711,313.1,674.1,0.000000,159.6,764614,636.3,64272,300.8,2.78,0.001786,72273,295.5,27.45,0.023867,91227,314.3,6.74,0.008570,494.1,0.087987,333.0,86751,360.0,96058,327.9,100.26,0.088339,90347,317.3,105.89,0.107548,83868,313.5,113.34,0.132780,134.1,0.000000,100.0,557357,1558.2,88800,333.5,3.75,0.003004,90790,322.2,42.72,0.042934,90392,313.1,44.52,0.056273,314.1,0.000000,117.2,144472,1054.1,86411,324.0,0.23,0.000188,86218,311.9,14.70,0.014449,91217,309.8,7.39,0.009532
675.16,0.0132385,0.039444,93931,94086,91557,93599,313.0,675.2,0.000000,390.0,793136,642.2,65762,302.8,3.51,0.002298,72406,295.7,29.26,0.025478,91116,314.1,8.67,0.011013,495.2,0.083467,333.5,87655,360.7,97462,329.3,97.21,0.086541,90964,318.0,104.44,0.106547,83764,313.4,113.50,0.132813,135.2,0.000000,180.4,552879,1554.7,91386,336.1,4.19,0.003424,91674,323.1,41.87,0.042367,90262,313.1,45.25,0.057128,315.2,0.000000,193.3,151906,1065.4,86551,324.2,0.25,0.000205,86572,312.3,14.27,0.014066,91135,309.8,9.18,0.011821
676.07,0.0132564,0.039433,93707,93943,91478,93495,312.9,676.1,0.000000,100.0,819993,647.5,67317,304.7,3.99,0.002651,72469,295.8,30.75,0.026788,91024,314.0,10.39,0.013185,496.1,0.086693,334.1,88522,361.3,97513,329.1,97.33,0.086750,91520,318.7,103.12,0.105620,83682,313.4,113.60,0.132803,136.1,0.000000,100.0,548924,1551.6,93831,338.6,4.28,0.003571,92426,323.9,41.05,0.041777,90153,313.0,45.88,0.057860,316.1,0.000000,198.4,158141,1074.3,86715,324.3,0.32,0.000260,86920,312.7,13.56,0.013408,91068,309.8,10.67,0.013739
677.09,0.0132762,0.039433,93462,93779,91427,93377,312.8,677.1,0.000000,584.6,851215,653.6,69181,307.0,4.25,0.002880,72469,295.8,32.16,0.028008,90934,313.9,12.29,0.015593,497.1,0.082081,334.1,89406,361.9,98983,330.4,93.87,0.084575,92138,319.4,101.65,0.104570,83611,313.4,113.67,0.132787,137.1,0.000000,320.4,544603,1548.3,96484,341.2,4.08,0.003470,93179,324.7,40.17,0.041112,90049,313.0,46.58,0.058679,317.1,0.000000,158.7,163987,1082.1,86975,324.6,0.46,0.000374,87325,313.1,12.54,0.012440,91009,309.8,12.23,0.015735
678.10,0.0132961,0.039444,93244,93608,91483,93255,312.8,678.1,0.000000,575.0,883954,659.8,71086,309.3,4.25,0.002939,72412,295.8,33.31,0.028995,90882,313.8,14.29,0.018116,498.1,0.085131,334.8,90346,362.6,98942,330.1,94.28,0.084998,92752,320.2,100.18,0.103504,83579,313.4,113.81,0.132891,138.1,0.000000,486.4,540354,1544.9,98915,343.5,3.65,0.003161,93830,325.4,39.37,0.040484,89989,313.0,47.38,0.059644,318.1,0.000000,694.5,168258,1087.1,87354,325.0,0.67,0.000542,87712,313.5,11.43,0.011370,90988,309.9,13.78,0.017718
679.11,0.0133159,0.039466,93026,93435,91716,93129,313.0,679.1,0.000000,100.0,918269,666.1,72952,311.6,4.08,0.002874,72339,295.8,34.26,0.029791,90908,313.8,16.51,0.020945,499.1,0.080507,334.7,91210,363.2,100388,331.4,90.76,0.082702,93361,320.9,98.72,0.102427,83628,313.5,114.20,0.133391,139.1,0.000000,273.3,536168,1541.6,101040,345.5,3.13,0.002749,94381,326.0,38.64,0.039897,90016,313.1,48.42,0.060949,319.1,0.000000,527.8,172549,1092.0,87867,325.5,0.90,0.000732,88046,313.9,10.34,0.010310,91045,310.1,15.47,0.019889
680.12,0.0133357,0.039498,92805,93255,92113,92997,313.3,680.1,0.000000,335.3,954210,672.5,74734,313.6,3.81,0.002734,72286,295.7,35.02,0.030435,91061,313.9,19.10,0.024267,500.1,0.083434,335.5,92126,363.8,100294,331.0,91.31,0.083211,93962,321.7,97.28,0.101346,83803,313.7,114.94,0.134443,140.1,0.000000,100.0,532039,1538.3,102844,347.2,2.61,0.002325,94858,326.5,37.93,0.039306,90186,313.3,49.79,0.062749,320.1,0.000000,369.2,175893,1095.3,88497,326.2,1.10,0.000899,88305,314.1,9.34,0.009340,91240,310.5,17.45,0.022461
681.13,0.0133555,0.039540,92597,93027,92451,92860,313.4,681.1,0.000000,100.0,991847,679.0,76396,315.5,3.49,0.002541,72287,295.8,35.57,0.030907,91322,314.1,21.87,0.027842,501.1,0.078863,335.3,92968,364.4,101748,332.3,87.71,0.080796,94558,322.4,95.85,0.100265,84025,314.0,115.81,0.135691,141.1,0.000000,640.3,527959,1535.0,104358,348.6,2.16,0.001944,95294,326.9,37.17,0.038640,90441,313.6,51.28,0.064748,321.1,0.000000,100.0,178534,1097.5,89196,326.9,1.22,0.001001,88487,314.3,8.50,0.008505,91528,310.9,19.54,0.025194
682.14,0.0133753,0.039592,92400,92807,92660,92717,313.4,682.1,0.000000,1088.6,1031264,685.6,77912,317.3,3.12,0.002307,72380,295.9,35.81,0.031143,91578,314.3,24.47,0.031216,502.1,0.081685,336.0,93862,365.0,101612,331.9,88.36,0.081381,95150,323.1,94.44,0.099186,84190,314.2,116.54,0.136728,142.1,0.000000,281.7,523917,1531.7,105626,349.8,1.79,0.001623,95728,327.4,36.25,0.037807,90675,313.9,52.56,0.066479,322.1,0.000000,1160.3,179213,1097.0,89900,327.6,1.22,0.001011,88602,314.5,7.78,0.007793,91814,311.3,21.43,0.027667
683.14,0.0133950,0.039653,92214,92640,92755,92571,313.3,683.1,0.000000,608.1,1072551,692.3,79263,318.8,2.74,0.002047,72555,296.2,35.96,0.031325,91766,314.4,26.75,0.034189,503.1,0.077168,335.8,94684,365.5,103074,333.1,84.67,0.078812,95743,323.9,93.05,0.098114,84262,314.2,117.06,0.137446,143.1,0.000000,259.8,519905,1528.5,106690,350.7,1.48,0.001357,96213,327.9,35.05,0.036680,90839,314.1,53.52,0.067778,323.1,0.000077,333.7,180151,1096.7,90508,328.2,1.16,0.000959,88659,314.5,7.16,0.007181,92044,311.7,22.95,0.029670
684.15,0.0134147,0.039722,92038,92496,92756,92420,312.9,684.1,0.000000,100.0,1115800,699.1,80439,320.0,2.35,0.001776,72808,296.5,35.93,0.031372,91853,314.4,28.69,0.036706,504.1,0.079860,336.6,95557,366.1,102902,332.7,85.43,0.079483,96342,324.6,91.67,0.097048,84267,314.1,117.39,0.137894,144.1,0.000000,100.0,515915,1525.2,107584,351.5,1.23,0.001136,96819,328.5,33.38,0.035087,90917,314.1,54.14,0.068620,324.1,0.000258,334.3,180743,1095.7,90963,328.7,1.09,0.000906,88675,314.6,6.62,0.006630,92193,312.0,24.07,0.031146
685.15,0.0134344,0.039799,91873,92347,92707,92268,312.5,685.2,0.000000,623.5,1161103,706.0,81434,321.1,1.96,0.001497,73184,297.0,35.39,0.031008,91845,314.2,30.39,0.038898,505.2,0.075402,336.3,96363,366.6,104297,333.8,81.86,0.076933,96950,325.3,90.31,0.095987,84212,313.9,117.64,0.138201,145.2,0.000000,341.3,511937,1521.9,108334,352.2,1.03,0.000949,97622,329.3,31.06,0.032843,90911,314.0,54.49,0.069079,325.2,0.000222,334.6,183354,1097.4,91370,329.1,0.95,0.000797,88649,314.6,6.09,0.006099,92255,312.1,24.83,0.032139
686.16,0.0134541,0.039883,91719,92175,92638,92113,312.1,686.2,0.000000,1662.3,1208541,713.0,82245,322.0,1.58,0.001217,73768,297.7,34.19,0.030122,91790,314.0,31.91,0.040840,506.2,0.077971,337.1,97218,367.2,104110,333.4,82.59,0.077575,97568,326.1,88.94,0.094920,84120,313.5,117.90,0.138503,146.2,0.000000,855.6,507961,1518.7,108960,352.8,0.85,0.000790,98670,330.3,28.00,0.029837,90869,313.8,54.72,0.069369,326.2,0.000137,334.9,184405,1097.1,91707,329.4,0.73,0.000610,88592,314.5,5.53,0.005539,92238,312.2,25.37,0.032825
687.07,0.0134719,0.039964,91590,91998,92553,91973,311.6,687.1,0.000000,283.8,1253127,719.4,82821,322.6,1.26,0.000975,74478,298.6,32.50,0.028831,91710,313.8,33.14,0.042409,507.1,0.073229,336.7,97924,367.6,105520,334.6,78.93,0.074884,98132,326.7,87.70,0.093943,84015,313.2,118.13,0.138767,147.1,0.000000,359.5,504378,1515.7,109431,353.2,0.71,0.000665,99807,331.4,24.70,0.026536,90821,313.6,54.83,0.069519,327.1,0.000012,898.3,184664,1095.9,91942,329.7,0.45,0.000375,88531,314.4,4.96,0.004969,92190,312.2,25.74,0.033283
688.07,0.0134916,0.040059,91457,91776,92432,91816,311.1,688.1,0.000000,116.3,1304836,726.5,83307,323.1,0.94,0.000730,75445,299.7,30.08,0.026922,91582,313.5,34.41,0.044023,508.1,0.076110,337.5,98763,368.2,105298,334.1,79.80,0.075642,98763,327.5,86.30,0.092829,83881,312.7,118.36,0.139013,148.1,0.000000,187.7,500389,1512.4,109861,353.5,0.58,0.000540,101196,332.7,20.70,0.022456,90748,313.4,54.87,0.069572,328.1,-0.000073,897.6,184029,1093.3,92129,330.0,0.07,0.000060,88471,314.4,4.21,0.004214,92115,312.1,26.02,0.033624
689.08,0.0135114,0.040160,91330,91557,92288,91657,310.5,689.1,0.000000,307.9,1358894,733.8,83655,323.5,0.68,0.000525,76551,301.0,27.25,0.024640,91418,313.1,35.62,0.045543,509.1,0.071764,337.2,99539,368.7,106603,335.2,76.45,0.073144,99398,328.2,84.89,0.091687,83744,312.2,118.50,0.139158,149.1,0.000000,805.8,496387,1509.1,110200,353.8,0.45,0.000425,102589,334.0,16.71,0.018309,90661,313.0,54.79,0.069486,329.1,-0.000168,896.9,182742,1089.8,92250,330.4,-0.35,-0.000293,88438,314.4,3.30,0.003298,92023,312.0,26.20,0.033839
690.09,0.0135311,0.040266,91207,91340,92129,91499,309.9,690.1,0.000000,100.0,1415357,741.1,83899,323.8,0.47,0.000369,77733,302.3,24.22,0.022142,91231,312.6,36.78,0.046993,510.1,0.074135,338.0,100364,369.2,106404,334.7,77.11,0.073723,100033,329.0,83.47,0.090523,83618,311.8,118.50,0.139156,150.1,0.000000,367.5,492366,1505.7,110455,354.1,0.34,0.000318,103869,335.2,13.06,0.014436,90561,312.6,54.61,0.069267,330.1,-0.000282,896.1,181075,1085.7,92324,330.9,-0.80,-0.000674,88433,314.4,2.20,0.002200,91909,311.8,26.31,0.033961
691.10,0.0135509,0.040377,91086,91113,91958,91340,309.3,691.1,0.000000,310.3,1474270,748.5,84073,323.9,0.34,0.000263,78938,303.7,21.22,0.019613,91029,312.1,37.89,0.048380,511.1,0.069793,337.7,101126,369.7,107655,335.7,74.01,0.071380,100666,329.7,82.06,0.089351,83499,311.3,118.35,0.139011,151.1,0.000000,296.8,488320,1502.3,110630,354.2,0.23,0.000218,104974,336.2,9.91,0.011040,90441,312.2,54.32,0.068895,331.1,-0.000421,895.3,179127,1081.2,92373,331.6,-1.30,-0.001087,88476,314.4,0.91,0.000915,91777,311.6,26.37,0.034007
692.10,0.0135707,0.040493,90971,90878,91777,91181,308.8,692.1,0.000000,204.9,1535664,755.9,84210,324.1,0.26,0.000206,80114,305.0,18.41,0.017192,90813,311.6,38.96,0.049711,512.1,0.072113,338.4,101937,370.2,107509,335.4,74.46,0.071798,101294,330.5,80.65,0.088174,83381,310.8,118.06,0.138694,152.1,0.000000,100.0,484245,1498.9,110730,354.3,0.13,0.000125,105892,337.0,7.30,0.008183,90310,311.7,53.90,0.068366,332.1,-0.000596,894.6,176996,1076.4,92424,332.6,-1.86,-0.001552,88586,314.5,-0.50,-0.000497,91637,311.4,26.36,0.033961
693.11,0.0135905,0.040613,90860,90650,91589,91021,308.2,693.1,0.000000,2132.4,1599552,763.4,84336,324.2,0.24,0.000187,81230,306.2,15.91,0.015003,90588,311.1,39.99,0.050995,513.1,0.067687,338.4,102686,370.6,108628,336.3,71.82,0.069780,101913,331.2,79.26,0.086986,83267,310.2,117.54,0.138152,153.1,0.000000,100.0,480134,1495.4,110760,354.3,0.04,0.000037,106645,337.7,5.19,0.005840,90173,311.2,53.38,0.067715,333.1,-0.000796,893.9,174769,1071.4,92484,333.9,-2.49,-0.002073,88725,314.7,-1.89,-0.001897,91492,311.1,26.26,0.033812
694.13,0.0136103,0.040737,90749,90439,91395,90863,307.7,694.1,0.000000,316.6,1665925,770.9,84470,324.4,0.25,0.000195,82266,307.4,13.78,0.013118,90355,310.5,41.00,0.052237,514.1,0.066672,350.5,103429,371.1,109908,337.3,68.66,0.067300,102521,331.9,77.86,0.085776,83178,309.7,116.89,0.137476,154.1,0.000000,1219.8,475973,1491.9,110728,354.3,-0.04,-0.000039,107267,338.3,3.50,0.003953,90033,310.7,52.78,0.066966,334.1,-0.001025,893.2,172502,1066.2,92553,335.6,-3.21,-0.002662,88867,314.8,-3.16,-0.003172,91337,310.9,26.11,0.033585
695.14,0.0136301,0.040866,90639,90238,91196,90705,307.2,695.1,0.000000,217.4,1734751,778.5,84623,324.5,0.28,0.000220,83211,308.4,12.07,0.011579,90115,310.0,41.98,0.053437,515.1,0.068582,339.4,104215,371.6,109667,336.9,69.55,0.068106,103115,332.6,76.44,0.084532,83116,309.1,116.11,0.136678,155.1,0.000000,195.6,471759,1488.4,110637,354.2,-0.12,-0.000113,107792,338.8,2.17,0.002458,89891,310.2,52.11,0.066119,335.1,-0.001287,892.5,170241,1061.0,92628,337.7,-4.03,-0.003328,89003,314.9,-4.25,-0.004268,91173,310.6,25.90,0.033291
696.15,0.0136500,0.040999,90527,90063,90996,90547,306.7,696.1,0.000000,100.0,1805966,786.0,84792,324.7,0.31,0.000243,84065,309.3,10.77,0.010409,89872,309.4,42.93,0.054599,516.1,0.064424,339.4,104945,372.0,110777,337.7,66.90,0.066004,103694,333.3,75.01,0.083244,83069,308.7,115.18,0.135722,156.1,0.000000,382.3,467510,1484.8,110491,354.1,-0.19,-0.000180,108247,339.2,1.14,0.001298,89752,309.7,51.36,0.065165,336.1,-0.001584,891.8,167987,1055.8,92709,340.4,-4.97,-0.004072,89141,315.1,-5.13,-0.005159,91002,310.2,25.63,0.032922
697.16,0.0136699,0.041136,90404,89949,90797,90391,306.3,697.2,0.000000,541.6,1879816,794.9,84974,324.9,0.33,0.000261,84828,310.1,9.88,0.009611,89629,308.8,43.86,0.055740,517.2,0.066368,339.9,105719,372.5,110745,337.5,67.12,0.066247,104257,333.9,73.55,0.081906,83039,308.2,114.12,0.134626,157.2,0.000000,170.5,463241,1481.1,110300,353.9,-0.25,-0.000234,108650,339.5,0.37,0.000421,89620,309.2,50.51,0.064098,337.2,-0.001917,891.1,165709,1050.4,92794,343.6,-6.02,-0.004893,89297,315.2,-5.79,-0.005833,90827,309.9,25.29,0.032448
698.08,0.0136878,0.041264,90278,89924,90580,90252,305.9,698.1,0.000000,173.4,1949938,802.5,85146,325.1,0.35,0.000274,85444,310.8,9.42,0.009207,89402,308.3,44.65,0.056686,518.1,0.061911,340.2,106361,372.9,111758,338.3,64.83,0.064419,104749,334.5,72.20,0.080653,83020,307.8,113.01,0.133450,158.1,0.000000,1293.3,459356,1477.8,110102,353.7,-0.29,-0.000269,108977,339.8,-0.14,-0.000161,89502,308.8,49.63,0.062984,338.1,-0.002269,890.4,163606,1045.5,92873,347.1,-7.07,-0.005692,89461,315.4,-6.19,-0.006242,90661,309.6,24.89,0.031909
699.09,0.0137077,0.041411,90120,89934,90327,90099,305.4,699.1,0.000000,398.3,2034086,812.6,85345,325.3,0.36,0.000285,86042,311.4,9.29,0.009128,89131,307.8,45.45,0.057628,519.1,0.061293,340.4,107076,373.3,112935,339.2,62.04,0.062122,105274,335.1,70.68,0.079200,83005,307.4,111.54,0.131863,159.1,0.000000,179.0,454984,1474.1,109865,353.5,-0.31,-0.000291,109300,340.1,-0.53,-0.000611,89359,308.3,48.46,0.061501,339.1,-0.002656,889.6,161184,1039.8,92960,351.7,-8.35,-0.006641,89680,315.6,-6.38,-0.006444,90457,309.2,24.32,0.031151
700.11,0.0137276,0.041566,89952,89910,90175,89948,305.1,700.1,0.000000,100.0,2127275,825.2,85552,325.5,0.38,0.000297,86587,312.0,9.39,0.009269,88877,307.2,46.28,0.058621,520.1,0.063024,341.0,107833,373.8,112768,338.9,62.62,0.062675,105775,335.7,69.12,0.077687,83048,307.1,109.95,0.130206,160.1,0.000000,290.5,450563,1470.3,109623,353.3,-0.32,-0.000297,109580,340.4,-0.78,-0.000893,89240,307.9,47.25,0.059962,340.1,-0.003100,888.9,158653,1033.9,93048,357.1,-9.74,-0.007639,89952,315.9,-6.35,-0.006432,90267,308.8,23.75,0.030391
701.13,0.0137476,0.041727,89782,89840,90096,89798,304.9,701.1,0.000000,175.5,2232237,841.3,85771,325.7,0.40,0.000314,87097,312.5,9.77,0.009681,88673,306.8,47.30,0.059866,521.1,0.059010,341.1,108538,374.2,113744,339.7,60.37,0.060803,106261,336.2,67.54,0.076138,83169,306.8,108.32,0.128570,161.1,0.000000,100.0,446093,1466.4,109386,353.1,-0.31,-0.000291,109814,340.6,-0.91,-0.001050,89173,307.5,46.11,0.058546,341.1,-0.003578,888.2,155630,1027.1,93141,363.5,-11.23,-0.008660,90274,316.2,-6.08,-0.006174,90117,308.5,23.29,0.029790
702.14,0.0137675,0.041894,89607,89736,90029,89650,304.8,702.1,0.000000,567.3,2351832,861.7,86007,326.0,0.42,0.000337,87558,313.0,10.31,0.010253,88513,306.4,48.43,0.061256,522.1,0.057942,341.4,109239,374.7,114828,340.5,57.80,0.058633,106758,336.8,65.99,0.074614,83340,306.6,106.60,0.126856,162.1,0.000000,370.6,441563,1462.5,109165,352.9,-0.29,-0.000273,109996,340.7,-0.97,-0.001113,89161,307.2,45.02,0.057203,342.1,-0.004071,888.2,150492,1017.0,93235,371.0,-12.77,-0.009655,90678,316.6,-5.61,-0.005711,90006,308.2,22.96,0.029354
703.16,0.0137875,0.042069,89415,89613,89941,89504,304.6,703.2,0.000000,522.1,2488958,887.1,86266,326.2,0.47,0.000370,87995,313.5,10.96,0.010944,88372,306.1,49.52,0.062604,523.2,0.059502,342.1,109980,375.1,114644,340.2,58.33,0.059123,107305,337.4,64.54,0.073207,83528,306.5,104.71,0.124959,163.2,0.000000,100.0,436981,1458.5,108969,352.7,-0.26,-0.000241,110129,340.8,-1.00,-0.001153,89153,307.0,43.91,0.055831,343.2,-0.004568,888.0,146010,1007.7,93334,379.7,-14.32,-0.010592,91159,317.0,-4.98,-0.005089,89912,308.0,22.68,0.028999
704.08,0.0138055,0.042233,89224,89500,89838,89374,304.4,704.1,0.000000,311.1,2629703,914.8,86526,326.5,0.51,0.000409,88370,313.9,11.58,0.011595,88243,305.8,50.41,0.063694,524.1,0.055328,342.1,110597,375.5,115587,340.9,56.10,0.057210,107869,338.0,63.35,0.072113,83691,306.3,102.88,0.123077,164.1,0.000000,198.0,432813,1454.9,108823,352.6,-0.22,-0.000201,110203,340.9,-1.01,-0.001161,89129,306.8,42.87,0.054534,344.1,-0.005063,887.7,142578,1000.2,93443,388.6,-15.74,-0.011395,91641,317.5,-4.34,-0.004453,89828,307.7,22.44,0.028684
705.10,0.0138255,0.042424,89019,89371,89704,89231,304.2,705.1,0.000000,295.0,2807758,951.6,86851,326.8,0.58,0.000462,88774,314.3,12.26,0.012314,88088,305.5,51.28,0.064745,525.1,0.054557,342.5,111285,375.9,116574,341.7,53.70,0.055107,108589,338.7,62.20,0.071122,83859,306.1,100.73,0.120822,165.1,0.000000,238.0,427007,1449.9,108701,352.4,-0.16,-0.000148,110243,340.9,-0.96,-0.001103,89088,306.5,41.64,0.052988,345.1,-0.005607,887.5,138598,991.4,93632,399.9,-17.41,-0.012266,92217,318.1,-3.65,-0.003762,89724,307.5,22.16,0.028310
706.12,0.0138455,0.042623,88824,89236,89552,89091,304.0,706.1,0.000000,627.6,3010824,995.1,87220,327.2,0.65,0.000523,89173,314.7,12.91,0.013007,87917,305.2,52.04,0.065630,526.1,0.055884,343.0,112009,376.4,116363,341.4,54.09,0.055453,109391,339.5,61.20,0.070324,84006,305.9,98.51,0.118438,166.1,0.000000,100.0,420823,1444.7,108630,352.4,-0.09,-0.000087,110261,341.0,-0.78,-0.000898,89033,306.3,40.30,0.051299,346.1,-0.006217,887.2,135870,984.5,93916,412.9,-19.13,-0.013100,92818,318.7,-3.05,-0.003155,89602,307.2,21.85,0.027910
707.14,0.0138655,0.042829,88607,89095,89407,88954,303.9,707.1,0.000000,346.1,3240651,1045.6,87638,327.6,0.73,0.000591,89569,315.1,13.52,0.013663,87738,304.9,52.71,0.066408,527.1,0.051953,343.2,112684,376.8,117178,342.0,52.04,0.053625,110232,340.4,60.26,0.069607,84140,305.7,96.27,0.116001,167.1,0.000000,291.7,414538,1439.3,108615,352.4,-0.02,-0.000018,110295,341.0,-0.45,-0.000516,88978,306.0,38.86,0.049470,347.1,-0.006886,887.1,133343,977.9,94322,427.7,-20.97,-0.013919,93424,319.2,-2.56,-0.002665,89468,306.9,21.55,0.027505
708.16,0.0138856,0.043044,88384,88951,89275,88819,303.7,708.2,0.000000,365.5,3498286,1103.1,88109,328.1,0.82,0.000665,89974,315.6,14.11,0.014302,87564,304.7,53.36,0.067156,528.2,0.050645,343.5,113353,377.2,117957,342.6,49.89,0.051661,111060,341.2,59.29,0.068833,84271,305.6,94.05,0.113575,168.2,0.000000,100.0,408164,1433.9,108653,352.4,0.05,0.000049,110388,341.1,0.10,0.000118,88942,305.8,37.29,0.047478,348.2,-0.007575,887.3,130312,970.4,94839,444.5,-22.85,-0.014675,94033,319.8,-2.23,-0.002326,89332,306.6,21.26,0.027114
709.09,0.0139036,0.043245,88187,88821,89150,88700,303.6,709.1,0.000000,100.0,3754135,1160.9,88580,328.6,0.91,0.000735,90358,316.0,14.66,0.014904,87412,304.5,53.92,0.067786,529.1,0.049084,352.3,113946,377.6,118805,343.3,47.50,0.049444,111763,341.9,58.32,0.067993,84384,305.4,92.07,0.111387,169.1,0.000000,381.4,402355,1428.8,108738,352.5,0.12,0.000114,110539,341.2,0.83,0.000961,88935,305.7,35.67,0.045433,349.1,-0.008205,888.4,125637,960.1,95370,461.3,-24.49,-0.015239,94585,320.4,-2.04,-0.002146,89213,306.4,20.96,0.026720
710.11,0.0139237,0.043477,87977,88675,89018,88571,303.4,710.1,0.000000,1135.5,4064440,1231.4,89157,329.2,1.00,0.000812,90828,316.5,15.35,0.015670,87248,304.2,54.50,0.068433,530.1,0.050228,344.1,114640,378.0,118491,343.0,47.76,0.049633,112477,342.6,57.09,0.066851,84504,305.2,89.86,0.108934,170.1,0.000000,100.0,395823,1423.1,108883,352.6,0.19,0.000177,110772,341.4,1.87,0.002166,88960,305.6,33.53,0.042741,350.1,-0.008785,889.5,121352,950.0,96022,481.7,-26.17,-0.015700,95207,321.0,-1.93,-0.002039,89093,306.1,20.51,0.026136
711.14,0.0139438,0.043716,87783,88529,88918,88445,303.3,711.1,0.000000,100.0,4400523,1308.2,89787,329.8,1.08,0.000885,91370,317.0,16.22,0.016621,87097,304.0,55.07,0.069071,531.1,0.046306,344.4,115284,378.4,119124,343.4,45.81,0.047798,113123,343.2,55.71,0.065499,84635,305.1,87.68,0.106510,171.1,0.000000,100.0,389212,1417.3,109062,352.8,0.24,0.000219,111039,341.6,3.02,0.003497,89024,305.5,31.03,0.039593,351.1,-0.009396,890.8,117490,940.5,96776,504.0,-27.74,-0.016035,95851,321.6,-1.85,-0.001962,89007,305.9,19.92,0.025371
712.16,0.0139640,0.043961,87624,88383,88839,88323,303.2,712.2,0.000000,906.0,4759692,1390.7,90463,330.5,1.15,0.000947,92005,317.7,17.30,0.017820,86965,303.9,55.66,0.069749,532.2,0.044758,344.6,115920,378.8,119780,343.9,43.88,0.045970,113714,343.8,54.23,0.063987,84781,304.9,85.52,0.104113,172.2,0.000000,100.0,382541,1411.3,109253,352.9,0.25,0.000233,111290,341.9,4.13,0.004794,89107,305.5,28.25,0.036086,352.2,-0.010004,892.4,113644,930.9,97655,527.9,-29.23,-0.016273,96536,322.2,-1.71,-0.001821,88956,305.7,19.19,0.024447
713.09,0.0139821,0.044185,87542,88248,88772,88217,303.1,713.1,0.000000,267.2,5099645,1469.0,91100,331.1,1.19,0.000987,92660,318.3,18.47,0.019111,86858,303.7,56.20,0.070365,533.1,0.043198,344.9,116484,379.2,120488,344.5,41.99,0.044174,114214,344.2,52.85,0.062540,84923,304.8,83.56,0.101923,173.1,0.000000,100.0,376518,1405.8,109415,353.1,0.24,0.000220,111465,342.0,4.99,0.005796,89168,305.4,25.63,0.032758,353.1,-0.010584,894.2,110165,922.1,98565,550.7,-30.50,-0.016432,97216,322.9,-1.48,-0.001583,88943,305.6,18.40,0.023442
714.12,0.0140023,0.044432,87596,88090,88713,88103,303.1,714.1,0.000000,128.8,5491704,1559.9,91825,331.8,1.21,0.001011,93458,319.2,19.89,0.020706,86749,303.6,56.80,0.071056,534.1,0.042223,345.3,117112,379.6,121276,345.1,40.30,0.042603,114746,344.7,51.27,0.060877,85095,304.7,81.32,0.099422,174.1,0.000000,100.0,369807,1399.7,109568,353.2,0.20,0.000185,111575,342.1,5.70,0.006625,89196,305.4,22.76,0.029112,354.1,-0.011143,896.5,106414,912.4,99694,577.2,-31.84,-0.016550,98065,323.7,-1.10,-0.001183,88962,305.5,17.26,0.022009
715.15,0.0140225,0.044671,87783,87928,88669,87993,303.0,715.1,0.000000,100.0,5893625,1653.7,92551,332.6,1.21,0.001011,94289,320.0,21.31,0.022322,86649,303.5,57.42,0.071777,535.1,0.043205,345.8,117774,380.0,121245,345.0,40.78,0.043111,115262,345.2,49.68,0.059171,85286,304.7,79.00,0.096829,175.1,0.000000,100.0,363080,1393.5,109689,353.3,0.16,0.000148,111624,342.2,6.20,0.007211,89183,305.3,20.11,0.025724,355.1,-0.011725,899.3,102623,902.6,100935,604.7,-33.12,-0.016641,99008,324.6,-0.68,-0.000732,89009,305.5,15.83,0.020191
716.07,0.0140407,0.044875,87936,87777,88641,87898,303.0,716.1,0.000000,319.7,6258811,1740.0,93194,333.2,1.18,0.000994,95024,320.7,22.45,0.023654,86567,303.4,58.00,0.072465,536.1,0.040207,346.4,118342,380.4,122042,345.6,39.57,0.042038,115711,345.6,48.22,0.057589,85474,304.6,76.83,0.094394,176.1,0.000000,532.7,357015,1387.8,109784,353.4,0.14,0.000133,111638,342.2,6.46,0.007522,89160,305.2,17.91,0.022912,356.1,-0.010373,899.6,99818,895.0,100285,618.5,-28.33,-0.013824,99910,325.4,-0.41,-0.000451,89063,305.5,14.31,0.018263
717.11,0.0140609,0.045093,88005,87595,88620,87797,303.0,717.1,0.000000,965.8,6662474,1836.8,93890,333.9,1.14,0.000964,95789,321.5,23.47,0.024866,86482,303.3,58.70,0.073281,537.1,0.039842,346.6,118984,380.8,122948,346.3,38.43,0.041049,116188,346.0,46.55,0.055758,85701,304.6,74.32,0.091552,177.1,0.000000,248.2,350268,1381.4,109901,353.5,0.15,0.000144,111596,342.1,6.55,0.007614,89143,305.1,15.62,0.019986,357.1,-0.006948,616.6,98234,889.8,98026,620.7,-19.88,-0.009448,100915,326.3,-0.44,-0.000480,89112,305.4,12.47,0.015933
718.14,0.0140812,0.045307,87983,87431,88610,87701,303.0,718.1,0.000000,662.0,7057444,1933.5,94570,334.5,1.11,0.000941,96481,322.2,24.16,0.025723,86400,303.2,59.45,0.074169,538.1,0.039300,347.1,119637,381.3,123894,347.0,37.18,0.039938,116640,346.3,44.82,0.053832,85943,304.6,71.68,0.088557,178.1,0.000000,251.8,343515,1374.9,110059,353.6,0.21,0.000199,111516,342.1,6.47,0.007529,89157,305.0,13.36,0.017096,358.1,-0.005704,621.2,96943,885.2,97044,624.4,-15.04,-0.007038,101906,327.2,-0.79,-0.000871,89119,305.4,10.69,0.013656
719.07,0.0140994,0.045500,87907,87315,88613,87619,303.0,719.1,0.000000,164.4,7399916,2019.7,95187,335.1,1.11,0.000946,97041,322.8,24.48,0.026173,86329,303.2,60.19,0.075047,539.1,0.040666,347.7,120263,381.7,123915,346.9,37.77,0.040577,117025,346.6,43.20,0.052013,86171,304.6,69.23,0.085743,179.1,0.000000,180.8,337435,1369.0,110289,353.8,0.33,0.000312,111439,342.0,6.27,0.007281,89240,305.1,11.06,0.014167,359.1,-0.004463,623.9,96026,881.6,96566,626.7,-11.81,-0.005475,102770,328.0,-1.39,-0.001551,89093,305.3,9.23,0.011787
720.00,0.0141177,0.045694,87806,87211,88636,87540,303.0,0.0,-0.000000,232.0,7725115,2104.3,95828,335.7,1.14,0.000977,97548,323.3,24.55,0.026335,86267,303.1,61.00,0.076015,540.0,0.039544,348.0,120861,382.1,124645,347.5,36.57,0.039455,117393,346.9,41.53,0.050119,86409,304.6,66.72,0.082857,180.0,0.000000,2180.6,331356,1363.0,110657,354.2,0.53,0.000494,111364,341.9,5.94,0.006895,89445,305.2,8.09,0.010377,360.0,-0.001931,625.1,95462,878.7,96000,627.0,-8.16,-0.003759,103611,328.8,-2.32,-0.002600,89064,305.2,7.94,0.010143
