th,theta_deg,t_s,c1_5_p,c1_5_T,c1_5_u,c1_5_mdot,c1_242_p,c1_242_T,c1_242_u,c1_242_mdot,c1_464_p,c1_464_T,c1_464_u,c1_464_mdot,c1_504_p,c1_504_T,c1_504_u,c1_504_mdot,c1_770_p,c1_770_T,c1_770_u,c1_770_mdot,c1_1037_p,c1_1037_T,c1_1037_u,c1_1037_mdot,c1_1077_p,c1_1077_T,c1_1077_u,c1_1077_mdot,c1_1389_p,c1_1389_T,c1_1389_u,c1_1389_mdot,c1_1701_p,c1_1701_T,c1_1701_u,c1_1701_mdot,c4_5_p,c4_5_T,c4_5_u,c4_5_mdot,c4_242_p,c4_242_T,c4_242_u,c4_242_mdot,c4_464_p,c4_464_T,c4_464_u,c4_464_mdot,c4_504_p,c4_504_T,c4_504_u,c4_504_mdot,c4_770_p,c4_770_T,c4_770_u,c4_770_mdot,c4_1037_p,c4_1037_T,c4_1037_u,c4_1037_mdot,c4_1077_p,c4_1077_T,c4_1077_u,c4_1077_mdot,c4_1389_p,c4_1389_T,c4_1389_u,c4_1389_mdot,c4_1701_p,c4_1701_T,c4_1701_u,c4_1701_mdot
0,720.02,0.0133336,60331,801.1,0.43,6.7e-05,82240,982.3,-6.85,-0.001351,84779,1011.6,245.2,0.078426,84554,1015.1,272.19,0.078666,80775,1002.5,130.61,0.036515,77696,1039.6,49.75,0.015577,75116,1049.2,101.55,0.025225,85738,1026.2,157.04,0.083191,94318,1052.4,122.35,0.069524,89381,870.3,23.99,0.005068,76775,962.6,254.02,0.047739,84779,1011.6,245.2,0.078426,84554,1015.1,272.19,0.078666,80775,1002.5,130.61,0.036515,77696,1039.6,49.75,0.015577,75116,1049.2,101.55,0.025225,85738,1026.2,157.04,0.083191,94318,1052.4,122.35,0.069524
1,1.09,2.01e-05,60567,801.8,-1.27,-0.000197,82720,983.6,-15.93,-0.003156,83814,1009.0,245.3,0.077764,91945,1034.2,225.94,0.069693,90454,1029.6,177.48,0.054098,76102,1034.2,52.74,0.016259,73505,1043.3,103.29,0.025248,85654,1023.1,152.75,0.08108,94537,1051.2,117.68,0.0671,86601,859.1,22.6,0.004685,74238,954.8,254.47,0.046621,83814,1009.0,245.3,0.077764,91945,1034.2,225.94,0.069693,90454,1029.6,177.48,0.054098,76102,1034.2,52.74,0.016259,73505,1043.3,103.29,0.025248,85654,1023.1,152.75,0.08108,94537,1051.2,117.68,0.0671
2,2.07,3.84e-05,61379,804.3,-2.63,-0.000413,82891,984.1,-22.53,-0.004473,83058,1007.2,243.9,0.076762,99207,1051.6,185.32,0.060657,96162,1044.9,200.17,0.063915,74883,1030.1,56.32,0.017155,72115,1038.1,105.13,0.02534,85440,1020.6,148.18,0.078649,94720,1050.2,113.59,0.064952,84127,848.4,21.17,0.004319,71578,946.5,253.46,0.045165,83058,1007.2,243.9,0.076762,99207,1051.6,185.32,0.060657,96162,1044.9,200.17,0.063915,74883,1030.1,56.32,0.017155,72115,1038.1,105.13,0.02534,85440,1020.6,148.18,0.078649,94720,1050.2,113.59,0.064952
3,3.06,5.67e-05,62580,808.0,-3.75,-0.000598,82937,984.3,-28.09,-0.005577,82632,1006.4,238.41,0.07471,102559,1059.0,165.0,0.055443,98247,1050.6,204.33,0.066299,73800,1026.3,60.21,0.018139,70802,1033.1,107.01,0.025445,85121,1017.9,142.88,0.075759,94896,1049.3,109.79,0.06295,81720,837.7,19.73,0.003959,68933,938.1,252.65,0.043747,82632,1006.4,238.41,0.07471,102559,1059.0,165.0,0.055443,98247,1050.6,204.33,0.066299,73800,1026.3,60.21,0.018139,70802,1033.1,107.01,0.025445,85121,1017.9,142.88,0.075759,94896,1049.3,109.79,0.06295
4,4.05,7.5e-05,64069,812.4,-4.48,-0.000728,82770,983.8,-32.39,-0.006421,83904,1010.4,229.01,0.072577,102969,1059.4,155.77,0.052528,98998,1053.1,202.17,0.065942,72771,1022.6,63.96,0.01907,69609,1028.4,109.18,0.025639,84762,1015.1,137.11,0.07259,95072,1048.5,106.32,0.061123,79414,827.3,18.24,0.003602,66590,930.4,253.1,0.042686,83904,1010.4,229.01,0.072577,102969,1059.4,155.77,0.052528,98998,1053.1,202.17,0.065942,72771,1022.6,63.96,0.01907,69609,1028.4,109.18,0.025639,84762,1015.1,137.11,0.07259,95072,1048.5,106.32,0.061123
5,5.04,9.33e-05,65627,816.9,-4.49,-0.000742,82400,982.9,-35.46,-0.007005,86546,1018.5,204.28,0.066248,102721,1058.5,152.54,0.051363,99408,1054.8,198.85,0.065025,71734,1018.9,67.27,0.019841,68577,1024.2,111.8,0.025973,84386,1012.5,131.02,0.069238,95262,1047.9,103.25,0.059514,77253,817.3,16.68,0.003243,64765,924.2,254.92,0.042092,86546,1018.5,204.28,0.066248,102721,1058.5,152.54,0.051363,99408,1054.8,198.85,0.065025,71734,1018.9,67.27,0.019841,68577,1024.2,111.8,0.025973,84386,1012.5,131.02,0.069238,95262,1047.9,103.25,0.059514
6,6.1,0.0001129,66976,820.8,-3.37,-0.000566,81858,981.4,-37.9,-0.007449,92081,1033.8,164.75,0.056001,101490,1055.4,149.6,0.049913,100164,1057.4,197.23,0.064825,70596,1014.8,70.22,0.020467,67664,1020.3,114.87,0.026432,84013,1010.0,124.03,0.065411,95509,1047.3,100.48,0.058097,75133,807.3,14.99,0.00287,63444,919.7,258.23,0.041977,92081,1033.8,164.75,0.056001,101490,1055.4,149.6,0.049913,100164,1057.4,197.23,0.064825,70596,1014.8,70.22,0.020467,67664,1020.3,114.87,0.026432,84013,1010.0,124.03,0.065411,95509,1047.3,100.48,0.058097
7,7.09,0.0001313,67553,822.4,-1.37,-0.000231,81261,979.8,-39.76,-0.007771,96411,1045.3,132.99,0.046812,100231,1052.4,147.99,0.048903,101182,1060.7,197.11,0.065239,69552,1011.0,72.84,0.020995,66942,1017.0,117.47,0.026827,83742,1008.1,116.79,0.061512,95819,1047.1,98.53,0.057163,73318,798.6,13.45,0.00254,62807,917.3,261.29,0.042155,96411,1045.3,132.99,0.046812,100231,1052.4,147.99,0.048903,101182,1060.7,197.11,0.065239,69552,1011.0,72.84,0.020995,66942,1017.0,117.47,0.026827,83742,1008.1,116.79,0.061512,95819,1047.1,98.53,0.057163
8,8.08,0.0001497,67348,821.9,0.74,0.000124,80610,978.0,-41.47,-0.008054,97670,1049.0,116.27,0.041317,98758,1048.8,146.29,0.047794,102238,1064.1,196.81,0.065608,68625,1007.5,75.91,0.021663,66297,1014.0,119.2,0.02704,83607,1006.8,108.61,0.057184,96238,1047.3,97.34,0.056713,71667,790.5,11.97,0.002231,62726,916.8,262.79,0.042367,97670,1049.0,116.27,0.041317,98758,1048.8,146.29,0.047794,102238,1064.1,196.81,0.065608,68625,1007.5,75.91,0.021663,66297,1014.0,119.2,0.02704,83607,1006.8,108.61,0.057184,96238,1047.3,97.34,0.056713
9,9.08,0.0001681,66542,819.6,2.34,0.000391,79923,976.1,-43.15,-0.008326,96669,1046.9,107.99,0.038056,97162,1044.8,144.11,0.046498,103042,1067.0,195.06,0.06536,67998,1005.1,80.53,0.022826,65755,1011.3,119.28,0.026909,83603,1006.0,99.77,0.052568,96758,1047.8,96.89,0.056731,70164,783.1,10.58,0.00195,62835,917.1,262.54,0.042386,96669,1046.9,107.99,0.038056,97162,1044.8,144.11,0.046498,103042,1067.0,195.06,0.06536,67998,1005.1,80.53,0.022826,65755,1011.3,119.28,0.026909,83603,1006.0,99.77,0.052568,96758,1047.8,96.89,0.056731
10,10.07,0.0001865,65627,817.0,2.41,0.000398,79196,974.1,-44.8,-0.008583,95016,1043.2,103.02,0.035811,95476,1040.6,141.1,0.044919,103503,1069.1,192.09,0.064525,68175,1005.3,89.82,0.02552,65306,1009.1,118.25,0.026553,83511,1005.1,91.31,0.048106,97330,1048.5,96.98,0.057078,68782,776.3,9.34,0.001703,63071,917.7,258.39,0.041844,95016,1043.2,103.02,0.035811,95476,1040.6,141.1,0.044919,103503,1069.1,192.09,0.064525,68175,1005.3,89.82,0.02552,65306,1009.1,118.25,0.026553,83511,1005.1,91.31,0.048106,97330,1048.5,96.98,0.057078
11,11.07,0.000205,65310,816.1,0.63,0.000103,78414,971.9,-46.29,-0.008799,93241,1039.1,99.25,0.033991,93776,1036.3,137.71,0.043239,103755,1070.8,189.2,0.063606,69425,1009.2,105.01,0.030268,65041,1007.5,116.25,0.026038,83312,1004.0,83.66,0.044014,97880,1049.3,97.32,0.057558,67477,769.9,8.31,0.001499,63807,920.0,246.15,0.040227,93241,1039.1,99.25,0.033991,93776,1036.3,137.71,0.043239,103755,1070.8,189.2,0.063606,69425,1009.2,105.01,0.030268,65041,1007.5,116.25,0.026038,83312,1004.0,83.66,0.044014,97880,1049.3,97.32,0.057558
12,12.07,0.0002235,66018,818.1,-2.62,-0.000435,77568,969.6,-47.53,-0.008959,91630,1035.3,96.95,0.032748,92060,1031.9,133.97,0.041469,103834,1072.1,187.19,0.062904,71254,1014.8,121.48,0.035738,65142,1007.4,114.61,0.025715,82856,1002.2,77.31,0.040521,98338,1050.0,97.64,0.057977,66192,763.8,7.56,0.001347,64970,923.7,228.5,0.03787,91630,1035.3,96.95,0.032748,92060,1031.9,133.97,0.041469,103834,1072.1,187.19,0.062904,71254,1014.8,121.48,0.035738,65142,1007.4,114.61,0.025715,82856,1002.2,77.31,0.040521,98338,1050.0,97.64,0.057977
13,13.07,0.000242,68756,825.9,-8.19,-0.001403,76673,967.0,-48.55,-0.009072,90148,1031.8,95.17,0.031736,90354,1027.5,130.03,0.039674,103731,1073.0,185.83,0.062333,72613,1018.8,131.92,0.039391,66010,1010.0,115.25,0.026134,82101,999.7,72.88,0.037946,98634,1050.3,97.85,0.05826,64874,757.7,7.06,0.001244,65905,926.6,211.25,0.035405,90148,1031.8,95.17,0.031736,90354,1027.5,130.03,0.039674,103731,1073.0,185.83,0.062333,72613,1018.8,131.92,0.039391,66010,1010.0,115.25,0.026134,82101,999.7,72.88,0.037946,98634,1050.3,97.85,0.05826
14,14.07,0.0002605,72738,836.7,-10.43,-0.001865,75750,964.4,-49.46,-0.009155,88847,1028.7,94.01,0.030986,88788,1023.5,126.6,0.038104,103339,1073.2,184.62,0.061678,72978,1019.8,134.2,0.040238,68052,1016.2,123.09,0.028601,81064,996.5,70.34,0.036277,98716,1050.2,98.02,0.058412,63492,751.6,6.79,0.001181,66243,927.5,196.99,0.033152,88847,1028.7,94.01,0.030986,88788,1023.5,126.6,0.038104,103339,1073.2,184.62,0.061678,72978,1019.8,134.2,0.040238,68052,1016.2,123.09,0.028601,81064,996.5,70.34,0.036277,98716,1050.2,98.02,0.058412
15,15.07,0.0002791,76125,845.6,-8.11,-0.001502,74811,961.7,-50.28,-0.009217,87449,1025.3,92.06,0.029967,87381,1019.9,123.83,0.036811,102704,1072.7,183.56,0.060977,72568,1018.3,131.71,0.039325,70781,1024.4,136.34,0.032686,79844,993.0,69.25,0.035304,98620,1049.7,98.31,0.058564,62036,745.3,6.67,0.001142,66112,926.9,185.83,0.031234,87449,1025.3,92.06,0.029967,87381,1019.9,123.83,0.036811,102704,1072.7,183.56,0.060977,72568,1018.3,131.71,0.039325,70781,1024.4,136.34,0.032686,79844,993.0,69.25,0.035304,98620,1049.7,98.31,0.058564
16,16.07,0.0002976,78245,851.1,-4.85,-0.000917,73862,958.9,-50.99,-0.009256,86013,1021.7,89.77,0.028841,86127,1016.7,121.76,0.035788,101866,1071.6,183.59,0.060551,71919,1016.1,127.28,0.037744,72802,1029.7,146.16,0.035854,78565,989.1,69.17,0.034834,98330,1048.7,98.97,0.058836,60513,738.8,6.63,0.001118,65744,925.5,176.15,0.029486,86013,1021.7,89.77,0.028841,86127,1016.7,121.76,0.035788,101866,1071.6,183.59,0.060551,71919,1016.1,127.28,0.037744,72802,1029.7,146.16,0.035854,78565,989.1,69.17,0.034834,98330,1048.7,98.97,0.058836
17,17.08,0.0003162,79518,854.3,-2.95,-0.000565,72904,956.1,-51.55,-0.009262,84618,1018.2,87.32,0.027697,84899,1013.6,119.81,0.03482,100814,1070.4,184.69,0.060355,72173,1016.9,126.0,0.037468,73539,1030.8,149.18,0.036928,77315,985.3,69.57,0.034611,97937,1047.6,99.85,0.059188,58946,732.1,6.61,0.001096,65228,923.6,167.15,0.027816,84618,1018.2,87.32,0.027697,84899,1013.6,119.81,0.03482,100814,1070.4,184.69,0.060355,72173,1016.9,126.0,0.037468,73539,1030.8,149.18,0.036928,77315,985.3,69.57,0.034611,97937,1047.6,99.85,0.059188
18,18.08,0.0003349,80654,857.1,-2.75,-0.000532,71927,953.2,-51.85,-0.00922,83215,1014.6,84.72,0.026519,83600,1010.2,117.44,0.03372,99654,1068.6,186.48,0.060337,74738,1025.1,138.49,0.042305,73380,1029.9,148.42,0.036692,76212,981.9,69.74,0.034322,97536,1046.4,100.68,0.059499,57371,725.4,6.55,0.001066,64593,921.3,158.7,0.026219,83215,1014.6,84.72,0.026519,83600,1010.2,117.44,0.03372,99654,1068.6,186.48,0.060337,74738,1025.1,138.49,0.042305,73380,1029.9,148.42,0.036692,76212,981.9,69.74,0.034322,97536,1046.4,100.68,0.059499
19,19.09,0.0003535,82243,861.0,-3.8,-0.000747,70920,950.2,-51.77,-0.009106,81910,1011.2,82.6,0.025535,82259,1006.7,114.84,0.032559,98441,1066.7,188.67,0.060413,79280,1039.5,159.56,0.050986,72654,1026.6,144.47,0.035473,75281,979.0,69.4,0.033835,97169,1045.4,101.19,0.059633,55831,718.8,6.41,0.001024,63887,918.7,150.55,0.024668,81910,1011.2,82.6,0.025535,82259,1006.7,114.84,0.032559,98441,1066.7,188.67,0.060413,79280,1039.5,159.56,0.050986,72654,1026.6,144.47,0.035473,75281,979.0,69.4,0.033835,97169,1045.4,101.19,0.059633
20,20.1,0.0003721,84291,865.9,-4.6,-0.00092,69903,947.1,-51.04,-0.008876,80830,1008.4,81.61,0.024967,80903,1003.0,112.14,0.031384,97143,1064.5,190.91,0.06045,82951,1050.9,171.33,0.05666,72490,1025.3,145.24,0.035627,74556,976.8,68.42,0.033108,96855,1044.6,101.12,0.059443,54363,712.3,6.15,0.000966,63165,916.1,142.76,0.023195,80830,1008.4,81.61,0.024967,80903,1003.0,112.14,0.031384,97143,1064.5,190.91,0.06045,82951,1050.9,171.33,0.05666,72490,1025.3,145.24,0.035627,74556,976.8,68.42,0.033108,96855,1044.6,101.12,0.059443
21,21.04,0.0003895,86224,870.5,-4.45,-0.000908,68966,944.2,-49.73,-0.008558,80152,1006.7,82.37,0.025031,79679,999.7,109.76,0.030353,95856,1062.1,192.95,0.060416,84167,1054.4,172.4,0.057658,73807,1028.7,157.11,0.039113,74064,975.3,66.28,0.031911,96570,1043.9,100.44,0.058911,53067,706.5,5.91,0.000913,62468,913.5,135.67,0.02186,80152,1006.7,82.37,0.025031,79679,999.7,109.76,0.030353,95856,1062.1,192.95,0.060416,84167,1054.4,172.4,0.057658,73807,1028.7,157.11,0.039113,74064,975.3,66.28,0.031911,96570,1043.9,100.44,0.058911
22,22.04,0.0004082,87945,874.6,-3.51,-0.000727,68194,941.8,-48.77,-0.008321,79815,1006.0,85.46,0.025879,78506,996.6,107.77,0.029457,94391,1059.3,194.9,0.060254,84671,1055.3,169.67,0.057039,77665,1039.7,185.55,0.048088,73739,974.4,62.79,0.030131,96271,1043.1,98.91,0.057878,51753,700.6,5.67,0.000861,61717,910.8,128.41,0.020503,79815,1006.0,85.46,0.025879,78506,996.6,107.77,0.029457,94391,1059.3,194.9,0.060254,84671,1055.3,169.67,0.057039,77665,1039.7,185.55,0.048088,73739,974.4,62.79,0.030131,96271,1043.1,98.91,0.057878
23,23.05,0.0004268,89046,877.1,-2.15,-0.000448,68185,941.9,-50.58,-0.008628,79751,1006.1,89.9,0.027199,77567,994.1,106.72,0.028894,92874,1056.3,196.63,0.059985,84741,1054.3,167.92,0.056546,80345,1046.7,206.25,0.054928,73592,973.9,58.14,0.027854,95947,1042.4,96.63,0.056393,50334,696.1,5.06,0.000753,60949,907.9,121.6,0.019235,79751,1006.1,89.9,0.027199,77567,994.1,106.72,0.028894,92874,1056.3,196.63,0.059985,84741,1054.3,167.92,0.056546,80345,1046.7,206.25,0.054928,73592,973.9,58.14,0.027854,95947,1042.4,96.63,0.056393
24,24.05,0.0004454,89532,878.2,-0.89,-0.000186,69570,946.4,-59.84,-0.010365,79697,1006.2,94.21,0.02848,77055,992.8,107.77,0.029023,91315,1053.0,198.07,0.059598,84669,1052.3,166.98,0.05629,81164,1048.2,214.56,0.057647,73535,973.8,52.76,0.025258,95558,1041.5,93.67,0.054492,49083,692.1,4.61,0.000672,60137,904.9,115.64,0.018108,79697,1006.2,94.21,0.02848,77055,992.8,107.77,0.029023,91315,1053.0,198.07,0.059598,84669,1052.3,166.98,0.05629,81164,1048.2,214.56,0.057647,73535,973.8,52.76,0.025258,95558,1041.5,93.67,0.054492
25,25.06,0.0004641,89548,878.2,0.04,9e-06,73227,957.8,-80.05,-0.014422,79451,1005.8,97.25,0.02932,76977,992.8,110.92,0.02984,89727,1049.4,199.2,0.059092,84421,1048.9,166.62,0.056184,81164,1047.4,216.65,0.058249,73631,974.2,46.68,0.02237,95105,1040.5,90.2,0.052276,47925,688.3,4.4,0.00063,59250,901.6,110.79,0.017155,79451,1005.8,97.25,0.02932,76977,992.8,110.92,0.02984,89727,1049.4,199.2,0.059092,84421,1048.9,166.62,0.056184,81164,1047.4,216.65,0.058249,73631,974.2,46.68,0.02237,95105,1040.5,90.2,0.052276
26,26.07,0.0004827,89259,877.6,0.63,0.000132,76677,968.1,-94.14,-0.017569,78950,1004.6,98.64,0.029586,77127,993.5,114.66,0.030883,88095,1045.7,199.94,0.058443,83960,1044.2,166.11,0.055959,80758,1045.7,216.32,0.057963,73861,974.9,40.15,0.019287,94617,1039.4,86.32,0.049822,46795,684.5,4.4,0.000619,58374,898.4,106.52,0.01631,78950,1004.6,98.64,0.029586,77127,993.5,114.66,0.030883,88095,1045.7,199.94,0.058443,83960,1044.2,166.11,0.055959,80758,1045.7,216.32,0.057963,73861,974.9,40.15,0.019287,94617,1039.4,86.32,0.049822
27,27.07,0.0005013,88821,876.6,0.93,0.000193,78724,974.2,-96.29,-0.018334,78242,1002.8,98.58,0.029353,77271,994.2,117.41,0.03166,86398,1041.6,200.26,0.057637,83318,1038.3,165.42,0.055614,80402,1044.3,216.83,0.05792,74183,976.0,33.64,0.016213,94127,1038.3,82.03,0.04715,45654,680.6,4.55,0.000628,57853,896.3,100.51,0.015286,78242,1002.8,98.58,0.029353,77271,994.2,117.41,0.03166,86398,1041.6,200.26,0.057637,83318,1038.3,165.42,0.055614,80402,1044.3,216.83,0.05792,74183,976.0,33.64,0.016213,94127,1038.3,82.03,0.04715
28,28.08,0.0005199,88306,875.4,1.09,0.000225,79786,977.4,-91.1,-0.017522,77386,1000.6,97.28,0.028714,77321,994.7,117.9,0.031798,84635,1037.1,200.33,0.056721,82632,1031.9,164.86,0.05531,79965,1042.9,217.99,0.057993,74571,977.2,27.5,0.013305,93670,1037.4,77.3,0.044252,44479,676.5,4.81,0.000651,57865,896.2,89.73,0.013651,77386,1000.6,97.28,0.028714,77321,994.7,117.9,0.031798,84635,1037.1,200.33,0.056721,82632,1031.9,164.86,0.05531,79965,1042.9,217.99,0.057993,74571,977.2,27.5,0.013305,93670,1037.4,77.3,0.044252
29,29.08,0.0005386,87751,874.1,1.17,0.000242,80014,978.3,-84.03,-0.016195,76474,998.1,95.07,0.027799,77238,994.8,115.76,0.031185,82802,1032.3,200.24,0.055726,81938,1025.3,164.02,0.054916,79331,1041.0,218.59,0.057796,75006,978.6,21.89,0.010636,93275,1036.6,72.07,0.041115,43262,672.2,5.12,0.000677,59901,903.4,65.16,0.010182,76474,998.1,95.07,0.027799,77238,994.8,115.76,0.031185,82802,1032.3,200.24,0.055726,81938,1025.3,164.02,0.054916,79331,1041.0,218.59,0.057796,75006,978.6,21.89,0.010636,93275,1036.6,72.07,0.041115
30,30.09,0.0005572,87158,872.8,1.27,0.00026,79826,978.0,-78.21,-0.015044,75572,995.6,92.39,0.026764,77086,994.7,111.32,0.029933,80931,1027.3,200.11,0.054696,81216,1018.6,162.6,0.054317,78574,1038.8,218.72,0.057401,75461,980.0,16.79,0.008198,92963,1036.0,66.31,0.037722,42004,667.6,5.43,0.000703,63446,915.4,30.54,0.004988,75572,995.6,92.39,0.026764,77086,994.7,111.32,0.029933,80931,1027.3,200.11,0.054696,81216,1018.6,162.6,0.054317,78574,1038.8,218.72,0.057401,75461,980.0,16.79,0.008198,92963,1036.0,66.31,0.037722
31,31.09,0.0005758,86509,871.3,1.4,0.000286,79297,976.7,-74.44,-0.014241,74745,993.3,89.21,0.02562,76946,994.6,104.86,0.028147,79103,1022.3,199.84,0.053653,80470,1012.0,160.94,0.053617,77855,1036.8,218.45,0.056918,75893,981.3,12.06,0.005915,92742,1035.7,60.01,0.034069,40715,662.9,5.73,0.000724,65553,922.3,7.0,0.001173,74745,993.3,89.21,0.02562,76946,994.6,104.86,0.028147,79103,1022.3,199.84,0.053653,80470,1012.0,160.94,0.053617,77855,1036.8,218.45,0.056918,75893,981.3,12.06,0.005915,92742,1035.7,60.01,0.034069
32,32.1,0.0005944,85797,869.6,1.54,0.000314,78649,975.0,-72.8,-0.013837,74021,991.3,85.09,0.024248,76929,994.8,97.1,0.026053,77442,1017.6,199.17,0.052593,79690,1005.6,159.4,0.052926,77181,1034.7,217.53,0.056298,76238,982.4,7.42,0.003653,92596,1035.6,53.3,0.030214,39418,657.9,5.94,0.000732,65985,923.7,-4.45,-0.000749,74021,991.3,85.09,0.024248,76929,994.8,97.1,0.026053,77442,1017.6,199.17,0.052593,79690,1005.6,159.4,0.052926,77181,1034.7,217.53,0.056298,76238,982.4,7.42,0.003653,92596,1035.6,53.3,0.030214
33,33.04,0.0006118,85083,867.9,1.66,0.000335,78121,973.7,-71.86,-0.013586,73463,989.7,80.18,0.022712,76963,995.2,89.14,0.023918,76118,1013.8,198.09,0.051603,78930,999.8,158.33,0.052371,76561,1032.7,216.0,0.055562,76447,983.0,3.0,0.00148,92497,1035.6,46.79,0.026497,38234,653.3,5.97,0.000718,65614,922.5,-8.71,-0.001459,73463,989.7,80.18,0.022712,76963,995.2,89.14,0.023918,76118,1013.8,198.09,0.051603,78930,999.8,158.33,0.052371,76561,1032.7,216.0,0.055562,76447,983.0,3.0,0.00148,92497,1035.6,46.79,0.026497
34,34.04,0.0006304,84283,866.1,1.75,0.000351,77914,973.3,-69.41,-0.013092,73020,988.5,73.72,0.020784,76974,995.5,80.35,0.021557,74927,1010.3,196.37,0.050529,78088,993.8,157.57,0.051875,75910,1030.1,213.77,0.054657,76576,983.4,-1.74,-0.000861,92436,1035.6,39.62,0.022419,37035,648.5,5.84,0.000685,64573,919.1,-10.27,-0.0017,73020,988.5,73.72,0.020784,76974,995.5,80.35,0.021557,74927,1010.3,196.37,0.050529,78088,993.8,157.57,0.051875,75910,1030.1,213.77,0.054657,76576,983.4,-1.74,-0.000861,92436,1035.6,39.62,0.022419
35,35.05,0.000649,83463,864.1,1.81,0.00036,78065,973.9,-64.32,-0.012149,72718,987.7,66.12,0.018579,76950,995.6,71.64,0.019212,74049,1007.7,194.18,0.049508,77232,988.1,156.95,0.0514,75372,1027.3,210.92,0.053692,76726,983.8,-5.77,-0.002852,92409,1035.7,32.29,0.018265,35935,644.0,5.47,0.000628,63422,915.4,-10.92,-0.001783,72718,987.7,66.12,0.018579,76950,995.6,71.64,0.019212,74049,1007.7,194.18,0.049508,77232,988.1,156.95,0.0514,75372,1027.3,210.92,0.053692,76726,983.8,-5.77,-0.002852,92409,1035.7,32.29,0.018265
36,36.05,0.0006676,82638,862.1,1.84,0.000363,79069,977.0,-54.11,-0.010319,72505,987.1,57.65,0.016162,76872,995.6,62.85,0.016838,73490,1006.1,189.37,0.047992,76387,982.7,156.14,0.050849,75044,1024.3,206.74,0.052551,77269,985.4,-6.97,-0.003467,92404,1035.9,24.91,0.014086,35132,640.7,3.94,0.000444,62277,911.5,-11.68,-0.00188,72505,987.1,57.65,0.016162,76872,995.6,62.85,0.016838,73490,1006.1,189.37,0.047992,76387,982.7,156.14,0.050849,75044,1024.3,206.74,0.052551,77269,985.4,-6.97,-0.003467,92404,1035.9,24.91,0.014086
37,37.05,0.0006862,81808,860.1,1.88,0.000367,80596,981.5,-40.5,-0.007837,72339,986.7,48.73,0.013636,76732,995.4,54.15,0.014482,73150,1005.2,182.78,0.046151,75559,977.8,155.02,0.050186,74952,1021.6,200.86,0.051129,78332,988.5,-4.85,-0.002437,92416,1036.0,17.54,0.00992,34987,640.1,0.57,6.4e-05,61188,907.9,-12.94,-0.002054,72339,986.7,48.73,0.013636,76732,995.4,54.15,0.014482,73150,1005.2,182.78,0.046151,75559,977.8,155.02,0.050186,74952,1021.6,200.86,0.051129,78332,988.5,-4.85,-0.002437,92416,1036.0,17.54,0.00992
38,38.06,0.0007047,80940,858.0,2.01,0.000389,81886,985.2,-28.1,-0.005503,72179,986.3,39.66,0.011079,76519,994.9,45.75,0.01221,72919,1004.5,175.1,0.0441,74726,973.3,153.64,0.049423,75479,1020.7,191.77,0.0492,80238,994.0,2.89,0.001482,92448,1036.2,10.25,0.005797,35626,643.1,-3.83,-0.000436,60200,904.5,-14.95,-0.002345,72179,986.3,39.66,0.011079,76519,994.9,45.75,0.01221,72919,1004.5,175.1,0.0441,74726,973.3,153.64,0.049423,75479,1020.7,191.77,0.0492,80238,994.0,2.89,0.001482,92448,1036.2,10.25,0.005797
39,39.06,0.0007233,79930,855.5,2.4,0.000461,82762,987.7,-18.02,-0.003559,71971,985.6,30.54,0.00851,76157,993.9,37.95,0.010089,72689,1003.9,167.21,0.042009,73916,969.1,151.82,0.048514,76487,1021.6,179.61,0.046655,82184,999.6,11.06,0.005764,92504,1036.4,3.08,0.001742,37482,651.6,-9.85,-0.001165,59343,901.5,-17.84,-0.002766,71971,985.6,30.54,0.00851,76157,993.9,37.95,0.010089,72689,1003.9,167.21,0.042009,73916,969.1,151.82,0.048514,76487,1021.6,179.61,0.046655,82184,999.6,11.06,0.005764,92504,1036.4,3.08,0.001742
40,40.05,0.0007417,78691,852.4,2.96,0.000562,83413,989.5,-9.1,-0.001807,71699,984.8,21.4,0.005945,75614,992.4,31.1,0.008223,72312,1002.7,160.6,0.040185,73177,965.5,149.28,0.047405,77410,1021.5,167.42,0.044021,83310,1002.8,15.06,0.007931,92586,1036.6,-3.93,-0.002225,40168,663.5,-12.97,-0.001615,58619,899.0,-21.52,-0.003306,71699,984.8,21.4,0.005945,75614,992.4,31.1,0.008223,72312,1002.7,160.6,0.040185,73177,965.5,149.28,0.047405,77410,1021.5,167.42,0.044021,83310,1002.8,15.06,0.007931,92586,1036.6,-3.93,-0.002225
41,41.05,0.0007601,77376,849.1,3.12,0.000584,83983,991.1,-0.35,-6.9e-05,71348,983.7,12.48,0.003454,74883,990.2,25.3,0.006639,71581,1000.4,156.42,0.038835,72554,962.4,145.46,0.045945,77903,1019.6,157.98,0.04188,83795,1004.2,16.29,0.00862,92698,1036.8,-10.74,-0.006089,42778,674.5,-11.67,-0.001523,58005,896.9,-25.83,-0.003937,71348,983.7,12.48,0.003454,74883,990.2,25.3,0.006639,71581,1000.4,156.42,0.038835,72554,962.4,145.46,0.045945,77903,1019.6,157.98,0.04188,83795,1004.2,16.29,0.00862,92698,1036.8,-10.74,-0.006089
42,42.04,0.0007785,76299,846.4,2.44,0.000452,84434,992.3,8.06,0.001616,70899,982.3,4.23,0.001165,73960,987.5,20.42,0.005306,70735,997.6,154.9,0.038107,72111,960.3,140.25,0.044124,77837,1016.4,151.27,0.040196,84059,1005.0,17.63,0.009347,92841,1037.1,-17.34,-0.00984,44716,682.4,-8.19,-0.001104,57465,895.0,-30.55,-0.004622,70899,982.3,4.23,0.001165,73960,987.5,20.42,0.005306,70735,997.6,154.9,0.038107,72111,960.3,140.25,0.044124,77837,1016.4,151.27,0.040196,84059,1005.0,17.63,0.009347,92841,1037.1,-17.34,-0.00984
43,43.1,0.0007981,76132,846.0,0.03,6e-06,84627,992.8,15.7,0.003154,70289,980.3,-3.34,-0.000915,72788,983.9,16.04,0.004116,69743,994.3,156.82,0.038164,71975,959.2,131.74,0.041415,77374,1011.3,146.77,0.038959,84828,1007.1,23.08,0.012326,93023,1037.5,-24.11,-0.013704,45979,687.4,-4.75,-0.000653,56924,893.1,-35.71,-0.005363,70289,980.3,-3.34,-0.000915,72788,983.9,16.04,0.004116,69743,994.3,156.82,0.038164,71975,959.2,131.74,0.041415,77374,1011.3,146.77,0.038959,84828,1007.1,23.08,0.012326,93023,1037.5,-24.11,-0.013704
44,44.09,0.0008164,77817,850.3,-5.17,-0.000972,84621,992.7,21.63,0.004344,69651,978.3,-8.65,-0.002352,71559,980.1,12.58,0.003188,68773,991.1,162.96,0.039236,72149,959.3,120.7,0.038033,76497,1005.2,144.09,0.038046,87152,1013.6,37.89,0.020656,93214,1037.8,-30.2,-0.017198,46592,689.8,-2.44,-0.000339,56406,891.3,-40.33,-0.006014,69651,978.3,-8.65,-0.002352,71559,980.1,12.58,0.003188,68773,991.1,162.96,0.039236,72149,959.3,120.7,0.038033,76497,1005.2,144.09,0.038046,87152,1013.6,37.89,0.020656,93214,1037.8,-30.2,-0.017198
45,45.07,0.0008347,83089,863.4,-13.2,-0.002614,84339,991.9,26.06,0.005221,68994,976.1,-11.97,-0.003229,70253,976.0,9.68,0.002417,67848,987.9,172.12,0.041014,72404,959.7,108.67,0.03435,75430,998.9,142.16,0.037248,89941,1021.1,55.45,0.030965,93412,1038.2,-36.06,-0.020569,46799,690.7,-0.78,-0.000109,55857,889.3,-44.52,-0.006588,68994,976.1,-11.97,-0.003229,70253,976.0,9.68,0.002417,67848,987.9,172.12,0.041014,72404,959.7,108.67,0.03435,75430,998.9,142.16,0.037248,89941,1021.1,55.45,0.030965,93412,1038.2,-36.06,-0.020569
46,46.06,0.000853,89772,879.1,-14.28,-0.002999,83820,990.4,29.08,0.005799,68368,974.1,-13.24,-0.003547,68932,971.7,7.42,0.001826,66956,984.8,181.98,0.042927,72397,959.5,97.76,0.030906,74236,992.2,140.36,0.036437,91507,1025.4,66.34,0.037533,93604,1038.5,-41.69,-0.023824,46682,690.3,0.53,7.4e-05,55278,887.3,-48.18,-0.007074,68368,974.1,-13.24,-0.003547,68932,971.7,7.42,0.001826,66956,984.8,181.98,0.042927,72397,959.5,97.76,0.030906,74236,992.2,140.36,0.036437,91507,1025.4,66.34,0.037533,93604,1038.5,-41.69,-0.023824
47,47.05,0.0008712,94578,889.9,-9.25,-0.002022,83143,988.4,31.43,0.006229,67841,972.3,-12.58,-0.00335,67661,967.6,6.05,0.001468,66045,981.6,190.61,0.044499,71933,957.8,89.19,0.028063,72957,985.6,138.11,0.035472,91960,1026.9,71.08,0.040358,93777,1038.7,-47.12,-0.026971,46321,689.0,1.43,0.000197,54682,885.1,-51.4,-0.007482,67841,972.3,-12.58,-0.00335,67661,967.6,6.05,0.001468,66045,981.6,190.61,0.044499,71933,957.8,89.19,0.028063,72957,985.6,138.11,0.035472,91960,1026.9,71.08,0.040358,93777,1038.7,-47.12,-0.026971
48,48.1,0.0008907,96725,894.6,-3.32,-0.000738,82315,986.0,33.75,0.006639,67370,970.7,-9.99,-0.002646,66440,963.5,5.86,0.001401,64999,977.8,197.29,0.045504,70931,954.6,82.45,0.025668,71580,978.6,135.03,0.034267,91999,1027.5,72.96,0.041418,93928,1038.9,-52.7,-0.030212,46112,688.3,0.58,8e-05,54046,882.8,-54.49,-0.00786,67370,970.7,-9.99,-0.002646,66440,963.5,5.86,0.001401,64999,977.8,197.29,0.045504,70931,954.6,82.45,0.025668,71580,978.6,135.03,0.034267,91999,1027.5,72.96,0.041418,93928,1038.9,-52.7,-0.030212
49,49.08,0.0009089,96611,894.3,0.48,0.000106,81491,983.6,35.87,0.007003,66957,969.4,-6.55,-0.001727,65446,960.2,6.97,0.001648,63989,974.1,201.13,0.045842,69556,950.2,76.94,0.023597,70353,972.5,131.6,0.033033,91795,1027.2,73.07,0.041399,94031,1038.9,-57.75,-0.033142,46668,690.6,-3.01,-0.000418,53460,880.7,-57.25,-0.008188,66957,969.4,-6.55,-0.001727,65446,960.2,6.97,0.001648,63989,974.1,201.13,0.045842,69556,950.2,76.94,0.023597,70353,972.5,131.6,0.033033,91795,1027.2,73.07,0.041399,94031,1038.9,-57.75,-0.033142
50,50.06,0.0009271,95417,891.8,2.36,0.000519,80655,981.2,37.85,0.007331,66485,967.8,-3.04,-0.000797,64649,957.5,9.54,0.002235,63031,970.5,202.77,0.045691,68193,945.8,73.31,0.022147,69257,966.9,127.26,0.031625,91582,1027.1,72.52,0.040998,94109,1038.9,-62.66,-0.03599,50035,703.7,-14.68,-0.002147,52894,878.6,-60.04,-0.008518,66485,967.8,-3.04,-0.000797,64649,957.5,9.54,0.002235,63031,970.5,202.77,0.045691,68193,945.8,73.31,0.022147,69257,966.9,127.26,0.031625,91582,1027.1,72.52,0.040998,94109,1038.9,-62.66,-0.03599
51,51.04,0.0009452,94120,889.0,2.57,0.00056,79836,978.7,39.51,0.007594,65934,965.9,0.29,7.4e-05,64030,955.4,13.36,0.003106,62217,967.4,202.15,0.045107,68826,947.7,82.88,0.025218,68338,962.1,121.12,0.029849,91414,1027.0,71.62,0.040418,94155,1038.8,-67.37,-0.03872,56629,727.6,-23.89,-0.003825,52360,876.7,-63.09,-0.008879,65934,965.9,0.29,7.4e-05,64030,955.4,13.36,0.003106,62217,967.4,202.15,0.045107,68826,947.7,82.88,0.025218,68338,962.1,121.12,0.029849,91414,1027.0,71.62,0.040418,94155,1038.8,-67.37,-0.03872
52,52.09,0.0009646,92842,886.2,2.39,0.000515,79004,976.3,40.8,0.00778,65270,963.7,3.58,0.000924,63472,953.5,18.09,0.004178,61511,964.8,200.19,0.044281,79662,980.6,154.93,0.052735,67436,957.5,111.2,0.027173,91235,1027.0,70.24,0.039562,94190,1038.6,-72.16,-0.04149,63335,750.0,-19.11,-0.003319,51867,874.9,-67.02,-0.009362,65270,963.7,3.58,0.000924,63472,953.5,18.09,0.004178,61511,964.8,200.19,0.044281,79662,980.6,154.93,0.052735,67436,957.5,111.2,0.027173,91235,1027.0,70.24,0.039562,94190,1038.6,-72.16,-0.04149
53,53.07,0.0009827,91783,883.8,2.14,0.000458,78291,974.1,41.45,0.007849,64630,961.5,6.66,0.001707,62953,951.8,22.48,0.005159,60990,962.6,196.5,0.043196,96825,1025.4,240.87,0.09529,66915,954.2,100.1,0.024354,91041,1026.8,68.51,0.038514,94234,1038.5,-76.43,-0.043973,66810,761.0,-9.67,-0.001746,51563,873.8,-72.08,-0.010024,64630,961.5,6.66,0.001707,62953,951.8,22.48,0.005159,60990,962.6,196.5,0.043196,96825,1025.4,240.87,0.09529,66915,954.2,100.1,0.024354,91041,1026.8,68.51,0.038514,94234,1038.5,-76.43,-0.043973
54,54.04,0.0010008,90863,881.8,1.89,0.000401,77657,972.2,41.53,0.007817,64110,959.7,10.56,0.002693,62383,949.8,26.48,0.006035,60666,961.3,191.3,0.041885,105442,1047.7,264.31,0.111445,68360,958.2,97.98,0.024253,90830,1026.7,66.36,0.037225,94311,1038.4,-80.49,-0.046346,67645,763.5,-2.05,-0.000373,51480,873.6,-79.11,-0.010986,64110,959.7,10.56,0.002693,62383,949.8,26.48,0.006035,60666,961.3,191.3,0.041885,105442,1047.7,264.31,0.111445,68360,958.2,97.98,0.024253,90830,1026.7,66.36,0.037225,94311,1038.4,-80.49,-0.046346
55,55.09,0.0010201,89972,879.8,1.75,0.000368,77051,970.3,41.28,0.007725,63856,958.8,16.77,0.004263,61708,947.5,30.3,0.006847,60403,960.2,184.4,0.040249,107206,1056.2,260.46,0.110767,81233,996.5,160.7,0.045453,90611,1026.5,63.54,0.035562,94433,1038.5,-84.53,-0.048732,66710,761.1,2.71,0.000488,51597,874.1,-88.45,-0.012302,63856,958.8,16.77,0.004263,61708,947.5,30.3,0.006847,60403,960.2,184.4,0.040249,107206,1056.2,260.46,0.110767,81233,996.5,160.7,0.045453,90611,1026.5,63.54,0.035562,94433,1038.5,-84.53,-0.048732
56,56.06,0.0010382,89161,877.9,1.73,0.000361,76516,968.6,41.02,0.007636,63946,959.2,24.79,0.006307,61063,945.3,33.92,0.007603,60224,959.4,177.58,0.038677,107959,1061.7,254.08,0.108243,101966,1048.2,252.72,0.085297,90443,1026.4,60.28,0.033677,94614,1038.8,-88.03,-0.050833,65356,757.5,3.67,0.000651,51897,875.4,-99.02,-0.013831,63946,959.2,24.79,0.006307,61063,945.3,33.92,0.007603,60224,959.4,177.58,0.038677,107959,1061.7,254.08,0.108243,101966,1048.2,252.72,0.085297,90443,1026.4,60.28,0.033677,94614,1038.8,-88.03,-0.050833
57,57.04,0.0010563,88345,876.1,1.75,0.000363,75988,967.0,40.91,0.007576,64245,960.2,34.05,0.008695,60527,943.5,38.59,0.00859,60004,958.4,170.83,0.037109,108166,1065.5,249.88,0.106281,110269,1064.1,274.47,0.098686,90334,1026.4,56.39,0.031464,94836,1039.3,-91.31,-0.052826,64236,754.5,3.24,0.000568,52380,877.5,-111.08,-0.015624,64245,960.2,34.05,0.008695,60527,943.5,38.59,0.00859,60004,958.4,170.83,0.037109,108166,1065.5,249.88,0.106281,110269,1064.1,274.47,0.098686,90334,1026.4,56.39,0.031464,94836,1039.3,-91.31,-0.052826
58,58.08,0.0010756,87472,874.1,1.78,0.000365,75389,965.1,41.02,0.00755,64588,961.4,43.92,0.011261,60238,942.5,45.94,0.010188,59652,956.9,164.5,0.035579,108517,1069.3,245.59,0.104422,113087,1066.8,269.59,0.099158,90294,1026.6,51.51,0.028724,95073,1039.8,-94.74,-0.054921,63272,751.9,2.65,0.000459,52788,879.2,-123.55,-0.017478,64588,961.4,43.92,0.011261,60238,942.5,45.94,0.010188,59652,956.9,164.5,0.035579,108517,1069.3,245.59,0.104422,113087,1066.8,269.59,0.099158,90294,1026.6,51.51,0.028724,95073,1039.8,-94.74,-0.054921
59,59.06,0.0010937,86651,872.2,1.8,0.000367,74769,963.2,41.08,0.007514,64775,962.1,52.09,0.013383,60276,942.8,55.26,0.012257,59135,954.8,159.75,0.034327,109069,1073.3,241.92,0.103005,114155,1066.6,259.04,0.096197,90403,1027.2,46.29,0.025828,95233,1040.2,-98.1,-0.056943,62553,749.9,2.12,0.000364,53015,880.3,-134.03,-0.01902,64775,962.1,52.09,0.013383,60276,942.8,55.26,0.012257,59135,954.8,159.75,0.034327,109069,1073.3,241.92,0.103005,114155,1066.6,259.04,0.096197,90403,1027.2,46.29,0.025828,95233,1040.2,-98.1,-0.056943
60,60.04,0.0011118,85823,870.2,1.83,0.000372,74091,961.1,40.77,0.007405,64765,962.1,59.11,0.015185,60489,943.7,65.81,0.014635,58473,952.2,156.01,0.033239,110242,1078.5,239.5,0.102567,115154,1067.5,250.24,0.093656,90620,1028.0,40.55,0.022663,95307,1040.5,-101.63,-0.059019,62046,748.5,1.5,0.000256,53082,880.7,-142.94,-0.0203,64765,962.1,59.11,0.015185,60489,943.7,65.81,0.014635,58473,952.2,156.01,0.033239,110242,1078.5,239.5,0.102567,115154,1067.5,250.24,0.093656,90620,1028.0,40.55,0.022663,95307,1040.5,-101.63,-0.059019
61,61.08,0.0011311,84919,868.1,1.9,0.000382,73263,958.5,39.46,0.007106,64526,961.4,65.37,0.016744,60771,944.9,77.06,0.017196,57661,949.0,152.75,0.0322,112535,1086.4,238.74,0.103615,115649,1068.1,245.57,0.092253,90930,1029.0,34.05,0.019078,95281,1040.6,-105.45,-0.061216,61724,747.6,0.88,0.000149,53012,880.7,-150.16,-0.021299,64526,961.4,65.37,0.016744,60771,944.9,77.06,0.017196,57661,949.0,152.75,0.0322,112535,1086.4,238.74,0.103615,115649,1068.1,245.57,0.092253,90930,1029.0,34.05,0.019078,95281,1040.6,-105.45,-0.061216
62,62.05,0.0011491,84041,866.0,1.99,0.000397,72464,956.0,37.83,0.006757,64108,960.0,69.95,0.017827,60974,945.8,86.07,0.019252,56840,945.8,150.03,0.031285,115427,1094.8,238.48,0.105347,115629,1069.1,245.34,0.092071,91274,1030.1,27.71,0.015566,95282,1040.9,-108.55,-0.063002,61587,747.2,0.4,6.8e-05,52973,880.7,-155.72,-0.02207,64108,960.0,69.95,0.017827,60974,945.8,86.07,0.019252,56840,945.8,150.03,0.031285,115427,1094.8,238.48,0.105347,115629,1069.1,245.34,0.092071,91274,1030.1,27.71,0.015566,95282,1040.9,-108.55,-0.063002
63,63.09,0.0011684,83074,863.7,2.08,0.000411,71804,953.9,37.42,0.006637,63495,957.9,73.83,0.018676,61126,946.6,92.83,0.020799,55931,942.2,147.2,0.030318,118707,1103.2,236.54,0.106639,115629,1072.3,250.02,0.093545,91678,1031.3,20.79,0.011715,95465,1041.7,-109.92,-0.063871,61563,747.1,0.05,8e-06,53175,881.7,-161.08,-0.02289,63495,957.9,73.83,0.018676,61126,946.6,92.83,0.020799,55931,942.2,147.2,0.030318,118707,1103.2,236.54,0.106639,115629,1072.3,250.02,0.093545,91678,1031.3,20.79,0.011715,95465,1041.7,-109.92,-0.063871
64,64.07,0.0011865,82148,861.5,2.14,0.000419,71647,953.4,40.83,0.007231,62833,955.6,76.79,0.01927,61205,947.1,96.23,0.021577,55070,938.7,144.41,0.029394,121591,1109.6,232.34,0.106665,115557,1076.0,259.37,0.096645,92081,1032.4,14.24,0.008053,95963,1043.6,-109.96,-0.064113,61600,747.3,-0.11,-1.8e-05,53795,884.3,-164.65,-0.023601,62833,955.6,76.79,0.01927,61205,947.1,96.23,0.021577,55070,938.7,144.41,0.029394,121591,1109.6,232.34,0.106665,115557,1076.0,259.37,0.096645,92081,1032.4,14.24,0.008053,95963,1043.6,-109.96,-0.064113
65,65.04,0.0012045,81220,859.2,2.16,0.000421,72087,954.6,51.0,0.009074,62148,953.2,79.15,0.019696,61274,947.5,96.85,0.02173,54211,935.2,141.49,0.028457,123987,1114.0,226.9,0.105807,115497,1079.0,271.3,0.100759,92501,1033.6,7.71,0.004375,96908,1046.5,-107.29,-0.062996,61618,747.3,-0.04,-7e-06,54826,888.3,-166.61,-0.024229,62148,953.2,79.15,0.019696,61274,947.5,96.85,0.02173,54211,935.2,141.49,0.028457,123987,1114.0,226.9,0.105807,115497,1079.0,271.3,0.100759,92501,1033.6,7.71,0.004375,96908,1046.5,-107.29,-0.062996
66,66.08,0.0012238,80236,856.8,2.17,0.000419,74090,960.6,73.04,0.013275,61466,950.8,80.83,0.019942,61413,948.2,95.39,0.021436,53285,931.4,138.54,0.027498,125677,1116.3,221.03,0.10426,115472,1081.7,284.42,0.105345,92961,1034.8,0.79,0.000447,98529,1051.1,-102.31,-0.060804,61576,747.2,0.16,2.7e-05,56536,894.9,-161.56,-0.024051,61466,950.8,80.83,0.019942,61413,948.2,95.39,0.021436,53285,931.4,138.54,0.027498,125677,1116.3,221.03,0.10426,115472,1081.7,284.42,0.105345,92961,1034.8,0.79,0.000447,98529,1051.1,-102.31,-0.060804
67,67.06,0.0012418,79320,854.6,2.19,0.000418,75406,964.4,93.23,0.017178,60960,949.0,81.13,0.019891,61579,949.0,92.1,0.020733,52364,927.7,136.49,0.026731,126315,1116.7,216.81,0.102751,114854,1082.7,293.85,0.108151,93395,1035.9,-5.66,-0.003235,100147,1055.7,-97.65,-0.058736,61433,746.8,0.47,7.9e-05,58665,902.8,-150.09,-0.022982,60960,949.0,81.13,0.019891,61579,949.0,92.1,0.020733,52364,927.7,136.49,0.026731,126315,1116.7,216.81,0.102751,114854,1082.7,293.85,0.108151,93395,1035.9,-5.66,-0.003235,100147,1055.7,-97.65,-0.058736
68,68.1,0.0012611,78335,852.1,2.24,0.000423,75468,964.4,107.07,0.019743,60564,947.5,80.05,0.019527,61663,949.6,88.44,0.019926,51393,923.6,135.14,0.026089,125995,1115.6,214.09,0.101305,113680,1082.8,301.75,0.109915,93840,1036.9,-12.52,-0.007182,101843,1060.4,-92.64,-0.05641,61185,746.1,0.74,0.000125,60687,910.1,-138.51,-0.021764,60564,947.5,80.05,0.019527,61663,949.6,88.44,0.019926,51393,923.6,135.14,0.026089,125995,1115.6,214.09,0.101305,113680,1082.8,301.75,0.109915,93840,1036.9,-12.52,-0.007182,101843,1060.4,-92.64,-0.05641
69,69.08,0.0012792,77389,849.7,2.32,0.000435,74510,961.4,114.54,0.020916,60326,946.6,77.87,0.01894,61592,949.5,85.84,0.019321,51009,921.9,131.5,0.025244,124824,1113.1,212.63,0.099903,112259,1082.3,307.99,0.110839,94220,1037.8,-18.96,-0.010913,103810,1065.7,-85.34,-0.052704,60893,745.3,0.92,0.000155,61783,914.0,-131.45,-0.020938,60326,946.6,77.87,0.01894,61592,949.5,85.84,0.019321,51009,921.9,131.5,0.025244,124824,1113.1,212.63,0.099903,112259,1082.3,307.99,0.110839,94220,1037.8,-18.96,-0.010913,103810,1065.7,-85.34,-0.052704
70,70.05,0.0012972,76412,847.2,2.43,0.00045,73177,957.3,119.09,0.021451,60206,946.2,74.26,0.018034,61328,948.7,84.49,0.01895,52417,927.8,111.93,0.02194,122956,1109.2,211.55,0.098249,110569,1081.0,313.29,0.111183,94558,1038.6,-25.35,-0.014634,106552,1072.7,-72.75,-0.045817,60561,744.3,1.04,0.000173,62247,915.7,-127.54,-0.02043,60206,946.2,74.26,0.018034,61328,948.7,84.49,0.01895,52417,927.8,111.93,0.02194,122956,1109.2,211.55,0.098249,110569,1081.0,313.29,0.111183,94558,1038.6,-25.35,-0.014634,106552,1072.7,-72.75,-0.045817
71,71.09,0.0013165,75343,844.5,2.52,0.000462,71696,952.6,122.71,0.021763,60115,945.8,69.76,0.016921,60853,947.2,83.8,0.01868,63161,969.9,21.41,0.004837,120620,1104.3,211.17,0.096644,108549,1078.5,317.67,0.110929,94887,1039.2,-31.93,-0.018486,109647,1080.3,-55.77,-0.03589,60235,743.4,0.93,0.000156,62379,916.3,-124.73,-0.020009,60115,945.8,69.76,0.016921,60853,947.2,83.8,0.01868,63161,969.9,21.41,0.004837,120620,1104.3,211.17,0.096644,108549,1078.5,317.67,0.110929,94887,1039.2,-31.93,-0.018486,109647,1080.3,-55.77,-0.03589
72,72.07,0.0013346,74352,841.9,2.51,0.000455,70378,948.4,125.66,0.021973,59951,945.2,65.83,0.015936,60199,944.9,84.2,0.018612,74565,1008.1,-59.48,-0.015264,118489,1099.7,212.08,0.09574,106473,1075.1,320.06,0.10998,95169,1039.7,-37.8,-0.021935,111316,1084.4,-41.71,-0.027148,60039,742.9,0.57,9.5e-05,62438,916.6,-121.56,-0.019512,59951,945.2,65.83,0.015936,60199,944.9,84.2,0.018612,74565,1008.1,-59.48,-0.015264,118489,1099.7,212.08,0.09574,106473,1075.1,320.06,0.10998,95169,1039.7,-37.8,-0.021935,111316,1084.4,-41.71,-0.027148
73,73.05,0.0013527,73415,839.4,2.39,0.00043,69179,944.5,128.4,0.022159,59635,944.0,62.77,0.015134,59347,942.0,86.02,0.018804,79823,1024.1,-93.14,-0.025188,116961,1097.0,215.74,0.096367,104291,1070.5,321.1,0.108535,95317,1039.8,-43.85,-0.025484,111532,1085.2,-31.24,-0.020356,60035,742.9,-0.02,-3e-06,62970,918.6,-114.58,-0.018509,59635,944.0,62.77,0.015134,59347,942.0,86.02,0.018804,79823,1024.1,-93.14,-0.025188,116961,1097.0,215.74,0.096367,104291,1070.5,321.1,0.108535,95317,1039.8,-43.85,-0.025484,111532,1085.2,-31.24,-0.020356
74,74.09,0.001372,72508,837.0,2.18,0.000389,68039,940.8,130.98,0.022321,59114,942.0,60.68,0.014532,58313,938.3,88.66,0.019116,82893,1033.2,-111.34,-0.030995,116010,1096.6,222.13,0.098457,102028,1065.1,321.86,0.106974,95177,1039.2,-51.31,-0.029794,110760,1083.7,-22.59,-0.014642,60328,743.8,-1.06,-0.000176,65274,926.4,-94.9,-0.015757,59114,942.0,60.68,0.014532,58313,938.3,88.66,0.019116,82893,1033.2,-111.34,-0.030995,116010,1096.6,222.13,0.098457,102028,1065.1,321.86,0.106974,95177,1039.2,-51.31,-0.029794,110760,1083.7,-22.59,-0.014642
75,75.06,0.0013901,71766,835.0,1.93,0.000341,67091,937.6,132.92,0.022411,58493,939.6,59.41,0.014115,57307,934.7,91.27,0.019416,85113,1039.6,-124.22,-0.035285,115515,1097.8,229.18,0.101036,100283,1060.5,324.01,0.106309,94964,1038.3,-58.35,-0.033838,109309,1080.5,-15.22,-0.009763,61236,746.8,-3.1,-0.000522,68560,937.1,-69.28,-0.011945,58493,939.6,59.41,0.014115,57307,934.7,91.27,0.019416,85113,1039.6,-124.22,-0.035285,115515,1097.8,229.18,0.101036,100283,1060.5,324.01,0.106309,94964,1038.3,-58.35,-0.033838,109309,1080.5,-15.22,-0.009763
76,76.04,0.0014081,71134,833.3,1.66,0.000291,66249,934.8,134.28,0.022424,57745,936.8,59.62,0.014026,56293,931.0,93.81,0.019682,86718,1044.2,-133.97,-0.038604,115153,1100.2,236.07,0.103523,99146,1057.0,328.86,0.107022,95583,1039.6,-60.12,-0.035049,107027,1075.3,-5.72,-0.003607,63041,752.6,-5.79,-0.000997,70721,943.9,-51.66,-0.009121,57745,936.8,59.62,0.014026,56293,931.0,93.81,0.019682,86718,1044.2,-133.97,-0.038604,115153,1100.2,236.07,0.103523,99146,1057.0,328.86,0.107022,95583,1039.6,-60.12,-0.035049,107027,1075.3,-5.72,-0.003607
77,77.08,0.0014274,70567,831.8,1.4,0.000245,65450,932.1,135.11,0.022355,56760,933.0,60.81,0.014119,55228,927.0,96.35,0.019916,87895,1047.6,-141.76,-0.041266,114393,1102.8,241.19,0.104823,98488,1054.6,336.42,0.109003,102266,1055.8,-33.07,-0.020309,104060,1068.4,6.25,0.003861,65801,761.3,-7.82,-0.00139,71389,946.0,-43.44,-0.007725,56760,933.0,60.81,0.014119,55228,927.0,96.35,0.019916,87895,1047.6,-141.76,-0.041266,114393,1102.8,241.19,0.104823,98488,1054.6,336.42,0.109003,102266,1055.8,-33.07,-0.020309,104060,1068.4,6.25,0.003861
78,78.06,0.0014455,70100,830.5,1.26,0.000219,64771,929.7,135.4,0.022227,55703,928.9,62.01,0.014191,54273,923.4,98.58,0.020104,88842,1050.4,-147.79,-0.043372,113251,1104.8,243.9,0.104755,98193,1053.3,344.32,0.111377,119296,1094.6,37.96,0.02623,101320,1061.7,17.19,0.010403,68590,769.8,-7.87,-0.001442,71328,945.8,-40.59,-0.007214,55703,928.9,62.01,0.014191,54273,923.4,98.58,0.020104,88842,1050.4,-147.79,-0.043372,113251,1104.8,243.9,0.104755,98193,1053.3,344.32,0.111377,119296,1094.6,37.96,0.02623,101320,1061.7,17.19,0.010403
79,79.1,0.0014648,69623,829.2,1.22,0.000211,64087,927.3,135.38,0.022047,54557,924.3,63.41,0.014283,53303,919.7,100.61,0.020233,90029,1053.8,-153.48,-0.045494,111850,1106.5,245.98,0.10418,97852,1052.0,351.15,0.113326,129636,1116.4,74.51,0.054859,98873,1055.6,26.53,0.015754,71140,777.3,-6.36,-0.001197,70707,943.9,-39.69,-0.007006,54557,924.3,63.41,0.014283,53303,919.7,100.61,0.020233,90029,1053.8,-153.48,-0.045494,111850,1106.5,245.98,0.10418,97852,1052.0,351.15,0.113326,129636,1116.4,74.51,0.054859,98873,1055.6,26.53,0.015754
80,80.08,0.0014829,69162,827.9,1.27,0.000219,63457,925.1,135.21,0.021854,53595,920.4,65.55,0.014566,52423,916.2,101.57,0.020164,91597,1058.3,-157.65,-0.047343,110463,1107.6,247.68,0.10349,97215,1050.5,354.62,0.113861,132082,1121.8,79.17,0.0591,97273,1051.4,31.64,0.018558,72921,782.5,-4.63,-0.000887,69939,941.6,-39.92,-0.006987,53595,920.4,65.55,0.014566,52423,916.2,101.57,0.020164,91597,1058.3,-157.65,-0.047343,110463,1107.6,247.68,0.10349,97215,1050.5,354.62,0.113861,132082,1121.8,79.17,0.0591,97273,1051.4,31.64,0.018558
81,81.06,0.001501,68679,826.6,1.34,0.000229,62821,922.9,134.96,0.021647,52954,917.8,70.07,0.01543,51598,913.0,101.25,0.019855,93658,1063.9,-160.83,-0.049125,109052,1108.2,249.38,0.102813,96398,1049.3,355.76,0.113399,132503,1123.2,76.66,0.057334,96311,1048.8,33.22,0.019339,74251,786.3,-3.43,-0.000666,69141,939.2,-40.33,-0.006997,52954,917.8,70.07,0.01543,51598,913.0,101.25,0.019855,93658,1063.9,-160.83,-0.049125,109052,1108.2,249.38,0.102813,96398,1049.3,355.76,0.113399,132503,1123.2,76.66,0.057334,96311,1048.8,33.22,0.019339
82,82.1,0.0015204,68152,825.1,1.37,0.000232,62131,920.4,134.64,0.021415,52871,917.3,79.37,0.017459,50826,909.8,100.13,0.019407,96353,1071.2,-163.38,-0.050989,107515,1108.2,251.13,0.102076,95640,1049.1,355.27,0.11237,132774,1124.3,72.8,0.05451,95690,1047.0,32.86,0.019041,75515,789.9,-3.06,-0.000601,68391,936.8,-40.01,-0.006883,52871,917.3,79.37,0.017459,50826,909.8,100.13,0.019407,96353,1071.2,-163.38,-0.050989,107515,1108.2,251.13,0.102076,95640,1049.1,355.27,0.11237,132774,1124.3,72.8,0.05451,95690,1047.0,32.86,0.019041
83,83.08,0.0015385,67668,823.8,1.35,0.000228,61473,918.1,134.32,0.021193,53258,918.7,90.81,0.020092,50339,907.8,99.28,0.0191,99106,1078.5,-164.78,-0.052537,106090,1107.7,252.82,0.10145,95065,1049.9,353.77,0.111136,133736,1126.8,72.06,0.05423,95346,1046.0,30.76,0.017777,76834,793.7,-3.37,-0.000671,67799,935.0,-39.23,-0.006703,53258,918.7,90.81,0.020092,50339,907.8,99.28,0.0191,99106,1078.5,-164.78,-0.052537,106090,1107.7,252.82,0.10145,95065,1049.9,353.77,0.111136,133736,1126.8,72.06,0.05423,95346,1046.0,30.76,0.017777
84,84.06,0.0015567,67197,822.5,1.32,0.000222,60803,915.7,134.06,0.020977,53654,920.1,100.74,0.022421,50352,907.9,99.94,0.019231,101702,1085.3,-166.55,-0.05415,104715,1106.8,254.59,0.100918,94675,1052.8,351.99,0.109828,135159,1130.1,73.36,0.055628,95138,1045.2,27.88,0.016089,78359,797.9,-3.76,-0.00076,67307,933.5,-37.86,-0.006433,53654,920.1,100.74,0.022421,50352,907.9,99.94,0.019231,101702,1085.3,-166.55,-0.05415,104715,1106.8,254.59,0.100918,94675,1052.8,351.99,0.109828,135159,1130.1,73.36,0.055628,95138,1045.2,27.88,0.016089
85,85.04,0.0015749,66725,821.1,1.34,0.000224,60120,913.2,133.92,0.020776,53759,920.2,106.61,0.02377,51015,910.8,104.23,0.020257,103885,1090.9,-168.32,-0.055611,103401,1105.7,256.34,0.100436,94283,1056.2,348.97,0.108086,136854,1134.0,76.28,0.058369,94983,1044.7,24.73,0.014258,79912,802.2,-3.7,-0.000758,66900,932.2,-36.09,-0.006102,53759,920.2,106.61,0.02377,51015,910.8,104.23,0.020257,103885,1090.9,-168.32,-0.055611,103401,1105.7,256.34,0.100436,94283,1056.2,348.97,0.108086,136854,1134.0,76.28,0.058369,94983,1044.7,24.73,0.014258
86,86.09,0.0015943,66182,819.6,1.48,0.000245,59366,910.4,134.0,0.02059,53595,919.3,109.2,0.024298,52191,915.6,111.12,0.021976,105449,1094.9,-169.4,-0.056606,102062,1104.4,257.85,0.09984,93955,1060.3,345.5,0.106226,138462,1137.8,79.25,0.061148,94848,1044.2,21.22,0.012224,81317,806.0,-2.97,-0.000616,66579,931.2,-34.19,-0.00576,53595,919.3,109.2,0.024298,52191,915.6,111.12,0.021976,105449,1094.9,-169.4,-0.056606,102062,1104.4,257.85,0.09984,93955,1060.3,345.5,0.106226,138462,1137.8,79.25,0.061148,94848,1044.2,21.22,0.012224
87,87.08,0.0016126,65576,817.8,1.78,0.000293,58613,907.6,134.42,0.020454,53343,918.0,109.78,0.024347,53130,919.5,115.13,0.023083,106137,1096.8,-169.48,-0.056906,100863,1103.1,258.64,0.099085,93799,1064.9,342.07,0.104543,139513,1140.4,80.89,0.062741,94756,1043.8,17.78,0.010235,82187,808.3,-1.91,-0.0004,66413,930.7,-32.92,-0.005535,53343,918.0,109.78,0.024347,53130,919.5,115.13,0.023083,106137,1096.8,-169.48,-0.056906,100863,1103.1,258.64,0.099085,93799,1064.9,342.07,0.104543,139513,1140.4,80.89,0.062741,94756,1043.8,17.78,0.010235
88,88.07,0.0016309,64807,815.6,2.28,0.000373,57788,904.6,135.35,0.020374,53234,917.1,109.46,0.024247,53641,921.5,116.18,0.023464,106189,1097.2,-168.61,-0.056619,99750,1101.8,258.75,0.098143,93748,1068.9,337.43,0.102679,140102,1142.2,81.24,0.063177,94699,1043.6,14.18,0.008158,82613,809.4,-0.9,-0.000189,66409,930.8,-32.76,-0.005507,53234,917.1,109.46,0.024247,53641,921.5,116.18,0.023464,106189,1097.2,-168.61,-0.056619,99750,1101.8,258.75,0.098143,93748,1068.9,337.43,0.102679,140102,1142.2,81.24,0.063177,94699,1043.6,14.18,0.008158
89,89.05,0.0016492,63817,812.7,2.96,0.000478,56875,901.2,136.88,0.020355,53410,917.4,109.53,0.024336,53814,922.2,115.78,0.023442,105763,1096.5,-166.6,-0.055751,98761,1100.8,258.26,0.097081,93937,1072.5,331.77,0.100826,140255,1143.3,79.95,0.062185,94677,1043.4,10.43,0.005999,82681,809.6,-0.1,-2.1e-05,66558,931.3,-33.8,-0.005692,53410,917.4,109.53,0.024336,53814,922.2,115.78,0.023442,105763,1096.5,-166.6,-0.055751,98761,1100.8,258.26,0.097081,93937,1072.5,331.77,0.100826,140255,1143.3,79.95,0.062185,94677,1043.4,10.43,0.005999
90,90.04,0.0016675,62605,809.1,3.65,0.00058,55892,897.5,138.88,0.02038,53848,918.7,110.25,0.024663,53762,922.1,114.83,0.023231,105076,1095.2,-164.35,-0.054709,97923,1099.9,257.37,0.095997,94318,1075.5,324.52,0.098744,140209,1144.0,77.58,0.060281,94674,1043.4,6.61,0.003803,82488,809.2,0.48,0.0001,67032,932.8,-37.43,-0.006338,53848,918.7,110.25,0.024663,53762,922.1,114.83,0.023231,105076,1095.2,-164.35,-0.054709,97923,1099.9,257.37,0.095997,94318,1075.5,324.52,0.098744,140209,1144.0,77.58,0.060281,94674,1043.4,6.61,0.003803
91,91.1,0.001687,61136,804.7,4.21,0.000658,54832,893.4,141.13,0.02041,54402,920.3,110.91,0.025023,53674,921.6,115.03,0.023243,104268,1093.6,-162.3,-0.053692,97161,1099.2,255.99,0.094805,95039,1079.7,315.11,0.09624,140022,1144.5,74.01,0.057409,94691,1043.4,2.52,0.00145,82079,808.3,0.92,0.000192,67676,934.9,-42.68,-0.007281,54402,920.3,110.91,0.025023,53674,921.6,115.03,0.023243,104268,1093.6,-162.3,-0.053692,97161,1099.2,255.99,0.094805,95039,1079.7,315.11,0.09624,140022,1144.5,74.01,0.057409,94691,1043.4,2.52,0.00145
92,92.09,0.0017053,59682,800.3,4.51,0.000692,53897,889.8,142.93,0.020401,54822,921.4,111.11,0.02523,53528,921.0,118.27,0.023849,103516,1091.9,-160.73,-0.052866,96562,1098.6,254.2,0.093616,96084,1085.2,304.45,0.09353,139635,1144.6,69.75,0.053947,94713,1043.5,-1.3,-0.00075,81566,807.1,1.19,0.000248,68096,936.3,-46.83,-0.008026,54822,921.4,111.11,0.02523,53528,921.0,118.27,0.023849,103516,1091.9,-160.73,-0.052866,96562,1098.6,254.2,0.093616,96084,1085.2,304.45,0.09353,139635,1144.6,69.75,0.053947,94713,1043.5,-1.3,-0.00075
93,93.08,0.0017237,58224,795.7,4.62,0.000695,53059,886.5,144.28,0.020349,55226,922.4,112.38,0.025679,53542,921.0,122.24,0.024657,102750,1090.2,-159.29,-0.052088,96065,1097.9,251.85,0.092324,97567,1091.9,291.74,0.090449,139070,1144.3,65.16,0.050205,94737,1043.5,-5.12,-0.002947,80997,805.8,1.32,0.000272,68189,936.7,-49.06,-0.008415,55226,922.4,112.38,0.025679,53542,921.0,122.24,0.024657,102750,1090.2,-159.29,-0.052088,96065,1097.9,251.85,0.092324,97567,1091.9,291.74,0.090449,139070,1144.3,65.16,0.050205,94737,1043.5,-5.12,-0.002947
94,94.07,0.001742,56805,791.2,4.6,0.00068,52323,883.5,145.28,0.020272,55777,923.9,116.46,0.026835,54403,924.3,120.48,0.024604,101953,1088.3,-157.93,-0.05133,95668,1097.3,248.99,0.090948,99486,1099.3,276.85,0.086931,138338,1143.7,61.16,0.046906,94756,1043.6,-8.94,-0.005144,80419,804.5,1.35,0.000277,68076,936.4,-49.73,-0.008519,55777,923.9,116.46,0.026835,54403,924.3,120.48,0.024604,101953,1088.3,-157.93,-0.05133,95668,1097.3,248.99,0.090948,99486,1099.3,276.85,0.086931,138338,1143.7,61.16,0.046906,94756,1043.6,-8.94,-0.005144
95,95.05,0.0017603,55449,786.8,4.51,0.000654,51666,880.9,146.21,0.020207,56368,925.5,123.28,0.028657,64458,963.0,45.48,0.010561,101122,1086.3,-156.62,-0.050584,95368,1096.8,245.66,0.089497,101750,1106.9,260.22,0.082994,137576,1143.0,58.94,0.044976,94775,1043.7,-12.71,-0.007317,79848,803.1,1.34,0.000274,67759,935.4,-48.84,-0.008336,56368,925.5,123.28,0.028657,64458,963.0,45.48,0.010561,101122,1086.3,-156.62,-0.050584,95368,1096.8,245.66,0.089497,101750,1106.9,260.22,0.082994,137576,1143.0,58.94,0.044976,94775,1043.7,-12.71,-0.007317
96,96.04,0.0017785,54167,782.6,4.36,0.000621,51051,878.3,147.39,0.020186,56902,926.8,129.51,0.030347,84546,1027.1,-78.02,-0.022284,100261,1084.2,-155.35,-0.049845,95251,1096.5,241.5,0.087896,104169,1114.2,242.71,0.078727,137007,1142.7,59.31,0.045083,94808,1043.9,-16.38,-0.009432,79282,801.8,1.34,0.000273,67164,933.6,-44.73,-0.007584,56902,926.8,129.51,0.030347,84546,1027.1,-78.02,-0.022284,100261,1084.2,-155.35,-0.049845,95251,1096.5,241.5,0.087896,104169,1114.2,242.71,0.078727,137007,1142.7,59.31,0.045083,94808,1043.9,-16.38,-0.009432
97,97.09,0.001798,52894,778.3,4.15,0.00058,50393,875.6,149.2,0.020233,58159,930.9,126.34,0.030122,93204,1050.6,-116.75,-0.035936,99305,1081.8,-154.01,-0.049051,95429,1097.0,234.87,0.085604,106940,1122.0,225.25,0.074491,136713,1143.1,62.55,0.047435,94835,1044.1,-20.29,-0.011684,78666,800.4,1.39,0.00028,66402,931.2,-36.95,-0.006208,58159,930.9,126.34,0.030122,93204,1050.6,-116.75,-0.035936,99305,1081.8,-154.01,-0.049051,95429,1097.0,234.87,0.085604,106940,1122.0,225.25,0.074491,136713,1143.1,62.55,0.047435,94835,1044.1,-20.29,-0.011684
98,98.08,0.0018163,51799,774.5,3.9,0.000536,49732,872.8,151.58,0.02035,64771,955.0,72.58,0.018787,96122,1058.2,-122.11,-0.038486,98373,1079.4,-152.76,-0.048305,95837,1098.1,226.35,0.082766,109220,1128.1,208.99,0.070199,136621,1143.9,67.77,0.051322,94732,1044.0,-24.54,-0.014116,78059,798.9,1.47,0.000295,65911,929.6,-26.09,-0.004359,64771,955.0,72.58,0.018787,96122,1058.2,-122.11,-0.038486,98373,1079.4,-152.76,-0.048305,95837,1098.1,226.35,0.082766,109220,1128.1,208.99,0.070199,136621,1143.9,67.77,0.051322,94732,1044.0,-24.54,-0.014116
99,99.07,0.0018346,50811,771.1,3.59,0.000486,49011,869.8,154.59,0.020526,83692,1015.4,-56.62,-0.017811,98452,1064.1,-125.29,-0.04022,97414,1076.9,-151.56,-0.047569,96712,1100.5,217.03,0.079906,111237,1133.6,193.65,0.065932,136372,1144.6,74.01,0.055906,94397,1043.3,-29.92,-0.017163,77411,797.4,1.58,0.000316,65795,929.2,-11.04,-0.001842,83692,1015.4,-56.62,-0.017811,98452,1064.1,-125.29,-0.04022,97414,1076.9,-151.56,-0.047569,96712,1100.5,217.03,0.079906,111237,1133.6,193.65,0.065932,136372,1144.6,74.01,0.055906,94397,1043.3,-29.92,-0.017163
100,100.05,0.0018528,49936,768.0,3.23,0.000433,48242,866.5,158.03,0.020731,91427,1037.3,-117.15,-0.039407,100649,1069.6,-132.37,-0.043217,96445,1074.3,-150.44,-0.04686,98139,1104.6,204.32,0.076054,113049,1138.4,179.73,0.061926,135667,1144.6,80.02,0.060137,94261,1043.2,-34.37,-0.019689,76723,795.8,1.69,0.000335,66153,930.4,7.34,0.00123,91427,1037.3,-117.15,-0.039407,100649,1069.6,-132.37,-0.043217,96445,1074.3,-150.44,-0.04686,98139,1104.6,204.32,0.076054,113049,1138.4,179.73,0.061926,135667,1144.6,80.02,0.060137,94261,1043.2,-34.37,-0.019689
101,101.04,0.0018711,49173,765.3,2.87,0.000379,47464,863.2,161.54,0.020931,91679,1039.1,-139.94,-0.047122,102303,1073.7,-143.69,-0.047502,95476,1071.6,-149.36,-0.046169,100053,1109.8,187.6,0.070862,114448,1142.3,166.35,0.057831,134445,1143.6,85.55,0.063768,95021,1045.3,-34.27,-0.01975,76007,794.0,1.77,0.000349,66587,931.8,25.28,0.004257,91679,1039.1,-139.94,-0.047122,102303,1073.7,-143.69,-0.047502,95476,1071.6,-149.36,-0.046169,100053,1109.8,187.6,0.070862,114448,1142.3,166.35,0.057831,134445,1143.6,85.55,0.063768,95021,1045.3,-34.27,-0.01975
102,102.09,0.0018905,48471,762.7,2.5,0.000327,46679,859.8,164.91,0.021098,90806,1038.1,-161.1,-0.053781,103104,1075.5,-158.01,-0.052555,94456,1068.8,-148.24,-0.045454,102329,1115.9,168.29,0.064657,115711,1145.7,153.57,0.053814,132691,1141.9,91.29,0.067263,102468,1064.1,-0.8,-0.000489,75227,792.2,1.83,0.000357,66780,932.4,41.39,0.006986,90806,1038.1,-161.1,-0.053781,103104,1075.5,-158.01,-0.052555,94456,1068.8,-148.24,-0.045454,102329,1115.9,168.29,0.064657,115711,1145.7,153.57,0.053814,132691,1141.9,91.29,0.067263,102468,1064.1,-0.8,-0.000489
103,103.07,0.0019088,47902,760.7,2.21,0.000286,46026,856.8,167.41,0.02119,89921,1037.2,-184.04,-0.060896,102861,1074.7,-171.28,-0.056879,93508,1066.2,-147.17,-0.044785,104416,1121.3,150.32,0.058647,116654,1148.3,142.58,0.050257,130790,1139.8,96.9,0.070501,117206,1097.7,62.57,0.042359,74489,790.4,1.86,0.000361,66744,932.2,54.4,0.009178,89921,1037.2,-184.04,-0.060896,102861,1074.7,-171.28,-0.056879,93508,1066.2,-147.17,-0.044785,104416,1121.3,150.32,0.058647,116654,1148.3,142.58,0.050257,130790,1139.8,96.9,0.070501,117206,1097.7,62.57,0.042359
104,104.06,0.001927,47398,758.8,1.98,0.000255,45480,854.4,169.0,0.021198,88737,1035.5,-207.76,-0.067947,101767,1071.6,-184.08,-0.060656,92558,1063.5,-146.09,-0.044115,106061,1125.6,133.2,0.052583,117271,1150.0,131.72,0.046604,128787,1137.7,102.86,0.073827,124970,1113.2,90.7,0.064557,73745,788.5,1.89,0.000364,66538,931.5,66.57,0.011204,88737,1035.5,-207.76,-0.067947,101767,1071.6,-184.08,-0.060656,92558,1063.5,-146.09,-0.044115,106061,1125.6,133.2,0.052583,117271,1150.0,131.72,0.046604,128787,1137.7,102.86,0.073827,124970,1113.2,90.7,0.064557
105,105.05,0.0019453,46936,757.1,1.84,0.000235,45037,852.3,169.48,0.021102,87076,1032.5,-229.64,-0.073913,99878,1066.5,-195.67,-0.063581,91595,1060.7,-145.07,-0.043465,107220,1128.7,117.76,0.04687,117721,1151.3,121.2,0.043001,126794,1135.7,109.01,0.077164,127721,1117.9,96.7,0.070045,73016,786.7,1.87,0.000357,66271,930.6,78.56,0.013182,87076,1032.5,-229.64,-0.073913,99878,1066.5,-195.67,-0.063581,91595,1060.7,-145.07,-0.043465,107220,1128.7,117.76,0.04687,117721,1151.3,121.2,0.043001,126794,1135.7,109.01,0.077164,127721,1117.9,96.7,0.070045
106,106.1,0.0019647,46471,755.4,1.76,0.000223,44642,850.5,168.69,0.020865,84905,1028.0,-249.5,-0.078644,97224,1059.3,-207.23,-0.065991,90541,1057.6,-144.31,-0.042866,108159,1131.2,103.49,0.041457,118049,1152.2,110.03,0.039111,124781,1133.8,115.44,0.080554,129623,1120.8,98.05,0.071892,72272,784.9,1.8,0.000341,65902,929.3,90.65,0.015148,84905,1028.0,-249.5,-0.078644,97224,1059.3,-207.23,-0.065991,90541,1057.6,-144.31,-0.042866,108159,1131.2,103.49,0.041457,118049,1152.2,110.03,0.039111,124781,1133.8,115.44,0.080554,129623,1120.8,98.05,0.071892
107,107.08,0.001983,46044,753.8,1.74,0.000219,44341,849.0,166.74,0.02052,82878,1023.4,-262.68,-0.081182,94361,1051.5,-217.88,-0.067841,89518,1054.5,-144.14,-0.042453,109322,1134.2,93.91,0.037926,118177,1152.6,99.09,0.035251,123074,1132.3,121.02,0.083395,130560,1122.0,102.13,0.075347,71632,783.3,1.65,0.000311,65486,927.8,100.27,0.016675,82878,1023.4,-262.68,-0.081182,94361,1051.5,-217.88,-0.067841,89518,1054.5,-144.14,-0.042453,109322,1134.2,93.91,0.037926,118177,1152.6,99.09,0.035251,123074,1132.3,121.02,0.083395,130560,1122.0,102.13,0.075347
108,108.07,0.0020012,45616,752.1,1.76,0.00022,44118,847.9,162.9,0.019974,81141,1018.4,-272.68,-0.082914,91332,1043.0,-228.85,-0.069532,88483,1051.4,-144.4,-0.042163,111779,1140.4,91.58,0.037609,118174,1152.7,87.74,0.031208,121586,1131.5,125.83,0.085733,129622,1119.6,113.43,0.083266,71150,782.0,1.2,0.000225,65046,926.3,107.36,0.017764,81141,1018.4,-272.68,-0.082914,91332,1043.0,-228.85,-0.069532,88483,1051.4,-144.4,-0.042163,111779,1140.4,91.58,0.037609,118174,1152.7,87.74,0.031208,121586,1131.5,125.83,0.085733,129622,1119.6,113.43,0.083266
109,109.05,0.0020194,45181,750.5,1.82,0.000225,43960,847.0,156.58,0.019149,79551,1013.8,-279.58,-0.083729,88268,1034.1,-240.31,-0.071168,87495,1048.4,-144.68,-0.041894,115688,1149.8,95.99,0.040463,118150,1152.7,76.46,0.02719,120331,1131.2,129.65,0.087446,124628,1109.1,138.19,0.098453,71021,781.7,0.23,4.4e-05,64616,924.8,111.76,0.0184,79551,1013.8,-279.58,-0.083729,88268,1034.1,-240.31,-0.071168,87495,1048.4,-144.68,-0.041894,115688,1149.8,95.99,0.040463,118150,1152.7,76.46,0.02719,120331,1131.2,129.65,0.087446,124628,1109.1,138.19,0.098453
110,110.1,0.0020389,44693,748.6,1.94,0.000238,44245,848.2,144.87,0.017808,78189,1009.7,-283.61,-0.083815,85120,1024.7,-252.46,-0.072764,86582,1045.5,-144.38,-0.041487,120582,1161.6,103.99,0.045226,118627,1153.9,67.18,0.023964,119252,1131.3,132.47,0.088535,116782,1092.3,172.04,0.116621,71331,782.6,-0.94,-0.000177,64268,923.5,113.52,0.018615,78189,1009.7,-283.61,-0.083815,85120,1024.7,-252.46,-0.072764,86582,1045.5,-144.38,-0.041487,120582,1161.6,103.99,0.045226,118627,1153.9,67.18,0.023964,119252,1131.3,132.47,0.088535,116782,1092.3,172.04,0.116621
111,111.08,0.0020571,44194,746.7,2.14,0.00026,45103,851.8,127.42,0.015898,77130,1005.9,-283.53,-0.082973,82394,1016.3,-263.12,-0.074017,85999,1043.7,-143.39,-0.040996,124707,1171.9,107.45,0.047904,120473,1158.0,65.49,0.02364,118487,1131.9,133.92,0.088879,110165,1077.4,199.3,0.129205,72156,785.0,-2.29,-0.000434,64134,923.0,112.84,0.018476,77130,1005.9,-283.53,-0.082973,82394,1016.3,-263.12,-0.074017,85999,1043.7,-143.39,-0.040996,124707,1171.9,107.45,0.047904,120473,1158.0,65.49,0.02364,118487,1131.9,133.92,0.088879,110165,1077.4,199.3,0.129205
112,112.07,0.0020753,43636,744.5,2.43,0.000293,46109,856.1,108.53,0.013774,76511,1003.6,-281.73,-0.081973,79971,1008.5,-272.42,-0.074949,85753,1042.3,-140.4,-0.040077,127463,1178.4,105.95,0.048015,123713,1165.2,70.65,0.026028,117954,1132.9,134.28,0.08864,105182,1066.0,218.27,0.136554,73370,788.4,-3.19,-0.000611,64078,922.7,110.1,0.018017,76511,1003.6,-281.73,-0.081973,79971,1008.5,-272.42,-0.074949,85753,1042.3,-140.4,-0.040077,127463,1178.4,105.95,0.048015,123713,1165.2,70.65,0.026028,117954,1132.9,134.28,0.08864,105182,1066.0,218.27,0.136554
113,113.05,0.0020934,43007,742.0,2.77,0.000331,46749,858.7,92.89,0.011917,76140,1002.0,-279.19,-0.080962,77915,1001.7,-279.66,-0.075472,85836,1042.2,-136.26,-0.038939,128934,1182.6,100.68,0.045988,128074,1174.5,81.27,0.030748,117593,1134.3,133.98,0.088062,101636,1057.9,229.92,0.140057,74616,791.9,-3.13,-0.000606,64188,923.0,106.25,0.017412,76140,1002.0,-279.19,-0.080962,77915,1001.7,-279.66,-0.075472,85836,1042.2,-136.26,-0.038939,128934,1182.6,100.68,0.045988,128074,1174.5,81.27,0.030748,117593,1134.3,133.98,0.088062,101636,1057.9,229.92,0.140057
114,114.09,0.0021128,42256,739.0,3.16,0.000372,46907,859.2,81.26,0.010454,76054,1001.2,-274.4,-0.079546,76089,995.5,-285.11,-0.075608,86403,1043.3,-129.88,-0.03732,130087,1186.2,93.82,0.043109,131918,1182.6,89.3,0.034561,117373,1135.9,132.75,0.086967,98906,1052.0,236.68,0.141088,75565,794.5,-2.09,-0.000408,64210,922.9,102.54,0.016811,76054,1001.2,-274.4,-0.079546,76089,995.5,-285.11,-0.075608,86403,1043.3,-129.88,-0.03732,130087,1186.2,93.82,0.043109,131918,1182.6,89.3,0.034561,117373,1135.9,132.75,0.086967,98906,1052.0,236.68,0.141088
115,115.07,0.0021309,41493,735.9,3.47,0.000402,46778,858.6,73.69,0.009461,76691,1002.6,-265.68,-0.077556,74643,990.5,-288.54,-0.075446,87054,1044.7,-123.8,-0.035794,130960,1189.2,88.95,0.041041,134159,1187.2,91.6,0.035915,117266,1137.5,130.98,0.085612,96976,1048.2,239.7,0.140601,75886,795.4,-0.68,-0.000133,64130,922.6,99.85,0.016355,76691,1002.6,-265.68,-0.077556,74643,990.5,-288.54,-0.075446,87054,1044.7,-123.8,-0.035794,130960,1189.2,88.95,0.041041,134159,1187.2,91.6,0.035915,117266,1137.5,130.98,0.085612,96976,1048.2,239.7,0.140601
116,116.04,0.0021489,40701,732.6,3.65,0.000418,46582,857.7,66.46,0.008505,78320,1007.2,-251.48,-0.074627,73407,986.1,-290.6,-0.07506,87519,1045.4,-119.23,-0.034632,131719,1191.9,84.55,0.039147,135427,1189.8,90.89,0.035895,117252,1139.1,128.73,0.084019,95601,1046.2,240.99,0.139617,75679,794.9,0.62,0.000121,64491,923.7,93.72,0.015419,78320,1007.2,-251.48,-0.074627,73407,986.1,-290.6,-0.07506,87519,1045.4,-119.23,-0.034632,131719,1191.9,84.55,0.039147,135427,1189.8,90.89,0.035895,117252,1139.1,128.73,0.084019,95601,1046.2,240.99,0.139617
117,117.08,0.0021682,39867,729.1,3.67,0.000413,49103,868.4,33.74,0.004496,80733,1013.3,-231.6,-0.070423,72342,982.2,-291.11,-0.074395,87814,1045.7,-116.49,-0.033942,132407,1194.6,79.93,0.03712,135978,1190.9,87.11,0.034508,117368,1140.8,125.84,0.082084,94778,1045.7,241.87,0.138999,74902,793.0,1.99,0.000387,72169,948.7,38.47,0.006895,80733,1013.3,-231.6,-0.070423,72342,982.2,-291.11,-0.074395,87814,1045.7,-116.49,-0.033942,132407,1194.6,79.93,0.03712,135978,1190.9,87.11,0.034508,117368,1140.8,125.84,0.082084,94778,1045.7,241.87,0.138999
118,118.05,0.0021862,39127,726.0,3.55,0.000393,64031,925.9,-93.04,-0.015162,83110,1019.4,-213.05,-0.066289,71610,979.5,-289.87,-0.073525,88126,1046.0,-116.22,-0.033972,132925,1196.7,75.82,0.035285,136208,1191.4,83.54,0.033136,117537,1142.4,122.89,0.080163,94673,1046.4,242.8,0.139279,73703,790.1,3.16,0.000606,88738,996.1,-61.55,-0.01292,83110,1019.4,-213.05,-0.066289,71610,979.5,-289.87,-0.073525,88126,1046.0,-116.22,-0.033972,132925,1196.7,75.82,0.035285,136208,1191.4,83.54,0.033136,117537,1142.4,122.89,0.080163,94673,1046.4,242.8,0.139279
119,119.09,0.0022054,38402,722.8,3.32,0.000363,76024,964.0,-180.44,-0.033531,85334,1024.9,-195.83,-0.062225,71277,978.2,-287.55,-0.072697,88850,1047.3,-119.23,-0.035096,133309,1198.6,71.44,0.033292,136220,1191.4,81.04,0.032147,117712,1144.0,119.53,0.077985,95250,1050.1,245.25,0.141042,72039,785.9,4.16,0.000784,97304,1017.7,-109.54,-0.024679,85334,1024.9,-195.83,-0.062225,71277,978.2,-287.55,-0.072697,88850,1047.3,-119.23,-0.035096,133309,1198.6,71.44,0.033292,136220,1191.4,81.04,0.032147,117712,1144.0,119.53,0.077985,95250,1050.1,245.25,0.141042
120,120.06,0.0022234,37783,720.1,3.09,0.000333,78436,971.4,-200.87,-0.03822,86969,1028.7,-181.73,-0.058636,71081,977.1,-281.62,-0.071084,90375,1050.8,-126.73,-0.037818,133495,1199.8,67.06,0.031261,135939,1190.9,80.0,0.031686,117857,1145.2,116.14,0.075779,95994,1054.8,246.79,0.142394,70271,781.4,4.75,0.000879,99247,1022.5,-122.21,-0.02795,86969,1028.7,-181.73,-0.058636,71081,977.1,-281.62,-0.071084,90375,1050.8,-126.73,-0.037818,133495,1199.8,67.06,0.031261,135939,1190.9,80.0,0.031686,117857,1145.2,116.14,0.075779,95994,1054.8,246.79,0.142394
121,121.1,0.0022425,37174,717.4,2.9,0.000309,79097,973.7,-209.97,-0.040193,88423,1032.0,-169.25,-0.055346,72207,980.5,-268.9,-0.068706,93145,1057.3,-140.13,-0.04283,133486,1200.6,62.18,0.028965,135292,1189.6,79.81,0.031493,117975,1146.4,112.2,0.073205,96885,1059.9,246.68,0.142963,68325,776.4,5.02,0.000908,99775,1024.0,-128.07,-0.029406,88423,1032.0,-169.25,-0.055346,72207,980.5,-268.9,-0.068706,93145,1057.3,-140.13,-0.04283,133486,1200.6,62.18,0.028965,135292,1189.6,79.81,0.031493,117975,1146.4,112.2,0.073205,96885,1059.9,246.68,0.142963
122,122.07,0.0022605,36627,715.0,2.84,0.000299,79190,974.3,-215.11,-0.041199,89438,1034.1,-159.14,-0.05253,74886,988.7,-245.73,-0.064574,96188,1064.3,-153.56,-0.048152,133249,1200.7,57.69,0.026826,134379,1187.8,80.39,0.031557,118065,1147.4,108.3,0.070659,97668,1064.7,244.43,0.142159,66540,771.6,5.03,0.000892,99848,1024.3,-131.47,-0.030199,89438,1034.1,-159.14,-0.05253,74886,988.7,-245.73,-0.064574,96188,1064.3,-153.56,-0.048152,133249,1200.7,57.69,0.026826,134379,1187.8,80.39,0.031557,118065,1147.4,108.3,0.070659,97668,1064.7,244.43,0.142159
123,123.1,0.0022796,36048,712.4,2.92,0.000304,78938,974.0,-218.21,-0.041672,90212,1035.6,-150.21,-0.049941,78692,1000.1,-216.57,-0.059121,99386,1071.3,-165.36,-0.053227,132685,1200.0,53.72,0.024884,133008,1185.1,81.45,0.031718,118132,1148.3,104.01,0.067843,98283,1069.4,241.01,0.140433,64729,766.7,4.92,0.000854,99333,1023.3,-132.47,-0.030299,90212,1035.6,-150.21,-0.049941,78692,1000.1,-216.57,-0.059121,99386,1071.3,-165.36,-0.053227,132685,1200.0,53.72,0.024884,133008,1185.1,81.45,0.031718,118132,1148.3,104.01,0.067843,98283,1069.4,241.01,0.140433
124,124.07,0.0022975,35562,710.3,3.42,0.000353,78610,973.4,-220.16,-0.041897,90648,1036.2,-143.14,-0.04779,81777,1009.1,-192.61,-0.054158,102439,1077.6,-173.65,-0.057277,131866,1198.7,51.11,0.023556,131398,1181.8,82.8,0.031942,118165,1149.0,99.89,0.065134,98545,1073.1,238.33,0.138769,63128,762.3,4.77,0.000812,98523,1021.6,-131.82,-0.029956,90648,1036.2,-143.14,-0.04779,81777,1009.1,-192.61,-0.054158,102439,1077.6,-173.65,-0.057277,131866,1198.7,51.11,0.023556,131398,1181.8,82.8,0.031942,118165,1149.0,99.89,0.065134,98545,1073.1,238.33,0.138769
125,125.1,0.0023167,34981,707.9,4.35,0.000442,78322,972.9,-222.24,-0.042158,90895,1036.4,-136.69,-0.045751,84108,1015.8,-173.5,-0.049844,105784,1084.1,-180.45,-0.061092,130710,1196.6,49.38,0.0226,129423,1177.7,84.63,0.032268,118158,1149.6,95.38,0.062151,98528,1076.2,236.8,0.137449,61513,757.8,4.63,0.000773,97453,1019.2,-130.19,-0.029333,90895,1036.4,-136.69,-0.045751,84108,1015.8,-173.5,-0.049844,105784,1084.1,-180.45,-0.061092,130710,1196.6,49.38,0.0226,129423,1177.7,84.63,0.032268,118158,1149.6,95.38,0.062151,98528,1076.2,236.8,0.137449
126,126.07,0.0023346,34399,705.6,5.48,0.00055,78213,972.9,-224.85,-0.042593,90990,1036.3,-131.34,-0.044013,85558,1020.0,-160.35,-0.046665,108791,1089.5,-185.74,-0.06435,129460,1194.1,48.38,0.021974,127434,1173.5,86.68,0.032658,118114,1150.1,91.03,0.059273,98401,1078.8,236.4,0.136713,60067,753.6,4.55,0.000745,96243,1016.4,-127.6,-0.028469,90990,1036.3,-131.34,-0.044013,85558,1020.0,-160.35,-0.046665,108791,1089.5,-185.74,-0.06435,129460,1194.1,48.38,0.021974,127434,1173.5,86.68,0.032658,118114,1150.1,91.03,0.059273,98401,1078.8,236.4,0.136713
127,127.1,0.0023537,33774,703.4,6.98,0.00069,78262,973.3,-228.35,-0.043264,90969,1035.9,-126.4,-0.042364,86568,1023.1,-149.55,-0.043904,111595,1094.4,-191.05,-0.067592,127941,1191.0,48.2,0.021692,125240,1168.9,89.24,0.033173,117996,1150.4,86.23,0.056075,98023,1080.6,236.74,0.136151,58572,749.3,4.52,0.000727,94866,1013.2,-124.45,-0.027457,90969,1035.9,-126.4,-0.042364,86568,1023.1,-149.55,-0.043904,111595,1094.4,-191.05,-0.067592,127941,1191.0,48.2,0.021692,125240,1168.9,89.24,0.033173,117996,1150.4,86.23,0.056075,98023,1080.6,236.74,0.136151
128,128.06,0.0023716,33225,701.8,8.68,0.000846,78387,974.0,-231.89,-0.043976,90825,1035.2,-122.56,-0.041038,87194,1025.1,-141.49,-0.041756,113710,1098.4,-196.34,-0.070524,126312,1187.7,48.88,0.02178,123130,1164.5,91.94,0.033731,117793,1150.5,81.57,0.052953,97524,1082.3,238.05,0.135995,57190,745.1,4.58,0.000722,93604,1010.2,-121.62,-0.026553,90825,1035.2,-122.56,-0.041038,87194,1025.1,-141.49,-0.041756,113710,1098.4,-196.34,-0.070524,126312,1187.7,48.88,0.02178,123130,1164.5,91.94,0.033731,117793,1150.5,81.57,0.052953,97524,1082.3,238.05,0.135995
129,129.09,0.0023906,32716,700.9,10.92,0.001049,78528,974.7,-235.54,-0.044715,90539,1034.2,-119.29,-0.039858,87621,1026.7,-134.38,-0.039792,115342,1101.7,-202.37,-0.073509,124433,1183.8,50.19,0.022106,120867,1159.6,95.13,0.034403,117396,1150.1,76.13,0.049267,97063,1084.0,239.2,0.135793,55720,740.7,4.68,0.000724,92393,1007.4,-118.92,-0.0257,90539,1034.2,-119.29,-0.039858,87621,1026.7,-134.38,-0.039792,115342,1101.7,-202.37,-0.073509,124433,1183.8,50.19,0.022106,120867,1159.6,95.13,0.034403,117396,1150.1,76.13,0.049267,97063,1084.0,239.2,0.135793
130,130.06,0.0024085,32330,701.1,13.62,0.001292,78629,975.3,-238.65,-0.045338,90162,1033.0,-116.92,-0.038947,87876,1027.8,-128.91,-0.038243,116303,1103.9,-208.52,-0.076225,122582,1179.8,51.76,0.022532,118766,1155.2,98.33,0.035078,116891,1149.5,70.41,0.045397,96756,1085.8,239.21,0.135146,54371,736.5,4.67,0.000709,91444,1005.1,-116.57,-0.024989,90162,1033.0,-116.92,-0.038947,87876,1027.8,-128.91,-0.038243,116303,1103.9,-208.52,-0.076225,122582,1179.8,51.76,0.022532,118766,1155.2,98.33,0.035078,116891,1149.5,70.41,0.045397,96756,1085.8,239.21,0.135146
131,131.09,0.0024276,32014,702.6,17.23,0.001615,78692,975.7,-241.59,-0.045912,89670,1031.5,-114.99,-0.038153,88015,1028.6,-124.22,-0.036878,116796,1105.7,-215.5,-0.078977,120595,1175.5,53.96,0.023192,116551,1150.4,101.86,0.035806,116499,1149.0,64.26,0.04131,96561,1088.0,238.64,0.134283,53012,732.2,4.51,0.000672,90698,1003.4,-113.96,-0.024272,89670,1031.5,-114.99,-0.038153,88015,1028.6,-124.22,-0.036878,116796,1105.7,-215.5,-0.078977,120595,1175.5,53.96,0.023192,116551,1150.4,101.86,0.035806,116499,1149.0,64.26,0.04131,96561,1088.0,238.64,0.134283
132,132.06,0.0024455,31806,705.2,20.9,0.001939,78698,976.0,-243.97,-0.046354,89157,1029.9,-113.69,-0.037561,88029,1029.1,-120.88,-0.035876,116767,1107.3,-221.96,-0.081215,118745,1171.4,56.47,0.023983,114479,1145.9,105.23,0.036473,116551,1149.6,59.72,0.038387,96429,1090.0,237.41,0.133163,51876,728.6,4.1,0.0006,90300,1002.5,-110.88,-0.023534,89157,1029.9,-113.69,-0.037561,88029,1029.1,-120.88,-0.035876,116767,1107.3,-221.96,-0.081215,118745,1171.4,56.47,0.023983,114479,1145.9,105.23,0.036473,116551,1149.6,59.72,0.038387,96429,1090.0,237.41,0.133163
133,133.09,0.0024646,31799,710.0,24.57,0.002263,78624,976.1,-245.99,-0.04669,88572,1028.2,-112.73,-0.037061,87959,1029.5,-118.46,-0.035118,116378,1108.9,-229.23,-0.083466,116793,1167.0,59.47,0.024939,112287,1141.2,108.87,0.037165,117537,1152.4,58.5,0.03783,96315,1092.0,235.77,0.131845,50857,725.2,3.53,0.000509,90182,1002.4,-106.65,-0.022608,88572,1028.2,-112.73,-0.037061,87959,1029.5,-118.46,-0.035118,116378,1108.9,-229.23,-0.083466,116793,1167.0,59.47,0.024939,112287,1141.2,108.87,0.037165,117537,1152.4,58.5,0.03783,96315,1092.0,235.77,0.131845
134,134.05,0.0024825,32119,717.4,28.56,0.002631,78454,975.8,-247.27,-0.046845,88026,1026.7,-112.29,-0.036744,87770,1029.5,-116.92,-0.034585,115728,1110.8,-235.93,-0.085284,114969,1162.8,62.39,0.025845,110308,1137.0,112.33,0.03781,119359,1156.8,61.99,0.04055,96204,1093.8,233.97,0.130477,49982,722.3,3.35,0.000477,90323,1003.0,-102.12,-0.021671,88026,1026.7,-112.29,-0.036744,87770,1029.5,-116.92,-0.034585,115728,1110.8,-235.93,-0.085284,114969,1162.8,62.39,0.025845,110308,1137.0,112.33,0.03781,119359,1156.8,61.99,0.04055,96204,1093.8,233.97,0.130477
135,135.08,0.0025015,35021,739.1,15.43,0.001504,78170,975.3,-248.07,-0.046853,87463,1025.1,-112.32,-0.036572,87455,1029.2,-115.9,-0.03417,114871,1113.0,-242.98,-0.087006,113009,1158.1,65.46,0.026764,108339,1132.8,115.98,0.038484,122218,1163.7,71.56,0.047653,96081,1095.5,231.93,0.128966,49407,720.4,1.62,0.000228,90596,1003.9,-97.16,-0.02066,87463,1025.1,-112.32,-0.036572,87455,1029.2,-115.9,-0.03417,114871,1113.0,-242.98,-0.087006,113009,1158.1,65.46,0.026764,108339,1132.8,115.98,0.038484,122218,1163.7,71.56,0.047653,96081,1095.5,231.93,0.128966
136,136.05,0.0025194,58899,836.8,-96.82,-0.014019,77837,974.5,-248.5,-0.04677,86915,1023.7,-112.58,-0.036479,87214,1029.2,-116.08,-0.03413,113974,1115.3,-249.39,-0.088424,111182,1153.7,68.43,0.027628,106636,1129.3,119.22,0.03906,124014,1168.3,79.92,0.053785,95954,1097.0,229.92,0.127506,51325,727.2,-10.77,-0.001563,90794,1004.6,-93.19,-0.019846,86915,1023.7,-112.58,-0.036479,87214,1029.2,-116.08,-0.03413,113974,1115.3,-249.39,-0.088424,111182,1153.7,68.43,0.027628,106636,1129.3,119.22,0.03906,124014,1168.3,79.92,0.053785,95954,1097.0,229.92,0.127506
137,137.08,0.0025385,98958,936.6,-104.67,-0.02275,77442,973.6,-248.85,-0.046644,86297,1022.0,-112.98,-0.036407,87284,1030.0,-118.76,-0.034918,112919,1117.7,-255.83,-0.089674,109298,1149.0,71.84,0.02863,104954,1125.8,122.23,0.039535,124391,1170.0,86.68,0.058429,95814,1098.6,227.7,0.125917,73162,797.4,-76.85,-0.014505,90821,1005.0,-90.13,-0.019193,86297,1022.0,-112.98,-0.036407,87284,1030.0,-118.76,-0.034918,112919,1117.7,-255.83,-0.089674,109298,1149.0,71.84,0.02863,104954,1125.8,122.23,0.039535,124391,1170.0,86.68,0.058429,95814,1098.6,227.7,0.125917
138,138.05,0.0025564,125627,987.2,-46.29,-0.012116,77041,972.6,-249.16,-0.046507,85754,1020.5,-113.82,-0.0365,88335,1033.6,-127.01,-0.037663,111850,1119.8,-261.47,-0.090617,107621,1144.8,75.23,0.029631,103498,1122.9,124.4,0.039782,123441,1168.8,92.53,0.061959,95689,1099.9,225.55,0.12441,108761,885.0,-76.52,-0.019343,90592,1004.7,-88.91,-0.018892,85754,1020.5,-113.82,-0.0365,88335,1033.6,-127.01,-0.037663,111850,1119.8,-261.47,-0.090617,107621,1144.8,75.23,0.029631,103498,1122.9,124.4,0.039782,123441,1168.8,92.53,0.061959,95689,1099.9,225.55,0.12441
139,139.08,0.0025755,138051,1011.4,-0.83,-0.000232,76578,971.6,-249.49,-0.046336,85377,1019.5,-115.65,-0.036962,91145,1042.0,-145.58,-0.044182,110546,1121.3,-266.68,-0.091223,105967,1140.4,79.0,0.030753,102106,1120.2,126.0,0.039846,121273,1164.8,99.54,0.065707,95566,1101.4,223.11,0.122745,133482,934.2,-34.01,-0.009997,90068,1003.5,-88.32,-0.018679,85377,1019.5,-115.65,-0.036962,91145,1042.0,-145.58,-0.044182,110546,1121.3,-266.68,-0.091223,105967,1140.4,79.0,0.030753,102106,1120.2,126.0,0.039846,121273,1164.8,99.54,0.065707,95566,1101.4,223.11,0.122745
140,140.04,0.0025934,139162,1017.8,21.58,0.006069,76110,970.7,-249.81,-0.046152,85599,1020.2,-121.24,-0.038823,94557,1051.9,-166.84,-0.052038,109164,1121.7,-270.74,-0.09142,104588,1136.7,82.7,0.031883,101038,1118.3,126.65,0.039701,118633,1159.7,107.41,0.069666,95459,1102.6,220.6,0.121085,139607,945.4,-7.22,-0.002193,89387,1002.0,-88.55,-0.018613,85599,1020.2,-121.24,-0.038823,94557,1051.9,-166.84,-0.052038,109164,1121.7,-270.74,-0.09142,104588,1136.7,82.7,0.031883,101038,1118.3,126.65,0.039701,118633,1159.7,107.41,0.069666,95459,1102.6,220.6,0.121085
141,141.08,0.0026125,137898,1022.3,33.18,0.009206,75579,969.9,-250.18,-0.045937,87269,1024.8,-136.4,-0.044329,97956,1061.8,-187.85,-0.060129,107567,1121.1,-274.39,-0.091345,103351,1133.2,86.93,0.033218,100153,1117.0,126.51,0.039356,115688,1153.8,116.5,0.07406,95344,1104.0,217.65,0.11918,135812,939.4,5.71,0.001699,88441,1000.0,-89.59,-0.018671,87269,1024.8,-136.4,-0.044329,97956,1061.8,-187.85,-0.060129,107567,1121.1,-274.39,-0.091345,103351,1133.2,86.93,0.033218,100153,1117.0,126.51,0.039356,115688,1153.8,116.5,0.07406,95344,1104.0,217.65,0.11918
142,142.04,0.0026304,139182,1032.6,35.42,0.009822,75059,969.2,-250.58,-0.045725,90044,1032.5,-158.9,-0.052887,100530,1069.6,-204.32,-0.066631,105974,1119.7,-277.22,-0.091035,102439,1130.4,91.15,0.034607,99548,1116.3,125.96,0.038975,113014,1148.5,124.81,0.077867,95236,1105.1,214.64,0.117278,131081,931.8,6.04,0.001748,87420,997.7,-90.97,-0.018783,90044,1032.5,-158.9,-0.052887,100530,1069.6,-204.32,-0.066631,105974,1119.7,-277.22,-0.091035,102439,1130.4,91.15,0.034607,99548,1116.3,125.96,0.038975,113014,1148.5,124.81,0.077867,95236,1105.1,214.64,0.117278
143,143.08,0.0026496,141738,1045.9,38.2,0.010649,74486,968.6,-251.05,-0.045493,92958,1040.6,-185.03,-0.063084,102604,1076.3,-218.93,-0.072414,104208,1117.6,-279.72,-0.090497,101746,1128.0,95.63,0.036141,99188,1116.3,125.13,0.038574,110280,1143.0,132.95,0.081331,95122,1106.2,211.25,0.115174,129077,928.5,2.5,0.000715,86255,995.0,-92.58,-0.018911,92958,1040.6,-185.03,-0.063084,102604,1076.3,-218.93,-0.072414,104208,1117.6,-279.72,-0.090497,101746,1128.0,95.63,0.036141,99188,1116.3,125.13,0.038574,110280,1143.0,132.95,0.081331,95122,1106.2,211.25,0.115174
144,144.04,0.0026675,141940,1055.0,44.94,0.012438,73935,968.1,-251.52,-0.045264,94812,1046.0,-207.47,-0.07177,104030,1081.3,-230.95,-0.077093,102490,1115.3,-281.54,-0.089764,101339,1126.3,99.42,0.037479,99132,1117.1,123.58,0.03805,107800,1137.9,139.78,0.083957,95012,1107.2,207.94,0.113138,127122,925.2,3.26,0.000921,85133,992.4,-94.15,-0.019033,94812,1046.0,-207.47,-0.07177,104030,1081.3,-230.95,-0.077093,102490,1115.3,-281.54,-0.089764,101339,1126.3,99.42,0.037479,99132,1117.1,123.58,0.03805,107800,1137.9,139.78,0.083957,95012,1107.2,207.94,0.113138
145,145.08,0.0026866,142619,1066.4,50.21,0.013813,73337,967.6,-252.0,-0.045004,95798,1049.6,-228.79,-0.079693,104995,1085.3,-242.46,-0.081381,100619,1112.9,-283.02,-0.08878,101086,1124.8,102.7,0.03867,99508,1119.0,121.54,0.037502,105238,1132.5,146.24,0.086154,94890,1108.0,204.27,0.110917,123984,919.9,4.47,0.001238,83930,989.6,-95.86,-0.019159,95798,1049.6,-228.79,-0.079693,104995,1085.3,-242.46,-0.081381,100619,1112.9,-283.02,-0.08878,101086,1124.8,102.7,0.03867,99508,1119.0,121.54,0.037502,105238,1132.5,146.24,0.086154,94890,1108.0,204.27,0.110917
146,146.05,0.0027046,144826,1079.8,53.31,0.014709,72770,967.4,-252.4,-0.04474,95924,1051.3,-247.0,-0.086015,105334,1087.6,-252.49,-0.084841,98860,1110.7,-284.08,-0.087726,100957,1123.5,104.74,0.039431,100307,1121.8,119.0,0.03692,102921,1127.6,151.6,0.087731,94778,1108.7,200.73,0.1088,121367,915.4,3.96,0.001081,82815,986.9,-97.47,-0.019272,95924,1051.3,-247.0,-0.086015,105334,1087.6,-252.49,-0.084841,98860,1110.7,-284.08,-0.087726,100957,1123.5,104.74,0.039431,100307,1121.8,119.0,0.03692,102921,1127.6,151.6,0.087731,94778,1108.7,200.73,0.1088
147,147.08,0.0027237,146238,1092.0,59.51,0.016392,72166,967.3,-252.77,-0.044439,95407,1051.8,-265.62,-0.091953,105132,1088.6,-262.96,-0.088109,96975,1108.4,-284.81,-0.086461,100889,1122.3,105.57,0.03976,101346,1125.3,115.78,0.036177,100553,1122.4,156.68,0.088999,94658,1109.2,196.76,0.10646,118977,911.2,3.57,0.000958,81648,984.2,-99.16,-0.019385,95407,1051.8,-265.62,-0.091953,105132,1088.6,-262.96,-0.088109,96975,1108.4,-284.81,-0.086461,100889,1122.3,105.57,0.03976,101346,1125.3,115.78,0.036177,100553,1122.4,156.68,0.088999,94658,1109.2,196.76,0.10646
148,148.05,0.0027417,146875,1102.0,65.75,0.018028,71617,967.3,-253.13,-0.044159,94391,1051.4,-282.24,-0.096698,104535,1088.4,-272.46,-0.090791,95185,1106.0,-285.03,-0.085113,100889,1121.2,105.05,0.039605,102376,1128.7,112.64,0.035448,98439,1117.6,160.95,0.089883,94521,1109.5,192.7,0.104084,116794,907.3,3.54,0.000936,80577,981.7,-100.73,-0.019483,94391,1051.4,-282.24,-0.096698,104535,1088.4,-272.46,-0.090791,95185,1106.0,-285.03,-0.085113,100889,1121.2,105.05,0.039605,102376,1128.7,112.64,0.035448,98439,1117.6,160.95,0.089883,94521,1109.5,192.7,0.104084
149,149.08,0.0027608,148549,1113.5,70.93,0.019466,71061,967.6,-253.56,-0.04388,92929,1050.0,-298.4,-0.100786,103563,1087.2,-282.53,-0.093377,93262,1103.0,-284.76,-0.083539,101032,1120.3,103.09,0.038951,103479,1132.2,109.06,0.034584,96311,1112.6,165.03,0.090579,94309,1109.5,187.79,0.101203,114724,903.6,3.09,0.000808,79469,979.1,-102.36,-0.019577,92929,1050.0,-298.4,-0.100786,103563,1087.2,-282.53,-0.093377,93262,1103.0,-284.76,-0.083539,101032,1120.3,103.09,0.038951,103479,1132.2,109.06,0.034584,96311,1112.6,165.03,0.090579,94309,1109.5,187.79,0.101203
150,150.05,0.0027788,150132,1123.1,76.51,0.021038,70565,967.9,-253.98,-0.043633,91412,1047.4,-312.59,-0.104122,102339,1085.1,-292.3,-0.09565,91464,1099.8,-284.13,-0.081987,101332,1119.9,100.83,0.038224,104427,1135.2,105.11,0.033546,94449,1108.0,168.45,0.09104,94014,1109.1,182.39,0.098018,113243,900.9,2.42,0.000626,78485,976.8,-103.87,-0.019665,91412,1047.4,-312.59,-0.104122,102339,1085.1,-292.3,-0.09565,91464,1099.8,-284.13,-0.081987,101332,1119.9,100.83,0.038224,104427,1135.2,105.11,0.033546,94449,1108.0,168.45,0.09104,94014,1109.1,182.39,0.098018
151,151.09,0.002798,151117,1131.1,83.45,0.022934,70043,968.3,-254.34,-0.043353,89696,1044.5,-327.26,-0.107258,100747,1082.0,-303.34,-0.097999,89551,1095.6,-283.07,-0.080275,101898,1120.2,97.9,0.037309,105311,1138.0,100.3,0.032203,92610,1103.3,171.64,0.091345,93631,1108.4,176.13,0.09433,112012,898.6,1.91,0.000489,77532,974.6,-105.53,-0.019782,89696,1044.5,-327.26,-0.107258,100747,1082.0,-303.34,-0.097999,89551,1095.6,-283.07,-0.080275,101898,1120.2,97.9,0.037309,105311,1138.0,100.3,0.032203,92610,1103.3,171.64,0.091345,93631,1108.4,176.13,0.09433
152,152.06,0.0028159,152235,1137.7,89.6,0.024662,69523,968.4,-254.38,-0.043032,88150,1042.0,-339.8,-0.109707,99055,1078.4,-314.09,-0.100097,87754,1090.9,-281.79,-0.078648,102665,1121.0,94.67,0.036326,106023,1140.3,95.55,0.030824,91025,1099.1,174.18,0.091462,93407,1108.1,170.86,0.091315,111107,896.9,1.51,0.000385,76726,972.8,-107.02,-0.01989,88150,1042.0,-339.8,-0.109707,99055,1078.4,-314.09,-0.100097,87754,1090.9,-281.79,-0.078648,102665,1121.0,94.67,0.036326,106023,1140.3,95.55,0.030824,91025,1099.1,174.18,0.091462,93407,1108.1,170.86,0.091315
153,153.1,0.0028351,153706,1144.0,96.06,0.026549,68992,968.5,-254.56,-0.04273,86715,1039.8,-351.45,-0.111858,97105,1074.2,-325.62,-0.102131,85844,1084.9,-280.38,-0.076976,103641,1122.1,90.99,0.035212,106709,1142.4,90.78,0.02942,89495,1094.8,176.32,0.091385,93650,1108.6,167.67,0.089806,110371,895.6,1.16,0.000294,75928,971.1,-108.22,-0.019937,86715,1039.8,-351.45,-0.111858,97105,1074.2,-325.62,-0.102131,85844,1084.9,-280.38,-0.076976,103641,1122.1,90.99,0.035212,106709,1142.4,90.78,0.02942,89495,1094.8,176.32,0.091385,93650,1108.6,167.67,0.089806
154,154.07,0.0028531,154829,1148.5,102.67,0.028473,68800,969.6,-256.75,-0.04293,85603,1040.9,-360.44,-0.113132,95160,1069.8,-336.11,-0.103734,84068,1078.3,-279.25,-0.075537,104565,1123.2,87.4,0.03409,107328,1144.2,86.98,0.028308,88245,1091.0,177.64,0.091095,94630,1111.0,168.29,0.090883,109797,894.5,0.99,0.00025,75204,969.6,-108.86,-0.019896,85603,1040.9,-360.44,-0.113132,95160,1069.8,-336.11,-0.103734,84068,1078.3,-279.25,-0.075537,104565,1123.2,87.4,0.03409,107328,1144.2,86.98,0.028308,88245,1091.0,177.64,0.091095,94630,1111.0,168.29,0.090883
155,155.04,0.0028711,155887,1152.0,109.41,0.030453,69146,972.2,-262.55,-0.044001,84635,1040.1,-365.94,-0.113639,93086,1065.0,-346.0,-0.10493,82315,1071.0,-278.42,-0.07425,105407,1124.2,83.59,0.032838,107958,1146.0,83.92,0.027428,87196,1087.7,178.27,0.09061,96630,1116.2,173.57,0.095269,109278,893.5,0.9,0.000226,74518,968.2,-109.74,-0.019902,84635,1040.1,-365.94,-0.113639,93086,1065.0,-346.0,-0.10493,82315,1071.0,-278.42,-0.07425,105407,1124.2,83.59,0.032838,107958,1146.0,83.92,0.027428,87196,1087.7,178.27,0.09061,96630,1116.2,173.57,0.095269
156,156.08,0.0028903,157216,1155.4,116.47,0.032598,70586,978.3,-275.53,-0.046846,84105,1039.1,-369.03,-0.11399,90816,1059.6,-355.59,-0.105742,80518,1062.6,-277.79,-0.073033,106082,1124.6,78.87,0.031172,108661,1147.9,81.1,0.026637,86299,1084.6,178.31,0.089958,99364,1123.0,181.36,0.10174,108774,892.5,0.82,0.000207,74120,967.8,-113.61,-0.020504,84105,1039.1,-369.03,-0.11399,90816,1059.6,-355.59,-0.105742,80518,1062.6,-277.79,-0.073033,106082,1124.6,78.87,0.031172,108661,1147.9,81.1,0.026637,86299,1084.6,178.31,0.089958,99364,1123.0,181.36,0.10174
157,157.05,0.0029083,158430,1158.1,123.29,0.034696,73190,987.7,-295.52,-0.051601,83949,1039.2,-368.43,-0.113591,88729,1054.6,-363.38,-0.106077,78992,1054.7,-277.09,-0.072004,106452,1124.4,73.85,0.029294,109385,1149.8,78.27,0.025837,85636,1082.0,177.77,0.089205,101203,1127.0,183.95,0.104725,108300,891.6,0.85,0.000211,74460,969.6,-120.52,-0.021809,83949,1039.2,-368.43,-0.113591,88729,1054.6,-363.38,-0.106077,78992,1054.7,-277.09,-0.072004,106452,1124.4,73.85,0.029294,109385,1149.8,78.27,0.025837,85636,1082.0,177.77,0.089205,101203,1127.0,183.95,0.104725
158,158.09,0.0029275,159478,1160.1,130.39,0.036872,75910,997.2,-317.23,-0.056905,84224,1040.6,-363.79,-0.112372,86558,1049.3,-370.47,-0.106035,77645,1046.7,-275.04,-0.070787,106571,1123.8,68.05,0.027039,110240,1151.9,74.27,0.024662,85190,1080.2,176.63,0.088321,102465,1129.4,182.78,0.105136,107734,890.6,0.96,0.000239,77154,978.5,-132.25,-0.024572,84224,1040.6,-363.79,-0.112372,86558,1049.3,-370.47,-0.106035,77645,1046.7,-275.04,-0.070787,106571,1123.8,68.05,0.027039,110240,1151.9,74.27,0.024662,85190,1080.2,176.63,0.088321,102465,1129.4,182.78,0.105136
159,159.06,0.0029455,160397,1161.7,136.67,0.038816,78026,1004.5,-330.57,-0.060507,85030,1043.6,-356.04,-0.110713,84582,1044.4,-376.02,-0.105662,77034,1042.6,-271.91,-0.069705,106471,1122.8,62.3,0.024752,111010,1153.8,69.31,0.023137,84976,1078.5,174.04,0.086945,102945,1129.6,180.04,0.104033,107126,889.4,1.1,0.000272,86515,1006.1,-127.75,-0.025884,85030,1043.6,-356.04,-0.110713,84582,1044.4,-376.02,-0.105662,77034,1042.6,-271.91,-0.069705,106471,1122.8,62.3,0.024752,111010,1153.8,69.31,0.023137,84976,1078.5,174.04,0.086945,102945,1129.6,180.04,0.104033
160,160.1,0.0029647,161399,1163.2,143.25,0.040889,83299,1021.0,-322.37,-0.061974,86354,1048.1,-344.58,-0.108352,82554,1039.2,-380.76,-0.10495,76847,1037.7,-262.67,-0.067491,106191,1121.3,55.96,0.022204,111569,1155.1,63.49,0.021279,84892,1076.9,170.76,0.08535,102723,1127.8,178.57,0.103116,106388,888.0,1.26,0.000311,109480,1064.4,-53.15,-0.012882,86354,1048.1,-344.58,-0.108352,82554,1039.2,-380.76,-0.10495,76847,1037.7,-262.67,-0.067491,106191,1121.3,55.96,0.022204,111569,1155.1,63.49,0.021279,84892,1076.9,170.76,0.08535,102723,1127.8,178.57,0.103116
161,161.07,0.0029827,162291,1164.4,149.51,0.042865,110825,1097.1,-195.55,-0.046546,87797,1052.8,-332.4,-0.105787,80748,1034.4,-384.09,-0.104028,79410,1043.3,-239.87,-0.063343,105904,1120.0,49.66,0.019673,111564,1155.0,58.64,0.019651,84940,1075.8,167.38,0.083784,101956,1123.9,178.52,0.10268,105617,886.5,1.4,0.000344,124551,1097.0,-14.15,-0.003785,87797,1052.8,-332.4,-0.105787,80748,1034.4,-384.09,-0.104028,79410,1043.3,-239.87,-0.063343,105904,1120.0,49.66,0.019673,111564,1155.0,58.64,0.019651,84940,1075.8,167.38,0.083784,101956,1123.9,178.52,0.10268
162,162.04,0.0030008,163173,1165.5,155.79,0.044864,147097,1173.0,-61.02,-0.018031,88940,1056.8,-319.28,-0.102549,79132,1030.1,-385.95,-0.102873,85015,1058.0,-199.07,-0.055502,105722,1119.0,42.62,0.016871,111042,1153.7,54.47,0.01819,84998,1074.8,164.25,0.082351,100512,1118.4,182.42,0.103946,104789,884.9,1.51,0.000369,130078,1108.1,-8.4,-0.002323,88940,1056.8,-319.28,-0.102549,79132,1030.1,-385.95,-0.102873,85015,1058.0,-199.07,-0.055502,105722,1119.0,42.62,0.016871,111042,1153.7,54.47,0.01819,84998,1074.8,164.25,0.082351,100512,1118.4,182.42,0.103946
163,163.08,0.00302,164144,1166.8,162.46,0.047015,160607,1197.1,-22.64,-0.007158,89871,1059.9,-307.42,-0.099478,77650,1025.9,-385.91,-0.101344,90026,1070.3,-162.89,-0.047537,105583,1118.2,34.51,0.013653,110007,1151.1,51.57,0.017099,84996,1073.5,161.7,0.081171,98550,1111.1,188.39,0.105942,103865,883.1,1.59,0.000386,130733,1109.6,-14.07,-0.003907,89871,1059.9,-307.42,-0.099478,77650,1025.9,-385.91,-0.101344,90026,1070.3,-162.89,-0.047537,105583,1118.2,34.51,0.013653,110007,1151.1,51.57,0.017099,84996,1073.5,161.7,0.081171,98550,1111.1,188.39,0.105942
164,164.05,0.003038,165037,1167.9,168.75,0.049054,163830,1202.6,-16.45,-0.005279,90235,1061.4,-297.85,-0.096641,76557,1022.8,-383.21,-0.099516,92007,1074.4,-145.93,-0.04336,105338,1117.3,27.21,0.010749,108546,1147.5,50.24,0.016489,84946,1072.0,160.35,0.080557,96941,1104.4,192.21,0.106973,102978,881.3,1.64,0.000394,130560,1109.6,-24.15,-0.006694,90235,1061.4,-297.85,-0.096641,76557,1022.8,-383.21,-0.099516,92007,1074.4,-145.93,-0.04336,105338,1117.3,27.21,0.010749,108546,1147.5,50.24,0.016489,84946,1072.0,160.35,0.080557,96941,1104.4,192.21,0.106973
165,165.09,0.0030572,181471,1193.7,217.2,0.067923,165543,1205.6,-11.83,-0.003827,90301,1062.1,-289.93,-0.094078,75976,1021.2,-379.88,-0.098055,92492,1074.6,-137.89,-0.041178,104800,1115.7,20.56,0.008091,106504,1142.2,50.17,0.016231,84810,1070.0,160.06,0.08044,95730,1098.1,193.2,0.106786,102028,879.5,1.66,0.000396,130255,1109.5,-33.16,-0.009175,90301,1062.1,-289.93,-0.094078,75976,1021.2,-379.88,-0.098055,92492,1074.6,-137.89,-0.041178,104800,1115.7,20.56,0.008091,106504,1142.2,50.17,0.016231,84810,1070.0,160.06,0.08044,95730,1098.1,193.2,0.106786
166,166.06,0.0030752,185687,1199.4,234.39,0.074642,167549,1209.0,-7.72,-0.002521,89937,1061.5,-282.72,-0.091414,75358,1019.3,-372.7,-0.095606,92532,1074.0,-134.76,-0.040284,103946,1113.4,15.72,0.006148,104174,1136.3,52.44,0.016681,84703,1067.8,160.79,0.080868,94952,1093.0,192.07,0.105793,101143,877.7,1.66,0.000394,129771,1109.1,-39.44,-0.010874,89937,1061.5,-282.72,-0.091414,75358,1019.3,-372.7,-0.095606,92532,1074.0,-134.76,-0.040284,103946,1113.4,15.72,0.006148,104174,1136.3,52.44,0.016681,84703,1067.8,160.79,0.080868,94952,1093.0,192.07,0.105793
167,167.1,0.0030944,186344,1200.0,244.67,0.078159,169938,1212.9,-3.17,-0.001046,89545,1060.9,-276.41,-0.089039,75383,1019.4,-361.56,-0.092769,92533,1073.7,-134.51,-0.040221,102615,1109.9,12.32,0.004773,101396,1129.0,56.31,0.017546,84671,1065.6,162.51,0.081871,94412,1088.1,188.83,0.103885,100208,875.8,1.66,0.000391,129308,1108.9,-45.72,-0.012563,89545,1060.9,-276.41,-0.089039,75383,1019.4,-361.56,-0.092769,92533,1073.7,-134.51,-0.040221,102615,1109.9,12.32,0.004773,101396,1129.0,56.31,0.017546,84671,1065.6,162.51,0.081871,94412,1088.1,188.83,0.103885
168,168.07,0.0031125,187028,1200.6,252.68,0.080967,171593,1215.7,2.76,0.000917,88988,1059.6,-269.87,-0.086493,76453,1022.3,-344.33,-0.089348,92583,1073.4,-136.04,-0.040711,101000,1105.8,10.82,0.004142,98716,1121.9,60.52,0.018478,84752,1063.5,164.52,0.083122,94086,1083.5,184.7,0.101684,99347,874.1,1.64,0.000384,129070,1109.2,-51.88,-0.014225,88988,1059.6,-269.87,-0.086493,76453,1022.3,-344.33,-0.089348,92583,1073.4,-136.04,-0.040711,101000,1105.8,10.82,0.004142,98716,1121.9,60.52,0.018478,84752,1063.5,164.52,0.083122,94086,1083.5,184.7,0.101684
169,169.05,0.0031305,188065,1201.9,259.78,0.08362,173297,1218.4,8.39,0.00281,88491,1058.5,-263.58,-0.084098,78226,1027.4,-322.78,-0.085274,92786,1073.7,-139.06,-0.041694,99162,1101.0,10.57,0.003987,96069,1114.6,64.8,0.019379,84931,1061.5,166.57,0.084499,93814,1079.1,180.0,0.099217,98517,872.4,1.59,0.00037,128880,1109.7,-57.53,-0.015743,88491,1058.5,-263.58,-0.084098,78226,1027.4,-322.78,-0.085274,92786,1073.7,-139.06,-0.041694,99162,1101.0,10.57,0.003987,96069,1114.6,64.8,0.019379,84931,1061.5,166.57,0.084499,93814,1079.1,180.0,0.099217
170,170.09,0.0031498,189188,1203.2,267.12,0.086399,175489,1221.9,13.36,0.004521,87898,1057.0,-256.54,-0.081416,79924,1031.9,-301.56,-0.081041,93215,1074.7,-143.5,-0.043185,96988,1095.3,12.55,0.004658,93353,1107.0,69.08,0.020212,85166,1059.3,168.33,0.085809,93600,1074.7,174.83,0.09654,97693,870.7,1.48,0.000342,128732,1110.4,-62.72,-0.017134,87898,1057.0,-256.54,-0.081416,79924,1031.9,-301.56,-0.081041,93215,1074.7,-143.5,-0.043185,96988,1095.3,12.55,0.004658,93353,1107.0,69.08,0.020212,85166,1059.3,168.33,0.085809,93600,1074.7,174.83,0.09654
171,171.06,0.0031678,190129,1204.3,273.94,0.088963,177110,1224.4,19.52,0.006652,87302,1055.4,-249.98,-0.078914,80711,1033.2,-285.88,-0.077485,93680,1076.0,-148.22,-0.044775,94824,1089.4,16.42,0.00599,90917,1100.0,72.67,0.020841,85380,1056.9,169.3,0.08671,93472,1070.8,169.72,0.093929,96994,869.3,1.36,0.000312,128657,1111.4,-66.99,-0.018273,87302,1055.4,-249.98,-0.078914,80711,1033.2,-285.88,-0.077485,93680,1076.0,-148.22,-0.044775,94824,1089.4,16.42,0.00599,90917,1100.0,72.67,0.020841,85380,1056.9,169.3,0.08671,93472,1070.8,169.72,0.093929
172,172.04,0.0031859,190648,1204.8,280.19,0.091206,178522,1226.6,26.57,0.009113,86667,1053.7,-243.71,-0.076503,80971,1032.9,-274.79,-0.074737,94165,1077.4,-153.3,-0.046486,92668,1083.5,21.09,0.007557,88601,1093.1,76.04,0.021384,85552,1054.3,169.57,0.087238,93400,1067.3,164.39,0.091209,96328,867.9,1.32,0.000302,128510,1112.2,-70.31,-0.019142,86667,1053.7,-243.71,-0.076503,80971,1032.9,-274.79,-0.074737,94165,1077.4,-153.3,-0.046486,92668,1083.5,21.09,0.007557,88601,1093.1,76.04,0.021384,85552,1054.3,169.57,0.087238,93400,1067.3,164.39,0.091209
173,173.08,0.0032052,190557,1204.4,286.04,0.093098,180385,1229.4,33.01,0.011414,85954,1051.6,-237.44,-0.074066,80813,1031.2,-265.52,-0.072194,94632,1078.9,-158.73,-0.048304,90450,1077.2,26.22,0.009224,86320,1086.2,79.71,0.021977,85678,1051.2,169.13,0.0874,93385,1064.0,158.57,0.088242,95573,866.3,1.43,0.000325,128218,1113.0,-72.63,-0.019715,85954,1051.6,-237.44,-0.074066,80813,1031.2,-265.52,-0.072194,94632,1078.9,-158.73,-0.048304,90450,1077.2,26.22,0.009224,86320,1086.2,79.71,0.021977,85678,1051.2,169.13,0.0874,93385,1064.0,158.57,0.088242
174,174.06,0.0032233,190252,1203.7,291.48,0.094771,181908,1231.7,39.34,0.013693,85276,1049.5,-232.05,-0.071958,80634,1029.4,-258.83,-0.070342,94944,1080.2,-163.47,-0.049854,88478,1071.5,30.96,0.01071,84396,1080.2,83.35,0.022594,85745,1048.1,168.17,0.087226,93418,1061.2,153.04,0.085414,94762,864.6,1.64,0.00037,127856,1113.5,-73.95,-0.020007,85276,1049.5,-232.05,-0.071958,80634,1029.4,-258.83,-0.070342,94944,1080.2,-163.47,-0.049854,88478,1071.5,30.96,0.01071,84396,1080.2,83.35,0.022594,85745,1048.1,168.17,0.087226,93418,1061.2,153.04,0.085414
175,175.04,0.0032414,190050,1203.1,296.6,0.09638,183040,1233.3,46.61,0.016301,84580,1047.3,-227.04,-0.069979,80371,1027.3,-252.43,-0.068525,95114,1081.1,-167.85,-0.051238,86576,1065.9,35.36,0.012033,82660,1074.6,87.03,0.023227,85801,1045.0,166.94,0.086905,93492,1058.8,147.52,0.082587,93924,862.8,1.66,0.000371,127407,1113.9,-74.48,-0.020073,84580,1047.3,-227.04,-0.069979,80371,1027.3,-252.43,-0.068525,95114,1081.1,-167.85,-0.051238,86576,1065.9,35.36,0.012033,82660,1074.6,87.03,0.023227,85801,1045.0,166.94,0.086905,93492,1058.8,147.52,0.082587
176,176.08,0.0032608,190093,1202.9,301.44,0.097987,184306,1235.0,53.27,0.018734,83869,1044.8,-222.53,-0.068175,80150,1025.1,-246.3,-0.066815,95131,1081.7,-172.09,-0.052512,84584,1059.9,39.49,0.013202,80955,1068.9,90.9,0.023885,85876,1041.7,165.49,0.086501,93616,1056.7,141.8,0.079649,93462,861.8,0.63,0.000142,126793,1114.0,-74.27,-0.01992,83869,1044.8,-222.53,-0.068175,80150,1025.1,-246.3,-0.066815,95131,1081.7,-172.09,-0.052512,84584,1059.9,39.49,0.013202,80955,1068.9,90.9,0.023885,85876,1041.7,165.49,0.086501,93616,1056.7,141.8,0.079649
177,177.06,0.0032789,190518,1203.4,305.29,0.099421,185148,1236.0,58.3,0.020579,83144,1042.1,-219.12,-0.066718,79944,1023.2,-240.72,-0.065259,95004,1082.0,-175.85,-0.053572,82749,1054.2,42.8,0.014076,79459,1063.9,94.4,0.024462,85955,1038.7,163.95,0.086023,93767,1054.9,136.64,0.077004,93908,862.9,-1.32,-0.000296,126139,1113.9,-73.67,-0.019658,83144,1042.1,-219.12,-0.066718,79944,1023.2,-240.72,-0.065259,95004,1082.0,-175.85,-0.053572,82749,1054.2,42.8,0.014076,79459,1063.9,94.4,0.024462,85955,1038.7,163.95,0.086023,93767,1054.9,136.64,0.077004
178,178.04,0.0032971,192149,1205.6,306.94,0.10063,185505,1236.2,64.66,0.022865,82280,1038.9,-217.25,-0.065662,79727,1021.2,-235.46,-0.063779,94775,1082.0,-179.76,-0.05463,80970,1048.6,45.68,0.014778,78028,1058.9,97.61,0.024957,86015,1035.7,162.05,0.08533,93944,1053.3,131.71,0.074476,97854,871.8,-9.49,-0.00219,125455,1113.6,-73.0,-0.019378,82280,1038.9,-217.25,-0.065662,79727,1021.2,-235.46,-0.063779,94775,1082.0,-179.76,-0.05463,80970,1048.6,45.68,0.014778,78028,1058.9,97.61,0.024957,86015,1035.7,162.05,0.08533,93944,1053.3,131.71,0.074476
179,179.09,0.0033165,197200,1212.7,303.36,0.101475,188680,1240.6,79.81,0.028601,81281,1035.1,-216.1,-0.064761,79442,1019.1,-230.19,-0.062256,94420,1081.7,-184.25,-0.055799,79165,1042.9,48.44,0.015407,76518,1053.5,100.62,0.025356,86035,1032.5,159.48,0.084254,94152,1051.9,126.68,0.071894,109466,896.5,-21.58,-0.005421,124683,1113.2,-72.27,-0.019073,81281,1035.1,-216.1,-0.064761,79442,1019.1,-230.19,-0.062256,94420,1081.7,-184.25,-0.055799,79165,1042.9,48.44,0.015407,76518,1053.5,100.62,0.025356,86035,1032.5,159.48,0.084254,94152,1051.9,126.68,0.071894
180,180.07,0.0033346,206588,1225.7,294.08,0.101959,198331,1254.4,110.5,0.041166,81088,1033.4,-210.57,-0.063058,79101,1017.0,-225.88,-0.060954,93975,1081.2,-188.68,-0.056903,77584,1037.7,50.96,0.015963,75094,1048.4,102.97,0.02559,85987,1029.5,156.41,0.08283,94355,1050.7,122.18,0.069569,122979,923.2,-21.72,-0.005952,123799,1112.4,-71.18,-0.018665,81088,1033.4,-210.57,-0.063058,79101,1017.0,-225.88,-0.060954,93975,1081.2,-188.68,-0.056903,77584,1037.7,50.96,0.015963,75094,1048.4,102.97,0.02559,85987,1029.5,156.41,0.08283,94355,1050.7,122.18,0.069569
181,181.05,0.0033529,219170,1242.5,282.79,0.102612,207509,1266.5,139.16,0.053725,83419,1039.3,-190.99,-0.058507,78628,1014.7,-222.59,-0.059846,93406,1080.2,-193.16,-0.057951,76143,1032.9,53.66,0.016572,73675,1043.1,104.92,0.02571,85853,1026.6,152.6,0.080912,94558,1049.6,117.89,0.067342,133039,941.7,-14.12,-0.004104,122524,1110.7,-68.72,-0.017862,83419,1039.3,-190.99,-0.058507,78628,1014.7,-222.59,-0.059846,93406,1080.2,-193.16,-0.057951,76143,1032.9,53.66,0.016572,73675,1043.1,104.92,0.02571,85853,1026.6,152.6,0.080912,94558,1049.6,117.89,0.067342
182,182.04,0.0033711,231589,1258.2,273.91,0.10371,211535,1270.4,154.46,0.060605,91533,1061.5,-141.18,-0.046463,78102,1012.7,-220.71,-0.059061,92657,1078.7,-197.25,-0.058786,74860,1028.5,56.74,0.017302,72287,1037.9,106.6,0.02576,85635,1024.0,147.94,0.078443,94756,1048.6,113.86,0.065234,138529,951.4,-7.11,-0.002129,120657,1107.6,-64.0,-0.016427,91533,1061.5,-141.18,-0.046463,78102,1012.7,-220.71,-0.059061,92657,1078.7,-197.25,-0.058786,74860,1028.5,56.74,0.017302,72287,1037.9,106.6,0.02576,85635,1024.0,147.94,0.078443,94756,1048.6,113.86,0.065234
183,183.09,0.0033906,241868,1270.5,268.64,0.105205,213096,1270.1,163.7,0.064717,110289,1108.4,-46.25,-0.017565,77675,1011.0,-219.51,-0.058517,91620,1076.4,-200.83,-0.05931,73643,1024.3,60.4,0.018194,70876,1032.5,108.33,0.025802,85286,1021.0,142.2,0.075309,94958,1047.6,109.87,0.063142,141196,956.0,-3.08,-0.000935,118171,1103.1,-57.04,-0.014399,110289,1108.4,-46.25,-0.017565,77675,1011.0,-219.51,-0.058517,91620,1076.4,-200.83,-0.05931,73643,1024.3,60.4,0.018194,70876,1032.5,108.33,0.025802,85286,1021.0,142.2,0.075309,94958,1047.6,109.87,0.063142
184,184.08,0.0034089,248396,1277.9,266.45,0.106537,213965,1268.6,171.14,0.068015,126319,1143.8,21.77,0.009176,77697,1011.0,-217.82,-0.058084,90420,1073.5,-203.31,-0.059417,72584,1020.5,63.89,0.019038,69659,1027.7,110.12,0.025899,84915,1018.1,136.36,0.072107,95140,1046.8,106.47,0.061355,142532,958.3,-1.75,-0.000536,115809,1098.6,-50.42,-0.012524,126319,1143.8,21.77,0.009176,77697,1011.0,-217.82,-0.058084,90420,1073.5,-203.31,-0.059417,72584,1020.5,63.89,0.019038,69659,1027.7,110.12,0.025899,84915,1018.1,136.36,0.072107,95140,1046.8,106.47,0.061355
185,185.07,0.0034272,252751,1282.7,265.64,0.107677,214363,1266.0,179.62,0.071667,132548,1156.9,44.29,0.019364,80772,1020.3,-200.09,-0.054961,89024,1069.9,-204.98,-0.059177,71547,1016.8,67.11,0.019786,68584,1023.3,112.24,0.026101,84523,1015.4,130.23,0.068731,95329,1046.1,103.45,0.059768,143677,960.3,-1.53,-0.000472,113744,1094.5,-45.05,-0.011032,132548,1156.9,44.29,0.019364,80772,1020.3,-200.09,-0.054961,89024,1069.9,-204.98,-0.059177,71547,1016.8,67.11,0.019786,68584,1023.3,112.24,0.026101,84523,1015.4,130.23,0.068731,95329,1046.1,103.45,0.059768
186,186.06,0.0034455,255628,1285.7,265.61,0.108634,213383,1261.2,190.39,0.075903,134423,1161.3,50.07,0.022119,100101,1074.4,-99.44,-0.032144,87470,1065.8,-205.96,-0.058647,70502,1013.0,69.92,0.020389,67672,1019.4,114.57,0.02639,84156,1013.0,123.66,0.065132,95541,1045.5,100.84,0.058422,144881,962.3,-1.58,-0.000488,111927,1090.9,-40.72,-0.009845,134423,1161.3,50.07,0.022119,100101,1074.4,-99.44,-0.032144,87470,1065.8,-205.96,-0.058647,70502,1013.0,69.92,0.020389,67672,1019.4,114.57,0.02639,84156,1013.0,123.66,0.065132,95541,1045.5,100.84,0.058422
187,187.05,0.0034639,257196,1287.2,265.44,0.109103,210819,1254.1,203.45,0.080587,134791,1162.3,51.05,0.022592,125255,1132.3,7.68,0.002947,85793,1061.1,-206.33,-0.057878,69477,1009.3,72.54,0.020921,66906,1015.9,116.77,0.026681,83874,1011.0,116.44,0.061246,95815,1045.2,98.79,0.057421,146054,964.3,-1.5,-0.000466,109872,1086.6,-35.25,-0.0084,134791,1162.3,51.05,0.022592,125255,1132.3,7.68,0.002947,85793,1061.1,-206.33,-0.057878,69477,1009.3,72.54,0.020921,66906,1015.9,116.77,0.026681,83874,1011.0,116.44,0.061246,95815,1045.2,98.79,0.057421
188,188.04,0.0034822,257830,1287.6,265.09,0.109194,207641,1246.2,216.79,0.085113,135232,1163.6,51.17,0.022694,134807,1151.6,38.54,0.015654,84027,1056.1,-206.21,-0.056927,68555,1005.8,75.51,0.021563,66251,1012.8,118.31,0.026852,83719,1009.6,108.31,0.056945,96184,1045.2,97.47,0.05687,147102,966.1,-1.32,-0.000412,106822,1079.8,-25.04,-0.005838,135232,1163.6,51.17,0.022694,134807,1151.6,38.54,0.015654,84027,1056.1,-206.21,-0.056927,68555,1005.8,75.51,0.021563,66251,1012.8,118.31,0.026852,83719,1009.6,108.31,0.056945,96184,1045.2,97.47,0.05687
189,189.1,0.0035019,258009,1287.5,264.77,0.109145,205292,1239.5,228.07,0.089009,136334,1166.2,51.22,0.022852,137637,1157.1,42.02,0.017343,82096,1050.3,-205.75,-0.055798,67975,1003.5,80.87,0.02295,65678,1010.0,118.46,0.026728,83703,1008.7,98.94,0.052056,96685,1045.6,96.86,0.056786,148006,967.6,-1.02,-0.000322,102733,1070.3,-9.68,-0.002189,136334,1166.2,51.22,0.022852,137637,1157.1,42.02,0.017343,82096,1050.3,-205.75,-0.055798,67975,1003.5,80.87,0.02295,65678,1010.0,118.46,0.026728,83703,1008.7,98.94,0.052056,96685,1045.6,96.86,0.056786
190,190.09,0.0035203,257888,1287.0,264.48,0.109012,204945,1236.2,234.25,0.091506,137598,1169.1,50.93,0.022876,138856,1159.4,40.91,0.017,80294,1044.8,-205.24,-0.054723,68395,1004.6,91.58,0.026123,65239,1007.7,117.49,0.026392,83602,1007.7,90.54,0.047625,97216,1046.2,96.86,0.057063,148554,968.5,-0.63,-0.0002,100085,1063.9,-0.32,-7e-05,137598,1169.1,50.93,0.022876,138856,1159.4,40.91,0.017,80294,1044.8,-205.24,-0.054723,68395,1004.6,91.58,0.026123,65239,1007.7,117.49,0.026392,83602,1007.7,90.54,0.047625,97216,1046.2,96.86,0.057063
191,191.09,0.0035387,257584,1286.4,264.15,0.108803,205570,1234.9,236.88,0.09292,138900,1172.0,49.72,0.02249,139995,1161.5,39.11,0.016356,78547,1039.3,-204.88,-0.053723,69882,1009.2,107.94,0.031315,64993,1006.2,115.43,0.02587,83402,1006.6,82.96,0.043582,97742,1046.9,97.15,0.057508,148752,968.8,-0.19,-5.9e-05,99387,1062.2,0.47,0.000105,138900,1172.0,49.72,0.02249,139995,1161.5,39.11,0.016356,78547,1039.3,-204.88,-0.053723,69882,1009.2,107.94,0.031315,64993,1006.2,115.43,0.02587,83402,1006.6,82.96,0.043582,97742,1046.9,97.15,0.057508
192,192.09,0.0035572,257179,1285.6,263.72,0.108521,207112,1235.4,239.59,0.094649,140330,1175.2,48.47,0.022091,141155,1163.6,38.42,0.016172,76893,1034.0,-204.88,-0.052862,71774,1014.9,124.18,0.036793,65166,1006.4,114.1,0.025635,82942,1004.8,76.73,0.040159,98198,1047.5,97.46,0.057926,148610,968.6,0.23,7.4e-05,101147,1066.6,-10.97,-0.002452,140330,1175.2,48.47,0.022091,141155,1163.6,38.42,0.016172,76893,1034.0,-204.88,-0.052862,71774,1014.9,124.18,0.036793,65166,1006.4,114.1,0.025635,82942,1004.8,76.73,0.040159,98198,1047.5,97.46,0.057926
193,193.09,0.0035757,256701,1284.8,263.21,0.108178,208693,1236.4,244.6,0.09729,142692,1179.9,50.33,0.023229,142102,1165.4,38.74,0.016389,75340,1028.9,-205.28,-0.052152,72995,1018.5,133.47,0.040077,66253,1009.7,115.49,0.026294,82186,1002.2,72.45,0.037666,98515,1047.9,97.68,0.058226,148134,967.9,0.65,0.000204,109103,1085.8,-50.06,-0.011854,142692,1179.9,50.33,0.023229,142102,1165.4,38.74,0.016389,75340,1028.9,-205.28,-0.052152,72995,1018.5,133.47,0.040077,66253,1009.7,115.49,0.026294,82186,1002.2,72.45,0.037666,98515,1047.9,97.68,0.058226
194,194.09,0.0035942,249946,1278.7,248.03,0.099733,210937,1238.5,255.57,0.102564,147849,1190.0,62.03,0.029413,142952,1167.1,39.26,0.016687,73859,1024.0,-205.88,-0.051523,73242,1019.1,135.0,0.040649,68614,1016.9,125.1,0.029289,81146,999.1,70.08,0.036088,98640,1047.8,97.84,0.058396,147412,966.8,0.94,0.000294,116062,1102.0,-82.56,-0.02049,147849,1190.0,62.03,0.029413,142952,1167.1,39.26,0.016687,73859,1024.0,-205.88,-0.051523,73242,1019.1,135.0,0.040649,68614,1016.9,125.1,0.029289,81146,999.1,70.08,0.036088,98640,1047.8,97.84,0.058396
195,195.09,0.0036128,242381,1271.8,230.24,0.090258,213556,1241.6,273.76,0.110955,154738,1203.0,79.67,0.039109,144076,1169.2,40.83,0.017457,72421,1019.1,-206.52,-0.050921,72756,1017.4,132.27,0.03963,71458,1025.3,138.49,0.033489,79931,995.5,69.09,0.035175,98594,1047.4,98.14,0.058573,146564,965.5,1.08,0.000338,119339,1109.8,-98.61,-0.024987,154738,1203.0,79.67,0.039109,144076,1169.2,40.83,0.017457,72421,1019.1,-206.52,-0.050921,72756,1017.4,132.27,0.03963,71458,1025.3,138.49,0.033489,79931,995.5,69.09,0.035175,98594,1047.4,98.14,0.058573
196,196.09,0.0036313,240036,1270.3,226.01,0.087848,214037,1242.1,294.78,0.119694,159446,1211.9,90.43,0.045405,146915,1174.5,49.41,0.021442,71029,1014.3,-207.25,-0.050356,72055,1015.1,127.51,0.037923,73361,1030.0,147.03,0.036334,78654,991.6,69.22,0.03481,98367,1046.6,98.75,0.058849,145668,964.2,1.14,0.000355,120974,1113.9,-108.46,-0.027756,159446,1211.9,90.43,0.045405,146915,1174.5,49.41,0.021442,71029,1014.3,-207.25,-0.050356,72055,1015.1,127.51,0.037923,73361,1030.0,147.03,0.036334,78654,991.6,69.22,0.03481,98367,1046.6,98.75,0.058849
197,197.1,0.0036499,235436,1266.5,216.48,0.082783,212387,1240.0,315.64,0.127394,162368,1217.5,94.29,0.047991,153085,1185.8,68.89,0.030858,69682,1009.6,-208.13,-0.049843,72125,1015.3,124.84,0.037157,74024,1031.0,149.39,0.037215,77412,987.7,69.78,0.034672,98030,1045.5,99.65,0.059237,144724,962.7,1.22,0.000378,122022,1116.8,-116.62,-0.030026,162368,1217.5,94.29,0.047991,153085,1185.8,68.89,0.030858,69682,1009.6,-208.13,-0.049843,72125,1015.3,124.84,0.037157,74024,1031.0,149.39,0.037215,77412,987.7,69.78,0.034672,98030,1045.5,99.65,0.059237
198,198.04,0.0036673,233343,1265.2,212.34,0.08056,209764,1236.3,332.73,0.133022,163595,1219.9,96.15,0.049206,158607,1195.8,85.5,0.039349,68457,1005.2,-209.15,-0.049419,74146,1021.7,133.91,0.040715,73817,1030.0,148.33,0.036885,76392,984.6,70.08,0.034473,97695,1044.6,100.5,0.059592,143697,961.1,1.45,0.000447,122976,1119.4,-122.33,-0.031667,163595,1219.9,96.15,0.049206,158607,1195.8,85.5,0.039349,68457,1005.2,-209.15,-0.049419,74146,1021.7,133.91,0.040715,73817,1030.0,148.33,0.036885,76392,984.6,70.08,0.034473,97695,1044.6,100.5,0.059592
199,199.04,0.003686,230201,1262.8,206.2,0.07732,206505,1230.7,348.05,0.137617,164766,1222.3,97.61,0.050213,161948,1202.1,95.63,0.044699,67133,1000.5,-210.23,-0.048947,78468,1035.4,154.24,0.048971,72970,1026.3,143.75,0.035462,75468,981.7,69.84,0.034042,97346,1043.6,101.13,0.059808,142204,958.8,2.04,0.000623,125309,1124.4,-123.71,-0.032489,164766,1222.3,97.61,0.050213,161948,1202.1,95.63,0.044699,67133,1000.5,-210.23,-0.048947,78468,1035.4,154.24,0.048971,72970,1026.3,143.75,0.035462,75468,981.7,69.84,0.034042,97346,1043.6,101.13,0.059808
200,200.05,0.0037046,223535,1256.4,191.04,0.069915,203121,1222.4,360.61,0.141194,165722,1224.3,98.25,0.050755,163478,1205.7,100.85,0.047442,65656,995.1,-210.33,-0.048151,82609,1048.3,168.56,0.055653,72600,1024.3,143.5,0.035292,74747,979.5,69.03,0.033398,97031,1042.7,101.21,0.059709,140032,955.4,2.99,0.0009,131260,1136.7,-113.38,-0.030852,165722,1224.3,98.25,0.050755,163478,1205.7,100.85,0.047442,65656,995.1,-210.33,-0.048151,82609,1048.3,168.56,0.055653,72600,1024.3,143.5,0.035292,74747,979.5,69.03,0.033398,97031,1042.7,101.21,0.059709
201,201.06,0.0037233,220845,1254.5,185.85,0.067304,199688,1210.3,370.69,0.144113,166301,1225.6,98.19,0.050848,164239,1208.0,104.54,0.049317,63894,988.6,-208.34,-0.046721,84169,1052.8,170.75,0.057194,73489,1026.2,153.71,0.038194,74227,977.9,66.84,0.032168,96716,1041.9,100.58,0.059196,137127,950.8,3.98,0.00118,142647,1159.0,-90.3,-0.026188,166301,1225.6,98.19,0.050848,164239,1208.0,104.54,0.049317,63894,988.6,-208.34,-0.046721,84169,1052.8,170.75,0.057194,73489,1026.2,153.71,0.038194,74227,977.9,66.84,0.032168,96716,1041.9,100.58,0.059196
202,202.06,0.0037419,221597,1256.5,189.8,0.068856,196379,1194.4,378.98,0.146829,166648,1226.4,98.23,0.050943,164546,1209.5,108.08,0.051017,61886,981.0,-204.24,-0.044706,84751,1053.9,168.12,0.056642,77122,1036.6,181.16,0.046765,73918,976.9,63.37,0.030398,96386,1041.1,99.16,0.058207,133774,945.4,4.59,0.001336,153505,1178.9,-74.51,-0.02286,166648,1226.4,98.23,0.050943,164546,1209.5,108.08,0.051017,61886,981.0,-204.24,-0.044706,84751,1053.9,168.12,0.056642,77122,1036.6,181.16,0.046765,73918,976.9,63.37,0.030398,96386,1041.1,99.16,0.058207
203,203.07,0.0037605,218067,1253.5,183.33,0.065604,193518,1177.0,386.6,0.149782,166922,1226.9,98.75,0.051273,164430,1210.2,111.4,0.052514,59790,973.0,-198.4,-0.0423,84842,1053.1,166.33,0.056146,80035,1044.3,203.66,0.054157,73778,976.5,58.75,0.02814,96018,1040.2,96.96,0.056749,130410,939.9,4.65,0.001327,160261,1190.7,-71.12,-0.022555,166922,1226.9,98.75,0.051273,164430,1210.2,111.4,0.052514,59790,973.0,-198.4,-0.0423,84842,1053.1,166.33,0.056146,80035,1044.3,203.66,0.054157,73778,976.5,58.75,0.02814,96018,1040.2,96.96,0.056749
204,204.08,0.0037792,216241,1252.3,181.23,0.064373,191022,1161.0,393.55,0.152572,167106,1227.3,100.04,0.051987,163945,1210.4,114.31,0.053721,57818,965.2,-192.05,-0.039915,84742,1051.0,165.38,0.055867,81008,1046.2,213.18,0.057275,73723,976.4,53.39,0.025559,95586,1039.2,94.09,0.054871,127340,934.7,4.32,0.001211,164345,1197.6,-71.38,-0.02308,167106,1227.3,100.04,0.051987,163945,1210.4,114.31,0.053721,57818,965.2,-192.05,-0.039915,84742,1051.0,165.38,0.055867,81008,1046.2,213.18,0.057275,73723,976.4,53.39,0.025559,95586,1039.2,94.09,0.054871
205,205.08,0.0037978,209649,1245.1,167.08,0.057869,187938,1147.9,397.5,0.153353,167395,1227.7,102.88,0.053534,163304,1210.3,117.48,0.054998,56191,958.7,-186.29,-0.037882,84465,1047.7,165.22,0.055808,81097,1045.6,215.89,0.058095,73814,976.7,47.32,0.022674,95095,1038.0,90.68,0.052672,124552,929.9,4.07,0.00112,167217,1202.2,-74.76,-0.024503,167395,1227.7,102.88,0.053534,163304,1210.3,117.48,0.054998,56191,958.7,-186.29,-0.037882,84465,1047.7,165.22,0.055808,81097,1045.6,215.89,0.058095,73814,976.7,47.32,0.022674,95095,1038.0,90.68,0.052672
206,206.09,0.0038164,211226,1247.6,174.32,0.06071,183642,1137.7,396.94,0.150982,168393,1229.4,108.76,0.056858,162639,1210.2,121.24,0.056531,55050,954.1,-179.56,-0.035947,83983,1042.9,165.02,0.055676,80702,1044.0,215.59,0.05782,74024,977.4,40.77,0.019579,94574,1036.9,86.84,0.05022,121798,925.2,4.17,0.00113,169832,1206.3,-79.72,-0.026446,168393,1229.4,108.76,0.056858,162639,1210.2,121.24,0.056531,55050,954.1,-179.56,-0.035947,83983,1042.9,165.02,0.055676,80702,1044.0,215.59,0.05782,74024,977.4,40.77,0.019579,94574,1036.9,86.84,0.05022
207,207.09,0.0038351,206322,1241.9,163.77,0.055968,178750,1130.7,393.63,0.146634,170511,1232.8,118.51,0.062553,162116,1210.4,125.89,0.058504,54506,951.9,-169.7,-0.033715,83307,1037.0,164.54,0.05538,80355,1042.6,215.77,0.057695,74313,978.4,34.19,0.016464,94061,1035.8,82.55,0.047533,118604,919.5,5.08,0.001349,172538,1210.6,-84.67,-0.028436,170511,1232.8,118.51,0.062553,162116,1210.4,125.89,0.058504,54506,951.9,-169.7,-0.033715,83307,1037.0,164.54,0.05538,80355,1042.6,215.77,0.057695,74313,978.4,34.19,0.016464,94061,1035.8,82.55,0.047533
208,208.1,0.0038537,208291,1244.4,172.12,0.059264,174105,1126.9,389.95,0.14196,173223,1237.2,130.17,0.069556,162225,1211.6,132.92,0.061748,54371,951.2,-159.59,-0.03165,82590,1030.6,164.13,0.05511,79963,1041.3,216.71,0.057739,74663,979.5,27.9,0.013485,93591,1034.8,77.78,0.044605,114485,912.0,6.71,0.001732,175241,1214.7,-89.63,-0.030472,173223,1237.2,130.17,0.069556,162225,1211.6,132.92,0.061748,54371,951.2,-159.59,-0.03165,82590,1030.6,164.13,0.05511,79963,1041.3,216.71,0.057739,74663,979.5,27.9,0.013485,93591,1034.8,77.78,0.044605
209,209.04,0.003871,202153,1236.9,159.47,0.053612,170186,1125.8,386.8,0.137777,175158,1240.3,139.06,0.074951,163212,1214.4,142.89,0.066626,55503,955.6,-147.09,-0.029643,81935,1024.4,163.54,0.054806,79440,1039.8,217.12,0.057556,75031,980.7,22.46,0.010893,93217,1034.0,72.86,0.041643,110064,903.8,7.74,0.001939,177581,1218.1,-94.38,-0.032421,175158,1240.3,139.06,0.074951,163212,1214.4,142.89,0.066626,55503,955.6,-147.09,-0.029643,81935,1024.4,163.54,0.054806,79440,1039.8,217.12,0.057556,75031,980.7,22.46,0.010893,93217,1034.0,72.86,0.041643
210,210.04,0.0038897,199118,1233.0,156.58,0.052016,166357,1126.5,383.57,0.133476,176210,1241.8,146.17,0.079163,165313,1219.3,156.72,0.073725,70763,1014.1,-39.38,-0.009534,81212,1017.7,162.27,0.054255,78741,1037.8,216.98,0.057123,75449,982.0,17.11,0.008333,92902,1033.5,67.05,0.038214,105623,895.2,7.42,0.0018,179771,1221.3,-99.51,-0.034515,176210,1241.8,146.17,0.079163,165313,1219.3,156.72,0.073725,70763,1014.1,-39.38,-0.009534,81212,1017.7,162.27,0.054255,78741,1037.8,216.98,0.057123,75449,982.0,17.11,0.008333,92902,1033.5,67.05,0.038214
211,211.05,0.0039083,201656,1235.7,170.57,0.057258,162855,1128.4,380.41,0.129368,176433,1241.8,151.99,0.082413,167171,1223.7,169.72,0.080447,101288,1104.7,124.27,0.039532,80470,1011.0,160.61,0.053559,78056,1035.8,216.46,0.056597,75856,983.2,12.15,0.005944,92684,1033.2,60.69,0.034521,102548,889.2,4.81,0.001142,181518,1223.8,-104.41,-0.036491,176433,1241.8,151.99,0.082413,167171,1223.7,169.72,0.080447,101288,1104.7,124.27,0.039532,80470,1011.0,160.61,0.053559,78056,1035.8,216.46,0.056597,75856,983.2,12.15,0.005944,92684,1033.2,60.69,0.034521
212,212.05,0.0039269,197490,1229.9,168.94,0.055801,159599,1131.1,377.17,0.125408,176312,1241.2,156.85,0.085032,168161,1226.5,179.77,0.085515,110811,1128.0,156.49,0.053341,79712,1004.6,158.99,0.052858,77421,1033.9,215.44,0.055976,76183,984.2,7.34,0.003602,92542,1033.0,53.93,0.030631,102866,889.9,-1.47,-0.00035,182963,1225.8,-109.4,-0.038477,176312,1241.2,156.85,0.085032,168161,1226.5,179.77,0.085515,110811,1128.0,156.49,0.053341,79712,1004.6,158.99,0.052858,77421,1033.9,215.44,0.055976,76183,984.2,7.34,0.003602,92542,1033.0,53.93,0.030631
213,213.06,0.0039455,191989,1222.0,164.6,0.053193,156500,1133.6,373.7,0.121568,175847,1239.8,161.01,0.087153,168372,1227.9,187.15,0.089039,113243,1133.7,159.06,0.055128,78928,998.3,157.68,0.052232,76790,1031.8,213.73,0.05519,76393,984.9,2.5,0.001229,92443,1033.0,46.9,0.026612,110987,906.6,-17.25,-0.004343,184303,1227.7,-114.88,-0.040637,175847,1239.8,161.01,0.087153,168372,1227.9,187.15,0.089039,113243,1133.7,159.06,0.055128,78928,998.3,157.68,0.052232,76790,1031.8,213.73,0.05519,76393,984.9,2.5,0.001229,92443,1033.0,46.9,0.026612
214,214.06,0.0039641,191160,1219.5,174.95,0.056412,153566,1135.7,370.19,0.117954,175117,1237.9,164.66,0.088897,168120,1228.3,192.72,0.091523,115954,1140.0,163.8,0.057807,78116,992.3,156.69,0.051678,76169,1029.3,211.4,0.054279,76513,985.2,-2.24,-0.001103,92398,1033.1,39.68,0.0225,129158,941.1,-28.97,-0.008178,185669,1229.7,-120.95,-0.043032,175117,1237.9,164.66,0.088897,168120,1228.3,192.72,0.091523,115954,1140.0,163.8,0.057807,78116,992.3,156.69,0.051678,76169,1029.3,211.4,0.054279,76513,985.2,-2.24,-0.001103,92398,1033.1,39.68,0.0225
215,215.07,0.0039827,187761,1212.9,177.29,0.056456,150860,1136.9,367.03,0.114759,174283,1235.7,168.08,0.090473,167705,1228.1,197.44,0.093546,121538,1152.6,182.9,0.066916,77293,986.6,155.79,0.051134,75643,1026.5,208.36,0.053274,76699,985.7,-5.91,-0.002914,92384,1033.3,32.32,0.018324,146365,970.7,-22.07,-0.006845,186995,1231.8,-127.17,-0.045493,174283,1235.7,168.08,0.090473,167705,1228.1,197.44,0.093546,121538,1152.6,182.9,0.066916,77293,986.6,155.79,0.051134,75643,1026.5,208.36,0.053274,76699,985.7,-5.91,-0.002914,92384,1033.3,32.32,0.018324
216,216.07,0.0040013,189379,1212.9,192.82,0.061931,148328,1137.2,364.25,0.111951,173185,1233.0,170.65,0.091476,167100,1227.5,201.33,0.095096,127424,1165.5,201.2,0.07632,76480,981.3,154.73,0.050522,75328,1023.8,204.12,0.052106,77315,987.6,-6.62,-0.003288,92392,1033.4,24.94,0.014135,156591,987.2,-11.57,-0.003774,188064,1233.5,-132.76,-0.047697,173185,1233.0,170.65,0.091476,167100,1227.5,201.33,0.095096,127424,1165.5,201.2,0.07632,76480,981.3,154.73,0.050522,75328,1023.8,204.12,0.052106,77315,987.6,-6.62,-0.003288,92392,1033.4,24.94,0.014135
217,217.07,0.0040199,183865,1203.9,185.22,0.058189,145807,1136.5,361.51,0.109288,171492,1229.4,171.32,0.091204,166398,1226.4,204.73,0.096377,131305,1174.1,208.17,0.080772,75675,976.4,153.42,0.049816,75250,1021.5,198.19,0.050654,78531,991.1,-3.32,-0.001669,92417,1033.6,17.59,0.009971,161983,995.6,-6.08,-0.002036,188754,1234.7,-137.37,-0.049486,171492,1229.4,171.32,0.091204,166398,1226.4,204.73,0.096377,131305,1174.1,208.17,0.080772,75675,976.4,153.42,0.049816,75250,1021.5,198.19,0.050654,78531,991.1,-3.32,-0.001669,92417,1033.6,17.59,0.009971
218,218.07,0.0040384,184602,1203.4,194.18,0.061273,143370,1134.5,359.23,0.106972,169235,1224.8,170.2,0.089751,165506,1224.9,207.36,0.097209,134042,1180.2,208.27,0.08207,74861,971.9,151.87,0.049014,75778,1020.8,189.12,0.048709,80621,997.1,5.62,0.002882,92462,1033.8,10.34,0.005861,166679,1002.8,-5.63,-0.001925,189099,1235.4,-141.35,-0.050982,169235,1224.8,170.2,0.089751,165506,1224.9,207.36,0.097209,134042,1180.2,208.27,0.08207,74861,971.9,151.87,0.049014,75778,1020.8,189.12,0.048709,80621,997.1,5.62,0.002882,92462,1033.8,10.34,0.005861
219,219.07,0.0040569,180128,1196.6,185.79,0.057532,141203,1131.1,358.24,0.105376,166873,1220.2,168.74,0.088071,164110,1222.3,208.16,0.096967,136161,1185.0,204.85,0.081668,74069,967.7,149.88,0.048064,76733,1021.6,177.08,0.046147,82568,1002.7,13.88,0.007245,92530,1034.0,3.22,0.001826,173270,1012.6,-7.64,-0.002688,189069,1235.5,-145.08,-0.052314,166873,1220.2,168.74,0.088071,164110,1222.3,208.16,0.096967,136161,1185.0,204.85,0.081668,74069,967.7,149.88,0.048064,76733,1021.6,177.08,0.046147,82568,1002.7,13.88,0.007245,92530,1034.0,3.22,0.001826
220,220.07,0.0040753,176160,1190.3,177.58,0.054059,139168,1126.7,358.12,0.10423,165307,1217.0,169.62,0.08793,162164,1218.7,206.92,0.095536,138019,1189.2,200.34,0.080674,73343,964.0,147.17,0.04691,77597,1021.3,165.27,0.043566,83608,1005.7,17.32,0.009131,92623,1034.3,-3.72,-0.002112,181094,1024.0,-8.26,-0.003007,188593,1235.0,-148.65,-0.053489,165307,1217.0,169.62,0.08793,162164,1218.7,206.92,0.095536,138019,1189.2,200.34,0.080674,73343,964.0,147.17,0.04691,77597,1021.3,165.27,0.043566,83608,1005.7,17.32,0.009131,92623,1034.3,-3.72,-0.002112
221,221.06,0.0040937,173421,1186.0,173.36,0.052146,136997,1121.7,357.93,0.103011,165325,1216.5,174.99,0.090758,160025,1214.6,204.81,0.093626,139660,1192.9,195.57,0.079442,72723,960.9,143.15,0.045389,78030,1019.3,156.26,0.041504,83973,1006.7,17.75,0.009388,92746,1034.6,-10.44,-0.005936,188402,1034.3,-7.28,-0.002728,187690,1233.7,-152.1,-0.054527,165325,1216.5,174.99,0.090758,160025,1214.6,204.81,0.093626,139660,1192.9,195.57,0.079442,72723,960.9,143.15,0.045389,78030,1019.3,156.26,0.041504,83973,1006.7,17.75,0.009388,92746,1034.6,-10.44,-0.005936
222,222.05,0.004112,176041,1188.7,186.58,0.056842,134791,1116.7,357.99,0.101821,166506,1218.1,183.19,0.095566,158443,1211.3,204.24,0.092692,141002,1196.0,191.15,0.078192,72288,958.9,137.91,0.043562,77919,1015.9,149.77,0.039854,84111,1007.1,18.17,0.009624,92899,1034.9,-16.93,-0.009637,194581,1042.7,-5.94,-0.002282,186205,1231.4,-154.86,-0.055178,166506,1218.1,183.19,0.095566,158443,1211.3,204.24,0.092692,141002,1196.0,191.15,0.078192,72288,958.9,137.91,0.043562,77919,1015.9,149.77,0.039854,84111,1007.1,18.17,0.009624,92899,1034.9,-16.93,-0.009637
223,223.04,0.0041303,172948,1183.6,183.54,0.055166,132760,1112.2,358.97,0.100969,167645,1219.8,190.55,0.099945,158293,1210.4,208.25,0.094495,142202,1198.7,187.98,0.077376,72148,957.7,129.86,0.040986,77443,1011.1,145.63,0.038702,84540,1008.4,21.32,0.011334,93078,1035.2,-23.17,-0.013206,199965,1050.0,-5.11,-0.002003,184141,1228.3,-156.63,-0.055333,167645,1219.8,190.55,0.099945,158293,1210.4,208.25,0.094495,142202,1198.7,187.98,0.077376,72148,957.7,129.86,0.040986,77443,1011.1,145.63,0.038702,84540,1008.4,21.32,0.011334,93078,1035.2,-23.17,-0.013206
224,224.09,0.0041499,171434,1180.1,188.49,0.056327,130667,1107.7,360.48,0.100201,167746,1220.0,194.54,0.102091,159352,1211.4,217.04,0.099058,143844,1202.1,188.11,0.078103,72312,957.7,118.28,0.037418,76495,1004.5,142.86,0.037746,86639,1014.2,34.78,0.018839,93288,1035.6,-29.54,-0.01687,205502,1057.3,-4.86,-0.001943,181569,1224.3,-157.65,-0.055094,167746,1220.0,194.54,0.102091,159352,1211.4,217.04,0.099058,143844,1202.1,188.11,0.078103,72312,957.7,118.28,0.037418,76495,1004.5,142.86,0.037746,86639,1014.2,34.78,0.018839,93288,1035.6,-29.54,-0.01687
225,225.08,0.0041681,165910,1170.6,182.54,0.053221,128697,1103.5,361.9,0.099455,166872,1218.6,195.19,0.102007,160434,1212.4,225.71,0.103633,146252,1206.7,193.31,0.08129,72533,958.0,106.57,0.033808,75415,998.1,140.97,0.036956,89515,1022.0,52.64,0.02923,93492,1036.0,-35.26,-0.020176,210750,1064.1,-4.78,-0.001946,178948,1220.2,-157.68,-0.054491,166872,1218.6,195.19,0.102007,160434,1212.4,225.71,0.103633,146252,1206.7,193.31,0.08129,72533,958.0,106.57,0.033808,75415,998.1,140.97,0.036956,89515,1022.0,52.64,0.02923,93492,1036.0,-35.26,-0.020176
226,226.06,0.0041863,163354,1164.2,187.98,0.054257,126972,1099.8,364.2,0.099076,165546,1216.5,194.79,0.101163,160451,1211.4,231.59,0.106427,149393,1212.4,202.51,0.086578,72469,957.5,96.01,0.030446,74205,991.4,139.14,0.036134,91310,1027.0,64.65,0.036443,93687,1036.3,-40.76,-0.023366,215819,1070.6,-4.45,-0.001846,176073,1215.8,-156.36,-0.05336,165546,1216.5,194.79,0.101163,160451,1211.4,231.59,0.106427,149393,1212.4,202.51,0.086578,72469,957.5,96.01,0.030446,74205,991.4,139.14,0.036134,91310,1027.0,64.65,0.036443,93687,1036.3,-40.76,-0.023366
227,227.05,0.0042046,163918,1161.8,204.48,0.059345,125640,1097.0,367.87,0.099281,164059,1214.2,194.36,0.100225,159216,1208.4,234.19,0.107058,152413,1217.4,212.21,0.092182,71946,955.7,87.71,0.027666,72920,984.7,136.86,0.035165,91904,1028.8,70.12,0.039718,93860,1036.5,-46.07,-0.026448,220413,1076.4,-3.93,-0.001656,172896,1210.7,-153.54,-0.051667,164059,1214.2,194.36,0.100225,159216,1208.4,234.19,0.107058,152413,1217.4,212.21,0.092182,71946,955.7,87.71,0.027666,72920,984.7,136.86,0.035165,91904,1028.8,70.12,0.039718,93860,1036.5,-46.07,-0.026448
228,228.09,0.004224,158747,1151.3,203.42,0.057698,124419,1094.3,372.29,0.099737,162440,1211.6,194.09,0.099315,157289,1204.2,235.83,0.106876,154683,1220.6,220.0,0.096734,70907,952.3,81.19,0.025328,71551,977.7,133.85,0.033985,91981,1029.4,72.38,0.041002,94008,1036.7,-51.52,-0.029623,224857,1081.9,-3.52,-0.001506,168856,1204.2,-148.0,-0.048901,162440,1211.6,194.09,0.099315,157289,1204.2,235.83,0.106876,154683,1220.6,220.0,0.096734,70907,952.3,81.19,0.025328,71551,977.7,133.85,0.033985,91981,1029.4,72.38,0.041002,94008,1036.7,-51.52,-0.029623
229,229.08,0.0042421,160161,1149.9,222.64,0.063789,123176,1091.7,375.7,0.09989,160823,1208.7,193.9,0.098458,155282,1200.0,237.4,0.106584,155806,1221.6,224.35,0.09928,69524,947.8,75.84,0.023309,70330,971.5,130.45,0.032765,91801,1029.3,72.65,0.041083,94107,1036.7,-56.46,-0.032494,228937,1086.9,-3.44,-0.00149,164634,1197.3,-141.17,-0.04574,160823,1208.7,193.9,0.098458,155282,1200.0,237.4,0.106584,155806,1221.6,224.35,0.09928,69524,947.8,75.84,0.023309,70330,971.5,130.45,0.032765,91801,1029.3,72.65,0.041083,94107,1036.7,-56.46,-0.032494
230,230.06,0.0042603,154542,1139.1,217.94,0.060823,121708,1088.5,377.83,0.099552,159085,1205.5,193.85,0.097628,153220,1195.9,239.22,0.106346,156342,1221.7,227.01,0.100799,68149,943.4,72.26,0.021871,69235,965.9,126.05,0.031347,91567,1029.0,72.22,0.040745,94175,1036.7,-61.27,-0.035288,233180,1092.0,-3.52,-0.001545,160469,1190.3,-134.91,-0.042859,159085,1205.5,193.85,0.097628,153220,1195.9,239.22,0.106346,156342,1221.7,227.01,0.100799,68149,943.4,72.26,0.021871,69235,965.9,126.05,0.031347,91567,1029.0,72.22,0.040745,94175,1036.7,-61.27,-0.035288
231,231.04,0.0042784,152078,1132.7,223.31,0.061671,120028,1084.7,378.72,0.098746,157309,1202.0,194.29,0.097042,151113,1191.7,241.08,0.106061,156593,1221.5,228.88,0.101806,68718,945.1,81.42,0.024804,68320,961.1,119.84,0.029558,91370,1028.9,71.48,0.040249,94211,1036.5,-65.89,-0.037971,237507,1097.1,-3.49,-0.001553,156521,1183.5,-130.74,-0.040741,157309,1202.0,194.29,0.097042,151113,1191.7,241.08,0.106061,156593,1221.5,228.88,0.101806,68718,945.1,81.42,0.024804,68320,961.1,119.84,0.029558,91370,1028.9,71.48,0.040249,94211,1036.5,-65.89,-0.037971
232,232.08,0.0042978,148917,1125.5,226.75,0.061714,118096,1080.4,378.66,0.097536,155401,1198.0,195.38,0.096729,148840,1187.4,242.92,0.105645,156725,1221.5,230.48,0.102605,79332,977.2,152.36,0.051822,67434,956.4,109.91,0.026887,91164,1028.7,70.31,0.039505,94227,1036.3,-70.63,-0.040717,241773,1102.2,-3.09,-0.001393,152625,1176.8,-128.95,-0.039408,155401,1198.0,195.38,0.096729,148840,1187.4,242.92,0.105645,156725,1221.5,230.48,0.102605,79332,977.2,152.36,0.051822,67434,956.4,109.91,0.026887,91164,1028.7,70.31,0.039505,94227,1036.3,-70.63,-0.040717
233,233.06,0.0043159,147976,1121.9,236.72,0.064229,116277,1076.1,378.2,0.09629,153692,1194.1,197.18,0.096857,146778,1183.6,244.67,0.105271,156689,1221.8,231.4,0.102959,96719,1022.6,239.73,0.095,66908,953.1,98.68,0.024036,90948,1028.6,68.77,0.038554,94248,1036.2,-74.9,-0.043195,245047,1106.0,-2.46,-0.001123,149300,1171.0,-129.35,-0.038861,153692,1194.1,197.18,0.096857,146778,1183.6,244.67,0.105271,156689,1221.8,231.4,0.102959,96719,1022.6,239.73,0.095,66908,953.1,98.68,0.024036,90948,1028.6,68.77,0.038554,94248,1036.2,-74.9,-0.043195
234,234.04,0.004334,146075,1117.1,242.73,0.065292,114546,1072.0,377.78,0.095114,151984,1190.1,199.28,0.09713,144840,1180.1,246.58,0.105007,156294,1221.5,231.05,0.102573,105505,1045.2,263.97,0.111638,68290,956.8,96.17,0.023816,90719,1028.3,66.74,0.037328,94298,1036.1,-78.97,-0.045572,247518,1108.8,-1.82,-0.000837,146450,1166.0,-130.75,-0.038699,151984,1190.1,199.28,0.09713,144840,1180.1,246.58,0.105007,156294,1221.5,231.05,0.102573,105505,1045.2,263.97,0.111638,68290,956.8,96.17,0.023816,90719,1028.3,66.74,0.037328,94298,1036.1,-78.97,-0.045572
235,235.08,0.0043534,143816,1111.7,247.7,0.065916,112817,1067.9,377.6,0.093997,149893,1185.0,200.8,0.096932,142962,1176.7,249.05,0.104982,155392,1220.4,229.05,0.101187,107305,1053.8,260.18,0.111002,80831,994.0,157.01,0.044301,90491,1028.1,63.97,0.035695,94393,1036.1,-83.09,-0.047997,249376,1110.9,-1.25,-0.000576,144744,1163.0,-130.46,-0.038258,149893,1185.0,200.8,0.096932,142962,1176.7,249.05,0.104982,155392,1220.4,229.05,0.101187,107305,1053.8,260.18,0.111002,80831,994.0,157.01,0.044301,90491,1028.1,63.97,0.035695,94393,1036.1,-83.09,-0.047997
236,236.06,0.0043715,139851,1104.0,245.05,0.063854,111326,1064.3,377.94,0.093154,147806,1179.9,201.86,0.096503,141282,1173.6,251.48,0.105034,154029,1219.1,225.42,0.098817,108068,1059.3,253.64,0.108411,101833,1046.4,250.88,0.084715,90320,1028.0,60.72,0.033821,94529,1036.3,-86.73,-0.050161,250466,1112.2,-0.76,-0.00035,144740,1163.7,-125.35,-0.036736,147806,1179.9,201.86,0.096503,141282,1173.6,251.48,0.105034,154029,1219.1,225.42,0.098817,108068,1059.3,253.64,0.108411,101833,1046.4,250.88,0.084715,90320,1028.0,60.72,0.033821,94529,1036.3,-86.73,-0.050161
237,237.04,0.0043896,139323,1101.3,254.64,0.066265,110028,1061.2,379.36,0.092686,145922,1175.0,203.51,0.096458,139449,1170.2,253.22,0.104703,152851,1219.0,222.54,0.096815,108280,1063.2,249.33,0.106395,110348,1062.4,273.7,0.098638,90212,1028.1,56.82,0.03161,94711,1036.6,-90.16,-0.052227,250843,1112.6,-0.19,-8.8e-05,149644,1173.2,-104.02,-0.031265,145922,1175.0,203.51,0.096458,139449,1170.2,253.22,0.104703,152851,1219.0,222.54,0.096815,108280,1063.2,249.33,0.106395,110348,1062.4,273.7,0.098638,90212,1028.1,56.82,0.03161,94711,1036.6,-90.16,-0.052227
238,238.08,0.0044089,134603,1092.5,248.42,0.062963,108862,1058.4,382.5,0.092701,144151,1170.0,205.85,0.096796,137378,1166.0,254.44,0.104012,152409,1221.8,222.48,0.096289,108658,1067.1,245.07,0.104551,113196,1065.0,269.24,0.099291,90174,1028.3,51.91,0.028861,94907,1037.1,-93.8,-0.054425,250371,1112.1,0.47,0.000218,162716,1196.6,-55.99,-0.017941,144151,1170.0,205.85,0.096796,137378,1166.0,254.44,0.104012,152409,1221.8,222.48,0.096289,108658,1067.1,245.07,0.104551,113196,1065.0,269.24,0.099291,90174,1028.3,51.91,0.028861,94907,1037.1,-93.8,-0.054425
239,239.06,0.004427,132997,1088.4,252.86,0.06356,107796,1056.1,386.44,0.092946,142568,1165.2,208.06,0.097157,135629,1162.3,255.82,0.103576,152892,1226.8,226.14,0.097785,109297,1071.3,241.65,0.103292,114252,1064.5,258.67,0.096329,90289,1028.8,46.62,0.025938,95038,1037.4,-97.38,-0.056561,248978,1110.7,1.16,0.000537,173433,1214.6,-17.95,-0.006039,142568,1165.2,208.06,0.097157,135629,1162.3,255.82,0.103576,152892,1226.8,226.14,0.097785,109297,1071.3,241.65,0.103292,114252,1064.5,258.67,0.096329,90289,1028.8,46.62,0.025938,95038,1037.4,-97.38,-0.056561
240,240.1,0.0044463,131404,1084.2,257.41,0.064173,106528,1053.4,390.66,0.093093,140965,1159.9,210.54,0.097647,134109,1158.8,257.52,0.10341,154564,1234.2,234.12,0.10173,110762,1077.5,239.82,0.103285,115299,1065.3,249.37,0.093642,90532,1029.7,40.38,0.022507,95095,1037.7,-101.37,-0.058898,246651,1108.3,1.77,0.000809,179926,1224.9,6.05,0.002095,140965,1159.9,210.54,0.097647,134109,1158.8,257.52,0.10341,154564,1234.2,234.12,0.10173,110762,1077.5,239.82,0.103285,115299,1065.3,249.37,0.093642,90532,1029.7,40.38,0.022507,95095,1037.7,-101.37,-0.058898
241,241.08,0.0044644,129368,1079.6,259.04,0.063852,105446,1051.3,394.01,0.093122,139530,1154.8,212.98,0.098211,132963,1155.8,258.55,0.103199,155506,1240.0,239.9,0.104385,113167,1085.5,239.85,0.104767,115769,1065.7,245.24,0.092433,90834,1030.7,34.16,0.019087,95077,1037.8,-105.12,-0.061059,243884,1105.4,2.21,0.001001,183758,1230.8,21.32,0.007501,139530,1154.8,212.98,0.098211,132963,1155.8,258.55,0.103199,155506,1240.0,239.9,0.104385,113167,1085.5,239.85,0.104767,115769,1065.7,245.24,0.092433,90834,1030.7,34.16,0.019087,95077,1037.8,-105.12,-0.061059
242,242.05,0.0044824,127120,1074.6,259.02,0.063028,104811,1050.4,395.67,0.093029,138041,1149.2,215.12,0.09862,132102,1153.1,258.75,0.102846,155522,1244.0,242.85,0.105342,116168,1094.1,240.01,0.106774,115826,1066.8,245.36,0.092427,91188,1031.8,27.71,0.015526,95112,1038.2,-108.2,-0.062849,240630,1102.0,2.62,0.001175,186749,1235.3,34.2,0.012182,138041,1149.2,215.12,0.09862,132102,1153.1,258.75,0.102846,155522,1244.0,242.85,0.105342,116168,1094.1,240.01,0.106774,115826,1066.8,245.36,0.092427,91188,1031.8,27.71,0.015526,95112,1038.2,-108.2,-0.062849
243,243.09,0.0045017,125164,1070.0,260.05,0.062573,104725,1050.9,394.9,0.092728,136330,1142.4,216.69,0.098688,131506,1150.9,258.02,0.102295,154667,1245.8,243.49,0.104881,119460,1102.4,238.08,0.108091,116020,1070.8,251.07,0.094381,91602,1033.0,20.69,0.011631,95412,1039.3,-109.4,-0.063679,236579,1097.7,3.12,0.001383,189357,1239.0,46.7,0.016818,136330,1142.4,216.69,0.098688,131506,1150.9,258.02,0.102295,154667,1245.8,243.49,0.104881,119460,1102.4,238.08,0.108091,116020,1070.8,251.07,0.094381,91602,1033.0,20.69,0.011631,95412,1039.3,-109.4,-0.063679
244,244.07,0.0045198,123189,1065.5,259.65,0.06175,105073,1052.9,391.17,0.091982,134663,1135.4,217.36,0.098385,131206,1149.2,256.25,0.101511,153502,1245.7,243.12,0.103944,122304,1108.7,233.63,0.107975,116134,1074.7,261.18,0.097922,92011,1034.2,14.07,0.007938,96040,1041.5,-109.05,-0.063757,232121,1092.9,3.71,0.001621,191328,1241.7,57.41,0.020846,134663,1135.4,217.36,0.098385,131206,1149.2,256.25,0.101511,153502,1245.7,243.12,0.103944,122304,1108.7,233.63,0.107975,116134,1074.7,261.18,0.097922,92011,1034.2,14.07,0.007938,96040,1041.5,-109.05,-0.063757
245,245.05,0.0045379,118099,1056.1,245.16,0.056392,108112,1061.2,373.3,0.089612,133033,1128.0,217.1,0.097723,130900,1146.7,252.96,0.100194,152244,1244.4,242.44,0.102908,124552,1112.8,227.6,0.106737,116162,1077.7,273.51,0.102284,92432,1035.3,7.49,0.00424,97261,1045.0,-105.45,-0.062227,226955,1087.2,4.37,0.001876,192954,1243.8,67.04,0.024505,133033,1128.0,217.1,0.097723,130900,1146.7,252.96,0.100194,152244,1244.4,242.44,0.102908,124552,1112.8,227.6,0.106737,116162,1077.7,273.51,0.102284,92432,1035.3,7.49,0.00424,97261,1045.0,-105.45,-0.062227
246,246.09,0.0045572,117262,1053.7,248.96,0.056995,117354,1083.4,327.91,0.083696,131465,1119.8,215.76,0.096666,130806,1144.8,247.34,0.098055,150947,1242.7,241.52,0.101785,126070,1114.8,221.12,0.104765,116108,1080.3,286.62,0.106885,92889,1036.5,0.53,0.000304,99137,1050.2,-99.67,-0.059651,220795,1080.3,4.98,0.002092,194498,1245.8,76.19,0.028029,131465,1119.8,215.76,0.096666,130806,1144.8,247.34,0.098055,150947,1242.7,241.52,0.101785,126070,1114.8,221.12,0.104765,116108,1080.3,286.62,0.106885,92889,1036.5,0.53,0.000304,99137,1050.2,-99.67,-0.059651
247,247.06,0.0045753,116327,1051.1,251.34,0.05722,127449,1105.6,282.24,0.076668,130225,1112.4,213.81,0.095525,131108,1143.6,239.72,0.095351,149797,1240.8,240.28,0.100646,126582,1115.1,216.52,0.102974,115353,1081.1,295.66,0.109451,93316,1037.6,-5.93,-0.003382,100785,1054.8,-95.03,-0.057572,214744,1073.4,5.28,0.002174,195926,1247.6,84.06,0.031105,130225,1112.4,213.81,0.095525,131108,1143.6,239.72,0.095351,149797,1240.8,240.28,0.100646,126582,1115.1,216.52,0.102974,115353,1081.1,295.66,0.109451,93316,1037.6,-5.93,-0.003382,100785,1054.8,-95.03,-0.057572
248,248.04,0.0045934,112761,1044.2,241.3,0.053603,133141,1118.0,254.11,0.071308,129225,1105.4,211.03,0.094151,131750,1142.9,230.79,0.092311,148714,1238.4,238.72,0.099463,126218,1114.0,213.73,0.101457,114078,1081.1,302.53,0.110766,93725,1038.6,-12.38,-0.007084,102210,1058.8,-91.25,-0.055848,208828,1066.5,5.26,0.002118,197384,1249.5,91.48,0.034052,129225,1105.4,211.03,0.094151,131750,1142.9,230.79,0.092311,148714,1238.4,238.72,0.099463,126218,1114.0,213.73,0.101457,114078,1081.1,302.53,0.110766,93725,1038.6,-12.38,-0.007084,102210,1058.8,-91.25,-0.055848
249,249.08,0.0046127,110048,1038.4,234.75,0.051174,135058,1122.9,240.64,0.0682,128361,1098.5,206.7,0.092179,132543,1142.0,220.13,0.088647,147647,1235.1,237.11,0.098348,124925,1111.3,212.07,0.099882,112388,1080.3,308.7,0.111427,94122,1039.5,-19.27,-0.011064,103877,1063.4,-85.33,-0.052846,203015,1059.6,4.93,0.001944,198827,1251.3,98.71,0.036959,128361,1098.5,206.7,0.092179,132543,1142.0,220.13,0.088647,147647,1235.1,237.11,0.098348,124925,1111.3,212.07,0.099882,112388,1080.3,308.7,0.111427,94122,1039.5,-19.27,-0.011064,103877,1063.4,-85.33,-0.052846
250,250.06,0.0046308,110798,1039.0,243.7,0.053456,135064,1124.0,234.08,0.066279,127822,1092.8,201.34,0.089878,133464,1141.3,209.51,0.085006,146715,1230.7,236.07,0.097643,123032,1107.4,211.08,0.098253,110569,1078.9,313.73,0.111556,94449,1040.2,-25.67,-0.014778,106123,1069.2,-74.47,-0.046864,198220,1053.8,4.44,0.001719,199828,1252.6,104.41,0.03925,127822,1092.8,201.34,0.089878,133464,1141.3,209.51,0.085006,146715,1230.7,236.07,0.097643,123032,1107.4,211.08,0.098253,110569,1078.9,313.73,0.111556,94449,1040.2,-25.67,-0.014778,106123,1069.2,-74.47,-0.046864
251,251.04,0.0046489,108794,1034.7,239.58,0.051819,134700,1124.4,230.49,0.065063,127648,1088.3,195.38,0.087458,134590,1140.9,198.34,0.081185,145690,1225.1,235.91,0.097343,120883,1102.8,210.99,0.096898,108588,1076.5,317.78,0.111215,94746,1040.8,-31.83,-0.018372,108763,1075.8,-58.56,-0.037537,194125,1048.7,3.87,0.001472,200441,1253.3,109.14,0.04113,127648,1088.3,195.38,0.087458,134590,1140.9,198.34,0.081185,145690,1225.1,235.91,0.097343,120883,1102.8,210.99,0.096898,108588,1076.5,317.78,0.111215,94746,1040.8,-31.83,-0.018372,108763,1075.8,-58.56,-0.037537
252,252.08,0.0046682,107647,1031.6,239.64,0.051437,133520,1123.5,226.45,0.063416,127973,1085.9,188.47,0.084766,135867,1140.4,186.38,0.077043,144165,1217.6,237.16,0.097423,118741,1098.3,212.57,0.096287,106314,1072.7,320.41,0.110176,95033,1041.3,-38.04,-0.022014,110515,1080.1,-41.65,-0.027019,190526,1044.2,3.22,0.001207,200642,1253.5,113.38,0.042766,127973,1085.9,188.47,0.084766,135867,1140.4,186.38,0.077043,144165,1217.6,237.16,0.097423,118741,1098.3,212.57,0.096287,106314,1072.7,320.41,0.110176,95033,1041.3,-38.04,-0.022014,110515,1080.1,-41.65,-0.027019
253,253.06,0.0046864,103521,1023.3,225.06,0.046834,132355,1122.3,223.76,0.06218,128606,1085.3,180.19,0.081491,136754,1139.2,175.86,0.07325,142089,1209.2,239.93,0.097822,117419,1096.2,217.06,0.097412,104118,1068.2,321.66,0.108785,95166,1041.4,-44.03,-0.025511,110708,1080.8,-29.63,-0.019244,187837,1040.8,2.61,0.000969,200299,1252.9,116.6,0.043923,128606,1085.3,180.19,0.081491,136754,1139.2,175.86,0.07325,142089,1209.2,239.93,0.097822,117419,1096.2,217.06,0.097412,104118,1068.2,321.66,0.108785,95166,1041.4,-44.03,-0.025511,110708,1080.8,-29.63,-0.019244
254,254.04,0.0047045,102826,1021.2,227.05,0.047029,130931,1120.7,220.82,0.06079,130357,1087.6,173.76,0.079487,137253,1137.1,167.4,0.070108,139466,1199.6,244.41,0.098589,116733,1096.3,223.82,0.099847,102043,1063.2,322.81,0.107502,95027,1040.8,-50.92,-0.029476,110124,1079.7,-20.89,-0.013511,185740,1038.1,2.06,0.000758,199480,1251.6,119.03,0.044699,130357,1087.6,173.76,0.079487,137253,1137.1,167.4,0.070108,139466,1199.6,244.41,0.098589,116733,1096.3,223.82,0.099847,102043,1063.2,322.81,0.107502,95027,1040.8,-50.92,-0.029476,110124,1079.7,-20.89,-0.013511
255,255.09,0.0047238,102887,1020.3,233.29,0.048395,129429,1118.6,218.53,0.059583,134851,1094.0,173.58,0.081654,137318,1133.8,160.39,0.067402,136369,1188.7,250.84,0.099842,116295,1098.1,231.57,0.102755,100314,1058.5,325.9,0.107161,94779,1039.8,-58.37,-0.033731,108846,1076.9,-13.69,-0.00877,184005,1035.8,1.61,0.000589,198195,1249.7,120.53,0.045042,134851,1094.0,173.58,0.081654,137318,1133.8,160.39,0.067402,136369,1188.7,250.84,0.099842,116295,1098.1,231.57,0.102755,100314,1058.5,325.9,0.107161,94779,1039.8,-58.37,-0.033731,108846,1076.9,-13.69,-0.00877
256,256.06,0.0047419,99843,1013.6,223.98,0.045382,127792,1115.9,216.46,0.058413,141544,1103.8,183.69,0.089898,137641,1130.9,157.23,0.066397,133439,1178.5,257.97,0.101345,115809,1100.4,237.86,0.10488,99376,1055.6,331.78,0.108376,95385,1041.0,-60.05,-0.034886,106932,1072.6,-5.76,-0.003643,182665,1034.1,1.37,0.000497,196671,1247.5,120.93,0.044924,141544,1103.8,183.69,0.089898,137641,1130.9,157.23,0.066397,133439,1178.5,257.97,0.101345,115809,1100.4,237.86,0.10488,99376,1055.6,331.78,0.108376,95385,1041.0,-60.05,-0.034886,106932,1072.6,-5.76,-0.003643
257,257.04,0.0047601,99685,1012.2,229.3,0.046452,126010,1112.7,214.94,0.057357,148559,1114.3,192.17,0.097781,139458,1130.5,160.96,0.068891,130599,1168.6,265.59,0.102988,114911,1102.7,242.0,0.10566,98915,1053.7,339.64,0.110624,101267,1055.4,-36.26,-0.022061,104402,1066.7,4.3,0.002666,181440,1032.5,1.28,0.000462,194885,1244.8,120.78,0.044557,148559,1114.3,192.17,0.097781,139458,1130.5,160.96,0.068891,130599,1168.6,265.59,0.102988,114911,1102.7,242.0,0.10566,98915,1053.7,339.64,0.110624,101267,1055.4,-36.26,-0.022061,104402,1066.7,4.3,0.002666
258,258.09,0.0047794,97565,1007.1,225.3,0.044899,123965,1108.8,213.84,0.056334,153195,1122.9,193.92,0.100969,144196,1134.7,176.64,0.07788,127716,1158.5,273.83,0.104742,113519,1104.6,244.46,0.105256,98607,1052.2,347.94,0.113131,119237,1096.6,39.19,0.02702,101593,1059.9,15.39,0.009355,180148,1030.8,1.28,0.00046,192610,1241.5,120.45,0.044034,153195,1122.9,193.92,0.100969,144196,1134.7,176.64,0.07788,127716,1158.5,273.83,0.104742,113519,1104.6,244.46,0.105256,98607,1052.2,347.94,0.113131,119237,1096.6,39.19,0.02702,101593,1059.9,15.39,0.009355
259,259.06,0.0047975,94881,1000.6,217.9,0.042504,121947,1104.7,212.92,0.055383,155280,1127.4,193.74,0.10184,149224,1139.1,194.02,0.088187,125155,1149.6,281.36,0.106281,112093,1106.1,246.27,0.104566,98147,1050.8,353.61,0.114598,129138,1117.5,74.53,0.054609,99265,1054.2,24.28,0.014494,178917,1029.2,1.31,0.000467,190018,1237.6,120.45,0.043576,155280,1127.4,193.74,0.10184,149224,1139.1,194.02,0.088187,125155,1149.6,281.36,0.106281,112093,1106.1,246.27,0.104566,98147,1050.8,353.61,0.114598,129138,1117.5,74.53,0.054609,99265,1054.2,24.28,0.014494
260,260.04,0.0048156,95002,999.7,225.44,0.044071,119907,1100.4,212.05,0.054445,156620,1130.7,192.45,0.101735,152284,1139.7,204.98,0.095027,122693,1141.2,288.44,0.10759,110627,1107.1,247.96,0.10381,97368,1049.0,356.45,0.11479,131762,1123.3,79.95,0.05946,97531,1049.7,30.06,0.017708,177670,1027.5,1.33,0.000474,186811,1232.8,121.11,0.043245,156620,1130.7,192.45,0.101735,152284,1139.7,204.98,0.095027,122693,1141.2,288.44,0.10759,110627,1107.1,247.96,0.10381,97368,1049.0,356.45,0.11479,131762,1123.3,79.95,0.05946,97531,1049.7,30.06,0.017708
261,261.09,0.0048349,93011,994.4,222.26,0.042762,117724,1095.7,210.98,0.053417,157351,1133.4,191.98,0.101717,153727,1137.4,210.74,0.098826,120105,1132.9,295.17,0.108571,109072,1107.6,249.84,0.103082,96404,1047.6,357.26,0.114063,132289,1124.9,77.61,0.057863,96394,1046.6,32.31,0.018869,176306,1025.7,1.38,0.000489,182734,1226.5,122.67,0.043065,157351,1133.4,191.98,0.101717,153727,1137.4,210.74,0.098826,120105,1132.9,295.17,0.108571,109072,1107.6,249.84,0.103082,96404,1047.6,357.26,0.114063,132289,1124.9,77.61,0.057863,96394,1046.6,32.31,0.018869
262,262.07,0.0048531,90363,987.6,214.88,0.040442,115710,1091.1,209.87,0.052447,157870,1136.1,192.28,0.101974,154214,1134.2,213.3,0.100628,117691,1125.7,300.63,0.109056,107608,1107.5,251.56,0.102412,95631,1047.6,356.69,0.112977,132663,1126.2,74.51,0.05565,95754,1044.8,32.22,0.018723,174952,1023.9,1.48,0.00052,178540,1220.0,124.2,0.04283,157870,1136.1,192.28,0.101974,154214,1134.2,213.3,0.100628,117691,1125.7,300.63,0.109056,107608,1107.5,251.56,0.102412,95631,1047.6,356.69,0.112977,132663,1126.2,74.51,0.05565,95754,1044.8,32.22,0.018723
263,263.05,0.0048713,90401,986.5,222.28,0.041899,113753,1086.5,208.75,0.051501,158245,1139.1,192.88,0.102263,154360,1131.2,214.81,0.101701,115306,1119.0,305.38,0.109184,106185,1106.9,253.36,0.101835,94984,1048.4,355.06,0.111613,133776,1129.0,74.27,0.055795,95368,1043.6,30.38,0.017599,173494,1021.9,1.6,0.00056,174286,1213.3,124.99,0.042309,158245,1139.1,192.88,0.102263,154360,1131.2,214.81,0.101701,115306,1119.0,305.38,0.109184,106185,1106.9,253.36,0.101835,94984,1048.4,355.06,0.111613,133776,1129.0,74.27,0.055795,95368,1043.6,30.38,0.017599
264,264.1,0.0048907,88367,981.0,218.62,0.040509,111735,1081.6,207.74,0.05057,158517,1142.3,193.96,0.102719,154446,1128.8,216.16,0.102612,112827,1112.5,309.82,0.109019,104743,1105.9,255.38,0.101337,94502,1051.3,353.18,0.110155,135483,1132.8,76.32,0.057868,95132,1042.8,27.37,0.015829,171841,1019.6,1.71,0.000593,169873,1206.2,125.06,0.041503,158517,1142.3,193.96,0.102719,154446,1128.8,216.16,0.102612,112827,1112.5,309.82,0.109019,104743,1105.9,255.38,0.101337,94502,1051.3,353.18,0.110155,135483,1132.8,76.32,0.057868,95132,1042.8,27.37,0.015829
265,265.08,0.0049089,88182,979.2,224.71,0.041625,109851,1076.9,207.18,0.049796,158757,1145.3,195.22,0.103271,154597,1127.5,217.59,0.103516,110576,1107.1,313.5,0.10864,103466,1104.9,257.24,0.100928,94099,1055.1,350.5,0.108462,137297,1137.0,79.54,0.060896,94974,1042.3,24.21,0.013987,170260,1017.5,1.74,0.0006,165753,1199.5,125.09,0.040732,158757,1145.3,195.22,0.103271,154597,1127.5,217.59,0.103516,110576,1107.1,313.5,0.10864,103466,1104.9,257.24,0.100928,94099,1055.1,350.5,0.108462,137297,1137.0,79.54,0.060896,94974,1042.3,24.21,0.013987
266,266.07,0.0049271,85658,972.8,217.34,0.039367,107866,1072.0,207.22,0.049131,158868,1148.1,196.19,0.103609,154763,1126.8,219.08,0.104399,108414,1102.3,316.81,0.10811,102247,1103.7,258.78,0.100438,93784,1059.0,347.53,0.106785,138788,1140.5,82.01,0.063279,94844,1041.8,20.9,0.012065,168737,1015.3,1.68,0.000574,161464,1192.3,126.19,0.040267,158868,1148.1,196.19,0.103609,154763,1126.8,219.08,0.104399,108414,1102.3,316.81,0.10811,102247,1103.7,258.78,0.100438,93784,1059.0,347.53,0.106785,138788,1140.5,82.01,0.063279,94844,1041.8,20.9,0.012065
267,267.05,0.0049454,85489,971.2,223.18,0.040411,105722,1066.7,208.11,0.048604,158771,1150.4,196.6,0.103555,154924,1126.8,220.61,0.105233,106362,1098.1,319.83,0.107488,101069,1102.5,259.66,0.099729,93578,1063.3,344.65,0.105245,139784,1143.0,83.1,0.064435,94745,1041.4,17.45,0.010067,167345,1013.4,1.54,0.000522,156857,1184.5,129.29,0.040345,158771,1150.4,196.6,0.103555,154924,1126.8,220.61,0.105233,106362,1098.1,319.83,0.107488,101069,1102.5,259.66,0.099729,93578,1063.3,344.65,0.105245,139784,1143.0,83.1,0.064435,94745,1041.4,17.45,0.010067
268,268.04,0.0049637,83089,964.9,215.76,0.038217,103508,1061.1,209.63,0.048186,158565,1152.3,196.73,0.103316,155013,1127.6,222.01,0.105895,104418,1094.3,322.54,0.106781,99948,1101.3,259.8,0.098787,93421,1067.3,340.95,0.103544,140245,1144.6,82.72,0.064265,94682,1041.2,13.84,0.007982,166116,1011.7,1.36,0.00046,151986,1176.0,134.58,0.040984,158565,1152.3,196.73,0.103316,155013,1127.6,222.01,0.105895,104418,1094.3,322.54,0.106781,99948,1101.3,259.8,0.098787,93421,1067.3,340.95,0.103544,140245,1144.6,82.72,0.064265,94682,1041.2,13.84,0.007982
269,269.09,0.0049832,81199,959.5,211.35,0.036792,101380,1055.6,210.69,0.047681,158123,1153.8,196.23,0.102638,154877,1128.3,222.96,0.106188,102429,1090.8,324.86,0.105847,98862,1100.1,259.26,0.097617,93462,1071.0,335.85,0.101694,140308,1145.5,80.51,0.062521,94654,1041.0,9.83,0.005667,164976,1010.1,1.19,0.0004,146772,1166.7,142.0,0.042095,158123,1153.8,196.23,0.102638,154877,1128.3,222.96,0.106188,102429,1090.8,324.86,0.105847,98862,1100.1,259.26,0.097617,93462,1071.0,335.85,0.101694,140308,1145.5,80.51,0.062521,94654,1041.0,9.83,0.005667
270,270.08,0.0050016,81238,958.4,218.3,0.038064,99866,1051.6,209.57,0.046897,157474,1154.5,195.12,0.101577,154553,1128.9,223.45,0.106146,100615,1087.6,326.24,0.104716,97983,1099.1,258.3,0.096475,93753,1074.0,329.3,0.099736,140232,1146.1,77.62,0.060216,94650,1041.0,5.99,0.003454,164008,1008.7,1.1,0.000368,142140,1158.2,149.89,0.043345,157474,1154.5,195.12,0.101577,154553,1128.9,223.45,0.106146,100615,1087.6,326.24,0.104716,97983,1099.1,258.3,0.096475,93753,1074.0,329.3,0.099736,140232,1146.1,77.62,0.060216,94650,1041.0,5.99,0.003454
271,271.07,0.0050199,78942,951.8,211.8,0.036137,99222,1049.5,205.86,0.045863,156651,1154.6,193.64,0.10026,154042,1129.5,223.63,0.105816,98908,1084.7,326.96,0.103444,97230,1098.3,257.02,0.095333,94350,1077.2,320.42,0.097369,140045,1146.5,73.9,0.057235,94665,1041.0,2.13,0.001231,163049,1007.3,1.11,0.00037,137908,1150.3,158.13,0.044673,156651,1154.6,193.64,0.10026,154042,1129.5,223.63,0.105816,98908,1084.7,326.96,0.103444,97230,1098.3,257.02,0.095333,94350,1077.2,320.42,0.097369,140045,1146.5,73.9,0.057235,94665,1041.0,2.13,0.001231
272,272.06,0.0050382,78723,949.9,218.99,0.037333,99596,1049.8,195.29,0.043657,155701,1154.4,191.95,0.098806,153273,1130.4,223.27,0.105043,97496,1082.4,327.8,0.102442,96588,1097.5,255.55,0.094227,95447,1082.2,309.5,0.094712,139683,1146.6,69.42,0.053623,94687,1041.0,-1.71,-0.000988,162017,1005.9,1.21,0.000403,134138,1143.1,166.25,0.045971,155701,1154.4,191.95,0.098806,153273,1130.4,223.27,0.105043,97496,1082.4,327.8,0.102442,96588,1097.5,255.55,0.094227,95447,1082.2,309.5,0.094712,139683,1146.6,69.42,0.053623,94687,1041.0,-1.71,-0.000988
273,273.05,0.0050565,78094,946.8,223.32,0.03789,104246,1060.6,165.61,0.038358,154649,1153.7,190.15,0.097275,152279,1131.3,222.49,0.103903,97354,1083.3,333.57,0.104007,96058,1096.8,253.72,0.0931,97019,1088.9,296.12,0.091541,139139,1146.3,64.82,0.049887,94710,1041.1,-5.56,-0.003205,160865,1004.2,1.36,0.00045,130881,1136.7,173.69,0.047124,154649,1153.7,190.15,0.097275,152279,1131.3,222.49,0.103903,97354,1083.3,333.57,0.104007,96058,1096.8,253.72,0.0931,97019,1088.9,296.12,0.091541,139139,1146.3,64.82,0.049887,94710,1041.1,-5.56,-0.003205
274,274.04,0.0050748,75506,939.7,213.95,0.035364,113031,1080.3,119.25,0.0294,153467,1152.6,188.16,0.095613,151151,1132.2,221.52,0.102606,99636,1090.3,350.21,0.111044,95632,1096.1,251.39,0.091896,99071,1096.8,280.64,0.08795,138419,1145.6,61.25,0.046918,94729,1041.2,-9.41,-0.005425,159602,1002.4,1.5,0.000491,128160,1131.3,179.91,0.048025,153467,1152.6,188.16,0.095613,151151,1132.2,221.52,0.102606,99636,1090.3,350.21,0.111044,95632,1096.1,251.39,0.091896,99071,1096.8,280.64,0.08795,138419,1145.6,61.25,0.046918,94729,1041.2,-9.41,-0.005425
275,275.09,0.0050943,74423,936.8,208.41,0.034057,121467,1098.0,76.12,0.019842,152018,1151.0,185.73,0.093619,149870,1132.9,220.34,0.101139,103463,1100.9,372.78,0.121558,95265,1095.3,248.29,0.09048,101627,1105.6,262.41,0.08369,137635,1144.9,59.82,0.045595,94749,1041.3,-13.47,-0.007768,158192,1000.3,1.57,0.000511,125880,1126.6,184.57,0.048595,152018,1151.0,185.73,0.093619,149870,1132.9,220.34,0.101139,103463,1100.9,372.78,0.121558,95265,1095.3,248.29,0.09048,101627,1105.6,262.41,0.08369,137635,1144.9,59.82,0.045595,94749,1041.3,-13.47,-0.007768
276,276.08,0.0051126,75845,941.9,192.31,0.031856,126954,1108.9,47.72,0.012874,150460,1149.1,183.14,0.091519,148594,1133.0,218.9,0.099607,105973,1107.7,387.24,0.128537,95054,1094.7,244.62,0.088993,104130,1113.4,244.56,0.07936,137149,1144.8,61.46,0.046686,94782,1041.5,-17.16,-0.009904,156856,998.4,1.6,0.000518,124434,1123.5,186.37,0.048638,150460,1149.1,183.14,0.091519,148594,1133.0,218.9,0.099607,105973,1107.7,387.24,0.128537,95054,1094.7,244.62,0.088993,104130,1113.4,244.56,0.07936,137149,1144.8,61.46,0.046686,94782,1041.5,-17.16,-0.009904
277,277.07,0.0051308,76389,947.5,122.76,0.020359,130888,1116.6,26.48,0.007314,148715,1146.8,180.25,0.089209,147239,1132.7,216.94,0.097842,106938,1110.5,393.39,0.131438,95146,1094.9,238.87,0.086971,106812,1121.0,228.19,0.075438,136929,1145.2,65.68,0.049794,94809,1041.7,-20.85,-0.012029,155483,996.4,1.67,0.000537,123611,1121.7,185.75,0.048234,148715,1146.8,180.25,0.089209,147239,1132.7,216.94,0.097842,106938,1110.5,393.39,0.131438,95146,1094.9,238.87,0.086971,106812,1121.0,228.19,0.075438,136929,1145.2,65.68,0.049794,94809,1041.7,-20.85,-0.012029
278,278.05,0.0051491,78425,955.5,53.86,0.009094,133625,1121.8,10.11,0.002836,146865,1144.4,177.22,0.086801,145802,1132.1,214.33,0.095774,107191,1111.2,394.85,0.132149,95481,1095.7,230.58,0.084186,109195,1127.5,212.19,0.071304,136775,1146.0,71.63,0.054202,94720,1041.6,-25.05,-0.014443,153972,994.1,1.88,0.0006,123323,1120.5,182.94,0.047443,146865,1144.4,177.22,0.086801,145802,1132.1,214.33,0.095774,107191,1111.2,394.85,0.132149,95481,1095.7,230.58,0.084186,109195,1127.5,212.19,0.071304,136775,1146.0,71.63,0.054202,94720,1041.6,-25.05,-0.014443
279,279.04,0.0051674,78084,955.0,1.08,0.000181,135245,1124.9,-1.91,-0.000541,145009,1141.9,174.24,0.084445,144256,1131.0,210.99,0.093374,107464,1111.8,394.98,0.132461,96278,1097.9,221.14,0.08125,111197,1132.8,196.72,0.066999,136397,1146.5,77.77,0.058661,94392,1041.0,-30.42,-0.01749,152169,991.4,2.29,0.000723,123749,1121.0,176.8,0.045988,145009,1141.9,174.24,0.084445,144256,1131.0,210.99,0.093374,107464,1111.8,394.98,0.132461,96278,1097.9,221.14,0.08125,111197,1132.8,196.72,0.066999,136397,1146.5,77.77,0.058661,94392,1041.0,-30.42,-0.01749
280,280.09,0.0051868,78121,955.0,-15.03,-0.00253,136042,1126.5,-10.95,-0.003117,143065,1139.3,171.17,0.082028,142562,1129.4,207.05,0.090678,108006,1112.9,395.0,0.133011,97849,1102.4,207.46,0.077155,113090,1137.8,181.83,0.062704,135526,1146.2,83.4,0.062523,94236,1040.8,-35.25,-0.020237,149772,987.8,2.91,0.000908,125711,1124.6,164.04,0.043209,143065,1139.3,171.17,0.082028,142562,1129.4,207.05,0.090678,108006,1112.9,395.0,0.133011,97849,1102.4,207.46,0.077155,113090,1137.8,181.83,0.062704,135526,1146.2,83.4,0.062523,94236,1040.8,-35.25,-0.020237
281,281.07,0.0052051,79674,960.5,-7.64,-0.001304,136272,1127.0,-17.24,-0.004913,141329,1137.1,168.37,0.07987,140954,1127.7,203.32,0.088176,108762,1113.4,393.1,0.133232,99828,1107.6,190.19,0.071819,114439,1141.4,168.49,0.058612,134265,1145.0,87.88,0.065334,95005,1043.0,-35.15,-0.020302,147051,983.6,3.52,0.001084,128120,1128.8,149.8,0.040061,141329,1137.1,168.37,0.07987,140954,1127.7,203.32,0.088176,108762,1113.4,393.1,0.133232,99828,1107.6,190.19,0.071819,114439,1141.4,168.49,0.058612,134265,1145.0,87.88,0.065334,95005,1043.0,-35.15,-0.020302
282,282.06,0.0052233,83126,972.0,17.37,0.003056,136232,1127.0,-22.35,-0.006366,139712,1135.0,165.65,0.07782,139314,1125.7,199.86,0.085814,110137,1116.1,389.16,0.133238,102052,1113.6,171.58,0.06588,115589,1144.5,156.58,0.054869,132691,1143.3,92.24,0.067875,101605,1059.7,-5.59,-0.003399,143994,978.9,3.99,0.001208,130016,1131.9,137.57,0.037235,139712,1135.0,165.65,0.07782,139314,1125.7,199.86,0.085814,110137,1116.1,389.16,0.133238,102052,1113.6,171.58,0.06588,115589,1144.5,156.58,0.054869,132691,1143.3,92.24,0.067875,101605,1059.7,-5.59,-0.003399
283,283.05,0.0052416,83775,974.6,26.34,0.004658,135790,1126.3,-26.27,-0.007464,138212,1133.1,162.97,0.075867,137609,1123.6,196.97,0.083699,111895,1119.6,382.36,0.132591,104251,1119.4,153.32,0.059827,116492,1146.9,145.62,0.051319,130921,1141.4,97.02,0.070555,116499,1093.8,58.83,0.039727,140802,973.8,4.22,0.001255,131208,1133.4,128.16,0.034961,138212,1133.1,162.97,0.075867,137609,1123.6,196.97,0.083699,111895,1119.6,382.36,0.132591,104251,1119.4,153.32,0.059827,116492,1146.9,145.62,0.051319,130921,1141.4,97.02,0.070555,116499,1093.8,58.83,0.039727
284,284.1,0.0052611,84372,976.8,35.5,0.006308,135039,1125.0,-29.56,-0.008362,136717,1131.3,160.24,0.073905,135720,1121.0,194.57,0.081729,113932,1123.3,374.12,0.131658,106052,1124.1,134.81,0.053289,117093,1148.5,134.08,0.047429,128913,1139.3,102.72,0.073697,125347,1111.6,91.2,0.065201,137441,968.4,4.25,0.00124,131956,1133.9,120.46,0.033033,136717,1131.3,160.24,0.073905,135720,1121.0,194.57,0.081729,113932,1123.3,374.12,0.131658,106052,1124.1,134.81,0.053289,117093,1148.5,134.08,0.047429,128913,1139.3,102.72,0.073697,125347,1111.6,91.2,0.065201
285,285.08,0.0052793,84808,978.5,44.13,0.007868,134178,1123.5,-32.08,-0.009027,135381,1129.7,157.93,0.07223,133867,1118.2,192.97,0.080151,115466,1126.2,366.94,0.130534,107136,1127.0,119.16,0.04746,117510,1149.7,123.73,0.043878,127007,1137.4,108.48,0.076805,128313,1116.7,98.0,0.071398,134396,963.4,4.21,0.001207,132382,1133.7,114.74,0.03157,135381,1129.7,157.93,0.07223,133867,1118.2,192.97,0.080151,115466,1126.2,366.94,0.130534,107136,1127.0,119.16,0.04746,117510,1149.7,123.73,0.043878,127007,1137.4,108.48,0.076805,128313,1116.7,98.0,0.071398
286,286.07,0.0052975,86928,984.8,63.75,0.011576,133234,1121.8,-34.08,-0.009537,134076,1128.2,156.03,0.070769,131895,1115.2,192.47,0.078978,116376,1127.8,361.19,0.129311,107936,1129.1,105.64,0.042311,117810,1150.5,113.49,0.040322,125174,1135.7,114.34,0.0799,130253,1119.6,99.88,0.07367,131407,958.4,4.24,0.001197,132624,1133.1,110.13,0.030374,134076,1128.2,156.03,0.070769,131895,1115.2,192.47,0.078978,116376,1127.8,361.19,0.129311,107936,1129.1,105.64,0.042311,117810,1150.5,113.49,0.040322,125174,1135.7,114.34,0.0799,130253,1119.6,99.88,0.07367
287,287.05,0.0053158,88035,988.1,77.06,0.014122,132264,1120.1,-35.55,-0.00989,132763,1126.7,154.7,0.069573,129855,1111.9,192.95,0.078183,116655,1128.2,356.78,0.127993,109037,1132.0,95.94,0.03872,117910,1150.8,102.68,0.036502,123496,1134.3,119.95,0.082797,131331,1121.0,103.46,0.076848,128352,953.2,4.46,0.001236,132741,1132.3,106.36,0.029381,132763,1126.7,154.7,0.069573,129855,1111.9,192.95,0.078183,116655,1128.2,356.78,0.127993,109037,1132.0,95.94,0.03872,117910,1150.8,102.68,0.036502,123496,1134.3,119.95,0.082797,131331,1121.0,103.46,0.076848
288,288.04,0.005334,81893,970.5,53.93,0.009361,131315,1118.4,-36.4,-0.01007,131414,1125.1,154.04,0.068666,127798,1108.5,194.05,0.077624,116477,1127.6,353.06,0.126532,111439,1138.1,93.56,0.038381,117849,1150.7,91.24,0.032422,122023,1133.5,124.95,0.085289,130543,1118.9,113.71,0.084116,125111,947.6,4.86,0.001321,132769,1131.2,103.07,0.028505,131414,1125.1,154.04,0.068666,127798,1108.5,194.05,0.077624,116477,1127.6,353.06,0.126532,111439,1138.1,93.56,0.038381,117849,1150.7,91.24,0.032422,122023,1133.5,124.95,0.085289,130543,1118.9,113.71,0.084116
289,289.09,0.0053535,81539,965.9,59.61,0.010352,130328,1116.6,-36.7,-0.010093,129895,1123.2,154.15,0.068034,125639,1104.8,195.68,0.077209,116152,1126.6,350.28,0.125298,115624,1148.2,98.63,0.041613,117754,1150.6,78.97,0.028043,120688,1133.1,129.28,0.087304,125213,1107.8,138.75,0.099437,121386,941.0,5.4,0.001432,132695,1129.9,99.84,0.02763,129895,1123.2,154.15,0.068034,125639,1104.8,195.68,0.077209,116152,1126.6,350.28,0.125298,115624,1148.2,98.63,0.041613,117754,1150.6,78.97,0.028043,120688,1133.1,129.28,0.087304,125213,1107.8,138.75,0.099437
290,290.07,0.0053717,82897,965.6,75.46,0.013326,129373,1114.9,-36.61,-0.010012,128376,1121.2,155.01,0.067735,123686,1101.5,197.57,0.076971,115447,1125.0,347.43,0.123701,120143,1159.2,106.13,0.046083,118196,1151.6,70.17,0.024991,119651,1133.2,132.18,0.088484,117648,1091.7,169.91,0.116095,117677,934.3,5.87,0.001521,132522,1128.3,96.92,0.026823,128376,1121.2,155.01,0.067735,123686,1101.5,197.57,0.076971,115447,1125.0,347.43,0.123701,120143,1159.2,106.13,0.046083,118196,1151.6,70.17,0.024991,119651,1133.2,132.18,0.088484,117648,1091.7,169.91,0.116095
291,291.06,0.0053899,83884,963.7,93.1,0.016669,128314,1112.9,-36.54,-0.009927,126784,1119.2,156.49,0.06766,121813,1098.4,199.73,0.07685,114658,1123.3,345.07,0.122207,124229,1169.5,109.47,0.048722,120063,1155.7,68.35,0.024636,118825,1133.7,133.87,0.088965,110696,1076.2,197.54,0.128829,113848,927.2,6.24,0.001575,132199,1126.5,94.21,0.026051,126784,1119.2,156.49,0.06766,121813,1098.4,199.73,0.07685,114658,1123.3,345.07,0.122207,124229,1169.5,109.47,0.048722,120063,1155.7,68.35,0.024636,118825,1133.7,133.87,0.088965,110696,1076.2,197.54,0.128829
292,292.04,0.0054081,84395,960.4,108.75,0.019658,127042,1110.5,-37.16,-0.010019,125162,1117.0,158.42,0.067744,120015,1095.5,202.07,0.076807,113576,1120.7,342.84,0.120553,126862,1175.8,108.03,0.048835,123339,1163.0,73.24,0.02695,118231,1134.5,134.36,0.088778,105395,1064.1,217.45,0.136561,110010,919.9,6.46,0.001588,131708,1124.4,91.88,0.025362,125162,1117.0,158.42,0.067744,120015,1095.5,202.07,0.076807,113576,1120.7,342.84,0.120553,126862,1175.8,108.03,0.048835,123339,1163.0,73.24,0.02695,118231,1134.5,134.36,0.088778,105395,1064.1,217.45,0.136561
293,293.08,0.0054275,84474,956.2,122.73,0.022304,125261,1107.0,-39.44,-0.010517,123431,1114.8,160.77,0.067931,118177,1092.6,204.68,0.076815,112253,1117.6,341.29,0.118937,128448,1180.3,102.48,0.046724,128019,1173.0,84.1,0.031848,117800,1135.8,134.03,0.088134,101372,1054.9,230.7,0.140557,106000,912.1,6.55,0.001566,130987,1121.7,90.0,0.024764,123431,1114.8,160.77,0.067931,118177,1092.6,204.68,0.076815,112253,1117.6,341.29,0.118937,128448,1180.3,102.48,0.046724,128019,1173.0,84.1,0.031848,117800,1135.8,134.03,0.088134,101372,1054.9,230.7,0.140557
294,294.06,0.0054456,84582,952.9,127.97,0.023366,123075,1102.7,-43.79,-0.011517,121807,1112.8,163.04,0.068112,116527,1089.9,207.2,0.076858,110755,1114.1,339.51,0.117108,129614,1184.0,96.3,0.044168,131600,1180.5,90.9,0.03516,117558,1137.3,132.92,0.087113,98669,1049.1,237.63,0.141708,102374,904.8,6.55,0.001525,130163,1118.9,88.69,0.024311,121807,1112.8,163.04,0.068112,116527,1089.9,207.2,0.076858,110755,1114.1,339.51,0.117108,129614,1184.0,96.3,0.044168,131600,1180.5,90.9,0.03516,117558,1137.3,132.92,0.087113,98669,1049.1,237.63,0.141708
295,295.04,0.0054637,86213,955.8,116.97,0.021702,120384,1097.2,-50.42,-0.013035,120198,1110.8,165.34,0.068284,114942,1087.5,209.74,0.076918,109270,1110.4,337.95,0.115391,130552,1187.2,91.48,0.042147,133926,1185.2,92.86,0.036407,117438,1138.8,131.18,0.085772,96698,1045.3,241.13,0.141435,98888,897.6,6.53,0.00148,129206,1115.8,87.65,0.023915,120198,1110.8,165.34,0.068284,114942,1087.5,209.74,0.076918,109270,1110.4,337.95,0.115391,130552,1187.2,91.48,0.042147,133926,1185.2,92.86,0.036407,117438,1138.8,131.18,0.085772,96698,1045.3,241.13,0.141435
296,296.08,0.005483,95284,980.8,36.49,0.007291,117111,1090.5,-59.54,-0.015067,118530,1108.7,167.88,0.068498,113301,1084.9,212.38,0.076954,107614,1106.0,335.74,0.113339,131427,1190.4,86.68,0.040095,135370,1188.2,91.48,0.036163,117412,1140.4,128.84,0.084099,95326,1043.5,242.8,0.140634,95359,890.1,6.4,0.001411,128016,1112.3,86.65,0.023501,118530,1108.7,167.88,0.068498,113301,1084.9,212.38,0.076954,107614,1106.0,335.74,0.113339,131427,1190.4,86.68,0.040095,135370,1188.2,91.48,0.036163,117412,1140.4,128.84,0.084099,95326,1043.5,242.8,0.140634
297,297.06,0.0055011,102097,999.7,-79.72,-0.016748,113861,1083.6,-69.32,-0.017163,117011,1106.7,170.26,0.068703,111803,1082.7,214.76,0.076949,106170,1102.0,333.91,0.11162,132127,1193.1,82.11,0.038094,136002,1189.4,87.77,0.034819,117523,1142.1,126.21,0.082341,94741,1043.4,243.97,0.14046,92310,883.4,6.1,0.00131,126687,1108.5,85.63,0.02306,117011,1106.7,170.26,0.068703,111803,1082.7,214.76,0.076949,106170,1102.0,333.91,0.11162,132127,1193.1,82.11,0.038094,136002,1189.4,87.77,0.034819,117523,1142.1,126.21,0.082341,94741,1043.4,243.97,0.14046
298,298.1,0.0055203,105557,1009.5,-127.96,-0.027523,110401,1076.1,-80.31,-0.019415,115430,1104.6,172.77,0.068904,110263,1080.4,217.27,0.076937,104625,1097.3,331.72,0.10974,132729,1195.7,77.32,0.035959,136362,1190.1,83.96,0.033377,117723,1143.9,123.17,0.080367,94914,1045.1,245.69,0.141472,89429,877.0,5.55,0.001164,125018,1104.0,84.32,0.022499,115430,1104.6,172.77,0.068904,110263,1080.4,217.27,0.076937,104625,1097.3,331.72,0.10974,132729,1195.7,77.32,0.035959,136362,1190.1,83.96,0.033377,117723,1143.9,123.17,0.080367,94914,1045.1,245.69,0.141472
299,299.07,0.0055384,111566,1025.1,-125.03,-0.027993,107389,1069.5,-90.17,-0.021334,113997,1102.6,175.11,0.069095,108874,1078.4,219.59,0.076923,103280,1093.0,330.05,0.108213,133141,1197.6,72.75,0.033888,136403,1190.2,81.7,0.032487,117909,1145.5,120.09,0.078375,95567,1049.1,248.01,0.143248,87108,871.7,4.92,0.001012,123262,1099.4,82.74,0.021859,113997,1102.6,175.11,0.069095,108874,1078.4,219.59,0.076923,103280,1093.0,330.05,0.108213,133141,1197.6,72.75,0.033888,136403,1190.2,81.7,0.032487,117909,1145.5,120.09,0.078375,95567,1049.1,248.01,0.143248
300,300.04,0.0055564,116063,1036.8,-114.11,-0.026275,104877,1063.9,-98.25,-0.022821,112618,1100.5,177.45,0.069301,107528,1076.5,221.85,0.076888,101933,1088.3,328.31,0.106691,133405,1199.1,67.86,0.03163,136084,1189.6,80.74,0.032047,118066,1146.8,116.71,0.076182,96322,1054.0,249.13,0.144353,85214,867.3,4.06,0.000821,121380,1094.5,80.95,0.021154,112618,1100.5,177.45,0.069301,107528,1076.5,221.85,0.076888,101933,1088.3,328.31,0.106691,133405,1199.1,67.86,0.03163,136084,1189.6,80.74,0.032047,118066,1146.8,116.71,0.076182,96322,1054.0,249.13,0.144353
301,301.08,0.0055756,121596,1050.0,-92.26,-0.021976,102977,1059.7,-103.67,-0.023738,111199,1098.3,179.92,0.06952,106140,1074.6,224.21,0.076836,100585,1083.2,326.85,0.105307,133470,1200.1,62.5,0.029123,135366,1188.1,80.64,0.031875,118181,1148.1,112.71,0.073563,97179,1059.0,248.15,0.144379,84081,864.6,1.97,0.000393,119333,1089.3,78.89,0.020366,111199,1098.3,179.92,0.06952,106140,1074.6,224.21,0.076836,100585,1083.2,326.85,0.105307,133470,1200.1,62.5,0.029123,135366,1188.1,80.64,0.031875,118181,1148.1,112.71,0.073563,97179,1059.0,248.15,0.144379
302,302.05,0.0055936,125433,1058.8,-77.92,-0.018989,101962,1057.6,-105.29,-0.02392,109908,1096.2,182.17,0.06971,104891,1073.1,226.42,0.07679,99345,1078.1,325.59,0.1041,133265,1200.4,57.79,0.026879,134325,1186.1,81.5,0.032025,118262,1149.1,108.73,0.070953,97864,1063.7,245.28,0.143083,84405,865.4,-1.03,-0.000207,117442,1084.4,76.83,0.019607,109908,1096.2,182.17,0.06971,104891,1073.1,226.42,0.07679,99345,1078.1,325.59,0.1041,133265,1200.4,57.79,0.026879,134325,1186.1,81.5,0.032025,118262,1149.1,108.73,0.070953,97864,1063.7,245.28,0.143083
303,303.09,0.0056127,130167,1068.9,-59.37,-0.014871,101602,1056.9,-104.42,-0.023653,108568,1093.8,184.49,0.069883,103609,1071.5,228.75,0.076742,98099,1072.3,324.62,0.103039,132682,1199.8,53.68,0.024873,132766,1183.0,82.92,0.032288,118320,1150.0,104.34,0.068065,98321,1068.2,241.62,0.141007,86794,871.0,-5.8,-0.00119,115497,1079.4,74.5,0.018782,108568,1093.8,184.49,0.069883,103609,1071.5,228.75,0.076742,98099,1072.3,324.62,0.103039,132682,1199.8,53.68,0.024873,132766,1183.0,82.92,0.032288,118320,1150.0,104.34,0.068065,98321,1068.2,241.62,0.141007
304,304.06,0.0056307,134297,1077.3,-41.83,-0.010728,101868,1057.8,-99.47,-0.022573,107339,1091.6,186.56,0.070011,102445,1070.2,230.89,0.076684,96960,1066.5,323.86,0.102161,131811,1198.5,51.08,0.023538,131013,1179.4,84.64,0.032623,118345,1150.8,100.14,0.06529,98428,1071.6,239.28,0.139354,91377,881.6,-10.31,-0.002199,113745,1074.9,72.14,0.017987,107339,1091.6,186.56,0.070011,102445,1070.2,230.89,0.076684,96960,1066.5,323.86,0.102161,131811,1198.5,51.08,0.023538,131013,1179.4,84.64,0.032623,118345,1150.8,100.14,0.06529,98428,1071.6,239.28,0.139354
305,305.09,0.0056498,138794,1085.9,-23.43,-0.006159,103969,1063.0,-85.97,-0.019813,106056,1089.2,188.66,0.070112,101234,1068.8,233.08,0.076597,95805,1059.8,323.35,0.101417,130602,1196.3,49.53,0.022653,128934,1175.0,86.74,0.033024,118337,1151.5,95.55,0.062258,98375,1074.7,238.23,0.138258,97377,894.8,-11.42,-0.002556,111931,1070.2,69.36,0.017093,106056,1089.2,188.66,0.070112,101234,1068.8,233.08,0.076597,95805,1059.8,323.35,0.101417,130602,1196.3,49.53,0.022653,128934,1175.0,86.74,0.033024,118337,1151.5,95.55,0.062258,98375,1074.7,238.23,0.138258
306,306.06,0.0056678,144441,1098.1,3.84,0.001038,106336,1068.7,-71.23,-0.0167,104881,1086.8,190.55,0.070175,100125,1067.5,235.04,0.076488,94758,1053.2,323.05,0.100845,129274,1193.7,48.7,0.022095,126903,1170.8,88.84,0.033409,118301,1152.1,91.19,0.059368,98135,1077.0,237.81,0.13739,102282,905.1,-9.2,-0.002139,110245,1065.8,66.45,0.016197,104881,1086.8,190.55,0.070175,100125,1067.5,235.04,0.076488,94758,1053.2,323.05,0.100845,129274,1193.7,48.7,0.022095,126903,1170.8,88.84,0.033409,118301,1152.1,91.19,0.059368,98135,1077.0,237.81,0.13739
307,307.09,0.0056869,145964,1101.4,13.35,0.003641,107396,1071.3,-61.54,-0.014536,103646,1084.3,192.43,0.070197,98966,1066.1,237.03,0.076343,93693,1045.9,323.0,0.100393,127628,1190.4,49.01,0.022015,124730,1166.3,91.14,0.03382,118201,1152.5,86.4,0.056183,97724,1078.9,238.78,0.137125,105903,912.6,-5.91,-0.00141,108424,1061.2,63.03,0.015174,103646,1084.3,192.43,0.070197,98966,1066.1,237.03,0.076343,93693,1045.9,323.0,0.100393,127628,1190.4,49.01,0.022015,124730,1166.3,91.14,0.03382,118201,1152.5,86.4,0.056183,97724,1078.9,238.78,0.137125
308,308.06,0.0057048,150768,1110.4,35.58,0.009937,107340,1071.3,-57.07,-0.013473,102488,1081.9,194.0,0.070136,97903,1064.7,238.8,0.076186,92726,1038.9,323.11,0.100062,125902,1186.9,50.14,0.022283,122707,1162.0,93.44,0.034237,118012,1152.6,81.74,0.053063,97241,1080.7,240.08,0.136962,107886,916.5,-3.41,-0.000825,106669,1056.7,59.57,0.014169,102488,1081.9,194.0,0.070136,97903,1064.7,238.8,0.076186,92726,1038.9,323.11,0.100062,125902,1186.9,50.14,0.022283,122707,1162.0,93.44,0.034237,118012,1152.6,81.74,0.053063,97241,1080.7,240.08,0.136962
309,309.09,0.0057239,154988,1117.7,55.64,0.015871,106590,1069.7,-54.34,-0.012759,101233,1079.2,195.39,0.069949,96791,1063.1,240.56,0.075989,91732,1031.4,323.42,0.099803,123957,1182.9,51.75,0.022722,120572,1157.5,96.1,0.034732,117619,1152.3,76.26,0.049352,96903,1082.7,240.95,0.136731,109058,918.9,-1.84,-0.000448,104733,1051.8,55.74,0.013079,101233,1079.2,195.39,0.069949,96791,1063.1,240.56,0.075989,91732,1031.4,323.42,0.099803,123957,1182.9,51.75,0.022722,120572,1157.5,96.1,0.034732,117619,1152.3,76.26,0.049352,96903,1082.7,240.95,0.136731
310,310.06,0.0057418,154274,1116.5,58.43,0.016607,105938,1068.3,-51.46,-0.012024,100017,1076.5,196.35,0.069621,95752,1061.5,242.03,0.075748,90824,1024.5,323.83,0.099602,122099,1178.9,53.46,0.023198,118597,1153.3,98.76,0.035238,117097,1151.6,70.45,0.045418,96695,1084.8,240.69,0.136032,109715,920.2,-1.12,-0.000275,102852,1047.0,52.23,0.012089,100017,1076.5,196.35,0.069621,95752,1061.5,242.03,0.075748,90824,1024.5,323.83,0.099602,122099,1178.9,53.46,0.023198,118597,1153.3,98.76,0.035238,117097,1151.6,70.45,0.045418,96695,1084.8,240.69,0.136032
311,311.09,0.0057609,154462,1116.6,65.82,0.018731,105774,1068.0,-45.43,-0.010602,98604,1073.3,196.66,0.068951,94633,1059.6,243.3,0.075395,89879,1017.6,324.35,0.099401,120149,1174.7,55.56,0.02381,116507,1148.8,101.79,0.035816,116689,1151.2,64.23,0.041281,96575,1087.2,239.87,0.135102,110155,921.0,-0.67,-0.000166,100782,1041.7,48.74,0.011112,98604,1073.3,196.66,0.068951,94633,1059.6,243.3,0.075395,89879,1017.6,324.35,0.099401,120149,1174.7,55.56,0.02381,116507,1148.8,101.79,0.035816,116689,1151.2,64.23,0.041281,96575,1087.2,239.87,0.135102
312,312.06,0.0057788,158139,1121.4,84.59,0.024536,106857,1070.6,-34.18,-0.008039,97135,1069.8,196.14,0.067964,93557,1057.5,244.13,0.074936,89007,1011.4,324.85,0.099187,118372,1170.8,57.8,0.024484,114537,1144.6,104.74,0.036365,116743,1151.7,59.68,0.038354,96463,1089.1,238.44,0.133902,110322,921.4,-0.24,-5.9e-05,98796,1036.6,45.82,0.010291,97135,1069.8,196.14,0.067964,93557,1057.5,244.13,0.074936,89007,1011.4,324.85,0.099187,118372,1170.8,57.8,0.024484,114537,1144.6,104.74,0.036365,116743,1151.7,59.68,0.038354,96463,1089.1,238.44,0.133902
313,313.09,0.0057979,157679,1119.1,88.94,0.025777,108989,1075.6,-17.88,-0.004269,95435,1065.7,194.84,0.066589,92322,1055.0,244.33,0.074188,88101,1005.4,325.38,0.098922,116520,1166.6,60.38,0.025267,112438,1140.2,108.02,0.036957,117748,1154.6,58.49,0.037822,96357,1091.1,236.58,0.132465,110220,921.2,0.23,5.6e-05,96652,1031.0,43.1,0.00952,95435,1065.7,194.84,0.066589,92322,1055.0,244.33,0.074188,88101,1005.4,325.38,0.098922,116520,1166.6,60.38,0.025267,112438,1140.2,108.02,0.036957,117748,1154.6,58.49,0.037822,96357,1091.1,236.58,0.132465
314,314.05,0.0058158,150216,1104.9,71.78,0.020075,109997,1077.9,-7.14,-0.001716,93743,1061.5,193.03,0.065059,91041,1052.1,243.68,0.073161,87282,1000.4,325.83,0.098631,114781,1162.6,62.81,0.025981,110522,1136.2,111.19,0.03753,119591,1159.1,61.97,0.040534,96259,1092.8,234.71,0.131078,109853,920.4,0.69,0.000169,94645,1025.7,40.86,0.008885,93743,1061.5,193.03,0.065059,91041,1052.1,243.68,0.073161,87282,1000.4,325.83,0.098631,114781,1162.6,62.81,0.025981,110522,1136.2,111.19,0.03753,119591,1159.1,61.97,0.040534,96259,1092.8,234.71,0.131078
315,315.08,0.0058349,145369,1091.5,64.11,0.017563,109936,1077.8,-1.78,-0.000427,91865,1056.6,190.58,0.063239,89548,1048.6,242.12,0.071742,86451,995.7,326.24,0.098275,112900,1158.2,65.37,0.0267,108593,1132.1,114.63,0.038148,122426,1165.9,71.3,0.047468,96120,1094.5,232.65,0.129543,109209,919.2,1.11,0.000272,92545,1020.1,38.76,0.008287,91865,1056.6,190.58,0.063239,89548,1048.6,242.12,0.071742,86451,995.7,326.24,0.098275,112900,1158.2,65.37,0.0267,108593,1132.1,114.63,0.038148,122426,1165.9,71.3,0.047468,96120,1094.5,232.65,0.129543
316,316.05,0.0058528,147734,1089.4,71.86,0.020047,108661,1074.9,-1.28,-0.000305,90056,1051.7,187.88,0.061397,88053,1044.9,240.02,0.070175,85717,992.0,326.51,0.097892,111147,1153.9,67.94,0.027419,106905,1128.7,117.71,0.038683,124185,1170.5,79.39,0.053403,95972,1095.9,230.72,0.128108,108414,917.7,1.44,0.000349,90647,1015.0,36.99,0.007783,90056,1051.7,187.88,0.061397,88053,1044.9,240.02,0.070175,85717,992.0,326.51,0.097892,111147,1153.9,67.94,0.027419,106905,1128.7,117.71,0.038683,124185,1170.5,79.39,0.053403,95972,1095.9,230.72,0.128108
317,317.08,0.0058719,149855,1086.0,84.79,0.024067,106205,1069.2,-6.96,-0.001629,88105,1046.3,184.68,0.05935,86390,1040.7,237.19,0.068315,84990,988.6,326.65,0.097437,109334,1149.4,71.02,0.028304,105212,1125.3,120.58,0.039118,124568,1172.2,85.94,0.057904,95823,1097.3,228.66,0.126599,107404,915.7,1.72,0.000415,88718,1009.7,35.15,0.007277,88105,1046.3,184.68,0.05935,86390,1040.7,237.19,0.068315,84990,988.6,326.65,0.097437,109334,1149.4,71.02,0.028304,105212,1125.3,120.58,0.039118,124568,1172.2,85.94,0.057904,95823,1097.3,228.66,0.126599
318,318.05,0.0058897,151092,1081.5,93.36,0.026828,103256,1062.3,-16.14,-0.003698,86298,1041.1,181.61,0.05745,84825,1036.7,233.87,0.066395,84366,986.0,326.63,0.096969,107713,1145.3,74.17,0.029227,103729,1122.4,122.68,0.039338,123653,1171.0,91.69,0.061388,95700,1098.7,226.65,0.125175,106338,913.6,1.94,0.000464,86993,1004.9,33.33,0.006798,86298,1041.1,181.61,0.05745,84825,1036.7,233.87,0.066395,84366,986.0,326.63,0.096969,107713,1145.3,74.17,0.029227,103729,1122.4,122.68,0.039338,123653,1171.0,91.69,0.061388,95700,1098.7,226.65,0.125175
319,319.08,0.0059088,151713,1076.4,97.82,0.028362,100782,1056.5,-23.59,-0.005304,84452,1035.6,178.63,0.055591,83163,1032.3,229.65,0.064193,83768,983.9,326.39,0.096417,106115,1141.1,77.82,0.030317,102304,1119.6,124.27,0.039398,121529,1167.1,98.72,0.065177,95578,1100.1,224.33,0.123575,105104,911.1,2.12,0.000504,85257,1000.1,31.33,0.006293,84452,1035.6,178.63,0.055591,83163,1032.3,229.65,0.064193,83768,983.9,326.39,0.096417,106115,1141.1,77.82,0.030317,102304,1119.6,124.27,0.039398,121529,1167.1,98.72,0.065177,95578,1100.1,224.33,0.123575
320,320.04,0.0059268,151711,1071.8,100.22,0.029179,99514,1053.4,-26.05,-0.005799,82839,1030.7,176.27,0.054065,81678,1028.1,225.28,0.062094,83280,982.5,325.91,0.09585,104796,1137.5,81.55,0.031476,101199,1117.7,125.05,0.039285,118922,1162.0,106.69,0.069231,95477,1101.4,221.88,0.121952,103884,908.7,2.25,0.000529,83778,995.9,29.77,0.005902,82839,1030.7,176.27,0.054065,81678,1028.1,225.28,0.062094,83280,982.5,325.91,0.09585,104796,1137.5,81.55,0.031476,101199,1117.7,125.05,0.039285,118922,1162.0,106.69,0.069231,95477,1101.4,221.88,0.121952
321,321.08,0.0059459,151188,1067.5,101.44,0.029552,99270,1052.9,-24.6,-0.005465,81308,1025.9,174.45,0.052763,80249,1024.2,220.15,0.059851,82821,981.5,324.82,0.095102,103626,1134.2,85.93,0.032894,100286,1116.3,125.06,0.038981,115990,1156.2,115.89,0.073715,95369,1102.7,218.9,0.120031,102555,906.0,2.32,0.000541,82353,991.7,28.68,0.005612,81308,1025.9,174.45,0.052763,80249,1024.2,220.15,0.059851,82821,981.5,324.82,0.095102,103626,1134.2,85.93,0.032894,100286,1116.3,125.06,0.038981,115990,1156.2,115.89,0.073715,95369,1102.7,218.9,0.120031
322,322.04,0.0059638,150378,1063.9,101.3,0.029451,101124,1057.4,-12.75,-0.002874,80163,1022.2,173.95,0.052059,79178,1021.2,214.59,0.057726,82502,981.1,323.55,0.094397,102772,1131.6,90.36,0.034386,99664,1115.6,124.62,0.038629,113309,1150.8,124.26,0.077573,95261,1103.9,215.82,0.118078,101320,903.4,2.32,0.000535,81215,988.4,28.62,0.005541,80163,1022.2,173.95,0.052059,79178,1021.2,214.59,0.057726,82502,981.1,323.55,0.094397,102772,1131.6,90.36,0.034386,99664,1115.6,124.62,0.038629,113309,1150.8,124.26,0.077573,95261,1103.9,215.82,0.118078
323,323.08,0.0059829,149270,1060.5,100.45,0.029086,109737,1077.7,29.42,0.007058,79326,1019.4,175.11,0.052004,78513,1019.4,207.28,0.055393,82288,981.8,321.52,0.093495,102123,1129.3,95.11,0.036033,99301,1115.7,124.09,0.038319,110551,1145.1,132.42,0.081054,95139,1105.1,212.34,0.115907,100055,900.8,2.25,0.000513,80637,986.6,32.69,0.006295,79326,1019.4,175.11,0.052004,78513,1019.4,207.28,0.055393,82288,981.8,321.52,0.093495,102123,1129.3,95.11,0.036033,99301,1115.7,124.09,0.038319,110551,1145.1,132.42,0.081054,95139,1105.1,212.34,0.115907
324,324.04,0.0060008,148062,1057.3,99.44,0.028645,119758,1099.6,74.55,0.019132,78853,1017.6,177.43,0.052469,78354,1018.9,199.77,0.053301,82190,982.7,318.21,0.092337,101727,1127.7,99.08,0.037447,99268,1116.7,123.02,0.037944,108044,1139.9,139.27,0.083693,95014,1106.1,208.98,0.113825,98941,898.5,2.13,0.000483,80699,986.6,41.1,0.007923,78853,1017.6,177.43,0.052469,78354,1018.9,199.77,0.053301,82190,982.7,318.21,0.092337,101727,1127.7,99.08,0.037447,99268,1116.7,123.02,0.037944,108044,1139.9,139.27,0.083693,95014,1106.1,208.98,0.113825
325,325.08,0.0060199,146711,1053.8,98.16,0.02811,126691,1113.8,105.19,0.028194,78593,1016.5,179.98,0.053106,78926,1020.6,190.67,0.05116,83231,987.1,308.72,0.090314,101453,1126.1,102.43,0.038664,99652,1118.7,121.49,0.037548,105452,1134.4,145.77,0.085918,94875,1106.9,205.33,0.111579,97843,896.2,1.99,0.000446,82162,990.4,58.27,0.01139,78593,1016.5,179.98,0.053106,78926,1020.6,190.67,0.05116,83231,987.1,308.72,0.090314,101453,1126.1,102.43,0.038664,99652,1118.7,121.49,0.037548,105452,1134.4,145.77,0.085918,94875,1106.9,205.33,0.111579
326,326.04,0.0060378,145355,1050.5,96.95,0.027595,130505,1121.2,123.27,0.03381,78464,1015.8,179.98,0.053058,80003,1023.7,182.99,0.049619,86987,998.7,284.25,0.085903,101278,1124.8,104.42,0.039393,100484,1121.6,119.31,0.037084,103105,1129.2,151.21,0.087534,94749,1107.7,201.83,0.109463,96896,894.2,1.85,0.000413,84343,996.0,79.31,0.015826,78464,1015.8,179.98,0.053058,80003,1023.7,182.99,0.049619,86987,998.7,284.25,0.085903,101278,1124.8,104.42,0.039393,100484,1121.6,119.31,0.037084,103105,1129.2,151.21,0.087534,94749,1107.7,201.83,0.109463
327,327.08,0.006057,143832,1046.9,95.73,0.027056,133027,1125.8,137.3,0.038227,78276,1014.9,176.53,0.051959,81117,1026.9,177.01,0.048516,93840,1018.0,244.21,0.078109,101137,1123.4,105.16,0.039665,101559,1125.4,116.24,0.036396,100700,1123.8,156.39,0.088854,94620,1108.3,197.93,0.107135,95959,892.2,1.74,0.000384,85637,999.0,96.34,0.01946,78276,1014.9,176.53,0.051959,81117,1026.9,177.01,0.048516,93840,1018.0,244.21,0.078109,101137,1123.4,105.16,0.039665,101559,1125.4,116.24,0.036396,100700,1123.8,156.39,0.088854,94620,1108.3,197.93,0.107135
328,328.04,0.0060749,142343,1043.4,94.57,0.026539,133788,1127.0,145.09,0.040584,78192,1014.5,171.63,0.050483,81725,1028.5,173.1,0.047719,99652,1033.6,210.66,0.07047,101069,1122.2,104.54,0.039449,102597,1128.8,113.09,0.035664,98549,1118.7,160.78,0.089797,94482,1108.7,193.9,0.104763,95125,890.4,1.67,0.000368,85966,999.3,107.33,0.021755,78192,1014.5,171.63,0.050483,81725,1028.5,173.1,0.047719,99652,1033.6,210.66,0.07047,101069,1122.2,104.54,0.039449,102597,1128.8,113.09,0.035664,98549,1118.7,160.78,0.089797,94482,1108.7,193.9,0.104763
329,329.08,0.006094,140672,1039.6,93.26,0.025957,132947,1124.8,148.0,0.041219,78723,1016.0,166.18,0.04914,81722,1028.4,169.74,0.0468,103194,1043.3,188.03,0.064528,101126,1121.1,102.53,0.038748,103689,1132.4,109.45,0.03477,96381,1113.4,165.02,0.090565,94272,1108.9,188.97,0.101863,94241,888.5,1.69,0.000368,85687,998.0,115.94,0.023456,78723,1016.0,166.18,0.04914,81722,1028.4,169.74,0.0468,103194,1043.3,188.03,0.064528,101126,1121.1,102.53,0.038748,103689,1132.4,109.45,0.03477,96381,1113.4,165.02,0.090565,94272,1108.9,188.97,0.101863
330,330.05,0.006112,139026,1035.9,91.93,0.025381,130790,1120.0,146.49,0.040307,79752,1018.7,160.8,0.048045,81303,1026.9,166.79,0.045816,104510,1047.6,175.32,0.060686,101349,1120.6,100.22,0.037976,104584,1135.4,105.24,0.033633,94482,1108.6,168.59,0.0911,93975,1108.6,183.48,0.098615,93380,886.6,1.77,0.000384,85081,995.8,121.8,0.024522,79752,1018.7,160.8,0.048045,81303,1026.9,166.79,0.045816,104510,1047.6,175.32,0.060686,101349,1120.6,100.22,0.037976,104584,1135.4,105.24,0.033633,94482,1108.6,168.59,0.0911,93975,1108.6,183.48,0.098615
331,331.08,0.0061311,137190,1031.8,90.42,0.024731,128031,1114.1,144.19,0.039044,80840,1021.5,155.29,0.046901,80798,1025.1,165.53,0.045269,104753,1049.3,166.36,0.057624,101846,1120.8,97.09,0.036964,105415,1138.1,100.18,0.032194,92607,1103.6,171.96,0.091483,93597,1107.9,177.13,0.094874,92397,884.4,1.92,0.000413,84295,993.0,126.78,0.02536,80840,1021.5,155.29,0.046901,80798,1025.1,165.53,0.045269,104753,1049.3,166.36,0.057624,101846,1120.8,97.09,0.036964,105415,1138.1,100.18,0.032194,92607,1103.6,171.96,0.091483,93597,1107.9,177.13,0.094874
332,332.05,0.0061491,135403,1027.7,88.86,0.024082,126168,1109.9,145.83,0.039061,81304,1022.7,150.67,0.045711,80498,1023.9,167.07,0.045575,104459,1049.6,159.65,0.055126,102559,1121.5,93.69,0.035896,106085,1140.3,95.24,0.03074,90991,1099.1,174.65,0.091668,93383,1107.7,171.84,0.091854,91397,882.2,2.11,0.000449,83486,990.3,130.65,0.025954,81304,1022.7,150.67,0.045711,80498,1023.9,167.07,0.045575,104459,1049.6,159.65,0.055126,102559,1121.5,93.69,0.035896,106085,1140.3,95.24,0.03074,90991,1099.1,174.65,0.091668,93383,1107.7,171.84,0.091854
333,333.09,0.0061682,133444,1023.3,86.99,0.023335,125447,1107.9,154.0,0.041089,81069,1022.0,145.08,0.043923,80205,1022.6,170.09,0.046285,103732,1049.0,153.26,0.052585,103490,1122.6,89.88,0.034713,106720,1142.4,90.23,0.029247,89436,1094.6,176.91,0.09165,93642,1108.3,168.71,0.090374,90230,879.6,2.34,0.000493,82596,987.3,133.79,0.026375,81069,1022.0,145.08,0.043923,80205,1022.6,170.09,0.046285,103732,1049.0,153.26,0.052585,103490,1122.6,89.88,0.034713,106720,1142.4,90.23,0.029247,89436,1094.6,176.91,0.09165,93642,1108.3,168.71,0.090374
334,334.06,0.0061862,131567,1019.0,85.0,0.022575,125403,1107.3,165.54,0.044178,80155,1019.2,138.99,0.041716,79730,1020.9,172.09,0.046634,102739,1047.6,148.23,0.050441,104391,1123.8,86.23,0.03356,107286,1144.1,86.18,0.028039,88170,1090.6,178.31,0.091393,94629,1110.8,169.36,0.091476,89043,876.9,2.55,0.000533,81826,984.6,135.38,0.02651,80155,1019.2,138.99,0.041716,79730,1020.9,172.09,0.046634,102739,1047.6,148.23,0.050441,104391,1123.8,86.23,0.03356,107286,1144.1,86.18,0.028039,88170,1090.6,178.31,0.091393,94629,1110.8,169.36,0.091476
335,335.09,0.0062054,129481,1014.2,82.46,0.021655,125043,1105.8,177.9,0.047402,78616,1014.5,131.77,0.038969,78876,1017.9,172.09,0.046266,101418,1045.3,143.6,0.048342,105287,1124.8,82.17,0.032225,107904,1145.9,82.66,0.027007,87052,1086.9,178.96,0.090879,96788,1116.4,175.13,0.096264,87699,873.8,2.74,0.000567,81212,982.5,135.05,0.026303,78616,1014.5,131.77,0.038969,78876,1017.9,172.09,0.046266,101418,1045.3,143.6,0.048342,105287,1124.8,82.17,0.032225,107904,1145.9,82.66,0.027007,87052,1086.9,178.96,0.090879,96788,1116.4,175.13,0.096264
336,336.06,0.0062234,127495,1009.7,79.83,0.020736,123911,1102.6,187.34,0.049607,76951,1009.4,125.48,0.036507,77717,1014.2,169.92,0.045176,99970,1042.6,139.9,0.046543,105929,1125.3,77.81,0.030686,108523,1147.7,79.83,0.026191,86217,1083.8,178.94,0.090249,99304,1122.8,182.12,0.102124,86397,870.8,2.86,0.000585,80847,981.1,133.06,0.025837,76951,1009.4,125.48,0.036507,77717,1014.2,169.92,0.045176,99970,1042.6,139.9,0.046543,105929,1125.3,77.81,0.030686,108523,1147.7,79.83,0.026191,86217,1083.8,178.94,0.090249,99304,1122.8,182.12,0.102124
337,337.1,0.0062425,125380,1004.7,76.82,0.019719,121989,1097.6,195.15,0.051107,75339,1004.4,120.81,0.034585,76126,1009.1,165.05,0.043202,98270,1039.2,136.73,0.044858,106342,1125.3,72.57,0.028733,109271,1149.6,76.67,0.025285,85519,1080.9,178.28,0.089427,101219,1127.1,184.6,0.105108,85000,867.5,2.92,0.000589,80639,980.2,129.04,0.025014,75339,1004.4,120.81,0.034585,76126,1009.1,165.05,0.043202,98270,1039.2,136.73,0.044858,106342,1125.3,72.57,0.028733,109271,1149.6,76.67,0.025285,85519,1080.9,178.28,0.089427,101219,1127.1,184.6,0.105108
338,338.07,0.0062605,123419,1000.0,73.79,0.018734,119885,1092.1,201.11,0.05202,74553,1001.8,121.33,0.034461,74472,1003.7,159.22,0.04099,96584,1035.7,134.37,0.043475,106478,1124.8,67.26,0.026678,110072,1151.7,72.88,0.024168,85109,1079.2,177.11,0.088558,102379,1129.3,183.32,0.105367,83712,864.5,2.91,0.00058,80587,979.8,123.96,0.024026,74553,1001.8,121.33,0.034461,74472,1003.7,159.22,0.04099,96584,1035.7,134.37,0.043475,106478,1124.8,67.26,0.026678,110072,1151.7,72.88,0.024168,85109,1079.2,177.11,0.088558,102379,1129.3,183.32,0.105367
339,339.04,0.0062785,121495,995.3,70.56,0.017719,117729,1086.3,206.08,0.052628,76336,1007.1,137.14,0.03967,72902,998.5,153.75,0.038948,94879,1032.0,132.41,0.042236,106411,1123.9,61.65,0.024457,110866,1153.6,67.95,0.022657,84888,1077.3,174.45,0.087151,102877,1129.7,180.68,0.104318,82470,861.5,2.85,0.00056,80643,979.7,118.21,0.022929,76336,1007.1,137.14,0.03967,72902,998.5,153.75,0.038948,94879,1032.0,132.41,0.042236,106411,1123.9,61.65,0.024457,110866,1153.6,67.95,0.022657,84888,1077.3,174.45,0.087151,102877,1129.7,180.68,0.104318
340,340.07,0.0062977,119501,990.1,66.86,0.0166,115494,1080.1,210.38,0.053008,81793,1023.1,173.12,0.05282,71603,994.2,150.16,0.037523,93117,1028.2,130.85,0.041118,106172,1122.6,55.42,0.021962,111483,1155.1,62.1,0.020796,84789,1075.6,171.1,0.085513,102679,1128.2,179.31,0.103471,81214,858.5,2.73,0.000532,80693,979.6,111.96,0.021731,81793,1023.1,173.12,0.05282,71603,994.2,150.16,0.037523,93117,1028.2,130.85,0.041118,106172,1122.6,55.42,0.021962,111483,1155.1,62.1,0.020796,84789,1075.6,171.1,0.085513,102679,1128.2,179.31,0.103471
341,341.05,0.0063157,118085,985.8,64.39,0.015866,113504,1074.4,213.56,0.053164,87478,1039.0,205.12,0.065908,71902,995.0,157.19,0.039411,91595,1024.7,129.89,0.040286,105910,1121.3,49.2,0.019472,111552,1155.3,57.22,0.019171,84808,1074.3,167.75,0.083964,101938,1124.4,179.28,0.103049,80109,855.8,2.6,0.000501,80780,979.6,105.83,0.020563,87478,1039.0,205.12,0.065908,71902,995.0,157.19,0.039411,91595,1024.7,129.89,0.040286,105910,1121.3,49.2,0.019472,111552,1155.3,57.22,0.019171,84808,1074.3,167.75,0.083964,101938,1124.4,179.28,0.103049
342,342.08,0.0063348,118256,982.1,66.81,0.016549,111505,1068.4,216.18,0.053163,90876,1047.9,220.94,0.073122,76282,1008.5,190.13,0.049896,90203,1021.5,129.62,0.039713,105744,1120.4,41.77,0.016517,111044,1154.0,52.84,0.01764,84826,1072.9,164.55,0.082485,100403,1118.7,183.45,0.104394,79003,853.0,2.48,0.000472,80970,980.0,98.86,0.019247,90876,1047.9,220.94,0.073122,76282,1008.5,190.13,0.049896,90203,1021.5,129.62,0.039713,105744,1120.4,41.77,0.016517,111044,1154.0,52.84,0.01764,84826,1072.9,164.55,0.082485,100403,1118.7,183.45,0.104394
343,343.05,0.0063528,117218,976.5,65.51,0.016175,109743,1063.0,218.03,0.053039,91767,1049.9,226.87,0.075683,82159,1025.8,230.11,0.063942,89203,1019.4,130.62,0.039657,105646,1119.7,34.17,0.013507,110121,1151.7,50.19,0.01665,84796,1071.5,162.33,0.081451,98581,1112.0,188.92,0.106193,78015,850.5,2.4,0.000453,81128,980.3,92.66,0.018069,91767,1049.9,226.87,0.075683,82159,1025.8,230.11,0.063942,89203,1019.4,130.62,0.039657,105646,1119.7,34.17,0.013507,110121,1151.7,50.19,0.01665,84796,1071.5,162.33,0.081451,98581,1112.0,188.92,0.106193
344,344.09,0.006372,115014,969.1,59.62,0.014554,107956,1057.4,219.46,0.052798,91944,1049.5,228.54,0.076408,85806,1036.0,255.54,0.073435,88437,1017.8,132.96,0.040084,105411,1118.8,26.3,0.010383,108612,1148.0,48.81,0.016024,84723,1069.7,161.2,0.080948,96889,1105.0,192.79,0.107181,76986,847.9,2.38,0.000445,81135,980.2,87.19,0.017006,91944,1049.5,228.54,0.076408,85806,1036.0,255.54,0.073435,88437,1017.8,132.96,0.040084,105411,1118.8,26.3,0.010383,108612,1148.0,48.81,0.016024,84723,1069.7,161.2,0.080948,96889,1105.0,192.79,0.107181
345,345.06,0.0063901,112225,962.1,49.77,0.011943,106318,1052.2,220.45,0.052489,91580,1047.5,229.23,0.076486,87014,1039.2,266.3,0.077366,87890,1016.8,135.87,0.04075,104918,1117.3,19.92,0.007836,106738,1143.2,48.71,0.01578,84585,1067.6,161.03,0.08089,95764,1099.2,193.59,0.106933,76018,845.5,2.42,0.000448,80926,979.5,84.15,0.016382,91580,1047.5,229.23,0.076486,87014,1039.2,266.3,0.077366,87890,1016.8,135.87,0.04075,104918,1117.3,19.92,0.007836,106738,1143.2,48.71,0.01578,84585,1067.6,161.03,0.08089,95764,1099.2,193.59,0.106933
346,346.04,0.0064081,108895,954.2,37.8,0.008872,104650,1046.9,221.32,0.05213,91201,1045.1,230.14,0.076648,87119,1039.3,270.84,0.078768,87289,1015.5,138.41,0.041278,104071,1115.1,14.87,0.005814,104455,1137.4,50.91,0.016221,84514,1065.5,161.99,0.081467,94968,1094.1,192.46,0.105913,75030,842.9,2.51,0.000459,80298,977.7,83.06,0.016075,91201,1045.1,230.14,0.076648,87119,1039.3,270.84,0.078768,87289,1015.5,138.41,0.041278,104071,1115.1,14.87,0.005814,104455,1137.4,50.91,0.016221,84514,1065.5,161.99,0.081467,94968,1094.1,192.46,0.105913
347,347.07,0.0064273,106194,947.7,28.7,0.006616,102758,1041.0,222.5,0.05175,91040,1043.0,232.59,0.077482,86539,1037.6,271.94,0.078694,86436,1013.6,140.04,0.041434,102743,1111.7,11.23,0.004347,101692,1130.2,54.77,0.017098,84538,1063.2,163.8,0.082577,94408,1089.2,189.29,0.104019,73933,840.1,2.65,0.00048,79340,974.8,84.0,0.016109,91040,1043.0,232.59,0.077482,86539,1037.6,271.94,0.078694,86436,1013.6,140.04,0.041434,102743,1111.7,11.23,0.004347,101692,1130.2,54.77,0.017098,84538,1063.2,163.8,0.082577,94408,1089.2,189.29,0.104019
348,348.05,0.0064453,105921,945.9,26.4,0.00608,100818,1035.2,224.18,0.051449,91176,1041.6,236.3,0.078943,86056,1036.0,273.22,0.078742,85514,1011.5,141.01,0.041364,101122,1107.5,9.48,0.003626,99002,1123.1,58.97,0.018036,84678,1061.2,165.82,0.08389,94065,1084.7,185.17,0.101809,72850,837.2,2.83,0.000506,78262,971.6,86.12,0.016346,91176,1041.6,236.3,0.078943,86056,1036.0,273.22,0.078742,85514,1011.5,141.01,0.041364,101122,1107.5,9.48,0.003626,99002,1123.1,58.97,0.018036,84678,1061.2,165.82,0.08389,94065,1084.7,185.17,0.101809
349,349.09,0.0064646,105604,943.6,24.87,0.005725,98550,1028.4,226.73,0.051196,91444,1040.3,240.72,0.080754,85798,1035.0,276.01,0.079385,84602,1009.3,142.48,0.041436,99143,1102.4,9.1,0.00343,96155,1115.3,63.48,0.018987,84928,1059.1,167.96,0.085393,93770,1080.1,180.16,0.09917,71635,834.0,3.02,0.000534,77415,969.1,86.5,0.016282,91444,1040.3,240.72,0.080754,85798,1035.0,276.01,0.079385,84602,1009.3,142.48,0.041436,99143,1102.4,9.1,0.00343,96155,1115.3,63.48,0.018987,84928,1059.1,167.96,0.085393,93770,1080.1,180.16,0.09917
350,350.06,0.0064826,105132,940.9,25.89,0.005952,96273,1021.7,229.61,0.050982,91432,1038.3,243.36,0.081786,85823,1034.6,280.08,0.08061,83958,1007.9,144.9,0.04188,97107,1097.0,10.84,0.004022,93576,1108.1,67.41,0.019752,85176,1056.9,169.43,0.08657,93562,1076.0,175.28,0.09664,70452,830.8,3.18,0.000554,77179,968.3,83.62,0.015705,91432,1038.3,243.36,0.081786,85823,1034.6,280.08,0.08061,83958,1007.9,144.9,0.04188,97107,1097.0,10.84,0.004022,93576,1108.1,67.41,0.019752,85176,1056.9,169.43,0.08657,93562,1076.0,175.28,0.09664
351,351.04,0.0065007,104616,937.9,27.39,0.006285,93939,1014.8,232.6,0.050733,90948,1035.2,243.71,0.081719,85994,1034.4,284.9,0.08218,83496,1006.9,148.06,0.042598,94940,1091.2,14.63,0.005334,91101,1101.0,70.92,0.020361,85393,1054.5,170.22,0.087398,93433,1072.2,170.15,0.094012,69242,827.5,3.3,0.000568,77851,970.2,74.2,0.01403,90948,1035.2,243.71,0.081719,85994,1034.4,284.9,0.08218,83496,1006.9,148.06,0.042598,94940,1091.2,14.63,0.005334,91101,1101.0,70.92,0.020361,85393,1054.5,170.22,0.087398,93433,1072.2,170.15,0.094012
352,352.08,0.00652,104902,935.9,31.75,0.007319,91494,1007.6,235.51,0.050391,90374,1031.8,244.07,0.081587,85965,1033.2,288.75,0.083359,83024,1006.0,150.8,0.043181,92626,1084.8,19.61,0.007013,88597,1093.6,74.42,0.020918,85558,1051.6,170.29,0.087849,93363,1068.5,164.41,0.091087,67933,823.8,3.41,0.000578,80283,977.1,54.19,0.010492,90374,1031.8,244.07,0.081587,85965,1033.2,288.75,0.083359,83024,1006.0,150.8,0.043181,92626,1084.8,19.61,0.007013,88597,1093.6,74.42,0.020918,85558,1051.6,170.29,0.087849,93363,1068.5,164.41,0.091087
353,353.06,0.0065381,104277,931.7,33.58,0.007731,89290,1001.1,237.66,0.049952,90007,1029.3,245.4,0.0819,85491,1030.5,289.87,0.083437,82414,1004.7,151.34,0.043074,90532,1078.9,24.43,0.008587,86432,1087.1,77.82,0.02147,85644,1048.5,169.71,0.087892,93356,1065.4,158.9,0.088281,66693,820.3,3.5,0.000586,82114,982.1,37.92,0.00747,90007,1029.3,245.4,0.0819,85491,1030.5,289.87,0.083437,82414,1004.7,151.34,0.043074,90532,1078.9,24.43,0.008587,86432,1087.1,77.82,0.02147,85644,1048.5,169.71,0.087892,93356,1065.4,158.9,0.088281
354,354.04,0.0065562,102745,925.2,33.31,0.00761,87142,994.6,238.93,0.049327,89506,1026.6,246.02,0.081861,84854,1027.1,290.53,0.083276,81628,1002.8,149.46,0.042212,88546,1073.2,29.19,0.010089,84479,1081.0,81.49,0.022097,85674,1045.2,168.62,0.08763,93394,1062.7,153.31,0.085428,65444,816.8,3.58,0.00059,82604,983.4,28.99,0.005738,89506,1026.6,246.02,0.081861,84854,1027.1,290.53,0.083276,81628,1002.8,149.46,0.042212,88546,1073.2,29.19,0.010089,84479,1081.0,81.49,0.022097,85674,1045.2,168.62,0.08763,93394,1062.7,153.31,0.085428
355,355.08,0.0065756,100731,917.2,31.82,0.007189,84915,987.9,239.51,0.048511,88733,1023.5,245.49,0.081224,84267,1023.5,292.71,0.083613,80702,1000.6,145.33,0.04067,86509,1067.2,33.92,0.011519,82603,1075.0,85.49,0.022792,85693,1041.7,167.17,0.087192,93480,1060.2,147.39,0.08239,64149,813.0,3.53,0.000572,82445,983.0,23.85,0.004713,88733,1023.5,245.49,0.081224,84267,1023.5,292.71,0.083613,80702,1000.6,145.33,0.04067,86509,1067.2,33.92,0.011519,82603,1075.0,85.49,0.022792,85693,1041.7,167.17,0.087192,93480,1060.2,147.39,0.08239
356,356.06,0.0065937,98690,909.0,30.09,0.00672,83002,982.1,240.35,0.047866,88013,1020.9,245.03,0.080618,83650,1019.8,294.64,0.083851,79649,997.9,139.17,0.038541,84636,1061.5,37.83,0.012637,80984,1069.6,89.17,0.023425,85725,1038.5,165.67,0.086708,93600,1058.3,141.97,0.079616,63014,809.7,3.35,0.000536,81887,981.4,20.47,0.004025,88013,1020.9,245.03,0.080618,83650,1019.8,294.64,0.083851,79649,997.9,139.17,0.038541,84636,1061.5,37.83,0.012637,80984,1069.6,89.17,0.023425,85725,1038.5,165.67,0.086708,93600,1058.3,141.97,0.079616
357,357.04,0.0066119,96524,900.1,28.41,0.006268,81385,977.0,242.65,0.047628,87299,1018.6,244.67,0.080027,82960,1015.9,294.38,0.08341,78421,994.7,130.62,0.035732,82793,1055.9,41.23,0.013545,79462,1064.5,92.76,0.024025,85774,1035.4,164.01,0.086143,93753,1056.5,136.77,0.076948,61986,806.6,3.07,0.000486,81474,980.2,16.5,0.003231,87299,1018.6,244.67,0.080027,82960,1015.9,294.38,0.08341,78421,994.7,130.62,0.035732,82793,1055.9,41.23,0.013545,79462,1064.5,92.76,0.024025,85774,1035.4,164.01,0.086143,93753,1056.5,136.77,0.076948
358,358.09,0.0066313,94092,890.0,26.75,0.005818,79938,972.4,246.99,0.047843,86464,1016.1,244.35,0.079351,82529,1013.2,292.69,0.082718,77555,992.5,122.28,0.033153,80892,1049.9,44.4,0.014334,77918,1059.2,96.29,0.024577,85820,1032.2,161.9,0.085349,93942,1054.9,131.46,0.074226,61068,803.8,2.56,0.000399,81381,980.0,10.22,0.002,86464,1016.1,244.35,0.079351,82529,1013.2,292.69,0.082718,77555,992.5,122.28,0.033153,80892,1049.9,44.4,0.014334,77918,1059.2,96.29,0.024577,85820,1032.2,161.9,0.085349,93942,1054.9,131.46,0.074226
359,359.07,0.0066495,91711,880.0,25.3,0.005425,78519,968.0,251.33,0.048039,85618,1013.8,244.54,0.078818,82408,1010.6,287.85,0.081444,77873,993.8,119.76,0.032561,79200,1044.5,47.14,0.014975,76492,1054.1,99.18,0.024971,85832,1029.2,159.49,0.084334,94133,1053.5,126.7,0.071775,60493,802.1,1.68,0.00026,81681,980.8,2.2,0.000433,85618,1013.8,244.54,0.078818,82408,1010.6,287.85,0.081444,77873,993.8,119.76,0.032561,79200,1044.5,47.14,0.014975,76492,1054.1,99.18,0.024971,85832,1029.2,159.49,0.084334,94133,1053.5,126.7,0.071775
360,360.06,0.0066677,89258,869.6,23.93,0.005053,76679,962.3,253.96,0.047685,84746,1011.4,245.16,0.078394,84740,1015.6,270.95,0.078441,81057,1003.3,132.07,0.037019,77625,1039.3,49.86,0.015602,75058,1049.0,101.64,0.025233,85785,1026.2,156.48,0.08294,94328,1052.3,122.12,0.069407,60328,801.6,0.38,5.9e-05,82271,982.4,-7.23,-0.001426,84746,1011.4,245.16,0.078394,84740,1015.6,270.95,0.078441,81057,1003.3,132.07,0.037019,77625,1039.3,49.86,0.015602,75058,1049.0,101.64,0.025233,85785,1026.2,156.48,0.08294,94328,1052.3,122.12,0.069407
361,361.04,0.006686,86784,858.9,22.54,0.004684,74340,955.1,254.34,0.04665,83857,1009.1,245.28,0.07779,91570,1033.3,228.21,0.07017,89930,1028.2,175.36,0.053213,76203,1034.6,52.84,0.016308,73630,1043.8,103.72,0.025386,85657,1023.4,152.77,0.081073,94521,1051.2,117.75,0.067132,60590,802.4,-0.95,-0.000148,82702,983.6,-15.55,-0.00308,83857,1009.1,245.28,0.07779,91570,1033.3,228.21,0.07017,89930,1028.2,175.36,0.053213,76203,1034.6,52.84,0.016308,73630,1043.8,103.72,0.025386,85657,1023.4,152.77,0.081073,94521,1051.2,117.75,0.067132
362,362.1,0.0067055,84175,847.5,21.03,0.004297,71513,946.2,253.29,0.045107,83043,1007.1,243.81,0.076722,99344,1051.9,184.61,0.060492,96180,1045.0,200.49,0.064023,74873,1030.0,56.5,0.017208,72145,1038.2,105.69,0.025483,85431,1020.7,147.92,0.078496,94721,1050.2,113.37,0.064835,61365,804.7,-2.41,-0.000378,82897,984.2,-22.65,-0.004495,83043,1007.1,243.81,0.076722,99344,1051.9,184.61,0.060492,96180,1045.0,200.49,0.064023,74873,1030.0,56.5,0.017208,72145,1038.2,105.69,0.025483,85431,1020.7,147.92,0.078496,94721,1050.2,113.37,0.064835
363,363.08,0.0067238,81789,836.8,19.6,0.003941,68877,937.8,252.52,0.043701,82628,1006.3,238.23,0.074651,102618,1059.1,164.56,0.055323,98255,1050.6,204.59,0.066384,73764,1026.2,60.22,0.018137,70825,1033.2,107.54,0.025579,85112,1018.0,142.63,0.075608,94902,1049.3,109.57,0.062834,62505,808.2,-3.58,-0.000569,82943,984.3,-28.2,-0.005599,82628,1006.3,238.23,0.074651,102618,1059.1,164.56,0.055323,98255,1050.6,204.59,0.066384,73764,1026.2,60.22,0.018137,70825,1033.2,107.54,0.025579,85112,1018.0,142.63,0.075608,94902,1049.3,109.57,0.062834
364,364.07,0.0067421,79498,826.5,18.13,0.003588,66551,930.2,253.03,0.042657,83954,1010.5,228.67,0.072505,103001,1059.5,155.47,0.052441,99000,1053.1,202.33,0.065992,72711,1022.4,63.84,0.019023,69619,1028.4,109.65,0.025754,84754,1015.2,136.87,0.072448,95082,1048.5,106.11,0.061013,63956,812.5,-4.39,-0.00071,82771,983.9,-32.5,-0.006443,83954,1010.5,228.67,0.072505,103001,1059.5,155.47,0.052441,99000,1053.1,202.33,0.065992,72711,1022.4,63.84,0.019023,69619,1028.4,109.65,0.025754,84754,1015.2,136.87,0.072448,95082,1048.5,106.11,0.061013
365,365.06,0.0067604,77345,816.5,16.59,0.003233,64744,924.1,254.9,0.042081,86619,1018.6,203.55,0.066057,102731,1058.5,152.3,0.051286,99408,1054.8,198.92,0.065044,71657,1018.7,67.07,0.019767,68568,1024.2,112.16,0.026054,84379,1012.5,130.8,0.069108,95277,1047.8,103.06,0.059416,65508,817.0,-4.48,-0.000739,82395,982.9,-35.59,-0.007029,86619,1018.6,203.55,0.066057,102731,1058.5,152.3,0.051286,99408,1054.8,198.92,0.065044,71657,1018.7,67.07,0.019767,68568,1024.2,112.16,0.026054,84379,1012.5,130.8,0.069108,95277,1047.8,103.06,0.059416
366,366.05,0.0067788,75354,807.1,15.03,0.002887,63504,919.8,258.01,0.041972,91814,1033.1,166.39,0.056437,101567,1055.6,149.5,0.049909,100103,1057.2,197.23,0.064796,70584,1014.8,69.84,0.020352,67682,1020.4,114.88,0.026439,84030,1010.2,124.27,0.065537,95512,1047.3,100.49,0.058102,66805,820.8,-3.52,-0.00059,81883,981.5,-37.91,-0.007452,91814,1033.1,166.39,0.056437,101567,1055.6,149.5,0.049909,100103,1057.2,197.23,0.064796,70584,1014.8,69.84,0.020352,67682,1020.4,114.88,0.026439,84030,1010.2,124.27,0.065537,95512,1047.3,100.49,0.058102
367,367.05,0.0067972,73526,798.3,13.5,0.002558,62835,917.4,261.03,0.042128,96332,1045.1,133.95,0.047123,100318,1052.6,147.89,0.048905,101104,1060.4,196.96,0.065155,69534,1011.0,72.46,0.020881,66928,1017.0,117.35,0.026794,83757,1008.3,117.09,0.061666,95825,1047.1,98.55,0.057178,67457,822.6,-1.58,-0.000267,81285,979.9,-39.81,-0.007781,96332,1045.1,133.95,0.047123,100318,1052.6,147.89,0.048905,101104,1060.4,196.96,0.065155,69534,1011.0,72.46,0.020881,66928,1017.0,117.35,0.026794,83757,1008.3,117.09,0.061666,95825,1047.1,98.55,0.057178
368,368.04,0.0068155,71858,790.2,12.03,0.002251,62712,916.7,262.38,0.042295,97698,1048.9,116.58,0.041441,98849,1049.0,146.21,0.047802,102164,1063.9,196.68,0.065531,68595,1007.5,75.51,0.021539,66263,1013.9,119.01,0.026984,83615,1007.0,108.95,0.057358,96247,1047.2,97.38,0.056742,67317,822.2,0.56,9.5e-05,80634,978.1,-41.53,-0.008067,97698,1048.9,116.58,0.041441,98849,1049.0,146.21,0.047802,102164,1063.9,196.68,0.065531,68595,1007.5,75.51,0.021539,66263,1013.9,119.01,0.026984,83615,1007.0,108.95,0.057358,96247,1047.2,97.38,0.056742
369,369.1,0.0068352,70240,782.2,10.57,0.001952,62814,917.0,262.0,0.042289,96656,1046.8,107.67,0.037942,97146,1044.8,143.88,0.046418,103030,1067.0,194.91,0.0653,67923,1004.8,80.44,0.022782,65673,1011.0,119.07,0.026836,83608,1006.1,99.52,0.052436,96808,1047.8,96.95,0.056789,66496,819.9,2.29,0.000382,79903,976.1,-43.32,-0.008356,96656,1046.8,107.67,0.037942,97146,1044.8,143.88,0.046418,103030,1067.0,194.91,0.0653,67923,1004.8,80.44,0.022782,65673,1011.0,119.07,0.026836,83608,1006.1,99.52,0.052436,96808,1047.8,96.95,0.056789
370,370.1,0.0068536,68846,775.4,9.35,0.001707,63032,917.6,257.44,0.041673,94993,1043.1,102.74,0.035709,95456,1040.5,140.84,0.044831,103486,1069.1,192.02,0.064488,68131,1005.2,89.97,0.025551,65224,1008.8,118.04,0.02648,83509,1005.2,91.07,0.047968,97383,1048.6,97.07,0.05716,65612,817.4,2.32,0.000383,79180,974.1,-44.95,-0.008609,94993,1043.1,102.74,0.035709,95456,1040.5,140.84,0.044831,103486,1069.1,192.02,0.064488,68131,1005.2,89.97,0.025551,65224,1008.8,118.04,0.02648,83509,1005.2,91.07,0.047968,97383,1048.6,97.07,0.05716
371,371.09,0.0068721,67528,769.0,8.33,0.001505,63785,919.9,245.04,0.040036,93218,1038.9,99.01,0.033904,93755,1036.2,137.44,0.043147,103726,1070.8,189.21,0.063594,69418,1009.1,105.39,0.030374,64965,1007.2,116.0,0.025959,83303,1004.1,83.41,0.043875,97929,1049.4,97.42,0.057642,65325,816.6,0.55,9.1e-05,78404,972.0,-46.39,-0.008817,93218,1038.9,99.01,0.033904,93755,1036.2,137.44,0.043147,103726,1070.8,189.21,0.063594,69418,1009.1,105.39,0.030374,64965,1007.2,116.0,0.025959,83303,1004.1,83.41,0.043875,97929,1049.4,97.42,0.057642
372,372.09,0.0068906,66226,762.8,7.59,0.001355,64946,923.6,227.47,0.037689,91610,1035.2,96.74,0.032674,92038,1031.8,133.69,0.041376,103791,1072.0,187.27,0.062908,71265,1014.8,121.9,0.035865,65080,1007.2,114.38,0.025643,82833,1002.3,77.08,0.040387,98374,1050.0,97.72,0.058048,66076,818.7,-2.76,-0.000459,77567,969.6,-47.55,-0.008964,91610,1035.2,96.74,0.032674,92038,1031.8,133.69,0.041376,103791,1072.0,187.27,0.062908,71265,1014.8,121.9,0.035865,65080,1007.2,114.38,0.025643,82833,1002.3,77.08,0.040387,98374,1050.0,97.72,0.058048
373,373.09,0.0069091,64892,756.7,7.1,0.001253,65863,926.4,210.47,0.035259,90128,1031.6,94.96,0.031663,90334,1027.4,129.76,0.039584,103680,1072.9,185.98,0.062359,72611,1018.8,132.21,0.039478,65980,1009.9,115.11,0.026092,82066,999.7,72.67,0.037822,98653,1050.3,97.92,0.058312,68876,826.6,-8.34,-0.001429,76683,967.1,-48.5,-0.009062,90128,1031.6,94.96,0.031663,90334,1027.4,129.76,0.039584,103680,1072.9,185.98,0.062359,72611,1018.8,132.21,0.039478,65980,1009.9,115.11,0.026092,82066,999.7,72.67,0.037822,98653,1050.3,97.92,0.058312
374,374.09,0.0069276,63496,750.5,6.83,0.001189,66191,927.3,196.48,0.033047,88825,1028.6,93.78,0.030906,88772,1023.4,126.34,0.038024,103279,1073.1,184.81,0.061713,72959,1019.7,134.37,0.040281,68069,1016.3,123.25,0.028643,81021,996.5,70.17,0.03617,98713,1050.2,98.07,0.05845,72865,837.6,-10.41,-0.001863,75773,964.5,-49.32,-0.00913,88825,1028.6,93.78,0.030906,88772,1023.4,126.34,0.038024,103279,1073.1,184.81,0.061713,72959,1019.7,134.37,0.040281,68069,1016.3,123.25,0.028643,81021,996.5,70.17,0.03617,98713,1050.2,98.07,0.05845
375,375.09,0.0069461,62028,744.1,6.7,0.001149,66063,926.7,185.52,0.031164,87421,1025.1,91.79,0.029873,87367,1019.8,123.59,0.036736,102634,1072.5,183.81,0.061027,72539,1018.2,131.82,0.039346,70818,1024.5,136.64,0.03277,79798,993.0,69.11,0.035212,98594,1049.6,98.37,0.058591,76206,846.3,-7.98,-0.001478,74848,961.8,-50.05,-0.009177,87421,1025.1,91.79,0.029873,87367,1019.8,123.59,0.036736,102634,1072.5,183.81,0.061027,72539,1018.2,131.82,0.039346,70818,1024.5,136.64,0.03277,79798,993.0,69.11,0.035212,98594,1049.6,98.37,0.058591
376,376.09,0.0069647,60494,737.6,6.66,0.001124,65701,925.3,175.97,0.029443,85986,1021.6,89.49,0.028749,86110,1016.6,121.52,0.035713,101785,1071.5,183.91,0.060618,71894,1016.0,127.36,0.037757,72821,1029.8,146.37,0.035913,78520,989.1,69.09,0.034774,98285,1048.6,99.05,0.058864,78272,851.6,-4.72,-0.000892,73911,959.1,-50.66,-0.0092,85986,1021.6,89.49,0.028749,86110,1016.6,121.52,0.035713,101785,1071.5,183.91,0.060618,71894,1016.0,127.36,0.037757,72821,1029.8,146.37,0.035913,78520,989.1,69.09,0.034774,98285,1048.6,99.05,0.058864
377,377.1,0.0069833,58918,730.9,6.64,0.001102,65196,923.4,167.08,0.027795,84591,1018.0,87.06,0.027607,84876,1013.5,119.55,0.034739,100729,1070.2,185.04,0.060429,72165,1016.8,126.11,0.037499,73542,1030.8,149.31,0.03696,77280,985.3,69.54,0.034579,97884,1047.4,99.92,0.059206,79507,854.7,-2.87,-0.000548,72964,956.3,-51.12,-0.009191,84591,1018.0,87.06,0.027607,84876,1013.5,119.55,0.034739,100729,1070.2,185.04,0.060429,72165,1016.8,126.11,0.037499,73542,1030.8,149.31,0.03696,77280,985.3,69.54,0.034579,97884,1047.4,99.92,0.059206
378,378.04,0.0070007,57441,724.6,6.58,0.001074,64618,921.3,159.25,0.026318,83283,1014.7,84.64,0.026513,83660,1010.3,117.33,0.03371,99651,1068.5,186.68,0.060405,74509,1024.4,137.49,0.0419,73407,1030.0,148.64,0.036754,76256,982.1,69.77,0.034345,97507,1046.3,100.67,0.059483,80545,857.3,-2.69,-0.000519,72064,953.7,-51.33,-0.009139,83283,1014.7,84.64,0.026513,83660,1010.3,117.33,0.03371,99651,1068.5,186.68,0.060405,74509,1024.4,137.49,0.0419,73407,1030.0,148.64,0.036754,76256,982.1,69.77,0.034345,97507,1046.3,100.67,0.059483
379,379.04,0.0070193,55893,717.9,6.44,0.001031,63927,918.8,151.13,0.024777,81975,1011.3,82.51,0.025526,82319,1006.8,114.76,0.032556,98446,1066.6,188.83,0.060469,79009,1038.7,158.56,0.050534,72680,1026.8,144.63,0.03552,75327,979.3,69.49,0.033893,97143,1045.3,101.17,0.059611,82103,861.1,-3.74,-0.000734,71066,950.7,-51.18,-0.009016,81975,1011.3,82.51,0.025526,82319,1006.8,114.76,0.032556,98446,1066.6,188.83,0.060469,79009,1038.7,158.56,0.050534,72680,1026.8,144.63,0.03552,75327,979.3,69.49,0.033893,97143,1045.3,101.17,0.059611
380,380.05,0.007038,54419,711.5,6.18,0.000973,63219,916.3,143.37,0.023309,80886,1008.4,81.49,0.024944,80962,1003.1,112.09,0.031388,97159,1064.5,191.03,0.060497,82838,1050.6,171.19,0.056557,72475,1025.3,145.0,0.035559,74603,977.1,68.64,0.033228,96833,1044.5,101.09,0.059419,84148,866.1,-4.61,-0.000921,70055,947.6,-50.45,-0.008789,80886,1008.4,81.49,0.024944,80962,1003.1,112.09,0.031388,97159,1064.5,191.03,0.060497,82838,1050.6,171.19,0.056557,72475,1025.3,145.0,0.035559,74603,977.1,68.64,0.033228,96833,1044.5,101.09,0.059419
381,381.06,0.0070566,53026,705.3,5.92,0.000915,62481,913.6,135.79,0.021883,80156,1006.6,82.3,0.025012,79651,999.6,109.57,0.030294,95787,1062.0,193.16,0.060448,84185,1054.5,172.5,0.057702,73837,1028.8,157.34,0.039182,74082,975.5,66.43,0.031985,96537,1043.7,100.33,0.058838,86241,871.1,-4.49,-0.000915,69055,944.6,-49.07,-0.008452,80156,1006.6,82.3,0.025012,79651,999.6,109.57,0.030294,95787,1062.0,193.16,0.060448,84185,1054.5,172.5,0.057702,73837,1028.8,157.34,0.039182,74082,975.5,66.43,0.031985,96537,1043.7,100.33,0.058838
382,382.06,0.0070753,51696,699.4,5.65,0.000859,61736,910.8,128.55,0.020531,79824,1005.9,85.44,0.025875,78482,996.5,107.65,0.029416,94328,1059.2,195.06,0.060269,84675,1055.3,169.73,0.05706,77720,1039.9,185.89,0.048203,73771,974.6,62.95,0.030214,96250,1043.0,98.76,0.057781,87970,875.1,-3.53,-0.000729,68287,942.2,-48.17,-0.008226,79824,1005.9,85.44,0.025875,78482,996.5,107.65,0.029416,94328,1059.2,195.06,0.060269,84675,1055.3,169.73,0.05706,77720,1039.9,185.89,0.048203,73771,974.6,62.95,0.030214,96250,1043.0,98.76,0.057781
383,383.07,0.0070939,50288,695.0,5.03,0.000749,60973,908.0,121.77,0.019267,79753,1006.0,89.85,0.027185,77550,994.0,106.65,0.028871,92818,1056.2,196.73,0.059988,84734,1054.3,167.93,0.056545,80386,1046.9,206.47,0.055008,73631,974.2,58.32,0.02795,95934,1042.3,96.43,0.056272,89070,877.6,-2.14,-0.000447,68275,942.2,-50.2,-0.008572,79753,1006.0,89.85,0.027185,77550,994.0,106.65,0.028871,92818,1056.2,196.73,0.059988,84734,1054.3,167.93,0.056545,80386,1046.9,206.47,0.055008,73631,974.2,58.32,0.02795,95934,1042.3,96.43,0.056272
384,384.08,0.0071125,49045,690.9,4.58,0.000669,60162,905.0,115.83,0.018143,79680,1006.1,94.08,0.028436,77046,992.7,107.82,0.029036,91268,1052.9,198.12,0.059587,84653,1052.2,166.95,0.056274,81192,1048.2,214.66,0.057687,73579,974.1,52.96,0.025363,95550,1041.4,93.44,0.054356,89551,878.7,-0.88,-0.000184,69676,946.8,-59.86,-0.01038,79680,1006.1,94.08,0.028436,77046,992.7,107.82,0.029036,91268,1052.9,198.12,0.059587,84653,1052.2,166.95,0.056274,81192,1048.2,214.66,0.057687,73579,974.1,52.96,0.025363,95550,1041.4,93.44,0.054356
385,385.08,0.0071311,47892,687.2,4.38,0.000628,59274,901.7,111.0,0.017194,79411,1005.6,97.02,0.02924,76969,992.7,110.99,0.029858,89687,1049.4,199.19,0.059069,84403,1048.9,166.58,0.056164,81178,1047.4,216.63,0.058253,73681,974.4,46.88,0.022473,95102,1040.4,89.95,0.052134,89563,878.8,0.05,1.1e-05,73329,958.1,-80.35,-0.014491,79411,1005.6,97.02,0.02924,76969,992.7,110.99,0.029858,89687,1049.4,199.19,0.059069,84403,1048.9,166.58,0.056164,81178,1047.4,216.63,0.058253,73681,974.4,46.88,0.022473,95102,1040.4,89.95,0.052134
386,386.09,0.0071498,46764,683.4,4.39,0.000618,58401,898.5,106.72,0.016346,78892,1004.4,98.34,0.029482,77103,993.4,114.68,0.030883,88060,1045.6,199.88,0.058407,83943,1044.1,166.06,0.055937,80764,1045.8,216.24,0.057943,73909,975.2,40.34,0.019382,94616,1039.3,86.07,0.049679,89272,878.1,0.64,0.000133,76711,968.3,-94.53,-0.017648,78892,1004.4,98.34,0.029482,77103,993.4,114.68,0.030883,88060,1045.6,199.88,0.058407,83943,1044.1,166.06,0.055937,80764,1045.8,216.24,0.057943,73909,975.2,40.34,0.019382,94616,1039.3,86.07,0.049679
387,387.09,0.0071684,45626,679.5,4.55,0.000628,57890,896.5,100.62,0.015311,78172,1002.5,98.26,0.029242,77235,994.1,117.34,0.031632,86366,1041.5,200.17,0.05759,83303,1038.2,165.37,0.055592,80402,1044.3,216.71,0.057887,74225,976.2,33.8,0.016292,94129,1038.3,81.78,0.04701,88832,877.1,0.93,0.000194,78692,974.2,-96.68,-0.018402,78172,1002.5,98.26,0.029242,77235,994.1,117.34,0.031632,86366,1041.5,200.17,0.05759,83303,1038.2,165.37,0.055592,80402,1044.3,216.71,0.057887,74225,976.2,33.8,0.016292,94129,1038.3,81.78,0.04701
388,388.1,0.007187,44453,675.4,4.81,0.000651,57925,896.4,89.63,0.013647,77315,1000.3,96.98,0.028608,77266,994.5,117.71,0.031731,84603,1037.1,200.2,0.056665,82621,1031.8,164.81,0.055291,79964,1042.9,217.85,0.057954,74605,977.4,27.59,0.013352,93675,1037.3,77.06,0.044119,88317,875.9,1.09,0.000225,79730,977.3,-91.51,-0.01759,77315,1000.3,96.98,0.028608,77266,994.5,117.71,0.031731,84603,1037.1,200.2,0.056665,82621,1031.8,164.81,0.055291,79964,1042.9,217.85,0.057954,74605,977.4,27.59,0.013352,93675,1037.3,77.06,0.044119
389,389.04,0.0072044,43319,671.4,5.09,0.000676,59810,903.0,66.79,0.010424,76467,998.0,94.99,0.027777,77177,994.5,115.73,0.031159,82894,1032.6,200.1,0.055732,81977,1025.7,164.03,0.054927,79377,1041.2,218.42,0.057778,74999,978.7,22.24,0.010807,93306,1036.6,72.2,0.041205,87799,874.7,1.17,0.000241,79955,978.2,-84.86,-0.016344,76467,998.0,94.99,0.027777,77177,994.5,115.73,0.031159,82894,1032.6,200.1,0.055732,81977,1025.7,164.03,0.054927,79377,1041.2,218.42,0.057778,74999,978.7,22.24,0.010807,93306,1036.6,72.2,0.041205
390,390.04,0.007223,42064,666.9,5.41,0.000702,63367,915.1,31.97,0.005216,75571,995.5,92.4,0.026768,77019,994.4,111.43,0.029945,81024,1027.6,199.95,0.0547,81258,1019.0,162.63,0.054335,78625,1039.0,218.58,0.05739,75440,980.1,17.0,0.008295,92990,1036.0,66.49,0.037835,87209,873.4,1.26,0.000259,79793,977.9,-78.85,-0.015161,75571,995.5,92.4,0.026768,77019,994.4,111.43,0.029945,81024,1027.6,199.95,0.0547,81258,1019.0,162.63,0.054335,78625,1039.0,218.58,0.05739,75440,980.1,17.0,0.008295,92990,1036.0,66.49,0.037835
391,391.05,0.0072416,40777,662.1,5.71,0.000724,65565,922.3,7.71,0.001291,74743,993.2,89.32,0.025653,76873,994.3,105.11,0.028196,79194,1022.6,199.68,0.053657,80516,1012.4,160.97,0.053636,77905,1036.9,218.34,0.056916,75863,981.4,12.13,0.005945,92764,1035.7,60.23,0.034201,86563,871.9,1.39,0.000284,79301,976.7,-74.85,-0.01432,74743,993.2,89.32,0.025653,76873,994.3,105.11,0.028196,79194,1022.6,199.68,0.053657,80516,1012.4,160.97,0.053636,77905,1036.9,218.34,0.056916,75863,981.4,12.13,0.005945,92764,1035.7,60.23,0.034201
392,392.05,0.0072602,39481,657.2,5.93,0.000732,66040,923.9,-4.14,-0.000698,74023,991.2,85.34,0.024323,76855,994.5,97.46,0.026131,77526,1017.9,199.03,0.052596,79739,1006.0,159.4,0.052939,77232,1034.9,217.45,0.056306,76205,982.4,7.39,0.003632,92613,1035.6,53.54,0.030356,85853,870.2,1.54,0.000313,78661,975.1,-73.0,-0.013877,74023,991.2,85.34,0.024323,76855,994.5,97.46,0.026131,77526,1017.9,199.03,0.052596,79739,1006.0,159.4,0.052939,77232,1034.9,217.45,0.056306,76205,982.4,7.39,0.003632,92613,1035.6,53.54,0.030356
393,393.06,0.0072788,38214,652.3,5.96,0.000718,65645,922.6,-8.84,-0.001482,73435,989.6,80.22,0.022719,76903,994.9,88.96,0.023857,76106,1013.8,197.85,0.051533,78927,999.7,158.23,0.052339,76570,1032.7,215.83,0.055521,76425,983.1,2.58,0.001271,92504,1035.5,46.57,0.026377,85087,868.4,1.67,0.000336,78101,973.7,-71.86,-0.013581,73435,989.6,80.22,0.022719,76903,994.9,88.96,0.023857,76106,1013.8,197.85,0.051533,78927,999.7,158.23,0.052339,76570,1032.7,215.83,0.055521,76425,983.1,2.58,0.001271,92504,1035.5,46.57,0.026377
394,394.06,0.0072975,37018,647.5,5.82,0.000685,64597,919.2,-10.4,-0.001722,73002,988.4,73.84,0.020815,76933,995.3,80.18,0.021504,74921,1010.3,196.11,0.050457,78085,993.7,157.47,0.051842,75921,1030.2,213.59,0.054615,76549,983.4,-2.2,-0.001086,92436,1035.6,39.39,0.022293,84285,866.5,1.76,0.000352,77904,973.3,-69.25,-0.01306,73002,988.4,73.84,0.020815,76933,995.3,80.18,0.021504,74921,1010.3,196.11,0.050457,78085,993.7,157.47,0.051842,75921,1030.2,213.59,0.054615,76549,983.4,-2.2,-0.001086,92436,1035.6,39.39,0.022293
395,395.07,0.0073161,35924,643.1,5.44,0.000625,63444,915.4,-11.1,-0.001812,72709,987.6,66.31,0.018629,76932,995.5,71.49,0.01917,74048,1007.8,193.87,0.049425,77229,988.0,156.84,0.051364,75386,1027.3,210.71,0.053647,76700,983.9,-6.21,-0.003068,92405,1035.7,32.06,0.018136,83464,864.6,1.81,0.00036,78076,974.0,-63.99,-0.012087,72709,987.6,66.31,0.018629,76932,995.5,71.49,0.01917,74048,1007.8,193.87,0.049425,77229,988.0,156.84,0.051364,75386,1027.3,210.71,0.053647,76700,983.9,-6.21,-0.003068,92405,1035.7,32.06,0.018136
396,396.07,0.0073347,35136,639.8,3.86,0.000436,62300,911.6,-11.92,-0.001919,72507,987.1,57.88,0.016225,76874,995.5,62.74,0.016808,73492,1006.2,189.0,0.047896,76385,982.7,156.02,0.050808,75061,1024.3,206.49,0.0525,77251,985.5,-7.36,-0.00366,92394,1035.8,24.67,0.013951,82637,862.6,1.84,0.000363,79106,977.2,-53.58,-0.010221,72507,987.1,57.88,0.016225,76874,995.5,62.74,0.016808,73492,1006.2,189.0,0.047896,76385,982.7,156.02,0.050808,75061,1024.3,206.49,0.0525,77251,985.5,-7.36,-0.00366,92394,1035.8,24.67,0.013951
397,397.08,0.0073533,35010,639.3,0.48,5.4e-05,61213,907.9,-13.24,-0.002103,72353,986.7,48.96,0.013702,76742,995.3,54.1,0.014471,73152,1005.2,182.38,0.046047,75556,977.8,154.88,0.05014,74978,1021.7,200.57,0.051069,78332,988.6,-5.11,-0.002566,92402,1035.9,17.29,0.009779,81804,860.6,1.88,0.000368,80627,981.6,-40.0,-0.007741,72353,986.7,48.96,0.013702,76742,995.3,54.1,0.014471,73152,1005.2,182.38,0.046047,75556,977.8,154.88,0.05014,74978,1021.7,200.57,0.051069,78332,988.6,-5.11,-0.002566,92402,1035.9,17.29,0.009779
398,398.08,0.0073718,35674,642.4,-3.96,-0.000452,60227,904.6,-15.3,-0.0024,72211,986.3,39.87,0.01114,76533,994.9,45.79,0.012223,72918,1004.6,174.71,0.043999,74722,973.3,153.49,0.049371,75518,1020.9,191.4,0.049125,80265,994.2,2.83,0.001448,92432,1036.1,9.99,0.005651,80932,858.5,2.02,0.000391,81889,985.3,-27.75,-0.005435,72211,986.3,39.87,0.01114,76533,994.9,45.79,0.012223,72918,1004.6,174.71,0.043999,74722,973.3,153.49,0.049371,75518,1020.9,191.4,0.049125,80265,994.2,2.83,0.001448,92432,1036.1,9.99,0.005651
399,399.08,0.0073903,37548,651.0,-9.91,-0.001176,59369,901.6,-18.2,-0.002825,72020,985.8,30.73,0.00857,76171,993.9,38.12,0.010136,72682,1003.9,166.87,0.041918,73913,969.1,151.64,0.048455,76528,1021.8,179.2,0.046567,82218,999.8,11.07,0.00577,92488,1036.2,2.81,0.001593,79916,856.0,2.42,0.000464,82740,987.7,-17.8,-0.003514,72020,985.8,30.73,0.00857,76171,993.9,38.12,0.010136,72682,1003.9,166.87,0.041918,73913,969.1,151.64,0.048455,76528,1021.8,179.2,0.046567,82218,999.8,11.07,0.00577,92488,1036.2,2.81,0.001593
400,400.07,0.0074088,40225,662.7,-12.9,-0.001611,58642,899.1,-21.88,-0.003363,71756,985.0,21.63,0.006013,75623,992.3,31.39,0.008301,72294,1002.7,160.35,0.040112,73175,965.5,149.08,0.047338,77441,1021.6,167.06,0.043938,83334,1003.0,15.07,0.007941,92574,1036.5,-4.19,-0.002374,78672,852.9,2.97,0.000563,83380,989.5,-8.92,-0.001772,71756,985.0,21.63,0.006013,75623,992.3,31.39,0.008301,72294,1002.7,160.35,0.040112,73175,965.5,149.08,0.047338,77441,1021.6,167.06,0.043938,83334,1003.0,15.07,0.007941,92574,1036.5,-4.19,-0.002374
401,401.07,0.0074272,42810,673.7,-11.54,-0.001509,58020,896.9,-26.16,-0.003988,71406,983.9,12.76,0.003535,74887,990.2,25.7,0.006744,71556,1000.4,156.28,0.038786,72554,962.4,145.21,0.045864,77917,1019.7,157.71,0.041814,83806,1004.3,16.33,0.00864,92693,1036.7,-11.0,-0.006236,77359,849.6,3.11,0.000583,83951,991.1,-0.16,-3.1e-05,71406,983.9,12.76,0.003535,74887,990.2,25.7,0.006744,71556,1000.4,156.28,0.038786,72554,962.4,145.21,0.045864,77917,1019.7,157.71,0.041814,83806,1004.3,16.33,0.00864,92693,1036.7,-11.0,-0.006236
402,402.06,0.0074456,44723,681.4,-8.08,-0.001091,57470,895.0,-30.82,-0.004664,70950,982.4,4.58,0.001263,73962,987.4,20.92,0.005436,70713,997.6,154.85,0.038083,72118,960.4,139.98,0.04404,77838,1016.4,151.07,0.040142,84060,1005.1,17.71,0.009393,92845,1037.0,-17.58,-0.00998,76293,846.8,2.41,0.000446,84406,992.3,8.29,0.001661,70950,982.4,4.58,0.001263,73962,987.4,20.92,0.005436,70713,997.6,154.85,0.038083,72118,960.4,139.98,0.04404,77838,1016.4,151.07,0.040142,84060,1005.1,17.71,0.009393,92845,1037.0,-17.58,-0.00998
403,403.05,0.007464,45915,686.2,-4.88,-0.000672,56950,893.2,-35.58,-0.005346,70371,980.6,-2.49,-0.000682,72869,984.1,16.87,0.004333,69784,994.6,156.62,0.03813,71985,959.3,132.02,0.041503,77405,1011.7,146.86,0.038987,84741,1007.0,22.67,0.012098,93026,1037.4,-23.92,-0.013597,76126,846.4,0.14,2.6e-05,84596,992.8,15.52,0.003116,70371,980.6,-2.49,-0.000682,72869,984.1,16.87,0.004333,69784,994.6,156.62,0.03813,71985,959.3,132.02,0.041503,77405,1011.7,146.86,0.038987,84741,1007.0,22.67,0.012098,93026,1037.4,-23.92,-0.013597
404,404.04,0.0074823,46556,688.7,-2.56,-0.000355,56424,891.3,-40.15,-0.00599,69718,978.5,-7.91,-0.00215,71648,980.3,13.43,0.003405,68813,991.3,162.58,0.039158,72148,959.4,121.07,0.038147,76537,1005.5,144.14,0.038065,86981,1013.2,37.05,0.020168,93227,1037.8,-29.99,-0.017083,77680,850.4,-4.81,-0.000904,84601,992.7,21.55,0.004328,69718,978.5,-7.91,-0.00215,71648,980.3,13.43,0.003405,68813,991.3,162.58,0.039158,72148,959.4,121.07,0.038147,76537,1005.5,144.14,0.038065,86981,1013.2,37.05,0.020168,93227,1037.8,-29.99,-0.017083
405,405.1,0.0075018,46790,689.6,-0.78,-0.000109,55833,889.2,-44.58,-0.006596,69001,976.1,-11.51,-0.003105,70260,975.9,10.34,0.002583,67817,987.9,172.26,0.041029,72416,959.8,108.26,0.034224,75399,998.8,142.09,0.037215,89960,1021.3,55.85,0.031189,93450,1038.2,-36.2,-0.020661,83252,864.2,-13.34,-0.002643,84305,991.8,26.35,0.005278,69001,976.1,-11.51,-0.003105,70260,975.9,10.34,0.002583,67817,987.9,172.26,0.041029,72416,959.8,108.26,0.034224,75399,998.8,142.09,0.037215,89960,1021.3,55.85,0.031189,93450,1038.2,-36.2,-0.020661
406,406.08,0.0075201,46672,689.2,0.54,7.5e-05,55253,887.2,-48.23,-0.007078,68359,974.0,-12.8,-0.003429,68940,971.7,8.07,0.001988,66915,984.8,182.05,0.042919,72396,959.5,97.41,0.030796,74200,992.1,140.28,0.036401,91506,1025.5,66.63,0.037695,93650,1038.5,-41.79,-0.023891,89929,880.0,-14.22,-0.002989,83782,990.3,29.37,0.005855,68359,974.0,-12.8,-0.003429,68940,971.7,8.07,0.001988,66915,984.8,182.05,0.042919,72396,959.5,97.41,0.030796,74200,992.1,140.28,0.036401,91506,1025.5,66.63,0.037695,93650,1038.5,-41.79,-0.023891
407,407.07,0.0075383,46312,688.0,1.41,0.000196,54659,885.0,-51.44,-0.007486,67815,972.2,-12.2,-0.003247,67668,967.5,6.66,0.001617,65992,981.5,190.59,0.044462,71916,957.8,88.93,0.027975,72919,985.5,138.01,0.035431,91947,1027.0,71.27,0.040457,93829,1038.8,-47.16,-0.027008,94680,890.6,-9.12,-0.001995,83104,988.3,31.71,0.006283,67815,972.2,-12.2,-0.003247,67668,967.5,6.66,0.001617,65992,981.5,190.59,0.044462,71916,957.8,88.93,0.027975,72919,985.5,138.01,0.035431,91947,1027.0,71.27,0.040457,93829,1038.8,-47.16,-0.027008
408,408.05,0.0075566,46115,687.3,0.63,8.6e-05,54066,882.9,-54.35,-0.007843,67358,970.7,-9.88,-0.002617,66515,963.7,6.39,0.001529,65004,977.9,196.83,0.045395,70976,954.8,82.62,0.025733,71626,979.0,135.13,0.034303,91987,1027.5,73.01,0.041442,93974,1038.9,-52.34,-0.030017,96718,895.0,-3.53,-0.000785,82332,986.1,33.87,0.006663,67358,970.7,-9.88,-0.002617,66515,963.7,6.39,0.001529,65004,977.9,196.83,0.045395,70976,954.8,82.62,0.025733,71626,979.0,135.13,0.034303,91987,1027.5,73.01,0.041442,93974,1038.9,-52.34,-0.030017
409,409.04,0.0075748,46614,689.4,-2.73,-0.000379,53483,880.8,-57.12,-0.008173,66939,969.3,-6.55,-0.001726,65505,960.3,7.3,0.001728,63989,974.2,200.76,0.045754,69615,950.4,77.11,0.023666,70395,972.8,131.74,0.033075,91796,1027.3,73.1,0.041414,94080,1039.0,-57.34,-0.032919,96675,895.0,0.35,7.7e-05,81513,983.7,35.98,0.007024,66939,969.3,-6.55,-0.001726,65505,960.3,7.3,0.001728,63989,974.2,200.76,0.045754,69615,950.4,77.11,0.023666,70395,972.8,131.74,0.033075,91796,1027.3,73.1,0.041414,94080,1039.0,-57.34,-0.032919
410,410.08,0.0075942,50197,703.3,-15.1,-0.002216,52881,878.6,-60.12,-0.008526,66439,967.6,-2.84,-0.000743,64640,957.4,9.88,0.002313,62968,970.4,202.56,0.045603,68163,945.7,73.22,0.022111,69225,966.9,127.1,0.031574,91575,1027.2,72.48,0.040971,94161,1038.9,-62.51,-0.03592,95414,892.3,2.37,0.000522,80624,981.1,38.07,0.007372,66439,967.6,-2.84,-0.000743,64640,957.4,9.88,0.002313,62968,970.4,202.56,0.045603,68163,945.7,73.22,0.022111,69225,966.9,127.1,0.031574,91575,1027.2,72.48,0.040971,94161,1038.9,-62.51,-0.03592
411,411.07,0.0076123,56863,727.4,-24.02,-0.003862,52351,876.6,-63.17,-0.00889,65893,965.7,0.49,0.000128,64013,955.3,13.57,0.003155,62161,967.3,201.92,0.04502,68894,948.0,83.55,0.025439,68309,962.1,120.91,0.029785,91416,1027.1,71.53,0.040366,94202,1038.8,-67.16,-0.038614,94111,889.4,2.58,0.000562,79807,978.7,39.72,0.007631,65893,965.7,0.49,0.000128,64013,955.3,13.57,0.003155,62161,967.3,201.92,0.04502,68894,948.0,83.55,0.025439,68309,962.1,120.91,0.029785,91416,1027.1,71.53,0.040366,94202,1038.8,-67.16,-0.038614
412,412.04,0.0076305,63198,748.6,-19.51,-0.003388,51888,874.9,-66.83,-0.00934,65282,963.7,3.6,0.000931,63484,953.5,17.9,0.004136,61502,964.9,200.13,0.044259,78899,978.4,150.49,0.050845,67463,957.7,111.64,0.027285,91256,1027.1,70.22,0.039558,94227,1038.6,-71.6,-0.041184,92902,886.8,2.42,0.000521,79029,976.4,40.92,0.007805,65282,963.7,3.6,0.000931,63484,953.5,17.9,0.004136,61502,964.9,200.13,0.044259,78899,978.4,150.49,0.050845,67463,957.7,111.64,0.027285,91256,1027.1,70.22,0.039558,94227,1038.6,-71.6,-0.041184
413,413.09,0.0076498,66938,760.3,-9.45,-0.001711,51557,873.7,-72.17,-0.010035,64612,961.4,6.91,0.001772,62931,951.6,22.54,0.005171,60954,962.6,196.29,0.043127,97136,1026.2,242.15,0.096035,66911,954.3,99.87,0.024298,91054,1027.0,68.38,0.038439,94262,1038.5,-76.12,-0.04381,91758,884.2,2.16,0.000461,78270,974.1,41.6,0.007876,64612,961.4,6.91,0.001772,62931,951.6,22.54,0.005171,60954,962.6,196.29,0.043127,97136,1026.2,242.15,0.096035,66911,954.3,99.87,0.024298,91054,1027.0,68.38,0.038439,94262,1038.5,-76.12,-0.04381
414,414.07,0.0076679,67715,762.8,-1.89,-0.000346,51472,873.5,-79.17,-0.010993,64106,959.6,10.86,0.002768,62367,949.7,26.53,0.006046,60639,961.3,191.12,0.041829,105518,1048.0,264.28,0.111482,68453,958.6,98.21,0.024334,90847,1026.8,66.21,0.037142,94329,1038.4,-80.15,-0.046162,90827,882.2,1.91,0.000405,77643,972.2,41.62,0.007834,64106,959.6,10.86,0.002768,62367,949.7,26.53,0.006046,60639,961.3,191.12,0.041829,105518,1048.0,264.28,0.111482,68453,958.6,98.21,0.024334,90847,1026.8,66.21,0.037142,94329,1038.4,-80.15,-0.046162
415,415.05,0.007686,66842,760.5,2.59,0.000468,51574,874.0,-87.84,-0.012213,63872,958.9,16.65,0.004233,61743,947.6,30.14,0.006815,60398,960.2,184.71,0.040311,107147,1055.9,260.71,0.110841,80347,994.0,156.28,0.043829,90642,1026.7,63.57,0.035585,94428,1038.5,-83.95,-0.0484,89981,880.3,1.77,0.000373,77084,970.4,41.36,0.007741,63872,958.9,16.65,0.004233,61743,947.6,30.14,0.006815,60398,960.2,184.71,0.040311,107147,1055.9,260.71,0.110841,80347,994.0,156.28,0.043829,90642,1026.7,63.57,0.035585,94428,1038.5,-83.95,-0.0484
416,416.09,0.0077053,65404,756.7,3.65,0.000648,51879,875.4,-98.98,-0.013823,63967,959.2,25.13,0.006396,61064,945.3,34.04,0.007631,60216,959.4,177.5,0.038655,107955,1061.8,253.92,0.108164,102317,1049.0,254.06,0.085981,90462,1026.5,60.1,0.033578,94600,1038.7,-87.74,-0.050661,89108,878.3,1.74,0.000364,76525,968.7,40.98,0.007629,63967,959.2,25.13,0.006396,61064,945.3,34.04,0.007631,60216,959.4,177.5,0.038655,107955,1061.8,253.92,0.108164,102317,1049.0,254.06,0.085981,90462,1026.5,60.1,0.033578,94600,1038.7,-87.74,-0.050661
417,417.06,0.0077234,64293,753.7,3.21,0.000563,52357,877.4,-111.01,-0.015609,64264,960.3,34.33,0.008769,60540,943.5,38.79,0.008635,60001,958.4,170.8,0.037101,108157,1065.5,249.75,0.106214,110357,1064.3,274.61,0.098797,90354,1026.6,56.19,0.031359,94802,1039.1,-91.05,-0.052669,88288,876.4,1.76,0.000365,76008,967.1,40.78,0.007553,64264,960.3,34.33,0.008769,60540,943.5,38.79,0.008635,60001,958.4,170.8,0.037101,108157,1065.5,249.75,0.106214,110357,1064.3,274.61,0.098797,90354,1026.6,56.19,0.031359,94802,1039.1,-91.05,-0.052669
418,418.04,0.0077415,63392,751.2,2.66,0.000462,52747,879.1,-122.76,-0.017357,64580,961.4,43.52,0.011156,60271,942.6,45.66,0.01013,59682,957.0,164.9,0.03568,108482,1069.1,245.73,0.104465,113002,1066.8,269.98,0.099225,90311,1026.8,51.64,0.028796,95007,1039.6,-94.34,-0.054661,87467,874.5,1.78,0.000366,75463,965.4,40.78,0.007511,64580,961.4,43.52,0.011156,60271,942.6,45.66,0.01013,59682,957.0,164.9,0.03568,108482,1069.1,245.73,0.104465,113002,1066.8,269.98,0.099225,90311,1026.8,51.64,0.028796,95007,1039.6,-94.34,-0.054661
419,419.08,0.0077608,62624,749.1,2.1,0.000362,52996,880.2,-133.99,-0.01901,64776,962.1,52.17,0.013406,60306,942.8,55.53,0.012324,59139,954.9,159.85,0.03435,109065,1073.3,241.79,0.102942,114173,1066.6,258.71,0.096087,90423,1027.3,46.09,0.025718,95163,1040.0,-98.0,-0.056853,86590,872.5,1.8,0.000367,74814,963.3,40.76,0.007459,64776,962.1,52.17,0.013406,60306,942.8,55.53,0.012324,59139,954.9,159.85,0.03435,109065,1073.3,241.79,0.102942,114173,1066.6,258.71,0.096087,90423,1027.3,46.09,0.025718,95163,1040.0,-98.0,-0.056853
420,420.06,0.0077789,62118,747.7,1.5,0.000257,53067,880.7,-142.9,-0.02029,64760,962.1,59.16,0.015197,60516,943.7,66.04,0.014692,58481,952.3,156.16,0.033275,110251,1078.6,239.4,0.102525,115182,1067.6,249.97,0.093569,90638,1028.1,40.35,0.022554,95228,1040.3,-101.58,-0.058958,85762,870.6,1.83,0.000372,74134,961.2,40.45,0.007351,64760,962.1,59.16,0.015197,60516,943.7,66.04,0.014692,58481,952.3,156.16,0.033275,110251,1078.6,239.4,0.102525,115182,1067.6,249.97,0.093569,90638,1028.1,40.35,0.022554,95228,1040.3,-101.58,-0.058958
421,421.1,0.0077981,61789,746.8,0.9,0.000153,53002,880.6,-150.11,-0.021288,64519,961.3,65.38,0.016746,60790,944.9,77.18,0.017227,57673,949.1,152.94,0.032247,112559,1086.5,238.66,0.103595,115656,1068.2,245.37,0.092178,90945,1029.2,33.86,0.018971,95199,1040.4,-105.48,-0.061196,84859,868.4,1.9,0.000382,73294,958.6,39.14,0.007051,64519,961.3,65.38,0.016746,60790,944.9,77.18,0.017227,57673,949.1,152.94,0.032247,112559,1086.5,238.66,0.103595,115656,1068.2,245.37,0.092178,90945,1029.2,33.86,0.018971,95199,1040.4,-105.48,-0.061196
422,422.08,0.0078162,61637,746.4,0.45,7.6e-05,52971,880.7,-155.67,-0.022062,64099,959.9,69.94,0.017823,60988,945.8,86.08,0.019258,56857,945.8,150.25,0.031338,115459,1094.9,238.38,0.105326,115631,1069.1,245.2,0.09201,91286,1030.2,27.52,0.015463,95203,1040.7,-108.64,-0.063016,83981,866.4,1.99,0.000397,72486,956.1,37.6,0.006717,64099,959.9,69.94,0.017823,60988,945.8,86.08,0.019258,56857,945.8,150.25,0.031338,115459,1094.9,238.38,0.105326,115631,1069.1,245.2,0.09201,91286,1030.2,27.52,0.015463,95203,1040.7,-108.64,-0.063016
423,423.05,0.0078343,61592,746.3,0.13,2.2e-05,53153,881.6,-160.7,-0.022829,63527,958.0,73.58,0.018621,61130,946.5,92.41,0.020708,56010,942.5,147.61,0.030438,118536,1102.8,236.58,0.106543,115629,1072.1,249.5,0.093366,91661,1031.3,21.04,0.011858,95371,1041.4,-110.03,-0.063886,83073,864.2,2.08,0.00041,71848,954.1,37.25,0.006609,63527,958.0,73.58,0.018621,61130,946.5,92.41,0.020708,56010,942.5,147.61,0.030438,118536,1102.8,236.58,0.106543,115629,1072.1,249.5,0.093366,91661,1031.3,21.04,0.011858,95371,1041.4,-110.03,-0.063886
424,424.09,0.0078535,61606,746.3,-0.04,-7e-06,53807,884.3,-164.51,-0.023587,62824,955.5,76.74,0.019255,61217,947.1,96.07,0.021546,55097,938.8,144.67,0.029458,121614,1109.7,232.09,0.106567,115551,1076.1,259.39,0.096641,92088,1032.5,14.07,0.007955,95910,1043.4,-110.17,-0.064206,82084,861.8,2.14,0.00042,71663,953.5,40.97,0.007257,62824,955.5,76.74,0.019255,61217,947.1,96.07,0.021546,55097,938.8,144.67,0.029458,121614,1109.7,232.09,0.106567,115551,1076.1,259.39,0.096641,92088,1032.5,14.07,0.007955,95910,1043.4,-110.17,-0.064206
425,425.07,0.0078716,61611,746.3,-0.0,-1e-06,54842,888.4,-166.38,-0.024202,62142,953.2,79.07,0.019674,61289,947.5,96.64,0.021689,54242,935.3,141.77,0.028525,123994,1114.0,226.6,0.105678,115494,1079.1,271.35,0.100767,92508,1033.7,7.53,0.004272,96878,1046.4,-107.53,-0.063121,81152,859.5,2.17,0.000422,72115,954.8,51.5,0.009165,62142,953.2,79.07,0.019674,61289,947.5,96.64,0.021689,54242,935.3,141.77,0.028525,123994,1114.0,226.6,0.105678,115494,1079.1,271.35,0.100767,92508,1033.7,7.53,0.004272,96878,1046.4,-107.53,-0.063121
426,426.04,0.0078897,61563,746.2,0.18,3e-05,56426,894.5,-161.76,-0.024045,61502,950.9,80.64,0.019905,61421,948.2,95.32,0.021424,53375,931.8,139.0,0.027625,125590,1116.2,221.07,0.104218,115477,1081.6,283.67,0.10508,92942,1034.8,1.02,0.000581,98421,1050.7,-102.85,-0.061082,80226,857.3,2.19,0.000421,73992,960.4,72.26,0.013119,61502,950.9,80.64,0.019905,61421,948.2,95.32,0.021424,53375,931.8,139.0,0.027625,125590,1116.2,221.07,0.104218,115477,1081.6,283.67,0.10508,92942,1034.8,1.02,0.000581,98421,1050.7,-102.85,-0.061082
427,427.08,0.0079089,61408,745.8,0.48,8.2e-05,58683,902.8,-149.7,-0.022928,60963,949.0,80.97,0.019852,61593,949.0,91.86,0.020684,52394,927.8,136.8,0.026804,126284,1116.6,216.54,0.102604,114823,1082.7,293.76,0.108089,93408,1036.0,-5.88,-0.003362,100181,1055.7,-97.84,-0.058866,79246,854.8,2.2,0.000419,75398,964.4,93.85,0.017289,60963,949.0,80.97,0.019852,61593,949.0,91.86,0.020684,52394,927.8,136.8,0.026804,126284,1116.6,216.54,0.102604,114823,1082.7,293.76,0.108089,93408,1036.0,-5.88,-0.003362,100181,1055.7,-97.84,-0.058866
428,428.06,0.007927,61179,745.1,0.72,0.000122,60590,909.7,-138.83,-0.02179,60592,947.6,79.95,0.019511,61671,949.5,88.46,0.019934,51478,924.0,135.52,0.026197,126001,1115.6,214.0,0.101262,113721,1082.8,301.17,0.109746,93831,1037.0,-12.34,-0.007077,101790,1060.2,-93.13,-0.056693,78322,852.5,2.24,0.000423,75475,964.5,106.88,0.019708,60592,947.6,79.95,0.019511,61671,949.5,88.46,0.019934,51478,924.0,135.52,0.026197,126001,1115.6,214.0,0.101262,113721,1082.8,301.17,0.109746,93831,1037.0,-12.34,-0.007077,101790,1060.2,-93.13,-0.056693
429,429.1,0.0079463,60875,744.3,0.9,0.000152,61775,913.9,-131.28,-0.02091,60337,946.6,77.64,0.018887,61591,949.4,85.71,0.019291,51059,922.1,131.53,0.025268,124773,1113.0,212.47,0.099794,112204,1082.2,307.84,0.110743,94241,1038.0,-19.23,-0.011071,103901,1065.8,-85.38,-0.052772,77315,850.0,2.32,0.000434,74466,961.3,114.88,0.020969,60337,946.6,77.64,0.018887,61591,949.4,85.71,0.019291,51059,922.1,131.53,0.025268,124773,1113.0,212.47,0.099794,112204,1082.2,307.84,0.110743,94241,1038.0,-19.23,-0.011071,103901,1065.8,-85.38,-0.052772
430,430.07,0.0079643,60550,743.3,1.01,0.00017,62237,915.7,-127.45,-0.020414,60217,946.2,74.02,0.01798,61321,948.7,84.4,0.018929,52607,928.6,110.74,0.021768,122901,1109.1,211.42,0.098152,110508,1080.9,313.14,0.111085,94581,1038.7,-25.64,-0.014801,106668,1072.9,-72.71,-0.045832,76341,847.5,2.42,0.000449,73131,957.2,119.37,0.02149,60217,946.2,74.02,0.01798,61321,948.7,84.4,0.018929,52607,928.6,110.74,0.021768,122901,1109.1,211.42,0.098152,110508,1080.9,313.14,0.111085,94581,1038.7,-25.64,-0.014801,106668,1072.9,-72.71,-0.045832
431,431.05,0.0079824,60248,742.5,0.93,0.000155,62370,916.2,-124.83,-0.020024,60131,945.8,69.83,0.016942,60876,947.2,83.75,0.018676,62678,968.2,25.49,0.005725,120708,1104.5,211.03,0.096631,108619,1078.6,317.33,0.110877,94890,1039.3,-31.81,-0.018415,109592,1080.1,-56.78,-0.03653,75343,844.9,2.51,0.00046,71740,952.8,122.73,0.021775,60131,945.8,69.83,0.016942,60876,947.2,83.75,0.018676,62678,968.2,25.49,0.005725,120708,1104.5,211.03,0.096631,108619,1078.6,317.33,0.110877,94890,1039.3,-31.81,-0.018415,109592,1080.1,-56.78,-0.03653
432,432.09,0.0080017,60039,741.9,0.56,9.3e-05,62443,916.6,-121.43,-0.019493,59953,945.1,65.67,0.015898,60181,944.8,84.19,0.018605,74798,1008.9,-60.8,-0.015639,118420,1099.6,211.92,0.095625,106409,1074.9,319.98,0.109905,95188,1039.8,-38.06,-0.02209,111394,1084.5,-41.75,-0.027188,74290,842.2,2.49,0.000453,70332,948.3,125.84,0.021992,59953,945.1,65.67,0.015898,60181,944.8,84.19,0.018605,74798,1008.9,-60.8,-0.015639,118420,1099.6,211.92,0.095625,106409,1074.9,319.98,0.109905,95188,1039.8,-38.06,-0.02209,111394,1084.5,-41.75,-0.027188
433,433.07,0.0080198,60036,741.9,-0.02,-4e-06,63019,918.7,-114.19,-0.018458,59630,943.9,62.66,0.015107,59324,941.9,86.04,0.018802,79911,1024.4,-93.62,-0.025338,116891,1096.9,215.58,0.096253,104223,1070.4,321.05,0.108465,95328,1039.9,-44.09,-0.025628,111580,1085.2,-31.3,-0.020407,73359,839.7,2.38,0.000428,69133,944.4,128.54,0.022171,59630,943.9,62.66,0.015107,59324,941.9,86.04,0.018802,79911,1024.4,-93.62,-0.025338,116891,1096.9,215.58,0.096253,104223,1070.4,321.05,0.108465,95328,1039.9,-44.09,-0.025628,111580,1085.2,-31.3,-0.020407
434,434.04,0.0080379,60294,742.7,-0.95,-0.000159,65194,926.1,-95.66,-0.015869,59141,942.1,60.71,0.014546,58357,938.4,88.51,0.019097,82774,1032.8,-110.7,-0.030783,115994,1096.4,221.58,0.098215,102086,1065.2,321.73,0.106978,95191,1039.3,-51.04,-0.02964,110848,1083.8,-23.11,-0.014987,72510,837.5,2.19,0.000389,68060,940.9,130.94,0.022317,59141,942.1,60.71,0.014546,58357,938.4,88.51,0.019097,82774,1032.8,-110.7,-0.030783,115994,1096.4,221.58,0.098215,102086,1065.2,321.73,0.106978,95191,1039.3,-51.04,-0.02964,110848,1083.8,-23.11,-0.014987
435,435.09,0.0080571,61225,745.8,-3.06,-0.000517,68698,937.4,-68.37,-0.011805,58481,939.6,59.37,0.014104,57284,934.6,91.31,0.019418,85146,1039.7,-124.49,-0.035375,115487,1097.8,229.22,0.101032,100201,1060.2,323.94,0.106222,94959,1038.4,-58.47,-0.033904,109291,1080.4,-15.17,-0.009728,71721,835.4,1.91,0.000338,67044,937.5,132.99,0.022409,58481,939.6,59.37,0.014104,57284,934.6,91.31,0.019418,85146,1039.7,-124.49,-0.035375,115487,1097.8,229.22,0.101032,100201,1060.2,323.94,0.106222,94959,1038.4,-58.47,-0.033904,109291,1080.4,-15.17,-0.009728
436,436.06,0.0080752,63011,751.5,-5.73,-0.000988,70810,944.1,-51.09,-0.009029,57729,936.7,59.63,0.014027,56270,930.9,93.85,0.019684,86745,1044.3,-134.19,-0.038674,115156,1100.2,236.23,0.103594,99064,1056.8,328.8,0.106938,95610,1039.7,-60.03,-0.034998,106982,1075.1,-5.56,-0.003506,71098,833.7,1.63,0.000286,66203,934.7,134.32,0.022418,57729,936.7,59.63,0.014027,56270,930.9,93.85,0.019684,86745,1044.3,-134.19,-0.038674,115156,1100.2,236.23,0.103594,99064,1056.8,328.8,0.106938,95610,1039.7,-60.03,-0.034998,106982,1075.1,-5.56,-0.003506
437,437.04,0.0080933,65566,759.5,-7.7,-0.001367,71435,946.0,-43.42,-0.007725,56808,933.1,60.75,0.014115,55271,927.1,96.24,0.019906,87858,1047.5,-141.47,-0.041169,114475,1102.7,241.15,0.104888,98451,1054.6,335.93,0.108808,101687,1054.5,-35.39,-0.021635,104195,1068.6,5.69,0.003518,70578,832.3,1.38,0.000241,65452,932.1,135.09,0.022351,56808,933.1,60.75,0.014115,55271,927.1,96.24,0.019906,87858,1047.5,-141.47,-0.041169,114475,1102.7,241.15,0.104888,98451,1054.6,335.93,0.108808,101687,1054.5,-35.39,-0.021635,104195,1068.6,5.69,0.003518
438,438.08,0.0081126,68533,768.6,-7.86,-0.001441,71367,945.9,-40.38,-0.007178,55682,928.8,62.03,0.014193,54252,923.3,98.64,0.02011,88880,1050.5,-147.87,-0.04341,113274,1104.9,244.11,0.104854,98163,1053.2,344.51,0.11141,119644,1095.4,39.64,0.027452,101271,1061.5,17.38,0.01051,70099,831.0,1.21,0.000209,64727,929.6,135.4,0.022214,55682,928.8,62.03,0.014193,54252,923.3,98.64,0.02011,88880,1050.5,-147.87,-0.04341,113274,1104.9,244.11,0.104854,98163,1053.2,344.51,0.11141,119644,1095.4,39.64,0.027452,101271,1061.5,17.38,0.01051
439,439.06,0.0081307,70948,775.8,-6.5,-0.001222,70781,944.1,-39.52,-0.006981,54606,924.5,63.34,0.014279,53343,919.8,100.56,0.020234,89995,1053.7,-153.17,-0.04539,111953,1106.5,246.03,0.104292,97879,1052.1,351.08,0.113327,129381,1116.0,74.16,0.054511,98966,1055.8,26.18,0.015561,69675,829.8,1.16,0.0002,64087,927.4,135.38,0.022044,54606,924.5,63.34,0.014279,53343,919.8,100.56,0.020234,89995,1053.7,-153.17,-0.04539,111953,1106.5,246.03,0.104292,97879,1052.1,351.08,0.113327,129381,1116.0,74.16,0.054511,98966,1055.8,26.18,0.015561
440,440.1,0.00815,72881,781.4,-4.66,-0.000895,69965,941.6,-39.75,-0.00696,53580,920.3,65.63,0.014582,52403,916.1,101.6,0.020164,91664,1058.5,-157.6,-0.047356,110440,1107.7,247.71,0.103473,97224,1050.6,354.9,0.113957,132030,1121.8,79.39,0.05924,97250,1051.3,31.69,0.018588,69209,828.5,1.21,0.000208,63416,925.0,135.19,0.021838,53580,920.3,65.63,0.014582,52403,916.1,101.6,0.020164,91664,1058.5,-157.6,-0.047356,110440,1107.7,247.71,0.103473,97224,1050.6,354.9,0.113957,132030,1121.8,79.39,0.05924,97250,1051.3,31.69,0.018588
441,441.08,0.0081681,74224,785.3,-3.46,-0.000673,69170,939.2,-40.14,-0.006966,52951,917.7,70.25,0.01547,51579,912.9,101.26,0.019852,93733,1064.1,-160.76,-0.049134,108981,1108.2,249.24,0.102689,96411,1049.3,355.96,0.113476,132418,1123.2,76.76,0.057376,96299,1048.7,33.21,0.019338,68745,827.2,1.28,0.000219,62782,922.8,134.92,0.021629,52951,917.7,70.25,0.01547,51579,912.9,101.26,0.019852,93733,1064.1,-160.76,-0.049134,108981,1108.2,249.24,0.102689,96411,1049.3,355.96,0.113476,132418,1123.2,76.76,0.057376,96299,1048.7,33.21,0.019338
442,442.06,0.0081862,75417,788.7,-3.08,-0.000606,68466,937.0,-39.84,-0.00686,52870,917.3,78.96,0.01737,50853,909.9,100.21,0.019432,96246,1071.0,-163.19,-0.050886,107491,1108.1,250.74,0.101903,95691,1049.1,355.36,0.112461,132652,1124.2,73.12,0.054705,95713,1047.0,32.92,0.019078,68264,825.9,1.33,0.000227,62138,920.5,134.6,0.02141,52870,917.3,78.96,0.01737,50853,909.9,100.21,0.019432,96246,1071.0,-163.19,-0.050886,107491,1108.1,250.74,0.101903,95691,1049.1,355.36,0.112461,132652,1124.2,73.12,0.054705,95713,1047.0,32.92,0.019078
443,443.04,0.0082044,76723,792.4,-3.34,-0.000666,67869,935.2,-39.1,-0.006687,53248,918.6,90.4,0.019998,50351,907.9,99.36,0.019119,98979,1078.2,-164.63,-0.052437,106038,1107.5,252.39,0.101241,95095,1049.8,353.75,0.111177,133578,1126.6,72.26,0.054321,95360,1045.9,30.87,0.017845,67782,824.6,1.34,0.000227,61482,918.2,134.27,0.021186,53248,918.6,90.4,0.019998,50351,907.9,99.36,0.019119,98979,1078.2,-164.63,-0.052437,106038,1107.5,252.39,0.101241,95095,1049.8,353.75,0.111177,133578,1126.6,72.26,0.054321,95360,1045.9,30.87,0.017845
444,444.08,0.0082238,78337,796.9,-3.74,-0.000757,67340,933.5,-37.68,-0.006405,53670,920.1,101.02,0.022488,50360,907.9,100.07,0.019259,101737,1085.5,-166.54,-0.05416,104575,1106.6,254.37,0.100716,94639,1052.8,351.58,0.109654,135084,1130.1,73.58,0.055769,95136,1045.2,27.81,0.01605,67272,823.1,1.34,0.000226,60769,915.6,133.97,0.020953,53670,920.1,101.02,0.022488,50360,907.9,100.07,0.019259,101737,1085.5,-166.54,-0.05416,104575,1106.6,254.37,0.100716,94639,1052.8,351.58,0.109654,135084,1130.1,73.58,0.055769,95136,1045.2,27.81,0.01605
445,445.07,0.008242,79881,801.1,-3.67,-0.000754,66929,932.3,-35.96,-0.006083,53767,920.2,106.79,0.023813,51039,910.8,104.52,0.020321,103902,1091.1,-168.32,-0.055615,103288,1105.5,256.27,0.100316,94218,1056.1,348.31,0.107814,136782,1134.0,76.48,0.058494,94980,1044.6,24.66,0.014217,66784,821.7,1.39,0.000232,60085,913.1,133.82,0.020749,53767,920.2,106.79,0.023813,51039,910.8,104.52,0.020321,103902,1091.1,-168.32,-0.055615,103288,1105.5,256.27,0.100316,94218,1056.1,348.31,0.107814,136782,1134.0,76.48,0.058494,94980,1044.6,24.66,0.014217
446,446.05,0.0082602,81201,804.7,-3.01,-0.000625,66618,931.3,-34.25,-0.005773,53612,919.3,109.23,0.024311,52145,915.4,111.04,0.021946,105381,1094.8,-169.38,-0.056569,102069,1104.3,257.85,0.099851,93915,1059.9,345.0,0.10606,138302,1137.5,79.23,0.061073,94853,1044.1,21.37,0.01231,66253,820.2,1.53,0.000254,59379,910.5,133.87,0.020571,53612,919.3,109.23,0.024311,52145,915.4,111.04,0.021946,105381,1094.8,-169.38,-0.056569,102069,1104.3,257.85,0.099851,93915,1059.9,345.0,0.10606,138302,1137.5,79.23,0.061073,94853,1044.1,21.37,0.01231
447,447.04,0.0082785,82097,807.1,-1.98,-0.000414,66434,930.7,-33.0,-0.00555,53357,918.0,109.87,0.024372,53101,919.3,115.2,0.023087,106109,1096.7,-169.54,-0.056912,100905,1103.1,258.78,0.099175,93791,1064.7,341.62,0.104418,139387,1140.3,80.87,0.062675,94757,1043.8,17.94,0.010325,65628,818.4,1.83,0.000302,58630,907.8,134.25,0.020432,53357,918.0,109.87,0.024372,53101,919.3,115.2,0.023087,106109,1096.7,-169.54,-0.056912,100905,1103.1,258.78,0.099175,93791,1064.7,341.62,0.104418,139387,1140.3,80.87,0.062675,94757,1043.8,17.94,0.010325
448,448.09,0.0082979,82570,808.3,-0.91,-0.000191,66423,930.8,-32.86,-0.005526,53234,917.1,109.54,0.024266,53652,921.5,116.33,0.023499,106177,1097.3,-168.63,-0.056618,99749,1101.9,258.96,0.098218,93790,1069.1,336.75,0.1025,140037,1142.3,81.2,0.063118,94695,1043.5,14.1,0.00811,64782,816.0,2.37,0.000387,57753,904.5,135.23,0.020345,53234,917.1,109.54,0.024266,53652,921.5,116.33,0.023499,106177,1097.3,-168.63,-0.056618,99749,1101.9,258.96,0.098218,93790,1069.1,336.75,0.1025,140037,1142.3,81.2,0.063118,94695,1043.5,14.1,0.00811
449,449.08,0.0083162,82645,808.5,-0.11,-2.4e-05,66572,931.3,-34.0,-0.005728,53412,917.4,109.61,0.024354,53819,922.2,115.88,0.023463,105742,1096.6,-166.59,-0.055736,98787,1100.9,258.48,0.097177,94029,1072.8,331.15,0.10071,140207,1143.4,79.81,0.062052,94672,1043.4,10.34,0.005948,63764,813.0,3.04,0.00049,56839,901.1,136.77,0.020329,53412,917.4,109.61,0.024354,53819,922.2,115.88,0.023463,105742,1096.6,-166.59,-0.055736,98787,1100.9,258.48,0.097177,94029,1072.8,331.15,0.10071,140207,1143.4,79.81,0.062052,94672,1043.4,10.34,0.005948
450,450.07,0.0083346,82460,808.1,0.46,9.7e-05,67048,932.8,-37.69,-0.006383,53849,918.6,110.29,0.024674,53764,922.0,114.88,0.023243,105048,1095.3,-164.32,-0.054682,97972,1100.1,257.56,0.096099,94439,1075.9,323.96,0.098666,140173,1144.1,77.35,0.060088,94670,1043.3,6.51,0.003748,62534,809.4,3.7,0.000588,55858,897.4,138.79,0.020356,53849,918.6,110.29,0.024674,53764,922.0,114.88,0.023243,105048,1095.3,-164.32,-0.054682,97972,1100.1,257.56,0.096099,94439,1075.9,323.96,0.098666,140173,1144.1,77.35,0.060088,94670,1043.3,6.51,0.003748
451,451.06,0.0083529,82090,807.3,0.88,0.000183,67651,934.8,-42.6,-0.007264,54366,920.1,110.89,0.025005,53682,921.6,115.01,0.023242,104281,1093.7,-162.34,-0.053706,97270,1099.4,256.23,0.094979,95127,1079.9,315.31,0.096373,140032,1144.6,73.99,0.057392,94685,1043.3,2.67,0.001537,61153,805.2,4.21,0.000657,54866,893.6,140.9,0.020385,54366,920.1,110.89,0.025005,53682,921.6,115.01,0.023242,104281,1093.7,-162.34,-0.053706,97270,1099.4,256.23,0.094979,95127,1079.9,315.31,0.096373,140032,1144.6,73.99,0.057392,94685,1043.3,2.67,0.001537
452,452.05,0.0083712,81591,806.2,1.16,0.000242,68085,936.2,-46.8,-0.008019,54790,921.2,111.08,0.025213,53536,921.0,118.07,0.023813,103518,1092.0,-160.7,-0.052853,96677,1098.8,254.4,0.093779,96151,1085.3,304.84,0.093702,139679,1144.8,69.74,0.053951,94707,1043.4,-1.16,-0.000667,59702,800.8,4.5,0.00069,53930,890.0,142.72,0.020379,54790,921.2,111.08,0.025213,53536,921.0,118.07,0.023813,103518,1092.0,-160.7,-0.052853,96677,1098.8,254.4,0.093779,96151,1085.3,304.84,0.093702,139679,1144.8,69.74,0.053951,94707,1043.4,-1.16,-0.000667
453,453.1,0.0083907,80993,804.8,1.3,0.00027,68191,936.6,-49.17,-0.008435,55228,922.3,112.45,0.025698,53545,921.0,122.21,0.024653,102693,1090.2,-159.12,-0.052006,96151,1098.2,251.83,0.092379,97722,1092.4,291.41,0.090443,139094,1144.5,64.81,0.049937,94732,1043.4,-5.24,-0.003014,58151,795.9,4.61,0.000693,53037,886.5,144.16,0.020324,55228,922.3,112.45,0.025698,53545,921.0,122.21,0.024653,102693,1090.2,-159.12,-0.052006,96151,1098.2,251.83,0.092379,97722,1092.4,291.41,0.090443,139094,1144.5,64.81,0.049937,94732,1043.4,-5.24,-0.003014
454,454.09,0.008409,80419,803.5,1.33,0.000275,68075,936.3,-49.79,-0.00853,55794,923.9,116.67,0.026888,54467,924.5,119.93,0.024514,101894,1088.3,-157.75,-0.051246,95756,1097.6,248.88,0.090973,99642,1099.8,276.53,0.086926,138362,1143.9,60.79,0.046619,94751,1043.5,-9.06,-0.005215,56739,791.4,4.59,0.000677,52305,883.5,145.15,0.020248,55794,923.9,116.67,0.026888,54467,924.5,119.93,0.024514,101894,1088.3,-157.75,-0.051246,95756,1097.6,248.88,0.090973,99642,1099.8,276.53,0.086926,138362,1143.9,60.79,0.046619,94751,1043.5,-9.06,-0.005215
455,455.08,0.0084273,79851,802.2,1.33,0.000273,67753,935.3,-48.83,-0.008335,56393,925.5,123.56,0.028733,64987,964.9,41.71,0.009746,101066,1086.3,-156.47,-0.050508,95455,1097.0,245.46,0.089489,101904,1107.4,259.89,0.082981,137590,1143.2,58.53,0.044667,94771,1043.7,-12.83,-0.007389,55389,787.0,4.49,0.000651,51651,880.9,146.09,0.020186,56393,925.5,123.56,0.028733,64987,964.9,41.71,0.009746,101066,1086.3,-156.47,-0.050508,95455,1097.0,245.46,0.089489,101904,1107.4,259.89,0.082981,137590,1143.2,58.53,0.044667,94771,1043.7,-12.83,-0.007389
456,456.06,0.0084456,79286,800.8,1.34,0.000273,67148,933.4,-44.65,-0.007568,56936,926.9,129.71,0.030409,84923,1028.1,-80.09,-0.022954,100208,1084.2,-155.22,-0.049777,95342,1096.7,241.19,0.087848,104325,1114.7,242.39,0.07871,137017,1142.9,58.92,0.044784,94805,1043.8,-16.51,-0.009505,54112,782.8,4.35,0.000619,51039,878.4,147.3,0.020169,56936,926.9,129.71,0.030409,84923,1028.1,-80.09,-0.022954,100208,1084.2,-155.22,-0.049777,95342,1096.7,241.19,0.087848,104325,1114.7,242.39,0.07871,137017,1142.9,58.92,0.044784,94805,1043.8,-16.51,-0.009505
457,457.05,0.0084639,78710,799.5,1.38,0.00028,66421,931.1,-37.4,-0.006287,58112,930.8,126.93,0.030245,93045,1050.2,-116.23,-0.03573,99316,1081.9,-153.96,-0.049037,95500,1097.2,234.94,0.085677,106921,1121.9,225.97,0.07472,136744,1143.2,61.96,0.046989,94832,1044.0,-20.17,-0.011617,52920,778.8,4.15,0.000581,50425,875.8,149.04,0.02022,58112,930.8,126.93,0.030245,93045,1050.2,-116.23,-0.03573,99316,1081.9,-153.96,-0.049037,95500,1097.2,234.94,0.085677,106921,1121.9,225.97,0.07472,136744,1143.2,61.96,0.046989,94832,1044.0,-20.17,-0.011617
458,458.04,0.0084822,78105,798.1,1.46,0.000295,65891,929.5,-26.82,-0.004481,64184,952.9,77.06,0.01981,96040,1058.0,-121.9,-0.038393,98385,1079.5,-152.71,-0.04829,95888,1098.3,226.46,0.082841,109210,1128.1,209.61,0.070407,136668,1144.0,67.2,0.050897,94740,1043.9,-24.38,-0.014026,51823,775.0,3.9,0.000537,49772,873.1,151.46,0.020345,64184,952.9,77.06,0.01981,96040,1058.0,-121.9,-0.038393,98385,1079.5,-152.71,-0.04829,95888,1098.3,226.46,0.082841,109210,1128.1,209.61,0.070407,136668,1144.0,67.2,0.050897,94740,1043.9,-24.38,-0.014026
459,459.09,0.0085017,77414,796.4,1.58,0.000317,65748,929.0,-10.98,-0.001832,84108,1016.6,-59.22,-0.0187,98530,1064.3,-125.26,-0.040235,97360,1076.8,-151.4,-0.047498,96801,1100.8,216.5,0.079765,111359,1133.9,193.2,0.065835,136423,1144.9,74.0,0.055909,94388,1043.2,-30.1,-0.017266,50769,771.4,3.58,0.000484,49010,869.9,154.75,0.020545,84108,1016.6,-59.22,-0.0187,98530,1064.3,-125.26,-0.040235,97360,1076.8,-151.4,-0.047498,96801,1100.8,216.5,0.079765,111359,1133.9,193.2,0.065835,136423,1144.9,74.0,0.055909,94388,1043.2,-30.1,-0.017266
460,460.08,0.0085199,76725,794.8,1.69,0.000336,66096,930.2,7.32,0.001225,91489,1037.5,-117.9,-0.039681,100710,1069.7,-132.42,-0.043255,96389,1074.2,-150.26,-0.046783,98223,1104.9,203.68,0.075864,113150,1138.7,179.3,0.061817,135722,1144.9,80.16,0.060249,94263,1043.1,-34.48,-0.019757,49897,768.3,3.23,0.000431,48247,866.6,158.27,0.020763,91489,1037.5,-117.9,-0.039681,100710,1069.7,-132.42,-0.043255,96389,1074.2,-150.26,-0.046783,98223,1104.9,203.68,0.075864,113150,1138.7,179.3,0.061817,135722,1144.9,80.16,0.060249,94263,1043.1,-34.48,-0.019757
461,461.06,0.0085382,76008,793.1,1.77,0.00035,66534,931.6,25.26,0.004252,91667,1039.1,-140.35,-0.047255,102332,1073.7,-143.81,-0.047555,95420,1071.6,-149.18,-0.04609,100140,1110.0,186.93,0.070655,114517,1142.4,165.96,0.057719,134488,1143.9,85.76,0.063929,95070,1045.4,-34.2,-0.01972,49136,765.6,2.86,0.000378,47474,863.3,161.83,0.02097,91667,1039.1,-140.35,-0.047255,102332,1073.7,-143.81,-0.047555,95420,1071.6,-149.18,-0.04609,100140,1110.0,186.93,0.070655,114517,1142.4,165.96,0.057719,134488,1143.9,85.76,0.063929,95070,1045.4,-34.2,-0.01972
462,462.05,0.0085564,75278,791.3,1.82,0.000357,66725,932.1,40.49,0.00683,90840,1038.1,-160.12,-0.053472,103088,1075.5,-157.28,-0.052307,94464,1068.9,-148.13,-0.045419,102274,1115.7,168.83,0.064839,115672,1145.6,154.0,0.053952,132830,1142.2,91.14,0.067199,101898,1062.7,-3.45,-0.002098,48478,763.2,2.52,0.000329,46740,860.1,165.02,0.021132,90840,1038.1,-160.12,-0.053472,103088,1075.5,-157.28,-0.052307,94464,1068.9,-148.13,-0.045419,102274,1115.7,168.83,0.064839,115672,1145.6,154.0,0.053952,132830,1142.2,91.14,0.067199,101898,1062.7,-3.45,-0.002098
463,463.1,0.0085759,74491,789.4,1.86,0.000361,66701,932.0,54.5,0.009191,89887,1037.1,-184.52,-0.061034,102841,1074.6,-171.48,-0.056941,93455,1066.1,-147.0,-0.044709,104507,1121.6,149.7,0.058442,116651,1148.3,142.35,0.050174,130770,1139.9,97.03,0.070575,117490,1098.2,63.63,0.043159,47871,761.0,2.2,0.000285,46045,857.0,167.68,0.021229,89887,1037.1,-184.52,-0.061034,102841,1074.6,-171.48,-0.056941,93455,1066.1,-147.0,-0.044709,104507,1121.6,149.7,0.058442,116651,1148.3,142.35,0.050174,130770,1139.9,97.03,0.070575,117490,1098.2,63.63,0.043159
464,464.08,0.0085941,73748,787.6,1.89,0.000364,66492,931.3,66.72,0.011225,88689,1035.4,-208.2,-0.068063,101733,1071.5,-184.31,-0.060718,92510,1063.4,-145.93,-0.044047,106149,1125.8,132.65,0.052402,117238,1149.9,131.58,0.046546,128725,1137.7,102.86,0.073791,125056,1113.3,90.88,0.064722,47368,759.1,1.98,0.000254,45498,854.5,169.21,0.021229,88689,1035.4,-208.2,-0.068063,101733,1071.5,-184.31,-0.060718,92510,1063.4,-145.93,-0.044047,106149,1125.8,132.65,0.052402,117238,1149.9,131.58,0.046546,128725,1137.7,102.86,0.073791,125056,1113.3,90.88,0.064722
465,465.07,0.0086124,73020,785.8,1.86,0.000356,66218,930.3,78.74,0.013207,87021,1032.3,-230.05,-0.074009,99830,1066.3,-195.9,-0.063636,91552,1060.6,-144.93,-0.043407,107301,1128.9,117.33,0.046726,117664,1151.1,121.17,0.042974,126697,1135.6,108.88,0.07702,127747,1117.9,96.61,0.069998,46909,757.4,1.83,0.000233,45053,852.4,169.58,0.02112,87021,1032.3,-230.05,-0.074009,99830,1066.3,-195.9,-0.063636,91552,1060.6,-144.93,-0.043407,107301,1128.9,117.33,0.046726,117664,1151.1,121.17,0.042974,126697,1135.6,108.88,0.07702,127747,1117.9,96.61,0.069998
466,466.05,0.0086306,72324,784.0,1.8,0.000341,65869,929.1,90.14,0.015057,84992,1028.2,-248.76,-0.078478,97348,1059.6,-206.76,-0.065908,90569,1057.7,-144.24,-0.042853,108172,1131.2,104.01,0.041674,117959,1152.0,110.81,0.039369,124787,1133.7,114.84,0.080144,129520,1120.6,97.84,0.0717,46475,755.8,1.76,0.000222,44676,850.7,168.77,0.020886,84992,1028.2,-248.76,-0.078478,97348,1059.6,-206.76,-0.065908,90569,1057.7,-144.24,-0.042853,108172,1131.2,104.01,0.041674,117959,1152.0,110.81,0.039369,124787,1133.7,114.84,0.080144,129520,1120.6,97.84,0.0717
467,467.04,0.0086488,71683,782.4,1.66,0.000312,65453,927.7,99.9,0.016609,82953,1023.6,-262.23,-0.081101,94493,1051.8,-217.4,-0.067765,89552,1054.7,-144.07,-0.042443,109290,1134.1,94.31,0.03808,118086,1152.4,100.02,0.035561,123070,1132.3,120.45,0.083008,130504,1121.9,101.63,0.074955,46050,754.2,1.73,0.000218,44365,849.1,166.81,0.020537,82953,1023.6,-262.23,-0.081101,94493,1051.8,-217.4,-0.067765,89552,1054.7,-144.07,-0.042443,109290,1134.1,94.31,0.03808,118086,1152.4,100.02,0.035561,123070,1132.3,120.45,0.083008,130504,1121.9,101.63,0.074955
468,468.09,0.0086683,71170,781.1,1.18,0.000221,64985,926.0,107.55,0.017784,81099,1018.3,-272.91,-0.082953,91256,1042.7,-229.06,-0.069557,88456,1051.4,-144.39,-0.042148,111865,1140.6,91.78,0.037712,118080,1152.5,88.03,0.031292,121498,1131.3,125.68,0.085577,129513,1119.3,113.65,0.08338,45597,752.5,1.75,0.000219,44121,847.9,162.64,0.019942,81099,1018.3,-272.91,-0.082953,91256,1042.7,-229.06,-0.069557,88456,1051.4,-144.39,-0.042148,111865,1140.6,91.78,0.037712,118080,1152.5,88.03,0.031292,121498,1131.3,125.68,0.085577,129513,1119.3,113.65,0.08338
469,469.07,0.0086865,71052,780.8,0.21,3.9e-05,64561,924.5,111.93,0.018418,79512,1013.6,-279.73,-0.083746,88184,1033.8,-240.49,-0.071175,87480,1048.4,-144.71,-0.041897,115788,1150.0,96.45,0.040687,118059,1152.5,76.84,0.02731,120277,1131.1,129.59,0.087371,124430,1108.6,138.74,0.098734,45163,750.8,1.81,0.000224,43966,847.1,156.12,0.019094,79512,1013.6,-279.73,-0.083746,88184,1033.8,-240.49,-0.071175,87480,1048.4,-144.71,-0.041897,115788,1150.0,96.45,0.040687,118059,1152.5,76.84,0.02731,120277,1131.1,129.59,0.087371,124430,1108.6,138.74,0.098734
470,470.06,0.0087048,71338,781.7,-0.89,-0.000167,64239,923.4,113.67,0.018635,78224,1009.8,-283.52,-0.08382,85222,1025.0,-251.86,-0.07266,86634,1045.7,-144.48,-0.041532,120348,1161.0,104.06,0.045191,118499,1153.6,68.13,0.024283,119293,1131.3,132.36,0.088491,117064,1092.8,170.56,0.115838,44709,749.1,1.92,0.000236,44238,848.2,145.07,0.017829,78224,1009.8,-283.52,-0.08382,85222,1025.0,-251.86,-0.07266,86634,1045.7,-144.48,-0.041532,120348,1161.0,104.06,0.045191,118499,1153.6,68.13,0.024283,119293,1131.3,132.36,0.088491,117064,1092.8,170.56,0.115838
471,471.04,0.008723,72140,783.9,-2.24,-0.000424,64105,922.9,113.09,0.018512,77144,1005.9,-283.6,-0.083007,82480,1016.5,-262.55,-0.073916,86047,1043.9,-143.57,-0.041061,124490,1171.4,107.84,0.048019,120290,1157.6,66.14,0.023845,118541,1131.9,133.96,0.088948,110395,1077.9,198.16,0.128682,44215,747.1,2.12,0.000258,45089,851.8,127.69,0.015927,77144,1005.9,-283.6,-0.083007,82480,1016.5,-262.55,-0.073916,86047,1043.9,-143.57,-0.041061,124490,1171.4,107.84,0.048019,120290,1157.6,66.14,0.023845,118541,1131.9,133.96,0.088948,110395,1077.9,198.16,0.128682
472,472.09,0.0087424,73428,787.6,-3.19,-0.000612,64049,922.5,110.23,0.018032,76468,1003.4,-281.66,-0.081922,79892,1008.2,-272.48,-0.074914,85789,1042.4,-140.44,-0.040099,127407,1178.3,106.33,0.04817,123743,1165.2,71.47,0.026334,117986,1133.0,134.45,0.088765,105074,1065.6,218.49,0.136593,43622,744.8,2.43,0.000292,46159,856.3,107.56,0.013662,76468,1003.4,-281.66,-0.081922,79892,1008.2,-272.48,-0.074914,85789,1042.4,-140.44,-0.040099,127407,1178.3,106.33,0.04817,123743,1165.2,71.47,0.026334,117986,1133.0,134.45,0.088765,105074,1065.6,218.49,0.136593
473,473.07,0.0087605,74665,791.0,-3.1,-0.000602,64167,922.8,106.37,0.017427,76097,1001.8,-279.05,-0.080894,77846,1001.4,-279.69,-0.075435,85893,1042.4,-136.28,-0.038963,128856,1182.4,101.02,0.046123,128122,1174.6,82.01,0.031035,117639,1134.4,134.15,0.088202,101569,1057.7,229.99,0.140035,42992,742.3,2.78,0.000331,46780,858.9,92.13,0.011825,76097,1001.8,-279.05,-0.080894,77846,1001.4,-279.69,-0.075435,85893,1042.4,-136.28,-0.038963,128856,1182.4,101.02,0.046123,128122,1174.6,82.01,0.031035,117639,1134.4,134.15,0.088202,101569,1057.7,229.99,0.140035
474,474.05,0.0087786,75556,793.5,-2.13,-0.000417,64195,922.8,102.87,0.016862,76015,1001.1,-274.57,-0.079567,76131,995.6,-284.84,-0.075572,86432,1043.4,-130.28,-0.037443,129945,1185.9,94.59,0.043428,131755,1182.3,89.48,0.034599,117434,1136.0,133.03,0.087192,99014,1052.1,236.34,0.141016,42289,739.5,3.14,0.00037,46925,859.4,81.29,0.01046,76015,1001.1,-274.57,-0.079567,76131,995.6,-284.84,-0.075572,86432,1043.4,-130.28,-0.037443,129945,1185.9,94.59,0.043428,131755,1182.3,89.48,0.034599,117434,1136.0,133.03,0.087192,99014,1052.1,236.34,0.141016
475,475.09,0.0087979,75900,794.5,-0.63,-0.000125,64114,922.5,99.96,0.016371,76699,1002.6,-265.26,-0.077446,74587,990.2,-288.53,-0.075406,87132,1044.9,-123.79,-0.035817,130885,1189.1,89.38,0.04122,134185,1187.3,91.91,0.03604,117318,1137.6,131.16,0.085754,96951,1048.1,239.55,0.140489,41477,736.2,3.47,0.000402,46787,858.7,73.23,0.009403,76699,1002.6,-265.26,-0.077446,74587,990.2,-288.53,-0.075406,87132,1044.9,-123.79,-0.035817,130885,1189.1,89.38,0.04122,134185,1187.3,91.91,0.03604,117318,1137.6,131.16,0.085754,96951,1048.1,239.55,0.140489
476,476.06,0.008816,75680,793.9,0.65,0.000128,64532,923.8,93.44,0.015382,78361,1007.3,-250.87,-0.074483,73354,985.8,-290.56,-0.075013,87592,1045.7,-119.29,-0.03467,131657,1191.9,84.95,0.039316,135454,1189.9,90.97,0.03593,117303,1139.2,128.89,0.084145,95582,1046.1,240.75,0.139465,40687,732.9,3.65,0.000417,46594,857.8,65.93,0.00844,78361,1007.3,-250.87,-0.074483,73354,985.8,-290.56,-0.075013,87592,1045.7,-119.29,-0.03467,131657,1191.9,84.95,0.039316,135454,1189.9,90.97,0.03593,117303,1139.2,128.89,0.084145,95582,1046.1,240.75,0.139465
477,477.04,0.008834,74953,792.2,1.94,0.000378,71623,946.9,42.21,0.007522,80631,1013.0,-232.19,-0.070533,72351,982.2,-291.06,-0.074389,87867,1045.9,-116.72,-0.034023,132324,1194.4,80.57,0.037397,135997,1191.0,87.32,0.034596,117406,1140.8,126.14,0.08231,94795,1045.5,241.53,0.138842,39906,729.7,3.67,0.000413,48823,867.3,36.48,0.004839,80631,1013.0,-232.19,-0.070533,72351,982.2,-291.06,-0.074389,87867,1045.9,-116.72,-0.034023,132324,1194.4,80.57,0.037397,135997,1191.0,87.32,0.034596,117406,1140.8,126.14,0.08231,94795,1045.5,241.53,0.138842
478,478.08,0.0088533,73675,789.0,3.19,0.000613,89130,997.1,-63.63,-0.013404,83164,1019.5,-212.41,-0.066128,71567,979.4,-289.75,-0.073464,88196,1046.2,-116.43,-0.034056,132901,1196.8,76.11,0.035412,136276,1191.6,83.44,0.033109,117577,1142.5,122.96,0.080232,94672,1046.3,242.54,0.139141,39117,726.3,3.54,0.000392,64495,927.5,-96.66,-0.015838,83164,1019.5,-212.41,-0.066128,71567,979.4,-289.75,-0.073464,88196,1046.2,-116.43,-0.034056,132901,1196.8,76.11,0.035412,136276,1191.6,83.44,0.033109,117577,1142.5,122.96,0.080232,94672,1046.3,242.54,0.139141
479,479.05,0.0088713,72113,785.1,4.13,0.000781,97159,1017.3,-108.57,-0.024435,85242,1024.6,-196.3,-0.062327,71261,978.1,-287.61,-0.0727,88864,1047.4,-119.25,-0.035104,133285,1198.5,71.93,0.033513,136301,1191.6,81.05,0.032167,117730,1143.9,119.78,0.078157,95222,1049.7,244.94,0.140873,38438,723.4,3.32,0.000363,75789,963.3,-178.85,-0.033155,85242,1024.6,-196.3,-0.062327,71261,978.1,-287.61,-0.0727,88864,1047.4,-119.25,-0.035104,133285,1198.5,71.93,0.033513,136301,1191.6,81.05,0.032167,117730,1143.9,119.78,0.078157,95222,1049.7,244.94,0.140873
480,480.08,0.0088904,70227,780.4,4.77,0.000882,99274,1022.5,-122.3,-0.027978,86976,1028.7,-181.32,-0.058511,71062,977.0,-281.3,-0.070991,90482,1051.1,-127.25,-0.038008,133519,1199.9,67.12,0.031293,136022,1191.1,79.88,0.031652,117874,1145.3,116.12,0.075773,96035,1054.8,246.71,0.14241,37778,720.5,3.08,0.000332,78431,971.4,-201.11,-0.03826,86976,1028.7,-181.32,-0.058511,71062,977.0,-281.3,-0.070991,90482,1051.1,-127.25,-0.038008,133519,1199.9,67.12,0.031293,136022,1191.1,79.88,0.031652,117874,1145.3,116.12,0.075773,96035,1054.8,246.71,0.14241
481,481.05,0.0089084,68400,775.6,5.01,0.00091,99773,1023.9,-127.81,-0.029348,88335,1031.7,-169.64,-0.055432,72121,980.2,-269.43,-0.068782,93076,1057.2,-139.86,-0.042723,133536,1200.7,62.43,0.029093,135426,1189.9,79.67,0.031462,117977,1146.4,112.39,0.073332,96889,1059.7,246.77,0.143056,37208,718.0,2.9,0.000309,79053,973.6,-209.66,-0.040116,88335,1031.7,-169.64,-0.055432,72121,980.2,-269.43,-0.068782,93076,1057.2,-139.86,-0.042723,133536,1200.7,62.43,0.029093,135426,1189.9,79.67,0.031462,117977,1146.4,112.39,0.073332,96889,1059.7,246.77,0.143056
482,482.09,0.0089275,66496,770.6,5.03,0.000893,99857,1024.3,-131.49,-0.030206,89422,1034.0,-158.84,-0.052425,74979,989.0,-244.79,-0.06439,96315,1064.6,-154.22,-0.048407,133297,1200.8,57.57,0.026777,134463,1188.0,80.29,0.031529,118064,1147.4,108.19,0.070587,97734,1064.8,244.46,0.142266,36624,715.4,2.84,0.000299,79166,974.3,-215.22,-0.041207,89422,1034.0,-158.84,-0.052425,74979,989.0,-244.79,-0.06439,96315,1064.6,-154.22,-0.048407,133297,1200.8,57.57,0.026777,134463,1188.0,80.29,0.031529,118064,1147.4,108.19,0.070587,97734,1064.8,244.46,0.142266
483,483.06,0.0089455,64797,766.0,4.92,0.000856,99386,1023.4,-132.48,-0.030315,90156,1035.4,-150.44,-0.049993,78555,999.7,-217.46,-0.059286,99303,1071.1,-165.27,-0.053162,132777,1200.2,53.75,0.024912,133175,1185.4,81.27,0.03168,118122,1148.2,104.13,0.067922,98309,1069.2,241.19,0.140609,36074,712.9,2.91,0.000303,78929,974.0,-218.12,-0.04165,90156,1035.4,-150.44,-0.049993,78555,999.7,-217.46,-0.059286,99303,1071.1,-165.27,-0.053162,132777,1200.2,53.75,0.024912,133175,1185.4,81.27,0.03168,118122,1148.2,104.13,0.067922,98309,1069.2,241.19,0.140609
484,484.09,0.0089646,63089,761.3,4.76,0.000812,98530,1021.5,-131.82,-0.02996,90630,1036.1,-142.87,-0.047695,81837,1009.3,-191.98,-0.05401,102546,1077.8,-174.04,-0.057454,131909,1198.8,50.88,0.023457,131449,1181.9,82.71,0.031917,118152,1149.0,99.71,0.065012,98569,1073.0,238.16,0.13871,35556,710.7,3.44,0.000354,78572,973.3,-220.17,-0.04188,90630,1036.1,-142.87,-0.047695,81837,1009.3,-191.98,-0.05401,102546,1077.8,-174.04,-0.057454,131909,1198.8,50.88,0.023457,131449,1181.9,82.71,0.031917,118152,1149.0,99.71,0.065012,98569,1073.0,238.16,0.13871
485,485.06,0.0089825,61574,757.0,4.64,0.000776,97533,1019.3,-130.33,-0.029385,90867,1036.3,-136.83,-0.045789,84020,1015.5,-174.11,-0.04998,105671,1083.9,-180.28,-0.060984,130826,1196.9,49.22,0.022542,129588,1178.0,84.43,0.032224,118144,1149.6,95.46,0.062205,98537,1075.9,236.57,0.137371,35011,708.4,4.31,0.000438,78289,972.8,-222.04,-0.042105,90867,1036.3,-136.83,-0.045789,84020,1015.5,-174.11,-0.04998,105671,1083.9,-180.28,-0.060984,130826,1196.9,49.22,0.022542,129588,1178.0,84.43,0.032224,118144,1149.6,95.46,0.062205,98537,1075.9,236.57,0.137371
486,486.09,0.0090016,60028,752.6,4.55,0.000747,96249,1016.4,-127.59,-0.028471,90970,1036.2,-131.16,-0.043945,85576,1020.1,-160.08,-0.046597,108863,1089.6,-185.77,-0.064395,129490,1194.2,48.14,0.021869,127448,1173.6,86.62,0.032638,118098,1150.1,90.83,0.059134,98367,1078.6,236.04,0.136483,34389,705.9,5.52,0.000553,78159,972.8,-224.74,-0.042548,90970,1036.2,-131.16,-0.043945,85576,1020.1,-160.08,-0.046597,108863,1089.6,-185.77,-0.064395,129490,1194.2,48.14,0.021869,127448,1173.6,86.62,0.032638,118098,1150.1,90.83,0.059134,98367,1078.6,236.04,0.136483
487,487.06,0.0090195,58624,748.5,4.53,0.00073,94959,1013.4,-124.64,-0.027522,90951,1035.8,-126.56,-0.04241,86534,1022.9,-149.97,-0.044017,111477,1094.2,-190.58,-0.06737,128063,1191.3,47.95,0.021594,125374,1169.2,89.02,0.033121,117993,1150.4,86.34,0.056145,97990,1080.2,236.33,0.13592,33802,703.9,6.92,0.000684,78196,973.2,-227.97,-0.043163,90951,1035.8,-126.56,-0.04241,86534,1022.9,-149.97,-0.044017,111477,1094.2,-190.58,-0.06737,128063,1191.3,47.95,0.021594,125374,1169.2,89.02,0.033121,117993,1150.4,86.34,0.056145,97990,1080.2,236.33,0.13592
488,488.09,0.0090386,57145,744.1,4.59,0.000726,93611,1010.2,-121.6,-0.026553,90801,1035.1,-122.5,-0.041009,87216,1025.1,-141.39,-0.041735,113722,1098.4,-196.14,-0.070456,126322,1187.7,48.68,0.02169,123107,1164.4,91.93,0.03372,117782,1150.5,81.39,0.052828,97449,1082.1,237.83,0.1358,33215,702.2,8.73,0.00085,78327,973.9,-231.74,-0.043917,90801,1035.1,-122.5,-0.041009,87216,1025.1,-141.39,-0.041735,113722,1098.4,-196.14,-0.070456,126322,1187.7,48.68,0.02169,123107,1164.4,91.93,0.03372,117782,1150.5,81.39,0.052828,97449,1082.1,237.83,0.1358
489,489.05,0.0090565,55761,739.9,4.69,0.000728,92470,1007.5,-119.04,-0.025745,90538,1034.2,-119.47,-0.039917,87625,1026.6,-134.75,-0.039906,115244,1101.5,-201.73,-0.073229,124556,1184.0,49.94,0.022009,120973,1159.9,94.93,0.034354,117421,1150.2,76.32,0.049399,97019,1083.6,239.05,0.135699,32737,701.3,10.82,0.001039,78463,974.6,-235.18,-0.044616,90538,1034.2,-119.47,-0.039917,87625,1026.6,-134.75,-0.039906,115244,1101.5,-201.73,-0.073229,124556,1184.0,49.94,0.022009,120973,1159.9,94.93,0.034354,117421,1150.2,76.32,0.049399,97019,1083.6,239.05,0.135699
490,490.08,0.0090756,54317,735.4,4.69,0.000712,91453,1005.1,-116.49,-0.024977,90144,1032.9,-116.98,-0.038962,87902,1027.8,-128.96,-0.038268,116256,1103.8,-208.26,-0.07611,122576,1179.8,51.65,0.022482,118723,1155.1,98.35,0.035075,116894,1149.5,70.27,0.045305,96717,1085.6,239.2,0.13511,32324,701.5,13.69,0.001298,78580,975.2,-238.54,-0.045292,90144,1032.9,-116.98,-0.038962,87902,1027.8,-128.96,-0.038268,116256,1103.8,-208.26,-0.07611,122576,1179.8,51.65,0.022482,118723,1155.1,98.35,0.035075,116894,1149.5,70.27,0.045305,96717,1085.6,239.2,0.13511
491,491.05,0.0090935,53037,731.4,4.54,0.000677,90748,1003.4,-114.02,-0.024298,89691,1031.5,-115.21,-0.038233,88036,1028.6,-124.6,-0.037003,116724,1105.5,-214.84,-0.078702,120705,1175.7,53.74,0.023115,116640,1150.6,101.67,0.03576,116530,1149.1,64.53,0.041492,96563,1087.8,238.73,0.134365,32028,702.8,17.07,0.0016,78647,975.6,-241.33,-0.04584,89691,1031.5,-115.21,-0.038233,88036,1028.6,-124.6,-0.037003,116724,1105.5,-214.84,-0.078702,120705,1175.7,53.74,0.023115,116640,1150.6,101.67,0.03576,116530,1149.1,64.53,0.041492,96563,1087.8,238.73,0.134365
492,492.08,0.0091126,51819,727.5,4.11,0.000602,90317,1002.5,-110.72,-0.023504,89150,1029.9,-113.87,-0.037617,88053,1029.1,-121.08,-0.035943,116699,1107.1,-221.77,-0.081107,118724,1171.4,56.45,0.023972,114429,1145.8,105.27,0.036476,116597,1149.6,59.72,0.038404,96448,1090.0,237.47,0.133229,31807,705.6,20.96,0.001944,78661,976.0,-243.9,-0.046321,89150,1029.9,-113.87,-0.037617,88053,1029.1,-121.08,-0.035943,116699,1107.1,-221.77,-0.081107,118724,1171.4,56.45,0.023972,114429,1145.8,105.27,0.036476,116597,1149.6,59.72,0.038404,96448,1090.0,237.47,0.133229
493,493.04,0.0091305,50858,724.4,3.57,0.000515,90199,1002.4,-106.73,-0.02263,88605,1028.3,-113.0,-0.037162,87990,1029.5,-118.83,-0.035239,116343,1108.7,-228.64,-0.083246,116889,1167.2,59.3,0.024883,112375,1141.4,108.69,0.037129,117528,1152.3,58.61,0.037899,96361,1091.9,235.92,0.132004,31802,710.2,24.37,0.002245,78598,976.0,-245.82,-0.046644,88605,1028.3,-113.0,-0.037162,87990,1029.5,-118.83,-0.035239,116343,1108.7,-228.64,-0.083246,116889,1167.2,59.3,0.024883,112375,1141.4,108.69,0.037129,117528,1152.3,58.61,0.037899,96361,1091.9,235.92,0.132004
494,494.07,0.0091495,49919,721.2,3.37,0.00048,90339,1003.0,-101.88,-0.021624,88027,1026.6,-112.57,-0.036836,87791,1029.5,-117.21,-0.034678,115666,1110.7,-235.87,-0.085223,114940,1162.7,62.44,0.025864,110266,1136.9,112.39,0.037821,119476,1157.1,62.32,0.040797,96274,1093.9,233.96,0.130554,32149,718.0,28.6,0.002635,78423,975.8,-247.21,-0.046816,88027,1026.6,-112.57,-0.036836,87791,1029.5,-117.21,-0.034678,115666,1110.7,-235.87,-0.085223,114940,1162.7,62.44,0.025864,110266,1136.9,112.39,0.037821,119476,1157.1,62.32,0.040797,96274,1093.9,233.96,0.130554
495,495.04,0.0091674,49365,719.4,1.76,0.000249,90587,1003.8,-97.2,-0.020669,87500,1025.2,-112.62,-0.036684,87495,1029.3,-116.27,-0.034291,114878,1112.8,-242.56,-0.086878,113102,1158.3,65.35,0.026734,108419,1133.0,115.82,0.038455,122165,1163.5,71.31,0.047473,96172,1095.6,232.0,0.129123,34734,737.7,17.44,0.001689,78161,975.3,-247.97,-0.046828,87500,1025.2,-112.62,-0.036684,87495,1029.3,-116.27,-0.034291,114878,1112.8,-242.56,-0.086878,113102,1158.3,65.35,0.026734,108419,1133.0,115.82,0.038455,122165,1163.5,71.31,0.047473,96172,1095.6,232.0,0.129123
496,496.07,0.0091865,51452,726.8,-11.67,-0.0017,90788,1004.6,-92.94,-0.019793,86916,1023.6,-112.92,-0.036591,87239,1029.2,-116.47,-0.034251,113938,1115.2,-249.48,-0.088433,111153,1153.6,68.52,0.027661,106603,1129.2,119.29,0.039073,124080,1168.4,80.21,0.054007,96035,1097.2,229.87,0.127567,60015,840.5,-99.45,-0.014606,77810,974.5,-248.44,-0.046743,86916,1023.6,-112.92,-0.036591,87239,1029.2,-116.47,-0.034251,113938,1115.2,-249.48,-0.088433,111153,1153.6,68.52,0.027661,106603,1129.2,119.29,0.039073,124080,1168.4,80.21,0.054007,96035,1097.2,229.87,0.127567
497,497.04,0.0092044,71721,792.3,-74.78,-0.013923,90808,1004.9,-90.03,-0.01917,86337,1022.1,-113.31,-0.036529,87303,1030.0,-118.97,-0.034988,112966,1117.5,-255.6,-0.089644,109386,1149.2,71.72,0.028603,105027,1126.0,122.13,0.039524,124439,1170.1,86.54,0.058352,95889,1098.6,227.83,0.126083,97682,934.4,-106.4,-0.02288,77442,973.6,-248.77,-0.046626,86337,1022.1,-113.31,-0.036529,87303,1030.0,-118.97,-0.034988,112966,1117.5,-255.6,-0.089644,109386,1149.2,71.72,0.028603,105027,1126.0,122.13,0.039524,124439,1170.1,86.54,0.058352,95889,1098.6,227.83,0.126083
498,498.07,0.0092235,109541,885.8,-75.73,-0.019264,90558,1004.5,-88.69,-0.018839,85758,1020.5,-114.22,-0.036631,88428,1033.8,-127.84,-0.037939,111843,1119.8,-261.69,-0.090688,107598,1144.7,75.34,0.029672,103477,1122.9,124.46,0.039794,123433,1168.8,92.78,0.062123,95741,1100.0,225.6,0.124493,126138,988.6,-44.62,-0.01171,77018,972.6,-249.11,-0.046482,85758,1020.5,-114.22,-0.036631,88428,1033.8,-127.84,-0.037939,111843,1119.8,-261.69,-0.090688,107598,1144.7,75.34,0.029672,103477,1122.9,124.46,0.039794,123433,1168.8,92.78,0.062123,95741,1100.0,225.6,0.124493
499,499.1,0.0092426,133834,933.9,-33.2,-0.009787,90024,1003.4,-88.11,-0.018627,85393,1019.5,-116.11,-0.037114,91289,1042.4,-146.69,-0.044574,110544,1121.3,-266.92,-0.091302,105947,1140.4,79.11,0.030795,102090,1120.2,126.05,0.039856,121239,1164.7,99.82,0.065879,95593,1101.4,223.2,0.122827,138121,1012.1,0.09,2.6e-05,76557,971.6,-249.44,-0.046314,85393,1019.5,-116.11,-0.037114,91289,1042.4,-146.69,-0.044574,110544,1121.3,-266.92,-0.091302,105947,1140.4,79.11,0.030795,102090,1120.2,126.05,0.039856,121239,1164.7,99.82,0.065879,95593,1101.4,223.2,0.122827
500,500.07,0.0092605,139659,944.6,-6.8,-0.00207,89337,1001.8,-88.36,-0.018568,85650,1020.3,-121.93,-0.039063,94700,1052.3,-167.94,-0.052438,109165,1121.7,-270.99,-0.091504,104572,1136.6,82.82,0.031925,101030,1118.3,126.68,0.039707,118591,1159.6,107.72,0.06985,95455,1102.6,220.73,0.121156,139024,1018.1,22.1,0.006209,76090,970.7,-249.77,-0.046132,85650,1020.3,-121.93,-0.039063,94700,1052.3,-167.94,-0.052438,109165,1121.7,-270.99,-0.091504,104572,1136.6,82.82,0.031925,101030,1118.3,126.68,0.039707,118591,1159.6,107.72,0.06985,95455,1102.6,220.73,0.121156
501,501.1,0.0092796,135732,938.5,5.84,0.001737,88385,999.8,-89.43,-0.018629,87382,1025.1,-137.48,-0.044725,98051,1062.1,-188.71,-0.060448,107569,1121.1,-274.64,-0.091427,103339,1133.1,87.05,0.03326,100151,1117.0,126.52,0.03936,115648,1153.8,116.82,0.074243,95316,1103.8,217.81,0.119247,137773,1022.8,33.37,0.009246,75561,969.9,-250.15,-0.04592,87382,1025.1,-137.48,-0.044725,98051,1062.1,-188.71,-0.060448,107569,1121.1,-274.64,-0.091427,103339,1133.1,87.05,0.03326,100151,1117.0,126.52,0.03936,115648,1153.8,116.82,0.074243,95316,1103.8,217.81,0.119247
502,502.07,0.0092975,131057,930.9,5.96,0.001726,87364,997.5,-90.84,-0.018746,90178,1032.8,-160.15,-0.053366,100569,1069.7,-204.92,-0.066843,105975,1119.7,-277.46,-0.091113,102431,1130.3,91.25,0.034648,99551,1116.3,125.97,0.03898,112978,1148.4,125.12,0.078039,95197,1105.0,214.81,0.117339,139103,1033.1,35.5,0.009832,75043,969.2,-250.56,-0.045712,90178,1032.8,-160.15,-0.053366,100569,1069.7,-204.92,-0.066843,105975,1119.7,-277.46,-0.091113,102431,1130.3,91.25,0.034648,99551,1116.3,125.97,0.03898,112978,1148.4,125.12,0.078039,95197,1105.0,214.81,0.117339
503,503.1,0.0093166,129100,927.7,2.46,0.000706,86200,994.8,-92.47,-0.018879,93049,1040.8,-186.13,-0.063507,102587,1076.3,-219.29,-0.07252,104207,1117.6,-279.95,-0.090567,101741,1127.9,95.72,0.036173,99198,1116.4,125.13,0.038576,110247,1142.9,133.24,0.081486,95073,1106.1,211.38,0.115198,141595,1046.3,38.42,0.010694,74472,968.6,-251.05,-0.045483,93049,1040.8,-186.13,-0.063507,102587,1076.3,-219.29,-0.07252,104207,1117.6,-279.95,-0.090567,101741,1127.9,95.72,0.036173,99198,1116.4,125.13,0.038576,110247,1142.9,133.24,0.081486,95073,1106.1,211.38,0.115198
504,504.07,0.0093346,127119,924.4,3.3,0.000933,85080,992.2,-94.07,-0.019007,94839,1046.1,-208.3,-0.072071,103971,1081.2,-231.15,-0.077121,102486,1115.4,-281.75,-0.089825,101333,1126.2,99.46,0.037496,99147,1117.2,123.57,0.038051,107768,1137.8,140.04,0.084093,94962,1107.0,208.02,0.113143,141751,1055.3,45.16,0.012477,73925,968.1,-251.53,-0.04526,94839,1046.1,-208.3,-0.072071,103971,1081.2,-231.15,-0.077121,102486,1115.4,-281.75,-0.089825,101333,1126.2,99.46,0.037496,99147,1117.2,123.57,0.038051,107768,1137.8,140.04,0.084093,94962,1107.0,208.02,0.113143
505,505.1,0.0093537,123972,919.0,4.47,0.00124,83882,989.4,-95.81,-0.01914,95762,1049.5,-229.33,-0.079857,104903,1085.2,-242.56,-0.081356,100613,1113.0,-283.21,-0.08883,101078,1124.7,102.7,0.038669,99529,1119.1,121.52,0.037498,105205,1132.5,146.47,0.086267,94842,1107.8,204.31,0.110898,142503,1066.8,50.3,0.013822,73331,967.6,-252.04,-0.045007,95762,1049.5,-229.33,-0.079857,104903,1085.2,-242.56,-0.081356,100613,1113.0,-283.21,-0.08883,101078,1124.7,102.7,0.038669,99529,1119.1,121.52,0.037498,105205,1132.5,146.47,0.086267,94842,1107.8,204.31,0.110898
506,506.07,0.0093716,121361,914.5,3.95,0.00108,82773,986.8,-97.44,-0.01926,95848,1051.1,-247.35,-0.086079,105218,1087.4,-252.56,-0.084791,98851,1110.8,-284.25,-0.087767,100946,1123.4,104.69,0.039412,100330,1121.9,118.95,0.03691,102888,1127.5,151.79,0.087822,94733,1108.5,200.72,0.108757,144735,1080.2,53.43,0.014727,72769,967.4,-252.46,-0.044749,95848,1051.1,-247.35,-0.086079,105218,1087.4,-252.56,-0.084791,98851,1110.8,-284.25,-0.087767,100946,1123.4,104.69,0.039412,100330,1121.9,118.95,0.03691,102888,1127.5,151.79,0.087822,94733,1108.5,200.72,0.108757
507,507.04,0.0093896,119114,910.6,3.58,0.000964,81684,984.2,-99.06,-0.019373,95359,1051.6,-264.7,-0.091606,105032,1088.4,-262.39,-0.087858,97080,1108.6,-284.92,-0.086572,100877,1122.3,105.46,0.039718,101298,1125.2,115.91,0.036207,100664,1122.6,156.54,0.088996,94628,1109.1,196.98,0.106556,146081,1091.7,59.25,0.016311,72208,967.3,-252.84,-0.044475,95359,1051.6,-264.7,-0.091606,105032,1088.4,-262.39,-0.087858,97080,1108.6,-284.92,-0.086572,100877,1122.3,105.46,0.039718,101298,1125.2,115.91,0.036207,100664,1122.6,156.54,0.088996,94628,1109.1,196.98,0.106556
508,508.07,0.0094087,116777,906.5,3.55,0.00094,80548,981.6,-100.77,-0.019486,94281,1051.2,-282.34,-0.096638,104408,1088.2,-272.56,-0.090738,95165,1106.0,-285.12,-0.085124,100873,1121.1,104.92,0.039555,102389,1128.8,112.55,0.035421,98405,1117.5,161.07,0.089924,94493,1109.5,192.63,0.104019,146801,1102.3,65.9,0.018053,71627,967.4,-253.24,-0.044183,94281,1051.2,-282.34,-0.096638,104408,1088.2,-272.56,-0.090738,95165,1106.0,-285.12,-0.085124,100873,1121.1,104.92,0.039555,102389,1128.8,112.55,0.035421,98405,1117.5,161.07,0.089924,94493,1109.5,192.63,0.104019
509,509.04,0.0094267,114821,902.9,3.14,0.00082,79514,979.1,-102.33,-0.019582,92928,1050.0,-297.43,-0.100463,103513,1087.0,-282.04,-0.093186,93357,1103.2,-284.85,-0.083638,101004,1120.2,103.09,0.038944,103419,1132.1,109.18,0.034606,96407,1112.8,164.87,0.090561,94305,1109.5,188.0,0.101314,148393,1113.1,70.73,0.019397,71109,967.6,-253.67,-0.043925,92928,1050.0,-297.43,-0.100463,103513,1087.0,-282.04,-0.093186,93357,1103.2,-284.85,-0.083638,101004,1120.2,103.09,0.038944,103419,1132.1,109.18,0.034606,96407,1112.8,164.87,0.090561,94305,1109.5,188.0,0.101314
510,510.08,0.0094459,113226,900.0,2.42,0.000627,78470,976.7,-103.98,-0.019684,91333,1047.2,-312.55,-0.104036,102230,1084.8,-292.52,-0.095642,91434,1099.7,-284.16,-0.081972,101322,1119.8,100.7,0.038174,104426,1135.3,104.94,0.033493,94418,1108.0,168.5,0.091039,94001,1109.1,182.24,0.097925,150089,1123.4,76.68,0.021074,70584,968.0,-254.13,-0.043665,91333,1047.2,-312.55,-0.104036,102230,1084.8,-292.52,-0.095642,91434,1099.7,-284.16,-0.081972,101322,1119.8,100.7,0.038174,104426,1135.3,104.94,0.033493,94418,1108.0,168.5,0.091039,94001,1109.1,182.24,0.097925
511,511.05,0.0094638,112060,897.9,1.94,0.000499,77579,974.7,-105.57,-0.019799,89749,1044.5,-326.29,-0.106995,100761,1082.0,-302.93,-0.097881,89635,1095.8,-283.14,-0.080356,101853,1120.1,97.98,0.037329,105254,1137.9,100.42,0.032229,92692,1103.6,171.47,0.091316,93655,1108.5,176.37,0.09448,151017,1130.8,83.19,0.022854,70096,968.3,-254.47,-0.043405,89749,1044.5,-326.29,-0.106995,100761,1082.0,-302.93,-0.097881,89635,1095.8,-283.14,-0.080356,101853,1120.1,97.98,0.037329,105254,1137.9,100.42,0.032229,92692,1103.6,171.47,0.091316,93655,1108.5,176.37,0.09448
512,512.08,0.009483,111080,896.1,1.52,0.000388,76721,972.8,-107.19,-0.019919,88131,1042.0,-339.65,-0.109638,98983,1078.3,-314.45,-0.100153,87713,1090.8,-281.76,-0.078611,102673,1120.9,94.57,0.036294,106017,1140.3,95.35,0.030758,91000,1099.0,174.17,0.091433,93427,1108.2,170.76,0.091276,152219,1137.9,89.75,0.024697,69542,968.5,-254.52,-0.043064,88131,1042.0,-339.65,-0.109638,98983,1078.3,-314.45,-0.100153,87713,1090.8,-281.76,-0.078611,102673,1120.9,94.57,0.036294,106017,1140.3,95.35,0.030758,91000,1099.0,174.17,0.091433,93427,1108.2,170.76,0.091276
513,513.05,0.009501,110376,894.7,1.19,0.000303,75973,971.2,-108.33,-0.019968,86811,1040.0,-350.58,-0.111686,97179,1074.3,-325.29,-0.102092,85919,1085.1,-280.42,-0.077035,103595,1122.0,91.16,0.035265,106664,1142.3,90.86,0.029439,89565,1095.0,176.16,0.091357,93659,1108.7,167.78,0.089869,153608,1143.8,95.8,0.026465,69045,968.6,-254.69,-0.042781,86811,1040.0,-350.58,-0.111686,97179,1074.3,-325.29,-0.102092,85919,1085.1,-280.42,-0.077035,103595,1122.0,91.16,0.035265,106664,1142.3,90.86,0.029439,89565,1095.0,176.16,0.091357,93659,1108.7,167.78,0.089869
514,514.09,0.0095202,109748,893.6,1.01,0.000256,75201,969.6,-109.04,-0.019928,85641,1041.2,-360.17,-0.113064,95126,1069.7,-336.5,-0.103824,84021,1078.1,-279.2,-0.075495,104585,1123.2,87.35,0.034077,107331,1144.2,86.81,0.028252,88231,1091.0,177.57,0.091047,94709,1111.3,168.46,0.091029,154810,1148.5,102.85,0.028517,68849,969.8,-257.08,-0.043007,85641,1041.2,-360.17,-0.113064,95126,1069.7,-336.5,-0.103824,84021,1078.1,-279.2,-0.075495,104585,1123.2,87.35,0.034077,107331,1144.2,86.81,0.028252,88231,1091.0,177.57,0.091047,94709,1111.3,168.46,0.091029
515,515.06,0.0095382,109216,892.6,0.92,0.000232,74519,968.2,-109.98,-0.019946,84705,1040.3,-365.64,-0.113617,93064,1065.0,-346.36,-0.105018,82268,1070.8,-278.37,-0.074207,105427,1124.1,83.53,0.032823,107969,1146.0,83.77,0.027383,87189,1087.7,178.18,0.090558,96747,1116.5,173.97,0.095578,155876,1152.1,109.58,0.030497,69218,972.5,-263.04,-0.044117,84705,1040.3,-365.64,-0.113617,93064,1065.0,-346.36,-0.105018,82268,1070.8,-278.37,-0.074207,105427,1124.1,83.53,0.032823,107969,1146.0,83.77,0.027383,87189,1087.7,178.18,0.090558,96747,1116.5,173.97,0.095578
516,516.1,0.0095574,108699,891.6,0.85,0.000212,74143,967.8,-114.03,-0.020584,84197,1039.4,-368.72,-0.113991,90810,1059.6,-355.88,-0.105818,80471,1062.4,-277.74,-0.072993,106099,1124.6,78.8,0.031149,108683,1148.0,80.98,0.026601,86298,1084.6,178.21,0.089906,99462,1123.3,181.64,0.101974,157212,1155.5,116.64,0.032644,70718,978.7,-276.41,-0.047061,84197,1039.4,-368.72,-0.113991,90810,1059.6,-355.88,-0.105818,80471,1062.4,-277.74,-0.072993,106099,1124.6,78.8,0.031149,108683,1148.0,80.98,0.026601,86298,1084.6,178.21,0.089906,99462,1123.3,181.64,0.101974
517,517.07,0.0095754,108214,890.7,0.87,0.000216,74526,969.8,-121.13,-0.021933,84049,1039.4,-368.08,-0.113589,88737,1054.7,-363.57,-0.106136,78951,1054.5,-277.03,-0.071966,106464,1124.4,73.76,0.029261,109417,1149.8,78.15,0.025802,85641,1082.0,177.66,0.089153,101272,1127.2,184.11,0.104875,158425,1158.1,123.47,0.034744,73333,988.2,-296.44,-0.051839,84049,1039.4,-368.08,-0.113589,88737,1054.7,-363.57,-0.106136,78951,1054.5,-277.03,-0.071966,106464,1124.4,73.76,0.029261,109417,1149.8,78.15,0.025802,85641,1082.0,177.66,0.089153,101272,1127.2,184.11,0.104875
518,518.04,0.0095934,107678,889.6,0.96,0.00024,77024,978.1,-132.34,-0.024557,84297,1040.8,-363.84,-0.112466,86712,1049.7,-370.17,-0.106091,77680,1047.0,-275.11,-0.070823,106580,1123.8,68.31,0.027143,110226,1151.9,74.41,0.024707,85223,1080.4,176.62,0.088336,102448,1129.4,183.03,0.105265,159410,1160.0,130.13,0.036785,75856,997.0,-316.6,-0.056764,84297,1040.8,-363.84,-0.112466,86712,1049.7,-370.17,-0.106091,77680,1047.0,-275.11,-0.070823,106580,1123.8,68.31,0.027143,110226,1151.9,74.41,0.024707,85223,1080.4,176.62,0.088336,102448,1129.4,183.03,0.105265
519,519.08,0.0096126,107028,888.4,1.11,0.000274,86919,1007.3,-127.24,-0.02587,85139,1043.9,-355.7,-0.110712,84610,1044.5,-376.04,-0.105687,77017,1042.5,-271.78,-0.069664,106477,1122.7,62.16,0.024698,111052,1153.9,69.13,0.023085,84996,1078.5,173.87,0.086878,102953,1129.6,180.18,0.104119,160396,1161.7,136.82,0.03886,78088,1004.6,-330.68,-0.060566,85139,1043.9,-355.7,-0.110712,84610,1044.5,-376.04,-0.105687,77017,1042.5,-271.78,-0.069664,106477,1122.7,62.16,0.024698,111052,1153.9,69.13,0.023085,84996,1078.5,173.87,0.086878,102953,1129.6,180.18,0.104119
520,520.05,0.0096306,106339,887.1,1.25,0.000309,108530,1062.3,-56.23,-0.013537,86360,1048.1,-345.06,-0.108506,82713,1039.7,-380.45,-0.105014,76808,1037.7,-263.19,-0.067591,106216,1121.3,56.2,0.022304,111580,1155.1,63.68,0.021342,84919,1077.0,170.81,0.085385,102742,1128.0,178.83,0.103273,161341,1163.1,142.99,0.040802,82820,1019.5,-324.19,-0.062055,86360,1048.1,-345.06,-0.108506,82713,1039.7,-380.45,-0.105014,76808,1037.7,-263.19,-0.067591,106216,1121.3,56.2,0.022304,111580,1155.1,63.68,0.021342,84919,1077.0,170.81,0.085385,102742,1128.0,178.83,0.103273
521,521.09,0.0096498,105522,885.5,1.4,0.000343,124715,1097.4,-13.48,-0.00361,87869,1053.1,-332.17,-0.105778,80789,1034.6,-383.97,-0.104025,79505,1043.6,-239.06,-0.063193,105913,1119.9,49.46,0.019599,111578,1155.0,58.49,0.019604,84969,1075.9,167.2,0.083718,101924,1123.8,178.84,0.102838,162298,1164.4,149.66,0.04291,111777,1099.4,-191.14,-0.045794,87869,1053.1,-332.17,-0.105778,80789,1034.6,-383.97,-0.104025,79505,1043.6,-239.06,-0.063193,105913,1119.9,49.46,0.019599,111578,1155.0,58.49,0.019604,84969,1075.9,167.2,0.083718,101924,1123.8,178.84,0.102838
522,522.06,0.0096678,104698,883.9,1.51,0.000367,130059,1108.1,-8.01,-0.002216,88982,1057.0,-319.21,-0.102558,79178,1030.3,-385.75,-0.102856,85145,1058.3,-198.16,-0.055316,105736,1119.0,42.39,0.016784,111043,1153.7,54.35,0.018151,85026,1074.9,164.1,0.082295,100451,1118.2,182.84,0.104135,163189,1165.6,155.93,0.044909,147505,1173.7,-59.16,-0.017519,88982,1057.0,-319.21,-0.102558,79178,1030.3,-385.75,-0.102856,85145,1058.3,-198.16,-0.055316,105736,1119.0,42.39,0.016784,111043,1153.7,54.35,0.018151,85026,1074.9,164.1,0.082295,100451,1118.2,182.84,0.104135
523,523.04,0.0096858,103840,882.2,1.58,0.000382,130657,1109.4,-13.18,-0.003658,89837,1059.9,-308.17,-0.099688,77785,1026.4,-385.73,-0.101424,89873,1069.9,-164.03,-0.047804,105608,1118.2,34.78,0.013762,110075,1151.3,51.62,0.017126,85021,1073.7,161.72,0.081194,98612,1111.4,188.46,0.106018,164108,1166.7,162.18,0.046926,160179,1196.3,-23.18,-0.007315,89837,1059.9,-308.17,-0.099688,77785,1026.4,-385.73,-0.101424,89873,1069.9,-164.03,-0.047804,105608,1118.2,34.78,0.013762,110075,1151.3,51.62,0.017126,85021,1073.7,161.72,0.081194,98612,1111.4,188.46,0.106018
524,524.07,0.0097051,102904,880.4,1.63,0.000391,130480,1109.5,-23.91,-0.006626,90216,1061.4,-298.04,-0.096678,76613,1023.1,-382.86,-0.099475,92013,1074.3,-145.73,-0.043304,105347,1117.2,26.99,0.010663,108518,1147.4,50.19,0.016471,84963,1072.1,160.34,0.080563,96899,1104.3,192.53,0.107112,165071,1167.9,168.88,0.0491,163712,1202.4,-16.38,-0.005255,90216,1061.4,-298.04,-0.096678,76613,1023.1,-382.86,-0.099475,92013,1074.3,-145.73,-0.043304,105347,1117.2,26.99,0.010663,108518,1147.4,50.19,0.016471,84963,1072.1,160.34,0.080563,96899,1104.3,192.53,0.107112
525,525.05,0.0097231,102023,878.6,1.64,0.000392,130205,1109.4,-32.44,-0.008971,90273,1062.1,-290.63,-0.094278,76063,1021.6,-379.75,-0.098102,92468,1074.6,-138.15,-0.041247,104843,1115.7,20.74,0.008164,106603,1142.5,50.11,0.016222,84825,1070.1,160.07,0.080447,95764,1098.4,193.45,0.106932,180917,1192.9,215.5,0.067231,165351,1205.2,-12.07,-0.003903,90273,1062.1,-290.63,-0.094278,76063,1021.6,-379.75,-0.098102,92468,1074.6,-138.15,-0.041247,104843,1115.7,20.74,0.008164,106603,1142.5,50.11,0.016222,84825,1070.1,160.07,0.080447,95764,1098.4,193.45,0.106932
526,526.08,0.0097423,101090,876.8,1.64,0.00039,129707,1109.0,-39.24,-0.010814,89888,1061.5,-282.94,-0.091441,75410,1019.5,-372.18,-0.095519,92511,1073.9,-134.77,-0.040281,103930,1113.3,15.55,0.006084,104118,1136.1,52.52,0.016699,84704,1067.8,160.88,0.080911,94933,1093.0,192.24,0.105865,185756,1199.5,234.53,0.074709,167516,1208.9,-7.7,-0.002513,89888,1061.5,-282.94,-0.091441,75410,1019.5,-372.18,-0.095519,92511,1073.9,-134.77,-0.040281,103930,1113.3,15.55,0.006084,104118,1136.1,52.52,0.016699,84704,1067.8,160.88,0.080911,94933,1093.0,192.24,0.105865
527,527.06,0.0097603,100226,875.0,1.64,0.000386,129292,1108.8,-45.22,-0.012424,89524,1060.9,-276.99,-0.089205,75401,1019.5,-361.86,-0.092856,92509,1073.6,-134.53,-0.040219,102681,1110.1,12.35,0.004787,101512,1129.3,56.15,0.017511,84669,1065.7,162.48,0.081847,94422,1088.3,189.17,0.104056,186398,1200.1,244.22,0.078031,169784,1212.6,-3.45,-0.001139,89524,1060.9,-276.99,-0.089205,75401,1019.5,-361.86,-0.092856,92509,1073.6,-134.53,-0.040219,102681,1110.1,12.35,0.004787,101512,1129.3,56.15,0.017511,84669,1065.7,162.48,0.081847,94422,1088.3,189.17,0.104056
528,528.1,0.0097796,99321,873.2,1.62,0.000379,129054,1109.2,-51.88,-0.014223,88940,1059.6,-269.97,-0.086483,76501,1022.4,-343.76,-0.089242,92561,1073.3,-136.15,-0.040738,100957,1105.6,10.74,0.004107,98653,1121.7,60.63,0.018502,84755,1063.5,164.59,0.083163,94068,1083.5,184.74,0.101691,187119,1200.8,252.79,0.081033,171594,1215.6,2.78,0.000925,88940,1059.6,-269.97,-0.086483,76501,1022.4,-343.76,-0.089242,92561,1073.3,-136.15,-0.040738,100957,1105.6,10.74,0.004107,98653,1121.7,60.63,0.018502,84755,1063.5,164.59,0.083163,94068,1083.5,184.74,0.101691
529,529.07,0.0097976,98504,871.5,1.57,0.000364,128882,1109.8,-57.61,-0.015766,88451,1058.5,-263.63,-0.084076,78248,1027.5,-322.42,-0.085194,92769,1073.6,-139.21,-0.041736,99112,1100.8,10.52,0.003968,96005,1114.4,64.9,0.019399,84940,1061.6,166.58,0.08451,93795,1079.1,180.03,0.099212,188164,1202.0,259.88,0.083685,173335,1218.4,8.34,0.002795,88451,1058.5,-263.63,-0.084076,78248,1027.5,-322.42,-0.085194,92769,1073.6,-139.21,-0.041736,99112,1100.8,10.52,0.003968,96005,1114.4,64.9,0.019399,84940,1061.6,166.58,0.08451,93795,1079.1,180.03,0.099212
530,530.04,0.0098156,97743,870.0,1.46,0.000338,128758,1110.5,-62.57,-0.017095,87903,1057.1,-256.95,-0.081544,79823,1031.6,-302.63,-0.081246,93172,1074.5,-143.39,-0.043137,97074,1095.4,12.39,0.004599,93455,1107.3,68.9,0.020177,85166,1059.5,168.16,0.085706,93591,1074.9,175.16,0.096694,189226,1203.3,266.75,0.08629,175404,1221.7,12.98,0.004393,87903,1057.1,-256.95,-0.081544,79823,1031.6,-302.63,-0.081246,93172,1074.5,-143.39,-0.043137,97074,1095.4,12.39,0.004599,93455,1107.3,68.9,0.020177,85166,1059.5,168.16,0.085706,93591,1074.9,175.16,0.096694
531,531.09,0.0098349,97008,868.5,1.34,0.000307,128683,1111.5,-67.17,-0.018326,87276,1055.4,-249.87,-0.078855,80661,1033.0,-285.91,-0.077456,93668,1075.9,-148.43,-0.044836,94767,1089.2,16.51,0.006019,90853,1099.8,72.72,0.020845,85400,1057.0,169.14,0.086642,93451,1070.8,169.7,0.093901,190235,1204.5,274.01,0.089025,177164,1224.5,19.48,0.006642,87276,1055.4,-249.87,-0.078855,80661,1033.0,-285.91,-0.077456,93668,1075.9,-148.43,-0.044836,94767,1089.2,16.51,0.006019,90853,1099.8,72.72,0.020845,85400,1057.0,169.14,0.086642,93451,1070.8,169.7,0.093901
532,532.06,0.009853,96347,867.1,1.31,0.000299,128536,1112.3,-70.52,-0.019203,86646,1053.7,-243.54,-0.07643,80908,1032.7,-274.87,-0.074714,94152,1077.3,-153.52,-0.046552,92614,1083.3,21.2,0.007592,88540,1092.9,76.08,0.021385,85575,1054.4,169.35,0.08714,93381,1067.3,164.36,0.09117,190736,1204.9,280.24,0.091253,178601,1226.7,26.48,0.009085,86646,1053.7,-243.54,-0.07643,80908,1032.7,-274.87,-0.074714,94152,1077.3,-153.52,-0.046552,92614,1083.3,21.2,0.007592,88540,1092.9,76.08,0.021385,85575,1054.4,169.35,0.08714,93381,1067.3,164.36,0.09117
533,533.04,0.0098711,95644,865.6,1.42,0.000322,128267,1113.0,-72.76,-0.019758,85985,1051.8,-237.6,-0.074132,80768,1031.2,-266.11,-0.072318,94591,1078.8,-158.63,-0.048262,90535,1077.4,26.02,0.00916,86400,1086.4,79.52,0.021941,85694,1051.5,168.94,0.087292,93368,1064.2,158.88,0.088382,190649,1204.5,285.73,0.093028,180342,1229.3,32.55,0.011253,85985,1051.8,-237.6,-0.074132,80768,1031.2,-266.11,-0.072318,94591,1078.8,-158.63,-0.048262,90535,1077.4,26.02,0.00916,86400,1086.4,79.52,0.021941,85694,1051.5,168.94,0.087292,93368,1064.2,158.88,0.088382
534,534.08,0.0098904,94783,863.8,1.64,0.00037,127876,1113.6,-74.2,-0.020076,85266,1049.5,-231.81,-0.071873,80586,1029.3,-258.86,-0.070322,94926,1080.1,-163.7,-0.04992,88432,1071.3,31.08,0.010748,84347,1080.0,83.41,0.022601,85760,1048.2,167.95,0.087122,93404,1061.2,152.96,0.085357,190328,1203.8,291.52,0.094815,181969,1231.7,39.32,0.013689,85266,1049.5,-231.81,-0.071873,80586,1029.3,-258.86,-0.070322,94926,1080.1,-163.7,-0.04992,88432,1071.3,31.08,0.010748,84347,1080.0,83.41,0.022601,85760,1048.2,167.95,0.087122,93404,1061.2,152.96,0.085357
535,535.06,0.0099085,93955,862.1,1.63,0.000365,127414,1114.0,-74.72,-0.020139,84576,1047.3,-226.8,-0.0699,80335,1027.1,-252.41,-0.068497,95093,1081.0,-168.09,-0.051302,86532,1065.7,35.47,0.012068,82618,1074.4,87.09,0.023235,85807,1045.0,166.77,0.086823,93483,1058.9,147.43,0.082524,190143,1203.2,296.61,0.09642,183108,1233.3,46.57,0.016291,84576,1047.3,-226.8,-0.0699,80335,1027.1,-252.41,-0.068497,95093,1081.0,-168.09,-0.051302,86532,1065.7,35.47,0.012068,82618,1074.4,87.09,0.023235,85807,1045.0,166.77,0.086823,93483,1058.9,147.43,0.082524
536,536.04,0.0099266,93533,861.2,0.65,0.000146,126832,1114.0,-74.55,-0.019999,83911,1044.9,-222.56,-0.068207,80143,1025.2,-246.6,-0.066886,95110,1081.6,-172.07,-0.0525,84666,1060.1,39.35,0.013167,81021,1069.2,90.73,0.023855,85868,1041.9,165.51,0.086484,93602,1056.9,142.05,0.079764,190196,1203.1,301.13,0.097926,184296,1235.0,52.88,0.018595,83911,1044.9,-222.56,-0.068207,80143,1025.2,-246.6,-0.066886,95110,1081.6,-172.07,-0.0525,84666,1060.1,39.35,0.013167,81021,1069.2,90.73,0.023855,85868,1041.9,165.51,0.086484,93602,1056.9,142.05,0.079764
537,537.08,0.009946,94049,862.4,-1.51,-0.000338,126124,1113.9,-73.92,-0.019722,83140,1042.1,-218.92,-0.066655,79937,1023.1,-240.57,-0.065216,94977,1081.9,-176.09,-0.053634,82708,1054.0,42.9,0.014102,79426,1063.7,94.47,0.024473,85941,1038.7,163.96,0.086017,93767,1055.0,136.53,0.076938,190681,1203.7,305.19,0.099454,185196,1236.0,58.34,0.020595,83140,1042.1,-218.92,-0.066655,79937,1023.1,-240.57,-0.065216,94977,1081.9,-176.09,-0.053634,82708,1054.0,42.9,0.014102,79426,1063.7,94.47,0.024473,85941,1038.7,163.96,0.086017,93767,1055.0,136.53,0.076938
538,538.06,0.0099641,98231,871.8,-9.95,-0.002307,125432,1113.7,-73.26,-0.019442,82271,1038.9,-217.11,-0.065614,79729,1021.2,-235.26,-0.063729,94746,1081.9,-180.01,-0.054695,80933,1048.5,45.77,0.014803,77999,1058.8,97.68,0.024967,85991,1035.6,162.13,0.085352,93948,1053.4,131.6,0.074411,192437,1206.0,306.63,0.100645,185554,1236.3,64.73,0.022892,82271,1038.9,-217.11,-0.065614,79729,1021.2,-235.26,-0.063729,94746,1081.9,-180.01,-0.054695,80933,1048.5,45.77,0.014803,77999,1058.8,97.68,0.024967,85991,1035.6,162.13,0.085352,93948,1053.4,131.6,0.074411
539,539.05,0.0099823,109090,895.0,-21.18,-0.005312,124706,1113.3,-72.58,-0.019157,81329,1035.3,-216.09,-0.064784,79466,1019.3,-230.27,-0.062291,94416,1081.7,-184.22,-0.055791,79242,1043.0,48.37,0.015397,76584,1053.7,100.5,0.025342,86005,1032.6,159.79,0.08438,94146,1052.1,126.89,0.07199,197243,1212.8,303.19,0.101434,188337,1240.1,78.42,0.028063,81329,1035.3,-216.09,-0.064784,79466,1019.3,-230.27,-0.062291,94416,1081.7,-184.22,-0.055791,79242,1043.0,48.37,0.015397,76584,1053.7,100.5,0.025342,86005,1032.6,159.79,0.08438,94146,1052.1,126.89,0.07199
540,540.09,0.0100017,123289,922.9,-21.26,-0.005843,123761,1112.4,-71.41,-0.018721,81117,1033.5,-210.23,-0.062975,79109,1017.0,-225.66,-0.060901,93944,1081.1,-188.95,-0.056969,77560,1037.5,51.08,0.015997,75067,1048.2,103.0,0.025593,85952,1029.4,156.57,0.08289,94364,1050.8,122.08,0.069512,207264,1226.7,293.37,0.101967,198412,1254.5,110.67,0.041245,81117,1033.5,-210.23,-0.062975,79109,1017.0,-225.66,-0.060901,93944,1081.1,-188.95,-0.056969,77560,1037.5,51.08,0.015997,75067,1048.2,103.0,0.025593,85952,1029.4,156.57,0.08289,94364,1050.8,122.08,0.069512
541,541.08,0.0100199,133062,940.9,-13.69,-0.003984,122468,1110.7,-68.88,-0.017897,83538,1039.6,-190.16,-0.058317,78633,1014.7,-222.38,-0.059795,93373,1080.1,-193.41,-0.058012,76129,1032.8,53.81,0.01662,73650,1043.0,104.94,0.025711,85816,1026.5,152.73,0.080959,94569,1049.7,117.81,0.067291,219780,1243.3,282.31,0.102654,207583,1266.6,139.35,0.053815,83538,1039.6,-190.16,-0.058317,78633,1014.7,-222.38,-0.059795,93373,1080.1,-193.41,-0.058012,76129,1032.8,53.81,0.01662,73650,1043.0,104.94,0.025711,85816,1026.5,152.73,0.080959,94569,1049.7,117.81,0.067291
542,542.06,0.0100382,138379,950.3,-6.9,-0.002065,120586,1107.6,-64.08,-0.01644,91816,1062.3,-139.57,-0.046041,78105,1012.7,-220.53,-0.059016,92621,1078.6,-197.49,-0.058838,74858,1028.4,56.94,0.017364,72266,1037.8,106.63,0.025762,85600,1023.9,148.02,0.078461,94768,1048.7,113.78,0.065191,231964,1258.6,273.74,0.103776,211606,1270.5,154.64,0.060692,91816,1062.3,-139.57,-0.046041,78105,1012.7,-220.53,-0.059016,92621,1078.6,-197.49,-0.058838,74858,1028.4,56.94,0.017364,72266,1037.8,106.63,0.025762,85600,1023.9,148.02,0.078461,94768,1048.7,113.78,0.065191
543,543.05,0.0100565,140888,954.7,-3.19,-0.00097,118254,1103.3,-57.54,-0.014532,109330,1106.2,-50.62,-0.019095,77694,1011.0,-219.42,-0.058503,91652,1076.5,-200.84,-0.05933,73722,1024.5,60.39,0.018208,70947,1032.7,108.26,0.025805,85281,1021.1,142.6,0.075511,94957,1047.8,110.05,0.063233,241466,1270.0,268.91,0.105172,213099,1270.3,163.38,0.064584,109330,1106.2,-50.62,-0.019095,77694,1011.0,-219.42,-0.058503,91652,1076.5,-200.84,-0.05933,73722,1024.5,60.39,0.018208,70947,1032.7,108.26,0.025805,85281,1021.1,142.6,0.075511,94957,1047.8,110.05,0.063233
544,544.04,0.0100747,142286,957.1,-1.84,-0.000561,115884,1098.8,-50.86,-0.012639,125765,1142.6,19.67,0.008264,77692,1010.9,-217.81,-0.058079,90462,1073.6,-203.34,-0.059448,72661,1020.7,63.87,0.019051,69730,1027.9,110.07,0.025906,84919,1018.2,136.72,0.072292,95140,1047.0,106.64,0.061442,248004,1277.4,266.69,0.106503,213979,1268.8,170.84,0.067893,125765,1142.6,19.67,0.008264,77692,1010.9,-217.81,-0.058079,90462,1073.6,-203.34,-0.059448,72661,1020.7,63.87,0.019051,69730,1027.9,110.07,0.025906,84919,1018.2,136.72,0.072292,95140,1047.0,106.64,0.061442
545,545.09,0.0100943,143567,959.3,-1.61,-0.000495,113678,1094.4,-45.08,-0.011034,132582,1157.0,44.46,0.019444,80962,1020.8,-198.94,-0.054742,88976,1069.8,-205.12,-0.059191,71551,1016.7,67.28,0.019837,68589,1023.3,112.36,0.026132,84511,1015.4,130.12,0.068666,95340,1046.2,103.42,0.059752,252619,1282.5,265.84,0.107714,214400,1266.0,179.91,0.071794,132582,1157.0,44.46,0.019444,80962,1020.8,-198.94,-0.054742,88976,1069.8,-205.12,-0.059191,71551,1016.7,67.28,0.019837,68589,1023.3,112.36,0.026132,84511,1015.4,130.12,0.068666,95340,1046.2,103.42,0.059752
546,546.08,0.0101126,144831,961.4,-1.65,-0.000512,111865,1090.8,-40.73,-0.009844,134425,1161.3,50.12,0.022141,100670,1075.9,-96.69,-0.031392,87421,1065.7,-206.06,-0.058651,70499,1012.9,70.02,0.020419,67688,1019.4,114.73,0.026432,84153,1013.0,123.49,0.065041,95553,1045.7,100.83,0.058418,255475,1285.5,265.79,0.108659,213383,1261.2,190.74,0.076047,134425,1161.3,50.12,0.022141,100670,1075.9,-96.69,-0.031392,87421,1065.7,-206.06,-0.058651,70499,1012.9,70.02,0.020419,67688,1019.4,114.73,0.026432,84153,1013.0,123.49,0.065041,95553,1045.7,100.83,0.058418
547,547.07,0.0101309,146060,963.5,-1.57,-0.000489,109800,1086.4,-35.18,-0.008378,134779,1162.3,51.07,0.022602,125559,1133.0,8.83,0.003394,85742,1061.0,-206.41,-0.057874,69469,1009.2,72.6,0.020937,66927,1016.0,116.92,0.026724,83877,1011.1,116.22,0.061132,95828,1045.3,98.81,0.05743,257034,1287.0,265.58,0.109109,210796,1254.1,203.82,0.080729,134779,1162.3,51.07,0.022602,125559,1133.0,8.83,0.003394,85742,1061.0,-206.41,-0.057874,69469,1009.2,72.6,0.020937,66927,1016.0,116.92,0.026724,83877,1011.1,116.22,0.061132,95828,1045.3,98.81,0.05743
548,548.06,0.0101493,147155,965.3,-1.37,-0.000431,106730,1079.6,-24.82,-0.005781,135234,1163.6,51.18,0.0227,134881,1151.7,38.68,0.015718,83976,1055.9,-206.27,-0.056917,68549,1005.7,75.56,0.021578,66273,1012.9,118.42,0.026883,83732,1009.7,108.05,0.056813,96197,1045.3,97.51,0.056892,257682,1287.4,265.21,0.109194,207625,1246.2,217.12,0.08524,135234,1163.6,51.18,0.0227,134881,1151.7,38.68,0.015718,83976,1055.9,-206.27,-0.056917,68549,1005.7,75.56,0.021578,66273,1012.9,118.42,0.026883,83732,1009.7,108.05,0.056813,96197,1045.3,97.51,0.056892
549,549.06,0.0101677,148043,966.8,-1.08,-0.000341,102881,1070.7,-10.3,-0.002331,136267,1166.0,51.21,0.022841,137558,1156.9,41.96,0.017311,82169,1050.6,-205.84,-0.055859,67994,1003.5,80.51,0.022855,65730,1010.2,118.5,0.026753,83715,1008.8,99.27,0.052231,96663,1045.7,96.92,0.056805,257895,1287.4,264.87,0.109147,205398,1239.8,227.76,0.088909,136267,1166.0,51.21,0.022841,137558,1156.9,41.96,0.017311,82169,1050.6,-205.84,-0.055859,67994,1003.5,80.51,0.022855,65730,1010.2,118.5,0.026753,83715,1008.8,99.27,0.052231,96663,1045.7,96.92,0.056805
550,550.05,0.0101861,148630,967.8,-0.68,-0.000216,100137,1064.1,-0.44,-9.7e-05,137528,1168.9,50.96,0.022882,138798,1159.3,40.99,0.017027,80369,1045.1,-205.32,-0.054785,68362,1004.4,90.92,0.025926,65282,1007.8,117.51,0.026408,83612,1007.8,90.87,0.047801,97188,1046.3,96.89,0.05706,257828,1287.0,264.54,0.109017,204981,1236.4,234.1,0.091449,137528,1168.9,50.96,0.022882,138798,1159.3,40.99,0.017027,80369,1045.1,-205.32,-0.054785,68362,1004.4,90.92,0.025926,65282,1007.8,117.51,0.026408,83612,1007.8,90.87,0.047801,97188,1046.3,96.89,0.05706
551,551.05,0.0102046,148859,968.2,-0.22,-7.1e-05,99357,1062.1,0.69,0.000152,138832,1171.8,49.79,0.022512,139939,1161.3,39.14,0.016362,78624,1039.6,-204.97,-0.053785,69807,1008.9,107.08,0.031042,65021,1006.3,115.42,0.025877,83412,1006.7,83.28,0.04375,97711,1047.0,97.16,0.057491,257573,1286.4,264.18,0.108811,205578,1235.0,236.85,0.0929,138832,1171.8,49.79,0.022512,139939,1161.3,39.14,0.016362,78624,1039.6,-204.97,-0.053785,69807,1008.9,107.08,0.031042,65021,1006.3,115.42,0.025877,83412,1006.7,83.28,0.04375,97711,1047.0,97.16,0.057491
552,552.04,0.0102231,148734,968.0,0.21,6.7e-05,100873,1065.9,-9.5,-0.002118,140244,1175.0,48.46,0.022073,141103,1163.5,38.39,0.016152,76971,1034.3,-204.97,-0.052925,71703,1014.7,123.48,0.036558,65170,1006.3,113.98,0.02561,82956,1004.9,77.01,0.040306,98166,1047.6,97.45,0.057901,257212,1285.7,263.73,0.108533,207129,1235.5,239.54,0.094627,140244,1175.0,48.46,0.022073,141103,1163.5,38.39,0.016152,76971,1034.3,-204.97,-0.052925,71703,1014.7,123.48,0.036558,65170,1006.3,113.98,0.02561,82956,1004.9,77.01,0.040306,98166,1047.6,97.45,0.057901
553,553.04,0.0102416,148267,967.3,0.64,0.000201,108636,1084.7,-47.75,-0.01127,142513,1179.5,49.96,0.023038,142064,1165.4,38.69,0.016364,75419,1029.2,-205.36,-0.052213,72970,1018.4,133.14,0.039969,66203,1009.5,115.16,0.026202,82208,1002.4,72.66,0.037781,98487,1047.9,97.67,0.058197,256772,1284.9,263.19,0.108193,208747,1236.5,244.45,0.097238,142513,1179.5,49.96,0.023038,142064,1165.4,38.69,0.016364,75419,1029.2,-205.36,-0.052213,72970,1018.4,133.14,0.039969,66203,1009.5,115.16,0.026202,82208,1002.4,72.66,0.037781,98487,1047.9,97.67,0.058197
554,554.04,0.0102601,147543,966.2,0.94,0.000295,115820,1101.5,-81.3,-0.020145,147452,1189.2,60.93,0.028832,142910,1167.0,39.2,0.016657,73937,1024.2,-205.94,-0.051581,73259,1019.1,134.94,0.040642,68506,1016.5,124.37,0.029081,81177,999.2,70.22,0.03617,98620,1047.9,97.82,0.058366,250053,1278.8,248.0,0.09975,210973,1238.7,255.16,0.102405,147452,1189.2,60.93,0.028832,142910,1167.0,39.2,0.016657,73937,1024.2,-205.94,-0.051581,73259,1019.1,134.94,0.040642,68506,1016.5,124.37,0.029081,81177,999.2,70.22,0.03617,98620,1047.9,97.82,0.058366
555,555.05,0.0102786,146687,964.9,1.09,0.000341,119240,1109.6,-97.95,-0.024804,154392,1202.4,78.76,0.038597,143998,1169.1,40.61,0.017353,72498,1019.4,-206.56,-0.050971,72802,1017.5,132.34,0.039672,71350,1024.9,137.81,0.033286,79965,995.6,69.21,0.035242,98580,1047.5,98.1,0.058533,242515,1272.0,230.2,0.090278,213611,1241.7,273.02,0.110671,154392,1202.4,78.76,0.038597,143998,1169.1,40.61,0.017353,72498,1019.4,-206.56,-0.050971,72802,1017.5,132.34,0.039672,71350,1024.9,137.81,0.033286,79965,995.6,69.21,0.035242,98580,1047.5,98.1,0.058533
556,556.05,0.0102972,145784,963.5,1.15,0.000358,120923,1113.8,-107.99,-0.027625,159228,1211.5,89.96,0.045125,146653,1174.0,48.49,0.021017,71102,1014.5,-207.25,-0.050394,72092,1015.2,127.58,0.037961,73307,1029.9,146.75,0.036244,78688,991.7,69.29,0.034858,98364,1046.7,98.69,0.0588,239796,1270.1,225.09,0.087421,214153,1242.3,293.81,0.119345,159228,1211.5,89.96,0.045125,146653,1174.0,48.49,0.021017,71102,1014.5,-207.25,-0.050394,72092,1015.2,127.58,0.037961,73307,1029.9,146.75,0.036244,78688,991.7,69.29,0.034858,98364,1046.7,98.69,0.0588
557,557.05,0.0103158,144836,962.1,1.23,0.000379,121996,1116.7,-116.2,-0.029911,162284,1217.3,94.18,0.047915,152687,1185.1,67.58,0.03021,69751,1009.8,-208.1,-0.049871,72068,1015.0,124.43,0.037013,74006,1030.9,149.34,0.037197,77442,987.9,69.86,0.034722,98034,1045.7,99.57,0.059183,235080,1266.1,214.77,0.08203,212522,1240.2,314.6,0.127031,162284,1217.3,94.18,0.047915,152687,1185.1,67.58,0.03021,69751,1009.8,-208.1,-0.049871,72068,1015.0,124.43,0.037013,74006,1030.9,149.34,0.037197,77442,987.9,69.86,0.034722,98034,1045.7,99.57,0.059183
558,558.06,0.0103344,143729,960.4,1.47,0.000454,123045,1119.5,-122.24,-0.031657,163626,1220.0,96.16,0.04922,158657,1195.9,85.57,0.039391,68438,1005.2,-209.17,-0.049412,74146,1021.7,133.54,0.040603,73795,1029.8,148.3,0.036871,76349,984.5,70.19,0.034511,97682,1044.7,100.47,0.059563,234812,1266.8,215.85,0.082298,209696,1236.3,332.89,0.133048,163626,1220.0,96.16,0.04922,158657,1195.9,85.57,0.039391,68438,1005.2,-209.17,-0.049412,74146,1021.7,133.54,0.040603,73795,1029.8,148.3,0.036871,76349,984.5,70.19,0.034511,97682,1044.7,100.47,0.059563
559,559.07,0.0103531,142214,958.1,2.07,0.000632,125454,1124.7,-123.46,-0.032451,164794,1222.4,97.61,0.050217,161984,1202.2,95.68,0.04473,67114,1000.4,-210.23,-0.048936,78464,1035.4,153.9,0.048863,72936,1026.1,143.66,0.035431,75432,981.6,69.95,0.034079,97341,1043.7,101.09,0.059777,232398,1265.4,211.18,0.079784,206418,1230.6,348.13,0.137604,164794,1222.4,97.61,0.050217,161984,1202.2,95.68,0.04473,67114,1000.4,-210.23,-0.048936,78464,1035.4,153.9,0.048863,72936,1026.1,143.66,0.035431,75432,981.6,69.95,0.034079,97341,1043.7,101.09,0.059777
560,560.07,0.0103717,140015,954.6,3.02,0.000911,131541,1137.3,-112.51,-0.030665,165746,1224.4,98.23,0.050747,163505,1205.8,100.89,0.047467,65635,995.0,-210.29,-0.04813,82602,1048.2,168.31,0.055569,72564,1024.1,143.36,0.035245,74717,979.4,69.11,0.033427,97032,1042.9,101.15,0.059673,226301,1259.7,197.75,0.073073,203033,1222.2,360.66,0.141171,165746,1224.4,98.23,0.050747,163505,1205.8,100.89,0.047467,65635,995.0,-210.29,-0.04813,82602,1048.2,168.31,0.055569,72564,1024.1,143.36,0.035245,74717,979.4,69.11,0.033427,97032,1042.9,101.15,0.059673
561,561.08,0.0103904,137086,950.0,4.01,0.00119,142923,1159.5,-89.58,-0.026018,166321,1225.7,98.16,0.050835,164257,1208.0,104.59,0.049343,63870,988.5,-208.25,-0.046687,84157,1052.7,170.59,0.057137,73454,1026.0,153.48,0.038125,74203,977.8,66.9,0.032189,96721,1042.1,100.52,0.059153,223831,1258.1,193.19,0.070704,199605,1210.0,370.71,0.144094,166321,1225.7,98.16,0.050835,164257,1208.0,104.59,0.049343,63870,988.5,-208.25,-0.046687,84157,1052.7,170.59,0.057137,73454,1026.0,153.48,0.038125,74203,977.8,66.9,0.032189,96721,1042.1,100.52,0.059153
562,562.09,0.010409,133720,944.5,4.61,0.001342,153606,1179.1,-74.45,-0.022854,166665,1226.5,98.21,0.050935,164553,1209.5,108.13,0.051042,61862,980.9,-204.09,-0.044661,84735,1053.8,168.05,0.056611,77098,1036.4,180.87,0.046683,73899,976.9,63.4,0.030409,96393,1041.2,99.08,0.058156,217107,1251.3,178.12,0.063571,196310,1194.1,379.01,0.146826,166665,1226.5,98.21,0.050935,164553,1209.5,108.13,0.051042,61862,980.9,-204.09,-0.044661,84735,1053.8,168.05,0.056611,77098,1036.4,180.87,0.046683,73899,976.9,63.4,0.030409,96393,1041.2,99.08,0.058156
563,563.09,0.0104276,130353,939.0,4.65,0.001328,160265,1190.7,-71.38,-0.02264,166938,1227.0,98.75,0.051272,164427,1210.2,111.45,0.052538,59769,972.9,-198.2,-0.042247,84821,1053.0,166.31,0.05613,80030,1044.2,203.37,0.054078,73762,976.5,58.77,0.028145,96024,1040.3,96.87,0.056689,220907,1256.9,190.29,0.068796,193485,1176.7,386.69,0.149825,166938,1227.0,98.75,0.051272,164427,1210.2,111.45,0.052538,59769,972.9,-198.2,-0.042247,84821,1053.0,166.31,0.05613,80030,1044.2,203.37,0.054078,73762,976.5,58.77,0.028145,96024,1040.3,96.87,0.056689
564,564.1,0.0104463,127287,933.9,4.32,0.001211,164323,1197.6,-71.72,-0.023189,167128,1227.4,100.09,0.052013,163936,1210.4,114.37,0.053746,57806,965.2,-191.85,-0.039866,84718,1050.9,165.37,0.055855,81015,1046.1,212.87,0.057199,73710,976.4,53.4,0.025559,95587,1039.3,93.98,0.054805,212057,1247.3,170.24,0.059537,190983,1160.8,393.6,0.152587,167128,1227.4,100.09,0.052013,163936,1210.4,114.37,0.053746,57806,965.2,-191.85,-0.039866,84718,1050.9,165.37,0.055855,81015,1046.1,212.87,0.057199,73710,976.4,53.4,0.025559,95587,1039.3,93.98,0.054805
565,565.04,0.0104637,124681,929.4,4.08,0.001125,167038,1201.9,-74.77,-0.024488,167405,1227.8,102.76,0.05347,163337,1210.3,117.33,0.054936,56284,959.1,-186.47,-0.037967,84464,1047.8,165.2,0.055794,81129,1045.7,215.59,0.058032,73797,976.7,47.74,0.022869,95126,1038.2,90.82,0.052758,209622,1245.2,166.74,0.057742,188067,1148.5,397.21,0.153267,167405,1227.8,102.76,0.05347,163337,1210.3,117.33,0.054936,56284,959.1,-186.47,-0.037967,84464,1047.8,165.2,0.055794,81129,1045.7,215.59,0.058032,73797,976.7,47.74,0.022869,95126,1038.2,90.82,0.052758
566,566.04,0.0104823,121932,924.6,4.16,0.001127,169694,1206.1,-79.62,-0.026397,168383,1229.4,108.55,0.056741,162674,1210.2,121.07,0.056464,55115,954.3,-179.89,-0.036045,83998,1043.2,164.98,0.055659,80745,1044.1,215.37,0.05779,74008,977.4,41.19,0.019776,94602,1037.1,87.01,0.050322,211320,1247.8,174.28,0.060711,183768,1138.1,396.7,0.150939,168383,1229.4,108.55,0.056741,162674,1210.2,121.07,0.056464,55115,954.3,-179.89,-0.036045,83998,1043.2,164.98,0.055659,80745,1044.1,215.37,0.05779,74008,977.4,41.19,0.019776,94602,1037.1,87.01,0.050322
567,567.05,0.0105009,118775,919.1,5.02,0.001333,172433,1210.4,-84.5,-0.028364,170462,1232.8,118.16,0.062354,162151,1210.3,125.7,0.05843,54549,952.0,-170.2,-0.033836,83338,1037.3,164.45,0.055354,80386,1042.7,215.51,0.057648,74301,978.4,34.59,0.016657,94084,1035.9,82.75,0.047652,206433,1242.1,163.83,0.056005,178899,1131.0,393.5,0.146672,170462,1232.8,118.16,0.062354,162151,1210.3,125.7,0.05843,54549,952.0,-170.2,-0.033836,83338,1037.3,164.45,0.055354,80386,1042.7,215.51,0.057648,74301,978.4,34.59,0.016657,94084,1035.9,82.75,0.047652
568,568.05,0.0105195,114704,911.7,6.63,0.001716,175164,1214.5,-89.38,-0.030374,173144,1237.2,129.74,0.069297,162244,1211.6,132.67,0.061638,54377,951.2,-160.06,-0.031746,82629,1030.9,163.99,0.055068,79988,1041.3,216.51,0.057703,74657,979.5,28.29,0.01367,93609,1034.9,78.02,0.04474,208412,1244.6,172.19,0.059314,174308,1127.1,390.02,0.142128,173144,1237.2,129.74,0.069297,162244,1211.6,132.67,0.061638,54377,951.2,-160.06,-0.031746,82629,1030.9,163.99,0.055068,79988,1041.3,216.51,0.057703,74657,979.5,28.29,0.01367,93609,1034.9,78.02,0.04474
569,569.06,0.0105381,109972,902.9,7.75,0.001943,177693,1218.3,-94.41,-0.032446,175180,1240.4,139.17,0.075015,163313,1214.6,143.35,0.066874,55564,955.8,-146.63,-0.029576,81932,1024.3,163.33,0.054734,79417,1039.6,217.05,0.057527,75058,980.8,22.45,0.010893,93206,1034.1,72.75,0.041572,205405,1241.0,168.44,0.057346,170155,1125.9,386.79,0.137734,175180,1240.4,139.17,0.075015,163313,1214.6,143.35,0.066874,55564,955.8,-146.63,-0.029576,81932,1024.3,163.33,0.054734,79417,1039.6,217.05,0.057527,75058,980.8,22.45,0.010893,93206,1034.1,72.75,0.041572
570,570.06,0.0105568,105531,894.3,7.42,0.001802,179886,1221.5,-99.5,-0.03453,176181,1241.8,146.21,0.079165,165405,1219.5,157.16,0.073959,71315,1016.1,-35.73,-0.008701,81213,1017.6,162.03,0.054178,78705,1037.6,216.97,0.057104,75481,982.1,17.11,0.00834,92894,1033.6,66.93,0.038137,202246,1237.0,165.31,0.055597,166280,1126.5,383.41,0.133349,176181,1241.8,146.21,0.079165,165405,1219.5,157.16,0.073959,71315,1016.1,-35.73,-0.008701,81213,1017.6,162.03,0.054178,78705,1037.6,216.97,0.057104,75481,982.1,17.11,0.00834,92894,1033.6,66.93,0.038137
571,571.07,0.0105754,102477,888.3,4.77,0.001132,181635,1223.9,-104.4,-0.036509,176392,1241.8,152.0,0.0824,167203,1223.8,169.94,0.080561,101622,1105.6,125.88,0.040148,80473,1011.0,160.38,0.053485,78014,1035.6,216.49,0.056584,75888,983.3,12.16,0.005952,92678,1033.3,60.55,0.034436,198318,1231.6,161.35,0.053444,162667,1128.3,379.89,0.129054,176392,1241.8,152.0,0.0824,167203,1223.8,169.94,0.080561,101622,1105.6,125.88,0.040148,80473,1011.0,160.38,0.053485,78014,1035.6,216.49,0.056584,75888,983.3,12.16,0.005952,92678,1033.3,60.55,0.034436
572,572.07,0.010594,102841,889.1,-1.57,-0.000374,183085,1226.0,-109.43,-0.038508,176273,1241.2,156.86,0.085018,168156,1226.6,179.83,0.085539,110867,1128.1,156.68,0.053427,79711,1004.5,158.79,0.052792,77376,1033.7,215.48,0.055962,76212,984.3,7.34,0.003603,92538,1033.2,53.78,0.030541,199096,1231.7,172.94,0.057502,159378,1130.8,376.54,0.125057,176273,1241.2,156.86,0.085018,168156,1226.6,179.83,0.085539,110867,1128.1,156.68,0.053427,79711,1004.5,158.79,0.052792,77376,1033.7,215.48,0.055962,76212,984.3,7.34,0.003603,92538,1033.2,53.78,0.030541
573,573.08,0.0106126,111106,906.1,-17.5,-0.004414,184428,1227.9,-114.95,-0.040685,175808,1239.8,161.03,0.087145,168342,1227.9,187.11,0.089003,113258,1133.7,159.08,0.055138,78920,998.3,157.54,0.052181,76747,1031.6,213.76,0.055175,76415,984.9,2.48,0.001221,92440,1033.1,46.74,0.026516,192455,1222.3,165.81,0.053706,156395,1133.4,373.44,0.12142,175808,1239.8,161.03,0.087145,168342,1227.9,187.11,0.089003,113258,1133.7,159.08,0.055138,78920,998.3,157.54,0.052181,76747,1031.6,213.76,0.055175,76415,984.9,2.48,0.001221,92440,1033.1,46.74,0.026516
574,574.08,0.0106312,129374,940.8,-29.04,-0.008216,185786,1229.9,-121.04,-0.043083,175094,1237.9,164.72,0.088916,168099,1228.3,192.67,0.091485,115996,1140.1,163.8,0.05782,78099,992.2,156.61,0.051647,76131,1029.1,211.4,0.054262,76528,985.3,-2.27,-0.001117,92396,1033.2,39.51,0.022399,191695,1220.1,176.76,0.057125,153607,1135.8,370.4,0.118039,175094,1237.9,164.72,0.088916,168099,1228.3,192.67,0.091485,115996,1140.1,163.8,0.05782,78099,992.2,156.61,0.051647,76131,1029.1,211.4,0.054262,76528,985.3,-2.27,-0.001117,92396,1033.2,39.51,0.022399
575,575.09,0.0106498,146548,970.3,-21.99,-0.006831,187095,1231.9,-127.24,-0.045535,174270,1235.7,168.15,0.090497,167693,1228.2,197.39,0.093511,121603,1152.8,183.0,0.066978,77269,986.5,155.78,0.051122,75621,1026.3,208.29,0.05325,76715,985.8,-5.9,-0.002911,92382,1033.4,32.14,0.018219,187839,1212.7,177.81,0.056654,150933,1137.3,367.35,0.114881,174270,1235.7,168.15,0.090497,167693,1228.2,197.39,0.093511,121603,1152.8,183.0,0.066978,77269,986.5,155.78,0.051122,75621,1026.3,208.29,0.05325,76715,985.8,-5.9,-0.002911,92382,1033.4,32.14,0.018219
576,576.09,0.0106684,156714,986.7,-11.49,-0.003753,188137,1233.6,-132.77,-0.047716,173154,1233.0,170.63,0.091448,167099,1227.5,201.31,0.095079,127485,1165.7,201.23,0.076358,76451,981.2,154.77,0.050525,75316,1023.8,203.95,0.052058,77338,987.6,-6.56,-0.003259,92389,1033.6,24.75,0.014028,189325,1212.6,192.93,0.061963,148281,1137.3,364.18,0.11188,173154,1233.0,170.63,0.091448,167099,1227.5,201.31,0.095079,127485,1165.7,201.23,0.076358,76451,981.2,154.77,0.050525,75316,1023.8,203.95,0.052058,77338,987.6,-6.56,-0.003259,92389,1033.6,24.75,0.014028
577,577.1,0.010687,162076,995.0,-6.05,-0.002027,188804,1234.7,-137.35,-0.049488,171425,1229.3,171.16,0.09109,166405,1226.5,204.74,0.096375,131360,1174.3,208.13,0.080782,75644,976.3,153.5,0.049831,75268,1021.6,197.9,0.050589,78570,991.2,-3.13,-0.001573,92414,1033.7,17.4,0.009862,183815,1203.7,185.17,0.058167,145626,1136.2,360.99,0.109022,171425,1229.3,171.16,0.09109,166405,1226.5,204.74,0.096375,131360,1174.3,208.13,0.080782,75644,976.3,153.5,0.049831,75268,1021.6,197.9,0.050589,78570,991.2,-3.13,-0.001573,92414,1033.7,17.4,0.009862
578,578.1,0.0107055,166773,1002.2,-5.63,-0.001928,189137,1235.4,-141.33,-0.050982,169148,1224.7,169.97,0.089593,165495,1225.0,207.31,0.097177,134093,1180.4,208.19,0.08206,74831,971.7,151.97,0.049033,75828,1021.0,188.66,0.048615,80668,997.3,5.88,0.003015,92460,1033.9,10.14,0.005751,184798,1203.6,194.83,0.061531,143165,1134.1,358.65,0.106682,169148,1224.7,169.97,0.089593,165495,1225.0,207.31,0.097177,134093,1180.4,208.19,0.08206,74831,971.7,151.97,0.049033,75828,1021.0,188.66,0.048615,80668,997.3,5.88,0.003015,92460,1033.9,10.14,0.005751
579,579.09,0.0107239,173382,1012.0,-7.65,-0.002696,189092,1235.6,-145.07,-0.052315,166810,1220.1,168.57,0.087958,164059,1222.3,208.0,0.096864,136209,1185.1,204.74,0.081643,74044,967.5,149.95,0.048079,76786,1021.8,176.61,0.046047,82599,1002.8,14.06,0.007344,92528,1034.1,3.03,0.001717,180365,1196.9,186.74,0.057887,141069,1130.9,357.93,0.105212,166810,1220.1,168.57,0.087958,164059,1222.3,208.0,0.096864,136209,1185.1,204.74,0.081643,74044,967.5,149.95,0.048079,76786,1021.8,176.61,0.046047,82599,1002.8,14.06,0.007344,92528,1034.1,3.03,0.001717
580,580.09,0.0107424,181217,1023.4,-8.27,-0.003012,188598,1235.0,-148.63,-0.053486,165320,1217.0,169.67,0.087964,162084,1218.6,206.69,0.095385,138063,1189.3,200.21,0.080641,73327,963.9,147.18,0.04691,77632,1021.4,164.95,0.043496,83619,1005.7,17.41,0.00918,92623,1034.4,-3.91,-0.002219,176624,1191.0,179.34,0.05471,139128,1126.6,358.17,0.104224,165320,1217.0,169.67,0.087964,162084,1218.6,206.69,0.095385,138063,1189.3,200.21,0.080641,73327,963.9,147.18,0.04691,77632,1021.4,164.95,0.043496,83619,1005.7,17.41,0.00918,92623,1034.4,-3.91,-0.002219
581,581.08,0.0107608,188531,1033.7,-7.28,-0.002732,187677,1233.6,-152.09,-0.05452,165397,1216.6,175.2,0.090899,159951,1214.5,204.61,0.093494,139695,1193.0,195.45,0.079405,72715,960.8,143.07,0.045363,78039,1019.4,156.12,0.04147,83965,1006.7,17.78,0.009404,92748,1034.7,-10.63,-0.006041,173711,1186.3,174.58,0.052584,137001,1121.7,358.16,0.103078,165397,1216.6,175.2,0.090899,159951,1214.5,204.61,0.093494,139695,1193.0,195.45,0.079405,72715,960.8,143.07,0.045363,78039,1019.4,156.12,0.04147,83965,1006.7,17.78,0.009404,92748,1034.7,-10.63,-0.006041
582,582.07,0.0107791,194723,1042.2,-5.95,-0.002288,186178,1231.3,-154.85,-0.055169,166542,1218.2,183.28,0.095628,158434,1211.3,204.26,0.092692,141029,1196.0,191.06,0.078166,72297,958.8,137.75,0.043518,77913,1015.9,149.74,0.039846,84086,1007.1,18.13,0.009596,92903,1035.0,-17.11,-0.009739,176632,1189.5,188.56,0.057599,134740,1116.6,358.02,0.101801,166542,1218.2,183.28,0.095628,158434,1211.3,204.26,0.092692,141029,1196.0,191.06,0.078166,72297,958.8,137.75,0.043518,77913,1015.9,149.74,0.039846,84086,1007.1,18.13,0.009596,92903,1035.0,-17.11,-0.009739
583,583.06,0.0107974,200119,1049.5,-5.12,-0.002009,184100,1228.1,-156.61,-0.05532,167572,1219.7,190.32,0.099794,158343,1210.5,208.48,0.094618,142237,1198.7,188.0,0.077398,72171,957.7,129.54,0.040898,77415,1011.0,145.68,0.038705,84495,1008.3,21.17,0.011248,93084,1035.3,-23.34,-0.013304,173393,1184.2,184.88,0.055685,132714,1112.1,359.04,0.100961,167572,1219.7,190.32,0.099794,158343,1210.5,208.48,0.094618,142237,1198.7,188.0,0.077398,72171,957.7,129.54,0.040898,77415,1011.0,145.68,0.038705,84495,1008.3,21.17,0.011248,93084,1035.3,-23.34,-0.013304
584,584.05,0.0108157,205317,1056.3,-4.87,-0.001946,181678,1224.4,-157.56,-0.055089,167641,1219.7,194.05,0.101787,159298,1211.4,216.6,0.098822,143784,1201.9,188.16,0.078096,72326,957.7,118.67,0.037548,76526,1004.8,143.11,0.037814,86390,1013.5,33.38,0.018038,93283,1035.7,-29.31,-0.016739,169979,1178.5,183.16,0.054342,131024,1108.4,361.49,0.100692,167641,1219.7,194.05,0.101787,159298,1211.4,216.6,0.098822,143784,1201.9,188.16,0.078096,72326,957.7,118.67,0.037548,76526,1004.8,143.11,0.037814,86390,1013.5,33.38,0.018038,93283,1035.7,-29.31,-0.016739
585,585.04,0.010834,210563,1063.2,-4.78,-0.001948,179049,1220.3,-157.61,-0.05449,166850,1218.5,194.96,0.10188,160332,1212.3,225.1,0.103292,146164,1206.6,193.2,0.081207,72546,958.0,106.98,0.033945,75450,998.4,141.21,0.037025,89296,1021.5,51.37,0.028474,93488,1036.1,-35.04,-0.020048,169899,1176.2,194.63,0.057829,129340,1104.8,364.0,0.100413,166850,1218.5,194.96,0.10188,160332,1212.3,225.1,0.103292,146164,1206.6,193.2,0.081207,72546,958.0,106.98,0.033945,75450,998.4,141.21,0.037025,89296,1021.5,51.37,0.028474,93488,1036.1,-35.04,-0.020048
586,586.09,0.0108534,215973,1070.1,-4.44,-0.001845,175980,1215.6,-156.22,-0.053291,165530,1216.5,194.84,0.101184,160312,1211.2,231.23,0.106184,149490,1212.6,202.9,0.086791,72470,957.4,95.78,0.030375,74159,991.3,139.25,0.036146,91281,1026.9,64.53,0.03637,93698,1036.4,-40.91,-0.023449,164277,1165.6,191.05,0.055389,127437,1100.8,366.18,0.099893,165530,1216.5,194.84,0.101184,160312,1211.2,231.23,0.106184,149490,1212.6,202.9,0.086791,72470,957.4,95.78,0.030375,74159,991.3,139.25,0.036146,91281,1026.9,64.53,0.03637,93698,1036.4,-40.91,-0.023449
587,587.07,0.0108716,220568,1075.8,-3.93,-0.001658,172801,1210.5,-153.39,-0.051594,164112,1214.3,194.6,0.100375,159104,1208.2,233.93,0.10688,152465,1217.5,212.45,0.09231,71926,955.5,87.6,0.027626,72871,984.5,136.96,0.035171,91889,1028.8,70.04,0.039665,93870,1036.7,-46.2,-0.026526,165068,1163.5,208.5,0.06085,125859,1097.4,368.87,0.099683,164112,1214.3,194.6,0.100375,159104,1208.2,233.93,0.10688,152465,1217.5,212.45,0.09231,71926,955.5,87.6,0.027626,72871,984.5,136.96,0.035171,91889,1028.8,70.04,0.039665,93870,1036.7,-46.2,-0.026526
588,588.05,0.0108898,224755,1081.0,-3.55,-0.001518,169037,1204.5,-148.28,-0.049033,162580,1211.8,194.26,0.09947,157385,1204.4,235.76,0.106887,154580,1220.4,219.67,0.096539,70949,952.4,81.51,0.02544,71586,978.0,134.14,0.034067,91973,1029.4,72.23,0.040916,94010,1036.8,-51.32,-0.0295,162956,1156.9,216.16,0.062629,124555,1094.6,372.38,0.099843,162580,1211.8,194.26,0.09947,157385,1204.4,235.76,0.106887,154580,1220.4,219.67,0.096539,70949,952.4,81.51,0.02544,71586,978.0,134.14,0.034067,91973,1029.4,72.23,0.040916,94010,1036.8,-51.32,-0.0295
589,589.1,0.0109092,229128,1086.4,-3.45,-0.001498,164547,1197.1,-141.03,-0.04568,160775,1208.6,193.79,0.098383,155317,1200.1,237.66,0.106721,155786,1221.5,224.3,0.099253,69477,947.6,75.83,0.023295,70282,971.4,130.53,0.032769,91797,1029.2,72.55,0.041024,94115,1036.9,-56.58,-0.032559,160540,1150.3,224.23,0.064377,123157,1091.6,375.75,0.09989,160775,1208.6,193.79,0.098383,155317,1200.1,237.66,0.106721,155786,1221.5,224.3,0.099253,69477,947.6,75.83,0.023295,70282,971.4,130.53,0.032769,91797,1029.2,72.55,0.041024,94115,1036.9,-56.58,-0.032559
590,590.08,0.0109274,233377,1091.5,-3.52,-0.001547,160376,1190.1,-134.77,-0.042795,158989,1205.3,193.63,0.097473,153245,1195.9,239.45,0.106464,156326,1221.6,226.95,0.100764,68106,943.2,72.3,0.021874,69190,965.8,126.11,0.031347,91565,1029.0,72.11,0.040681,94182,1036.8,-61.37,-0.035347,154618,1139.0,218.33,0.060968,121621,1088.3,377.62,0.099442,158989,1205.3,193.63,0.097473,153245,1195.9,239.45,0.106464,156326,1221.6,226.95,0.100764,68106,943.2,72.3,0.021874,69190,965.8,126.11,0.031347,91565,1029.0,72.11,0.040681,94182,1036.8,-61.37,-0.035347
591,591.06,0.0109455,237683,1096.6,-3.46,-0.001544,156420,1183.3,-130.58,-0.040674,157213,1201.8,194.11,0.096906,151069,1191.6,241.07,0.106038,156591,1221.4,228.82,0.101782,68733,945.1,81.91,0.024959,68277,960.9,119.86,0.029551,91366,1028.9,71.36,0.040177,94216,1036.7,-65.98,-0.038021,152049,1132.6,223.38,0.061689,119893,1084.4,378.34,0.098561,157213,1201.8,194.11,0.096906,151069,1191.6,241.07,0.106038,156591,1221.4,228.82,0.101782,68733,945.1,81.91,0.024959,68277,960.9,119.86,0.029551,91366,1028.9,71.36,0.040177,94216,1036.7,-65.98,-0.038021
592,592.04,0.0109637,241654,1101.3,-3.08,-0.001391,152767,1177.0,-128.89,-0.039419,155453,1198.1,195.23,0.096675,148885,1187.5,242.62,0.105543,156739,1221.5,230.35,0.102557,78335,974.3,146.79,0.049448,67446,956.5,110.62,0.027063,91173,1028.7,70.27,0.039487,94232,1036.5,-70.41,-0.040589,152514,1130.7,238.71,0.066236,118088,1080.4,378.34,0.097447,155453,1198.1,195.23,0.096675,148885,1187.5,242.62,0.105543,156739,1221.5,230.35,0.102557,78335,974.3,146.79,0.049448,67446,956.5,110.62,0.027063,91173,1028.7,70.27,0.039487,94232,1036.5,-70.41,-0.040589
593,593.08,0.010983,245122,1105.3,-2.43,-0.001107,149232,1170.8,-129.34,-0.038847,153667,1194.1,197.26,0.096883,146681,1183.4,244.48,0.105138,156707,1221.8,231.31,0.102931,96872,1022.9,240.61,0.095473,66880,952.9,98.67,0.024027,90940,1028.5,68.65,0.038482,94255,1036.3,-74.95,-0.043224,147915,1121.7,236.68,0.064201,116186,1075.9,378.04,0.096193,153667,1194.1,197.26,0.096883,146681,1183.4,244.48,0.105138,156707,1221.8,231.31,0.102931,96872,1022.9,240.61,0.095473,66880,952.9,98.67,0.024027,90940,1028.5,68.65,0.038482,94255,1036.3,-74.95,-0.043224
594,594.06,0.0110011,247558,1108.2,-1.8,-0.000826,146410,1165.9,-130.83,-0.038715,151962,1190.0,199.35,0.097155,144775,1180.0,246.5,0.104937,156297,1221.5,230.89,0.102507,105531,1045.2,264.12,0.111728,68320,956.9,96.41,0.023883,90709,1028.3,66.61,0.037255,94309,1036.2,-79.0,-0.045588,146012,1116.9,242.68,0.06526,114486,1071.9,377.78,0.095077,151962,1190.0,199.35,0.097155,144775,1180.0,246.5,0.104937,156297,1221.5,230.89,0.102507,105531,1045.2,264.12,0.111728,68320,956.9,96.41,0.023883,90709,1028.3,66.61,0.037255,94309,1036.2,-79.0,-0.045588
595,595.04,0.0110192,249298,1110.1,-1.26,-0.000583,144759,1163.0,-130.63,-0.038311,149997,1185.3,200.76,0.096958,143049,1176.8,248.92,0.10498,155441,1220.4,228.95,0.101178,107225,1053.3,260.69,0.111184,79712,990.8,151.43,0.042272,90492,1028.1,64.03,0.035733,94400,1036.2,-82.85,-0.047852,143144,1110.9,244.61,0.064836,112872,1068.0,377.67,0.094048,149997,1185.3,200.76,0.096958,143049,1176.8,248.92,0.10498,155441,1220.4,228.95,0.101178,107225,1053.3,260.69,0.111184,79712,990.8,151.43,0.042272,90492,1028.1,64.03,0.035733,94400,1036.2,-82.85,-0.047852
596,596.08,0.0110386,250464,1111.5,-0.74,-0.000344,144720,1163.6,-125.25,-0.036704,147833,1180.0,202.09,0.096629,141267,1173.6,251.53,0.10505,153992,1219.0,225.09,0.09866,108055,1059.3,253.73,0.108439,102053,1046.8,251.76,0.085162,90308,1028.0,60.58,0.033743,94549,1036.5,-86.71,-0.05015,139797,1103.9,245.0,0.06382,111266,1064.2,378.0,0.093128,147833,1180.0,202.09,0.096629,141267,1173.6,251.53,0.10505,153992,1219.0,225.09,0.09866,108055,1059.3,253.73,0.108439,102053,1046.8,251.76,0.085162,90308,1028.0,60.58,0.033743,94549,1036.5,-86.71,-0.05015
597,597.06,0.0110567,250824,1111.9,-0.18,-8.3e-05,149690,1173.3,-103.55,-0.031132,146095,1175.3,204.21,0.096879,139425,1170.1,253.23,0.104693,152852,1219.0,222.36,0.09674,108268,1063.1,249.45,0.106436,110422,1062.5,273.82,0.09874,90201,1028.0,56.67,0.031528,94734,1036.8,-90.11,-0.052204,139271,1101.2,254.58,0.066231,109921,1060.9,379.24,0.092586,146095,1175.3,204.21,0.096879,139425,1170.1,253.23,0.104693,152852,1219.0,222.36,0.09674,108268,1063.1,249.45,0.106436,110422,1062.5,273.82,0.09874,90201,1028.0,56.67,0.031528,94734,1036.8,-90.11,-0.052204
598,598.04,0.0110748,250398,1111.5,0.43,0.000201,161943,1195.3,-58.4,-0.018644,144558,1170.8,206.76,0.097427,137523,1166.3,254.52,0.104128,152443,1221.6,222.34,0.096267,108623,1066.9,245.48,0.104715,113127,1065.0,269.76,0.099423,90164,1028.2,52.08,0.028955,94919,1037.2,-93.51,-0.054258,133979,1091.5,245.3,0.06194,108729,1058.2,381.76,0.092433,144558,1170.8,206.76,0.097427,137523,1166.3,254.52,0.104128,152443,1221.6,222.34,0.096267,108623,1066.9,245.48,0.104715,113127,1065.0,269.76,0.099423,90164,1028.2,52.08,0.028955,94919,1037.2,-93.51,-0.054258
599,599.08,0.0110941,248924,1109.9,1.18,0.000544,173493,1214.7,-17.38,-0.005849,142869,1165.7,209.05,0.097778,135780,1162.6,256.46,0.103923,152952,1226.9,226.23,0.097857,109322,1071.4,241.89,0.103406,114294,1064.5,258.48,0.096294,90285,1028.8,46.45,0.025843,95058,1037.6,-97.32,-0.056531,132947,1088.3,252.81,0.063529,107603,1055.6,386.02,0.092717,142869,1165.7,209.05,0.097778,135780,1162.6,256.46,0.103923,152952,1226.9,226.23,0.097857,109322,1071.4,241.89,0.103406,114294,1064.5,258.48,0.096294,90285,1028.8,46.45,0.025843,95058,1037.6,-97.32,-0.056531
600,600.06,0.0111122,246737,1107.7,1.75,0.000804,179660,1224.5,5.31,0.001836,141258,1160.6,210.95,0.097988,134465,1159.5,258.5,0.104012,154466,1233.7,233.57,0.101462,110706,1077.3,240.2,0.10342,115286,1065.2,249.68,0.093755,90514,1029.6,40.6,0.022628,95107,1037.8,-101.05,-0.058715,131013,1083.8,255.31,0.063487,106598,1053.5,390.82,0.093179,141258,1160.6,210.95,0.097988,134465,1159.5,258.5,0.104012,154466,1233.7,233.57,0.101462,110706,1077.3,240.2,0.10342,115286,1065.2,249.68,0.093755,90514,1029.6,40.6,0.022628,95107,1037.8,-101.05,-0.058715
601,601.1,0.0111315,243770,1104.6,2.23,0.001013,183805,1230.9,21.71,0.007639,139604,1154.9,213.15,0.098332,133243,1156.3,259.64,0.103805,155430,1239.9,239.63,0.104229,113266,1085.7,240.19,0.104983,115814,1065.7,245.26,0.092474,90839,1030.7,33.98,0.018985,95084,1038.0,-105.05,-0.061014,129326,1079.5,258.97,0.063819,105576,1051.6,394.97,0.093435,139604,1154.9,213.15,0.098332,133243,1156.3,259.64,0.103805,155430,1239.9,239.63,0.104229,113266,1085.7,240.19,0.104983,115814,1065.7,245.26,0.092474,90839,1030.7,33.98,0.018985,95084,1038.0,-105.05,-0.061014
602,602.08,0.0111495,240489,1101.1,2.64,0.001186,186799,1235.3,34.58,0.012321,138039,1149.1,215.07,0.098599,132293,1153.5,259.41,0.103227,155424,1243.7,242.56,0.10517,116257,1094.3,240.23,0.106932,115886,1066.9,245.51,0.092526,91195,1031.8,27.53,0.015425,95118,1038.3,-108.09,-0.062781,127084,1074.5,258.94,0.062995,104933,1050.8,396.45,0.09329,138039,1149.1,215.07,0.098599,132293,1153.5,259.41,0.103227,155424,1243.7,242.56,0.10517,116257,1094.3,240.23,0.106932,115886,1066.9,245.51,0.092526,91195,1031.8,27.53,0.015425,95118,1038.3,-108.09,-0.062781
603,603.05,0.0111676,236694,1097.1,3.1,0.001375,189263,1238.8,46.31,0.016672,136390,1142.7,216.44,0.098597,131618,1151.3,258.42,0.102508,154676,1245.6,243.38,0.104862,119332,1102.1,238.33,0.108121,116088,1070.7,250.89,0.094378,91585,1032.9,20.95,0.011777,95388,1039.3,-109.2,-0.063546,124991,1069.9,258.82,0.062199,104785,1051.1,395.42,0.092889,136390,1142.7,216.44,0.098597,131618,1151.3,258.42,0.102508,154676,1245.6,243.38,0.104862,119332,1102.1,238.33,0.108121,116088,1070.7,250.89,0.094378,91585,1032.9,20.95,0.011777,95388,1039.3,-109.2,-0.063546
604,604.09,0.0111869,231962,1092.0,3.71,0.001622,191409,1241.8,57.67,0.020946,134583,1135.1,217.1,0.098233,131202,1149.2,256.19,0.101482,153499,1245.7,243.25,0.104002,122357,1108.8,233.52,0.107967,116211,1074.9,261.59,0.098129,92023,1034.2,13.9,0.007842,96053,1041.7,-108.83,-0.063628,119979,1060.4,245.96,0.057244,105094,1053.1,391.06,0.091956,134583,1135.1,217.1,0.098233,131202,1149.2,256.19,0.101482,153499,1245.7,243.25,0.104002,122357,1108.8,233.52,0.107967,116211,1074.9,261.59,0.098129,92023,1034.2,13.9,0.007842,96053,1041.7,-108.83,-0.063628
605,605.07,0.011205,226805,1086.4,4.36,0.001874,193100,1244.0,67.1,0.024542,132950,1127.7,216.81,0.097554,130873,1146.6,252.76,0.1001,152264,1244.5,242.67,0.103014,124583,1112.7,227.42,0.106681,116220,1077.8,273.89,0.102467,92446,1035.3,7.32,0.004144,97293,1045.2,-105.14,-0.062053,118640,1057.2,247.58,0.057153,108253,1061.6,372.51,0.089503,132950,1127.7,216.81,0.097554,130873,1146.6,252.76,0.1001,152264,1244.5,242.67,0.103014,124583,1112.7,227.42,0.106681,116220,1077.8,273.89,0.102467,92446,1035.3,7.32,0.004144,97293,1045.2,-105.14,-0.062053
606,606.05,0.0112231,221055,1079.9,4.94,0.00208,194636,1246.0,75.49,0.027786,131487,1120.1,215.63,0.096607,130738,1144.8,247.47,0.09806,151020,1242.8,241.73,0.101913,126022,1114.7,221.29,0.104821,116150,1080.2,286.13,0.106751,92876,1036.5,0.8,0.000453,99057,1050.1,-99.69,-0.059621,117365,1053.9,248.95,0.057026,116932,1082.5,329.82,0.08395,131487,1120.1,215.63,0.096607,130738,1144.8,247.47,0.09806,151020,1242.8,241.73,0.101913,126022,1114.7,221.29,0.104821,116150,1080.2,286.13,0.106751,92876,1036.5,0.8,0.000453,99057,1050.1,-99.69,-0.059621
607,607.09,0.0112424,214610,1072.6,5.28,0.002175,196223,1248.0,83.75,0.031028,130183,1112.2,213.69,0.095461,131036,1143.4,239.38,0.095183,149741,1240.6,240.22,0.100599,126585,1115.0,216.35,0.102905,115334,1081.1,295.76,0.109478,93331,1037.6,-6.1,-0.003481,100812,1055.0,-94.77,-0.05742,116764,1051.7,253.16,0.057816,127610,1106.0,280.9,0.076368,130183,1112.2,213.69,0.095461,131036,1143.4,239.38,0.095183,149741,1240.6,240.22,0.100599,126585,1115.0,216.35,0.102905,115334,1081.1,295.76,0.109478,93331,1037.6,-6.1,-0.003481,100812,1055.0,-94.77,-0.05742
608,608.06,0.0112605,208689,1065.7,5.27,0.002121,197677,1249.9,91.15,0.03397,129209,1105.2,210.98,0.094133,131698,1142.7,230.45,0.092155,148630,1238.2,238.57,0.09936,126200,1113.9,213.58,0.101382,114040,1081.0,302.6,0.110764,93741,1038.6,-12.56,-0.007186,102213,1058.9,-91.11,-0.055758,113316,1045.2,243.88,0.054392,133040,1117.9,253.12,0.070981,129209,1105.2,210.98,0.094133,131698,1142.7,230.45,0.092155,148630,1238.2,238.57,0.09936,126200,1113.9,213.58,0.101382,114040,1081.0,302.6,0.110764,93741,1038.6,-12.56,-0.007186,102213,1058.9,-91.11,-0.055758
609,609.04,0.0112786,203217,1059.2,4.97,0.00196,198973,1251.5,98.04,0.036729,128401,1098.8,206.96,0.0923,132480,1141.9,220.53,0.088767,147626,1235.2,237.06,0.098304,124988,1111.3,211.98,0.099889,112453,1080.3,308.42,0.111391,94113,1039.5,-19.02,-0.01092,103719,1063.1,-85.86,-0.053108,110136,1038.7,234.79,0.051213,134846,1122.5,240.78,0.06816,128401,1098.8,206.96,0.0923,132480,1141.9,220.53,0.088767,147626,1235.2,237.06,0.098304,124988,1111.3,211.98,0.099889,112453,1080.3,308.42,0.111391,94113,1039.5,-19.02,-0.01092,103719,1063.1,-85.86,-0.053108
610,610.08,0.0112979,198084,1052.9,4.44,0.001717,199963,1252.7,104.28,0.039224,127791,1092.6,201.17,0.089793,133492,1141.3,209.26,0.084921,146660,1230.6,236.02,0.097592,122969,1107.2,210.9,0.098141,110509,1078.8,313.82,0.111535,94463,1040.2,-25.85,-0.014886,106039,1069.1,-74.65,-0.046945,108241,1034.5,231.69,0.049868,134974,1123.8,234.24,0.066294,127791,1092.6,201.17,0.089793,133492,1141.3,209.26,0.084921,146660,1230.6,236.02,0.097592,122969,1107.2,210.9,0.098141,110509,1078.8,313.82,0.111535,94463,1040.2,-25.85,-0.014886,106039,1069.1,-74.65,-0.046945
611,611.06,0.011316,194012,1047.9,3.84,0.001464,200496,1253.4,109.08,0.041116,127571,1088.1,195.07,0.087282,134633,1140.9,198.11,0.081109,145655,1225.0,235.92,0.097327,120819,1102.6,210.86,0.09681,108513,1076.4,317.85,0.111173,94759,1040.8,-32.01,-0.018479,108657,1075.7,-58.72,-0.03761,109327,1035.5,241.96,0.052547,134610,1124.2,230.86,0.065137,127571,1088.1,195.07,0.087282,134633,1140.9,198.11,0.081109,145655,1225.0,235.92,0.097327,120819,1102.6,210.86,0.09681,108513,1076.4,317.85,0.111173,94759,1040.8,-32.01,-0.018479,108657,1075.7,-58.72,-0.03761
612,612.04,0.0113341,190650,1043.7,3.22,0.001211,200671,1253.5,113.14,0.042681,127848,1085.9,188.55,0.084722,135811,1140.5,186.82,0.077189,144242,1218.1,237.03,0.097388,118810,1098.3,212.35,0.096243,106368,1072.9,320.33,0.110189,95029,1041.3,-37.84,-0.021894,110354,1079.9,-42.6,-0.027602,107733,1031.9,239.68,0.051475,133447,1123.2,226.96,0.063539,127848,1085.9,188.55,0.084722,135811,1140.5,186.82,0.077189,144242,1218.1,237.03,0.097388,118810,1098.3,212.35,0.096243,106368,1072.9,320.33,0.110189,95029,1041.3,-37.84,-0.021894,110354,1079.9,-42.6,-0.027602
613,613.09,0.0113534,187798,1040.1,2.58,0.000957,200298,1252.9,116.58,0.043918,128602,1085.5,180.02,0.081399,136707,1139.1,175.43,0.073052,142052,1209.1,239.97,0.097819,117391,1096.1,217.13,0.097431,104019,1068.0,321.68,0.10871,95175,1041.4,-44.21,-0.025615,110616,1080.8,-29.51,-0.01915,104209,1024.7,228.48,0.047798,132182,1122.0,224.15,0.062221,128602,1085.5,180.02,0.081399,136707,1139.1,175.43,0.073052,142052,1209.1,239.97,0.097819,117391,1096.1,217.13,0.097431,104019,1068.0,321.68,0.10871,95175,1041.4,-44.21,-0.025615,110616,1080.8,-29.51,-0.01915
614,614.07,0.0113716,185722,1037.4,2.04,0.000752,199473,1251.6,118.99,0.044685,130465,1087.9,173.83,0.079558,137166,1136.9,166.94,0.069884,139477,1199.6,244.66,0.098701,116700,1096.2,223.87,0.099853,101954,1062.9,322.89,0.107456,95028,1040.7,-51.1,-0.029582,110062,1079.7,-20.78,-0.013429,103451,1022.4,230.18,0.04791,130744,1120.4,221.3,0.06085,130465,1087.9,173.83,0.079558,137166,1136.9,166.94,0.069884,139477,1199.6,244.66,0.098701,116700,1096.2,223.87,0.099853,101954,1062.9,322.89,0.107456,95028,1040.7,-51.1,-0.029582,110062,1079.7,-20.78,-0.013429
615,615.04,0.0113897,184081,1035.3,1.64,0.000601,198283,1249.8,120.4,0.045011,134668,1093.9,173.56,0.081545,137267,1133.8,160.53,0.067429,136677,1189.6,251.06,0.100083,116257,1097.7,231.05,0.102521,100332,1058.5,325.79,0.107139,94784,1039.8,-58.14,-0.033602,108910,1077.2,-14.1,-0.009041,102962,1020.5,233.35,0.048431,129311,1118.4,219.13,0.0597,134668,1093.9,173.56,0.081545,137267,1133.8,160.53,0.067429,136677,1189.6,251.06,0.100083,116257,1097.7,231.05,0.102521,100332,1058.5,325.79,0.107139,94784,1039.8,-58.14,-0.033602,108910,1077.2,-14.1,-0.009041
616,616.09,0.011409,182617,1033.4,1.4,0.000508,196666,1247.4,120.8,0.044878,141772,1104.2,184.1,0.090213,137696,1130.8,157.39,0.066493,133645,1178.9,259.01,0.101875,115722,1100.2,237.77,0.10478,99322,1055.3,332.01,0.108414,95413,1041.1,-60.08,-0.03491,106939,1072.8,-5.92,-0.003743,100464,1014.8,227.2,0.046267,127543,1115.4,216.79,0.058411,141772,1104.2,184.1,0.090213,137696,1130.8,157.39,0.066493,133645,1178.9,259.01,0.101875,115722,1100.2,237.77,0.10478,99322,1055.3,332.01,0.108414,95413,1041.1,-60.08,-0.03491,106939,1072.8,-5.92,-0.003743
617,617.07,0.0114271,181358,1031.7,1.31,0.000475,194880,1244.8,120.61,0.044494,148735,1114.6,192.34,0.097957,139580,1130.5,161.46,0.069164,130825,1169.0,266.71,0.103558,114829,1102.5,241.98,0.105595,98852,1053.4,339.79,0.11063,101456,1055.8,-35.47,-0.021611,104431,1066.9,4.03,0.002499,97517,1008.0,218.28,0.043438,125754,1112.2,215.03,0.057292,148735,1114.6,192.34,0.097957,139580,1130.5,161.46,0.069164,130825,1169.0,266.71,0.103558,114829,1102.5,241.98,0.105595,98852,1053.4,339.79,0.11063,101456,1055.8,-35.47,-0.021611,104431,1066.9,4.03,0.002499
618,618.04,0.0114453,180121,1030.1,1.3,0.000469,192762,1241.6,120.26,0.043992,153062,1122.6,193.9,0.100896,144014,1134.5,176.07,0.07755,128066,1159.4,274.21,0.105089,113555,1104.4,244.45,0.105309,98548,1052.0,347.47,0.112934,118416,1094.8,35.95,0.024651,101797,1060.6,14.43,0.008779,97639,1007.3,225.34,0.044932,123898,1108.6,213.82,0.056309,153062,1122.6,193.9,0.100896,144014,1134.5,176.07,0.07755,128066,1159.4,274.21,0.105089,113555,1104.4,244.45,0.105309,98548,1052.0,347.47,0.112934,118416,1094.8,35.95,0.024651,101797,1060.6,14.43,0.008779
619,619.09,0.0114646,178800,1028.3,1.31,0.00047,190000,1237.5,120.23,0.043494,155295,1127.4,193.7,0.101824,149350,1139.1,194.48,0.088468,125238,1149.7,281.87,0.106531,112056,1106.0,246.47,0.104628,98070,1050.5,353.52,0.114512,129222,1117.6,74.76,0.054804,99292,1054.4,24.0,0.014328,95537,1001.9,221.48,0.043443,121844,1104.4,212.72,0.055301,155295,1127.4,193.7,0.101824,149350,1139.1,194.48,0.088468,125238,1149.7,281.87,0.106531,112056,1106.0,246.47,0.104628,98070,1050.5,353.52,0.114512,129222,1117.6,74.76,0.054804,99292,1054.4,24.0,0.014328
620,620.07,0.0114827,177555,1026.7,1.33,0.000473,186763,1232.7,120.93,0.043176,156635,1130.8,192.48,0.101757,152338,1139.7,205.16,0.095148,122700,1141.2,288.62,0.107667,110589,1107.0,248.15,0.103866,97321,1048.8,356.4,0.114743,131796,1123.4,80.0,0.059506,97545,1049.9,29.83,0.017572,92968,995.6,214.72,0.041244,119884,1100.2,211.76,0.054369,156635,1130.8,192.48,0.101757,152338,1139.7,205.16,0.095148,122700,1141.2,288.62,0.107667,110589,1107.0,248.15,0.103866,97321,1048.8,356.4,0.114743,131796,1123.4,80.0,0.059506,97545,1049.9,29.83,0.017572
621,621.05,0.0115008,176283,1025.0,1.37,0.000486,182923,1226.8,122.48,0.043036,157338,1133.3,192.08,0.101767,153690,1137.5,210.51,0.098687,120224,1133.3,294.74,0.108485,109115,1107.4,249.84,0.103137,96452,1047.6,357.25,0.114122,132303,1124.9,77.92,0.058107,96452,1046.9,32.09,0.018744,93084,994.6,222.29,0.042793,117888,1095.9,210.67,0.053403,157338,1133.3,192.08,0.101767,153690,1137.5,210.51,0.098687,120224,1133.3,294.74,0.108485,109115,1107.4,249.84,0.103137,96452,1047.6,357.25,0.114122,132303,1124.9,77.92,0.058107,96452,1046.9,32.09,0.018744
622,622.09,0.0115202,174849,1023.1,1.47,0.000518,178431,1219.8,124.23,0.04282,157881,1136.2,192.34,0.102002,154233,1134.2,213.29,0.100634,117622,1125.5,300.47,0.108953,107535,1107.3,251.6,0.102374,95645,1047.5,356.67,0.112989,132723,1126.3,74.67,0.055786,95753,1045.0,32.06,0.018625,91013,989.1,218.61,0.041382,115754,1091.0,209.4,0.052353,157881,1136.2,192.34,0.102002,154233,1134.2,213.29,0.100634,117622,1125.5,300.47,0.108953,107535,1107.3,251.6,0.102374,95645,1047.5,356.67,0.112989,132723,1126.3,74.67,0.055786,95753,1045.0,32.06,0.018625
623,623.07,0.0115384,173408,1021.1,1.58,0.000552,174171,1213.1,125.07,0.042313,158247,1139.2,192.9,0.102265,154399,1131.3,214.81,0.101722,115228,1118.8,305.17,0.109056,106107,1106.7,253.39,0.101788,95003,1048.4,354.97,0.111603,133854,1129.1,74.5,0.055998,95364,1043.8,30.23,0.017509,90927,987.5,225.3,0.042674,113801,1086.4,208.28,0.051409,158247,1139.2,192.9,0.102265,154399,1131.3,214.81,0.101722,115228,1118.8,305.17,0.109056,106107,1106.7,253.39,0.101788,95003,1048.4,354.97,0.111603,133854,1129.1,74.5,0.055998,95364,1043.8,30.23,0.017509
624,624.05,0.0115566,171908,1019.1,1.65,0.000572,170038,1206.4,125.13,0.041559,158506,1142.2,193.89,0.102687,154485,1129.1,216.07,0.102578,112906,1112.7,309.37,0.108916,104760,1105.8,255.31,0.101338,94539,1051.1,353.12,0.110196,135445,1132.7,76.41,0.057933,95141,1043.0,27.42,0.015858,88337,981.0,218.11,0.040403,111903,1081.8,207.37,0.050545,158506,1142.2,193.89,0.102687,154485,1129.1,216.07,0.102578,112906,1112.7,309.37,0.108916,104760,1105.8,255.31,0.101338,94539,1051.1,353.12,0.110196,135445,1132.7,76.41,0.057933,95141,1043.0,27.42,0.015858
625,625.04,0.0115748,170416,1017.0,1.64,0.000565,165937,1199.7,125.08,0.040764,158750,1145.2,195.14,0.103233,154622,1127.6,217.43,0.103442,110666,1107.3,313.13,0.108585,103489,1104.8,257.2,0.100943,94118,1054.8,350.36,0.108465,137239,1136.8,79.58,0.06091,94981,1042.4,24.27,0.014022,88218,979.4,224.61,0.041616,110008,1077.2,206.84,0.049776,158750,1145.2,195.14,0.103233,154622,1127.6,217.43,0.103442,110666,1107.3,313.13,0.108585,103489,1104.8,257.2,0.100943,94118,1054.8,350.36,0.108465,137239,1136.8,79.58,0.06091,94981,1042.4,24.27,0.014022
626,626.09,0.0115943,168911,1014.9,1.55,0.000531,161388,1192.2,126.13,0.040235,158871,1148.2,196.15,0.10358,154793,1126.9,218.99,0.104369,108379,1102.2,316.76,0.108074,102193,1103.6,258.83,0.100417,93787,1059.0,347.19,0.106686,138808,1140.5,82.17,0.063404,94843,1041.9,20.75,0.011974,86203,974.0,220.64,0.04017,107877,1071.9,206.94,0.049075,158871,1148.2,196.15,0.10358,154793,1126.9,218.99,0.104369,108379,1102.2,316.76,0.108074,102193,1103.6,258.83,0.100417,93787,1059.0,347.19,0.106686,138808,1140.5,82.17,0.063404,94843,1041.9,20.75,0.011974
627,627.08,0.0116125,167619,1013.1,1.43,0.000486,156794,1184.3,129.19,0.040302,158776,1150.5,196.52,0.103509,154955,1126.9,220.53,0.105209,106341,1098.0,319.84,0.107481,101027,1102.4,259.68,0.099706,93595,1063.3,344.34,0.105165,139775,1143.0,83.19,0.064503,94746,1041.6,17.3,0.009976,85961,972.1,226.01,0.041112,105718,1066.6,207.9,0.048558,158776,1150.5,196.52,0.103509,154955,1126.9,220.53,0.105209,106341,1098.0,319.84,0.107481,101027,1102.4,259.68,0.099706,93595,1063.3,344.34,0.105165,139775,1143.0,83.19,0.064503,94746,1041.6,17.3,0.009976
628,628.06,0.0116308,166441,1011.5,1.31,0.000445,151931,1175.9,134.48,0.040943,158572,1152.4,196.63,0.103259,155037,1127.7,221.93,0.105864,104391,1094.2,322.51,0.106753,99941,1101.3,259.9,0.098818,93446,1067.3,340.6,0.103462,140213,1144.5,82.75,0.064278,94685,1041.3,13.69,0.007893,83630,966.2,219.11,0.039014,103494,1061.0,209.48,0.04815,158572,1152.4,196.63,0.103259,155037,1127.7,221.93,0.105864,104391,1094.2,322.51,0.106753,99941,1101.3,259.9,0.098818,93446,1067.3,340.6,0.103462,140213,1144.5,82.75,0.064278,94685,1041.3,13.69,0.007893
629,629.05,0.0116491,165352,1010.0,1.23,0.000413,147042,1167.2,141.44,0.041988,158158,1153.7,196.14,0.102612,154903,1128.3,222.81,0.106133,102501,1090.8,324.58,0.105822,98975,1100.3,259.56,0.097826,93486,1070.8,335.83,0.101733,140268,1145.4,80.69,0.062655,94660,1041.2,9.94,0.005727,81251,959.6,211.41,0.036819,101481,1055.8,210.57,0.047693,158158,1153.7,196.14,0.102612,154903,1128.3,222.81,0.106133,102501,1090.8,324.58,0.105822,98975,1100.3,259.56,0.097826,93486,1070.8,335.83,0.101733,140268,1145.4,80.69,0.062655,94660,1041.2,9.94,0.005727
630,630.04,0.0116674,164312,1008.5,1.18,0.000397,142391,1158.7,149.34,0.043246,157503,1154.5,195.0,0.101533,154583,1128.9,223.33,0.106105,100664,1087.6,325.91,0.104657,98149,1099.5,258.79,0.096792,93775,1073.9,329.45,0.099817,140194,1146.0,77.84,0.060377,94656,1041.1,6.11,0.00352,81292,958.6,218.36,0.038092,99923,1051.7,209.6,0.046925,157503,1154.5,195.0,0.101533,154583,1128.9,223.33,0.106105,100664,1087.6,325.91,0.104657,98149,1099.5,258.79,0.096792,93775,1073.9,329.45,0.099817,140194,1146.0,77.84,0.060377,94656,1041.1,6.11,0.00352
631,631.1,0.011687,163198,1006.9,1.21,0.000404,137865,1150.2,158.18,0.044677,156608,1154.6,193.37,0.100096,154032,1129.6,223.52,0.105755,98844,1084.6,326.71,0.10331,97381,1098.7,257.5,0.095621,94438,1077.4,320.22,0.097385,139992,1146.4,73.87,0.057191,94672,1041.1,2.0,0.001152,79479,953.1,215.42,0.036954,99206,1049.4,205.78,0.045839,156608,1154.6,193.37,0.100096,154032,1129.6,223.52,0.105755,98844,1084.6,326.71,0.10331,97381,1098.7,257.5,0.095621,94438,1077.4,320.22,0.097385,139992,1146.4,73.87,0.057191,94672,1041.1,2.0,0.001152
632,632.09,0.0117053,162087,1005.3,1.3,0.000432,134095,1143.0,166.34,0.045985,155647,1154.3,191.67,0.098632,153240,1130.3,223.12,0.104949,97467,1082.4,327.71,0.102386,96738,1097.9,255.89,0.09446,95584,1082.5,309.53,0.094824,139625,1146.5,69.35,0.053548,94695,1041.2,-1.84,-0.001062,79158,950.8,221.95,0.038012,99598,1049.8,195.14,0.043622,155647,1154.3,191.67,0.098632,153240,1130.3,223.12,0.104949,97467,1082.4,327.71,0.102386,96738,1097.9,255.89,0.09446,95584,1082.5,309.53,0.094824,139625,1146.5,69.35,0.053548,94695,1041.2,-1.84,-0.001062
633,633.07,0.0117236,160881,1003.6,1.42,0.000469,130833,1136.6,173.79,0.047138,154596,1153.6,189.89,0.097116,152219,1131.3,222.29,0.103773,97419,1083.6,333.94,0.104169,96177,1097.1,253.82,0.093222,97196,1089.3,296.31,0.091734,139080,1146.2,64.74,0.04981,94717,1041.3,-5.68,-0.003275,76404,942.9,212.93,0.035491,104320,1060.8,165.14,0.038268,154596,1153.6,189.89,0.097116,152219,1131.3,222.29,0.103773,97419,1083.6,333.94,0.104169,96177,1097.1,253.82,0.093222,97196,1089.3,296.31,0.091734,139080,1146.2,64.74,0.04981,94717,1041.3,-5.68,-0.003275
634,634.06,0.0117419,159596,1001.7,1.52,0.000497,128103,1131.2,179.99,0.048031,153420,1152.6,187.95,0.095481,151076,1132.2,221.31,0.102463,99769,1090.7,350.89,0.111369,95708,1096.3,251.26,0.091903,99273,1097.3,280.9,0.088177,138364,1145.5,61.22,0.046882,94735,1041.4,-9.52,-0.005492,75969,940.8,217.27,0.03609,113189,1080.7,118.42,0.029227,153420,1152.6,187.95,0.095481,151076,1132.2,221.31,0.102463,99769,1090.7,350.89,0.111369,95708,1096.3,251.26,0.091903,99273,1097.3,280.9,0.088177,138364,1145.5,61.22,0.046882,94735,1041.4,-9.52,-0.005492
635,635.05,0.0117602,158279,999.8,1.56,0.000509,125937,1126.7,184.41,0.048568,152074,1151.1,185.73,0.093644,149876,1132.8,220.24,0.101104,103354,1100.6,372.06,0.121228,95323,1095.5,248.23,0.090499,101640,1105.5,263.69,0.084117,137627,1144.9,59.87,0.045629,94752,1041.5,-13.33,-0.007686,74382,936.7,208.57,0.034068,121203,1097.5,77.47,0.020161,152074,1151.1,185.73,0.093644,149876,1132.8,220.24,0.101104,103354,1100.6,372.06,0.121228,95323,1095.5,248.23,0.090499,101640,1105.5,263.69,0.084117,137627,1144.9,59.87,0.045629,94752,1041.5,-13.33,-0.007686
636,636.04,0.0117785,156957,997.9,1.58,0.000512,124446,1123.6,186.35,0.048635,150531,1149.2,183.18,0.091574,148612,1132.9,218.86,0.099607,105910,1107.6,386.82,0.128335,95071,1094.8,244.58,0.088988,104096,1113.2,245.62,0.079688,137120,1144.7,61.37,0.046614,94783,1041.7,-17.03,-0.009822,75299,940.3,191.48,0.03154,126813,1108.7,48.6,0.013099,150531,1149.2,183.18,0.091574,148612,1132.9,218.86,0.099607,105910,1107.6,386.82,0.128335,95071,1094.8,244.58,0.088988,104096,1113.2,245.62,0.079688,137120,1144.7,61.37,0.046614,94783,1041.7,-17.03,-0.009822
637,637.09,0.0117979,155509,995.8,1.66,0.000532,123554,1121.6,185.74,0.048212,148671,1146.7,180.13,0.089128,147177,1132.6,216.83,0.097756,106950,1110.6,393.45,0.13146,95145,1094.9,238.46,0.086823,106905,1121.3,227.92,0.075395,136861,1145.1,65.81,0.049868,94811,1041.9,-20.95,-0.012087,74547,942.3,111.12,0.018082,131033,1116.9,26.0,0.007188,148671,1146.7,180.13,0.089128,147177,1132.6,216.83,0.097756,106950,1110.6,393.45,0.13146,95145,1094.9,238.46,0.086823,106905,1121.3,227.92,0.075395,136861,1145.1,65.81,0.049868,94811,1041.9,-20.95,-0.012087
638,638.08,0.0118162,154009,993.5,1.87,0.000596,123271,1120.4,182.87,0.047408,146819,1144.3,177.12,0.086733,145747,1132.0,214.24,0.095706,107203,1111.4,394.89,0.132163,95479,1095.7,230.14,0.084024,109239,1127.6,211.79,0.071184,136688,1145.8,71.72,0.054249,94717,1041.8,-25.17,-0.014506,78099,954.9,53.19,0.008948,133743,1122.1,9.85,0.002767,146819,1144.3,177.12,0.086733,145747,1132.0,214.24,0.095706,107203,1111.4,394.89,0.132163,95479,1095.7,230.14,0.084024,109239,1127.6,211.79,0.071184,136688,1145.8,71.72,0.054249,94717,1041.8,-25.17,-0.014506
639,639.06,0.0118345,152208,990.8,2.29,0.000723,123731,1121.0,176.61,0.045932,144962,1141.8,174.16,0.084385,144201,1130.9,210.92,0.093311,107480,1111.9,395.04,0.132485,96296,1097.9,220.73,0.08111,111209,1132.9,196.3,0.066857,136305,1146.3,77.83,0.058673,94386,1041.1,-30.54,-0.017556,78126,955.4,2.08,0.000349,135326,1125.1,-2.08,-0.000591,144962,1141.8,174.16,0.084385,144201,1130.9,210.92,0.093311,107480,1111.9,395.04,0.132485,96296,1097.9,220.73,0.08111,111209,1132.9,196.3,0.066857,136305,1146.3,77.83,0.058673,94386,1041.1,-30.54,-0.017556
640,640.05,0.0118527,149964,987.4,2.89,0.000902,125577,1124.4,164.62,0.043323,143137,1139.4,171.29,0.082121,142615,1129.5,207.23,0.090787,107980,1112.9,395.08,0.132998,97777,1102.1,208.07,0.07734,112975,1137.6,182.35,0.06283,135522,1146.1,83.12,0.062318,94231,1040.9,-35.15,-0.020172,78117,955.3,-14.02,-0.002359,136053,1126.6,-10.7,-0.003044,143137,1139.4,171.29,0.082121,142615,1129.5,207.23,0.090787,107980,1112.9,395.08,0.132998,97777,1102.1,208.07,0.07734,112975,1137.6,182.35,0.06283,135522,1146.1,83.12,0.062318,94231,1040.9,-35.15,-0.020172
641,641.1,0.0118722,147048,983.0,3.56,0.001096,128158,1128.9,149.46,0.039981,141281,1137.0,168.31,0.07982,140903,1127.6,203.26,0.08812,108770,1113.5,393.1,0.133231,99886,1107.7,189.72,0.071677,114412,1141.4,168.15,0.05848,134232,1145.0,87.94,0.06537,95034,1043.2,-35.12,-0.020282,79676,960.8,-6.54,-0.001116,136283,1127.1,-17.54,-0.004997,141281,1137.0,168.31,0.07982,140903,1127.6,203.26,0.08812,108770,1113.5,393.1,0.133231,99886,1107.7,189.72,0.071677,114412,1141.4,168.15,0.05848,134232,1145.0,87.94,0.06537,95034,1043.2,-35.12,-0.020282
642,642.08,0.0118904,143956,978.2,4.04,0.001222,130052,1132.0,137.44,0.037206,139664,1134.9,165.6,0.077774,139265,1125.7,199.79,0.085761,110146,1116.2,389.13,0.13323,102114,1113.7,171.14,0.065744,115561,1144.5,156.34,0.054772,132693,1143.3,92.29,0.067912,101799,1060.3,-4.74,-0.002885,83133,972.3,18.37,0.003232,136235,1127.1,-22.62,-0.006444,139664,1134.9,165.6,0.077774,139265,1125.7,199.79,0.085761,110146,1116.2,389.13,0.13323,102114,1113.7,171.14,0.065744,115561,1144.5,156.34,0.054772,132693,1143.3,92.29,0.067912,101799,1060.3,-4.74,-0.002885
643,643.07,0.0119087,140735,973.1,4.26,0.001267,131246,1133.5,128.28,0.035,138166,1133.0,162.93,0.075828,137563,1123.5,196.9,0.083648,111907,1119.6,382.29,0.132572,104299,1119.4,152.88,0.05968,116467,1146.9,145.46,0.051251,130940,1141.4,97.0,0.070552,116723,1094.5,59.7,0.040372,83789,974.9,27.06,0.004783,135787,1126.4,-26.47,-0.007518,138166,1133.0,162.93,0.075828,137563,1123.5,196.9,0.083648,111907,1119.6,382.29,0.132572,104299,1119.4,152.88,0.05968,116467,1146.9,145.46,0.051251,130940,1141.4,97.0,0.070552,116723,1094.5,59.7,0.040372
644,644.05,0.0119269,137563,968.0,4.27,0.001249,131973,1134.0,121.24,0.033247,136767,1131.3,160.37,0.073993,135796,1121.1,194.64,0.081798,113823,1123.1,374.52,0.131697,105973,1123.8,135.49,0.05353,117041,1148.4,134.68,0.047622,129061,1139.4,102.25,0.073428,125165,1111.4,90.67,0.064737,84457,977.3,36.04,0.006407,135084,1125.2,-29.49,-0.008343,136767,1131.3,160.37,0.073993,135796,1121.1,194.64,0.081798,113823,1123.1,374.52,0.131697,105973,1123.8,135.49,0.05353,117041,1148.4,134.68,0.047622,129061,1139.4,102.25,0.073428,125165,1111.4,90.67,0.064737
645,645.04,0.0119452,134509,963.0,4.21,0.00121,132430,1133.9,115.58,0.031808,135433,1129.7,158.06,0.072314,133952,1118.4,192.98,0.080199,115391,1126.0,367.26,0.130579,107060,1126.7,119.77,0.04768,117469,1149.6,124.31,0.044072,127149,1137.5,107.91,0.076476,128264,1116.8,98.05,0.071403,85214,979.8,46.04,0.008237,134223,1123.6,-31.99,-0.009006,135433,1129.7,158.06,0.072314,133952,1118.4,192.98,0.080199,115391,1126.0,367.26,0.130579,107060,1126.7,119.77,0.04768,117469,1149.6,124.31,0.044072,127149,1137.5,107.91,0.076476,128264,1116.8,98.05,0.071403
646,646.09,0.0119646,131332,957.7,4.23,0.001193,132712,1133.4,110.66,0.030532,134045,1128.1,156.03,0.070755,131856,1115.2,192.42,0.078941,116375,1127.8,361.05,0.129262,107915,1129.0,105.39,0.042206,117792,1150.5,113.34,0.040263,125188,1135.7,114.12,0.079753,130338,1120.0,100.08,0.073842,86938,985.0,63.56,0.01154,133214,1121.9,-34.12,-0.009548,134045,1128.1,156.03,0.070755,131856,1115.2,192.42,0.078941,116375,1127.8,361.05,0.129262,107915,1129.0,105.39,0.042206,117792,1150.5,113.34,0.040263,125188,1135.7,114.12,0.079753,130338,1120.0,100.08,0.073842
647,647.08,0.0119829,128295,952.5,4.44,0.00123,132828,1132.5,106.81,0.029519,132735,1126.6,154.71,0.069562,129821,1111.9,192.92,0.078155,116634,1128.2,356.61,0.127915,109050,1132.0,95.93,0.038719,117882,1150.7,102.43,0.036405,123510,1134.4,119.73,0.082653,131378,1121.3,103.66,0.077009,88083,988.4,76.91,0.014098,132246,1120.1,-35.57,-0.009895,132735,1126.6,154.71,0.069562,129821,1111.9,192.92,0.078155,116634,1128.2,356.61,0.127915,109050,1132.0,95.93,0.038719,117882,1150.7,102.43,0.036405,123510,1134.4,119.73,0.082653,131378,1121.3,103.66,0.077009
648,648.06,0.0120011,125073,946.9,4.84,0.001314,132838,1131.4,103.4,0.028607,131387,1125.1,154.04,0.068655,127767,1108.4,194.04,0.077605,116444,1127.5,352.84,0.126428,111508,1138.2,93.79,0.038495,117816,1150.7,90.91,0.032295,122036,1133.5,124.75,0.085155,130528,1119.0,113.97,0.08429,81890,970.7,53.46,0.009277,131304,1118.4,-36.39,-0.010068,131387,1125.1,154.04,0.068655,127767,1108.4,194.04,0.077605,116444,1127.5,352.84,0.126428,111508,1138.2,93.79,0.038495,117816,1150.7,90.91,0.032295,122036,1133.5,124.75,0.085155,130528,1119.0,113.97,0.08429
649,649.05,0.0120194,121605,940.8,5.34,0.00142,132751,1130.1,100.23,0.027743,129964,1123.3,154.11,0.068048,125744,1105.0,195.57,0.077217,116144,1126.6,350.21,0.125272,115438,1147.7,98.57,0.041537,117730,1150.5,79.37,0.02818,120775,1133.2,128.86,0.087075,125569,1108.6,137.22,0.098539,81434,966.1,58.38,0.010122,130380,1116.8,-36.68,-0.01009,129964,1123.3,154.11,0.068048,125744,1105.0,195.57,0.077217,116144,1126.6,350.21,0.125272,115438,1147.7,98.57,0.041537,117730,1150.5,79.37,0.02818,120775,1133.2,128.86,0.087075,125569,1108.6,137.22,0.098539
650,650.1,0.0120388,117664,933.7,5.86,0.001519,132551,1128.4,96.98,0.026843,128343,1121.2,154.99,0.067711,123659,1101.5,197.58,0.07696,115399,1124.9,347.19,0.123583,120257,1159.5,106.49,0.046276,118217,1151.6,70.05,0.024951,119662,1133.3,132.02,0.08838,117516,1091.5,170.38,0.116306,82880,965.8,75.02,0.013244,129356,1114.9,-36.62,-0.010012,128343,1121.2,154.99,0.067711,123659,1101.5,197.58,0.07696,115399,1124.9,347.19,0.123583,120257,1159.5,106.49,0.046276,118217,1151.6,70.05,0.024951,119662,1133.3,132.02,0.08838,117516,1091.5,170.38,0.116306
651,651.08,0.012057,113839,926.6,6.23,0.001575,132214,1126.6,94.2,0.02605,126749,1119.1,156.46,0.06763,121784,1098.4,199.74,0.076837,114612,1123.2,344.88,0.122104,124318,1169.6,109.58,0.048798,120139,1155.9,68.49,0.024699,118849,1133.8,133.79,0.088918,110571,1076.0,197.95,0.128968,83880,963.9,92.86,0.016623,128284,1112.9,-36.6,-0.009941,126749,1119.1,156.46,0.06763,121784,1098.4,199.74,0.076837,114612,1123.2,344.88,0.122104,124318,1169.6,109.58,0.048798,120139,1155.9,68.49,0.024699,118849,1133.8,133.79,0.088918,110571,1076.0,197.95,0.128968
652,652.06,0.0120752,110000,919.3,6.46,0.00159,131713,1124.4,91.86,0.025355,125125,1117.0,158.39,0.067713,119984,1095.5,202.06,0.076788,113535,1120.5,342.7,0.120475,126912,1175.9,108.05,0.048862,123464,1163.2,73.67,0.027131,118281,1134.7,134.42,0.088839,105285,1063.9,217.77,0.136636,84400,960.6,108.69,0.019646,127004,1110.4,-37.24,-0.010035,125125,1117.0,158.39,0.067713,119984,1095.5,202.06,0.076788,113535,1120.5,342.7,0.120475,126912,1175.9,108.05,0.048862,123464,1163.2,73.67,0.027131,118281,1134.7,134.42,0.088839,105285,1063.9,217.77,0.136636
653,653.04,0.0120934,106234,911.9,6.55,0.00157,131042,1121.9,90.08,0.024793,123503,1114.9,160.59,0.06789,118256,1092.7,204.49,0.076788,112307,1117.7,341.3,0.118988,128403,1180.2,102.81,0.046864,127851,1172.6,83.93,0.031749,117905,1135.9,134.24,0.088341,101488,1055.3,230.31,0.140431,84492,956.6,122.03,0.022171,125362,1107.2,-39.26,-0.010475,123503,1114.9,160.59,0.06789,118256,1092.7,204.49,0.076788,112307,1117.7,341.3,0.118988,128403,1180.2,102.81,0.046864,127851,1172.6,83.93,0.031749,117905,1135.9,134.24,0.088341,101488,1055.3,230.31,0.140431
654,654.09,0.0121127,102357,904.1,6.56,0.001528,130169,1118.9,88.7,0.024314,121775,1112.8,163.03,0.068092,116491,1089.9,207.17,0.076828,110716,1114.0,339.44,0.117052,129645,1184.1,96.22,0.044141,131660,1180.6,91.2,0.03529,117682,1137.6,133.26,0.087402,98588,1049.0,237.79,0.141698,84612,953.0,127.88,0.023355,123060,1102.7,-43.78,-0.011513,121775,1112.8,163.03,0.068092,116491,1089.9,207.17,0.076828,110716,1114.0,339.44,0.117052,129645,1184.1,96.22,0.044141,131660,1180.6,91.2,0.03529,117682,1137.6,133.26,0.087402,98588,1049.0,237.79,0.141698
655,655.06,0.0121308,98866,896.9,6.54,0.001484,129216,1115.9,87.68,0.023925,120171,1110.7,165.36,0.068276,114907,1087.4,209.71,0.076889,109233,1110.3,337.87,0.115335,130574,1187.3,91.42,0.042125,133949,1185.3,93.09,0.036503,117566,1139.1,131.58,0.086103,96637,1045.2,241.23,0.141408,86346,956.3,116.07,0.02156,120350,1097.2,-50.5,-0.013052,120171,1110.7,165.36,0.068276,114907,1087.4,209.71,0.076889,109233,1110.3,337.87,0.115335,130574,1187.3,91.42,0.042125,133949,1185.3,93.09,0.036503,117566,1139.1,131.58,0.086103,96637,1045.2,241.23,0.141408
656,656.04,0.0121489,95544,889.9,6.43,0.001419,128108,1112.5,86.77,0.023543,118612,1108.8,167.75,0.068485,113371,1085.0,212.21,0.076931,107679,1106.2,335.78,0.113403,131387,1190.3,86.93,0.040203,135299,1188.0,91.84,0.036289,117520,1140.6,129.35,0.084495,95351,1043.6,242.78,0.140645,95295,980.6,43.12,0.008619,117245,1090.8,-59.18,-0.014991,118612,1108.8,167.75,0.068485,113371,1085.0,212.21,0.076931,107679,1106.2,335.78,0.113403,131387,1190.3,86.93,0.040203,135299,1188.0,91.84,0.036289,117520,1140.6,129.35,0.084495,95351,1043.6,242.78,0.140645
657,657.08,0.0121682,92276,882.8,6.11,0.001313,126695,1108.5,85.68,0.023075,116993,1106.7,170.31,0.068712,111777,1082.6,214.77,0.076937,106139,1101.9,333.82,0.111568,132125,1193.1,82.07,0.038076,135977,1189.4,87.89,0.034865,117609,1142.3,126.42,0.082523,94718,1043.4,243.94,0.140406,102302,1000.2,-81.79,-0.017209,113732,1083.3,-69.78,-0.017262,116993,1106.7,170.31,0.068712,111777,1082.6,214.77,0.076937,106139,1101.9,333.82,0.111568,132125,1193.1,82.07,0.038076,135977,1189.4,87.89,0.034865,117609,1142.3,126.42,0.082523,94718,1043.4,243.94,0.140406
658,658.06,0.0121862,89558,876.7,5.6,0.001177,125129,1104.3,84.46,0.022551,115519,1104.7,172.69,0.068917,110336,1080.5,217.14,0.076935,104689,1097.5,331.76,0.109798,132683,1195.5,77.6,0.036086,136316,1190.0,84.29,0.033502,117765,1144.0,123.42,0.080555,94868,1044.9,245.42,0.141274,105403,1009.2,-127.35,-0.027361,110458,1076.3,-80.18,-0.019391,115519,1104.7,172.69,0.068917,110336,1080.5,217.14,0.076935,104689,1097.5,331.76,0.109798,132683,1195.5,77.6,0.036086,136316,1190.0,84.29,0.033502,117765,1144.0,123.42,0.080555,94868,1044.9,245.42,0.141274
659,659.09,0.0122055,87065,871.0,4.93,0.001014,123250,1099.4,82.76,0.021863,114003,1102.6,175.24,0.069148,108857,1078.3,219.63,0.076927,103251,1092.9,329.98,0.108166,133117,1197.6,72.77,0.033889,136363,1190.1,81.85,0.032541,117933,1145.6,119.99,0.078319,95556,1049.2,247.86,0.14313,111611,1025.3,-125.28,-0.028053,107243,1069.2,-90.66,-0.021429,114003,1102.6,175.24,0.069148,108857,1078.3,219.63,0.076927,103251,1092.9,329.98,0.108166,133117,1197.6,72.77,0.033889,136363,1190.1,81.85,0.032541,117933,1145.6,119.99,0.078319,95556,1049.2,247.86,0.14313
660,660.07,0.0122235,85169,866.6,4.06,0.000822,121358,1094.5,80.94,0.021146,112637,1100.6,177.63,0.069378,107517,1076.5,221.92,0.076904,101902,1088.2,328.25,0.10665,133368,1199.1,67.87,0.03163,136033,1189.4,80.9,0.032101,118067,1146.9,116.52,0.076051,96314,1054.1,248.94,0.144217,116102,1037.1,-114.18,-0.026295,104770,1063.7,-98.56,-0.022875,112637,1100.6,177.63,0.069378,107517,1076.5,221.92,0.076904,101902,1088.2,328.25,0.10665,133368,1199.1,67.87,0.03163,136033,1189.4,80.9,0.032101,118067,1146.9,116.52,0.076051,96314,1054.1,248.94,0.144217
661,661.04,0.0122415,84073,864.0,2.14,0.000428,119431,1089.6,78.97,0.020397,111313,1098.5,179.97,0.069599,106226,1074.8,224.18,0.076877,100635,1083.4,326.92,0.105358,133423,1200.0,62.84,0.029274,135364,1188.1,80.78,0.031933,118165,1148.0,112.73,0.073567,97131,1058.8,248.09,0.144302,120531,1047.9,-96.23,-0.022769,103011,1059.8,-103.52,-0.023709,111313,1098.5,179.97,0.069599,106226,1074.8,224.18,0.076877,100635,1083.4,326.92,0.105358,133423,1200.0,62.84,0.029274,135364,1188.1,80.78,0.031933,118165,1148.0,112.73,0.073567,97131,1058.8,248.09,0.144302
662,662.08,0.0122607,84395,864.8,-1.08,-0.000218,117409,1084.4,76.74,0.01958,109938,1096.2,182.38,0.069802,104905,1073.1,226.59,0.076855,99307,1078.0,325.62,0.104079,133200,1200.3,57.79,0.026868,134258,1185.9,81.69,0.032087,118246,1149.1,108.48,0.070775,97878,1063.8,245.14,0.142996,125474,1059.0,-77.77,-0.018954,101940,1057.5,-105.15,-0.023885,109938,1096.2,182.38,0.069802,104905,1073.1,226.59,0.076855,99307,1078.0,325.62,0.104079,133200,1200.3,57.79,0.026868,134258,1185.9,81.69,0.032087,118246,1149.1,108.48,0.070775,97878,1063.8,245.14,0.142996
663,663.05,0.0122786,86591,870.0,-5.54,-0.001135,115580,1079.7,74.55,0.018805,108676,1094.0,184.53,0.069954,103711,1071.7,228.82,0.076828,98132,1072.5,324.75,0.103093,132654,1199.7,53.9,0.02497,132797,1183.0,83.01,0.032331,118303,1150.0,104.38,0.068081,98326,1068.1,241.75,0.141106,130280,1069.2,-59.18,-0.014833,101615,1056.9,-104.31,-0.023633,108676,1094.0,184.53,0.069954,103711,1071.7,228.82,0.076828,98132,1072.5,324.75,0.103093,132654,1199.7,53.9,0.02497,132797,1183.0,83.01,0.032331,118303,1150.0,104.38,0.068081,98326,1068.1,241.75,0.141106
664,664.08,0.0122978,91425,881.1,-10.34,-0.002207,113710,1074.8,72.04,0.017959,107355,1091.6,186.7,0.070071,102471,1070.3,231.11,0.076771,96911,1066.3,323.99,0.102167,131731,1198.3,51.1,0.023537,130923,1179.1,84.83,0.032679,118336,1150.8,99.93,0.065151,98446,1071.7,239.21,0.139318,134966,1078.7,-39.76,-0.010232,101919,1057.9,-99.01,-0.022478,107355,1091.6,186.7,0.070071,102471,1070.3,231.11,0.076771,96911,1066.3,323.99,0.102167,131731,1198.3,51.1,0.023537,130923,1179.1,84.83,0.032679,118336,1150.8,99.93,0.065151,98446,1071.7,239.21,0.139318
665,665.05,0.0123157,97042,893.5,-11.43,-0.002555,112010,1070.4,69.47,0.01713,106142,1089.3,188.63,0.070146,101333,1069.0,233.15,0.076682,95821,1060.1,323.56,0.101476,130601,1196.3,49.65,0.022709,128969,1175.1,86.77,0.033042,118335,1151.5,95.67,0.062337,98394,1074.7,238.16,0.138255,138893,1086.2,-23.41,-0.006157,103879,1062.7,-86.43,-0.019906,106142,1089.3,188.63,0.070146,101333,1069.0,233.15,0.076682,95821,1060.1,323.56,0.101476,130601,1196.3,49.65,0.022709,128969,1175.1,86.77,0.033042,118335,1151.5,95.67,0.062337,98394,1074.7,238.16,0.138255
666,666.08,0.0123349,102279,904.6,-9.14,-0.002126,110215,1065.8,66.42,0.016184,104877,1086.8,190.6,0.070194,100141,1067.6,235.21,0.076549,94696,1053.0,323.27,0.100869,129192,1193.5,48.78,0.022122,126805,1170.6,88.96,0.033434,118301,1152.1,91.05,0.059278,98140,1077.1,237.67,0.137309,145016,1099.2,5.93,0.001609,106374,1068.7,-70.92,-0.016633,104877,1086.8,190.6,0.070194,100141,1067.6,235.21,0.076549,94696,1053.0,323.27,0.100869,129192,1193.5,48.78,0.022122,126805,1170.6,88.96,0.033434,118301,1152.1,91.05,0.059278,98140,1077.1,237.67,0.137309
667,667.05,0.0123528,105700,911.6,-6.07,-0.001447,108511,1061.4,63.25,0.015237,103712,1084.5,192.34,0.070201,99045,1066.2,237.03,0.076393,93691,1046.1,323.24,0.100444,127656,1190.4,49.09,0.022056,124779,1166.3,91.06,0.033802,118208,1152.5,86.57,0.056299,97758,1078.9,238.53,0.13703,146550,1102.5,15.44,0.004223,107379,1071.2,-61.91,-0.014624,103712,1084.5,192.34,0.070201,99045,1066.2,237.03,0.076393,93691,1046.1,323.24,0.100444,127656,1190.4,49.09,0.022056,124779,1166.3,91.06,0.033802,118208,1152.5,86.57,0.056299,97758,1078.9,238.53,0.13703
668,668.08,0.0123719,107852,915.9,-3.4,-0.000824,106639,1056.6,59.62,0.014178,102473,1081.9,194.01,0.070132,97902,1064.7,238.87,0.076205,92652,1038.6,323.36,0.100084,125823,1186.7,50.31,0.022349,122639,1161.8,93.45,0.034227,118002,1152.6,81.6,0.052966,97242,1080.8,239.91,0.136859,151249,1111.3,37.4,0.01047,107335,1071.2,-57.19,-0.013503,102473,1081.9,194.01,0.070132,97902,1064.7,238.87,0.076205,92652,1038.6,323.36,0.100084,125823,1186.7,50.31,0.022349,122639,1161.8,93.45,0.034227,118002,1152.6,81.6,0.052966,97242,1080.8,239.91,0.136859
669,669.05,0.0123898,108980,918.1,-1.92,-0.00047,104819,1052.0,56.09,0.013169,101298,1079.3,195.33,0.069963,96851,1063.2,240.49,0.076006,91717,1031.6,323.64,0.099834,124005,1183.0,51.83,0.022762,120658,1157.6,95.88,0.034675,117627,1152.3,76.44,0.049473,96914,1082.6,240.79,0.136672,151815,1112.4,43.98,0.012346,106631,1069.7,-54.72,-0.012853,101298,1079.3,195.33,0.069963,96851,1063.2,240.49,0.076006,91717,1031.6,323.64,0.099834,124005,1183.0,51.83,0.022762,120658,1157.6,95.88,0.034675,117627,1152.3,76.44,0.049473,96914,1082.6,240.79,0.136672
670,670.08,0.0124089,109708,919.6,-1.15,-0.000282,102806,1046.9,52.4,0.012125,100006,1076.5,196.38,0.069626,95739,1061.5,242.03,0.075741,90749,1024.3,324.05,0.099612,122030,1178.8,53.64,0.023263,118574,1153.2,98.67,0.035201,117067,1151.6,70.23,0.045269,96685,1084.8,240.58,0.135952,154296,1116.6,58.53,0.016638,105926,1068.2,-51.76,-0.012095,100006,1076.5,196.38,0.069626,95739,1061.5,242.03,0.075741,90749,1024.3,324.05,0.099612,122030,1178.8,53.64,0.023263,118574,1153.2,98.67,0.035201,117067,1151.6,70.23,0.045269,96685,1084.8,240.58,0.135952
671,671.05,0.0124268,110141,920.4,-0.72,-0.000178,100858,1041.9,49.17,0.011216,98689,1073.5,196.7,0.069015,94692,1059.7,243.24,0.075414,89867,1017.8,324.52,0.099422,120211,1174.9,55.57,0.023822,116634,1149.1,101.46,0.035732,116679,1151.2,64.41,0.041389,96579,1087.0,239.91,0.135141,155514,1118.3,68.99,0.019736,105750,1067.9,-46.31,-0.010806,98689,1073.5,196.7,0.069015,94692,1059.7,243.24,0.075414,89867,1017.8,324.52,0.099422,120211,1174.9,55.57,0.023822,116634,1149.1,101.46,0.035732,116679,1151.2,64.41,0.041389,96579,1087.0,239.91,0.135141
672,672.08,0.0124459,110334,920.8,-0.25,-6.1e-05,98734,1036.4,46.08,0.010344,97128,1069.8,196.17,0.067973,93547,1057.5,244.15,0.074934,88946,1011.2,325.03,0.099194,118327,1170.7,57.9,0.024517,114549,1144.6,104.57,0.03631,116744,1151.7,59.59,0.038294,96472,1089.1,238.48,0.133931,157949,1121.1,83.95,0.02433,106835,1070.5,-34.53,-0.008121,97128,1069.8,196.17,0.067973,93547,1057.5,244.15,0.074934,88946,1011.2,325.03,0.099194,118327,1170.7,57.9,0.024517,114549,1144.6,104.57,0.03631,116744,1151.7,59.59,0.038294,96472,1089.1,238.48,0.133931
673,673.05,0.0124638,110246,920.6,0.2,4.9e-05,96722,1031.2,43.52,0.009619,95534,1065.9,194.95,0.066684,92397,1055.1,244.37,0.074249,88107,1005.6,325.5,0.098947,116603,1166.8,60.25,0.025227,112589,1140.5,107.61,0.036859,117690,1154.5,58.49,0.037807,96400,1091.1,236.88,0.132694,158946,1121.1,93.0,0.027123,108876,1075.2,-18.99,-0.00453,95534,1065.9,194.95,0.066684,92397,1055.1,244.37,0.074249,88107,1005.6,325.5,0.098947,116603,1166.8,60.25,0.025227,112589,1140.5,107.61,0.036859,117690,1154.5,58.49,0.037807,96400,1091.1,236.88,0.132694
674,674.08,0.0124829,109861,919.9,0.69,0.000171,94583,1025.5,41.11,0.008934,93725,1061.4,193.0,0.065042,91036,1052.1,243.7,0.073165,87245,1000.3,325.95,0.098637,114760,1162.6,62.77,0.025961,110548,1136.2,110.98,0.037464,119665,1159.3,62.19,0.040702,96332,1093.0,235.01,0.131317,150200,1105.0,71.79,0.020073,110017,1077.8,-7.14,-0.001718,93725,1061.4,193.0,0.065042,91036,1052.1,243.7,0.073165,87245,1000.3,325.95,0.098637,114760,1162.6,62.77,0.025961,110548,1136.2,110.98,0.037464,119665,1159.3,62.19,0.040702,96332,1093.0,235.01,0.131317
675,675.04,0.0125008,109260,918.7,1.09,0.000268,92617,1020.3,39.09,0.008362,91956,1056.8,190.67,0.063319,89637,1048.8,242.26,0.071838,86477,995.9,326.3,0.098304,113007,1158.4,65.11,0.026611,108738,1132.4,114.18,0.038042,122345,1165.7,70.99,0.047236,96221,1094.6,233.12,0.129925,145315,1091.8,63.87,0.017487,110008,1077.8,-1.81,-0.000435,91956,1056.8,190.67,0.063319,89637,1048.8,242.26,0.071838,86477,995.9,326.3,0.098304,113007,1158.4,65.11,0.026611,108738,1132.4,114.18,0.038042,122345,1165.7,70.99,0.047236,96221,1094.6,233.12,0.129925
676,676.07,0.0125199,108414,917.1,1.44,0.000351,90601,1014.8,37.13,0.007811,90018,1051.6,187.75,0.061336,88039,1044.9,239.99,0.070161,85709,991.9,326.57,0.097903,111144,1153.9,67.79,0.027356,106934,1128.7,117.47,0.038612,124229,1170.6,79.6,0.053558,96068,1096.1,231.07,0.128398,147759,1089.4,72.08,0.020111,108692,1074.8,-1.15,-0.000275,90018,1051.6,187.75,0.061336,88039,1044.9,239.99,0.070161,85709,991.9,326.57,0.097903,111144,1153.9,67.79,0.027356,106934,1128.7,117.47,0.038612,124229,1170.6,79.6,0.053558,96068,1096.1,231.07,0.128398
677,677.04,0.0125378,107467,915.2,1.71,0.000413,88798,1009.9,35.34,0.007323,88180,1046.5,184.72,0.059402,86473,1040.9,237.31,0.068403,85043,988.8,326.7,0.097491,109448,1149.7,70.63,0.028171,105341,1125.5,120.16,0.039021,124602,1172.2,85.7,0.057754,95911,1097.5,229.07,0.126928,149768,1086.2,84.25,0.023895,106431,1069.7,-6.28,-0.001473,88180,1046.5,184.72,0.059402,86473,1040.9,237.31,0.068403,85043,988.8,326.7,0.097491,109448,1149.7,70.63,0.028171,105341,1125.5,120.16,0.039021,124602,1172.2,85.7,0.057754,95911,1097.5,229.07,0.126928
678,678.07,0.0125569,106329,913.0,1.94,0.000466,86964,1004.8,33.34,0.006799,86248,1040.9,181.43,0.057369,84793,1036.6,233.74,0.066338,84395,986.1,326.69,0.097009,107720,1145.3,73.97,0.029148,103751,1122.4,122.41,0.039258,123638,1171.0,91.79,0.061449,95753,1098.8,226.83,0.125326,151099,1081.5,93.54,0.026884,103295,1062.3,-16.04,-0.003675,86248,1040.9,181.43,0.057369,84793,1036.6,233.74,0.066338,84395,986.1,326.69,0.097009,107720,1145.3,73.97,0.029148,103751,1122.4,122.41,0.039258,123638,1171.0,91.79,0.061449,95753,1098.8,226.83,0.125326
679,679.04,0.0125748,105172,910.7,2.12,0.000503,85337,1000.3,31.41,0.006314,84517,1035.8,178.63,0.055627,83227,1032.4,229.75,0.064261,83846,984.1,326.46,0.096504,106223,1141.4,77.37,0.030168,102405,1119.8,123.91,0.039316,121654,1167.3,98.35,0.064986,95611,1100.0,224.59,0.123763,151687,1076.7,97.79,0.02834,100949,1056.7,-23.17,-0.005215,84517,1035.8,178.63,0.055627,83227,1032.4,229.75,0.064261,83846,984.1,326.46,0.096504,106223,1141.4,77.37,0.030168,102405,1119.8,123.91,0.039316,121654,1167.3,98.35,0.064986,95611,1100.0,224.59,0.123763
680,680.07,0.0125939,103870,908.1,2.25,0.00053,83757,995.8,29.7,0.005887,82800,1030.6,176.13,0.054006,81636,1028.0,225.07,0.062013,83333,982.6,325.93,0.0959,104815,1137.6,81.36,0.031406,101213,1117.7,124.78,0.039204,118881,1161.9,106.83,0.069299,95456,1101.3,221.95,0.121972,151690,1071.8,100.36,0.029219,99573,1053.4,-25.93,-0.005775,82800,1030.6,176.13,0.054006,81636,1028.0,225.07,0.062013,83333,982.6,325.93,0.0959,104815,1137.6,81.36,0.031406,101213,1117.7,124.78,0.039204,118881,1161.9,106.83,0.069299,95456,1101.3,221.95,0.121972
681,681.04,0.0126118,102623,905.5,2.32,0.000541,82419,991.9,28.64,0.005608,81369,1026.1,174.46,0.052797,80292,1024.3,220.27,0.059911,82904,981.7,324.88,0.095191,103717,1134.5,85.47,0.032739,100348,1116.4,124.81,0.038926,116131,1156.4,115.46,0.073512,95311,1102.5,219.21,0.120157,151200,1067.7,101.52,0.029574,99331,1052.9,-24.71,-0.005493,81369,1026.1,174.46,0.052797,80292,1024.3,220.27,0.059911,82904,981.7,324.88,0.095191,103717,1134.5,85.47,0.032739,100348,1116.4,124.81,0.038926,116131,1156.4,115.46,0.073512,95311,1102.5,219.21,0.120157
682,682.07,0.0126309,101307,902.8,2.32,0.000535,81200,988.3,28.55,0.005528,80152,1022.2,173.96,0.052059,79148,1021.1,214.38,0.057656,82561,981.4,323.49,0.094424,102803,1131.7,90.21,0.034335,99677,1115.6,124.37,0.038556,113269,1150.7,124.4,0.077642,95169,1103.7,216.03,0.118104,150335,1063.9,101.39,0.029472,101241,1057.6,-12.38,-0.002792,80152,1022.2,173.96,0.052059,79148,1021.1,214.38,0.057656,82561,981.4,323.49,0.094424,102803,1131.7,90.21,0.034335,99677,1115.6,124.37,0.038556,113269,1150.7,124.4,0.077642,95169,1103.7,216.03,0.118104
683,683.1,0.01265,100042,900.2,2.25,0.000513,80629,986.5,32.67,0.006292,79329,1019.4,175.19,0.052031,78496,1019.3,207.11,0.055338,82339,982.0,321.35,0.093488,102156,1129.4,94.97,0.035989,99317,1115.7,123.86,0.038254,110512,1145.0,132.56,0.081118,95037,1104.8,212.58,0.115939,149214,1060.4,100.54,0.029101,109912,1078.0,30.02,0.007213,79329,1019.4,175.19,0.052031,78496,1019.3,207.11,0.055338,82339,982.0,321.35,0.093488,102156,1129.4,94.97,0.035989,99317,1115.7,123.86,0.038254,110512,1145.0,132.56,0.081118,95037,1104.8,212.58,0.115939
684,684.07,0.0126679,98929,897.9,2.13,0.000483,80696,986.5,41.15,0.007932,78864,1017.7,177.54,0.05251,78356,1018.9,199.65,0.053272,82248,983.0,317.97,0.092312,101758,1127.8,98.94,0.037404,99289,1116.7,122.84,0.037893,108004,1139.8,139.4,0.08375,94922,1105.8,209.2,0.113857,148005,1057.2,99.5,0.028655,119900,1099.8,74.97,0.01926,78864,1017.7,177.54,0.05251,78356,1018.9,199.65,0.053272,82248,983.0,317.97,0.092312,101758,1127.8,98.94,0.037404,99289,1116.7,122.84,0.037893,108004,1139.8,139.4,0.08375,94922,1105.8,209.2,0.113857
685,685.1,0.012687,97832,895.6,1.99,0.000447,82169,990.4,58.4,0.011417,78606,1016.5,180.06,0.053138,78948,1020.6,190.59,0.051151,83328,987.4,308.15,0.090225,101481,1126.2,102.29,0.038618,99678,1118.8,121.32,0.037506,105410,1134.3,145.89,0.085963,94805,1106.8,205.49,0.111602,146655,1053.7,98.19,0.02811,126820,1113.9,105.54,0.028312,78606,1016.5,180.06,0.053138,78948,1020.6,190.59,0.051151,83328,987.4,308.15,0.090225,101481,1126.2,102.29,0.038618,99678,1118.8,121.32,0.037506,105410,1134.3,145.89,0.085963,94805,1106.8,205.49,0.111602
686,686.07,0.0127049,96884,893.6,1.86,0.000414,84339,996.0,79.43,0.015849,78471,1015.8,179.98,0.053061,80033,1023.8,182.97,0.049629,87158,999.2,283.29,0.085738,101302,1124.9,104.27,0.039343,100516,1121.7,119.14,0.037043,103060,1129.1,151.32,0.087569,94704,1107.6,201.9,0.10946,145303,1050.4,96.94,0.027585,130655,1121.4,123.69,0.033958,78471,1015.8,179.98,0.053061,80033,1023.8,182.97,0.049629,87158,999.2,283.29,0.085738,101302,1124.9,104.27,0.039343,100516,1121.7,119.14,0.037043,103060,1129.1,151.32,0.087569,94704,1107.6,201.9,0.10946
687,687.1,0.0127241,95943,891.6,1.74,0.000386,85615,998.9,96.42,0.019472,78272,1014.9,176.43,0.051927,81146,1026.9,177.03,0.048536,94020,1018.5,243.23,0.077907,101158,1123.5,105.0,0.039612,101595,1125.4,116.06,0.03635,100654,1123.6,156.49,0.088878,94601,1108.3,197.9,0.107105,143789,1046.8,95.66,0.027031,133158,1126.0,137.64,0.038355,78272,1014.9,176.43,0.051927,81146,1026.9,177.03,0.048536,94020,1018.5,243.23,0.077907,101158,1123.5,105.0,0.039612,101595,1125.4,116.06,0.03635,100654,1123.6,156.49,0.088878,94601,1108.3,197.9,0.107105
688,688.07,0.012742,95102,889.8,1.69,0.000371,85938,999.2,107.41,0.021768,78181,1014.5,171.49,0.050437,81740,1028.6,173.1,0.04773,99766,1033.9,210.07,0.070331,101092,1122.2,104.39,0.039399,102634,1128.9,112.89,0.035611,98501,1118.6,160.87,0.089816,94478,1108.7,193.79,0.104696,142308,1043.3,94.46,0.026503,133877,1127.1,145.27,0.040657,78181,1014.5,171.49,0.050437,81740,1028.6,173.1,0.04773,99766,1033.9,210.07,0.070331,101092,1122.2,104.39,0.039399,102634,1128.9,112.89,0.035611,98501,1118.6,160.87,0.089816,94478,1108.7,193.79,0.104696
689,689.04,0.0127599,94264,887.9,1.71,0.000373,85689,998.0,115.6,0.023388,78658,1015.8,166.35,0.049159,81735,1028.4,169.9,0.04685,103094,1043.0,188.88,0.064775,101145,1121.2,102.54,0.038754,103659,1132.3,109.48,0.034775,96464,1113.6,164.86,0.090541,94286,1108.9,189.08,0.101934,140756,1039.8,93.19,0.025949,133083,1125.1,148.02,0.041257,78658,1015.8,166.35,0.049159,81735,1028.4,169.9,0.04685,103094,1043.0,188.88,0.064775,101145,1121.2,102.54,0.038754,103659,1132.3,109.48,0.034775,96464,1113.6,164.86,0.090541,94286,1108.9,189.08,0.101934
690,690.07,0.0127791,93333,885.9,1.8,0.000391,85056,995.6,121.93,0.024545,79748,1018.7,160.61,0.047985,81285,1026.8,166.69,0.045782,104514,1047.6,175.31,0.060681,101381,1120.7,100.1,0.037939,104617,1135.4,105.01,0.03357,94437,1108.5,168.69,0.09112,93971,1108.6,183.19,0.098456,139016,1035.8,91.74,0.025328,130787,1120.0,146.46,0.040301,79748,1018.7,160.61,0.047985,81285,1026.8,166.69,0.045782,104514,1047.6,175.31,0.060681,101381,1120.7,100.1,0.037939,104617,1135.4,105.01,0.03357,94437,1108.5,168.69,0.09112,93971,1108.6,183.19,0.098456
691,691.04,0.012797,92399,883.9,1.94,0.000418,84325,993.1,126.65,0.02534,80785,1021.4,155.48,0.046933,80799,1025.1,165.42,0.045238,104747,1049.2,166.91,0.057816,101845,1120.9,97.19,0.037,105399,1138.0,100.3,0.032229,92678,1103.8,171.86,0.091489,93613,1108.0,177.23,0.094942,137308,1032.0,90.3,0.024716,128181,1114.4,144.27,0.039102,80785,1021.4,155.48,0.046933,80799,1025.1,165.42,0.045238,104747,1049.2,166.91,0.057816,101845,1120.9,97.19,0.037,105399,1138.0,100.3,0.032229,92678,1103.8,171.86,0.091489,93613,1108.0,177.23,0.094942
692,692.07,0.0128162,91319,881.5,2.14,0.000456,83467,990.1,130.79,0.025979,81308,1022.8,150.6,0.045694,80475,1023.8,166.99,0.045542,104434,1049.6,159.74,0.055147,102603,1121.6,93.57,0.035861,106116,1140.4,95.06,0.03069,90954,1099.0,174.76,0.091696,93381,1107.7,171.61,0.091727,135415,1027.7,88.64,0.024025,126167,1109.9,145.95,0.039094,81308,1022.8,150.6,0.045694,80475,1023.8,166.99,0.045542,104434,1049.6,159.74,0.055147,102603,1121.6,93.57,0.035861,106116,1140.4,95.06,0.03069,90954,1099.0,174.76,0.091696,93381,1107.7,171.61,0.091727
693,693.04,0.0128342,90216,879.0,2.35,0.000496,82636,987.3,133.74,0.026375,81109,1022.1,145.43,0.044043,80208,1022.6,169.84,0.046219,103749,1049.0,153.71,0.052746,103478,1122.7,89.99,0.034753,106712,1142.3,90.39,0.029297,89496,1094.8,176.9,0.091689,93618,1108.3,168.68,0.09034,133584,1023.5,86.91,0.023332,125468,1108.0,153.52,0.040964,81109,1022.1,145.43,0.044043,80208,1022.6,169.84,0.046219,103749,1049.0,153.71,0.052746,103478,1122.7,89.99,0.034753,106712,1142.3,90.39,0.029297,89496,1094.8,176.9,0.091689,93618,1108.3,168.68,0.09034
694,694.08,0.0128533,88945,876.1,2.57,0.000536,81817,984.6,135.44,0.02652,80157,1019.3,138.99,0.041716,79720,1020.8,172.08,0.046626,102687,1047.5,148.29,0.050439,104440,1123.9,86.1,0.033524,107315,1144.2,86.08,0.028013,88146,1090.6,178.4,0.091421,94670,1111.0,169.39,0.091521,131584,1019.0,84.82,0.022532,125408,1107.3,165.76,0.044238,80157,1019.3,138.99,0.041716,79720,1020.8,172.08,0.046626,102687,1047.5,148.29,0.050439,104440,1123.9,86.1,0.033524,107315,1144.2,86.08,0.028013,88146,1090.6,178.4,0.091421,94670,1111.0,169.39,0.091521
695,695.05,0.0128713,87686,873.2,2.74,0.000565,81241,982.5,135.11,0.026325,78722,1014.9,132.24,0.039148,78938,1018.1,172.2,0.046322,101447,1045.3,143.9,0.048453,105284,1124.9,82.32,0.032283,107893,1145.9,82.8,0.02705,87096,1087.0,179.01,0.090938,96699,1116.3,174.83,0.096026,129627,1014.5,82.48,0.02168,125085,1105.9,177.38,0.047272,78722,1014.9,132.24,0.039148,78938,1018.1,172.2,0.046322,101447,1045.3,143.9,0.048453,105284,1124.9,82.32,0.032283,107893,1145.9,82.8,0.02705,87096,1087.0,179.01,0.090938,96699,1116.3,174.83,0.096026
696,696.08,0.0128905,86306,870.1,2.85,0.000582,80850,981.1,133.0,0.025828,76947,1009.4,125.5,0.036512,77713,1014.2,169.95,0.045182,99901,1042.5,139.9,0.046518,105973,1125.4,77.7,0.030655,108550,1147.7,79.79,0.026182,86203,1083.8,178.98,0.090263,99377,1123.0,182.26,0.102257,127505,1009.6,79.72,0.02071,123894,1102.6,187.48,0.04964,76947,1009.4,125.5,0.036512,77713,1014.2,169.95,0.045182,99901,1042.5,139.9,0.046518,105973,1125.4,77.7,0.030655,108550,1147.7,79.79,0.026182,86203,1083.8,178.98,0.090263,99377,1123.0,182.26,0.102257
697,697.06,0.0129084,85007,867.0,2.9,0.000584,80656,980.2,129.24,0.025059,75427,1004.6,121.05,0.034685,76231,1009.4,165.45,0.043352,98307,1039.3,136.89,0.044927,106363,1125.4,72.82,0.028835,109249,1149.6,76.85,0.025341,85546,1081.1,178.36,0.089486,101176,1127.1,184.58,0.105056,125517,1004.9,76.92,0.019764,122099,1097.9,194.81,0.05105,75427,1004.6,121.05,0.034685,76231,1009.4,165.45,0.043352,98307,1039.3,136.89,0.044927,106363,1125.4,72.82,0.028835,109249,1149.6,76.85,0.025341,85546,1081.1,178.36,0.089486,101176,1127.1,184.58,0.105056
698,698.09,0.0129276,83647,863.8,2.88,0.000573,80594,979.7,123.86,0.024009,74572,1001.9,121.49,0.034512,74467,1003.7,159.26,0.040998,96509,1035.6,134.35,0.043443,106510,1124.9,67.18,0.026651,110102,1151.7,72.85,0.024161,85106,1079.1,177.08,0.088545,102416,1129.5,183.23,0.105343,123419,999.9,73.72,0.018718,119857,1092.1,201.18,0.052027,74572,1001.9,121.49,0.034512,74467,1003.7,159.26,0.040998,96509,1035.6,134.35,0.043443,106510,1124.9,67.18,0.026651,110102,1151.7,72.85,0.024161,85106,1079.1,177.08,0.088545,102416,1129.5,183.23,0.105343
699,699.06,0.0129456,82421,860.9,2.81,0.000554,80641,979.6,118.15,0.022918,76406,1007.3,137.6,0.039833,72894,998.5,153.81,0.038959,94808,1031.9,132.4,0.042208,106436,1123.9,61.57,0.024429,110895,1153.7,67.92,0.02265,84890,1077.3,174.38,0.087122,102892,1129.8,180.6,0.104287,121493,995.2,70.5,0.017703,117700,1086.3,206.12,0.052627,76406,1007.3,137.6,0.039833,72894,998.5,153.81,0.038959,94808,1031.9,132.4,0.042208,106436,1123.9,61.57,0.024429,110895,1153.7,67.92,0.02265,84890,1077.3,174.38,0.087122,102892,1129.8,180.6,0.104287
700,700.1,0.0129648,81181,857.9,2.7,0.000525,80677,979.5,111.97,0.021732,81910,1023.5,173.78,0.05308,71603,994.2,150.29,0.037555,93056,1028.0,130.85,0.041097,106188,1122.6,55.34,0.021931,111508,1155.2,62.08,0.020792,84794,1075.6,170.99,0.085467,102676,1128.2,179.27,0.103445,119500,990.1,66.79,0.016583,115465,1080.1,210.39,0.053,81910,1023.5,173.78,0.05308,71603,994.2,150.29,0.037555,93056,1028.0,130.85,0.041097,106188,1122.6,55.34,0.021931,111508,1155.2,62.08,0.020792,84794,1075.6,170.99,0.085467,102676,1128.2,179.27,0.103445
701,701.07,0.0129828,80089,855.2,2.57,0.000496,80754,979.5,105.9,0.020573,87584,1039.3,205.6,0.066126,71932,995.1,157.59,0.039526,91549,1024.6,129.9,0.040272,105922,1121.4,49.11,0.019437,111569,1155.3,57.22,0.019173,84816,1074.2,167.62,0.083907,101918,1124.4,179.36,0.10308,118086,985.7,64.3,0.015846,113476,1074.3,213.54,0.053149,87584,1039.3,205.6,0.066126,71932,995.1,157.59,0.039526,91549,1024.6,129.9,0.040272,105922,1121.4,49.11,0.019437,111569,1155.3,57.22,0.019173,84816,1074.2,167.62,0.083907,101918,1124.4,179.36,0.10308
702,702.04,0.0130008,79059,852.6,2.46,0.00047,80930,979.8,99.38,0.019342,90815,1047.7,220.54,0.072953,75980,1007.6,188.19,0.049234,90253,1021.6,129.63,0.039734,105761,1120.4,42.15,0.01667,111098,1154.1,53.07,0.017726,84834,1073.0,164.58,0.082502,100475,1119.0,183.29,0.104352,118296,982.3,66.72,0.016527,111600,1068.7,215.98,0.053144,90815,1047.7,220.54,0.072953,75980,1007.6,188.19,0.049234,90253,1021.6,129.63,0.039734,105761,1120.4,42.15,0.01667,111098,1154.1,53.07,0.017726,84834,1073.0,164.58,0.082502,100475,1119.0,183.29,0.104352
703,703.08,0.0130199,78011,850.0,2.39,0.00045,81108,980.2,92.7,0.018075,91780,1049.9,226.94,0.075715,82241,1026.1,230.87,0.064204,89198,1019.4,130.67,0.039672,105652,1119.7,34.05,0.013462,110118,1151.7,50.21,0.016657,84804,1071.5,162.18,0.081384,98533,1111.8,189.13,0.10627,117231,976.4,65.41,0.016153,109718,1062.9,217.94,0.05301,91780,1049.9,226.94,0.075715,82241,1026.1,230.87,0.064204,89198,1019.4,130.67,0.039672,105652,1119.7,34.05,0.013462,110118,1151.7,50.21,0.016657,84804,1071.5,162.18,0.081384,98533,1111.8,189.13,0.10627
704,704.05,0.0130379,77048,847.6,2.37,0.000444,81124,980.1,87.48,0.017063,91950,1049.6,228.5,0.0764,85691,1035.7,254.95,0.073186,88490,1017.9,132.85,0.040071,105436,1118.9,26.67,0.010528,108707,1148.2,48.9,0.016063,84738,1069.8,161.09,0.0809,96944,1105.3,192.78,0.107203,115727,970.4,62.17,0.015252,108042,1057.7,219.29,0.052783,91950,1049.6,228.5,0.0764,85691,1035.7,254.95,0.073186,88490,1017.9,132.85,0.040071,105436,1118.9,26.67,0.010528,108707,1148.2,48.9,0.016063,84738,1069.8,161.09,0.0809,96944,1105.3,192.78,0.107203
705,705.09,0.0130572,76018,844.9,2.42,0.000448,80919,979.4,84.1,0.016374,91567,1047.4,229.27,0.076497,87004,1039.2,266.61,0.077448,87913,1016.8,135.92,0.040771,104917,1117.3,19.85,0.007808,106713,1143.1,48.76,0.015794,84594,1067.6,160.92,0.080845,95739,1099.1,193.63,0.106935,112269,962.1,49.77,0.011946,106297,1052.1,220.35,0.052456,91567,1047.4,229.27,0.076497,87004,1039.2,266.61,0.077448,87913,1016.8,135.92,0.040771,104917,1117.3,19.85,0.007808,106713,1143.1,48.76,0.015794,84594,1067.6,160.92,0.080845,95739,1099.1,193.63,0.106935
706,706.06,0.0130752,75029,842.4,2.51,0.00046,80292,977.6,83.0,0.016064,91190,1045.0,230.23,0.076674,87083,1039.2,271.03,0.078799,87313,1015.6,138.39,0.041279,104066,1115.1,14.83,0.0058,104421,1137.3,50.98,0.01624,84524,1065.4,161.91,0.08144,94953,1094.1,192.47,0.105904,108944,954.3,37.75,0.008866,104629,1046.9,221.23,0.052101,91190,1045.0,230.23,0.076674,87083,1039.2,271.03,0.078799,87313,1015.6,138.39,0.041279,104066,1115.1,14.83,0.0058,104421,1137.3,50.98,0.01624,84524,1065.4,161.91,0.08144,94953,1094.1,192.47,0.105904
707,707.1,0.0130944,73929,839.5,2.66,0.000482,79335,974.7,83.9,0.016092,91032,1042.9,232.73,0.077529,86498,1037.5,272.12,0.078719,86453,1013.7,139.92,0.041404,102734,1111.6,11.23,0.004349,101654,1130.1,54.86,0.017121,84547,1063.2,163.76,0.082566,94394,1089.2,189.22,0.10397,106207,947.7,28.56,0.006583,102734,1041.0,222.43,0.051727,91032,1042.9,232.73,0.077529,86498,1037.5,272.12,0.078719,86453,1013.7,139.92,0.041404,102734,1111.6,11.23,0.004349,101654,1130.1,54.86,0.017121,84547,1063.2,163.76,0.082566,94394,1089.2,189.22,0.10397
708,708.07,0.0131124,72841,836.7,2.84,0.000509,78260,971.6,85.97,0.016318,91169,1041.5,236.48,0.079002,86022,1035.9,273.45,0.078784,85526,1011.5,140.81,0.04131,101109,1107.5,9.52,0.003641,98964,1123.0,59.07,0.018061,84688,1061.2,165.79,0.083889,94054,1084.7,185.09,0.101751,105926,945.9,26.25,0.006048,100792,1035.1,224.16,0.051435,91169,1041.5,236.48,0.079002,86022,1035.9,273.45,0.078784,85526,1011.5,140.81,0.04131,101109,1107.5,9.52,0.003641,98964,1123.0,59.07,0.018061,84688,1061.2,165.79,0.083889,94054,1084.7,185.09,0.101751
709,709.05,0.0131305,71697,833.6,3.03,0.000535,77454,969.2,86.34,0.016259,91420,1040.3,240.65,0.08071,85777,1035.0,276.05,0.07938,84662,1009.5,142.1,0.041348,99257,1102.7,9.14,0.003447,96294,1115.7,63.31,0.018959,84921,1059.2,167.81,0.085303,93776,1080.4,180.38,0.099273,105643,943.8,24.76,0.0057,98667,1028.8,226.58,0.051205,91420,1040.3,240.65,0.08071,85777,1035.0,276.05,0.07938,84662,1009.5,142.1,0.041348,99257,1102.7,9.14,0.003447,96294,1115.7,63.31,0.018959,84921,1059.2,167.81,0.085303,93776,1080.4,180.38,0.099273
710,710.09,0.0131497,70430,830.2,3.19,0.000557,77187,968.3,83.27,0.015642,91410,1038.2,243.53,0.081829,85800,1034.5,280.36,0.080675,83967,1007.9,144.62,0.0418,97086,1097.0,10.94,0.004056,93543,1108.0,67.54,0.019784,85185,1056.9,169.38,0.086558,93554,1076.0,175.19,0.096577,105140,940.9,25.77,0.005923,96240,1021.6,229.69,0.050985,91410,1038.2,243.53,0.081829,85800,1034.5,280.36,0.080675,83967,1007.9,144.62,0.0418,97086,1097.0,10.94,0.004056,93543,1108.0,67.54,0.019784,85185,1056.9,169.38,0.086558,93554,1076.0,175.19,0.096577
711,711.06,0.0131678,69215,826.9,3.31,0.000571,77889,970.3,73.64,0.01393,90918,1035.1,243.86,0.081748,85974,1034.3,285.17,0.082245,83510,1007.0,147.79,0.042523,94914,1091.1,14.74,0.005372,91071,1100.9,71.06,0.020395,85403,1054.5,170.15,0.087374,93427,1072.2,170.06,0.093953,104631,937.9,27.32,0.00627,93903,1014.8,232.71,0.050742,90918,1035.1,243.86,0.081748,85974,1034.3,285.17,0.082245,83510,1007.0,147.79,0.042523,94914,1091.1,14.74,0.005372,91071,1100.9,71.06,0.020395,85403,1054.5,170.15,0.087374,93427,1072.2,170.06,0.093953
712,712.04,0.0131859,67984,823.4,3.41,0.00058,80169,976.7,54.83,0.010604,90372,1031.9,244.17,0.081612,85958,1033.2,288.81,0.083367,83078,1006.1,150.45,0.043101,92740,1085.2,19.38,0.006941,88722,1094.0,74.34,0.020918,85563,1051.7,170.22,0.087802,93363,1068.7,164.69,0.091216,104916,936.1,31.48,0.007257,91607,1008.0,235.48,0.050428,90372,1031.9,244.17,0.081612,85958,1033.2,288.81,0.083367,83078,1006.1,150.45,0.043101,92740,1085.2,19.38,0.006941,88722,1094.0,74.34,0.020918,85563,1051.7,170.22,0.087802,93363,1068.7,164.69,0.091216
713,713.08,0.0132052,66657,819.7,3.51,0.000588,82133,982.1,37.37,0.007365,89976,1029.2,245.57,0.081937,85462,1030.4,290.02,0.083464,82440,1004.7,151.14,0.043028,90500,1078.9,24.51,0.008613,86408,1087.0,77.97,0.021504,85657,1048.5,169.62,0.087861,93358,1065.4,158.81,0.088228,104281,931.7,33.54,0.007721,89251,1001.0,237.82,0.049967,89976,1029.2,245.57,0.081937,85462,1030.4,290.02,0.083464,82440,1004.7,151.14,0.043028,90500,1078.9,24.51,0.008613,86408,1087.0,77.97,0.021504,85657,1048.5,169.62,0.087861,93358,1065.4,158.81,0.088228
714,714.06,0.0132233,65407,816.1,3.59,0.000591,82601,983.4,28.57,0.005654,89471,1026.5,246.17,0.081887,84828,1027.0,290.67,0.083301,81654,1002.9,149.31,0.042178,88510,1073.1,29.25,0.010108,84454,1080.9,81.63,0.02213,85685,1045.2,168.56,0.087612,93400,1062.7,153.22,0.085378,102740,925.3,33.28,0.0076,87102,994.5,239.1,0.049343,89471,1026.5,246.17,0.081887,84828,1027.0,290.67,0.083301,81654,1002.9,149.31,0.042178,88510,1073.1,29.25,0.010108,84454,1080.9,81.63,0.02213,85685,1045.2,168.56,0.087612,93400,1062.7,153.22,0.085378
715,715.04,0.0132415,64192,812.6,3.53,0.000574,82462,983.0,23.74,0.004694,88747,1023.6,245.66,0.081287,84283,1023.7,292.68,0.08361,80788,1000.8,145.52,0.040758,86598,1067.5,33.69,0.01145,82690,1075.3,85.37,0.022777,85695,1041.9,167.26,0.087227,93482,1060.4,147.66,0.08253,100847,917.8,31.9,0.007211,85008,988.2,239.65,0.048577,88747,1023.6,245.66,0.081287,84283,1023.7,292.68,0.08361,80788,1000.8,145.52,0.040758,86598,1067.5,33.69,0.01145,82690,1075.3,85.37,0.022777,85695,1041.9,167.26,0.087227,93482,1060.4,147.66,0.08253
716,716.08,0.0132608,62981,809.0,3.34,0.000535,81870,981.3,20.17,0.003965,87978,1020.9,245.16,0.080633,83635,1019.7,294.71,0.083864,79665,998.0,139.04,0.03851,84598,1061.4,37.87,0.012645,80956,1069.6,89.28,0.023446,85717,1038.4,165.75,0.086749,93611,1058.3,141.89,0.079571,98664,909.0,30.06,0.006712,82960,982.0,240.52,0.047881,87978,1020.9,245.16,0.080633,83635,1019.7,294.71,0.083864,79665,998.0,139.04,0.03851,84598,1061.4,37.87,0.012645,80956,1069.6,89.28,0.023446,85717,1038.4,165.75,0.086749,93611,1058.3,141.89,0.079571
717,717.07,0.013279,61958,806.0,3.06,0.000483,81462,980.2,16.21,0.003174,87265,1018.6,244.78,0.080038,82951,1015.8,294.37,0.083404,78430,994.7,130.5,0.035703,82755,1055.8,41.26,0.013551,79431,1064.4,92.85,0.024041,85749,1035.2,164.18,0.08622,93763,1056.6,136.68,0.076905,96491,900.1,28.39,0.006259,81343,977.0,242.83,0.047642,87265,1018.6,244.78,0.080038,82951,1015.8,294.37,0.083404,78430,994.7,130.5,0.035703,82755,1055.8,41.26,0.013551,79431,1064.4,92.85,0.024041,85749,1035.2,164.18,0.08622,93763,1056.6,136.68,0.076905
718,718.05,0.0132972,61099,803.4,2.57,0.000402,81373,979.9,10.4,0.002034,86485,1016.3,244.47,0.079399,82546,1013.3,292.79,0.082753,77589,992.5,122.62,0.033258,80971,1050.2,44.25,0.014296,77979,1059.4,96.15,0.024557,85776,1032.2,162.3,0.085515,93938,1055.0,131.7,0.074352,94209,890.7,26.82,0.005836,79985,972.6,246.88,0.047838,86485,1016.3,244.47,0.079399,82546,1013.3,292.79,0.082753,77589,992.5,122.62,0.033258,80971,1050.2,44.25,0.014296,77979,1059.4,96.15,0.024557,85776,1032.2,162.3,0.085515,93938,1055.0,131.7,0.074352
719,719.1,0.0133166,60488,801.5,1.64,0.000254,81687,980.8,1.93,0.000378,85587,1013.8,244.64,0.078824,82426,1010.5,287.64,0.081403,77915,993.9,119.88,0.032608,79166,1044.4,47.19,0.014986,76455,1054.0,99.25,0.024978,85780,1028.9,159.8,0.084467,94139,1053.6,126.62,0.071736,91670,880.0,25.27,0.005415,78477,967.9,251.51,0.048052,85587,1013.8,244.64,0.078824,82426,1010.5,287.64,0.081403,77915,993.9,119.88,0.032608,79166,1044.4,47.19,0.014986,76455,1054.0,99.25,0.024978,85780,1028.9,159.8,0.084467,94139,1053.6,126.62,0.071736
