th,theta_deg,t_s,c1_5_p,c1_5_T,c1_5_u,c1_5_mdot,c1_242_p,c1_242_T,c1_242_u,c1_242_mdot,c1_464_p,c1_464_T,c1_464_u,c1_464_mdot,c1_504_p,c1_504_T,c1_504_u,c1_504_mdot,c1_770_p,c1_770_T,c1_770_u,c1_770_mdot,c1_1037_p,c1_1037_T,c1_1037_u,c1_1037_mdot,c1_1077_p,c1_1077_T,c1_1077_u,c1_1077_mdot,c1_1389_p,c1_1389_T,c1_1389_u,c1_1389_mdot,c1_1701_p,c1_1701_T,c1_1701_u,c1_1701_mdot,c4_5_p,c4_5_T,c4_5_u,c4_5_mdot,c4_242_p,c4_242_T,c4_242_u,c4_242_mdot,c4_464_p,c4_464_T,c4_464_u,c4_464_mdot,c4_504_p,c4_504_T,c4_504_u,c4_504_mdot,c4_770_p,c4_770_T,c4_770_u,c4_770_mdot,c4_1037_p,c4_1037_T,c4_1037_u,c4_1037_mdot,c4_1077_p,c4_1077_T,c4_1077_u,c4_1077_mdot,c4_1389_p,c4_1389_T,c4_1389_u,c4_1389_mdot,c4_1701_p,c4_1701_T,c4_1701_u,c4_1701_mdot
0,720.04,0.0133341,72609,855.6,2.91,0.000507,94883,997.9,3.04,0.000682,94422,1007.0,210.69,0.075397,91235,992.7,251.44,0.080183,100315,991.9,249.0,0.087376,97935,916.0,-10.24,-0.004588,106675,930.3,-2.45,-0.000975,89424,887.2,129.32,0.082643,94390,912.1,162.99,0.106938,106759,942.6,21.65,0.005045,82724,980.4,303.66,0.060373,94422,1007.0,210.69,0.075397,91235,992.7,251.44,0.080183,100315,991.9,249.0,0.087376,97935,916.0,-10.24,-0.004588,106675,930.3,-2.45,-0.000975,89424,887.2,129.32,0.082643,94390,912.1,162.99,0.106938
1,1.09,2.01e-05,72061,854.2,1.01,0.000176,95017,998.2,1.79,0.000402,93626,1005.3,211.1,0.075029,90394,991.4,250.88,0.079365,99563,989.8,246.94,0.086184,97483,914.8,-19.57,-0.008737,105739,928.5,-9.21,-0.00364,89785,886.9,125.42,0.080498,94257,910.3,158.55,0.104096,103453,933.0,21.9,0.004996,80843,975.4,296.08,0.057823,93626,1005.3,211.1,0.075029,90394,991.4,250.88,0.079365,99563,989.8,246.94,0.086184,97483,914.8,-19.57,-0.008737,105739,928.5,-9.21,-0.00364,89785,886.9,125.42,0.080498,94257,910.3,158.55,0.104096
2,2.07,3.84e-05,72504,855.4,-1.54,-0.000268,95097,998.4,0.13,2.9e-05,92956,1003.9,211.59,0.07477,89597,990.1,250.28,0.078586,98567,987.1,243.69,0.084431,97082,913.7,-28.42,-0.012653,104433,925.8,-14.74,-0.005769,90172,886.7,121.52,0.078346,94093,908.4,154.39,0.101394,100190,923.5,20.96,0.004677,79065,970.6,286.41,0.054978,92956,1003.9,211.59,0.07477,89597,990.1,250.28,0.078586,98567,987.1,243.69,0.084431,97082,913.7,-28.42,-0.012653,104433,925.8,-14.74,-0.005769,90172,886.7,121.52,0.078346,94093,908.4,154.39,0.101394
3,3.06,5.67e-05,74690,861.3,-6.29,-0.001121,95214,998.7,-2.45,-0.000551,92353,1002.7,212.21,0.074596,88895,988.9,250.24,0.078049,97414,984.0,240.07,0.082464,96617,912.3,-36.6,-0.016242,102743,922.4,-19.04,-0.007357,90579,886.6,117.52,0.076118,93921,906.5,150.31,0.098747,97019,914.1,19.67,0.004295,77545,966.4,276.13,0.052212,92353,1002.7,212.21,0.074596,88895,988.9,250.24,0.078049,97414,984.0,240.07,0.082464,96617,912.3,-36.6,-0.016242,102743,922.4,-19.04,-0.007357,90579,886.6,117.52,0.076118,93921,906.5,150.31,0.098747
4,4.05,7.5e-05,78711,871.9,-10.12,-0.001879,95544,999.5,-6.68,-0.001505,91796,1001.5,212.87,0.07446,88261,987.9,250.68,0.077707,96253,980.8,236.7,0.080594,95889,910.3,-43.94,-0.019392,100623,918.1,-21.53,-0.008188,90976,886.6,113.61,0.073915,93768,904.6,146.3,0.096151,93966,904.7,18.34,0.003919,76436,963.2,266.88,0.049903,91796,1001.5,212.87,0.07446,88261,987.9,250.68,0.077707,96253,980.8,236.7,0.080594,95889,910.3,-43.94,-0.019392,100623,918.1,-21.53,-0.008188,90976,886.6,113.61,0.073915,93768,904.6,146.3,0.096151
5,5.04,9.33e-05,82906,882.5,-9.51,-0.001837,96183,1001.0,-13.09,-0.002963,91192,1000.3,213.17,0.074168,87653,986.9,251.42,0.077479,95249,978.1,234.34,0.079175,94859,907.5,-50.16,-0.021966,98118,912.8,-22.09,-0.008239,91333,886.5,109.98,0.071839,93667,902.9,142.31,0.09361,90994,895.2,17.12,0.003581,75645,961.0,258.94,0.04803,91192,1000.3,213.17,0.074168,87653,986.9,251.42,0.077479,95249,978.1,234.34,0.079175,94859,907.5,-50.16,-0.021966,98118,912.8,-22.09,-0.008239,91333,886.5,109.98,0.071839,93667,902.9,142.31,0.09361
6,6.1,0.0001129,86006,890.0,-5.98,-0.001189,97036,1002.9,-21.18,-0.004829,90456,998.7,213.0,0.073627,87014,985.7,252.47,0.077331,94581,976.2,233.97,0.078648,93770,904.5,-53.66,-0.023308,95231,906.7,-21.37,-0.007789,91663,886.3,106.58,0.069882,93640,901.2,138.05,0.090948,87900,885.2,15.94,0.003256,74858,958.7,250.97,0.046179,90456,998.7,213.0,0.073627,87014,985.7,252.47,0.077331,94581,976.2,233.97,0.078648,93770,904.5,-53.66,-0.023308,95231,906.7,-21.37,-0.007789,91663,886.3,106.58,0.069882,93640,901.2,138.05,0.090948
7,7.09,0.0001313,87487,893.6,-2.98,-0.000599,97639,1004.3,-28.28,-0.006478,89688,997.0,212.51,0.072957,86366,984.3,253.39,0.07714,94482,975.8,236.3,0.079387,93167,902.7,-53.15,-0.022985,92426,900.5,-19.53,-0.006954,91925,886.1,103.94,0.068367,93703,899.9,134.05,0.088503,85071,875.8,14.91,0.002978,74035,956.2,244.38,0.044584,89688,997.0,212.51,0.072957,86366,984.3,253.39,0.07714,94482,975.8,236.3,0.079387,93167,902.7,-53.15,-0.022985,92426,900.5,-19.53,-0.006954,91925,886.1,103.94,0.068367,93703,899.9,134.05,0.088503
8,8.08,0.0001497,88150,895.1,-1.37,-0.000277,97829,1004.6,-33.84,-0.007765,88909,995.3,212.08,0.072299,85618,982.6,253.96,0.076775,94600,975.9,239.61,0.080592,93552,903.1,-43.99,-0.019093,89621,894.2,-17.75,-0.006171,92151,886.0,101.99,0.067256,93844,898.8,130.07,0.086108,82304,866.4,13.97,0.002729,73035,953.2,239.28,0.0432,88909,995.3,212.08,0.072299,85618,982.6,253.96,0.076775,94600,975.9,239.61,0.080592,93552,903.1,-43.99,-0.019093,89621,894.2,-17.75,-0.006171,92151,886.0,101.99,0.067256,93844,898.8,130.07,0.086108
9,9.08,0.0001681,88678,896.4,-1.22,-0.000247,97694,1004.2,-38.28,-0.008775,88201,993.8,212.16,0.071858,84783,980.7,254.18,0.076243,94687,975.9,242.61,0.081673,95692,907.6,-24.24,-0.01071,86959,888.0,-16.08,-0.005463,92371,885.9,100.81,0.066641,94040,897.8,126.12,0.08376,79590,857.1,13.13,0.002509,72004,950.1,236.03,0.04215,88201,993.8,212.16,0.071858,84783,980.7,254.18,0.076243,94687,975.9,242.61,0.081673,95692,907.6,-24.24,-0.01071,86959,888.0,-16.08,-0.005463,92371,885.9,100.81,0.066641,94040,897.8,126.12,0.08376
10,10.07,0.0001865,89601,898.5,-2.08,-0.000427,97206,1002.9,-41.64,-0.00951,87637,992.6,213.07,0.071793,83925,978.7,254.3,0.075663,94598,975.6,244.46,0.082243,97922,912.3,-3.45,-0.001552,84591,882.5,-13.76,-0.004577,92597,885.8,100.34,0.0665,94266,896.9,122.26,0.081465,76937,847.9,12.36,0.002308,71040,947.1,235.05,0.041546,87637,992.6,213.07,0.071793,83925,978.7,254.3,0.075663,94598,975.6,244.46,0.082243,97922,912.3,-3.45,-0.001552,84591,882.5,-13.76,-0.004577,92597,885.8,100.34,0.0665,94266,896.9,122.26,0.081465
11,11.07,0.000205,90944,901.7,-2.84,-0.000589,96425,1000.8,-44.09,-0.01001,87197,991.7,214.69,0.072039,83139,976.8,254.68,0.07521,94366,975.0,245.25,0.082356,98750,914.1,11.21,0.005076,82970,878.6,-8.35,-0.002736,92806,885.8,100.37,0.066677,94502,896.1,118.52,0.079244,74360,838.7,11.63,0.002121,69998,943.8,236.24,0.041287,87197,991.7,214.69,0.072039,83139,976.8,254.68,0.07521,94366,975.0,245.25,0.082356,98750,914.1,11.21,0.005076,82970,878.6,-8.35,-0.002736,92806,885.8,100.37,0.066677,94502,896.1,118.52,0.079244
12,12.07,0.0002235,92379,904.9,-2.87,-0.000603,95390,998.1,-45.74,-0.010299,86665,990.5,215.88,0.072083,82517,975.4,255.67,0.075044,94049,974.3,245.23,0.082135,98668,914.0,21.54,0.009743,82668,877.8,3.88,0.001267,92960,885.6,100.55,0.066918,94743,895.4,115.01,0.077159,71869,829.7,10.93,0.001947,68894,940.3,239.25,0.041308,86665,990.5,215.88,0.072083,82517,975.4,255.67,0.075044,94049,974.3,245.23,0.082135,98668,914.0,21.54,0.009743,82668,877.8,3.88,0.001267,92960,885.6,100.55,0.066918,94743,895.4,115.01,0.077159
13,13.07,0.000242,93525,907.5,-2.17,-0.00046,94156,995.0,-46.66,-0.010404,85882,988.7,215.91,0.071579,82083,974.5,257.18,0.07516,93723,973.6,244.41,0.081636,97945,912.6,29.42,0.01323,83984,880.9,24.27,0.008027,93045,885.5,100.69,0.067079,94989,894.7,111.84,0.075286,69470,821.0,10.28,0.00179,67783,936.6,243.34,0.041496,85882,988.7,215.91,0.071579,82083,974.5,257.18,0.07516,93723,973.6,244.41,0.081636,97945,912.6,29.42,0.01323,83984,880.9,24.27,0.008027,93045,885.5,100.69,0.067079,94989,894.7,111.84,0.075286
14,14.07,0.0002605,94137,908.9,-1.07,-0.000229,92805,991.4,-47.03,-0.010374,84904,986.3,215.13,0.070681,81686,973.8,258.31,0.075182,93411,972.9,242.92,0.080921,97039,910.9,36.45,0.01627,86247,886.1,48.63,0.016423,93032,885.3,100.5,0.066963,95244,894.0,109.09,0.073683,67164,812.4,9.69,0.001647,66743,933.2,247.69,0.041743,84904,986.3,215.13,0.070681,81686,973.8,258.31,0.075182,93411,972.9,242.92,0.080921,97039,910.9,36.45,0.01627,86247,886.1,48.63,0.016423,93032,885.3,100.5,0.066963,95244,894.0,109.09,0.073683
15,15.07,0.0002791,94244,909.2,-0.13,-2.7e-05,91404,987.8,-47.01,-0.01025,83779,983.5,213.74,0.06949,81156,972.6,257.94,0.074679,93190,972.5,241.04,0.080139,96099,909.1,43.0,0.019042,87486,888.6,67.05,0.022904,92918,884.8,99.8,0.06645,95510,893.4,106.77,0.072364,64953,804.1,9.15,0.00152,65803,930.0,250.75,0.041806,83779,983.5,213.74,0.06949,81156,972.6,257.94,0.074679,93190,972.5,241.04,0.080139,96099,909.1,43.0,0.019042,87486,888.6,67.05,0.022904,92918,884.8,99.8,0.06645,95510,893.4,106.77,0.072364
16,16.07,0.0002977,94057,908.7,0.39,8.4e-05,89992,984.0,-46.65,-0.010052,82554,980.4,211.85,0.068082,80506,971.2,255.89,0.073595,93006,972.2,238.61,0.079199,95064,907.3,48.94,0.021483,87833,888.9,79.95,0.027409,92686,884.0,98.56,0.065519,95780,892.9,104.8,0.071281,62838,796.0,8.66,0.001406,64915,926.9,250.42,0.041324,82554,980.4,211.85,0.068082,80506,971.2,255.89,0.073595,93006,972.2,238.61,0.079199,95064,907.3,48.94,0.021483,87833,888.9,79.95,0.027409,92686,884.0,98.56,0.065519,95780,892.9,104.8,0.071281
17,17.08,0.0003163,93849,908.3,0.37,7.8e-05,88587,980.2,-46.03,-0.009802,81346,977.3,209.92,0.066684,79800,969.3,252.6,0.072151,92925,972.2,235.29,0.078033,93895,905.2,53.93,0.023438,87441,887.5,88.94,0.030403,92343,883.0,96.94,0.064273,96042,892.3,103.08,0.070345,60816,788.1,8.23,0.001306,64022,923.8,246.91,0.040319,81346,977.3,209.92,0.066684,79800,969.3,252.6,0.072151,92925,972.2,235.29,0.078033,93895,905.2,53.93,0.023438,87441,887.5,88.94,0.030403,92343,883.0,96.94,0.064273,96042,892.3,103.08,0.070345
18,18.08,0.0003349,93796,908.2,0.06,1.2e-05,87208,976.5,-45.37,-0.009547,80242,974.5,208.07,0.065388,79230,968.1,247.71,0.070341,93037,972.5,230.48,0.0765,92599,902.9,58.01,0.024929,86707,885.2,96.15,0.032679,91870,881.8,95.03,0.062775,96278,891.7,101.47,0.069464,58885,780.4,7.85,0.001218,63225,921.0,239.47,0.038737,80242,974.5,208.07,0.065388,79230,968.1,247.71,0.070341,93037,972.5,230.48,0.0765,92599,902.9,58.01,0.024929,86707,885.2,96.15,0.032679,91870,881.8,95.03,0.062775,96278,891.7,101.47,0.069464
19,19.09,0.0003536,93888,908.4,-0.21,-4.5e-05,85871,972.8,-44.98,-0.009356,79259,972.0,206.34,0.064214,78907,967.5,239.78,0.06785,93450,973.6,224.16,0.07465,91233,900.4,61.45,0.026089,85866,882.6,103.2,0.034833,91216,880.2,93.1,0.061169,96467,891.1,99.91,0.068576,57040,773.0,7.54,0.001145,62629,918.9,228.24,0.036658,79259,972.0,206.34,0.064214,78907,967.5,239.78,0.06785,93450,973.6,224.16,0.07465,91233,900.4,61.45,0.026089,85866,882.6,103.2,0.034833,91216,880.2,93.1,0.061169,96467,891.1,99.91,0.068576
20,20.1,0.0003722,94077,908.8,-0.39,-8.2e-05,84602,969.3,-45.16,-0.009288,78384,969.7,204.91,0.06321,80115,971.2,224.43,0.064233,94220,975.5,216.6,0.072585,89917,897.9,64.78,0.027179,84819,879.6,110.09,0.036833,90333,878.2,91.55,0.059704,96592,890.4,98.37,0.067665,55273,765.7,7.31,0.001085,62692,919.0,212.94,0.03423,78384,969.7,204.91,0.06321,80115,971.2,224.43,0.064233,94220,975.5,216.6,0.072585,89917,897.9,64.78,0.027179,84819,879.6,110.09,0.036833,90333,878.2,91.55,0.059704,96592,890.4,98.37,0.067665
21,21.04,0.0003896,94327,909.4,-0.55,-0.000117,83492,966.1,-45.59,-0.009284,77676,967.9,203.42,0.062301,82992,979.2,200.85,0.05906,95268,978.1,208.56,0.070485,89038,896.4,69.24,0.028814,83616,876.2,116.07,0.03843,89264,875.9,90.47,0.058455,96643,889.6,96.99,0.066806,53687,758.9,7.15,0.00104,63221,920.7,195.12,0.031571,77676,967.9,203.42,0.062301,82992,979.2,200.85,0.05906,95268,978.1,208.56,0.070485,89038,896.4,69.24,0.028814,83616,876.2,116.07,0.03843,89264,875.9,90.47,0.058455,96643,889.6,96.99,0.066806
22,22.05,0.0004083,94762,910.3,-0.93,-0.000199,82352,962.8,-45.75,-0.00922,77072,966.5,200.36,0.060976,86136,987.8,177.0,0.053555,96703,981.5,199.07,0.068056,88836,896.6,77.26,0.032073,82165,872.2,121.64,0.039762,87817,872.8,90.01,0.057419,96624,888.6,95.58,0.065896,52047,751.8,7.05,0.001003,63662,922.0,177.47,0.028873,77072,966.5,200.36,0.060976,86136,987.8,177.0,0.053555,96703,981.5,199.07,0.068056,88836,896.6,77.26,0.032073,82165,872.2,121.64,0.039762,87817,872.8,90.01,0.057419,96624,888.6,95.58,0.065896
23,23.05,0.0004269,95594,912.2,-1.78,-0.000383,81284,959.8,-45.0,-0.008981,76795,965.8,194.76,0.059099,87612,991.8,161.24,0.049421,98270,985.1,189.27,0.06551,89300,898.4,88.17,0.036719,80682,868.1,126.49,0.04079,86119,869.4,90.74,0.056991,96546,887.6,94.26,0.06501,50250,745.8,6.38,0.000884,63576,921.6,163.22,0.026531,76795,965.8,194.76,0.059099,87612,991.8,161.24,0.049421,98270,985.1,189.27,0.06551,89300,898.4,88.17,0.036719,80682,868.1,126.49,0.04079,86119,869.4,90.74,0.056991,96546,887.6,94.26,0.06501
24,24.06,0.0004455,97113,915.5,-3.13,-0.000682,80583,957.6,-41.51,-0.008231,77605,968.5,185.69,0.056783,87886,992.6,152.87,0.046961,99638,988.2,180.33,0.063082,89980,900.8,99.87,0.041792,79444,864.6,131.74,0.042,84246,865.6,91.66,0.056563,96423,886.5,93.0,0.064138,48682,740.4,5.77,0.000781,63220,920.3,151.59,0.024537,77605,968.5,185.69,0.056783,87886,992.6,152.87,0.046961,99638,988.2,180.33,0.063082,89980,900.8,99.87,0.041792,79444,864.6,131.74,0.042,84246,865.6,91.66,0.056563,96423,886.5,93.0,0.064138
25,25.06,0.0004642,99357,920.4,-4.37,-0.000969,80342,956.8,-34.45,-0.006818,79312,973.6,168.32,0.052328,87699,992.3,148.93,0.045671,100495,990.2,173.15,0.060974,90480,903.0,110.66,0.046454,78851,862.7,139.27,0.044165,82380,861.7,92.32,0.055958,96280,885.4,91.76,0.063264,47282,735.4,5.34,0.000706,62721,918.5,141.26,0.022729,79312,973.6,168.32,0.052328,87699,992.3,148.93,0.045671,100495,990.2,173.15,0.060974,90480,903.0,110.66,0.046454,78851,862.7,139.27,0.044165,82380,861.7,92.32,0.055958,96280,885.4,91.76,0.063264
26,26.07,0.0004828,101920,925.9,-4.7,-0.001064,80754,957.8,-22.72,-0.004515,81555,980.2,147.25,0.046759,86764,990.0,146.04,0.044408,100742,990.7,168.09,0.059306,90590,904.3,119.65,0.050215,79063,863.0,149.91,0.04765,80601,857.9,92.11,0.05487,96138,884.3,90.46,0.062354,46005,730.8,5.01,0.000649,62137,916.5,131.35,0.020985,81555,980.2,147.25,0.046759,86764,990.0,146.04,0.044408,100742,990.7,168.09,0.059306,90590,904.3,119.65,0.050215,79063,863.0,149.91,0.04765,80601,857.9,92.11,0.05487,96138,884.3,90.46,0.062354
27,27.08,0.0005014,104171,930.6,-3.89,-0.000895,82050,961.2,-6.26,-0.001259,83524,985.8,129.58,0.041901,85710,987.4,144.28,0.043454,100602,990.3,164.66,0.058036,90255,904.8,126.6,0.052911,79873,864.8,162.24,0.051989,78995,854.5,90.9,0.053278,96014,883.3,89.06,0.061379,44844,726.5,4.67,0.000592,61640,914.7,121.01,0.019216,83524,985.8,129.58,0.041901,85710,987.4,144.28,0.043454,100602,990.3,164.66,0.058036,90255,904.8,126.6,0.052911,79873,864.8,162.24,0.051989,78995,854.5,90.9,0.053278,96014,883.3,89.06,0.061379
28,28.08,0.00052,105664,933.7,-2.44,-0.000569,83072,964.0,8.57,0.001741,84197,987.8,118.52,0.038555,84653,984.7,143.21,0.042717,100176,989.3,163.0,0.057268,89577,904.5,131.87,0.054714,80784,867.0,174.07,0.056274,77533,851.6,88.98,0.051366,95918,882.4,87.52,0.060314,43829,722.7,4.16,0.000519,61296,913.4,109.77,0.017357,84197,987.8,118.52,0.038555,84653,984.7,143.21,0.042717,100176,989.3,163.0,0.057268,89577,904.5,131.87,0.054714,80784,867.0,174.07,0.056274,77533,851.6,88.98,0.051366,95918,882.4,87.52,0.060314
29,29.09,0.0005386,106354,935.1,-1.05,-0.000246,83394,964.9,19.07,0.003885,83782,986.9,112.78,0.036542,83597,982.0,142.11,0.041974,99560,987.8,162.71,0.056899,88728,903.9,136.0,0.05593,81460,868.7,183.14,0.059587,76252,849.0,86.16,0.049061,95854,881.6,85.87,0.059196,43015,719.6,3.37,0.000414,61127,912.8,97.1,0.015322,83782,986.9,112.78,0.036542,83597,982.0,142.11,0.041974,99560,987.8,162.71,0.056899,88728,903.9,136.0,0.05593,81460,868.7,183.14,0.059587,76252,849.0,86.16,0.049061,95854,881.6,85.87,0.059196
30,30.09,0.0005573,106381,935.2,0.07,1.7e-05,83454,965.1,27.3,0.005562,82807,984.3,109.04,0.03501,82566,979.3,140.58,0.041123,98708,985.8,165.14,0.05737,87819,903.2,139.45,0.056809,81907,870.0,188.64,0.061618,75150,846.9,82.54,0.04644,95830,881.0,84.22,0.058082,42472,717.5,2.24,0.000273,61245,913.2,82.8,0.013086,82807,984.3,109.04,0.03501,82566,979.3,140.58,0.041123,98708,985.8,165.14,0.05737,87819,903.2,139.45,0.056809,81907,870.0,188.64,0.061618,75150,846.9,82.54,0.04644,95830,881.0,84.22,0.058082
31,31.1,0.0005759,105889,934.2,0.97,0.000225,83381,965.1,34.52,0.007027,81588,981.0,106.18,0.033705,81568,976.7,138.49,0.040127,97628,983.3,169.34,0.058337,86910,902.4,142.44,0.057476,82180,871.0,190.22,0.062269,74209,845.1,78.13,0.043497,95858,880.5,82.62,0.057028,42241,716.6,0.91,0.00011,61404,913.7,68.38,0.010829,81588,981.0,106.18,0.033705,81568,976.7,138.49,0.040127,97628,983.3,169.34,0.058337,86910,902.4,142.44,0.057476,82180,871.0,190.22,0.062269,74209,845.1,78.13,0.043497,95858,880.5,82.62,0.057028
32,32.04,0.0005933,105027,932.4,1.68,0.000388,83343,965.1,41.01,0.008345,80353,977.7,103.77,0.032547,80651,974.3,135.86,0.039019,96551,980.7,172.96,0.059083,86087,901.7,144.85,0.057941,82514,872.5,190.01,0.062345,73445,843.8,73.06,0.040318,95943,880.1,81.29,0.056184,42286,716.8,-0.24,-2.9e-05,61380,913.6,56.26,0.008908,80353,977.7,103.77,0.032547,80651,974.3,135.86,0.039019,96551,980.7,172.96,0.059083,86087,901.7,144.85,0.057941,82514,872.5,190.01,0.062345,73445,843.8,73.06,0.040318,95943,880.1,81.29,0.056184
33,33.04,0.0006119,103811,929.9,2.2,0.000504,83341,965.3,47.84,0.009733,79027,974.1,101.12,0.031308,79670,971.7,132.41,0.03767,95393,977.9,175.25,0.059317,85227,900.9,147.04,0.058277,82917,874.5,187.28,0.061611,72729,842.5,66.4,0.036339,96113,880.0,80.17,0.055518,42535,717.9,-1.1,-0.000134,61209,912.9,45.12,0.007128,79027,974.1,101.12,0.031308,79670,971.7,132.41,0.03767,95393,977.9,175.25,0.059317,85227,900.9,147.04,0.058277,82917,874.5,187.28,0.061611,72729,842.5,66.4,0.036339,96113,880.0,80.17,0.055518
34,34.05,0.0006305,102428,927.1,2.5,0.000569,83266,965.2,53.87,0.01095,77716,970.6,98.1,0.029978,78663,968.9,128.38,0.036164,94284,975.1,175.78,0.058969,84418,900.2,148.52,0.058353,83463,876.8,182.66,0.060324,72134,841.6,58.81,0.031962,96359,880.0,79.37,0.0551,42838,719.2,-1.25,-0.000154,60681,911.1,36.42,0.005716,77716,970.6,98.1,0.029978,78663,968.9,128.38,0.036164,94284,975.1,175.78,0.058969,84418,900.2,148.52,0.058353,83463,876.8,182.66,0.060324,72134,841.6,58.81,0.031962,96359,880.0,79.37,0.0551
35,35.05,0.000649,100961,924.0,2.69,0.000604,83012,964.8,58.48,0.011858,76435,967.0,94.66,0.028556,77645,966.1,124.08,0.034599,93211,972.4,174.76,0.058119,83711,899.7,148.93,0.058054,84139,879.4,177.5,0.058923,71697,840.9,51.11,0.027627,96653,880.2,78.78,0.054843,43009,719.9,-0.63,-7.8e-05,59903,908.4,30.0,0.004662,76435,967.0,94.66,0.028556,77645,966.1,124.08,0.034599,93211,972.4,174.76,0.058119,83711,899.7,148.93,0.058054,84139,879.4,177.5,0.058923,71697,840.9,51.11,0.027627,96653,880.2,78.78,0.054843
36,36.05,0.0006676,99451,920.8,2.81,0.000623,82614,963.9,61.83,0.012487,75368,964.0,91.64,0.027345,76627,963.3,119.72,0.033044,92172,969.8,172.81,0.056988,83152,899.6,148.1,0.057358,84812,882.1,172.42,0.05752,71556,841.0,44.9,0.024224,96950,880.5,78.25,0.054631,42956,719.7,0.3,3.6e-05,59004,905.2,24.9,0.003824,75368,964.0,91.64,0.027345,76627,963.3,119.72,0.033044,92172,969.8,172.81,0.056988,83152,899.6,148.1,0.057358,84812,882.1,172.42,0.05752,71556,841.0,44.9,0.024224,96950,880.5,78.25,0.054631
37,37.04,0.000686,97941,917.5,2.85,0.000625,82187,962.9,64.35,0.012942,74450,961.3,88.71,0.02622,75563,960.3,115.18,0.031446,91164,967.2,170.38,0.05572,82735,899.8,146.44,0.056416,85271,884.3,167.04,0.055883,71826,842.2,41.57,0.022476,97200,880.7,77.63,0.05432,42618,718.4,1.59,0.000194,58047,901.8,20.61,0.003126,74450,961.3,88.71,0.02622,75563,960.3,115.18,0.031446,91164,967.2,170.38,0.05572,82735,899.8,146.44,0.056416,85271,884.3,167.04,0.055883,71826,842.2,41.57,0.022476,97200,880.7,77.63,0.05432
38,38.04,0.0007044,96479,914.3,2.79,0.000606,81797,962.1,66.52,0.013327,73514,958.6,85.28,0.024959,74538,957.3,111.04,0.029997,90190,964.6,168.07,0.054523,82503,900.5,143.9,0.055239,85562,886.2,161.99,0.054265,72749,845.2,41.86,0.022843,97354,880.7,76.79,0.053814,41982,715.9,2.87,0.000346,57059,898.2,16.99,0.002543,73514,958.6,85.28,0.024959,74538,957.3,111.04,0.029997,90190,964.6,168.07,0.054523,82503,900.5,143.9,0.055239,85562,886.2,161.99,0.054265,72749,845.2,41.86,0.022843,97354,880.7,76.79,0.053814
39,39.1,0.000724,95018,911.1,2.64,0.000567,81449,961.3,68.66,0.013708,72538,955.6,81.57,0.023628,73544,954.5,107.48,0.028735,89173,961.9,166.19,0.053455,82450,901.7,139.96,0.053619,85695,887.7,157.53,0.052762,74783,851.1,49.01,0.027303,97370,880.5,75.68,0.053061,41079,712.3,3.87,0.00046,55995,894.3,13.7,0.002021,72538,955.6,81.57,0.023628,73544,954.5,107.48,0.028735,89173,961.9,166.19,0.053455,82450,901.7,139.96,0.053619,85695,887.7,157.53,0.052762,74783,851.1,49.01,0.027303,97370,880.5,75.68,0.053061
40,40.09,0.0007424,93768,908.4,2.46,0.000522,81166,960.7,70.64,0.014063,71720,953.1,78.67,0.022591,72615,951.8,104.36,0.027626,88221,959.3,164.88,0.05261,82574,903.3,135.71,0.051973,85556,888.6,153.9,0.051416,77373,858.5,59.11,0.03378,97236,879.9,74.48,0.052183,40078,708.3,4.65,0.000541,55003,890.6,10.98,0.001598,71720,953.1,78.67,0.022591,72615,951.8,104.36,0.027626,88221,959.3,164.88,0.05261,82574,903.3,135.71,0.051973,85556,888.6,153.9,0.051416,77373,858.5,59.11,0.03378,97236,879.9,74.48,0.052183
41,41.08,0.0007607,92626,905.8,2.28,0.00048,80891,960.1,72.92,0.014475,70979,950.8,76.36,0.021754,71654,948.9,101.13,0.026495,87271,956.7,163.93,0.051885,82761,905.2,130.23,0.049887,85315,889.1,150.98,0.050263,79414,864.5,65.22,0.037985,96971,879.1,73.21,0.0512,38993,703.9,5.08,0.000579,54017,886.9,8.48,0.001218,70979,950.8,76.36,0.021754,71654,948.9,101.13,0.026495,87271,956.7,163.93,0.051885,82761,905.2,130.23,0.049887,85315,889.1,150.98,0.050263,79414,864.5,65.22,0.037985,96971,879.1,73.21,0.0512
42,42.07,0.000779,91557,903.4,2.18,0.000454,80718,959.8,76.29,0.015119,70300,948.6,74.6,0.021099,70729,946.2,98.12,0.025448,86348,954.1,163.05,0.051198,82905,906.8,124.1,0.047536,84964,889.4,148.69,0.049281,80780,868.7,66.93,0.039462,96574,878.0,71.81,0.050078,38010,699.7,4.69,0.000524,53021,883.1,6.25,0.000884,70300,948.6,74.6,0.021099,70729,946.2,98.12,0.025448,86348,954.1,163.05,0.051198,82905,906.8,124.1,0.047536,84964,889.4,148.69,0.049281,80780,868.7,66.93,0.039462,96574,878.0,71.81,0.050078
43,43.05,0.0007973,90508,901.0,2.18,0.00045,80843,960.3,80.35,0.01594,69737,946.8,73.81,0.020747,69894,943.7,95.59,0.024565,85465,951.6,161.91,0.050453,82952,908.1,118.43,0.045324,84579,889.6,146.83,0.048435,81784,872.0,66.34,0.039449,96074,876.7,70.15,0.048739,37306,696.7,3.35,0.000369,52026,879.3,4.15,0.000579,69737,946.8,73.81,0.020747,69894,943.7,95.59,0.024565,85465,951.6,161.91,0.050453,82952,908.1,118.43,0.045324,84579,889.6,146.83,0.048435,81784,872.0,66.34,0.039449,96074,876.7,70.15,0.048739
44,44.04,0.0008156,89431,898.5,2.27,0.000465,81400,962.0,85.02,0.016952,69449,945.9,74.82,0.020964,69154,941.5,93.52,0.023833,84622,949.2,160.49,0.049641,82843,909.0,113.37,0.043288,84101,889.5,144.62,0.04744,82496,874.7,63.81,0.038158,95522,875.3,68.12,0.047132,37108,695.9,0.78,8.6e-05,51181,876.0,1.04,0.000143,69449,945.9,74.82,0.020964,69154,941.5,93.52,0.023833,84622,949.2,160.49,0.049641,82843,909.0,113.37,0.043288,84101,889.5,144.62,0.04744,82496,874.7,63.81,0.038158,95522,875.3,68.12,0.047132
45,45.09,0.000835,88219,895.7,2.44,0.000494,82620,965.5,89.77,0.018101,69487,946.0,78.17,0.021913,68480,939.5,91.8,0.023217,83757,946.8,158.61,0.048684,82503,909.4,108.48,0.041234,83521,889.2,141.68,0.046174,83068,877.0,60.23,0.036173,94925,873.9,65.46,0.04508,37583,698.1,-2.76,-0.000306,50784,874.4,-6.22,-0.000852,69487,946.0,78.17,0.021913,68480,939.5,91.8,0.023217,83757,946.8,158.61,0.048684,82503,909.4,108.48,0.041234,83521,889.2,141.68,0.046174,83068,877.0,60.23,0.036173,94925,873.9,65.46,0.04508
46,46.07,0.0008532,87007,892.8,2.63,0.000528,84389,970.3,91.34,0.01872,69728,946.7,82.39,0.02316,68014,938.2,91.05,0.022902,82965,944.5,156.76,0.047777,82036,909.3,104.69,0.039575,83015,888.9,138.54,0.04489,83465,878.7,56.65,0.034114,94390,872.6,62.41,0.0428,39052,704.9,-7.63,-0.000869,50941,875.0,-18.08,-0.00248,69728,946.7,82.39,0.02316,68014,938.2,91.05,0.022902,82965,944.5,156.76,0.047777,82036,909.3,104.69,0.039575,83015,888.9,138.54,0.04489,83465,878.7,56.65,0.034114,94390,872.6,62.41,0.0428
47,47.06,0.0008714,85727,889.8,2.82,0.000558,86625,976.3,87.62,0.018319,69938,947.2,86.21,0.024292,67867,937.7,91.73,0.023034,82164,942.1,155.09,0.04693,81532,909.0,101.91,0.038297,82567,888.7,134.97,0.043509,83802,880.3,53.24,0.032135,93898,871.5,58.79,0.04016,41293,714.8,-10.64,-0.001264,52194,880.0,-38.12,-0.005328,69938,947.2,86.21,0.024292,67867,937.7,91.73,0.023034,82164,942.1,155.09,0.04693,81532,909.0,101.91,0.038297,82567,888.7,134.97,0.043509,83802,880.3,53.24,0.032135,93898,871.5,58.79,0.04016
48,48.04,0.0008896,84404,886.6,2.95,0.000577,88560,981.4,82.38,0.017518,69984,947.3,88.66,0.024998,68109,938.6,94.23,0.023724,81333,939.8,153.68,0.046147,81056,908.9,100.03,0.037378,82136,888.5,130.97,0.042007,84267,882.1,51.15,0.030982,93453,870.5,54.59,0.03716,43596,724.6,-10.2,-0.001262,53751,886.0,-60.18,-0.008603,69984,947.3,88.66,0.024998,68109,938.6,94.23,0.023724,81333,939.8,153.68,0.046147,81056,908.9,100.03,0.037378,82136,888.5,130.97,0.042007,84267,882.1,51.15,0.030982,93453,870.5,54.59,0.03716
49,49.08,0.000909,82984,883.1,3.01,0.000582,89623,984.2,78.14,0.016768,69853,946.7,90.07,0.025363,68716,940.7,96.82,0.02454,80376,937.1,152.39,0.045354,80577,908.7,98.44,0.036572,81646,888.2,126.67,0.040402,85164,885.1,51.46,0.031391,93033,869.6,49.51,0.033582,45644,733.0,-8.12,-0.001039,54555,889.1,-76.05,-0.010996,69853,946.7,90.07,0.025363,68716,940.7,96.82,0.02454,80376,937.1,152.39,0.045354,80577,908.7,98.44,0.036572,81646,888.2,126.67,0.040402,85164,885.1,51.46,0.031391,93033,869.6,49.51,0.033582
50,50.06,0.0009271,81677,879.9,3.0,0.000573,89719,984.5,76.06,0.016334,69636,945.9,90.77,0.025503,69432,943.1,96.93,0.02476,79388,934.3,151.64,0.044708,80115,908.5,96.67,0.035714,81109,887.6,123.53,0.039165,86472,889.0,54.79,0.03379,92688,868.9,44.21,0.029899,47349,739.9,-7.1,-0.000935,54708,889.7,-84.9,-0.012301,69636,945.9,90.77,0.025503,69432,943.1,96.93,0.02476,79388,934.3,151.64,0.044708,80115,908.5,96.67,0.035714,81109,887.6,123.53,0.039165,86472,889.0,54.79,0.03379,92688,868.9,44.21,0.029899
51,51.04,0.0009452,80416,876.7,2.94,0.000554,89168,983.2,74.89,0.016005,69404,945.0,90.74,0.025434,70590,946.8,91.75,0.023735,78304,931.2,151.04,0.044068,79634,908.3,94.25,0.034622,80505,886.9,121.8,0.03836,88264,894.1,61.0,0.038182,92388,868.3,38.45,0.025938,49182,747.0,-7.43,-0.001006,54344,888.4,-89.31,-0.012874,69404,945.0,90.74,0.025434,70590,946.8,91.75,0.023735,78304,931.2,151.04,0.044068,79634,908.3,94.25,0.034622,80505,886.9,121.8,0.03836,88264,894.1,61.0,0.038182,92388,868.3,38.45,0.025938
52,52.09,0.0009645,79136,873.5,2.84,0.000529,88085,980.4,75.12,0.015905,69192,944.2,89.34,0.024987,72672,953.2,78.77,0.020835,77100,927.7,150.28,0.043334,79110,907.9,90.97,0.033211,79774,885.8,121.06,0.037827,90052,899.2,67.39,0.042786,92116,867.7,31.89,0.021466,51442,755.6,-8.15,-0.001142,53839,886.5,-91.86,-0.013145,69192,944.2,89.34,0.024987,72672,953.2,78.77,0.020835,77100,927.7,150.28,0.043334,79110,907.9,90.97,0.033211,79774,885.8,121.06,0.037827,90052,899.2,67.39,0.042786,92116,867.7,31.89,0.021466
53,53.06,0.0009826,77999,870.6,2.73,0.000504,86683,976.8,77.26,0.016157,69074,943.5,86.61,0.024199,74809,959.7,64.27,0.017383,75969,924.5,149.26,0.042556,78633,907.6,87.44,0.031739,78988,884.6,121.17,0.037543,91247,903.0,71.41,0.045749,91905,867.3,25.46,0.017105,53639,763.6,-7.93,-0.001146,53594,885.6,-95.15,-0.013568,69074,943.5,86.61,0.024199,74809,959.7,64.27,0.017383,75969,924.5,149.26,0.042556,78633,907.6,87.44,0.031739,78988,884.6,121.17,0.037543,91247,903.0,71.41,0.045749,91905,867.3,25.46,0.017105
54,54.04,0.0010007,76923,867.8,2.63,0.000479,85075,972.6,79.99,0.016488,69326,944.1,80.95,0.022685,76283,964.1,53.03,0.01456,74840,921.3,147.82,0.041661,78112,907.1,83.95,0.030289,78027,882.9,121.68,0.037313,91984,905.8,73.58,0.04737,91738,867.0,18.83,0.012632,55431,770.0,-6.08,-0.0009,53736,886.2,-100.05,-0.014295,69326,944.1,80.95,0.022685,76283,964.1,53.03,0.01456,74840,921.3,147.82,0.041661,78112,907.1,83.95,0.030289,78027,882.9,121.68,0.037313,91984,905.8,73.58,0.04737,91738,867.0,18.83,0.012632
55,55.08,0.00102,75838,864.9,2.52,0.000454,83282,967.8,83.12,0.016855,70175,946.6,70.05,0.01982,76941,966.0,46.11,0.012742,73651,918.0,145.94,0.040625,77445,906.2,80.98,0.028997,76812,880.5,122.44,0.037058,92389,907.9,74.33,0.047956,91610,866.8,11.61,0.007777,56556,773.9,-3.32,-0.000499,54221,888.1,-106.47,-0.015317,70175,946.6,70.05,0.01982,76941,966.0,46.11,0.012742,73651,918.0,145.94,0.040625,77445,906.2,80.98,0.028997,76812,880.5,122.44,0.037058,92389,907.9,74.33,0.047956,91610,866.8,11.61,0.007777
56,56.06,0.0010381,74876,862.4,2.42,0.000432,81543,963.1,86.42,0.017241,71542,950.6,54.83,0.015749,76899,965.9,42.5,0.011739,72552,914.9,143.95,0.039608,76755,905.1,79.01,0.028073,75577,878.0,123.36,0.036842,92510,909.4,74.19,0.047853,91539,866.6,4.72,0.003158,56906,775.2,-1.06,-0.000159,54855,890.6,-112.32,-0.016302,71542,950.6,54.83,0.015749,76899,965.9,42.5,0.011739,72552,914.9,143.95,0.039608,76755,905.1,79.01,0.028073,75577,878.0,123.36,0.036842,92510,909.4,74.19,0.047853,91539,866.6,4.72,0.003158
57,57.03,0.0010562,73966,860.0,2.31,0.000409,79761,958.2,90.17,0.017687,73131,955.3,39.11,0.011427,76397,964.5,40.45,0.011116,71473,911.8,141.92,0.0386,76033,903.9,78.03,0.0275,74308,875.5,124.36,0.036624,92504,910.5,73.33,0.047238,91508,866.6,-2.29,-0.001532,56763,774.7,0.56,8.4e-05,55529,893.1,-117.07,-0.01715,73131,955.3,39.11,0.011427,76397,964.5,40.45,0.011116,71473,911.8,141.92,0.0386,76033,903.9,78.03,0.0275,74308,875.5,124.36,0.036624,92504,910.5,73.33,0.047238,91508,866.6,-2.29,-0.001532
58,58.08,0.0010755,73060,857.5,2.18,0.000382,77864,952.8,94.54,0.018204,73835,957.3,27.85,0.008198,75556,962.1,39.67,0.010811,70353,908.6,139.97,0.037604,75221,902.5,78.03,0.027249,72968,872.7,125.33,0.036359,92462,911.6,72.24,0.046456,91497,866.5,-9.93,-0.006647,56304,773.3,1.48,0.000222,56188,895.7,-120.73,-0.017847,73835,957.3,27.85,0.008198,75556,962.1,39.67,0.010811,70353,908.6,139.97,0.037604,75221,902.5,78.03,0.027249,72968,872.7,125.33,0.036359,92462,911.6,72.24,0.046456,91497,866.5,-9.93,-0.006647
59,59.05,0.0010936,72280,855.4,2.02,0.000351,76150,947.9,98.75,0.018693,73858,957.3,21.69,0.006387,74547,959.1,39.54,0.010663,69330,905.7,138.37,0.036752,74391,900.9,78.76,0.027247,71792,870.3,126.17,0.036109,92397,912.6,70.98,0.045563,91473,866.4,-17.34,-0.011604,55743,771.5,1.92,0.000286,56694,897.6,-123.26,-0.018346,73858,957.3,21.69,0.006387,74547,959.1,39.54,0.010663,69330,905.7,138.37,0.036752,74391,900.9,78.76,0.027247,71792,870.3,126.17,0.036109,92397,912.6,70.98,0.045563,91473,866.4,-17.34,-0.011604
60,60.09,0.0011128,71535,853.4,1.82,0.000314,74438,942.9,103.11,0.019179,73405,955.8,18.74,0.005494,73374,955.6,39.97,0.010649,68243,902.5,136.97,0.035934,73437,899.0,80.15,0.027432,70681,868.2,127.07,0.035894,92288,913.5,69.24,0.044351,91379,866.1,-25.65,-0.017158,55050,769.3,2.26,0.000333,57093,899.1,-125.67,-0.018804,73405,955.8,18.74,0.005494,73374,955.6,39.97,0.010649,68243,902.5,136.97,0.035934,73437,899.0,80.15,0.027432,70681,868.2,127.07,0.035894,92288,913.5,69.24,0.044351,91379,866.1,-25.65,-0.017158
61,61.07,0.0011309,70913,851.7,1.65,0.000283,72958,938.5,106.88,0.019577,72877,954.2,18.95,0.005525,72293,952.3,40.07,0.010555,67213,899.6,135.95,0.035244,72506,897.1,81.88,0.027727,69809,866.6,127.79,0.035718,92157,914.2,67.24,0.042975,91225,865.7,-33.76,-0.022555,54319,766.9,2.56,0.000374,57315,900.0,-128.04,-0.019215,72877,954.2,18.95,0.005525,72293,952.3,40.07,0.010555,67213,899.6,135.95,0.035244,72506,897.1,81.88,0.027727,69809,866.6,127.79,0.035718,92157,914.2,67.24,0.042975,91225,865.7,-33.76,-0.022555
62,62.05,0.001149,70333,850.0,1.57,0.000266,71595,934.4,110.21,0.019897,72369,952.5,21.2,0.006147,71321,949.3,39.79,0.010373,66172,896.6,135.2,0.034621,71552,895.2,83.75,0.028047,69094,865.4,128.1,0.035486,92021,914.9,64.97,0.041432,91107,865.3,-41.63,-0.027789,53504,764.2,2.91,0.000419,57376,900.3,-130.66,-0.019621,72369,952.5,21.2,0.006147,71321,949.3,39.79,0.010373,66172,896.6,135.2,0.034621,71552,895.2,83.75,0.028047,69094,865.4,128.1,0.035486,92021,914.9,64.97,0.041432,91107,865.3,-41.63,-0.027789
63,63.09,0.0011683,69700,848.3,1.64,0.000277,70256,930.3,113.14,0.020132,71864,950.9,24.9,0.007182,70474,946.7,39.67,0.010246,65061,893.4,134.73,0.034041,70438,892.7,85.1,0.028132,68466,864.5,127.8,0.035118,91880,915.6,62.4,0.039699,91084,865.1,-49.41,-0.032981,52553,761.1,3.19,0.000453,57287,900.0,-133.67,-0.020047,71864,950.9,24.9,0.007182,70474,946.7,39.67,0.010246,65061,893.4,134.73,0.034041,70438,892.7,85.1,0.028132,68466,864.5,127.8,0.035118,91880,915.6,62.4,0.039699,91084,865.1,-49.41,-0.032981
64,64.06,0.0011863,69034,846.4,1.86,0.000312,69087,926.7,115.26,0.020247,71404,949.4,28.47,0.008171,69911,944.9,40.26,0.010335,64038,890.4,134.61,0.03359,69310,890.0,85.51,0.027901,68029,864.2,127.12,0.03472,91754,916.2,59.86,0.038007,91150,865.2,-56.06,-0.03745,51718,758.3,2.95,0.000414,57088,899.4,-136.91,-0.020477,71404,949.4,28.47,0.008171,69911,944.9,40.26,0.010335,64038,890.4,134.61,0.03359,69310,890.0,85.51,0.027901,68029,864.2,127.12,0.03472,91754,916.2,59.86,0.038007,91150,865.2,-56.06,-0.03745
65,65.04,0.0012044,68313,844.4,2.0,0.000332,67981,923.2,116.79,0.020263,70914,947.8,31.19,0.008907,69567,943.9,41.75,0.010677,63044,887.5,134.82,0.033228,70046,892.9,96.24,0.03163,67783,864.3,125.08,0.034035,91621,916.7,57.17,0.036228,91539,865.9,-61.01,-0.040892,51325,757.0,1.17,0.000163,56801,898.4,-140.49,-0.020929,70914,947.8,31.19,0.008907,69567,943.9,41.75,0.010677,63044,887.5,134.82,0.033228,70046,892.9,96.24,0.03163,67783,864.3,125.08,0.034035,91621,916.7,57.17,0.036228,91539,865.9,-61.01,-0.040892
66,66.08,0.0012237,67707,842.6,1.42,0.000235,66845,919.6,117.88,0.020191,70305,945.8,32.65,0.009263,69345,943.2,43.91,0.011201,62055,884.6,135.49,0.032977,78493,918.2,152.18,0.054508,67565,864.6,120.73,0.032735,91446,917.2,54.13,0.034216,92704,868.3,-63.22,-0.042797,51743,758.5,-2.01,-0.000282,56443,897.2,-144.71,-0.021451,70305,945.8,32.65,0.009263,69345,943.2,43.91,0.011201,62055,884.6,135.49,0.032977,78493,918.2,152.18,0.054508,67565,864.6,120.73,0.032735,91446,917.2,54.13,0.034216,92704,868.3,-63.22,-0.042797
67,67.05,0.0012417,67654,842.5,0.02,4e-06,65804,916.3,118.55,0.020062,69727,943.9,33.23,0.009368,69147,942.6,46.02,0.011713,61294,882.4,137.05,0.033031,94061,959.4,229.77,0.094384,67461,865.3,114.02,0.030845,91233,917.4,51.13,0.032237,94523,872.2,-63.11,-0.043361,53976,766.7,-8.94,-0.001294,56108,896.1,-149.08,-0.021996,69727,943.9,33.23,0.009368,69147,942.6,46.02,0.011713,61294,882.4,137.05,0.033031,94061,959.4,229.77,0.094384,67461,865.3,114.02,0.030845,91233,917.4,51.13,0.032237,94523,872.2,-63.11,-0.043361
68,68.09,0.001261,68316,844.4,-2.14,-0.000356,64706,912.7,119.06,0.01989,69099,941.8,33.09,0.009266,68822,941.6,47.68,0.012091,60778,881.0,140.38,0.0336,103710,983.3,258.96,0.114439,68863,870.2,112.59,0.030915,90945,917.4,47.89,0.030096,97463,878.4,-58.22,-0.040961,58466,782.3,-14.59,-0.002244,55853,895.2,-153.92,-0.022629,69099,941.8,33.09,0.009266,68822,941.6,47.68,0.012091,60778,881.0,140.38,0.0336,103710,983.3,258.96,0.114439,68863,870.2,112.59,0.030915,90945,917.4,47.89,0.030096,97463,878.4,-58.22,-0.040961
69,69.07,0.001279,70026,849.2,-5.02,-0.000851,63686,909.3,119.48,0.019717,68481,939.8,32.51,0.00904,68388,940.2,48.49,0.012237,60572,880.7,144.94,0.034587,105903,989.7,257.98,0.115662,77762,896.4,155.02,0.046661,90614,917.3,44.93,0.028139,100494,884.6,-52.97,-0.038154,62618,796.0,-12.74,-0.002061,55857,895.3,-158.19,-0.023255,68481,939.8,32.51,0.00904,68388,940.2,48.49,0.012237,60572,880.7,144.94,0.034587,105903,989.7,257.98,0.115662,77762,896.4,155.02,0.046661,90614,917.3,44.93,0.028139,100494,884.6,-52.97,-0.038154
70,70.04,0.0012971,72423,855.9,-6.41,-0.001116,62680,906.0,119.93,0.01955,67882,937.7,31.93,0.008821,67873,938.6,48.73,0.012226,60531,881.0,150.1,0.035784,107029,993.3,252.68,0.114072,96336,944.1,242.31,0.085787,90216,916.9,42.13,0.026279,102795,889.2,-50.02,-0.036666,65314,804.5,-7.67,-0.001281,56122,896.4,-162.59,-0.023986,67882,937.7,31.93,0.008821,67873,938.6,48.73,0.012226,60531,881.0,150.1,0.035784,107029,993.3,252.68,0.114072,96336,944.1,242.31,0.085787,90216,916.9,42.13,0.026279,102795,889.2,-50.02,-0.036666
71,71.08,0.0013164,74675,862.0,-5.18,-0.000924,61627,902.5,120.5,0.01939,67297,935.8,31.77,0.008718,67270,936.7,48.4,0.012061,60548,881.5,155.08,0.03696,107539,995.4,248.68,0.112564,106048,969.1,276.18,0.104857,89708,916.3,39.32,0.024408,104494,892.5,-49.39,-0.036665,66602,808.5,-3.19,-0.000541,56858,899.2,-167.66,-0.024981,67297,935.8,31.77,0.008718,67270,936.7,48.4,0.012061,60548,881.5,155.08,0.03696,107539,995.4,248.68,0.112564,106048,969.1,276.18,0.104857,89708,916.3,39.32,0.024408,104494,892.5,-49.39,-0.036665
72,72.06,0.0013345,75866,865.2,-2.76,-0.000497,60657,899.2,121.18,0.019263,66819,934.1,32.17,0.008781,66695,934.9,47.7,0.011808,60562,881.9,158.26,0.037707,107819,996.7,245.04,0.111056,108781,977.4,279.13,0.107791,89158,915.5,36.83,0.022743,105292,894.1,-49.51,-0.03697,67010,809.8,-1.16,-0.000198,58235,904.3,-173.06,-0.026262,66819,934.1,32.17,0.008781,66695,934.9,47.7,0.011808,60562,881.9,158.26,0.037707,107819,996.7,245.04,0.111056,108781,977.4,279.13,0.107791,89158,915.5,36.83,0.022743,105292,894.1,-49.51,-0.03697
73,73.04,0.0013525,76081,865.7,-0.33,-5.9e-05,59695,895.9,122.09,0.01917,66393,932.7,32.93,0.008946,66151,933.1,46.92,0.011541,60523,882.2,159.52,0.037971,108078,997.9,240.65,0.109202,109893,982.8,273.53,0.106113,88569,914.5,34.47,0.021165,105265,894.0,-49.55,-0.036986,67351,810.8,-1.12,-0.000192,60504,912.3,-178.8,-0.027941,66393,932.7,32.93,0.008946,66151,933.1,46.92,0.011541,60523,882.2,159.52,0.037971,108078,997.9,240.65,0.109202,109893,982.8,273.53,0.106113,88569,914.5,34.47,0.021165,105265,894.0,-49.55,-0.036986
74,74.08,0.0013718,75468,864.1,1.64,0.000295,58663,892.3,123.44,0.019123,65983,931.2,33.81,0.009143,65635,931.4,46.39,0.011343,60485,882.7,158.77,0.037749,108315,998.9,235.8,0.107128,110698,987.8,265.97,0.103411,87954,913.5,32.11,0.019606,104400,892.4,-47.46,-0.035205,68231,813.5,-2.55,-0.00044,63590,923.0,-177.8,-0.028865,65983,931.2,33.81,0.009143,65635,931.4,46.39,0.011343,60485,882.7,158.77,0.037749,108315,998.9,235.8,0.107128,110698,987.8,265.97,0.103411,87954,913.5,32.11,0.019606,104400,892.4,-47.46,-0.035205
75,75.05,0.0013899,74337,861.1,2.97,0.000527,57682,888.8,125.12,0.019133,65594,929.8,34.38,0.009256,65206,929.9,46.37,0.011282,60464,883.0,156.64,0.037214,108483,999.7,230.82,0.104946,111333,991.9,259.99,0.101249,87443,912.6,30.06,0.018259,102894,889.4,-40.99,-0.030063,69624,817.7,-3.97,-0.000695,66809,933.6,-168.47,-0.028407,65594,929.8,34.38,0.009256,65206,929.9,46.37,0.011282,60464,883.0,156.64,0.037214,108483,999.7,230.82,0.104946,111333,991.9,259.99,0.101249,87443,912.6,30.06,0.018259,102894,889.4,-40.99,-0.030063
76,76.1,0.0014092,72747,856.9,3.93,0.000686,56652,885.2,127.14,0.019174,65157,928.3,34.53,0.009249,64795,928.6,47.04,0.011388,60532,883.7,153.02,0.036367,108673,1000.5,225.01,0.102405,111299,994.1,256.37,0.099588,87004,911.9,27.88,0.016868,101421,886.6,-31.04,-0.022517,71410,823.0,-4.52,-0.000807,69839,943.3,-154.79,-0.027006,65157,928.3,34.53,0.009249,64795,928.6,47.04,0.011388,60532,883.7,153.02,0.036367,108673,1000.5,225.01,0.102405,111299,994.1,256.37,0.099588,87004,911.9,27.88,0.016868,101421,886.6,-31.04,-0.022517
77,77.07,0.0014273,71060,852.2,4.48,0.000768,55772,882.0,128.71,0.019178,64730,926.8,34.36,0.009159,64399,927.2,48.05,0.011578,60607,884.4,148.59,0.035331,109008,1001.5,219.44,0.100069,110859,994.7,255.2,0.098682,86705,911.5,25.68,0.015487,100782,885.3,-20.03,-0.014455,72989,827.6,-4.11,-0.000746,71805,949.4,-143.0,-0.025487,64730,926.8,34.36,0.009159,64399,927.2,48.05,0.011578,60607,884.4,148.59,0.035331,109008,1001.5,219.44,0.100069,110859,994.7,255.2,0.098682,86705,911.5,25.68,0.015487,100782,885.3,-20.03,-0.014455
78,78.05,0.0014454,69291,847.3,4.79,0.000805,55068,879.5,129.13,0.019053,64274,925.2,34.03,0.009022,63945,925.7,49.16,0.011783,60621,884.9,143.89,0.034202,109378,1002.6,213.13,0.097416,109703,992.9,254.03,0.097381,86513,911.3,23.12,0.013917,101002,885.8,-8.35,-0.006033,74300,831.3,-3.32,-0.000611,72878,952.6,-133.06,-0.023986,64274,925.2,34.03,0.009022,63945,925.7,49.16,0.011783,60621,884.9,143.89,0.034202,109378,1002.6,213.13,0.097416,109703,992.9,254.03,0.097381,86513,911.3,23.12,0.013917,101002,885.8,-8.35,-0.006033
79,79.09,0.0014647,67383,841.9,4.96,0.000817,54636,877.9,128.25,0.018808,63749,923.3,33.66,0.008869,63388,923.8,50.32,0.01198,60499,884.9,139.22,0.033025,109751,1003.6,205.64,0.094216,108282,992.3,255.92,0.096892,86432,911.3,19.78,0.011896,101939,887.7,2.51,0.00183,75355,834.3,-2.43,-0.000452,73260,953.8,-124.58,-0.022548,63749,923.3,33.66,0.008869,63388,923.8,50.32,0.01198,60499,884.9,139.22,0.033025,109751,1003.6,205.64,0.094216,108282,992.3,255.92,0.096892,86432,911.3,19.78,0.011896,101939,887.7,2.51,0.00183
80,80.07,0.0014828,65611,836.7,5.04,0.000813,54523,877.6,124.67,0.018252,63218,921.4,33.43,0.008753,62815,921.8,51.3,0.012129,60255,884.4,135.19,0.031956,109985,1004.3,198.89,0.091261,106603,989.9,258.42,0.096557,86414,911.5,16.16,0.009714,103006,889.8,9.57,0.007024,76066,836.3,-1.74,-0.000326,73148,953.4,-118.71,-0.021461,63218,921.4,33.43,0.008753,62815,921.8,51.3,0.012129,60255,884.4,135.19,0.031956,109985,1004.3,198.89,0.091261,106603,989.9,258.42,0.096557,86414,911.5,16.16,0.009714,103006,889.8,9.57,0.007024
81,81.05,0.0015009,63876,831.5,5.06,0.000799,54959,879.2,117.49,0.017305,62657,919.4,33.48,0.008707,62215,919.7,52.13,0.012235,59880,883.5,131.77,0.030984,109988,1004.3,193.07,0.088589,104760,986.8,260.96,0.096118,86493,911.8,12.02,0.00723,103845,891.4,13.5,0.009973,76570,837.7,-1.22,-0.00023,72815,952.4,-114.37,-0.020604,62657,919.4,33.48,0.008707,62215,919.7,52.13,0.012235,59880,883.5,131.77,0.030984,109988,1004.3,193.07,0.088589,104760,986.8,260.96,0.096118,86493,911.8,12.02,0.00723,103845,891.4,13.5,0.009973
82,82.09,0.0015203,62083,826.1,5.02,0.000777,56162,883.7,103.95,0.015567,62047,917.3,33.9,0.00875,61561,917.5,52.81,0.012294,59493,882.6,128.01,0.029939,109680,1003.6,188.41,0.086269,102767,983.2,263.69,0.095625,86689,912.4,6.92,0.004169,104300,892.3,15.41,0.011423,76938,838.7,-0.82,-0.000154,72250,950.6,-111.21,-0.019916,62047,917.3,33.9,0.00875,61561,917.5,52.81,0.012294,59493,882.6,128.01,0.029939,109680,1003.6,188.41,0.086269,102767,983.2,263.69,0.095625,86689,912.4,6.92,0.004169,104300,892.3,15.41,0.011423
83,83.08,0.0015384,60479,821.1,4.92,0.000745,57253,887.7,91.61,0.013922,61475,915.2,34.58,0.008864,60952,915.3,53.28,0.012309,59419,882.7,122.19,0.028539,109019,1002.1,185.53,0.084565,100906,979.6,266.36,0.0952,86970,913.1,1.64,0.000992,104241,892.1,16.89,0.012515,77166,839.4,-0.54,-0.000103,71649,948.8,-109.43,-0.019473,61475,915.2,34.58,0.008864,60952,915.3,53.28,0.012309,59419,882.7,122.19,0.028539,109019,1002.1,185.53,0.084565,100906,979.6,266.36,0.0952,86970,913.1,1.64,0.000992,104241,892.1,16.89,0.012515
84,84.06,0.0015566,58964,816.3,4.75,0.000706,57773,889.6,83.06,0.012711,60904,913.2,35.39,0.009007,60364,913.2,53.68,0.012312,61824,891.3,99.59,0.023968,107970,999.7,183.97,0.083247,99091,975.8,268.94,0.094755,87345,914.0,-3.96,-0.002396,103546,890.7,19.73,0.014545,77321,839.8,-0.37,-7e-05,71027,946.8,-108.49,-0.019178,60904,913.2,35.39,0.009007,60364,913.2,53.68,0.012312,61824,891.3,99.59,0.023968,107970,999.7,183.97,0.083247,99091,975.8,268.94,0.094755,87345,914.0,-3.96,-0.002396,103546,890.7,19.73,0.014545
85,85.04,0.0015748,57554,811.8,4.53,0.00066,57811,889.7,77.64,0.011887,60331,911.1,36.15,0.009135,59805,911.2,54.13,0.012327,69876,917.4,40.97,0.010826,106567,996.5,183.46,0.082202,97384,972.1,271.29,0.094294,87823,915.1,-9.72,-0.005914,102238,888.0,24.38,0.017797,77443,840.2,-0.3,-5.7e-05,70392,944.8,-108.16,-0.018988,60331,911.1,36.15,0.009135,59805,911.2,54.13,0.012327,69876,917.4,40.97,0.010826,106567,996.5,183.46,0.082202,97384,972.1,271.29,0.094294,87823,915.1,-9.72,-0.005914,102238,888.0,24.38,0.017797
86,86.09,0.0015943,56173,807.3,4.24,0.000607,57668,889.3,75.01,0.011462,59712,908.8,36.75,0.009216,59237,909.1,54.71,0.012368,78216,941.7,-12.61,-0.003634,104718,992.2,183.44,0.081115,95698,968.4,273.34,0.093719,88462,916.4,-15.86,-0.00971,100590,884.5,30.1,0.021704,77587,840.6,-0.35,-6.6e-05,69659,942.4,-108.38,-0.018876,59712,908.8,36.75,0.009216,59237,909.1,54.71,0.012368,78216,941.7,-12.61,-0.003634,104718,992.2,183.44,0.081115,95698,968.4,273.34,0.093719,88462,916.4,-15.86,-0.00971,100590,884.5,30.1,0.021704
87,87.08,0.0016125,54993,803.3,3.96,0.000558,57497,888.7,75.19,0.011463,59123,906.6,37.07,0.009226,58715,907.2,55.31,0.012421,82152,952.3,-35.64,-0.010667,102764,987.6,183.68,0.080072,94322,965.4,274.03,0.092897,89176,917.8,-21.52,-0.013254,99083,881.3,35.03,0.024968,77801,841.1,-0.56,-0.000106,68917,940.1,-108.96,-0.018822,59123,906.6,37.07,0.009226,58715,907.2,55.31,0.012421,82152,952.3,-35.64,-0.010667,102764,987.6,183.68,0.080072,94322,965.4,274.03,0.092897,89176,917.8,-21.52,-0.013254,99083,881.3,35.03,0.024968
88,88.07,0.0016308,53914,799.7,3.7,0.000513,57521,888.8,78.6,0.011986,58524,904.4,37.14,0.009172,58184,905.3,55.92,0.01247,84541,958.3,-48.69,-0.014904,100733,982.8,184.19,0.079093,93125,962.8,272.89,0.091577,89941,919.3,-27.13,-0.016831,97814,878.6,38.65,0.027282,78203,842.3,-1.06,-0.000202,68186,937.7,-109.32,-0.018732,58524,904.4,37.14,0.009172,58184,905.3,55.92,0.01247,84541,958.3,-48.69,-0.014904,100733,982.8,184.19,0.079093,93125,962.8,272.89,0.091577,89941,919.3,-27.13,-0.016831,97814,878.6,38.65,0.027282
89,89.05,0.0016491,52923,796.3,3.46,0.000473,57971,890.5,85.44,0.013107,57915,902.1,37.02,0.009069,57627,903.2,56.48,0.012504,86726,963.6,-60.69,-0.018951,98702,978.0,184.99,0.078221,92039,960.2,270.49,0.089964,90637,920.5,-33.07,-0.020644,96887,876.6,40.55,0.028416,79037,844.6,-2.2,-0.000424,67587,935.7,-108.78,-0.018515,57915,902.1,37.02,0.009069,57627,903.2,56.48,0.012504,86726,963.6,-60.69,-0.018951,98702,978.0,184.99,0.078221,92039,960.2,270.49,0.089964,90637,920.5,-33.07,-0.020644,96887,876.6,40.55,0.028416
90,90.04,0.0016675,52006,793.1,3.26,0.000439,58671,893.0,93.97,0.014548,57297,899.8,36.76,0.008933,57037,901.0,56.99,0.012518,88813,968.5,-72.87,-0.023184,96803,973.3,186.41,0.07768,91095,958.3,266.91,0.088031,91189,921.2,-39.54,-0.024818,96267,875.2,40.88,0.028513,80843,849.5,-4.66,-0.000912,67298,934.7,-106.13,-0.018005,57297,899.8,36.76,0.008933,57037,901.0,56.99,0.012518,88813,968.5,-72.87,-0.023184,96803,973.3,186.41,0.07768,91095,958.3,266.91,0.088031,91189,921.2,-39.54,-0.024818,96267,875.2,40.88,0.028513
91,91.1,0.001687,51096,789.8,3.09,0.000411,59234,895.0,101.25,0.015789,56629,897.3,36.44,0.008778,56369,898.4,57.49,0.012514,90503,972.2,-83.97,-0.027124,95096,968.9,188.9,0.077677,90313,956.4,261.52,0.085684,92220,922.9,-43.68,-0.027674,95820,874.2,40.32,0.028022,84460,859.1,-8.26,-0.00167,67354,934.9,-99.9,-0.01696,56629,897.3,36.44,0.008778,56369,898.4,57.49,0.012514,90503,972.2,-83.97,-0.027124,95096,968.9,188.9,0.077677,90313,956.4,261.52,0.085684,92220,922.9,-43.68,-0.027674,95820,874.2,40.32,0.028022
92,92.09,0.0017054,50290,787.0,2.97,0.000391,59404,895.7,104.82,0.016381,55997,894.9,36.21,0.008647,55712,895.9,57.92,0.012497,91454,973.9,-91.85,-0.029924,93797,965.4,191.48,0.077944,89755,955.1,255.45,0.083292,95719,930.4,-36.94,-0.024096,95549,873.5,38.73,0.026862,89015,870.8,-9.97,-0.002096,68519,938.5,-87.09,-0.014981,55997,894.9,36.21,0.008647,55712,895.9,57.92,0.012497,91454,973.9,-91.85,-0.029924,93797,965.4,191.48,0.077944,89755,955.1,255.45,0.083292,95719,930.4,-36.94,-0.024096,95549,873.5,38.73,0.026862
93,93.08,0.0017237,49516,784.2,2.9,0.000377,59246,895.2,105.08,0.016386,55368,892.5,36.14,0.008556,55033,893.3,58.34,0.012471,91950,974.5,-97.86,-0.032038,92769,962.4,193.8,0.078266,89570,954.7,248.9,0.081022,109213,959.4,14.67,0.010589,95359,873.1,36.58,0.025334,93326,881.3,-8.64,-0.001883,70499,944.7,-69.24,-0.012176,55368,892.5,36.14,0.008556,55033,893.3,58.34,0.012471,91950,974.5,-97.86,-0.032038,92769,962.4,193.8,0.078266,89570,954.7,248.9,0.081022,109213,959.4,14.67,0.010589,95359,873.1,36.58,0.025334
94,94.07,0.001742,48766,781.4,2.86,0.000367,58822,893.8,103.17,0.015999,54747,890.1,36.32,0.008525,54341,890.6,58.77,0.012441,92170,974.4,-102.7,-0.033708,91966,959.8,195.69,0.078558,89876,955.4,241.88,0.078947,124238,989.3,64.78,0.051578,95200,872.7,34.1,0.023583,96283,888.4,-5.52,-0.001232,72138,949.7,-54.57,-0.009767,54747,890.1,36.32,0.008525,54341,890.6,58.77,0.012441,92170,974.4,-102.7,-0.033708,91966,959.8,195.69,0.078558,89876,955.4,241.88,0.078947,124238,989.3,64.78,0.051578,95200,872.7,34.1,0.023583
95,95.06,0.0017603,48032,778.7,2.85,0.000361,58249,891.9,99.6,0.015327,54144,887.7,36.82,0.00857,53649,887.9,59.24,0.012419,92271,973.9,-106.82,-0.035113,91391,957.6,197.0,0.078769,90568,957.0,235.16,0.07722,130672,1002.3,77.55,0.064105,95050,872.4,31.36,0.021662,97697,891.7,-2.47,-0.000556,73077,952.5,-45.08,-0.00815,54144,887.7,36.82,0.00857,53649,887.9,59.24,0.012419,92271,973.9,-106.82,-0.035113,91391,957.6,197.0,0.078769,90568,957.0,235.16,0.07722,130672,1002.3,77.55,0.064105,95050,872.4,31.36,0.021662
96,96.05,0.0017786,47303,775.9,2.87,0.00036,57641,889.8,95.31,0.014548,53595,885.5,37.92,0.008758,52967,885.2,59.81,0.012417,92322,973.3,-110.48,-0.036358,91130,956.1,197.72,0.078956,91337,958.6,228.66,0.075591,132966,1007.5,77.42,0.06478,94900,872.0,28.4,0.019596,97903,892.2,-0.21,-4.8e-05,73604,954.1,-38.46,-0.006992,53595,885.5,37.92,0.008758,52967,885.2,59.81,0.012417,92322,973.3,-110.48,-0.036358,91130,956.1,197.72,0.078956,91337,958.6,228.66,0.075591,132966,1007.5,77.42,0.06478,94900,872.0,28.4,0.019596
97,97.1,0.0017981,46516,772.9,2.97,0.000368,56977,887.5,90.31,0.013662,53246,884.1,41.12,0.009452,52258,882.3,60.55,0.012443,92422,972.7,-114.11,-0.037618,91161,955.1,197.83,0.079106,92135,960.3,222.07,0.073926,133748,1010.2,70.58,0.059246,94734,871.7,25.04,0.017253,97242,890.8,1.33,0.000299,74029,955.3,-31.95,-0.005834,53246,884.1,41.12,0.009452,52258,882.3,60.55,0.012443,92422,972.7,-114.11,-0.037618,91161,955.1,197.83,0.079106,92135,960.3,222.07,0.073926,133748,1010.2,70.58,0.059246,94734,871.7,25.04,0.017253
98,98.09,0.0018164,45750,770.0,3.14,0.000384,56339,885.3,85.41,0.012808,53316,884.3,47.39,0.010904,51620,879.7,61.41,0.012501,92575,972.3,-117.31,-0.038752,91406,954.7,197.23,0.079119,92900,961.9,216.42,0.072519,133731,1011.3,65.76,0.055134,94571,871.3,21.7,0.014934,96168,888.5,2.14,0.000477,74469,956.6,-25.03,-0.004591,53316,884.3,47.39,0.010904,51620,879.7,61.41,0.012501,92575,972.3,-117.31,-0.038752,91406,954.7,197.23,0.079119,92900,961.9,216.42,0.072519,133731,1011.3,65.76,0.055134,94571,871.3,21.7,0.014934
99,99.07,0.0018347,44945,766.9,3.36,0.000405,55682,883.0,80.49,0.011962,53761,885.9,56.53,0.013094,51079,877.5,62.78,0.012679,92747,972.0,-120.13,-0.039772,91814,954.5,195.61,0.078828,93727,963.6,211.46,0.071359,133625,1012.0,62.76,0.05254,94404,871.0,18.19,0.0125,94870,885.7,2.58,0.000568,74942,958.0,-17.2,-0.00317,53761,885.9,56.53,0.013094,51079,877.5,62.78,0.012679,92747,972.0,-120.13,-0.039772,91814,954.5,195.61,0.078828,93727,963.6,211.46,0.071359,133625,1012.0,62.76,0.05254,94404,871.0,18.19,0.0125
100,100.06,0.0018529,44091,763.5,3.63,0.000431,55008,880.5,75.72,0.011147,54384,888.1,66.66,0.01558,50813,876.4,65.87,0.013252,92850,971.4,-122.35,-0.040577,92371,954.7,192.6,0.078072,94617,965.5,207.38,0.070515,132948,1011.8,61.69,0.051397,94244,870.6,14.52,0.009966,93532,882.8,2.66,0.00058,75297,959.1,-9.31,-0.001722,54384,888.1,66.66,0.01558,50813,876.4,65.87,0.013252,92850,971.4,-122.35,-0.040577,92371,954.7,192.6,0.078072,94617,965.5,207.38,0.070515,132948,1011.8,61.69,0.051397,94244,870.6,14.52,0.009966
101,101.04,0.0018712,43185,759.8,3.91,0.000457,54312,878.0,71.22,0.010382,54818,889.6,75.02,0.017642,50940,876.8,71.94,0.014502,92799,970.5,-123.76,-0.041058,92986,955.0,188.44,0.076874,95464,967.2,204.03,0.069873,131853,1010.6,61.74,0.051071,94103,870.4,10.73,0.007358,92270,880.1,2.53,0.000546,75414,959.4,-2.07,-0.000384,54818,889.6,75.02,0.017642,50940,876.8,71.94,0.014502,92799,970.5,-123.76,-0.041058,92986,955.0,188.44,0.076874,95464,967.2,204.03,0.069873,131853,1010.6,61.74,0.051071,94103,870.4,10.73,0.007358
102,102.09,0.0018906,42218,755.9,3.98,0.000457,53543,875.2,66.84,0.009636,54835,889.5,80.41,0.018919,51562,879.1,81.46,0.016578,92452,968.8,-124.04,-0.041073,93682,955.3,183.57,0.075425,96122,968.4,200.63,0.069093,130195,1008.5,63.75,0.052177,93989,870.1,6.63,0.004538,91048,877.4,2.32,0.000496,75299,959.1,4.95,0.000916,54835,889.5,80.41,0.018919,51562,879.1,81.46,0.016578,92452,968.8,-124.04,-0.041073,93682,955.3,183.57,0.075425,96122,968.4,200.63,0.069093,130195,1008.5,63.75,0.052177,93989,870.1,6.63,0.004538
103,103.08,0.0019089,41418,752.6,3.48,0.000393,52797,872.4,63.19,0.009011,54565,888.3,82.84,0.019419,52332,881.9,90.56,0.018645,91902,966.6,-123.52,-0.040746,94444,955.7,179.27,0.074224,96516,969.0,197.8,0.068355,128304,1005.9,66.75,0.053978,93926,870.0,2.76,0.001891,90023,875.1,2.11,0.000447,75016,958.2,11.02,0.002033,54565,888.3,82.84,0.019419,52332,881.9,90.56,0.018645,91902,966.6,-123.52,-0.040746,94444,955.7,179.27,0.074224,96516,969.0,197.8,0.068355,128304,1005.9,66.75,0.053978,93926,870.0,2.76,0.001891
104,104.07,0.0019271,41027,750.9,1.51,0.000169,52039,869.6,59.96,0.008456,54158,886.5,84.51,0.019703,52971,884.3,96.7,0.020099,91132,964.2,-122.21,-0.040078,95337,956.3,175.39,0.073254,96689,969.1,195.53,0.06769,126360,1003.1,69.9,0.05583,93914,870.0,-1.08,-0.000741,89111,873.0,1.9,0.000398,74640,957.1,16.56,0.003043,54158,886.5,84.51,0.019703,52971,884.3,96.7,0.020099,91132,964.2,-122.21,-0.040078,95337,956.3,175.39,0.073254,96689,969.1,195.53,0.06769,126360,1003.1,69.9,0.05583,93914,870.0,-1.08,-0.000741
105,105.05,0.0019454,41211,751.7,-1.06,-0.00012,51283,866.7,57.11,0.007963,53843,885.1,86.08,0.019984,53355,885.6,98.84,0.020661,90153,961.2,-119.91,-0.03902,96273,957.0,171.65,0.072349,96694,968.5,193.98,0.067195,124569,1000.4,72.62,0.057334,93951,870.0,-4.91,-0.00336,88296,871.2,1.72,0.000358,74186,955.7,21.66,0.003961,53843,885.1,86.08,0.019984,53355,885.6,98.84,0.020661,90153,961.2,-119.91,-0.03902,96273,957.0,171.65,0.072349,96694,968.5,193.98,0.067195,124569,1000.4,72.62,0.057334,93951,870.0,-4.91,-0.00336
106,106.04,0.0019636,42207,755.9,-4.92,-0.000565,50537,863.8,54.62,0.00753,53720,884.4,88.34,0.020479,53491,885.9,98.43,0.02062,89051,957.9,-117.15,-0.037787,97002,957.0,167.45,0.07111,96660,967.6,193.17,0.066954,123036,998.1,74.59,0.058296,94032,870.2,-8.74,-0.005987,87546,869.5,1.6,0.000332,73628,954.1,26.64,0.004845,53720,884.4,88.34,0.020479,53491,885.9,98.43,0.02062,89051,957.9,-117.15,-0.037787,97002,957.0,167.45,0.07111,96660,967.6,193.17,0.066954,123036,998.1,74.59,0.058296,94032,870.2,-8.74,-0.005987
107,107.09,0.0019831,44172,763.9,-8.28,-0.000984,49755,860.7,52.38,0.007135,53816,884.5,91.17,0.021168,53482,885.7,96.77,0.020275,87824,954.2,-114.01,-0.036408,97412,956.2,162.73,0.069458,96709,966.5,193.05,0.067021,121726,996.4,75.71,0.058641,94148,870.4,-12.84,-0.008804,86782,867.7,1.55,0.000319,72889,951.8,32.41,0.005849,53816,884.5,91.17,0.021168,53482,885.7,96.77,0.020275,87824,954.2,-114.01,-0.036408,97412,956.2,162.73,0.069458,96709,966.5,193.05,0.067021,121726,996.4,75.71,0.058641,94148,870.4,-12.84,-0.008804
108,108.07,0.0020013,46187,771.9,-8.29,-0.001021,49053,858.0,50.51,0.006805,54023,885.0,93.0,0.021666,53733,886.4,94.25,0.019824,86684,950.8,-111.06,-0.035133,97813,955.4,159.95,0.06861,96746,965.7,193.04,0.067098,120748,995.3,75.88,0.058367,94264,870.6,-16.67,-0.011447,86075,866.1,1.54,0.000316,72052,949.3,38.75,0.00693,54023,885.0,93.0,0.021666,53733,886.4,94.25,0.019824,86684,950.8,-111.06,-0.035133,97813,955.4,159.95,0.06861,96746,965.7,193.04,0.067098,120748,995.3,75.88,0.058367,94264,870.6,-16.67,-0.011447
109,109.06,0.0020196,47746,777.8,-6.06,-0.000765,48450,855.6,48.31,0.006446,54199,885.4,93.56,0.021857,57332,899.9,66.81,0.014769,85598,947.5,-108.28,-0.03394,99044,956.4,162.25,0.0704,96691,964.8,192.47,0.066926,119901,994.3,75.45,0.057688,94366,870.7,-20.5,-0.014087,85363,864.4,1.57,0.00032,71179,946.6,46.4,0.008221,54199,885.4,93.56,0.021857,57332,899.9,66.81,0.014769,85598,947.5,-108.28,-0.03394,99044,956.4,162.25,0.0704,96691,964.8,192.47,0.066926,119901,994.3,75.45,0.057688,94366,870.7,-20.5,-0.014087
110,110.04,0.0020378,48606,781.1,-3.17,-0.000405,48056,854.0,44.66,0.005922,54294,885.4,93.16,0.021803,71215,947.4,-29.04,-0.007573,84587,944.5,-105.73,-0.032856,101920,960.8,172.22,0.07654,96540,963.6,190.77,0.066313,119104,993.3,74.42,0.056577,94439,870.8,-24.31,-0.016715,84634,862.7,1.63,0.000328,70561,944.7,56.17,0.009886,54294,885.4,93.16,0.021803,71215,947.4,-29.04,-0.007573,84587,944.5,-105.73,-0.032856,101920,960.8,172.22,0.07654,96540,963.6,190.77,0.066313,119104,993.3,74.42,0.056577,94439,870.8,-24.31,-0.016715
111,111.09,0.0020572,48826,781.9,-0.61,-7.8e-05,47918,853.5,38.52,0.005096,54729,886.8,91.11,0.021459,82834,981.3,-97.1,-0.028437,83593,941.5,-103.29,-0.031822,105988,967.3,186.31,0.085527,96651,962.9,188.85,0.06577,118210,992.1,73.01,0.055156,94483,870.8,-28.29,-0.019462,83836,860.8,1.68,0.000337,70631,944.9,70.64,0.012443,54729,886.8,91.11,0.021459,82834,981.3,-97.1,-0.028437,83593,941.5,-103.29,-0.031822,105988,967.3,186.31,0.085527,96651,962.9,188.85,0.06577,118210,992.1,73.01,0.055156,94483,870.8,-28.29,-0.019462
112,112.07,0.0020754,48602,781.1,0.94,0.00012,47926,853.5,31.68,0.004192,56804,893.7,75.03,0.0182,86163,990.4,-113.76,-0.03434,82730,938.8,-101.26,-0.030961,108588,970.4,193.07,0.090515,97871,965.3,190.18,0.066903,117242,990.6,71.77,0.053854,94514,870.8,-31.87,-0.021932,83083,859.0,1.71,0.000339,71705,948.2,89.0,0.015859,56804,893.7,75.03,0.0182,86163,990.4,-113.76,-0.03434,82730,938.8,-101.26,-0.030961,108588,970.4,193.07,0.090515,97871,965.3,190.18,0.066903,117242,990.6,71.77,0.053854,94514,870.8,-31.87,-0.021932
113,113.05,0.0020936,48218,779.6,1.47,0.000187,47994,853.8,24.72,0.003274,68897,935.9,-8.49,-0.002386,87232,993.2,-119.3,-0.036354,81930,936.4,-99.54,-0.030218,109580,970.0,193.4,0.091539,101141,971.9,198.54,0.071683,116097,988.8,70.92,0.052793,94553,870.8,-35.21,-0.024242,82350,857.3,1.67,0.00033,73007,952.1,106.8,0.019297,68897,935.9,-8.49,-0.002386,87232,993.2,-119.3,-0.036354,81930,936.4,-99.54,-0.030218,109580,970.0,193.4,0.091539,101141,971.9,198.54,0.071683,116097,988.8,70.92,0.052793,94553,870.8,-35.21,-0.024242
114,114.1,0.0021129,47799,778.1,1.54,0.000194,47993,853.9,18.31,0.002425,81857,974.6,-89.8,-0.028784,87702,994.5,-123.32,-0.037733,81167,934.0,-98.23,-0.029619,109673,967.7,191.65,0.091002,105876,981.2,211.32,0.07912,114623,986.3,70.7,0.052099,94586,870.9,-38.62,-0.026598,81619,855.5,1.57,0.000308,73795,954.5,119.61,0.021791,81857,974.6,-89.8,-0.028784,87702,994.5,-123.32,-0.037733,81167,934.0,-98.23,-0.029619,109673,967.7,191.65,0.091002,105876,981.2,211.32,0.07912,114623,986.3,70.7,0.052099,94586,870.9,-38.62,-0.026598
115,115.07,0.002131,47444,776.7,1.41,0.000177,47793,853.1,14.45,0.001908,84801,983.0,-113.77,-0.037457,87926,995.0,-126.94,-0.038918,80530,932.1,-97.55,-0.029242,109465,965.3,189.72,0.090144,109292,986.8,215.01,0.082624,113015,983.4,71.83,0.052342,94549,870.7,-42.04,-0.028942,81002,854.0,1.43,0.000278,74065,955.3,126.07,0.023033,84801,983.0,-113.77,-0.037457,87926,995.0,-126.94,-0.038918,80530,932.1,-97.55,-0.029242,109465,965.3,189.72,0.090144,109292,986.8,215.01,0.082624,113015,983.4,71.83,0.052342,94549,870.7,-42.04,-0.028942
116,116.05,0.0021491,47140,775.6,1.2,0.00015,47344,851.2,12.89,0.001689,84713,983.2,-124.49,-0.040934,88095,995.4,-130.45,-0.040057,79977,930.3,-97.48,-0.029076,109270,963.1,187.15,0.088957,111574,989.4,210.95,0.082536,111364,980.4,73.81,0.053156,94404,870.4,-45.96,-0.031606,80454,852.7,1.28,0.000249,73913,954.8,127.46,0.02325,84713,983.2,-124.49,-0.040934,88095,995.4,-130.45,-0.040057,79977,930.3,-97.48,-0.029076,109270,963.1,187.15,0.088957,111574,989.4,210.95,0.082536,111364,980.4,73.81,0.053156,94404,870.4,-45.96,-0.031606
117,117.09,0.0021683,46886,774.6,0.94,0.000117,46736,848.7,12.55,0.001629,83783,981.1,-134.7,-0.043901,88232,995.6,-134.35,-0.04131,79539,928.9,-98.48,-0.029258,109132,961.3,184.21,0.087617,113555,991.4,202.31,0.080396,109766,977.5,76.33,0.054341,94423,870.5,-49.28,-0.033896,79913,851.4,1.21,0.000234,73438,953.4,125.99,0.022869,83783,981.1,-134.7,-0.043901,88232,995.6,-134.35,-0.04131,79539,928.9,-98.48,-0.029258,109132,961.3,184.21,0.087617,113555,991.4,202.31,0.080396,109766,977.5,76.33,0.054341,94423,870.5,-49.28,-0.033896
118,118.06,0.0021863,46712,774.0,0.69,8.6e-05,46107,846.1,13.06,0.001677,82597,978.1,-145.1,-0.046762,88172,995.3,-138.64,-0.042613,79262,927.9,-100.35,-0.02974,109033,959.9,181.1,0.086184,115096,992.8,191.91,0.077189,108498,975.2,78.66,0.055482,95338,872.5,-48.94,-0.033906,79396,850.1,1.25,0.000241,73032,952.1,123.02,0.022234,82597,978.1,-145.1,-0.046762,88172,995.3,-138.64,-0.042613,79262,927.9,-100.35,-0.02974,109033,959.9,181.1,0.086184,115096,992.8,191.91,0.077189,108498,975.2,78.66,0.055482,95338,872.5,-48.94,-0.033906
119,119.09,0.0022055,46589,773.5,0.45,5.6e-05,45353,842.9,14.56,0.001847,81242,974.6,-156.82,-0.049888,87690,993.8,-144.3,-0.044177,79085,927.2,-103.16,-0.030527,109058,958.9,176.35,0.084035,116765,994.4,181.58,0.073982,107414,973.3,80.75,0.056505,102191,886.9,-21.16,-0.015459,78798,848.6,1.38,0.000263,72622,950.9,119.24,0.021459,81242,974.6,-156.82,-0.049888,87690,993.8,-144.3,-0.044177,79085,927.2,-103.16,-0.030527,109058,958.9,176.35,0.084035,116765,994.4,181.58,0.073982,107414,973.3,80.75,0.056505,102191,886.9,-21.16,-0.015459
120,120.06,0.0022234,46521,773.2,0.27,3.4e-05,44604,839.6,16.51,0.002066,80009,971.3,-167.43,-0.052634,86765,991.1,-150.71,-0.045777,79041,926.9,-106.57,-0.031528,109288,958.3,170.8,0.08161,118204,995.4,172.45,0.071051,106609,971.8,82.31,0.057252,116810,914.9,36.45,0.029507,78172,847.0,1.55,0.000294,72229,949.7,115.69,0.020734,80009,971.3,-167.43,-0.052634,86765,991.1,-150.71,-0.045777,79041,926.9,-106.57,-0.031528,109288,958.3,170.8,0.08161,118204,995.4,172.45,0.071051,106609,971.8,82.31,0.057252,116810,914.9,36.45,0.029507
121,121.1,0.0022425,46480,773.1,0.16,1.9e-05,43818,836.2,18.24,0.002252,78825,968.0,-177.22,-0.055074,85294,986.8,-158.06,-0.0474,79182,927.1,-111.47,-0.03303,109860,958.9,164.45,0.078937,119630,996.2,162.51,0.067712,105955,970.6,83.62,0.057875,126297,931.3,69.01,0.059334,77409,845.1,1.8,0.000339,71750,948.2,112.62,0.020082,78825,968.0,-177.22,-0.055074,85294,986.8,-158.06,-0.0474,79182,927.1,-111.47,-0.03303,109860,958.9,164.45,0.078937,119630,996.2,162.51,0.067712,105955,970.6,83.62,0.057875,126297,931.3,69.01,0.059334
122,122.07,0.0022605,46446,772.9,0.15,1.9e-05,43165,833.3,18.58,0.002267,77978,965.7,-183.71,-0.056615,83574,981.8,-164.98,-0.048728,79766,928.5,-118.67,-0.035371,110686,959.6,156.8,0.075775,121094,997.1,152.47,0.064244,105557,969.9,84.58,0.058368,128918,935.9,75.07,0.065558,76591,843.1,2.07,0.000386,71174,946.4,111.06,0.019681,77978,965.7,-183.71,-0.056615,83574,981.8,-164.98,-0.048728,79766,928.5,-118.67,-0.035371,110686,959.6,156.8,0.075775,121094,997.1,152.47,0.064244,105557,969.9,84.58,0.058368,128918,935.9,75.07,0.065558
123,123.1,0.0022796,46383,772.7,0.27,3.3e-05,42678,831.2,16.28,0.00197,77270,963.6,-188.66,-0.057738,81506,975.6,-172.11,-0.049889,80806,931.2,-128.97,-0.038831,111954,961.4,147.54,0.071986,122853,998.5,140.38,0.05993,105376,969.5,85.3,0.058781,129561,937.0,74.25,0.065096,75615,840.6,2.33,0.000432,70434,944.1,110.48,0.019423,77270,963.6,-188.66,-0.057738,81506,975.6,-172.11,-0.049889,80806,931.2,-128.97,-0.038831,111954,961.4,147.54,0.071986,122853,998.5,140.38,0.05993,105376,969.5,85.3,0.058781,129561,937.0,74.25,0.065096
124,124.06,0.0022975,46303,772.4,0.57,7e-05,42527,830.5,10.5,0.001267,76675,962.0,-190.3,-0.057887,79462,969.3,-178.12,-0.050662,81695,933.4,-138.44,-0.042043,113324,963.6,138.66,0.068324,124574,1000.0,128.79,0.055665,105401,969.5,85.54,0.058963,129454,936.7,71.47,0.062628,74633,838.0,2.52,0.000462,69540,941.2,111.94,0.019488,76675,962.0,-190.3,-0.057887,79462,969.3,-178.12,-0.050662,81695,933.4,-138.44,-0.042043,113324,963.6,138.66,0.068324,124574,1000.0,128.79,0.055665,105401,969.5,85.54,0.058963,129454,936.7,71.47,0.062628
125,125.1,0.0023166,46178,772.1,1.16,0.000143,42719,831.4,0.58,7.1e-05,76131,960.5,-189.12,-0.057207,77367,962.7,-183.21,-0.051085,82441,935.2,-147.41,-0.045088,114901,965.9,129.83,0.064706,126084,1001.2,117.95,0.051538,105546,969.9,85.57,0.05904,128161,934.6,71.57,0.062226,73549,835.2,2.64,0.000478,68334,937.4,115.63,0.019863,76131,960.5,-189.12,-0.057207,77367,962.7,-183.21,-0.051085,82441,935.2,-147.41,-0.045088,114901,965.9,129.83,0.064706,126084,1001.2,117.95,0.051538,105546,969.9,85.57,0.05904,128161,934.6,71.57,0.062226
126,126.06,0.0023345,46030,771.8,2.0,0.000246,43515,835.0,-12.94,-0.001589,75618,959.1,-187.49,-0.056419,75675,957.2,-185.88,-0.050987,83121,936.8,-155.15,-0.047762,116523,968.5,122.01,0.061503,126903,1001.2,110.46,0.048577,105738,970.3,84.9,0.058657,124411,928.9,81.83,0.069494,72523,832.5,2.7,0.000484,67069,933.3,120.3,0.020371,75618,959.1,-187.49,-0.056419,75675,957.2,-185.88,-0.050987,83121,936.8,-155.15,-0.047762,116523,968.5,122.01,0.061503,126903,1001.2,110.46,0.048577,105738,970.3,84.9,0.058657,124411,928.9,81.83,0.069494
127,127.09,0.0023535,45843,771.6,3.3,0.000403,44562,839.6,-26.65,-0.003334,74889,956.8,-185.03,-0.055267,74196,952.2,-186.44,-0.050407,83982,938.9,-162.97,-0.050578,118383,971.5,112.86,0.057616,127039,1000.0,105.29,0.04641,105991,970.9,83.81,0.058012,116909,915.9,106.69,0.086345,71420,829.6,2.77,0.000491,65700,928.8,125.64,0.020942,74889,956.8,-185.03,-0.055267,74196,952.2,-186.44,-0.050407,83982,938.9,-162.97,-0.050578,118383,971.5,112.86,0.057616,127039,1000.0,105.29,0.04641,105991,970.9,83.81,0.058012,116909,915.9,106.69,0.086345
128,128.06,0.0023714,45633,771.5,4.98,0.000606,45351,843.0,-33.46,-0.004241,74304,954.9,-180.99,-0.053747,73046,948.1,-185.56,-0.049604,84961,941.3,-169.22,-0.052992,120175,974.5,103.5,0.053476,126831,998.7,102.99,0.045378,106266,971.5,82.77,0.057406,109340,902.4,133.6,0.102638,70356,826.7,2.9,0.000508,64466,924.7,130.46,0.021431,74304,954.9,-180.99,-0.053747,73046,948.1,-185.56,-0.049604,84961,941.3,-169.22,-0.052992,120175,974.5,103.5,0.053476,126831,998.7,102.99,0.045378,106266,971.5,82.77,0.057406,109340,902.4,133.6,0.102638
129,129.08,0.0023904,45368,771.7,7.29,0.000882,46397,847.4,-34.85,-0.004496,74483,955.2,-171.95,-0.05117,72006,944.2,-183.93,-0.048667,86254,944.5,-172.96,-0.054806,121994,977.5,93.2,0.048731,126118,996.2,102.5,0.045023,106671,972.2,81.98,0.057031,102907,890.7,157.31,0.115232,69153,823.4,3.15,0.000544,63196,920.4,135.31,0.021892,74483,955.2,-171.95,-0.05117,72006,944.2,-183.93,-0.048667,86254,944.5,-172.96,-0.054806,121994,977.5,93.2,0.048731,126118,996.2,102.5,0.045023,106671,972.2,81.98,0.057031,102907,890.7,157.31,0.115232
130,130.05,0.0024083,45120,772.4,9.67,0.001162,49963,862.2,-52.77,-0.007206,76108,959.8,-155.47,-0.047049,71154,941.1,-182.4,-0.04785,87610,947.8,-173.91,-0.055778,123216,979.4,84.71,0.044655,125183,993.4,103.72,0.045347,107153,973.1,81.46,0.056876,98882,883.7,172.01,0.122032,67928,820.1,3.47,0.000591,61983,916.2,140.03,0.022322,76108,959.8,-155.47,-0.047049,71154,941.1,-182.4,-0.04785,87610,947.8,-173.91,-0.055778,123216,979.4,84.71,0.044655,125183,993.4,103.72,0.045347,107153,973.1,81.46,0.056876,98882,883.7,172.01,0.122032
131,131.08,0.0024273,44975,774.1,11.99,0.001432,62675,909.6,-138.75,-0.022528,79158,968.4,-130.22,-0.040624,70376,938.3,-180.56,-0.046988,89213,951.6,-171.98,-0.055939,123750,979.9,77.66,0.041092,123784,989.8,106.16,0.046064,107679,974.0,80.69,0.056559,96421,880.2,180.07,0.125057,66509,816.1,3.84,0.000645,60644,911.6,145.46,0.022802,79158,968.4,-130.22,-0.040624,70376,938.3,-180.56,-0.046988,89213,951.6,-171.98,-0.055939,123750,979.9,77.66,0.041092,123784,989.8,106.16,0.046064,107679,974.0,80.69,0.056559,96421,880.2,180.07,0.125057
132,132.04,0.0024452,45033,777.1,14.18,0.00169,71997,939.1,-190.39,-0.034394,82004,976.1,-107.56,-0.034487,69939,936.2,-177.17,-0.045922,90701,955.2,-168.85,-0.055633,123505,979.1,73.19,0.038679,122227,986.0,108.77,0.046783,108112,974.8,79.42,0.055851,95271,879.4,182.37,0.125263,65090,812.0,4.16,0.000686,59596,907.8,149.12,0.023066,82004,976.1,-107.56,-0.034487,69939,936.2,-177.17,-0.045922,90701,955.2,-168.85,-0.055633,123505,979.1,73.19,0.038679,122227,986.0,108.77,0.046783,108112,974.8,79.42,0.055851,95271,879.4,182.37,0.125263
133,133.07,0.0024642,45410,782.3,17.06,0.002037,75224,948.5,-202.51,-0.037847,83883,980.9,-91.52,-0.029868,69886,935.5,-170.71,-0.044245,91915,958.0,-165.46,-0.055082,122723,977.2,70.54,0.037117,120389,981.6,111.22,0.047326,108623,975.5,77.97,0.055044,94664,879.9,181.83,0.12403,63527,807.5,4.39,0.00071,59108,906.1,148.76,0.022866,83883,980.9,-91.52,-0.029868,69886,935.5,-170.71,-0.044245,91915,958.0,-165.46,-0.055082,122723,977.2,70.54,0.037117,120389,981.6,111.22,0.047326,108623,975.5,77.97,0.055044,94664,879.9,181.83,0.12403
134,134.1,0.0024833,46198,790.1,20.13,0.002422,76482,951.9,-207.06,-0.0392,84478,982.3,-82.95,-0.027225,71540,940.1,-154.42,-0.040774,92689,959.7,-163.01,-0.054626,121678,974.8,69.28,0.036231,118526,977.2,113.23,0.047651,109486,977.1,77.7,0.055206,94433,882.0,179.81,0.122058,61967,802.9,4.47,0.00071,59883,908.8,137.92,0.021415,84478,982.3,-82.95,-0.027225,71540,940.1,-154.42,-0.040774,92689,959.7,-163.01,-0.054626,121678,974.8,69.28,0.036231,118526,977.2,113.23,0.047651,109486,977.1,77.7,0.055206,94433,882.0,179.81,0.122058
135,135.06,0.0025012,47309,799.5,23.37,0.002845,77373,954.3,-212.42,-0.040584,84320,981.6,-78.94,-0.025879,75177,950.5,-127.49,-0.034985,93044,960.4,-161.54,-0.054301,120437,972.1,69.67,0.036162,116838,973.2,114.51,0.0477,111140,980.3,80.39,0.057788,94260,883.8,176.43,0.119307,60565,798.7,4.37,0.000682,67454,934.9,80.6,0.013703,84320,981.6,-78.94,-0.025879,75177,950.5,-127.49,-0.034985,93044,960.4,-161.54,-0.054301,120437,972.1,69.67,0.036162,116838,973.2,114.51,0.0477,111140,980.3,80.39,0.057788,94260,883.8,176.43,0.119307
136,136.09,0.0025202,48629,810.8,28.31,0.003493,78230,956.5,-218.86,-0.042179,83809,979.9,-76.72,-0.025041,79090,961.3,-100.22,-0.028608,93226,960.6,-160.76,-0.054131,118928,968.8,71.34,0.036693,115203,969.2,115.18,0.047501,114721,987.2,90.75,0.066862,94207,886.1,172.22,0.116095,59197,794.5,4.06,0.000622,78366,968.2,7.53,0.001437,83809,979.9,-76.72,-0.025041,79090,961.3,-100.22,-0.028608,93226,960.6,-160.76,-0.054131,118928,968.8,71.34,0.036693,115203,969.2,115.18,0.047501,114721,987.2,90.75,0.066862,94207,886.1,172.22,0.116095
137,137.06,0.0025381,49768,821.8,34.35,0.00428,78895,958.2,-224.66,-0.043589,83244,978.1,-75.5,-0.024523,81278,967.0,-85.51,-0.024936,93392,960.9,-160.56,-0.054147,117487,965.6,73.64,0.037542,113943,966.1,115.12,0.047109,118413,994.2,101.08,0.076329,94147,888.2,167.94,0.112868,58082,791.0,3.6,0.000544,82017,978.4,-17.37,-0.00343,83244,978.1,-75.5,-0.024523,81278,967.0,-85.51,-0.024936,93392,960.9,-160.56,-0.054147,117487,965.6,73.64,0.037542,113943,966.1,115.12,0.047109,118413,994.2,101.08,0.076329,94147,888.2,167.94,0.112868
138,138.09,0.0025572,50777,833.6,41.77,0.005235,79298,959.1,-229.25,-0.044663,82666,976.2,-74.69,-0.02414,82239,969.2,-79.06,-0.023275,93685,961.4,-160.83,-0.054378,116112,962.4,76.84,0.038838,112852,963.3,114.64,0.046598,120989,998.7,106.07,0.081472,94004,890.3,163.36,0.109367,57094,787.9,3.02,0.00045,82377,979.4,-22.61,-0.00448,82666,976.2,-74.69,-0.02414,82239,969.2,-79.06,-0.023275,93685,961.4,-160.83,-0.054378,116112,962.4,76.84,0.038838,112852,963.3,114.64,0.046598,120989,998.7,106.07,0.081472,94004,890.3,163.36,0.109367
139,139.05,0.0025751,51480,844.5,49.38,0.006192,79412,959.3,-231.84,-0.045224,82190,974.6,-74.58,-0.024002,82513,969.7,-77.91,-0.023001,94146,962.3,-161.46,-0.054809,114894,959.5,79.69,0.039979,112017,961.0,114.05,0.046126,122432,1000.8,107.03,0.083019,93851,892.2,159.32,0.106259,56369,785.6,2.4,0.000354,81738,977.7,-22.26,-0.004385,82190,974.6,-74.58,-0.024002,82513,969.7,-77.91,-0.023001,94146,962.3,-161.46,-0.054809,114894,959.5,79.69,0.039979,112017,961.0,114.05,0.046126,122432,1000.8,107.03,0.083019,93851,892.2,159.32,0.106259
140,140.09,0.0025942,51930,855.5,58.02,0.007245,79216,958.6,-232.68,-0.045308,81705,973.0,-74.99,-0.024034,82702,969.9,-79.38,-0.023486,94880,963.7,-162.99,-0.055675,113627,956.3,81.9,0.040768,111314,959.0,113.41,0.045673,123248,1001.6,104.94,0.081875,93699,894.1,155.17,0.103097,55835,783.8,1.63,0.000238,80593,974.5,-19.34,-0.003768,81705,973.0,-74.99,-0.024034,82702,969.9,-79.38,-0.023486,94880,963.7,-162.99,-0.055675,113627,956.3,81.9,0.040768,111314,959.0,113.41,0.045673,123248,1001.6,104.94,0.081875,93699,894.1,155.17,0.103097
141,141.05,0.0026121,52180,865.5,66.94,0.008302,78742,957.2,-231.48,-0.044869,81366,971.7,-76.26,-0.024369,83138,970.7,-83.53,-0.024822,95772,965.6,-165.55,-0.056973,112600,953.6,83.4,0.04126,110810,957.5,113.03,0.045384,123603,1001.4,101.61,0.07952,93626,896.1,151.52,0.100371,55579,783.0,0.82,0.00012,79625,971.8,-17.87,-0.00345,81366,971.7,-76.26,-0.024369,83138,970.7,-83.53,-0.024822,95772,965.6,-165.55,-0.056973,112600,953.6,83.4,0.04126,110810,957.5,113.03,0.045384,123603,1001.4,101.61,0.07952,93626,896.1,151.52,0.100371
142,142.09,0.0026312,52369,875.6,77.13,0.00949,78200,955.6,-229.68,-0.044288,81101,970.6,-78.51,-0.025036,84044,972.8,-91.4,-0.027399,96931,968.0,-169.84,-0.059011,111701,951.1,84.51,0.041585,110343,956.1,113.05,0.045272,123842,1000.8,97.76,0.076697,93637,898.3,147.76,0.097653,55545,782.9,0.05,8e-06,78814,969.5,-17.86,-0.003421,81101,970.6,-78.51,-0.025036,84044,972.8,-91.4,-0.027399,96931,968.0,-169.84,-0.059011,111701,951.1,84.51,0.041585,110343,956.1,113.05,0.045272,123842,1000.8,97.76,0.076697,93637,898.3,147.76,0.097653
143,143.06,0.0026492,52514,884.2,87.0,0.010629,77735,954.2,-227.92,-0.043751,81038,970.1,-81.91,-0.026113,85185,975.4,-100.72,-0.03052,98164,970.5,-175.25,-0.061504,110996,948.9,85.06,0.041686,109808,954.5,113.2,0.045183,123995,1000.1,94.08,0.073956,93746,900.5,144.32,0.09526,55666,783.3,-0.43,-6.3e-05,78210,967.7,-19.23,-0.003661,81038,970.1,-81.91,-0.026113,85185,975.4,-100.72,-0.03052,98164,970.5,-175.25,-0.061504,110996,948.9,85.06,0.041686,109808,954.5,113.2,0.045183,123995,1000.1,94.08,0.073956,93746,900.5,144.32,0.09526
144,144.09,0.0026683,52713,892.3,97.58,0.011857,77306,953.0,-226.15,-0.043227,81369,970.6,-88.25,-0.028236,86488,978.4,-111.28,-0.034131,99557,973.3,-182.1,-0.064627,110415,946.8,85.45,0.041752,109005,952.4,113.81,0.045193,124079,999.1,90.01,0.070874,93968,903.0,140.71,0.092839,55824,783.8,-0.47,-6.9e-05,77733,966.4,-21.98,-0.004166,81369,970.6,-88.25,-0.028236,86488,978.4,-111.28,-0.034131,99557,973.3,-182.1,-0.064627,110415,946.8,85.45,0.041752,109005,952.4,113.81,0.045193,124079,999.1,90.01,0.070874,93968,903.0,140.71,0.092839
145,145.06,0.0026863,53037,899.1,107.57,0.013053,76944,951.9,-224.48,-0.042755,82072,972.1,-97.15,-0.031304,87609,980.8,-120.82,-0.037443,100923,976.0,-189.41,-0.067957,110029,945.2,85.86,0.041876,108078,950.1,115.15,0.045447,124070,998.0,86.01,0.067792,94265,905.4,137.41,0.090702,55865,784.0,-0.1,-1.4e-05,77369,965.3,-25.24,-0.004767,82072,972.1,-97.15,-0.031304,87609,980.8,-120.82,-0.037443,100923,976.0,-189.41,-0.067957,110029,945.2,85.86,0.041876,108078,950.1,115.15,0.045447,124070,998.0,86.01,0.067792,94265,905.4,137.41,0.090702
146,146.09,0.0027054,53651,905.8,118.92,0.014489,76591,950.9,-222.71,-0.042269,83009,974.1,-108.77,-0.035374,88679,983.0,-130.64,-0.040891,102438,979.0,-198.12,-0.071927,109711,943.6,86.34,0.042063,106979,947.5,117.35,0.045973,123977,996.8,81.61,0.064358,94661,908.1,134.1,0.088625,55731,783.5,0.54,7.9e-05,76987,964.2,-28.89,-0.005435,83009,974.1,-108.77,-0.035374,88679,983.0,-130.64,-0.040891,102438,979.0,-198.12,-0.071927,109711,943.6,86.34,0.042063,106979,947.5,117.35,0.045973,123977,996.8,81.61,0.064358,94661,908.1,134.1,0.088625
147,147.06,0.0027234,54534,912.1,129.76,0.01596,76285,950.1,-221.07,-0.041827,83811,975.8,-120.32,-0.039443,89526,984.7,-139.46,-0.043993,103756,981.5,-206.44,-0.075716,109357,941.9,86.7,0.042176,105910,944.9,119.93,0.04664,123846,995.5,77.46,0.061098,95091,910.7,131.36,0.086963,55322,782.2,1.5,0.000218,76585,963.1,-32.12,-0.006018,83811,975.8,-120.32,-0.039443,89526,984.7,-139.46,-0.043993,103756,981.5,-206.44,-0.075716,109357,941.9,86.7,0.042176,105910,944.9,119.93,0.04664,123846,995.5,77.46,0.061098,95091,910.7,131.36,0.086963
148,148.1,0.0027425,56579,921.7,137.44,0.017354,75950,949.1,-219.17,-0.041329,84474,976.9,-132.7,-0.043792,90165,985.7,-148.1,-0.047006,104773,983.4,-214.33,-0.079231,108762,939.7,86.89,0.042137,104817,942.2,123.13,0.047526,123727,994.3,73.05,0.057634,95561,913.4,128.84,0.085463,54575,779.8,2.54,0.000365,76073,961.6,-35.15,-0.006552,84474,976.9,-132.7,-0.043792,90165,985.7,-148.1,-0.047006,104773,983.4,-214.33,-0.079231,108762,939.7,86.89,0.042137,104817,942.2,123.13,0.047526,123727,994.3,73.05,0.057634,95561,913.4,128.84,0.085463
149,149.07,0.0027605,66336,958.6,109.57,0.015597,75619,948.1,-217.24,-0.040829,84882,977.4,-144.36,-0.047848,90426,985.7,-155.25,-0.049413,105190,984.0,-220.14,-0.081652,107975,937.2,87.16,0.042072,103877,939.9,126.42,0.048477,123709,993.3,68.87,0.05438,95967,915.7,126.78,0.084237,53643,776.7,3.33,0.000473,75493,959.9,-37.53,-0.006956,84882,977.4,-144.36,-0.047848,90426,985.7,-155.25,-0.049413,105190,984.0,-220.14,-0.081652,107975,937.2,87.16,0.042072,103877,939.9,126.42,0.048477,123709,993.3,68.87,0.05438,95967,915.7,126.78,0.084237
150,150.04,0.0027785,95633,1048.2,50.83,0.009539,75300,947.0,-215.34,-0.040347,84967,976.9,-155.68,-0.051674,90375,985.0,-161.71,-0.051479,105079,983.6,-224.46,-0.083196,106998,934.4,87.75,0.042099,102985,937.7,129.57,0.049376,123809,992.6,64.67,0.051146,96311,917.9,124.95,0.083128,52553,773.0,3.95,0.000552,74815,957.9,-39.55,-0.007279,84967,976.9,-155.68,-0.051674,90375,985.0,-161.71,-0.051479,105079,983.6,-224.46,-0.083196,106998,934.4,87.75,0.042099,102985,937.7,129.57,0.049376,123809,992.6,64.67,0.051146,96311,917.9,124.95,0.083128
151,151.08,0.0027977,127264,1119.5,51.7,0.01209,74989,945.9,-213.49,-0.039882,84709,975.5,-167.0,-0.055347,89972,983.3,-168.08,-0.053359,104448,982.2,-227.64,-0.083995,105804,931.2,88.74,0.042246,102014,935.2,132.28,0.050067,123965,992.0,60.5,0.047937,96617,919.9,123.31,0.082109,51245,768.6,4.58,0.000628,73995,955.5,-41.44,-0.007563,84709,975.5,-167.0,-0.055347,89972,983.3,-168.08,-0.053359,104448,982.2,-227.64,-0.083995,105804,931.2,88.74,0.042246,102014,935.2,132.28,0.050067,123965,992.0,60.5,0.047937,96617,919.9,123.31,0.082109
152,152.05,0.0028157,145483,1153.6,71.07,0.018436,74703,944.8,-211.76,-0.039454,84208,973.4,-176.49,-0.058271,89336,981.1,-173.71,-0.054881,103491,980.0,-229.76,-0.08419,104555,927.9,89.73,0.042359,101095,932.9,133.95,0.050365,124070,991.3,57.11,0.045318,96881,921.8,122.21,0.081442,49799,763.5,5.55,0.000745,73151,953.0,-43.08,-0.007792,84208,973.4,-176.49,-0.058271,89336,981.1,-173.71,-0.054881,103491,980.0,-229.76,-0.08419,104555,927.9,89.73,0.042359,101095,932.9,133.95,0.050365,124070,991.3,57.11,0.045318,96881,921.8,122.21,0.081442
153,153.08,0.0028349,154780,1168.9,87.45,0.023818,74388,943.5,-209.87,-0.038989,83500,970.6,-185.05,-0.060755,88452,978.2,-179.42,-0.056294,102212,976.9,-231.62,-0.084084,103140,924.3,90.72,0.04241,100194,930.5,134.63,0.050298,124037,990.4,54.37,0.043176,97143,923.6,121.58,0.081082,48025,757.2,6.45,0.000842,72188,950.1,-44.75,-0.008013,83500,970.6,-185.05,-0.060755,88452,978.2,-179.42,-0.056294,102212,976.9,-231.62,-0.084084,103140,924.3,90.72,0.04241,100194,930.5,134.63,0.050298,124037,990.4,54.37,0.043176,97143,923.6,121.58,0.081082
154,154.06,0.0028529,158774,1174.7,97.82,0.027198,74096,942.3,-208.16,-0.038572,82800,967.9,-191.29,-0.062454,87448,974.9,-185.0,-0.057573,100845,973.5,-233.18,-0.083815,101811,921.0,91.65,0.042449,99459,928.5,134.26,0.049899,123600,988.8,53.32,0.042256,97324,925.1,121.28,0.080895,46425,751.3,6.33,0.000804,71250,947.2,-46.32,-0.008209,82800,967.9,-191.29,-0.062454,87448,974.9,-185.0,-0.057573,100845,973.5,-233.18,-0.083815,101811,921.0,91.65,0.042449,99459,928.5,134.26,0.049899,123600,988.8,53.32,0.042256,97324,925.1,121.28,0.080895
155,155.09,0.0028721,161185,1177.6,106.15,0.029887,73803,940.9,-206.48,-0.038163,82058,965.4,-196.93,-0.063882,86265,971.2,-191.66,-0.059066,99278,969.3,-234.75,-0.083427,100428,917.6,92.63,0.042478,98741,926.5,133.14,0.049232,122726,986.3,53.03,0.041839,97372,926.3,120.76,0.080488,45734,748.7,1.82,0.000229,70246,944.1,-48.05,-0.008424,82058,965.4,-196.93,-0.063882,86265,971.2,-191.66,-0.059066,99278,969.3,-234.75,-0.083427,100428,917.6,92.63,0.042478,98741,926.5,133.14,0.049232,122726,986.3,53.03,0.041839,97372,926.3,120.76,0.080488
156,156.07,0.0028901,162751,1179.3,113.13,0.032118,73569,939.8,-205.04,-0.037823,81438,963.4,-200.84,-0.064795,85184,967.7,-198.55,-0.06064,97764,964.9,-236.15,-0.083015,99181,914.5,93.31,0.0424,98125,924.6,131.43,0.048394,121319,982.8,54.74,0.042844,97346,927.3,120.28,0.080062,48356,758.8,-14.2,-0.001862,69328,941.3,-49.78,-0.00864,81438,963.4,-200.84,-0.064795,85184,967.7,-198.55,-0.06064,97764,964.9,-236.15,-0.083015,99181,914.5,93.31,0.0424,98125,924.6,131.43,0.048394,121319,982.8,54.74,0.042844,97346,927.3,120.28,0.080062
157,157.04,0.0029081,163612,1179.8,120.28,0.034313,73434,938.9,-203.88,-0.037574,81038,961.6,-203.4,-0.065416,84289,964.7,-205.75,-0.062371,96242,960.2,-237.41,-0.082566,98051,911.8,93.6,0.042172,97588,922.9,128.97,0.047319,119076,977.8,59.2,0.045708,97513,928.5,120.74,0.080398,60064,799.7,-44.73,-0.00691,68453,938.5,-51.63,-0.008873,81038,961.6,-203.4,-0.065416,84289,964.7,-205.75,-0.062371,96242,960.2,-237.41,-0.082566,98051,911.8,93.6,0.042172,97588,922.9,128.97,0.047319,119076,977.8,59.2,0.045708,97513,928.5,120.74,0.080398
158,158.08,0.0029273,163709,1178.8,127.83,0.03652,73445,938.5,-203.11,-0.037453,80915,959.7,-204.55,-0.06582,83638,962.3,-213.8,-0.064475,94657,954.8,-238.65,-0.082094,97007,909.3,93.47,0.041779,97207,921.5,125.46,0.045921,116108,971.1,66.01,0.050038,98411,931.2,124.81,0.083629,75578,845.5,-39.97,-0.007349,67575,935.7,-53.63,-0.009127,80915,959.7,-204.55,-0.06582,83638,962.3,-213.8,-0.064475,94657,954.8,-238.65,-0.082094,97007,909.3,93.47,0.041779,97207,921.5,125.46,0.045921,116108,971.1,66.01,0.050038,98411,931.2,124.81,0.083629
159,159.05,0.0029453,163516,1177.5,134.84,0.038519,73625,938.7,-202.95,-0.037509,81109,959.2,-205.09,-0.066185,83386,961.0,-221.97,-0.06683,93249,949.4,-239.8,-0.081717,96182,907.4,93.08,0.041337,97004,920.4,121.55,0.044445,113161,964.4,73.07,0.054362,100646,936.9,135.2,0.092084,84138,867.8,-19.39,-0.003867,66822,933.3,-55.52,-0.009366,81109,959.2,-205.09,-0.066185,83386,961.0,-221.97,-0.06683,93249,949.4,-239.8,-0.081717,96182,907.4,93.08,0.041337,97004,920.4,121.55,0.044445,113161,964.4,73.07,0.054362,100646,936.9,135.2,0.092084
160,160.09,0.0029645,163284,1176.3,142.15,0.040591,74201,939.8,-203.69,-0.037895,81590,959.8,-206.03,-0.066843,83541,960.6,-231.54,-0.069863,91864,943.5,-241.09,-0.081446,95477,905.8,92.63,0.04091,96906,919.5,116.65,0.042654,110064,957.1,80.73,0.058857,103689,944.3,149.21,0.103878,86584,873.9,-4.08,-0.000831,66143,931.2,-57.79,-0.009673,81590,959.8,-206.03,-0.066843,83541,960.6,-231.54,-0.069863,91864,943.5,-241.09,-0.081446,95477,905.8,92.63,0.04091,96906,919.5,116.65,0.042654,110064,957.1,80.73,0.058857,103689,944.3,149.21,0.103878
161,161.06,0.0029826,163141,1175.4,148.93,0.042521,75287,942.3,-205.16,-0.038624,82249,961.0,-207.89,-0.067908,84124,961.5,-241.31,-0.073255,90674,937.8,-242.46,-0.081342,95028,904.8,92.29,0.040612,96933,919.0,111.52,0.040813,107284,950.4,87.83,0.062859,105699,949.4,158.26,0.111716,85439,871.3,2.73,0.00055,65738,929.8,-60.75,-0.01012,82249,961.0,-207.89,-0.067908,84124,961.5,-241.31,-0.073255,90674,937.8,-242.46,-0.081342,95028,904.8,92.29,0.040612,96933,919.0,111.52,0.040813,107284,950.4,87.83,0.062859,105699,949.4,158.26,0.111716
162,162.09,0.0030018,163280,1175.0,156.24,0.04466,76972,945.8,-205.1,-0.039332,83231,963.0,-211.92,-0.069904,85153,963.4,-252.54,-0.077451,89495,931.4,-244.18,-0.081406,94845,904.5,91.84,0.040347,97092,918.6,106.12,0.038917,104484,943.4,95.23,0.066872,106725,952.3,162.61,0.115547,83718,867.2,3.23,0.000642,65716,929.8,-65.77,-0.010954,83231,963.0,-211.92,-0.069904,85153,963.4,-252.54,-0.077451,89495,931.4,-244.18,-0.081406,94845,904.5,91.84,0.040347,97092,918.6,106.12,0.038917,104484,943.4,95.23,0.066872,106725,952.3,162.61,0.115547
163,163.07,0.0030198,163695,1175.3,162.97,0.046694,79075,950.6,-202.16,-0.039625,84339,965.3,-217.72,-0.0726,86498,966.1,-263.06,-0.081723,88456,925.2,-246.08,-0.081626,94955,904.9,91.19,0.040093,97339,918.5,101.15,0.037193,102032,937.0,101.97,0.070402,106982,953.3,163.34,0.116213,83216,866.0,0.91,0.000181,66120,931.1,-72.37,-0.01211,84339,965.3,-217.72,-0.0726,86498,966.1,-263.06,-0.081723,88456,925.2,-246.08,-0.081626,94955,904.9,91.19,0.040093,97339,918.5,101.15,0.037193,102032,937.0,101.97,0.070402,106982,953.3,163.34,0.116213
164,164.04,0.0030378,164270,1175.8,169.56,0.048729,81505,956.4,-196.64,-0.039486,85619,968.0,-225.92,-0.076263,87997,969.1,-272.51,-0.085859,87475,918.9,-248.1,-0.081945,95261,905.8,90.16,0.039728,97700,918.6,96.08,0.035456,99766,930.9,108.51,0.073734,106845,953.3,163.37,0.116098,83194,865.9,0.13,2.5e-05,67216,934.7,-82.67,-0.01401,85619,968.0,-225.92,-0.076263,87997,969.1,-272.51,-0.085859,87475,918.9,-248.1,-0.081945,95261,905.8,90.16,0.039728,97700,918.6,96.08,0.035456,99766,930.9,108.51,0.073734,106845,953.3,163.37,0.116098
165,165.08,0.003057,180450,1201.5,218.48,0.067498,84232,963.0,-188.9,-0.038934,87035,971.2,-236.56,-0.080904,89378,971.6,-279.98,-0.089363,86518,912.2,-249.87,-0.08223,95711,907.0,88.53,0.039142,98322,919.2,90.78,0.03369,97561,924.7,115.21,0.077065,106115,951.9,163.95,0.115883,83018,865.5,0.44,8.7e-05,69089,940.6,-96.98,-0.016784,87035,971.2,-236.56,-0.080904,89378,971.6,-279.98,-0.089363,86518,912.2,-249.87,-0.08223,95711,907.0,88.53,0.039142,98322,919.2,90.78,0.03369,97561,924.7,115.21,0.077065,106115,951.9,163.95,0.115883
166,166.05,0.003075,184454,1207.0,235.86,0.074144,86746,968.9,-180.62,-0.038104,88255,973.7,-247.71,-0.08569,90264,972.9,-284.12,-0.091463,85799,906.2,-250.42,-0.082268,96115,908.2,86.04,0.03815,99192,920.5,86.05,0.032175,95687,919.3,121.1,0.079919,104643,949.0,167.46,0.117077,82828,865.1,0.38,7.5e-05,71008,946.6,-110.18,-0.019475,88255,973.7,-247.71,-0.08569,90264,972.9,-284.12,-0.091463,85799,906.2,-250.42,-0.082268,96115,908.2,86.04,0.03815,99192,920.5,86.05,0.032175,95687,919.3,121.1,0.079919,104643,949.0,167.46,0.117077
167,167.09,0.0030942,184875,1207.2,246.35,0.077609,89020,974.2,-172.48,-0.037138,89022,974.8,-259.3,-0.090371,90728,973.0,-285.99,-0.092528,85250,900.3,-249.41,-0.081937,96500,909.3,82.67,0.036758,100330,922.2,80.91,0.030539,93885,913.9,126.77,0.082576,102294,943.9,174.57,0.119942,82709,864.8,0.29,5.6e-05,72788,952.0,-121.44,-0.021878,89022,974.8,-259.3,-0.090371,90728,973.0,-285.99,-0.092528,85250,900.3,-249.41,-0.081937,96500,909.3,82.67,0.036758,100330,922.2,80.91,0.030539,93885,913.9,126.77,0.082576,102294,943.9,174.57,0.119942
168,168.06,0.0031123,185374,1207.6,254.63,0.080406,90470,977.4,-167.0,-0.036425,89043,974.0,-268.59,-0.093714,90741,971.9,-286.16,-0.092702,84971,896.1,-246.86,-0.081218,96901,910.6,79.17,0.035299,101489,924.0,75.77,0.028876,92390,909.2,131.35,0.084629,99899,938.5,181.81,0.122698,82455,864.2,0.66,0.00013,74061,955.8,-129.01,-0.023555,89043,974.0,-268.59,-0.093714,90741,971.9,-286.16,-0.092702,84971,896.1,-246.86,-0.081218,96901,910.6,79.17,0.035299,101489,924.0,75.77,0.028876,92390,909.2,131.35,0.084629,99899,938.5,181.81,0.122698
169,169.04,0.0031303,186213,1208.5,262.02,0.083051,92677,982.6,-156.67,-0.03482,88401,971.1,-275.86,-0.095839,90380,969.8,-285.7,-0.092384,85094,892.5,-240.25,-0.079476,97331,911.9,75.02,0.033551,102627,925.8,70.23,0.027011,91112,904.9,135.1,0.086244,97837,933.6,187.44,0.124542,81996,863.0,1.09,0.000212,74996,958.5,-134.54,-0.024803,88401,971.1,-275.86,-0.095839,90380,969.8,-285.7,-0.092384,85094,892.5,-240.25,-0.079476,97331,911.9,75.02,0.033551,102627,925.8,70.23,0.027011,91112,904.9,135.1,0.086244,97837,933.6,187.44,0.124542
170,170.08,0.0031496,187103,1209.5,269.69,0.085819,109990,1023.7,-75.25,-0.019052,87303,966.7,-282.24,-0.097275,89646,966.8,-285.58,-0.091875,87229,893.9,-222.58,-0.07536,97796,913.3,69.64,0.031241,103734,927.5,63.97,0.024823,90023,901.0,138.22,0.087562,96237,929.4,190.55,0.125102,81410,861.6,1.3,0.000253,75677,960.5,-138.98,-0.025803,87303,966.7,-282.24,-0.097275,89646,966.8,-285.58,-0.091875,87229,893.9,-222.58,-0.07536,97796,913.3,69.64,0.031241,103734,927.5,63.97,0.024823,90023,901.0,138.22,0.087562,96237,929.4,190.55,0.125102
171,171.05,0.0031677,187872,1210.3,276.78,0.088374,143343,1089.9,54.72,0.016957,86012,961.9,-286.93,-0.097917,88678,963.4,-286.08,-0.091362,90902,899.6,-197.23,-0.069146,98250,914.7,63.75,0.02869,104648,928.9,58.09,0.022704,89267,897.9,140.44,0.088525,95254,926.4,190.96,0.12449,80778,860.1,1.51,0.000291,76029,961.5,-142.07,-0.026472,86012,961.9,-286.93,-0.097917,88678,963.4,-286.08,-0.091362,90902,899.6,-197.23,-0.069146,98250,914.7,63.75,0.02869,104648,928.9,58.09,0.022704,89267,897.9,140.44,0.088525,95254,926.4,190.96,0.12449
172,172.1,0.003187,188369,1210.8,283.53,0.090738,157464,1113.8,103.11,0.034349,84546,957.2,-290.75,-0.098009,87439,958.9,-287.21,-0.090865,93992,903.9,-173.88,-0.062734,98749,916.2,56.67,0.025593,105461,930.1,51.97,0.020446,88728,895.3,142.13,0.089313,94633,924.3,190.14,0.123425,80031,858.2,1.67,0.00032,76138,961.7,-144.47,-0.026951,84546,957.2,-290.75,-0.098009,87439,958.9,-287.21,-0.090865,93992,903.9,-173.88,-0.062734,98749,916.2,56.67,0.025593,105461,930.1,51.97,0.020446,88728,895.3,142.13,0.089313,94633,924.3,190.14,0.123425
173,173.07,0.0032051,188437,1210.6,288.86,0.092491,160392,1118.9,112.73,0.038079,83241,953.0,-293.08,-0.097698,86149,954.3,-288.61,-0.090393,95021,904.2,-160.32,-0.058456,99183,917.5,49.33,0.022343,106039,930.9,46.35,0.018321,88454,893.3,142.95,0.089745,94369,922.7,188.12,0.121983,79312,856.4,1.72,0.000327,76083,961.5,-146.48,-0.027312,83241,953.0,-293.08,-0.097698,86149,954.3,-288.61,-0.090393,95021,904.2,-160.32,-0.058456,99183,917.5,49.33,0.022343,106039,930.9,46.35,0.018321,88454,893.3,142.95,0.089745,94369,922.7,188.12,0.121983
174,174.05,0.0032232,188427,1210.3,293.92,0.094128,161720,1121.4,116.64,0.039635,82118,949.2,-293.98,-0.097066,84781,949.4,-290.36,-0.089962,94888,902.4,-151.82,-0.055389,99518,918.5,41.43,0.018806,106442,931.3,40.71,0.016144,88345,891.8,142.94,0.089783,94201,920.8,185.38,0.12024,78587,854.6,1.75,0.000331,75969,961.1,-149.03,-0.027757,82118,949.2,-293.98,-0.097066,84781,949.4,-290.36,-0.089962,94888,902.4,-151.82,-0.055389,99518,918.5,41.43,0.018806,106442,931.3,40.71,0.016144,88345,891.8,142.94,0.089783,94201,920.8,185.38,0.12024
175,175.09,0.0032425,188411,1210.0,299.09,0.0958,162994,1124.0,119.64,0.040882,81175,945.7,-293.23,-0.096062,83235,943.8,-292.69,-0.089556,94308,899.8,-146.32,-0.053211,99698,919.2,32.63,0.014828,106743,931.6,34.43,0.013687,88314,890.4,142.44,0.089575,94214,919.4,182.15,0.118351,77806,852.7,1.77,0.000333,75862,960.8,-153.3,-0.028521,81175,945.7,-293.23,-0.096062,83235,943.8,-292.69,-0.089556,94308,899.8,-146.32,-0.053211,99698,919.2,32.63,0.014828,106743,931.6,34.43,0.013687,88314,890.4,142.44,0.089575,94214,919.4,182.15,0.118351
176,176.07,0.0032606,188426,1209.8,303.68,0.097297,164117,1126.3,121.52,0.041726,80522,942.9,-291.31,-0.094942,81764,938.5,-295.38,-0.089291,93264,896.8,-142.27,-0.051335,99662,919.3,24.22,0.011,106977,931.8,27.97,0.01114,88371,889.4,141.18,0.088946,94312,918.3,178.73,0.116377,77092,850.9,1.74,0.000325,75757,960.5,-159.64,-0.029669,80522,942.9,-291.31,-0.094942,81764,938.5,-295.38,-0.089291,93264,896.8,-142.27,-0.051335,99662,919.3,24.22,0.011,106977,931.8,27.97,0.01114,88371,889.4,141.18,0.088946,94312,918.3,178.73,0.116377
177,177.06,0.0032788,188468,1209.6,308.03,0.098726,165263,1128.7,122.29,0.042191,80036,940.5,-288.61,-0.09373,80334,933.1,-298.24,-0.089083,92277,894.3,-139.89,-0.050081,99432,919.0,15.74,0.007137,107194,932.1,20.69,0.008257,88564,888.6,139.0,0.087838,94421,917.3,175.05,0.114249,76409,849.1,1.68,0.000311,75716,960.4,-168.22,-0.031249,80036,940.5,-288.61,-0.09373,80334,933.1,-298.24,-0.089083,92277,894.3,-139.89,-0.050081,99432,919.0,15.74,0.007137,107194,932.1,20.69,0.008257,88564,888.6,139.0,0.087838,94421,917.3,175.05,0.114249
178,178.04,0.003297,188518,1209.5,312.14,0.100081,167526,1132.4,124.58,0.043427,79702,938.5,-285.27,-0.092464,79016,928.0,-301.1,-0.08895,91267,891.9,-137.86,-0.048944,99016,918.2,7.38,0.003334,107335,932.2,12.86,0.005139,88830,887.9,136.14,0.086351,94480,916.0,171.13,0.111915,75760,847.4,1.61,0.000295,76085,961.6,-177.74,-0.033139,79702,938.5,-285.27,-0.092464,79016,928.0,-301.1,-0.08895,91267,891.9,-137.86,-0.048944,99016,918.2,7.38,0.003334,107335,932.2,12.86,0.005139,88830,887.9,136.14,0.086351,94480,916.0,171.13,0.111915
179,179.08,0.0033164,188560,1209.3,316.31,0.101454,175759,1145.8,142.6,0.05154,79563,936.9,-281.17,-0.091129,77766,923.0,-303.91,-0.088839,90346,889.9,-136.6,-0.048117,98470,917.1,-1.54,-0.000693,107205,931.9,4.64,0.00185,89139,887.4,132.69,0.084507,94483,914.4,166.77,0.109257,75125,845.8,1.47,0.000268,77407,965.5,-186.41,-0.035215,79563,936.9,-281.17,-0.091129,77766,923.0,-303.91,-0.088839,90346,889.9,-136.6,-0.048117,98470,917.1,-1.54,-0.000693,107205,931.9,4.64,0.00185,89139,887.4,132.69,0.084507,94483,914.4,166.77,0.109257
180,180.07,0.0033346,188591,1209.1,320.0,0.102669,187704,1164.4,167.72,0.063711,79587,936.1,-276.45,-0.089702,76770,918.8,-306.01,-0.088715,89542,888.3,-135.84,-0.047507,97965,915.9,-10.2,-0.00457,106692,930.8,-2.49,-0.000989,89447,887.0,129.19,0.082601,94411,912.8,162.56,0.106606,74655,844.6,1.13,0.000205,80418,974.2,-190.87,-0.037127,79587,936.1,-276.45,-0.089702,76770,918.8,-306.01,-0.088715,89542,888.3,-135.84,-0.047507,97965,915.9,-10.2,-0.00457,106692,930.8,-2.49,-0.000989,89447,887.0,129.19,0.082601,94411,912.8,162.56,0.106606
181,181.05,0.0033528,188653,1209.0,323.4,0.103808,195836,1176.9,179.11,0.070231,79767,934.6,-271.1,-0.088306,75979,915.2,-307.41,-0.088551,88836,887.1,-135.82,-0.04719,97513,914.8,-19.12,-0.00854,105765,929.0,-8.87,-0.003504,89791,886.7,125.46,0.080552,94282,911.0,158.35,0.103912,74494,844.2,0.29,5.3e-05,86954,992.4,-174.33,-0.035993,79767,934.6,-271.1,-0.088306,75979,915.2,-307.41,-0.088551,88836,887.1,-135.82,-0.04719,97513,914.8,-19.12,-0.00854,105765,929.0,-8.87,-0.003504,89791,886.7,125.46,0.080552,94282,911.0,158.35,0.103912
182,182.04,0.0033711,188808,1209.0,326.42,0.104864,200936,1184.6,181.57,0.072574,80113,933.7,-265.61,-0.086979,75356,912.1,-308.0,-0.08829,88178,886.2,-136.37,-0.047077,97111,913.6,-27.94,-0.012444,104477,926.4,-14.41,-0.00564,90178,886.5,121.53,0.078381,94115,909.1,154.21,0.101226,74719,844.8,-0.74,-0.000134,96301,1016.3,-142.89,-0.031904,80113,933.7,-265.61,-0.086979,75356,912.1,-308.0,-0.08829,88178,886.2,-136.37,-0.047077,97111,913.6,-27.94,-0.012444,104477,926.4,-14.41,-0.00564,90178,886.5,121.53,0.078381,94115,909.1,154.21,0.101226
183,183.09,0.0033905,189178,1209.2,329.05,0.105891,205268,1191.1,181.18,0.073572,80557,933.3,-259.86,-0.085603,74884,909.4,-307.55,-0.087875,87547,885.6,-137.71,-0.047233,96618,912.2,-36.61,-0.016249,102685,922.8,-18.99,-0.00733,90615,886.4,117.23,0.075984,93929,907.0,149.9,0.098422,76069,848.5,-3.85,-0.00071,103006,1032.4,-123.63,-0.029065,80557,933.3,-259.86,-0.085603,74884,909.4,-307.55,-0.087875,87547,885.6,-137.71,-0.047233,96618,912.2,-36.61,-0.016249,102685,922.8,-18.99,-0.00733,90615,886.4,117.23,0.075984,93929,907.0,149.9,0.098422
184,184.08,0.0034088,189830,1209.9,330.78,0.106754,208807,1196.2,181.72,0.074748,80987,933.3,-255.22,-0.084516,74646,907.9,-306.7,-0.087489,86987,885.3,-139.55,-0.047573,95892,910.2,-43.85,-0.019356,100564,918.4,-21.42,-0.008139,91014,886.4,113.32,0.073775,93775,905.1,145.92,0.095846,79687,858.0,-9.6,-0.001835,105742,1038.8,-118.31,-0.028378,80987,933.3,-255.22,-0.084516,74646,907.9,-306.7,-0.087489,86987,885.3,-139.55,-0.047573,95892,910.2,-43.85,-0.019356,100564,918.4,-21.42,-0.008139,91014,886.4,113.32,0.073775,93775,905.1,145.92,0.095846
185,185.06,0.0034271,190897,1211.3,331.65,0.107517,211763,1200.2,183.07,0.076112,81238,932.8,-250.85,-0.083378,74430,906.4,-304.56,-0.086769,86472,885.3,-142.06,-0.048144,94875,907.4,-49.95,-0.021879,98063,913.2,-21.94,-0.008175,91370,886.3,109.71,0.07171,93674,903.4,141.95,0.093323,85697,873.3,-14.12,-0.00285,106701,1040.8,-117.66,-0.028422,81238,932.8,-250.85,-0.083378,74430,906.4,-304.56,-0.086769,86472,885.3,-142.06,-0.048144,94875,907.4,-49.95,-0.021879,98063,913.2,-21.94,-0.008175,91370,886.3,109.71,0.07171,93674,903.4,141.95,0.093323
186,186.05,0.0034455,192457,1213.3,331.55,0.108183,213874,1202.7,184.54,0.077326,81350,931.7,-247.49,-0.08247,74222,905.1,-300.9,-0.085617,85963,885.4,-145.04,-0.048861,93860,904.6,-53.25,-0.02315,95368,907.4,-21.28,-0.007761,91673,886.1,106.57,0.0699,93649,901.9,137.98,0.090844,92251,889.0,-13.71,-0.002927,106591,1040.4,-117.73,-0.02842,81350,931.7,-247.49,-0.08247,74222,905.1,-300.9,-0.085617,85963,885.4,-145.04,-0.048861,93860,904.6,-53.25,-0.02315,95368,907.4,-21.28,-0.007761,91673,886.1,106.57,0.0699,93649,901.9,137.98,0.090844
187,187.05,0.0034638,194187,1215.6,329.85,0.108394,215266,1204.2,186.81,0.078693,81055,929.4,-245.98,-0.081868,74291,904.6,-295.38,-0.084169,85436,885.4,-148.36,-0.04967,93234,902.8,-52.95,-0.022912,92575,901.3,-19.44,-0.006928,91926,885.9,104.0,0.068422,93711,900.5,134.01,0.088415,97506,901.0,-10.05,-0.002236,106150,1039.2,-117.57,-0.028301,81055,929.4,-245.98,-0.081868,74291,904.6,-295.38,-0.084169,85436,885.4,-148.36,-0.04967,93234,902.8,-52.95,-0.022912,92575,901.3,-19.44,-0.006928,91926,885.9,104.0,0.068422,93711,900.5,134.01,0.088415
188,188.04,0.0034822,196130,1218.1,326.99,0.108301,216032,1204.8,189.66,0.080134,80196,925.7,-246.79,-0.081597,74674,905.1,-287.21,-0.082218,84907,885.5,-152.04,-0.05058,93495,903.0,-44.58,-0.01934,89779,895.0,-17.6,-0.006125,92143,885.8,102.14,0.067365,93852,899.4,130.05,0.086037,100908,908.6,-6.11,-0.001396,105640,1037.7,-116.86,-0.028033,80196,925.7,-246.79,-0.081597,74674,905.1,-287.21,-0.082218,84907,885.5,-152.04,-0.05058,93495,903.0,-44.58,-0.01934,89779,895.0,-17.6,-0.006125,92143,885.8,102.14,0.067365,93852,899.4,130.05,0.086037
189,189.1,0.0035018,198433,1221.1,323.52,0.108143,216536,1205.1,193.31,0.081842,80153,924.2,-242.34,-0.080214,75241,906.2,-276.62,-0.079692,84370,885.8,-156.45,-0.051704,95653,907.4,-24.17,-0.010675,86953,888.5,-15.75,-0.005347,92372,885.7,101.0,0.066786,94065,898.4,125.87,0.083554,102885,912.9,-3.13,-0.000725,105132,1036.0,-115.61,-0.027644,80153,924.2,-242.34,-0.080214,75241,906.2,-276.62,-0.079692,84370,885.8,-156.45,-0.051704,95653,907.4,-24.17,-0.010675,86953,888.5,-15.75,-0.005347,92372,885.7,101.0,0.066786,94065,898.4,125.87,0.083554
190,190.09,0.0035202,200559,1223.9,320.27,0.107963,216933,1205.5,196.95,0.083517,87849,944.0,-195.56,-0.069452,75624,906.9,-267.01,-0.077257,83920,886.2,-161.11,-0.052934,97826,912.0,-3.6,-0.001616,84605,882.9,-13.34,-0.004434,92600,885.6,100.63,0.066714,94294,897.5,122.02,0.081277,103803,914.9,-1.56,-0.000365,104655,1034.4,-114.52,-0.027302,87849,944.0,-195.56,-0.069452,75624,906.9,-267.01,-0.077257,83920,886.2,-161.11,-0.052934,97826,912.0,-3.6,-0.001616,84605,882.9,-13.34,-0.004434,92600,885.6,100.63,0.066714,94294,897.5,122.02,0.081277
191,191.09,0.0035387,202441,1226.2,317.27,0.107748,217256,1205.8,200.65,0.085188,107291,989.5,-99.14,-0.041028,75444,906.1,-259.25,-0.074898,83542,886.9,-166.31,-0.054356,98645,913.8,11.06,0.005,82996,879.1,-7.87,-0.002578,92814,885.6,100.7,0.066918,94531,896.7,118.3,0.079069,104270,915.9,-0.8,-0.000187,104148,1032.5,-113.83,-0.027055,107291,989.5,-99.14,-0.041028,75444,906.1,-259.25,-0.074898,83542,886.9,-166.31,-0.054356,98645,913.8,11.06,0.005,82996,879.1,-7.87,-0.002578,92814,885.6,100.7,0.066918,94531,896.7,118.3,0.079069
192,192.09,0.0035571,203956,1228.0,314.63,0.107489,217448,1206.1,204.55,0.086899,120691,1016.4,-40.1,-0.018174,75070,904.8,-253.78,-0.073056,83200,887.6,-171.78,-0.055866,98568,913.7,21.42,0.009683,82691,878.3,4.3,0.001405,92982,885.5,100.85,0.067144,94769,896.0,114.81,0.07699,104539,916.4,-0.47,-0.00011,103509,1030.1,-112.98,-0.026751,120691,1016.4,-40.1,-0.018174,75070,904.8,-253.78,-0.073056,83200,887.6,-171.78,-0.055866,98568,913.7,21.42,0.009683,82691,878.3,4.3,0.001405,92982,885.5,100.85,0.067144,94769,896.0,114.81,0.07699
193,193.08,0.0035756,205063,1229.3,312.34,0.107177,217234,1205.8,209.13,0.088775,125307,1025.0,-19.24,-0.008979,75106,904.7,-244.59,-0.07045,82830,888.3,-177.11,-0.057301,97854,912.3,29.34,0.013186,83957,881.3,24.44,0.008077,93077,885.4,100.89,0.067241,95011,895.3,111.65,0.075123,104800,917.0,-0.5,-0.000117,102694,1027.0,-111.57,-0.026287,125307,1025.0,-19.24,-0.008979,75106,904.7,-244.59,-0.07045,82830,888.3,-177.11,-0.057301,97854,912.3,29.34,0.013186,83957,881.3,24.44,0.008077,93077,885.4,100.89,0.067241,95011,895.3,111.65,0.075123
194,194.09,0.0035942,205778,1230.0,310.35,0.106807,216181,1204.4,215.39,0.091098,128097,1030.1,-4.55,-0.002161,81710,923.2,-198.52,-0.060964,82366,888.7,-181.87,-0.058487,96953,910.6,36.39,0.016233,86167,886.4,48.53,0.016371,93076,885.2,100.47,0.066975,95261,894.6,108.91,0.073527,105283,918.0,-0.96,-0.000226,102277,1024.8,-112.26,-0.0264,128097,1030.1,-4.55,-0.002161,81710,923.2,-198.52,-0.060964,82366,888.7,-181.87,-0.058487,96953,910.6,36.39,0.016233,86167,886.4,48.53,0.016371,93076,885.2,100.47,0.066975,95261,894.6,108.91,0.073527
195,195.09,0.0036127,206142,1230.2,308.6,0.106376,214010,1201.3,224.08,0.094066,132246,1037.8,15.55,0.007564,101974,973.3,-89.44,-0.032512,81803,888.7,-185.97,-0.059393,96018,908.8,42.95,0.019011,87391,888.8,66.89,0.022819,92983,884.8,99.61,0.066371,95522,894.0,106.61,0.072219,106324,920.3,-2.03,-0.000482,103798,1026.8,-122.73,-0.029234,132246,1037.8,15.55,0.007564,101974,973.3,-89.44,-0.032512,81803,888.7,-185.97,-0.059393,96018,908.8,42.95,0.019011,87391,888.8,66.89,0.022819,92983,884.8,99.61,0.066371,95522,894.0,106.61,0.072219
196,196.09,0.0036313,206203,1230.0,307.04,0.105885,210974,1196.3,234.72,0.097537,136631,1045.7,36.17,0.018036,117092,1004.8,-16.67,-0.006738,81350,889.0,-190.41,-0.060456,94999,907.0,48.95,0.021482,87740,889.1,79.82,0.027329,92768,884.0,98.25,0.065369,95788,893.4,104.67,0.07115,108424,924.7,-3.98,-0.00096,112838,1044.5,-166.04,-0.042268,136631,1045.7,36.17,0.018036,117092,1004.8,-16.67,-0.006738,81350,889.0,-190.41,-0.060456,94999,907.0,48.95,0.021482,87740,889.1,79.82,0.027329,92768,884.0,98.25,0.065369,95788,893.4,104.67,0.07115
197,197.1,0.0036499,206007,1229.4,305.59,0.105336,207737,1190.0,245.96,0.101178,139148,1050.2,49.91,0.025238,123659,1017.5,15.08,0.00636,81480,890.6,-197.62,-0.062733,93862,904.9,54.09,0.023505,87356,887.7,88.85,0.030338,92427,883.0,96.54,0.064066,96048,892.9,102.97,0.070232,112199,932.5,-6.81,-0.001686,121323,1058.0,-204.37,-0.055222,139148,1050.2,49.91,0.025238,123659,1017.5,15.08,0.00636,81480,890.6,-197.62,-0.062733,93862,904.9,54.09,0.023505,87356,887.7,88.85,0.030338,92427,883.0,96.54,0.064066,96048,892.9,102.97,0.070232
198,198.04,0.0036673,205634,1228.6,304.3,0.104771,205050,1183.1,255.93,0.104516,140695,1053.1,58.59,0.029872,128178,1025.9,36.6,0.015868,82341,893.9,-208.06,-0.0665,92699,902.9,58.11,0.024999,86678,885.5,95.62,0.032474,91987,881.9,94.72,0.06264,96270,892.3,101.5,0.06943,117371,942.9,-9.21,-0.002358,124281,1059.2,-218.68,-0.060459,140695,1053.1,58.59,0.029872,128178,1025.9,36.6,0.015868,82341,893.9,-208.06,-0.0665,92699,902.9,58.11,0.024999,86678,885.5,95.62,0.032474,91987,881.9,94.72,0.06264,96270,892.3,101.5,0.06943
199,199.04,0.003686,205087,1227.5,302.93,0.104111,202730,1174.9,265.41,0.107914,141300,1054.4,65.56,0.033528,132428,1033.5,56.29,0.025025,84322,899.9,-224.11,-0.072859,91386,900.5,61.8,0.026279,85853,883.0,102.7,0.034647,91342,880.4,92.76,0.061019,96466,891.7,99.96,0.068566,123722,955.2,-9.73,-0.002593,125756,1057.3,-226.87,-0.063581,141300,1054.4,65.56,0.033528,132428,1033.5,56.29,0.025025,84322,899.9,-224.11,-0.072859,91386,900.5,61.8,0.026279,85853,883.0,102.7,0.034647,91342,880.4,92.76,0.061019,96466,891.7,99.96,0.068566
200,200.05,0.0037046,204453,1226.3,301.48,0.103394,200849,1165.7,273.48,0.111032,141621,1055.4,70.83,0.036276,135292,1038.6,69.96,0.031622,86089,905.1,-238.03,-0.078551,90111,898.1,65.32,0.027458,84845,880.0,109.7,0.036697,90469,878.4,91.18,0.059542,96600,891.0,98.45,0.067673,129350,965.7,-7.94,-0.002188,127424,1056.4,-235.59,-0.066962,141621,1055.4,70.83,0.036276,135292,1038.6,69.96,0.031622,86089,905.1,-238.03,-0.078551,90111,898.1,65.32,0.027458,84845,880.0,109.7,0.036697,90469,878.4,91.18,0.059542,96600,891.0,98.45,0.067673
201,201.06,0.0037233,203794,1225.1,299.9,0.102623,199164,1155.9,280.5,0.113882,141875,1056.2,75.35,0.038625,136974,1041.4,78.58,0.035861,87195,908.5,-247.48,-0.082416,89211,896.6,70.27,0.029296,83601,876.5,116.29,0.038487,89322,876.0,90.04,0.058212,96660,890.1,96.97,0.06676,133280,972.9,-5.2,-0.001464,129320,1056.8,-244.95,-0.070631,141875,1056.2,75.35,0.038625,136974,1041.4,78.58,0.035861,87195,908.5,-247.48,-0.082416,89211,896.6,70.27,0.029296,83601,876.5,116.29,0.038487,89322,876.0,90.04,0.058212,96660,890.1,96.97,0.06676
202,202.06,0.0037419,203160,1223.9,298.13,0.101803,197506,1146.4,287.29,0.116627,142158,1057.2,79.84,0.040974,138037,1043.2,84.24,0.038676,87902,910.6,-254.08,-0.085098,89039,896.9,78.39,0.032608,82199,872.5,122.08,0.039903,87863,872.8,89.64,0.05721,96641,889.2,95.56,0.06585,135473,976.8,-2.75,-0.000784,130783,1057.7,-252.52,-0.073573,142158,1057.2,79.84,0.040974,138037,1043.2,84.24,0.038676,87902,910.6,-254.08,-0.085098,89039,896.9,78.39,0.032608,82199,872.5,122.08,0.039903,87863,872.8,89.64,0.05721,96641,889.2,95.56,0.06585
203,203.07,0.0037606,202587,1222.7,296.15,0.100935,195711,1137.8,294.58,0.119397,142631,1058.6,84.27,0.043334,138812,1044.5,88.25,0.040694,88362,911.9,-258.68,-0.086965,89456,898.6,89.01,0.037128,80769,868.5,127.15,0.041027,86151,869.4,90.42,0.056809,96561,888.1,94.23,0.064958,136311,978.3,-0.95,-0.000271,131781,1059.2,-258.27,-0.075718,142631,1058.6,84.27,0.043334,138812,1044.5,88.25,0.040694,88362,911.9,-258.68,-0.086965,89456,898.6,89.01,0.037128,80769,868.5,127.15,0.041027,86151,869.4,90.42,0.056809,96561,888.1,94.23,0.064958
204,204.08,0.0037792,196895,1216.8,277.24,0.092277,193599,1130.4,302.7,0.122159,143472,1060.6,89.25,0.046077,139534,1045.7,91.52,0.042373,88672,912.7,-261.84,-0.088262,90025,900.8,100.15,0.041936,79593,865.2,132.69,0.042353,84268,865.6,91.37,0.056398,96434,887.0,92.96,0.064081,136198,978.1,0.29,8.2e-05,132451,1061.2,-262.88,-0.077313,143472,1060.6,89.25,0.046077,139534,1045.7,91.52,0.042373,88672,912.7,-261.84,-0.088262,90025,900.8,100.15,0.041936,79593,865.2,132.69,0.042353,84268,865.6,91.37,0.056398,96434,887.0,92.96,0.064081
205,205.08,0.0037979,190873,1210.6,255.84,0.082977,191038,1125.1,311.55,0.124654,144924,1063.8,95.63,0.049723,140346,1047.0,94.61,0.044001,88842,913.0,-263.79,-0.089062,90415,902.6,110.43,0.046347,79050,863.4,140.44,0.044612,82397,861.7,92.05,0.055804,96285,885.8,91.72,0.063205,135508,977.0,1.0,0.000285,132946,1063.7,-267.14,-0.078675,144924,1063.8,95.63,0.049723,140346,1047.0,94.61,0.044001,88842,913.0,-263.79,-0.089062,90415,902.6,110.43,0.046347,79050,863.4,140.44,0.044612,82397,861.7,92.05,0.055804,96285,885.8,91.72,0.063205
206,206.09,0.0038165,190426,1211.2,247.93,0.080184,188052,1122.9,320.86,0.126621,147039,1068.1,103.28,0.054259,141340,1048.7,97.98,0.04582,88761,912.6,-264.24,-0.089173,90468,903.8,119.21,0.049993,79254,863.6,150.98,0.048071,80616,857.9,91.85,0.054724,96136,884.7,90.43,0.062297,134557,975.4,1.32,0.000375,133343,1066.4,-270.39,-0.079666,147039,1068.1,103.28,0.054259,141340,1048.7,97.98,0.04582,88761,912.6,-264.24,-0.089173,90468,903.8,119.21,0.049993,79254,863.6,150.98,0.048071,80616,857.9,91.85,0.054724,96136,884.7,90.43,0.062297
207,207.1,0.0038351,184497,1205.2,220.14,0.069319,184776,1123.3,330.33,0.128039,149448,1073.0,111.17,0.059097,142809,1051.1,102.74,0.048429,88381,911.4,-263.1,-0.088521,90131,904.2,126.19,0.052701,79979,865.2,162.81,0.052217,79009,854.6,90.65,0.053136,96006,883.7,89.04,0.061329,133543,973.7,1.4,0.000394,133783,1069.2,-271.3,-0.079988,149448,1073.0,111.17,0.059097,142809,1051.1,102.74,0.048429,88381,911.4,-263.1,-0.088521,90131,904.2,126.19,0.052701,79979,865.2,162.81,0.052217,79009,854.6,90.65,0.053136,96006,883.7,89.04,0.061329
208,208.03,0.0038525,184362,1207.0,205.52,0.064573,181588,1125.6,339.05,0.12889,151540,1077.2,117.56,0.063116,144757,1054.4,108.84,0.051841,87782,909.7,-260.81,-0.087318,89526,904.0,131.26,0.054463,80724,867.0,173.29,0.055983,77639,851.8,88.9,0.051374,95913,882.9,87.61,0.060345,132585,972.0,1.44,0.000405,134325,1072.8,-270.62,-0.079846,151540,1077.2,117.56,0.063116,144757,1054.4,108.84,0.051841,87782,909.7,-260.81,-0.087318,89526,904.0,131.26,0.054463,80724,867.0,173.29,0.055983,77639,851.8,88.9,0.051374,95913,882.9,87.61,0.060345
209,209.04,0.0038711,182749,1207.4,182.47,0.056811,178150,1129.6,348.05,0.129348,153345,1081.1,122.7,0.06642,147306,1058.7,116.39,0.056184,86920,907.4,-257.37,-0.085541,88704,903.4,135.59,0.055778,81344,868.5,182.15,0.059195,76346,849.2,86.13,0.049096,95847,882.0,85.97,0.059233,131269,969.8,1.97,0.000548,135755,1077.6,-264.86,-0.078627,153345,1081.1,122.7,0.06642,147306,1058.7,116.39,0.056184,86920,907.4,-257.37,-0.085541,88704,903.4,135.59,0.055778,81344,868.5,182.15,0.059195,76346,849.2,86.13,0.049096,95847,882.0,85.97,0.059233
210,210.05,0.0038897,182139,1209.2,163.2,0.05057,174765,1134.3,356.55,0.129444,154642,1084.2,125.95,0.068563,149980,1063.2,123.6,0.060491,85839,904.5,-253.23,-0.083385,87817,902.7,139.16,0.056722,81785,869.8,187.78,0.061263,75235,847.1,82.57,0.046495,95823,881.4,84.32,0.058125,129582,966.9,2.38,0.000656,139149,1085.3,-250.15,-0.075574,154642,1084.2,125.95,0.068563,149980,1063.2,123.6,0.060491,85839,904.5,-253.23,-0.083385,87817,902.7,139.16,0.056722,81785,869.8,187.78,0.061263,75235,847.1,82.57,0.046495,95823,881.4,84.32,0.058125
211,211.05,0.0039083,180252,1208.9,144.52,0.044327,171473,1139.3,364.48,0.129267,155525,1086.7,127.55,0.069672,152398,1067.3,129.1,0.063955,84473,900.9,-248.15,-0.080732,86928,902.0,142.2,0.05742,82078,870.8,189.65,0.062023,74288,845.4,78.21,0.043573,95853,880.8,82.72,0.057075,128528,965.1,1.1,0.000302,143927,1094.6,-228.89,-0.070914,155525,1086.7,127.55,0.069672,152398,1067.3,129.1,0.063955,84473,900.9,-248.15,-0.080732,86928,902.0,142.2,0.05742,82078,870.8,189.65,0.062023,74288,845.4,78.21,0.043573,95853,880.8,82.72,0.057075
212,212.06,0.003927,176283,1205.2,122.31,0.036799,168273,1143.7,371.73,0.128879,156049,1088.6,128.28,0.070178,154372,1070.9,132.42,0.066226,82767,896.5,-241.84,-0.077471,86065,901.2,144.79,0.057933,82468,872.4,189.59,0.062183,73474,843.9,72.79,0.04018,95952,880.5,81.32,0.056187,130150,968.0,-3.71,-0.001027,147851,1101.7,-208.62,-0.065973,156049,1088.6,128.28,0.070178,154372,1070.9,132.42,0.066226,82767,896.5,-241.84,-0.077471,86065,901.2,144.79,0.057933,82468,872.4,189.59,0.062183,73474,843.9,72.79,0.04018,95952,880.5,81.32,0.056187
213,213.06,0.0039456,175180,1205.6,112.68,0.033681,165288,1147.1,378.66,0.128571,156378,1090.1,128.15,0.070156,155834,1073.5,133.84,0.067406,80896,891.7,-235.17,-0.074027,85220,900.5,146.99,0.058281,82890,874.4,186.93,0.061486,72770,842.7,66.12,0.036198,96136,880.4,80.25,0.055562,143641,991.9,-22.15,-0.006598,149826,1104.9,-193.71,-0.061896,156378,1090.1,128.15,0.070156,155834,1073.5,133.84,0.067406,80896,891.7,-235.17,-0.074027,85220,900.5,146.99,0.058281,82890,874.4,186.93,0.061486,72770,842.7,66.12,0.036198,96136,880.4,80.25,0.055562
214,214.06,0.0039641,171587,1200.9,98.34,0.028905,162637,1149.0,385.62,0.128621,156714,1091.7,127.2,0.069688,156773,1075.5,134.3,0.067926,79138,887.2,-229.6,-0.07106,84420,899.8,148.5,0.058373,83461,876.7,182.39,0.060243,72189,841.8,58.55,0.031833,96396,880.4,79.49,0.055182,169819,1034.1,-31.64,-0.010687,150311,1105.3,-184.17,-0.059013,156714,1091.7,127.2,0.069688,156773,1075.5,134.3,0.067926,79138,887.2,-229.6,-0.07106,84420,899.8,148.5,0.058373,83461,876.7,182.39,0.060243,72189,841.8,58.55,0.031833,96396,880.4,79.49,0.055182
215,215.06,0.0039827,165884,1187.3,80.8,0.023221,159704,1148.0,390.7,0.128078,157113,1093.3,125.96,0.069081,157275,1076.8,134.39,0.068103,77578,883.2,-225.7,-0.068785,83719,899.3,148.92,0.058084,84153,879.3,177.22,0.058847,71762,841.2,50.88,0.027522,96697,880.6,78.93,0.054953,192482,1066.7,-21.95,-0.008149,150213,1104.7,-178.33,-0.057139,157113,1093.3,125.96,0.069081,157275,1076.8,134.39,0.068103,77578,883.2,-225.7,-0.068785,83719,899.3,148.92,0.058084,84153,879.3,177.22,0.058847,71762,841.2,50.88,0.027522,96697,880.6,78.93,0.054953
216,216.06,0.0040011,166191,1183.9,76.91,0.022206,155632,1142.8,391.22,0.125546,157555,1095.1,124.67,0.068452,157543,1077.9,134.02,0.067964,76209,879.9,-223.34,-0.067121,83162,899.2,148.09,0.057383,84846,882.0,172.13,0.057452,71623,841.3,44.71,0.024133,96997,880.8,78.42,0.054751,205605,1084.2,-11.31,-0.004411,150130,1104.1,-175.0,-0.056071,157555,1095.1,124.67,0.068452,157543,1077.9,134.02,0.067964,76209,879.9,-223.34,-0.067121,83162,899.2,148.09,0.057383,84846,882.0,172.13,0.057452,71623,841.3,44.71,0.024133,96997,880.8,78.42,0.054751
217,217.06,0.0040196,166279,1180.4,76.23,0.02209,150718,1134.6,388.09,0.121479,157964,1096.8,123.41,0.067834,157875,1079.1,132.84,0.067434,75028,877.0,-222.3,-0.065987,82740,899.4,146.39,0.056424,85320,884.3,166.78,0.055833,71887,842.5,41.39,0.022391,97242,881.0,77.78,0.05443,212407,1092.9,-5.69,-0.002276,150378,1104.1,-173.67,-0.055738,157964,1096.8,123.41,0.067834,157875,1079.1,132.84,0.067434,75028,877.0,-222.3,-0.065987,82740,899.4,146.39,0.056424,85320,884.3,166.78,0.055833,71887,842.5,41.39,0.022391,97242,881.0,77.78,0.05443
218,218.05,0.004038,166382,1176.8,81.06,0.023576,145826,1125.6,384.16,0.117273,158272,1098.4,122.3,0.067258,158790,1081.3,129.83,0.066154,74015,874.6,-222.29,-0.065269,82501,900.1,143.81,0.055225,85609,886.1,161.79,0.054236,72798,845.4,41.66,0.022743,97384,881.1,76.93,0.053909,216801,1098.5,-3.76,-0.001525,151068,1105.0,-173.85,-0.056007,158272,1098.4,122.3,0.067258,158790,1081.3,129.83,0.066154,74015,874.6,-222.29,-0.065269,82501,900.1,143.81,0.055225,85609,886.1,161.79,0.054236,72798,845.4,41.66,0.022743,97384,881.1,76.93,0.053909
219,219.04,0.0040563,166416,1173.3,88.07,0.025694,141265,1116.8,380.51,0.113409,158459,1099.8,121.48,0.066799,161079,1085.7,122.63,0.063129,73097,872.6,-223.09,-0.064842,82440,901.2,140.09,0.053694,85722,887.5,157.7,0.05285,74631,850.8,48.0,0.026697,97390,880.8,75.89,0.053201,220461,1103.0,-3.09,-0.001269,152268,1106.8,-174.06,-0.056426,158459,1099.8,121.48,0.066799,161079,1085.7,122.63,0.063129,73097,872.6,-223.09,-0.064842,82440,901.2,140.09,0.053694,85722,887.5,157.7,0.05285,74631,850.8,48.0,0.026697,97390,880.8,75.89,0.053201
220,220.1,0.0040758,166065,1169.5,96.47,0.028178,136526,1107.6,376.17,0.109261,158694,1101.4,120.45,0.066234,165342,1093.2,109.69,0.057563,72051,870.3,-225.17,-0.064682,82571,903.0,135.55,0.051933,85562,888.3,153.91,0.051435,77351,858.5,58.6,0.033476,97238,880.2,74.63,0.052273,223550,1106.9,-2.31,-0.000961,154564,1110.5,-170.94,-0.056065,158694,1101.4,120.45,0.066234,165342,1093.2,109.69,0.057563,72051,870.3,-225.17,-0.064682,82571,903.0,135.55,0.051933,85562,888.3,153.91,0.051435,77351,858.5,58.6,0.033476,97238,880.2,74.63,0.052273
221,221.08,0.0040941,165275,1165.7,104.76,0.030555,131976,1098.6,370.92,0.104995,159167,1103.2,118.55,0.065275,169697,1100.6,96.28,0.051506,71117,868.3,-227.07,-0.064527,82764,904.8,130.0,0.049823,85296,888.8,151.0,0.05028,79386,864.5,64.72,0.037679,96960,879.3,73.38,0.0513,225531,1109.3,-1.57,-0.000656,158500,1117.0,-162.34,-0.05428,159167,1103.2,118.55,0.065275,169697,1100.6,96.28,0.051506,71117,868.3,-227.07,-0.064527,82764,904.8,130.0,0.049823,85296,888.8,151.0,0.05028,79386,864.5,64.72,0.037679,96960,879.3,73.38,0.0513
222,222.07,0.0041124,164116,1161.9,113.42,0.032954,127423,1089.5,364.88,0.100558,160546,1106.6,113.95,0.063095,173121,1106.3,85.74,0.046549,70999,868.5,-225.04,-0.063826,82913,906.4,123.84,0.047462,84938,889.0,148.73,0.049303,80757,868.7,66.48,0.039182,96552,878.2,72.0,0.050188,226822,1110.9,-1.01,-0.000422,163656,1125.5,-150.06,-0.051414,160546,1106.6,113.95,0.063095,173121,1106.3,85.74,0.046549,70999,868.5,-225.04,-0.063826,82913,906.4,123.84,0.047462,84938,889.0,148.73,0.049303,80757,868.7,66.48,0.039182,96552,878.2,72.0,0.050188
223,223.05,0.0041306,162832,1158.5,121.98,0.035267,123135,1080.8,359.14,0.096419,163160,1111.7,104.86,0.058737,175470,1110.4,78.77,0.043187,79423,894.2,-169.83,-0.052338,82958,907.8,118.2,0.045256,84553,889.2,146.83,0.048445,81775,872.1,66.0,0.039238,96046,876.9,70.35,0.048858,227543,1111.7,-0.53,-0.000224,168343,1133.1,-139.18,-0.048724,163160,1111.7,104.86,0.058737,175470,1110.4,78.77,0.043187,79423,894.2,-169.83,-0.052338,82958,907.8,118.2,0.045256,84553,889.2,146.83,0.048445,81775,872.1,66.0,0.039238,96046,876.9,70.35,0.048858
224,224.04,0.0041488,161346,1155.2,129.84,0.037304,119261,1072.7,354.37,0.092839,166414,1117.6,91.69,0.052105,176817,1113.0,73.65,0.040596,115194,980.1,4.55,0.001854,82840,908.6,113.18,0.043233,84075,889.1,144.55,0.047428,82507,874.8,63.6,0.038033,95495,875.5,68.33,0.047254,227741,1112.0,-0.1,-4.3e-05,171578,1138.5,-132.41,-0.047022,166414,1117.6,91.69,0.052105,176817,1113.0,73.65,0.040596,115194,980.1,4.55,0.001854,82840,908.6,113.18,0.043233,84075,889.1,144.55,0.047428,82507,874.8,63.6,0.038033,95495,875.5,68.33,0.047254
225,225.08,0.0041682,159544,1151.7,137.53,0.039192,115734,1065.2,351.1,0.089889,170226,1124.3,77.48,0.044768,177458,1114.5,69.98,0.038658,135107,1016.6,85.67,0.039506,82486,908.9,108.36,0.0412,83515,888.8,141.51,0.046139,83100,877.1,60.18,0.036151,94903,874.0,65.66,0.0452,227457,1111.6,0.3,0.000125,173562,1141.9,-128.98,-0.046198,170226,1124.3,77.48,0.044768,177458,1114.5,69.98,0.038658,135107,1016.6,85.67,0.039506,82486,908.9,108.36,0.0412,83515,888.8,141.51,0.046139,83100,877.1,60.18,0.036151,94903,874.0,65.66,0.0452
226,226.06,0.0041864,157779,1148.4,144.09,0.040721,112961,1059.2,349.7,0.087883,172800,1128.9,67.47,0.039417,177446,1115.1,67.79,0.037428,138079,1020.8,98.92,0.046423,82006,908.8,104.62,0.039555,83040,888.5,138.23,0.044821,83521,878.9,56.77,0.034203,94375,872.8,62.6,0.042916,226675,1110.8,0.72,0.000303,174553,1143.8,-127.66,-0.045908,172800,1128.9,67.47,0.039417,177446,1115.1,67.79,0.037428,138079,1020.8,98.92,0.046423,82006,908.8,104.62,0.039555,83040,888.5,138.23,0.044821,83521,878.9,56.77,0.034203,94375,872.8,62.6,0.042916
227,227.04,0.0042045,155990,1145.2,149.96,0.042018,110142,1053.0,347.57,0.085669,173651,1130.7,59.56,0.034908,176978,1114.9,65.92,0.036306,138520,1020.7,107.15,0.050451,81492,908.5,101.87,0.038284,82625,888.4,134.5,0.043401,83890,880.6,53.59,0.032369,93889,871.6,58.96,0.04027,225345,1109.2,1.19,0.000498,175140,1145.1,-127.38,-0.045909,173651,1130.7,59.56,0.034908,176978,1114.9,65.92,0.036306,138520,1020.7,107.15,0.050451,81492,908.5,101.87,0.038284,82625,888.4,134.5,0.043401,83890,880.6,53.59,0.032369,93889,871.6,58.96,0.04027
228,228.09,0.0042239,154069,1141.8,155.54,0.043172,106574,1045.0,342.22,0.082243,172637,1129.7,50.8,0.029626,176178,1114.3,64.89,0.035598,139646,1021.7,118.09,0.056002,80987,908.3,99.91,0.037323,82191,888.2,130.07,0.041757,84441,882.7,51.72,0.031369,93423,870.6,54.46,0.037054,223286,1106.9,1.73,0.000717,175508,1146.1,-127.71,-0.046085,172637,1129.7,50.8,0.029626,176178,1114.3,64.89,0.035598,139646,1021.7,118.09,0.056002,80987,908.3,99.91,0.037323,82191,888.2,130.07,0.041757,84441,882.7,51.72,0.031369,93423,870.6,54.46,0.037054
229,229.07,0.004242,152250,1138.6,160.34,0.044101,103002,1036.8,335.59,0.078564,170416,1126.8,41.98,0.024232,175027,1113.1,64.45,0.035162,141984,1024.8,128.82,0.061928,80553,908.2,98.43,0.036576,81741,888.0,125.96,0.040233,85308,885.5,52.18,0.031868,93035,869.7,49.67,0.033688,220810,1104.0,2.17,0.000894,175641,1146.8,-128.73,-0.046461,170416,1126.8,41.98,0.024232,175027,1113.1,64.45,0.035162,141984,1024.8,128.82,0.061928,80553,908.2,98.43,0.036576,81741,888.0,125.96,0.040233,85308,885.5,52.18,0.031868,93035,869.7,49.67,0.033688
230,230.05,0.0042601,150403,1135.3,164.92,0.044942,99849,1029.3,330.35,0.075512,167785,1123.0,34.03,0.019401,172973,1110.6,63.37,0.034244,144076,1027.4,140.13,0.068179,80117,908.1,96.61,0.035708,81205,887.4,122.8,0.038989,86593,889.4,55.41,0.034207,92693,869.0,44.37,0.030008,218013,1100.8,2.44,0.000994,175616,1147.2,-130.11,-0.046933,167785,1123.0,34.03,0.019401,172973,1110.6,63.37,0.034244,144076,1027.4,140.13,0.068179,80117,908.1,96.61,0.035708,81205,887.4,122.8,0.038989,86593,889.4,55.41,0.034207,92693,869.0,44.37,0.030008
231,231.09,0.0042794,148385,1131.7,169.77,0.045791,97495,1023.6,329.13,0.073867,165026,1119.0,27.48,0.015465,169610,1106.1,59.73,0.031781,145416,1028.8,150.38,0.073748,79627,907.9,93.91,0.034506,80554,886.6,121.05,0.038158,88413,894.6,61.57,0.038582,92377,868.3,38.22,0.025779,215012,1097.3,2.44,0.000983,175386,1147.5,-132.29,-0.047645,165026,1119.0,27.48,0.015465,169610,1106.1,59.73,0.031781,145416,1028.8,150.38,0.073748,79627,907.9,93.91,0.034506,80554,886.6,121.05,0.038158,88413,894.6,61.57,0.038582,92377,868.3,38.22,0.025779
232,232.07,0.0042976,146437,1128.2,174.43,0.046573,96275,1020.6,332.45,0.073894,162443,1115.1,22.97,0.01277,165782,1100.7,55.21,0.02885,146057,1029.1,156.84,0.077228,79166,907.6,90.68,0.033136,79857,885.6,120.39,0.037668,89998,899.2,67.1,0.042576,92124,867.8,32.07,0.021586,212524,1094.3,2.14,0.000855,175268,1147.9,-134.17,-0.048275,162443,1115.1,22.97,0.01277,165782,1100.7,55.21,0.02885,146057,1029.1,156.84,0.077228,79166,907.6,90.68,0.033136,79857,885.6,120.39,0.037668,89998,899.2,67.1,0.042576,92124,867.8,32.07,0.021586
233,233.05,0.0043157,144427,1124.5,179.25,0.047357,95699,1019.2,338.61,0.074917,159835,1111.1,19.8,0.010872,161991,1095.2,51.39,0.026371,146405,1029.1,161.45,0.079692,78709,907.3,86.99,0.031617,79069,884.3,120.58,0.037407,91162,903.0,70.94,0.045409,91913,867.4,25.65,0.01723,210671,1092.1,1.55,0.000617,175330,1148.5,-134.54,-0.048397,159835,1111.1,19.8,0.010872,161991,1095.2,51.39,0.026371,146405,1029.1,161.45,0.079692,78709,907.3,86.99,0.031617,79069,884.3,120.58,0.037407,91162,903.0,70.94,0.045409,91913,867.4,25.65,0.01723
234,234.09,0.004335,142215,1120.5,184.6,0.048195,95436,1018.6,346.52,0.076506,157288,1107.2,18.33,0.009937,158114,1089.5,48.82,0.024586,146192,1028.3,164.91,0.081339,78157,906.8,83.19,0.03004,78036,882.5,121.19,0.037182,91937,905.9,73.2,0.047097,91735,867.1,18.58,0.012461,209668,1090.9,0.69,0.000272,176977,1151.8,-129.25,-0.046793,157288,1107.2,18.33,0.009937,158114,1089.5,48.82,0.024586,146192,1028.3,164.91,0.081339,78157,906.8,83.19,0.03004,78036,882.5,121.19,0.037182,91937,905.9,73.2,0.047097,91735,867.1,18.58,0.012461
235,235.06,0.004353,140083,1116.6,189.75,0.048968,95275,1018.2,353.97,0.07805,155380,1104.2,19.15,0.010283,154616,1084.2,47.49,0.023499,145702,1027.2,167.38,0.082374,77524,905.9,80.39,0.028821,76890,880.3,121.95,0.03696,92321,907.9,73.94,0.047673,91617,866.8,11.8,0.007908,209749,1091.0,-0.19,-7.5e-05,187964,1168.7,-95.12,-0.036048,155380,1104.2,19.15,0.010283,154616,1084.2,47.49,0.023499,145702,1027.2,167.38,0.082374,77524,905.9,80.39,0.028821,76890,880.3,121.95,0.03696,92321,907.9,73.94,0.047673,91617,866.8,11.8,0.007908
236,236.04,0.0043711,137907,1112.6,194.97,0.049712,95061,1017.6,360.79,0.079417,153917,1101.9,22.08,0.011771,151347,1079.2,47.21,0.02297,145184,1026.2,169.32,0.083119,76824,904.8,78.4,0.027889,75650,877.8,122.89,0.036747,92470,909.4,73.94,0.047671,91544,866.7,4.91,0.003291,210769,1092.3,-1.05,-0.000416,205886,1194.0,-42.73,-0.017361,153917,1101.9,22.08,0.011771,151347,1079.2,47.21,0.02297,145184,1026.2,169.32,0.083119,76824,904.8,78.4,0.027889,75650,877.8,122.89,0.036747,92470,909.4,73.94,0.047671,91544,866.7,4.91,0.003291
237,237.08,0.0043904,135553,1108.3,200.52,0.050451,94730,1016.8,367.18,0.080605,152564,1099.9,26.62,0.014092,148338,1074.5,48.39,0.02318,144653,1025.2,171.07,0.083752,76039,903.5,77.36,0.02728,74286,875.0,123.95,0.036513,92479,910.7,73.17,0.047109,91512,866.6,-2.56,-0.001712,212662,1094.7,-1.68,-0.000671,216597,1208.2,-11.24,-0.00475,152564,1099.9,26.62,0.014092,148338,1074.5,48.39,0.02318,144653,1025.2,171.07,0.083752,76039,903.5,77.36,0.02728,74286,875.0,123.95,0.036513,92479,910.7,73.17,0.047109,91512,866.6,-2.56,-0.001712
238,238.06,0.0044085,133330,1104.1,205.61,0.051075,94319,1015.9,372.33,0.081459,151328,1098.0,31.62,0.016632,146177,1071.2,51.22,0.024254,144195,1024.3,172.5,0.084254,75261,902.1,77.39,0.02705,73022,872.4,124.85,0.036258,92446,911.7,72.22,0.046431,91503,866.6,-9.72,-0.006505,214786,1097.4,-1.91,-0.000769,220279,1212.9,-0.71,-0.000302,151328,1098.0,31.62,0.016632,146177,1071.2,51.22,0.024254,144195,1024.3,172.5,0.084254,75261,902.1,77.39,0.02705,73022,872.4,124.85,0.036258,92446,911.7,72.22,0.046431,91503,866.6,-9.72,-0.006505
239,239.04,0.0044266,131105,1099.9,210.54,0.051621,93813,1014.6,376.68,0.082066,150148,1096.3,37.18,0.019435,144615,1068.9,55.3,0.025961,143800,1023.6,173.66,0.084648,74423,900.5,78.15,0.027061,71835,870.0,125.67,0.036002,92392,912.7,71.03,0.045587,91482,866.5,-17.1,-0.011449,216905,1100.0,-1.85,-0.000751,222348,1215.5,2.34,0.001008,150148,1096.3,37.18,0.019435,144615,1068.9,55.3,0.025961,143800,1023.6,173.66,0.084648,74423,900.5,78.15,0.027061,71835,870.0,125.67,0.036002,92392,912.7,71.03,0.045587,91482,866.5,-17.1,-0.011449
240,240.08,0.0044459,128741,1095.4,215.55,0.052112,93180,1013.1,380.5,0.082465,148927,1094.5,43.26,0.022463,143381,1067.1,60.22,0.028075,143508,1023.1,174.38,0.084868,73472,898.6,79.63,0.027278,70712,867.8,126.54,0.035776,92291,913.7,69.35,0.044417,91393,866.2,-25.39,-0.016983,218956,1102.6,-1.64,-0.000672,224322,1217.9,2.36,0.001022,148927,1094.5,43.26,0.022463,143381,1067.1,60.22,0.028075,143508,1023.1,174.38,0.084868,73472,898.6,79.63,0.027278,70712,867.8,126.54,0.035776,92291,913.7,69.35,0.044417,91393,866.2,-25.39,-0.016983
241,241.05,0.004464,126543,1091.1,220.0,0.052485,92518,1011.5,383.43,0.082641,147733,1092.8,48.44,0.024995,142533,1066.1,64.82,0.030068,143371,1022.8,174.45,0.08485,72548,896.7,81.46,0.02761,69829,866.2,127.23,0.035587,92165,914.4,67.39,0.043068,91243,865.8,-33.47,-0.022365,220576,1104.6,-1.36,-0.00056,225731,1219.7,1.58,0.000691,147733,1092.8,48.44,0.024995,142533,1066.1,64.82,0.030068,143371,1022.8,174.45,0.08485,72548,896.7,81.46,0.02761,69829,866.2,127.23,0.035587,92165,914.4,67.39,0.043068,91243,865.8,-33.47,-0.022365
242,242.1,0.0044833,124225,1086.5,224.45,0.052789,91756,1009.6,386.0,0.082663,146482,1091.0,53.46,0.027395,141878,1065.4,69.5,0.032111,143285,1022.4,174.11,0.084665,71542,894.6,83.55,0.027994,69062,864.9,127.53,0.035331,92025,915.2,64.99,0.041434,91123,865.4,-41.84,-0.027933,221920,1106.2,-1.03,-0.000426,226296,1220.4,1.41,0.000614,146482,1091.0,53.46,0.027395,141878,1065.4,69.5,0.032111,143285,1022.4,174.11,0.084665,71542,894.6,83.55,0.027994,69062,864.9,127.53,0.035331,92025,915.2,64.99,0.041434,91123,865.4,-41.84,-0.027933
243,243.07,0.0045013,122083,1082.2,228.35,0.052992,91002,1007.7,388.06,0.082574,145559,1089.8,58.26,0.029699,141381,1065.0,73.31,0.033768,143205,1021.9,173.1,0.084161,70505,892.3,84.88,0.028098,68477,864.1,127.26,0.034992,91897,915.8,62.57,0.039804,91104,865.3,-49.12,-0.032792,222844,1107.4,-0.76,-0.000314,225787,1219.7,2.53,0.001104,145559,1089.8,58.26,0.029699,141381,1065.0,73.31,0.033768,143205,1021.9,173.1,0.084161,70505,892.3,84.88,0.028098,68477,864.1,127.26,0.034992,91897,915.8,62.57,0.039804,91104,865.3,-49.12,-0.032792
244,244.05,0.0045194,119976,1077.8,231.98,0.053118,90205,1005.7,390.0,0.082424,145005,1089.3,63.42,0.032223,140908,1064.7,76.37,0.035068,143258,1021.6,171.17,0.083283,69394,889.7,85.42,0.027913,68050,863.8,126.63,0.034614,91771,916.4,60.01,0.0381,91169,865.3,-55.8,-0.037275,223526,1108.2,-0.56,-0.000233,223947,1217.3,5.82,0.002522,145005,1089.3,63.42,0.032223,140908,1064.7,76.37,0.035068,143258,1021.6,171.17,0.083283,69394,889.7,85.42,0.027913,68050,863.8,126.63,0.034614,91771,916.4,60.01,0.0381,91169,865.3,-55.8,-0.037275
245,245.09,0.0045387,117768,1073.2,235.56,0.053174,89272,1003.4,392.29,0.082246,144731,1089.3,68.97,0.034973,140502,1064.5,79.22,0.036276,143485,1021.4,168.22,0.081991,70335,893.3,97.91,0.032299,67812,864.0,124.48,0.033898,91624,917.0,57.1,0.036173,91584,866.1,-61.08,-0.040953,224103,1108.9,-0.45,-0.000187,221104,1213.7,10.26,0.004405,144731,1089.3,68.97,0.034973,140502,1064.5,79.22,0.036276,143485,1021.4,168.22,0.081991,70335,893.3,97.91,0.032299,67812,864.0,124.48,0.033898,91624,917.0,57.1,0.036173,91584,866.1,-61.08,-0.040953
246,246.07,0.0045568,115739,1068.8,238.65,0.053159,88285,1000.8,394.95,0.082095,144627,1089.6,73.76,0.037367,140362,1064.8,82.18,0.037589,143725,1021.1,165.21,0.080687,78644,918.0,152.41,0.054703,67618,864.3,120.38,0.032677,91454,917.4,54.19,0.034252,92669,868.4,-63.17,-0.042741,224588,1109.5,-0.41,-0.000172,218286,1210.0,13.82,0.005876,144627,1089.6,73.76,0.037367,140362,1064.8,82.18,0.037589,143725,1021.1,165.21,0.080687,78644,918.0,152.41,0.054703,67618,864.3,120.38,0.032677,91454,917.4,54.19,0.034252,92669,868.4,-63.17,-0.042741
247,247.04,0.0045749,113750,1064.5,241.48,0.053083,87301,998.2,397.56,0.081927,144661,1090.2,78.22,0.039615,140479,1065.5,85.73,0.039214,143734,1020.1,162.19,0.079292,94169,959.0,229.64,0.094474,67547,865.1,113.74,0.030816,91236,917.6,51.15,0.032247,94444,872.2,-63.24,-0.043413,225077,1110.1,-0.42,-0.000175,215445,1206.2,16.51,0.006948,144661,1090.2,78.22,0.039615,140479,1065.5,85.73,0.039214,143734,1020.1,162.19,0.079292,94169,959.0,229.64,0.094474,67547,865.1,113.74,0.030816,91236,917.6,51.15,0.032247,94444,872.2,-63.24,-0.043413
248,248.08,0.0045942,111673,1059.8,244.24,0.05294,86748,996.8,397.34,0.081485,144779,1091.0,82.43,0.041747,140777,1066.7,89.84,0.041136,143326,1017.9,158.68,0.077522,103801,982.7,258.7,0.114483,68994,870.1,112.41,0.030926,90943,917.7,47.89,0.03009,97324,878.3,-58.58,-0.041158,225655,1110.8,-0.47,-0.000197,212295,1201.9,18.65,0.007762,144779,1091.0,82.43,0.041747,140777,1066.7,89.84,0.041136,143326,1017.9,158.68,0.077522,103801,982.7,258.7,0.114483,68994,870.1,112.41,0.030926,90943,917.7,47.89,0.03009,97324,878.3,-58.58,-0.041158
249,249.06,0.0046123,109769,1055.5,246.59,0.052754,87104,997.7,393.12,0.080874,144741,1091.5,85.32,0.043179,141091,1067.9,93.71,0.042959,142491,1014.9,154.74,0.075377,106007,989.1,257.78,0.115748,78019,896.6,155.45,0.046932,90607,917.5,44.93,0.028134,100355,884.5,-53.3,-0.038344,226275,1111.5,-0.53,-0.000223,209138,1197.5,20.61,0.008481,144741,1091.5,85.32,0.043179,141091,1067.9,93.71,0.042959,142491,1014.9,154.74,0.075377,106007,989.1,257.78,0.115748,78019,896.6,155.45,0.046932,90607,917.5,44.93,0.028134,100355,884.5,-53.3,-0.038344
250,250.04,0.0046304,107907,1051.1,248.71,0.052521,94282,1017.1,350.99,0.076664,144493,1091.7,87.24,0.044066,141391,1069.1,97.58,0.044777,141100,1010.9,149.75,0.072525,107150,992.7,252.53,0.114195,96582,944.2,242.41,0.086037,90201,917.2,42.15,0.026284,102685,889.1,-50.22,-0.036776,226928,1112.3,-0.55,-0.00023,205722,1192.8,23.35,0.009489,144493,1091.7,87.24,0.044066,141391,1069.1,97.58,0.044777,141100,1010.9,149.75,0.072525,107150,992.7,252.53,0.114195,96582,944.2,242.41,0.086037,90201,917.2,42.15,0.026284,102685,889.1,-50.22,-0.036776
251,251.08,0.0046497,105966,1046.5,250.74,0.052226,120507,1079.6,229.16,0.060273,144216,1091.8,89.11,0.044922,141566,1070.2,101.35,0.046512,139149,1005.6,143.68,0.068978,107667,994.8,248.53,0.112695,106213,968.9,275.85,0.104916,89682,916.5,39.37,0.024426,104413,892.6,-49.49,-0.036709,227400,1112.9,-0.29,-0.000122,201880,1187.4,27.69,0.011093,144216,1091.8,89.11,0.044922,141566,1070.2,101.35,0.046512,139149,1005.6,143.68,0.068978,107667,994.8,248.53,0.112695,106213,968.9,275.85,0.104916,89682,916.5,39.37,0.024426,104413,892.6,-49.49,-0.036709
252,252.06,0.0046678,104189,1042.2,252.43,0.051911,141077,1119.3,146.22,0.043425,144925,1093.7,94.03,0.047553,141434,1070.7,104.06,0.047693,137134,1000.4,138.05,0.065659,107949,996.1,244.85,0.11117,108931,977.1,278.75,0.107819,89123,915.7,36.9,0.02277,105258,894.2,-49.53,-0.036968,227287,1112.8,0.16,6.8e-05,198358,1182.3,32.92,0.013016,144925,1093.7,94.03,0.047553,141434,1070.7,104.06,0.047693,137134,1000.4,138.05,0.065659,107949,996.1,244.85,0.11117,108931,977.1,278.75,0.107819,89123,915.7,36.9,0.02277,105258,894.2,-49.53,-0.036968
253,253.04,0.004686,102448,1037.9,253.93,0.05156,147938,1131.3,117.3,0.036146,148443,1100.5,107.89,0.05554,141009,1070.8,105.97,0.048417,135089,995.0,132.85,0.062582,108213,997.3,240.37,0.10928,110045,982.6,273.2,0.106159,88526,914.7,34.54,0.021196,105283,894.3,-49.47,-0.036927,226448,1111.8,0.83,0.000346,195245,1177.7,38.85,0.015178,148443,1100.5,107.89,0.05554,141009,1070.8,105.97,0.048417,135089,995.0,132.85,0.062582,108213,997.3,240.37,0.10928,110045,982.6,273.2,0.106159,88526,914.7,34.54,0.021196,105283,894.3,-49.47,-0.036927
254,254.09,0.0047053,100634,1033.3,255.34,0.051153,149792,1134.3,106.88,0.033258,154953,1112.5,130.75,0.069503,140931,1071.4,109.53,0.04999,132970,989.4,127.88,0.059632,108451,998.3,235.43,0.107159,110847,987.6,265.69,0.103469,87906,913.6,32.19,0.019636,104491,892.8,-47.3,-0.035102,224611,1109.7,1.55,0.000645,192623,1173.6,45.61,0.017639,154953,1112.5,130.75,0.069503,140931,1071.4,109.53,0.04999,132970,989.4,127.88,0.059632,108451,998.3,235.43,0.107159,110847,987.6,265.69,0.103469,87906,913.6,32.19,0.019636,104491,892.8,-47.3,-0.035102
255,255.07,0.0047234,98974,1029.1,256.49,0.050744,150191,1134.9,101.45,0.031636,160703,1123.0,147.6,0.080606,142675,1075.3,119.54,0.05503,131137,984.4,123.86,0.057251,108612,999.0,230.36,0.104931,111460,991.6,259.75,0.101304,87394,912.8,30.12,0.018284,103047,890.0,-40.74,-0.029909,222637,1107.5,1.62,0.00067,190872,1170.7,52.35,0.020112,160703,1123.0,147.6,0.080606,142675,1075.3,119.54,0.05503,131137,984.4,123.86,0.057251,108612,999.0,230.36,0.104931,111460,991.6,259.75,0.101304,87394,912.8,30.12,0.018284,103047,890.0,-40.74,-0.029909
256,256.04,0.0047416,97352,1024.8,257.47,0.050311,150120,1134.6,97.4,0.030365,162606,1127.2,154.45,0.085029,148012,1085.4,141.53,0.066961,129550,979.8,120.63,0.055341,108779,999.7,224.86,0.102509,111414,993.6,256.31,0.099723,86982,912.1,28.07,0.016973,101690,887.3,-31.31,-0.022754,221275,1105.9,1.04,0.000427,189618,1168.5,59.75,0.022846,162606,1127.2,154.45,0.085029,148012,1085.4,141.53,0.066961,129550,979.8,120.63,0.055341,108779,999.7,224.86,0.102509,111414,993.6,256.31,0.099723,86982,912.1,28.07,0.016973,101690,887.3,-31.31,-0.022754
257,257.09,0.0047609,95664,1020.3,258.34,0.049826,149527,1133.5,94.51,0.029377,162624,1128.2,156.44,0.086064,154054,1096.7,165.55,0.080684,128206,975.6,118.23,0.053907,109123,1000.8,218.88,0.099989,110925,994.1,255.01,0.098723,86667,911.7,25.7,0.015492,100996,886.0,-19.52,-0.014107,220989,1105.6,0.05,1.9e-05,188386,1166.2,68.65,0.026131,162624,1128.2,156.44,0.086064,154054,1096.7,165.55,0.080684,128206,975.6,118.23,0.053907,109123,1000.8,218.88,0.099989,110925,994.1,255.01,0.098723,86667,911.7,25.7,0.015492,100996,886.0,-19.52,-0.014107
258,258.07,0.004779,94120,1016.1,259.01,0.049351,148408,1131.5,93.29,0.028831,161908,1127.6,156.77,0.085909,156873,1102.6,178.4,0.088062,127329,972.6,117.1,0.053188,109486,1001.9,212.56,0.09732,109739,992.3,253.9,0.097425,86483,911.5,23.12,0.01391,101167,886.4,-7.99,-0.00578,221862,1106.6,-0.89,-0.000368,187008,1163.6,77.74,0.029441,161908,1127.6,156.77,0.085909,156873,1102.6,178.4,0.088062,127329,972.6,117.1,0.053188,109486,1001.9,212.56,0.09732,109739,992.3,253.9,0.097425,86483,911.5,23.12,0.01391,101167,886.4,-7.99,-0.00578
259,259.05,0.0047972,92610,1011.9,259.53,0.048858,146809,1128.7,93.49,0.028654,161009,1126.5,157.17,0.085738,157499,1105.1,183.99,0.090982,126797,970.3,116.66,0.052896,109833,1002.8,205.57,0.094331,108386,991.7,255.71,0.09697,86412,911.6,19.99,0.012012,101944,888.0,2.06,0.001497,223397,1108.5,-1.31,-0.000544,185528,1160.8,86.51,0.032579,161009,1126.5,157.17,0.085738,157499,1105.1,183.99,0.090982,126797,970.3,116.66,0.052896,109833,1002.8,205.57,0.094331,108386,991.7,255.71,0.09697,86412,911.6,19.99,0.012012,101944,888.0,2.06,0.001497
260,260.09,0.0048165,91038,1007.5,259.94,0.048316,144309,1124.6,96.78,0.029264,160188,1125.1,158.15,0.08593,156726,1105.2,185.52,0.091276,126677,968.7,117.24,0.053195,110081,1003.5,198.42,0.091196,106574,989.0,258.39,0.096607,86398,911.8,16.12,0.009683,102979,890.0,9.54,0.006999,224666,1110.0,-0.87,-0.000363,184158,1158.1,94.26,0.035317,160188,1125.1,158.15,0.08593,156726,1105.2,185.52,0.091276,126677,968.7,117.24,0.053195,110081,1003.5,198.42,0.091196,106574,989.0,258.39,0.096607,86398,911.8,16.12,0.009683,102979,890.0,9.54,0.006999
261,261.07,0.0048347,89597,1003.4,260.19,0.047794,141632,1119.8,101.16,0.030151,159374,1123.6,159.02,0.086081,155681,1105.0,185.79,0.09082,126775,967.7,118.41,0.053826,110075,1003.5,192.68,0.088555,104718,985.9,260.96,0.096172,86485,912.1,11.95,0.007184,103752,891.5,13.47,0.00994,224824,1110.2,0.0,1e-06,183065,1155.8,100.01,0.037325,159374,1123.6,159.02,0.086081,155681,1105.0,185.79,0.09082,126775,967.7,118.41,0.053826,110075,1003.5,192.68,0.088555,104718,985.9,260.96,0.096172,86485,912.1,11.95,0.007184,103752,891.5,13.47,0.00994
262,262.05,0.0048528,88188,999.3,260.32,0.047258,139386,1115.9,104.14,0.030654,158437,1121.8,159.58,0.086017,154849,1104.9,186.68,0.090775,126884,966.8,119.95,0.054618,109785,1002.8,188.36,0.086396,102845,982.5,263.57,0.095727,86669,912.7,7.16,0.00431,104150,892.2,15.46,0.011442,223807,1109.1,1.06,0.00044,181847,1153.3,105.36,0.039145,158437,1121.8,159.58,0.086017,154849,1104.9,186.68,0.090775,126884,966.8,119.95,0.054618,109785,1002.8,188.36,0.086396,102845,982.5,263.57,0.095727,86669,912.7,7.16,0.00431,104150,892.2,15.46,0.011442
263,263.04,0.004871,86809,995.1,260.32,0.046712,137922,1113.4,104.38,0.030467,157437,1119.8,159.95,0.085827,154096,1104.9,187.8,0.090873,126821,966.0,121.94,0.055549,109135,1001.4,185.49,0.084699,100982,978.8,266.29,0.095319,86945,913.4,1.88,0.001137,104089,892.0,17.19,0.012716,221303,1106.2,2.31,0.000951,180066,1150.0,111.8,0.041251,157437,1119.8,159.95,0.085827,154096,1104.9,187.8,0.090873,126821,966.0,121.94,0.055549,109135,1001.4,185.49,0.084699,100982,978.8,266.29,0.095319,86945,913.4,1.88,0.001137,104089,892.0,17.19,0.012716
264,264.08,0.0048905,85371,990.8,260.19,0.046118,137473,1113.1,100.86,0.02935,156275,1117.5,160.03,0.085406,153182,1104.7,188.57,0.090722,126329,964.5,125.53,0.057049,108010,998.8,183.88,0.08331,99046,974.8,269.08,0.094862,87341,914.4,-4.11,-0.002486,103339,890.5,20.38,0.014994,217457,1101.7,3.2,0.001298,177177,1144.9,121.25,0.044214,156275,1117.5,160.03,0.085406,153182,1104.7,188.57,0.090722,126329,964.5,125.53,0.057049,108010,998.8,183.88,0.08331,99046,974.8,269.08,0.094862,87341,914.4,-4.11,-0.002486,103339,890.5,20.38,0.014994
265,265.07,0.0049087,84052,986.7,259.95,0.045551,138914,1116.3,90.27,0.026469,155177,1115.5,160.06,0.084977,152234,1104.4,188.94,0.090363,125318,962.3,131.41,0.059378,106584,995.6,183.42,0.08227,97344,971.1,271.47,0.094414,87817,915.4,-9.9,-0.006021,102066,887.8,25.02,0.018234,213536,1097.1,3.42,0.001369,173692,1139.0,132.46,0.047597,155177,1115.5,160.06,0.084977,152234,1104.4,188.94,0.090363,125318,962.3,131.41,0.059378,106584,995.6,183.42,0.08227,97344,971.1,271.47,0.094414,87817,915.4,-9.9,-0.006021,102066,887.8,25.02,0.018234
266,266.05,0.0049269,82761,982.6,259.59,0.044976,143016,1124.2,70.27,0.021065,154156,1113.7,160.31,0.084685,151231,1103.9,189.0,0.089839,123776,959.3,140.31,0.062817,104834,991.6,183.41,0.081243,95766,967.6,273.42,0.093889,88409,916.6,-15.69,-0.009597,100584,884.7,30.19,0.021759,209770,1092.6,3.32,0.00131,169990,1132.7,144.68,0.051163,154156,1113.7,160.31,0.084685,151231,1103.9,189.0,0.089839,123776,959.3,140.31,0.062817,104834,991.6,183.41,0.081243,95766,967.6,273.42,0.093889,88409,916.6,-15.69,-0.009597,100584,884.7,30.19,0.021759
267,267.04,0.0049452,81498,978.6,259.11,0.044391,146316,1130.5,53.19,0.016222,153187,1112.1,160.67,0.084467,150216,1103.2,188.84,0.089219,121919,955.8,151.98,0.067266,102873,987.1,183.65,0.080193,94382,964.6,274.21,0.093092,89115,918.0,-21.37,-0.013154,99135,881.6,34.94,0.024912,206216,1088.3,3.2,0.001248,166560,1126.8,156.51,0.054515,153187,1112.1,160.67,0.084467,150216,1103.2,188.84,0.089219,121919,955.8,151.98,0.067266,102873,987.1,183.65,0.080193,94382,964.6,274.21,0.093092,89115,918.0,-21.37,-0.013154,99135,881.6,34.94,0.024912
268,268.1,0.0049647,80180,974.2,258.48,0.04376,147562,1133.1,42.86,0.013151,152268,1110.6,161.36,0.08443,149221,1102.2,188.66,0.088619,119791,952.0,166.13,0.072531,100703,982.0,184.23,0.079157,93100,961.8,272.99,0.091682,89926,919.6,-27.38,-0.016977,97828,878.8,38.66,0.027287,202480,1083.7,3.24,0.001246,163479,1121.3,167.41,0.057511,152268,1110.6,161.36,0.08443,149221,1102.2,188.66,0.088619,119791,952.0,166.13,0.072531,100703,982.0,184.23,0.079157,93100,961.8,272.99,0.091682,89926,919.6,-27.38,-0.016977,97828,878.8,38.66,0.027287
269,269.08,0.004983,78972,970.2,257.83,0.043171,147638,1133.4,36.81,0.011297,151611,1109.7,162.55,0.084759,148429,1101.4,188.46,0.08812,117712,948.5,179.51,0.077293,98676,977.2,185.09,0.078308,92011,959.2,270.56,0.090052,90617,920.8,-33.34,-0.020805,96926,876.8,40.47,0.028364,198808,1079.1,3.48,0.001319,161211,1117.3,174.89,0.05946,151611,1109.7,162.55,0.084759,148429,1101.4,188.46,0.08812,117712,948.5,179.51,0.077293,98676,977.2,185.09,0.078308,92011,959.2,270.56,0.090052,90617,920.8,-33.34,-0.020805,96926,876.8,40.47,0.028364
270,270.07,0.0050014,77787,966.2,257.11,0.042579,147427,1133.3,31.81,0.009751,151133,1109.1,164.18,0.08538,147788,1100.6,188.2,0.08768,115502,945.1,191.83,0.081342,96796,972.6,186.62,0.077815,91062,957.3,266.93,0.088099,91170,921.5,-39.8,-0.024968,96314,875.5,40.78,0.028447,194845,1074.1,3.82,0.001426,159560,1114.3,178.78,0.060323,151133,1109.1,164.18,0.08538,147788,1100.6,188.2,0.08768,115502,945.1,191.83,0.081342,96796,972.6,186.62,0.077815,91062,957.3,266.93,0.088099,91170,921.5,-39.8,-0.024968,96314,875.5,40.78,0.028447
271,271.06,0.0050197,76630,962.3,256.29,0.041983,147040,1132.8,27.35,0.008365,150800,1108.8,166.05,0.086183,147371,1100.0,188.05,0.087412,113163,941.8,202.67,0.084491,95203,968.6,189.0,0.077832,90324,955.5,261.9,0.085902,92152,923.1,-43.58,-0.02758,95884,874.5,40.29,0.02801,190635,1068.7,4.12,0.001513,158411,1112.2,179.13,0.060119,150800,1108.8,166.05,0.086183,147371,1100.0,188.05,0.087412,113163,941.8,202.67,0.084491,95203,968.6,189.0,0.077832,90324,955.5,261.9,0.085902,92152,923.1,-43.58,-0.02758,95884,874.5,40.29,0.02801
272,272.05,0.005038,75494,958.4,255.36,0.041379,146552,1132.1,23.18,0.007071,150596,1108.8,167.99,0.087077,147298,1100.0,188.07,0.087381,110963,939.2,212.97,0.087302,93891,965.1,191.57,0.078084,89771,954.2,255.98,0.083558,95562,930.4,-37.21,-0.02423,95591,873.8,38.78,0.026898,186344,1063.1,4.26,0.001537,157721,1110.9,177.66,0.059433,150596,1108.8,167.99,0.087077,147298,1100.0,188.07,0.087381,110963,939.2,212.97,0.087302,93891,965.1,191.57,0.078084,89771,954.2,255.98,0.083558,95562,930.4,-37.21,-0.02423,95591,873.8,38.78,0.026898
273,273.04,0.0050563,74359,954.4,254.37,0.040769,145939,1131.2,19.41,0.0059,150443,1108.9,169.73,0.087884,147512,1100.5,188.26,0.087557,110667,940.7,229.92,0.093844,92835,962.1,193.81,0.078357,89567,953.8,249.54,0.081307,108885,959.1,13.86,0.009977,95382,873.3,36.69,0.025404,182182,1057.5,4.2,0.001489,157428,1110.3,174.34,0.058249,150443,1108.9,169.73,0.087884,147512,1100.5,188.26,0.087557,110667,940.7,229.92,0.093844,92835,962.1,193.81,0.078357,89567,953.8,249.54,0.081307,108885,959.1,13.86,0.009977,95382,873.3,36.69,0.025404
274,274.1,0.0050759,73152,950.0,253.47,0.040148,145141,1129.9,15.98,0.004838,150289,1109.0,171.02,0.088454,147913,1101.2,187.96,0.087595,113859,950.2,261.4,0.108681,91950,959.2,195.72,0.078605,89889,954.5,242.15,0.079119,124713,990.7,66.58,0.05314,95196,872.9,34.06,0.023554,178050,1052.0,3.98,0.001387,158535,1111.9,169.2,0.056845,150289,1109.0,171.02,0.088454,147913,1101.2,187.96,0.087595,113859,950.2,261.4,0.108681,91950,959.2,195.72,0.078605,89889,954.5,242.15,0.079119,124713,990.7,66.58,0.05314,95196,872.9,34.06,0.023554
275,275.09,0.0050942,72053,946.1,252.72,0.039592,144260,1128.4,13.24,0.003988,150180,1109.1,171.52,0.088638,148542,1102.2,187.29,0.087577,117531,961.3,291.48,0.123643,91355,957.0,196.94,0.078762,90581,956.1,235.43,0.077388,130824,1003.0,78.2,0.064669,95034,872.5,31.33,0.021639,174482,1047.0,3.76,0.001291,160588,1115.1,163.23,0.055393,150180,1109.1,171.52,0.088638,148542,1102.2,187.29,0.087577,117531,961.3,291.48,0.123643,91355,957.0,196.94,0.078762,90581,956.1,235.43,0.077388,130824,1003.0,78.2,0.064669,95034,872.5,31.33,0.021639
276,276.07,0.0051125,71022,942.4,251.45,0.038979,143276,1126.7,10.81,0.003238,150091,1109.2,171.31,0.088468,149202,1103.1,186.12,0.087349,118530,968.3,309.46,0.131435,91077,955.5,197.58,0.078906,91341,957.7,228.85,0.075728,132983,1008.0,77.61,0.064916,94876,872.1,28.38,0.019577,171115,1042.3,3.65,0.001232,162652,1118.0,159.45,0.054663,150091,1109.2,171.31,0.088468,149202,1103.1,186.12,0.087349,118530,968.3,309.46,0.131435,91077,955.5,197.58,0.078906,91341,957.7,228.85,0.075728,132983,1008.0,77.61,0.064916,94876,872.1,28.38,0.019577
277,277.06,0.0051308,71752,944.1,236.88,0.037033,142240,1124.8,8.61,0.002567,150016,1109.2,170.42,0.087958,149737,1103.6,184.72,0.08696,117272,971.0,317.79,0.133166,91086,954.6,197.69,0.079033,92068,959.3,222.5,0.074091,133715,1010.6,71.04,0.059597,94717,871.8,25.23,0.017382,167802,1037.6,3.68,0.001226,163973,1119.6,157.54,0.054367,150016,1109.2,170.42,0.087958,149737,1103.6,184.72,0.08696,117272,971.0,317.79,0.133166,91086,954.6,197.69,0.079033,92068,959.3,222.5,0.074091,133715,1010.6,71.04,0.059597,94717,871.8,25.23,0.017382
278,278.05,0.005149,85830,986.3,147.9,0.026475,141199,1123.0,6.48,0.00192,150001,1109.4,168.89,0.087156,150041,1103.8,183.35,0.086469,115594,972.5,323.62,0.133457,91324,954.1,197.21,0.079089,92815,960.9,216.68,0.072617,133715,1011.7,66.08,0.055372,94553,871.4,21.89,0.015061,164452,1032.8,3.8,0.001245,164476,1119.8,156.45,0.054146,150001,1109.4,168.89,0.087156,150041,1103.8,183.35,0.086469,115594,972.5,323.62,0.133457,91324,954.1,197.21,0.079089,92815,960.9,216.68,0.072617,133715,1011.7,66.08,0.055372,94553,871.4,21.89,0.015061
279,279.1,0.0051685,93592,1013.0,-30.7,-0.005834,140132,1121.1,4.0,0.001178,150043,1109.5,166.8,0.08609,150092,1103.9,182.0,0.085858,113802,973.5,329.04,0.133462,91774,954.0,195.65,0.078856,93680,962.8,211.28,0.071326,133616,1012.6,62.77,0.052515,94378,871.1,18.13,0.012452,160893,1027.6,3.84,0.001238,164018,1118.4,154.57,0.053414,150043,1109.5,166.8,0.08609,150092,1103.9,182.0,0.085858,113802,973.5,329.04,0.133462,91774,954.0,195.65,0.078856,93680,962.8,211.28,0.071326,133616,1012.6,62.77,0.052515,94378,871.1,18.13,0.012452
280,280.09,0.0051868,93414,1012.4,-103.99,-0.019737,139222,1119.4,1.35,0.000396,150112,1109.6,164.6,0.084985,149943,1103.8,180.9,0.085261,112222,973.8,333.79,0.133466,92364,954.3,192.79,0.078181,94560,964.7,207.19,0.070467,132935,1012.3,61.67,0.051342,94222,870.7,14.43,0.009897,157717,1022.9,3.72,0.001179,162810,1115.6,152.05,0.052288,150112,1109.6,164.6,0.084985,149943,1103.8,180.9,0.085261,112222,973.8,333.79,0.133466,92364,954.3,192.79,0.078181,94560,964.7,207.19,0.070467,132935,1012.3,61.67,0.051342,94222,870.7,14.43,0.009897
281,281.07,0.005205,95337,1016.8,-103.69,-0.019998,138421,1117.9,-1.64,-0.00048,150197,1109.6,162.32,0.083857,149693,1103.7,180.16,0.084775,110711,973.4,338.05,0.133403,93021,954.6,188.79,0.077075,95407,966.4,203.92,0.069851,131837,1011.2,61.65,0.050966,94085,870.4,10.61,0.007268,154809,1018.5,3.45,0.00108,161001,1111.7,149.85,0.051138,150197,1109.6,162.32,0.083857,149693,1103.7,180.16,0.084775,110711,973.4,338.05,0.133403,93021,954.6,188.79,0.077075,95407,966.4,203.92,0.069851,131837,1011.2,61.65,0.050966,94085,870.4,10.61,0.007268
282,282.06,0.0052233,97763,1022.6,-85.21,-0.016758,137705,1116.5,-5.03,-0.001461,150182,1109.3,160.3,0.082828,149286,1103.5,179.49,0.084251,109239,972.3,341.63,0.133173,93716,955.0,184.38,0.075807,96044,967.6,200.9,0.069186,130310,1009.3,63.42,0.051913,93980,870.2,6.73,0.004605,152184,1014.5,3.19,0.000984,158794,1106.9,147.94,0.050009,150182,1109.3,160.3,0.082828,149286,1103.5,179.49,0.084251,109239,972.3,341.63,0.133173,93716,955.0,184.38,0.075807,96044,967.6,200.9,0.069186,130310,1009.3,63.42,0.051913,93980,870.2,6.73,0.004605
283,283.04,0.0052415,99652,1026.9,-68.38,-0.013649,137046,1115.2,-8.74,-0.00253,150035,1108.6,158.58,0.081912,148775,1103.0,178.96,0.083749,107816,970.6,344.55,0.132795,94510,955.5,180.17,0.074665,96468,968.3,198.26,0.06853,128442,1006.7,66.32,0.053648,93918,870.1,2.84,0.001944,149688,1010.6,3.12,0.00095,156396,1101.8,146.71,0.049069,150035,1108.6,158.58,0.081912,148775,1103.0,178.96,0.083749,107816,970.6,344.55,0.132795,94510,955.5,180.17,0.074665,96468,968.3,198.26,0.06853,128442,1006.7,66.32,0.053648,93918,870.1,2.84,0.001944
284,284.09,0.005261,102654,1033.8,-55.04,-0.011242,136389,1113.8,-12.8,-0.003693,149657,1107.3,156.82,0.080889,148132,1102.2,178.71,0.08333,106400,968.3,347.08,0.132321,95475,956.2,176.03,0.073637,96685,968.5,196.08,0.067918,126377,1003.7,69.67,0.055619,93908,870.1,-1.27,-0.000872,146955,1006.3,3.3,0.000992,153743,1096.3,146.05,0.048265,149657,1107.3,156.82,0.080889,148132,1102.2,178.71,0.08333,106400,968.3,347.08,0.132321,95475,956.2,176.03,0.073637,96685,968.5,196.08,0.067918,126377,1003.7,69.67,0.055619,93908,870.1,-1.27,-0.000872
285,285.08,0.0052792,106179,1041.6,-56.79,-0.011907,135793,1112.6,-16.45,-0.00473,149028,1105.6,155.03,0.079749,147494,1101.2,178.82,0.083102,105222,966.0,348.94,0.131872,96402,956.8,172.14,0.072666,96724,968.0,194.73,0.06751,124594,1001.1,72.4,0.057135,93948,870.1,-5.1,-0.003493,144064,1001.7,3.84,0.001136,151223,1091.0,145.64,0.04757,149028,1105.6,155.03,0.079749,147494,1101.2,178.82,0.083102,105222,966.0,348.94,0.131872,96402,956.8,172.14,0.072666,96724,968.0,194.73,0.06751,124594,1001.1,72.4,0.057135,93948,870.1,-5.1,-0.003493
286,286.06,0.0052975,109793,1049.4,-69.93,-0.015049,135192,1111.2,-19.8,-0.005677,148188,1103.5,153.15,0.078488,146792,1100.0,178.75,0.082762,104241,963.7,350.25,0.131447,97084,956.7,167.71,0.071303,96737,967.2,194.13,0.067365,123065,998.9,74.41,0.058128,94032,870.3,-8.93,-0.006119,140613,996.1,4.68,0.00136,148627,1085.6,145.13,0.046817,148188,1103.5,153.15,0.078488,146792,1100.0,178.75,0.082762,104241,963.7,350.25,0.131447,97084,956.7,167.71,0.071303,96737,967.2,194.13,0.067365,123065,998.9,74.41,0.058128,94032,870.3,-8.93,-0.006119
287,287.05,0.0053157,114260,1059.0,-78.39,-0.017398,134586,1109.9,-22.81,-0.006519,147237,1101.3,151.52,0.077315,145959,1098.6,178.05,0.082073,103522,961.8,351.22,0.13117,97431,955.8,163.19,0.069694,96784,966.2,194.04,0.067435,121822,997.2,75.56,0.058527,94145,870.5,-12.77,-0.008757,136588,989.5,5.55,0.001577,145961,1080.3,144.48,0.046,147237,1101.3,151.52,0.077315,145959,1098.6,178.05,0.082073,103522,961.8,351.22,0.13117,97431,955.8,163.19,0.069694,96784,966.2,194.04,0.067435,121822,997.2,75.56,0.058527,94145,870.5,-12.77,-0.008757
288,288.1,0.0053352,118908,1068.8,-78.17,-0.017889,133965,1108.4,-25.66,-0.007309,146228,1098.8,150.35,0.076358,144965,1097.0,176.59,0.080965,103075,960.3,351.92,0.131061,97877,955.0,160.43,0.068891,96800,965.3,193.93,0.067471,120759,996.0,75.86,0.058319,94272,870.7,-16.86,-0.011575,131878,981.5,6.24,0.001726,143075,1074.6,143.57,0.045042,146228,1098.8,150.35,0.076358,144965,1097.0,176.59,0.080965,103075,960.3,351.92,0.131061,97877,955.0,160.43,0.068891,96800,965.3,193.93,0.067471,120759,996.0,75.86,0.058319,94272,870.7,-16.86,-0.011575
289,289.08,0.0053534,122520,1076.3,-72.79,-0.017045,133428,1107.1,-28.14,-0.007992,145421,1096.9,149.92,0.075856,144045,1095.5,174.85,0.07977,102923,959.5,352.3,0.131115,99264,956.3,163.51,0.071108,96721,964.4,193.18,0.067222,119896,994.9,75.5,0.057683,94376,870.9,-20.69,-0.014212,127343,973.6,6.57,0.001768,140404,1069.6,142.45,0.044064,145421,1096.9,149.92,0.075856,144045,1095.5,174.85,0.07977,102923,959.5,352.3,0.131115,99264,956.3,163.51,0.071108,96721,964.4,193.18,0.067222,119896,994.9,75.5,0.057683,94376,870.9,-20.69,-0.014212
290,290.07,0.0053716,126905,1085.2,-59.95,-0.014421,132939,1105.9,-30.62,-0.008674,144820,1095.3,150.16,0.075772,143213,1094.1,173.1,0.078611,102997,959.2,352.7,0.131399,102332,961.1,174.24,0.077725,96536,963.1,191.19,0.066493,119065,993.9,74.6,0.056658,94450,871.0,-24.49,-0.016837,122963,965.7,6.51,0.001706,137853,1064.9,141.07,0.043033,144820,1095.3,150.16,0.075772,143213,1094.1,173.1,0.078611,102997,959.2,352.7,0.131399,102332,961.1,174.24,0.077725,96536,963.1,191.19,0.066493,119065,993.9,74.6,0.056658,94450,871.0,-24.49,-0.016837
291,291.05,0.0053899,130296,1091.8,-48.42,-0.011887,132481,1104.8,-33.22,-0.009387,144383,1094.1,150.72,0.075909,142545,1092.9,171.68,0.077688,103179,959.3,352.95,0.131707,106127,967.2,187.22,0.086071,96664,962.5,189.5,0.06603,118195,992.7,73.39,0.055397,94493,871.0,-28.22,-0.01941,118999,958.5,6.06,0.001547,135490,1060.6,139.4,0.041962,144383,1094.1,150.72,0.075909,142545,1092.9,171.68,0.077688,103179,959.3,352.95,0.131707,106127,967.2,187.22,0.086071,96664,962.5,189.5,0.06603,118195,992.7,73.39,0.055397,94493,871.0,-28.22,-0.01941
292,292.04,0.0054081,133530,1098.0,-36.5,-0.009131,132041,1103.6,-35.85,-0.010108,143971,1093.0,151.08,0.075952,142079,1092.0,170.89,0.077144,103508,959.9,353.2,0.132147,108633,970.0,193.52,0.090804,97927,965.0,191.1,0.067283,117211,991.3,72.2,0.054128,94524,871.0,-31.8,-0.021883,115616,952.1,5.32,0.001328,133308,1056.6,137.63,0.040916,143971,1093.0,151.08,0.075952,142079,1092.0,170.89,0.077144,103508,959.9,353.2,0.132147,108633,970.0,193.52,0.090804,97927,965.0,191.1,0.067283,117211,991.3,72.2,0.054128,94524,871.0,-31.8,-0.021883
293,293.08,0.0054274,141098,1113.4,-6.21,-0.001618,131606,1102.4,-38.47,-0.010823,143397,1091.6,150.69,0.075546,141721,1091.1,170.79,0.076964,103886,960.5,352.17,0.132156,109587,969.4,193.56,0.091678,101550,972.3,200.91,0.072802,115978,989.3,71.32,0.053012,94563,871.0,-35.38,-0.024352,112654,946.4,4.46,0.001091,131145,1052.7,135.67,0.039827,143397,1091.6,150.69,0.075546,141721,1091.1,170.79,0.076964,103886,960.5,352.17,0.132156,109587,969.4,193.56,0.091678,101550,972.3,200.91,0.072802,115978,989.3,71.32,0.053012,94563,871.0,-35.38,-0.024352
294,294.06,0.0054456,142746,1117.4,3.07,0.000806,131259,1101.4,-40.62,-0.011407,142670,1090.1,149.32,0.074587,141390,1090.3,171.2,0.07703,104446,961.5,350.05,0.13193,109637,967.2,191.9,0.09114,105952,980.9,212.73,0.079725,114597,986.9,71.15,0.052382,94589,871.0,-38.59,-0.02657,110559,942.3,3.38,0.000815,129210,1049.3,133.68,0.038788,142670,1090.1,149.32,0.074587,141390,1090.3,171.2,0.07703,104446,961.5,350.05,0.13193,109637,967.2,191.9,0.09114,105952,980.9,212.73,0.079725,114597,986.9,71.15,0.052382,94589,871.0,-38.59,-0.02657
295,295.04,0.0054637,144629,1121.7,12.38,0.003283,130961,1100.5,-42.67,-0.011965,141780,1088.3,147.23,0.073202,140805,1088.9,171.62,0.076995,105107,962.8,346.5,0.131247,109445,964.8,189.97,0.090293,109239,986.2,216.01,0.083018,113014,984.1,72.22,0.052582,94545,870.9,-42.02,-0.028922,109490,940.2,1.56,0.000373,127309,1046.1,131.59,0.037736,141780,1088.3,147.23,0.073202,140805,1088.9,171.62,0.076995,105107,962.8,346.5,0.131247,109445,964.8,189.97,0.090293,109239,986.2,216.01,0.083018,113014,984.1,72.22,0.052582,94545,870.9,-42.02,-0.028922
296,296.08,0.005483,146727,1126.0,22.43,0.006013,130589,1099.4,-45.48,-0.012729,140704,1086.3,144.7,0.07153,139675,1086.5,171.99,0.076714,105928,964.5,341.63,0.13018,109248,962.6,187.3,0.089064,111575,988.8,211.37,0.082752,111291,981.0,74.23,0.053394,94386,870.5,-46.22,-0.031771,109816,940.9,-0.87,-0.000209,125295,1042.8,129.27,0.0366,140704,1086.3,144.7,0.07153,139675,1086.5,171.99,0.076714,105928,964.5,341.63,0.13018,109248,962.6,187.3,0.089064,111575,988.8,211.37,0.082752,111291,981.0,74.23,0.053394,94386,870.5,-46.22,-0.031771
297,297.06,0.005501,152778,1137.3,47.37,0.013091,129904,1097.7,-50.09,-0.013969,139603,1084.3,142.26,0.069903,138132,1083.2,172.61,0.076368,106794,966.4,336.22,0.128912,109124,960.9,184.66,0.08786,113382,990.6,203.12,0.080665,109824,978.4,76.49,0.054438,94404,870.6,-49.32,-0.033907,111526,944.3,-3.2,-0.000778,123452,1039.9,127.02,0.035534,139603,1084.3,142.26,0.069903,138132,1083.2,172.61,0.076368,106794,966.4,336.22,0.128912,109124,960.9,184.66,0.08786,113382,990.6,203.12,0.080665,109824,978.4,76.49,0.054438,94404,870.6,-49.32,-0.033907
298,298.1,0.0055203,153548,1138.7,52.01,0.014427,128350,1094.3,-59.24,-0.016374,138297,1081.9,139.77,0.068187,136126,1079.0,173.79,0.076071,107881,968.8,329.85,0.127435,109021,959.4,181.39,0.086354,115024,992.0,192.09,0.077278,108495,976.0,78.87,0.055586,95440,872.9,-48.65,-0.033722,114383,949.9,-4.66,-0.001153,121605,1037.1,124.57,0.034417,138297,1081.9,139.77,0.068187,136126,1079.0,173.79,0.076071,107881,968.8,329.85,0.127435,109021,959.4,181.39,0.086354,115024,992.0,192.09,0.077278,108495,976.0,78.87,0.055586,95440,872.9,-48.65,-0.033722
299,299.07,0.0055383,154755,1140.7,57.77,0.01612,125952,1089.1,-72.34,-0.019713,136906,1079.4,137.86,0.066733,134040,1074.6,175.23,0.075838,108957,971.3,323.11,0.125753,109054,958.5,176.98,0.084368,116601,993.5,182.55,0.074335,107488,974.2,80.73,0.056479,102092,886.9,-21.52,-0.015706,117221,955.3,-4.61,-0.001164,120043,1034.9,122.14,0.033383,136906,1079.4,137.86,0.066733,134040,1074.6,175.23,0.075838,108957,971.3,323.11,0.125753,109054,958.5,176.98,0.084368,116601,993.5,182.55,0.074335,107488,974.2,80.73,0.056479,102092,886.9,-21.52,-0.015706
300,300.04,0.0055563,155346,1141.7,60.9,0.017044,122979,1082.6,-88.12,-0.023587,135325,1076.5,136.64,0.065552,131838,1069.9,176.8,0.075592,110103,974.1,316.47,0.124113,109280,957.9,171.47,0.081957,118056,994.6,173.5,0.071455,106673,972.7,82.2,0.057155,116760,915.0,36.31,0.029379,119410,959.5,-3.34,-0.000856,118670,1033.1,119.48,0.032339,135325,1076.5,136.64,0.065552,131838,1069.9,176.8,0.075592,110103,974.1,316.47,0.124113,109280,957.9,171.47,0.081957,118056,994.6,173.5,0.071455,106673,972.7,82.2,0.057155,116760,915.0,36.31,0.029379
301,301.07,0.0055755,159240,1147.9,75.04,0.021415,119733,1075.4,-104.8,-0.027494,133420,1073.1,136.18,0.064621,129433,1064.7,178.54,0.075303,111163,976.9,309.88,0.122347,109826,958.4,165.14,0.079282,119482,995.4,163.61,0.068144,105996,971.4,83.4,0.057697,126314,931.5,69.09,0.059402,120544,961.6,-1.42,-0.000366,117377,1031.6,116.28,0.031177,133420,1073.1,136.18,0.064621,129433,1064.7,178.54,0.075303,111163,976.9,309.88,0.122347,109826,958.4,165.14,0.079282,119482,995.4,163.61,0.068144,105996,971.4,83.4,0.057697,126314,931.5,69.09,0.059402
302,302.04,0.0055934,160071,1148.9,77.73,0.022276,117107,1069.4,-117.59,-0.030341,131461,1069.5,136.44,0.064009,127178,1059.9,180.21,0.075025,111851,979.0,304.66,0.120761,110636,959.2,157.66,0.076189,120946,996.2,153.66,0.064725,105572,970.6,84.29,0.058126,128947,936.2,75.16,0.065635,120526,961.6,0.18,4.7e-05,116240,1030.3,112.85,0.030002,131461,1069.5,136.44,0.064009,127178,1059.9,180.21,0.075025,111851,979.0,304.66,0.120761,110636,959.2,157.66,0.076189,120946,996.2,153.66,0.064725,105572,970.6,84.29,0.058126,128947,936.2,75.16,0.065635
303,303.08,0.0056126,160518,1149.2,80.33,0.023081,115128,1064.7,-126.37,-0.032198,129261,1065.4,137.29,0.063569,124803,1054.9,182.02,0.074719,112152,980.7,300.08,0.11907,111877,960.8,148.46,0.072426,122698,997.6,141.67,0.060456,105361,970.2,84.99,0.05852,129586,937.1,74.29,0.065128,119678,960.0,1.41,0.000362,115011,1028.9,108.69,0.02863,129261,1065.4,137.29,0.063569,124803,1054.9,182.02,0.074719,112152,980.7,300.08,0.11907,111877,960.8,148.46,0.072426,122698,997.6,141.67,0.060456,105361,970.2,84.99,0.05852,129586,937.1,74.29,0.065128
304,304.05,0.0056305,162620,1151.7,87.9,0.025531,114050,1062.0,-130.0,-0.032897,127166,1061.5,138.47,0.06331,122615,1050.2,183.69,0.074409,112037,981.6,296.45,0.117404,113229,963.0,139.59,0.068769,124430,999.1,130.03,0.056186,105374,970.2,85.27,0.058716,129476,936.8,71.48,0.062632,118366,957.6,2.18,0.000554,113772,1027.3,104.25,0.027206,127166,1061.5,138.47,0.06331,122615,1050.2,183.69,0.074409,112037,981.6,296.45,0.117404,113229,963.0,139.59,0.068769,124430,999.1,130.03,0.056186,105374,970.2,85.27,0.058716,129476,936.8,71.48,0.062632
305,305.08,0.0056496,162193,1150.0,86.31,0.025039,113556,1060.6,-130.05,-0.032812,124968,1057.3,140.08,0.063192,120336,1045.4,185.42,0.074053,111714,982.2,293.07,0.115652,114776,965.3,130.72,0.06512,125987,1000.3,119.01,0.052003,105523,970.5,85.4,0.058872,128170,934.7,71.58,0.062234,116657,954.4,2.66,0.000669,112331,1025.2,98.82,0.025512,124968,1057.3,140.08,0.063192,120336,1045.4,185.42,0.074053,111714,982.2,293.07,0.115652,114776,965.3,130.72,0.06512,125987,1000.3,119.01,0.052003,105523,970.5,85.4,0.058872,128170,934.7,71.58,0.062234
306,306.04,0.0056675,161988,1148.4,85.52,0.024813,113427,1060.0,-127.72,-0.032204,122976,1053.4,141.89,0.063216,118264,1041.0,187.02,0.073716,111289,982.7,290.65,0.114204,116378,967.8,122.93,0.061932,126864,1000.5,111.3,0.048968,105722,971.0,84.91,0.058617,124392,928.9,81.93,0.069563,114902,951.0,2.93,0.000729,110907,1023.1,93.0,0.023756,122976,1053.4,141.89,0.063216,118264,1041.0,187.02,0.073716,111289,982.7,290.65,0.114204,116378,967.8,122.93,0.061932,126864,1000.5,111.3,0.048968,105722,971.0,84.91,0.058617,124392,928.9,81.93,0.069563
307,307.08,0.0056866,164253,1150.2,93.05,0.027335,114242,1061.5,-120.63,-0.030591,120901,1049.3,143.9,0.063278,116148,1036.5,188.79,0.073398,110718,983.1,288.79,0.112845,118224,970.8,113.85,0.058089,127048,999.4,105.96,0.046735,105999,971.6,84.01,0.058113,116862,915.8,106.9,0.086486,112930,947.2,3.14,0.00077,109397,1020.7,86.07,0.021737,120901,1049.3,143.9,0.063278,116148,1036.5,188.79,0.073398,110718,983.1,288.79,0.112845,118224,970.8,113.85,0.058089,127048,999.4,105.96,0.046735,105999,971.6,84.01,0.058113,116862,915.8,106.9,0.086486
308,308.04,0.0057045,162405,1145.9,86.79,0.025305,116212,1065.5,-108.58,-0.027904,119023,1045.6,145.9,0.063387,114266,1032.6,190.56,0.073168,110258,983.3,288.15,0.112112,120011,973.8,104.52,0.053969,126861,998.1,103.36,0.045579,106308,972.2,83.14,0.05764,109285,902.3,133.87,0.102803,111024,943.5,3.28,0.000794,108066,1018.5,79.02,0.019757,119023,1045.6,145.9,0.063387,114266,1032.6,190.56,0.073168,110258,983.3,288.15,0.112112,120011,973.8,104.52,0.053969,126861,998.1,103.36,0.045579,106308,972.2,83.14,0.05764,109285,902.3,133.87,0.102803
309,309.07,0.0057235,162996,1144.8,88.45,0.025905,118756,1070.7,-93.84,-0.024524,117107,1041.7,148.15,0.063562,112347,1028.5,192.5,0.072956,109678,984.0,288.83,0.111695,121850,976.8,94.18,0.04922,126182,995.8,102.78,0.045187,106744,973.1,82.49,0.057372,102859,890.6,157.58,0.115393,108978,939.5,3.35,0.000799,106777,1016.4,71.16,0.017616,117107,1041.7,148.15,0.063562,112347,1028.5,192.5,0.072956,109678,984.0,288.83,0.111695,121850,976.8,94.18,0.04922,126182,995.8,102.78,0.045187,106744,973.1,82.49,0.057372,102859,890.6,157.58,0.115393
310,310.04,0.0057414,163946,1144.2,91.2,0.02688,121556,1076.4,-78.47,-0.020881,115374,1038.1,150.27,0.063735,110623,1024.9,194.33,0.072777,109045,984.2,290.74,0.111767,123119,978.8,85.56,0.045091,125273,993.0,103.81,0.045441,107241,974.0,82.02,0.057259,98850,883.6,172.25,0.122179,107107,935.7,3.31,0.00078,105698,1014.5,63.77,0.015654,115374,1038.1,150.27,0.063735,110623,1024.9,194.33,0.072777,109045,984.2,290.74,0.111767,123119,978.8,85.56,0.045091,125273,993.0,103.81,0.045441,107241,974.0,82.02,0.057259,98850,883.6,172.25,0.122179
311,311.07,0.0057605,163582,1141.7,89.29,0.026316,126002,1085.2,-56.55,-0.015472,113583,1034.4,152.49,0.063904,108871,1021.2,196.34,0.072628,108167,983.8,293.0,0.111773,123717,979.4,78.31,0.041445,123903,989.5,106.16,0.046123,107759,975.0,81.19,0.056892,96407,880.1,180.26,0.125191,105215,931.9,3.19,0.00074,104669,1012.7,56.21,0.013688,113583,1034.4,152.49,0.063904,108871,1021.2,196.34,0.072628,108167,983.8,293.0,0.111773,123717,979.4,78.31,0.041445,123903,989.5,106.16,0.046123,107759,975.0,81.19,0.056892,96407,880.1,180.26,0.125191
312,312.09,0.0057795,166784,1144.1,99.02,0.029693,132496,1097.9,-27.47,-0.007811,111847,1030.7,154.65,0.064047,107198,1017.6,198.38,0.072506,107042,983.3,294.57,0.111257,123492,978.6,73.41,0.038815,122255,985.4,108.9,0.046878,108203,975.7,79.7,0.056035,95215,879.2,182.53,0.125324,103469,928.3,2.98,0.000684,103726,1011.0,49.17,0.011887,111847,1030.7,154.65,0.064047,107198,1017.6,198.38,0.072506,107042,983.3,294.57,0.111257,123492,978.6,73.41,0.038815,122255,985.4,108.9,0.046878,108203,975.7,79.7,0.056035,95215,879.2,182.53,0.125324
313,313.06,0.0057974,162629,1135.9,84.99,0.025029,138946,1110.0,0.19,5.6e-05,110269,1027.3,156.62,0.06416,105684,1014.4,200.25,0.072388,105878,982.4,295.52,0.110503,122774,976.9,70.87,0.037315,120538,981.3,111.17,0.047378,108682,976.4,78.29,0.055248,94672,879.8,181.97,0.124153,101984,925.2,2.75,0.000624,102946,1009.6,43.35,0.010415,110269,1027.3,156.62,0.06416,105684,1014.4,200.25,0.072388,105878,982.4,295.52,0.110503,122774,976.9,70.87,0.037315,120538,981.3,111.17,0.047378,108682,976.4,78.29,0.055248,94672,879.8,181.97,0.124153
314,314.09,0.0058165,153368,1116.1,59.32,0.016769,144333,1119.7,23.69,0.007197,108613,1023.7,158.56,0.064206,104120,1011.0,202.19,0.072247,104542,981.0,295.87,0.109394,121749,974.5,69.48,0.036367,118674,976.9,113.18,0.047704,109573,978.0,78.09,0.055471,94441,881.8,179.9,0.122158,100560,922.2,2.5,0.000562,102471,1008.8,39.08,0.009354,108613,1023.7,158.56,0.064206,104120,1011.0,202.19,0.072247,104542,981.0,295.87,0.109394,121749,974.5,69.48,0.036367,118674,976.9,113.18,0.047704,109573,978.0,78.09,0.055471,94441,881.8,179.9,0.122158
315,315.05,0.0058343,155585,1114.4,60.14,0.017272,147895,1125.9,40.38,0.012498,107029,1020.1,159.99,0.064061,102699,1007.9,203.96,0.072105,103278,979.8,295.83,0.108192,120531,971.8,69.73,0.036234,116981,972.9,114.5,0.047764,111325,981.4,81.19,0.058392,94271,883.6,176.52,0.119406,99349,919.6,2.31,0.000514,102374,1008.9,36.95,0.008835,107029,1020.1,159.99,0.064061,102699,1007.9,203.96,0.072105,103278,979.8,295.83,0.108192,120531,971.8,69.73,0.036234,116981,972.9,114.5,0.047764,111325,981.4,81.19,0.058392,94271,883.6,176.52,0.119406
316,316.08,0.0058534,158396,1112.2,64.87,0.019004,150674,1130.7,54.81,0.017211,105223,1016.1,160.77,0.063541,101220,1004.7,205.74,0.071918,101928,978.5,295.43,0.106777,119033,968.6,71.3,0.036711,115328,969.0,115.22,0.047581,115004,988.6,91.91,0.067788,94216,885.8,172.29,0.116181,98150,917.0,2.18,0.000479,102727,1010.0,36.8,0.008819,105223,1016.1,160.77,0.063541,101220,1004.7,205.74,0.071918,101928,978.5,295.43,0.106777,119033,968.6,71.3,0.036711,115328,969.0,115.22,0.047581,115004,988.6,91.91,0.067788,94216,885.8,172.29,0.116181
317,317.05,0.0058713,160926,1109.7,71.2,0.02124,152487,1133.7,65.9,0.020887,103384,1011.9,160.67,0.06265,99825,1001.6,207.11,0.071622,100686,977.3,294.83,0.105388,117586,965.3,73.49,0.037507,114042,965.8,115.23,0.047211,118618,995.3,101.87,0.076972,94154,887.9,168.02,0.11296,97079,914.7,2.1,0.000459,103588,1012.1,39.37,0.009494,103384,1011.9,160.67,0.06265,99825,1001.6,207.11,0.071622,100686,977.3,294.83,0.105388,117586,965.3,73.49,0.037507,114042,965.8,115.23,0.047211,118618,995.3,101.87,0.076972,94154,887.9,168.02,0.11296
318,318.08,0.0058904,163415,1106.9,74.89,0.022745,153543,1135.4,75.16,0.023952,101268,1006.9,159.68,0.061288,98255,998.0,207.92,0.071025,99391,976.1,293.95,0.103856,116193,962.1,76.58,0.03875,112922,962.9,114.83,0.046721,121081,999.5,106.38,0.081707,94011,890.0,163.47,0.109479,95977,912.3,2.05,0.000444,105056,1015.7,44.9,0.010943,101268,1006.9,159.68,0.061288,98255,998.0,207.92,0.071025,99391,976.1,293.95,0.103856,116193,962.1,76.58,0.03875,112922,962.9,114.83,0.046721,121081,999.5,106.38,0.081707,94011,890.0,163.47,0.109479
319,319.05,0.0059083,165353,1104.4,76.79,0.02365,153905,1135.9,82.16,0.026229,99153,1001.9,157.99,0.059669,96660,994.3,207.84,0.070104,98216,974.9,293.0,0.102419,114969,959.2,79.42,0.039886,112054,960.6,114.27,0.046247,122475,1001.5,107.16,0.083088,93859,891.9,159.46,0.106396,94988,910.1,1.98,0.000425,106181,1018.6,49.5,0.012158,99153,1001.9,157.99,0.059669,96660,994.3,207.84,0.070104,98216,974.9,293.0,0.102419,114969,959.2,79.42,0.039886,112054,960.6,114.27,0.046247,122475,1001.5,107.16,0.083088,93859,891.9,159.46,0.106396
320,320.08,0.0059274,166927,1101.8,77.93,0.024286,153953,1136.0,89.0,0.028422,96809,996.3,155.58,0.057694,94818,989.9,206.79,0.068722,96992,973.6,291.86,0.10088,113686,956.0,81.65,0.040679,111303,958.6,113.69,0.045804,123263,1002.2,104.93,0.081825,93709,893.8,155.35,0.103262,94013,908.0,1.83,0.00039,106743,1020.2,52.38,0.012915,96809,996.3,155.58,0.057694,94818,989.9,206.79,0.068722,96992,973.6,291.86,0.10088,113686,956.0,81.65,0.040679,111303,958.6,113.69,0.045804,123263,1002.2,104.93,0.081825,93709,893.8,155.35,0.103262
321,321.05,0.0059453,167990,1099.6,78.5,0.02467,153875,1135.9,95.37,0.030443,94600,990.9,153.05,0.055766,92970,985.5,204.95,0.067085,95866,972.3,290.75,0.099459,112639,953.2,83.18,0.041181,110752,956.9,113.41,0.045541,123626,1002.0,101.62,0.079494,93639,895.8,151.72,0.100557,93216,906.2,1.6,0.000339,106728,1020.4,53.59,0.013208,94600,990.9,153.05,0.055766,92970,985.5,204.95,0.067085,95866,972.3,290.75,0.099459,112639,953.2,83.18,0.041181,110752,956.9,113.41,0.045541,123626,1002.0,101.62,0.079494,93639,895.8,151.72,0.100557
322,322.08,0.0059644,168713,1097.5,78.91,0.024954,153736,1135.7,101.98,0.032527,92322,985.2,150.47,0.053813,90905,980.4,202.23,0.06506,94680,970.9,289.63,0.097993,111726,950.6,84.36,0.041542,110246,955.4,113.51,0.045443,123881,1001.4,97.82,0.076729,93651,897.9,147.97,0.097847,92530,904.7,1.28,0.00027,106286,1019.7,53.93,0.013246,92322,985.2,150.47,0.053813,90905,980.4,202.23,0.06506,94680,970.9,289.63,0.097993,111726,950.6,84.36,0.041542,110246,955.4,113.51,0.045443,123881,1001.4,97.82,0.076729,93651,897.9,147.97,0.097847
323,323.05,0.0059824,169032,1095.6,79.35,0.025183,153536,1135.6,107.72,0.034318,90324,980.1,148.42,0.052201,88933,975.4,199.25,0.063029,93578,969.5,288.78,0.096714,111010,948.4,85.02,0.041695,109686,953.8,113.69,0.04536,124046,1000.6,94.2,0.074037,93757,900.1,144.51,0.095438,92048,903.6,0.97,0.000204,105513,1018.3,53.59,0.013083,90324,980.1,148.42,0.052201,88933,975.4,199.25,0.063029,93578,969.5,288.78,0.096714,111010,948.4,85.02,0.041695,109686,953.8,113.69,0.04536,124046,1000.6,94.2,0.074037,93757,900.1,144.51,0.095438
324,324.08,0.0060015,169019,1093.7,79.98,0.025426,153205,1135.3,113.24,0.036008,88374,975.1,146.81,0.05078,86862,970.1,196.02,0.060895,92401,967.8,288.23,0.095479,110411,946.3,85.54,0.041817,108879,951.8,114.31,0.045371,124138,999.7,90.18,0.071,93969,902.6,140.85,0.092979,91682,902.7,0.69,0.000144,104400,1016.2,52.43,0.012692,88374,975.1,146.81,0.05078,86862,970.1,196.02,0.060895,92401,967.8,288.23,0.095479,110411,946.3,85.54,0.041817,108879,951.8,114.31,0.045371,124138,999.7,90.18,0.071,93969,902.6,140.85,0.092979
325,325.05,0.0060194,168726,1091.8,80.95,0.025733,152824,1135.1,117.95,0.037421,86763,970.8,146.08,0.049824,85016,965.3,193.28,0.059062,91288,966.0,288.1,0.094458,110001,944.6,86.07,0.041994,107964,949.5,115.61,0.04561,124136,998.6,86.23,0.067959,94249,905.0,137.48,0.090785,91437,902.2,0.5,0.000104,103224,1013.8,51.15,0.012272,86763,970.8,146.08,0.049824,85016,965.3,193.28,0.059062,91288,966.0,288.1,0.094458,110001,944.6,86.07,0.041994,107964,949.5,115.61,0.04561,124136,998.6,86.23,0.067959,94249,905.0,137.48,0.090785
326,326.08,0.0060386,168113,1089.6,81.94,0.026007,152475,1135.0,122.62,0.038814,85314,967.0,146.37,0.049285,83192,960.5,190.89,0.057368,90085,964.0,288.38,0.093505,109654,942.9,86.66,0.042223,106891,946.9,117.74,0.046114,124046,997.4,81.88,0.064565,94626,907.6,134.11,0.088654,91245,901.7,0.36,7.5e-05,101862,1011.0,50.17,0.011912,85314,967.0,146.37,0.049285,83192,960.5,190.89,0.057368,90085,964.0,288.38,0.093505,109654,942.9,86.66,0.042223,106891,946.9,117.74,0.046114,124046,997.4,81.88,0.064565,94626,907.6,134.11,0.088654
327,327.05,0.0060565,167328,1087.5,82.49,0.026111,152064,1135.0,125.88,0.039738,84215,964.0,147.73,0.049256,81660,956.3,189.32,0.056089,88956,961.9,288.97,0.092723,109275,941.2,87.08,0.042358,105854,944.4,120.24,0.046762,123916,996.1,77.76,0.061333,95035,910.1,131.32,0.086945,91127,901.5,0.23,4.9e-05,100476,1008.0,49.55,0.011639,84215,964.0,147.73,0.049256,81660,956.3,189.32,0.056089,88956,961.9,288.97,0.092723,109275,941.2,87.08,0.042358,105854,944.4,120.24,0.046762,123916,996.1,77.76,0.061333,95035,910.1,131.32,0.086945
328,328.08,0.0060756,166244,1084.8,82.59,0.026035,150851,1133.6,125.96,0.039498,83899,963.0,153.51,0.051041,80259,952.5,188.49,0.055105,87779,959.5,289.77,0.091974,108664,939.0,87.3,0.042326,104793,941.8,123.37,0.047627,123793,994.9,73.37,0.057883,95491,912.7,128.77,0.085418,91103,901.4,0.01,3e-06,98847,1004.5,49.51,0.011481,83899,963.0,153.51,0.051041,80259,952.5,188.49,0.055105,87779,959.5,289.77,0.091974,108664,939.0,87.3,0.042326,104793,941.8,123.37,0.047627,123793,994.9,73.37,0.057883,95491,912.7,128.77,0.085418
329,329.05,0.0060936,165065,1082.1,82.25,0.025809,148801,1130.8,122.43,0.037964,85457,967.0,168.29,0.056759,79169,949.4,188.45,0.054521,86729,957.3,290.48,0.091304,107874,936.5,87.56,0.042255,103875,939.5,126.56,0.048552,123769,993.9,69.18,0.054624,95898,915.0,126.74,0.084217,91212,901.7,-0.27,-5.7e-05,97160,1000.7,50.38,0.011527,85457,967.0,168.29,0.056759,79169,949.4,188.45,0.054521,86729,957.3,290.48,0.091304,107874,936.5,87.56,0.042255,103875,939.5,126.56,0.048552,123769,993.9,69.18,0.054624,95898,915.0,126.74,0.084217
330,330.09,0.0061127,163698,1079.0,81.67,0.025487,145679,1126.1,115.16,0.035105,89106,976.3,192.62,0.067093,78579,947.7,191.06,0.054963,85705,955.1,290.9,0.090569,106834,933.5,88.13,0.042258,102940,937.1,129.8,0.049468,123875,993.1,64.68,0.051154,96283,917.4,124.89,0.08311,91520,902.4,-0.66,-0.000138,95248,996.4,52.11,0.011738,89106,976.3,192.62,0.067093,78579,947.7,191.06,0.054963,85705,955.1,290.9,0.090569,106834,933.5,88.13,0.042258,102940,937.1,129.8,0.049468,123875,993.1,64.68,0.051154,96283,917.4,124.89,0.08311
331,331.06,0.0061307,162311,1075.9,80.88,0.0251,143198,1122.5,110.09,0.033096,92668,985.1,213.27,0.076566,79378,949.9,201.25,0.05835,84875,953.2,290.83,0.089847,105727,930.6,89.0,0.042365,102042,934.9,132.22,0.050073,124017,992.5,60.74,0.04812,96605,919.4,123.47,0.082263,91976,903.4,-0.98,-0.000206,93438,992.2,54.21,0.012029,92668,985.1,213.27,0.076566,79378,949.9,201.25,0.05835,84875,953.2,290.83,0.089847,105727,930.6,89.0,0.042365,102042,934.9,132.22,0.050073,124017,992.5,60.74,0.04812,96605,919.4,123.47,0.082263
332,332.09,0.0061499,160747,1072.5,79.68,0.024567,141731,1120.5,109.83,0.032733,94849,990.2,226.82,0.08292,82589,958.5,224.61,0.067149,84137,951.6,289.89,0.088931,104422,927.2,90.01,0.042469,101073,932.4,133.88,0.050352,124121,991.8,57.1,0.045309,96935,921.4,122.44,0.081674,92577,904.8,-1.19,-0.00025,91585,987.8,56.59,0.012364,94849,990.2,226.82,0.08292,82589,958.5,224.61,0.067149,84137,951.6,289.89,0.088931,104422,927.2,90.01,0.042469,101073,932.4,133.88,0.050352,124121,991.8,57.1,0.045309,96935,921.4,122.44,0.081674
333,333.06,0.0061678,159212,1069.1,78.2,0.023954,141543,1120.9,115.51,0.034371,95931,992.3,233.73,0.086232,86205,967.9,248.66,0.07684,83586,950.1,288.45,0.088046,103122,923.9,90.88,0.042499,100233,930.2,134.43,0.05026,124085,990.9,54.52,0.04329,97220,923.2,121.92,0.081404,93171,906.1,-1.22,-0.000259,89990,984.0,58.67,0.012642,95931,992.3,233.73,0.086232,86205,967.9,248.66,0.07684,83586,950.1,288.45,0.088046,103122,923.9,90.88,0.042499,100233,930.2,134.43,0.05026,124085,990.9,54.52,0.04329,97220,923.2,121.92,0.081404
334,334.1,0.006187,157494,1065.4,76.28,0.023197,141848,1122.2,126.25,0.037605,96524,993.1,239.51,0.088843,88912,974.7,266.32,0.08429,83154,949.2,285.85,0.086883,101730,920.5,91.82,0.042516,99449,928.1,134.0,0.049821,123609,989.2,53.4,0.042307,97432,924.8,121.54,0.08119,93773,907.5,-1.14,-0.000243,88456,980.4,60.6,0.012883,96524,993.1,239.51,0.088843,88912,974.7,266.32,0.08429,83154,949.2,285.85,0.086883,101730,920.5,91.82,0.042516,99449,928.1,134.0,0.049821,123609,989.2,53.4,0.042307,97432,924.8,121.54,0.08119
335,335.07,0.006205,155752,1061.5,74.17,0.022387,141704,1122.7,138.38,0.041157,96898,993.4,244.52,0.091028,90299,978.0,275.05,0.08811,82755,948.2,281.98,0.085386,100456,917.4,92.67,0.042518,98777,926.2,132.99,0.049209,122782,986.8,53.14,0.041922,97475,925.9,120.96,0.080734,94283,908.6,-1.03,-0.00022,87132,977.2,62.29,0.013089,96898,993.4,244.52,0.091028,90299,978.0,275.05,0.08811,82755,948.2,281.98,0.085386,100456,917.4,92.67,0.042518,98777,926.2,132.99,0.049209,122782,986.8,53.14,0.041922,97475,925.9,120.96,0.080734
336,336.04,0.006223,153920,1057.6,71.93,0.021534,140693,1121.5,150.42,0.044463,97213,993.7,248.75,0.092876,91240,980.3,279.3,0.090198,82358,947.2,276.7,0.08347,99223,914.4,93.29,0.042413,98161,924.3,131.34,0.048397,121387,983.3,54.82,0.042908,97448,926.9,120.44,0.080285,94740,909.7,-0.92,-0.000197,85868,974.1,64.05,0.013304,97213,993.7,248.75,0.092876,91240,980.3,279.3,0.090198,82358,947.2,276.7,0.08347,99223,914.4,93.29,0.042413,98161,924.3,131.34,0.048397,121387,983.3,54.82,0.042908,97448,926.9,120.44,0.080285
337,337.08,0.0062421,151894,1053.1,69.41,0.020594,138913,1118.9,162.44,0.047521,97368,993.8,252.38,0.094366,92320,982.7,281.1,0.091623,82017,946.4,269.59,0.081059,98028,911.6,93.51,0.042134,97584,922.4,128.81,0.047281,118988,977.9,59.63,0.046002,97639,928.1,121.1,0.080773,95176,910.6,-0.81,-0.000175,84578,970.9,65.9,0.013527,97368,993.8,252.38,0.094366,92320,982.7,281.1,0.091623,82017,946.4,269.59,0.081059,98028,911.6,93.51,0.042134,97584,922.4,128.81,0.047281,118988,977.9,59.63,0.046002,97639,928.1,121.1,0.080773
338,338.05,0.0062601,149922,1048.8,66.96,0.019689,136884,1115.6,172.71,0.049937,97375,994.1,255.16,0.095392,93665,985.8,280.27,0.092396,81717,945.7,261.81,0.078488,97053,909.3,93.33,0.041738,97214,921.1,125.61,0.045999,116204,971.7,66.05,0.050079,98544,930.8,125.36,0.084146,95527,911.4,-0.69,-0.000148,83543,968.3,66.8,0.013581,97375,994.1,255.16,0.095392,93665,985.8,280.27,0.092396,81717,945.7,261.81,0.078488,97053,909.3,93.33,0.041738,97214,921.1,125.61,0.045999,116204,971.7,66.05,0.050079,98544,930.8,125.36,0.084146
339,339.08,0.0062793,147731,1043.8,64.26,0.018708,134544,1111.3,182.74,0.052131,97341,994.6,257.25,0.09609,95614,990.1,275.79,0.092402,81277,944.7,252.92,0.075502,96170,907.2,92.87,0.041246,96988,919.9,121.51,0.044447,113066,964.5,73.57,0.054681,100990,937.1,137.01,0.093617,95801,912.0,-0.48,-0.000104,82888,966.6,66.06,0.013347,97341,994.6,257.25,0.09609,95614,990.1,275.79,0.092402,81277,944.7,252.92,0.075502,96170,907.2,92.87,0.041246,96988,919.9,121.51,0.044447,113066,964.5,73.57,0.054681,100990,937.1,137.01,0.093617
340,340.05,0.0062973,145588,1039.0,61.68,0.017778,132256,1106.8,191.65,0.053962,97334,995.4,258.13,0.096329,97686,994.8,269.0,0.091653,80806,943.5,244.53,0.072662,95502,905.8,92.43,0.04083,96874,919.0,116.96,0.042776,110165,957.7,80.73,0.05888,103778,943.9,150.06,0.10461,95919,912.3,-0.2,-4.3e-05,82784,966.5,61.77,0.012466,97334,995.4,258.13,0.096329,97686,994.8,269.0,0.091653,80806,943.5,244.53,0.072662,95502,905.8,92.43,0.04083,96874,919.0,116.96,0.042776,110165,957.7,80.73,0.05888,103778,943.9,150.06,0.10461
341,341.09,0.0063165,143816,1034.3,60.55,0.017318,129703,1101.4,201.05,0.055788,97314,996.6,256.96,0.095763,99625,998.7,261.24,0.09042,80391,942.6,234.54,0.069407,95005,904.7,92.05,0.040498,96892,918.4,111.51,0.04082,107201,950.5,88.29,0.063131,105796,949.0,159.29,0.112591,95859,912.2,0.16,3.5e-05,83969,969.8,51.06,0.010417,97314,996.6,256.96,0.095763,99625,998.7,261.24,0.09042,80391,942.6,234.54,0.069407,95005,904.7,92.05,0.040498,96892,918.4,111.51,0.04082,107201,950.5,88.29,0.063131,105796,949.0,159.29,0.112591
342,342.06,0.0063345,144423,1031.6,66.06,0.019023,127156,1095.6,209.93,0.057411,97145,997.5,253.19,0.094104,101024,1001.3,255.77,0.089531,80589,943.3,222.05,0.065821,94807,904.4,91.62,0.04024,97035,918.0,106.4,0.039021,104576,943.9,95.21,0.066879,106684,951.5,163.08,0.115924,95607,911.6,0.55,0.000118,86302,976.1,35.03,0.007297,97145,997.5,253.19,0.094104,101024,1001.3,255.77,0.089531,80589,943.3,222.05,0.065821,94807,904.4,91.62,0.04024,97035,918.0,106.4,0.039021,104576,943.9,95.21,0.066879,106684,951.5,163.08,0.115924
343,343.1,0.0063537,142702,1025.0,66.41,0.019017,124243,1088.6,219.42,0.05901,96791,998.3,245.59,0.090873,101855,1002.7,251.62,0.088686,82132,947.6,202.03,0.060756,94896,904.8,90.95,0.039966,97301,917.9,101.04,0.037164,101961,937.1,102.38,0.070629,106934,952.6,163.79,0.116574,95146,910.6,0.91,0.000196,88280,981.3,21.45,0.004546,96791,998.3,245.59,0.090873,101855,1002.7,251.62,0.088686,82132,947.6,202.03,0.060756,94896,904.8,90.95,0.039966,97301,917.9,101.04,0.037164,101961,937.1,102.38,0.070629,106934,952.6,163.79,0.116574
344,344.07,0.0063717,139068,1016.5,59.87,0.016848,121354,1081.4,228.2,0.060345,96558,998.5,236.5,0.087285,101702,1002.0,247.28,0.087082,84482,953.9,179.14,0.055044,95192,905.6,89.94,0.039611,97668,918.0,95.91,0.035406,99699,931.0,108.89,0.073933,106761,952.4,163.82,0.116429,94561,909.3,1.21,0.000258,89128,983.5,14.87,0.003175,96558,998.5,236.5,0.087285,101702,1002.0,247.28,0.087082,84482,953.9,179.14,0.055044,95192,905.6,89.94,0.039611,97668,918.0,95.91,0.035406,99699,931.0,108.89,0.073933,106761,952.4,163.82,0.116429
345,345.04,0.0063897,135304,1008.5,51.87,0.014315,118373,1073.7,236.74,0.061502,96807,1000.7,226.72,0.083702,101076,1000.6,242.98,0.085165,86322,958.8,159.29,0.049756,95611,906.8,88.51,0.0391,98242,918.6,90.84,0.033709,97628,925.2,115.14,0.077027,106052,951.1,164.51,0.116307,93853,907.7,1.46,0.000311,89368,984.1,12.01,0.002569,96807,1000.7,226.72,0.083702,101076,1000.6,242.98,0.085165,86322,958.8,159.29,0.049756,95611,906.8,88.51,0.0391,98242,918.6,90.84,0.033709,97628,925.2,115.14,0.077027,106052,951.1,164.51,0.116307
346,346.08,0.0064089,131946,1001.1,45.49,0.012333,115170,1065.2,245.45,0.062533,97347,1004.3,216.46,0.080078,99897,998.3,237.9,0.082598,87042,960.8,144.9,0.045549,96058,908.1,85.97,0.038102,99160,919.8,85.69,0.032051,95624,919.4,121.38,0.08004,104445,947.9,168.52,0.11773,92976,905.8,1.71,0.000362,89363,984.1,10.94,0.00234,97347,1004.3,216.46,0.080078,99897,998.3,237.9,0.082598,87042,960.8,144.9,0.045549,96058,908.1,85.97,0.038102,99160,919.8,85.69,0.032051,95624,919.4,121.38,0.08004,104445,947.9,168.52,0.11773
347,347.05,0.0064269,125616,989.1,30.91,0.008074,112194,1057.2,253.14,0.063301,98140,1006.7,209.24,0.077847,98693,996.2,234.13,0.080477,87055,960.9,137.19,0.043126,96431,909.2,82.85,0.036817,100227,921.5,80.81,0.030496,93931,914.3,126.67,0.08251,102236,943.2,175.33,0.120495,92039,903.6,1.96,0.000412,89322,984.0,10.39,0.002223,98140,1006.7,209.24,0.077847,98693,996.2,234.13,0.080477,87055,960.9,137.19,0.043126,96431,909.2,82.85,0.036817,100227,921.5,80.81,0.030496,93931,914.3,126.67,0.08251,102236,943.2,175.33,0.120495
348,348.09,0.0064462,122997,983.4,25.6,0.006586,109083,1048.8,260.77,0.063907,99450,1010.9,207.21,0.0778,97447,994.3,231.45,0.078705,87265,961.5,137.35,0.043253,96872,910.5,79.13,0.035274,101473,923.4,75.32,0.028718,92335,909.3,131.54,0.08469,99718,937.5,182.95,0.123382,90891,901.0,2.29,0.000476,89425,984.3,9.41,0.002015,99450,1010.9,207.21,0.0778,97447,994.3,231.45,0.078705,87265,961.5,137.35,0.043253,96872,910.5,79.13,0.035274,101473,923.4,75.32,0.028718,92335,909.3,131.54,0.08469,99718,937.5,182.95,0.123382
349,349.07,0.0064642,123219,982.6,26.6,0.006862,106238,1041.2,267.35,0.06428,100451,1014.2,207.42,0.078404,96589,993.4,231.15,0.077983,88983,965.9,149.86,0.047898,97321,911.9,74.99,0.033531,102626,925.3,69.8,0.026863,91066,905.0,135.27,0.086295,97719,932.7,188.33,0.125103,89643,898.2,2.68,0.00055,89849,985.4,7.51,0.001613,100451,1014.2,207.42,0.078404,96589,993.4,231.15,0.077983,88983,965.9,149.86,0.047898,97321,911.9,74.99,0.033531,102626,925.3,69.8,0.026863,91066,905.0,135.27,0.086295,97719,932.7,188.33,0.125103
350,350.04,0.0064823,120205,976.6,19.37,0.004904,103465,1033.8,273.35,0.064462,100866,1016.1,207.55,0.078631,96272,993.7,234.01,0.078662,93424,977.0,177.72,0.058963,97774,913.3,69.94,0.03137,103682,926.9,63.98,0.024829,90049,901.4,138.2,0.087539,96260,928.8,191.07,0.125548,88215,894.8,3.1,0.000629,90613,987.3,4.51,0.000975,100866,1016.1,207.55,0.078631,96272,993.7,234.01,0.078662,93424,977.0,177.72,0.058963,97774,913.3,69.94,0.03137,103682,926.9,63.98,0.024829,90049,901.4,138.2,0.087539,96260,928.8,191.07,0.125548
351,351.08,0.0065016,118366,972.7,15.71,0.003932,100591,1026.3,279.15,0.064472,100896,1017.1,207.96,0.078732,96344,995.1,239.37,0.080408,97677,987.2,205.42,0.070521,98267,914.8,63.62,0.028633,104674,928.4,57.74,0.022585,89246,898.1,140.59,0.088578,95231,925.7,191.38,0.124831,86514,890.8,3.51,0.000702,91621,989.8,1.17,0.000255,100896,1017.1,207.96,0.078732,96344,995.1,239.37,0.080408,97677,987.2,205.42,0.070521,98267,914.8,63.62,0.028633,104674,928.4,57.74,0.022585,89246,898.1,140.59,0.088578,95231,925.7,191.38,0.124831
352,352.06,0.0065196,116812,969.5,11.4,0.002825,97990,1019.5,284.11,0.064343,100659,1017.4,208.54,0.078741,96224,996.1,243.48,0.08161,99549,991.6,220.68,0.076869,98735,916.2,56.93,0.025704,105450,929.6,52.05,0.020487,88743,895.6,142.19,0.089326,94663,923.8,190.58,0.123822,84817,886.8,3.77,0.000742,92512,992.0,-0.96,-0.00021,100659,1017.4,208.54,0.078741,96224,996.1,243.48,0.08161,99549,991.6,220.68,0.076869,98735,916.2,56.93,0.025704,105450,929.6,52.05,0.020487,88743,895.6,142.19,0.089326,94663,923.8,190.58,0.123822
353,353.04,0.0065377,115783,967.3,8.95,0.002203,95440,1013.0,288.42,0.064032,100183,1017.1,209.04,0.078583,95838,996.4,246.18,0.08216,100235,993.2,229.5,0.080363,99169,917.5,49.55,0.022436,106045,930.4,46.48,0.018382,88463,893.7,143.03,0.089769,94391,922.1,188.53,0.122354,83102,882.6,3.86,0.000748,93162,993.6,-1.5,-0.000331,100183,1017.1,209.04,0.078583,95838,996.4,246.18,0.08216,100235,993.2,229.5,0.080363,99169,917.5,49.55,0.022436,106045,930.4,46.48,0.018382,88463,893.7,143.03,0.089769,94391,922.1,188.53,0.122354
354,354.08,0.0065571,114799,965.2,7.46,0.001826,92717,1006.0,291.93,0.063398,99472,1016.2,209.42,0.078235,95321,996.4,248.37,0.082443,100541,993.8,236.11,0.082877,99521,918.7,41.06,0.018634,106479,930.9,40.51,0.016075,88343,892.0,143.01,0.089802,94211,920.2,185.62,0.120496,81333,878.2,3.8,0.000724,93597,994.7,-0.91,-0.000202,99472,1016.2,209.42,0.078235,95321,996.4,248.37,0.082443,100541,993.8,236.11,0.082877,99521,918.7,41.06,0.018634,106479,930.9,40.51,0.016075,88343,892.0,143.01,0.089802,94211,920.2,185.62,0.120496
355,355.06,0.0065752,114108,963.5,8.09,0.001971,90294,999.9,294.7,0.062711,98666,1014.9,209.6,0.077765,94756,996.1,249.84,0.082456,100604,993.9,240.59,0.084499,99686,919.3,32.75,0.014877,106756,931.1,34.63,0.013774,88309,890.7,142.51,0.089583,94207,918.8,182.58,0.1187,79761,874.3,3.68,0.00069,93805,995.2,0.68,0.000152,98666,1014.9,209.6,0.077765,94756,996.1,249.84,0.082456,100604,993.9,240.59,0.084499,99686,919.3,32.75,0.014877,106756,931.1,34.63,0.013774,88309,890.7,142.51,0.089583,94207,918.8,182.58,0.1187
356,356.04,0.0065934,113278,961.5,9.58,0.002323,88303,994.8,298.25,0.062385,97867,1013.6,210.05,0.077402,94092,995.6,250.62,0.082181,100738,994.0,244.38,0.08593,99651,919.5,24.29,0.011028,106981,931.4,28.17,0.011225,88356,889.6,141.25,0.088947,94293,917.7,179.18,0.116728,78241,870.4,3.64,0.000673,93931,995.5,2.38,0.00053,97867,1013.6,210.05,0.077402,94092,995.6,250.62,0.082181,100738,994.0,244.38,0.08593,99651,919.5,24.29,0.011028,106981,931.4,28.17,0.011225,88356,889.6,141.25,0.088947,94293,917.7,179.18,0.116728
357,357.09,0.0066128,112031,958.4,11.94,0.002871,86788,990.9,303.18,0.062571,97069,1012.2,210.83,0.077159,93305,994.8,250.85,0.081636,100778,993.9,247.09,0.086926,99397,919.1,15.21,0.006891,107202,931.6,20.36,0.008129,88558,888.8,138.91,0.087757,94399,916.6,175.27,0.114452,76635,866.2,3.67,0.000668,94098,995.9,3.64,0.00081,97069,1012.2,210.83,0.077159,93305,994.8,250.85,0.081636,100778,993.9,247.09,0.086926,99397,919.1,15.21,0.006891,107202,931.6,20.36,0.008129,88558,888.8,138.91,0.087757,94399,916.6,175.27,0.114452
358,358.07,0.006631,110853,954.9,15.65,0.003736,85634,988.0,306.91,0.062681,96225,1010.7,211.02,0.076677,92584,994.0,250.98,0.081109,100785,993.7,248.9,0.087592,98967,918.3,6.83,0.003085,107329,931.7,12.46,0.004981,88823,888.1,136.04,0.086265,94453,915.3,171.33,0.112103,75168,862.4,3.64,0.000652,94352,996.6,4.01,0.000895,96225,1010.7,211.02,0.076677,92584,994.0,250.98,0.081109,100785,993.7,248.9,0.087592,98967,918.3,6.83,0.003085,107329,931.7,12.46,0.004981,88823,888.1,136.04,0.086265,94453,915.3,171.33,0.112103
359,359.06,0.0066492,109329,950.1,19.47,0.004609,84338,984.7,307.34,0.062025,95295,1008.8,210.71,0.075965,91930,993.4,251.31,0.08069,100666,993.1,249.7,0.087822,98447,917.2,-1.54,-0.000695,107200,931.4,4.7,0.001876,89113,887.6,132.82,0.084546,94457,913.8,167.24,0.109605,73781,858.7,3.47,0.000614,94638,997.3,3.65,0.000816,95295,1008.8,210.71,0.075965,91930,993.4,251.31,0.08069,100666,993.1,249.7,0.087822,98447,917.2,-1.54,-0.000695,107200,931.4,4.7,0.001876,89113,887.6,132.82,0.084546,94457,913.8,167.24,0.109605
360,360.04,0.0066674,106766,942.5,21.84,0.005089,82763,980.6,303.44,0.060349,94427,1007.0,210.61,0.07537,91241,992.7,251.34,0.080156,100230,991.7,248.88,0.087274,97934,916.0,-10.2,-0.00457,106689,930.3,-2.5,-0.000993,89421,887.2,129.35,0.08266,94389,912.2,163.01,0.106949,72612,855.5,2.89,0.000505,94882,997.9,2.9,0.000651,94427,1007.0,210.61,0.07537,91241,992.7,251.34,0.080156,100230,991.7,248.88,0.087274,97934,916.0,-10.2,-0.00457,106689,930.3,-2.5,-0.000993,89421,887.2,129.35,0.08266,94389,912.2,163.01,0.106949
361,361.09,0.0066869,103365,932.9,21.92,0.004996,80819,975.4,295.45,0.057682,93635,1005.4,210.98,0.074989,90394,991.4,250.74,0.079321,99435,989.5,246.54,0.085961,97447,914.8,-19.73,-0.008807,105688,928.3,-9.34,-0.003688,89788,886.9,125.4,0.080494,94256,910.3,158.5,0.10406,72082,854.1,0.9,0.000156,95037,998.2,1.72,0.000386,93635,1005.4,210.98,0.074989,90394,991.4,250.74,0.079321,99435,989.5,246.54,0.085961,97447,914.8,-19.73,-0.008807,105688,928.3,-9.34,-0.003688,89788,886.9,125.4,0.080494,94256,910.3,158.5,0.10406
362,362.08,0.0067052,100102,923.4,20.97,0.004675,79026,970.5,285.55,0.054787,92966,1004.0,211.48,0.074731,89596,990.1,250.18,0.07855,98448,986.8,243.32,0.084224,97047,913.6,-28.57,-0.012713,104376,925.7,-14.86,-0.005815,90174,886.7,121.49,0.078336,94093,908.4,154.33,0.101359,72581,855.5,-1.71,-0.000298,95108,998.4,0.04,8e-06,92966,1004.0,211.48,0.074731,89596,990.1,250.18,0.07855,98448,986.8,243.32,0.084224,97047,913.6,-28.57,-0.012713,104376,925.7,-14.86,-0.005815,90174,886.7,121.49,0.078336,94093,908.4,154.33,0.101359
363,363.07,0.0067235,96933,914.0,19.68,0.004292,77520,966.4,275.26,0.052031,92365,1002.8,212.11,0.074562,88893,988.9,250.18,0.078024,97318,983.7,239.77,0.082298,96580,912.2,-36.73,-0.016291,102682,922.3,-19.14,-0.007394,90580,886.6,117.48,0.0761,93921,906.5,150.26,0.098711,74865,861.7,-6.52,-0.001166,95222,998.7,-2.57,-0.000578,92365,1002.8,212.11,0.074562,88893,988.9,250.18,0.078024,97318,983.7,239.77,0.082298,96580,912.2,-36.73,-0.016291,102682,922.3,-19.14,-0.007394,90580,886.6,117.48,0.0761,93921,906.5,150.26,0.098711
364,364.06,0.0067418,93881,904.6,18.34,0.003916,76451,963.3,266.23,0.049785,91805,1001.6,212.76,0.074424,88257,987.9,250.64,0.077689,96197,980.7,236.53,0.080501,95850,910.2,-44.04,-0.01943,100559,918.0,-21.61,-0.008214,90976,886.5,113.56,0.073889,93770,904.6,146.25,0.096116,78934,872.3,-10.18,-0.001894,95555,999.5,-6.86,-0.001544,91805,1001.6,212.76,0.074424,88257,987.9,250.64,0.077689,96197,980.7,236.53,0.080501,95850,910.2,-44.04,-0.01943,100559,918.0,-21.61,-0.008214,90976,886.5,113.56,0.073889,93770,904.6,146.25,0.096116
365,365.05,0.0067601,90910,895.1,17.13,0.003578,75701,961.2,258.58,0.047987,91196,1000.3,213.05,0.074127,87646,986.9,251.4,0.077468,95242,978.1,234.34,0.079171,94825,907.4,-50.21,-0.021982,98055,912.7,-22.15,-0.008256,91330,886.4,109.92,0.071806,93669,902.9,142.26,0.093575,83091,882.8,-9.38,-0.001816,96199,1001.0,-13.32,-0.003017,91196,1000.3,213.05,0.074127,87646,986.9,251.4,0.077468,95242,978.1,234.34,0.079171,94825,907.4,-50.21,-0.021982,98055,912.7,-22.15,-0.008256,91330,886.4,109.92,0.071806,93669,902.9,142.26,0.093575
366,366.04,0.0067785,88008,885.7,16.01,0.003273,74986,959.1,251.32,0.0463,90504,998.9,212.92,0.073627,87045,985.7,252.4,0.077331,94659,976.4,234.14,0.078757,93816,904.6,-53.5,-0.023247,95355,906.9,-21.51,-0.007847,91637,886.3,106.72,0.069961,93642,901.3,138.27,0.09108,85977,889.8,-6.05,-0.001202,97000,1002.8,-20.92,-0.004769,90504,998.9,212.92,0.073627,87045,985.7,252.4,0.077331,94659,976.4,234.14,0.078757,93816,904.6,-53.5,-0.023247,95355,906.9,-21.51,-0.007847,91637,886.3,106.72,0.069961,93642,901.3,138.27,0.09108
367,367.09,0.0067981,84988,875.7,14.91,0.002977,74099,956.5,244.41,0.044617,89684,997.1,212.42,0.07292,86350,984.3,253.39,0.077127,94580,976.0,236.7,0.079584,93192,902.7,-52.89,-0.022877,92368,900.3,-19.57,-0.006966,91913,886.1,103.91,0.068337,93706,899.9,134.0,0.088471,87547,893.6,-2.87,-0.000579,97642,1004.3,-28.51,-0.006531,89684,997.1,212.42,0.07292,86350,984.3,253.39,0.077127,94580,976.0,236.7,0.079584,93192,902.7,-52.89,-0.022877,92368,900.3,-19.57,-0.006966,91913,886.1,103.91,0.068337,93706,899.9,134.0,0.088471
368,368.09,0.0068164,82222,866.3,13.97,0.002728,73080,953.4,239.44,0.043247,88902,995.4,212.01,0.072267,85598,982.6,253.96,0.076758,94700,976.1,239.95,0.080774,93650,903.3,-43.36,-0.018831,89566,894.0,-17.79,-0.006184,92135,885.9,101.96,0.067234,93846,898.8,130.02,0.086077,88192,895.1,-1.33,-0.00027,97823,1004.6,-34.04,-0.007812,88902,995.4,212.01,0.072267,85598,982.6,253.96,0.076758,94700,976.1,239.95,0.080774,93650,903.3,-43.36,-0.018831,89566,894.0,-17.79,-0.006184,92135,885.9,101.96,0.067234,93846,898.8,130.02,0.086077
369,369.08,0.0068349,79508,857.0,13.14,0.002507,72039,950.2,236.24,0.042201,88192,993.9,212.11,0.071833,84761,980.7,254.19,0.076227,94770,976.1,242.84,0.081805,95813,907.8,-23.49,-0.010387,86914,887.9,-16.1,-0.005467,92353,885.8,100.8,0.066627,94042,897.8,126.08,0.083729,88723,896.4,-1.22,-0.000249,97678,1004.1,-38.48,-0.008819,88192,993.9,212.11,0.071833,84761,980.7,254.19,0.076227,94770,976.1,242.84,0.081805,95813,907.8,-23.49,-0.010387,86914,887.9,-16.1,-0.005467,92353,885.8,100.8,0.066627,94042,897.8,126.08,0.083729
370,370.08,0.0068533,76857,847.8,12.37,0.002306,71044,947.1,235.26,0.041581,87630,992.7,213.06,0.071781,83901,978.6,254.32,0.07565,94661,975.7,244.57,0.082322,97990,912.5,-3.03,-0.001363,84566,882.4,-13.7,-0.004555,92581,885.8,100.33,0.066489,94268,896.9,122.21,0.081435,89646,898.5,-2.07,-0.000426,97183,1002.8,-41.83,-0.009552,87630,992.7,213.06,0.071781,83901,978.6,254.32,0.07565,94661,975.7,244.57,0.082322,97990,912.5,-3.03,-0.001363,84566,882.4,-13.7,-0.004555,92581,885.8,100.33,0.066489,94268,896.9,122.21,0.081435
371,371.07,0.0068717,74282,838.6,11.63,0.002119,69974,943.8,236.49,0.041316,87192,991.8,214.72,0.072042,83115,976.8,254.72,0.0752,94407,975.1,245.27,0.082392,98766,914.1,11.39,0.005154,82991,878.6,-8.06,-0.002642,92795,885.7,100.36,0.066666,94504,896.1,118.47,0.079215,90966,901.6,-2.78,-0.000578,96395,1000.7,-44.28,-0.010051,87192,991.8,214.72,0.072042,83115,976.8,254.72,0.0752,94407,975.1,245.27,0.082392,98766,914.1,11.39,0.005154,82991,878.6,-8.06,-0.002642,92795,885.7,100.36,0.066666,94504,896.1,118.47,0.079215
372,372.07,0.0068902,71794,829.6,10.93,0.001945,68857,940.2,239.58,0.041344,86658,990.6,215.92,0.072089,82495,975.4,255.73,0.075043,94076,974.3,245.18,0.082139,98654,914.0,21.64,0.009788,82730,878.0,4.42,0.001445,92961,885.6,100.53,0.066902,94744,895.4,114.97,0.077132,92358,904.8,-2.78,-0.000584,95355,998.0,-45.92,-0.010339,86658,990.6,215.92,0.072089,82495,975.4,255.73,0.075043,94076,974.3,245.18,0.082139,98654,914.0,21.64,0.009788,82730,878.0,4.42,0.001445,92961,885.6,100.53,0.066902,94744,895.4,114.97,0.077132
373,373.07,0.0069087,69398,820.9,10.28,0.001787,67738,936.6,243.69,0.041531,85871,988.7,215.95,0.07158,82065,974.5,257.28,0.07517,93740,973.6,244.33,0.081621,97937,912.6,29.52,0.013273,84100,881.2,25.02,0.008284,93057,885.5,100.63,0.067046,94990,894.7,111.81,0.075263,93461,907.3,-2.09,-0.000443,94118,994.8,-46.84,-0.010442,85871,988.7,215.95,0.07158,82065,974.5,257.28,0.07517,93740,973.6,244.33,0.081621,97937,912.6,29.52,0.013273,84100,881.2,25.02,0.008284,93057,885.5,100.63,0.067046,94990,894.7,111.81,0.075263
374,374.07,0.0069273,67096,812.3,9.68,0.001645,66701,933.1,248.05,0.04178,84885,986.3,215.15,0.070671,81671,973.8,258.41,0.075197,93421,973.0,242.82,0.080895,97040,910.9,36.59,0.016332,86324,886.3,49.17,0.016616,93054,885.3,100.38,0.066894,95246,894.0,109.06,0.073665,94046,908.6,-1.03,-0.000219,92765,991.3,-47.21,-0.01041,84885,986.3,215.15,0.070671,81671,973.8,258.41,0.075197,93421,973.0,242.82,0.080895,97040,910.9,36.59,0.016332,86324,886.3,49.17,0.016616,93054,885.3,100.38,0.066894,95246,894.0,109.06,0.073665
375,375.08,0.0069458,64889,804.0,9.14,0.001517,65760,929.9,251.01,0.041826,83747,983.4,213.7,0.069454,81140,972.6,258.02,0.074689,93199,972.5,240.94,0.08011,96099,909.2,43.12,0.019096,87510,888.6,67.31,0.022999,92950,884.9,99.65,0.066368,95513,893.4,106.74,0.072351,94152,908.8,-0.13,-2.8e-05,91365,987.6,-47.17,-0.010283,83747,983.4,213.7,0.069454,81140,972.6,258.02,0.074689,93199,972.5,240.94,0.08011,96099,909.2,43.12,0.019096,87510,888.6,67.31,0.022999,92950,884.9,99.65,0.066368,95513,893.4,106.74,0.072351
376,376.08,0.0069644,62777,795.9,8.65,0.001404,64868,926.8,250.52,0.041316,82509,980.3,211.77,0.068023,80486,971.2,255.94,0.073592,93013,972.2,238.51,0.07917,95043,907.3,48.95,0.021486,87840,888.9,80.09,0.027458,92724,884.1,98.42,0.065443,95785,892.9,104.79,0.071273,93989,908.5,0.34,7.3e-05,89955,983.9,-46.8,-0.010082,82509,980.3,211.77,0.068023,80486,971.2,255.94,0.073592,93013,972.2,238.51,0.07917,95043,907.3,48.95,0.021486,87840,888.9,80.09,0.027458,92724,884.1,98.42,0.065443,95785,892.9,104.79,0.071273
377,377.08,0.006983,60758,788.0,8.22,0.001304,63976,923.7,246.92,0.040296,81299,977.2,209.85,0.066626,79772,969.3,252.6,0.072128,92926,972.2,235.18,0.077998,93846,905.1,53.82,0.023378,87438,887.4,89.05,0.030443,92381,883.1,96.8,0.064203,96048,892.3,103.07,0.070338,93816,908.1,0.3,6.3e-05,88552,980.1,-46.17,-0.009829,81299,977.2,209.85,0.066626,79772,969.3,252.6,0.072128,92926,972.2,235.18,0.077998,93846,905.1,53.82,0.023378,87438,887.4,89.05,0.030443,92381,883.1,96.8,0.064203,96048,892.3,103.07,0.070338
378,378.09,0.0070017,58831,780.4,7.84,0.001216,63188,920.9,239.38,0.038702,80200,974.4,208.02,0.065342,79190,968.0,247.63,0.070286,93036,972.5,230.37,0.076464,92529,902.7,57.81,0.024824,86706,885.1,96.31,0.032733,91903,881.8,94.91,0.062711,96283,891.7,101.46,0.069456,93796,908.0,0.0,0.0,87174,976.4,-45.5,-0.009573,80200,974.4,208.02,0.065342,79190,968.0,247.63,0.070286,93036,972.5,230.37,0.076464,92529,902.7,57.81,0.024824,86706,885.1,96.31,0.032733,91903,881.8,94.91,0.062711,96283,891.7,101.46,0.069456
379,379.1,0.0070203,56988,772.9,7.54,0.001143,62602,918.8,228.0,0.036606,79232,972.0,206.37,0.064202,78867,967.5,239.67,0.067789,93452,973.6,224.04,0.074612,91154,900.2,61.21,0.025969,85854,882.6,103.33,0.034875,91238,880.2,93.01,0.061122,96471,891.1,99.89,0.068568,93914,908.3,-0.26,-5.5e-05,85838,972.7,-45.12,-0.009381,79232,972.0,206.37,0.064202,78867,967.5,239.67,0.067789,93452,973.6,224.04,0.074612,91154,900.2,61.21,0.025969,85854,882.6,103.33,0.034875,91238,880.2,93.01,0.061122,96471,891.1,99.89,0.068568
380,380.04,0.0070377,55339,766.1,7.31,0.001087,62665,918.9,213.73,0.034344,78429,969.9,205.11,0.063298,79933,970.8,225.73,0.064488,94167,975.4,217.0,0.072689,89924,897.9,64.33,0.026994,84860,879.7,109.68,0.036709,90408,878.4,91.59,0.059768,96590,890.4,98.46,0.067719,94102,908.7,-0.41,-8.6e-05,84653,969.4,-45.26,-0.009314,78429,969.9,205.11,0.063298,79933,970.8,225.73,0.064488,94167,975.4,217.0,0.072689,89924,897.9,64.33,0.026994,84860,879.7,109.68,0.036709,90408,878.4,91.59,0.059768,96590,890.4,98.46,0.067719
381,381.05,0.0070564,53640,758.9,7.14,0.001039,63233,920.8,194.65,0.031499,77677,968.0,203.59,0.062347,82967,979.2,200.79,0.059025,95288,978.1,208.4,0.070441,88990,896.3,69.17,0.028771,83550,876.0,115.98,0.038381,89253,875.9,90.44,0.058432,96645,889.6,96.98,0.0668,94372,909.3,-0.56,-0.000119,83464,966.0,-45.71,-0.009307,77677,968.0,203.59,0.062347,82967,979.2,200.79,0.059025,95288,978.1,208.4,0.070441,88990,896.3,69.17,0.028771,83550,876.0,115.98,0.038381,89253,875.9,90.44,0.058432,96645,889.6,96.98,0.0668
382,382.05,0.007075,52002,751.8,7.04,0.001002,63666,922.1,177.06,0.028806,77080,966.6,200.52,0.061026,86129,987.8,177.06,0.053565,96729,981.5,198.89,0.068009,88823,896.6,77.36,0.032111,82083,871.9,121.47,0.039676,87790,872.8,90.05,0.057428,96625,888.6,95.58,0.065894,94807,910.3,-0.93,-0.000199,82330,962.8,-45.83,-0.009235,77080,966.6,200.52,0.061026,86129,987.8,177.06,0.053565,96729,981.5,198.89,0.068009,88823,896.6,77.36,0.032111,82083,871.9,121.47,0.039676,87790,872.8,90.05,0.057428,96625,888.6,95.58,0.065894
383,383.06,0.0070937,50209,745.8,6.37,0.000882,63570,921.7,162.88,0.026473,76803,965.9,194.91,0.059148,87616,991.8,161.36,0.049457,98294,985.2,189.1,0.065463,89321,898.5,88.44,0.036838,80597,867.8,126.3,0.040698,86079,869.3,90.8,0.057005,96547,887.6,94.26,0.06501,95644,912.2,-1.79,-0.000385,81273,959.7,-45.01,-0.008982,76803,965.9,194.91,0.059148,87616,991.8,161.36,0.049457,98294,985.2,189.1,0.065463,89321,898.5,88.44,0.036838,80597,867.8,126.3,0.040698,86079,869.3,90.8,0.057005,96547,887.6,94.26,0.06501
384,384.06,0.0071123,48646,740.4,5.76,0.000779,63211,920.3,151.28,0.024483,77609,968.6,185.83,0.056825,87894,992.7,153.02,0.047009,99649,988.3,180.19,0.063042,90031,901.0,100.27,0.04198,79375,864.4,131.63,0.041938,84202,865.5,91.7,0.056561,96423,886.5,93.01,0.06414,97174,915.5,-3.15,-0.000687,80596,957.6,-41.34,-0.008199,77609,968.6,185.83,0.056825,87894,992.7,153.02,0.047009,99649,988.3,180.19,0.063042,90031,901.0,100.27,0.04198,79375,864.4,131.63,0.041938,84202,865.5,91.7,0.056561,96423,886.5,93.01,0.06414
385,385.07,0.0071309,47251,735.4,5.32,0.000703,62712,918.5,140.93,0.022673,79314,973.7,168.43,0.05236,87707,992.3,149.09,0.045721,100489,990.1,173.08,0.060949,90546,903.2,111.12,0.046673,78813,862.6,139.32,0.044164,82338,861.6,92.32,0.055936,96279,885.4,91.76,0.063264,99430,920.5,-4.38,-0.000974,80370,956.8,-34.1,-0.006749,79314,973.7,168.43,0.05236,87707,992.3,149.09,0.045721,100489,990.1,173.08,0.060949,90546,903.2,111.12,0.046673,78813,862.6,139.32,0.044164,82338,861.6,92.32,0.055936,96279,885.4,91.76,0.063264
386,386.08,0.0071496,45980,730.8,4.99,0.000646,62137,916.5,130.97,0.020924,81551,980.2,147.32,0.046778,86773,990.1,146.19,0.044454,100720,990.6,168.08,0.059294,90647,904.5,120.06,0.050408,79063,863.0,150.14,0.047725,80562,857.8,92.08,0.054827,96136,884.3,90.46,0.06235,101992,925.9,-4.69,-0.001062,80826,957.9,-22.08,-0.00439,81551,980.2,147.32,0.046778,86773,990.1,146.19,0.044454,100720,990.6,168.08,0.059294,90647,904.5,120.06,0.050408,79063,863.0,150.14,0.047725,80562,857.8,92.08,0.054827,96136,884.3,90.46,0.06235
387,387.08,0.0071682,44828,726.6,4.63,0.000588,61649,914.7,120.56,0.019145,83513,985.8,129.62,0.041909,85714,987.5,144.4,0.043489,100574,990.2,164.7,0.05804,90290,904.9,126.9,0.053051,79913,864.9,162.65,0.05214,78959,854.5,90.85,0.053226,96010,883.3,89.05,0.061368,104228,930.6,-3.85,-0.000888,82132,961.4,-5.51,-0.001109,83513,985.8,129.62,0.041909,85714,987.5,144.4,0.043489,100574,990.2,164.7,0.05804,90290,904.9,126.9,0.053051,79913,864.9,162.65,0.05214,78959,854.5,90.85,0.053226,96010,883.3,89.05,0.061368
388,388.09,0.0071868,43824,722.8,4.11,0.000512,61311,913.5,109.25,0.017278,84180,987.8,118.53,0.038552,84650,984.7,143.3,0.042741,100137,989.2,163.07,0.057276,89593,904.6,132.08,0.054805,80847,867.1,174.58,0.056474,77500,851.5,88.91,0.051305,95913,882.4,87.49,0.060297,105702,933.7,-2.41,-0.000562,83121,964.1,9.13,0.001854,84180,987.8,118.53,0.038552,84650,984.7,143.3,0.042741,100137,989.2,163.07,0.057276,89593,904.6,132.08,0.054805,80847,867.1,174.58,0.056474,77500,851.5,88.91,0.051305,95913,882.4,87.49,0.060297
389,389.09,0.0072054,43028,719.7,3.29,0.000405,61156,912.9,96.51,0.015234,83763,986.9,112.77,0.03653,83589,982.0,142.18,0.041989,99519,987.7,162.85,0.05693,88733,904.0,136.14,0.055985,81525,868.9,183.61,0.059777,76223,849.0,86.07,0.048995,95847,881.6,85.84,0.059172,106379,935.1,-1.03,-0.00024,83423,964.9,19.45,0.003962,83763,986.9,112.77,0.03653,83589,982.0,142.18,0.041989,99519,987.7,162.85,0.05693,88733,904.0,136.14,0.055985,81525,868.9,183.61,0.059777,76223,849.0,86.07,0.048995,95847,881.6,85.84,0.059172
390,390.1,0.007224,42505,717.7,2.15,0.000262,61278,913.3,82.18,0.012992,82786,984.3,109.01,0.034993,82549,979.4,140.63,0.041128,98659,985.7,165.33,0.057414,87816,903.3,139.55,0.056844,81960,870.2,188.97,0.061758,75126,846.8,82.44,0.046369,95821,881.0,84.18,0.05805,106395,935.1,0.09,2.1e-05,83479,965.2,27.53,0.005611,82786,984.3,109.01,0.034993,82549,979.4,140.63,0.041128,98659,985.7,165.33,0.057414,87816,903.3,139.55,0.056844,81960,870.2,188.97,0.061758,75126,846.8,82.44,0.046369,95821,881.0,84.18,0.05805
391,391.04,0.0072414,42299,716.9,0.91,0.00011,61422,913.8,68.75,0.01089,81647,981.2,106.3,0.033759,81611,976.9,138.68,0.040197,97657,983.3,169.26,0.058323,86961,902.5,142.34,0.057464,82197,871.0,190.38,0.062334,74244,845.2,78.34,0.043629,95844,880.5,82.67,0.057058,105943,934.2,0.93,0.000216,83407,965.1,34.17,0.006958,81647,981.2,106.3,0.033759,81611,976.9,138.68,0.040197,97657,983.3,169.26,0.058323,86961,902.5,142.34,0.057464,82197,871.0,190.38,0.062334,74244,845.2,78.34,0.043629,95844,880.5,82.67,0.057058
392,392.04,0.00726,42355,717.2,-0.31,-3.7e-05,61391,913.6,55.82,0.008838,80322,977.7,103.69,0.032513,80624,974.3,135.89,0.039014,96511,980.6,173.16,0.059132,86075,901.7,144.93,0.057963,82536,872.6,190.11,0.062389,73423,843.8,72.92,0.04023,95932,880.1,81.24,0.056142,105027,932.3,1.69,0.000391,83358,965.1,41.01,0.008346,80322,977.7,103.69,0.032513,80624,974.3,135.89,0.039014,96511,980.6,173.16,0.059132,86075,901.7,144.93,0.057963,82536,872.6,190.11,0.062389,73423,843.8,72.92,0.04023,95932,880.1,81.24,0.056142
393,393.05,0.0072786,42609,718.3,-1.12,-0.000136,61203,912.9,44.82,0.00708,78992,974.1,101.04,0.03127,79639,971.6,132.43,0.03766,95360,977.8,175.41,0.059354,85214,901.0,147.11,0.058295,82936,874.6,187.31,0.061628,72708,842.5,66.24,0.036243,96103,880.0,80.12,0.055474,103807,929.8,2.2,0.000506,83344,965.2,47.72,0.00971,78992,974.1,101.04,0.03127,79639,971.6,132.43,0.03766,95360,977.8,175.41,0.059354,85214,901.0,147.11,0.058295,82936,874.6,187.31,0.061628,72708,842.5,66.24,0.036243,96103,880.0,80.12,0.055474
394,394.05,0.0072973,42902,719.5,-1.2,-0.000148,60652,911.0,36.3,0.005695,77677,970.5,98.02,0.029942,78626,968.9,128.38,0.036147,94252,975.0,175.87,0.058984,84405,900.2,148.57,0.058361,83476,876.9,182.63,0.060319,72118,841.6,58.66,0.031871,96352,880.0,79.31,0.055057,102423,926.9,2.5,0.000569,83254,965.2,53.64,0.010902,77677,970.5,98.02,0.029942,78626,968.9,128.38,0.036147,94252,975.0,175.87,0.058984,84405,900.2,148.57,0.058361,83476,876.9,182.63,0.060319,72118,841.6,58.66,0.031871,96352,880.0,79.31,0.055057
395,395.05,0.0073158,43050,720.2,-0.53,-6.6e-05,59859,908.2,29.99,0.004657,76396,966.9,94.6,0.028524,77605,966.1,124.05,0.034576,93176,972.4,174.77,0.058107,83700,899.7,148.94,0.058052,84152,879.5,177.48,0.05892,71689,841.0,50.99,0.02756,96649,880.2,78.72,0.054804,100955,923.8,2.69,0.000605,82992,964.7,58.21,0.0118,76396,966.9,94.6,0.028524,77605,966.1,124.05,0.034576,93176,972.4,174.77,0.058107,83700,899.7,148.94,0.058052,84152,879.5,177.48,0.05892,71689,841.0,50.99,0.02756,96649,880.2,78.72,0.054804
396,396.05,0.0073343,42979,719.9,0.39,4.8e-05,58955,905.1,24.94,0.003828,75328,963.9,91.59,0.027315,76586,963.2,119.68,0.033016,92133,969.7,172.75,0.056949,83144,899.6,148.1,0.057349,84818,882.1,172.4,0.057514,71558,841.1,44.86,0.0242,96951,880.5,78.2,0.054597,99445,920.6,2.81,0.000624,82596,963.8,61.57,0.012433,75328,963.9,91.59,0.027315,76586,963.2,119.68,0.033016,92133,969.7,172.75,0.056949,83144,899.6,148.1,0.057349,84818,882.1,172.4,0.057514,71558,841.1,44.86,0.0242,96951,880.5,78.2,0.054597
397,397.05,0.0073528,42614,718.5,1.71,0.000208,57998,901.6,20.67,0.003133,74409,961.2,88.67,0.026196,75524,960.2,115.11,0.031413,91126,967.1,170.27,0.055665,82730,899.8,146.43,0.056405,85266,884.4,167.04,0.055876,71852,842.3,41.64,0.022521,97206,880.7,77.58,0.05429,97933,917.4,2.85,0.000625,82176,962.9,64.16,0.012902,74409,961.2,88.67,0.026196,75524,960.2,115.11,0.031413,91126,967.1,170.27,0.055665,82730,899.8,146.43,0.056405,85266,884.4,167.04,0.055876,71852,842.3,41.64,0.022521,97206,880.7,77.58,0.05429
398,398.04,0.0073712,41957,715.9,2.96,0.000357,57013,898.1,17.04,0.002549,73473,958.5,85.24,0.024938,74503,957.3,110.95,0.029961,90159,964.6,167.93,0.05446,82502,900.5,143.87,0.055224,85549,886.2,162.03,0.054267,72796,845.4,42.06,0.02296,97363,880.8,76.74,0.053787,96470,914.2,2.79,0.000606,81796,962.0,66.42,0.013306,73473,958.5,85.24,0.024938,74503,957.3,110.95,0.029961,90159,964.6,167.93,0.05446,82502,900.5,143.87,0.055224,85549,886.2,162.03,0.054267,72796,845.4,42.06,0.02296,97363,880.8,76.74,0.053787
399,399.04,0.0073896,41103,712.5,3.88,0.00046,56019,894.4,13.92,0.002055,72557,955.7,81.75,0.023686,73575,954.6,107.58,0.028768,89221,962.0,166.14,0.053459,82449,901.6,140.18,0.053707,85673,887.7,157.86,0.052864,74697,850.9,48.74,0.02713,97386,880.6,75.71,0.053092,95098,911.2,2.65,0.00057,81478,961.4,68.5,0.013681,72557,955.7,81.75,0.023686,73575,954.6,107.58,0.028768,89221,962.0,166.14,0.053459,82449,901.6,140.18,0.053707,85673,887.7,157.86,0.052864,74697,850.9,48.74,0.02713,97386,880.6,75.71,0.053092
400,400.09,0.0074092,40031,708.2,4.69,0.000546,54966,890.5,10.98,0.001597,71682,953.0,78.63,0.022572,72590,951.8,104.22,0.02758,88227,959.3,164.75,0.052571,82576,903.4,135.65,0.05195,85527,888.6,154.01,0.051433,77442,858.7,59.43,0.033982,97250,880.0,74.45,0.052164,93762,908.2,2.45,0.000521,81182,960.7,70.67,0.014072,71682,953.0,78.63,0.022572,72590,951.8,104.22,0.02758,88227,959.3,164.75,0.052571,82576,903.4,135.65,0.05195,85527,888.6,154.01,0.051433,77442,858.7,59.43,0.033982,97250,880.0,74.45,0.052164
401,401.08,0.0074275,38944,703.8,5.1,0.00058,53986,886.8,8.46,0.001213,70946,950.7,76.31,0.021734,71635,948.9,100.97,0.026445,87296,956.8,163.82,0.051862,82760,905.2,130.16,0.049858,85285,889.1,151.09,0.050281,79455,864.7,65.37,0.038085,96985,879.2,73.18,0.051185,92622,905.7,2.28,0.000479,80912,960.2,72.98,0.014491,70946,950.7,76.31,0.021734,71635,948.9,100.97,0.026445,87296,956.8,163.82,0.051862,82760,905.2,130.16,0.049858,85285,889.1,151.09,0.050281,79455,864.7,65.37,0.038085,96985,879.2,73.18,0.051185
402,402.07,0.0074458,37964,699.6,4.68,0.000522,52994,883.0,6.2,0.000877,70274,948.5,74.55,0.021079,70714,946.2,97.94,0.025395,86384,954.2,162.97,0.051189,82898,906.8,124.05,0.047513,84939,889.4,148.79,0.049298,80804,868.8,67.0,0.039507,96587,878.1,71.79,0.050068,91554,903.2,2.17,0.000453,80743,959.9,76.39,0.015141,70274,948.5,74.55,0.021079,70714,946.2,97.94,0.025395,86384,954.2,162.97,0.051189,82898,906.8,124.05,0.047513,84939,889.4,148.79,0.049298,80804,868.8,67.0,0.039507,96587,878.1,71.79,0.050068
403,403.06,0.0074641,37268,696.7,3.31,0.000364,52003,879.2,4.08,0.000569,69723,946.8,73.78,0.020737,69881,943.7,95.4,0.024509,85504,951.7,161.87,0.050458,82937,908.1,118.42,0.045314,84559,889.6,146.88,0.04844,81795,872.2,66.32,0.039436,96083,876.7,70.13,0.048732,90505,900.8,2.18,0.00045,80870,960.4,80.48,0.015969,69723,946.8,73.78,0.020737,69881,943.7,95.4,0.024509,85504,951.7,161.87,0.050458,82937,908.1,118.42,0.045314,84559,889.6,146.88,0.04844,81795,872.2,66.32,0.039436,96083,876.7,70.13,0.048732
404,404.04,0.0074823,37084,695.9,0.72,7.9e-05,51163,875.9,0.95,0.000131,69454,945.9,74.87,0.02098,69145,941.5,93.32,0.023778,84658,949.3,160.46,0.049649,82820,909.0,113.4,0.043287,84085,889.5,144.62,0.04743,82490,874.7,63.71,0.038093,95526,875.3,68.11,0.047124,89426,898.3,2.28,0.000466,81428,962.1,85.19,0.01699,69454,945.9,74.87,0.02098,69145,941.5,93.32,0.023778,84658,949.3,160.46,0.049649,82820,909.0,113.4,0.043287,84085,889.5,144.62,0.04743,82490,874.7,63.71,0.038093,95526,875.3,68.11,0.047124
405,405.1,0.0075018,37580,698.2,-2.87,-0.000318,50770,874.3,-6.34,-0.000868,69515,946.0,78.3,0.021958,68476,939.5,91.63,0.023171,83782,946.8,158.63,0.048704,82473,909.3,108.53,0.041242,83518,889.2,141.6,0.046144,83046,877.0,60.05,0.036056,94924,873.9,65.44,0.045068,88209,895.5,2.45,0.000497,82649,965.6,89.96,0.018144,69515,946.0,78.3,0.021958,68476,939.5,91.63,0.023171,83782,946.8,158.63,0.048704,82473,909.3,108.53,0.041242,83518,889.2,141.6,0.046144,83046,877.0,60.05,0.036056,94924,873.9,65.44,0.045068
406,406.08,0.00752,39078,705.1,-7.77,-0.000886,50931,875.0,-18.22,-0.002498,69766,946.8,82.54,0.023214,68019,938.2,90.92,0.022869,82974,944.5,156.84,0.047806,82006,909.2,104.76,0.039589,83030,889.0,138.37,0.044838,83431,878.7,56.41,0.033955,94385,872.6,62.39,0.042783,86989,892.6,2.65,0.000531,84409,970.3,91.53,0.018762,69766,946.8,82.54,0.023214,68019,938.2,90.92,0.022869,82974,944.5,156.84,0.047806,82006,909.2,104.76,0.039589,83030,889.0,138.37,0.044838,83431,878.7,56.41,0.033955,94385,872.6,62.39,0.042783
407,407.06,0.0075382,41340,715.1,-10.73,-0.001276,52187,880.0,-38.28,-0.005349,69973,947.3,86.3,0.024329,67888,937.8,91.74,0.02304,82159,942.1,155.22,0.046964,81505,909.0,101.99,0.038316,82599,888.9,134.71,0.043435,83762,880.3,52.98,0.031961,93887,871.5,58.76,0.040136,85699,889.6,2.84,0.000562,86627,976.3,87.83,0.018363,69973,947.3,86.3,0.024329,67888,937.8,91.74,0.02304,82159,942.1,155.22,0.046964,81505,909.0,101.99,0.038316,82599,888.9,134.71,0.043435,83762,880.3,52.98,0.031961,93887,871.5,58.76,0.040136
408,408.04,0.0075563,43655,725.0,-10.24,-0.001268,53741,886.0,-60.3,-0.008619,70007,947.3,88.65,0.025004,68147,938.8,94.35,0.023763,81315,939.7,153.81,0.046179,81036,908.8,100.11,0.0374,82174,888.7,130.65,0.041916,84238,882.1,50.95,0.030849,93438,870.5,54.56,0.03713,84368,886.4,2.97,0.000581,88548,981.3,82.6,0.017561,70007,947.3,88.65,0.025004,68147,938.8,94.35,0.023763,81315,939.7,153.81,0.046179,81036,908.8,100.11,0.0374,82174,888.7,130.65,0.041916,84238,882.1,50.95,0.030849,93438,870.5,54.56,0.03713
409,409.09,0.0075757,45714,733.5,-8.16,-0.001046,54542,889.0,-76.12,-0.011004,69863,946.7,89.99,0.025344,68759,940.9,96.94,0.02458,80345,937.0,152.58,0.045395,80568,908.7,98.49,0.036586,81681,888.3,126.38,0.040319,85153,885.2,51.35,0.031318,93015,869.6,49.46,0.033543,82943,882.9,3.02,0.000584,89601,984.1,78.33,0.016806,69863,946.7,89.99,0.025344,68759,940.9,96.94,0.02458,80345,937.0,152.58,0.045395,80568,908.7,98.49,0.036586,81681,888.3,126.38,0.040319,85153,885.2,51.35,0.031318,93015,869.6,49.46,0.033543
410,410.07,0.0075939,47441,740.3,-7.18,-0.000946,54695,889.7,-84.93,-0.012303,69637,945.9,90.65,0.02547,69471,943.3,96.94,0.024771,79346,934.1,151.84,0.044748,80118,908.6,96.64,0.035706,81135,887.8,123.32,0.039104,86500,889.1,54.89,0.033856,92668,868.8,44.14,0.029851,81637,879.6,3.0,0.000572,89691,984.4,76.23,0.016365,69637,945.9,90.65,0.02547,69471,943.3,96.94,0.024771,79346,934.1,151.84,0.044748,80118,908.6,96.64,0.035706,81135,887.8,123.32,0.039104,86500,889.1,54.89,0.033856,92668,868.8,44.14,0.029851
411,411.05,0.007612,49297,747.6,-7.51,-0.001018,54336,888.4,-89.3,-0.012871,69396,945.0,90.56,0.025381,70632,946.9,91.61,0.023708,78260,931.1,151.2,0.044097,79645,908.3,94.13,0.034582,80522,887.0,121.69,0.038329,88327,894.3,61.28,0.038377,92368,868.2,38.37,0.025879,80382,876.5,2.92,0.000551,89137,983.0,75.05,0.016036,69396,945.0,90.56,0.025381,70632,946.9,91.61,0.023708,78260,931.1,151.2,0.044097,79645,908.3,94.13,0.034582,80522,887.0,121.69,0.038329,88327,894.3,61.28,0.038377,92368,868.2,38.37,0.025879
412,412.09,0.0076313,51568,756.1,-8.16,-0.001145,53844,886.5,-91.85,-0.013145,69174,944.1,89.11,0.024917,72708,953.4,78.5,0.020771,77063,927.6,150.39,0.043349,79133,908.0,90.75,0.033137,79782,885.9,121.0,0.037807,90122,899.5,67.71,0.043013,92098,867.7,31.79,0.021396,79112,873.3,2.82,0.000525,88054,980.3,75.28,0.015934,69174,944.1,89.11,0.024917,72708,953.4,78.5,0.020771,77063,927.6,150.39,0.043349,79133,908.0,90.75,0.033137,79782,885.9,121.0,0.037807,90122,899.5,67.71,0.043013,92098,867.7,31.79,0.021396
413,413.07,0.0076494,53745,764.1,-7.82,-0.001132,53617,885.7,-95.18,-0.013576,69054,943.4,86.32,0.024114,74824,959.8,64.01,0.017315,75937,924.4,149.29,0.042551,78655,907.7,87.13,0.031635,78986,884.6,121.16,0.037536,91305,903.2,71.68,0.045943,91889,867.3,25.34,0.017024,77988,870.4,2.7,0.000499,86651,976.6,77.41,0.016184,69054,943.4,86.32,0.024114,74824,959.8,64.01,0.017315,75937,924.4,149.29,0.042551,78655,907.7,87.13,0.031635,78986,884.6,121.16,0.037536,91305,903.2,71.68,0.045943,91889,867.3,25.34,0.017024
414,414.05,0.0076675,55490,770.3,-5.9,-0.000874,53778,886.4,-100.1,-0.014311,69317,944.0,80.61,0.02259,76270,964.1,52.83,0.014502,74813,921.3,147.79,0.041641,78124,907.1,83.63,0.030176,78014,882.9,121.7,0.037311,92027,906.0,73.78,0.047513,91725,867.0,18.7,0.012543,76924,867.7,2.6,0.000474,85039,972.4,80.16,0.016518,69317,944.0,80.61,0.02259,76270,964.1,52.83,0.014502,74813,921.3,147.79,0.041641,78124,907.1,83.63,0.030176,78014,882.9,121.7,0.037311,92027,906.0,73.78,0.047513,91725,867.0,18.7,0.012543
415,415.09,0.0076868,56563,774.1,-3.16,-0.000475,54278,888.4,-106.49,-0.015331,70176,946.5,69.68,0.019717,76900,966.0,45.96,0.012694,73628,917.9,145.85,0.040591,77444,906.2,80.7,0.028896,76790,880.5,122.47,0.037059,92417,908.1,74.47,0.048052,91601,866.8,11.46,0.007679,75851,864.9,2.49,0.000449,83239,967.6,83.33,0.01689,70176,946.5,69.68,0.019717,76900,966.0,45.96,0.012694,73628,917.9,145.85,0.040591,77444,906.2,80.7,0.028896,76790,880.5,122.47,0.037059,92417,908.1,74.47,0.048052,91601,866.8,11.46,0.007679
416,416.06,0.0077049,56878,775.2,-0.94,-0.000142,54915,890.8,-112.25,-0.016305,71557,950.6,54.49,0.015654,76850,965.8,42.36,0.011695,72532,914.8,143.83,0.039568,76747,905.1,78.78,0.02799,75548,878.0,123.39,0.036836,92524,909.5,74.26,0.0479,91533,866.6,4.56,0.003053,74896,862.3,2.4,0.000428,81495,962.9,86.66,0.017282,71557,950.6,54.49,0.015654,76850,965.8,42.36,0.011695,72532,914.8,143.83,0.039568,76747,905.1,78.78,0.02799,75548,878.0,123.39,0.036836,92524,909.5,74.26,0.0479,91533,866.6,4.56,0.003053
417,417.04,0.007723,56712,774.7,0.63,9.6e-05,55583,893.4,-116.9,-0.017138,73135,955.2,38.89,0.011364,76342,964.4,40.37,0.011089,71455,911.7,141.78,0.038555,76020,903.9,77.87,0.02744,74271,875.4,124.35,0.036606,92513,910.6,73.37,0.047263,91505,866.6,-2.46,-0.001646,73991,859.9,2.3,0.000407,79709,958.0,90.43,0.017729,73135,955.2,38.89,0.011364,76342,964.4,40.37,0.011089,71455,911.7,141.78,0.038555,76020,903.9,77.87,0.02744,74271,875.4,124.35,0.036606,92513,910.6,73.37,0.047263,91505,866.6,-2.46,-0.001646
418,418.08,0.0077422,56247,773.2,1.5,0.000225,56231,895.8,-120.48,-0.01782,73826,957.2,27.79,0.00818,75503,962.0,39.64,0.010796,70337,908.5,139.82,0.037558,75204,902.4,77.94,0.027214,72927,872.6,125.29,0.036329,92468,911.7,72.27,0.046471,91496,866.5,-10.11,-0.00677,73085,857.5,2.18,0.000382,77813,952.7,94.8,0.018246,73826,957.2,27.79,0.00818,75503,962.0,39.64,0.010796,70337,908.5,139.82,0.037558,75204,902.4,77.94,0.027214,72927,872.6,125.29,0.036329,92468,911.7,72.27,0.046471,91496,866.5,-10.11,-0.00677
419,419.06,0.0077603,55687,771.4,1.92,0.000285,56723,897.7,-123.0,-0.018314,73841,957.1,21.72,0.006394,74499,959.0,39.56,0.010664,69313,905.6,138.22,0.036704,74374,900.8,78.75,0.02724,71752,870.2,126.11,0.036076,92399,912.7,70.99,0.045569,91471,866.4,-17.53,-0.011735,72305,855.4,2.02,0.000352,76101,947.8,99.01,0.018733,73841,957.1,21.72,0.006394,74499,959.0,39.56,0.010664,69313,905.6,138.22,0.036704,74374,900.8,78.75,0.02724,71752,870.2,126.11,0.036076,92399,912.7,70.99,0.045569,91471,866.4,-17.53,-0.011735
420,420.1,0.0077796,54999,769.2,2.25,0.00033,57111,899.2,-125.47,-0.018777,73386,955.7,18.86,0.005528,73333,955.5,40.04,0.010661,68226,902.5,136.82,0.035888,73424,898.9,80.22,0.027451,70646,868.1,127.01,0.035864,92287,913.6,69.24,0.044349,91374,866.1,-25.86,-0.017299,71557,853.3,1.83,0.000316,74392,942.8,103.35,0.019217,73386,955.7,18.86,0.005528,73333,955.5,40.04,0.010661,68226,902.5,136.82,0.035888,73424,898.9,80.22,0.027451,70646,868.1,127.01,0.035864,92287,913.6,69.24,0.044349,91374,866.1,-25.86,-0.017299
421,421.07,0.0077977,54277,766.9,2.54,0.000369,57320,900.0,-127.93,-0.019198,72858,954.0,19.12,0.005572,72259,952.3,40.16,0.010573,67196,899.5,135.82,0.035202,72495,897.1,82.0,0.027762,69781,866.5,127.74,0.035693,92156,914.3,67.24,0.042972,91220,865.7,-33.97,-0.022695,70931,851.6,1.66,0.000284,72916,938.4,107.11,0.019612,72858,954.0,19.12,0.005572,72259,952.3,40.16,0.010573,67196,899.5,135.82,0.035202,72495,897.1,82.0,0.027762,69781,866.5,127.74,0.035693,92156,914.3,67.24,0.042972,91220,865.7,-33.97,-0.022695
422,422.05,0.0078158,53471,764.2,2.88,0.000415,57374,900.3,-130.63,-0.019615,72355,952.4,21.4,0.006205,71296,949.3,39.89,0.010394,66153,896.6,135.08,0.034582,71545,895.1,83.89,0.028092,69074,865.3,128.07,0.035471,92022,915.0,64.98,0.041434,91107,865.3,-41.82,-0.027915,70349,850.0,1.57,0.000268,71559,934.3,110.42,0.019927,72355,952.4,21.4,0.006205,71296,949.3,39.89,0.010394,66153,896.6,135.08,0.034582,71545,895.1,83.89,0.028092,69074,865.3,128.07,0.035471,92022,915.0,64.98,0.041434,91107,865.3,-41.82,-0.027915
423,423.09,0.007835,52528,761.1,3.16,0.000449,57283,900.1,-133.76,-0.02006,71851,950.8,25.11,0.007242,70457,946.7,39.78,0.010272,65040,893.4,134.62,0.034004,70432,892.7,85.23,0.028174,68456,864.5,127.81,0.035116,91883,915.7,62.41,0.039707,91088,865.2,-49.57,-0.033092,69713,848.2,1.64,0.000278,70225,930.2,113.31,0.020156,71851,950.8,25.11,0.007242,70457,946.7,39.78,0.010272,65040,893.4,134.62,0.034004,70432,892.7,85.23,0.028174,68456,864.5,127.81,0.035116,91883,915.7,62.41,0.039707,91088,865.2,-49.57,-0.033092
424,424.07,0.0078531,51701,758.3,2.93,0.000411,57081,899.4,-137.08,-0.0205,71392,949.3,28.67,0.008228,69903,944.9,40.38,0.010365,64015,890.4,134.51,0.033555,69309,890.0,85.65,0.027945,68029,864.2,127.15,0.034727,91758,916.3,59.87,0.038012,91158,865.2,-56.19,-0.037537,69045,846.3,1.86,0.000313,69062,926.6,115.38,0.020263,71392,949.3,28.67,0.008228,69903,944.9,40.38,0.010365,64015,890.4,134.51,0.033555,69309,890.0,85.65,0.027945,68029,864.2,127.15,0.034727,91758,916.3,59.87,0.038012,91158,865.2,-56.19,-0.037537
425,425.04,0.0078712,51314,757.0,1.15,0.00016,56794,898.4,-140.72,-0.02096,70901,947.7,31.36,0.008953,69566,943.9,41.87,0.010707,63021,887.5,134.72,0.033194,70076,893.0,96.55,0.031743,67791,864.4,125.12,0.034047,91623,916.8,57.17,0.036222,91571,866.0,-61.04,-0.040926,68322,844.3,2.0,0.000333,67961,923.2,116.85,0.020271,70901,947.7,31.36,0.008953,69566,943.9,41.87,0.010707,63021,887.5,134.72,0.033194,70076,893.0,96.55,0.031743,67791,864.4,125.12,0.034047,91623,916.8,57.17,0.036222,91571,866.0,-61.04,-0.040926
426,426.08,0.0078904,51736,758.6,-2.03,-0.000285,56437,897.2,-144.99,-0.02149,70291,945.7,32.78,0.0093,69352,943.3,44.0,0.011226,62034,884.6,135.42,0.03295,78632,918.6,153.03,0.054886,67575,864.6,120.75,0.032744,91447,917.2,54.09,0.034193,92760,868.4,-63.17,-0.04278,67712,842.5,1.43,0.000237,66829,919.6,117.89,0.020189,70291,945.7,32.78,0.0093,69352,943.3,44.0,0.011226,62034,884.6,135.42,0.03295,78632,918.6,153.03,0.054886,67575,864.6,120.75,0.032744,91447,917.2,54.09,0.034193,92760,868.4,-63.17,-0.04278
427,427.06,0.0079085,53976,766.8,-8.96,-0.001297,56102,896.1,-149.38,-0.022038,69716,943.8,33.33,0.009398,69159,942.7,46.07,0.011728,61282,882.4,137.05,0.033024,94159,959.6,230.23,0.094646,67481,865.3,114.03,0.030854,91233,917.5,51.07,0.0322,94608,872.4,-62.93,-0.043264,67654,842.4,0.03,6e-06,65789,916.2,118.51,0.020053,69716,943.8,33.33,0.009398,69159,942.7,46.07,0.011728,61282,882.4,137.05,0.033024,94159,959.6,230.23,0.094646,67481,865.3,114.03,0.030854,91233,917.5,51.07,0.0322,94608,872.4,-62.93,-0.043264
428,428.1,0.0079277,58465,782.5,-14.59,-0.002243,55849,895.3,-154.22,-0.022671,69089,941.7,33.16,0.009284,68836,941.7,47.67,0.01209,60781,881.1,140.48,0.033624,103740,983.3,259.0,0.114481,68911,870.3,112.7,0.030961,90946,917.5,47.82,0.030051,97574,878.6,-57.94,-0.040798,68307,844.2,-2.11,-0.000351,64691,912.6,118.99,0.019875,69089,941.7,33.16,0.009284,68836,941.7,47.67,0.01209,60781,881.1,140.48,0.033624,103740,983.3,259.0,0.114481,68911,870.3,112.7,0.030961,90946,917.5,47.82,0.030051,97574,878.6,-57.94,-0.040798
429,429.07,0.0079458,62614,796.1,-12.73,-0.002059,55855,895.4,-158.49,-0.023298,68475,939.6,32.53,0.009048,68404,940.3,48.43,0.012225,60587,880.8,145.12,0.034634,105906,989.7,257.93,0.115641,77932,896.8,155.81,0.046975,90616,917.3,44.85,0.02809,100582,884.8,-52.77,-0.038037,70000,849.0,-4.97,-0.000843,63671,909.3,119.39,0.0197,68475,939.6,32.53,0.009048,68404,940.3,48.43,0.012225,60587,880.8,145.12,0.034634,105906,989.7,257.93,0.115641,77932,896.8,155.81,0.046975,90616,917.3,44.85,0.02809,100582,884.8,-52.77,-0.038037
430,430.05,0.0079639,65308,804.6,-7.67,-0.00128,56124,896.4,-162.88,-0.02403,67880,937.7,31.92,0.008818,67890,938.7,48.63,0.012204,60551,881.1,150.31,0.03584,107027,993.3,252.62,0.114044,96481,944.5,242.81,0.086061,90219,917.0,42.04,0.026227,102845,889.3,-49.95,-0.036626,72380,855.7,-6.37,-0.001108,62664,905.9,119.85,0.019535,67880,937.7,31.92,0.008818,67890,938.7,48.63,0.012204,60551,881.1,150.31,0.03584,107027,993.3,252.62,0.114044,96481,944.5,242.81,0.086061,90219,917.0,42.04,0.026227,102845,889.3,-49.95,-0.036626
431,431.09,0.0079831,66603,808.6,-3.22,-0.000545,56869,899.3,-167.95,-0.025026,67300,935.7,31.72,0.008708,67286,936.8,48.3,0.012037,60566,881.6,155.25,0.037007,107534,995.4,248.63,0.112536,106094,969.2,276.19,0.104895,89710,916.3,39.24,0.024354,104512,892.6,-49.39,-0.036667,74621,861.7,-5.17,-0.00092,61609,902.4,120.45,0.019379,67300,935.7,31.72,0.008708,67286,936.8,48.3,0.012037,60566,881.6,155.25,0.037007,107534,995.4,248.63,0.112536,106094,969.2,276.19,0.104895,89710,916.3,39.24,0.024354,104512,892.6,-49.39,-0.036667
432,432.07,0.0080012,67027,809.9,-1.21,-0.000207,58260,904.4,-173.32,-0.026309,66827,934.1,32.09,0.008762,66708,934.9,47.6,0.011784,60571,882.0,158.35,0.037731,107815,996.7,244.98,0.111025,108799,977.4,279.02,0.10776,89158,915.5,36.75,0.022689,105268,894.0,-49.55,-0.036992,75810,864.9,-2.76,-0.000497,60639,899.1,121.18,0.019259,66827,934.1,32.09,0.008762,66708,934.9,47.6,0.011784,60571,882.0,158.35,0.037731,107815,996.7,244.98,0.111025,108799,977.4,279.02,0.10776,89158,915.5,36.75,0.022689,105268,894.0,-49.55,-0.036992
433,433.04,0.0080193,67392,811.0,-1.19,-0.000204,60551,912.5,-178.95,-0.027979,66405,932.6,32.83,0.008921,66159,933.1,46.85,0.011525,60524,882.3,159.53,0.03797,108077,997.9,240.58,0.109169,109903,982.9,273.4,0.106068,88567,914.5,34.39,0.021116,105202,893.9,-49.6,-0.037008,76028,865.5,-0.33,-6e-05,59679,895.8,122.14,0.019174,66405,932.6,32.83,0.008921,66159,933.1,46.85,0.011525,60524,882.3,159.53,0.03797,108077,997.9,240.58,0.109169,109903,982.9,273.4,0.106068,88567,914.5,34.39,0.021116,105202,893.9,-49.6,-0.037008
434,434.08,0.0080386,68297,813.8,-2.61,-0.00045,63667,923.3,-177.49,-0.02884,65995,931.2,33.7,0.009114,65635,931.4,46.37,0.011337,60475,882.7,158.68,0.03772,108317,998.9,235.72,0.107093,110705,987.9,265.84,0.103364,87952,913.5,32.05,0.019567,104299,892.2,-47.41,-0.03514,75419,863.9,1.63,0.000293,58648,892.2,123.53,0.019135,65995,931.2,33.7,0.009114,65635,931.4,46.37,0.011337,60475,882.7,158.68,0.03772,108317,998.9,235.72,0.107093,110705,987.9,265.84,0.103364,87952,913.5,32.05,0.019567,104299,892.2,-47.41,-0.03514
435,435.06,0.0080567,69698,818.0,-3.98,-0.000698,66916,934.0,-167.81,-0.02833,65605,929.8,34.26,0.009226,65198,929.9,46.4,0.011288,60444,883.0,156.5,0.03717,108486,999.6,230.72,0.104907,111334,991.9,259.9,0.101212,87440,912.6,30.01,0.018232,102780,889.2,-40.84,-0.029927,74290,860.9,2.97,0.000526,57670,888.8,125.25,0.01915,65605,929.8,34.26,0.009226,65198,929.9,46.4,0.011288,60444,883.0,156.5,0.03717,108486,999.6,230.72,0.104907,111334,991.9,259.9,0.101212,87440,912.6,30.01,0.018232,102780,889.2,-40.84,-0.029927
436,436.04,0.0080747,71361,823.0,-4.49,-0.0008,69776,943.1,-154.92,-0.027007,65192,928.3,34.43,0.009228,64806,928.6,47.05,0.011394,60499,883.6,153.14,0.036379,108662,1000.4,225.28,0.10252,111307,994.0,256.44,0.099634,87025,911.9,28.0,0.016941,101403,886.5,-31.54,-0.022872,72807,856.9,3.89,0.000679,56705,885.3,127.17,0.019193,65192,928.3,34.43,0.009228,64806,928.6,47.05,0.011394,60499,883.6,153.14,0.036379,108662,1000.4,225.28,0.10252,111307,994.0,256.44,0.099634,87025,911.9,28.0,0.016941,101403,886.5,-31.54,-0.022872
437,437.08,0.008094,73024,827.8,-4.04,-0.000733,71873,949.6,-142.43,-0.025401,64732,926.7,34.32,0.009149,64377,927.2,48.16,0.011602,60576,884.3,148.45,0.035281,109016,1001.5,219.33,0.100027,110847,994.7,255.15,0.098657,86701,911.5,25.67,0.015483,100745,885.3,-19.75,-0.014252,71009,852.0,4.49,0.00077,55765,882.0,128.87,0.019201,64732,926.7,34.32,0.009149,64377,927.2,48.16,0.011602,60576,884.3,148.45,0.035281,109016,1001.5,219.33,0.100027,110847,994.7,255.15,0.098657,86701,911.5,25.67,0.015483,100745,885.3,-19.75,-0.014252
438,438.05,0.0081121,74310,831.5,-3.26,-0.000599,72911,952.8,-132.65,-0.023919,64271,925.1,34.05,0.009029,63919,925.6,49.3,0.011812,60589,884.8,143.76,0.034156,109385,1002.6,213.02,0.097369,109688,992.9,254.01,0.097363,86508,911.3,23.13,0.013919,101021,885.9,-8.03,-0.005804,69237,847.0,4.8,0.000807,55065,879.4,129.27,0.019073,64271,925.1,34.05,0.009029,63919,925.6,49.3,0.011812,60589,884.8,143.76,0.034156,109385,1002.6,213.02,0.097369,109688,992.9,254.01,0.097363,86508,911.3,23.13,0.013919,101021,885.9,-8.03,-0.005804
439,439.1,0.0081314,75348,834.4,-2.4,-0.000445,73261,953.8,-124.35,-0.022506,63742,923.2,33.74,0.008891,63362,923.7,50.46,0.01201,60471,884.8,139.1,0.032984,109756,1003.6,205.52,0.094167,108263,992.3,255.92,0.096881,86426,911.3,19.79,0.011898,102008,887.9,2.8,0.002042,67325,841.6,4.97,0.000819,54639,877.9,128.37,0.018826,63742,923.2,33.74,0.008891,63362,923.7,50.46,0.01201,60471,884.8,139.1,0.032984,109756,1003.6,205.52,0.094167,108263,992.3,255.92,0.096881,86426,911.3,19.79,0.011898,102008,887.9,2.8,0.002042
440,440.07,0.0081495,76053,836.4,-1.73,-0.000324,73133,953.4,-118.62,-0.021441,63208,921.3,33.58,0.008793,62792,921.7,51.44,0.01216,60234,884.4,135.1,0.031924,109986,1004.2,198.78,0.091214,106582,989.9,258.42,0.096545,86406,911.5,16.16,0.00971,103093,890.0,9.75,0.007161,65551,836.4,5.05,0.000814,54527,877.6,124.73,0.018262,63208,921.3,33.58,0.008793,62792,921.7,51.44,0.01216,60234,884.4,135.1,0.031924,109986,1004.2,198.78,0.091214,106582,989.9,258.42,0.096545,86406,911.5,16.16,0.00971,103093,890.0,9.75,0.007161
441,441.05,0.0081677,76560,837.8,-1.23,-0.000231,72777,952.3,-114.35,-0.020591,62646,919.3,33.67,0.008756,62197,919.7,52.26,0.012263,59864,883.5,131.69,0.030958,109986,1004.3,192.99,0.088552,104739,986.8,260.96,0.096104,86483,911.8,12.0,0.007214,103931,891.6,13.56,0.01002,63816,831.2,5.06,0.0008,54970,879.2,117.49,0.017309,62646,919.3,33.67,0.008756,62197,919.7,52.26,0.012263,59864,883.5,131.69,0.030958,109986,1004.3,192.99,0.088552,104739,986.8,260.96,0.096104,86483,911.8,12.0,0.007214,103931,891.6,13.56,0.01002
442,442.1,0.008187,76937,838.9,-0.84,-0.000158,72206,950.6,-111.27,-0.019916,62037,917.2,34.12,0.008807,61550,917.4,52.92,0.01232,59486,882.6,127.93,0.029916,109674,1003.6,188.35,0.08624,102746,983.2,263.68,0.095608,86678,912.4,6.86,0.004131,104372,892.4,15.37,0.011397,62024,825.8,5.03,0.000776,56174,883.7,103.93,0.015567,62037,917.2,34.12,0.008807,61550,917.4,52.92,0.01232,59486,882.6,127.93,0.029916,109674,1003.6,188.35,0.08624,102746,983.2,263.68,0.095608,86678,912.4,6.86,0.004131,104372,892.4,15.37,0.011397
443,443.08,0.0082052,77177,839.5,-0.57,-0.000108,71601,948.7,-109.49,-0.019471,61466,915.1,34.8,0.00892,60949,915.3,53.38,0.012334,59424,882.8,122.08,0.028513,109007,1002.1,185.49,0.084537,100886,979.5,266.35,0.095183,86960,913.1,1.54,0.00093,104292,892.2,16.84,0.012478,60421,820.8,4.92,0.000745,57257,887.7,91.63,0.013928,61466,915.1,34.8,0.00892,60949,915.3,53.38,0.012334,59424,882.8,122.08,0.028513,109007,1002.1,185.49,0.084537,100886,979.5,266.35,0.095183,86960,913.1,1.54,0.00093,104292,892.2,16.84,0.012478
444,444.06,0.0082234,77343,840.0,-0.4,-7.6e-05,70981,946.7,-108.55,-0.019178,60895,913.0,35.58,0.009055,60367,913.2,53.79,0.012336,61888,891.5,99.12,0.023872,107947,999.7,183.91,0.083208,99073,975.8,268.93,0.094741,87337,914.0,-4.09,-0.002481,103561,890.7,19.76,0.014566,58909,816.1,4.75,0.000705,57768,889.5,83.15,0.012724,60895,913.0,35.58,0.009055,60367,913.2,53.79,0.012336,61888,891.5,99.12,0.023872,107947,999.7,183.91,0.083208,99073,975.8,268.93,0.094741,87337,914.0,-4.09,-0.002481,103561,890.7,19.76,0.014566
445,445.05,0.0082416,77475,840.4,-0.32,-6.1e-05,70349,944.7,-108.2,-0.018986,60322,911.0,36.29,0.00917,59813,911.2,54.23,0.012351,69984,917.8,40.29,0.010659,106527,996.4,183.36,0.082133,97368,972.1,271.28,0.094281,87818,915.1,-9.89,-0.006015,102220,887.9,24.51,0.017893,57503,811.5,4.52,0.000659,57802,889.7,77.76,0.011904,60322,911.0,36.29,0.00917,59813,911.2,54.23,0.012351,69984,917.8,40.29,0.010659,106527,996.4,183.36,0.082133,97368,972.1,271.28,0.094281,87818,915.1,-9.89,-0.006015,102220,887.9,24.51,0.017893
446,446.1,0.008261,77626,840.8,-0.36,-6.9e-05,69622,942.4,-108.41,-0.018871,59704,908.7,36.84,0.009237,59247,909.1,54.79,0.012389,78278,941.9,-12.89,-0.003717,104663,992.1,183.3,0.081022,95682,968.3,273.31,0.093699,88463,916.4,-16.05,-0.009821,100548,884.4,30.32,0.021854,56128,807.0,4.23,0.000605,57656,889.2,75.13,0.011479,59704,908.7,36.84,0.009237,59247,909.1,54.79,0.012389,78278,941.9,-12.89,-0.003717,104663,992.1,183.3,0.081022,95682,968.3,273.31,0.093699,88463,916.4,-16.05,-0.009821,100548,884.4,30.32,0.021854
447,447.08,0.0082793,77845,841.4,-0.57,-0.000108,68886,940.0,-108.97,-0.018817,59115,906.5,37.1,0.009233,58725,907.2,55.37,0.012436,82186,952.4,-35.7,-0.010688,102703,987.5,183.53,0.079973,94301,965.3,273.95,0.092855,89182,917.9,-21.7,-0.013366,99031,881.2,35.28,0.025137,54953,803.1,3.94,0.000555,57480,888.6,75.3,0.011477,59115,906.5,37.1,0.009233,58725,907.2,55.37,0.012436,82186,952.4,-35.7,-0.010688,102703,987.5,183.53,0.079973,94301,965.3,273.95,0.092855,89182,917.9,-21.7,-0.013366,99031,881.2,35.28,0.025137
448,448.07,0.0082976,78252,842.5,-1.07,-0.000204,68162,937.7,-109.34,-0.018729,58517,904.3,37.14,0.009171,58191,905.2,55.95,0.012478,84569,958.4,-48.72,-0.014915,100680,982.7,184.09,0.07902,93094,962.7,272.73,0.091503,89952,919.3,-27.3,-0.016935,97767,878.5,38.89,0.027439,53881,799.4,3.68,0.00051,57502,888.7,78.65,0.011991,58517,904.3,37.14,0.009171,58191,905.2,55.95,0.012478,84569,958.4,-48.72,-0.014915,100680,982.7,184.09,0.07902,93094,962.7,272.73,0.091503,89952,919.3,-27.3,-0.016935,97767,878.5,38.89,0.027439
449,449.06,0.0083159,79095,844.8,-2.22,-0.000428,67569,935.7,-108.81,-0.018514,57909,902.0,36.99,0.009062,57630,903.2,56.48,0.012505,86755,963.7,-60.74,-0.01897,98667,977.9,184.96,0.078192,92000,960.0,270.3,0.089872,90652,920.5,-33.21,-0.020737,96852,876.5,40.73,0.028536,52897,796.1,3.44,0.00047,57948,890.4,85.42,0.0131,57909,902.0,36.99,0.009062,57630,903.2,56.48,0.012505,86755,963.7,-60.74,-0.01897,98667,977.9,184.96,0.078192,92000,960.0,270.3,0.089872,90652,920.5,-33.21,-0.020737,96852,876.5,40.73,0.028536
450,450.05,0.0083342,80918,849.8,-4.7,-0.00092,67284,934.8,-106.18,-0.018009,57292,899.7,36.71,0.008922,57036,900.9,56.97,0.012515,88839,968.6,-72.93,-0.023208,96793,973.3,186.5,0.077709,91054,958.2,266.68,0.087929,91207,921.3,-39.67,-0.024898,96243,875.1,41.03,0.028608,51987,792.9,3.23,0.000436,58645,892.9,93.89,0.01453,57292,899.7,36.71,0.008922,57036,900.9,56.97,0.012515,88839,968.6,-72.93,-0.023208,96793,973.3,186.5,0.077709,91054,958.2,266.68,0.087929,91207,921.3,-39.67,-0.024898,96243,875.1,41.03,0.028608
451,451.04,0.0083526,84275,858.8,-8.08,-0.001631,67311,934.8,-100.54,-0.017058,56666,897.4,36.41,0.008774,56408,898.5,57.43,0.012508,90440,972.1,-83.43,-0.026929,95207,969.2,188.89,0.07774,90320,956.4,261.67,0.085741,92149,922.8,-43.65,-0.027635,95828,874.2,40.49,0.028142,51139,789.9,3.07,0.000409,59187,894.9,100.77,0.015705,56666,897.4,36.41,0.008774,56408,898.5,57.43,0.012508,90440,972.1,-83.43,-0.026929,95207,969.2,188.89,0.07774,90320,956.4,261.67,0.085741,92149,922.8,-43.65,-0.027635,95828,874.2,40.49,0.028142
452,452.09,0.0083721,89099,871.1,-9.94,-0.00209,68510,938.6,-87.18,-0.014996,55993,894.8,36.15,0.008634,55706,895.9,57.89,0.01249,91469,974.0,-91.9,-0.029944,93826,965.5,191.66,0.078037,89742,955.0,255.34,0.083249,95801,930.6,-36.78,-0.024007,95541,873.5,38.78,0.026892,50283,786.8,2.96,0.000388,59383,895.6,104.64,0.016349,55993,894.8,36.15,0.008634,55706,895.9,57.89,0.01249,91469,974.0,-91.9,-0.029944,93826,965.5,191.66,0.078037,89742,955.0,255.34,0.083249,95801,930.6,-36.78,-0.024007,95541,873.5,38.78,0.026892
453,453.08,0.0083904,93378,881.6,-8.57,-0.001867,70496,944.8,-69.33,-0.01219,55364,892.4,36.09,0.008545,55025,893.2,58.31,0.012464,91962,974.6,-97.91,-0.032056,92801,962.5,193.96,0.078352,89583,954.7,248.89,0.081031,109382,959.8,15.13,0.010932,95354,873.1,36.6,0.025345,49512,784.0,2.89,0.000376,59233,895.2,104.88,0.016352,55364,892.4,36.09,0.008545,55025,893.2,58.31,0.012464,91962,974.6,-97.91,-0.032056,92801,962.5,193.96,0.078352,89583,954.7,248.89,0.081031,109382,959.8,15.13,0.010932,95354,873.1,36.6,0.025345
454,454.07,0.0084088,96298,888.5,-5.45,-0.001215,72145,949.8,-54.6,-0.009773,54743,890.0,36.28,0.008516,54333,890.5,58.75,0.012436,92180,974.4,-102.76,-0.033727,91993,959.9,195.8,0.078622,89909,955.5,241.94,0.078993,124342,989.6,64.89,0.051696,95196,872.7,34.1,0.023583,48763,781.3,2.86,0.000367,58817,893.8,102.94,0.015963,54743,890.0,36.28,0.008516,54333,890.5,58.75,0.012436,92180,974.4,-102.76,-0.033727,91993,959.9,195.8,0.078622,89909,955.5,241.94,0.078993,124342,989.6,64.89,0.051696,95196,872.7,34.1,0.023583
455,455.06,0.0084271,97683,891.8,-2.41,-0.000544,73096,952.6,-45.03,-0.008142,54138,887.6,36.79,0.008563,53640,887.8,59.22,0.012415,92281,974.0,-106.88,-0.035135,91411,957.7,197.05,0.078803,90613,957.1,235.26,0.077284,130723,1002.4,77.46,0.064047,95044,872.4,31.35,0.021655,48028,778.6,2.85,0.000362,58248,891.9,99.33,0.015286,54138,887.6,36.79,0.008563,53640,887.8,59.22,0.012415,92281,974.0,-106.88,-0.035135,91411,957.7,197.05,0.078803,90613,957.1,235.26,0.077284,130723,1002.4,77.46,0.064047,95044,872.4,31.35,0.021655
456,456.05,0.0084454,97872,892.2,-0.18,-4e-05,73632,954.2,-38.33,-0.006969,53591,885.5,37.92,0.008758,52958,885.1,59.8,0.012414,92332,973.4,-110.55,-0.036383,91143,956.1,197.71,0.078964,91384,958.7,228.75,0.075654,132990,1007.6,77.29,0.06468,94893,872.0,28.39,0.019587,47298,775.8,2.88,0.000362,57643,889.8,95.01,0.014503,53591,885.5,37.92,0.008758,52958,885.1,59.8,0.012414,92332,973.4,-110.55,-0.036383,91143,956.1,197.71,0.078964,91384,958.7,228.75,0.075654,132990,1007.6,77.29,0.06468,94893,872.0,28.39,0.019587
457,457.04,0.0084637,97261,890.9,1.28,0.000287,74036,955.4,-32.16,-0.005872,53263,884.1,40.92,0.009407,52292,882.4,60.49,0.012438,92424,972.8,-113.96,-0.037565,91156,955.2,197.8,0.07909,92127,960.3,222.51,0.074066,133733,1010.1,70.91,0.059521,94736,871.7,25.24,0.017394,46557,773.0,2.98,0.000369,57022,887.7,90.32,0.013672,53263,884.1,40.92,0.009407,52292,882.4,60.49,0.012438,92424,972.8,-113.96,-0.037565,91156,955.2,197.8,0.07909,92127,960.3,222.51,0.074066,133733,1010.1,70.91,0.059521,94736,871.7,25.24,0.017394
458,458.09,0.0084832,96124,888.5,2.15,0.000478,74500,956.8,-24.77,-0.004545,53339,884.3,47.62,0.010961,51611,879.6,61.4,0.012499,92580,972.4,-117.37,-0.03877,91405,954.6,197.17,0.079098,92935,962.0,216.38,0.07253,133726,1011.3,65.72,0.055103,94562,871.3,21.69,0.014921,45737,769.8,3.15,0.000385,56339,885.3,85.1,0.012762,53339,884.3,47.62,0.010961,51611,879.6,61.4,0.012499,92580,972.4,-117.37,-0.03877,91405,954.6,197.17,0.079098,92935,962.0,216.38,0.07253,133726,1011.3,65.72,0.055103,94562,871.3,21.69,0.014921
459,459.08,0.0085014,94825,885.7,2.58,0.000569,74961,958.1,-16.97,-0.003128,53796,885.9,56.85,0.013176,51074,877.4,62.8,0.012683,92746,972.0,-120.16,-0.039781,91809,954.5,195.54,0.078801,93755,963.7,211.36,0.071346,133605,1012.0,62.8,0.052563,94396,871.0,18.17,0.012483,44929,766.7,3.37,0.000407,55678,882.9,80.2,0.011918,53796,885.9,56.85,0.013176,51074,877.4,62.8,0.012683,92746,972.0,-120.16,-0.039781,91809,954.5,195.54,0.078801,93755,963.7,211.36,0.071346,133605,1012.0,62.8,0.052563,94396,871.0,18.17,0.012483
460,460.06,0.0085197,93487,882.8,2.66,0.000579,75299,959.1,-9.14,-0.00169,54420,888.2,66.97,0.01566,50821,876.3,65.99,0.013279,92846,971.5,-122.37,-0.040579,92366,954.7,192.51,0.078036,94642,965.5,207.26,0.070488,132909,1011.7,61.77,0.051449,94237,870.6,14.49,0.009943,44072,763.3,3.64,0.000433,54998,880.5,75.47,0.011108,54420,888.2,66.97,0.01566,50821,876.3,65.99,0.013279,92846,971.5,-122.37,-0.040579,92366,954.7,192.51,0.078036,94642,965.5,207.26,0.070488,132909,1011.7,61.77,0.051449,94237,870.6,14.49,0.009943
461,461.05,0.0085379,92225,880.1,2.53,0.000546,75402,959.4,-1.95,-0.00036,54839,889.6,75.22,0.017696,50962,876.8,72.17,0.014555,92789,970.5,-123.75,-0.041051,92978,954.9,188.33,0.076828,95482,967.2,203.88,0.069832,131802,1010.5,61.87,0.051165,94098,870.4,10.69,0.007329,43165,759.7,3.92,0.000458,54296,877.9,71.02,0.010349,54839,889.6,75.22,0.017696,50962,876.8,72.17,0.014555,92789,970.5,-123.75,-0.041051,92978,954.9,188.33,0.076828,95482,967.2,203.88,0.069832,131802,1010.5,61.87,0.051165,94098,870.4,10.69,0.007329
462,462.1,0.0085574,91003,877.4,2.33,0.000496,75281,959.1,5.06,0.000935,54840,889.4,80.47,0.018935,51598,879.2,81.8,0.016656,92439,968.8,-124.02,-0.04106,93673,955.2,183.44,0.07537,96133,968.4,200.46,0.069042,130128,1008.4,63.93,0.052307,93985,870.1,6.58,0.004505,42198,755.7,3.98,0.000457,53520,875.1,66.69,0.009611,54840,889.4,80.47,0.018935,51598,879.2,81.8,0.016656,92439,968.8,-124.02,-0.04106,93673,955.2,183.44,0.07537,96133,968.4,200.46,0.069042,130128,1008.4,63.93,0.052307,93985,870.1,6.58,0.004505
463,463.08,0.0085756,89977,875.1,2.11,0.000447,74998,958.2,11.12,0.00205,54560,888.2,82.83,0.019419,52364,882.0,90.87,0.018719,91888,966.6,-123.49,-0.04073,94437,955.6,179.13,0.074164,96521,969.0,197.64,0.068303,128234,1005.8,66.94,0.054114,93925,870.0,2.71,0.001858,41400,752.4,3.46,0.000392,52769,872.3,63.09,0.008993,54560,888.2,82.83,0.019419,52364,882.0,90.87,0.018719,91888,966.6,-123.49,-0.04073,94437,955.6,179.13,0.074164,96521,969.0,197.64,0.068303,128234,1005.8,66.94,0.054114,93925,870.0,2.71,0.001858
464,464.07,0.0085939,89066,873.0,1.9,0.000398,74629,957.1,16.66,0.00306,54149,886.4,84.48,0.019695,52989,884.3,96.89,0.020146,91118,964.2,-122.16,-0.040056,95334,956.3,175.24,0.073195,96687,969.0,195.38,0.06764,126297,1002.9,70.07,0.055948,93915,870.0,-1.13,-0.000772,41016,750.8,1.48,0.000166,52006,869.4,59.9,0.008443,54149,886.4,84.48,0.019695,52989,884.3,96.89,0.020146,91118,964.2,-122.16,-0.040056,95334,956.3,175.24,0.073195,96687,969.0,195.38,0.06764,126297,1002.9,70.07,0.055948,93915,870.0,-1.13,-0.000772
465,465.06,0.0086121,88253,871.2,1.71,0.000357,74182,955.8,21.77,0.003981,53832,885.0,86.02,0.019967,53359,885.5,98.92,0.020682,90140,961.2,-119.85,-0.038995,96277,956.9,171.5,0.07229,96682,968.5,193.84,0.067142,124519,1000.3,72.75,0.057421,93954,870.0,-4.95,-0.00339,41205,751.6,-1.09,-0.000123,51247,866.5,57.09,0.007956,53832,885.0,86.02,0.019967,53359,885.5,98.92,0.020682,90140,961.2,-119.85,-0.038995,96277,956.9,171.5,0.07229,96682,968.5,193.84,0.067142,124519,1000.3,72.75,0.057421,93954,870.0,-4.95,-0.00339
466,466.04,0.0086304,87506,869.5,1.6,0.000331,73628,954.1,26.78,0.004869,53705,884.3,88.26,0.020455,53484,885.8,98.44,0.020622,89040,957.9,-117.08,-0.037759,97010,957.0,167.29,0.071052,96646,967.5,193.05,0.066907,123003,998.1,74.67,0.058343,94035,870.2,-8.78,-0.006017,42209,755.8,-4.95,-0.000569,50500,863.6,54.63,0.007528,53705,884.3,88.26,0.020455,53484,885.8,98.44,0.020622,89040,957.9,-117.08,-0.037759,97010,957.0,167.29,0.071052,96646,967.5,193.05,0.066907,123003,998.1,74.67,0.058343,94035,870.2,-8.78,-0.006017
467,467.09,0.0086498,86747,867.7,1.54,0.000316,72888,951.9,32.6,0.005883,53797,884.4,91.06,0.021139,53469,885.5,96.75,0.020268,87818,954.2,-113.92,-0.036378,97423,956.1,162.58,0.069405,96695,966.4,192.96,0.066984,121712,996.4,75.71,0.058639,94153,870.4,-12.88,-0.008834,44175,763.8,-8.27,-0.000984,49717,860.6,52.42,0.007136,53797,884.4,91.06,0.021139,53469,885.5,96.75,0.020268,87818,954.2,-113.92,-0.036378,97423,956.1,162.58,0.069405,96695,966.4,192.96,0.066984,121712,996.4,75.71,0.058639,94153,870.4,-12.88,-0.008834
468,468.08,0.0086681,86047,866.1,1.53,0.000313,72049,949.3,38.99,0.006973,54004,884.9,92.9,0.021636,53720,886.3,94.18,0.019807,86684,950.8,-110.98,-0.035105,97823,955.3,159.83,0.068568,96729,965.6,192.96,0.067063,120746,995.2,75.82,0.058321,94268,870.6,-16.72,-0.01148,46184,771.7,-8.26,-0.001017,49018,857.8,50.56,0.006808,54004,884.9,92.9,0.021636,53720,886.3,94.18,0.019807,86684,950.8,-110.98,-0.035105,97823,955.3,159.83,0.068568,96729,965.6,192.96,0.067063,120746,995.2,75.82,0.058321,94268,870.6,-16.72,-0.01148
469,469.06,0.0086863,85342,864.5,1.56,0.000316,71176,946.6,46.7,0.008273,54181,885.3,93.47,0.021833,57383,900.0,66.18,0.01464,85605,947.6,-108.2,-0.033917,99053,956.3,162.15,0.070367,96676,964.7,192.41,0.0669,119903,994.2,75.33,0.057601,94368,870.7,-20.55,-0.014123,47734,777.7,-6.02,-0.00076,48422,855.4,48.32,0.006445,54181,885.3,93.47,0.021833,57383,900.0,66.18,0.01464,85605,947.6,-108.2,-0.033917,99053,956.3,162.15,0.070367,96676,964.7,192.41,0.0669,119903,994.2,75.33,0.057601,94368,870.7,-20.55,-0.014123
470,470.05,0.0087045,84621,862.8,1.61,0.000325,70567,944.8,56.52,0.009949,54277,885.3,93.09,0.021781,71329,947.7,-30.05,-0.007847,84601,944.5,-105.68,-0.032842,101927,960.8,172.14,0.076514,96526,963.5,190.74,0.066296,119109,993.3,74.23,0.056436,94438,870.8,-24.37,-0.016755,48586,780.9,-3.14,-0.000402,48044,853.9,44.56,0.005908,54277,885.3,93.09,0.021781,71329,947.7,-30.05,-0.007847,84601,944.5,-105.68,-0.032842,101927,960.8,172.14,0.076514,96526,963.5,190.74,0.066296,119109,993.3,74.23,0.056436,94438,870.8,-24.37,-0.016755
471,471.09,0.008724,83831,860.9,1.67,0.000334,70652,945.0,71.05,0.012517,54718,886.7,90.99,0.02143,82863,981.3,-97.53,-0.028575,83613,941.5,-103.26,-0.031818,105992,967.3,186.26,0.085511,96634,962.8,188.84,0.06576,118211,992.0,72.77,0.054979,94478,870.8,-28.36,-0.019508,48803,781.7,-0.6,-7.7e-05,47920,853.5,38.32,0.00507,54718,886.7,90.99,0.02143,82863,981.3,-97.53,-0.028575,83613,941.5,-103.26,-0.031818,105992,967.3,186.26,0.085511,96634,962.8,188.84,0.06576,118211,992.0,72.77,0.054979,94478,870.8,-28.36,-0.019508
472,472.08,0.0087422,83085,859.1,1.69,0.000336,71740,948.3,89.39,0.015934,56830,893.8,74.58,0.018098,86161,990.3,-113.99,-0.034412,82753,938.9,-101.26,-0.030966,108590,970.4,193.04,0.090508,97854,965.2,190.18,0.066896,117234,990.6,71.53,0.053674,94507,870.8,-31.95,-0.021985,48580,780.9,0.93,0.000119,47939,853.6,31.44,0.004161,56830,893.8,74.58,0.018098,86161,990.3,-113.99,-0.034412,82753,938.9,-101.26,-0.030966,108590,970.4,193.04,0.090508,97854,965.2,190.18,0.066896,117234,990.6,71.53,0.053674,94507,870.8,-31.95,-0.021985
473,473.06,0.0087603,82359,857.4,1.66,0.000327,73032,952.2,107.0,0.019337,69022,936.3,-9.57,-0.002693,87223,993.1,-119.48,-0.036408,81952,936.4,-99.55,-0.030229,109581,970.0,193.39,0.091536,101131,971.9,198.52,0.071675,116080,988.7,70.71,0.052635,94542,870.8,-35.3,-0.024301,48200,779.4,1.45,0.000185,48011,853.9,24.47,0.003242,69022,936.3,-9.57,-0.002693,87223,993.1,-119.48,-0.036408,81952,936.4,-99.55,-0.030229,109581,970.0,193.39,0.091536,101131,971.9,198.52,0.071675,116080,988.7,70.71,0.052635,94542,870.8,-35.3,-0.024301
474,474.04,0.0087784,81676,855.8,1.57,0.000308,73781,954.5,119.02,0.021679,81462,973.5,-87.42,-0.027921,87671,994.3,-123.25,-0.037707,81231,934.2,-98.33,-0.029666,109681,967.8,191.76,0.09105,105590,980.6,210.67,0.07871,114698,986.3,70.57,0.052031,94571,870.8,-38.5,-0.026511,47812,778.0,1.52,0.000192,48012,853.9,18.46,0.002445,81462,973.5,-87.42,-0.027921,87671,994.3,-123.25,-0.037707,81231,934.2,-98.33,-0.029666,109681,967.8,191.76,0.09105,105590,980.6,210.67,0.07871,114698,986.3,70.57,0.052031,94571,870.8,-38.5,-0.026511
475,475.08,0.0087977,81017,854.2,1.42,0.000277,74075,955.3,125.95,0.023012,84808,983.0,-113.95,-0.037518,87913,994.9,-127.14,-0.038979,80545,932.1,-97.6,-0.029262,109461,965.2,189.73,0.090147,109306,986.8,214.92,0.082604,112982,983.3,71.87,0.05236,94533,870.7,-42.14,-0.029008,47440,776.6,1.37,0.000173,47800,853.1,14.34,0.001893,84808,983.0,-113.95,-0.037518,87913,994.9,-127.14,-0.038979,80545,932.1,-97.6,-0.029262,109461,965.2,189.73,0.090147,109306,986.8,214.92,0.082604,112982,983.3,71.87,0.05236,94533,870.7,-42.14,-0.029008
476,476.05,0.0088158,80469,852.8,1.29,0.000249,73918,954.9,127.26,0.023214,84718,983.2,-124.58,-0.040969,88079,995.3,-130.66,-0.040118,79987,930.4,-97.55,-0.029098,109263,963.1,187.16,0.088963,111604,989.5,210.82,0.082503,111334,980.3,73.96,0.053254,94390,870.4,-46.07,-0.031674,47145,775.5,1.17,0.000146,47345,851.2,12.85,0.001684,84718,983.2,-124.58,-0.040969,88079,995.3,-130.66,-0.040118,79987,930.4,-97.55,-0.029098,109263,963.1,187.16,0.088963,111604,989.5,210.82,0.082503,111334,980.3,73.96,0.053254,94390,870.4,-46.07,-0.031674
477,477.09,0.008835,79923,851.5,1.22,0.000236,73441,953.4,125.77,0.022829,83791,981.0,-134.79,-0.043937,88214,995.5,-134.54,-0.041364,79545,928.9,-98.55,-0.02928,109125,961.3,184.24,0.087626,113599,991.5,202.12,0.080347,109745,977.4,76.56,0.054504,94414,870.4,-49.37,-0.033953,46901,774.6,0.9,0.000113,46735,848.7,12.53,0.001625,83791,981.0,-134.79,-0.043937,88214,995.5,-134.54,-0.041364,79545,928.9,-98.55,-0.02928,109125,961.3,184.24,0.087626,113599,991.5,202.12,0.080347,109745,977.4,76.56,0.054504,94414,870.4,-49.37,-0.033953
478,478.06,0.008853,79400,850.2,1.27,0.000243,73034,952.2,122.8,0.022195,82600,978.1,-145.2,-0.0468,88154,995.2,-138.79,-0.042653,79264,927.9,-100.41,-0.02976,109026,959.9,181.12,0.08619,115149,992.9,191.67,0.077124,108486,975.1,78.94,0.055678,95348,872.5,-48.98,-0.033936,46736,773.9,0.66,8.2e-05,46105,846.0,13.04,0.001674,82600,978.1,-145.2,-0.0468,88154,995.2,-138.79,-0.042653,79264,927.9,-100.41,-0.02976,109026,959.9,181.12,0.08619,115149,992.9,191.67,0.077124,108486,975.1,78.94,0.055678,95348,872.5,-48.98,-0.033936
479,479.1,0.0088722,78796,848.7,1.39,0.000266,72619,950.9,119.06,0.021424,81237,974.5,-156.94,-0.049929,87675,993.7,-144.37,-0.044194,79083,927.2,-103.21,-0.030543,109054,958.8,176.34,0.08403,116825,994.4,181.33,0.073912,107407,973.2,81.04,0.056706,102292,887.1,-20.83,-0.015228,46621,773.5,0.42,5.3e-05,45351,842.8,14.53,0.001842,81237,974.5,-156.94,-0.049929,87675,993.7,-144.37,-0.044194,79083,927.2,-103.21,-0.030543,109054,958.8,176.34,0.08403,116825,994.4,181.33,0.073912,107407,973.2,81.04,0.056706,102292,887.1,-20.83,-0.015228
480,480.07,0.0088902,78163,847.1,1.57,0.000298,72219,949.7,115.55,0.020705,79995,971.2,-167.57,-0.052675,86753,991.0,-150.72,-0.045777,79037,926.9,-106.61,-0.031541,109288,958.3,170.78,0.081601,118268,995.5,172.18,0.070973,106603,971.8,82.58,0.057435,116927,915.1,36.77,0.029791,46557,773.3,0.26,3.2e-05,44603,839.6,16.45,0.002059,79995,971.2,-167.57,-0.052675,86753,991.0,-150.72,-0.045777,79037,926.9,-106.61,-0.031541,109288,958.3,170.78,0.081601,118268,995.5,172.18,0.070973,106603,971.8,82.58,0.057435,116927,915.1,36.77,0.029791
481,481.04,0.0089081,77443,845.3,1.8,0.000339,71767,948.3,112.68,0.020093,78870,968.1,-176.81,-0.054977,85386,987.1,-157.59,-0.047297,79159,927.1,-111.13,-0.032923,109824,958.9,164.83,0.079096,119608,996.2,162.86,0.06784,105981,970.6,83.76,0.057989,126023,930.8,68.06,0.058426,46519,773.1,0.16,2e-05,43864,836.4,18.08,0.002235,78870,968.1,-176.81,-0.054977,85386,987.1,-157.59,-0.047297,79159,927.1,-111.13,-0.032923,109824,958.9,164.83,0.079096,119608,996.2,162.86,0.06784,105981,970.6,83.76,0.057989,126023,930.8,68.06,0.058426
482,482.07,0.0089272,76566,843.1,2.08,0.000389,71152,946.4,110.99,0.019662,77953,965.5,-183.81,-0.056638,83558,981.7,-164.98,-0.04872,79754,928.5,-118.69,-0.035372,110709,959.6,156.67,0.075727,121170,997.2,152.14,0.064141,105546,969.8,84.73,0.05847,128944,936.0,75.0,0.065506,46477,773.0,0.17,2.1e-05,43163,833.3,18.47,0.002255,77953,965.5,-183.81,-0.056638,83558,981.7,-164.98,-0.04872,79754,928.5,-118.69,-0.035372,110709,959.6,156.67,0.075727,121170,997.2,152.14,0.064141,105546,969.8,84.73,0.05847,128944,936.0,75.0,0.065506
483,483.04,0.0089451,75649,840.8,2.33,0.000431,70461,944.2,110.41,0.019415,77286,963.5,-188.52,-0.057708,81620,975.9,-171.69,-0.04982,80727,931.0,-128.33,-0.03861,111904,961.3,147.95,0.072158,122817,998.5,140.82,0.060097,105365,969.4,85.35,0.058817,129569,937.0,74.35,0.065187,46411,772.7,0.29,3.6e-05,42697,831.3,16.43,0.001989,77286,963.5,-188.52,-0.057708,81620,975.9,-171.69,-0.04982,80727,931.0,-128.33,-0.03861,111904,961.3,147.95,0.072158,122817,998.5,140.82,0.060097,105365,969.4,85.35,0.058817,129569,937.0,74.35,0.065187
484,484.07,0.0089642,74602,838.1,2.52,0.000462,69514,941.2,111.91,0.019476,76652,961.9,-190.35,-0.057892,79437,969.3,-178.16,-0.05066,81683,933.3,-138.49,-0.042054,113370,963.6,138.42,0.068233,124644,1000.1,128.49,0.055559,105387,969.4,85.57,0.058983,129465,936.7,71.38,0.062554,46316,772.4,0.62,7.7e-05,42526,830.5,10.36,0.00125,76652,961.9,-190.35,-0.057892,79437,969.3,-178.16,-0.05066,81683,933.3,-138.49,-0.042054,113370,963.6,138.42,0.068233,124644,1000.1,128.49,0.055559,105387,969.4,85.57,0.058983,129465,936.7,71.38,0.062554
485,485.03,0.0089821,73588,835.4,2.63,0.000477,68389,937.6,115.34,0.019823,76143,960.5,-189.23,-0.057249,77462,963.1,-183.01,-0.051072,82388,935.0,-146.95,-0.044925,114852,965.8,130.11,0.064822,126053,1001.2,118.34,0.051694,105521,969.7,85.59,0.059052,128292,934.8,71.3,0.062039,46189,772.0,1.17,0.000144,42690,831.3,1.19,0.000144,76143,960.5,-189.23,-0.057249,77462,963.1,-183.01,-0.051072,82388,935.0,-146.95,-0.044925,114852,965.8,130.11,0.064822,126053,1001.2,118.34,0.051694,105521,969.7,85.59,0.059052,128292,934.8,71.3,0.062039
486,486.06,0.0090012,72498,832.6,2.69,0.000483,67045,933.3,120.29,0.020362,75604,959.0,-187.48,-0.05641,75647,957.1,-185.94,-0.050987,83119,936.8,-155.23,-0.047786,116584,968.6,121.72,0.061385,126917,1001.2,110.36,0.048539,105724,970.2,84.87,0.058636,124377,928.8,81.9,0.069535,46021,771.6,2.05,0.000252,43525,835.0,-13.15,-0.001616,75604,959.0,-187.48,-0.05641,75647,957.1,-185.94,-0.050987,83119,936.8,-155.23,-0.047786,116584,968.6,121.72,0.061385,126917,1001.2,110.36,0.048539,105724,970.2,84.87,0.058636,124377,928.8,81.9,0.069535
487,487.09,0.0090203,71398,829.6,2.77,0.00049,65677,928.8,125.65,0.020936,74878,956.8,-184.97,-0.055248,74171,952.1,-186.5,-0.050408,83987,938.9,-163.04,-0.050602,118448,971.6,112.53,0.057474,127027,1000.0,105.27,0.046396,105975,970.8,83.77,0.057978,116854,915.8,106.84,0.086438,45824,771.4,3.35,0.000409,44573,839.6,-26.87,-0.003361,74878,956.8,-184.97,-0.055248,74171,952.1,-186.5,-0.050408,83987,938.9,-163.04,-0.050602,118448,971.6,112.53,0.057474,127027,1000.0,105.27,0.046396,105975,970.8,83.77,0.057978,116854,915.8,106.84,0.086438
488,488.06,0.0090381,70336,826.8,2.9,0.000507,64444,924.7,130.49,0.02143,74303,954.9,-180.88,-0.053717,73026,948.1,-185.62,-0.049607,84978,941.3,-169.23,-0.053004,120237,974.6,103.16,0.053323,126802,998.7,103.07,0.045406,106249,971.4,82.72,0.05737,109290,902.3,133.75,0.102719,45604,771.3,5.03,0.000612,45359,843.0,-33.63,-0.004263,74303,954.9,-180.88,-0.053717,73026,948.1,-185.62,-0.049607,84978,941.3,-169.23,-0.053004,120237,974.6,103.16,0.053323,126802,998.7,103.07,0.045406,106249,971.4,82.72,0.05737,109290,902.3,133.75,0.102719
489,489.09,0.0090572,69132,823.5,3.15,0.000544,63174,920.4,135.38,0.021896,74505,955.2,-171.74,-0.051122,71992,944.2,-184.0,-0.048675,86288,944.6,-172.88,-0.054796,122041,977.6,92.89,0.048589,126069,996.1,102.61,0.045056,106655,972.1,81.94,0.056997,102871,890.6,157.42,0.115281,45331,771.5,7.34,0.000888,46407,847.5,-35.03,-0.00452,74505,955.2,-171.74,-0.051122,71992,944.2,-184.0,-0.048675,86288,944.6,-172.88,-0.054796,122041,977.6,92.89,0.048589,126069,996.1,102.61,0.045056,106655,972.1,81.94,0.056997,102871,890.6,157.42,0.115281
490,490.05,0.009075,67904,820.1,3.48,0.000592,61961,916.2,140.14,0.022332,76150,959.9,-155.16,-0.046975,71146,941.1,-182.48,-0.047864,87655,947.9,-173.74,-0.055743,123237,979.4,84.5,0.044548,125121,993.3,103.88,0.0454,107138,973.0,81.42,0.056844,98861,883.7,172.07,0.122053,45084,772.2,9.69,0.001164,50023,862.4,-53.41,-0.0073,76150,959.9,-155.16,-0.046975,71146,941.1,-182.48,-0.047864,87655,947.9,-173.74,-0.055743,123237,979.4,84.5,0.044548,125121,993.3,103.88,0.0454,107138,973.0,81.42,0.056844,98861,883.7,172.07,0.122053
491,491.08,0.0090941,66479,816.1,3.86,0.000647,60623,911.5,145.61,0.022818,79204,968.5,-129.9,-0.040544,70377,938.3,-180.62,-0.047002,89270,951.8,-171.73,-0.055886,123743,979.9,77.54,0.041027,123712,989.7,106.34,0.046123,107668,973.9,80.65,0.056531,96411,880.3,180.08,0.125053,44945,773.9,11.97,0.00143,62795,910.0,-139.75,-0.022725,79204,968.5,-129.9,-0.040544,70377,938.3,-180.62,-0.047002,89270,951.8,-171.73,-0.055886,123743,979.9,77.54,0.041027,123712,989.7,106.34,0.046123,107668,973.9,80.65,0.056531,96411,880.3,180.08,0.125053
492,492.04,0.0091119,65057,812.0,4.17,0.000688,59578,907.8,149.28,0.023084,82038,976.2,-107.38,-0.034442,69948,936.3,-177.2,-0.045931,90755,955.3,-168.61,-0.055577,123475,979.0,73.15,0.038655,122150,985.8,108.94,0.046834,108106,974.7,79.39,0.055829,95264,879.4,182.34,0.125234,45012,777.0,14.16,0.001687,72041,939.2,-190.84,-0.034492,82038,976.2,-107.38,-0.034442,69948,936.3,-177.2,-0.045931,90755,955.3,-168.61,-0.055577,123475,979.0,73.15,0.038655,122150,985.8,108.94,0.046834,108106,974.7,79.39,0.055829,95264,879.4,182.34,0.125234
493,493.07,0.009131,63491,807.5,4.39,0.000711,59095,906.1,148.91,0.022884,83900,981.0,-91.49,-0.029862,69910,935.7,-170.67,-0.044244,91956,958.1,-165.27,-0.055037,122682,977.2,70.57,0.037123,120312,981.4,111.36,0.047367,108622,975.5,77.94,0.055027,94658,880.0,181.79,0.123984,45403,782.2,17.02,0.002033,75238,948.5,-202.78,-0.037904,83900,981.0,-91.49,-0.029862,69910,935.7,-170.67,-0.044244,91956,958.1,-165.27,-0.055037,122682,977.2,70.57,0.037123,120312,981.4,111.36,0.047367,108622,975.5,77.94,0.055027,94658,880.0,181.79,0.123984
494,494.04,0.0091488,62029,803.2,4.47,0.00071,59701,908.2,139.63,0.021629,84475,982.3,-83.38,-0.027366,71417,939.8,-155.66,-0.041042,92678,959.7,-163.01,-0.05462,121703,974.9,69.39,0.036295,118571,977.3,113.25,0.047671,109419,976.9,77.65,0.055144,94440,881.9,179.92,0.122153,46148,789.5,19.87,0.002389,76432,951.8,-207.02,-0.039173,84475,982.3,-83.38,-0.027366,71417,939.8,-155.66,-0.041042,92678,959.7,-163.01,-0.05462,121703,974.9,69.39,0.036295,118571,977.3,113.25,0.047671,109419,976.9,77.65,0.055144,94440,881.9,179.92,0.122153
495,495.07,0.0091679,60534,798.7,4.36,0.000679,67511,935.1,80.26,0.013655,84320,981.6,-79.04,-0.025913,75247,950.8,-127.18,-0.034922,93051,960.4,-161.49,-0.054286,120382,972.0,69.82,0.036228,116779,973.0,114.6,0.04772,111145,980.2,80.37,0.057776,94246,883.8,176.31,0.119205,47338,799.5,23.3,0.002838,77384,954.3,-212.64,-0.040633,84320,981.6,-79.04,-0.025913,75247,950.8,-127.18,-0.034922,93051,960.4,-161.49,-0.054286,120382,972.0,69.82,0.036228,116779,973.0,114.6,0.04772,111145,980.2,80.37,0.057776,94246,883.8,176.31,0.119205
496,496.1,0.0091869,59175,794.5,4.03,0.000618,78399,968.3,7.38,0.001409,83807,979.9,-76.84,-0.025081,79136,961.5,-100.07,-0.028578,93220,960.6,-160.77,-0.05413,118873,968.7,71.53,0.036777,115163,969.1,115.21,0.047504,114730,987.2,90.73,0.066853,94189,886.1,172.08,0.115974,48664,810.8,28.28,0.003491,78238,956.5,-219.04,-0.042217,83807,979.9,-76.84,-0.025081,79136,961.5,-100.07,-0.028578,93220,960.6,-160.77,-0.05413,118873,968.7,71.53,0.036777,115163,969.1,115.21,0.047504,114730,987.2,90.73,0.066853,94189,886.1,172.08,0.115974
497,497.06,0.0092048,58071,791.1,3.57,0.000539,82014,978.5,-17.32,-0.003421,83241,978.1,-75.63,-0.024563,81298,967.1,-85.51,-0.02494,93376,960.8,-160.61,-0.054158,117439,965.5,73.85,0.037638,113923,966.0,115.1,0.047096,118424,994.2,101.05,0.07632,94128,888.2,167.8,0.112751,49802,821.8,34.35,0.004282,78898,958.1,-224.77,-0.043613,83241,978.1,-75.63,-0.024563,81298,967.1,-85.51,-0.02494,93376,960.8,-160.61,-0.054158,117439,965.5,73.85,0.037638,113923,966.0,115.1,0.047096,118424,994.2,101.05,0.07632,94128,888.2,167.8,0.112751
498,498.09,0.0092239,57095,788.0,2.99,0.000445,82362,979.4,-22.51,-0.00446,82662,976.2,-74.83,-0.024183,82242,969.3,-79.14,-0.023296,93662,961.3,-160.9,-0.054394,116073,962.3,77.06,0.03894,112849,963.2,114.57,0.046574,121000,998.6,106.04,0.081461,93989,890.3,163.25,0.109272,50805,833.6,41.8,0.00524,79297,959.1,-229.31,-0.044674,82662,976.2,-74.83,-0.024183,82242,969.3,-79.14,-0.023296,93662,961.3,-160.9,-0.054394,116073,962.3,77.06,0.03894,112849,963.2,114.57,0.046574,121000,998.6,106.04,0.081461,93989,890.3,163.25,0.109272
499,499.06,0.0092418,56380,785.7,2.36,0.000349,81713,977.6,-22.16,-0.004364,82184,974.6,-74.71,-0.024044,82506,969.8,-78.0,-0.023024,94122,962.2,-161.56,-0.054834,114858,959.4,79.87,0.040062,112031,961.0,113.98,0.046104,122443,1000.7,107.0,0.083007,93845,892.2,159.24,0.106194,51497,844.5,49.41,0.006199,79406,959.3,-231.83,-0.04522,82184,974.6,-74.71,-0.024044,82506,969.8,-78.0,-0.023024,94122,962.2,-161.56,-0.054834,114858,959.4,79.87,0.040062,112031,961.0,113.98,0.046104,122443,1000.7,107.0,0.083007,93845,892.2,159.24,0.106194
500,500.09,0.0092609,55857,784.0,1.59,0.000234,80568,974.5,-19.27,-0.003753,81698,973.0,-75.13,-0.024076,82689,969.9,-79.47,-0.023507,94857,963.7,-163.14,-0.055714,113600,956.3,82.03,0.040828,111344,959.1,113.33,0.045648,123255,1001.5,104.9,0.081857,93704,894.2,155.13,0.103065,51938,855.5,58.06,0.007251,79209,958.6,-232.61,-0.045292,81698,973.0,-75.13,-0.024076,82689,969.9,-79.47,-0.023507,94857,963.7,-163.14,-0.055714,113600,956.3,82.03,0.040828,111344,959.1,113.33,0.045648,123255,1001.5,104.9,0.081857,93704,894.2,155.13,0.103065
501,501.06,0.0092788,55607,783.2,0.8,0.000117,79605,971.8,-17.86,-0.003447,81356,971.7,-76.39,-0.024408,83122,970.7,-83.6,-0.024837,95754,965.5,-165.73,-0.057025,112589,953.6,83.5,0.041305,110851,957.6,112.93,0.045356,123608,1001.3,101.57,0.079498,93644,896.2,151.5,0.100372,52186,865.4,66.98,0.008308,78736,957.2,-231.36,-0.044846,81356,971.7,-76.39,-0.024408,83122,970.7,-83.6,-0.024837,95754,965.5,-165.73,-0.057025,112589,953.6,83.5,0.041305,110851,957.6,112.93,0.045356,123608,1001.3,101.57,0.079498,93644,896.2,151.5,0.100372
502,502.09,0.009298,55574,783.1,0.05,8e-06,78795,969.5,-17.89,-0.003425,81089,970.6,-78.63,-0.02507,84026,972.8,-91.46,-0.027412,96923,967.9,-170.06,-0.059084,111705,951.1,84.56,0.041613,110387,956.1,112.93,0.045239,123843,1000.7,97.72,0.076673,93669,898.4,147.76,0.097679,52374,875.5,77.16,0.009495,78200,955.6,-229.54,-0.044262,81089,970.6,-78.63,-0.02507,84026,972.8,-91.46,-0.027412,96923,967.9,-170.06,-0.059084,111705,951.1,84.56,0.041613,110387,956.1,112.93,0.045239,123843,1000.7,97.72,0.076673,93669,898.4,147.76,0.097679
503,503.06,0.0093159,55690,783.5,-0.41,-6e-05,78196,967.8,-19.3,-0.003675,81023,970.1,-82.0,-0.026138,85165,975.4,-100.8,-0.030536,98165,970.5,-175.51,-0.061597,111014,948.9,85.08,0.041702,109845,954.6,113.1,0.045155,123994,1000.0,94.04,0.073931,93787,900.6,144.33,0.095295,52520,884.2,87.03,0.010634,77741,954.2,-227.77,-0.043725,81023,970.1,-82.0,-0.026138,85165,975.4,-100.8,-0.030536,98165,970.5,-175.51,-0.061597,111014,948.9,85.08,0.041702,109845,954.6,113.1,0.045155,123994,1000.0,94.04,0.073931,93787,900.6,144.33,0.095295
504,504.09,0.009335,55839,784.0,-0.44,-6.4e-05,77725,966.4,-22.09,-0.004187,81351,970.6,-88.32,-0.028253,86470,978.4,-111.38,-0.034155,99567,973.3,-182.4,-0.064741,110450,946.9,85.45,0.041763,109027,952.5,113.75,0.045179,124074,999.0,89.97,0.070845,94012,903.1,140.71,0.092872,52720,892.3,97.6,0.011862,77317,953.0,-225.97,-0.043199,81351,970.6,-88.32,-0.028253,86470,978.4,-111.38,-0.034155,99567,973.3,-182.4,-0.064741,110450,946.9,85.45,0.041763,109027,952.5,113.75,0.045179,124074,999.0,89.97,0.070845,94012,903.1,140.71,0.092872
505,505.06,0.009353,55872,784.1,-0.07,-1e-05,77363,965.4,-25.38,-0.004792,82055,972.1,-97.21,-0.031316,87596,980.8,-120.95,-0.037478,100942,976.0,-189.75,-0.06809,110078,945.3,85.85,0.041885,108086,950.1,115.17,0.045457,124064,997.9,85.96,0.067758,94305,905.6,137.4,0.090723,53045,899.1,107.59,0.013058,76958,952.0,-224.3,-0.042726,82055,972.1,-97.21,-0.031316,87596,980.8,-120.95,-0.037478,100942,976.0,-189.75,-0.06809,110078,945.3,85.85,0.041885,108086,950.1,115.17,0.045457,124064,997.9,85.96,0.067758,94305,905.6,137.4,0.090723
506,506.1,0.0093722,55729,783.6,0.57,8.4e-05,76983,964.3,-29.02,-0.005459,82995,974.1,-108.83,-0.035387,88671,983.1,-130.8,-0.040934,102462,979.0,-198.47,-0.072069,109766,943.6,86.31,0.042064,106978,947.5,117.44,0.046009,123971,996.7,81.56,0.064319,94692,908.2,134.09,0.088638,53661,905.8,118.95,0.014495,76610,951.0,-222.53,-0.042243,82995,974.1,-108.83,-0.035387,88671,983.1,-130.8,-0.040934,102462,979.0,-198.47,-0.072069,109766,943.6,86.31,0.042064,106978,947.5,117.44,0.046009,123971,996.7,81.56,0.064319,94692,908.2,134.09,0.088638
507,507.07,0.0093901,55312,782.3,1.53,0.000222,76582,963.1,-32.24,-0.006041,83803,975.8,-120.4,-0.039463,89520,984.7,-139.61,-0.044038,103774,981.5,-206.74,-0.07584,109405,942.0,86.64,0.04216,105902,944.9,120.08,0.046698,123842,995.4,77.4,0.061055,95108,910.8,131.35,0.086968,54549,912.1,129.77,0.015966,76304,950.1,-220.89,-0.041803,83803,975.8,-120.4,-0.039463,89520,984.7,-139.61,-0.044038,103774,981.5,-206.74,-0.07584,109405,942.0,86.64,0.04216,105902,944.9,120.08,0.046698,123842,995.4,77.4,0.061055,95108,910.8,131.35,0.086968
508,508.04,0.0094081,54615,780.0,2.49,0.000358,76105,961.7,-35.09,-0.006542,84437,976.9,-132.02,-0.04355,90129,985.7,-147.74,-0.046871,104730,983.3,-214.1,-0.079124,108841,939.9,86.81,0.042115,104872,942.3,123.13,0.047546,123733,994.3,73.26,0.0578,95533,913.2,128.99,0.085548,56402,920.9,137.26,0.017292,75992,949.2,-219.14,-0.041342,84437,976.9,-132.02,-0.04355,90129,985.7,-147.74,-0.046871,104730,983.3,-214.1,-0.079124,108841,939.9,86.81,0.042115,104872,942.3,123.13,0.047546,123733,994.3,73.26,0.0578,95533,913.2,128.99,0.085548
509,509.07,0.0094273,53627,776.7,3.34,0.000474,75490,959.9,-37.64,-0.006974,84884,977.4,-144.46,-0.047881,90419,985.8,-155.37,-0.049446,105180,984.0,-220.26,-0.081692,107992,937.3,87.1,0.042049,103864,939.8,126.67,0.048571,123716,993.2,68.78,0.05432,95952,915.7,126.8,0.084237,66579,959.4,108.69,0.015515,75638,948.1,-217.11,-0.040815,84884,977.4,-144.46,-0.047881,90419,985.8,-155.37,-0.049446,105180,984.0,-220.26,-0.081692,107992,937.3,87.1,0.042049,103864,939.8,126.67,0.048571,123716,993.2,68.78,0.05432,95952,915.7,126.8,0.084237
510,510.04,0.0094452,52537,773.1,3.95,0.000552,74811,958.0,-39.65,-0.007297,84971,977.0,-155.77,-0.051704,90366,985.0,-161.81,-0.051505,105058,983.6,-224.49,-0.083196,107002,934.4,87.73,0.042092,102965,937.6,129.83,0.049468,123821,992.5,64.57,0.051075,96286,917.9,124.99,0.083132,96057,1049.2,50.36,0.009483,75317,947.0,-215.25,-0.040339,84971,977.0,-155.77,-0.051704,90366,985.0,-161.81,-0.051505,105058,983.6,-224.49,-0.083196,107002,934.4,87.73,0.042092,102965,937.6,129.83,0.049468,123821,992.5,64.57,0.051075,96286,917.9,124.99,0.083132
511,511.08,0.0094644,51228,768.6,4.58,0.000628,73990,955.5,-41.55,-0.007582,84712,975.5,-167.07,-0.055369,89962,983.3,-168.16,-0.053377,104420,982.1,-227.6,-0.083964,105792,931.1,88.76,0.04225,101984,935.1,132.52,0.050145,123978,991.9,60.39,0.047857,96585,919.9,123.35,0.082111,127586,1120.1,51.8,0.012137,75003,945.9,-213.43,-0.039878,84712,975.5,-167.07,-0.055369,89962,983.3,-168.16,-0.053377,104420,982.1,-227.6,-0.083964,105792,931.1,88.76,0.04225,101984,935.1,132.52,0.050145,123978,991.9,60.39,0.047857,96585,919.9,123.35,0.082111
512,512.05,0.0094824,49780,763.5,5.56,0.000746,73145,953.0,-43.2,-0.007813,84210,973.4,-176.54,-0.058286,89325,981.1,-173.77,-0.054894,103461,979.9,-229.69,-0.084145,104528,927.9,89.76,0.042364,101059,932.8,134.16,0.05043,124083,991.3,57.0,0.045238,96847,921.7,122.25,0.08144,145663,1153.8,71.21,0.018493,74712,944.8,-211.75,-0.039456,84210,973.4,-176.54,-0.058286,89325,981.1,-173.77,-0.054894,103461,979.9,-229.69,-0.084145,104528,927.9,89.76,0.042364,101059,932.8,134.16,0.05043,124083,991.3,57.0,0.045238,96847,921.7,122.25,0.08144
513,513.09,0.0095016,48005,757.2,6.46,0.000843,72181,950.1,-44.89,-0.008036,83499,970.7,-185.09,-0.060763,88441,978.2,-179.47,-0.056301,102183,976.8,-231.53,-0.084033,103102,924.3,90.76,0.04242,100159,930.4,134.8,0.050349,124049,990.3,54.28,0.043107,97112,923.5,121.6,0.081071,154860,1169.0,87.54,0.023855,74392,943.5,-209.9,-0.038997,83499,970.7,-185.09,-0.060763,88441,978.2,-179.47,-0.056301,102183,976.8,-231.53,-0.084033,103102,924.3,90.76,0.04242,100159,930.4,134.8,0.050349,124049,990.3,54.28,0.043107,97112,923.5,121.6,0.081071
514,514.06,0.0095196,46404,751.3,6.33,0.000804,71242,947.2,-46.45,-0.008233,82799,967.9,-191.31,-0.062458,87438,975.0,-185.03,-0.057575,100817,973.4,-233.09,-0.083764,101768,920.9,91.73,0.042471,99425,928.4,134.4,0.049939,123607,988.8,53.24,0.042198,97299,925.1,121.27,0.080875,158803,1174.7,97.88,0.02722,74094,942.2,-208.23,-0.038585,82799,967.9,-191.31,-0.062458,87438,975.0,-185.03,-0.057575,100817,973.4,-233.09,-0.083764,101768,920.9,91.73,0.042471,99425,928.4,134.4,0.049939,123607,988.8,53.24,0.042198,97299,925.1,121.27,0.080875
515,515.1,0.0095388,45718,748.7,1.81,0.000227,70237,944.1,-48.19,-0.008447,82055,965.5,-196.95,-0.063881,86256,971.2,-191.68,-0.059065,99251,969.2,-234.66,-0.083377,100381,917.5,92.73,0.042505,98704,926.4,133.25,0.049259,122727,986.2,52.96,0.041787,97355,926.3,120.74,0.080456,161186,1177.6,106.19,0.029901,73796,940.9,-206.59,-0.038181,82055,965.5,-196.95,-0.063881,86256,971.2,-191.68,-0.059065,99251,969.2,-234.66,-0.083377,100381,917.5,92.73,0.042505,98704,926.4,133.25,0.049259,122727,986.2,52.96,0.041787,97355,926.3,120.74,0.080456
516,516.07,0.0095568,48358,758.9,-14.3,-0.001874,69319,941.3,-49.92,-0.008663,81433,963.4,-200.85,-0.064791,85176,967.7,-198.57,-0.060638,97738,964.8,-236.06,-0.08297,99133,914.4,93.42,0.042431,98088,924.5,131.5,0.04841,121309,982.7,54.7,0.042812,97338,927.3,120.25,0.08003,162734,1179.2,113.18,0.03213,73558,939.7,-205.18,-0.037845,81433,963.4,-200.85,-0.064791,85176,967.7,-198.57,-0.060638,97738,964.8,-236.06,-0.08297,99133,914.4,93.42,0.042431,98088,924.5,131.5,0.04841,121309,982.7,54.7,0.042812,97338,927.3,120.25,0.08003
517,517.04,0.0095749,60087,799.9,-44.77,-0.006918,68443,938.5,-51.75,-0.008893,81033,961.7,-203.4,-0.065411,84283,964.7,-205.76,-0.062369,96216,960.1,-237.34,-0.082526,98007,911.7,93.71,0.042207,97553,922.8,129.02,0.047325,119054,977.7,59.18,0.045694,97515,928.5,120.71,0.080375,163580,1179.7,120.33,0.034323,73419,938.9,-204.04,-0.037597,81033,961.7,-203.4,-0.065411,84283,964.7,-205.76,-0.062369,96216,960.1,-237.34,-0.082526,98007,911.7,93.71,0.042207,97553,922.8,129.02,0.047325,119054,977.7,59.18,0.045694,97515,928.5,120.71,0.080375
518,518.08,0.0095941,75585,845.6,-39.91,-0.007338,67567,935.8,-53.74,-0.009144,80909,959.7,-204.56,-0.065815,83636,962.3,-213.83,-0.06448,94633,954.7,-238.6,-0.082063,96969,909.2,93.59,0.041818,97179,921.4,125.49,0.04592,116080,971.0,66.01,0.050034,98417,931.2,124.75,0.083596,163668,1178.6,127.88,0.036529,73426,938.5,-203.28,-0.037477,80909,959.7,-204.56,-0.065815,83636,962.3,-213.83,-0.06448,94633,954.7,-238.6,-0.082063,96969,909.2,93.59,0.041818,97179,921.4,125.49,0.04592,116080,971.0,66.01,0.050034,98417,931.2,124.75,0.083596
519,519.05,0.0096121,84121,867.9,-19.34,-0.003855,66815,933.4,-55.6,-0.009379,81103,959.2,-205.1,-0.066183,83391,961.0,-222.03,-0.066848,93229,949.3,-239.78,-0.081701,96150,907.3,93.2,0.041381,96978,920.4,121.55,0.044439,113132,964.3,73.09,0.054364,100656,937.0,135.14,0.092046,163476,1177.4,134.89,0.038526,73606,938.6,-203.12,-0.037532,81103,959.2,-205.1,-0.066183,83391,961.0,-222.03,-0.066848,93229,949.3,-239.78,-0.081701,96150,907.3,93.2,0.041381,96978,920.4,121.55,0.044439,113132,964.3,73.09,0.054364,100656,937.0,135.14,0.092046
520,520.09,0.0096313,86557,874.0,-4.06,-0.000827,66138,931.2,-57.83,-0.009679,81583,959.8,-206.07,-0.066849,83556,960.7,-231.65,-0.069904,91849,943.4,-241.11,-0.081446,95454,905.7,92.77,0.040964,96888,919.5,116.65,0.042647,110036,957.0,80.75,0.058866,103704,944.4,149.16,0.10385,163246,1176.1,142.19,0.040598,74183,939.7,-203.84,-0.037916,81583,959.8,-206.07,-0.066849,83556,960.7,-231.65,-0.069904,91849,943.4,-241.11,-0.081446,95454,905.7,92.77,0.040964,96888,919.5,116.65,0.042647,110036,957.0,80.75,0.058866,103704,944.4,149.16,0.10385
521,521.06,0.0096493,85416,871.3,2.72,0.000547,65736,929.9,-60.75,-0.010119,82244,961.0,-207.98,-0.067931,84151,961.6,-241.49,-0.073326,90663,937.7,-242.52,-0.081358,95015,904.8,92.45,0.040678,96919,918.9,111.51,0.040807,107259,950.3,87.86,0.062873,105713,949.4,158.21,0.111688,163107,1175.3,148.97,0.042529,75276,942.3,-205.27,-0.038641,82244,961.0,-207.98,-0.067931,84151,961.6,-241.49,-0.073326,90663,937.7,-242.52,-0.081358,95015,904.8,92.45,0.040678,96919,918.9,111.51,0.040807,107259,950.3,87.86,0.062873,105713,949.4,158.21,0.111688
522,522.1,0.0096685,83708,867.3,3.21,0.000636,65716,929.8,-65.72,-0.010945,83231,963.0,-212.08,-0.069953,85193,963.5,-252.8,-0.077556,89489,931.3,-244.28,-0.081441,94846,904.5,92.01,0.040422,97085,918.6,106.13,0.038919,104461,943.3,95.26,0.06689,106738,952.3,162.56,0.115517,163255,1175.0,156.29,0.044669,76977,945.8,-205.12,-0.039339,83231,963.0,-212.08,-0.069953,85193,963.5,-252.8,-0.077556,89489,931.3,-244.28,-0.081441,94846,904.5,92.01,0.040422,97085,918.6,106.13,0.038919,104461,943.3,95.26,0.06689,106738,952.3,162.56,0.115517
523,523.07,0.0096865,83219,866.1,0.89,0.000175,66122,931.2,-72.28,-0.012095,84349,965.3,-217.97,-0.072685,86543,966.2,-263.36,-0.081846,88455,925.2,-246.21,-0.081676,94966,904.9,91.37,0.040173,97338,918.5,101.17,0.037199,102012,936.9,102.01,0.070423,106993,953.4,163.28,0.116185,163675,1175.2,163.01,0.046702,79099,950.7,-202.1,-0.039624,84349,965.3,-217.97,-0.072685,86543,966.2,-263.36,-0.081846,88455,925.2,-246.21,-0.081676,94966,904.9,91.37,0.040173,97338,918.5,101.17,0.037199,102012,936.9,102.01,0.070423,106993,953.4,163.28,0.116185
524,524.04,0.0097045,83207,866.1,0.1,2.1e-05,67223,934.7,-82.57,-0.013992,85640,968.1,-226.26,-0.076387,88035,969.2,-272.78,-0.08597,87477,918.8,-248.26,-0.082005,95276,905.8,90.32,0.039802,97708,918.6,96.11,0.035468,99748,930.8,108.56,0.073758,106853,953.3,163.32,0.11607,164254,1175.7,169.59,0.048737,81541,956.5,-196.54,-0.039481,85640,968.1,-226.26,-0.076387,88035,969.2,-272.78,-0.08597,87477,918.8,-248.26,-0.082005,95276,905.8,90.32,0.039802,97708,918.6,96.11,0.035468,99748,930.8,108.56,0.073758,106853,953.3,163.32,0.11607
525,525.08,0.0097237,83037,865.7,0.43,8.5e-05,69104,940.7,-96.9,-0.016772,87063,971.3,-236.94,-0.081051,89395,971.7,-280.17,-0.089434,86524,912.1,-250.03,-0.082293,95724,907.1,88.65,0.039196,98345,919.3,90.83,0.033714,97546,924.7,115.26,0.077092,106117,951.9,163.91,0.115857,180440,1201.4,218.52,0.067509,84271,963.0,-188.79,-0.038927,87063,971.3,-236.94,-0.081051,89395,971.7,-280.17,-0.089434,86524,912.1,-250.03,-0.082293,95724,907.1,88.65,0.039196,98345,919.3,90.83,0.033714,97546,924.7,115.26,0.077092,106117,951.9,163.91,0.115857
526,526.05,0.0097417,82850,865.2,0.38,7.5e-05,71029,946.7,-110.13,-0.01947,88277,973.8,-248.1,-0.085835,90260,972.9,-284.23,-0.091491,85807,906.1,-250.56,-0.082324,96121,908.2,86.11,0.038181,99226,920.5,86.11,0.032207,95674,919.2,121.15,0.079946,104640,949.0,167.43,0.117056,184449,1207.0,235.9,0.074156,86779,969.0,-180.52,-0.038095,88277,973.8,-248.1,-0.085835,90260,972.9,-284.23,-0.091491,85807,906.1,-250.56,-0.082324,96121,908.2,86.11,0.038181,99226,920.5,86.11,0.032207,95674,919.2,121.15,0.079946,104640,949.0,167.43,0.117056
527,527.09,0.009761,82728,864.9,0.29,5.7e-05,72809,952.1,-121.42,-0.021878,89024,974.9,-259.62,-0.09048,90707,972.9,-286.04,-0.092527,85259,900.3,-249.52,-0.081985,96502,909.4,82.71,0.036775,100371,922.3,80.96,0.030571,93874,913.8,126.81,0.082598,102288,943.9,174.54,0.119922,184876,1207.1,246.38,0.077621,89040,974.2,-172.41,-0.037131,89024,974.9,-259.62,-0.09048,90707,972.9,-286.04,-0.092527,85259,900.3,-249.52,-0.081985,96502,909.4,82.71,0.036775,100371,922.3,80.96,0.030571,93874,913.8,126.81,0.082598,102288,943.9,174.54,0.119922
528,528.07,0.009779,82471,864.3,0.67,0.000131,74080,955.9,-129.0,-0.023557,89020,973.9,-268.79,-0.093763,90708,971.8,-286.18,-0.092683,84975,896.0,-246.9,-0.08124,96900,910.6,79.18,0.0353,101530,924.1,75.81,0.028899,92381,909.1,131.38,0.084648,99892,938.5,181.79,0.122676,185378,1207.5,254.65,0.080418,90479,977.4,-166.96,-0.036417,89020,973.9,-268.79,-0.093763,90708,971.8,-286.18,-0.092683,84975,896.0,-246.9,-0.08124,96900,910.6,79.18,0.0353,101530,924.1,75.81,0.028899,92381,909.1,131.38,0.084648,99892,938.5,181.79,0.122676
529,529.04,0.0097971,82011,863.2,1.09,0.000213,75010,958.7,-134.55,-0.024808,88368,971.0,-275.98,-0.095856,90336,969.7,-285.72,-0.092354,85104,892.4,-240.19,-0.079471,97326,911.9,74.98,0.033528,102661,925.9,70.24,0.027022,91107,904.9,135.13,0.086265,97830,933.6,187.42,0.12452,186221,1208.5,262.04,0.083063,92722,982.7,-156.43,-0.03478,88368,971.0,-275.98,-0.095856,90336,969.7,-285.72,-0.092354,85104,892.4,-240.19,-0.079471,97326,911.9,74.98,0.033528,102661,925.9,70.24,0.027022,91107,904.9,135.13,0.086265,97830,933.6,187.42,0.12452
530,530.08,0.0098163,81424,861.8,1.3,0.000253,75685,960.6,-139.02,-0.02581,87265,966.5,-282.28,-0.097266,89599,966.7,-285.62,-0.091848,87255,893.9,-222.36,-0.075308,97789,913.3,69.55,0.031198,103758,927.6,63.96,0.024823,90023,900.9,138.26,0.08759,96231,929.4,190.53,0.12508,187115,1209.5,269.7,0.085831,110326,1024.5,-73.75,-0.018715,87265,966.5,-282.28,-0.097266,89599,966.7,-285.62,-0.091848,87255,893.9,-222.36,-0.075308,97789,913.3,69.55,0.031198,103758,927.6,63.96,0.024823,90023,900.9,138.26,0.08759,96231,929.4,190.53,0.12508
531,531.06,0.0098344,80793,860.2,1.51,0.000291,76031,961.5,-142.12,-0.026479,85975,961.9,-286.93,-0.097879,88628,963.3,-286.13,-0.091335,90923,899.6,-196.98,-0.069072,98243,914.7,63.63,0.028634,104662,928.9,58.06,0.022697,89272,897.9,140.49,0.088564,95248,926.4,190.93,0.124467,187886,1210.3,276.79,0.088386,143588,1090.3,55.67,0.017274,85975,961.9,-286.93,-0.097879,88628,963.3,-286.13,-0.091335,90923,899.6,-196.98,-0.069072,98243,914.7,63.63,0.028634,104662,928.9,58.06,0.022697,89272,897.9,140.49,0.088564,95248,926.4,190.93,0.124467
532,532.1,0.0098537,80045,858.4,1.67,0.00032,76136,961.8,-144.52,-0.026958,84516,957.2,-290.7,-0.097959,87391,958.8,-287.26,-0.090842,93983,903.9,-173.69,-0.062661,98743,916.2,56.54,0.025529,105463,930.1,51.94,0.020433,88737,895.2,142.19,0.089361,94629,924.3,190.11,0.123404,188384,1210.8,283.53,0.090747,157484,1113.9,103.29,0.034412,84516,957.2,-290.7,-0.097959,87391,958.8,-287.26,-0.090842,93983,903.9,-173.69,-0.062661,98743,916.2,56.54,0.025529,105463,930.1,51.94,0.020433,88737,895.2,142.19,0.089361,94629,924.3,190.11,0.123404
533,533.08,0.0098718,79326,856.6,1.72,0.000327,76077,961.6,-146.54,-0.027319,83219,953.0,-292.97,-0.097639,86101,954.2,-288.66,-0.090369,94986,904.1,-160.17,-0.058385,99177,917.5,49.18,0.022275,106030,930.8,46.3,0.018299,88466,893.3,143.0,0.089791,94365,922.7,188.08,0.121958,188453,1210.6,288.86,0.092499,160367,1118.8,112.78,0.038091,83219,953.0,-292.97,-0.097639,86101,954.2,-288.66,-0.090369,94986,904.1,-160.17,-0.058385,99177,917.5,49.18,0.022275,106030,930.8,46.3,0.018299,88466,893.3,143.0,0.089791,94365,922.7,188.08,0.121958
534,534.05,0.0098899,78599,854.8,1.75,0.000331,75963,961.2,-149.1,-0.027765,82107,949.2,-293.83,-0.097003,84736,949.3,-290.42,-0.089943,94845,902.3,-151.69,-0.05532,99510,918.5,41.29,0.018739,106427,931.3,40.64,0.016115,88356,891.8,142.98,0.089823,94199,920.8,185.34,0.120214,188445,1210.3,293.92,0.094136,161687,1121.4,116.67,0.039637,82107,949.2,-293.83,-0.097003,84736,949.3,-290.42,-0.089943,94845,902.3,-151.69,-0.05532,99510,918.5,41.29,0.018739,106427,931.3,40.64,0.016115,88356,891.8,142.98,0.089823,94199,920.8,185.34,0.120214
535,535.1,0.0099092,77818,852.8,1.78,0.000333,75856,960.9,-153.37,-0.028532,81173,945.7,-293.04,-0.095995,83193,943.7,-292.75,-0.08954,94259,899.7,-146.21,-0.053148,99687,919.2,32.5,0.014767,106726,931.5,34.33,0.013648,88323,890.4,142.46,0.089598,94213,919.3,182.1,0.118323,188430,1210.0,299.08,0.095808,162960,1123.9,119.66,0.040883,81173,945.7,-293.04,-0.095995,83193,943.7,-292.75,-0.08954,94259,899.7,-146.21,-0.053148,99687,919.2,32.5,0.014767,106726,931.5,34.33,0.013648,88323,890.4,142.46,0.089598,94213,919.3,182.1,0.118323
536,536.08,0.0099274,77103,851.0,1.74,0.000325,75754,960.6,-159.73,-0.029684,80526,942.9,-291.12,-0.09488,81730,938.4,-295.45,-0.089281,93217,896.7,-142.19,-0.051284,99648,919.4,24.11,0.010948,106964,931.8,27.84,0.01109,88379,889.3,141.19,0.088957,94313,918.3,178.67,0.116347,188446,1209.8,303.67,0.097305,164086,1126.2,121.54,0.041727,80526,942.9,-291.12,-0.09488,81730,938.4,-295.45,-0.089281,93217,896.7,-142.19,-0.051284,99648,919.4,24.11,0.010948,106964,931.8,27.84,0.01109,88379,889.3,141.19,0.088957,94313,918.3,178.67,0.116347
537,537.06,0.0099455,76418,849.3,1.68,0.000312,75719,960.5,-168.35,-0.031272,80042,940.5,-288.42,-0.093673,80309,933.1,-298.3,-0.08908,92233,894.2,-139.83,-0.050041,99415,919.0,15.65,0.007093,107187,932.0,20.54,0.008194,88571,888.6,138.98,0.087834,94421,917.2,175.0,0.114217,188490,1209.6,308.01,0.098733,165238,1128.6,122.3,0.04219,80042,940.5,-288.42,-0.093673,80309,933.1,-298.3,-0.08908,92233,894.2,-139.83,-0.050041,99415,919.0,15.65,0.007093,107187,932.0,20.54,0.008194,88571,888.6,138.98,0.087834,94421,917.2,175.0,0.114217
538,538.04,0.0099637,75767,847.6,1.61,0.000296,76098,961.7,-177.94,-0.033179,79712,938.5,-285.1,-0.092417,79001,928.0,-301.16,-0.088952,91227,891.9,-137.83,-0.048915,98998,918.2,7.3,0.003297,107333,932.2,12.68,0.005068,88838,887.9,136.08,0.086326,94479,915.9,171.06,0.111878,188541,1209.5,312.12,0.100088,167515,1132.4,124.56,0.043419,79712,938.5,-285.1,-0.092417,79001,928.0,-301.16,-0.088952,91227,891.9,-137.83,-0.048915,98998,918.2,7.3,0.003297,107333,932.2,12.68,0.005068,88838,887.9,136.08,0.086326,94479,915.9,171.06,0.111878
539,539.09,0.0099831,75130,845.9,1.47,0.000269,77436,965.7,-186.73,-0.035284,79578,937.0,-281.04,-0.091096,77763,923.0,-303.96,-0.088851,90311,889.9,-136.59,-0.048097,98455,917.1,-1.61,-0.000725,107205,931.8,4.44,0.001773,89151,887.4,132.6,0.084458,94481,914.4,166.7,0.109214,188583,1209.3,316.29,0.101461,175766,1145.8,142.53,0.051517,79578,937.0,-281.04,-0.091096,77763,923.0,-303.96,-0.088851,90311,889.9,-136.59,-0.048097,98455,917.1,-1.61,-0.000725,107205,931.8,4.44,0.001773,89151,887.4,132.6,0.084458,94481,914.4,166.7,0.109214
540,540.07,0.0100013,74657,844.7,1.13,0.000206,80456,974.3,-191.25,-0.037213,79602,936.1,-276.32,-0.089672,76777,918.8,-306.06,-0.088733,89514,888.3,-135.85,-0.047497,97957,915.9,-10.28,-0.004607,106692,930.8,-2.67,-0.001063,89461,887.0,129.06,0.082532,94407,912.7,162.48,0.10656,188615,1209.1,319.98,0.102676,187741,1164.4,167.61,0.063679,79602,936.1,-276.32,-0.089672,76777,918.8,-306.06,-0.088733,89514,888.3,-135.85,-0.047497,97957,915.9,-10.28,-0.004607,106692,930.8,-2.67,-0.001063,89461,887.0,129.06,0.082532,94407,912.7,162.48,0.10656
541,541.06,0.0100195,74492,844.3,0.3,5.4e-05,86983,992.5,-174.77,-0.036091,79789,934.6,-271.0,-0.088293,75996,915.2,-307.44,-0.088573,88814,887.1,-135.85,-0.047189,97511,914.8,-19.22,-0.008584,105763,928.9,-9.04,-0.003571,89807,886.7,125.31,0.080471,94278,910.9,158.28,0.103865,188675,1209.0,323.38,0.103815,195898,1176.9,178.95,0.070188,79789,934.6,-271.0,-0.088293,75996,915.2,-307.44,-0.088573,88814,887.1,-135.85,-0.047189,97511,914.8,-19.22,-0.008584,105763,928.9,-9.04,-0.003571,89807,886.7,125.31,0.080471,94278,910.9,158.28,0.103865
542,542.04,0.0100378,74714,844.9,-0.73,-0.000132,96314,1016.4,-143.25,-0.031986,80139,933.8,-265.55,-0.086979,75379,912.2,-308.01,-0.088315,88160,886.2,-136.41,-0.047082,97118,913.7,-28.06,-0.012495,104472,926.4,-14.57,-0.0057,90193,886.5,121.39,0.078302,94111,909.0,154.14,0.10118,188828,1208.9,326.4,0.10487,201011,1184.7,181.42,0.072535,80139,933.8,-265.55,-0.086979,75379,912.2,-308.01,-0.088315,88160,886.2,-136.41,-0.047082,97118,913.7,-28.06,-0.012495,104472,926.4,-14.57,-0.0057,90193,886.5,121.39,0.078302,94111,909.0,154.14,0.10118
543,543.09,0.0100573,76061,848.5,-3.84,-0.000708,103016,1032.5,-123.82,-0.02911,80584,933.4,-259.85,-0.085621,74914,909.5,-307.56,-0.087902,87533,885.6,-137.77,-0.047244,96627,912.2,-36.74,-0.016304,102678,922.7,-19.11,-0.007376,90624,886.4,117.13,0.075923,93925,906.9,149.83,0.09838,189193,1209.2,329.03,0.105897,205339,1191.2,181.05,0.07354,80584,933.4,-259.85,-0.085621,74914,909.5,-307.56,-0.087902,87533,885.6,-137.77,-0.047244,96627,912.2,-36.74,-0.016304,102678,922.7,-19.11,-0.007376,90624,886.4,117.13,0.075923,93925,906.9,149.83,0.09838
544,544.08,0.0100756,79681,858.1,-9.61,-0.001836,105739,1038.8,-118.33,-0.028382,81009,933.4,-255.26,-0.084545,74678,908.0,-306.69,-0.087512,86976,885.3,-139.61,-0.047587,95898,910.2,-43.98,-0.019414,100553,918.4,-21.51,-0.00817,91015,886.4,113.27,0.073742,93774,905.1,145.85,0.095808,189842,1209.9,330.77,0.10676,208863,1196.2,181.64,0.074731,81009,933.4,-255.26,-0.084545,74678,908.0,-306.69,-0.087512,86976,885.3,-139.61,-0.047587,95898,910.2,-43.98,-0.019414,100553,918.4,-21.51,-0.00817,91015,886.4,113.27,0.073742,93774,905.1,145.85,0.095808
545,545.07,0.0100939,85705,873.4,-14.15,-0.002857,106698,1040.9,-117.65,-0.028416,81252,932.9,-250.94,-0.083416,74455,906.5,-304.49,-0.086773,86464,885.3,-142.12,-0.048159,94877,907.5,-50.08,-0.021935,98050,913.1,-21.99,-0.008194,91362,886.3,109.71,0.071708,93675,903.4,141.89,0.093288,190905,1211.2,331.64,0.107522,211795,1200.2,183.01,0.0761,81252,932.9,-250.94,-0.083416,74455,906.5,-304.49,-0.086773,86464,885.3,-142.12,-0.048159,94877,907.5,-50.08,-0.021935,98050,913.1,-21.99,-0.008194,91362,886.3,109.71,0.071708,93675,903.4,141.89,0.093288
546,546.06,0.0101122,92274,889.2,-13.74,-0.002933,106584,1040.5,-117.67,-0.028402,81354,931.7,-247.63,-0.082518,74248,905.1,-300.79,-0.085609,85956,885.4,-145.1,-0.048875,93862,904.6,-53.35,-0.02319,95352,907.4,-21.31,-0.007772,91660,886.1,106.62,0.069927,93652,901.8,137.92,0.090812,192465,1213.3,331.55,0.108188,213881,1202.7,184.53,0.077326,81354,931.7,-247.63,-0.082518,74248,905.1,-300.79,-0.085609,85956,885.4,-145.1,-0.048875,93862,904.6,-53.35,-0.02319,95352,907.4,-21.31,-0.007772,91660,886.1,106.62,0.069927,93652,901.8,137.92,0.090812
547,547.05,0.0101305,97534,901.2,-10.05,-0.002238,106134,1039.2,-117.44,-0.028263,81043,929.4,-246.15,-0.081915,74313,904.6,-295.22,-0.084142,85430,885.4,-148.41,-0.049683,93239,902.8,-53.0,-0.022934,92557,901.2,-19.46,-0.006934,91912,885.9,104.09,0.068474,93717,900.5,133.95,0.088385,194197,1215.5,329.83,0.108396,215262,1204.1,186.88,0.078721,81043,929.4,-246.15,-0.081915,74313,904.6,-295.22,-0.084142,85430,885.4,-148.41,-0.049683,93239,902.8,-53.0,-0.022934,92557,901.2,-19.46,-0.006934,91912,885.9,104.09,0.068474,93717,900.5,133.95,0.088385
548,548.04,0.0101489,100933,908.8,-6.1,-0.001394,105627,1037.7,-116.71,-0.027993,80173,925.6,-246.97,-0.081637,74691,905.1,-287.02,-0.082179,84903,885.5,-152.09,-0.050594,93509,903.0,-44.54,-0.019323,89760,894.9,-17.62,-0.006133,92133,885.7,102.25,0.067437,93860,899.4,129.99,0.086008,196145,1218.1,326.96,0.108303,216012,1204.7,189.74,0.080165,80173,925.6,-246.97,-0.081637,74691,905.1,-287.02,-0.082179,84903,885.5,-152.09,-0.050594,93509,903.0,-44.54,-0.019323,89760,894.9,-17.62,-0.006133,92133,885.7,102.25,0.067437,93860,899.4,129.99,0.086008
549,549.03,0.0101673,102817,912.9,-3.26,-0.000755,105153,1036.2,-115.55,-0.027629,80030,923.9,-243.35,-0.080448,75212,906.1,-277.1,-0.079804,84400,885.8,-156.22,-0.051644,95494,907.1,-25.62,-0.0113,87104,888.8,-15.9,-0.005407,92356,885.7,101.18,0.066895,94058,898.4,126.07,0.08368,198309,1220.9,323.7,0.108156,216487,1205.1,193.17,0.081769,80030,923.9,-243.35,-0.080448,75212,906.1,-277.1,-0.079804,84400,885.8,-156.22,-0.051644,95494,907.1,-25.62,-0.0113,87104,888.8,-15.9,-0.005407,92356,885.7,101.18,0.066895,94058,898.4,126.07,0.08368
550,550.1,0.010187,103815,915.0,-1.55,-0.000362,104643,1034.4,-114.37,-0.027263,87963,944.4,-194.91,-0.069288,75612,906.8,-266.85,-0.077202,83920,886.2,-161.17,-0.052954,97802,912.0,-3.67,-0.001649,84589,882.9,-13.36,-0.004441,92607,885.6,100.77,0.066812,94302,897.5,121.97,0.081252,200586,1223.8,320.23,0.107964,216912,1205.4,197.05,0.083554,87963,944.4,-194.91,-0.069288,75612,906.8,-266.85,-0.077202,83920,886.2,-161.17,-0.052954,97802,912.0,-3.67,-0.001649,84589,882.9,-13.36,-0.004441,92607,885.6,100.77,0.066812,94302,897.5,121.97,0.081252
551,551.09,0.0102054,104278,916.0,-0.79,-0.000185,104134,1032.5,-113.68,-0.027016,107440,989.8,-98.35,-0.040743,75415,906.0,-259.14,-0.074844,83544,886.9,-166.37,-0.054378,98609,913.8,10.95,0.004953,82988,879.0,-7.85,-0.002571,92830,885.6,100.83,0.067012,94538,896.7,118.26,0.079049,202469,1226.2,317.23,0.10775,217235,1205.8,200.75,0.085226,107440,989.8,-98.35,-0.040743,75415,906.0,-259.14,-0.074844,83544,886.9,-166.37,-0.054378,98609,913.8,10.95,0.004953,82988,879.0,-7.85,-0.002571,92830,885.6,100.83,0.067012,94538,896.7,118.26,0.079049
552,552.09,0.0102239,104544,916.6,-0.46,-0.000109,103494,1030.1,-112.83,-0.026711,120731,1016.5,-39.78,-0.01803,75036,904.7,-253.69,-0.073005,83204,887.6,-171.84,-0.055888,98536,913.7,21.36,0.009651,82687,878.3,4.36,0.001423,93001,885.5,100.96,0.067225,94777,896.0,114.78,0.076979,203982,1228.0,314.59,0.107491,217429,1206.0,204.65,0.086936,120731,1016.5,-39.78,-0.01803,75036,904.7,-253.69,-0.073005,83204,887.6,-171.84,-0.055888,98536,913.7,21.36,0.009651,82687,878.3,4.36,0.001423,93001,885.5,100.96,0.067225,94777,896.0,114.78,0.076979
553,553.09,0.0102424,104803,917.1,-0.5,-0.000117,102681,1027.1,-111.43,-0.026251,125287,1025.0,-19.11,-0.008914,75081,904.7,-244.43,-0.070385,82832,888.3,-177.15,-0.057317,97840,912.3,29.36,0.01319,83952,881.3,24.47,0.008089,93095,885.5,100.95,0.067292,95020,895.3,111.64,0.075125,205084,1229.3,312.31,0.107179,217214,1205.8,209.23,0.088813,125287,1025.0,-19.11,-0.008914,75081,904.7,-244.43,-0.070385,82832,888.3,-177.15,-0.057317,97840,912.3,29.36,0.01319,83952,881.3,24.47,0.008089,93095,885.5,100.95,0.067292,95020,895.3,111.64,0.075125
554,554.09,0.0102609,105288,918.2,-0.96,-0.000227,102273,1024.8,-112.17,-0.026376,128058,1030.1,-4.45,-0.002112,81798,923.4,-197.73,-0.060773,82364,888.7,-181.9,-0.058494,96956,910.6,36.47,0.01627,86144,886.3,48.48,0.01635,93093,885.3,100.48,0.066992,95272,894.6,108.92,0.073544,205793,1230.0,310.33,0.106809,216154,1204.4,215.51,0.091139,128058,1030.1,-4.45,-0.002112,81798,923.4,-197.73,-0.060773,82364,888.7,-181.9,-0.058494,96956,910.6,36.47,0.01627,86144,886.3,48.48,0.01635,93093,885.3,100.48,0.066992,95272,894.6,108.92,0.073544
555,555.09,0.0102795,106343,920.4,-2.06,-0.000489,103845,1026.9,-122.87,-0.029278,132209,1037.7,15.7,0.007631,102128,973.7,-88.47,-0.032196,81799,888.7,-185.97,-0.059391,96023,908.9,43.03,0.019047,87361,888.7,66.8,0.022781,92997,884.8,99.58,0.066362,95534,894.0,106.63,0.072248,206150,1230.1,308.59,0.106378,213972,1201.2,224.21,0.09411,132209,1037.7,15.7,0.007631,102128,973.7,-88.47,-0.032196,81799,888.7,-185.97,-0.059391,96023,908.9,43.03,0.019047,87361,888.7,66.8,0.022781,92997,884.8,99.58,0.066362,95534,894.0,106.63,0.072248
556,556.09,0.010298,108481,924.9,-4.05,-0.000978,112961,1044.7,-166.5,-0.04242,136602,1045.7,36.35,0.018124,117129,1004.9,-16.28,-0.006582,81347,889.0,-190.41,-0.060457,94985,907.0,48.94,0.021474,87713,889.1,79.76,0.027302,92778,884.0,98.19,0.06534,95801,893.4,104.71,0.071187,206204,1229.9,307.03,0.105887,210931,1196.2,234.86,0.097582,136602,1045.7,36.35,0.018124,117129,1004.9,-16.28,-0.006582,81347,889.0,-190.41,-0.060457,94985,907.0,48.94,0.021474,87713,889.1,79.76,0.027302,92778,884.0,98.19,0.06534,95801,893.4,104.71,0.071187
557,557.1,0.0103167,112321,932.9,-6.92,-0.001714,121397,1058.1,-204.61,-0.055312,139125,1050.2,50.1,0.025328,123643,1017.4,15.21,0.006415,81483,890.6,-197.66,-0.062745,93820,904.9,53.95,0.023436,87350,887.6,88.88,0.030347,92433,883.0,96.46,0.064022,96060,892.9,103.01,0.07027,205999,1229.3,305.59,0.105338,207696,1189.9,246.09,0.101219,139125,1050.2,50.1,0.025328,123643,1017.4,15.21,0.006415,81483,890.6,-197.66,-0.062745,93820,904.9,53.95,0.023436,87350,887.6,88.88,0.030347,92433,883.0,96.46,0.064022,96060,892.9,103.01,0.07027
558,558.04,0.0103341,117549,943.4,-9.29,-0.002381,124320,1059.3,-218.77,-0.060499,140678,1053.1,58.77,0.029961,128161,1025.8,36.7,0.015908,82350,893.9,-208.13,-0.066526,92636,902.7,57.88,0.024887,86683,885.5,95.71,0.032507,91989,881.9,94.63,0.062586,96280,892.3,101.54,0.069464,205619,1228.5,304.32,0.104773,205014,1183.0,256.04,0.104551,140678,1053.1,58.77,0.029961,128161,1025.8,36.7,0.015908,82350,893.9,-208.13,-0.066526,92636,902.7,57.88,0.024887,86683,885.5,95.71,0.032507,91989,881.9,94.63,0.062586,96280,892.3,101.54,0.069464
559,559.05,0.0103527,123912,955.7,-9.72,-0.002593,125785,1057.4,-226.92,-0.063609,141288,1054.5,65.73,0.033611,132425,1033.5,56.4,0.025074,84331,899.9,-224.16,-0.072884,91311,900.3,61.53,0.026147,85853,883.0,102.77,0.034669,91341,880.3,92.66,0.060958,96472,891.7,100.0,0.068594,205064,1227.4,302.95,0.104112,202702,1174.8,265.5,0.107943,141288,1054.5,65.73,0.033611,132425,1033.5,56.4,0.025074,84331,899.9,-224.16,-0.072884,91311,900.3,61.53,0.026147,85853,883.0,102.77,0.034669,91341,880.3,92.66,0.060958,96472,891.7,100.0,0.068594
560,560.05,0.0103714,129497,966.1,-7.86,-0.002167,127457,1056.4,-235.65,-0.066996,141611,1055.4,70.99,0.036352,135299,1038.6,70.08,0.031674,86094,905.1,-238.07,-0.078568,90037,897.9,65.07,0.027337,84825,880.0,109.65,0.036673,90464,878.4,91.09,0.059481,96602,890.9,98.47,0.067696,204422,1226.2,301.51,0.103395,200827,1165.6,273.55,0.111055,141611,1055.4,70.99,0.036352,135299,1038.6,70.08,0.031674,86094,905.1,-238.07,-0.078568,90037,897.9,65.07,0.027337,84825,880.0,109.65,0.036673,90464,878.4,91.09,0.059481,96602,890.9,98.47,0.067696
561,561.06,0.01039,133360,973.2,-5.1,-0.001437,129353,1056.8,-245.01,-0.070666,141870,1056.2,75.48,0.038691,136986,1041.5,78.68,0.03591,87200,908.5,-247.53,-0.082437,89154,896.5,70.12,0.029215,83557,876.3,116.1,0.038408,89314,875.9,89.95,0.058152,96655,890.1,96.99,0.066779,203757,1225.0,299.93,0.102624,199148,1155.9,280.56,0.113902,141870,1056.2,75.48,0.038691,136986,1041.5,78.68,0.03591,87200,908.5,-247.53,-0.082437,89154,896.5,70.12,0.029215,83557,876.3,116.1,0.038408,89314,875.9,89.95,0.058152,96655,890.1,96.99,0.066779
562,562.07,0.0104087,135495,977.0,-2.67,-0.000762,130808,1057.8,-252.56,-0.073596,142159,1057.2,79.96,0.041033,138053,1043.2,84.33,0.038719,87912,910.6,-254.16,-0.085135,89008,896.8,78.36,0.032586,82138,872.4,121.79,0.039786,87853,872.8,89.56,0.057157,96631,889.1,95.58,0.065866,203117,1223.8,298.17,0.101804,197494,1146.3,287.34,0.116648,142159,1057.2,79.96,0.041033,138053,1043.2,84.33,0.038719,87912,910.6,-254.16,-0.085135,89008,896.8,78.36,0.032586,82138,872.4,121.79,0.039786,87853,872.8,89.56,0.057157,96631,889.1,95.58,0.065866
563,563.08,0.0104273,136293,978.4,-0.89,-0.000256,131800,1059.2,-258.3,-0.075733,142635,1058.6,84.37,0.043385,138830,1044.5,88.32,0.04073,88376,911.9,-258.8,-0.087018,89456,898.6,89.12,0.037172,80703,868.4,126.83,0.040898,86138,869.3,90.35,0.056762,96548,888.0,94.25,0.064968,202540,1222.6,296.2,0.100936,195702,1137.7,294.63,0.119419,142635,1058.6,84.37,0.043385,138830,1044.5,88.32,0.04073,88376,911.9,-258.8,-0.087018,89456,898.6,89.12,0.037172,80703,868.4,126.83,0.040898,86138,869.3,90.35,0.056762,96548,888.0,94.25,0.064968
564,564.08,0.010446,136154,978.2,0.32,9.2e-05,132462,1061.3,-262.89,-0.077317,143476,1060.7,89.32,0.046114,139554,1045.7,91.58,0.042405,88686,912.7,-261.97,-0.088321,90055,900.8,100.37,0.042041,79537,865.0,132.41,0.042242,84255,865.6,91.31,0.056353,96418,886.9,92.98,0.064088,196848,1216.7,277.27,0.092276,193590,1130.3,302.76,0.122184,143476,1060.7,89.32,0.046114,139554,1045.7,91.58,0.042405,88686,912.7,-261.97,-0.088321,90055,900.8,100.37,0.042041,79537,865.0,132.41,0.042242,84255,865.6,91.31,0.056353,96418,886.9,92.98,0.064088
565,565.09,0.0104646,135453,977.0,1.01,0.000289,132949,1063.7,-267.13,-0.07867,144925,1063.8,95.67,0.049741,140367,1047.0,94.66,0.044031,88846,913.0,-263.87,-0.089097,90465,902.7,110.72,0.046488,79017,863.4,140.27,0.044543,82384,861.7,91.99,0.055761,96269,885.8,91.73,0.063208,190840,1210.5,255.86,0.082976,191027,1125.0,311.61,0.124678,144925,1063.8,95.67,0.049741,140367,1047.0,94.66,0.044031,88846,913.0,-263.87,-0.089097,90465,902.7,110.72,0.046488,79017,863.4,140.27,0.044543,82384,861.7,91.99,0.055761,96269,885.8,91.73,0.063208
566,566.09,0.0104832,134497,975.4,1.33,0.000376,133340,1066.4,-270.36,-0.079655,147036,1068.1,103.28,0.05426,141359,1048.7,98.03,0.045846,88742,912.5,-264.24,-0.089163,90521,903.9,119.47,0.050127,79250,863.6,150.95,0.048059,80604,857.9,91.79,0.054683,96122,884.7,90.43,0.062294,190430,1211.2,247.93,0.080188,188038,1122.8,320.93,0.126642,147036,1068.1,103.28,0.05426,141359,1048.7,98.03,0.045846,88742,912.5,-264.24,-0.089163,90521,903.9,119.47,0.050127,79250,863.6,150.95,0.048059,80604,857.9,91.79,0.054683,96122,884.7,90.43,0.062294
567,567.1,0.0105018,133481,973.7,1.4,0.000394,133769,1069.2,-271.26,-0.079966,149444,1073.0,111.16,0.059086,142823,1051.2,102.77,0.048446,88348,911.3,-263.06,-0.088485,90173,904.3,126.38,0.052799,80010,865.3,162.94,0.052274,78998,854.5,90.59,0.053097,95995,883.7,89.03,0.06132,184551,1205.3,220.09,0.069321,184759,1123.3,330.4,0.128057,149444,1073.0,111.16,0.059086,142823,1051.2,102.77,0.048446,88348,911.3,-263.06,-0.088485,90173,904.3,126.38,0.052799,80010,865.3,162.94,0.052274,78998,854.5,90.59,0.053097,95995,883.7,89.03,0.06132
568,568.04,0.0105192,132523,972.1,1.44,0.000405,134307,1072.8,-270.58,-0.079821,151538,1077.3,117.54,0.063103,144766,1054.5,108.84,0.051844,87743,909.6,-260.74,-0.087266,89554,904.1,131.37,0.054524,80777,867.1,173.53,0.056087,77630,851.8,88.85,0.051338,95906,882.8,87.59,0.060331,184457,1207.1,205.42,0.06457,181569,1125.5,339.11,0.128905,151538,1077.3,117.54,0.063103,144766,1054.5,108.84,0.051844,87743,909.6,-260.74,-0.087266,89554,904.1,131.37,0.054524,80777,867.1,173.53,0.056087,77630,851.8,88.85,0.051338,95906,882.8,87.59,0.060331
569,569.04,0.0105378,131205,969.8,1.97,0.000548,135731,1077.5,-264.81,-0.078602,153345,1081.1,122.68,0.066408,147310,1058.8,116.36,0.056173,86878,907.2,-257.3,-0.085489,88723,903.5,135.64,0.055808,81406,868.7,182.41,0.05931,76338,849.2,86.08,0.049063,95842,882.0,85.95,0.059219,182857,1207.5,182.35,0.056805,178130,1129.5,348.1,0.129359,153345,1081.1,122.68,0.066408,147310,1058.8,116.36,0.056173,86878,907.2,-257.3,-0.085489,88723,903.5,135.64,0.055808,81406,868.7,182.41,0.05931,76338,849.2,86.08,0.049063,95842,882.0,85.95,0.059219
570,570.05,0.0105565,129520,966.9,2.38,0.000655,139130,1085.3,-250.09,-0.075545,154644,1084.2,125.94,0.068555,149985,1063.3,123.55,0.060471,85796,904.3,-253.18,-0.083338,87828,902.7,139.17,0.056731,81844,869.9,187.95,0.061351,75229,847.1,82.52,0.046464,95824,881.3,84.3,0.058112,182225,1209.2,163.12,0.050566,174743,1134.3,356.6,0.129451,154644,1084.2,125.94,0.068555,149985,1063.3,123.55,0.060471,85796,904.3,-253.18,-0.083338,87828,902.7,139.17,0.056731,81844,869.9,187.95,0.061351,75229,847.1,82.52,0.046464,95824,881.3,84.3,0.058112
571,571.05,0.0105751,128483,965.1,1.08,0.000294,143919,1094.6,-228.79,-0.070879,155527,1086.7,127.54,0.069665,152407,1067.4,129.05,0.063932,84432,900.8,-248.11,-0.080691,86933,902.0,142.19,0.057417,82131,870.9,189.69,0.062067,74283,845.4,78.15,0.043542,95859,880.8,82.71,0.057068,180535,1209.3,145.31,0.044625,171451,1139.2,364.52,0.129271,155527,1086.7,127.54,0.069665,152407,1067.4,129.05,0.063932,84432,900.8,-248.11,-0.080691,86933,902.0,142.19,0.057417,82131,870.9,189.69,0.062067,74283,845.4,78.15,0.043542,95859,880.8,82.71,0.057068
572,572.06,0.0105937,130164,968.2,-3.83,-0.00106,147852,1101.7,-208.5,-0.065936,156052,1088.6,128.26,0.070168,154385,1071.0,132.36,0.066202,82727,896.3,-241.82,-0.077436,86065,901.2,144.77,0.057922,82514,872.6,189.53,0.062187,73470,843.9,72.73,0.040146,95964,880.5,81.32,0.056196,176423,1205.4,122.61,0.036914,168250,1143.6,371.76,0.12888,156052,1088.6,128.26,0.070168,154385,1071.0,132.36,0.066202,82727,896.3,-241.82,-0.077436,86065,901.2,144.77,0.057922,82514,872.6,189.53,0.062187,73470,843.9,72.73,0.040146,95964,880.5,81.32,0.056196
573,573.06,0.0106123,143845,992.3,-22.39,-0.006677,149829,1104.9,-193.61,-0.061864,156383,1090.2,128.12,0.07014,155847,1073.6,133.79,0.067384,80861,891.6,-235.18,-0.074005,85216,900.5,146.95,0.058264,82940,874.5,186.76,0.061456,72767,842.7,66.05,0.03616,96155,880.4,80.28,0.055592,175216,1205.6,112.82,0.033729,165264,1147.0,378.68,0.128569,156383,1090.2,128.12,0.07014,155847,1073.6,133.79,0.067384,80861,891.6,-235.18,-0.074005,85216,900.5,146.95,0.058264,82940,874.5,186.76,0.061456,72767,842.7,66.05,0.03616,96155,880.4,80.28,0.055592
574,574.07,0.0106309,170103,1034.6,-31.64,-0.010701,150310,1105.3,-184.08,-0.058985,156722,1091.7,127.16,0.069667,156783,1075.5,134.26,0.067907,79111,887.1,-229.65,-0.071057,84415,899.8,148.44,0.058346,83508,876.9,182.14,0.060182,72187,841.8,58.48,0.031794,96420,880.4,79.54,0.05523,171583,1200.8,98.4,0.028923,162612,1148.9,385.63,0.128615,156722,1091.7,127.16,0.069667,156783,1075.5,134.26,0.067907,79111,887.1,-229.65,-0.071057,84415,899.8,148.44,0.058346,83508,876.9,182.14,0.060182,72187,841.8,58.48,0.031794,96420,880.4,79.54,0.05523
575,575.07,0.0106494,192687,1067.1,-21.84,-0.008111,150207,1104.7,-178.26,-0.057113,157123,1093.4,125.92,0.069059,157279,1076.9,134.37,0.068089,77558,883.2,-225.79,-0.068798,83717,899.3,148.83,0.058046,84197,879.4,176.99,0.058794,71761,841.2,50.81,0.027484,96723,880.6,79.0,0.055012,165868,1187.2,80.88,0.023244,159680,1147.9,390.71,0.128072,157123,1093.4,125.92,0.069059,157279,1076.9,134.37,0.068089,77558,883.2,-225.79,-0.068798,83717,899.3,148.83,0.058046,84197,879.4,176.99,0.058794,71761,841.2,50.81,0.027484,96723,880.6,79.0,0.055012
576,576.07,0.0106679,205723,1084.5,-11.22,-0.004379,150121,1104.1,-174.93,-0.056048,157568,1095.2,124.63,0.068432,157544,1077.9,134.0,0.067954,76196,879.8,-223.46,-0.067146,83164,899.2,147.96,0.057336,84870,882.1,171.95,0.057403,71622,841.3,44.64,0.024095,97021,880.9,78.49,0.054812,166176,1183.8,77.01,0.022235,155610,1142.7,391.23,0.125538,157568,1095.2,124.63,0.068432,157544,1077.9,134.0,0.067954,76196,879.8,-223.46,-0.067146,83164,899.2,147.96,0.057336,84870,882.1,171.95,0.057403,71622,841.3,44.64,0.024095,97021,880.9,78.49,0.054812
577,577.06,0.0106863,212479,1093.2,-5.65,-0.00226,150367,1104.1,-173.61,-0.055714,157978,1096.9,123.38,0.067817,157876,1079.1,132.83,0.067426,75019,877.0,-222.43,-0.066018,82749,899.4,146.25,0.056374,85319,884.3,166.67,0.055795,71886,842.5,41.31,0.022351,97262,881.1,77.84,0.054485,166264,1180.3,76.34,0.022121,150695,1134.5,388.09,0.121469,157978,1096.9,123.38,0.067817,157876,1079.1,132.83,0.067426,75019,877.0,-222.43,-0.066018,82749,899.4,146.25,0.056374,85319,884.3,166.67,0.055795,71886,842.5,41.31,0.022351,97262,881.1,77.84,0.054485
578,578.05,0.0107047,216856,1098.7,-3.74,-0.001519,151058,1105.0,-173.79,-0.055983,158278,1098.4,122.27,0.067238,158794,1081.3,129.81,0.066141,74007,874.6,-222.42,-0.065301,82518,900.1,143.62,0.055164,85592,886.1,161.78,0.054222,72794,845.4,41.57,0.022695,97396,881.1,76.99,0.053957,166366,1176.7,81.18,0.023609,145803,1125.5,384.15,0.11726,158278,1098.4,122.27,0.067238,158794,1081.3,129.81,0.066141,74007,874.6,-222.42,-0.065301,82518,900.1,143.62,0.055164,85592,886.1,161.78,0.054222,72794,845.4,41.57,0.022695,97396,881.1,76.99,0.053957
579,579.04,0.0107231,220500,1103.2,-3.07,-0.001263,152271,1106.8,-173.96,-0.056392,158453,1099.8,121.43,0.066768,161091,1085.7,122.6,0.063112,73089,872.6,-223.21,-0.06487,82464,901.2,139.87,0.053624,85689,887.4,157.75,0.052852,74624,850.7,47.88,0.026631,97393,880.8,75.94,0.053241,166398,1173.2,88.18,0.025726,141245,1116.8,380.5,0.113399,158453,1099.8,121.43,0.066768,161091,1085.7,122.6,0.063112,73089,872.6,-223.21,-0.06487,82464,901.2,139.87,0.053624,85689,887.4,157.75,0.052852,74624,850.7,47.88,0.026631,97393,880.8,75.94,0.053241
580,580.1,0.0107426,223565,1107.0,-2.29,-0.000952,154617,1110.6,-170.7,-0.055997,158679,1101.4,120.39,0.066194,165360,1093.2,109.64,0.057538,72042,870.3,-225.28,-0.064706,82599,903.0,135.32,0.051859,85523,888.2,153.99,0.051446,77348,858.5,58.5,0.033418,97231,880.2,74.68,0.052309,166045,1169.4,96.57,0.028205,136515,1107.5,376.19,0.109265,158679,1101.4,120.39,0.066194,165360,1093.2,109.64,0.057538,72042,870.3,-225.28,-0.064706,82599,903.0,135.32,0.051859,85523,888.2,153.99,0.051446,77348,858.5,58.5,0.033418,97231,880.2,74.68,0.052309
581,581.09,0.0107609,225522,1109.4,-1.55,-0.000648,158617,1117.3,-161.9,-0.054162,159157,1103.3,118.5,0.065243,169710,1100.6,96.19,0.05146,71112,868.3,-227.15,-0.064543,82784,904.8,129.77,0.049745,85257,888.7,151.1,0.050293,79393,864.6,64.66,0.037647,96944,879.3,73.44,0.051335,165252,1165.6,104.84,0.030576,131984,1098.6,371.0,0.105027,159157,1103.3,118.5,0.065243,169710,1100.6,96.19,0.05146,71112,868.3,-227.15,-0.064543,82784,904.8,129.77,0.049745,85257,888.7,151.1,0.050293,79393,864.6,64.66,0.037647,96944,879.3,73.44,0.051335
582,582.07,0.0107791,226793,1111.0,-0.99,-0.000415,163796,1125.8,-149.58,-0.051282,160550,1106.6,113.91,0.063071,173133,1106.4,85.61,0.046483,71005,868.6,-225.06,-0.063834,82919,906.4,123.68,0.047405,84906,889.0,148.82,0.049317,80769,868.7,66.43,0.039161,96529,878.2,72.06,0.05022,164092,1161.8,113.49,0.032972,127434,1089.5,364.97,0.100593,160550,1106.6,113.91,0.063071,173133,1106.4,85.61,0.046483,71005,868.6,-225.06,-0.063834,82919,906.4,123.68,0.047405,84906,889.0,148.82,0.049317,80769,868.7,66.43,0.039161,96529,878.2,72.06,0.05022
583,583.06,0.0107973,227497,1111.8,-0.52,-0.000219,168450,1133.4,-138.84,-0.048625,163168,1111.7,104.8,0.058704,175490,1110.5,78.62,0.043106,79609,894.7,-168.86,-0.052128,82948,907.7,118.13,0.04523,84522,889.1,146.88,0.048446,81785,872.1,65.95,0.039214,96020,876.8,70.4,0.048882,162807,1158.4,122.04,0.035281,123121,1080.7,359.13,0.096411,163168,1111.7,104.8,0.058704,175490,1110.5,78.62,0.043106,79609,894.7,-168.86,-0.052128,82948,907.7,118.13,0.04523,84522,889.1,146.88,0.048446,81785,872.1,65.95,0.039214,96020,876.8,70.4,0.048882
584,584.04,0.0108156,227683,1112.0,-0.09,-3.9e-05,171634,1138.6,-132.23,-0.046969,166422,1117.7,91.6,0.052055,176845,1113.1,73.51,0.040521,115477,980.7,5.63,0.002302,82818,908.5,113.19,0.043228,84048,889.0,144.56,0.047418,82508,874.8,63.5,0.037976,95468,875.4,68.37,0.04727,161318,1155.1,129.89,0.037316,119228,1072.6,354.28,0.092798,166422,1117.7,91.6,0.052055,176845,1113.1,73.51,0.040521,115477,980.7,5.63,0.002302,82818,908.5,113.19,0.043228,84048,889.0,144.56,0.047418,82508,874.8,63.5,0.037976,95468,875.4,68.37,0.04727
585,585.09,0.010835,227394,1111.7,0.3,0.000126,173576,1141.9,-128.93,-0.046178,170245,1124.4,77.37,0.044711,177478,1114.6,69.88,0.038609,135183,1016.7,85.88,0.039617,82454,908.8,108.41,0.041209,83498,888.7,141.47,0.046117,83085,877.1,60.01,0.036045,94879,874.0,65.67,0.045203,159516,1151.6,137.57,0.0392,115722,1065.1,351.08,0.089881,170245,1124.4,77.37,0.044711,177478,1114.6,69.88,0.038609,135183,1016.7,85.88,0.039617,82454,908.8,108.41,0.041209,83498,888.7,141.47,0.046117,83085,877.1,60.01,0.036045,94879,874.0,65.67,0.045203
586,586.07,0.0108531,226614,1110.8,0.72,0.000303,174542,1143.8,-127.65,-0.045902,172826,1128.9,67.34,0.039346,177453,1115.1,67.72,0.037392,138108,1020.9,98.97,0.046455,81974,908.7,104.71,0.039575,83035,888.5,138.14,0.04479,83492,878.8,56.54,0.034056,94355,872.7,62.59,0.042905,157752,1148.3,144.12,0.040726,112982,1059.2,349.82,0.087927,172826,1128.9,67.34,0.039346,177453,1115.1,67.72,0.037392,138108,1020.9,98.97,0.046455,81974,908.7,104.71,0.039575,83035,888.5,138.14,0.04479,83492,878.8,56.54,0.034056,94355,872.7,62.59,0.042905
587,587.05,0.0108713,225289,1109.3,1.19,0.000496,175118,1145.1,-127.41,-0.045913,173676,1130.8,59.42,0.034832,176968,1114.9,65.89,0.036286,138539,1020.8,107.19,0.050474,81464,908.4,101.97,0.038314,82630,888.4,134.37,0.043361,83853,880.5,53.33,0.032202,93873,871.6,58.94,0.040245,155965,1145.2,149.98,0.042018,110172,1053.0,347.72,0.085727,173676,1130.8,59.42,0.034832,176968,1114.9,65.89,0.036286,138539,1020.8,107.19,0.050474,81464,908.4,101.97,0.038314,82630,888.4,134.37,0.043361,83853,880.5,53.33,0.032202,93873,871.6,58.94,0.040245
588,588.09,0.0108906,223237,1107.0,1.72,0.000714,175480,1146.1,-127.79,-0.046105,172649,1129.8,50.68,0.029557,176151,1114.3,64.92,0.035607,139661,1021.8,118.09,0.056004,80968,908.3,100.02,0.037357,82198,888.3,129.91,0.04171,84407,882.6,51.49,0.031224,93411,870.6,54.41,0.037017,154045,1141.8,155.55,0.04317,106591,1045.0,342.31,0.082277,172649,1129.8,50.68,0.029557,176151,1114.3,64.92,0.035607,139661,1021.8,118.09,0.056004,80968,908.3,100.02,0.037357,82198,888.3,129.91,0.04171,84407,882.6,51.49,0.031224,93411,870.6,54.41,0.037017
589,589.07,0.0109087,220769,1104.1,2.17,0.000891,175611,1146.8,-128.83,-0.046486,170417,1126.8,41.89,0.024182,174984,1113.0,64.5,0.035181,141993,1024.8,128.8,0.061918,80540,908.2,98.5,0.036599,81750,888.0,125.82,0.040189,85282,885.5,52.01,0.031758,93027,869.7,49.6,0.03364,152228,1138.5,160.33,0.044097,103007,1036.7,335.62,0.078576,170417,1126.8,41.89,0.024182,174984,1113.0,64.5,0.035181,141993,1024.8,128.8,0.061918,80540,908.2,98.5,0.036599,81750,888.0,125.82,0.040189,85282,885.5,52.01,0.031758,93027,869.7,49.6,0.03364
590,590.05,0.0109269,217978,1100.9,2.44,0.000992,175583,1147.2,-130.22,-0.046962,167776,1123.0,33.99,0.019379,172916,1110.5,63.45,0.034277,144078,1027.4,140.11,0.068169,80109,908.1,96.62,0.035712,81217,887.4,122.69,0.038959,86592,889.3,55.39,0.034196,92688,869.0,44.29,0.029951,150381,1135.2,164.91,0.044935,99849,1029.3,330.36,0.075517,167776,1123.0,33.99,0.019379,172916,1110.5,63.45,0.034277,144078,1027.4,140.11,0.068169,80109,908.1,96.62,0.035712,81217,887.4,122.69,0.038959,86592,889.3,55.39,0.034196,92688,869.0,44.29,0.029951
591,591.09,0.0109462,214979,1097.4,2.44,0.000983,175354,1147.5,-132.4,-0.047676,165004,1119.0,27.49,0.015473,169551,1106.0,59.82,0.031816,145417,1028.8,150.36,0.073739,79626,907.9,93.88,0.034496,80566,886.7,120.98,0.038139,88444,894.6,61.73,0.038691,92375,868.3,38.13,0.025717,148365,1131.6,169.76,0.045783,97498,1023.6,329.14,0.073874,165004,1119.0,27.49,0.015473,169551,1106.0,59.82,0.031816,145417,1028.8,150.36,0.073739,79626,907.9,93.88,0.034496,80566,886.7,120.98,0.038139,88444,894.6,61.73,0.038691,92375,868.3,38.13,0.025717
592,592.07,0.0109643,212489,1094.4,2.14,0.000856,175240,1147.9,-134.27,-0.048303,162413,1115.1,23.04,0.012808,165728,1100.6,55.29,0.028884,146059,1029.1,156.82,0.077222,79177,907.7,90.63,0.033123,79867,885.6,120.32,0.03765,90039,899.3,67.32,0.042737,92123,867.8,31.98,0.021522,146417,1128.1,174.41,0.046565,96280,1020.6,332.47,0.073904,162413,1115.1,23.04,0.012808,165728,1100.6,55.29,0.028884,146059,1029.1,156.82,0.077222,79177,907.7,90.63,0.033123,79867,885.6,120.32,0.03765,90039,899.3,67.32,0.042737,92123,867.8,31.98,0.021522
593,593.05,0.0109824,210635,1092.2,1.56,0.000618,175306,1148.5,-134.63,-0.04842,159805,1111.1,19.93,0.010939,161944,1095.2,51.47,0.026405,146406,1029.1,161.45,0.079688,78730,907.4,86.95,0.031608,79077,884.3,120.51,0.03739,91197,903.0,71.17,0.045572,91913,867.4,25.55,0.017166,144408,1124.4,179.23,0.047349,95705,1019.2,338.63,0.074928,159805,1111.1,19.93,0.010939,161944,1095.2,51.47,0.026405,146406,1029.1,161.45,0.079688,78730,907.4,86.95,0.031608,79077,884.3,120.51,0.03739,91197,903.0,71.17,0.045572,91913,867.4,25.55,0.017166
594,594.09,0.0110017,209629,1091.0,0.69,0.000272,177009,1151.9,-129.16,-0.046766,157266,1107.2,18.49,0.010026,158074,1089.4,48.91,0.024621,146189,1028.3,164.9,0.081338,78184,906.9,83.17,0.030043,78039,882.5,121.13,0.037166,91960,906.0,73.39,0.047233,91737,867.1,18.48,0.012398,142196,1120.4,184.58,0.048187,95442,1018.5,346.53,0.076515,157266,1107.2,18.49,0.010026,158074,1089.4,48.91,0.024621,146189,1028.3,164.9,0.081338,78184,906.9,83.17,0.030043,78039,882.5,121.13,0.037166,91960,906.0,73.39,0.047233,91737,867.1,18.48,0.012398
595,595.07,0.0110198,209708,1091.1,-0.19,-7.5e-05,188158,1169.0,-94.56,-0.035866,155365,1104.2,19.32,0.010377,154585,1084.2,47.58,0.02354,145697,1027.2,167.38,0.082373,77553,906.0,80.4,0.028836,76893,880.3,121.92,0.03695,92334,907.9,74.09,0.047777,91620,866.9,11.71,0.007848,140064,1116.5,189.74,0.048961,95279,1018.1,353.97,0.078055,155365,1104.2,19.32,0.010377,154585,1084.2,47.58,0.02354,145697,1027.2,167.38,0.082373,77553,906.0,80.4,0.028836,76893,880.3,121.92,0.03695,92334,907.9,74.09,0.047777,91620,866.9,11.71,0.007848
596,596.04,0.0110379,210727,1092.4,-1.05,-0.000416,206072,1194.2,-42.22,-0.017167,153900,1101.9,22.23,0.011849,151329,1079.2,47.32,0.023021,145180,1026.2,169.33,0.083119,76854,904.9,78.42,0.027904,75655,877.8,122.9,0.03675,92472,909.4,74.04,0.047738,91548,866.7,4.83,0.003232,137889,1112.5,194.96,0.049705,95064,1017.6,360.78,0.079417,153900,1101.9,22.23,0.011849,151329,1079.2,47.32,0.023021,145180,1026.2,169.33,0.083119,76854,904.9,78.42,0.027904,75655,877.8,122.9,0.03675,92472,909.4,74.04,0.047738,91548,866.7,4.83,0.003232
597,597.09,0.0110572,212622,1094.8,-1.68,-0.000672,216670,1208.3,-11.04,-0.004665,152540,1099.8,26.73,0.014149,148336,1074.5,48.52,0.023239,144650,1025.1,171.08,0.083756,76063,903.5,77.36,0.027285,74297,875.0,123.99,0.036528,92475,910.6,73.22,0.047143,91515,866.7,-2.64,-0.001769,135535,1108.2,200.51,0.050444,94731,1016.8,367.15,0.080601,152540,1099.8,26.73,0.014149,148336,1074.5,48.52,0.023239,144650,1025.1,171.08,0.083756,76063,903.5,77.36,0.027285,74297,875.0,123.99,0.036528,92475,910.6,73.22,0.047143,91515,866.7,-2.64,-0.001769
598,598.06,0.0110752,214751,1097.5,-1.91,-0.000771,220302,1212.9,-0.64,-0.000273,151305,1098.0,31.72,0.016682,146181,1071.2,51.34,0.024308,144195,1024.3,172.5,0.084256,75273,902.1,77.34,0.027038,73037,872.4,124.92,0.036284,92440,911.7,72.25,0.046446,91507,866.6,-9.8,-0.00656,133312,1104.0,205.6,0.051069,94320,1015.8,372.29,0.081453,151305,1098.0,31.72,0.016682,146181,1071.2,51.34,0.024308,144195,1024.3,172.5,0.084256,75273,902.1,77.34,0.027038,73037,872.4,124.92,0.036284,92440,911.7,72.25,0.046446,91507,866.6,-9.8,-0.00656
599,599.04,0.0110933,216878,1100.2,-1.86,-0.000754,222354,1215.5,2.35,0.001012,150140,1096.3,37.31,0.0195,144619,1068.9,55.38,0.025996,143801,1023.6,173.64,0.084641,74422,900.5,78.06,0.027031,71853,870.0,125.76,0.036034,92384,912.7,71.03,0.045584,91485,866.5,-17.18,-0.011502,131088,1099.8,210.53,0.051616,93813,1014.6,376.63,0.082058,150140,1096.3,37.31,0.0195,144619,1068.9,55.38,0.025996,143801,1023.6,173.64,0.084641,74422,900.5,78.06,0.027031,71853,870.0,125.76,0.036034,92384,912.7,71.03,0.045584,91485,866.5,-17.18,-0.011502
600,600.08,0.0111126,218939,1102.7,-1.65,-0.000675,224327,1217.9,2.31,0.001003,148943,1094.5,43.43,0.022554,143384,1067.2,60.25,0.028086,143511,1023.1,174.32,0.084841,73461,898.5,79.51,0.027236,70727,867.8,126.62,0.035805,92283,913.6,69.32,0.044397,91396,866.2,-25.46,-0.017032,128724,1095.3,215.54,0.052107,93180,1013.1,380.44,0.082454,148943,1094.5,43.43,0.022554,143384,1067.2,60.25,0.028086,143511,1023.1,174.32,0.084841,73461,898.5,79.51,0.027236,70727,867.8,126.62,0.035805,92283,913.6,69.32,0.044397,91396,866.2,-25.46,-0.017032
601,601.06,0.0111307,220567,1104.7,-1.37,-0.000562,225734,1219.7,1.5,0.000652,147769,1092.8,48.65,0.025105,142543,1066.2,64.84,0.030076,143376,1022.7,174.35,0.084807,72531,896.7,81.33,0.027563,69837,866.2,127.27,0.035602,92159,914.4,67.35,0.043038,91247,865.8,-33.54,-0.02241,126526,1091.0,219.99,0.052479,92517,1011.5,383.36,0.082628,147769,1092.8,48.65,0.025105,142543,1066.2,64.84,0.030076,143376,1022.7,174.35,0.084807,72531,896.7,81.33,0.027563,69837,866.2,127.27,0.035602,92159,914.4,67.35,0.043038,91247,865.8,-33.54,-0.02241
602,602.03,0.0111488,221841,1106.3,-1.05,-0.000435,226303,1220.4,1.28,0.000558,146607,1091.2,53.37,0.027368,141940,1065.5,69.26,0.032013,143299,1022.4,174.04,0.084641,71586,894.7,83.3,0.027924,69104,865.0,127.5,0.035343,92030,915.1,65.1,0.041509,91130,865.5,-41.4,-0.027639,124353,1086.7,224.17,0.052767,91805,1009.7,385.78,0.082652,146607,1091.2,53.37,0.027368,141940,1065.5,69.26,0.032013,143299,1022.4,174.04,0.084641,71586,894.7,83.3,0.027924,69104,865.0,127.5,0.035343,92030,915.1,65.1,0.041509,91130,865.5,-41.4,-0.027639
603,603.08,0.0111681,222835,1107.5,-0.76,-0.000313,225779,1219.7,2.42,0.001056,145622,1089.9,58.48,0.029817,141428,1065.2,73.41,0.033821,143220,1021.9,172.97,0.084108,70483,892.3,84.75,0.02805,68466,864.0,127.18,0.034967,91897,915.8,62.51,0.039772,91105,865.3,-49.19,-0.032834,122068,1082.1,228.34,0.052986,91002,1007.7,387.98,0.082559,145622,1089.9,58.48,0.029817,141428,1065.2,73.41,0.033821,143220,1021.9,172.97,0.084108,70483,892.3,84.75,0.02805,68466,864.0,127.18,0.034967,91897,915.8,62.51,0.039772,91105,865.3,-49.19,-0.032834
604,604.05,0.0111861,223515,1108.3,-0.56,-0.000233,223924,1217.3,5.73,0.002486,145067,1089.4,63.6,0.032321,140970,1064.8,76.52,0.035146,143288,1021.6,171.03,0.083227,69376,889.7,85.32,0.027875,68035,863.7,126.53,0.034581,91772,916.4,59.95,0.038065,91169,865.3,-55.87,-0.03732,119960,1077.7,231.97,0.053113,90204,1005.7,389.92,0.082409,145067,1089.4,63.6,0.032321,140970,1064.8,76.52,0.035146,143288,1021.6,171.03,0.083227,69376,889.7,85.32,0.027875,68035,863.7,126.53,0.034581,91772,916.4,59.95,0.038065,91169,865.3,-55.87,-0.03732
605,605.09,0.0112054,224092,1109.0,-0.45,-0.000187,221074,1213.7,10.2,0.004379,144779,1089.4,69.07,0.035032,140573,1064.7,79.4,0.036371,143514,1021.4,168.07,0.081934,70344,893.3,97.99,0.032329,67794,863.9,124.34,0.033855,91625,917.0,57.03,0.036133,91582,866.1,-61.16,-0.041003,117754,1073.1,235.55,0.053169,89272,1003.3,392.21,0.082231,144779,1089.4,69.07,0.035032,140573,1064.7,79.4,0.036371,143514,1021.4,168.07,0.081934,70344,893.3,97.99,0.032329,67794,863.9,124.34,0.033855,91625,917.0,57.03,0.036133,91582,866.1,-61.16,-0.041003
606,606.07,0.0112235,224582,1109.6,-0.42,-0.000173,218256,1209.9,13.77,0.005854,144657,1089.7,73.79,0.037385,140433,1064.9,82.37,0.037687,143744,1021.1,165.1,0.080644,78745,918.3,152.96,0.054953,67600,864.2,120.21,0.032626,91453,917.4,54.12,0.03421,92664,868.4,-63.25,-0.042795,115725,1068.7,238.64,0.053154,88284,1000.8,394.87,0.082081,144657,1089.7,73.79,0.037385,140433,1064.9,82.37,0.037687,143744,1021.1,165.1,0.080644,78745,918.3,152.96,0.054953,67600,864.2,120.21,0.032626,91453,917.4,54.12,0.03421,92664,868.4,-63.25,-0.042795
607,607.05,0.0112416,225076,1110.2,-0.42,-0.000177,215418,1206.1,16.47,0.006929,144675,1090.2,78.19,0.0396,140540,1065.7,85.88,0.039296,143737,1020.1,162.13,0.079264,94249,959.2,229.96,0.094664,67533,865.0,113.59,0.03077,91233,917.6,51.09,0.032206,94438,872.2,-63.32,-0.043469,113736,1064.4,241.47,0.053077,87300,998.2,397.48,0.081913,144675,1090.2,78.19,0.0396,140540,1065.7,85.88,0.039296,143737,1020.1,162.13,0.079264,94249,959.2,229.96,0.094664,67533,865.0,113.59,0.03077,91233,917.6,51.09,0.032206,94438,872.2,-63.32,-0.043469
608,608.09,0.0112609,225660,1110.9,-0.48,-0.000199,212270,1201.9,18.62,0.007748,144779,1091.0,82.36,0.041711,140818,1066.8,89.93,0.041184,143318,1017.9,158.65,0.077507,103833,982.9,258.72,0.114515,69000,870.1,112.35,0.030914,90937,917.6,47.84,0.030058,97320,878.3,-58.65,-0.041206,111660,1059.7,244.23,0.052935,86750,996.7,397.25,0.081471,144779,1091.0,82.36,0.041711,140818,1066.8,89.93,0.041184,143318,1017.9,158.65,0.077507,103833,982.9,258.72,0.114515,69000,870.1,112.35,0.030914,90937,917.6,47.84,0.030058,97320,878.3,-58.65,-0.041206
609,609.07,0.011279,226282,1111.7,-0.53,-0.000223,209106,1197.5,20.6,0.008478,144731,1091.5,85.23,0.043132,141112,1068.0,93.73,0.042971,142475,1014.9,154.73,0.075369,106020,989.2,257.75,0.115739,78122,896.8,155.95,0.047135,90597,917.5,44.9,0.028114,100353,884.5,-53.36,-0.038386,109757,1055.4,246.58,0.052748,87112,997.7,393.0,0.080858,144731,1091.5,85.23,0.043132,141112,1068.0,93.73,0.042971,142475,1014.9,154.73,0.075369,106020,989.2,257.75,0.115739,78122,896.8,155.95,0.047135,90597,917.5,44.9,0.028114,100353,884.5,-53.36,-0.038386
610,610.04,0.0112971,226937,1112.5,-0.55,-0.00023,205677,1192.8,23.39,0.009502,144479,1091.7,87.14,0.044015,141396,1069.2,97.55,0.044759,141079,1010.8,149.76,0.07252,107160,992.8,252.51,0.114187,96683,944.4,242.79,0.086244,90187,917.1,42.14,0.026277,102682,889.1,-50.29,-0.036824,107894,1051.1,248.7,0.052515,94336,1017.2,350.64,0.076623,144479,1091.7,87.14,0.044015,141396,1069.2,97.55,0.044759,141079,1010.8,149.76,0.07252,107160,992.8,252.51,0.114187,96683,944.4,242.79,0.086244,90187,917.1,42.14,0.026277,102682,889.1,-50.29,-0.036824
611,611.09,0.0113164,227406,1113.0,-0.29,-0.000121,201819,1187.3,27.77,0.011122,144206,1091.8,89.03,0.04488,141561,1070.3,101.27,0.046474,139126,1005.6,143.69,0.068977,107675,994.9,248.52,0.112688,106251,969.0,275.9,0.104965,89665,916.4,39.38,0.024432,104408,892.5,-49.58,-0.036771,105954,1046.4,250.73,0.052221,120585,1079.7,228.77,0.060203,144206,1091.8,89.03,0.04488,141561,1070.3,101.27,0.046474,139126,1005.6,143.69,0.068977,107675,994.9,248.52,0.112688,106251,969.0,275.9,0.104965,89665,916.4,39.38,0.024432,104408,892.5,-49.58,-0.036771
612,612.07,0.0113346,227289,1112.9,0.17,7e-05,198289,1182.2,33.02,0.01305,144936,1093.7,94.02,0.047549,141423,1070.8,103.96,0.04764,137111,1000.3,138.07,0.06566,107957,996.2,244.83,0.111158,108954,977.2,278.7,0.107816,89102,915.6,36.93,0.022786,105244,894.2,-49.65,-0.037051,104177,1042.1,252.42,0.051905,141096,1119.3,146.08,0.043389,144936,1093.7,94.02,0.047549,141423,1070.8,103.96,0.04764,137111,1000.3,138.07,0.06566,107957,996.2,244.83,0.111158,108954,977.2,278.7,0.107816,89102,915.6,36.93,0.022786,105244,894.2,-49.65,-0.037051
613,613.05,0.0113527,226442,1111.9,0.83,0.000349,195176,1177.6,38.94,0.015209,148493,1100.6,108.0,0.055611,140996,1070.8,105.86,0.048364,135070,995.0,132.87,0.062584,108220,997.4,240.35,0.109266,110068,982.7,273.12,0.106145,88504,914.6,34.59,0.021221,105260,894.2,-49.64,-0.037044,102437,1037.8,253.92,0.051554,147930,1131.2,117.26,0.036133,148493,1100.6,108.0,0.055611,140996,1070.8,105.86,0.048364,135070,995.0,132.87,0.062584,108220,997.4,240.35,0.109266,110068,982.7,273.12,0.106145,88504,914.6,34.59,0.021221,105260,894.2,-49.64,-0.037044
614,614.09,0.011372,224598,1109.8,1.55,0.000647,192562,1173.6,45.67,0.017659,155023,1112.6,130.9,0.069608,140927,1071.4,109.47,0.049957,132957,989.4,127.91,0.059639,108457,998.4,235.4,0.107143,110872,987.7,265.6,0.103449,87886,913.6,32.25,0.019668,104458,892.7,-47.52,-0.035258,100623,1033.3,255.32,0.051147,149782,1134.3,106.85,0.033247,155023,1112.6,130.9,0.069608,140927,1071.4,109.47,0.049957,132957,989.4,127.91,0.059639,108457,998.4,235.4,0.107143,110872,987.7,265.6,0.103449,87886,913.6,32.25,0.019668,104458,892.7,-47.52,-0.035258
615,615.07,0.0113902,222623,1107.6,1.62,0.000671,190821,1170.7,52.38,0.02012,160750,1123.1,147.64,0.080651,142707,1075.4,119.59,0.055064,131134,984.4,123.89,0.057265,108616,999.1,230.32,0.104908,111483,991.7,259.66,0.101283,87377,912.7,30.18,0.018318,103016,889.9,-40.97,-0.030071,98963,1029.0,256.47,0.050738,150184,1134.8,101.41,0.031624,160750,1123.1,147.64,0.080651,142707,1075.4,119.59,0.055064,131134,984.4,123.89,0.057265,108616,999.1,230.32,0.104908,111483,991.7,259.66,0.101283,87377,912.7,30.18,0.018318,103016,889.9,-40.97,-0.030071
616,616.05,0.0114083,221264,1106.0,1.03,0.000426,189578,1168.5,59.76,0.022846,162615,1127.2,154.42,0.08502,148077,1085.6,141.7,0.067062,129556,979.8,120.67,0.05536,108782,999.8,224.8,0.102478,111434,993.6,256.24,0.099704,86969,912.1,28.12,0.017002,101664,887.3,-31.52,-0.022901,97342,1024.8,257.45,0.050305,150112,1134.6,97.36,0.030355,162615,1127.2,154.42,0.08502,148077,1085.6,141.7,0.067062,129556,979.8,120.67,0.05536,108782,999.8,224.8,0.102478,111434,993.6,256.24,0.099704,86969,912.1,28.12,0.017002,101664,887.3,-31.52,-0.022901
617,617.09,0.0114276,220987,1105.7,0.04,1.6e-05,188354,1166.2,68.65,0.026129,162622,1128.2,156.37,0.086024,154102,1096.8,165.66,0.080755,128219,975.7,118.27,0.053926,109125,1000.9,218.81,0.099949,110939,994.2,254.93,0.0987,86658,911.6,25.74,0.015511,100994,886.0,-19.61,-0.014173,95655,1020.3,258.32,0.04982,149516,1133.4,94.48,0.029368,162622,1128.2,156.37,0.086024,154102,1096.8,165.66,0.080755,128219,975.7,118.27,0.053926,109125,1000.9,218.81,0.099949,110939,994.2,254.93,0.0987,86658,911.6,25.74,0.015511,100994,886.0,-19.61,-0.014173
618,618.07,0.0114458,221875,1106.8,-0.91,-0.000374,186984,1163.6,77.75,0.02944,161897,1127.6,156.7,0.085864,156890,1102.7,178.42,0.088076,127347,972.7,117.12,0.053203,109489,1002.0,212.46,0.097271,109747,992.4,253.84,0.097399,86478,911.5,23.13,0.013914,101195,886.4,-7.96,-0.005761,94111,1016.1,258.99,0.049345,148394,1131.4,93.27,0.028825,161897,1127.6,156.7,0.085864,156890,1102.7,178.42,0.088076,127347,972.7,117.12,0.053203,109489,1002.0,212.46,0.097271,109747,992.4,253.84,0.097399,86478,911.5,23.13,0.013914,101195,886.4,-7.96,-0.005761
619,619.05,0.0114639,223426,1108.7,-1.32,-0.000549,185515,1160.9,86.51,0.032577,160998,1126.4,157.1,0.085694,157500,1105.1,183.96,0.090962,126815,970.3,116.66,0.052901,109837,1002.9,205.47,0.094278,108388,991.7,255.65,0.096943,86412,911.6,19.97,0.012004,101996,888.0,2.13,0.00155,92602,1011.9,259.51,0.048853,146791,1128.7,93.5,0.028654,160998,1126.4,157.1,0.085694,157500,1105.1,183.96,0.090962,126815,970.3,116.66,0.052901,109837,1002.9,205.47,0.094278,108388,991.7,255.65,0.096943,86412,911.6,19.97,0.012004,101996,888.0,2.13,0.00155
620,620.1,0.0114832,224704,1110.2,-0.88,-0.000365,184155,1158.2,94.24,0.03531,160177,1125.1,158.08,0.08589,156712,1105.2,185.45,0.091232,126697,968.7,117.21,0.053189,110088,1003.6,198.31,0.091143,106569,989.1,258.34,0.096576,86402,911.8,16.09,0.009668,103047,890.1,9.59,0.007041,91030,1007.4,259.92,0.048311,144284,1124.5,96.81,0.029271,160177,1125.1,158.08,0.08589,156712,1105.2,185.45,0.091232,126697,968.7,117.21,0.053189,110088,1003.6,198.31,0.091143,106569,989.1,258.34,0.096576,86402,911.8,16.09,0.009668,103047,890.1,9.59,0.007041
621,621.08,0.0115014,224863,1110.4,0.0,2e-06,183067,1155.9,99.98,0.037313,159362,1123.6,158.95,0.086041,155666,1105.0,185.72,0.090778,126800,967.7,118.4,0.053826,110082,1003.6,192.58,0.088504,104708,985.9,260.92,0.096141,86495,912.1,11.92,0.007164,103821,891.6,13.47,0.009942,89590,1003.3,260.17,0.047788,141608,1119.7,101.19,0.030155,159362,1123.6,158.95,0.086041,155666,1105.0,185.72,0.090778,126800,967.7,118.4,0.053826,110082,1003.6,192.58,0.088504,104708,985.9,260.92,0.096141,86495,912.1,11.92,0.007164,103821,891.6,13.47,0.009942
622,622.06,0.0115196,223836,1109.2,1.07,0.000444,181848,1153.4,105.33,0.039134,158426,1121.7,159.52,0.085981,154834,1104.9,186.63,0.09074,126917,966.9,119.98,0.054641,109791,1002.9,188.27,0.086349,102832,982.5,263.54,0.095698,86685,912.7,7.13,0.004293,104213,892.3,15.39,0.011394,88181,999.2,260.29,0.047253,139372,1115.8,104.14,0.030651,158426,1121.7,159.52,0.085981,154834,1104.9,186.63,0.09074,126917,966.9,119.98,0.054641,109791,1002.9,188.27,0.086349,102832,982.5,263.54,0.095698,86685,912.7,7.13,0.004293,104213,892.3,15.39,0.011394
623,623.04,0.0115378,221317,1106.4,2.32,0.000956,180058,1150.0,111.8,0.041249,157428,1119.8,159.9,0.085796,154080,1104.9,187.74,0.09084,126870,966.1,122.04,0.055608,109139,1001.5,185.41,0.084655,100967,978.9,266.27,0.095294,86967,913.4,1.87,0.001129,104141,892.1,17.08,0.012638,86802,995.1,260.3,0.046707,137921,1113.4,104.34,0.030457,157428,1119.8,159.9,0.085796,154080,1104.9,187.74,0.09084,126870,966.1,122.04,0.055608,109139,1001.5,185.41,0.084655,100967,978.9,266.27,0.095294,86967,913.4,1.87,0.001129,104141,892.1,17.08,0.012638
624,624.09,0.0115572,217457,1101.9,3.21,0.001302,177157,1144.9,121.3,0.044224,156266,1117.5,159.99,0.085378,153164,1104.7,188.53,0.090694,126388,964.6,125.69,0.05714,108011,998.9,183.82,0.083274,99028,974.8,269.09,0.094843,87367,914.4,-4.1,-0.002486,103367,890.5,20.3,0.014937,85364,990.7,260.17,0.046113,137482,1113.1,100.74,0.02932,156266,1117.5,159.99,0.085378,153164,1104.7,188.53,0.090694,126388,964.6,125.69,0.05714,108011,998.9,183.82,0.083274,99028,974.8,269.09,0.094843,87367,914.4,-4.1,-0.002486,103367,890.5,20.3,0.014937
625,625.07,0.0115754,213530,1097.2,3.42,0.001371,173665,1139.0,132.54,0.047617,155168,1115.5,160.02,0.084954,152218,1104.4,188.9,0.090339,125375,962.4,131.62,0.059493,106582,995.7,183.37,0.082241,97324,971.1,271.49,0.094399,87844,915.4,-9.89,-0.006019,102067,887.8,25.0,0.018226,84046,986.6,259.93,0.045546,138967,1116.4,90.02,0.026406,155168,1115.5,160.02,0.084954,152218,1104.4,188.9,0.090339,125375,962.4,131.62,0.059493,106582,995.7,183.37,0.082241,97324,971.1,271.49,0.094399,87844,915.4,-9.89,-0.006019,102067,887.8,25.0,0.018226
626,626.06,0.0115937,209761,1092.7,3.32,0.001311,169962,1132.7,144.77,0.051188,154146,1113.7,160.28,0.084665,151216,1103.8,188.97,0.08982,123822,959.3,140.54,0.06294,104830,991.7,183.38,0.081218,95744,967.7,273.46,0.093877,88435,916.7,-15.69,-0.009599,100563,884.7,30.24,0.021798,82755,982.6,259.57,0.044971,143085,1124.3,69.98,0.020986,154146,1113.7,160.28,0.084665,151216,1103.8,188.97,0.08982,123822,959.3,140.54,0.06294,104830,991.7,183.38,0.081218,95744,967.7,273.46,0.093877,88435,916.7,-15.69,-0.009599,100563,884.7,30.24,0.021798
627,627.05,0.0116119,206203,1088.4,3.21,0.00125,166536,1126.8,156.6,0.054539,153176,1112.0,160.64,0.084449,150203,1103.1,188.82,0.089203,121947,955.8,152.18,0.067367,102867,987.1,183.63,0.080172,94360,964.6,274.25,0.093084,89136,918.1,-21.39,-0.013166,99101,881.6,35.05,0.024979,81492,978.5,259.09,0.044386,146355,1130.6,53.0,0.016168,153176,1112.0,160.64,0.084449,150203,1103.1,188.82,0.089203,121947,955.8,152.18,0.067367,102867,987.1,183.63,0.080172,94360,964.6,274.25,0.093084,89136,918.1,-21.39,-0.013166,99101,881.6,35.05,0.024979
628,628.1,0.0116315,202457,1083.8,3.25,0.001249,163462,1121.4,167.48,0.057529,152256,1110.6,161.34,0.084414,149211,1102.2,188.63,0.088602,119796,952.0,166.26,0.072592,100694,982.0,184.22,0.079139,93078,961.9,273.05,0.091676,89941,919.6,-27.43,-0.017007,97791,878.7,38.77,0.027358,80175,974.1,258.45,0.043755,147576,1133.0,42.75,0.013121,152256,1110.6,161.34,0.084414,149211,1102.2,188.63,0.088602,119796,952.0,166.26,0.072592,100694,982.0,184.22,0.079139,93078,961.9,273.05,0.091676,89941,919.6,-27.43,-0.017007,97791,878.7,38.77,0.027358
629,629.09,0.0116498,198769,1079.2,3.5,0.001324,161203,1117.3,174.92,0.059469,151597,1109.6,162.53,0.084743,148423,1101.4,188.42,0.0881,117700,948.5,179.58,0.077316,98664,977.2,185.08,0.078294,91989,959.2,270.61,0.090047,90623,920.7,-33.42,-0.020853,96896,876.8,40.56,0.028417,78966,970.1,257.81,0.043167,147645,1133.4,36.74,0.011276,151597,1109.6,162.53,0.084743,148423,1101.4,188.42,0.0881,117700,948.5,179.58,0.077316,98664,977.2,185.08,0.078294,91989,959.2,270.61,0.090047,90623,920.7,-33.42,-0.020853,96896,876.8,40.56,0.028417
630,630.08,0.0116681,194788,1074.2,3.84,0.001433,159560,1114.4,178.78,0.060321,151117,1109.1,164.16,0.085363,147785,1100.6,188.14,0.087653,115479,945.1,191.85,0.081337,96783,972.6,186.63,0.077807,91042,957.3,266.97,0.088094,91170,921.5,-39.9,-0.02503,96291,875.4,40.84,0.028483,77782,966.2,257.08,0.042575,147428,1133.2,31.75,0.009734,151117,1109.1,164.16,0.085363,147785,1100.6,188.14,0.087653,115479,945.1,191.85,0.081337,96783,972.6,186.63,0.077807,91042,957.3,266.97,0.088094,91170,921.5,-39.9,-0.02503,96291,875.4,40.84,0.028483
631,631.07,0.0116864,190561,1068.7,4.14,0.001518,158417,1112.2,179.09,0.060107,150785,1108.8,166.02,0.086164,147373,1100.0,187.98,0.08738,113134,941.7,202.65,0.084468,95190,968.6,189.03,0.077832,90306,955.5,261.93,0.085895,92153,923.1,-43.66,-0.027635,95868,874.5,40.31,0.028023,76625,962.2,256.27,0.041979,147039,1132.8,27.3,0.008351,150785,1108.8,166.02,0.086164,147373,1100.0,187.98,0.08738,113134,941.7,202.65,0.084468,95190,968.6,189.03,0.077832,90306,955.5,261.93,0.085895,92153,923.1,-43.66,-0.027635,95868,874.5,40.31,0.028023
632,632.06,0.0117048,186261,1063.1,4.27,0.00154,157733,1111.0,177.6,0.059415,150584,1108.8,167.96,0.087058,147308,1100.0,187.98,0.087344,110937,939.1,212.96,0.087283,93879,965.1,191.61,0.078093,89754,954.2,255.99,0.083545,95588,930.4,-37.16,-0.024207,95582,873.8,38.77,0.026889,75489,958.3,255.33,0.041374,146551,1132.1,23.13,0.007057,150584,1108.8,167.96,0.087058,147308,1100.0,187.98,0.087344,110937,939.1,212.96,0.087283,93879,965.1,191.61,0.078093,89754,954.2,255.99,0.083545,95588,930.4,-37.16,-0.024207,95582,873.8,38.77,0.026889
633,633.05,0.0117231,182099,1057.6,4.2,0.001489,157447,1110.3,174.26,0.058225,150436,1108.9,169.7,0.087866,147526,1100.5,188.14,0.087509,110672,940.7,230.02,0.09389,92824,962.1,193.88,0.078374,89557,953.8,249.53,0.081293,108970,959.2,14.15,0.010195,95378,873.3,36.65,0.025379,74355,954.3,254.35,0.040764,145939,1131.1,19.36,0.005887,150436,1108.9,169.7,0.087866,147526,1100.5,188.14,0.087509,110672,940.7,230.02,0.09389,92824,962.1,193.88,0.078374,89557,953.8,249.53,0.081293,108970,959.2,14.15,0.010195,95378,873.3,36.65,0.025379
634,634.03,0.0117414,178220,1052.3,3.99,0.001391,158459,1111.8,169.49,0.056922,150297,1108.9,170.92,0.08841,147899,1101.2,187.84,0.087535,113616,949.4,259.41,0.107705,91989,959.4,195.7,0.078614,89854,954.5,242.57,0.079227,124092,989.4,64.87,0.05159,95205,872.9,34.18,0.02364,73223,950.3,253.5,0.040182,145195,1129.9,16.14,0.004886,150297,1108.9,170.92,0.08841,147899,1101.2,187.84,0.087535,113616,949.4,259.41,0.107705,91989,959.4,195.7,0.078614,89854,954.5,242.57,0.079227,124092,989.4,64.87,0.05159,95205,872.9,34.18,0.02364
635,635.09,0.0117609,174418,1047.1,3.75,0.001286,160628,1115.2,163.14,0.05537,150187,1109.1,171.46,0.088612,148567,1102.2,187.14,0.087524,117554,961.4,291.64,0.123728,91345,957.1,197.01,0.078782,90593,956.2,235.37,0.07737,130848,1003.0,78.22,0.064699,95034,872.5,31.27,0.021598,72049,946.0,252.69,0.039588,144259,1128.3,13.2,0.003975,150187,1109.1,171.46,0.088612,148567,1102.2,187.14,0.087524,117554,961.4,291.64,0.123728,91345,957.1,197.01,0.078782,90593,956.2,235.37,0.07737,130848,1003.0,78.22,0.064699,95034,872.5,31.27,0.021598
636,636.08,0.0117792,171064,1042.4,3.64,0.001228,162688,1118.1,159.4,0.054653,150103,1109.2,171.23,0.088434,149222,1103.1,186.01,0.087305,118523,968.3,309.49,0.131444,91066,955.5,197.64,0.07892,91360,957.9,228.78,0.07571,132994,1008.0,77.59,0.064902,94875,872.1,28.32,0.019535,71020,942.4,251.42,0.038975,143274,1126.6,10.77,0.003227,150103,1109.2,171.23,0.088434,149222,1103.1,186.01,0.087305,118523,968.3,309.49,0.131444,91066,955.5,197.64,0.07892,91360,957.9,228.78,0.07571,132994,1008.0,77.59,0.064902,94875,872.1,28.32,0.019535
637,637.06,0.0117975,167761,1037.7,3.67,0.001222,164005,1119.7,157.52,0.054369,150032,1109.3,170.32,0.087916,149748,1103.6,184.64,0.08693,117255,971.0,317.77,0.133145,91074,954.6,197.73,0.079039,92090,959.4,222.42,0.074072,133723,1010.6,71.0,0.059565,94715,871.8,25.17,0.017341,71767,944.1,236.71,0.037014,142237,1124.8,8.58,0.002557,150032,1109.3,170.32,0.087916,149748,1103.6,184.64,0.08693,117255,971.0,317.77,0.133145,91074,954.6,197.73,0.079039,92090,959.4,222.42,0.074072,133723,1010.6,71.0,0.059565,94715,871.8,25.17,0.017341
638,638.05,0.0118158,164421,1032.9,3.79,0.001242,164504,1119.9,156.45,0.054154,150020,1109.4,168.78,0.087109,150041,1103.8,183.31,0.08645,115575,972.5,323.59,0.13343,91314,954.1,197.25,0.079094,92837,961.0,216.59,0.072596,133722,1011.7,66.03,0.055338,94552,871.4,21.84,0.015021,85898,986.5,147.45,0.02641,141195,1122.9,6.45,0.001912,150020,1109.4,168.78,0.087109,150041,1103.8,183.31,0.08645,115575,972.5,323.59,0.13343,91314,954.1,197.25,0.079094,92837,961.0,216.59,0.072596,133722,1011.7,66.03,0.055338,94552,871.4,21.84,0.015021
639,639.04,0.011834,161090,1028.0,3.84,0.001237,164092,1118.6,154.72,0.053481,150060,1109.5,166.83,0.086113,150090,1103.9,182.06,0.085887,113893,973.4,328.68,0.133435,91739,954.0,195.83,0.078898,93641,962.8,211.49,0.071371,133639,1012.5,62.85,0.052596,94388,871.1,18.31,0.01258,93449,1012.5,-22.52,-0.004275,140191,1121.1,4.14,0.00122,150060,1109.5,166.83,0.086113,150090,1103.9,182.06,0.085887,113893,973.4,328.68,0.133435,91739,954.0,195.83,0.078898,93641,962.8,211.49,0.071371,133639,1012.5,62.85,0.052596,94388,871.1,18.31,0.01258
640,640.09,0.0118535,157705,1023.0,3.71,0.001175,162821,1115.6,152.04,0.052286,150131,1109.6,164.49,0.08494,149932,1103.8,180.91,0.085258,112205,973.7,333.75,0.133441,92377,954.3,192.83,0.078205,94574,964.7,207.12,0.070449,132940,1012.3,61.61,0.051298,94221,870.7,14.37,0.009859,93406,1012.3,-104.04,-0.019748,139215,1119.3,1.33,0.000391,150131,1109.6,164.49,0.08494,149932,1103.8,180.91,0.085258,112205,973.7,333.75,0.133441,92377,954.3,192.83,0.078205,94574,964.7,207.12,0.070449,132940,1012.3,61.61,0.051298,94221,870.7,14.37,0.009859
641,641.07,0.0118718,154806,1018.6,3.44,0.001076,161005,1111.7,149.83,0.051132,150206,1109.6,162.24,0.083824,149676,1103.7,180.17,0.084773,110696,973.3,338.02,0.13338,93047,954.7,188.84,0.077111,95412,966.5,203.88,0.069838,131840,1011.1,61.59,0.050918,94085,870.4,10.55,0.007232,95334,1016.8,-103.63,-0.019987,138414,1117.8,-1.66,-0.000484,150206,1109.6,162.24,0.083824,149676,1103.7,180.17,0.084773,110696,973.3,338.02,0.13338,93047,954.7,188.84,0.077111,95412,966.5,203.88,0.069838,131840,1011.1,61.59,0.050918,94085,870.4,10.55,0.007232
642,642.06,0.01189,152188,1014.6,3.18,0.000981,158794,1107.0,147.92,0.050002,150181,1109.2,160.26,0.082811,149265,1103.5,179.5,0.084246,109227,972.2,341.6,0.133154,93752,955.1,184.44,0.075852,96044,967.7,200.91,0.069188,130310,1009.3,63.35,0.051864,93982,870.2,6.68,0.004571,97765,1022.5,-85.15,-0.016747,137698,1116.4,-5.04,-0.001465,150181,1109.2,160.26,0.082811,149265,1103.5,179.5,0.084246,109227,972.2,341.6,0.133154,93752,955.1,184.44,0.075852,96044,967.7,200.91,0.069188,130310,1009.3,63.35,0.051864,93982,870.2,6.68,0.004571
643,643.05,0.0119083,149693,1010.7,3.12,0.00095,156395,1101.8,146.69,0.049062,150029,1108.5,158.57,0.081905,148754,1103.0,178.98,0.083747,107806,970.5,344.52,0.132778,94550,955.6,180.21,0.074704,96468,968.4,198.36,0.068561,128440,1006.7,66.26,0.053601,93922,870.1,2.79,0.001912,99659,1026.9,-68.34,-0.013644,137040,1115.1,-8.75,-0.002535,150029,1108.5,158.57,0.081905,148754,1103.0,178.98,0.083747,107806,970.5,344.52,0.132778,94550,955.6,180.21,0.074704,96468,968.4,198.36,0.068561,128440,1006.7,66.26,0.053601,93922,870.1,2.79,0.001912
644,644.1,0.0119277,146959,1006.4,3.31,0.000993,153740,1096.3,146.02,0.048255,149644,1107.3,156.82,0.080887,148113,1102.2,178.73,0.083333,106392,968.3,347.05,0.132306,95510,956.3,176.01,0.073649,96684,968.5,196.26,0.067977,126376,1003.7,69.61,0.055574,93912,870.1,-1.32,-0.000902,102679,1033.8,-55.11,-0.011259,136384,1113.8,-12.82,-0.003699,149644,1107.3,156.82,0.080887,148113,1102.2,178.73,0.083333,106392,968.3,347.05,0.132306,95510,956.3,176.01,0.073649,96684,968.5,196.26,0.067977,126376,1003.7,69.61,0.055574,93912,870.1,-1.32,-0.000902
645,645.08,0.011946,144061,1001.8,3.85,0.001139,151216,1090.9,145.6,0.047556,149012,1105.6,155.04,0.07975,147480,1101.1,178.84,0.083106,105217,966.0,348.9,0.131857,96429,956.9,172.08,0.072653,96726,968.1,194.96,0.067588,124595,1001.0,72.34,0.057086,93953,870.1,-5.14,-0.003522,106289,1041.8,-56.7,-0.011899,135788,1112.5,-16.46,-0.004736,149012,1105.6,155.04,0.07975,147480,1101.1,178.84,0.083106,105217,966.0,348.9,0.131857,96429,956.9,172.08,0.072653,96726,968.1,194.96,0.067588,124595,1001.0,72.34,0.057086,93953,870.1,-5.14,-0.003522
646,646.07,0.0119642,140597,996.2,4.7,0.001365,148615,1085.6,145.08,0.046799,148171,1103.5,153.17,0.078493,146781,1100.0,178.75,0.082759,104238,963.7,350.21,0.13143,97096,956.8,167.64,0.071275,96738,967.3,194.38,0.067449,123070,998.8,74.34,0.058071,94037,870.3,-8.97,-0.006147,109895,1049.6,-70.01,-0.015079,135186,1111.2,-19.82,-0.005681,148171,1103.5,153.17,0.078493,146781,1100.0,178.75,0.082759,104238,963.7,350.21,0.13143,97096,956.8,167.64,0.071275,96738,967.3,194.38,0.067449,123070,998.8,74.34,0.058071,94037,870.3,-8.97,-0.006147
647,647.05,0.0119825,136561,989.5,5.57,0.001581,145942,1080.2,144.42,0.045975,147220,1101.2,151.55,0.077323,145951,1098.6,178.03,0.082063,103521,961.7,351.17,0.131152,97430,955.8,163.13,0.069667,96778,966.3,194.26,0.067505,121834,997.2,75.47,0.058456,94149,870.5,-12.81,-0.008784,114398,1059.2,-78.17,-0.017367,134580,1109.8,-22.82,-0.006522,147220,1101.2,151.55,0.077323,145951,1098.6,178.03,0.082063,103521,961.7,351.17,0.131152,97430,955.8,163.13,0.069667,96778,966.3,194.26,0.067505,121834,997.2,75.47,0.058456,94149,870.5,-12.81,-0.008784
648,648.04,0.0120007,132145,982.1,6.22,0.001722,143231,1074.9,143.57,0.045077,146274,1098.9,150.43,0.076416,145025,1097.1,176.66,0.081028,103095,960.4,351.82,0.13104,97822,955.0,160.46,0.068863,96785,965.4,194.11,0.06752,120838,996.0,75.75,0.058266,94268,870.7,-16.64,-0.011422,119036,1069.0,-77.05,-0.017647,133995,1108.5,-25.5,-0.007264,146274,1098.9,150.43,0.076416,145025,1097.1,176.66,0.081028,103095,960.4,351.82,0.13104,97822,955.0,160.46,0.068863,96785,965.4,194.11,0.06752,120838,996.0,75.75,0.058266,94268,870.7,-16.64,-0.011422
649,649.09,0.0120202,127305,973.6,6.57,0.001768,140374,1069.5,142.37,0.044033,145412,1096.8,149.95,0.075867,144047,1095.5,174.81,0.079753,102924,959.5,352.21,0.131086,99260,956.3,163.58,0.071138,96698,964.3,193.28,0.067244,119919,995.0,75.37,0.057592,94380,870.9,-20.71,-0.014229,122675,1076.6,-72.31,-0.016949,133421,1107.1,-28.15,-0.007993,145412,1096.8,149.95,0.075867,144047,1095.5,174.81,0.079753,102924,959.5,352.21,0.131086,99260,956.3,163.58,0.071138,96698,964.3,193.28,0.067244,119919,995.0,75.37,0.057592,94380,870.9,-20.71,-0.014229
650,650.07,0.0120384,122928,965.8,6.51,0.001705,137820,1064.8,140.99,0.043002,144818,1095.3,150.18,0.075785,143219,1094.1,173.05,0.078594,102999,959.2,352.61,0.131369,102339,961.2,174.4,0.0778,96510,963.1,191.24,0.066492,119092,993.9,74.45,0.056557,94455,871.0,-24.5,-0.016844,126234,1083.7,-62.29,-0.014926,132933,1105.9,-30.63,-0.008676,144818,1095.3,150.18,0.075785,143219,1094.1,173.05,0.078594,102999,959.2,352.61,0.131369,102339,961.2,174.4,0.0778,96510,963.1,191.24,0.066492,119092,993.9,74.45,0.056557,94455,871.0,-24.5,-0.016844
651,651.06,0.0120566,118969,958.5,6.05,0.001545,135458,1060.5,139.33,0.041933,144387,1094.1,150.74,0.075923,142556,1092.9,171.64,0.077675,103184,959.3,352.86,0.131683,106132,967.2,187.39,0.086152,96649,962.5,189.52,0.066029,118225,992.8,73.23,0.055294,94500,871.0,-28.21,-0.019406,130475,1092.1,-47.88,-0.011767,132477,1104.7,-33.23,-0.00939,144387,1094.1,150.74,0.075923,142556,1092.9,171.64,0.077675,103184,959.3,352.86,0.131683,106132,967.2,187.39,0.086152,96649,962.5,189.52,0.066029,118225,992.8,73.23,0.055294,94500,871.0,-28.21,-0.019406
652,652.04,0.0120748,115593,952.2,5.31,0.001325,133277,1056.5,137.56,0.04089,143982,1093.0,151.09,0.075964,142093,1092.0,170.85,0.077134,103515,959.9,353.12,0.132124,108623,970.0,193.64,0.090852,97933,965.0,191.14,0.067302,117239,991.3,72.06,0.054031,94533,871.0,-31.78,-0.021867,133677,1098.3,-36.12,-0.009044,132039,1103.5,-35.88,-0.010115,143982,1093.0,151.09,0.075964,142093,1092.0,170.85,0.077134,103515,959.9,353.12,0.132124,108623,970.0,193.64,0.090852,97933,965.0,191.14,0.067302,117239,991.3,72.06,0.054031,94533,871.0,-31.78,-0.021867
653,653.09,0.0120942,112638,946.5,4.44,0.001088,131117,1052.7,135.63,0.039808,143410,1091.6,150.69,0.075553,141738,1091.1,170.75,0.076959,103895,960.5,352.08,0.132133,109566,969.3,193.64,0.091705,101579,972.4,201.0,0.072849,115999,989.3,71.19,0.052925,94575,871.0,-35.33,-0.024324,137498,1105.4,-21.8,-0.005579,131607,1102.4,-38.51,-0.010833,143410,1091.6,150.69,0.075553,141738,1091.1,170.75,0.076959,103895,960.5,352.08,0.132133,109566,969.3,193.64,0.091705,101579,972.4,201.0,0.072849,115999,989.3,71.19,0.052925,94575,871.0,-35.33,-0.024324
654,654.07,0.0121123,110554,942.4,3.36,0.00081,129185,1049.2,133.65,0.038774,142684,1090.1,149.31,0.074586,141410,1090.3,171.18,0.077031,104458,961.5,349.96,0.131909,109612,967.1,191.98,0.091161,105987,981.0,212.77,0.079762,114607,986.9,71.07,0.052325,94603,871.0,-38.54,-0.026539,144305,1120.1,8.75,0.002319,131263,1101.4,-40.67,-0.011421,142684,1090.1,149.31,0.074586,141410,1090.3,171.18,0.077031,104458,961.5,349.96,0.131909,109612,967.1,191.98,0.091161,105987,981.0,212.77,0.079762,114607,986.9,71.07,0.052325,94603,871.0,-38.54,-0.026539
655,655.04,0.0121304,109503,940.3,1.52,0.000365,127287,1046.0,131.57,0.037726,141793,1088.3,147.2,0.073193,140823,1088.9,171.61,0.076999,105120,962.8,346.4,0.131223,109422,964.7,190.04,0.09031,109268,986.2,215.97,0.083021,113009,984.1,72.19,0.052561,94559,870.9,-41.97,-0.028891,145804,1123.6,16.83,0.004491,130970,1100.5,-42.73,-0.011983,141793,1088.3,147.2,0.073193,140823,1088.9,171.61,0.076999,105120,962.8,346.4,0.131223,109422,964.7,190.04,0.09031,109268,986.2,215.97,0.083021,113009,984.1,72.19,0.052561,94559,870.9,-41.97,-0.028891
656,656.09,0.0121497,109849,941.0,-0.9,-0.000217,125277,1042.7,129.26,0.036594,140715,1086.3,144.66,0.071514,139687,1086.5,171.99,0.07672,105941,964.5,341.53,0.130156,109231,962.6,187.34,0.089074,111604,988.9,211.27,0.082731,111275,981.0,74.25,0.053404,94397,870.6,-46.17,-0.031744,147540,1127.2,25.59,0.006891,130601,1099.4,-45.55,-0.01275,140715,1086.3,144.66,0.071514,139687,1086.5,171.99,0.07672,105941,964.5,341.53,0.130156,109231,962.6,187.34,0.089074,111604,988.9,211.27,0.082731,111275,981.0,74.25,0.053404,94397,870.6,-46.17,-0.031744
657,657.06,0.0121678,111576,944.5,-3.23,-0.000785,123438,1039.8,127.02,0.03553,139612,1084.3,142.21,0.069883,138136,1083.2,172.61,0.076374,106806,966.4,336.13,0.128887,109113,960.9,184.69,0.087867,113409,990.6,202.99,0.080627,109802,978.3,76.55,0.054471,94414,870.6,-49.27,-0.033874,149611,1131.2,35.34,0.009616,129919,1097.7,-50.17,-0.013993,139612,1084.3,142.21,0.069883,138136,1083.2,172.61,0.076374,106806,966.4,336.13,0.128887,109113,960.9,184.69,0.087867,113409,990.6,202.99,0.080627,109802,978.3,76.55,0.054471,94414,870.6,-49.27,-0.033874
658,658.1,0.012187,114441,950.1,-4.66,-0.001155,121596,1037.1,124.57,0.034414,138303,1081.9,139.72,0.068163,136124,1079.0,173.8,0.076076,107891,968.9,329.75,0.127406,109016,959.5,181.39,0.086349,115049,992.1,191.96,0.077235,108472,975.9,78.94,0.055633,95450,872.9,-48.56,-0.033667,154779,1140.4,56.53,0.015783,128365,1094.2,-59.33,-0.016399,138303,1081.9,139.72,0.068163,136124,1079.0,173.8,0.076076,107891,968.9,329.75,0.127406,109016,959.5,181.39,0.086349,115049,992.1,191.96,0.077235,108472,975.9,78.94,0.055633,95450,872.9,-48.56,-0.033667
659,659.07,0.012205,117275,955.6,-4.6,-0.001161,120040,1034.9,122.13,0.033381,136908,1079.4,137.81,0.066708,134033,1074.5,175.24,0.075842,108966,971.4,323.02,0.125724,109053,958.5,176.94,0.084349,116627,993.5,182.43,0.0743,107466,974.1,80.82,0.056532,102129,886.9,-21.29,-0.015546,155538,1141.7,60.7,0.017009,125964,1089.1,-72.42,-0.019737,136908,1079.4,137.81,0.066708,134033,1074.5,175.24,0.075842,108966,971.4,323.02,0.125724,109053,958.5,176.94,0.084349,116627,993.5,182.43,0.0743,107466,974.1,80.82,0.056532,102129,886.9,-21.29,-0.015546
660,660.04,0.012223,119450,959.7,-3.32,-0.00085,118673,1033.2,119.47,0.032336,135322,1076.5,136.59,0.065527,131828,1069.8,176.81,0.075594,110112,974.1,316.39,0.124088,109283,957.9,171.41,0.081932,118077,994.6,173.39,0.07142,106652,972.6,82.29,0.057209,116795,915.1,36.54,0.029569,156756,1143.7,65.75,0.018539,122987,1082.6,-88.19,-0.023607,135322,1076.5,136.59,0.065527,131828,1069.8,176.81,0.075594,110112,974.1,316.39,0.124088,109283,957.9,171.41,0.081932,118077,994.6,173.39,0.07142,106652,972.6,82.29,0.057209,116795,915.1,36.54,0.029569
661,661.08,0.0122422,120568,961.8,-1.4,-0.00036,117383,1031.6,116.26,0.031172,133410,1073.0,136.14,0.064596,129421,1064.7,178.55,0.075303,111169,976.9,309.82,0.122326,109836,958.5,165.07,0.079252,119501,995.4,163.52,0.068111,105978,971.4,83.48,0.057744,126315,931.5,69.2,0.059498,160018,1148.8,77.96,0.02234,119736,1075.4,-104.84,-0.027506,133410,1073.0,136.14,0.064596,129421,1064.7,178.55,0.075303,111169,976.9,309.82,0.122326,109836,958.5,165.07,0.079252,119501,995.4,163.52,0.068111,105978,971.4,83.48,0.057744,126315,931.5,69.2,0.059498
662,662.05,0.0122602,120539,961.7,0.2,5.2e-05,116248,1030.3,112.83,0.029996,131445,1069.4,136.41,0.063985,127163,1059.9,180.22,0.07502,111854,979.1,304.61,0.120742,110650,959.2,157.54,0.076138,120960,996.3,153.57,0.06469,105557,970.6,84.34,0.058159,128934,936.1,75.22,0.065686,160583,1149.4,79.56,0.022864,117105,1069.4,-117.6,-0.030346,131445,1069.4,136.41,0.063985,127163,1059.9,180.22,0.07502,111854,979.1,304.61,0.120742,110650,959.2,157.54,0.076138,120960,996.3,153.57,0.06469,105557,970.6,84.34,0.058159,128934,936.1,75.22,0.065686
663,663.08,0.0122793,119684,960.1,1.42,0.000364,115017,1028.9,108.66,0.028622,129242,1065.4,137.25,0.063547,124785,1054.8,182.02,0.07471,112151,980.7,300.05,0.119053,111894,960.9,148.32,0.072366,122709,997.6,141.57,0.060418,105350,970.2,85.01,0.058531,129567,937.1,74.32,0.065154,158118,1145.2,71.91,0.020424,115123,1064.7,-126.37,-0.032198,129242,1065.4,137.25,0.063547,124785,1054.8,182.02,0.07471,112151,980.7,300.05,0.119053,111894,960.9,148.32,0.072366,122709,997.6,141.57,0.060418,105350,970.2,85.01,0.058531,129567,937.1,74.32,0.065154
664,664.05,0.0122972,118368,957.7,2.18,0.000555,113773,1027.3,104.21,0.027196,127146,1061.4,138.44,0.063289,122595,1050.2,183.68,0.074396,112033,981.6,296.42,0.117386,113245,963.0,139.45,0.068703,124440,999.2,129.93,0.056147,105369,970.2,85.27,0.058716,129454,936.8,71.51,0.062658,160110,1147.6,79.36,0.022774,114044,1061.9,-129.99,-0.032895,127146,1061.4,138.44,0.063289,122595,1050.2,183.68,0.074396,112033,981.6,296.42,0.117386,113245,963.0,139.45,0.068703,124440,999.2,129.93,0.056147,105369,970.2,85.27,0.058716,129454,936.8,71.51,0.062658
665,665.08,0.0123163,116658,954.5,2.66,0.00067,112326,1025.3,98.78,0.025501,124947,1057.2,140.06,0.063174,120315,1045.3,185.4,0.074037,111710,982.2,293.05,0.115639,114790,965.3,130.58,0.065059,125995,1000.4,118.91,0.051963,105524,970.5,85.39,0.058868,128144,934.7,71.63,0.062266,159779,1146.1,78.16,0.022413,113549,1060.5,-130.04,-0.03281,124947,1057.2,140.06,0.063174,120315,1045.3,185.4,0.074037,111710,982.2,293.05,0.115639,114790,965.3,130.58,0.065059,125995,1000.4,118.91,0.051963,105524,970.5,85.39,0.058868,128144,934.7,71.63,0.062266
666,666.05,0.0123342,114902,951.1,2.93,0.000729,110897,1023.1,92.97,0.023745,122954,1053.4,141.87,0.063198,118243,1041.0,187.0,0.073699,111283,982.7,290.65,0.114193,116388,967.8,122.8,0.061873,126870,1000.5,111.21,0.048926,105732,971.0,84.92,0.058625,124357,928.9,82.01,0.069613,164339,1151.6,93.42,0.027424,113417,1060.0,-127.73,-0.032206,122954,1053.4,141.87,0.063198,118243,1041.0,187.0,0.073699,111283,982.7,290.65,0.114193,116388,967.8,122.8,0.061873,126870,1000.5,111.21,0.048926,105732,971.0,84.92,0.058625,124357,928.9,82.01,0.069613
667,667.08,0.0123533,112929,947.4,3.14,0.00077,109382,1020.7,86.04,0.021727,120879,1049.3,143.89,0.063262,116128,1036.5,188.77,0.07338,110713,983.1,288.79,0.112838,118231,970.8,113.74,0.058034,127051,999.4,105.86,0.04669,106017,971.6,84.04,0.058139,116823,915.8,107.0,0.086541,161917,1146.6,85.31,0.024782,114222,1061.4,-120.69,-0.030603,120879,1049.3,143.89,0.063262,116128,1036.5,188.77,0.07338,110713,983.1,288.79,0.112838,118231,970.8,113.74,0.058034,127051,999.4,105.86,0.04669,106017,971.6,84.04,0.058139,116823,915.8,107.0,0.086541
668,668.04,0.0123712,111022,943.6,3.28,0.000794,108048,1018.5,79.0,0.019748,119004,1045.5,145.89,0.063375,114246,1032.5,190.54,0.07315,110255,983.3,288.17,0.112113,120018,973.8,104.41,0.053917,126862,998.2,103.26,0.045534,106333,972.3,83.2,0.057689,109251,902.2,133.95,0.102843,164483,1148.6,93.77,0.027621,116192,1065.5,-108.64,-0.027918,119004,1045.5,145.89,0.063375,114246,1032.5,190.54,0.07315,110255,983.3,288.17,0.112113,120018,973.8,104.41,0.053917,126862,998.2,103.26,0.045534,106333,972.3,83.2,0.057689,109251,902.2,133.95,0.102843
669,669.07,0.0123903,108975,939.6,3.35,0.000799,106760,1016.4,71.14,0.017608,117090,1041.6,148.15,0.063555,112328,1028.5,192.48,0.072938,109673,984.1,288.87,0.111702,121857,976.8,94.08,0.049173,126181,995.8,102.68,0.045142,106774,973.1,82.56,0.057435,102835,890.5,157.64,0.11541,164907,1147.3,94.83,0.028038,118748,1070.7,-93.86,-0.02453,117090,1041.6,148.15,0.063555,112328,1028.5,192.48,0.072938,109673,984.1,288.87,0.111702,121857,976.8,94.08,0.049173,126181,995.8,102.68,0.045142,106774,973.1,82.56,0.057435,102835,890.5,157.64,0.11541
670,670.04,0.0124081,107102,935.8,3.32,0.000781,105683,1014.5,63.74,0.015645,115359,1038.1,150.27,0.063731,110605,1024.8,194.31,0.072761,109040,984.2,290.81,0.111784,123126,978.8,85.47,0.045048,125271,993.0,103.72,0.045399,107269,974.1,82.08,0.057314,98834,883.6,172.27,0.122178,166372,1147.5,99.08,0.029549,121536,1076.3,-78.55,-0.0209,115359,1038.1,150.27,0.063731,110605,1024.8,194.31,0.072761,109040,984.2,290.81,0.111784,123126,978.8,85.47,0.045048,125271,993.0,103.72,0.045399,107269,974.1,82.08,0.057314,98834,883.6,172.27,0.122178
671,671.07,0.0124272,105208,932.0,3.19,0.00074,104659,1012.7,56.17,0.013677,113570,1034.3,152.5,0.063903,108856,1021.1,196.33,0.072617,108159,983.8,293.08,0.111794,123722,979.4,78.23,0.041404,123900,989.5,106.08,0.046085,107781,975.0,81.22,0.056924,96399,880.1,180.26,0.125177,165400,1144.0,95.3,0.028343,125914,1085.0,-56.9,-0.015558,113570,1034.3,152.5,0.063903,108856,1021.1,196.33,0.072617,108159,983.8,293.08,0.111794,123722,979.4,78.23,0.041404,123900,989.5,106.08,0.046085,107781,975.0,81.22,0.056924,96399,880.1,180.26,0.125177
672,672.1,0.0124463,103461,928.4,2.98,0.000684,103721,1011.1,49.12,0.011873,111836,1030.7,154.66,0.064048,107184,1017.6,198.38,0.072499,107030,983.4,294.66,0.111275,123495,978.6,73.34,0.038777,122254,985.5,108.83,0.046842,108217,975.8,79.69,0.056038,95212,879.2,182.5,0.1253,164066,1140.0,90.2,0.026702,132355,1097.5,-28.0,-0.007955,111836,1030.7,154.66,0.064048,107184,1017.6,198.38,0.072499,107030,983.4,294.66,0.111275,123495,978.6,73.34,0.038777,122254,985.5,108.83,0.046842,108217,975.8,79.69,0.056038,95212,879.2,182.5,0.1253
673,673.06,0.0124641,101975,925.3,2.75,0.000624,102949,1009.7,43.29,0.010401,110260,1027.3,156.64,0.064164,105673,1014.4,200.26,0.072384,105863,982.4,295.61,0.11052,122778,976.9,70.8,0.037281,120538,981.4,111.09,0.047344,108692,976.4,78.26,0.055233,94672,879.8,181.94,0.124129,163936,1137.8,89.22,0.026442,138869,1109.8,-0.08,-2.5e-05,110260,1027.3,156.64,0.064164,105673,1014.4,200.26,0.072384,105863,982.4,295.61,0.11052,122778,976.9,70.8,0.037281,120538,981.4,111.09,0.047344,108692,976.4,78.26,0.055233,94672,879.8,181.94,0.124129
674,674.09,0.0124832,100549,922.3,2.51,0.000562,102484,1008.9,39.04,0.009344,108605,1023.6,158.58,0.064212,104110,1011.0,202.2,0.072246,104524,981.0,295.95,0.109408,121753,974.5,69.42,0.036337,118677,977.0,113.1,0.047669,109584,978.0,78.06,0.055455,94442,881.9,179.87,0.122129,153383,1116.1,59.41,0.016795,144364,1119.7,23.81,0.007234,108605,1023.6,158.58,0.064212,104110,1011.0,202.2,0.072246,104524,981.0,295.95,0.109408,121753,974.5,69.42,0.036337,118677,977.0,113.1,0.047669,109584,978.0,78.06,0.055455,94442,881.9,179.87,0.122129
675,675.06,0.0125011,99337,919.7,2.32,0.000514,102394,1009.0,36.92,0.008828,107022,1020.1,160.01,0.064068,102691,1007.9,203.97,0.072105,103256,979.8,295.92,0.108204,120535,971.8,69.68,0.036211,116987,973.0,114.4,0.047726,111344,981.4,81.19,0.058401,94273,883.6,176.48,0.11938,155373,1114.1,59.76,0.017144,147970,1126.0,40.65,0.012587,107022,1020.1,160.01,0.064068,102691,1007.9,203.97,0.072105,103256,979.8,295.92,0.108204,120535,971.8,69.68,0.036211,116987,973.0,114.4,0.047726,111344,981.4,81.19,0.058401,94273,883.6,176.48,0.11938
676,676.09,0.0125201,98137,917.1,2.18,0.00048,102758,1010.1,36.79,0.008819,105217,1016.0,160.79,0.063548,101213,1004.7,205.75,0.07192,101904,978.5,295.52,0.106787,119037,968.6,71.26,0.036693,115341,969.0,115.11,0.047537,115033,988.6,91.95,0.067832,94219,885.9,172.24,0.116152,158185,1112.0,63.99,0.018725,150754,1130.8,55.09,0.017308,105217,1016.0,160.79,0.063548,101213,1004.7,205.75,0.07192,101904,978.5,295.52,0.106787,119037,968.6,71.26,0.036693,115341,969.0,115.11,0.047537,115033,988.6,91.95,0.067832,94219,885.9,172.24,0.116152
677,677.05,0.012538,97066,914.8,2.11,0.00046,103630,1012.3,39.41,0.009507,103379,1011.8,160.69,0.062657,99819,1001.5,207.13,0.071625,100661,977.3,294.91,0.105396,117591,965.4,73.46,0.037492,114062,965.9,115.09,0.047158,118644,995.4,101.9,0.077006,94157,888.0,167.97,0.112929,160726,1109.6,70.39,0.020972,152575,1133.8,66.22,0.020997,103379,1011.8,160.69,0.062657,99819,1001.5,207.13,0.071625,100661,977.3,294.91,0.105396,117591,965.4,73.46,0.037492,114062,965.9,115.09,0.047158,118644,995.4,101.9,0.077006,94157,888.0,167.97,0.112929
678,678.08,0.0125571,95964,912.4,2.05,0.000443,105100,1015.9,44.95,0.010958,101263,1006.9,159.7,0.061294,98250,998.0,207.94,0.071029,99364,976.0,294.03,0.103861,116200,962.1,76.55,0.038737,112949,963.0,114.67,0.046662,121099,999.5,106.38,0.081716,94012,890.0,163.42,0.109447,163239,1106.9,74.27,0.022531,153641,1135.5,75.51,0.024076,101263,1006.9,159.7,0.061294,98250,998.0,207.94,0.071029,99364,976.0,294.03,0.103861,116200,962.1,76.55,0.038737,112949,963.0,114.67,0.046662,121099,999.5,106.38,0.081716,94012,890.0,163.42,0.109447
679,679.05,0.012575,94977,910.2,1.98,0.000424,106215,1018.7,49.52,0.012167,99147,1001.9,158.01,0.059673,96655,994.3,207.86,0.070109,98189,974.8,293.07,0.102419,114978,959.2,79.39,0.03987,112088,960.7,114.1,0.046189,122486,1001.5,107.15,0.083085,93859,891.9,159.41,0.106364,165217,1104.4,76.28,0.023474,153989,1136.0,82.46,0.026338,99147,1001.9,158.01,0.059673,96655,994.3,207.86,0.070109,98189,974.8,293.07,0.102419,114978,959.2,79.39,0.03987,112088,960.7,114.1,0.046189,122486,1001.5,107.15,0.083085,93859,891.9,159.41,0.106364
680,680.08,0.0125941,94005,908.1,1.82,0.000388,106767,1020.3,52.39,0.012919,96802,996.3,155.59,0.057697,94813,989.9,206.81,0.068726,96964,973.5,291.91,0.100875,113699,956.0,81.59,0.040657,111342,958.7,113.52,0.045744,123270,1002.2,104.91,0.081813,93709,893.8,155.31,0.103232,166831,1101.8,77.53,0.024148,154006,1136.0,89.21,0.028498,96802,996.3,155.59,0.057697,94813,989.9,206.81,0.068726,96964,973.5,291.91,0.100875,113699,956.0,81.59,0.040657,111342,958.7,113.52,0.045744,123270,1002.2,104.91,0.081813,93709,893.8,155.31,0.103232
681,681.05,0.012612,93213,906.3,1.59,0.000337,106744,1020.5,53.6,0.01321,94593,990.9,153.06,0.055766,92966,985.5,204.96,0.067088,95840,972.3,290.79,0.099451,112657,953.3,83.11,0.04115,110794,957.0,113.22,0.045478,123631,1002.0,101.6,0.079481,93638,895.8,151.68,0.100531,167925,1099.6,78.21,0.024569,153908,1135.9,95.52,0.030498,94593,990.9,153.06,0.055766,92966,985.5,204.96,0.067088,95840,972.3,290.79,0.099451,112657,953.3,83.11,0.04115,110794,957.0,113.22,0.045478,123631,1002.0,101.6,0.079481,93638,895.8,151.68,0.100531
682,682.08,0.0126312,92533,904.8,1.27,0.000268,106294,1019.8,53.94,0.013247,92314,985.2,150.47,0.053811,90900,980.4,202.24,0.065062,94655,970.9,289.65,0.097983,111749,950.7,84.27,0.041501,110289,955.5,113.32,0.045381,123885,1001.4,97.81,0.076718,93652,897.9,147.94,0.097826,168675,1097.5,78.73,0.02489,153764,1135.7,102.12,0.032578,92314,985.2,150.47,0.053811,90900,980.4,202.24,0.065062,94655,970.9,289.65,0.097983,111749,950.7,84.27,0.041501,110289,955.5,113.32,0.045381,123885,1001.4,97.81,0.076718,93652,897.9,147.94,0.097826
683,683.05,0.0126491,92056,903.7,0.96,0.000201,105514,1018.4,53.59,0.013083,90315,980.1,148.42,0.052197,88927,975.4,199.26,0.063029,93555,969.4,288.8,0.096701,111038,948.5,84.91,0.041646,109724,953.9,113.52,0.045304,124050,1000.6,94.18,0.074028,93759,900.1,144.49,0.095422,169011,1095.6,79.25,0.025147,153547,1135.5,107.81,0.03435,90315,980.1,148.42,0.052197,88927,975.4,199.26,0.063029,93555,969.4,288.8,0.096701,111038,948.5,84.91,0.041646,109724,953.9,113.52,0.045304,124050,1000.6,94.18,0.074028,93759,900.1,144.49,0.095422
684,684.08,0.0126682,91693,902.9,0.68,0.000142,104397,1016.2,52.43,0.012693,88365,975.0,146.8,0.050775,86856,970.1,196.02,0.060892,92380,967.7,288.23,0.095464,110444,946.4,85.41,0.041761,108907,951.8,114.18,0.045327,124141,999.7,90.16,0.070989,93971,902.6,140.83,0.092966,169012,1093.6,79.94,0.025412,153167,1135.2,113.17,0.03598,88365,975.0,146.8,0.050775,86856,970.1,196.02,0.060892,92380,967.7,288.23,0.095464,110444,946.4,85.41,0.041761,108907,951.8,114.18,0.045327,124141,999.7,90.16,0.070989,93971,902.6,140.83,0.092966
685,685.05,0.0126862,91449,902.3,0.5,0.000104,103220,1013.8,51.17,0.012275,86754,970.8,146.07,0.049818,85009,965.3,193.27,0.059057,91269,966.0,288.09,0.094442,110038,944.7,85.92,0.041933,107981,949.5,115.52,0.045581,124138,998.6,86.21,0.067947,94252,904.9,137.46,0.090772,168724,1091.8,80.94,0.025731,152770,1134.9,117.82,0.03737,86754,970.8,146.07,0.049818,85009,965.3,193.27,0.059057,91269,966.0,288.09,0.094442,110038,944.7,85.92,0.041933,107981,949.5,115.52,0.045581,124138,998.6,86.21,0.067947,94252,904.9,137.46,0.090772
686,686.09,0.0127053,91256,901.9,0.37,7.6e-05,101857,1011.0,50.2,0.011917,85306,966.9,146.36,0.049281,83185,960.4,190.88,0.057362,90069,963.9,288.37,0.093489,109693,943.0,86.51,0.04216,106897,946.9,117.7,0.0461,124046,997.4,81.86,0.064554,94628,907.6,134.08,0.088639,168114,1089.6,81.94,0.026005,152493,1135.0,122.71,0.03885,85306,966.9,146.36,0.049281,83185,960.4,190.88,0.057362,90069,963.9,288.37,0.093489,109693,943.0,86.51,0.04216,106897,946.9,117.7,0.0461,124046,997.4,81.86,0.064554,94628,907.6,134.08,0.088639
687,687.05,0.0127232,91132,901.6,0.24,5.1e-05,100469,1008.1,49.58,0.011644,84205,963.9,147.72,0.049248,81652,956.3,189.31,0.056081,88944,961.8,288.95,0.092708,109311,941.3,86.93,0.042293,105851,944.4,120.24,0.046761,123914,996.1,77.76,0.061326,95037,910.1,131.29,0.086926,167331,1087.4,82.49,0.026111,152205,1135.2,126.39,0.039929,84205,963.9,147.72,0.049248,81652,956.3,189.31,0.056081,88944,961.8,288.95,0.092708,109311,941.3,86.93,0.042293,105851,944.4,120.24,0.046761,123914,996.1,77.76,0.061326,95037,910.1,131.29,0.086926
688,688.09,0.0127424,91103,901.5,0.02,5e-06,98839,1004.5,49.54,0.011486,83873,962.9,153.41,0.050996,80252,952.5,188.47,0.055099,87770,959.5,289.75,0.091961,108693,939.1,87.16,0.042266,104782,941.8,123.4,0.047638,123787,994.9,73.37,0.057884,95492,912.7,128.74,0.085398,166247,1084.8,82.59,0.026037,151078,1133.9,126.75,0.039792,83873,962.9,153.41,0.050996,80252,952.5,188.47,0.055099,87770,959.5,289.75,0.091961,108693,939.1,87.16,0.042266,104782,941.8,123.4,0.047638,123787,994.9,73.37,0.057884,95492,912.7,128.74,0.085398
689,689.06,0.0127603,91206,901.8,-0.26,-5.4e-05,97152,1000.7,50.41,0.011531,85410,966.9,168.09,0.056667,79164,949.4,188.44,0.054514,86724,957.3,290.45,0.091292,107895,936.6,87.44,0.042205,103859,939.5,126.63,0.048571,123759,993.9,69.2,0.054635,95900,915.0,126.72,0.084204,165068,1082.0,82.25,0.02581,149058,1131.2,123.34,0.038299,85410,966.9,168.09,0.056667,79164,949.4,188.44,0.054514,86724,957.3,290.45,0.091292,107895,936.6,87.44,0.042205,103859,939.5,126.63,0.048571,123759,993.9,69.2,0.054635,95900,915.0,126.72,0.084204
690,690.09,0.0127795,91510,902.5,-0.65,-0.000136,95240,996.4,52.13,0.011741,89065,976.2,192.48,0.067022,78563,947.7,190.98,0.054931,85703,955.1,290.87,0.090558,106846,933.6,88.06,0.042223,102919,937.1,129.88,0.049492,123860,993.1,64.71,0.051172,96289,917.3,124.89,0.083118,163702,1078.9,81.66,0.025486,145866,1126.4,115.84,0.03535,89065,976.2,192.48,0.067022,78563,947.7,190.98,0.054931,85703,955.1,290.87,0.090558,106846,933.6,88.06,0.042223,102919,937.1,129.88,0.049492,123860,993.1,64.71,0.051172,96289,917.3,124.89,0.083118
691,691.06,0.0127974,91966,903.5,-0.98,-0.000206,93431,992.2,54.22,0.01203,92675,985.1,213.34,0.076599,79343,949.8,201.05,0.058273,84876,953.2,290.79,0.089837,105729,930.6,88.96,0.042345,102018,934.8,132.31,0.050098,123999,992.5,60.77,0.048142,96617,919.3,123.51,0.082297,162315,1075.9,80.88,0.025099,143273,1122.5,110.37,0.033195,92675,985.1,213.34,0.076599,79343,949.8,201.05,0.058273,84876,953.2,290.79,0.089837,105729,930.6,88.96,0.042345,102018,934.8,132.31,0.050098,123999,992.5,60.77,0.048142,96617,919.3,123.51,0.082297
692,692.1,0.0128166,92570,904.9,-1.2,-0.000252,91579,987.9,56.59,0.012363,94890,990.2,227.05,0.083034,82549,958.4,224.38,0.067054,84140,951.6,289.85,0.088921,104415,927.2,89.99,0.042459,101047,932.3,133.97,0.050376,124101,991.8,57.14,0.045331,96952,921.4,122.51,0.081733,160749,1072.5,79.68,0.024567,141680,1120.4,109.66,0.032675,94890,990.2,227.05,0.083034,82549,958.4,224.38,0.067054,84140,951.6,289.85,0.088921,104415,927.2,89.99,0.042459,101047,932.3,133.97,0.050376,124101,991.8,57.14,0.045331,96952,921.4,122.51,0.081733
693,693.07,0.0128346,93172,906.3,-1.24,-0.000262,89985,984.1,58.66,0.012639,95978,992.4,233.97,0.086356,86204,967.9,248.63,0.07683,83592,950.1,288.4,0.088038,103108,923.9,90.89,0.042498,100210,930.2,134.51,0.050279,124066,990.9,54.56,0.043316,97241,923.2,122.0,0.081476,159213,1069.1,78.19,0.023954,141398,1120.6,115.0,0.034195,95978,992.4,233.97,0.086356,86204,967.9,248.63,0.07683,83592,950.1,288.4,0.088038,103108,923.9,90.89,0.042498,100210,930.2,134.51,0.050279,124066,990.9,54.56,0.043316,97241,923.2,122.0,0.081476
694,694.04,0.0128525,93746,907.5,-1.17,-0.000248,88543,980.6,60.46,0.012865,96546,993.2,239.36,0.088798,88821,974.5,265.65,0.084012,83188,949.3,286.02,0.086966,101798,920.7,91.79,0.042524,99475,928.2,134.12,0.049872,123634,989.3,53.48,0.042378,97444,924.7,121.65,0.081277,157607,1065.5,76.41,0.023248,141645,1121.7,124.77,0.037124,96546,993.2,239.36,0.088798,88821,974.5,265.65,0.084012,83188,949.3,286.02,0.086966,101798,920.7,91.79,0.042524,99475,928.2,134.12,0.049872,123634,989.3,53.48,0.042378,97444,924.7,121.65,0.081277
695,695.07,0.0128717,94301,908.8,-1.05,-0.000223,87128,977.2,62.27,0.013083,96939,993.5,244.68,0.091116,90352,978.2,275.27,0.088219,82763,948.2,281.93,0.085379,100434,917.3,92.73,0.042535,98758,926.2,133.03,0.049218,122766,986.8,53.19,0.041954,97492,925.9,121.01,0.080783,155753,1061.5,74.17,0.022386,141547,1122.3,137.73,0.04093,96939,993.5,244.68,0.091116,90352,978.2,275.27,0.088219,82763,948.2,281.93,0.085379,100434,917.3,92.73,0.042535,98758,926.2,133.03,0.049218,122766,986.8,53.19,0.041954,97492,925.9,121.01,0.080783
696,696.04,0.0128897,94766,909.8,-0.93,-0.0002,85864,974.1,64.02,0.013297,97245,993.7,248.85,0.092937,91295,980.4,279.48,0.090301,82366,947.3,276.66,0.083464,99198,914.3,93.35,0.042431,98145,924.2,131.37,0.0484,121372,983.3,54.86,0.042935,97460,926.9,120.47,0.080316,153920,1057.5,71.92,0.021533,140583,1121.3,149.93,0.044295,97245,993.7,248.85,0.092937,91295,980.4,279.48,0.090301,82366,947.3,276.66,0.083464,99198,914.3,93.35,0.042431,98145,924.2,131.37,0.0484,121372,983.3,54.86,0.042935,97460,926.9,120.47,0.080316
697,697.08,0.0129089,95208,910.8,-0.82,-0.000177,84574,970.9,65.87,0.013519,97385,993.9,252.42,0.09439,92370,982.8,281.22,0.091701,82022,946.4,269.56,0.081054,98003,911.5,93.57,0.042151,97574,922.4,128.81,0.047276,118974,977.9,59.66,0.046021,97642,928.1,121.12,0.080797,151893,1053.1,69.41,0.020593,138841,1118.7,162.12,0.047411,97385,993.9,252.42,0.09439,92370,982.8,281.22,0.091701,82022,946.4,269.56,0.081054,98003,911.5,93.57,0.042151,97574,922.4,128.81,0.047276,118974,977.9,59.66,0.046021,97642,928.1,121.12,0.080797
698,698.05,0.0129269,95561,911.6,-0.69,-0.000149,83535,968.3,66.79,0.013577,97375,994.1,255.13,0.095377,93712,985.9,280.31,0.092446,81718,945.7,261.79,0.078486,97027,909.2,93.37,0.041749,97212,921.1,125.58,0.045986,116191,971.7,66.07,0.050092,98545,930.8,125.42,0.084188,149919,1048.7,66.95,0.019689,136837,1115.4,172.52,0.049872,97375,994.1,255.13,0.095377,93712,985.9,280.31,0.092446,81718,945.7,261.79,0.078486,97027,909.2,93.37,0.041749,97212,921.1,125.58,0.045986,116191,971.7,66.07,0.050092,98545,930.8,125.42,0.084188
699,699.09,0.012946,95834,912.2,-0.48,-0.000103,82872,966.6,66.08,0.01335,97324,994.6,257.13,0.096031,95653,990.2,275.74,0.092417,81275,944.7,252.93,0.075503,96143,907.2,92.89,0.041246,96989,919.9,121.45,0.044427,113054,964.5,73.59,0.054691,100993,937.0,137.13,0.09371,147727,1043.8,64.26,0.018708,134512,1111.2,182.66,0.052101,97324,994.6,257.13,0.096031,95653,990.2,275.74,0.092417,81275,944.7,252.93,0.075503,96143,907.2,92.89,0.041246,96989,919.9,121.45,0.044427,113054,964.5,73.59,0.054691,100993,937.0,137.13,0.09371
700,700.06,0.012964,95947,912.5,-0.19,-4.1e-05,82764,966.5,61.85,0.012479,97335,995.4,258.09,0.096313,97707,994.8,268.88,0.091627,80802,943.5,244.54,0.072661,95473,905.7,92.42,0.040819,96879,919.0,116.88,0.042749,110154,957.7,80.75,0.058889,103777,943.8,150.2,0.104712,145583,1038.9,61.68,0.017778,132234,1106.8,191.64,0.053953,97335,995.4,258.09,0.096313,97707,994.8,268.88,0.091627,80802,943.5,244.54,0.072661,95473,905.7,92.42,0.040819,96879,919.0,116.88,0.042749,110154,957.7,80.75,0.058889,103777,943.8,150.2,0.104712
701,701.09,0.0129832,95882,912.3,0.17,3.8e-05,83933,969.8,51.24,0.01045,97372,996.7,257.14,0.095877,99626,998.7,261.07,0.090361,80390,942.6,234.53,0.069402,94977,904.6,92.01,0.040471,96898,918.4,111.42,0.040786,107191,950.5,88.3,0.063138,105787,948.9,159.4,0.112673,143809,1034.2,60.55,0.017317,129689,1101.3,201.06,0.05579,97372,996.7,257.14,0.095877,99626,998.7,261.07,0.090361,80390,942.6,234.53,0.069402,94977,904.6,92.01,0.040471,96898,918.4,111.42,0.040786,107191,950.5,88.3,0.063138,105787,948.9,159.4,0.112673
702,702.07,0.0130012,95623,911.8,0.56,0.000121,86270,976.1,35.2,0.007331,97244,997.7,253.53,0.094307,101026,1001.3,255.65,0.08949,80598,943.3,221.96,0.065802,94778,904.3,91.53,0.040192,97040,918.1,106.3,0.038986,104565,943.9,95.22,0.066883,106671,951.4,163.16,0.115984,144412,1031.6,66.05,0.019021,127149,1095.6,209.94,0.057415,97244,997.7,253.53,0.094307,101026,1001.3,255.65,0.08949,80598,943.3,221.96,0.065802,94778,904.3,91.53,0.040192,97040,918.1,106.3,0.038986,104565,943.9,95.22,0.066883,106671,951.4,163.16,0.115984
703,703.04,0.0130192,95188,910.8,0.91,0.000195,88178,981.1,22.17,0.004694,96939,998.5,246.53,0.091341,101875,1002.7,252.02,0.088836,82019,947.3,203.3,0.061074,94853,904.6,90.87,0.039917,97282,917.9,101.26,0.037234,102108,937.5,101.95,0.070402,106922,952.5,163.85,0.116619,142844,1025.4,66.49,0.019053,124430,1089.0,218.83,0.058918,96939,998.5,246.53,0.091341,101875,1002.7,252.02,0.088836,82019,947.3,203.3,0.061074,94853,904.6,90.87,0.039917,97282,917.9,101.26,0.037234,102108,937.5,101.95,0.070402,106922,952.5,163.85,0.116619
704,704.07,0.0130384,94563,909.4,1.22,0.000261,89129,983.5,14.9,0.003183,96665,998.7,236.75,0.087457,101791,1002.2,247.72,0.087295,84516,954.0,178.91,0.054992,95167,905.5,89.8,0.039542,97664,918.0,95.76,0.035348,99689,931.0,108.9,0.073931,106750,952.4,163.88,0.116466,139054,1016.5,59.86,0.016845,121357,1081.3,228.19,0.060346,96665,998.7,236.75,0.087457,101791,1002.2,247.72,0.087295,84516,954.0,178.91,0.054992,95167,905.5,89.8,0.039542,97664,918.0,95.76,0.035348,99689,931.0,108.9,0.073931,106750,952.4,163.88,0.116466
705,705.05,0.0130564,93850,907.8,1.47,0.000313,89374,984.2,12.03,0.002574,96882,1000.9,226.86,0.083803,101170,1000.8,243.42,0.085382,86351,958.9,159.11,0.049713,95596,906.7,88.39,0.039042,98235,918.6,90.66,0.03364,97618,925.2,115.14,0.077026,106042,951.0,164.55,0.116334,135251,1008.3,51.78,0.014288,118379,1073.6,236.71,0.061501,96882,1000.9,226.86,0.083803,101170,1000.8,243.42,0.085382,86351,958.9,159.11,0.049713,95596,906.7,88.39,0.039042,98235,918.6,90.66,0.03364,97618,925.2,115.14,0.077026,106042,951.0,164.55,0.116334
706,706.08,0.0130756,92969,905.9,1.72,0.000363,89369,984.2,10.96,0.002344,97364,1004.3,216.38,0.080058,99977,998.4,238.33,0.082802,87062,960.8,144.78,0.045519,96052,908.0,85.87,0.038054,99150,919.8,85.49,0.031972,95616,919.4,121.38,0.080039,104436,947.8,168.56,0.117756,131850,1000.9,45.24,0.012259,115177,1065.2,245.42,0.062531,97364,1004.3,216.38,0.080058,99977,998.4,238.33,0.082802,87062,960.8,144.78,0.045519,96052,908.0,85.87,0.038054,99150,919.8,85.49,0.031972,95616,919.4,121.38,0.080039,104436,947.8,168.56,0.117756
707,707.06,0.0130937,92029,903.7,1.97,0.000413,89326,984.1,10.41,0.002227,98092,1006.7,208.92,0.077693,98748,996.3,234.45,0.080625,87067,960.9,137.08,0.043097,96433,909.2,82.76,0.036779,100215,921.5,80.59,0.030412,93924,914.3,126.68,0.082508,102226,943.1,175.37,0.120521,125923,989.6,31.6,0.008272,112202,1057.2,253.11,0.063299,98092,1006.7,208.92,0.077693,98748,996.3,234.45,0.080625,87067,960.9,137.08,0.043097,96433,909.2,82.76,0.036779,100215,921.5,80.59,0.030412,93924,914.3,126.68,0.082508,102226,943.1,175.37,0.120521
708,708.1,0.0131129,90879,901.1,2.3,0.000477,89424,984.3,9.43,0.002019,99348,1010.6,206.71,0.07755,97453,994.3,231.54,0.07874,87258,961.5,137.2,0.043202,96881,910.6,79.07,0.035248,101462,923.4,75.13,0.02864,92329,909.3,131.54,0.084687,99707,937.4,182.99,0.123406,122837,983.0,25.33,0.006511,109090,1048.8,260.74,0.063905,99348,1010.6,206.71,0.07755,97453,994.3,231.54,0.07874,87258,961.5,137.2,0.043202,96881,910.6,79.07,0.035248,101462,923.4,75.13,0.02864,92329,909.3,131.54,0.084687,99707,937.4,182.99,0.123406
709,709.07,0.0131309,89631,898.2,2.68,0.00055,89843,985.4,7.53,0.001618,100361,1014.0,207.05,0.078211,96543,993.2,230.98,0.077899,88945,965.8,149.62,0.047807,97336,911.9,74.94,0.033512,102620,925.3,69.64,0.026798,91062,905.0,135.26,0.086291,97710,932.6,188.35,0.12512,123103,982.3,26.44,0.006816,106244,1041.2,267.33,0.064278,100361,1014.0,207.05,0.078211,96543,993.2,230.98,0.077899,88945,965.8,149.62,0.047807,97336,911.9,74.94,0.033512,102620,925.3,69.64,0.026798,91062,905.0,135.26,0.086291,97710,932.6,188.35,0.12512
710,710.05,0.013149,88203,894.9,3.1,0.000629,90608,987.4,4.51,0.000974,100798,1015.9,207.33,0.078505,96171,993.4,233.59,0.07846,93404,976.9,177.59,0.058912,97792,913.3,69.88,0.031351,103682,926.9,63.85,0.024779,90046,901.4,138.2,0.087535,96253,928.7,191.08,0.125559,120176,976.5,19.27,0.004878,103468,1033.8,273.33,0.064462,100798,1015.9,207.33,0.078505,96171,993.4,233.59,0.07846,93404,976.9,177.59,0.058912,97792,913.3,69.88,0.031351,103682,926.9,63.85,0.024779,90046,901.4,138.2,0.087535,96253,928.7,191.08,0.125559
711,711.09,0.0131683,86503,890.9,3.51,0.000701,91632,989.9,1.07,0.000234,100845,1017.0,207.83,0.07865,96240,994.8,238.94,0.0802,97707,987.3,205.54,0.07058,98286,914.8,63.56,0.028612,104679,928.5,57.64,0.022548,89245,898.1,140.58,0.088574,95226,925.6,191.38,0.124835,118377,972.7,15.8,0.003955,100592,1026.2,279.14,0.064473,100845,1017.0,207.83,0.07865,96240,994.8,238.94,0.0802,97707,987.3,205.54,0.07058,98286,914.8,63.56,0.028612,104679,928.5,57.64,0.022548,89245,898.1,140.58,0.088574,95226,925.6,191.38,0.124835
712,712.06,0.0131864,84807,886.8,3.77,0.000742,92543,992.2,-1.15,-0.000252,100623,1017.4,208.48,0.078694,96150,995.9,243.22,0.081474,99602,991.7,220.9,0.076977,98754,916.2,56.87,0.025681,105461,929.6,51.98,0.02046,88743,895.6,142.18,0.089321,94660,923.7,190.57,0.123824,116865,969.6,11.62,0.00288,97988,1019.5,284.11,0.064345,100623,1017.4,208.48,0.078694,96150,995.9,243.22,0.081474,99602,991.7,220.9,0.076977,98754,916.2,56.87,0.025681,105461,929.6,51.98,0.02046,88743,895.6,142.18,0.089321,94660,923.7,190.57,0.123824
713,713.04,0.0132045,83094,882.7,3.86,0.000748,93208,993.8,-1.74,-0.000384,100162,1017.1,209.03,0.078563,95785,996.2,246.03,0.082078,100290,993.3,229.7,0.08047,99185,917.5,49.48,0.022411,106059,930.4,46.43,0.018363,88465,893.7,143.02,0.089762,94387,922.1,188.51,0.122348,115872,967.4,9.28,0.002286,95435,1012.9,288.43,0.064035,100162,1017.1,209.03,0.078563,95785,996.2,246.03,0.082078,100290,993.3,229.7,0.08047,99185,917.5,49.48,0.022411,106059,930.4,46.43,0.018363,88465,893.7,143.02,0.089762,94387,922.1,188.51,0.122348
714,714.09,0.0132238,81326,878.3,3.8,0.000723,93651,994.9,-1.16,-0.000257,99461,1016.2,209.45,0.078238,95282,996.2,248.3,0.082395,100591,993.9,236.25,0.082958,99535,918.7,40.99,0.018609,106494,930.9,40.47,0.016061,88346,892.0,142.99,0.089794,94207,920.1,185.6,0.120489,114895,965.3,7.78,0.001905,92708,1006.0,291.97,0.063403,99461,1016.2,209.45,0.078238,95282,996.2,248.3,0.082395,100591,993.9,236.25,0.082958,99535,918.7,40.99,0.018609,106494,930.9,40.47,0.016061,88346,892.0,142.99,0.089794,94207,920.1,185.6,0.120489
715,715.06,0.0132419,79757,874.4,3.67,0.000689,93859,995.4,0.48,0.000108,98661,1014.9,209.66,0.077781,94728,996.1,249.83,0.082438,100639,993.9,240.63,0.084536,99698,919.3,32.69,0.014852,106768,931.2,34.6,0.013764,88313,890.7,142.49,0.089573,94204,918.7,182.56,0.118691,114200,963.7,8.41,0.00205,90281,999.8,294.75,0.062718,98661,1014.9,209.66,0.077781,94728,996.1,249.83,0.082438,100639,993.9,240.63,0.084536,99698,919.3,32.69,0.014852,106768,931.2,34.6,0.013764,88313,890.7,142.49,0.089573,94204,918.7,182.56,0.118691
716,716.05,0.0132601,78240,870.5,3.63,0.000672,93974,995.7,2.28,0.000506,97862,1013.6,210.11,0.077421,94074,995.6,250.67,0.082185,100756,994.0,244.31,0.085918,99662,919.5,24.23,0.011002,106987,931.4,28.15,0.011221,88361,889.6,141.23,0.088937,94291,917.6,179.16,0.11672,113355,961.6,9.84,0.002386,88285,994.7,298.33,0.062394,97862,1013.6,210.11,0.077421,94074,995.6,250.67,0.082185,100756,994.0,244.31,0.085918,99662,919.5,24.23,0.011002,106987,931.4,28.15,0.011221,88361,889.6,141.23,0.088937,94291,917.6,179.16,0.11672
717,717.09,0.0132795,76637,866.4,3.67,0.000667,94122,996.1,3.66,0.000814,97064,1012.2,210.89,0.07718,93293,994.7,250.94,0.081655,100784,993.9,246.92,0.086875,99408,919.1,15.15,0.006865,107201,931.6,20.37,0.008132,88562,888.8,138.89,0.087743,94399,916.5,175.25,0.114446,111846,958.0,11.32,0.002718,86763,990.8,303.3,0.062583,97064,1012.2,210.89,0.07718,93293,994.7,250.94,0.081655,100784,993.9,246.92,0.086875,99408,919.1,15.15,0.006865,107201,931.6,20.37,0.008132,88562,888.8,138.89,0.087743,94399,916.5,175.25,0.114446
718,718.07,0.0132977,75171,862.5,3.63,0.000651,94358,996.6,4.12,0.000918,96223,1010.6,211.1,0.076707,92574,994.0,251.07,0.081132,100798,993.7,248.72,0.087539,98976,918.3,6.77,0.003059,107321,931.7,12.49,0.004992,88828,888.1,136.01,0.086249,94453,915.2,171.31,0.112097,110710,954.7,15.14,0.003611,85597,987.9,307.03,0.062687,96223,1010.6,211.1,0.076707,92574,994.0,251.07,0.081132,100798,993.7,248.72,0.087539,98976,918.3,6.77,0.003059,107321,931.7,12.49,0.004992,88828,888.1,136.01,0.086249,94453,915.2,171.31,0.112097
719,719.06,0.0133159,73784,858.8,3.48,0.000614,94636,997.3,3.79,0.000848,95293,1008.8,210.81,0.075999,91921,993.4,251.4,0.080713,100710,993.2,249.65,0.087836,98453,917.2,-1.6,-0.000719,107188,931.4,4.74,0.001893,89117,887.6,132.79,0.084528,94457,913.8,167.22,0.109597,109239,950.0,19.08,0.004512,84289,984.5,307.46,0.062025,95293,1008.8,210.81,0.075999,91921,993.4,251.4,0.080713,100710,993.2,249.65,0.087836,98453,917.2,-1.6,-0.000719,107188,931.4,4.74,0.001893,89117,887.6,132.79,0.084528,94457,913.8,167.22,0.109597
