theta_deg,t_s,phase1_deg,mdot_valve1_kg_s,T_valve1_K,p_cyl1_Pa,T_cyl1_K,p_port1_Pa,T_port1_K,u_port1_m_s,mdot_port1_kg_s,phase2_deg,mdot_valve2_kg_s,T_valve2_K,p_cyl2_Pa,T_cyl2_K,p_port2_Pa,T_port2_K,u_port2_m_s,mdot_port2_kg_s,phase3_deg,mdot_valve3_kg_s,T_valve3_K,p_cyl3_Pa,T_cyl3_K,p_port3_Pa,T_port3_K,u_port3_m_s,mdot_port3_kg_s,phase4_deg,mdot_valve4_kg_s,T_valve4_K,p_cyl4_Pa,T_cyl4_K,p_port4_Pa,T_port4_K,u_port4_m_s,mdot_port4_kg_s,m_cyl1_kg,f_res_ivc1,p_iport1_Pa,T_iport1_K,mdot_ivalve1_kg_s,m_cyl2_kg,f_res_ivc2,p_iport2_Pa,T_iport2_K,mdot_ivalve2_kg_s,m_cyl3_kg,f_res_ivc3,p_iport3_Pa,T_iport3_K,mdot_ivalve3_kg_s,m_cyl4_kg,f_res_ivc4,p_iport4_Pa,T_iport4_K,mdot_ivalve4_kg_s
1.06,0.0000295,1.1,0.000000,493.6,7277932,2088.2,105321,751.1,-0.31,-0.000090,541.1,0.000000,741.6,113939,351.7,87182,695.1,-1.45,-0.000374,181.1,0.079410,1136.5,234678,1196.6,169793,1110.4,253.81,0.079830,361.1,0.004411,445.0,92654,497.2,57196,551.3,19.68,0.004200,0.0001603,0.1015,88377,327.6,0.000000,0.0001789,0.1024,114303,332.6,-0.002952,0.0001086,0.1023,81486,320.5,0.000000,0.0000085,0.1014,101737,336.7,0.016943
2.05,0.0000570,2.1,0.000000,100.0,7580896,2179.2,105285,751.1,0.15,0.000044,542.1,-0.000000,100.0,113882,351.7,87471,695.7,-0.15,-0.000039,182.1,0.079714,1133.9,228505,1188.9,167872,1107.2,256.85,0.080107,362.1,0.004090,435.5,94905,492.0,55921,538.7,17.91,0.003824,0.0001603,0.1015,87031,326.2,0.000000,0.0001788,0.1024,114732,333.3,-0.004610,0.0001064,0.1023,81996,321.1,-0.000000,0.0000088,0.1014,102422,337.1,0.015848
3.04,0.0000845,3.0,0.000000,100.0,7847248,2264.7,104502,749.8,1.26,0.000360,543.0,0.000000,1850.2,113862,351.8,86982,694.8,0.92,0.000237,183.0,0.079933,1131.2,222384,1181.2,165967,1104.0,259.68,0.080304,363.0,0.003754,427.7,96936,487.3,55054,528.2,15.76,0.003378,0.0001603,0.1015,85840,324.9,0.000000,0.0001787,0.1024,113912,332.6,-0.003769,0.0001042,0.1023,82523,321.7,0.000000,0.0000091,0.1014,102857,337.2,0.015492
4.07,0.0001132,4.1,0.000000,965.2,8081905,2347.0,102303,746.1,2.90,0.000819,544.1,-0.000000,100.0,113765,351.8,85811,692.7,1.78,0.000454,184.1,0.080076,1128.3,216047,1172.9,164021,1100.7,262.35,0.080423,364.1,0.003422,421.3,98602,482.7,54704,519.9,13.18,0.002853,0.0001603,0.1015,84751,323.7,0.000000,0.0001785,0.1024,113997,332.9,-0.007541,0.0001019,0.1023,83093,322.3,0.000000,0.0000094,0.1014,103429,337.5,0.014407
5.06,0.0001406,5.1,0.000000,100.0,8261180,2418.4,99504,741.4,3.46,0.000956,545.1,0.000000,100.0,113654,351.7,84323,689.9,2.27,0.000570,185.1,0.080136,1125.6,210049,1165.0,162220,1097.5,264.62,0.080453,365.1,0.002980,416.7,99965,478.5,54802,514.3,10.48,0.002297,0.0001603,0.1015,83845,322.7,0.000000,0.0001782,0.1024,114156,333.3,-0.009033,0.0000997,0.1023,83654,322.9,-0.000000,0.0000097,0.1014,103800,337.6,0.013962
6.05,0.0001681,6.1,0.000000,100.0,8394249,2481.9,97214,737.4,2.66,0.000720,546.1,0.000000,100.0,113524,351.7,82687,686.8,2.48,0.000614,186.1,0.080115,1122.9,204118,1157.0,160486,1094.5,266.57,0.080404,366.1,0.002509,413.1,100963,474.6,55233,510.7,7.82,0.001741,0.0001603,0.1015,83056,321.8,0.000000,0.0001779,0.1024,114272,333.7,-0.010498,0.0000975,0.1023,84225,323.6,0.000000,0.0000100,0.1014,104284,337.8,0.012972
7.04,0.0001955,7.0,0.000000,1121.5,8480367,2537.3,95941,735.2,1.39,0.000374,547.0,0.000000,100.0,113382,351.6,81065,683.7,2.46,0.000600,187.0,0.079827,1119.6,198271,1148.9,158575,1091.1,267.57,0.079989,367.0,0.002066,416.0,101776,470.8,59608,520.3,-7.03,-0.001658,0.0001603,0.1015,82371,321.1,0.000000,0.0001776,0.1024,114195,333.9,-0.011720,0.0000953,0.1023,84796,324.2,0.000000,0.0000103,0.1014,104574,337.9,0.012703
8.07,0.0002242,8.1,0.000000,100.0,8520704,2586.1,95361,734.1,0.65,0.000174,548.1,-0.000000,100.0,113216,351.6,79516,680.6,2.25,0.000542,188.1,0.079200,1116.1,192272,1140.3,156548,1087.5,267.87,0.079317,368.1,-0.000125,523.4,102963,468.0,84051,591.7,-47.64,-0.013920,0.0001603,0.1015,81755,320.4,0.000000,0.0001772,0.1024,113964,333.9,-0.013092,0.0000930,0.1023,85378,324.8,0.000000,0.0000106,0.1014,104895,337.9,0.011912
9.06,0.0002516,9.1,0.000000,867.1,8513437,2624.2,94618,732.8,1.21,0.000321,549.1,0.000000,200.4,113064,351.5,78295,678.2,1.84,0.000436,189.1,0.078513,1112.7,186643,1132.2,154706,1084.2,267.86,0.078620,369.1,-0.002935,658.3,104687,467.1,108458,656.3,-36.44,-0.012385,0.0001603,0.1015,81251,319.8,0.000000,0.0001769,0.1024,113304,333.8,-0.013510,0.0000909,0.1023,85903,325.4,-0.000000,0.0000110,0.1014,105408,338.2,0.010734
10.05,0.0002791,10.0,0.000000,4489.3,8464040,2653.9,92685,729.4,3.07,0.000802,550.0,0.000000,701.5,112891,351.4,77489,676.6,1.14,0.000267,190.0,0.077795,1109.4,181124,1124.0,152926,1081.0,267.63,0.077881,370.0,-0.002612,684.1,105589,466.7,118997,682.7,-15.72,-0.005635,0.0001603,0.1015,80818,319.3,0.000000,0.0001765,0.1024,113083,334.4,-0.015047,0.0000887,0.1023,86382,325.9,0.000000,0.0000113,0.1014,106089,338.6,0.008452
11.03,0.0003065,11.0,0.000000,947.0,8376048,2675.8,89348,723.2,4.85,0.001233,551.0,-0.000000,100.0,112682,351.3,77317,676.3,0.03,0.000006,191.0,0.077033,1106.1,175713,1115.7,151170,1077.8,267.23,0.077103,371.0,-0.001154,690.7,105589,464.6,121846,690.2,-4.76,-0.001729,0.0001603,0.1015,80445,318.9,0.000000,0.0001760,0.1024,113319,335.5,-0.017242,0.0000866,0.1023,86809,326.3,0.000000,0.0000116,0.1014,106103,338.5,0.008787
12.07,0.0003352,12.1,0.000000,858.9,8247339,2690.7,85750,716.4,4.69,0.001155,552.1,0.000000,517.8,112484,351.2,78043,677.8,-1.50,-0.000355,192.1,0.076212,1102.5,170175,1107.1,149340,1074.3,266.66,0.076249,372.1,-0.000294,693.4,105015,461.2,123138,693.3,-1.90,-0.000695,0.0001603,0.1015,80106,318.5,0.000000,0.0001755,0.1024,112761,335.9,-0.017107,0.0000844,0.1023,87202,326.8,0.000000,0.0000119,0.1014,105750,338.0,0.009272
13.05,0.0003626,13.1,0.000000,587.7,8093900,2697.9,83355,711.8,3.17,0.000764,553.1,-0.000000,14126.8,112257,351.1,79822,681.7,-3.18,-0.000765,193.1,0.075350,1099.0,164989,1098.8,147575,1071.0,266.00,0.075395,373.1,-0.000145,695.9,104377,457.7,124248,695.9,-1.42,-0.000523,0.0001603,0.1015,79817,318.2,0.000000,0.0001750,0.1024,112777,336.9,-0.019340,0.0000824,0.1023,87539,327.1,-0.000000,0.0000122,0.1014,105218,337.4,0.010104
14.04,0.0003900,14.0,0.000000,405.5,7915696,2699.1,82228,709.5,1.30,0.000311,554.0,0.000000,997.0,112041,351.0,82521,687.3,-4.40,-0.001086,194.0,0.074471,1095.4,159915,1090.5,145771,1067.6,265.27,0.074508,374.0,-0.000240,696.9,103784,454.3,124609,696.9,-0.98,-0.000360,0.0001603,0.1015,79552,317.9,0.000000,0.0001744,0.1024,112194,337.3,-0.019553,0.0000803,0.1023,87863,327.5,0.000000,0.0000125,0.1014,104639,336.6,0.010968
15.07,0.0004187,15.1,0.000000,381.7,7708118,2694.7,82518,710.2,-0.96,-0.000229,555.1,0.000000,100.0,111802,350.9,86004,694.5,-5.17,-0.001316,195.1,0.073536,1091.5,154727,1081.8,143828,1063.9,264.46,0.073546,375.1,-0.000234,697.6,103135,450.5,124757,697.5,-0.72,-0.000264,0.0001603,0.1015,79287,317.6,0.000000,0.0001738,0.1024,111547,337.7,-0.020761,0.0000782,0.1023,88229,327.9,-0.000000,0.0000128,0.1014,104036,335.9,0.011728
16.06,0.0004461,16.1,0.000000,3127.0,7493994,2685.9,84489,714.3,-3.45,-0.000839,556.1,-0.000000,100.0,111534,350.7,89970,702.5,-5.85,-0.001542,196.1,0.072568,1087.6,149879,1073.4,141914,1060.2,263.64,0.072594,376.1,-0.000189,697.8,102476,446.9,124811,697.8,-0.53,-0.000196,0.0001603,0.1015,79035,317.3,0.000000,0.0001732,0.1024,111600,338.8,-0.023050,0.0000762,0.1023,88642,328.3,-0.000000,0.0000132,0.1014,103429,335.1,0.012482
17.05,0.0004735,17.0,0.000000,100.0,7268935,2673.2,87351,720.1,-4.16,-0.001038,557.0,0.000000,302.3,111281,350.6,94272,710.9,-5.85,-0.001594,197.0,0.071592,1083.5,145141,1065.1,139948,1056.4,262.78,0.071613,377.0,-0.000064,698.4,101762,443.1,125048,698.4,-0.41,-0.000149,0.0001603,0.1015,78772,317.0,0.000000,0.0001726,0.1024,111000,339.2,-0.023051,0.0000743,0.1023,89152,328.8,-0.000000,0.0000135,0.1014,102793,334.3,0.013271
18.03,0.0005009,18.0,0.000000,327.2,7036737,2657.6,89594,724.6,-2.82,-0.000718,558.0,0.000000,1815.2,110999,350.4,98130,718.3,-4.80,-0.001350,198.0,0.070588,1079.4,140513,1056.7,137932,1052.4,261.88,0.070604,378.0,-0.000033,699.2,101056,439.3,125399,699.2,-0.46,-0.000169,0.0001603,0.1015,78492,316.7,0.000000,0.0001719,0.1024,110766,340.0,-0.024917,0.0000723,0.1023,89802,329.5,-0.000000,0.0000139,0.1014,102145,333.5,0.014139
19.07,0.0005296,19.1,0.000000,1567.8,6789940,2638.6,90625,726.6,-0.98,-0.000251,559.1,0.000000,400.6,110693,350.2,101161,724.0,-3.37,-0.000969,199.1,0.069535,1074.8,135792,1047.9,135772,1048.1,260.91,0.069524,379.1,-0.000038,700.0,100351,435.4,125745,700.0,-0.42,-0.000154,0.0001603,0.1015,78178,316.3,0.000000,0.0001711,0.1024,110466,340.8,-0.025991,0.0000703,0.1023,90689,330.4,-0.000000,0.0000143,0.1014,101489,332.6,0.015044
20.05,0.0005570,20.1,0.000000,100.0,6552898,2618.7,90503,726.4,0.42,0.000107,560.1,0.000000,1100.6,110387,350.0,103215,727.8,-2.38,-0.000694,200.1,0.063876,1068.8,131701,1040.1,131771,1042.0,251.50,0.065420,380.1,-0.000041,700.4,99709,431.7,125872,700.3,-0.16,-0.000061,0.0001603,0.1015,77864,315.9,0.000000,0.0001704,0.1024,110307,341.7,-0.027165,0.0000686,0.1023,91772,331.5,0.000000,0.0000148,0.1014,100893,331.8,0.015953
21.04,0.0005844,21.0,0.000000,100.0,6306850,2593.2,89647,724.8,1.37,0.000350,561.0,0.000000,100.0,110085,349.8,104988,731.0,-2.20,-0.000649,201.0,0.060346,1063.5,127882,1032.5,128299,1036.7,244.44,0.062229,381.0,-0.000010,700.1,99088,428.0,125694,700.1,0.27,0.000101,0.0001603,0.1015,77553,315.6,0.000000,0.0001696,0.1024,109973,342.4,-0.027648,0.0000669,0.1023,93093,332.9,-0.000000,0.0000152,0.1014,100320,330.9,0.016843
22.07,0.0006131,22.1,0.000000,1339.1,6056818,2567.0,88214,722.1,2.06,0.000518,562.1,0.000000,819.5,109774,349.6,107448,735.5,-3.06,-0.000921,202.1,0.055655,972.6,124252,1025.2,121474,1026.0,224.06,0.054570,382.1,0.000033,1122.7,98460,424.2,124919,699.1,1.03,0.000379,0.0001603,0.1015,77246,315.2,0.000000,0.0001688,0.1024,109503,342.9,-0.028090,0.0000653,0.1023,94697,334.5,-0.000000,0.0000157,0.1014,99734,330.1,0.017741
23.06,0.0006405,23.1,0.000000,100.0,5825055,2542.2,86561,719.0,2.43,0.000602,563.1,-0.000000,4344.0,109472,349.5,110684,741.3,-3.84,-0.001181,203.1,0.055630,1052.9,120807,1018.1,120823,1024.9,228.71,0.055461,383.1,0.000000,1727.4,97889,420.7,123425,697.2,1.60,0.000584,0.0001603,0.1015,76991,314.9,0.000000,0.0001680,0.1024,109242,343.6,-0.028878,0.0000638,0.1023,96381,336.2,-0.000000,0.0000163,0.1014,99183,329.3,0.018570
24.04,0.0006679,24.0,0.000000,100.0,5600822,2517.8,84785,715.6,2.63,0.000642,564.0,0.000000,806.3,109189,349.3,113872,746.9,-3.41,-0.001069,204.0,0.050688,965.5,117719,1011.5,115475,1016.0,213.08,0.049819,384.0,-0.000000,560.8,97322,417.3,121656,694.9,1.85,0.000665,0.0001603,0.1015,76801,314.7,0.000000,0.0001673,0.1024,108799,344.0,-0.028674,0.0000624,0.1023,98122,337.9,-0.000000,0.0000168,0.1014,98628,328.4,0.019269
25.03,0.0006953,25.0,0.000000,218.3,5384305,2493.8,82954,712.0,2.76,0.000662,565.0,-0.000000,824.5,108955,349.2,116216,751.0,-2.33,-0.000742,205.0,0.050901,1041.2,114638,1004.8,115101,1015.0,218.68,0.051011,385.0,0.000000,1013.2,96741,413.9,119835,692.5,1.89,0.000672,0.0001603,0.1015,76704,314.6,0.000000,0.0001665,0.1024,107949,343.9,-0.027269,0.0000610,0.1023,99828,339.5,0.000000,0.0000173,0.1014,98054,327.5,0.019847
26.06,0.0007239,26.1,0.000000,828.5,5166311,2469.1,81005,708.1,2.87,0.000676,566.1,-0.000000,345.4,108769,349.1,117840,753.8,-1.55,-0.000499,206.1,0.046532,1034.1,111743,998.4,110641,1006.9,206.56,0.046690,386.1,-0.000000,968.2,96105,410.5,118038,690.1,1.78,0.000627,0.0001603,0.1015,76717,314.6,0.000000,0.0001658,0.1024,106931,343.6,-0.025586,0.0000597,0.1023,101496,341.1,0.000000,0.0000179,0.1014,97421,326.6,0.020316
27.05,0.0007513,27.0,0.000000,3471.4,4965828,2445.9,79131,704.3,2.95,0.000681,567.0,-0.000000,100.0,108648,349.0,119159,756.0,-1.41,-0.000457,207.0,0.046378,1029.5,109002,992.2,109778,1004.7,210.84,0.047389,387.0,0.000000,720.0,95460,407.3,116532,688.0,1.55,0.000540,0.0001603,0.1015,76835,314.7,0.000000,0.0001651,0.1024,105956,343.2,-0.023891,0.0000584,0.1023,102947,342.5,0.000000,0.0000185,0.1014,96783,325.6,0.020697
28.03,0.0007787,28.0,0.000000,133.3,4773171,2423.0,77285,700.5,2.95,0.000670,568.0,0.000000,469.3,108582,349.0,120563,758.4,-1.50,-0.000489,208.0,0.043604,1023.5,106462,986.3,106580,998.3,205.08,0.045039,388.0,-0.000000,100.0,94781,404.2,115411,686.5,1.10,0.000381,0.0001603,0.1015,77048,315.0,0.000000,0.0001645,0.1024,104992,342.8,-0.022262,0.0000572,0.1023,104253,343.7,-0.000000,0.0000191,0.1014,96114,324.6,0.021038
29.07,0.0008074,29.1,0.000000,956.0,4580034,2399.6,75454,696.6,2.84,0.000632,569.1,0.000000,956.4,108571,349.1,122049,760.9,-1.45,-0.000478,209.1,0.041544,944.0,103965,980.3,101898,988.8,192.59,0.040825,389.1,0.000000,100.0,94047,401.0,114829,685.7,0.46,0.000159,0.0001603,0.1015,77338,315.3,0.000000,0.0001639,0.1024,103980,342.2,-0.020656,0.0000560,0.1023,105476,344.8,-0.000000,0.0000197,0.1014,95395,323.6,0.021419
30.05,0.0008348,30.1,0.000000,929.8,4403085,2377.6,73883,693.3,2.57,0.000564,570.1,0.000000,615.4,108614,349.2,123266,763.0,-1.18,-0.000392,210.1,0.041664,939.1,101583,974.6,99722,983.6,191.65,0.039970,390.1,-0.000000,396.4,93337,398.0,114817,685.7,-0.08,-0.000029,0.0001603,0.1015,77649,315.7,0.000000,0.0001634,0.1024,103001,341.6,-0.019125,0.0000549,0.1023,106529,345.8,-0.000000,0.0000203,0.1014,94701,322.6,0.021875
31.04,0.0008622,31.0,0.000000,588.0,4233597,2356.0,72574,690.4,2.14,0.000463,571.0,0.000000,100.0,108709,349.4,124182,764.5,-0.87,-0.000291,211.0,0.040625,1005.4,99283,968.9,98412,980.1,195.15,0.040306,391.0,-0.000000,619.0,92635,395.2,115227,686.6,-0.55,-0.000189,0.0001603,0.1015,77966,316.1,0.000000,0.0001629,0.1024,102014,340.9,-0.017703,0.0000538,0.1023,107482,346.7,-0.000000,0.0000209,0.1014,94019,321.6,0.022405
32.07,0.0008908,32.1,0.000000,1135.8,4064188,2333.9,71566,688.2,1.54,0.000330,572.1,-0.000000,100.0,108861,349.6,124922,765.7,-0.69,-0.000231,212.1,0.038856,928.8,97013,963.2,95205,972.6,189.50,0.038159,392.1,0.000000,833.6,91924,392.2,116165,688.6,-1.12,-0.000388,0.0001603,0.1015,78284,316.4,0.000000,0.0001624,0.1024,100971,340.1,-0.016321,0.0000527,0.1023,108381,347.5,0.000000,0.0000215,0.1014,93329,320.5,0.023029
33.06,0.0009182,33.1,0.000000,517.7,3909382,2313.2,70957,686.9,0.97,0.000205,573.1,0.000000,100.0,109057,349.8,125577,766.8,-0.66,-0.000223,213.1,0.039046,994.0,94841,957.6,94064,969.1,194.07,0.038750,393.1,-0.000000,100.0,91275,389.5,117724,691.9,-1.84,-0.000645,0.0001603,0.1015,78566,316.7,0.000000,0.0001620,0.1024,99960,339.3,-0.015010,0.0000516,0.1023,109149,348.2,-0.000000,0.0000222,0.1014,92704,319.6,0.023716
34.04,0.0009456,34.0,0.000000,120.0,3761426,2292.9,70626,686.1,0.51,0.000108,574.0,-0.000000,892.4,109301,350.1,126254,768.0,-0.68,-0.000230,214.0,0.038335,989.1,92726,952.1,92832,965.2,198.19,0.039211,394.0,0.000000,2396.8,90661,386.9,119853,696.4,-2.30,-0.000816,0.0001603,0.1015,78826,317.0,0.000000,0.0001617,0.1024,98936,338.5,-0.013796,0.0000505,0.1023,109830,348.8,-0.000000,0.0000229,0.1014,92117,318.7,0.024425
35.03,0.0009730,35.0,0.000000,150.3,3620093,2272.9,70583,686.0,-0.06,-0.000012,575.0,-0.000000,652.5,109592,350.4,126912,769.1,-0.64,-0.000216,215.0,0.036220,913.0,90760,946.9,89052,956.1,188.46,0.036107,395.0,0.000000,856.4,90084,384.4,121848,700.5,-1.94,-0.000693,0.0001603,0.1015,79066,317.3,0.000000,0.0001613,0.1024,97905,337.6,-0.012649,0.0000495,0.1023,110423,349.3,0.000000,0.0000235,0.1014,91567,317.8,0.025158
36.06,0.0010017,36.1,0.000000,100.0,3479150,2252.5,71109,687.3,-1.23,-0.000261,576.1,0.000000,100.0,109946,350.8,127444,769.9,-0.45,-0.000152,216.1,0.037343,977.6,88639,941.2,88661,953.9,197.48,0.037757,396.1,0.000000,3263.3,89521,381.9,123069,703.1,-0.96,-0.000346,0.0001603,0.1015,79299,317.6,0.000000,0.0001610,0.1024,96833,336.7,-0.011542,0.0000485,0.1023,110953,349.8,0.000000,0.0000243,0.1014,91029,316.9,0.025911
37.05,0.0010291,37.0,0.000000,100.0,3350590,2233.4,72766,691.1,-3.46,-0.000749,577.0,0.000000,100.0,110330,351.1,127664,770.3,-0.14,-0.000047,217.0,0.036381,972.3,86681,935.8,86970,948.7,198.71,0.037470,397.0,-0.000000,119.6,89019,379.5,123246,703.5,0.01,0.000004,0.0001603,0.1015,79508,317.8,0.000000,0.0001607,0.1024,95834,335.8,-0.010495,0.0000475,0.1023,111378,350.2,0.000000,0.0000250,0.1014,90547,316.1,0.026652
38.03,0.0010564,38.0,0.000000,532.8,3227892,2214.7,75828,698.0,-5.50,-0.001230,578.0,-0.000000,562.6,110758,351.6,127509,770.1,0.25,0.000086,218.0,0.035648,966.9,84779,930.5,85500,944.2,201.21,0.037478,398.0,0.000000,2209.2,88548,377.3,122574,702.6,0.89,0.000319,0.0001603,0.1015,79702,318.0,0.000000,0.0001604,0.1024,94876,334.9,-0.009528,0.0000465,0.1023,111731,350.5,0.000000,0.0000258,0.1014,90096,315.4,0.027354
39.06,0.0010851,39.1,0.000000,1142.0,3105614,2195.6,79168,705.2,-4.86,-0.001122,579.1,0.000000,100.0,111253,352.1,126857,769.2,0.70,0.000237,219.1,0.034208,960.1,82897,925.1,82109,935.5,192.84,0.034815,399.1,0.000000,366.0,88086,375.0,121018,700.5,1.70,0.000605,0.0001603,0.1015,79889,318.2,0.000000,0.0001602,0.1024,93926,334.1,-0.008593,0.0000455,0.1023,112028,350.7,-0.000000,0.0000266,0.1014,89652,314.6,0.028045
40.05,0.0011124,40.0,0.000000,100.0,2994128,2177.6,81148,709.5,-2.63,-0.000619,580.0,0.000000,100.0,111770,352.6,126310,768.4,0.42,0.000141,220.0,0.034457,954.6,81088,919.9,80297,930.1,192.81,0.034240,400.0,0.000000,552.0,87670,373.0,119002,697.8,2.19,0.000768,0.0001603,0.1015,80053,318.4,0.000000,0.0001600,0.1024,93071,333.3,-0.007713,0.0000446,0.1023,112250,350.9,0.000000,0.0000274,0.1014,89253,313.9,0.028711
41.03,0.0011398,41.0,0.000000,100.0,2887749,2160.1,81804,710.9,-0.68,-0.000161,581.0,0.000000,2198.2,112330,353.1,126575,768.9,-0.56,-0.000191,221.0,0.033882,880.9,79321,914.7,78333,924.1,191.59,0.033408,401.0,-0.000000,1042.7,87278,371.0,116808,694.8,2.35,0.000811,0.0001603,0.1015,80202,318.6,0.000000,0.0001598,0.1024,92272,332.5,-0.006905,0.0000437,0.1023,112415,351.1,-0.000000,0.0000282,0.1014,88877,313.2,0.029342
42.06,0.0011684,42.1,0.000000,12225.9,2781735,2142.1,81644,710.5,0.40,0.000094,582.1,0.000000,1006.9,112961,353.7,130035,774.6,-4.47,-0.001545,222.1,0.033634,943.7,77497,909.2,76951,919.5,194.12,0.033417,402.1,0.000000,7030.9,86891,369.0,114639,691.8,2.20,0.000749,0.0001603,0.1015,80343,318.8,0.000000,0.0001596,0.1024,91495,331.8,-0.006132,0.0000427,0.1023,112530,351.2,-0.000000,0.0000290,0.1014,88505,312.5,0.029971
43.05,0.0011958,43.0,0.000000,100.0,2685063,2125.3,81276,709.8,0.55,0.000130,583.0,-0.000000,782.5,113607,354.3,137787,787.1,-7.69,-0.002771,223.0,0.032664,870.3,75821,904.1,74906,913.3,191.77,0.032355,403.0,0.000000,611.8,86542,367.2,112914,689.4,1.81,0.000609,0.0001603,0.1015,80465,318.9,0.000000,0.0001595,0.1024,90808,331.1,-0.005411,0.0000418,0.1023,112588,351.2,0.000000,0.0000299,0.1014,88170,311.9,0.030585
44.03,0.0012231,44.0,0.000000,800.4,2592799,2108.8,80938,709.1,0.52,0.000123,584.0,0.000000,498.7,114295,354.9,144674,797.9,-5.30,-0.001976,224.0,0.032095,864.8,74185,899.0,72804,906.9,188.69,0.031158,404.0,-0.000000,694.9,86213,365.4,111699,687.7,1.23,0.000411,0.0001603,0.1015,80577,319.0,0.000000,0.0001593,0.1024,90172,330.5,-0.004756,0.0000409,0.1023,112607,351.2,0.000000,0.0000307,0.1014,87852,311.3,0.031167
45.06,0.0012517,45.1,0.000000,658.2,2500819,2091.9,80574,708.4,0.56,0.000132,585.1,-0.000000,575.2,115058,355.6,147346,802.0,-1.36,-0.000514,225.1,0.031875,859.5,72494,893.7,71222,901.6,189.13,0.030731,405.1,0.000000,583.0,85886,363.6,111049,686.8,0.56,0.000185,0.0001603,0.1015,80686,319.1,0.000000,0.0001592,0.1024,89556,329.9,-0.004136,0.0000400,0.1023,112597,351.2,0.000000,0.0000316,0.1014,87535,310.7,0.031739
46.05,0.0012791,46.0,0.000000,894.0,2416932,2076.1,80137,707.5,0.73,0.000170,586.0,0.000000,744.0,115829,356.3,146688,801.2,0.97,0.000364,226.0,0.032053,922.8,70868,888.4,71141,900.1,198.90,0.032337,406.0,0.000000,536.1,85589,362.0,110950,686.7,0.02,0.000006,0.0001603,0.1015,80795,319.3,0.000000,0.0001591,0.1024,89006,329.3,-0.003566,0.0000391,0.1023,112577,351.2,-0.000000,0.0000325,0.1014,87245,310.1,0.032282
47.03,0.0013065,47.0,0.000000,1184.2,2336845,2060.7,79579,706.4,0.91,0.000211,587.0,0.000000,895.6,116640,357.0,144619,798.6,1.93,0.000719,227.0,0.030363,917.0,69354,883.5,69044,893.7,194.88,0.030972,407.0,-0.000000,572.6,85305,360.4,111148,687.1,-0.26,-0.000085,0.0001603,0.1015,80919,319.4,0.000000,0.0001590,0.1024,88482,328.8,-0.003056,0.0000383,0.1023,112566,351.2,0.000000,0.0000334,0.1014,86968,309.6,0.032786
48.06,0.0013351,48.1,0.000000,4654.4,2256971,2044.9,78948,705.1,0.95,0.000218,588.1,-0.000000,993.7,117532,357.8,142049,795.3,2.14,0.000787,228.1,0.030163,911.4,67788,878.2,67364,888.0,193.71,0.030228,408.1,0.000000,100.0,85021,358.8,111404,687.6,-0.25,-0.000084,0.0001603,0.1015,81081,319.6,0.000000,0.0001590,0.1024,87954,328.3,-0.002583,0.0000374,0.1023,112574,351.2,-0.000000,0.0000343,0.1014,86690,309.1,0.033281
49.05,0.0013625,49.0,0.000000,416.8,2184066,2030.0,78433,704.0,0.77,0.000177,589.0,-0.000000,3461.4,118425,358.6,139928,792.5,1.77,0.000643,229.0,0.029243,839.7,66351,873.4,65294,881.4,188.97,0.028797,409.0,0.000000,100.0,84762,357.4,111524,687.9,-0.10,-0.000035,0.0001603,0.1015,81282,319.8,0.000000,0.0001589,0.1024,87457,327.8,-0.002160,0.0000366,0.1023,112606,351.2,-0.000000,0.0000353,0.1014,86438,308.6,0.033765
50.03,0.0013899,50.0,0.000000,2098.6,2114410,2015.5,78156,703.5,0.33,0.000076,590.0,-0.000000,492.3,119358,359.4,138607,790.8,0.99,0.000358,230.0,0.029776,901.6,64881,868.3,64980,879.2,196.52,0.029877,410.0,-0.000000,3356.6,84516,356.0,111556,687.9,-0.04,-0.000012,0.0001603,0.1015,81547,320.1,0.000000,0.0001589,0.1024,86964,327.2,-0.001792,0.0000358,0.1023,112658,351.3,-0.000000,0.0000362,0.1014,86200,308.2,0.034241
51.07,0.0014185,51.1,0.000000,2088.4,2044890,2000.7,78254,703.7,-0.29,-0.000066,591.1,-0.000000,2463.8,120376,360.3,138345,790.5,-0.00,-0.000002,231.1,0.028476,896.1,63433,863.2,63391,873.8,195.08,0.029112,411.1,-0.000000,100.0,84272,354.6,111656,688.1,-0.13,-0.000045,0.0001603,0.1015,81921,320.5,0.000000,0.0001588,0.1024,86454,326.7,-0.001462,0.0000350,0.1023,112709,351.3,-0.000000,0.0000372,0.1014,85966,307.7,0.034734
52.05,0.0014459,52.1,0.000000,100.0,1981402,1986.7,78742,704.7,-0.90,-0.000206,592.1,0.000000,703.5,121390,361.1,138939,791.4,-0.64,-0.000232,232.1,0.027659,825.5,62102,858.4,61308,866.8,189.04,0.027503,412.1,0.000000,488.8,84053,353.3,111731,688.3,-0.04,-0.000014,0.0001603,0.1015,82396,321.0,0.000000,0.0001588,0.1024,85978,326.2,-0.001174,0.0000343,0.1023,112737,351.4,-0.000000,0.0000382,0.1014,85762,307.3,0.035217
53.04,0.0014732,53.0,0.000000,2441.1,1920713,1973.1,79456,706.3,-1.14,-0.000265,593.0,-0.000000,100.0,122443,362.0,139636,792.5,-0.55,-0.000198,233.0,0.028128,886.4,60740,853.5,60985,864.7,195.97,0.028431,413.0,-0.000000,100.0,83845,352.1,111467,687.9,0.49,0.000163,0.0001603,0.1015,82998,321.7,0.000000,0.0001588,0.1024,85522,325.7,-0.000931,0.0000335,0.1023,112736,351.4,-0.000000,0.0000391,0.1014,85583,307.0,0.035649
54.07,0.0015019,54.1,0.000000,100.0,1860105,1959.2,80045,707.5,-0.75,-0.000175,594.1,0.000000,100.0,123586,363.0,139752,792.7,0.05,0.000017,234.1,0.026902,881.1,59400,848.5,59502,859.4,194.20,0.027660,414.1,-0.000000,599.9,83639,350.8,109943,685.8,2.06,0.000678,0.0001603,0.1015,83751,322.5,0.000000,0.0001587,0.1024,85074,325.2,-0.000718,0.0000327,0.1023,112696,351.3,-0.000000,0.0000402,0.1014,85410,306.6,0.036074
55.05,0.0015292,55.1,0.000000,674.4,1804709,1946.1,80208,707.9,-0.14,-0.000034,595.1,0.000000,100.0,124719,363.9,139188,791.9,0.65,0.000233,235.1,0.026096,875.6,58170,843.9,57686,853.1,188.97,0.026284,415.1,-0.000000,337.8,83451,349.7,107250,681.9,3.29,0.001064,0.0001603,0.1015,84569,323.4,0.000000,0.0001587,0.1024,84677,324.8,-0.000539,0.0000320,0.1023,112606,351.2,0.000000,0.0000412,0.1014,85252,306.3,0.036473
56.04,0.0015566,56.0,0.000000,459.4,1751707,1933.3,80317,708.1,-0.29,-0.000069,596.0,-0.000000,1123.0,125893,364.9,138066,790.5,1.10,0.000397,236.0,0.025607,807.2,56972,839.3,55991,847.1,184.15,0.025038,416.0,-0.000000,100.0,83271,348.6,104326,677.5,3.41,0.001080,0.0001603,0.1015,85460,324.4,0.000000,0.0001587,0.1024,84312,324.4,-0.000395,0.0000313,0.1023,112468,351.1,0.000000,0.0000422,0.1014,85099,306.0,0.036834
57.07,0.0015852,57.1,0.000000,376.5,1698731,1920.2,83655,715.2,-8.17,-0.001965,597.1,-0.000000,885.4,127162,365.9,136582,788.5,1.34,0.000477,237.1,0.025402,802.8,55732,834.4,54809,842.4,183.48,0.024557,417.1,-0.000000,2080.0,83090,347.5,101702,673.6,2.97,0.000922,0.0001603,0.1015,86466,325.4,0.000000,0.0001587,0.1024,83961,324.0,-0.000279,0.0000306,0.1023,112288,351.0,0.000000,0.0000432,0.1014,84943,305.7,0.037167
58.05,0.0016126,58.1,0.000000,467.8,1650268,1908.0,97833,743.4,-21.81,-0.005903,598.1,0.000000,801.3,128418,366.9,135027,786.4,1.47,0.000520,238.1,0.025537,862.0,54535,829.7,54793,841.2,191.95,0.025719,418.1,-0.000000,748.8,82921,346.5,99332,669.9,3.02,0.000922,0.0001603,0.1015,87516,326.6,0.000000,0.0001587,0.1024,83651,323.7,-0.000193,0.0000299,0.1023,112094,350.8,0.000000,0.0000443,0.1014,84794,305.5,0.037454
59.04,0.0016400,59.0,0.000000,1948.1,1603864,1896.0,111190,767.5,-13.60,-0.004052,599.0,-0.000000,278.9,129715,367.9,133268,784.0,1.72,0.000602,239.0,0.024148,857.1,53428,825.2,53438,836.2,188.92,0.024836,419.0,0.000000,100.0,82755,345.5,96427,665.4,4.00,0.001193,0.0001603,0.1015,88684,327.8,0.000000,0.0001587,0.1024,83362,323.4,-0.000134,0.0000292,0.1023,111887,350.6,0.000000,0.0000453,0.1014,84643,305.2,0.037685
60.07,0.0016686,60.1,0.000000,157.2,1557440,1883.7,115810,775.4,-3.06,-0.000941,600.1,0.000000,2003.3,131115,369.0,131031,781.0,2.14,0.000740,240.1,0.023962,852.6,52281,820.5,52561,832.3,190.02,0.024685,420.1,0.000000,579.3,82581,344.5,92265,658.7,5.63,0.001623,0.0001603,0.1015,90056,329.2,0.000000,0.0001587,0.1024,83078,323.1,-0.000097,0.0000285,0.1023,111665,350.4,0.000000,0.0000464,0.1014,84483,304.9,0.037869
61.05,0.0016959,61.1,0.000000,1030.9,1514933,1872.2,115467,774.9,0.82,0.000252,601.1,-0.000000,509.3,132499,370.1,128510,777.5,2.51,0.000854,241.1,0.023233,848.1,51229,816.1,51430,827.8,188.27,0.024061,421.1,0.000000,100.0,82413,343.6,87486,650.7,6.81,0.001884,0.0001603,0.1015,91506,330.7,0.000000,0.0001587,0.1024,82780,322.7,-0.000011,0.0000279,0.1023,111457,350.2,-0.000000,0.0000474,0.1014,84329,304.7,0.038010
62.04,0.0017232,62.0,0.000000,584.4,1474192,1860.9,114673,773.6,0.57,0.000173,602.0,0.000000,2246.6,133922,381.0,125803,773.7,2.70,0.000904,242.0,0.022795,843.7,50204,811.7,50430,823.6,187.38,0.023600,422.0,0.000000,387.4,82244,342.7,82548,642.0,7.28,0.001925,0.0001603,0.1015,93058,332.3,0.000000,0.0001587,0.1024,82513,322.4,0.000000,0.0000273,0.1023,111261,350.0,0.000000,0.0000485,0.1014,84175,304.4,0.038130
63.07,0.0017518,63.1,0.000000,3384.7,1433398,1849.3,115010,774.2,-0.60,-0.000184,603.1,0.000000,478.0,135457,382.2,122942,769.6,2.78,0.000914,243.1,0.021776,838.3,49200,807.4,48772,817.5,180.42,0.022141,423.1,0.000000,6026.5,82068,341.8,77735,633.2,7.04,0.001779,0.0001603,0.1015,94745,334.0,0.000000,0.0001587,0.1024,82239,322.1,0.000000,0.0000266,0.1023,111076,349.9,0.000000,0.0000496,0.1014,84019,304.2,0.038270
64.05,0.0017792,64.0,0.000000,888.0,1395996,1838.5,116514,776.7,-1.96,-0.000605,604.0,0.000000,733.4,136973,383.4,120180,765.6,2.89,0.000932,244.0,0.021970,834.3,48224,803.1,47985,813.8,180.54,0.021898,424.0,0.000000,100.0,81903,341.0,73954,626.0,5.95,0.001446,0.0001603,0.1015,96396,335.6,0.000000,0.0001587,0.1024,81956,321.8,0.000000,0.0000260,0.1023,110916,349.7,0.000000,0.0000506,0.1014,83877,304.0,0.038450
65.03,0.0018065,65.0,0.000000,262.9,1360105,1827.9,119055,781.0,-2.85,-0.000894,605.0,0.000000,587.1,138537,384.6,117293,761.3,3.11,0.000987,245.0,0.021519,830.6,47274,798.9,47413,811.1,182.42,0.021936,425.0,0.000000,589.4,81745,340.2,71260,620.7,4.32,0.001020,0.0001603,0.1015,98081,337.2,0.000000,0.0001587,0.1024,81633,321.4,0.000000,0.0000255,0.1023,110766,349.6,-0.000000,0.0000517,0.1014,83739,303.8,0.038661
66.06,0.0018351,66.1,0.000000,573.1,1324124,1817.0,121969,785.8,-2.88,-0.000919,606.1,0.000000,584.0,140226,385.8,114051,756.4,3.45,0.001069,246.1,0.020592,825.7,46342,794.6,46113,805.7,177.77,0.020929,426.1,0.000000,100.0,81587,339.4,69783,617.7,1.90,0.000440,0.0001603,0.1015,99876,339.0,0.000000,0.0001587,0.1024,81240,321.0,0.000000,0.0000249,0.1023,110605,349.4,0.000000,0.0000528,0.1014,83592,303.6,0.038869
67.05,0.0018624,67.0,0.000000,2287.1,1291126,1806.9,124568,790.0,-2.63,-0.000854,607.0,0.000000,808.8,141892,387.1,110771,751.4,3.71,0.001125,247.0,0.020757,821.8,45436,790.5,45569,802.6,181.41,0.021187,427.0,0.000000,100.0,81439,338.6,70467,619.4,-2.13,-0.000498,0.0001603,0.1015,101607,340.6,0.000000,0.0001587,0.1024,80810,320.5,0.000000,0.0000243,0.1023,110433,349.3,-0.000000,0.0000538,0.1014,83438,303.4,0.038996
68.03,0.0018897,68.0,0.000000,507.0,1259442,1796.9,127303,794.4,-2.87,-0.000945,608.0,0.000000,529.3,143611,388.4,107478,746.2,3.79,0.001123,248.0,0.019655,759.0,44600,786.5,43818,795.4,173.61,0.019674,428.0,0.000000,100.0,81284,337.9,74887,629.6,-9.24,-0.002260,0.0001603,0.1015,103306,342.2,0.000000,0.0001587,0.1024,80338,320.0,0.000000,0.0000238,0.1023,110234,349.1,0.000000,0.0000549,0.1014,83255,303.2,0.038920
69.06,0.0019183,69.1,0.000000,1097.9,1227640,1786.7,131286,800.7,-4.11,-0.001387,609.1,0.000000,1062.9,145467,389.7,104230,740.9,3.64,0.001052,249.1,0.020315,812.4,43674,782.2,43797,794.5,180.40,0.020456,429.1,0.000000,100.0,81108,337.2,82811,647.4,-12.20,-0.003210,0.0001603,0.1015,104995,343.7,0.000000,0.0001587,0.1024,79817,319.4,0.000000,0.0000232,0.1023,109980,348.9,-0.000000,0.0000560,0.1014,83043,302.9,0.038684
70.04,0.0019456,70.0,0.000000,6243.3,1198431,1777.1,136478,808.7,-5.00,-0.001735,610.0,0.000000,100.0,147301,391.1,101432,736.3,3.35,0.000950,250.0,0.017506,809.5,42975,778.7,43444,794.5,148.51,0.016706,430.0,0.000000,100.0,80922,336.4,89030,660.8,-8.27,-0.002291,0.0001603,0.1015,106485,345.1,0.000000,0.0001587,0.1024,79317,318.8,0.000000,0.0000227,0.1023,109689,348.6,-0.000000,0.0000571,0.1014,82810,302.7,0.038319
71.07,0.0019741,71.1,0.000000,316.5,1169101,1767.3,141491,816.3,-4.02,-0.001434,611.1,0.000000,505.1,149281,392.5,98846,731.9,3.04,0.000844,251.1,0.006238,793.2,43050,778.6,46449,811.9,2.50,0.000294,431.1,0.000000,1142.0,80704,335.7,92894,668.9,-4.69,-0.001340,0.0001603,0.1015,107893,346.4,0.000000,0.0001587,0.1024,78813,318.2,0.000000,0.0000225,0.1023,109336,348.3,-0.000000,0.0000581,0.1014,82536,302.4,0.037823
72.05,0.0020014,72.1,0.000000,1683.4,1142154,1758.1,144463,820.8,-2.20,-0.000797,612.1,0.000000,100.0,151236,393.9,96630,728.1,2.81,0.000768,252.1,-0.009488,821.9,44248,783.8,49411,824.1,-121.88,-0.015032,432.1,0.000000,3671.6,80471,335.0,96223,675.8,-4.77,-0.001397,0.0001603,0.1015,109092,347.5,0.000000,0.0001587,0.1024,78367,317.7,0.000000,0.0000228,0.1023,108959,347.9,0.000000,0.0000592,0.1014,82247,302.1,0.037224
73.03,0.0020287,73.0,0.000000,1066.5,1116240,1749.1,145635,822.5,-0.77,-0.000280,613.0,0.000000,100.0,153254,395.3,94581,724.5,2.67,0.000718,253.0,-0.018234,839.9,46151,792.4,51524,830.9,-158.90,-0.020268,433.0,-0.000000,904.0,80213,334.3,100857,685.3,-6.17,-0.001869,0.0001603,0.1015,110150,348.4,0.000000,0.0001587,0.1024,77967,317.3,0.000000,0.0000233,0.1023,108550,347.6,0.000000,0.0000602,0.1014,81934,301.7,0.036574
74.06,0.0020572,74.1,0.000000,1178.3,1090204,1739.9,146159,823.3,-0.48,-0.000176,614.1,0.000000,1297.0,155433,396.8,92568,720.9,2.57,0.000679,254.1,-0.020155,852.3,48371,802.2,54703,842.3,-163.02,-0.021779,434.1,0.000000,665.0,79918,333.5,105608,694.8,-5.12,-0.001601,0.0001603,0.1015,111116,349.3,0.000000,0.0001587,0.1024,77603,316.8,0.000000,0.0000239,0.1023,108093,347.2,-0.000000,0.0000612,0.1014,81583,301.4,0.035875
75.04,0.0020845,75.0,0.000000,523.2,1066261,1731.3,147479,825.2,-1.46,-0.000537,615.0,0.000000,12197.0,157586,398.3,90753,717.7,2.48,0.000644,255.0,-0.021029,859.1,50632,811.8,57241,851.1,-158.61,-0.021944,435.0,0.000000,100.0,79612,332.8,107883,699.2,-2.02,-0.000640,0.0001603,0.1015,111924,350.0,0.000000,0.0001587,0.1024,77308,316.5,0.000000,0.0000244,0.1023,107628,346.7,0.000000,0.0000621,0.1014,81228,301.0,0.035163
76.07,0.0021130,76.1,0.000000,1275.7,1042191,1722.4,150718,830.0,-2.99,-0.001115,616.1,0.000000,728.2,159910,399.9,88983,714.4,2.35,0.000601,256.1,-0.021905,867.5,53141,822.1,59181,857.7,-161.33,-0.022899,436.1,0.000000,495.6,79271,332.1,107769,699.2,0.58,0.000184,0.0001603,0.1015,112671,350.6,0.000000,0.0001587,0.1024,77060,316.2,0.000000,0.0000251,0.1023,107115,346.3,0.000000,0.0000631,0.1014,80842,300.6,0.034464
77.05,0.0021402,77.0,0.000000,205.8,1020045,1714.1,154880,836.0,-3.46,-0.001317,617.0,0.000000,1572.0,162207,401.4,87440,711.6,2.16,0.000547,257.0,-0.021967,876.3,55627,831.8,61925,867.3,-158.56,-0.023288,437.0,0.000000,564.8,78928,331.4,106590,697.4,1.45,0.000454,0.0001603,0.1015,113321,351.2,0.000000,0.0001587,0.1024,76881,316.0,0.000000,0.0000257,0.1023,106605,345.8,-0.000000,0.0000640,0.1014,80472,300.2,0.033823
78.07,0.0021687,78.1,0.000000,100.0,997762,1705.7,158642,841.3,-2.65,-0.001028,618.1,0.000000,100.0,164688,403.1,86044,708.9,1.87,0.000468,258.1,-0.022482,885.3,58357,842.0,64761,876.9,-155.20,-0.023578,438.1,-0.000000,1394.9,78562,330.6,105471,695.7,1.11,0.000346,0.0001603,0.1015,113957,351.7,0.000000,0.0001587,0.1024,76753,315.8,0.000000,0.0000263,0.1023,106068,345.3,0.000000,0.0000650,0.1014,80119,299.8,0.033372
79.05,0.0021959,79.1,0.000000,2795.5,977244,1697.7,160859,844.4,-1.50,-0.000588,619.1,0.000000,551.7,167142,404.7,84976,706.9,1.50,0.000370,259.1,-0.022607,892.9,61064,851.8,67345,885.4,-149.81,-0.023439,439.1,-0.000000,100.0,78218,329.9,105285,695.4,-0.04,-0.000011,0.0001603,0.1015,114531,352.2,0.000000,0.0001587,0.1024,76682,315.8,0.000000,0.0000269,0.1023,105576,344.8,-0.000000,0.0000659,0.1014,79820,299.5,0.033200
80.03,0.0022231,80.0,0.000000,1903.5,957469,1689.9,161765,845.7,-0.50,-0.000195,620.0,0.000000,615.5,169676,406.4,84200,705.4,1.08,0.000264,260.0,-0.022377,899.6,63838,861.3,69690,893.0,-142.60,-0.022892,440.0,0.000000,1363.9,77894,329.3,106249,697.3,-1.48,-0.000465,0.0001603,0.1015,115063,352.7,0.000000,0.0001587,0.1024,76657,315.7,0.000000,0.0000275,0.1023,105126,344.4,0.000000,0.0000668,0.1014,79598,299.2,0.033405
81.05,0.0022515,81.1,0.000000,814.2,937552,1681.9,161604,845.5,0.29,0.000112,621.1,0.000000,100.0,172415,408.1,83668,704.4,0.70,0.000170,261.1,-0.021643,905.4,66764,870.8,71605,899.0,-134.14,-0.021978,441.1,-0.000000,100.0,77605,328.6,108357,701.5,-2.53,-0.000805,0.0001603,0.1015,115555,353.1,0.000000,0.0001587,0.1024,76674,315.7,0.000000,0.0000281,0.1023,104717,344.0,-0.000000,0.0000678,0.1014,79472,299.1,0.034338
82.03,0.0022787,82.0,0.000000,11848.3,919192,1674.4,160725,844.4,0.79,0.000310,622.0,0.000000,783.0,175125,409.9,83320,703.7,0.51,0.000124,262.0,-0.019885,935.6,69495,879.3,74038,906.5,-119.23,-0.020032,442.0,0.000000,562.1,77397,328.1,110592,705.8,-2.53,-0.000815,0.0001603,0.1015,115948,353.5,0.000000,0.0001587,0.1024,76737,315.8,0.000000,0.0000287,0.1023,104383,343.7,-0.000000,0.0000687,0.1014,79440,299.1,0.035788
83.06,0.0023071,83.1,0.000000,1016.2,900687,1666.7,159359,842.8,1.09,0.000426,623.1,0.000000,659.9,178056,411.7,82968,703.0,0.54,0.000131,263.1,-0.018677,915.1,72327,887.7,75347,910.4,-109.79,-0.018691,443.1,-0.000000,640.5,77258,327.6,112531,709.5,-1.97,-0.000644,0.0001603,0.1015,116265,353.7,0.000000,0.0001587,0.1024,76854,316.0,0.000000,0.0000292,0.1023,104084,343.4,-0.000000,0.0000698,0.1014,79504,299.1,0.037568
84.04,0.0023343,84.0,0.000000,740.7,883616,1659.5,157781,840.8,1.31,0.000506,624.0,0.000000,463.3,180958,413.5,82496,702.1,0.80,0.000192,264.0,-0.016065,939.9,74883,894.9,77924,918.0,-93.47,-0.016321,444.0,-0.000000,269.1,77209,327.2,113916,712.2,-1.46,-0.000481,0.0001603,0.1015,116480,353.9,0.000000,0.0001587,0.1024,77006,316.1,0.000000,0.0000296,0.1023,103827,343.2,0.000000,0.0000709,0.1014,79655,299.3,0.039568
85.06,0.0023627,85.1,0.000000,1054.8,866397,1652.1,155839,838.4,1.56,0.000598,625.1,0.000000,350.0,184098,415.4,81702,700.5,1.30,0.000311,265.1,-0.014974,925.4,77536,902.1,79995,923.8,-84.88,-0.015120,445.1,0.000000,896.6,77243,326.9,115061,714.3,-1.17,-0.000389,0.0001603,0.1015,116623,354.0,0.000000,0.0001587,0.1024,77188,316.3,0.000000,0.0000301,0.1023,103567,342.9,0.000000,0.0000721,0.1014,79878,299.5,0.041656
86.04,0.0023900,86.0,0.000000,454.4,850504,1645.2,153710,835.8,1.79,0.000676,626.0,0.000000,100.0,187208,417.3,80579,698.3,1.87,0.000443,266.0,-0.013942,947.9,80062,908.7,82305,930.2,-78.21,-0.014236,446.0,-0.000000,813.1,77353,326.7,116066,716.2,-1.10,-0.000365,0.0001603,0.1015,116701,354.1,0.000000,0.0001587,0.1024,77363,316.5,0.000000,0.0000304,0.1023,103309,342.7,0.000000,0.0000733,0.1014,80137,299.8,0.043642
87.06,0.0024184,87.1,0.000000,100.0,834468,1638.0,151332,832.8,1.90,0.000710,627.1,0.000000,2374.3,190575,419.3,79064,695.3,2.40,0.000561,267.1,-0.013150,937.1,82712,915.4,84402,935.8,-72.07,-0.013371,447.1,0.000000,612.0,77535,326.6,117072,718.1,-1.02,-0.000343,0.0001603,0.1015,116744,354.1,0.000000,0.0001587,0.1024,77533,316.7,0.000000,0.0000308,0.1023,103011,342.4,0.000000,0.0000746,0.1014,80452,300.2,0.045402
88.04,0.0024456,88.0,0.000000,100.0,819668,1631.4,149110,830.0,1.85,0.000683,628.0,0.000000,1393.7,193908,421.2,77405,691.9,2.73,0.000628,268.0,-0.011579,942.1,85178,921.5,86501,941.3,-61.81,-0.011683,448.0,0.000000,1155.6,77764,326.5,117875,719.6,-0.81,-0.000271,0.0001603,0.1015,116771,354.2,0.000000,0.0001587,0.1024,77691,316.9,0.000000,0.0000311,0.1023,102684,342.1,0.000000,0.0000758,0.1014,80795,300.5,0.046925
89.06,0.0024740,89.1,0.000000,886.8,804730,1624.5,147018,827.3,1.65,0.000605,629.1,0.000000,288.9,197518,423.3,75606,688.2,2.85,0.000645,269.1,-0.009560,946.8,87631,927.2,88395,946.2,-49.30,-0.009475,449.1,0.000000,455.1,78052,326.5,118340,720.5,-0.36,-0.000121,0.0001603,0.1015,116796,354.2,0.000000,0.0001587,0.1024,77869,317.1,0.000000,0.0000314,0.1023,102274,341.7,-0.000000,0.0000772,0.1014,81190,300.9,0.048246
90.04,0.0025012,90.0,0.000000,876.8,790933,1618.1,145336,825.1,1.39,0.000505,630.0,0.000000,438.2,201095,425.4,73905,684.6,2.88,0.000640,270.0,-0.007204,951.1,89816,932.1,90193,950.7,-36.99,-0.007218,450.0,-0.000000,617.3,78367,326.6,118213,720.4,0.28,0.000095,0.0001603,0.1015,116821,354.2,0.000000,0.0001587,0.1024,78085,317.4,0.000000,0.0000316,0.1023,101760,341.2,-0.000000,0.0000785,0.1014,81594,301.4,0.049405
91.07,0.0025296,91.1,0.000000,2757.7,777000,1611.6,143926,823.2,1.12,0.000403,631.1,0.000000,100.0,204970,427.6,72114,680.7,3.01,0.000655,271.1,-0.005049,961.1,91944,936.7,92294,955.9,-25.84,-0.005133,451.1,-0.000000,100.0,78730,326.6,117351,719.1,1.06,0.000356,0.0001603,0.1015,116836,354.2,0.000000,0.0001587,0.1024,78414,317.8,0.000000,0.0000317,0.1023,101011,340.5,0.000000,0.0000800,0.1014,82029,301.8,0.050404
92.05,0.0025568,92.0,0.000000,127.2,764122,1605.4,142819,821.7,0.95,0.000340,632.0,0.000000,1356.5,208812,429.7,70284,676.7,3.32,0.000710,272.0,-0.003808,960.0,93918,940.9,94098,960.2,-20.27,-0.004087,452.0,-0.000000,576.7,79103,326.8,115922,717.1,1.66,0.000552,0.0001603,0.1015,116829,354.2,0.000000,0.0001587,0.1024,78908,318.3,0.000000,0.0000318,0.1023,100028,339.5,0.000000,0.0000814,0.1014,82452,302.3,0.051228
93.07,0.0025852,93.1,0.000000,525.0,751110,1599.1,141742,820.3,0.92,0.000328,633.1,0.000000,2344.0,212977,432.0,68186,672.0,3.74,0.000781,273.1,-0.003149,964.8,95982,945.1,96083,964.9,-17.65,-0.003616,453.1,0.000000,2044.1,79514,326.9,114081,714.5,1.98,0.000651,0.0001603,0.1015,116787,354.2,0.000000,0.0001587,0.1024,79705,319.2,0.000000,0.0000319,0.1023,98713,338.3,-0.000000,0.0000828,0.1014,82903,302.7,0.051881
94.05,0.0026124,94.0,0.000000,672.1,739076,1593.2,140673,818.9,0.97,0.000344,634.0,0.000000,650.3,217110,434.2,66076,667.2,3.99,0.000813,274.0,-0.002803,969.3,97988,949.1,98024,969.4,-15.80,-0.003286,454.0,0.000000,542.2,79922,327.1,112279,711.9,2.00,0.000649,0.0001603,0.1015,116707,354.1,0.000000,0.0001587,0.1024,80780,320.5,0.000000,0.0000320,0.1023,97236,336.8,-0.000000,0.0000843,0.1014,83348,303.2,0.052414
95.07,0.0026409,95.1,0.000000,572.6,726911,1587.1,139509,817.3,1.01,0.000356,635.1,0.000000,793.0,221594,436.6,63958,662.2,3.86,0.000768,275.1,-0.000759,974.9,99925,952.8,101387,978.2,-3.54,-0.000756,455.1,0.000000,1669.9,80363,327.3,110538,709.3,1.85,0.000593,0.0001603,0.1015,116588,354.0,0.000000,0.0001587,0.1024,82188,322.0,0.000000,0.0000320,0.1023,95554,335.1,0.000000,0.0000858,0.1014,83833,303.7,0.052887
96.05,0.0026681,96.1,0.000000,1054.1,715654,1581.4,138370,815.8,1.05,0.000365,636.1,0.000000,1689.5,226045,438.9,62209,658.0,3.38,0.000658,276.1,0.000272,980.0,101727,956.2,102939,982.8,2.37,0.000511,456.1,0.000000,100.0,80798,327.5,109079,707.2,1.63,0.000518,0.0001603,0.1015,116449,353.9,0.000000,0.0001587,0.1024,83704,323.7,0.000000,0.0000320,0.1023,93900,333.5,0.000000,0.0000872,0.1014,84318,304.2,0.053361
97.03,0.0026953,97.0,0.000000,682.4,704754,1575.8,137186,814.2,1.10,0.000382,637.0,0.000000,100.0,230664,441.2,60831,654.6,2.67,0.000511,277.0,0.001802,984.8,103415,959.2,104063,986.4,7.96,0.001726,457.0,-0.000000,327.4,81247,327.7,107850,705.3,1.38,0.000434,0.0001603,0.1015,116288,353.7,0.000000,0.0001587,0.1024,85286,325.4,0.000000,0.0000320,0.1023,92272,331.8,0.000000,0.0000887,0.1014,84816,304.7,0.053857
98.06,0.0027238,98.1,0.000000,675.8,693725,1570.1,135888,812.4,1.16,0.000400,638.1,0.000000,638.2,235680,443.8,59891,652.3,1.65,0.000311,278.1,0.003549,989.4,105032,962.0,105146,989.7,13.63,0.002978,458.1,0.000000,1353.8,81734,327.9,106822,703.8,1.09,0.000341,0.0001603,0.1015,116093,353.6,0.000000,0.0001587,0.1024,86940,327.2,0.000000,0.0000319,0.1023,90649,330.1,0.000000,0.0000902,0.1014,85360,305.3,0.054389
99.04,0.0027510,99.0,0.000000,515.2,683513,1564.7,134637,810.7,1.16,0.000397,639.0,0.000000,905.8,240665,446.3,59558,651.5,0.48,0.000090,279.0,0.006775,1037.3,106252,963.9,109281,1000.0,34.54,0.007764,459.0,-0.000000,1452.6,82216,328.2,106099,702.7,0.80,0.000247,0.0001603,0.1015,115872,353.4,0.000000,0.0001587,0.1024,88509,328.9,0.000000,0.0000317,0.1023,89202,328.6,0.000000,0.0000917,0.1014,85901,305.8,0.054961
100.06,0.0027796,100.1,0.000000,171.7,673177,1559.2,133393,808.9,1.11,0.000376,640.1,0.000000,100.0,246083,448.9,59726,651.9,-0.50,-0.000094,280.1,0.006805,997.7,107571,966.0,109550,1001.2,35.95,0.008091,460.1,-0.000000,263.5,82739,328.5,105659,702.0,0.41,0.000126,0.0001603,0.1015,115599,353.1,0.000000,0.0001587,0.1024,90140,330.6,0.000000,0.0000315,0.1023,87819,327.1,-0.000000,0.0000933,0.1014,86485,306.4,0.055561
101.05,0.0028068,101.0,0.000000,6437.2,663602,1554.0,132233,807.3,1.11,0.000374,641.0,0.000000,72246.7,251471,451.5,60126,652.9,-0.86,-0.000164,281.0,0.008297,1001.1,108697,967.7,110159,1003.1,39.08,0.008828,461.0,0.000000,100.0,83257,328.8,105645,702.0,-0.09,-0.000028,0.0001603,0.1015,115297,352.9,0.000000,0.0001587,0.1024,91692,332.2,0.000000,0.0000313,0.1023,86624,325.9,0.000000,0.0000949,0.1014,87061,307.0,0.056173
102.03,0.0028342,102.0,0.000000,1224.1,654319,1548.9,130936,805.5,1.31,0.000439,642.0,0.000000,2576.1,257073,454.1,60456,653.8,-0.60,-0.000114,282.0,0.009638,1004.2,109695,969.0,110806,1004.9,42.90,0.009730,462.0,0.000000,466.9,83793,329.2,106164,703.0,-0.77,-0.000240,0.0001603,0.1015,114966,352.6,0.000000,0.0001587,0.1024,93220,333.7,0.000000,0.0000310,0.1023,85554,324.7,-0.000000,0.0000964,0.1014,87653,307.6,0.056772
103.06,0.0028628,103.1,0.000000,100.0,644915,1543.7,129112,802.9,1.83,0.000607,643.1,0.000000,687.1,263169,457.0,60568,654.1,-0.13,-0.000024,283.1,0.010822,1007.3,110619,970.2,111353,1006.5,47.35,0.010777,463.1,-0.000000,100.0,84373,329.5,107272,705.1,-1.35,-0.000424,0.0001603,0.1015,114603,352.3,0.000000,0.0001587,0.1024,94769,335.3,0.000000,0.0000307,0.1023,84567,323.6,0.000000,0.0000981,0.1014,88282,308.2,0.057366
104.04,0.0028901,104.0,0.000000,191.7,636197,1538.8,126816,799.6,2.35,0.000768,644.0,0.000000,5473.9,269241,459.7,60503,653.9,0.17,0.000033,284.0,0.013367,1010.0,111203,970.7,113467,1011.4,60.89,0.014051,464.0,0.000000,100.0,84944,329.9,108579,707.6,-1.55,-0.000488,0.0001603,0.1015,114257,352.0,0.000000,0.0001587,0.1024,96186,336.7,0.000000,0.0000303,0.1023,83749,322.7,0.000000,0.0000996,0.1014,88887,308.8,0.057910
105.03,0.0029175,105.0,0.000000,331.8,627743,1533.9,124296,795.9,2.52,0.000810,645.0,0.000000,100.0,275558,462.6,60439,653.8,0.08,0.000015,285.0,0.014207,1012.1,111697,971.0,113260,1011.1,64.17,0.014787,465.0,0.000000,100.0,85494,330.3,110194,710.7,-2.07,-0.000661,0.0001603,0.1015,113921,351.7,0.000000,0.0001587,0.1024,97536,338.0,0.000000,0.0000299,0.1023,83054,322.0,-0.000000,0.0001012,0.1014,89754,309.7,0.057160
106.06,0.0029462,106.1,0.000000,148.4,619177,1529.0,121816,792.2,2.37,0.000749,646.1,0.000000,153.8,282439,465.6,60528,654.0,-0.28,-0.000054,286.1,0.016627,1014.1,111888,970.6,114327,1013.3,75.40,0.017499,466.1,-0.000000,468.7,86116,330.7,114204,718.3,-5.39,-0.001764,0.0001603,0.1015,113581,351.4,0.000000,0.0001587,0.1024,98876,339.3,0.000000,0.0000295,0.1023,82457,321.3,-0.000000,0.0001029,0.1014,90176,310.1,0.058692
107.05,0.0029736,107.1,0.000000,213.0,611236,1524.4,119583,788.8,2.33,0.000727,647.1,0.000000,603.9,289296,468.5,60889,654.9,-0.87,-0.000166,287.1,0.016027,992.0,112160,970.4,111707,1008.4,71.85,0.016371,467.1,0.000000,100.0,86683,331.1,122213,733.0,-9.12,-0.003127,0.0001603,0.1015,113258,351.1,0.000000,0.0001587,0.1024,100077,340.5,0.000000,0.0000290,0.1023,82002,320.8,-0.000000,0.0001045,0.1014,91074,311.1,0.057690
108.04,0.0030011,108.0,0.000000,100.0,603536,1519.8,117121,785.0,2.75,0.000843,648.0,0.000000,164.3,296436,471.6,61497,656.5,-1.31,-0.000252,288.0,0.019217,991.1,111990,969.3,112858,1010.9,84.44,0.019391,468.0,0.000000,1123.2,87285,331.5,130360,747.5,-7.44,-0.002669,0.0001603,0.1015,112928,350.8,0.000000,0.0001587,0.1024,101182,341.5,0.000000,0.0000285,0.1023,81651,320.4,-0.000000,0.0001061,0.1014,91310,311.3,0.058894
109.07,0.0030298,109.1,0.000000,892.3,595735,1515.2,113813,779.9,3.66,0.001099,649.1,0.000000,142.0,304216,474.8,62173,658.2,-1.25,-0.000244,289.1,0.017687,951.5,112032,968.6,108204,1000.4,72.41,0.016111,469.1,0.000000,280.2,87874,331.9,135252,756.0,-3.63,-0.001338,0.0001603,0.1015,112564,350.5,0.000000,0.0001587,0.1024,102217,342.5,0.000000,0.0000280,0.1023,81381,320.1,0.000000,0.0001077,0.1014,92172,312.2,0.057499
110.06,0.0030573,110.1,0.000000,705.2,588504,1510.8,109952,773.7,4.45,0.001301,650.1,0.000000,269.2,311975,478.0,62611,659.3,-0.76,-0.000149,290.1,0.011900,953.9,112914,969.6,103262,983.6,59.93,0.012943,470.1,0.000000,1181.3,88466,332.3,137440,759.8,-1.79,-0.000668,0.0001603,0.1015,112191,350.1,0.000000,0.0001587,0.1024,103084,343.3,0.000000,0.0000277,0.1023,81204,319.9,-0.000000,0.0001093,0.1014,92366,312.4,0.058485
111.05,0.0030848,111.1,0.000000,1323.7,581490,1506.5,105862,767.0,4.74,0.001346,651.1,0.000000,100.0,320061,481.2,62756,659.7,-0.17,-0.000034,291.1,0.015206,958.5,113333,969.7,105109,980.1,70.72,0.015602,471.1,-0.000000,376.3,89015,332.7,139353,763.1,-1.89,-0.000709,0.0001603,0.1015,111793,349.8,0.000000,0.0001587,0.1024,103831,344.0,0.000000,0.0000272,0.1023,81092,319.8,0.000000,0.0001109,0.1014,93141,313.1,0.056884
112.04,0.0031123,112.0,0.000000,1161.0,574688,1502.3,102015,760.5,4.53,0.001250,652.0,0.000000,3148.6,328489,484.5,62637,659.4,0.33,0.000065,292.0,0.018187,961.4,113308,968.8,106385,974.8,86.05,0.019318,472.0,-0.000000,532.1,89588,333.1,142114,767.8,-2.62,-0.000996,0.0001603,0.1015,111377,349.4,0.000000,0.0001587,0.1024,104465,344.6,0.000000,0.0000267,0.1023,81031,319.7,0.000000,0.0001125,0.1014,93301,313.3,0.057719
113.03,0.0031398,113.0,0.000000,100.0,568090,1498.2,98680,754.7,4.01,0.001077,653.0,0.000000,100.0,337277,487.8,62307,658.6,0.73,0.000142,293.0,0.020984,962.8,112843,967.1,107093,968.9,95.34,0.021676,473.0,-0.000000,100.0,90116,333.4,145216,773.0,-2.64,-0.001020,0.0001603,0.1015,110949,349.0,0.000000,0.0001587,0.1024,104986,345.1,0.000000,0.0000262,0.1023,81004,319.7,0.000000,0.0001140,0.1014,93938,313.9,0.055938
114.07,0.0031685,114.1,0.000000,981.3,561404,1494.0,95876,749.7,3.26,0.000857,654.1,0.000000,100.0,346866,491.4,61834,657.5,0.94,0.000183,294.1,0.022702,962.6,112046,964.7,107118,963.4,102.12,0.023356,474.1,-0.000000,517.3,90653,333.8,147605,777.0,-1.65,-0.000646,0.0001603,0.1015,110490,348.6,0.000000,0.0001587,0.1024,105416,345.5,0.000000,0.0000255,0.1023,80999,319.7,-0.000000,0.0001156,0.1014,94644,314.6,0.055327
115.06,0.0031960,115.1,0.000000,100.0,555209,1490.0,93852,746.0,2.50,0.000648,655.1,0.000000,600.9,356440,494.9,61340,656.2,1.01,0.000194,295.1,0.023751,961.0,111077,961.9,106581,959.1,106.10,0.024253,475.1,0.000000,160.1,91181,334.2,148289,778.1,-0.25,-0.000098,0.0001603,0.1015,110036,348.2,0.000000,0.0001587,0.1024,105724,345.8,0.000000,0.0000249,0.1023,81004,319.7,-0.000000,0.0001172,0.1014,94630,314.6,0.055743
116.05,0.0032235,116.0,0.000000,100.0,549202,1486.2,92392,743.3,1.83,0.000467,656.0,0.000000,725.5,366425,498.5,60848,655.0,1.00,0.000192,296.0,0.024238,958.4,109980,958.9,105679,955.3,108.28,0.024640,476.0,-0.000000,100.0,91660,334.5,147410,777.0,1.06,0.000415,0.0001603,0.1015,109563,347.8,0.000000,0.0001587,0.1024,105951,346.0,0.000000,0.0000242,0.1023,81005,319.7,-0.000000,0.0001186,0.1014,95264,315.2,0.053802
117.04,0.0032510,117.0,0.000000,1081.6,543377,1482.4,91321,741.3,1.40,0.000354,657.0,0.000000,1159.8,376843,502.2,60381,653.9,0.96,0.000182,297.0,0.024401,955.4,108803,955.6,104537,951.7,109.47,0.024734,477.0,-0.000000,668.3,92157,334.8,145028,774.1,2.30,0.000887,0.0001603,0.1015,109067,347.3,0.000000,0.0001587,0.1024,106130,346.2,0.000000,0.0000235,0.1023,80993,319.7,-0.000000,0.0001201,0.1014,95368,315.3,0.054352
118.07,0.0032797,118.1,0.000000,877.5,537476,1478.5,90279,739.4,1.43,0.000359,658.1,0.000000,405.9,388221,506.1,59928,652.7,0.89,0.000168,298.1,0.024412,951.9,107509,952.1,103283,948.1,110.10,0.024674,478.1,0.000000,430.1,92636,335.1,141406,769.6,3.18,0.001201,0.0001603,0.1015,108532,346.8,0.000000,0.0001587,0.1024,106307,346.3,0.000000,0.0000228,0.1023,80943,319.6,0.000000,0.0001216,0.1014,95965,315.9,0.052648
119.06,0.0033072,119.1,0.000000,100.0,532007,1474.8,88995,736.9,1.93,0.000479,659.1,0.000000,198.9,399591,509.9,59525,651.7,0.84,0.000158,299.1,0.024269,948.4,106231,948.6,102079,944.6,109.94,0.024439,479.1,0.000000,1396.5,93113,335.5,137787,765.1,3.16,0.001172,0.0001603,0.1015,108022,346.4,0.000000,0.0001587,0.1024,106502,346.5,0.000000,0.0000222,0.1023,80845,319.5,-0.000000,0.0001231,0.1014,96164,316.1,0.053195
120.05,0.0033347,120.0,0.000000,537.3,526705,1471.3,87301,733.7,2.52,0.000617,660.0,0.000000,1365.0,411464,513.8,59135,650.8,0.83,0.000155,300.0,0.023944,944.8,104944,945.1,100943,941.3,109.04,0.024051,480.0,0.000000,304.3,93556,335.8,134974,761.4,2.34,0.000853,0.0001603,0.1015,107530,345.9,0.000000,0.0001587,0.1024,106735,346.7,0.000000,0.0000215,0.1023,80700,319.3,-0.000000,0.0001245,0.1014,96738,316.6,0.051629
121.04,0.0033621,121.0,0.000000,2114.7,521562,1467.8,85424,730.0,2.71,0.000652,661.0,0.000000,592.9,423864,517.8,58735,649.7,0.86,0.000161,301.0,0.023425,941.1,103681,941.5,99850,938.2,107.27,0.023484,481.0,0.000000,428.9,94021,336.1,133576,759.6,0.97,0.000353,0.0001603,0.1015,107067,345.5,0.000000,0.0001587,0.1024,106996,347.0,0.000000,0.0000209,0.1023,80522,319.1,0.000000,0.0001260,0.1014,96944,316.8,0.052262
122.07,0.0033908,122.1,-0.000000,100.0,516335,1464.2,83792,726.8,2.05,0.000486,662.1,0.000000,100.0,437425,522.1,58279,648.6,0.97,0.000178,302.1,0.022757,937.4,102413,937.9,98739,935.1,104.80,0.022764,482.1,0.000000,100.0,94473,336.4,133793,760.0,-0.52,-0.000189,0.0001603,0.1015,106615,345.1,-0.000000,0.0001587,0.1024,107278,347.2,0.000000,0.0000202,0.1023,80333,318.9,-0.000000,0.0001274,0.1014,97499,317.4,0.050762
123.06,0.0034182,123.1,0.000001,961.0,511328,1460.3,83441,726.1,0.05,0.000012,663.1,0.000000,644.0,450997,526.2,57751,647.2,1.21,0.000222,303.1,0.021989,933.9,101269,934.6,97710,932.2,101.92,0.021974,483.1,0.000000,1351.8,94926,336.7,135332,762.6,-1.64,-0.000597,0.0001603,0.1015,106196,344.7,-0.000000,0.0001587,0.1024,107532,347.4,0.000000,0.0000196,0.1023,80185,318.8,-0.000000,0.0001288,0.1014,97708,317.6,0.051258
124.04,0.0034457,124.0,-0.000022,728.3,506470,1456.5,84511,728.3,-2.22,-0.000531,664.0,0.000000,3560.8,465188,530.4,57021,645.3,1.72,0.000312,304.0,0.021153,930.6,100214,931.4,96805,929.5,98.37,0.021072,484.0,0.000000,1379.3,95347,337.0,137364,766.0,-1.84,-0.000678,0.0001603,0.1015,105770,344.3,-0.000000,0.0001587,0.1024,107756,347.7,0.000000,0.0000190,0.1023,80092,318.7,0.000000,0.0001302,0.1014,98199,318.0,0.049709
125.03,0.0034731,125.0,-0.000116,732.9,501763,1452.8,86676,732.8,-3.86,-0.000939,665.0,0.000000,695.4,480027,534.8,56031,642.8,2.29,0.000410,305.0,0.020073,927.5,99299,928.5,96230,927.5,92.65,0.019772,485.0,0.000000,1046.8,95761,337.3,138809,768.4,-1.10,-0.000408,0.0001603,0.1015,105314,343.8,0.000000,0.0001587,0.1024,107946,347.8,0.000000,0.0000185,0.1023,80060,318.6,-0.000000,0.0001315,0.1014,98898,318.7,0.049138
126.06,0.0035017,126.1,-0.000121,737.7,496993,1449.0,88968,737.4,-3.36,-0.000835,666.1,0.000000,100.0,496270,539.4,54966,639.9,2.23,0.000394,306.1,0.018100,924.7,98678,926.2,96399,927.1,80.36,0.017188,486.1,-0.000000,701.3,96217,337.6,139061,768.9,0.05,0.000020,0.0001603,0.1015,104778,343.3,-0.000000,0.0001587,0.1024,108112,348.0,0.000000,0.0000180,0.1023,80087,318.6,0.000000,0.0001330,0.1014,98887,318.7,0.049714
127.05,0.0035291,127.0,0.000020,978.5,492560,1445.5,90677,740.9,-1.94,-0.000490,667.0,0.000000,717.5,512543,543.9,54271,638.1,1.36,0.000238,307.0,0.014561,923.3,98742,925.5,97335,928.4,61.13,0.013185,487.0,0.000000,683.3,96621,337.9,138014,767.5,1.22,0.000451,0.0001603,0.1015,104188,342.8,0.000000,0.0001587,0.1024,108248,348.1,0.000000,0.0000176,0.1023,80172,318.7,0.000000,0.0001343,0.1014,99555,319.3,0.048090
128.04,0.0035565,128.0,0.000198,981.8,488242,1442.0,92214,744.4,-0.90,-0.000230,668.0,0.000000,1113.2,529572,548.5,54263,638.1,-0.31,-0.000055,308.0,0.010407,923.8,99636,926.5,98361,929.9,42.35,0.009214,488.0,0.000000,1626.0,97049,338.2,135791,764.7,2.25,0.000822,0.0001603,0.1015,103520,342.2,-0.000000,0.0001587,0.1024,108372,348.2,0.000000,0.0000173,0.1023,80306,318.9,-0.000000,0.0001356,0.1014,99590,319.3,0.048721
129.07,0.0035852,129.1,0.000383,986.0,483845,1438.4,94094,749.1,-0.33,-0.000086,669.1,0.000000,100.0,548224,553.4,55262,640.8,-2.71,-0.000481,309.1,0.007751,925.8,101173,928.9,99369,931.5,32.29,0.007085,489.1,-0.000000,455.7,97468,338.4,132603,760.5,2.99,0.001073,0.0001603,0.1015,102742,341.4,-0.000000,0.0001587,0.1024,108503,348.3,0.000000,0.0000170,0.1023,80478,319.1,0.000000,0.0001370,0.1014,100271,320.0,0.047229
130.05,0.0036125,130.1,0.000585,990.5,479749,1435.0,96083,754.4,0.61,0.000160,670.1,0.000000,100.0,566917,558.2,56862,645.2,-3.57,-0.000648,310.1,0.007236,928.5,102798,931.4,100413,933.0,32.21,0.007132,490.1,0.000000,318.9,97893,338.7,129182,755.9,3.32,0.001168,0.0001603,0.1015,101926,340.6,0.000000,0.0001587,0.1024,108643,348.5,0.000000,0.0000168,0.1023,80659,319.3,-0.000000,0.0001383,0.1014,100333,320.0,0.047873
131.04,0.0036399,131.0,0.000844,994.0,475749,1431.7,97689,759.6,2.68,0.000709,671.0,0.000000,1948.1,586483,563.0,58103,648.5,-2.40,-0.000442,311.0,0.008423,931.2,104206,933.4,101512,934.4,41.12,0.009189,491.0,0.000000,360.4,98292,339.0,125771,751.3,3.34,0.001150,0.0001602,0.1015,101029,339.8,0.000000,0.0001587,0.1024,108805,348.6,0.000000,0.0000166,0.1023,80852,319.5,-0.000000,0.0001395,0.1014,101021,320.7,0.046430
132.06,0.0036684,132.1,0.001193,995.6,471658,1428.2,98482,764.3,5.64,0.001495,672.1,0.000000,100.0,607924,568.2,58566,649.8,-0.61,-0.000114,312.1,0.010737,932.5,105158,934.3,102292,934.9,52.51,0.011819,492.1,0.000000,768.4,98737,339.3,122479,746.7,3.12,0.001053,0.0001602,0.1015,99985,338.8,0.000000,0.0001587,0.1024,109002,348.8,0.000000,0.0000163,0.1023,81068,319.7,-0.000000,0.0001409,0.1014,101083,320.7,0.047128
133.05,0.0036958,133.0,0.001613,995.2,467822,1424.9,98515,768.6,8.55,0.002254,673.0,0.000000,191.5,629426,573.3,58418,649.4,0.46,0.000085,313.0,0.013092,932.7,105518,934.0,102465,934.0,62.81,0.014174,493.0,-0.000000,1633.5,99137,339.6,119735,742.8,2.76,0.000917,0.0001602,0.1015,98862,337.7,-0.000000,0.0001587,0.1024,109213,349.0,0.000000,0.0000160,0.1023,81297,320.0,-0.000000,0.0001421,0.1014,101723,321.3,0.045669
134.03,0.0037231,134.0,0.002135,994.3,464046,1421.7,98335,773.8,11.34,0.002964,674.0,0.000000,100.0,651956,578.5,58195,648.8,0.34,0.000063,314.0,0.015139,931.9,105357,932.7,101997,931.8,72.05,0.016224,494.0,0.000000,704.8,99561,339.9,117456,739.6,2.31,0.000756,0.0001601,0.1015,97608,336.5,0.000000,0.0001587,0.1024,109436,349.2,0.000000,0.0000155,0.1023,81557,320.3,0.000000,0.0001434,0.1014,101782,321.3,0.046279
135.06,0.0037516,135.1,0.002686,993.3,460158,1418.4,98081,780.4,14.20,0.003671,675.1,0.000000,371.5,676671,584.0,58454,649.5,-0.99,-0.000183,315.1,0.016946,929.8,104660,930.1,100887,928.4,80.59,0.018015,495.1,0.000000,217.1,99978,340.2,115626,736.9,1.76,0.000568,0.0001600,0.1015,96163,335.0,-0.000000,0.0001587,0.1024,109674,349.4,0.000000,0.0000151,0.1023,81873,320.6,0.000000,0.0001447,0.1014,102307,321.8,0.044777
136.04,0.0037790,136.0,0.003259,992.7,456492,1415.2,97934,788.2,16.83,0.004302,676.0,0.000000,804.2,701487,589.4,60823,655.7,-6.63,-0.001265,316.0,0.018433,926.7,103529,926.7,99352,924.3,87.67,0.019383,496.0,-0.000000,714.9,100373,340.5,114424,735.1,1.19,0.000382,0.0001599,0.1015,94680,333.5,-0.000000,0.0001587,0.1024,109898,349.6,0.000000,0.0000146,0.1023,82225,321.0,0.000000,0.0001459,0.1014,102865,322.3,0.044157
137.07,0.0038076,137.1,0.003867,992.6,452708,1411.9,98027,798.6,19.62,0.004955,677.1,0.000000,100.0,728727,595.1,67865,673.2,-15.00,-0.003110,317.1,0.019596,922.3,101912,922.1,97265,919.2,94.10,0.020481,497.1,-0.000000,100.0,100805,340.8,113753,734.1,0.56,0.000179,0.0001598,0.1015,93066,331.9,-0.000000,0.0001587,0.1024,110121,349.8,0.000000,0.0000140,0.1023,82638,321.5,-0.000000,0.0001472,0.1014,102822,322.3,0.044449
138.06,0.0038349,138.1,0.004592,993.5,449121,1408.7,98570,811.2,22.58,0.005644,678.1,0.000000,186.5,756087,600.7,77419,695.0,-16.81,-0.003852,318.1,0.020476,917.1,99995,916.9,94880,913.6,99.41,0.021238,498.1,0.000000,567.6,101188,341.1,113706,734.1,-0.08,-0.000025,0.0001597,0.1015,91498,330.3,-0.000000,0.0001587,0.1024,110320,350.0,0.000000,0.0000134,0.1023,83061,322.0,0.000000,0.0001483,0.1014,103241,322.7,0.042728
139.04,0.0038623,139.0,0.005363,995.3,445560,1405.6,99490,826.3,25.82,0.006395,679.0,0.000000,1248.9,784788,606.4,86609,714.3,-13.62,-0.003397,319.0,0.026636,935.0,96249,907.6,96217,916.4,123.42,0.026655,499.0,-0.000000,987.1,101563,341.4,114269,735.1,-0.78,-0.000250,0.0001596,0.1015,89937,328.7,0.000000,0.0001587,0.1024,110501,350.1,0.000000,0.0000127,0.1023,83491,322.4,0.000000,0.0001495,0.1014,103664,323.1,0.041913
140.03,0.0038897,140.0,0.006195,997.8,442017,1402.4,100717,843.8,29.32,0.007199,680.0,0.000000,100.0,814896,612.2,93815,728.5,-9.33,-0.002472,320.0,0.025967,923.8,92457,897.9,93144,909.6,128.82,0.027134,500.0,0.000000,100.0,101929,341.6,115460,737.2,-1.44,-0.000463,0.0001594,0.1015,88405,327.1,-0.000000,0.0001587,0.1024,110663,350.3,0.000000,0.0000120,0.1023,83910,322.9,0.000000,0.0001506,0.1014,104067,323.4,0.041068
141.06,0.0039184,141.1,0.007118,1001.2,438324,1399.1,102344,864.4,33.17,0.008078,681.1,0.000000,301.4,847943,618.3,98750,737.9,-5.47,-0.001506,321.1,0.024174,872.2,88769,888.1,88191,898.2,123.08,0.024859,501.1,0.000000,2430.3,102322,341.9,117182,740.2,-1.85,-0.000602,0.0001592,0.1015,86851,325.4,0.000000,0.0001587,0.1024,110804,350.4,0.000000,0.0000113,0.1023,84323,323.3,0.000000,0.0001518,0.1014,103969,323.3,0.040982
142.05,0.0039458,142.0,0.008109,1005.2,434796,1396.0,104218,885.8,37.03,0.008961,682.0,0.000000,3392.0,881121,624.3,101552,743.1,-3.15,-0.000887,322.0,0.023488,863.4,85207,878.4,84101,887.8,119.49,0.023283,502.0,-0.000000,315.2,102665,342.1,118924,743.3,-1.82,-0.000598,0.0001590,0.1015,85422,323.9,-0.000000,0.0001587,0.1024,110902,350.5,0.000000,0.0000107,0.1023,84692,323.7,0.000000,0.0001528,0.1014,104245,323.6,0.039061
143.04,0.0039733,143.0,0.009136,1009.6,431267,1392.8,106318,908.0,41.08,0.009895,683.0,0.000000,100.0,915899,630.4,103333,746.3,-2.03,-0.000578,323.0,0.023127,888.5,81525,868.1,81407,879.9,122.04,0.023227,503.0,0.000000,1586.2,102995,342.4,120379,745.8,-1.42,-0.000473,0.0001587,0.1015,84060,322.4,0.000000,0.0001587,0.1024,110952,350.5,0.000000,0.0000100,0.1023,85028,324.1,0.000013,0.0001539,0.1014,104496,323.8,0.037978
144.07,0.0040020,144.1,0.010240,1014.2,427568,1389.4,108577,931.1,45.64,0.010949,684.1,0.000000,1069.9,954044,636.9,104789,749.0,-1.64,-0.000471,324.1,0.021288,844.4,78006,857.8,77483,868.7,116.90,0.021449,504.1,-0.000000,1276.7,103325,342.6,121383,747.5,-0.87,-0.000290,0.0001584,0.1015,82718,320.9,0.000000,0.0001587,0.1024,110946,350.5,0.000000,0.0000094,0.1023,85329,324.4,0.000073,0.0001549,0.1014,104736,324.0,0.036866
145.06,0.0040295,145.1,0.011416,1018.4,424014,1386.2,110629,951.9,50.39,0.012047,685.1,0.000000,318.5,992311,643.2,106062,751.2,-1.49,-0.000432,325.1,0.020430,866.2,74675,847.6,74814,860.2,116.08,0.020767,505.1,0.000000,201.0,103627,342.8,121848,748.3,-0.38,-0.000127,0.0001581,0.1015,81525,319.6,0.000000,0.0001587,0.1024,110888,350.5,0.000000,0.0000089,0.1023,85622,324.7,0.000080,0.0001559,0.1014,104962,324.2,0.035686
146.05,0.0040570,146.1,0.012638,1022.2,420439,1383.0,112505,970.8,55.41,0.013208,686.1,0.000000,1125.5,1032384,649.6,107157,753.2,-1.21,-0.000353,326.1,0.018382,827.5,71759,838.3,71276,849.7,107.87,0.018614,506.1,-0.000000,100.0,103916,343.1,121904,748.4,0.02,0.000007,0.0001578,0.1015,80426,318.4,-0.000000,0.0001587,0.1024,110786,350.4,0.000000,0.0000083,0.1023,85904,325.0,0.000081,0.0001569,0.1014,105184,324.4,0.034595
147.04,0.0040845,147.0,0.013928,1025.8,416835,1379.7,114321,987.3,60.45,0.014399,687.0,0.000000,324.5,1074305,656.1,107753,754.3,-0.50,-0.000146,327.0,0.017154,820.2,69026,829.3,68485,840.9,101.20,0.016955,507.0,0.000000,1369.5,104194,343.3,121610,748.0,0.39,0.000132,0.0001574,0.1015,79423,317.2,-0.000000,0.0001587,0.1024,110660,350.3,0.000000,0.0000079,0.1023,86164,325.3,0.000077,0.0001578,0.1014,105406,324.6,0.033560
148.03,0.0041120,148.0,0.015278,1029.7,413200,1376.4,116294,1001.7,65.35,0.015607,688.0,0.000000,100.0,1118116,662.6,107484,753.8,0.55,0.000162,328.0,0.015934,837.7,66489,820.6,66531,834.2,97.07,0.015924,508.0,-0.000000,100.0,104462,343.5,120884,747.0,0.86,0.000287,0.0001570,0.1015,78510,316.2,0.000000,0.0001587,0.1024,110521,350.1,0.000000,0.0000074,0.1023,86401,325.6,0.000072,0.0001587,0.1014,105639,324.8,0.032590
149.07,0.0041407,149.1,0.016708,1034.3,409360,1372.8,118656,1014.6,70.35,0.016926,689.1,0.000000,577.3,1165985,669.5,106223,751.8,1.63,0.000475,329.1,0.013808,808.2,64372,812.8,63858,825.7,86.02,0.013685,509.1,0.000000,994.6,104736,343.7,119577,745.1,1.44,0.000475,0.0001565,0.1015,77639,315.2,-0.000000,0.0001587,0.1024,110365,350.0,0.000000,0.0000070,0.1023,86603,325.8,0.000096,0.0001596,0.1014,105866,325.0,0.031697
150.06,0.0041682,150.1,0.018195,1039.1,405646,1369.4,121131,1025.1,75.23,0.018287,690.1,0.000000,462.9,1213787,676.2,104481,748.9,2.12,0.000607,330.1,0.013075,822.3,62452,805.2,62668,821.1,82.93,0.013021,510.1,-0.000000,100.0,104990,343.9,117820,742.6,1.96,0.000638,0.0001560,0.1015,76873,314.3,0.000000,0.0001587,0.1024,110203,349.8,0.000000,0.0000067,0.1023,86704,325.9,0.000321,0.0001605,0.1014,106113,325.2,0.030783
151.05,0.0041957,151.0,0.019717,1044.6,401883,1366.0,124006,1034.5,79.75,0.019664,691.0,0.000000,504.5,1263591,683.0,102866,746.2,1.82,0.000516,331.0,0.011582,815.3,60912,798.2,61240,815.8,77.60,0.011983,511.0,0.000000,100.0,105240,344.1,115737,739.5,2.29,0.000736,0.0001554,0.1015,76168,313.4,0.000000,0.0001587,0.1024,110019,349.7,0.000000,0.0000064,0.1023,86786,326.0,0.000501,0.0001613,0.1014,106369,325.4,0.029978
152.04,0.0042232,152.0,0.021278,1051.7,398070,1362.4,127796,1044.1,83.38,0.020992,692.0,0.000000,100.0,1315414,689.7,102038,744.9,0.72,0.000203,332.0,0.010338,794.9,59694,791.7,59334,808.9,69.11,0.010428,512.0,-0.000000,100.0,105487,344.2,113498,736.2,2.49,0.000788,0.0001548,0.1015,75524,312.7,0.000000,0.0001587,0.1024,109808,349.5,0.000000,0.0000061,0.1023,86864,326.1,0.000693,0.0001621,0.1014,106626,325.6,0.029256
153.07,0.0042519,153.1,0.022900,1062.5,394026,1358.7,133744,1056.6,85.23,0.022192,693.1,0.000000,100.0,1371758,696.9,102374,745.5,-0.72,-0.000204,333.1,0.009320,777.9,58701,785.2,57095,800.3,59.10,0.008673,513.1,0.000000,498.7,105758,344.4,110933,732.3,2.84,0.000884,0.0001542,0.1015,74923,312.0,0.000000,0.0001587,0.1024,109551,349.3,0.000000,0.0000059,0.1023,86937,326.1,0.000902,0.0001629,0.1014,106599,325.6,0.029214
154.06,0.0042794,154.1,0.024512,1075.4,390105,1355.1,141007,1070.3,87.10,0.023605,694.1,0.000000,502.7,1427704,703.7,103713,747.9,-1.81,-0.000515,334.1,0.006677,773.2,58648,781.4,54852,790.4,49.74,0.007101,514.1,0.000000,172.2,106005,344.6,108036,727.9,3.46,0.001055,0.0001535,0.1015,74423,311.4,-0.000000,0.0001587,0.1024,109270,349.0,0.000000,0.0000057,0.1023,86995,326.2,0.001138,0.0001637,0.1014,106873,325.8,0.028013
155.05,0.0043069,155.0,0.026199,1086.9,386122,1351.4,147798,1082.3,90.75,0.025492,695.0,0.000000,287.5,1485631,710.6,105413,751.0,-2.03,-0.000586,335.0,0.007099,767.0,58407,776.3,54601,786.3,48.68,0.006953,515.0,-0.000000,566.3,106256,344.8,104642,722.6,4.11,0.001225,0.0001528,0.1015,73999,310.9,0.000000,0.0001587,0.1024,108959,348.7,0.000000,0.0000056,0.1023,87049,326.2,0.001403,0.0001644,0.1014,107203,326.1,0.027568
156.04,0.0043344,156.0,0.027971,1096.3,382068,1347.6,153504,1091.8,95.11,0.027509,696.0,0.000000,2939.3,1545488,717.5,106891,753.6,-1.63,-0.000475,336.0,0.006967,761.1,58187,770.5,54145,780.6,48.61,0.006935,516.0,0.000000,100.0,106515,345.0,101012,716.7,4.44,0.001286,0.0001520,0.1015,73654,310.5,-0.000000,0.0001587,0.1024,108623,348.4,0.000000,0.0000054,0.1023,87114,326.3,0.001708,0.0001652,0.1014,107610,326.4,0.027275
157.07,0.0043631,157.1,0.029820,1103.7,377753,1343.5,158050,1098.9,100.30,0.029673,697.1,0.000000,2506.5,1610041,724.6,107883,755.4,-0.96,-0.000281,337.1,0.007047,753.1,57902,763.4,53816,774.7,48.34,0.006908,517.1,-0.000000,10085.2,106810,345.3,97401,710.7,4.27,0.001203,0.0001512,0.1015,73377,310.1,0.000000,0.0001587,0.1024,108254,348.1,0.000000,0.0000053,0.1023,87214,326.4,0.002066,0.0001660,0.1014,107696,326.5,0.027677
158.06,0.0043905,158.1,0.031581,1108.4,373558,1339.6,161100,1103.5,105.10,0.031563,698.1,0.000000,803.7,1673565,731.4,108319,756.1,-0.40,-0.000117,338.1,0.006757,744.4,57736,756.0,53541,768.9,45.56,0.006527,518.1,0.000000,101.5,107090,345.5,94432,705.7,3.73,0.001027,0.0001503,0.1015,73189,309.9,0.000000,0.0001587,0.1024,107896,347.7,0.000000,0.0000052,0.1023,87373,326.6,0.002475,0.0001667,0.1014,108107,326.8,0.026930
159.05,0.0044180,159.0,0.033187,1111.7,369308,1335.6,163142,1106.4,109.89,0.033334,699.0,0.000000,1005.1,1738682,738.2,108413,756.3,-0.06,-0.000018,339.0,0.006139,735.4,57801,748.7,53368,763.4,40.28,0.005793,519.0,0.000000,1585.1,107396,345.7,92071,701.6,3.01,0.000813,0.0001494,0.1015,73069,309.7,-0.000000,0.0001587,0.1024,107550,347.4,0.000000,0.0000051,0.1023,87710,326.9,0.002753,0.0001675,0.1014,108274,327.0,0.027435
160.04,0.0044454,160.0,0.034782,1113.6,365004,1331.5,164302,1107.8,114.97,0.035076,700.0,0.000000,401.3,1805463,747.1,108427,756.3,-0.04,-0.000011,340.0,0.008885,744.4,56716,736.9,56998,768.4,57.54,0.008780,520.0,-0.000000,920.8,107701,346.0,90306,698.5,2.27,0.000605,0.0001484,0.1015,73006,309.7,-0.000000,0.0001587,0.1024,107233,347.1,0.000000,0.0000049,0.1023,88217,327.4,0.003118,0.0001682,0.1014,108664,327.3,0.026739
161.07,0.0044741,161.1,0.036409,1114.4,360447,1327.2,164720,1108.0,120.51,0.036854,701.1,0.000000,100.0,1879146,755.2,108600,756.6,-0.25,-0.000074,341.1,0.007533,729.2,56109,725.8,56152,761.3,49.18,0.007461,521.1,-0.000000,333.2,108032,346.3,89037,696.2,1.54,0.000405,0.0001474,0.1015,72989,309.7,0.000000,0.0001587,0.1024,106941,346.9,0.000000,0.0000048,0.1023,89101,328.3,0.003320,0.0001690,0.1014,109083,327.6,0.026621
162.06,0.0045016,162.1,0.038037,1114.5,356031,1322.9,164618,1107.4,125.94,0.038511,702.1,0.000000,6163.1,1956573,765.0,108927,757.2,-0.40,-0.000117,342.1,0.006922,744.9,55829,714.8,55597,753.9,44.32,0.006724,522.1,0.000000,404.7,108360,346.5,88319,694.9,0.89,0.000232,0.0001463,0.1015,73009,309.7,0.000000,0.0001587,0.1024,106694,346.6,0.000000,0.0000047,0.1023,90054,329.3,0.003946,0.0001697,0.1014,109490,328.0,0.026396
163.05,0.0045291,163.0,0.039645,1114.1,351560,1318.6,164287,1106.5,131.46,0.040151,703.0,0.000000,100.0,2044254,778.2,109262,757.8,-0.37,-0.000109,343.0,0.007036,705.9,55520,703.0,55488,746.6,44.41,0.006790,523.0,0.000000,100.0,108695,346.8,88005,694.4,0.35,0.000092,0.0001453,0.1015,73058,309.7,0.000000,0.0001587,0.1024,106452,346.4,0.000000,0.0000046,0.1023,91245,330.5,0.004392,0.0001704,0.1014,109868,328.3,0.026118
164.03,0.0045565,164.0,0.041279,1113.8,347031,1314.2,163935,1105.5,137.01,0.041793,704.0,0.000000,442.9,2145779,795.8,109501,758.2,-0.24,-0.000071,344.0,0.007104,691.8,55250,690.1,55169,737.4,44.86,0.006904,524.0,0.000000,411.7,109037,347.1,87947,694.3,0.04,0.000011,0.0001441,0.1015,73139,309.8,0.000000,0.0001587,0.1024,106187,346.2,0.000000,0.0000046,0.1023,92570,331.8,0.005030,0.0001711,0.1014,110196,328.5,0.025733
165.07,0.0045852,165.1,0.057144,1142.5,340985,1308.5,178378,1127.1,181.63,0.059133,705.1,0.000000,100.0,2270684,820.3,109568,758.3,-0.01,-0.000004,345.1,0.007210,676.6,55077,675.2,54959,727.1,43.82,0.006814,525.1,-0.000000,256.0,109398,347.4,87941,694.3,0.03,0.000009,0.0001425,0.1015,73262,310.0,0.000000,0.0001587,0.1024,105833,345.8,0.000000,0.0000046,0.1023,93908,333.2,0.006004,0.0001719,0.1014,110473,328.8,0.025234
166.06,0.0046127,166.1,0.062679,1143.8,334833,1302.7,179169,1127.7,194.02,0.063412,706.1,0.000000,2478.8,2411788,850.3,109394,758.1,0.27,0.000081,346.1,0.006968,661.9,55199,660.4,55204,718.4,39.93,0.006311,526.1,-0.000000,16055.3,109744,347.6,87768,693.9,0.33,0.000087,0.0001408,0.1015,73430,310.2,0.000000,0.0001587,0.1024,105352,345.4,0.000000,0.0000046,0.1023,95151,334.4,0.007018,0.0001725,0.1014,110709,329.0,0.024550
167.04,0.0046401,167.0,0.064941,1143.8,328584,1296.6,178938,1126.9,200.88,0.065610,707.0,0.000000,198.8,2577330,887.8,108911,757.3,0.64,0.000189,347.0,0.005747,648.8,56038,646.8,55990,713.6,29.72,0.004797,527.0,-0.000000,436.4,110087,347.9,87291,693.1,0.78,0.000202,0.0001390,0.1015,73660,310.5,-0.000000,0.0001587,0.1024,104674,344.7,0.000000,0.0000046,0.1023,96406,335.6,0.007899,0.0001732,0.1014,110915,329.1,0.023764
168.03,0.0046676,168.0,0.066940,1145.1,322263,1290.5,179521,1127.4,206.09,0.067503,708.0,0.000000,100.0,2770014,933.2,108115,756.0,0.99,0.000293,348.0,0.004529,708.5,57690,634.2,57586,712.7,20.13,0.003346,528.0,-0.000000,641.9,110413,348.2,86513,691.6,1.21,0.000311,0.0001371,0.1015,73964,310.8,0.000000,0.0001587,0.1024,103776,343.9,0.000000,0.0000047,0.1023,97518,336.6,0.009094,0.0001738,0.1014,111318,329.5,0.022324
169.07,0.0046963,169.1,0.068873,1146.7,315587,1283.9,180253,1128.2,211.35,0.069462,709.1,0.000000,1483.1,3002569,989.5,107019,754.3,1.28,0.000374,349.1,0.004105,624.6,59949,621.4,60035,713.5,16.69,0.002889,529.1,-0.000000,100.0,110747,348.5,85416,689.6,1.62,0.000412,0.0001352,0.1015,74366,311.3,-0.000000,0.0001587,0.1024,102614,342.8,0.000000,0.0000049,0.1023,98463,337.5,0.010398,0.0001744,0.1014,111670,329.8,0.021357
170.05,0.0047237,170.1,0.070744,1148.4,309141,1277.5,181090,1129.0,216.00,0.071267,710.1,0.000000,1254.4,3255754,1052.0,105873,752.4,1.33,0.000385,350.1,0.004293,611.4,62359,608.9,62414,712.7,17.73,0.003194,530.1,0.000000,641.2,111067,348.7,84131,687.2,1.97,0.000496,0.0001332,0.1015,74825,311.8,-0.000000,0.0001587,0.1024,101310,341.5,0.000000,0.0000051,0.1023,99169,338.0,0.011715,0.0001750,0.1014,111732,329.8,0.020647
171.04,0.0047512,171.0,0.072498,1150.0,302642,1270.9,181868,1129.8,220.53,0.073022,711.0,0.000000,1172.8,3538791,1122.7,104970,750.9,0.96,0.000276,351.0,0.005263,597.1,64689,595.5,64675,707.9,21.57,0.004054,531.0,0.000000,100.0,111365,349.0,82675,684.5,2.23,0.000554,0.0001312,0.1015,75343,312.5,0.000000,0.0001587,0.1024,99845,340.1,0.000000,0.0000053,0.1023,99700,338.4,0.013108,0.0001755,0.1014,111978,330.0,0.018984
172.03,0.0047786,172.0,0.074012,1150.7,296109,1264.2,182199,1130.0,224.44,0.074441,712.0,0.000000,2036.1,3850218,1201.0,104596,750.3,0.29,0.000083,352.0,0.006089,581.4,66919,582.0,66021,697.1,24.44,0.004760,532.0,0.000000,1148.0,111651,349.3,81160,681.6,2.32,0.000568,0.0001292,0.1015,75901,313.1,0.000000,0.0001587,0.1024,98258,338.6,0.000000,0.0000056,0.1023,100161,338.7,0.014166,0.0001760,0.1014,112181,330.2,0.017713
173.06,0.0048073,173.1,0.075055,1150.6,289284,1257.0,181966,1129.4,227.81,0.075505,713.1,0.000000,100.0,4203151,1290.3,104806,750.7,-0.38,-0.000108,353.1,0.006071,563.9,69524,568.7,66456,682.8,24.64,0.004933,533.1,0.000000,689.8,111927,349.5,79670,678.7,2.17,0.000523,0.0001271,0.1015,76504,313.8,-0.000000,0.0001587,0.1024,96518,336.8,0.000000,0.0000058,0.1023,100534,338.9,0.015206,0.0001764,0.1014,112499,330.4,0.016029
174.05,0.0048347,174.1,0.075977,1150.0,282770,1250.1,181305,1128.1,231.19,0.076431,714.1,0.000000,1483.4,4562708,1381.7,105342,751.6,-0.65,-0.000189,354.1,0.005937,547.2,72298,557.1,66438,668.1,24.05,0.004920,534.1,0.000000,100.0,112183,349.7,78508,676.4,1.73,0.000413,0.0001250,0.1015,77082,314.5,-0.000000,0.0001587,0.1024,94833,335.1,0.000000,0.0000061,0.1023,100782,339.0,0.016174,0.0001768,0.1014,112593,330.5,0.014948
175.04,0.0048622,175.0,0.076801,1148.8,276275,1243.1,180190,1126.2,234.79,0.077276,715.0,0.000000,843.9,4938539,1477.7,105736,752.3,-0.38,-0.000109,355.0,0.005787,530.8,75308,546.4,66001,652.5,23.61,0.004912,535.0,0.000000,499.4,112416,349.9,77794,675.0,0.97,0.000229,0.0001229,0.1015,77646,315.1,0.000000,0.0001587,0.1024,93177,333.5,0.000000,0.0000064,0.1023,100947,339.0,0.017004,0.0001772,0.1014,112790,330.7,0.013209
176.07,0.0048909,176.1,0.077570,1147.0,269508,1235.6,178671,1123.7,238.68,0.078067,716.1,0.000000,5094.7,5342307,1581.7,105731,752.3,0.11,0.000032,356.1,0.005614,514.0,78656,536.3,65057,635.3,23.38,0.004924,536.1,0.000000,1529.9,112644,350.2,77760,674.9,-0.21,-0.000050,0.0001206,0.1015,78211,315.8,0.000000,0.0001587,0.1024,91521,331.8,0.000000,0.0000068,0.1023,101066,338.8,0.017723,0.0001776,0.1014,112924,330.8,0.011802
177.06,0.0049183,177.1,0.078264,1144.9,263062,1228.4,176998,1120.9,242.42,0.078740,717.1,0.000000,100.0,5731966,1683.3,105416,751.8,0.41,0.000119,357.1,0.005439,498.4,81960,527.5,63740,618.1,23.20,0.004922,537.1,0.000000,2108.6,112839,350.4,78606,676.7,-1.69,-0.000403,0.0001185,0.1015,78723,316.4,-0.000000,0.0001587,0.1024,90033,330.2,0.000000,0.0000071,0.1023,101178,338.7,0.018205,0.0001778,0.1014,113126,330.9,0.010063
178.05,0.0049458,178.0,0.078870,1142.7,256646,1221.1,175183,1118.0,246.14,0.079337,718.0,0.000000,303.3,6117790,1785.3,105134,751.4,0.26,0.000076,358.0,0.005248,483.8,85154,519.7,62148,600.8,22.86,0.004865,538.0,0.000000,100.0,113020,350.5,80445,680.7,-3.18,-0.000774,0.0001163,0.1015,79210,316.9,-0.000000,0.0001587,0.1024,88655,328.8,0.000000,0.0000075,0.1023,101514,338.8,0.017987,0.0001781,0.1014,113247,331.0,0.008658
179.04,0.0049733,179.0,0.079404,1140.3,250267,1213.7,173300,1114.9,249.75,0.079858,719.0,0.000000,100.0,6492555,1886.5,105185,751.5,-0.16,-0.000045,359.0,0.005022,470.2,88262,512.7,60436,583.9,22.22,0.004731,539.0,0.000000,846.9,113184,350.7,82832,685.7,-3.67,-0.000913,0.0001141,0.1015,79679,317.4,0.000000,0.0001587,0.1024,87393,327.4,0.000000,0.0000078,0.1023,101773,338.8,0.017918,0.0001783,0.1014,113295,331.1,0.007208
180.07,0.0050020,180.1,0.079875,1137.7,243639,1205.8,171320,1111.6,253.35,0.080319,0.1,0.000000,1433.4,6864892,1990.0,105549,752.1,-0.44,-0.000128,360.1,0.004751,457.4,91327,506.1,58696,567.4,21.13,0.004496,540.1,-0.000000,514.8,113332,350.9,85026,690.2,-2.92,-0.000739,0.0001118,0.1015,80160,318.0,0.000000,0.0001587,0.1024,86196,326.1,0.000000,0.0000082,0.1023,101992,338.7,0.017588,0.0001784,0.1014,113383,331.2,0.005436
181.06,0.0050294,181.1,0.080265,1135.1,237346,1198.2,169442,1108.5,256.58,0.080678,1.1,0.000000,357.4,7195564,2085.5,105809,752.6,-0.23,-0.000065,361.1,0.004445,446.6,93872,500.5,57190,553.0,19.75,0.004201,541.1,-0.000000,100.0,113452,351.0,86356,692.9,-1.69,-0.000433,0.0001096,0.1015,80619,318.5,-0.000000,0.0001587,0.1024,85172,325.0,0.000000,0.0000085,0.1023,102385,338.8,0.016543,0.0001785,0.1014,113468,331.2,0.003721
182.05,0.0050569,182.0,0.080566,1132.6,231102,1190.5,167594,1105.4,259.57,0.080956,2.0,0.000000,100.0,7495262,2176.4,105691,752.4,0.27,0.000079,362.0,0.004119,437.4,96075,495.3,55972,540.4,17.95,0.003825,542.0,0.000000,290.7,113495,351.1,86810,693.8,-0.40,-0.000103,0.0001074,0.1015,81086,319.0,0.000000,0.0001587,0.1024,84266,324.0,0.000000,0.0000088,0.1023,102741,338.9,0.015701,0.0001785,0.1014,114433,332.3,-0.000300
183.04,0.0050843,183.0,0.080787,1130.0,224911,1182.8,165799,1102.3,262.29,0.081151,3.0,0.000000,1195.4,7758779,2261.8,104679,750.7,1.57,0.000451,363.0,0.003774,429.9,97815,490.6,55122,530.0,15.86,0.003393,543.0,0.000000,283.9,113590,351.3,86489,693.2,0.67,0.000171,0.0001052,0.1015,81564,319.6,-0.000000,0.0001587,0.1024,83480,323.2,0.000000,0.0000091,0.1023,103194,339.1,0.014448,0.0001785,0.1014,113565,331.6,0.001111
184.07,0.0051130,184.1,0.080929,1127.4,218502,1174.5,163995,1099.2,264.80,0.081266,4.1,0.000000,4706.2,7991021,2344.1,102130,746.5,3.31,0.000932,364.1,0.003437,423.5,99323,485.9,54753,521.6,13.33,0.002878,544.1,-0.000000,861.4,113602,351.3,85496,691.4,1.55,0.000395,0.0001029,0.1015,82076,320.1,-0.000000,0.0001587,0.1024,82788,322.4,0.000000,0.0000094,0.1023,103434,339.0,0.013881,0.0001785,0.1014,113698,332.0,-0.003145
185.06,0.0051404,185.1,0.080987,1124.9,212435,1166.6,162340,1096.3,266.89,0.081292,5.1,0.000000,100.0,8168525,2415.4,99025,741.2,3.84,0.001057,365.1,0.002999,419.1,100405,481.8,54816,515.9,10.71,0.002340,545.1,0.000000,1272.1,113586,351.4,84145,688.9,2.08,0.000523,0.0001007,0.1015,82573,320.7,-0.000000,0.0001587,0.1024,82247,321.8,0.000000,0.0000097,0.1023,103645,339.0,0.012959,0.0001783,0.1014,113880,332.4,-0.005012
186.04,0.0051679,186.0,0.080963,1122.4,206436,1158.5,160750,1093.5,268.66,0.081240,6.0,0.000000,3158.6,8300371,2478.9,96474,736.8,3.00,0.000807,366.0,0.002526,415.6,101185,477.8,55230,512.2,7.84,0.001740,546.0,0.000000,100.0,113545,351.4,82607,686.0,2.35,0.000581,0.0000984,0.1015,83073,321.2,-0.000000,0.0001587,0.1024,81817,321.3,0.000000,0.0000100,0.1023,103807,339.0,0.012185,0.0001781,0.1014,114061,332.8,-0.006760
187.03,0.0051953,187.0,0.080671,1119.3,200522,1150.4,158972,1090.4,269.49,0.080820,7.0,0.000000,100.0,8385818,2534.2,94969,734.1,1.71,0.000454,367.0,0.001994,421.8,101720,474.0,61483,528.0,-12.98,-0.003110,547.0,-0.000000,822.4,113482,351.4,81049,683.0,2.37,0.000579,0.0000962,0.1015,83568,321.8,0.000000,0.0001587,0.1024,81480,320.9,0.000000,0.0000102,0.1023,103940,338.9,0.011541,0.0001779,0.1014,114111,333.1,-0.008392
188.06,0.0052240,188.1,0.080036,1115.9,194453,1141.9,157062,1087.0,269.63,0.080141,8.1,0.000000,257.6,8426020,2583.0,94135,732.6,1.00,0.000264,368.1,-0.000692,534.1,102796,471.4,88567,606.1,-49.34,-0.014831,548.1,0.000000,3623.8,113387,351.4,79546,680.0,2.19,0.000527,0.0000939,0.1015,84065,322.3,0.000000,0.0001587,0.1024,81207,320.6,0.000000,0.0000105,0.1023,104168,338.9,0.010619,0.0001776,0.1014,114038,333.3,-0.010256
189.05,0.0052514,189.1,0.079340,1112.7,188758,1133.7,155308,1083.8,269.50,0.079437,9.1,0.000000,2842.7,8419120,2621.1,93112,730.8,1.61,0.000422,369.1,-0.003135,666.0,104232,471.0,110805,664.0,-33.11,-0.011366,549.1,0.000000,3135.7,113269,351.4,78340,677.7,1.82,0.000434,0.0000918,0.1015,84506,322.8,-0.000000,0.0001587,0.1024,80996,320.4,0.000000,0.0000109,0.1023,104725,339.2,0.008959,0.0001773,0.1014,113922,333.4,-0.012105
190.04,0.0052789,190.0,0.078613,1109.5,183172,1125.5,153591,1080.7,269.18,0.078692,10.0,0.000000,1055.6,8370523,2650.9,90971,726.9,3.34,0.000860,370.0,-0.002384,687.0,104776,470.4,119448,685.7,-13.07,-0.004682,550.0,0.000000,100.0,113136,351.3,77511,676.0,1.18,0.000279,0.0000896,0.1015,84909,323.2,0.000000,0.0001587,0.1024,80813,320.2,0.000000,0.0000111,0.1023,105167,339.5,0.007381,0.0001769,0.1014,113861,333.9,-0.013390
191.07,0.0053076,191.1,0.077824,1106.0,177450,1116.9,151794,1077.4,268.70,0.077871,11.1,0.000000,523.4,8278918,2673.6,87559,720.5,4.76,0.001189,371.1,-0.000919,691.8,104465,467.8,121630,691.5,-3.52,-0.001275,551.1,0.000000,1080.3,112998,351.3,77277,675.5,0.09,0.000022,0.0000874,0.1015,85296,323.6,-0.000000,0.0001587,0.1024,80630,320.0,0.000000,0.0000114,0.1023,105010,339.2,0.007970,0.0001765,0.1014,113468,334.4,-0.014023
192.06,0.0053350,192.1,0.076992,1102.6,172091,1108.6,150053,1074.2,268.12,0.077045,12.1,0.000000,522.7,8156572,2687.7,84441,714.5,4.30,0.001044,372.1,-0.000213,694.6,103766,464.4,122930,694.5,-1.92,-0.000699,552.1,0.000000,1454.0,112864,351.2,77862,676.8,-1.27,-0.000300,0.0000853,0.1015,85651,324.0,-0.000000,0.0001587,0.1024,80449,319.8,0.000000,0.0000116,0.1023,104560,338.6,0.008695,0.0001761,0.1014,112759,334.5,-0.014827
193.05,0.0053624,193.0,0.076139,1099.1,166842,1100.3,148276,1070.9,267.47,0.076183,13.0,0.000000,670.2,8004910,2695.0,82339,710.4,2.80,0.000668,373.0,-0.000154,697.5,103122,460.8,124210,697.5,-1.60,-0.000588,553.0,0.000000,100.0,112656,351.1,79460,680.2,-2.89,-0.000694,0.0000832,0.1015,86025,324.4,-0.000000,0.0001587,0.1024,80256,319.5,0.000000,0.0000119,0.1023,103989,337.9,0.009899,0.0001756,0.1014,113296,335.9,-0.018571
194.04,0.0053899,194.0,0.075249,1095.5,161705,1091.9,146441,1067.4,266.77,0.075287,14.0,0.000000,100.0,7828693,2696.2,81458,708.6,0.93,0.000220,374.0,-0.000206,698.7,102574,457.2,124709,698.8,-1.02,-0.000373,554.0,-0.000000,790.6,112500,351.1,81951,685.5,-4.08,-0.001004,0.0000811,0.1015,86441,324.9,0.000000,0.0001587,0.1024,80056,319.3,0.000000,0.0000122,0.1023,103466,337.3,0.011060,0.0001751,0.1014,112426,335.9,-0.017094
195.07,0.0054186,195.1,0.074303,1091.5,156454,1083.2,144452,1063.6,266.01,0.074315,15.1,0.000000,999.4,7623357,2691.8,82013,709.8,-1.38,-0.000329,375.1,-0.000203,699.6,102037,453.4,124966,699.6,-0.74,-0.000274,555.1,0.000000,524.7,112282,351.0,85120,692.1,-4.70,-0.001190,0.0000790,0.1015,86944,325.4,-0.000000,0.0001587,0.1024,79849,319.1,0.000000,0.0000126,0.1023,102986,336.6,0.012089,0.0001745,0.1014,112479,337.0,-0.019920
196.06,0.0054460,196.1,0.073324,1087.6,151544,1074.8,142491,1059.9,265.23,0.073351,16.1,0.000000,406.5,7411458,2682.9,84204,714.4,-3.74,-0.000907,376.1,-0.000118,700.3,101523,449.6,125235,700.3,-0.56,-0.000205,556.1,-0.000000,1554.5,112088,350.9,88692,699.3,-5.37,-0.001400,0.0000770,0.1015,87513,326.0,0.000000,0.0001587,0.1024,79665,318.9,0.000000,0.0000129,0.1023,102542,336.0,0.013118,0.0001740,0.1014,112195,337.6,-0.020009
197.04,0.0054734,197.0,0.072335,1083.5,146747,1066.5,140480,1056.0,264.41,0.072357,17.0,0.000000,457.4,7188707,2670.3,87123,720.3,-4.21,-0.001048,377.0,-0.000043,701.3,101019,445.7,125699,701.3,-0.63,-0.000231,557.0,0.000000,496.6,111886,350.8,92812,707.4,-5.77,-0.001558,0.0000750,0.1015,88205,326.7,-0.000000,0.0001587,0.1024,79512,318.7,0.000000,0.0000133,0.1023,102101,335.3,0.014141,0.0001734,0.1014,111975,338.3,-0.020978
198.03,0.0055009,198.0,0.071319,1079.3,142061,1058.0,138425,1052.0,263.54,0.071335,18.0,0.000000,100.0,6958873,2654.7,89354,724.8,-2.81,-0.000714,378.0,-0.000055,702.5,100554,441.9,126232,702.5,-0.67,-0.000249,558.0,0.000000,755.3,111681,350.7,96821,715.1,-5.14,-0.001430,0.0000730,0.1015,89054,327.6,-0.000000,0.0001587,0.1024,79403,318.6,0.000000,0.0000138,0.1023,101681,334.6,0.015111,0.0001728,0.1014,111766,339.0,-0.021753
199.06,0.0055296,199.1,0.070253,1074.7,137281,1049.2,136233,1047.7,262.59,0.070240,19.1,0.000000,313.3,6714599,2635.7,90383,726.8,-0.98,-0.000251,379.1,-0.000067,703.1,100094,438.0,126454,703.1,-0.25,-0.000093,559.1,0.000000,23890.3,111478,350.6,100119,721.4,-3.71,-0.001061,0.0000710,0.1015,90125,328.7,-0.000000,0.0001587,0.1024,79345,318.5,0.000000,0.0000142,0.1023,101266,334.0,0.016035,0.0001722,0.1014,111281,339.5,-0.021949
200.05,0.0055570,200.1,0.066881,1069.3,132978,1041.1,133041,1042.4,256.81,0.067426,20.1,0.000000,100.0,6479979,2615.8,90256,726.6,0.43,0.000109,380.1,-0.000022,702.7,99652,434.2,126126,702.6,0.46,0.000170,560.1,0.000000,1268.2,111274,350.5,102332,725.5,-2.57,-0.000746,0.0000692,0.1015,91305,329.9,0.000000,0.0001587,0.1024,79344,318.5,0.000000,0.0000147,0.1023,100876,333.3,0.016921,0.0001716,0.1014,111060,340.2,-0.023037
201.04,0.0055844,201.0,0.061272,1063.1,129092,1033.5,127856,1034.5,243.04,0.061791,21.0,0.000000,3230.9,6236447,2590.3,89343,724.9,1.48,0.000376,381.0,0.000055,701.3,99202,430.5,125127,701.4,1.33,0.000490,561.0,0.000000,838.1,111074,350.4,104235,729.0,-2.39,-0.000703,0.0000675,0.1015,92599,331.2,-0.000000,0.0001587,0.1024,79391,318.5,0.000000,0.0000152,0.1023,100475,332.6,0.017779,0.0001709,0.1014,110818,340.9,-0.023495
202.07,0.0056131,202.1,0.058269,971.7,125273,1025.9,122779,1026.4,229.46,0.056464,22.1,0.000000,566.6,5988976,2564.1,87780,722.0,2.26,0.000564,382.1,0.000111,6421.0,98732,426.7,123567,699.3,1.93,0.000700,562.1,0.000000,1206.6,110866,350.3,106941,733.9,-3.40,-0.001019,0.0000658,0.1015,94031,332.7,-0.000000,0.0001587,0.1024,79489,318.7,0.000000,0.0000157,0.1023,100045,331.8,0.018625,0.0001702,0.1014,110605,341.7,-0.024065
203.06,0.0056405,203.1,0.056330,1052.4,121778,1018.7,121007,1023.6,229.48,0.055801,23.1,0.000000,1721.7,5759598,2539.3,86005,718.6,2.61,0.000641,383.1,0.000000,624.2,98309,423.2,121660,696.8,1.92,0.000691,563.1,-0.000000,799.9,110665,350.2,110526,740.3,-4.27,-0.001311,0.0000643,0.1015,95453,334.1,0.000000,0.0001587,0.1024,79617,318.8,0.000000,0.0000162,0.1023,99635,331.1,0.019392,0.0001695,0.1014,110592,342.5,-0.024827
204.05,0.0056680,204.0,0.053114,1046.3,118525,1011.9,117813,1018.3,223.25,0.053131,24.0,0.000000,357.1,5537675,2514.9,84178,715.1,2.69,0.000653,384.0,0.000000,566.0,97874,419.7,119920,694.5,1.77,0.000629,564.0,0.000000,546.4,110477,350.1,114056,746.5,-3.77,-0.001184,0.0000628,0.1015,96919,335.5,-0.000000,0.0001587,0.1024,79761,319.0,0.000000,0.0000168,0.1023,99220,330.3,0.020060,0.0001689,0.1014,110392,343.2,-0.024912
205.03,0.0056954,205.0,0.049714,960.9,115521,1005.4,113470,1010.7,211.21,0.048776,25.0,0.000000,100.0,5323381,2490.9,82391,711.5,2.68,0.000639,385.0,0.000000,870.8,97424,416.4,118387,692.5,1.57,0.000551,565.0,-0.000000,143.0,110289,350.0,116645,751.0,-2.57,-0.000820,0.0000615,0.1015,98426,337.0,-0.000000,0.0001587,0.1024,79905,319.1,0.000000,0.0000173,0.1023,98786,329.5,0.020672,0.0001682,0.1014,110258,343.9,-0.025522
206.07,0.0057241,206.1,0.048723,1034.0,112471,998.6,111305,1006.5,208.96,0.047532,26.1,0.000000,360.2,5107605,2466.2,80569,707.9,2.68,0.000628,386.1,0.000000,1242.3,96930,413.0,117063,690.7,1.29,0.000448,566.1,0.000000,1278.9,110113,349.9,118448,754.1,-1.71,-0.000553,0.0000601,0.1015,100031,338.5,-0.000000,0.0001587,0.1024,80040,319.3,0.000000,0.0000180,0.1023,98308,328.7,0.021247,0.0001674,0.1014,109710,344.2,-0.025333
207.05,0.0057515,207.1,0.046875,1029.1,109695,992.4,109740,1003.2,209.46,0.047130,27.1,0.000000,2840.4,4909141,2442.9,78851,704.4,2.71,0.000623,387.1,0.000000,2988.9,96435,409.8,116092,689.4,0.98,0.000338,567.1,0.000000,11159.6,109995,349.9,119883,756.5,-1.51,-0.000492,0.0000588,0.1015,101568,340.0,0.000000,0.0001587,0.1024,80147,319.4,0.000000,0.0000186,0.1023,97825,327.8,0.021779,0.0001668,0.1014,108760,344.0,-0.023945
208.04,0.0057790,208.0,0.043987,1022.7,107128,986.5,106201,996.3,201.58,0.044202,28.0,0.000000,100.0,4718403,2420.1,77152,700.9,2.73,0.000618,388.0,0.000000,1151.3,95918,406.7,115482,688.5,0.56,0.000194,568.0,0.000000,110.4,109929,349.9,121330,759.0,-1.51,-0.000497,0.0000576,0.1015,103068,341.4,-0.000000,0.0001587,0.1024,80233,319.5,0.000000,0.0000192,0.1023,97317,327.0,0.022265,0.0001662,0.1014,107671,343.6,-0.022411
209.03,0.0058064,209.0,0.042946,944.3,104644,980.6,103361,990.2,197.13,0.042327,29.0,0.000000,2214.9,4535311,2397.7,75513,697.4,2.67,0.000595,389.0,0.000000,494.7,95379,403.7,115348,688.4,0.03,0.000011,569.0,0.000000,577.0,109917,349.9,122691,761.3,-1.35,-0.000446,0.0000564,0.1015,104500,342.7,-0.000000,0.0001587,0.1024,80302,319.6,0.000000,0.0000198,0.1023,96786,326.1,0.022726,0.0001656,0.1014,106582,343.0,-0.020889
210.06,0.0058351,210.1,0.042344,1011.8,102104,974.5,102113,987.1,201.07,0.042785,30.1,0.000000,366.3,4351940,2374.7,73932,694.0,2.48,0.000543,390.1,0.000000,1373.6,94795,400.6,115675,689.1,-0.44,-0.000153,570.1,-0.000000,527.4,109961,350.0,123781,763.1,-0.97,-0.000323,0.0000552,0.1015,105904,344.0,0.000000,0.0001587,0.1024,80367,319.7,0.000000,0.0000205,0.1023,96211,325.1,0.023184,0.0001650,0.1014,105473,342.5,-0.019367
211.05,0.0058626,211.1,0.041051,1006.3,99773,968.8,100023,981.9,200.68,0.042050,31.1,0.000000,1106.9,4184080,2353.1,72655,691.3,2.08,0.000450,391.1,0.000000,216.1,94223,397.8,116310,690.4,-0.74,-0.000256,571.1,0.000000,1342.5,110056,350.2,124469,764.3,-0.63,-0.000212,0.0000540,0.1015,107148,345.1,0.000000,0.0001587,0.1024,80434,319.7,0.000000,0.0000211,0.1023,95646,324.2,0.023643,0.0001645,0.1014,104429,341.8,-0.017898
212.04,0.0058900,212.0,0.038587,928.9,97617,963.4,95820,972.7,189.68,0.038435,32.0,0.000000,504.6,4023435,2331.9,71722,689.2,1.48,0.000318,392.0,0.000000,100.0,93643,395.0,117198,692.3,-1.03,-0.000359,572.0,0.000000,376.1,110203,350.4,124972,765.1,-0.49,-0.000165,0.0000530,0.1015,108295,346.2,0.000000,0.0001587,0.1024,80518,319.8,0.000000,0.0000218,0.1023,95074,323.2,0.024105,0.0001641,0.1014,103395,341.2,-0.016529
213.03,0.0059175,213.0,0.039289,994.2,95426,957.9,94666,969.3,194.06,0.038986,33.0,0.000000,1274.5,3869807,2311.1,71201,688.1,0.76,0.000162,393.0,0.000000,1586.3,93060,392.3,118503,695.0,-1.51,-0.000528,573.0,-0.000000,625.4,110399,350.6,125470,765.9,-0.51,-0.000173,0.0000519,0.1015,109346,347.1,0.000000,0.0001587,0.1024,80622,319.9,0.000000,0.0000224,0.1023,94503,322.3,0.024584,0.0001637,0.1014,102371,340.5,-0.015228
214.06,0.0059462,214.1,0.037617,918.3,93261,952.2,91568,961.7,188.69,0.036958,34.1,0.000000,160.4,3716464,2289.8,71109,687.9,-0.00,-0.000001,394.1,0.000000,100.0,92454,389.6,120317,698.8,-1.87,-0.000662,574.1,-0.000000,7794.5,110657,350.9,126048,766.9,-0.56,-0.000189,0.0000508,0.1015,110345,348.0,-0.000000,0.0001587,0.1024,80757,320.1,0.000000,0.0000232,0.1023,93913,321.3,0.025088,0.0001633,0.1014,101309,339.7,-0.013966
215.05,0.0059737,215.1,0.037813,982.8,91189,946.8,90444,958.1,193.29,0.037533,35.1,0.000000,100.0,3576506,2269.9,71498,688.8,-0.90,-0.000192,395.1,0.000000,100.0,91881,387.1,121955,702.2,-1.59,-0.000568,575.1,0.000000,100.0,110952,351.2,126599,767.8,-0.54,-0.000182,0.0000498,0.1015,111206,348.8,0.000000,0.0001587,0.1024,80915,320.3,0.000000,0.0000239,0.1023,93356,320.4,0.025609,0.0001629,0.1014,100297,338.9,-0.012771
216.04,0.0060011,216.0,0.037129,977.9,89171,941.4,89247,954.2,197.41,0.037979,36.0,0.000000,14932.2,3442875,2250.3,72535,691.1,-2.09,-0.000451,396.0,0.000000,51840.9,91319,384.6,122941,704.3,-0.82,-0.000296,576.0,0.000000,637.0,111294,351.6,127058,768.6,-0.42,-0.000142,0.0000488,0.1015,111978,349.4,-0.000000,0.0001587,0.1024,81101,320.5,0.000000,0.0000246,0.1023,92808,319.5,0.026129,0.0001626,0.1014,99287,338.1,-0.011667
217.07,0.0060298,217.1,0.035532,971.4,87180,935.9,86369,946.9,192.67,0.036151,37.1,0.000000,1699.8,3309666,2230.3,74592,695.8,-3.75,-0.000828,397.1,0.000000,344.8,90744,382.2,123048,704.5,0.09,0.000031,577.1,0.000000,100.0,111701,352.0,127289,768.9,-0.13,-0.000046,0.0000477,0.1015,112690,350.1,0.000000,0.0001587,0.1024,81326,320.7,0.000000,0.0000253,0.1023,92248,318.5,0.026667,0.0001623,0.1014,98235,337.2,-0.010602
218.06,0.0060573,218.1,0.035934,966.0,85257,930.6,84623,941.5,193.42,0.035761,38.1,0.000000,982.6,3188201,2211.6,77322,701.9,-4.58,-0.001038,398.1,0.000000,100.0,90210,379.9,122319,703.6,0.93,0.000334,578.1,0.000000,423.0,112137,352.4,127101,768.7,0.30,0.000101,0.0000468,0.1015,113284,350.6,0.000000,0.0001587,0.1024,81564,321.0,0.000000,0.0000261,0.1023,91728,317.7,0.027210,0.0001620,0.1014,97235,336.4,-0.009600
219.05,0.0060847,219.0,0.035258,960.6,83386,925.3,82936,936.3,194.43,0.035425,39.0,0.000000,474.2,3072308,2193.3,79797,707.2,-3.67,-0.000851,399.0,0.000000,100.0,89692,377.7,120845,701.6,1.66,0.000590,579.0,0.000000,531.3,112617,352.9,126627,768.0,0.43,0.000147,0.0000458,0.1015,113797,351.0,-0.000000,0.0001587,0.1024,81819,321.3,0.000000,0.0000269,0.1023,91225,316.8,0.027749,0.0001618,0.1014,96257,335.5,-0.008681
220.04,0.0061121,220.0,0.034631,955.2,81563,920.0,81199,931.1,194.93,0.034968,40.0,0.000000,326.4,2961756,2175.3,81226,710.3,-1.84,-0.000434,400.0,0.000000,5146.1,89193,375.5,118859,698.9,2.16,0.000756,580.0,0.000000,100.0,113141,353.4,126575,768.0,-0.09,-0.000032,0.0000448,0.1015,114236,351.4,0.000000,0.0001587,0.1024,82088,321.6,0.000000,0.0000276,0.1023,90743,316.0,0.028304,0.0001616,0.1014,95315,334.7,-0.007815
221.07,0.0061408,221.1,0.034400,950.1,79680,914.5,79976,926.8,198.81,0.035289,41.1,0.000000,675.5,2851616,2156.9,81598,711.1,-0.26,-0.000062,401.1,0.000000,986.6,88696,373.4,116579,695.8,2.33,0.000803,581.1,0.000000,187.9,113734,353.9,128511,771.2,-2.82,-0.000968,0.0000439,0.1015,114628,351.7,-0.000000,0.0001587,0.1024,82379,321.9,0.000000,0.0000285,0.1023,90264,315.2,0.028897,0.0001614,0.1014,94378,333.8,-0.006982
222.06,0.0061682,222.1,0.033396,944.5,77950,909.3,78084,921.2,197.99,0.034522,42.1,0.000000,1336.8,2751208,2139.7,81341,710.6,0.49,0.000116,402.1,0.000000,100.0,88245,371.4,114536,693.0,2.16,0.000734,582.1,0.000000,633.9,114346,354.5,135474,782.5,-7.67,-0.002733,0.0000429,0.1015,114952,352.0,-0.000000,0.0001587,0.1024,82670,322.2,0.000000,0.0000293,0.1023,89833,314.4,0.029520,0.0001612,0.1014,93533,333.0,-0.006202
223.04,0.0061956,223.0,0.032799,938.9,76264,904.2,76191,915.6,196.84,0.033695,43.0,0.000000,100.0,2655403,2122.9,80965,709.8,0.58,0.000135,403.0,0.000000,682.9,87822,369.5,112862,690.7,1.75,0.000587,583.0,-0.000000,585.9,115000,355.1,144266,796.3,-7.35,-0.002738,0.0000420,0.1015,115238,352.3,-0.000000,0.0001587,0.1024,82974,322.6,0.000000,0.0000301,0.1023,89432,313.7,0.030161,0.0001611,0.1014,92738,332.3,-0.005491
224.03,0.0062231,224.0,0.032288,933.1,74615,899.1,74044,909.1,193.74,0.032461,44.0,0.000000,100.0,2563986,2106.4,80616,709.1,0.54,0.000126,404.0,0.000000,574.1,87430,367.7,111699,689.0,1.17,0.000391,584.0,0.000000,708.8,115696,355.7,149005,803.6,-3.09,-0.001177,0.0000412,0.1015,115496,352.5,0.000000,0.0001587,0.1024,83294,322.9,0.000000,0.0000309,0.1023,89062,313.0,0.030830,0.0001609,0.1014,91992,331.6,-0.004829
225.06,0.0062517,225.1,0.032051,927.6,72911,893.8,72452,903.8,194.39,0.032054,45.1,0.000000,802.5,2472856,2089.5,80251,708.4,0.56,0.000131,405.1,0.000000,2745.5,87052,365.8,111093,688.2,0.51,0.000170,585.1,0.000000,420.9,116469,356.4,149483,804.4,0.27,0.000105,0.0000402,0.1015,115740,352.7,-0.000000,0.0001587,0.1024,83646,323.3,0.000000,0.0000318,0.1023,88708,312.3,0.031536,0.0001608,0.1014,91263,330.9,-0.004204
226.05,0.0062792,226.0,0.031131,854.8,71344,888.7,70268,897.0,190.19,0.030646,46.0,0.000000,100.0,2389720,2073.7,79826,707.5,0.71,0.000164,406.0,0.000000,100.0,86724,364.2,111002,688.1,0.02,0.000007,586.0,0.000000,100.0,117250,357.1,147570,802.0,1.86,0.000706,0.0000394,0.1015,115953,352.9,0.000000,0.0001587,0.1024,83998,323.7,0.000000,0.0000327,0.1023,88401,311.7,0.032256,0.0001607,0.1014,90615,330.3,-0.003628
227.04,0.0063066,227.0,0.031684,917.7,69743,883.5,70057,895.1,199.06,0.032047,47.0,0.000000,100.0,2310329,2058.2,79292,706.4,0.87,0.000201,407.0,0.000000,100.0,86426,362.6,111161,688.4,-0.20,-0.000066,587.0,0.000000,4128.8,118073,357.8,144824,798.6,2.42,0.000901,0.0000385,0.1015,116146,353.0,-0.000000,0.0001587,0.1024,84360,324.1,0.000000,0.0000336,0.1023,88123,311.2,0.032961,0.0001606,0.1014,90016,329.7,-0.003114
228.07,0.0063353,228.1,0.030343,912.1,68163,878.3,68299,889.4,197.63,0.031218,48.1,0.000000,2256.8,2231151,2042.3,78696,705.2,0.89,0.000205,408.1,0.000000,735.4,86146,361.0,111319,688.7,-0.15,-0.000048,588.1,0.000000,1459.2,118976,358.6,142012,795.0,2.28,0.000839,0.0000376,0.1015,116324,353.2,-0.000000,0.0001587,0.1024,84746,324.5,0.000000,0.0000346,0.1023,87855,310.6,0.033662,0.0001605,0.1014,89446,329.1,-0.002635
229.06,0.0063627,229.1,0.029428,906.1,66713,873.4,66115,882.6,192.39,0.029645,49.1,0.000000,570.8,2158900,2027.5,78219,704.2,0.70,0.000160,409.1,0.000000,100.0,85901,359.5,111344,688.8,0.00,0.000000,589.1,0.000000,821.3,119882,359.4,139842,792.1,1.79,0.000651,0.0000368,0.1015,116470,353.3,-0.000000,0.0001587,0.1024,85124,324.9,0.000000,0.0000355,0.1023,87611,310.1,0.034299,0.0001605,0.1014,88959,328.6,-0.002202
230.05,0.0063902,230.0,0.029964,902.0,65229,868.3,65687,880.1,199.28,0.030596,50.0,0.000000,448.8,2089891,2012.9,78034,703.8,0.16,0.000036,410.0,0.000000,513.0,85669,358.1,111313,688.7,0.02,0.000008,590.0,-0.000000,508.4,120829,360.2,138503,790.4,1.00,0.000360,0.0000360,0.1015,116592,353.4,-0.000000,0.0001587,0.1024,85516,325.3,0.000000,0.0000365,0.1023,87363,309.6,0.034795,0.0001604,0.1014,88529,328.2,-0.001821
231.03,0.0064176,231.0,0.028344,896.1,63852,863.5,63560,873.3,193.65,0.028992,51.0,0.000000,1655.5,2023965,1998.7,78249,704.3,-0.50,-0.000113,411.0,0.000000,500.6,85437,356.7,111349,688.8,-0.05,-0.000017,591.0,-0.000000,100.0,121815,361.0,138274,790.1,-0.01,-0.000005,0.0000352,0.1015,116686,353.5,0.000000,0.0001587,0.1024,85931,325.8,0.000000,0.0000375,0.1023,87094,309.1,0.035090,0.0001604,0.1014,88157,327.8,-0.001481
232.07,0.0064463,232.1,0.028116,890.6,62429,858.4,61963,867.8,191.83,0.028177,52.1,0.000000,789.6,1958176,1984.1,78946,705.8,-1.20,-0.000277,412.1,0.000000,175.1,85169,355.3,111353,688.8,0.03,0.000010,592.1,0.000000,310.4,122890,362.0,138916,791.1,-0.66,-0.000237,0.0000344,0.1015,116751,353.6,-0.000000,0.0001587,0.1024,86412,326.3,0.000000,0.0000385,0.1023,86779,308.5,0.035060,0.0001604,0.1014,87823,327.5,-0.001175
233.05,0.0064737,233.1,0.027280,820.5,61123,853.7,59981,861.1,186.15,0.026673,53.1,0.000000,100.0,1898094,1970.5,79818,707.7,-1.36,-0.000314,413.1,0.000000,1254.1,84873,354.0,110894,688.2,0.77,0.000255,593.1,0.000000,397.2,123959,362.8,139628,792.2,-0.57,-0.000206,0.0000337,0.1015,116774,353.6,0.000000,0.0001587,0.1024,86945,326.9,0.000000,0.0000394,0.1023,86447,308.0,0.034778,0.0001603,0.1014,87547,327.2,-0.000909
234.04,0.0065012,234.0,0.027748,881.1,59786,848.8,59723,859.2,193.46,0.027661,54.0,0.000000,492.8,1840652,1957.2,80455,709.0,-0.86,-0.000200,414.0,0.000000,1189.0,84532,352.7,109164,685.7,2.32,0.000759,594.0,0.000000,1600.2,125068,363.8,139841,792.6,-0.06,-0.000023,0.0000329,0.1015,116755,353.6,-0.000000,0.0001587,0.1024,87590,327.5,0.000000,0.0000404,0.1023,86062,307.4,0.034347,0.0001603,0.1014,87304,326.9,-0.000687
235.03,0.0065286,235.0,0.026291,811.8,58544,844.1,57798,852.5,187.46,0.026143,55.0,0.000000,100.0,1785715,1944.1,80680,709.5,-0.26,-0.000062,415.0,0.000000,425.7,84142,351.4,106375,681.6,3.37,0.001083,595.0,-0.000000,445.0,126217,364.7,139494,792.1,0.43,0.000155,0.0000322,0.1015,116683,353.5,0.000000,0.0001587,0.1024,88391,328.4,0.000000,0.0000413,0.1023,85631,306.8,0.033780,0.0001603,0.1014,87080,326.7,-0.000502
236.06,0.0065573,236.1,0.026075,807.1,57260,839.2,56396,847.2,185.47,0.025395,56.1,0.000000,15995.2,1730827,1930.7,81099,710.4,-1.04,-0.000245,416.1,0.000000,100.0,83684,350.0,103402,677.2,3.29,0.001034,596.1,-0.000000,972.2,127462,365.7,138566,790.9,0.91,0.000327,0.0000315,0.1015,116546,353.4,-0.000000,0.0001587,0.1024,89429,329.5,0.000000,0.0000422,0.1023,85141,306.2,0.033146,0.0001603,0.1014,86850,326.5,-0.000352
237.05,0.0065847,237.0,0.026200,866.7,56021,834.4,56240,845.7,192.97,0.026398,57.0,0.000000,100.0,1680639,1918.2,86968,722.7,-12.88,-0.003189,417.0,0.000000,302.0,83204,348.7,101019,673.6,2.85,0.000881,597.0,0.000000,323.6,128694,366.7,137301,789.2,1.20,0.000431,0.0000307,0.1015,116357,353.2,-0.000000,0.0001587,0.1024,90606,330.7,0.000000,0.0000431,0.1023,84647,305.5,0.032546,0.0001603,0.1014,86621,326.2,-0.000238
238.03,0.0066121,238.0,0.024785,861.6,54875,829.9,54682,840.1,188.67,0.025263,58.0,0.000000,1465.7,1632600,1905.9,102925,753.5,-21.49,-0.006038,418.0,0.000000,1554.9,82697,347.4,98712,670.0,2.98,0.000904,598.0,-0.000000,610.1,129967,367.7,135849,787.3,1.37,0.000486,0.0000301,0.1015,116108,353.0,-0.000000,0.0001587,0.1024,91910,332.0,0.000000,0.0000440,0.1023,84149,304.9,0.032081,0.0001603,0.1014,86369,325.9,-0.000162
239.07,0.0066407,239.1,0.024566,856.9,53689,825.1,53678,836.0,189.01,0.024965,59.1,0.000000,382.8,1584561,1893.3,114474,773.8,-9.92,-0.003019,419.1,0.000000,100.0,82157,346.1,95615,665.1,4.16,0.001229,599.1,-0.000000,100.0,131342,368.8,134122,785.0,1.61,0.000565,0.0000293,0.1015,115783,352.7,0.000000,0.0001587,0.1024,93337,333.5,0.000000,0.0000449,0.1023,83645,304.3,0.031848,0.0001603,0.1014,86071,325.6,-0.000115
240.05,0.0066681,240.1,0.023848,852.0,52601,820.7,52333,830.8,185.75,0.024068,60.1,0.000000,1114.0,1540596,1881.6,117001,778.1,-1.45,-0.000448,420.1,0.000000,16977.4,81645,344.8,91531,658.5,5.77,0.001649,600.1,-0.000000,730.2,132699,369.8,132115,782.2,1.99,0.000692,0.0000287,0.1015,115411,352.4,-0.000000,0.0001587,0.1024,94711,334.9,0.000000,0.0000458,0.1023,83177,303.7,0.031843,0.0001603,0.1014,85745,325.3,-0.000093
241.04,0.0066955,241.0,0.023381,847.4,51541,816.3,51165,826.2,183.67,0.023399,61.0,0.000000,1061.3,1498474,1870.0,115995,776.6,1.33,0.000407,421.0,0.000000,100.0,81154,343.7,86720,650.3,6.88,0.001888,601.0,0.000000,879.3,134101,370.9,129699,778.9,2.40,0.000823,0.0000281,0.1015,114979,352.0,0.000000,0.0001587,0.1024,96081,336.2,0.000000,0.0000467,0.1023,82743,303.2,0.032103,0.0001603,0.1014,85324,324.8,-0.000012
242.07,0.0067241,242.1,0.023191,843.3,50443,811.6,50498,823.0,186.09,0.023488,62.1,0.000000,361.2,1456309,1858.2,115132,775.2,0.58,0.000178,422.1,0.000000,3416.7,80683,342.5,81605,641.3,7.26,0.001900,602.1,0.000000,822.2,135610,381.9,126882,775.0,2.69,0.000905,0.0000274,0.1015,114469,351.6,0.000000,0.0001587,0.1024,97522,337.7,0.000000,0.0000476,0.1023,82341,302.7,0.032714,0.0001603,0.1016,84858,324.3,0.000000
243.05,0.0067515,243.1,0.022491,839.0,49436,807.3,49577,819.0,185.57,0.023106,63.1,0.000000,689.4,1417690,1847.2,115245,775.4,-0.31,-0.000094,423.1,0.000000,496.4,80282,341.4,77145,633.1,6.86,0.001719,603.1,0.000000,636.9,137099,383.0,124095,771.0,2.81,0.000930,0.0000268,0.1015,113929,351.1,-0.000000,0.0001587,0.1024,98917,339.0,0.000000,0.0000485,0.1023,82007,302.2,0.033510,0.0001603,0.1016,84393,323.8,0.000000
244.04,0.0067789,244.0,0.021198,774.9,48513,803.3,47670,812.1,175.39,0.021178,64.0,0.000000,100.0,1380657,1836.4,116427,777.4,-1.61,-0.000496,424.0,0.000000,341.0,79932,340.4,73574,626.2,5.62,0.001358,604.0,0.000000,597.0,138634,384.2,121283,767.0,2.90,0.000943,0.0000262,0.1015,113350,350.6,-0.000000,0.0001587,0.1024,100325,340.4,0.000000,0.0000495,0.1023,81722,301.9,0.034371,0.0001603,0.1016,83905,323.3,0.000000
245.07,0.0068075,245.1,0.021844,830.3,47499,798.8,47591,810.9,182.27,0.022005,65.1,0.000000,100.0,1343544,1825.3,118853,781.5,-2.68,-0.000838,425.1,0.000000,100.0,79619,339.4,71015,621.2,3.87,0.000909,605.1,0.000000,450.1,140291,385.5,118264,762.5,3.08,0.000982,0.0000256,0.1015,112714,350.0,-0.000000,0.0001587,0.1024,101783,341.8,0.000000,0.0000505,0.1023,81467,301.5,0.035255,0.0001603,0.1016,83379,322.7,0.000000
246.05,0.0068348,246.1,0.020421,767.8,46620,794.8,45941,804.4,173.57,0.020392,66.1,0.000000,464.0,1309497,1814.9,121628,786.1,-2.92,-0.000929,426.1,0.000000,203.8,79363,338.5,69878,618.9,1.41,0.000327,606.1,0.000000,3077.1,141927,386.7,115212,758.0,3.34,0.001045,0.0000250,0.1015,112093,349.5,-0.000000,0.0001587,0.1024,103133,343.0,0.000000,0.0000515,0.1023,81249,301.3,0.036057,0.0001603,0.1016,82870,322.1,0.000000
247.04,0.0068622,247.0,0.020861,821.6,45708,790.6,45498,801.8,177.33,0.020700,67.0,0.000000,1519.6,1276794,1804.7,124324,790.5,-2.73,-0.000883,427.0,0.000000,100.0,79140,337.7,70795,621.0,-2.62,-0.000614,607.0,0.000000,515.8,143617,387.9,111981,753.0,3.62,0.001108,0.0000244,0.1015,111474,348.9,-0.000000,0.0001587,0.1024,104413,344.2,0.000000,0.0000525,0.1023,81042,301.0,0.036672,0.0001603,0.1016,82360,321.6,0.000000
248.07,0.0068908,248.1,0.020025,759.2,44809,786.4,44088,795.5,173.37,0.019764,68.1,0.000000,100.0,1243986,1794.3,127249,795.2,-2.92,-0.000960,428.1,0.000000,4936.8,78928,336.8,75937,633.0,-10.17,-0.002510,608.1,0.000000,1284.1,145441,389.3,108519,747.6,3.78,0.001130,0.0000239,0.1015,110845,348.3,0.000000,0.0001587,0.1024,105655,345.4,0.000000,0.0000535,0.1023,80826,300.7,0.037068,0.0001603,0.1016,81825,321.0,0.000000
249.06,0.0069182,249.1,0.020175,812.4,43933,782.3,43580,792.7,177.05,0.020021,69.1,0.000000,100.0,1213859,1784.5,130986,801.1,-3.97,-0.001336,429.1,0.000000,1611.8,78734,336.1,83883,650.7,-12.48,-0.003311,609.1,0.000000,339.6,147243,390.6,105313,742.4,3.73,0.001088,0.0000233,0.1015,110268,347.8,0.000000,0.0001587,0.1024,106739,346.4,0.000000,0.0000545,0.1023,80614,300.4,0.037218,0.0001603,0.1016,81308,320.4,0.000000
250.04,0.0069456,250.0,0.019168,807.8,43122,778.4,43068,790.8,168.12,0.018833,70.0,0.000000,900.1,1184905,1774.9,136005,808.9,-4.86,-0.001680,430.0,0.000000,447.7,78535,335.3,90246,664.3,-8.29,-0.002318,610.0,0.000000,1921.1,149104,391.9,102362,737.6,3.50,0.001000,0.0000228,0.1015,109718,347.3,0.000000,0.0001587,0.1024,107717,347.3,0.000000,0.0000556,0.1023,80386,300.1,0.037102,0.0001603,0.1016,80779,319.8,0.000000
251.07,0.0069742,251.1,0.012175,799.3,42771,776.4,44422,800.5,74.18,0.008468,71.1,0.000000,100.0,1155832,1765.1,141004,816.5,-4.06,-0.001441,431.1,0.000000,854.3,78316,334.5,94010,672.2,-4.38,-0.001260,611.1,0.000000,617.9,151113,393.4,99612,733.0,3.20,0.000894,0.0000224,0.1015,109172,346.8,-0.000000,0.0001587,0.1024,108621,348.1,0.000000,0.0000566,0.1023,80137,299.8,0.036856,0.0001603,0.1016,80211,319.1,0.000000
252.06,0.0070016,252.1,-0.002641,807.3,43473,779.2,48486,819.6,-85.49,-0.010404,72.1,0.000000,100.0,1129112,1755.9,144100,821.1,-2.32,-0.000839,432.1,0.000000,100.0,78095,333.8,96850,678.0,-3.93,-0.001155,612.1,0.000000,100.0,153098,394.8,97257,729.0,2.96,0.000811,0.0000225,0.1015,108674,346.4,0.000000,0.0001587,0.1024,109377,348.8,0.000000,0.0000576,0.1023,79877,299.5,0.036528,0.0001603,0.1016,79654,318.5,0.000000
253.04,0.0070290,253.0,-0.016044,833.5,45197,787.0,50658,826.9,-152.36,-0.019199,73.0,0.000000,1009.2,1103401,1746.9,145458,823.2,-0.94,-0.000341,433.0,0.000000,100.0,77858,333.1,100641,685.8,-5.05,-0.001526,613.0,0.000000,941.1,155148,396.2,95089,725.2,2.80,0.000756,0.0000230,0.1015,108195,345.9,-0.000000,0.0001587,0.1024,110033,349.4,0.000000,0.0000586,0.1023,79596,299.2,0.036103,0.0001603,0.1016,79089,317.9,0.000000
254.03,0.0070564,254.0,-0.020127,847.2,47304,796.5,53603,837.2,-167.33,-0.022039,74.0,0.000000,457.4,1078658,1738.0,146218,824.3,-0.72,-0.000261,434.0,0.000000,328.1,77605,332.4,104497,693.5,-4.45,-0.001379,614.0,0.000000,949.6,157266,397.7,93049,721.6,2.70,0.000716,0.0000235,0.1015,107733,345.5,-0.000000,0.0001587,0.1024,110595,349.9,0.000000,0.0000596,0.1023,79303,298.9,0.035621,0.0001603,0.1016,78527,317.2,0.000000
255.06,0.0070850,255.1,-0.021505,857.8,49700,806.9,56459,847.3,-165.81,-0.022728,75.1,0.000000,1727.6,1053789,1728.9,147959,826.9,-1.79,-0.000657,435.1,0.000000,324.0,77325,331.6,106648,697.7,-1.81,-0.000570,615.1,0.000000,1329.3,159553,399.2,91057,718.0,2.56,0.000669,0.0000241,0.1015,107262,345.1,0.000000,0.0001587,0.1024,111084,350.3,0.000000,0.0000606,0.1023,78985,298.5,0.035112,0.0001603,0.1016,77960,316.6,0.000000
256.05,0.0071124,256.0,-0.022077,865.5,52111,817.0,59278,857.1,-162.36,-0.023100,76.0,0.000000,535.1,1030917,1720.4,151362,831.8,-3.16,-0.001183,436.0,0.000000,236.5,77045,330.9,106649,697.8,0.36,0.000114,616.0,0.000000,130.2,161814,400.7,89320,714.8,2.38,0.000611,0.0000247,0.1015,106818,344.7,0.000000,0.0001587,0.1024,111458,350.6,0.000000,0.0000615,0.1023,78679,298.2,0.034623,0.0001603,0.1016,77449,316.0,0.000000
257.03,0.0071397,257.0,-0.023091,874.0,54681,827.3,61291,863.9,-165.06,-0.024088,77.0,0.000000,100.0,1008899,1712.1,155664,838.0,-3.52,-0.001345,437.0,0.000000,579.3,76757,330.2,105685,696.4,1.18,0.000368,617.0,0.000000,100.0,164148,402.3,87783,712.0,2.12,0.000539,0.0000254,0.1015,106376,344.3,0.000000,0.0001587,0.1024,111753,350.9,0.000000,0.0000625,0.1023,78391,297.9,0.034254,0.0001603,0.1016,76980,315.4,0.000000
258.06,0.0071683,258.1,-0.023067,882.8,57457,837.9,64076,873.5,-160.64,-0.024240,78.1,0.000000,17300.2,986749,1703.6,159436,843.4,-2.60,-0.001012,438.1,0.000000,5901.7,76459,329.5,104924,695.2,0.64,0.000199,618.1,0.000000,100.0,166670,404.0,86433,709.5,1.78,0.000447,0.0000260,0.1015,105907,343.8,-0.000000,0.0001587,0.1024,111998,351.1,0.000000,0.0000634,0.1023,78121,297.6,0.034066,0.0001603,0.1016,76546,314.9,0.000000
259.04,0.0071957,259.0,-0.023099,890.3,60203,848.0,66627,881.9,-154.50,-0.024009,79.0,0.000000,863.9,966352,1695.6,161575,846.4,-1.41,-0.000554,439.0,0.000000,619.6,76186,328.8,105254,695.9,-0.72,-0.000223,619.0,0.000000,100.0,169165,405.6,85426,707.5,1.39,0.000345,0.0000266,0.1015,105451,343.4,-0.000000,0.0001587,0.1024,112202,351.3,0.000000,0.0000644,0.1023,77920,297.4,0.034131,0.0001603,0.1016,76191,314.5,0.000000
260.07,0.0072243,260.1,-0.022820,897.3,63143,858.2,69003,889.6,-147.13,-0.023476,80.1,0.000000,707.7,945816,1687.4,162356,847.5,-0.34,-0.000135,440.1,0.000000,842.6,75938,328.2,107116,699.5,-2.47,-0.000776,620.1,0.000000,557.5,171861,407.3,84688,706.1,0.95,0.000234,0.0000273,0.1015,104977,343.0,-0.000000,0.0001587,0.1024,112410,351.5,0.000000,0.0000654,0.1023,77815,297.2,0.034803,0.0001603,0.1016,75887,314.1,0.000000
261.06,0.0072516,261.1,-0.022007,902.9,65974,867.6,70976,895.8,-137.91,-0.022475,81.1,0.000000,3054.5,926896,1679.7,162066,847.1,0.36,0.000143,441.1,0.000000,308.8,75760,327.7,109697,704.6,-3.02,-0.000966,621.1,0.000000,171.2,174529,409.0,84245,705.3,0.60,0.000148,0.0000279,0.1015,104538,342.6,-0.000000,0.0001587,0.1024,112614,351.6,0.000000,0.0000664,0.1023,77814,297.2,0.036049,0.0001603,0.1016,75659,313.9,0.000000
262.04,0.0072789,262.0,-0.020252,907.7,68738,876.3,73352,903.2,-122.44,-0.020454,82.0,0.000000,3626.7,908652,1672.2,161132,846.0,0.82,0.000322,442.0,0.000000,555.6,75652,327.2,112035,709.1,-2.52,-0.000820,622.0,0.000000,1049.8,177287,410.8,83947,704.7,0.43,0.000105,0.0000285,0.1015,104132,342.2,0.000000,0.0001587,0.1024,112817,351.8,0.000000,0.0000674,0.1023,77898,297.3,0.037669,0.0001603,0.1016,75493,313.7,0.000000
263.07,0.0073075,263.1,-0.018629,935.6,71564,884.7,75454,909.6,-108.46,-0.018508,83.1,0.000000,1143.0,890272,1664.5,159702,844.3,1.15,0.000447,443.1,0.000000,856.4,75621,326.8,113886,712.6,-1.85,-0.000607,623.1,0.000000,756.7,180269,412.6,83631,704.1,0.49,0.000120,0.0000290,0.1015,103758,341.8,0.000000,0.0001587,0.1024,113010,352.0,0.000000,0.0000685,0.1023,78073,297.5,0.039572,0.0001603,0.1016,75389,313.5,0.000000
264.05,0.0073348,264.1,-0.017338,917.6,74234,892.4,76945,913.9,-101.44,-0.017570,84.1,0.000000,100.0,873322,1657.2,157992,842.2,1.42,0.000548,444.1,0.000000,100.0,75671,326.5,115278,715.3,-1.49,-0.000493,624.1,0.000000,100.0,183221,414.4,83134,703.1,0.85,0.000207,0.0000295,0.1015,103444,341.5,-0.000000,0.0001587,0.1024,113153,352.1,0.000000,0.0000697,0.1023,78300,297.8,0.041575,0.0001603,0.1016,75362,313.5,0.000000
265.04,0.0073621,265.0,-0.015877,923.7,76856,899.6,79460,921.0,-93.49,-0.016592,85.0,0.000000,33416.5,856965,1650.1,155984,839.7,1.66,0.000636,445.0,0.000000,299.9,75793,326.3,116556,717.7,-1.38,-0.000462,625.0,0.000000,100.0,186274,416.3,82262,701.4,1.47,0.000355,0.0000299,0.1015,103154,341.3,-0.000000,0.0001587,0.1024,113250,352.2,0.000000,0.0000708,0.1023,78569,298.1,0.043448,0.0001603,0.1016,75402,313.5,0.000000
266.07,0.0073907,266.1,-0.015280,930.2,79630,906.9,82047,928.2,-87.27,-0.015869,86.1,0.000000,2358.4,840471,1642.9,153680,836.8,1.82,0.000688,446.1,0.000000,642.2,75986,326.1,117832,720.1,-1.28,-0.000432,626.1,0.000000,1537.1,189578,418.2,80890,698.7,2.18,0.000518,0.0000303,0.1015,102845,341.0,-0.000000,0.0001587,0.1024,113307,352.2,0.000000,0.0000721,0.1023,78891,298.4,0.045146,0.0001603,0.1016,75524,313.7,0.000000
267.05,0.0074180,267.0,-0.014429,935.9,82292,913.7,84227,934.0,-79.49,-0.014744,87.0,0.000000,790.6,825247,1636.0,151446,834.0,1.84,0.000686,447.0,0.000000,100.0,76224,326.0,118845,722.0,-1.01,-0.000341,627.0,0.000000,100.0,192850,420.2,79228,695.4,2.70,0.000633,0.0000307,0.1015,102516,340.7,0.000000,0.0001587,0.1024,113337,352.3,0.000000,0.0000734,0.1023,79237,298.8,0.046605,0.0001603,0.1016,75698,313.9,0.000000
268.03,0.0074453,268.0,-0.012633,940.8,84865,920.1,86319,939.6,-67.24,-0.012707,88.0,0.000000,1888.0,810547,1629.3,149339,831.3,1.73,0.000640,448.0,0.000000,829.2,76504,326.0,119474,723.2,-0.56,-0.000190,628.0,0.000000,730.2,196237,422.1,77398,691.7,2.97,0.000684,0.0000311,0.1015,102147,340.3,-0.000000,0.0001587,0.1024,113357,352.3,0.000000,0.0000747,0.1023,79620,299.2,0.047844,0.0001603,0.1016,75896,314.1,0.000000
269.06,0.0074739,269.1,-0.010318,945.4,87402,926.1,88272,944.7,-53.14,-0.010215,89.1,0.000000,1848.5,795714,1622.5,147391,828.8,1.53,0.000559,449.1,0.000000,478.4,76836,326.0,119574,723.4,0.04,0.000014,629.1,0.000000,891.5,199903,424.2,75478,687.7,3.02,0.000682,0.0000314,0.1015,101712,339.9,0.000000,0.0001587,0.1024,113375,352.3,0.000000,0.0000761,0.1023,80052,299.7,0.048972,0.0001603,0.1016,76094,314.4,0.000000
270.04,0.0075011,270.0,-0.007794,949.7,89651,931.1,90179,949.5,-39.75,-0.007765,90.0,0.000000,948.0,782021,1616.1,145830,826.7,1.29,0.000467,450.0,0.000000,395.0,77187,326.1,118998,722.6,0.78,0.000265,630.0,0.000000,100.0,203536,426.3,73681,683.9,3.04,0.000675,0.0000316,0.1015,101229,339.4,-0.000000,0.0001587,0.1024,113378,352.3,0.000000,0.0000775,0.1023,80485,300.1,0.049986,0.0001603,0.1016,76252,314.5,0.000000
271.07,0.0075296,271.1,-0.005654,954.3,91849,935.9,92079,954.2,-28.91,-0.005739,91.1,0.000000,365.8,768199,1609.5,144483,825.0,1.08,0.000388,451.1,0.000000,394.4,77583,326.2,117684,720.7,1.48,0.000498,631.1,0.000000,100.0,207470,428.5,71761,679.8,3.24,0.000704,0.0000317,0.1015,100612,338.8,0.000000,0.0001587,0.1024,113349,352.3,0.000000,0.0000789,0.1023,80948,300.6,0.050871,0.0001603,0.1016,76394,314.7,0.000000
272.05,0.0075569,272.0,-0.004026,963.2,93851,940.1,94159,959.1,-21.46,-0.004333,92.0,0.000000,100.0,755429,1603.3,143339,823.5,1.00,0.000357,452.0,0.000000,100.0,77983,326.3,115982,718.3,1.91,0.000633,632.0,0.000000,668.2,211370,430.6,69783,675.4,3.60,0.000764,0.0000318,0.1015,99867,338.1,0.000000,0.0001587,0.1024,113259,352.2,0.000000,0.0000803,0.1023,81403,301.1,0.051620,0.0001603,0.1016,76537,314.9,0.000000
273.03,0.0075842,273.0,-0.003445,963.3,95859,944.3,95899,963.2,-18.81,-0.003851,93.0,0.000000,818.1,743081,1597.3,142191,821.9,1.03,0.000367,453.0,0.000000,523.1,78402,326.5,114124,715.7,2.05,0.000672,633.0,0.000000,914.3,215411,432.8,67676,670.7,3.90,0.000810,0.0000319,0.1015,98932,337.2,0.000000,0.0001587,0.1024,113099,352.1,0.000000,0.0000818,0.1023,81876,301.6,0.052245,0.0001603,0.1016,76722,315.1,0.000000
274.06,0.0076127,274.1,-0.002859,968.1,97967,948.5,98084,968.3,-16.07,-0.003349,94.1,0.000000,440.1,730604,1591.1,140929,820.3,1.09,0.000385,454.1,0.000000,479.9,78858,326.6,112250,712.9,1.97,0.000637,634.1,0.000000,718.2,219793,435.1,65497,665.6,3.90,0.000789,0.0000320,0.1015,97743,336.0,-0.000000,0.0001587,0.1024,112870,351.9,0.000000,0.0000833,0.1023,82389,302.1,0.052852,0.0001603,0.1016,77022,315.4,0.000000
275.04,0.0076400,275.0,-0.002319,972.6,99995,952.4,100015,972.7,-12.50,-0.002644,95.0,0.000000,100.0,719064,1585.2,139695,818.6,1.12,0.000392,455.0,0.000000,100.0,79311,326.9,110633,710.6,1.79,0.000573,635.0,0.000000,1235.6,224142,437.4,63645,661.3,3.51,0.000695,0.0000321,0.1015,96432,334.7,0.000000,0.0001587,0.1024,112623,351.6,0.000000,0.0000847,0.1023,82898,302.7,0.053454,0.0001603,0.1016,77502,316.0,0.000000
276.07,0.0076685,276.1,-0.000070,978.0,101927,956.1,101902,978.1,-5.04,-0.001079,96.1,0.000000,100.0,707395,1579.3,138386,816.8,1.15,0.000400,456.1,0.000000,462.2,79802,327.1,109159,708.4,1.57,0.000497,636.1,0.000000,100.0,228862,439.9,62078,657.5,2.85,0.000553,0.0000321,0.1015,94941,333.3,0.000000,0.0001587,0.1024,112369,351.4,0.000000,0.0000863,0.1023,83452,303.3,0.054059,0.0001603,0.1016,78324,316.9,0.000000
277.05,0.0076958,277.0,0.003106,983.6,103474,958.8,106072,989.4,15.10,0.003329,97.0,0.000000,504.5,696596,1573.7,137089,815.1,1.20,0.000416,457.0,0.000000,957.4,80290,327.3,107962,706.6,1.34,0.000422,637.0,0.000000,1492.9,233550,442.2,61014,654.9,2.00,0.000383,0.0000320,0.1015,93467,331.8,-0.000000,0.0001587,0.1024,112153,351.2,0.000000,0.0000878,0.1023,84001,303.8,0.054682,0.0001603,0.1016,79502,318.3,0.000000
278.03,0.0077231,278.0,0.003128,988.2,105074,961.6,106663,991.6,18.00,0.003984,98.0,0.000000,100.0,686138,1568.2,135750,813.2,1.24,0.000427,458.0,0.000000,594.4,80796,327.6,106984,705.1,1.09,0.000342,638.0,0.000000,100.0,238417,444.7,60436,653.5,1.00,0.000191,0.0000319,0.1015,92002,330.3,-0.000000,0.0001587,0.1024,111972,351.1,0.000000,0.0000893,0.1023,84565,304.4,0.055298,0.0001603,0.1016,81052,320.0,0.000000
279.06,0.0077516,279.1,0.004706,992.6,106613,964.1,107429,994.1,22.04,0.004900,99.1,0.000000,100.0,675556,1562.5,134384,811.3,1.21,0.000411,459.1,0.000000,452.3,81343,327.9,106218,703.9,0.80,0.000248,639.1,0.000000,619.7,243704,447.3,60325,653.2,0.05,0.000010,0.0000318,0.1015,90522,328.8,-0.000000,0.0001587,0.1024,111819,350.9,0.000000,0.0000909,0.1023,85166,305.0,0.055909,0.0001603,0.1016,82956,322.1,0.000000
280.04,0.0077790,280.0,0.006395,996.4,107934,966.2,108453,997.1,27.04,0.006050,100.0,0.000000,100.0,665757,1557.2,133150,809.6,1.16,0.000391,460.0,0.000000,149.0,81882,328.3,105780,703.3,0.44,0.000135,640.0,0.000000,2971.2,248960,449.8,60524,653.7,-0.47,-0.000090,0.0000316,0.1015,89178,327.4,-0.000000,0.0001587,0.1024,111700,350.8,0.000000,0.0000924,0.1023,85753,305.6,0.056490,0.0001603,0.1016,84904,324.3,0.000000
281.07,0.0078076,281.1,0.007846,1000.2,109179,968.1,109466,999.8,32.14,0.007239,101.1,0.000000,1549.4,655840,1551.8,131849,807.8,1.21,0.000408,461.1,0.000000,692.4,82462,328.6,105754,703.3,-0.10,-0.000030,641.1,0.000000,526.4,254673,452.5,60786,654.4,-0.49,-0.000093,0.0000314,0.1015,87858,326.0,-0.000000,0.0001587,0.1024,111596,350.7,0.000000,0.0000940,0.1023,86376,306.3,0.057036,0.0001603,0.1016,86944,326.4,0.000000
282.06,0.0078349,282.1,0.010749,1003.6,110048,969.2,112647,1007.4,48.52,0.011160,102.1,0.000000,265630.1,646656,1546.7,130337,805.6,1.56,0.000519,462.1,0.000000,768.7,82996,328.9,106284,704.3,-0.78,-0.000243,642.1,0.000000,1080.6,260357,455.2,60910,654.7,-0.18,-0.000034,0.0000311,0.1015,86679,324.7,-0.000000,0.0001587,0.1024,111505,350.6,0.000000,0.0000956,0.1023,87369,307.3,0.056350,0.0001603,0.1016,88843,328.4,0.000000
283.04,0.0078623,283.0,0.010649,1006.6,110962,970.3,112651,1007.8,50.78,0.011676,103.0,0.000000,705.7,637757,1541.7,128280,802.7,2.14,0.000702,463.0,0.000000,417.6,83576,329.3,107326,706.3,-1.32,-0.000411,643.0,0.000000,100.0,266263,457.9,60869,654.6,0.14,0.000026,0.0000308,0.1015,85582,323.5,-0.000000,0.0001587,0.1024,111417,350.6,0.000000,0.0000972,0.1023,87738,307.7,0.057949,0.0001603,0.1016,90666,330.3,0.000000
284.07,0.0078909,284.1,0.012342,1009.4,111720,971.1,112845,1008.5,55.21,0.012707,104.1,0.000000,174.4,628748,1536.6,125664,798.9,2.53,0.000820,464.1,0.000000,543.7,84197,329.7,108730,709.0,-1.66,-0.000523,644.1,0.000000,1011.9,272687,460.8,60753,654.3,0.22,0.000042,0.0000304,0.1015,84524,322.4,0.000000,0.0001587,0.1024,111316,350.5,0.000000,0.0000988,0.1023,88236,308.2,0.058456,0.0001603,0.1016,92476,332.2,0.000000
285.06,0.0079183,285.1,0.014990,1011.8,112120,971.2,114511,1012.3,68.18,0.015864,105.1,0.000000,212.7,620402,1531.8,123175,795.2,2.47,0.000785,465.1,0.000000,196.3,84764,330.1,111087,713.4,-3.28,-0.001051,645.1,0.000000,491.5,279082,463.6,60711,654.2,0.04,0.000008,0.0000300,0.1015,83601,321.4,0.000000,0.0001587,0.1024,111200,350.4,0.000000,0.0001004,0.1023,89088,309.1,0.057521,0.0001603,0.1016,94100,333.8,0.000000
286.04,0.0079457,286.0,0.016130,1013.5,112379,971.0,114173,1011.6,71.85,0.016681,106.0,0.000000,1378.0,612313,1527.1,120950,791.9,2.25,0.000707,466.0,0.000000,321.7,85371,330.5,117168,724.8,-7.90,-0.002626,646.0,0.000000,745.6,285734,466.5,60807,654.5,-0.29,-0.000055,0.0000296,0.1015,82768,320.4,0.000000,0.0001587,0.1024,111055,350.2,0.000000,0.0001020,0.1023,89458,309.4,0.058901,0.0001603,0.1016,95599,335.3,0.000000
287.03,0.0079730,287.0,0.017804,1031.9,112414,970.3,114517,1012.5,82.15,0.019114,107.0,0.000000,100.0,604472,1522.5,118795,788.6,2.30,0.000712,467.0,0.000000,882.8,85944,330.9,126442,741.6,-9.52,-0.003338,647.0,0.000000,449.8,292655,469.5,61141,655.3,-0.79,-0.000151,0.0000291,0.1015,82031,319.6,-0.000000,0.0001587,0.1024,110870,350.1,0.000000,0.0001036,0.1023,90299,310.3,0.057735,0.0001603,0.1016,96962,336.6,0.000000
288.06,0.0080017,288.1,0.018752,1029.6,112312,969.4,114912,1013.5,91.77,0.021403,108.1,0.000000,575.0,596529,1517.7,116119,784.5,2.94,0.000895,468.1,0.000000,10036.9,86576,331.3,133781,754.5,-5.80,-0.002115,648.1,0.000000,100.0,300193,472.6,61693,656.7,-1.12,-0.000217,0.0000286,0.1015,81367,318.9,-0.000000,0.0001587,0.1024,110623,349.8,0.000000,0.0001053,0.1023,90572,310.5,0.058849,0.0001603,0.1016,98242,337.9,0.000000
289.05,0.0080291,289.0,0.014578,954.1,112803,969.6,105970,993.6,62.33,0.013675,109.0,0.000000,100.0,589169,1513.3,112749,779.2,3.90,0.001162,469.0,0.000000,2067.5,87140,331.7,137058,760.2,-2.50,-0.000926,649.0,0.000000,100.0,307705,475.7,62232,658.1,-1.05,-0.000204,0.0000282,0.1015,80830,318.3,-0.000000,0.0001587,0.1024,110324,349.6,0.000000,0.0001069,0.1023,91370,311.3,0.057362,0.0001603,0.1016,99333,338.9,0.000000
290.03,0.0080565,290.0,0.012761,955.3,113574,970.4,104288,983.7,60.38,0.013168,110.0,0.000000,815.5,582032,1508.9,108792,772.8,4.57,0.001324,470.0,0.000000,487.2,87732,332.1,138665,762.9,-1.39,-0.000519,650.0,0.000000,571.5,315528,478.9,62598,659.0,-0.64,-0.000126,0.0000278,0.1015,80382,317.8,0.000000,0.0001587,0.1024,109957,349.2,0.000000,0.0001085,0.1023,91610,311.6,0.058375,0.0001603,0.1016,100304,339.9,0.000000
291.06,0.0080851,291.1,0.015522,960.2,113976,970.4,106061,979.7,73.87,0.016450,111.1,0.000000,247.4,574803,1504.5,104630,765.9,4.62,0.001298,471.1,0.000000,434.0,88310,332.5,140544,766.1,-1.80,-0.000679,651.1,0.000000,933.7,324054,482.2,62722,659.3,-0.13,-0.000025,0.0000274,0.1015,79995,317.3,0.000000,0.0001587,0.1024,109506,348.8,0.000000,0.0001101,0.1023,92399,312.4,0.056892,0.0001603,0.1016,101208,340.7,0.000000
292.05,0.0081125,292.1,0.018830,962.6,113867,969.4,107248,974.4,87.50,0.019811,112.1,0.000000,760.8,568102,1500.3,101113,759.9,4.13,0.001131,472.1,0.000000,818.6,88890,332.9,143093,770.5,-2.37,-0.000905,652.1,0.000000,695.3,332558,485.5,62608,659.1,0.32,0.000062,0.0000269,0.1015,79686,317.0,-0.000000,0.0001587,0.1024,109025,348.4,0.000000,0.0001117,0.1023,92655,312.6,0.057841,0.0001603,0.1016,101984,341.4,0.000000
293.04,0.0081399,293.0,0.021310,963.8,113366,967.6,107820,968.8,96.07,0.021995,113.0,0.000000,1305.4,561604,1496.2,98321,755.0,3.31,0.000887,473.0,0.000000,742.9,89432,333.3,145786,775.0,-2.27,-0.000877,653.0,0.000000,100.0,341421,488.9,62286,658.3,0.72,0.000139,0.0000263,0.1015,79418,316.7,0.000000,0.0001587,0.1024,108513,347.9,0.000000,0.0001132,0.1023,93416,313.4,0.056340,0.0001603,0.1016,102690,342.1,0.000000
294.07,0.0081686,294.1,0.022924,963.3,112547,965.1,107718,963.5,102.61,0.023598,114.1,0.000000,100.0,555021,1492.0,96197,751.2,2.42,0.000639,474.1,0.000000,494.9,90029,333.7,147785,778.3,-1.37,-0.000537,654.1,0.000000,1645.4,351088,492.5,61808,657.1,0.96,0.000187,0.0000256,0.1015,79165,316.4,0.000000,0.0001587,0.1024,107964,347.4,0.000000,0.0001149,0.1023,93678,313.6,0.057302,0.0001603,0.1016,103364,342.7,0.000000
295.06,0.0081960,295.1,0.023932,961.5,111563,962.3,107089,959.3,106.51,0.024457,115.1,0.000000,1047.8,548918,1488.1,94784,748.6,1.72,0.000449,475.1,0.000000,882.0,90561,334.1,148253,779.1,-0.10,-0.000039,655.1,0.000000,100.0,360741,496.0,61295,655.9,1.06,0.000203,0.0000250,0.1015,78936,316.1,-0.000000,0.0001587,0.1024,107437,346.9,0.000000,0.0001164,0.1023,94389,314.3,0.055767,0.0001603,0.1016,103952,343.3,0.000000
296.04,0.0082234,296.0,0.024419,958.9,110452,959.3,106109,955.6,108.77,0.024845,116.0,0.000000,1443.9,542998,1484.2,93769,746.8,1.29,0.000333,476.0,0.000000,1056.7,91120,334.4,147233,777.8,1.18,0.000458,656.0,0.000000,845.2,370809,499.6,60780,654.6,1.06,0.000202,0.0000243,0.1015,78713,315.9,0.000000,0.0001587,0.1024,106910,346.4,0.000000,0.0001179,0.1023,94645,314.5,0.056642,0.0001603,0.1016,104483,343.8,0.000000
297.07,0.0082520,297.1,0.024620,955.7,109198,955.9,104868,951.8,110.21,0.024976,117.1,0.000000,2782.6,537000,1480.2,92817,745.0,1.26,0.000324,477.1,0.000000,1522.4,91668,334.8,144663,774.7,2.38,0.000915,657.1,0.000000,522.3,381801,503.4,60275,653.3,0.99,0.000187,0.0000236,0.1015,78487,315.6,0.000000,0.0001587,0.1024,106358,345.9,0.000000,0.0001195,0.1023,95321,315.2,0.055162,0.0001603,0.1016,104976,344.2,0.000000
298.06,0.0082794,298.1,0.024654,952.3,107932,952.4,103633,948.3,110.94,0.024939,118.1,0.000000,1072.1,531440,1476.5,91666,742.9,1.70,0.000431,478.1,0.000000,5411.5,92216,335.2,141282,770.5,3.06,0.001153,658.1,0.000000,106.5,392785,507.1,59840,652.3,0.89,0.000168,0.0000229,0.1015,78286,315.4,-0.000000,0.0001587,0.1024,105828,345.4,0.000000,0.0001211,0.1023,95611,315.5,0.055909,0.0001603,0.1016,105391,344.6,0.000000
299.04,0.0083068,299.0,0.024533,948.7,106624,948.9,102388,944.8,110.89,0.024719,119.0,0.000000,100.0,526046,1472.9,90023,739.8,2.44,0.000610,479.0,0.000000,256.2,92730,335.6,137973,766.3,2.86,0.001060,659.0,0.000000,404.6,404251,510.9,59453,651.3,0.80,0.000150,0.0000222,0.1015,78105,315.2,0.000000,0.0001587,0.1024,105296,344.9,0.000000,0.0001225,0.1023,96228,316.1,0.054423,0.0001603,0.1016,105757,344.9,0.000000
300.03,0.0083342,300.0,0.024221,945.0,105303,945.3,101201,941.4,110.08,0.024341,120.0,0.000000,3212.7,520817,1469.4,87952,735.9,3.01,0.000741,480.0,0.000000,100.0,93238,335.9,135563,763.2,1.97,0.000719,660.0,0.000000,100.0,416219,514.8,59102,650.4,0.74,0.000138,0.0000216,0.1015,77951,315.0,-0.000000,0.0001587,0.1024,104772,344.4,0.000000,0.0001240,0.1023,97054,316.9,0.054023,0.0001603,0.1016,106086,345.3,0.000000
301.06,0.0083628,301.1,0.023726,941.1,103941,941.5,100006,938.0,108.50,0.023794,121.1,0.000000,217.6,515520,1465.7,85741,731.6,2.99,0.000722,481.1,0.000000,1056.8,93796,336.3,134499,761.8,0.61,0.000223,661.1,0.000000,100.0,429294,519.0,58747,649.5,0.73,0.000136,0.0000209,0.1015,77821,314.9,-0.000000,0.0001587,0.1024,104239,343.9,0.000000,0.0001256,0.1023,97128,316.9,0.054835,0.0001603,0.1016,106403,345.5,0.000000
302.04,0.0083901,302.0,0.023116,937.4,102675,938.0,98893,934.9,106.47,0.023168,122.0,-0.000000,1434.8,510595,1462.3,84120,728.4,2.12,0.000504,482.0,0.000000,498.2,94296,336.6,134882,762.5,-0.61,-0.000222,662.0,0.000000,537.4,442368,523.0,58386,648.6,0.80,0.000148,0.0000203,0.1015,77732,314.8,-0.000000,0.0001587,0.1024,103751,343.5,0.000000,0.0001270,0.1023,97914,317.7,0.053249,0.0001603,0.1016,106691,345.8,0.000000
303.07,0.0084186,303.1,0.022398,933.7,101414,934.3,97748,931.8,103.78,0.022396,123.1,0.000001,963.0,505440,1458.3,83734,727.6,0.05,0.000012,483.1,0.000000,100.0,94846,337.0,136366,765.0,-1.46,-0.000537,663.1,0.000000,235.8,456662,527.4,57920,647.4,1.04,0.000191,0.0000196,0.1015,77678,314.7,0.000000,0.0001587,0.1024,103262,343.0,0.000000,0.0001286,0.1023,98021,317.8,0.054067,0.0001603,0.1016,106985,346.1,0.000000
304.05,0.0084460,304.1,0.021576,930.2,100289,931.0,96776,929.0,100.40,0.021515,124.1,-0.000021,729.7,500661,1454.5,84733,729.7,-2.04,-0.000486,484.1,0.000000,12785.3,95338,337.4,138018,767.7,-1.45,-0.000536,664.1,0.000000,723.1,470964,531.6,57268,645.7,1.54,0.000282,0.0000190,0.1015,77670,314.7,-0.000000,0.0001587,0.1024,102806,342.6,0.000000,0.0001300,0.1023,98753,318.5,0.052475,0.0001603,0.1016,107265,346.3,0.000000
305.04,0.0084732,305.0,0.020449,927.0,99310,928.0,96205,927.0,94.17,0.020105,125.0,-0.000097,733.7,496029,1450.8,86615,733.6,-3.32,-0.000806,485.0,0.000000,1511.7,95857,337.7,139027,769.4,-0.72,-0.000267,665.0,0.000000,336.4,485916,535.9,56407,643.5,1.95,0.000352,0.0000185,0.1015,77709,314.7,0.000000,0.0001587,0.1024,102346,342.1,0.000000,0.0001315,0.1023,98886,318.6,0.053276,0.0001603,0.1016,107551,346.6,0.000000
306.06,0.0085018,306.1,0.018200,924.1,98674,925.7,96490,926.8,80.10,0.017155,126.1,-0.000086,737.7,491332,1447.1,88584,737.5,-2.83,-0.000699,486.1,0.000000,940.6,96367,338.1,138943,769.4,0.31,0.000116,666.1,0.000000,1806.9,502279,540.5,55562,641.3,1.72,0.000306,0.0000180,0.1015,77814,314.8,-0.000000,0.0001587,0.1024,101844,341.7,0.000000,0.0001330,0.1023,99563,319.3,0.051728,0.0001603,0.1016,107859,346.9,0.000000
307.05,0.0085290,307.0,0.014296,922.8,98792,925.0,97461,928.1,59.60,0.012873,127.0,0.000046,978.4,486968,1443.5,90158,740.8,-1.74,-0.000436,487.0,0.000000,644.7,96878,338.5,137683,767.7,1.39,0.000512,667.0,0.000000,48760.4,518666,545.0,55145,640.2,0.68,0.000121,0.0000176,0.1015,77981,315.0,0.000000,0.0001587,0.1024,101306,341.1,0.000000,0.0001344,0.1023,99750,319.4,0.052388,0.0001603,0.1016,108163,347.1,0.000000
308.07,0.0085575,308.1,0.010057,923.5,99800,926.3,98468,929.6,40.73,0.008876,128.1,0.000207,982.2,482527,1439.9,91888,744.8,-1.14,-0.000290,488.1,0.000000,1108.5,97381,338.8,135239,764.6,2.37,0.000864,668.1,0.000000,100.0,536605,549.8,55410,640.9,-0.95,-0.000170,0.0000173,0.1015,78239,315.3,-0.000000,0.0001587,0.1024,100632,340.5,0.000000,0.0001358,0.1023,100343,320.0,0.050876,0.0001603,0.1016,108484,347.4,0.000000
309.05,0.0085848,309.1,0.007630,925.5,101293,928.6,99451,931.1,31.99,0.007028,129.1,0.000364,987.2,478393,1436.5,94036,749.9,-1.00,-0.000258,489.1,0.000000,821.7,97858,339.1,132160,760.5,3.02,0.001079,669.1,0.000000,595.8,554577,554.5,56464,643.8,-2.63,-0.000474,0.0000171,0.1015,78583,315.7,0.000000,0.0001587,0.1024,99833,339.7,0.000000,0.0001372,0.1023,101078,320.7,0.050354,0.0001603,0.1016,108787,347.7,0.000000
310.03,0.0086120,310.0,0.007209,928.2,102921,931.1,100535,932.8,31.89,0.007071,130.0,0.000543,992.6,474364,1433.1,96405,755.8,-0.12,-0.000032,490.0,0.000000,100.0,98359,339.5,128772,756.0,3.31,0.001160,670.0,0.000000,100.0,573386,559.2,57727,647.2,-2.67,-0.000490,0.0000169,0.1015,79036,316.2,0.000000,0.0001587,0.1024,98861,338.8,0.000000,0.0001386,0.1023,101138,320.7,0.051050,0.0001603,0.1016,109080,348.0,0.000000
311.06,0.0086405,311.1,0.008361,930.9,104406,933.2,101722,934.3,40.58,0.009087,131.1,0.000802,996.9,470252,1429.6,98385,761.7,2.20,0.000584,491.1,0.000000,250.7,98855,339.9,125275,751.2,3.30,0.001131,671.1,0.000000,5342.8,593993,564.3,58538,649.3,-1.37,-0.000254,0.0000166,0.1015,79620,316.9,0.000000,0.0001586,0.1024,97666,337.6,0.000000,0.0001400,0.1023,101836,321.4,0.049544,0.0001603,0.1016,109368,348.2,0.000000
312.04,0.0086677,312.0,0.010520,932.4,105368,934.2,102529,934.9,50.83,0.011468,132.0,0.001157,998.7,466401,1426.4,99268,766.3,5.26,0.001402,492.0,0.000000,3302.2,99354,340.2,122204,746.9,3.07,0.001032,672.0,0.000000,100.0,614654,569.3,58641,649.6,0.01,0.000001,0.0000164,0.1015,80265,317.6,-0.000000,0.0001586,0.1024,96389,336.3,0.000000,0.0001414,0.1023,101975,321.5,0.050241,0.0001603,0.1016,109624,348.4,0.000000
313.06,0.0086961,313.1,0.012786,932.7,105827,934.1,102800,934.2,61.34,0.013886,133.1,0.001582,998.3,462453,1423.0,99319,770.7,8.42,0.002231,493.1,0.000000,495.1,99849,340.6,119427,743.0,2.68,0.000886,673.1,0.000000,784.0,637300,574.5,58304,648.7,0.77,0.000142,0.0000160,0.1015,81001,318.4,0.000000,0.0001586,0.1024,94966,334.9,0.000000,0.0001428,0.1023,102616,322.1,0.048793,0.0001603,0.1016,109874,348.7,0.000000
314.04,0.0087233,314.0,0.014878,932.1,105738,932.9,102439,932.2,70.56,0.015950,134.0,0.002118,997.4,458735,1419.8,99128,775.8,11.20,0.002945,494.0,0.000000,538.2,100346,340.9,117252,739.9,2.22,0.000723,674.0,0.000000,2096.9,660018,579.7,57974,647.9,0.64,0.000117,0.0000156,0.1015,81731,319.3,0.000000,0.0001585,0.1024,93572,333.5,0.000000,0.0001441,0.1023,102820,322.2,0.049399,0.0001603,0.1016,110097,348.9,0.000000
315.06,0.0087518,315.1,0.016688,930.2,105123,930.5,101413,928.9,79.05,0.017753,135.1,0.002663,996.4,454907,1416.4,98865,782.3,14.02,0.003645,495.1,0.000000,1544.2,100839,341.3,115530,737.3,1.66,0.000535,675.1,0.000000,100.0,684933,585.2,57976,647.9,-0.21,-0.000039,0.0000151,0.1015,82492,320.1,0.000000,0.0001584,0.1024,92123,332.0,0.000000,0.0001455,0.1023,103335,322.7,0.047926,0.0001603,0.1016,110313,349.1,0.000000
316.04,0.0087790,316.0,0.018186,927.2,104073,927.3,99978,925.1,86.04,0.019128,136.0,0.003230,995.7,451297,1413.3,98694,789.9,16.64,0.004276,496.0,0.000000,100.0,101305,341.6,114433,735.7,1.08,0.000346,676.0,0.000000,1186.6,709939,590.6,59310,651.4,-4.20,-0.000786,0.0000146,0.1015,83196,320.9,0.000000,0.0001583,0.1024,90771,330.6,0.000000,0.0001467,0.1023,103896,323.2,0.047253,0.0001603,0.1016,110498,349.2,0.000000
317.07,0.0088074,317.1,0.019346,923.0,102547,922.9,98007,920.2,92.33,0.020229,137.1,0.003826,995.5,447571,1410.0,98720,799.9,19.40,0.004926,497.1,0.000000,3115.8,101787,342.0,113886,734.9,0.43,0.000137,677.1,0.000000,1008.1,737383,596.3,65468,667.1,-14.48,-0.002922,0.0000141,0.1015,83884,321.6,0.000000,0.0001582,0.1024,89407,329.2,0.000000,0.0001481,0.1023,104430,323.7,0.046613,0.0001603,0.1016,110661,349.4,0.000000
318.05,0.0088347,318.0,0.020234,918.1,100720,917.9,95726,914.8,97.60,0.021008,138.0,0.004527,996.1,444041,1406.8,99119,812.1,22.35,0.005613,498.0,0.000000,193.8,102262,342.3,113949,735.0,-0.20,-0.000063,678.0,0.000000,278.7,764945,601.8,75536,690.6,-18.58,-0.004180,0.0000135,0.1015,84482,322.3,0.000000,0.0001581,0.1024,88156,327.9,0.000000,0.0001493,0.1023,104428,323.7,0.046755,0.0001603,0.1016,110781,349.5,0.000000
319.03,0.0088620,319.0,0.024832,890.6,97496,909.8,97009,917.2,119.93,0.026092,139.0,0.005296,997.5,440534,1403.7,99908,826.8,25.58,0.006359,499.0,0.000000,100.0,102703,342.6,114618,736.2,-0.89,-0.000285,679.0,0.000000,100.0,793861,607.5,85266,711.2,-14.60,-0.003599,0.0000128,0.1015,85008,322.8,-0.000000,0.0001580,0.1024,86961,326.6,0.000000,0.0001506,0.1023,104820,324.0,0.044860,0.0001603,0.1016,110867,349.5,0.000000
320.06,0.0088905,320.1,0.025526,883.0,93698,900.2,93172,909.0,122.73,0.025877,140.1,0.006140,999.9,436884,1400.4,101091,844.7,29.18,0.007184,500.1,0.000000,451.3,103152,342.9,115948,738.6,-1.53,-0.000493,680.1,0.000000,1007.2,825613,613.6,92767,726.2,-9.29,-0.002442,0.0000121,0.1015,85474,323.3,-0.000000,0.0001578,0.1024,85775,325.3,0.000000,0.0001518,0.1023,105212,324.4,0.043913,0.0001603,0.1016,110928,349.6,0.000000
321.04,0.0089178,321.0,0.024959,913.6,89987,890.5,89628,900.8,123.76,0.025330,141.0,0.007052,1003.1,433402,1397.3,102611,864.2,32.73,0.007995,501.0,0.000000,458.9,103569,343.2,117631,741.5,-1.87,-0.000609,681.0,0.000000,927.1,857512,619.5,97436,735.1,-5.62,-0.001532,0.0000114,0.1015,85840,323.7,0.000000,0.0001576,0.1024,84704,324.1,0.000000,0.0001530,0.1023,105594,324.7,0.042839,0.0001603,0.1016,110971,349.6,0.000000
322.07,0.0089465,322.1,0.024079,902.0,86121,880.1,86148,891.8,124.44,0.024727,142.1,0.008027,1007.3,429764,1394.0,104639,886.5,36.55,0.008875,502.1,0.000000,414.0,103991,343.5,119426,744.7,-1.77,-0.000584,682.1,0.000000,100.0,892529,625.7,100509,740.8,-3.38,-0.000944,0.0000107,0.1015,86148,324.1,-0.000000,0.0001574,0.1024,83654,323.0,0.000000,0.0001542,0.1023,105948,325.1,0.041818,0.0001603,0.1016,111012,349.7,0.000000
323.06,0.0089738,323.1,0.022468,856.0,82657,870.4,81736,880.2,118.33,0.022604,143.1,0.009057,1012.0,426283,1390.8,106858,908.8,40.46,0.009786,503.1,0.000000,284.5,104381,343.8,120800,747.1,-1.33,-0.000442,683.1,0.000000,726.6,927682,631.8,102520,744.5,-2.36,-0.000667,0.0000101,0.1015,86377,324.3,0.000012,0.0001571,0.1024,82721,322.0,0.000000,0.0001553,0.1023,106280,325.3,0.040688,0.0001603,0.1016,111056,349.7,0.000000
324.05,0.0090013,324.0,0.022050,879.1,79095,860.1,78817,871.5,118.85,0.022111,144.0,0.010121,1016.6,422793,1387.6,109108,931.0,44.77,0.010793,504.0,0.000000,2037.3,104757,344.1,121670,748.6,-0.79,-0.000263,684.0,0.000000,100.0,964516,638.0,104184,747.5,-1.99,-0.000571,0.0000095,0.1015,86554,324.5,0.000049,0.0001568,0.1024,81863,321.0,0.000000,0.0001564,0.1023,106597,325.6,0.039601,0.0001603,0.1016,111108,349.8,0.000000
325.03,0.0090287,325.0,0.020774,868.5,75692,850.0,75863,862.3,117.18,0.021207,145.0,0.011257,1020.9,419290,1384.4,111201,952.0,49.49,0.011891,505.0,0.000000,100.0,105120,344.4,122076,749.3,-0.33,-0.000111,685.0,0.000000,100.0,1003092,644.3,105723,750.2,-1.80,-0.000522,0.0000090,0.1015,86736,324.7,0.000049,0.0001565,0.1024,81086,320.1,0.000000,0.0001575,0.1023,106887,325.9,0.038512,0.0001603,0.1016,111168,349.8,0.000000
326.06,0.0090573,326.1,0.018926,857.3,72494,840.0,72363,851.8,111.01,0.019399,146.1,0.012494,1024.9,415605,1381.0,113223,972.0,54.60,0.013084,506.1,0.000000,754.4,105486,344.6,122135,749.4,0.01,0.000004,686.1,0.000000,2167.2,1045357,651.0,107003,752.5,-1.29,-0.000379,0.0000084,0.1015,86929,324.9,0.000051,0.0001562,0.1024,80362,319.3,0.000000,0.0001585,0.1023,107154,326.1,0.037431,0.0001603,0.1016,111234,349.9,0.000000
327.05,0.0090848,327.1,0.017368,820.9,69712,830.9,69205,842.1,103.45,0.017488,147.1,0.013798,1028.8,412050,1377.7,115208,989.0,59.39,0.014231,507.1,0.000000,457.6,105824,344.9,121873,749.0,0.36,0.000121,687.1,0.000000,3100.1,1087701,657.4,107508,753.4,-0.35,-0.000103,0.0000079,0.1015,87120,325.1,0.000051,0.0001558,0.1024,79756,318.6,0.000000,0.0001595,0.1023,107428,326.3,0.036306,0.0001603,0.1016,111299,349.9,0.000000
328.04,0.0091123,328.0,0.016200,814.1,67105,822.1,66792,834.3,97.67,0.016085,148.0,0.015125,1033.2,408462,1374.4,117443,1004.0,64.01,0.015402,508.0,0.000000,574.3,106151,345.1,121133,747.9,0.90,0.000299,688.0,0.000000,1513.2,1131987,664.0,107097,752.8,0.74,0.000215,0.0000075,0.1015,87323,325.3,0.000053,0.0001554,0.1024,79230,318.0,0.000000,0.0001605,0.1023,107695,326.6,0.035287,0.0001603,0.1016,111365,350.0,0.000000
329.03,0.0091398,329.0,0.014997,830.7,64705,813.6,65167,828.5,94.84,0.015346,149.0,0.016500,1038.0,404835,1371.1,119889,1017.0,68.73,0.016667,509.0,0.000000,541.7,106469,345.3,119800,746.0,1.52,0.000503,689.0,0.000000,964.1,1178279,670.6,105781,750.6,1.73,0.000502,0.0000071,0.1015,87509,325.5,0.000099,0.0001549,0.1024,78774,317.5,0.000000,0.0001614,0.1023,107960,326.8,0.034314,0.0001603,0.1016,111431,350.0,0.000000
330.07,0.0091685,330.1,0.013015,822.1,62724,805.7,62779,820.6,85.34,0.013431,150.1,0.017977,1043.1,400994,1367.5,122551,1028.4,73.82,0.018097,510.1,0.000000,673.6,106794,345.6,117860,743.2,2.06,0.000671,690.1,0.000000,738.9,1228861,677.6,103950,747.6,2.11,0.000602,0.0000067,0.1015,87651,325.6,0.000292,0.0001544,0.1024,78360,317.0,0.000000,0.0001624,0.1023,108234,327.0,0.033419,0.0001603,0.1016,111498,350.1,0.000000
331.06,0.0091960,331.1,0.011833,798.0,61093,798.6,60771,813.6,76.96,0.011825,151.1,0.019522,1049.0,397270,1364.0,125673,1038.4,77.96,0.019409,511.1,0.000000,567.0,107116,345.8,115715,740.1,2.34,0.000754,691.1,0.000000,1581.9,1279338,684.4,102457,745.1,1.64,0.000463,0.0000064,0.1015,87792,325.8,0.000444,0.0001539,0.1024,78013,316.6,0.000000,0.0001633,0.1023,108176,327.0,0.033290,0.0001603,0.1016,111558,350.2,0.000000
332.05,0.0092236,332.0,0.011001,793.3,59639,791.4,59317,807.9,72.17,0.010900,152.0,0.021062,1057.1,393496,1360.5,130113,1049.4,80.78,0.020602,512.0,0.000000,382.5,107420,346.0,113385,736.7,2.61,0.000826,692.0,0.000000,1657.5,1331864,691.2,101847,744.1,0.44,0.000125,0.0000061,0.1015,87916,325.9,0.000666,0.0001533,0.1024,77709,316.3,0.000000,0.0001642,0.1023,108495,327.2,0.031903,0.0001603,0.1016,111611,350.2,0.000000
333.04,0.0092511,333.0,0.010381,788.7,58301,784.0,58112,802.7,68.93,0.010265,153.0,0.022597,1069.0,389673,1356.9,136691,1063.0,82.06,0.021707,513.0,0.000000,347.2,107725,346.3,110702,732.6,3.13,0.000973,693.0,0.000000,571.9,1386439,698.0,102330,745.0,-0.89,-0.000252,0.0000059,0.1015,88053,326.1,0.000870,0.0001527,0.1024,77450,316.0,0.000000,0.0001651,0.1023,108881,327.5,0.031363,0.0001603,0.1016,111655,350.2,0.000000
334.07,0.0092798,334.1,0.010052,790.7,56937,775.6,57300,798.1,68.60,0.010131,154.1,0.024208,1081.9,385620,1353.1,144085,1076.8,85.15,0.023438,514.1,0.000000,1737.0,108052,346.5,107307,727.4,3.90,0.001182,694.1,0.000000,2497.7,1445666,705.2,103848,747.7,-1.94,-0.000556,0.0000056,0.1015,88176,326.2,0.001179,0.0001520,0.1024,77226,315.7,0.000000,0.0001659,0.1023,109321,327.9,0.031034,0.0001603,0.1016,111685,350.3,0.000000
335.06,0.0093073,335.1,0.009288,781.8,55838,767.5,56232,792.5,65.47,0.009555,155.1,0.025951,1092.2,381678,1349.4,150229,1087.6,89.31,0.025376,515.1,0.000000,931.8,108388,346.8,103614,721.5,4.45,0.001315,695.1,0.000000,193.0,1504360,712.1,105627,750.9,-2.11,-0.000610,0.0000054,0.1015,88313,326.3,0.001478,0.0001513,0.1024,77060,315.5,0.000000,0.0001668,0.1023,109432,328.0,0.031428,0.0001603,0.1016,111692,350.3,0.000000
336.05,0.0093348,336.1,0.005225,752.4,56228,763.6,52174,776.9,42.58,0.005882,156.1,0.027706,1100.1,377668,1345.6,155033,1095.5,94.17,0.027413,516.1,0.000000,1534.6,108717,347.0,99893,715.5,4.53,0.001301,696.1,0.000000,830.6,1564995,719.0,107149,753.6,-1.68,-0.000490,0.0000053,0.1015,88494,326.5,0.001748,0.0001505,0.1024,76940,315.4,0.000000,0.0001676,0.1023,109867,328.3,0.030514,0.0001603,0.1016,111676,350.3,0.000000
337.04,0.0093623,337.0,0.005639,744.7,56469,758.4,52019,773.0,38.75,0.005364,157.0,0.029502,1105.9,373586,1341.8,158667,1101.2,99.25,0.029416,517.0,0.000000,1777.9,109055,347.3,96544,709.9,4.14,0.001157,697.0,0.000000,1582.9,1627483,725.8,108205,755.5,-1.11,-0.000326,0.0000052,0.1015,88707,326.7,0.002093,0.0001497,0.1024,76867,315.3,0.000000,0.0001685,0.1023,110310,328.7,0.030274,0.0001603,0.1016,111630,350.2,0.000000
338.03,0.0093897,338.0,0.008753,757.2,55460,748.3,55786,779.5,60.54,0.008913,158.0,0.031204,1110.0,369441,1337.9,161288,1105.2,104.08,0.031247,518.0,0.000000,100.0,109399,347.5,93810,705.2,3.42,0.000937,698.0,0.000000,281.8,1691724,732.7,108817,756.6,-0.61,-0.000181,0.0000050,0.1015,89004,327.0,0.002414,0.0001488,0.1024,76845,315.2,0.000000,0.0001693,0.1023,110707,329.0,0.029930,0.0001603,0.1016,111545,350.1,0.000000
339.06,0.0094185,339.1,0.007716,749.0,54819,738.1,55052,773.2,53.27,0.007802,159.1,0.032823,1112.8,365049,1333.7,163052,1107.6,109.17,0.033059,519.1,0.000000,523.8,109763,347.8,91662,701.5,2.59,0.000695,699.1,0.000000,100.0,1760607,739.7,109138,757.2,-0.30,-0.000090,0.0000049,0.1015,89370,327.4,0.002863,0.0001479,0.1024,76872,315.3,0.000000,0.0001701,0.1023,111041,329.3,0.029447,0.0001603,0.1016,111398,350.0,0.000000
340.05,0.0094459,340.1,0.006858,739.0,54563,728.3,54644,768.5,45.49,0.006654,160.1,0.034431,1114.3,360795,1329.6,163895,1108.5,114.31,0.034765,520.1,0.000000,529.4,110111,348.1,90222,698.9,1.83,0.000487,700.1,0.000000,765.8,1828219,748.6,109342,757.5,-0.23,-0.000070,0.0000048,0.1015,89786,327.8,0.003353,0.0001469,0.1024,76957,315.4,0.000000,0.0001709,0.1023,111309,329.5,0.028740,0.0001603,0.1016,111192,349.8,0.000000
341.04,0.0094734,341.0,0.006097,756.2,54639,718.8,54516,764.3,39.27,0.005762,161.0,0.036002,1114.8,356487,1325.4,164102,1108.4,119.61,0.036428,521.0,0.000000,100.0,110453,348.4,89289,697.3,1.18,0.000310,701.0,0.000000,969.3,1899491,756.3,109576,757.9,-0.28,-0.000083,0.0000047,0.1015,90321,328.3,0.003769,0.0001460,0.1024,77099,315.5,0.000000,0.0001717,0.1023,111509,329.7,0.027906,0.0001603,0.1016,110923,349.6,0.000000
342.03,0.0095008,342.0,0.006069,712.7,54783,708.3,54739,759.2,38.92,0.005772,162.0,0.037583,1114.7,352125,1321.2,163944,1107.7,125.01,0.038058,522.0,0.000000,100.0,110788,348.6,88766,696.3,0.64,0.000167,702.0,0.000000,908.8,1977585,766.1,109817,758.3,-0.26,-0.000079,0.0000047,0.1015,90924,328.9,0.004328,0.0001449,0.1024,77292,315.8,0.000000,0.0001724,0.1023,111682,329.8,0.026871,0.0001603,0.1016,110599,349.3,0.000000
343.06,0.0095295,343.1,0.006303,743.1,54913,696.1,54623,751.2,40.05,0.005991,163.1,0.039221,1114.4,347505,1316.7,163638,1106.8,130.72,0.039755,523.1,0.000000,100.0,111112,348.9,88540,695.9,0.23,0.000061,703.1,0.000000,647.7,2070266,779.9,109974,758.6,-0.13,-0.000040,0.0000046,0.1015,91602,329.6,0.004972,0.0001438,0.1024,77536,316.0,0.000000,0.0001732,0.1023,112047,330.1,0.025137,0.0001603,0.1016,110214,348.9,0.000000
344.05,0.0095570,344.1,0.007161,684.3,54789,682.2,54725,741.2,44.34,0.006734,164.1,0.040882,1114.1,343026,1312.3,163373,1106.0,136.19,0.041381,524.1,0.000000,100.0,111407,349.1,88494,695.8,0.05,0.000012,704.1,0.000000,1285.5,2173241,797.7,109977,758.6,0.03,0.000010,0.0000046,0.1015,92216,330.2,0.005804,0.0001427,0.1024,77793,316.3,0.000000,0.0001738,0.1023,112373,330.4,0.023765,0.0001603,0.1016,109818,348.6,0.000000
345.04,0.0095845,345.0,0.007199,668.7,54766,667.6,54503,729.5,43.36,0.006663,165.0,0.056390,1142.5,337322,1306.9,177558,1127.3,179.48,0.058154,525.0,0.000000,772.2,111697,349.4,88448,695.7,0.09,0.000024,705.0,0.000000,100.0,2293967,821.0,109824,758.4,0.22,0.000065,0.0000046,0.1015,92868,330.8,0.006562,0.0001411,0.1024,78053,316.6,0.000000,0.0001744,0.1023,112375,330.4,0.022885,0.0001603,0.1016,109403,348.2,0.000000
346.07,0.0096132,346.1,0.007209,652.6,54940,651.4,54857,718.4,40.13,0.006304,166.1,0.062010,1144.3,330964,1300.8,178751,1128.5,192.69,0.062786,526.1,0.000000,114.8,111970,349.6,88228,695.3,0.38,0.000100,706.1,0.000000,2540.3,2443049,852.4,109471,757.8,0.45,0.000133,0.0000046,0.1015,93463,331.3,0.007606,0.0001393,0.1024,78307,316.9,0.000000,0.0001750,0.1023,112580,330.6,0.020916,0.0001603,0.1016,108952,347.8,0.000000
347.06,0.0096406,347.1,0.005769,639.7,55866,637.8,55784,713.0,28.56,0.004597,167.1,0.064304,1144.5,324785,1294.8,178678,1128.0,199.30,0.064944,527.1,0.000000,412.0,112213,349.8,87736,694.5,0.79,0.000205,707.1,0.000000,100.0,2610922,890.0,108904,756.9,0.71,0.000211,0.0000047,0.1015,94166,332.0,0.008272,0.0001376,0.1024,78513,317.2,0.000000,0.0001756,0.1023,112752,330.7,0.019385,0.0001603,0.1016,108489,347.4,0.000000
348.05,0.0096681,348.1,0.004447,628.7,57628,625.5,57768,712.7,19.11,0.003186,168.1,0.066272,1146.1,318535,1288.6,179411,1128.7,204.32,0.066809,528.1,0.000000,7156.5,112439,350.0,86953,693.0,1.21,0.000313,708.1,0.000000,580.4,2806277,935.6,108106,755.6,0.98,0.000288,0.0000048,0.1015,94765,332.5,0.009396,0.0001358,0.1024,78670,317.4,0.000000,0.0001761,0.1023,112905,330.8,0.017949,0.0001603,0.1016,107968,346.9,0.000000
349.04,0.0096955,349.0,0.003715,617.5,59941,614.1,60044,713.6,15.07,0.002609,169.0,0.068140,1147.7,312222,1282.3,180235,1129.5,209.20,0.068666,529.0,0.000000,306.3,112650,350.2,85890,691.1,1.63,0.000416,709.0,0.000000,100.0,3031063,989.6,107118,754.0,1.19,0.000349,0.0000050,0.1015,95388,333.0,0.010332,0.0001339,0.1024,78773,317.5,0.000000,0.0001765,0.1023,113045,330.9,0.016574,0.0001603,0.1016,107346,346.3,0.000000
350.07,0.0097242,350.1,0.004113,604.1,62434,601.9,62420,712.4,16.64,0.002999,170.1,0.069991,1149.5,305560,1275.6,181193,1130.6,213.96,0.070539,530.1,0.000000,1195.9,112849,350.4,84516,688.5,2.01,0.000507,710.1,0.000000,516.0,3298569,1054.9,106008,752.2,1.23,0.000356,0.0000052,0.1015,96066,333.6,0.011320,0.0001319,0.1024,78830,317.5,0.000000,0.0001770,0.1023,113315,331.1,0.014950,0.0001603,0.1016,106533,345.6,0.000000
351.06,0.0097517,351.1,0.005237,590.9,64637,589.3,64626,706.9,21.25,0.003995,171.1,0.071767,1151.2,299134,1269.0,182016,1131.4,218.42,0.072279,531.1,0.000000,4123.1,113034,350.5,83040,685.7,2.24,0.000558,711.1,0.000000,2078.5,3585311,1125.8,105172,750.9,0.89,0.000256,0.0000054,0.1015,96550,333.9,0.012602,0.0001299,0.1024,78855,317.6,0.000000,0.0001773,0.1023,113401,331.2,0.014002,0.0001603,0.1016,105552,344.7,0.000000
352.05,0.0097791,352.0,0.006091,576.3,66632,576.5,65938,695.5,24.27,0.004733,172.0,0.073256,1151.9,292676,1262.3,182365,1131.6,222.25,0.073675,532.0,0.000000,2197.8,113208,350.7,81548,682.9,2.25,0.000554,712.0,0.000000,100.0,3900716,1204.3,104825,750.3,0.27,0.000078,0.0000056,0.1015,97232,334.5,0.013318,0.0001279,0.1024,78871,317.6,0.000000,0.0001777,0.1023,113469,331.3,0.012783,0.0001603,0.1016,104338,343.5,0.000000
353.04,0.0098066,353.0,0.006062,560.2,68966,564.2,66375,681.5,24.38,0.004884,173.0,0.074264,1151.9,286222,1255.5,182181,1131.0,225.40,0.074684,533.0,0.000000,369.6,113365,350.9,80204,680.3,2.01,0.000488,713.0,0.000000,1295.8,4241967,1289.7,104966,750.6,-0.26,-0.000076,0.0000058,0.1015,97724,334.8,0.014688,0.0001259,0.1024,78907,317.6,0.000000,0.0001780,0.1023,113626,331.4,0.011304,0.0001603,0.1016,102885,342.1,0.000000
354.07,0.0098353,354.1,0.005907,543.5,71722,552.3,66427,666.1,23.62,0.004846,174.1,0.075178,1151.2,279489,1248.2,181529,1129.8,228.87,0.075645,534.1,0.000000,567.7,113518,351.0,79148,678.2,1.44,0.000346,714.1,0.000000,596.0,4621939,1385.3,105355,751.3,-0.45,-0.000129,0.0000061,0.1015,98257,335.1,0.015718,0.0001237,0.1024,78995,317.7,0.000000,0.0001783,0.1023,113705,331.4,0.010075,0.0001603,0.1016,101135,340.5,0.000000
355.06,0.0098628,355.1,0.005748,528.0,74505,542.0,66075,650.6,23.13,0.004833,175.1,0.076013,1150.0,273068,1241.2,180432,1127.9,232.42,0.076483,535.1,0.000000,100.0,113645,351.2,78652,677.2,0.59,0.000142,715.1,0.000000,340.0,5002185,1481.6,105585,751.7,-0.19,-0.000055,0.0000064,0.1015,98881,335.5,0.016207,0.0001216,0.1024,79149,317.9,0.000000,0.0001785,0.1023,113836,331.6,0.008494,0.0001603,0.1016,99291,338.7,0.000000
356.05,0.0098902,356.0,0.005561,512.3,77593,532.5,65248,634.4,22.91,0.004847,176.0,0.076758,1148.3,266668,1234.1,179002,1125.5,236.08,0.077234,536.0,0.000000,100.0,113759,351.3,78823,677.6,-0.51,-0.000122,716.0,0.000000,3050.7,5392648,1581.2,105476,751.5,0.22,0.000064,0.0000067,0.1015,99236,335.6,0.017336,0.0001195,0.1024,79379,318.2,0.000000,0.0001787,0.1023,113876,331.6,0.007152,0.0001603,0.1016,97352,336.8,0.000000
357.04,0.0099177,357.0,0.005385,497.2,80699,524.0,63970,617.4,22.81,0.004861,177.0,0.077432,1146.3,260295,1226.9,177359,1122.8,239.76,0.077904,537.0,0.000000,1606.0,113853,351.4,79825,679.7,-1.88,-0.000453,717.0,0.000000,1258.3,5786551,1682.7,105065,750.8,0.53,0.000152,0.0000070,0.1015,99718,335.9,0.017485,0.0001174,0.1024,79685,318.5,0.000000,0.0001789,0.1023,113905,331.6,0.005584,0.0001603,0.1016,95392,334.8,0.000000
358.07,0.0099464,358.1,0.005188,482.1,83997,515.9,62305,599.4,22.52,0.004815,178.1,0.078047,1144.0,253665,1219.3,175492,1119.8,243.57,0.078523,538.1,0.000000,100.0,113929,351.5,81780,683.9,-3.14,-0.000773,718.1,0.000000,690.3,6194268,1789.5,104680,750.2,0.37,0.000105,0.0000074,0.1015,100164,336.0,0.017848,0.0001151,0.1024,80080,319.0,0.000000,0.0001790,0.1023,113973,331.7,0.003857,0.0001603,0.1016,93394,332.8,0.000000
359.06,0.0099738,359.1,0.004961,468.4,87105,508.9,60560,582.5,21.96,0.004697,179.1,0.078588,1141.6,247359,1211.9,173629,1116.7,247.12,0.079037,539.1,0.000000,100.0,113921,351.6,84036,688.6,-3.39,-0.000850,719.1,0.000000,100.0,6572808,1890.8,104647,750.1,-0.06,-0.000016,0.0000078,0.1015,100566,336.1,0.017920,0.0001130,0.1024,80512,319.4,0.000000,0.0001790,0.1023,115207,333.0,-0.000361,0.0001603,0.1016,91588,331.0,0.000000
360.05,0.0100013,360.0,0.004705,456.1,89976,502.7,58831,566.5,21.03,0.004491,180.0,0.079041,1139.1,241091,1204.4,171734,1113.6,250.52,0.079473,540.0,0.000000,133840.4,113972,351.7,85971,692.5,-2.67,-0.000681,0.0,0.000000,1833.3,6932944,1989.9,104951,750.7,-0.42,-0.000121,0.0000081,0.1015,101111,336.4,0.017348,0.0001108,0.1024,80981,320.0,0.000000,0.0001790,0.1023,114068,332.1,0.001387,0.0001603,0.1016,89921,329.2,0.000000
361.04,0.0100288,361.0,0.004415,445.1,92629,497.1,57248,551.9,19.72,0.004208,181.0,0.079418,1136.5,234868,1196.8,169823,1110.4,253.75,0.079830,541.0,0.000000,1324.1,113936,351.7,87169,695.0,-1.48,-0.000381,1.0,0.000000,361.1,7267978,2085.6,105270,751.3,-0.32,-0.000091,0.0000085,0.1015,101653,336.6,0.016906,0.0001086,0.1024,81473,320.5,0.000000,0.0001789,0.1023,114352,332.7,-0.003053,0.0001603,0.1016,88410,327.6,0.000000
362.07,0.0100575,362.1,0.004093,435.3,94996,491.7,55916,538.6,17.86,0.003813,182.1,0.079722,1133.7,228413,1188.7,167818,1107.0,256.94,0.080120,542.1,0.000000,219.4,113880,351.7,87474,695.6,-0.13,-0.000033,2.1,0.000000,1048.6,7584807,2180.7,105237,751.2,0.16,0.000045,0.0000088,0.1015,102336,337.0,0.015895,0.0001063,0.1024,82006,321.1,0.000000,0.0001788,0.1023,114731,333.3,-0.004482,0.0001603,0.1016,87003,326.1,0.000000
363.06,0.0100849,363.1,0.003749,427.6,96921,487.0,55063,528.2,15.70,0.003366,183.1,0.079946,1131.0,222293,1181.0,165916,1103.8,259.76,0.080316,543.1,0.000000,100.0,113860,351.8,86972,694.7,0.94,0.000242,3.1,0.000000,100.0,7850411,2266.0,104450,749.9,1.26,0.000362,0.0000091,0.1015,102966,337.3,0.015107,0.0001041,0.1024,82532,321.7,0.000000,0.0001787,0.1023,113911,332.6,-0.003788,0.0001603,0.1016,85817,324.9,0.000000
364.05,0.0101124,364.0,0.003425,421.3,98598,482.6,54729,520.2,13.24,0.002865,184.0,0.080085,1128.3,216231,1173.1,164060,1100.6,262.31,0.080430,544.0,0.000000,576.5,113766,351.8,85853,692.6,1.77,0.000450,4.0,0.000000,1681.6,8075041,2344.8,102371,746.4,2.84,0.000802,0.0000094,0.1015,103360,337.4,0.014713,0.0001019,0.1024,83075,322.3,0.000000,0.0001785,0.1023,114023,333.0,-0.007610,0.0001603,0.1016,84775,323.7,0.000000
365.04,0.0101399,365.0,0.002994,416.7,99881,478.5,54816,514.5,10.55,0.002313,185.0,0.080145,1125.6,210231,1165.1,162261,1097.5,264.58,0.080462,545.0,0.000000,100.0,113655,351.7,84372,689.8,2.26,0.000568,5.0,0.000000,1077.2,8255530,2416.4,99583,741.7,3.46,0.000956,0.0000097,0.1015,103886,337.7,0.013654,0.0000997,0.1024,83634,322.9,0.000000,0.0001782,0.1023,114195,333.4,-0.008973,0.0001603,0.1016,83865,322.7,0.000000
366.07,0.0101686,366.1,0.002513,412.9,101022,474.4,55262,510.7,7.78,0.001732,186.1,0.080124,1122.8,204029,1156.7,160454,1094.4,266.61,0.080411,546.1,0.000000,2580.5,113522,351.7,82662,686.6,2.48,0.000614,6.1,0.000000,715.8,8394850,2482.9,97185,737.6,2.64,0.000714,0.0000100,0.1015,104210,337.7,0.013322,0.0000974,0.1024,84229,323.6,0.000000,0.0001779,0.1023,114269,333.7,-0.010395,0.0001603,0.1016,83040,321.8,0.000000
367.06,0.0101960,367.1,0.002059,415.9,101830,470.6,59714,520.7,-7.30,-0.001722,187.1,0.079826,1119.5,198184,1148.6,158542,1091.0,267.58,0.079987,547.1,0.000000,169.5,113379,351.6,81040,683.5,2.46,0.000600,7.1,0.000000,2802.6,8480108,2538.0,95928,735.4,1.37,0.000368,0.0000103,0.1015,104500,337.8,0.012693,0.0000953,0.1024,84799,324.2,0.000000,0.0001776,0.1023,114193,333.9,-0.011730,0.0001603,0.1016,82356,321.1,0.000000
368.04,0.0102234,368.0,-0.000065,521.4,102919,467.8,82982,589.1,-47.12,-0.013654,188.0,0.079212,1116.1,192444,1140.5,156607,1087.6,267.87,0.079344,548.0,0.000000,100.0,113221,351.6,79556,680.6,2.26,0.000544,8.0,0.000000,770.6,8518894,2584.8,95385,734.4,0.64,0.000170,0.0000106,0.1015,104861,337.9,0.011821,0.0000931,0.1024,85356,324.8,0.000000,0.0001773,0.1023,113982,333.9,-0.013072,0.0001603,0.1016,81766,320.4,0.000000
369.03,0.0102509,369.0,-0.002917,657.3,104659,467.0,107800,655.3,-37.37,-0.012644,189.0,0.078541,1112.8,186813,1132.3,154767,1084.3,267.86,0.078648,549.0,0.000000,100.0,113061,351.5,78325,678.2,1.85,0.000440,9.0,0.000000,228.2,8512825,2623.1,94683,733.2,1.14,0.000303,0.0000110,0.1015,105381,338.2,0.010802,0.0000909,0.1024,85884,325.4,0.000000,0.0001769,0.1023,113495,333.9,-0.013828,0.0001603,0.1016,81258,319.8,0.000000
370.06,0.0102796,370.1,-0.002642,684.9,105580,466.6,118990,683.4,-15.57,-0.005577,190.1,0.077807,1109.3,181041,1123.8,152907,1080.9,267.61,0.077876,550.1,0.000000,2090.4,112889,351.4,77482,676.5,1.11,0.000263,10.1,0.000000,100.0,8461406,2654.2,92699,729.6,3.07,0.000803,0.0000113,0.1015,106178,338.7,0.008299,0.0000887,0.1024,86388,325.9,0.000000,0.0001765,0.1023,113074,334.4,-0.014687,0.0001603,0.1016,80804,319.3,0.000000
371.05,0.0103070,371.1,-0.001143,691.3,105576,464.5,121759,690.8,-4.67,-0.001691,191.1,0.077028,1105.9,175633,1115.5,151152,1077.6,267.21,0.077098,551.1,0.000000,1331.4,112681,351.3,77331,676.2,-0.01,-0.000001,11.1,0.000000,100.0,8372771,2675.9,89353,723.5,4.86,0.001236,0.0000116,0.1015,106138,338.5,0.008804,0.0000866,0.1024,86816,326.3,0.000000,0.0001760,0.1023,113307,335.5,-0.017232,0.0001603,0.1016,80432,318.9,0.000000
372.04,0.0103344,372.0,-0.000293,693.8,105028,461.3,122947,693.7,-1.87,-0.000681,192.0,0.076225,1102.5,170334,1107.3,149401,1074.4,266.67,0.076281,552.0,0.000000,100.0,112483,351.2,78034,677.7,-1.48,-0.000350,12.0,0.000000,1603.9,8249812,2690.2,85884,716.9,4.75,0.001171,0.0000119,0.1015,105766,338.0,0.009271,0.0000845,0.1024,87195,326.8,0.000000,0.0001755,0.1023,112980,336.1,-0.017445,0.0001603,0.1016,80107,318.5,0.000000
373.07,0.0103631,373.1,-0.000140,696.3,104359,457.6,124048,696.3,-1.34,-0.000492,193.1,0.075363,1098.9,164912,1098.6,147555,1070.9,265.98,0.075388,553.1,0.000000,15632.6,112257,351.1,79910,681.7,-3.24,-0.000780,13.1,0.000000,187.9,8089580,2697.9,83349,712.0,3.17,0.000764,0.0000122,0.1015,105202,337.3,0.010101,0.0000823,0.1024,87552,327.1,0.000000,0.0001750,0.1023,112761,336.9,-0.018893,0.0001603,0.1016,79805,318.2,0.000000
374.06,0.0103905,374.1,-0.000251,697.2,103770,454.1,124376,697.3,-0.99,-0.000362,194.1,0.074464,1095.3,159839,1090.3,145749,1067.5,265.26,0.074501,554.1,0.000000,265.6,112041,351.0,82635,687.5,-4.43,-0.001095,14.1,0.000000,1449.2,7911005,2699.0,82223,709.7,1.30,0.000310,0.0000125,0.1015,104624,336.6,0.010977,0.0000803,0.1024,87879,327.5,0.000000,0.0001744,0.1023,112155,337.3,-0.019570,0.0001603,0.1016,79541,317.9,0.000000
375.05,0.0104179,375.0,-0.000192,698.0,103132,450.5,124636,698.0,-0.74,-0.000273,195.0,0.073550,1091.5,154877,1082.0,143890,1063.9,264.48,0.073580,555.0,0.000000,818.4,111798,350.9,85960,694.3,-5.13,-0.001307,15.0,0.000000,869.7,7712551,2694.7,82476,710.3,-0.86,-0.000206,0.0000128,0.1015,104038,335.9,0.011731,0.0000783,0.1024,88230,327.8,0.000000,0.0001738,0.1023,111766,337.9,-0.021338,0.0001603,0.1016,79289,317.6,0.000000
376.03,0.0104453,376.0,-0.000158,698.5,102465,446.9,124771,698.5,-0.53,-0.000195,196.0,0.072604,1087.6,150025,1073.6,141977,1060.2,263.66,0.072629,556.0,0.000000,310.0,111529,350.7,89895,702.2,-5.81,-0.001531,16.0,0.000000,1115.4,7498822,2686.0,84415,714.3,-3.42,-0.000832,0.0000131,0.1015,103421,335.1,0.012485,0.0000763,0.1024,88641,328.3,0.000000,0.0001732,0.1023,111759,338.9,-0.023067,0.0001603,0.1016,79037,317.3,0.000000
377.06,0.0104740,377.1,-0.000077,699.0,101727,443.0,124962,699.0,-0.36,-0.000132,197.1,0.071605,1083.4,145071,1064.9,139921,1056.2,262.76,0.071604,557.1,0.000000,100.0,111254,350.5,94372,711.0,-5.81,-0.001587,17.1,0.000000,3505.8,7263633,2672.8,87443,720.5,-4.21,-0.001052,0.0000135,0.1015,102757,334.3,0.013282,0.0000742,0.1024,89173,328.8,0.000000,0.0001725,0.1023,111336,339.6,-0.023507,0.0001603,0.1016,78764,317.0,0.000000
378.05,0.0105014,378.1,-0.000027,699.5,101021,439.2,125185,699.5,-0.29,-0.000107,198.1,0.070579,1079.2,140444,1056.5,137904,1052.3,261.87,0.070595,558.1,0.000000,815.5,110972,350.4,98207,718.3,-4.77,-0.001341,18.1,0.000000,453.9,7031379,2657.1,89692,725.0,-2.81,-0.000716,0.0000139,0.1015,102111,333.4,0.014160,0.0000723,0.1024,89826,329.5,0.000000,0.0001719,0.1023,111054,340.3,-0.024900,0.0001603,0.1016,78483,316.7,0.000000
379.04,0.0105288,379.0,-0.000023,700.0,100342,435.4,125399,700.0,-0.28,-0.000102,199.0,0.069549,1074.9,135928,1048.1,135837,1048.2,260.94,0.069561,559.0,0.000000,100.0,110687,350.2,101107,723.8,-3.40,-0.000978,19.0,0.000000,1099.1,6795352,2639.0,90670,726.9,-1.00,-0.000255,0.0000143,0.1015,101482,332.6,0.015047,0.0000704,0.1024,90671,330.4,0.000000,0.0001711,0.1023,110621,341.0,-0.025687,0.0001603,0.1016,78183,316.3,0.000000
380.07,0.0105575,380.1,-0.000028,700.3,99669,431.5,125510,700.3,-0.13,-0.000047,200.1,0.062307,979.9,131763,1040.1,128497,1037.1,238.56,0.060805,560.1,0.000000,100.0,110381,350.0,103261,727.7,-2.37,-0.000691,20.1,0.000000,1576.2,6547490,2618.1,90506,726.6,0.50,0.000128,0.0000148,0.1015,100857,331.7,0.015963,0.0000686,0.1024,91802,331.5,0.000000,0.0001704,0.1023,110105,341.5,-0.026607,0.0001603,0.1016,77854,315.9,0.000000
381.06,0.0105849,381.1,-0.000009,700.1,99052,427.8,125359,700.1,0.24,0.000088,201.1,0.060325,976.4,127945,1032.6,125202,1031.8,231.98,0.057901,561.1,0.000000,100.0,110078,349.8,105030,731.0,-2.19,-0.000649,21.1,0.000000,100.0,6301504,2592.7,89594,724.9,1.44,0.000367,0.0000152,0.1015,100286,330.9,0.016876,0.0000670,0.1024,93127,332.9,0.000000,0.0001696,0.1023,109751,342.2,-0.027698,0.0001603,0.1016,77543,315.6,0.000000
382.04,0.0106123,382.0,0.000029,100.0,98456,424.2,124655,699.2,0.98,0.000359,202.0,0.057046,972.7,124378,1025.4,121536,1026.0,224.08,0.054602,562.0,0.000000,100.0,109765,349.6,107362,735.2,-3.01,-0.000905,22.0,0.000000,1953.3,6062346,2567.5,88218,722.3,2.04,0.000513,0.0000157,0.1015,99730,330.1,0.017754,0.0000654,0.1024,94662,334.4,0.000000,0.0001688,0.1023,109646,343.1,-0.028728,0.0001603,0.1016,77248,315.2,0.000000
383.03,0.0106397,383.0,0.000000,658.1,97888,420.7,123192,697.3,1.57,0.000572,203.0,0.055663,1053.0,120931,1018.2,120887,1025.0,228.74,0.055494,563.0,0.000000,100.0,109461,349.4,110568,740.9,-3.83,-0.001175,23.0,0.000000,868.3,5830417,2542.8,86608,719.3,2.36,0.000585,0.0000162,0.1015,99182,329.2,0.018566,0.0000639,0.1024,96343,336.1,0.000000,0.0001680,0.1023,109375,343.7,-0.028915,0.0001603,0.1016,76990,314.9,0.000000
384.06,0.0106684,384.1,0.000000,100.0,97299,417.1,121404,695.0,1.78,0.000639,204.1,0.051135,1045.7,117671,1011.3,116279,1017.3,216.78,0.050969,564.1,0.000000,176.1,109163,349.3,113899,746.8,-3.39,-0.001065,24.1,0.000000,1443.1,5595991,2517.3,84818,715.8,2.54,0.000619,0.0000168,0.1015,98606,328.4,0.019283,0.0000624,0.1024,98161,337.9,0.000000,0.0001672,0.1023,108840,344.1,-0.028777,0.0001603,0.1016,76790,314.7,0.000000
385.05,0.0106958,385.0,0.000000,864.6,96721,413.8,119696,692.7,1.77,0.000627,205.0,0.049197,961.7,114705,1004.9,112641,1010.7,207.84,0.047648,565.0,0.000000,1108.8,108929,349.1,116230,750.9,-2.32,-0.000738,25.0,0.000000,3210.2,5379649,2493.2,83047,712.4,2.67,0.000641,0.0000173,0.1015,98034,327.5,0.019874,0.0000610,0.1024,99864,339.5,0.000000,0.0001665,0.1023,107938,344.0,-0.027272,0.0001603,0.1016,76696,314.6,0.000000
386.03,0.0107232,386.0,0.000000,1015.9,96115,410.5,118117,690.6,1.63,0.000574,206.0,0.047714,1034.2,111856,998.5,110713,1007.0,206.62,0.046731,566.0,0.000000,461.3,108751,349.1,117785,753.5,-1.56,-0.000503,26.0,0.000000,1036.9,5171129,2469.6,81232,708.8,2.79,0.000659,0.0000179,0.1015,97432,326.6,0.020332,0.0000597,0.1024,101458,341.1,0.000000,0.0001658,0.1023,106952,343.7,-0.025603,0.0001603,0.1016,76709,314.6,0.000000
387.07,0.0107518,387.1,0.000000,100.0,95444,407.2,116738,688.7,1.33,0.000463,207.1,0.045343,953.4,109063,992.2,107247,1000.0,199.26,0.043957,567.1,0.000000,100.0,108624,349.0,119160,755.9,-1.41,-0.000456,27.1,0.000000,764.1,4961528,2445.3,79315,704.9,2.87,0.000665,0.0000185,0.1015,96767,325.6,0.020711,0.0000584,0.1024,102972,342.5,0.000000,0.0001651,0.1023,105934,343.2,-0.023900,0.0001603,0.1016,76834,314.8,0.000000
388.05,0.0107792,388.1,0.000000,100.0,94766,404.0,115856,687.5,0.84,0.000290,208.1,0.045258,1023.7,106413,986.1,107012,998.8,207.19,0.045664,568.1,0.000000,509.8,108559,349.0,120561,758.3,-1.49,-0.000488,28.1,0.000000,319.8,4769040,2422.5,77518,701.2,2.86,0.000651,0.0000191,0.1015,96100,324.6,0.021056,0.0000572,0.1024,104273,343.7,0.000000,0.0001645,0.1023,104972,342.8,-0.022231,0.0001603,0.1016,77050,315.0,0.000000
389.04,0.0108066,389.0,0.000000,541.0,94065,401.0,115489,687.0,0.29,0.000100,209.0,0.042586,1017.9,103956,980.2,104405,993.2,204.38,0.044194,569.0,0.000000,644.0,108548,349.1,121982,760.7,-1.45,-0.000479,29.0,0.000000,100.0,4584293,2400.1,75827,697.6,2.73,0.000610,0.0000197,0.1015,95413,323.6,0.021426,0.0000560,0.1024,105443,344.8,0.000000,0.0001639,0.1023,104003,342.2,-0.020659,0.0001603,0.1016,77329,315.3,0.000000
390.07,0.0108353,390.1,0.000000,213.8,93324,397.9,115545,687.2,-0.13,-0.000046,210.1,0.040515,1010.9,101546,974.4,100588,985.3,196.06,0.041173,570.1,0.000000,728.3,108593,349.2,123258,762.8,-1.18,-0.000391,30.1,0.000000,1665.0,4399292,2377.1,74244,694.2,2.47,0.000542,0.0000203,0.1015,94689,322.5,0.021881,0.0000549,0.1024,106546,345.8,0.000000,0.0001634,0.1023,102979,341.6,-0.019129,0.0001603,0.1016,77654,315.7,0.000000
391.06,0.0108627,391.1,0.000000,447.0,92624,395.0,115883,687.9,-0.43,-0.000151,211.1,0.040609,1006.0,99247,968.7,99269,981.7,199.65,0.041528,571.1,0.000000,8512.9,108688,349.3,124173,764.4,-0.87,-0.000291,31.1,0.000000,100.0,4229962,2355.5,72957,691.5,2.12,0.000459,0.0000209,0.1015,94008,321.5,0.022423,0.0000538,0.1024,107499,346.7,0.000000,0.0001629,0.1023,101992,340.9,-0.017675,0.0001603,0.1016,77972,316.1,0.000000
392.04,0.0108901,392.0,0.000000,371.8,91944,392.2,116594,689.4,-0.89,-0.000309,212.0,0.038338,928.9,97110,963.4,95266,972.7,189.55,0.038187,572.0,0.000000,148.7,108834,349.5,124883,765.6,-0.69,-0.000232,32.0,0.000000,1012.9,4067909,2334.4,71938,689.2,1.67,0.000359,0.0000215,0.1015,93349,320.6,0.023034,0.0000527,0.1024,108361,347.4,0.000000,0.0001624,0.1023,100995,340.1,-0.016324,0.0001603,0.1016,78276,316.4,0.000000
393.03,0.0109175,393.0,0.000000,100.0,91295,389.5,117945,692.3,-1.63,-0.000570,213.0,0.039080,994.1,94935,957.8,94131,969.2,194.12,0.038783,573.0,0.000000,100.0,109029,349.8,125538,766.6,-0.66,-0.000223,33.0,0.000000,100.0,3912936,2313.6,71202,687.6,1.20,0.000256,0.0000222,0.1015,92724,319.6,0.023706,0.0000516,0.1024,109134,348.1,0.000000,0.0001620,0.1023,99986,339.3,-0.015042,0.0001603,0.1016,78557,316.7,0.000000
394.06,0.0109461,394.1,0.000000,100.0,90654,386.8,120024,696.7,-2.17,-0.000770,214.1,0.037427,918.2,92787,952.2,91047,961.5,188.80,0.036776,574.1,0.000000,281.1,109284,350.1,126245,767.8,-0.68,-0.000230,34.1,0.000000,100.0,3758244,2292.4,70683,686.5,0.81,0.000171,0.0000229,0.1015,92111,318.7,0.024432,0.0000506,0.1024,109847,348.8,0.000000,0.0001616,0.1023,98918,338.5,-0.013800,0.0001603,0.1016,78827,317.0,0.000000
395.05,0.0109735,395.0,0.000000,1382.5,90079,384.3,121911,700.7,-1.82,-0.000653,215.0,0.037624,982.6,90730,946.8,89927,957.9,193.40,0.037348,575.0,0.000000,23754.6,109575,350.4,126904,768.9,-0.64,-0.000216,35.0,0.000000,12129.7,3617050,2272.5,70464,686.0,0.21,0.000045,0.0000236,0.1015,91562,317.8,0.025181,0.0000495,0.1024,110440,349.3,0.000000,0.0001613,0.1023,97889,337.6,-0.012627,0.0001603,0.1016,79065,317.3,0.000000
396.03,0.0110009,396.0,0.000000,340.9,89541,381.9,123006,702.9,-0.91,-0.000329,216.0,0.036945,977.7,88726,941.4,88730,954.0,197.53,0.037791,576.0,0.000000,171.6,109913,350.7,127417,769.8,-0.46,-0.000156,36.0,0.000000,1053.8,3482227,2253.0,70787,686.7,-0.87,-0.000185,0.0000243,0.1015,91048,316.9,0.025917,0.0000485,0.1024,110947,349.8,0.000000,0.0001610,0.1023,96866,336.7,-0.011544,0.0001603,0.1016,79287,317.6,0.000000
397.06,0.0110295,397.1,0.000000,100.0,89016,379.4,123158,703.3,0.05,0.000018,217.1,0.035550,901.9,86737,935.9,85187,944.9,188.81,0.035016,577.1,0.000000,100.0,110314,351.1,127653,770.2,-0.14,-0.000047,37.1,0.000000,3123.1,3347813,2233.0,72381,690.4,-3.35,-0.000723,0.0000250,0.1015,90545,316.1,0.026656,0.0000475,0.1024,111392,350.2,0.000000,0.0001607,0.1023,95823,335.8,-0.010498,0.0001603,0.1016,79504,317.8,0.000000
398.05,0.0110569,398.0,0.000000,612.1,88546,377.2,122451,702.4,0.92,0.000331,218.0,0.035726,896.6,84830,930.6,83553,939.8,190.16,0.034776,578.0,0.000000,1062.1,110743,351.6,127494,769.9,0.26,0.000087,38.0,0.000000,4959.9,3225237,2214.3,75508,697.5,-5.69,-0.001267,0.0000258,0.1015,90094,315.3,0.027371,0.0000465,0.1024,111742,350.5,0.000000,0.0001604,0.1023,94866,334.9,-0.009509,0.0001603,0.1016,79698,318.0,0.000000
399.03,0.0110843,399.0,0.000000,478.3,88104,375.0,120951,700.4,1.70,0.000604,219.0,0.035099,891.4,82972,925.3,81821,934.6,190.81,0.034362,579.0,0.000000,337.1,111216,352.0,126873,769.1,0.69,0.000235,39.0,0.000000,489.6,3108268,2196.0,78852,704.8,-5.15,-0.001186,0.0000266,0.1015,89670,314.6,0.028044,0.0000456,0.1024,112026,350.7,0.000000,0.0001602,0.1023,93957,334.1,-0.008595,0.0001603,0.1016,79877,318.2,0.000000
400.06,0.0111129,400.1,0.000000,539.8,87669,372.9,118833,697.5,2.21,0.000775,220.1,0.034855,954.8,81053,919.7,80652,930.6,195.17,0.034793,580.1,0.000000,2036.8,111757,352.5,126295,768.3,0.41,0.000140,40.1,0.000000,762.7,2991706,2177.2,81026,709.4,-2.72,-0.000639,0.0000274,0.1015,89252,313.8,0.028706,0.0000446,0.1024,112257,350.9,0.000000,0.0001599,0.1023,93063,333.3,-0.007716,0.0001603,0.1016,80050,318.4,0.000000
401.05,0.0111403,401.0,0.000000,632.8,87276,370.9,116628,694.5,2.36,0.000814,221.0,0.033852,949.2,79289,914.5,78739,924.9,194.29,0.034024,581.0,0.000000,100.0,112318,353.1,126569,768.7,-0.58,-0.000195,41.0,0.000000,2250.4,2885433,2159.7,81703,710.9,-0.70,-0.000167,0.0000282,0.1015,88875,313.2,0.029348,0.0000436,0.1024,112420,351.1,0.000000,0.0001598,0.1023,92264,332.5,-0.006890,0.0001603,0.1016,80200,318.6,0.000000
402.04,0.0111676,402.0,0.000000,1640.5,86906,369.0,114558,691.7,2.20,0.000748,222.0,0.033247,943.6,77570,909.4,76822,919.2,193.07,0.033190,582.0,0.000000,1041.6,112921,353.6,129780,774.0,-4.26,-0.001470,42.0,0.000000,672.5,2784022,2142.5,81561,710.6,0.37,0.000088,0.0000290,0.1015,88519,312.5,0.029962,0.0000427,0.1024,112528,351.2,0.000000,0.0001596,0.1023,91520,331.8,-0.006135,0.0001603,0.1016,80336,318.8,0.000000
403.07,0.0111963,403.1,0.000000,100.0,86540,367.1,112780,689.2,1.77,0.000595,223.1,0.033075,938.1,75789,903.9,75234,914.0,194.10,0.032866,583.1,0.000000,100.0,113596,354.3,137765,786.9,-7.65,-0.002754,43.1,0.000000,5889.0,2682949,2124.9,81175,709.8,0.55,0.000129,0.0000299,0.1015,88167,311.9,0.030575,0.0000418,0.1024,112587,351.2,0.000000,0.0001594,0.1023,90800,331.1,-0.005414,0.0001603,0.1016,80464,318.9,0.000000
404.05,0.0112236,404.1,0.000000,509.4,86209,365.3,111611,687.6,1.18,0.000394,224.1,0.032114,864.7,74152,898.8,73036,907.3,190.43,0.031534,584.1,0.000000,268.6,114284,354.9,144586,797.6,-5.24,-0.001956,44.1,0.000000,100.0,2590775,2108.4,80849,709.2,0.50,0.000117,0.0000307,0.1015,87849,311.3,0.031171,0.0000409,0.1024,112602,351.2,0.000000,0.0001593,0.1023,90164,330.5,-0.004744,0.0001603,0.1016,80577,319.0,0.000000
405.04,0.0112510,405.0,0.000000,336.2,85896,363.6,111023,686.7,0.53,0.000177,225.0,0.032656,928.3,72484,893.6,72994,905.9,200.60,0.033252,585.0,0.000000,6284.1,115013,355.6,147190,801.6,-1.48,-0.000559,45.0,0.000000,100.0,2502789,2092.3,80523,708.5,0.52,0.000122,0.0000316,0.1015,87545,310.7,0.031731,0.0000400,0.1024,112590,351.2,0.000000,0.0001592,0.1023,89574,329.9,-0.004138,0.0001603,0.1016,80682,319.1,0.000000
406.07,0.0112796,406.1,0.000000,100.0,85585,361.9,110950,686.6,-0.02,-0.000007,226.1,0.031271,922.8,70837,888.3,71392,900.6,200.75,0.032736,586.1,0.000000,265.2,115819,356.3,146558,800.8,0.97,0.000364,46.1,0.000000,1858.0,2415082,2075.8,80097,707.6,0.69,0.000160,0.0000325,0.1015,87241,310.1,0.032275,0.0000391,0.1024,112567,351.2,0.000000,0.0001591,0.1023,88998,329.3,-0.003568,0.0001603,0.1016,80795,319.3,0.000000
407.05,0.0113070,407.1,0.000000,100.0,85301,360.3,111172,687.1,-0.28,-0.000093,227.1,0.030350,917.1,69325,883.3,69298,894.2,196.78,0.031368,587.1,0.000000,100.0,116631,357.0,144505,798.3,1.91,0.000713,47.1,0.000000,100.0,2335073,2060.3,79563,706.6,0.88,0.000203,0.0000334,0.1015,86964,309.6,0.032792,0.0000383,0.1024,112555,351.2,0.000000,0.0001590,0.1023,88474,328.8,-0.003047,0.0001603,0.1016,80920,319.4,0.000000
408.04,0.0113343,408.0,0.000000,1728.9,85030,358.8,111426,687.6,-0.26,-0.000087,228.0,0.029825,911.2,67849,878.4,67153,887.5,191.97,0.029878,588.0,0.000000,1197.4,117484,357.8,142075,795.1,2.12,0.000779,48.0,0.000000,739.7,2258667,2045.2,78979,705.4,0.92,0.000211,0.0000343,0.1015,86699,309.1,0.033278,0.0000375,0.1024,112561,351.2,0.000000,0.0001589,0.1023,87968,328.3,-0.002585,0.0001603,0.1016,81075,319.6,0.000000
409.07,0.0113630,409.1,0.000000,150.4,84759,357.3,111551,687.9,-0.10,-0.000032,229.1,0.029608,839.7,66322,873.2,65476,881.7,190.46,0.029094,589.1,0.000000,1297.1,118417,358.6,139894,792.3,1.73,0.000627,49.1,0.000000,100.0,2182443,2029.7,78454,704.3,0.75,0.000172,0.0000353,0.1015,86436,308.6,0.033765,0.0000366,0.1024,112594,351.2,0.000000,0.0001589,0.1023,87447,327.7,-0.002161,0.0001603,0.1016,81284,319.8,0.000000
410.05,0.0113903,410.1,0.000000,1869.0,84513,355.9,111567,687.9,-0.01,-0.000005,230.1,0.029778,901.6,64852,868.1,65115,879.4,197.69,0.030110,590.1,0.000000,799.7,119351,359.4,138626,790.6,0.94,0.000340,50.1,0.000000,12509.1,2112855,2015.2,78187,703.7,0.32,0.000072,0.0000362,0.1015,86198,308.1,0.034255,0.0000358,0.1024,112647,351.3,0.000000,0.0001588,0.1023,86954,327.2,-0.001786,0.0001603,0.1016,81550,320.1,0.000000
411.04,0.0114177,411.0,0.000000,192.6,84281,354.6,111632,688.1,-0.10,-0.000034,231.0,0.028173,895.8,63487,863.3,63047,872.8,192.29,0.028573,591.0,0.000000,1118.9,120324,360.2,138401,790.4,-0.00,-0.000001,51.0,0.000000,8373.2,2046354,2000.9,78274,703.9,-0.26,-0.000059,0.0000372,0.1015,85975,307.7,0.034740,0.0000350,0.1024,112699,351.3,0.000000,0.0001588,0.1023,86466,326.7,-0.001463,0.0001603,0.1016,81906,320.5,0.000000
412.07,0.0114464,412.1,0.000000,2892.1,84052,353.2,111696,688.2,-0.03,-0.000011,232.1,0.027947,890.4,62075,858.3,61509,867.4,190.72,0.027820,592.1,0.000000,1235.1,121384,361.1,139030,791.4,-0.66,-0.000237,52.1,0.000000,4268.9,1979976,1986.4,78764,705.0,-0.87,-0.000200,0.0000382,0.1015,85763,307.3,0.035226,0.0000342,0.1024,112731,351.3,0.000000,0.0001588,0.1023,85968,326.2,-0.001176,0.0001603,0.1016,82403,321.1,0.000000
413.05,0.0114737,413.1,0.000000,100.0,83845,352.0,111436,687.8,0.48,0.000161,233.1,0.028128,886.4,60714,853.3,61150,865.0,197.39,0.028703,593.1,0.000000,4683.6,122437,362.0,139717,792.4,-0.53,-0.000193,53.1,0.000000,1324.6,1919345,1972.8,79454,706.5,-1.11,-0.000256,0.0000392,0.1015,85585,307.0,0.035671,0.0000335,0.1024,112732,351.3,0.000000,0.0001587,0.1023,85513,325.7,-0.000927,0.0001603,0.1016,83006,321.7,0.000000
414.04,0.0115011,414.0,0.000000,497.2,83649,350.8,110026,685.8,1.96,0.000648,234.0,0.026614,880.8,59451,848.6,59225,858.6,191.80,0.027216,594.0,0.000000,1239.7,123530,362.9,139814,792.6,0.05,0.000017,54.0,0.000000,100.0,1861369,1959.4,80007,707.7,-0.75,-0.000176,0.0000402,0.1015,85420,306.6,0.036087,0.0000327,0.1024,112697,351.3,0.000000,0.0001587,0.1023,85085,325.3,-0.000719,0.0001603,0.1016,83725,322.5,0.000000
415.07,0.0115297,415.1,0.000000,616.5,83453,349.6,107251,681.8,3.27,0.001058,235.1,0.026407,875.6,58144,843.7,57788,853.3,189.93,0.026460,595.1,0.000000,100.0,124714,363.9,139203,791.8,0.68,0.000245,55.1,0.000000,100.0,1803451,1945.8,80184,708.0,-0.15,-0.000034,0.0000412,0.1015,85255,306.3,0.036486,0.0000320,0.1024,112606,351.2,0.000000,0.0001587,0.1023,84672,324.8,-0.000539,0.0001603,0.1016,84577,323.4,0.000000
416.06,0.0115571,416.1,0.000000,382.0,83274,348.5,104341,677.5,3.39,0.001075,236.1,0.025597,807.2,56947,839.1,56097,847.2,185.14,0.025216,596.1,0.000000,566.4,125888,364.9,138052,790.3,1.13,0.000406,56.1,0.000000,3142.4,1750500,1933.0,80297,708.3,-0.30,-0.000070,0.0000422,0.1015,85104,306.0,0.036855,0.0000313,0.1024,112469,351.1,0.000000,0.0001587,0.1023,84309,324.4,-0.000392,0.0001603,0.1016,85467,324.4,0.000000
417.04,0.0115845,417.0,0.000000,1370.5,83102,347.5,101833,673.7,2.97,0.000923,237.0,0.026014,866.8,55720,834.3,56090,846.1,193.87,0.026436,597.0,0.000000,1297.9,127102,365.8,136617,788.4,1.35,0.000481,57.0,0.000000,769.2,1699824,1920.5,83268,714.6,-7.43,-0.001781,0.0000432,0.1015,84955,305.7,0.037180,0.0000306,0.1024,112298,351.0,0.000000,0.0001587,0.1023,83974,324.1,-0.000279,0.0001603,0.1016,86426,325.4,0.000000
418.07,0.0116131,418.1,0.000000,2611.7,82926,346.4,99361,669.9,3.02,0.000922,238.1,0.024026,798.5,54573,829.8,53570,837.6,181.76,0.023913,598.1,0.000000,795.2,128415,366.9,134983,786.2,1.48,0.000523,58.1,0.000000,100.0,1649155,1907.7,97813,743.6,-21.80,-0.005897,0.0000443,0.1015,84800,305.5,0.037467,0.0000299,0.1024,112095,350.8,0.000000,0.0001587,0.1023,83651,323.7,-0.000193,0.0001603,0.1016,87521,326.6,0.000000
419.06,0.0116404,419.1,0.000000,869.8,82761,345.4,96450,665.4,4.01,0.001196,239.1,0.025073,857.1,53405,825.1,53580,836.4,190.24,0.025068,599.1,0.000000,295.9,129712,367.9,133219,783.8,1.73,0.000603,59.1,0.000000,2296.8,1602793,1895.7,111148,767.6,-13.57,-0.004042,0.0000453,0.1015,84650,305.2,0.037703,0.0000292,0.1024,111888,350.6,0.000000,0.0001587,0.1023,83362,323.4,-0.000133,0.0001603,0.1016,88690,327.8,0.000000
420.04,0.0116678,420.0,0.000000,104.1,82595,344.5,92484,659.0,5.57,0.001608,240.0,0.023683,852.4,52326,820.6,52362,831.7,188.04,0.024351,600.0,0.000000,1017.7,131050,369.0,131084,780.9,2.13,0.000736,60.0,0.000000,855.6,1558386,1883.9,115689,775.4,-3.35,-0.001028,0.0000464,0.1015,84498,304.9,0.037883,0.0000286,0.1024,111675,350.4,0.000000,0.0001587,0.1023,83091,323.1,-0.000097,0.0001603,0.1016,90002,329.2,0.000000
421.07,0.0116964,421.1,0.000000,1002.8,82420,343.5,87500,650.6,6.81,0.001885,241.1,0.023503,848.0,51209,816.0,51616,828.3,190.00,0.024355,601.1,0.000000,100.0,132497,370.1,128446,777.3,2.52,0.000858,61.1,0.000000,593.6,1513946,1871.9,115375,774.9,0.85,0.000261,0.0000475,0.1015,84337,304.7,0.038025,0.0000279,0.1024,111457,350.2,0.000000,0.0001587,0.1023,82780,322.7,-0.000011,0.0001603,0.1016,91519,330.7,0.000000
422.05,0.0117237,422.1,0.000000,155.3,82252,342.7,82564,642.0,7.27,0.001924,242.1,0.021935,782.4,50241,811.8,49314,820.2,177.34,0.021934,602.1,0.000000,8698.1,133921,381.0,125725,773.4,2.72,0.000909,62.1,0.000000,1089.9,1473242,1860.6,114556,773.7,0.60,0.000182,0.0000485,0.1015,84184,304.4,0.038147,0.0000273,0.1024,111261,350.0,0.000000,0.0001587,0.1025,82514,322.4,0.000000,0.0001603,0.1016,93073,332.3,0.000000
423.04,0.0117511,423.0,0.000000,112428.0,82084,341.8,77953,633.6,7.06,0.001786,243.0,0.022396,778.6,49240,807.5,48411,816.2,176.79,0.021571,603.0,0.000000,1002.1,135388,382.2,122974,769.5,2.79,0.000918,63.0,0.000000,205.2,1434221,1849.5,114840,774.1,-0.53,-0.000163,0.0000495,0.1015,84035,304.2,0.038281,0.0000267,0.1024,111084,349.9,0.000000,0.0001587,0.1025,82252,322.1,0.000000,0.0001603,0.1016,94690,333.9,0.000000
424.07,0.0117797,424.1,0.000000,329.1,81912,340.9,73995,626.1,5.92,0.001439,244.1,0.022136,834.5,48207,803.0,48248,814.8,183.14,0.022308,604.1,0.000000,348.1,136973,383.4,120079,765.3,2.90,0.000934,64.1,0.000000,100.0,1395118,1838.2,116389,776.8,-1.98,-0.000611,0.0000506,0.1015,83886,304.0,0.038458,0.0000260,0.1024,110916,349.7,0.000000,0.0001587,0.1025,81958,321.8,0.000000,0.0001603,0.1016,96420,335.6,0.000000
425.05,0.0118070,425.1,0.000000,100.0,81754,340.1,71320,620.8,4.28,0.001012,245.1,0.020678,771.4,47314,799.0,46548,808.2,174.31,0.020650,605.1,0.000000,122.8,138538,384.6,117196,761.0,3.11,0.000985,65.1,0.000000,2176.4,1359259,1827.6,118968,781.1,-2.90,-0.000907,0.0000517,0.1015,83747,303.8,0.038670,0.0000255,0.1024,110766,349.6,0.000000,0.0001587,0.1025,81635,321.5,0.000000,0.0001603,0.1016,98109,337.3,0.000000
426.04,0.0118343,426.0,0.000000,568.5,81602,339.4,69893,617.9,1.99,0.000463,246.0,0.021116,825.8,46387,794.8,46137,805.8,177.78,0.020938,606.0,0.000000,915.9,140152,385.8,114116,756.4,3.41,0.001060,66.0,0.000000,1699.5,1324841,1817.2,121792,785.7,-2.92,-0.000932,0.0000528,0.1015,83607,303.6,0.038869,0.0000249,0.1024,110612,349.4,0.000000,0.0001587,0.1025,81260,321.0,0.000000,0.0001603,0.1016,99831,338.9,0.000000
427.06,0.0118629,427.1,0.000000,100.0,81447,338.6,70615,619.6,-2.25,-0.000528,247.1,0.020263,763.3,45475,790.6,44766,799.8,173.63,0.019991,607.1,0.000000,2471.0,141893,387.1,110712,751.1,3.69,0.001119,67.1,0.000000,757.8,1290343,1806.6,124527,790.2,-2.64,-0.000857,0.0000539,0.1015,83444,303.4,0.038990,0.0000243,0.1024,110434,349.3,0.000000,0.0001587,0.1025,80810,320.5,0.000000,0.0001603,0.1016,101644,340.6,0.000000
428.05,0.0118902,428.0,0.000000,715.8,81291,337.9,75159,630.2,-9.43,-0.002312,248.0,0.020421,816.6,44587,786.4,44208,796.7,177.72,0.020285,608.0,0.000000,937.0,143613,388.4,107436,745.9,3.77,0.001118,68.0,0.000000,1938.6,1258688,1796.6,127270,794.6,-2.88,-0.000948,0.0000549,0.1015,83261,303.2,0.038909,0.0000238,0.1024,110234,349.1,0.000000,0.0001587,0.1025,80337,320.0,0.000000,0.0001603,0.1016,103346,342.2,0.000000
429.03,0.0119175,429.0,0.000000,100.0,81122,337.2,82771,647.3,-12.22,-0.003214,249.0,0.020189,812.8,43711,782.3,43543,793.3,177.65,0.020058,609.0,0.000000,123.9,145388,389.7,104327,740.9,3.65,0.001056,69.0,0.000000,1378.7,1228268,1786.9,131067,800.6,-4.08,-0.001373,0.0000560,0.1015,83057,302.9,0.038677,0.0000232,0.1024,109992,348.9,0.000000,0.0001587,0.1025,79837,319.4,0.000000,0.0001603,0.1016,104963,343.7,0.000000
430.06,0.0119461,430.1,0.000000,100.0,80927,336.4,89213,661.3,-8.04,-0.002232,250.1,0.017799,809.9,42960,778.6,43845,795.8,150.56,0.017062,610.1,0.000000,840.6,147304,391.1,101386,736.1,3.37,0.000954,70.1,0.000000,3291.8,1197731,1776.9,136538,809.1,-5.06,-0.001758,0.0000571,0.1015,82813,302.7,0.038311,0.0000227,0.1024,109688,348.6,0.000000,0.0001587,0.1025,79312,318.8,0.000000,0.0001603,0.1016,106521,345.2,0.000000
431.04,0.0119734,431.0,0.000000,2374.0,80718,335.7,92772,668.8,-4.53,-0.001293,251.0,0.006834,791.9,42990,778.3,46697,812.4,9.83,0.001162,611.0,0.000000,5194.4,149197,392.4,98894,731.8,3.07,0.000853,71.0,0.000000,269.6,1169676,1767.5,141441,816.5,-4.15,-0.001480,0.0000581,0.1015,82551,302.4,0.037815,0.0000225,0.1024,109350,348.3,0.000000,0.0001587,0.1025,78828,318.3,0.000000,0.0001603,0.1016,107866,346.4,0.000000
432.07,0.0120019,432.1,0.000000,100.0,80474,335.0,96069,675.7,-4.56,-0.001335,252.1,-0.009492,822.4,44242,783.7,49415,823.8,-123.54,-0.015244,612.1,0.000000,326.2,151241,393.9,96567,727.8,2.82,0.000769,72.1,0.000000,1818.4,1141504,1757.9,144652,821.3,-2.24,-0.000812,0.0000592,0.1015,82248,302.1,0.037215,0.0000228,0.1024,108954,347.9,0.000000,0.0001587,0.1025,78360,317.7,0.000000,0.0001603,0.1016,109117,347.5,0.000000
433.05,0.0120292,433.1,0.000000,100.0,80215,334.3,100581,684.9,-6.05,-0.001827,253.1,-0.018326,839.9,46152,792.3,51525,830.7,-159.25,-0.020318,613.1,0.000000,806.7,153259,395.3,94525,724.3,2.66,0.000715,73.1,0.000000,464.5,1115613,1748.9,145842,823.1,-0.78,-0.000283,0.0000602,0.1015,81934,301.7,0.036549,0.0000233,0.1024,108544,347.6,0.000000,0.0001587,0.1025,77960,317.3,0.000000,0.0001603,0.1016,110171,348.4,0.000000
434.03,0.0120565,434.0,0.000000,1140.1,79932,333.5,105111,694.0,-5.21,-0.001624,254.0,-0.020137,852.2,48273,801.7,54669,842.1,-162.69,-0.021727,614.0,0.000000,1189.8,155343,396.8,92611,720.9,2.56,0.000676,74.0,0.000000,1032.3,1090709,1740.1,146318,823.8,-0.44,-0.000162,0.0000612,0.1015,81598,301.4,0.035865,0.0000238,0.1024,108105,347.2,0.000000,0.0001587,0.1025,77612,316.8,0.000000,0.0001603,0.1016,111095,349.3,0.000000
435.06,0.0120850,435.1,0.000000,281.0,79612,332.8,107598,698.9,-2.09,-0.000661,255.1,-0.021056,859.0,50638,811.8,57226,851.0,-158.42,-0.021914,615.1,0.000000,593.6,157592,398.3,90727,717.5,2.46,0.000639,75.1,0.000000,100.0,1065677,1731.0,147613,825.7,-1.41,-0.000517,0.0000622,0.1015,81225,301.0,0.035152,0.0000244,0.1024,107619,346.7,0.000000,0.0001587,0.1025,77306,316.5,0.000000,0.0001603,0.1016,111942,350.0,0.000000
436.04,0.0121122,436.0,0.000000,765.8,79285,332.1,107606,699.0,0.40,0.000125,256.0,-0.021837,866.9,53031,821.6,59089,857.4,-160.81,-0.022798,616.0,0.000000,100.0,159815,399.8,89039,714.4,2.34,0.000601,76.0,0.000000,1590.2,1042653,1722.6,150610,830.1,-2.88,-0.001073,0.0000631,0.1015,80855,300.6,0.034452,0.0000250,0.1024,107129,346.3,0.000000,0.0001587,0.1025,77071,316.2,0.000000,0.0001603,0.1016,112661,350.6,0.000000
437.06,0.0121407,437.1,0.000000,351.1,78925,331.3,106471,697.3,1.34,0.000421,257.1,-0.021961,876.2,55628,831.8,61906,867.2,-158.37,-0.023255,617.1,0.000000,298.1,162215,401.5,87427,711.4,2.16,0.000546,77.1,0.000000,100.0,1019501,1713.9,154895,836.2,-3.42,-0.001302,0.0000641,0.1015,80468,300.2,0.033810,0.0000256,0.1024,106598,345.8,0.000000,0.0001587,0.1025,76887,316.0,0.000000,0.0001603,0.1016,113344,351.2,0.000000
438.04,0.0121679,438.0,0.000000,637.1,78575,330.6,105485,695.9,1.03,0.000321,258.0,-0.022405,884.9,58231,841.5,64706,876.7,-154.76,-0.023496,618.0,0.000000,606.6,164588,403.0,86091,708.9,1.88,0.000470,78.0,0.000000,1028.1,998186,1705.8,158481,841.3,-2.67,-0.001034,0.0000650,0.1015,80129,299.8,0.033355,0.0000263,0.1024,106088,345.3,0.000000,0.0001587,0.1025,76766,315.9,0.000000,0.0001603,0.1016,113955,351.8,0.000000
439.07,0.0121963,439.1,0.000000,770.1,78214,329.9,105389,695.8,-0.18,-0.000055,259.1,-0.022634,892.9,61062,851.7,67339,885.4,-149.77,-0.023431,619.1,0.000000,245.9,167151,404.7,84977,706.8,1.48,0.000367,79.1,0.000000,630.3,976735,1697.5,160813,844.6,-1.49,-0.000584,0.0000659,0.1015,79815,299.5,0.033183,0.0000269,0.1024,105577,344.8,0.000000,0.0001587,0.1025,76691,315.8,0.000000,0.0001603,0.1016,114556,352.3,0.000000
440.05,0.0122235,440.0,0.000000,1412.5,77889,329.2,106520,698.0,-1.68,-0.000527,260.0,-0.022371,899.6,63836,861.2,69685,892.9,-142.56,-0.022886,620.0,0.000000,636.6,169686,406.4,84211,705.3,1.06,0.000260,80.0,0.000000,527.0,956976,1689.7,161732,845.9,-0.51,-0.000202,0.0000668,0.1015,79595,299.2,0.033396,0.0000275,0.1024,105130,344.4,0.000000,0.0001587,0.1025,76661,315.7,0.000000,0.0001603,0.1016,115087,352.7,0.000000
441.07,0.0122520,441.1,0.000000,5842.4,77601,328.6,108746,702.4,-2.63,-0.000837,261.1,-0.021637,905.4,66761,870.8,71598,898.9,-134.10,-0.021971,621.1,0.000000,2307.1,172426,408.1,83688,704.3,0.69,0.000168,81.1,0.000000,100.0,937075,1681.7,161605,845.7,0.26,0.000102,0.0000678,0.1015,79470,299.1,0.034341,0.0000281,0.1024,104723,344.0,0.000000,0.0001587,0.1025,76670,315.7,0.000000,0.0001603,0.1016,115577,353.1,0.000000
442.05,0.0122792,442.0,0.000000,100.0,77393,328.1,110986,706.7,-2.50,-0.000809,262.0,-0.019877,935.5,69493,879.3,74030,906.4,-119.18,-0.020023,622.0,0.000000,293.6,175137,409.9,83343,703.6,0.50,0.000123,82.0,0.000000,2226.5,918730,1674.2,160748,844.7,0.78,0.000304,0.0000688,0.1015,79440,299.1,0.035801,0.0000287,0.1024,104390,343.7,0.000000,0.0001587,0.1025,76722,315.8,0.000000,0.0001603,0.1016,115966,353.5,0.000000
443.07,0.0123076,443.1,0.000000,100.0,77256,327.6,112855,710.3,-1.88,-0.000614,263.1,-0.018667,915.0,72323,887.6,75341,910.3,-109.74,-0.018683,623.1,0.000000,798.5,178070,411.7,82991,702.9,0.54,0.000132,83.1,0.000000,1372.7,900239,1666.5,159387,843.1,1.09,0.000424,0.0000698,0.1015,79507,299.1,0.037594,0.0000292,0.1024,104089,343.4,0.000000,0.0001587,0.1025,76829,315.9,0.000000,0.0001603,0.1016,116280,353.7,0.000000
444.05,0.0123348,444.1,0.000000,159.6,77208,327.2,114133,712.8,-1.33,-0.000438,264.1,-0.016061,939.8,74880,894.9,77922,917.9,-93.46,-0.016320,624.1,0.000000,100.0,180972,413.5,82514,702.0,0.80,0.000194,84.1,0.000000,1401.3,883181,1659.3,157817,841.1,1.30,0.000503,0.0000709,0.1015,79661,299.3,0.039610,0.0000296,0.1024,103828,343.2,0.000000,0.0001587,0.1025,76976,316.1,0.000000,0.0001603,0.1016,116492,353.9,0.000000
445.03,0.0123620,445.0,0.000000,100.0,77242,326.9,115100,714.6,-1.03,-0.000341,265.0,-0.014957,943.1,77415,901.7,80016,923.8,-84.54,-0.015062,625.0,0.000000,914.5,183975,415.3,81757,700.5,1.28,0.000307,85.0,0.000000,115.4,866712,1652.2,155984,838.9,1.54,0.000587,0.0000721,0.1015,79877,299.5,0.041668,0.0000300,0.1024,103575,342.9,0.000000,0.0001587,0.1025,77148,316.3,0.000000,0.0001603,0.1016,116628,354.0,0.000000
446.06,0.0123904,446.1,0.000000,796.5,77357,326.7,116003,716.3,-0.94,-0.000314,266.1,-0.014003,947.8,80060,908.7,82301,930.1,-78.16,-0.014227,626.1,0.000000,100.0,187225,417.3,80587,698.2,1.87,0.000445,86.1,0.000000,851.3,850095,1644.9,153780,836.1,1.78,0.000672,0.0000733,0.1015,80149,299.8,0.043667,0.0000304,0.1024,103302,342.7,0.000000,0.0001587,0.1025,77332,316.5,0.000000,0.0001603,0.1016,116710,354.1,0.000000
447.03,0.0124176,447.0,0.000000,745.3,77533,326.6,116849,717.9,-0.91,-0.000305,267.0,-0.013123,936.7,82591,915.1,84390,935.7,-71.85,-0.013331,627.0,0.000000,100.0,190444,419.2,79142,695.3,2.38,0.000557,87.0,0.000000,813.3,834756,1638.1,151500,833.2,1.91,0.000714,0.0000745,0.1015,80452,300.2,0.045440,0.0000308,0.1024,103014,342.4,0.000000,0.0001587,0.1025,77497,316.7,0.000000,0.0001603,0.1016,116753,354.2,0.000000
448.06,0.0124461,448.1,0.000000,492.9,77774,326.5,117626,719.4,-0.75,-0.000253,268.1,-0.011646,942.0,85174,921.4,86492,941.2,-61.72,-0.011667,628.1,0.000000,819.4,193928,421.3,77412,691.8,2.73,0.000628,88.1,0.000000,395.1,819283,1631.2,149142,830.2,1.88,0.000693,0.0000759,0.1015,80811,300.5,0.046965,0.0000311,0.1024,102672,342.1,0.000000,0.0001587,0.1025,77662,316.9,0.000000,0.0001603,0.1016,116781,354.2,0.000000
449.04,0.0124733,449.0,0.000000,372.0,78051,326.5,118069,720.2,-0.38,-0.000127,269.0,-0.009545,946.5,87518,926.9,88406,946.1,-49.28,-0.009471,629.0,0.000000,6384.0,197379,423.3,75691,688.2,2.85,0.000645,89.0,0.000000,242.7,804994,1624.6,147088,827.6,1.71,0.000624,0.0000772,0.1015,81190,300.9,0.048287,0.0000314,0.1024,102280,341.7,0.000000,0.0001587,0.1025,77830,317.1,0.000000,0.0001603,0.1016,116805,354.2,0.000000
450.06,0.0125017,450.1,0.000000,393.9,78381,326.6,117957,720.1,0.27,0.000091,270.1,-0.007292,951.0,89810,932.0,90185,950.6,-36.93,-0.007207,630.1,0.000000,488.7,201117,425.4,73913,684.5,2.88,0.000640,90.1,0.000000,336.3,790569,1617.9,145273,825.2,1.43,0.000520,0.0000786,0.1015,81612,301.4,0.049440,0.0000316,0.1024,101743,341.2,0.000000,0.0001587,0.1025,78051,317.3,0.000000,0.0001603,0.1016,116830,354.2,0.000000
451.04,0.0125289,451.0,0.000000,765.7,78729,326.6,117178,719.0,1.00,0.000334,271.0,-0.005161,955.3,91856,936.5,92028,955.2,-26.94,-0.005339,631.0,0.000000,955.2,204823,427.5,72200,680.8,3.00,0.000654,91.0,0.000000,923.6,777241,1611.7,143873,823.4,1.17,0.000420,0.0000800,0.1015,82028,301.8,0.050432,0.0000317,0.1024,101027,340.5,0.000000,0.0001587,0.1025,78361,317.7,0.000000,0.0001603,0.1016,116844,354.2,0.000000
452.06,0.0125573,452.1,0.000000,2512.2,79120,326.8,115724,716.9,1.64,0.000544,272.1,-0.003753,959.9,93913,940.8,94100,960.1,-20.32,-0.004096,632.1,0.000000,102.4,208838,429.7,70289,676.6,3.32,0.000711,92.1,0.000000,298.3,763778,1605.2,142677,821.8,0.98,0.000349,0.0000814,0.1015,82469,302.3,0.051245,0.0000318,0.1024,99998,339.5,0.000000,0.0001587,0.1025,78874,318.3,0.000000,0.0001603,0.1016,116835,354.2,0.000000
453.04,0.0125845,453.0,0.000000,100.7,79513,326.9,113978,714.4,1.97,0.000645,273.0,-0.003144,967.8,95885,944.8,96085,964.8,-17.53,-0.003592,633.0,0.000000,100.0,212821,431.9,68286,672.1,3.73,0.000779,93.0,0.000000,3352.1,751331,1599.2,141633,820.4,0.93,0.000330,0.0000828,0.1015,82900,302.7,0.051890,0.0000319,0.1024,98739,338.3,0.000000,0.0001587,0.1025,79639,319.2,0.000000,0.0001603,0.1016,116793,354.2,0.000000
454.06,0.0126129,454.1,0.000000,670.0,79939,327.1,112103,711.7,1.99,0.000645,274.1,-0.002866,969.2,97989,949.0,98079,969.4,-15.78,-0.003284,634.1,0.000000,1023.5,217140,434.2,66083,667.1,3.99,0.000812,94.1,0.000000,6061.8,738750,1593.0,140523,818.9,0.96,0.000341,0.0000843,0.1015,83365,303.2,0.052415,0.0000320,0.1024,97194,336.8,0.000000,0.0001587,0.1025,80770,320.4,0.000000,0.0001603,0.1016,116709,354.1,0.000000
455.04,0.0126401,455.0,0.000000,100.0,80361,327.2,110450,709.3,1.84,0.000589,275.0,-0.000575,1032.1,99820,952.5,103182,982.0,4.87,0.001053,635.0,0.000000,1404.6,221427,436.5,64055,662.3,3.87,0.000771,95.0,0.000000,100.0,727113,1587.2,139430,817.5,0.99,0.000349,0.0000858,0.1015,83828,303.7,0.052881,0.0000320,0.1024,95585,335.2,0.000000,0.0001587,0.1025,82127,322.0,0.000000,0.0001603,0.1016,116594,354.0,0.000000
456.07,0.0126686,456.1,0.000000,649.9,80815,327.5,108949,707.1,1.60,0.000507,276.1,0.000087,979.8,101725,956.1,103802,984.6,6.64,0.001440,636.1,0.000000,1065.5,226079,438.9,62221,657.9,3.38,0.000657,96.1,0.000000,2274.5,715345,1581.2,138271,815.9,1.02,0.000355,0.0000873,0.1015,84334,304.2,0.053350,0.0000320,0.1024,93857,333.4,0.000000,0.0001587,0.1025,83723,323.7,0.000000,0.0001603,0.1016,116448,353.9,0.000000
457.05,0.0126958,457.0,0.000000,757.9,81265,327.7,107758,705.3,1.33,0.000419,277.0,0.001832,984.6,103410,959.2,104580,987.3,10.43,0.002273,637.0,0.000000,382.5,230700,441.3,60845,654.5,2.67,0.000510,97.0,0.000000,999.6,704453,1575.6,137124,814.3,1.07,0.000370,0.0000887,0.1015,84832,304.7,0.053854,0.0000320,0.1024,92232,331.8,0.000000,0.0001587,0.1025,85313,325.5,0.000000,0.0001603,0.1016,116287,353.7,0.000000
458.07,0.0127243,458.1,0.000000,1071.1,81751,327.9,106781,703.8,1.04,0.000324,278.1,0.003573,989.2,105024,961.9,105464,990.2,15.31,0.003354,638.1,0.000000,100.0,235718,443.8,59901,652.2,1.66,0.000313,98.1,0.000000,2378.1,693432,1569.9,135872,812.6,1.12,0.000385,0.0000903,0.1015,85376,305.3,0.054384,0.0000319,0.1024,90613,330.1,0.000000,0.0001587,0.1025,86971,327.2,0.000000,0.0001603,0.1016,116091,353.6,0.000000
459.05,0.0127515,459.1,0.000000,577.9,82233,328.2,106106,702.8,0.74,0.000229,279.1,0.005321,993.3,106418,964.2,106596,993.5,21.10,0.004657,639.1,0.000000,13692.2,240705,446.3,59558,651.3,0.51,0.000095,99.1,0.000000,1338.7,683227,1564.5,134667,810.9,1.12,0.000383,0.0000918,0.1015,85916,305.9,0.054955,0.0000317,0.1024,89170,328.6,0.000000,0.0001587,0.1025,88540,328.9,0.000000,0.0001603,0.1016,115869,353.4,0.000000
460.04,0.0127788,460.0,0.000000,818.7,82732,328.5,105726,702.2,0.37,0.000114,280.0,0.008268,1037.9,107505,965.8,110563,1003.1,40.64,0.009214,640.0,0.000000,100.0,245885,448.8,59696,651.7,-0.44,-0.000083,100.0,0.000000,1102.5,673340,1559.2,133516,809.3,1.07,0.000364,0.0000933,0.1015,86474,306.4,0.055540,0.0000315,0.1024,87848,327.2,0.000000,0.0001587,0.1025,90099,330.5,0.000000,0.0001603,0.1016,115608,353.2,0.000000
461.06,0.0128073,461.1,0.000000,2578.0,83273,328.8,105753,702.3,-0.15,-0.000047,281.1,0.008192,1000.9,108694,967.6,110741,1004.1,41.56,0.009429,641.1,0.000000,4505.8,251516,451.5,60097,652.7,-0.84,-0.000159,101.1,0.000000,34737.5,663330,1553.8,132338,807.7,1.08,0.000364,0.0000949,0.1015,87076,307.0,0.056152,0.0000313,0.1024,86600,325.8,0.000000,0.0001587,0.1025,91720,332.2,0.000000,0.0001603,0.1016,115291,352.9,0.000000
462.05,0.0128346,462.0,0.000000,571.1,83809,329.1,106320,703.4,-0.82,-0.000255,282.0,0.009611,1003.9,109696,969.0,111242,1005.6,44.64,0.010158,642.0,0.000000,100.0,257121,454.2,60423,653.6,-0.60,-0.000113,102.0,0.000000,578.7,654054,1548.7,131061,805.9,1.30,0.000433,0.0000964,0.1015,87667,307.6,0.056766,0.0000310,0.1024,85533,324.7,0.000000,0.0001587,0.1025,93246,333.7,0.000000,0.0001603,0.1016,114958,352.6,0.000000
463.03,0.0128620,463.0,0.000000,100.0,84363,329.5,107390,705.4,-1.35,-0.000423,283.0,0.010800,1006.9,110582,970.1,111651,1006.8,48.47,0.011057,643.0,0.000000,778.4,262949,456.9,60541,653.9,-0.16,-0.000031,103.0,0.000000,479.4,645059,1543.7,129339,803.4,1.80,0.000596,0.0000980,0.1015,88270,308.2,0.057351,0.0000307,0.1024,84588,323.7,0.000000,0.0001587,0.1025,94727,335.2,0.000000,0.0001603,0.1016,114611,352.3,0.000000
464.06,0.0128906,464.1,0.000000,2309.4,84959,329.9,108738,708.0,-1.52,-0.000480,284.1,0.013194,1037.3,111216,970.6,113894,1012.0,62.97,0.014578,644.1,0.000000,1235.1,269294,459.8,60488,653.8,0.15,0.000029,104.1,0.000000,100.0,635944,1538.6,126951,800.0,2.35,0.000768,0.0000997,0.1015,88903,308.9,0.057900,0.0000303,0.1024,83731,322.7,0.000000,0.0001587,0.1025,96210,336.7,0.000000,0.0001603,0.1016,114251,352.0,0.000000
465.05,0.0129180,465.0,0.000000,840.6,85509,330.3,110303,711.0,-2.00,-0.000640,285.0,0.014187,1011.9,111713,970.9,113549,1011.4,65.43,0.015110,645.0,0.000000,805.9,275615,462.6,60434,653.6,0.06,0.000012,105.0,0.000000,1058.4,627496,1533.8,124422,796.3,2.53,0.000813,0.0001012,0.1015,89783,309.8,0.057167,0.0000299,0.1024,83037,321.9,0.000000,0.0001587,0.1025,97563,338.0,0.000000,0.0001603,0.1016,113918,351.7,0.000000
466.04,0.0129454,466.0,0.000000,100.0,86104,330.7,113947,717.9,-5.06,-0.001651,286.0,0.016578,1034.3,111903,970.6,114720,1013.9,77.11,0.017948,646.0,0.000000,100.0,282193,465.5,60523,653.9,-0.28,-0.000054,106.0,0.000000,2028.6,619303,1529.1,122030,792.7,2.39,0.000757,0.0001028,0.1015,90177,310.1,0.058688,0.0000295,0.1024,82465,321.3,0.000000,0.0001587,0.1025,98848,339.3,0.000000,0.0001603,0.1016,113597,351.4,0.000000
467.07,0.0129741,467.1,0.000000,1345.9,86699,331.1,122119,733.0,-9.02,-0.003091,287.1,0.016878,992.9,112064,970.1,113366,1011.4,79.18,0.018257,647.1,0.000000,100.0,289360,468.6,60911,654.9,-0.90,-0.000173,107.1,0.000000,1050.4,611001,1524.2,119676,789.2,2.35,0.000732,0.0001045,0.1015,91106,311.1,0.057741,0.0000290,0.1024,81989,320.8,0.000000,0.0001587,0.1025,100107,340.5,0.000000,0.0001603,0.1016,113264,351.1,0.000000
468.06,0.0130016,468.1,0.000000,1170.6,87300,331.5,130214,747.5,-7.41,-0.002654,288.1,0.019190,1029.3,111897,969.0,114583,1013.9,91.95,0.021375,648.1,0.000000,16407.1,296503,471.6,61541,656.5,-1.35,-0.000261,108.1,0.000000,883.0,603306,1519.7,117194,785.4,2.77,0.000849,0.0001061,0.1015,91331,311.3,0.058890,0.0000285,0.1024,81640,320.4,0.000000,0.0001587,0.1025,101212,341.6,0.000000,0.0001603,0.1016,112937,350.8,0.000000
469.05,0.0130290,469.0,0.000000,439.1,87862,331.9,134955,755.8,-3.77,-0.001384,289.0,0.016232,952.0,112144,968.8,107748,999.3,69.91,0.015506,649.0,0.000000,371.0,303942,474.7,62214,658.2,-1.32,-0.000256,109.0,0.000000,979.9,595844,1515.2,114031,780.4,3.63,0.001092,0.0001077,0.1015,92199,312.2,0.057436,0.0000280,0.1024,81383,320.1,0.000000,0.0001587,0.1025,102201,342.5,0.000000,0.0001603,0.1016,112591,350.5,0.000000
470.03,0.0130565,470.0,0.000000,100.0,88453,332.3,137197,759.7,-1.83,-0.000678,290.0,0.011911,954.0,113027,969.8,103408,983.8,59.43,0.012849,650.0,0.000000,580.1,311691,477.8,62683,659.4,-0.82,-0.000161,110.0,0.000000,156.0,588608,1510.9,110184,774.3,4.43,0.001297,0.0001093,0.1015,92372,312.4,0.058480,0.0000277,0.1024,81207,319.9,0.000000,0.0001587,0.1025,103069,343.3,0.000000,0.0001603,0.1016,112218,350.2,0.000000
471.07,0.0130853,471.1,0.000000,100.0,89029,332.7,139169,763.1,-1.87,-0.000701,291.1,0.015162,958.9,113474,969.9,105311,980.0,71.30,0.015760,651.1,0.000000,100.0,320141,481.2,62852,659.8,-0.19,-0.000037,111.1,0.000000,152.2,581276,1506.4,105906,767.3,4.74,0.001346,0.0001109,0.1015,93171,313.2,0.056925,0.0000273,0.1024,81093,319.8,0.000000,0.0001587,0.1025,103849,344.1,0.000000,0.0001603,0.1016,111800,349.8,0.000000
472.06,0.0131127,472.1,0.000000,100.0,89602,333.1,141919,767.8,-2.62,-0.000996,292.1,0.018306,961.7,113434,969.0,106579,974.8,86.23,0.019393,652.1,0.000000,498.6,328573,484.5,62736,659.5,0.33,0.000064,112.1,0.000000,649.5,574478,1502.2,102058,760.8,4.53,0.001250,0.0001125,0.1015,93318,313.3,0.057702,0.0000268,0.1024,81035,319.7,0.000000,0.0001587,0.1025,104479,344.6,0.000000,0.0001603,0.1016,111382,349.4,0.000000
473.05,0.0131403,473.0,0.000000,241.4,90129,333.4,145065,773.1,-2.69,-0.001038,293.0,0.021022,963.0,112965,967.3,107262,969.0,95.37,0.021716,653.0,0.000000,100.0,337365,487.9,62400,658.7,0.74,0.000145,113.0,0.000000,711.4,567885,1498.1,98721,755.0,4.01,0.001078,0.0001141,0.1015,93968,314.0,0.055914,0.0000262,0.1024,81011,319.7,0.000000,0.0001587,0.1025,105000,345.1,0.000000,0.0001603,0.1016,110952,349.0,0.000000
474.04,0.0131678,474.0,0.000000,994.2,90641,333.8,147469,777.1,-1.79,-0.000700,294.0,0.022700,962.9,112206,965.0,107273,963.8,101.95,0.023343,654.0,0.000000,1091.4,346534,491.3,61933,657.6,0.97,0.000188,114.0,0.000000,1234.0,561490,1494.0,96013,750.1,3.31,0.000871,0.0001156,0.1015,94688,314.7,0.055286,0.0000256,0.1024,81007,319.7,0.000000,0.0001587,0.1025,105413,345.5,0.000000,0.0001603,0.1016,110512,348.6,0.000000
475.03,0.0131953,475.0,0.000000,1109.8,91169,334.1,148310,778.5,-0.37,-0.000146,295.0,0.023755,961.3,111239,962.2,106729,959.4,106.12,0.024284,655.0,0.000000,100.0,356094,494.8,61418,656.3,1.05,0.000203,115.0,0.000000,910.3,555290,1490.1,93944,746.4,2.56,0.000663,0.0001171,0.1015,94645,314.6,0.055752,0.0000249,0.1024,81013,319.7,0.000000,0.0001587,0.1025,105725,345.8,0.000000,0.0001603,0.1016,110059,348.2,0.000000
476.06,0.0132240,476.1,0.000000,100.0,91671,334.5,147457,777.5,1.05,0.000408,296.1,0.024293,958.6,110087,959.0,105756,955.4,108.61,0.024729,656.1,0.000000,100.0,366529,498.6,60880,655.0,1.05,0.000200,116.1,0.000000,747.7,549009,1486.0,92382,743.5,1.86,0.000475,0.0001187,0.1015,95293,315.3,0.053845,0.0000242,0.1024,81015,319.7,0.000000,0.0001587,0.1025,105963,346.0,0.000000,0.0001603,0.1016,109565,347.8,0.000000
477.05,0.0132515,477.1,0.000000,3373.0,92168,334.8,145071,774.6,2.31,0.000888,297.1,0.024508,955.6,108894,955.8,104579,951.8,110.02,0.024866,657.1,0.000000,352.2,376953,502.2,60396,653.8,0.99,0.000188,117.1,0.000000,1122.8,543189,1482.2,91289,741.5,1.43,0.000361,0.0001202,0.1015,95381,315.3,0.054334,0.0000235,0.1024,81003,319.7,0.000000,0.0001587,0.1025,106141,346.2,0.000000,0.0001603,0.1016,109069,347.3,0.000000
478.04,0.0132790,478.0,0.000000,100.0,92624,335.1,141631,770.3,3.13,0.001185,298.0,0.024555,952.2,107634,952.3,103354,948.2,110.79,0.024841,658.0,0.000000,992.8,387831,506.0,59955,652.7,0.90,0.000171,118.0,0.000000,2551.0,537545,1478.5,90278,739.6,1.44,0.000362,0.0001216,0.1015,95990,315.9,0.052575,0.0000229,0.1024,80957,319.6,0.000000,0.0001587,0.1025,106308,346.3,0.000000,0.0001603,0.1016,108556,346.9,0.000000
479.03,0.0133064,479.0,0.000000,497.5,93102,335.5,138053,765.8,3.12,0.001159,299.0,0.024438,948.6,106331,948.8,102119,944.7,110.73,0.024621,659.0,0.000000,100.0,399186,509.8,59553,651.7,0.83,0.000157,119.0,0.000000,466.1,532072,1474.9,89002,737.2,1.91,0.000475,0.0001231,0.1015,96159,316.1,0.053207,0.0000222,0.1024,80863,319.5,0.000000,0.0001587,0.1025,106499,346.5,0.000000,0.0001603,0.1016,108043,346.4,0.000000
480.07,0.0133352,480.1,0.000000,100.0,93565,335.8,135158,762.1,2.28,0.000831,300.1,0.024111,944.7,104956,945.0,100904,941.2,109.79,0.024211,660.1,0.000000,382.6,411593,513.9,59153,650.7,0.81,0.000152,120.1,0.000000,863.2,526528,1471.1,87245,733.8,2.51,0.000614,0.0001246,0.1015,96761,316.7,0.051655,0.0000215,0.1024,80713,319.3,0.000000,0.0001587,0.1025,106740,346.7,0.000000,0.0001603,0.1016,107526,345.9,0.000000
481.05,0.0133626,481.1,0.000000,780.7,94029,336.1,133796,760.3,0.95,0.000343,301.1,0.023570,941.0,103667,941.4,99794,938.1,107.97,0.023626,661.1,0.000000,1287.2,424000,517.9,58758,649.7,0.85,0.000159,121.1,0.000000,100.0,521389,1467.6,85391,730.2,2.67,0.000643,0.0001260,0.1015,96953,316.8,0.052244,0.0000209,0.1024,80534,319.1,0.000000,0.0001587,0.1025,107000,347.0,0.000000,0.0001603,0.1016,107062,345.5,0.000000
482.04,0.0133900,482.0,0.000000,568.6,94460,336.4,133962,760.6,-0.44,-0.000160,302.0,0.022891,937.4,102430,937.9,98716,935.1,105.49,0.022908,662.0,0.000000,438.0,436965,521.9,58323,648.6,0.96,0.000178,122.0,0.000000,742.3,516389,1464.2,83846,727.1,2.06,0.000488,0.0001274,0.1015,97520,317.4,0.050693,0.0000202,0.1024,80349,318.9,0.000000,0.0001587,0.1025,107268,347.2,0.000000,0.0001603,0.1016,106627,345.1,0.000000
483.07,0.0134187,483.1,0.000000,655.0,94934,336.7,135477,763.2,-1.56,-0.000570,303.1,0.022092,933.7,101216,934.4,97630,932.1,102.35,0.022053,663.1,0.000000,496.0,451149,526.3,57767,647.2,1.23,0.000225,123.1,0.000000,961.1,511154,1460.2,83485,726.4,0.00,0.000000,0.0001288,0.1015,97715,317.6,0.051257,0.0000196,0.1024,80190,318.8,0.000000,0.0001587,0.1025,107532,347.5,0.000000,0.0001603,0.1016,106187,344.7,0.000000
484.06,0.0134461,484.1,0.000000,422.3,95354,337.0,137399,766.4,-1.73,-0.000638,304.1,0.021215,930.4,100147,931.2,96717,929.3,98.71,0.021131,664.1,0.000000,100.0,465347,530.5,57025,645.2,1.74,0.000317,124.1,-0.000023,728.7,506300,1456.4,84573,728.7,-2.25,-0.000536,0.0001302,0.1015,98218,318.0,0.049683,0.0000190,0.1024,80095,318.6,0.000000,0.0001587,0.1025,107754,347.7,0.000000,0.0001603,0.1016,105759,344.3,0.000000
485.05,0.0134736,485.0,0.000000,1481.2,95768,337.3,138740,768.7,-1.01,-0.000376,305.0,0.020125,927.2,99220,928.3,96128,927.3,92.98,0.019828,665.0,0.000000,100.0,480195,534.8,56022,642.6,2.32,0.000415,125.0,-0.000115,733.2,501596,1452.7,86716,733.1,-3.81,-0.000926,0.0001316,0.1015,98927,318.7,0.049123,0.0000185,0.1024,80060,318.6,0.000000,0.0001587,0.1025,107943,347.8,0.000000,0.0001603,0.1016,105302,343.9,0.000000
486.04,0.0135010,486.0,0.000000,1220.7,96204,337.6,138944,769.0,0.05,0.000019,306.0,0.018229,924.6,98600,926.0,96253,926.8,81.49,0.017410,666.0,0.000000,276.8,495725,539.2,54985,639.9,2.28,0.000403,126.0,-0.000118,737.7,497033,1449.0,88881,737.5,-3.34,-0.000829,0.0001329,0.1015,98897,318.7,0.049705,0.0000180,0.1024,80082,318.6,0.000000,0.0001587,0.1025,108102,348.0,0.000000,0.0001603,0.1016,104789,343.4,0.000000
487.07,0.0135296,487.1,0.000000,570.0,96627,337.9,137853,767.6,1.24,0.000457,307.1,0.014720,923.0,98631,925.2,97219,928.1,61.46,0.013243,667.1,0.000000,463.5,512730,543.9,54234,637.8,1.39,0.000243,127.1,0.000022,978.4,492399,1445.3,90662,741.1,-1.90,-0.000479,0.0001343,0.1015,99580,319.3,0.048132,0.0000175,0.1024,80168,318.7,0.000000,0.0001587,0.1025,108244,348.1,0.000000,0.0001603,0.1016,104174,342.8,0.000000
488.05,0.0135570,488.1,0.000000,1234.5,97055,338.2,135634,764.8,2.24,0.000818,308.1,0.010417,923.4,99520,926.2,98263,929.7,42.30,0.009196,668.1,0.000000,913.2,529768,548.5,54218,637.8,-0.30,-0.000052,128.1,0.000202,981.8,488083,1441.8,92214,744.7,-0.92,-0.000234,0.0001356,0.1015,99603,319.3,0.048702,0.0000172,0.1024,80301,318.9,0.000000,0.0001587,0.1025,108368,348.2,0.000000,0.0001603,0.1016,103505,342.2,0.000000
489.04,0.0135844,489.0,0.000000,550.9,97454,338.4,132629,760.9,2.94,0.001053,309.0,0.007705,925.4,100997,928.4,99233,931.1,32.12,0.007041,669.0,0.000000,1511.5,547601,553.2,55160,640.4,-2.65,-0.000469,129.0,0.000381,985.9,483878,1438.4,94052,749.2,-0.42,-0.000109,0.0001369,0.1015,100297,320.0,0.047178,0.0000170,0.1024,80464,319.1,0.000000,0.0001587,0.1025,108494,348.3,0.000000,0.0001603,0.1016,102764,341.5,0.000000
490.07,0.0136130,490.1,0.000000,100.0,97898,338.7,129111,756.2,3.27,0.001150,310.1,0.007115,928.2,102719,931.1,100335,932.8,31.63,0.006998,670.1,0.000000,533.2,567134,558.2,56858,645.1,-3.65,-0.000663,130.1,0.000581,990.7,479596,1434.8,96186,754.9,0.54,0.000142,0.0001383,0.1015,100346,320.0,0.047863,0.0000168,0.1024,80654,319.3,0.000000,0.0001587,0.1025,108639,348.5,0.000000,0.0001603,0.1016,101913,340.7,0.000000
491.05,0.0136403,491.1,0.000000,100.0,98297,339.0,125762,751.6,3.28,0.001129,311.1,0.008295,930.9,104154,933.2,101452,934.2,40.57,0.009063,671.1,0.000000,100.0,586711,563.1,58132,648.5,-2.46,-0.000454,131.1,0.000845,994.3,475599,1431.5,97835,760.1,2.63,0.000697,0.0001396,0.1015,101045,320.7,0.046419,0.0000166,0.1024,80848,319.5,0.000000,0.0001587,0.1025,108802,348.6,0.000000,0.0001602,0.1016,101018,339.8,0.000000
492.04,0.0136677,492.0,0.000000,100.0,98722,339.3,122668,747.3,3.07,0.001036,312.0,0.010581,932.4,105099,934.2,102234,934.8,51.62,0.011613,672.0,0.000000,326.5,607210,568.1,58607,649.8,-0.71,-0.000131,132.0,0.001187,995.9,471687,1428.2,98627,764.7,5.51,0.001461,0.0001409,0.1015,101087,320.7,0.047128,0.0000163,0.1024,81055,319.7,0.000000,0.0001587,0.1025,108991,348.8,0.000000,0.0001602,0.1016,100023,338.8,0.000000
493.06,0.0136962,493.1,0.000000,947.3,99142,339.6,119851,743.3,2.70,0.000896,313.1,0.012967,932.6,105505,933.9,102448,933.9,62.53,0.014110,673.1,0.000000,8800.0,629678,573.4,58464,649.4,0.46,0.000086,133.1,0.001609,995.5,467677,1424.8,98665,769.1,8.59,0.002267,0.0001422,0.1015,101746,321.3,0.045717,0.0000159,0.1024,81294,320.0,0.000000,0.0001587,0.1025,109213,349.0,0.000000,0.0001601,0.1016,98854,337.7,0.000000
494.05,0.0137235,494.0,0.000000,100.0,99566,339.9,117622,740.1,2.26,0.000740,314.0,0.015091,931.9,105354,932.6,101993,931.8,71.88,0.016185,674.0,0.000000,100.0,652221,578.5,58228,648.8,0.37,0.000068,134.0,0.002146,994.6,463903,1421.6,98470,774.3,11.40,0.002982,0.0001434,0.1015,101794,321.4,0.046275,0.0000155,0.1024,81555,320.3,0.000000,0.0001587,0.1025,109438,349.2,0.000000,0.0001601,0.1016,97599,336.5,0.000000
495.03,0.0137509,495.0,0.000000,100.0,99964,340.2,115891,737.6,1.75,0.000567,315.0,0.016883,929.9,104704,930.2,100945,928.5,80.16,0.017926,675.0,0.000000,100.0,675851,583.8,58438,649.4,-0.83,-0.000154,135.0,0.002687,993.6,460184,1418.4,98205,780.6,14.16,0.003665,0.0001446,0.1015,102331,321.9,0.044733,0.0000151,0.1024,81859,320.6,0.000000,0.0001587,0.1025,109668,349.4,0.000000,0.0001600,0.1016,96219,335.1,0.000000
496.06,0.0137794,496.1,0.000000,916.8,100378,340.5,114632,735.7,1.19,0.000380,316.1,0.018392,926.6,103534,926.6,99353,924.3,87.64,0.019379,676.1,0.000000,630.7,701782,589.4,60818,655.6,-6.58,-0.001255,136.1,0.003261,992.9,456351,1415.0,98024,788.7,16.92,0.004327,0.0001459,0.1015,102892,322.4,0.044214,0.0000145,0.1024,82228,321.0,0.000000,0.0001587,0.1025,109904,349.6,0.000000,0.0001599,0.1016,94669,333.5,0.000000
497.04,0.0138068,497.0,0.000000,100.0,100791,340.8,113962,734.7,0.61,0.000196,317.0,0.019572,922.4,101995,922.3,97366,919.4,93.83,0.020440,677.0,0.000000,413.3,727825,594.9,67453,672.1,-14.72,-0.003038,137.0,0.003866,992.7,452731,1411.9,98078,798.5,19.58,0.004947,0.0001471,0.1015,102828,322.3,0.044453,0.0000140,0.1024,82625,321.5,0.000000,0.0001587,0.1025,110118,349.8,0.000000,0.0001598,0.1016,93124,332.0,0.000000
498.03,0.0138341,498.0,0.000000,1292.1,101174,341.1,113846,734.6,0.00,0.000000,318.0,0.020442,917.3,100092,917.1,94996,913.8,99.18,0.021208,678.0,0.000000,430.0,755142,600.5,76925,693.8,-16.81,-0.003835,138.0,0.004570,993.5,449145,1408.7,98572,811.0,22.52,0.005631,0.0001483,0.1015,103249,322.7,0.042741,0.0000135,0.1024,83050,321.9,0.000000,0.0001587,0.1025,110318,350.0,0.000000,0.0001597,0.1016,91554,330.4,0.000000
499.06,0.0138628,499.1,0.000000,973.8,101567,341.3,114343,735.5,-0.70,-0.000224,319.1,0.026377,934.9,96252,907.5,96216,916.3,123.38,0.026648,679.1,0.000000,806.6,785134,606.4,86501,714.0,-13.55,-0.003377,139.1,0.005358,995.3,445422,1405.4,99504,826.7,25.91,0.006414,0.0001495,0.1015,103666,323.1,0.041950,0.0000127,0.1024,83502,322.4,0.000000,0.0001587,0.1025,110507,350.1,0.000000,0.0001595,0.1016,89920,328.7,0.000000
500.05,0.0138902,500.0,0.000000,100.0,101933,341.6,115476,737.5,-1.38,-0.000444,320.0,0.025958,923.7,92459,897.8,93143,909.6,128.77,0.027125,680.0,0.000000,100.0,815260,612.2,93677,728.1,-9.32,-0.002466,140.0,0.006209,997.8,441880,1402.3,100705,844.2,29.43,0.007221,0.0001506,0.1015,104069,323.4,0.041043,0.0000120,0.1024,83922,322.9,0.000000,0.0001587,0.1025,110668,350.3,0.000000,0.0001594,0.1016,88386,327.1,0.000000
501.03,0.0139176,501.0,0.000000,1256.1,102309,341.9,117095,740.3,-1.82,-0.000593,321.0,0.024747,912.3,88773,888.1,89430,900.8,128.53,0.026248,681.0,0.000000,100.0,846854,618.1,98448,737.2,-5.62,-0.001545,141.0,0.007112,1000.9,438348,1399.1,102223,863.8,33.12,0.008063,0.0001517,0.1015,103965,323.3,0.040983,0.0000113,0.1024,84318,323.3,0.000000,0.0001587,0.1025,110804,350.4,0.000000,0.0001592,0.1016,86898,325.5,0.000000
502.07,0.0139463,502.1,0.000000,1338.3,102668,342.1,118919,743.5,-1.82,-0.000599,322.1,0.022953,863.3,85210,878.4,84099,887.8,119.44,0.023275,682.1,0.000000,1097.7,881525,624.4,101431,742.7,-3.18,-0.000893,142.1,0.008104,1005.0,434660,1395.8,104144,886.1,37.16,0.008984,0.0001529,0.1015,104246,323.6,0.039094,0.0000107,0.1024,84704,323.7,0.000000,0.0001587,0.1025,110908,350.5,0.000000,0.0001589,0.1016,85401,323.9,0.000000
503.05,0.0139737,503.1,0.000000,100.0,102998,342.4,120381,746.1,-1.43,-0.000474,323.1,0.023119,888.4,81528,868.1,81402,879.8,122.00,0.023219,683.1,0.000000,688.1,916324,630.5,103239,746.0,-2.07,-0.000590,143.1,0.009154,1009.3,431131,1392.6,106222,908.2,41.21,0.009915,0.0001539,0.1015,104497,323.8,0.037954,0.0000100,0.1024,85036,324.1,0.000016,0.0001587,0.1025,110958,350.5,0.000000,0.0001587,0.1016,84039,322.4,0.000000
504.04,0.0140012,504.0,0.000000,1080.1,103313,342.6,121348,747.7,-0.88,-0.000295,324.0,0.021801,877.7,78012,857.8,78512,871.0,121.99,0.022618,684.0,0.000000,753.0,952794,636.7,104683,748.6,-1.71,-0.000492,144.0,0.010233,1013.8,427594,1389.4,108367,930.3,45.58,0.010921,0.0001549,0.1015,104738,324.0,0.036836,0.0000094,0.1024,85324,324.4,0.000073,0.0001587,0.1025,110954,350.5,0.000000,0.0001584,0.1016,82754,321.0,0.000000
505.03,0.0140287,505.0,0.000000,448.4,103615,342.8,121818,748.6,-0.38,-0.000128,325.0,0.019691,836.0,74911,848.2,74450,859.4,113.28,0.020187,685.0,0.000000,977.7,991004,643.0,106022,751.0,-1.57,-0.000455,145.0,0.011381,1017.9,424041,1386.2,110408,951.2,50.32,0.012015,0.0001559,0.1015,104965,324.2,0.035714,0.0000089,0.1024,85618,324.7,0.000080,0.0001587,0.1025,110897,350.5,0.000000,0.0001581,0.1016,81557,319.6,0.000000
506.07,0.0140574,506.1,0.000000,1309.0,103918,343.1,121857,748.6,0.05,0.000017,326.1,0.018703,827.5,71762,838.3,71286,849.6,107.80,0.018605,686.1,0.000000,2053.5,1032880,649.7,107222,753.2,-1.25,-0.000366,146.1,0.012630,1021.9,420304,1382.8,112354,970.8,55.57,0.013229,0.0001569,0.1015,105185,324.4,0.034629,0.0000083,0.1024,85911,325.0,0.000081,0.0001587,0.1025,110790,350.4,0.000000,0.0001577,0.1016,80406,318.3,0.000000
507.06,0.0140849,507.1,0.000000,448.8,104196,343.3,121521,748.2,0.44,0.000146,327.1,0.017148,820.2,69029,829.2,68509,840.9,101.11,0.016945,687.1,0.000000,3885.5,1074826,656.1,107815,754.2,-0.48,-0.000141,147.1,0.013950,1025.4,416700,1379.5,114153,987.3,60.63,0.014420,0.0001578,0.1015,105406,324.6,0.033538,0.0000079,0.1024,86170,325.3,0.000077,0.0001587,0.1025,110661,350.3,0.000000,0.0001574,0.1016,79405,317.2,0.000000
508.05,0.0141125,508.0,0.000000,378.7,104464,343.5,120765,747.1,0.89,0.000296,328.0,0.015928,837.7,66493,820.5,66565,834.3,96.97,0.015915,688.0,0.000000,628.6,1118661,662.7,107510,753.7,0.60,0.000177,148.0,0.015300,1029.3,413065,1376.2,116119,1001.5,65.52,0.015627,0.0001587,0.1015,105639,324.8,0.032569,0.0000074,0.1024,86406,325.6,0.000071,0.0001587,0.1025,110519,350.1,0.000000,0.0001569,0.1016,78493,316.2,0.000000
509.04,0.0141400,509.0,0.000000,888.6,104725,343.7,119513,745.3,1.43,0.000471,329.0,0.014122,830.0,64366,812.8,64524,827.5,89.87,0.014416,689.0,0.000000,434.1,1164428,669.3,106276,751.7,1.64,0.000477,149.0,0.016699,1033.7,409393,1372.8,118384,1013.9,70.29,0.016883,0.0001596,0.1015,105873,325.0,0.031663,0.0000071,0.1024,86596,325.8,0.000096,0.0001587,0.1025,110369,350.0,0.000000,0.0001565,0.1016,77659,315.2,0.000000
510.07,0.0141687,510.1,0.000000,592.4,104991,343.9,117689,742.7,1.95,0.000637,330.1,0.012783,822.4,62463,805.1,62730,821.2,83.09,0.013056,690.1,0.000000,1353.9,1214381,676.3,104458,748.8,2.11,0.000604,150.1,0.018185,1038.8,405511,1369.3,121005,1024.9,75.35,0.018299,0.0001605,0.1015,106113,325.2,0.030812,0.0000067,0.1024,86700,325.9,0.000323,0.0001587,0.1025,110199,349.8,0.000000,0.0001559,0.1016,76857,314.3,0.000000
511.06,0.0141962,511.1,0.000000,468.2,105240,344.0,115620,739.6,2.27,0.000730,331.1,0.011583,815.2,60921,798.1,61242,815.7,77.67,0.011995,691.1,0.000000,9994.8,1264210,683.0,102890,746.2,1.75,0.000495,151.1,0.019739,1044.4,401748,1365.8,123923,1034.4,79.85,0.019678,0.0001613,0.1015,106368,325.4,0.029955,0.0000064,0.1024,86783,326.0,0.000505,0.0001587,0.1025,110016,349.7,0.000000,0.0001554,0.1016,76153,313.4,0.000000
512.05,0.0142237,512.1,0.000000,247.0,105487,344.2,113406,736.3,2.46,0.000779,332.1,0.010374,795.0,59690,791.5,59252,808.6,68.73,0.010360,692.1,0.000000,271.2,1316057,689.8,102153,744.9,0.60,0.000169,152.1,0.021301,1051.5,397935,1362.3,127736,1044.1,83.48,0.021011,0.0001621,0.1015,106625,325.6,0.029233,0.0000061,0.1024,86862,326.0,0.000696,0.0001587,0.1025,109805,349.5,0.000000,0.0001548,0.1016,75510,312.7,0.000000
513.04,0.0142512,513.0,0.000000,238.9,105746,344.4,110994,732.7,2.78,0.000866,333.0,0.010251,790.4,58405,784.3,58387,804.3,67.63,0.010099,693.0,0.000000,811.2,1369929,696.7,102539,745.6,-0.77,-0.000218,153.0,0.022889,1061.8,394068,1358.7,133368,1055.9,85.32,0.022168,0.0001629,0.1015,106592,325.6,0.029208,0.0000059,0.1024,86932,326.1,0.000901,0.0001587,0.1025,109562,349.3,0.000000,0.0001542,0.1016,74934,312.0,0.000000
514.03,0.0142786,514.0,0.000000,516.1,105993,344.6,108161,728.4,3.38,0.001033,334.0,0.006522,772.6,58403,780.6,54728,790.3,49.75,0.007088,694.0,0.000000,3166.4,1425808,703.5,103897,748.1,-1.82,-0.000519,154.0,0.024465,1074.6,390149,1355.1,140590,1069.6,87.12,0.023556,0.0001637,0.1015,106868,325.8,0.028013,0.0000057,0.1024,86991,326.2,0.001134,0.0001587,0.1025,109286,349.0,0.000000,0.0001535,0.1016,74431,311.4,0.000000
515.06,0.0143074,515.1,0.000000,100.0,106256,344.8,104662,722.9,4.07,0.001212,335.1,0.006982,765.8,58191,775.4,54341,785.7,48.30,0.006871,695.1,0.000000,100.0,1486344,710.7,105666,751.3,-2.01,-0.000580,155.1,0.026186,1086.7,385985,1351.2,147709,1082.1,90.88,0.025517,0.0001645,0.1015,107203,326.1,0.027585,0.0000056,0.1024,87049,326.2,0.001404,0.0001587,0.1025,108965,348.7,0.000000,0.0001528,0.1016,73987,310.9,0.000000
516.05,0.0143348,516.1,0.000000,387.0,106514,345.0,101061,717.1,4.40,0.001276,336.1,0.006839,759.9,58016,769.8,53973,780.5,47.47,0.006753,696.1,0.000000,100.0,1546220,717.5,107105,753.9,-1.57,-0.000459,156.1,0.027998,1096.2,381932,1347.4,153442,1091.6,95.21,0.027529,0.0001652,0.1015,107609,326.4,0.027260,0.0000054,0.1024,87115,326.3,0.001717,0.0001587,0.1025,108633,348.4,0.000000,0.0001520,0.1016,73643,310.5,0.000000
517.04,0.0143623,517.0,0.000000,507.3,106796,345.3,97618,711.4,4.26,0.001202,337.0,0.006879,752.5,57807,763.2,53658,774.8,47.42,0.006755,697.0,0.000000,896.2,1607944,724.4,108014,755.5,-0.92,-0.000272,157.0,0.029805,1103.3,377805,1343.6,157873,1098.6,100.12,0.029596,0.0001660,0.1015,107688,326.5,0.027667,0.0000053,0.1024,87211,326.4,0.002066,0.0001587,0.1025,108283,348.1,0.000000,0.0001512,0.1016,73377,310.1,0.000000
518.03,0.0143897,518.0,0.000000,859.3,107076,345.5,94635,706.3,3.74,0.001032,338.0,0.006654,744.0,57681,755.9,53421,769.1,44.88,0.006413,698.0,0.000000,100.0,1671408,731.2,108420,756.2,-0.36,-0.000106,158.0,0.031530,1108.3,373613,1339.6,161029,1103.4,104.91,0.031495,0.0001667,0.1015,108112,326.8,0.026925,0.0000052,0.1024,87368,326.5,0.002465,0.0001587,0.1025,107927,347.8,0.000000,0.0001503,0.1016,73186,309.9,0.000000
519.06,0.0144185,519.1,0.000000,100.0,107396,345.7,92156,702.0,3.00,0.000811,339.1,0.006012,734.8,57804,748.5,53277,763.5,39.19,0.005625,699.1,0.000000,100.0,1739462,738.3,108473,756.3,-0.00,-0.000001,159.1,0.033173,1111.8,369171,1335.4,163228,1106.5,109.90,0.033350,0.0001675,0.1015,108278,327.0,0.027428,0.0000051,0.1024,87714,326.9,0.002759,0.0001587,0.1025,107567,347.4,0.000000,0.0001494,0.1016,73060,309.7,0.000000
520.05,0.0144459,520.1,0.000000,221.8,107701,346.0,90389,698.9,2.28,0.000606,340.1,0.009055,757.0,56628,736.6,56664,768.1,54.52,0.008274,700.1,0.000000,772.8,1806266,747.2,108449,756.3,0.01,0.000002,160.1,0.034804,1113.7,364867,1331.3,164412,1107.9,114.97,0.035095,0.0001682,0.1015,108671,327.3,0.026732,0.0000049,0.1024,88287,327.5,0.003024,0.0001587,0.1025,107252,347.1,0.000000,0.0001484,0.1016,72997,309.7,0.000000
521.04,0.0144734,521.0,0.000000,1169.8,108017,346.2,89155,696.7,1.58,0.000417,341.0,0.007325,752.2,56174,725.9,55939,761.8,47.15,0.007122,701.0,0.000000,1129.9,1876691,754.9,108580,756.5,-0.21,-0.000063,161.0,0.036395,1114.5,360509,1327.2,164835,1108.1,120.27,0.036799,0.0001690,0.1015,109092,327.6,0.026595,0.0000048,0.1024,89009,328.2,0.003522,0.0001587,0.1025,106973,346.9,0.000000,0.0001474,0.1016,72980,309.7,0.000000
522.03,0.0145008,522.0,0.000000,149.5,108344,346.5,88402,695.3,0.94,0.000245,342.0,0.007101,718.6,55792,715.0,55798,755.3,45.04,0.006844,702.0,0.000000,2541.6,1953861,764.6,108896,757.0,-0.39,-0.000114,162.0,0.037987,1114.6,356096,1323.0,164750,1107.6,125.69,0.038459,0.0001697,0.1015,109508,328.0,0.026408,0.0000047,0.1024,90044,329.3,0.003803,0.0001587,0.1025,106727,346.7,0.000000,0.0001464,0.1016,72999,309.7,0.000000
523.06,0.0145295,523.1,0.000000,2546.6,108708,346.8,88048,694.7,0.37,0.000097,343.1,0.006842,705.7,55565,702.7,55493,747.2,43.90,0.006706,703.1,0.000000,877.5,2045453,778.4,109241,757.6,-0.36,-0.000107,163.1,0.039630,1114.3,351423,1318.5,164406,1106.6,131.46,0.040173,0.0001704,0.1015,109599,328.0,0.026708,0.0000046,0.1024,91261,330.5,0.004426,0.0001587,0.1025,106477,346.4,0.000000,0.0001452,0.1016,73049,309.7,0.000000
524.05,0.0145570,524.1,0.000000,329.6,109050,347.1,87975,694.6,0.06,0.000017,344.1,0.007096,691.6,55303,689.9,55186,738.0,44.51,0.006847,704.1,0.000000,100.0,2147224,796.1,109468,758.0,-0.22,-0.000067,164.1,0.041301,1113.9,346893,1314.1,164054,1105.7,137.01,0.041816,0.0001712,0.1015,109932,328.3,0.025727,0.0000046,0.1024,92596,331.9,0.005047,0.0001587,0.1025,106214,346.2,0.000000,0.0001441,0.1016,73129,309.8,0.000000
525.04,0.0145844,525.0,0.000000,1186.5,109383,347.3,87955,694.5,0.05,0.000014,345.0,0.007188,677.1,55138,675.8,54975,728.0,43.56,0.006766,705.0,0.000000,3150.1,2266549,819.5,109524,758.1,-0.01,-0.000004,165.0,0.056982,1142.3,341124,1308.6,178276,1126.9,180.64,0.058785,0.0001718,0.1015,110495,328.8,0.024657,0.0000046,0.1024,93906,333.2,0.005954,0.0001587,0.1025,105879,345.9,0.000000,0.0001425,0.1016,73247,310.0,0.000000
526.07,0.0146131,526.1,0.000000,100.0,109745,347.6,87765,694.2,0.35,0.000091,346.1,0.006995,661.7,55262,660.2,55240,718.8,39.66,0.006269,706.1,0.000000,1233.4,2413912,850.9,109341,757.9,0.28,0.000084,166.1,0.062650,1144.0,334694,1302.5,179301,1127.8,194.00,0.063441,0.0001725,0.1015,110726,329.0,0.024587,0.0000046,0.1024,95184,334.4,0.007049,0.0001587,0.1025,105379,345.4,0.000000,0.0001407,0.1016,73422,310.2,0.000000
527.06,0.0146406,527.1,0.000000,257.2,110088,347.9,87280,693.3,0.79,0.000205,347.1,0.005739,648.6,56110,646.6,56062,714.1,29.52,0.004767,707.1,0.000000,932.5,2579859,888.4,108851,757.1,0.65,0.000192,167.1,0.064969,1143.9,328445,1296.5,179065,1127.1,200.85,0.065638,0.0001732,0.1015,110929,329.1,0.023761,0.0000046,0.1024,96437,335.6,0.007914,0.0001587,0.1025,104695,344.8,0.000000,0.0001389,0.1016,73654,310.5,0.000000
528.05,0.0146680,528.0,0.000000,2075.2,110414,348.2,86495,691.9,1.22,0.000313,348.0,0.004523,708.9,57769,634.1,57665,713.1,20.08,0.003340,708.0,0.000000,143.8,2772981,934.0,108051,755.8,1.00,0.000294,168.0,0.066966,1145.3,322124,1290.3,179633,1127.6,206.07,0.067531,0.0001738,0.1015,111337,329.5,0.022314,0.0000047,0.1024,97546,336.6,0.009109,0.0001587,0.1025,103790,343.9,0.000000,0.0001371,0.1016,73960,310.8,0.000000
529.04,0.0146955,529.0,0.000000,160.3,110744,348.5,85446,689.9,1.61,0.000410,349.0,0.004036,624.8,59955,621.9,59891,713.7,16.26,0.002807,709.0,0.000000,183.9,2995202,987.8,107002,754.1,1.28,0.000373,169.0,0.068856,1146.7,315739,1284.0,180301,1128.2,211.13,0.069407,0.0001744,0.1015,111455,329.6,0.021808,0.0000049,0.1024,98469,337.5,0.010371,0.0001587,0.1025,102674,342.8,0.000000,0.0001352,0.1016,74347,311.3,0.000000
530.07,0.0147242,530.1,0.000000,856.9,111069,348.7,84104,687.4,1.97,0.000497,350.1,0.004376,611.2,62436,608.7,62419,712.9,17.64,0.003177,710.1,0.000000,100.0,3259655,1053.1,105784,752.1,1.36,0.000393,170.1,0.070727,1148.4,309001,1277.3,181134,1129.1,216.04,0.071296,0.0001750,0.1015,111740,329.8,0.020218,0.0000051,0.1024,99197,338.1,0.011717,0.0001587,0.1025,101305,341.5,0.000000,0.0001332,0.1016,74829,311.9,0.000000
531.06,0.0147516,531.1,0.000000,100.0,111367,349.0,82650,684.7,2.23,0.000553,351.1,0.005270,596.8,64768,595.3,64655,708.0,21.40,0.004020,711.1,0.000000,100.0,3543126,1123.9,104854,750.6,0.99,0.000286,171.1,0.072521,1150.0,302502,1270.7,181872,1129.8,220.60,0.073049,0.0001755,0.1015,111979,330.0,0.018962,0.0000053,0.1024,99722,338.4,0.013123,0.0001587,0.1025,99834,340.1,0.000000,0.0001312,0.1016,75350,312.5,0.000000
532.05,0.0147791,532.0,0.000000,158.3,111652,349.2,81144,681.8,2.30,0.000564,352.0,0.006080,581.1,67006,581.8,66028,697.2,24.35,0.004744,712.0,0.000000,982.7,3854946,1202.3,104457,749.9,0.32,0.000090,172.0,0.074027,1150.6,295970,1264.0,182161,1129.9,224.52,0.074457,0.0001760,0.1015,112182,330.2,0.017690,0.0000056,0.1024,100181,338.8,0.014182,0.0001587,0.1025,98242,338.5,0.000000,0.0001292,0.1016,75911,313.1,0.000000
533.03,0.0148065,533.0,0.000000,100.0,111915,349.5,79731,679.0,2.15,0.000520,353.0,0.006071,564.3,69496,569.2,66456,683.6,24.65,0.004929,713.0,0.000000,100.0,4192338,1287.7,104636,750.3,-0.35,-0.000099,173.0,0.075044,1150.5,289443,1257.2,181922,1129.3,227.75,0.075474,0.0001764,0.1015,112514,330.5,0.015989,0.0000058,0.1024,100540,338.9,0.015199,0.0001587,0.1025,96576,336.9,0.000000,0.0001271,0.1016,76489,313.8,0.000000
534.07,0.0148352,534.1,0.000000,238.9,112183,349.7,78526,676.7,1.70,0.000407,354.1,0.005941,546.9,72393,557.0,66440,668.1,24.05,0.004919,714.1,0.000000,748.8,4568021,1383.2,105209,751.3,-0.68,-0.000197,174.1,0.075967,1149.8,282634,1249.9,181223,1127.9,231.29,0.076442,0.0001769,0.1015,112593,330.5,0.014995,0.0000061,0.1024,100802,339.0,0.016166,0.0001587,0.1025,94812,335.1,0.000000,0.0001249,0.1016,77094,314.5,0.000000
535.06,0.0148627,535.1,0.000000,252.5,112416,349.9,77821,675.3,0.95,0.000226,355.1,0.005787,530.6,75405,546.3,66006,652.5,23.59,0.004909,715.1,0.000000,2204.0,4943996,1479.3,105636,752.1,-0.42,-0.000121,175.1,0.076810,1148.6,276139,1242.9,180098,1126.0,234.90,0.077285,0.0001772,0.1015,112790,330.7,0.013193,0.0000064,0.1024,100966,339.0,0.017014,0.0001587,0.1025,93157,333.4,0.000000,0.0001228,0.1016,77657,315.2,0.000000
536.04,0.0148901,536.0,0.000000,3200.2,112634,350.1,77770,675.2,-0.15,-0.000035,356.0,0.005616,514.5,78605,536.6,65116,636.0,23.36,0.004920,716.0,0.000000,240101.9,5330111,1578.8,105682,752.1,0.04,0.000013,176.0,0.077561,1146.9,269667,1235.8,178646,1123.6,238.62,0.078042,0.0001775,0.1015,112935,330.8,0.011787,0.0000068,0.1024,101081,338.8,0.017717,0.0001587,0.1025,91570,331.8,0.000000,0.0001207,0.1016,78197,315.8,0.000000
537.03,0.0149176,537.0,0.000000,863.4,112830,350.3,78549,676.9,-1.57,-0.000374,357.0,0.005446,498.9,81905,527.8,63817,618.9,23.19,0.004919,717.0,0.000000,4570.4,5719687,1680.3,105418,751.7,0.36,0.000104,177.0,0.078241,1144.9,263220,1228.6,176981,1120.9,242.36,0.078717,0.0001778,0.1015,113143,331.0,0.010119,0.0000071,0.1024,101191,338.7,0.018191,0.0001587,0.1025,90079,330.3,0.000000,0.0001185,0.1016,78710,316.4,0.000000
538.07,0.0149463,538.1,0.000000,100.0,113020,350.5,80396,680.8,-3.10,-0.000753,358.1,0.005250,483.7,85247,519.7,62160,600.8,22.84,0.004861,718.1,0.000000,378.0,6122974,1786.9,105151,751.3,0.23,0.000067,178.1,0.078861,1142.5,256514,1220.9,175091,1117.8,246.24,0.079341,0.0001781,0.1015,113247,331.0,0.008719,0.0000075,0.1024,101532,338.8,0.017996,0.0001587,0.1025,88637,328.7,0.000000,0.0001163,0.1016,79218,316.9,0.000000
539.05,0.0149737,539.1,0.000000,1095.7,113185,350.7,82737,685.7,-3.62,-0.000898,359.1,0.005018,470.1,88349,512.7,60448,583.9,22.21,0.004729,719.1,0.000000,100.0,6497404,1888.1,105218,751.4,-0.17,-0.000049,179.1,0.079408,1140.1,250136,1213.5,173213,1114.7,249.85,0.079861,0.0001783,0.1015,113291,331.1,0.007194,0.0000078,0.1024,101790,338.8,0.017905,0.0001587,0.1025,87375,327.4,0.000000,0.0001141,0.1016,79687,317.5,0.000000
540.04,0.0150012,540.0,0.000000,529.5,113326,350.9,84838,690.1,-2.96,-0.000749,360.0,0.004754,457.8,91274,506.4,58773,568.0,21.18,0.004508,0.0,0.000000,274.2,6853620,1987.1,105570,752.0,-0.44,-0.000128,180.0,0.079868,1137.6,243797,1206.0,171324,1111.6,253.29,0.080302,0.0001784,0.1015,113394,331.2,0.005422,0.0000082,0.1024,102000,338.7,0.017564,0.0001587,0.1025,86230,326.2,0.000000,0.0001119,0.1016,80146,318.0,0.000000
541.03,0.0150286,541.0,0.000000,100.0,113447,351.0,86221,692.9,-1.77,-0.000454,361.0,0.004455,447.0,93824,500.7,57248,553.5,19.82,0.004217,1.0,0.000000,2298.6,7185011,2082.7,105837,752.5,-0.24,-0.000069,181.0,0.080250,1135.1,237503,1198.4,169446,1108.5,256.53,0.080664,0.0001785,0.1015,113478,331.2,0.003779,0.0000085,0.1024,102393,338.8,0.016555,0.0001587,0.1025,85202,325.0,0.000000,0.0001097,0.1016,80605,318.5,0.000000
542.06,0.0150573,542.1,0.000000,4051.3,113492,351.1,86741,694.0,-0.43,-0.000111,362.1,0.004123,437.3,96133,495.3,55963,540.4,17.94,0.003823,2.1,0.000000,553.0,7498437,2177.8,105717,752.3,0.28,0.000081,182.1,0.080559,1132.4,230975,1190.3,167513,1105.2,259.66,0.080955,0.0001785,0.1015,114710,332.6,-0.000273,0.0000088,0.1024,102746,338.9,0.015723,0.0001587,0.1025,84253,324.0,0.000000,0.0001074,0.1016,81093,319.0,0.000000
543.05,0.0150848,543.1,0.000000,897.9,113587,351.3,86440,693.4,0.64,0.000164,363.1,0.003770,429.8,97861,490.6,55112,529.9,15.84,0.003389,3.1,0.000000,100.0,7761235,2263.0,104696,750.6,1.58,0.000454,183.1,0.080784,1129.9,224787,1182.6,165716,1102.2,262.37,0.081148,0.0001785,0.1015,113647,331.7,0.001106,0.0000091,0.1024,103201,339.1,0.014417,0.0001587,0.1025,83468,323.1,0.000000,0.0001052,0.1016,81570,319.6,0.000000
544.04,0.0151122,544.0,0.000000,100.0,113597,351.3,85518,691.7,1.50,0.000381,364.0,0.003440,423.7,99293,486.1,54747,521.9,13.43,0.002898,4.0,0.000000,100.0,7983578,2341.8,102278,746.6,3.26,0.000918,184.0,0.080923,1127.4,218656,1174.7,163986,1099.2,264.79,0.081259,0.0001785,0.1015,113826,332.1,-0.003228,0.0000094,0.1024,103443,339.1,0.013841,0.0001587,0.1025,82804,322.4,0.000000,0.0001030,0.1016,82059,320.1,0.000000
545.07,0.0151409,545.1,0.000000,100.0,113583,351.4,84130,689.1,2.06,0.000517,365.1,0.003004,419.0,100427,481.8,54806,515.8,10.68,0.002335,5.1,0.000000,100.0,8169360,2416.4,99035,741.1,3.85,0.001058,185.1,0.080981,1124.7,212314,1166.4,162254,1096.2,266.97,0.081287,0.0001783,0.1015,114008,332.5,-0.004915,0.0000097,0.1024,103646,339.0,0.012975,0.0001587,0.1025,82238,321.8,0.000000,0.0001006,0.1016,82577,320.7,0.000000
546.06,0.0151684,546.1,0.000000,100.0,113542,351.4,82609,686.2,2.32,0.000574,366.1,0.002520,415.6,101197,477.8,55221,512.2,7.83,0.001737,6.1,0.000000,100.0,8300382,2479.7,96477,736.6,3.01,0.000811,186.1,0.080957,1122.3,206317,1158.3,160666,1093.4,268.74,0.081233,0.0001781,0.1015,114165,332.9,-0.006784,0.0000100,0.1024,103804,338.9,0.012157,0.0001587,0.1025,81808,321.3,0.000000,0.0000984,0.1016,83076,321.2,0.000000
547.05,0.0151958,547.0,0.000000,1099.6,113478,351.4,81068,683.3,2.35,0.000573,367.0,0.001996,421.5,101718,474.0,61295,527.4,-12.44,-0.002974,7.0,0.000000,100.0,8385015,2534.9,94959,734.0,1.72,0.000459,187.0,0.080657,1119.1,200405,1150.2,158887,1090.2,269.54,0.080804,0.0001779,0.1015,114198,333.2,-0.008408,0.0000102,0.1024,103943,338.9,0.011511,0.0001587,0.1025,81471,320.9,0.000000,0.0000962,0.1016,83571,321.8,0.000000
548.04,0.0152232,548.0,0.000000,100.0,113392,351.4,79640,680.5,2.18,0.000525,368.0,-0.000555,530.9,102679,471.5,86785,601.2,-48.91,-0.014524,8.0,0.000000,904.9,8423707,2581.6,94149,732.5,1.01,0.000267,188.0,0.080035,1115.9,194599,1142.1,157066,1087.0,269.67,0.080155,0.0001776,0.1015,114093,333.3,-0.010057,0.0000105,0.1024,104195,338.9,0.010559,0.0001587,0.1025,81208,320.6,0.000000,0.0000940,0.1016,84045,322.3,0.000000
549.07,0.0152519,549.1,0.000000,100.0,113268,351.4,78382,678.0,1.81,0.000431,369.1,-0.003064,665.4,104173,470.9,110535,663.4,-33.30,-0.011416,9.1,0.000000,146.3,8416757,2621.5,93092,730.6,1.60,0.000421,189.1,0.079339,1112.6,188646,1133.5,155241,1083.7,269.52,0.079419,0.0001773,0.1015,113942,333.4,-0.012114,0.0000109,0.1024,104707,339.2,0.009110,0.0001587,0.1025,80987,320.4,0.000000,0.0000917,0.1016,84506,322.8,0.000000
550.06,0.0152793,550.1,0.000000,100.0,113134,351.3,77555,676.3,1.18,0.000278,370.1,-0.002393,686.8,104727,470.2,119350,685.4,-13.29,-0.004761,10.1,0.000000,296.0,8367485,2651.1,90965,726.7,3.32,0.000855,190.1,0.078596,1109.3,183063,1125.3,153537,1080.6,269.17,0.078673,0.0001769,0.1015,113855,333.9,-0.013427,0.0000112,0.1024,105145,339.5,0.007419,0.0001587,0.1025,80803,320.2,0.000000,0.0000896,0.1016,84909,323.2,0.000000
551.04,0.0153068,551.0,0.000000,478.1,112993,351.3,77315,675.9,0.14,0.000034,371.0,-0.000960,691.7,104457,467.8,121555,691.3,-3.83,-0.001385,11.0,0.000000,100.0,8280069,2672.9,87718,720.7,4.73,0.001183,191.0,0.077824,1106.1,177589,1117.0,151831,1077.5,268.70,0.077888,0.0001765,0.1015,113613,334.5,-0.014412,0.0000114,0.1024,104991,339.2,0.007991,0.0001587,0.1025,80628,320.0,0.000000,0.0000874,0.1016,85279,323.6,0.000000
552.03,0.0153342,552.0,0.000000,181.5,112858,351.2,77857,677.0,-1.19,-0.000282,372.0,-0.000231,694.4,103767,464.5,122844,694.4,-1.93,-0.000704,12.0,0.000000,100.0,8158650,2687.2,84550,714.6,4.38,0.001066,192.0,0.077011,1102.7,172227,1108.8,150103,1074.2,268.11,0.077064,0.0001761,0.1015,112897,334.6,-0.014840,0.0000116,0.1024,104554,338.6,0.008666,0.0001587,0.1025,80447,319.8,0.000000,0.0000853,0.1016,85634,324.0,0.000000
553.06,0.0153629,553.1,0.000000,1138.7,112654,351.1,79496,680.6,-2.87,-0.000691,373.1,-0.000153,697.5,103092,460.7,124198,697.5,-1.63,-0.000596,13.1,0.000000,100.0,8000309,2694.8,82292,710.2,2.85,0.000680,193.1,0.076140,1099.1,166740,1100.1,148255,1070.8,267.42,0.076163,0.0001756,0.1015,113236,335.8,-0.018040,0.0000119,0.1024,103960,337.9,0.009890,0.0001587,0.1025,80246,319.5,0.000000,0.0000831,0.1016,86024,324.4,0.000000
554.05,0.0153903,554.1,0.000000,1155.8,112497,351.1,81977,685.8,-4.06,-0.000999,374.1,-0.000192,698.8,102540,457.1,124741,698.9,-1.01,-0.000371,14.1,0.000000,595.8,7823755,2696.0,81368,708.3,1.00,0.000237,194.1,0.075229,1095.4,161605,1091.8,146427,1067.3,266.71,0.075267,0.0001751,0.1015,112378,335.9,-0.017121,0.0000122,0.1024,103437,337.2,0.011084,0.0001587,0.1025,80046,319.3,0.000000,0.0000811,0.1016,86442,324.9,0.000000
555.04,0.0154178,555.0,0.000000,100.0,112279,351.0,84978,692.0,-4.65,-0.001174,375.0,-0.000208,699.7,102033,453.4,124969,699.6,-0.74,-0.000273,15.0,0.000000,340.5,7627473,2691.8,81817,709.3,-1.19,-0.000283,195.0,0.074305,1091.6,156582,1083.4,144532,1063.7,265.97,0.074337,0.0001746,0.1015,112669,337.1,-0.020362,0.0000126,0.1024,102981,336.6,0.012096,0.0001587,0.1025,79848,319.1,0.000000,0.0000790,0.1016,86923,325.4,0.000000
556.07,0.0154465,556.1,0.000000,1222.4,112085,350.9,88671,699.5,-5.33,-0.001389,376.1,-0.000125,700.3,101502,449.5,125230,700.3,-0.55,-0.000201,16.1,0.000000,100.0,7406088,2682.6,84052,714.0,-3.75,-0.000907,196.1,0.073325,1087.5,151450,1074.7,142487,1059.8,265.15,0.073329,0.0001740,0.1015,112124,337.5,-0.019616,0.0000130,0.1024,102522,335.9,0.013124,0.0001587,0.1025,79656,318.9,0.000000,0.0000769,0.1016,87518,326.0,0.000000
557.06,0.0154739,557.1,0.000000,743.0,111886,350.8,92767,707.6,-5.74,-0.001549,377.1,-0.000042,701.3,101001,445.6,125692,701.3,-0.63,-0.000231,17.1,0.000000,1674.5,7183239,2669.9,87018,720.0,-4.30,-0.001069,197.1,0.072314,1083.4,146655,1066.3,140481,1055.9,264.32,0.072335,0.0001734,0.1015,111908,338.2,-0.020894,0.0000133,0.1024,102085,335.3,0.014172,0.0001587,0.1025,79504,318.7,0.000000,0.0000749,0.1016,88214,326.7,0.000000
558.05,0.0155013,558.0,0.000000,100.0,111680,350.7,96767,715.3,-5.13,-0.001428,378.0,-0.000056,702.6,100540,441.8,126240,702.6,-0.69,-0.000256,18.0,0.000000,1131.2,6953367,2654.2,89312,724.6,-2.90,-0.000735,198.0,0.071297,1079.2,141971,1057.9,138431,1052.0,263.44,0.071313,0.0001728,0.1015,111688,338.9,-0.021795,0.0000138,0.1024,101669,334.6,0.015143,0.0001587,0.1025,79396,318.6,0.000000,0.0000730,0.1016,89067,327.6,0.000000
559.04,0.0155288,559.0,0.000000,352.2,111474,350.6,99955,721.4,-3.80,-0.001082,379.0,-0.000069,703.3,100105,438.0,126501,703.2,-0.32,-0.000119,19.0,0.000000,4110.3,6719769,2636.1,90366,726.7,-1.11,-0.000284,199.0,0.070255,1074.9,137399,1049.4,136342,1047.8,262.52,0.070266,0.0001722,0.1015,111476,339.7,-0.022452,0.0000142,0.1024,101275,334.0,0.016047,0.0001587,0.1025,79342,318.5,0.000000,0.0000711,0.1016,90090,328.7,0.000000
560.07,0.0155575,560.1,0.000000,100.0,111253,350.4,102306,725.8,-2.59,-0.000752,380.1,-0.000025,702.8,99647,434.1,126217,702.8,0.40,0.000149,20.1,0.000000,4984.8,6474454,2615.2,90286,726.6,0.39,0.000100,200.1,0.065204,979.1,133020,1041.1,129714,1037.4,243.44,0.062611,0.0001715,0.1015,111385,340.6,-0.023311,0.0000147,0.1024,100871,333.3,0.016931,0.0001587,0.1025,79342,318.5,0.000000,0.0000692,0.1016,91321,329.9,0.000000
561.06,0.0155849,561.1,0.000000,100.0,111053,350.3,104229,729.3,-2.41,-0.000709,381.1,0.000051,701.6,99201,430.4,125268,701.6,1.27,0.000467,21.1,0.000000,100.0,6230992,2589.7,89396,724.9,1.45,0.000368,201.1,0.063032,1063.4,129014,1033.3,128273,1035.1,244.49,0.062324,0.0001709,0.1015,111100,341.2,-0.023495,0.0000152,0.1024,100474,332.6,0.017807,0.0001587,0.1025,79391,318.6,0.000000,0.0000675,0.1016,92615,331.3,0.000000
562.04,0.0156123,562.0,0.000000,100.0,110860,350.2,106808,734.0,-3.36,-0.001005,382.0,0.000106,287.1,98754,426.7,123814,699.7,1.87,0.000680,22.0,0.000000,5162.4,5994291,2564.6,87923,722.2,2.22,0.000555,202.0,0.057947,972.0,125383,1026.1,122905,1026.6,229.37,0.056488,0.0001702,0.1015,110791,341.8,-0.023838,0.0000157,0.1024,100066,331.8,0.018632,0.0001587,0.1025,79487,318.7,0.000000,0.0000659,0.1016,93983,332.6,0.000000
563.03,0.0156397,563.0,0.000000,658.8,110675,350.2,110369,740.4,-4.26,-0.001306,383.0,0.000000,743.9,98332,423.2,121921,697.3,1.92,0.000689,23.0,0.000000,313.5,5764755,2539.9,86150,718.8,2.61,0.000643,203.0,0.056354,1052.6,121886,1018.9,121135,1023.9,229.38,0.055824,0.0001696,0.1015,110427,342.3,-0.024147,0.0000162,0.1024,99659,331.1,0.019381,0.0001587,0.1025,79614,318.8,0.000000,0.0000643,0.1016,95405,334.0,0.000000
564.06,0.0156684,564.1,0.000000,716.1,110476,350.1,114056,746.9,-3.75,-0.001178,384.1,0.000000,100.5,97880,419.6,120082,694.8,1.79,0.000637,24.1,0.000000,1414.9,5532751,2514.3,84218,715.0,2.73,0.000661,204.1,0.053499,1046.8,118458,1011.7,118582,1019.6,226.19,0.054114,0.0001689,0.1015,110295,343.1,-0.024981,0.0000168,0.1024,99226,330.3,0.020065,0.0001587,0.1025,79766,319.0,0.000000,0.0000628,0.1016,96939,335.6,0.000000
565.05,0.0156959,565.1,0.000000,1776.6,110290,350.0,116624,751.3,-2.54,-0.000811,385.1,0.000000,776.9,97429,416.3,118511,692.7,1.61,0.000566,25.1,0.000000,100.0,5318633,2490.3,82399,711.5,2.73,0.000651,205.1,0.049646,1040.1,115459,1005.2,114403,1012.4,215.06,0.049992,0.0001682,0.1015,110176,343.8,-0.025471,0.0000174,0.1024,98792,329.5,0.020689,0.0001587,0.1025,79910,319.1,0.000000,0.0000614,0.1016,98448,337.0,0.000000
566.04,0.0157233,566.0,0.000000,651.4,110123,349.9,118331,754.3,-1.70,-0.000550,386.0,0.000000,499.4,96957,413.0,117190,690.9,1.35,0.000470,26.0,0.000000,543.3,5112239,2466.7,80623,707.9,2.73,0.000640,206.0,0.048302,1034.2,112570,998.8,111443,1006.8,208.91,0.047568,0.0001675,0.1015,109708,344.1,-0.025284,0.0000179,0.1024,98335,328.7,0.021248,0.0001587,0.1025,80041,319.3,0.000000,0.0000601,0.1016,99986,338.5,0.000000
567.07,0.0157520,567.1,0.000000,100.0,109999,349.9,119804,756.8,-1.48,-0.000482,387.1,0.000000,937.1,96440,409.7,116123,689.5,1.02,0.000353,27.1,0.000000,1112.6,4904753,2442.4,78798,704.2,2.75,0.000632,207.1,0.045739,952.7,109747,992.5,107560,999.3,199.12,0.044086,0.0001668,0.1015,108746,343.9,-0.023934,0.0000186,0.1024,97829,327.8,0.021777,0.0001587,0.1025,80154,319.4,0.000000,0.0000588,0.1016,101595,340.0,0.000000
568.06,0.0157794,568.1,0.000000,100.0,109935,349.9,121226,759.2,-1.49,-0.000489,388.1,0.000000,1027.9,95921,406.6,115488,688.6,0.58,0.000202,28.1,0.000000,1233.1,4714187,2419.6,77085,700.6,2.75,0.000622,208.1,0.045599,1023.4,107072,986.3,107148,998.0,205.77,0.045446,0.0001662,0.1015,107664,343.5,-0.022378,0.0000192,0.1024,97320,326.9,0.022271,0.0001587,0.1025,80239,319.5,0.000000,0.0000575,0.1016,103096,341.4,0.000000
569.05,0.0158069,569.0,0.000000,168.7,109924,349.9,122576,761.5,-1.34,-0.000444,389.0,0.000000,100.0,95381,403.6,115351,688.5,0.03,0.000011,29.0,0.000000,437.9,4531265,2397.1,75444,697.2,2.67,0.000595,209.0,0.042915,1017.5,104591,980.5,104338,992.0,201.62,0.043621,0.0001656,0.1015,106576,343.0,-0.020861,0.0000198,0.1024,96788,326.0,0.022729,0.0001587,0.1025,80307,319.6,0.000000,0.0000564,0.1016,104528,342.8,0.000000
570.04,0.0158343,570.0,0.000000,1306.1,109966,350.0,123640,763.3,-1.00,-0.000335,390.0,0.000000,2145.9,94821,400.7,115669,689.1,-0.44,-0.000153,30.0,0.000000,100.0,4355863,2375.1,73938,693.9,2.47,0.000541,210.0,0.041877,1012.0,102192,974.7,102229,987.4,201.04,0.042818,0.0001651,0.1015,105513,342.5,-0.019375,0.0000204,0.1024,96236,325.1,0.023175,0.0001587,0.1025,80369,319.7,0.000000,0.0000552,0.1016,105872,344.0,0.000000
571.07,0.0158630,571.1,0.000000,417.3,110065,350.2,124404,764.6,-0.67,-0.000226,391.1,0.000000,463.1,94222,397.7,116351,690.6,-0.76,-0.000264,31.1,0.000000,539.3,4180366,2352.5,72624,691.1,2.04,0.000440,211.1,0.039853,1005.4,99838,968.9,98907,980.1,195.15,0.040511,0.0001645,0.1015,104420,341.8,-0.017907,0.0000211,0.1024,95645,324.1,0.023633,0.0001587,0.1025,80439,319.7,0.000000,0.0000541,0.1016,107175,345.2,0.000000
572.06,0.0158905,572.1,0.000000,317.0,110212,350.4,124954,765.5,-0.54,-0.000182,392.1,0.000000,345.4,93640,394.9,117255,692.5,-1.04,-0.000363,32.1,0.000000,5470.7,4019879,2331.4,71720,689.1,1.43,0.000307,212.1,0.040053,1000.5,97585,963.3,97672,976.5,199.05,0.040956,0.0001641,0.1015,103386,341.2,-0.016507,0.0000218,0.1024,95071,323.2,0.024105,0.0001587,0.1025,80521,319.8,0.000000,0.0000530,0.1016,108320,346.2,0.000000
573.05,0.0159180,573.0,0.000000,556.4,110410,350.6,125502,766.4,-0.56,-0.000190,393.0,0.000000,1145.5,93056,392.2,118560,695.2,-1.50,-0.000527,33.0,0.000000,189.0,3866401,2310.6,71227,688.0,0.72,0.000153,213.0,0.037830,923.9,95491,958.0,93729,967.4,189.09,0.037685,0.0001637,0.1015,102361,340.4,-0.015208,0.0000225,0.1024,94499,322.3,0.024584,0.0001587,0.1025,80625,320.0,0.000000,0.0000519,0.1016,109369,347.1,0.000000
574.04,0.0159454,574.0,0.000000,597.9,110656,350.9,126101,767.4,-0.60,-0.000203,394.0,0.000000,486.3,92474,389.6,120272,698.8,-1.84,-0.000651,34.0,0.000000,100.0,3719721,2290.2,71153,687.9,-0.01,-0.000002,214.0,0.038567,988.6,93358,952.5,92599,963.9,193.69,0.038276,0.0001633,0.1015,101345,339.7,-0.013974,0.0000231,0.1024,93933,321.3,0.025077,0.0001587,0.1025,80753,320.1,0.000000,0.0000509,0.1016,110324,348.0,0.000000
575.07,0.0159741,575.1,0.000000,100.0,110964,351.2,126715,768.4,-0.57,-0.000193,395.1,0.000000,115.9,91874,387.0,121954,702.3,-1.55,-0.000554,35.1,0.000000,4324.2,3573395,2269.4,71579,688.8,-0.95,-0.000203,215.1,0.036937,913.0,91251,946.9,89552,956.2,188.41,0.036299,0.0001629,0.1015,100286,338.9,-0.012779,0.0000239,0.1024,93349,320.4,0.025598,0.0001587,0.1025,80917,320.3,0.000000,0.0000498,0.1016,111225,348.8,0.000000
576.06,0.0160016,576.1,0.000000,466.5,111307,351.6,127183,769.2,-0.42,-0.000143,396.1,0.000000,858.7,91311,384.6,122906,704.3,-0.79,-0.000284,36.1,0.000000,100.0,3439899,2249.9,72653,691.3,-2.16,-0.000466,216.1,0.037134,977.2,89233,941.5,88438,952.6,193.03,0.036864,0.0001626,0.1015,99277,338.1,-0.011649,0.0000246,0.1024,92800,319.4,0.026130,0.0001587,0.1025,81105,320.5,0.000000,0.0000488,0.1016,111994,349.5,0.000000
577.05,0.0160290,577.0,0.000000,5542.1,111697,352.0,127398,769.6,-0.13,-0.000046,397.0,0.000000,1051.5,90761,382.2,123002,704.5,0.07,0.000026,37.0,0.000000,161.9,3312477,2230.7,74647,695.8,-3.76,-0.000829,217.0,0.036518,972.2,87264,936.1,87106,948.2,196.27,0.037087,0.0001623,0.1015,98270,337.3,-0.010608,0.0000253,0.1024,92264,318.5,0.026656,0.0001587,0.1025,81319,320.7,0.000000,0.0000478,0.1016,112675,350.1,0.000000
578.03,0.0160565,578.0,0.000000,100.0,112131,352.4,127210,769.3,0.30,0.000101,398.0,0.000000,842.1,90225,379.9,122295,703.6,0.91,0.000326,38.0,0.000000,502.5,3190877,2212.0,77389,701.9,-4.60,-0.001044,218.0,0.035937,966.8,85341,930.8,85400,943.2,197.43,0.036773,0.0001621,0.1015,97271,336.4,-0.009628,0.0000261,0.1024,91743,317.7,0.027188,0.0001587,0.1025,81557,321.0,0.000000,0.0000468,0.1016,113270,350.6,0.000000
579.07,0.0160852,579.1,0.000000,846.0,112632,352.9,126689,768.6,0.46,0.000155,399.1,0.000000,1188.4,89683,377.6,120766,701.5,1.67,0.000590,39.1,0.000000,100.0,3069709,2192.8,79978,707.5,-3.63,-0.000843,219.1,0.034452,891.3,83440,925.4,81918,934.0,188.56,0.034019,0.0001618,0.1015,96247,335.5,-0.008686,0.0000269,0.1024,91216,316.8,0.027741,0.0001587,0.1025,81823,321.3,0.000000,0.0000458,0.1016,113806,351.0,0.000000
580.05,0.0161126,580.1,0.000000,520.3,113157,353.4,126629,768.5,-0.09,-0.000030,400.1,0.000000,100.0,89184,375.5,118787,698.9,2.15,0.000753,40.1,0.000000,732.8,2959271,2174.9,81370,710.5,-1.78,-0.000419,220.1,0.034668,886.0,81615,920.1,80135,928.7,188.73,0.033501,0.0001616,0.1015,95305,334.7,-0.007801,0.0000276,0.1024,90734,316.0,0.028311,0.0001587,0.1025,82090,321.6,0.000000,0.0000449,0.1016,114244,351.4,0.000000
581.04,0.0161400,581.0,0.000000,777.1,113725,353.9,128372,771.4,-2.60,-0.000890,401.0,0.000000,2767.1,88708,373.4,116620,695.9,2.31,0.000798,41.0,0.000000,2538.5,2853915,2157.3,81704,711.2,-0.26,-0.000060,221.0,0.034059,880.7,79836,914.9,78278,923.1,188.24,0.032836,0.0001614,0.1015,94407,333.8,-0.006987,0.0000284,0.1024,90276,315.2,0.028892,0.0001587,0.1025,82368,321.9,0.000000,0.0000439,0.1016,114620,351.7,0.000000
582.07,0.0161687,582.1,0.000000,100.0,114364,354.5,135485,783.0,-7.64,-0.002718,402.1,0.000000,373.7,88237,371.3,114498,693.0,2.14,0.000727,42.1,0.000000,1009.2,2748937,2139.3,81409,710.6,0.54,0.000127,222.1,0.033863,875.4,77995,909.4,76845,918.2,190.53,0.032799,0.0001612,0.1015,93521,333.0,-0.006207,0.0000293,0.1024,89826,314.4,0.029517,0.0001587,0.1025,82669,322.2,0.000000,0.0000430,0.1016,114960,352.0,0.000000
583.06,0.0161961,583.1,0.000000,1404.3,115019,355.1,144246,796.8,-7.32,-0.002728,403.1,0.000000,11597.7,87815,369.4,112840,690.7,1.73,0.000581,43.1,0.000000,274.1,2653229,2122.4,80998,709.8,0.63,0.000148,223.1,0.032840,870.1,76306,904.3,74878,912.3,188.76,0.031867,0.0001611,0.1015,92725,332.3,-0.005480,0.0000301,0.1024,89425,313.7,0.030173,0.0001587,0.1025,82970,322.6,0.000000,0.0000421,0.1016,115246,352.3,0.000000
584.05,0.0162235,584.0,0.000000,3390.4,115716,355.7,148983,804.1,-3.09,-0.001177,404.0,0.000000,651.8,87423,367.6,111689,689.1,1.16,0.000386,44.0,0.000000,441.4,2561906,2106.0,80614,709.0,0.59,0.000137,224.0,0.033500,933.7,74578,899.0,74778,910.6,198.67,0.033558,0.0001609,0.1015,91979,331.6,-0.004819,0.0000310,0.1024,89055,313.0,0.030843,0.0001587,0.1025,83288,322.9,0.000000,0.0000411,0.1016,115504,352.5,0.000000
585.03,0.0162510,585.0,0.000000,736.5,116454,356.4,149519,805.0,0.15,0.000058,405.0,0.000000,546.5,87062,365.9,111105,688.2,0.53,0.000176,45.0,0.000000,682.8,2474735,2089.8,80240,708.2,0.60,0.000139,225.0,0.031689,927.9,72972,893.9,72667,904.3,195.57,0.032327,0.0001608,0.1015,91281,330.9,-0.004207,0.0000318,0.1024,88717,312.3,0.031533,0.0001587,0.1025,83622,323.3,0.000000,0.0000403,0.1016,115739,352.7,0.000000
586.07,0.0162796,586.1,0.000000,500.9,117271,357.1,147575,802.6,1.85,0.000700,406.1,0.000000,230.3,86718,364.1,111001,688.1,0.02,0.000007,46.1,0.000000,100.0,2387817,2073.3,79781,707.3,0.73,0.000169,226.1,0.031477,922.4,71310,888.6,71048,899.0,195.69,0.031815,0.0001607,0.1015,90603,330.2,-0.003632,0.0000327,0.1024,88396,311.7,0.032253,0.0001587,0.1025,83987,323.7,0.000000,0.0000394,0.1016,115963,352.9,0.000000
587.05,0.0163071,587.1,0.000000,631.9,118094,357.8,144842,799.1,2.41,0.000897,407.1,0.000000,335.0,86421,362.5,111157,688.4,-0.20,-0.000065,47.1,0.000000,224.9,2308506,2057.8,79244,706.2,0.87,0.000202,227.1,0.030563,849.8,69783,883.6,68882,892.2,191.29,0.030378,0.0001606,0.1015,90006,329.7,-0.003106,0.0000337,0.1024,88118,311.2,0.032975,0.0001587,0.1025,84347,324.1,0.000000,0.0000385,0.1016,116156,353.1,0.000000
588.04,0.0163345,588.0,0.000000,100.0,118958,358.6,142149,795.7,2.29,0.000843,408.0,0.000000,2090.8,86153,361.0,111309,688.7,-0.15,-0.000050,48.0,0.000000,1523.5,2232768,2042.6,78679,705.0,0.89,0.000204,228.0,0.031136,912.4,68220,878.5,68511,889.9,198.85,0.031491,0.0001606,0.1015,89461,329.1,-0.002638,0.0000346,0.1024,87863,310.6,0.033661,0.0001587,0.1025,84716,324.5,0.000000,0.0000377,0.1016,116328,353.2,0.000000
589.03,0.0163620,589.0,0.000000,4528.4,119863,359.4,139945,792.8,1.83,0.000663,409.0,0.000000,773.5,85908,359.5,111341,688.8,-0.01,-0.000002,49.0,0.000000,1402.2,2160437,2027.8,78203,704.1,0.70,0.000160,229.0,0.029458,906.4,66768,873.5,66300,883.1,193.45,0.029878,0.0001605,0.1015,88973,328.6,-0.002214,0.0000355,0.1024,87619,310.1,0.034287,0.0001587,0.1025,85093,324.9,0.000000,0.0000369,0.1016,116477,353.3,0.000000
590.06,0.0163907,590.1,0.000000,494.4,120852,360.2,138514,790.9,1.01,0.000363,410.1,0.000000,304.3,85666,358.0,111312,688.8,0.02,0.000007,50.1,0.000000,100.0,2088286,2012.6,78014,703.7,0.14,0.000031,230.1,0.029217,900.8,65268,868.4,64643,877.5,191.94,0.029087,0.0001604,0.1015,88524,328.2,-0.001824,0.0000365,0.1024,87359,309.6,0.034797,0.0001587,0.1025,85501,325.3,0.000000,0.0000360,0.1016,116606,353.4,0.000000
591.05,0.0164181,591.1,0.000000,218.1,121840,361.1,138278,790.6,-0.01,-0.000003,411.1,0.000000,1175.7,85434,356.7,111352,688.8,-0.06,-0.000020,51.1,0.000000,100.0,2022426,1998.3,78245,704.2,-0.52,-0.000119,231.1,0.029401,896.7,63822,863.4,64234,875.0,198.76,0.030016,0.0001604,0.1015,88154,327.8,-0.001476,0.0000375,0.1024,87091,309.1,0.035099,0.0001587,0.1025,85916,325.8,0.000000,0.0000352,0.1016,116701,353.5,0.000000
592.04,0.0164455,592.0,0.000000,100.0,122867,361.9,138879,791.6,-0.64,-0.000231,412.0,0.000000,857.8,85178,355.3,111367,688.9,0.01,0.000004,52.0,0.000000,399.8,1959495,1984.4,78918,705.6,-1.20,-0.000277,232.0,0.027813,891.0,62481,858.6,62172,868.3,193.14,0.028446,0.0001604,0.1015,87836,327.5,-0.001176,0.0000384,0.1024,86790,308.6,0.035069,0.0001587,0.1025,86374,326.3,0.000000,0.0000345,0.1016,116764,353.6,0.000000
593.07,0.0164742,593.1,0.000000,1812.4,123985,362.9,139625,792.7,-0.56,-0.000205,413.1,0.000000,446.2,84869,354.0,110929,688.3,0.74,0.000244,53.1,0.000000,100.0,1896678,1970.1,79841,707.6,-1.37,-0.000319,233.1,0.027591,885.6,61094,853.6,60627,862.9,191.30,0.027649,0.0001603,0.1015,87550,327.2,-0.000910,0.0000394,0.1024,86443,308.0,0.034785,0.0001587,0.1025,86930,326.9,0.000000,0.0000337,0.1016,116789,353.6,0.000000
594.06,0.0165016,594.1,0.000000,1754.3,125095,363.8,139834,793.1,-0.06,-0.000021,414.1,0.000000,100.0,84528,352.7,109232,685.8,2.28,0.000748,54.1,0.000000,840.5,1839292,1956.8,80489,709.0,-0.87,-0.000203,234.1,0.026772,815.9,59821,848.9,58703,856.3,185.63,0.026179,0.0001603,0.1015,87310,326.9,-0.000683,0.0000404,0.1024,86057,307.4,0.034343,0.0001587,0.1025,87578,327.5,0.000000,0.0000329,0.1016,116770,353.6,0.000000
595.05,0.0165291,595.0,0.000000,884.2,126245,364.7,139478,792.6,0.44,0.000158,415.0,0.000000,747.6,84137,351.3,106452,681.8,3.37,0.001082,55.0,0.000000,254.3,1784410,1943.7,80712,709.5,-0.26,-0.000060,235.0,0.027234,876.2,58517,844.0,58461,854.4,192.87,0.027145,0.0001603,0.1015,87088,326.7,-0.000499,0.0000413,0.1024,85625,306.8,0.033772,0.0001587,0.1025,88384,328.4,0.000000,0.0000322,0.1016,116697,353.5,0.000000
596.03,0.0165565,596.0,0.000000,851.8,127435,365.7,138591,791.4,0.90,0.000324,416.0,0.000000,926.2,83699,350.0,103583,677.5,3.33,0.001049,56.0,0.000000,2203.6,1731906,1930.9,81053,710.2,-0.84,-0.000198,236.0,0.025806,807.4,57306,839.4,56596,847.8,186.87,0.025660,0.0001603,0.1015,86870,326.5,-0.000352,0.0000422,0.1024,85156,306.2,0.033150,0.0001587,0.1025,89379,329.4,0.000000,0.0000315,0.1016,116568,353.4,0.000000
597.06,0.0165851,597.1,0.000000,272.8,128724,366.7,137265,789.7,1.21,0.000433,417.1,0.000000,100.0,83198,348.7,101063,673.7,2.87,0.000886,57.1,0.000000,3301.1,1679435,1917.8,86746,722.2,-12.49,-0.003086,237.1,0.025570,802.9,56055,834.5,55324,843.0,185.59,0.025055,0.0001603,0.1015,86631,326.2,-0.000238,0.0000431,0.1024,84640,305.5,0.032547,0.0001587,0.1025,90611,330.7,0.000000,0.0000307,0.1016,116371,353.2,0.000000
598.05,0.0166125,598.1,0.000000,5643.8,129997,367.7,135809,787.8,1.37,0.000487,418.1,0.000000,100.0,82690,347.4,98750,670.1,2.98,0.000904,58.1,0.000000,100.0,1631442,1905.6,102618,752.9,-21.57,-0.006049,238.1,0.025704,862.1,54848,829.8,55239,841.6,193.47,0.026121,0.0001603,0.1015,86378,325.9,-0.000161,0.0000440,0.1024,84141,304.9,0.032070,0.0001587,0.1025,91920,332.1,0.000000,0.0000300,0.1016,116121,353.0,0.000000
599.04,0.0166400,599.0,0.000000,365.6,131312,368.8,134167,785.6,1.59,0.000558,419.0,0.000000,100.0,82173,346.1,95826,665.5,4.06,0.001204,59.0,0.000000,2291.1,1585491,1893.5,114078,773.0,-10.71,-0.003250,239.0,0.024314,857.1,53731,825.3,53782,836.2,189.68,0.025094,0.0001603,0.1015,86093,325.6,-0.000115,0.0000449,0.1024,83659,304.3,0.031841,0.0001587,0.1025,93288,333.5,0.000000,0.0000294,0.1016,115811,352.8,0.000000
600.07,0.0166686,600.1,0.000000,775.9,132731,369.9,132090,782.7,1.98,0.000687,420.1,0.000000,441.9,81637,344.8,91603,658.6,5.74,0.001642,60.1,0.000000,1219.9,1539525,1881.2,117032,778.1,-1.57,-0.000486,240.1,0.024116,852.6,52574,820.6,52835,832.2,190.25,0.024845,0.0001603,0.1015,85751,325.3,-0.000093,0.0000458,0.1024,83169,303.7,0.031835,0.0001587,0.1025,94727,334.9,0.000000,0.0000287,0.1016,115421,352.4,0.000000
601.06,0.0166960,601.1,0.000000,100.0,134134,370.9,129691,779.4,2.39,0.000817,421.1,0.000000,976.9,81146,343.6,86802,650.5,6.87,0.001885,61.1,0.000000,712.6,1497442,1869.7,116075,776.6,1.29,0.000398,241.1,0.023382,847.9,51514,816.1,51631,827.5,187.93,0.024120,0.0001603,0.1015,85327,324.8,-0.000012,0.0000467,0.1024,82735,303.1,0.032101,0.0001587,0.1025,96099,336.3,0.000000,0.0000280,0.1016,114987,352.0,0.000000
602.04,0.0167234,602.0,0.000000,897.6,135577,381.9,127018,775.7,2.66,0.000896,422.0,0.000000,736.7,80694,342.5,81901,641.9,7.25,0.001904,62.0,0.000000,468.5,1457110,1858.4,115211,775.3,0.65,0.000198,242.0,0.022938,843.4,50480,811.8,50572,823.2,186.55,0.023574,0.0001603,0.1015,84879,324.3,0.000000,0.0000476,0.1024,82349,302.7,0.032697,0.0001587,0.1025,97479,337.6,0.000000,0.0000274,0.1016,114497,351.6,0.000000
603.07,0.0167520,603.1,0.000000,492.7,137133,383.1,124121,771.6,2.79,0.000924,423.1,0.000000,503.1,80274,341.3,77206,633.2,6.88,0.001727,63.1,0.000000,1074.8,1416733,1846.9,115297,775.4,-0.29,-0.000088,243.1,0.021966,778.4,49465,807.4,48687,816.1,177.53,0.021785,0.0001603,0.1015,84391,323.8,0.000000,0.0000485,0.1024,81999,302.2,0.033491,0.0001587,0.1025,98940,339.0,0.000000,0.0000268,0.1016,113930,351.1,0.000000
604.06,0.0167793,604.1,0.000000,887.0,138669,384.2,121321,767.6,2.89,0.000939,424.1,0.000000,100.0,79924,340.3,73604,626.3,5.67,0.001371,64.1,0.000000,5741.9,1379733,1836.1,116450,777.4,-1.58,-0.000487,244.1,0.022015,834.0,48487,803.1,48095,813.5,179.56,0.021837,0.0001603,0.1015,83902,323.3,0.000000,0.0000495,0.1024,81713,301.9,0.034369,0.0001587,0.1025,100349,340.4,0.000000,0.0000262,0.1016,113347,350.6,0.000000
605.04,0.0168067,605.0,0.000000,1545.2,140254,385.4,118444,763.3,3.06,0.000976,425.0,0.000000,964.7,79623,339.4,71097,621.4,4.01,0.000943,65.0,0.000000,708.2,1344233,1825.5,118742,781.2,-2.64,-0.000826,245.0,0.021606,830.4,47533,798.9,47615,811.0,182.32,0.022020,0.0001603,0.1015,83398,322.7,0.000000,0.0000504,0.1024,81468,301.5,0.035231,0.0001587,0.1025,101744,341.7,0.000000,0.0000256,0.1016,112735,350.0,0.000000
606.07,0.0168353,606.1,0.000000,100.0,141965,386.7,115267,758.6,3.33,0.001042,426.1,0.000000,971.4,79354,338.5,69820,618.8,1.52,0.000352,66.1,0.000000,678.5,1308637,1814.6,121646,786.0,-2.93,-0.000932,246.1,0.020697,825.7,46596,794.7,46349,805.8,177.70,0.021026,0.0001603,0.1015,82865,322.1,0.000000,0.0000515,0.1024,81238,301.2,0.036029,0.0001587,0.1025,103154,343.1,0.000000,0.0000250,0.1016,112083,349.5,0.000000
607.06,0.0168627,607.1,0.000000,1036.1,143655,388.0,112050,753.6,3.60,0.001102,427.1,0.000000,100.0,79130,337.6,70660,620.8,-2.45,-0.000574,67.1,0.000000,1620.2,1275964,1804.4,124350,790.4,-2.73,-0.000884,247.1,0.020863,822.0,45683,790.5,45866,802.9,181.09,0.021280,0.0001603,0.1015,82356,321.5,0.000000,0.0000525,0.1024,81030,301.0,0.036656,0.0001587,0.1025,104431,344.3,0.000000,0.0000244,0.1016,111462,348.9,0.000000
608.04,0.0168901,608.0,0.000000,1937.4,145400,389.2,108755,748.5,3.76,0.001124,428.0,0.000000,1001.7,78927,336.8,75359,631.7,-9.71,-0.002384,68.0,0.000000,654.4,1244583,1794.4,127131,794.9,-2.88,-0.000949,248.0,0.019756,759.3,44841,786.5,44116,795.7,173.39,0.019776,0.0001603,0.1015,81847,321.0,0.000000,0.0000535,0.1024,80823,300.7,0.037042,0.0001587,0.1025,105619,345.4,0.000000,0.0000239,0.1016,110858,348.4,0.000000
609.07,0.0169187,609.1,0.000000,599.5,147284,390.6,105406,743.1,3.72,0.001086,429.1,0.000000,1167.6,78722,336.0,83648,650.2,-12.61,-0.003336,69.1,0.000000,1293.9,1213086,1784.2,130994,801.0,-3.96,-0.001333,249.1,0.020413,812.8,43909,782.2,43940,793.9,180.73,0.020575,0.0001603,0.1015,81310,320.4,0.000000,0.0000546,0.1024,80601,300.4,0.037193,0.0001587,0.1025,106754,346.4,0.000000,0.0000233,0.1016,110253,347.8,0.000000
610.06,0.0169461,610.1,0.000000,581.7,149145,391.9,102435,738.2,3.53,0.001009,430.1,0.000000,1289.0,78522,335.3,90124,664.1,-8.47,-0.002365,70.1,0.000000,100.0,1184158,1774.6,136027,808.8,-4.88,-0.001688,250.1,0.019195,808.0,43096,778.2,43503,792.4,171.56,0.019375,0.0001603,0.1015,80785,319.8,0.000000,0.0000556,0.1024,80373,300.1,0.037079,0.0001587,0.1025,107731,347.3,0.000000,0.0000228,0.1016,109704,347.3,0.000000
611.04,0.0169734,611.0,0.000000,580.2,151067,393.3,99745,733.7,3.28,0.000918,431.0,0.000000,5179.7,78313,334.5,93839,671.9,-4.57,-0.001314,71.0,0.000000,1124.3,1156348,1765.2,140875,816.2,-4.15,-0.001475,251.0,0.011414,779.6,42812,776.6,43633,797.2,71.16,0.008011,0.0001603,0.1015,80246,319.2,0.000000,0.0000566,0.1024,80134,299.8,0.036843,0.0001587,0.1025,108598,348.1,0.000000,0.0000225,0.1016,109182,346.9,0.000000
612.03,0.0170008,612.0,0.000000,2577.1,153050,394.7,97316,729.6,3.05,0.000836,432.0,0.000000,215.9,78091,333.8,96686,677.8,-3.91,-0.001148,72.0,0.000000,1297.7,1129604,1756.0,144098,821.0,-2.44,-0.000879,252.0,-0.002427,807.0,43499,779.3,48393,819.3,-83.61,-0.010159,0.0001603,0.1015,79692,318.5,0.000000,0.0000576,0.1024,79876,299.5,0.036532,0.0001587,0.1025,109359,348.8,0.000000,0.0000225,0.1016,108685,346.4,0.000000
613.06,0.0170295,613.1,0.000000,746.9,155194,396.2,94994,725.5,2.86,0.000770,433.1,0.000000,1793.5,77845,333.1,100632,685.8,-5.07,-0.001531,73.1,0.000000,3346.4,1102723,1746.6,145588,823.3,-0.97,-0.000352,253.1,-0.016050,834.4,45304,787.4,50821,827.5,-153.55,-0.019397,0.0001603,0.1015,79102,317.9,0.000000,0.0000586,0.1024,79584,299.2,0.036109,0.0001587,0.1025,110047,349.4,0.000000,0.0000230,0.1016,108186,345.9,0.000000
614.05,0.0170568,614.0,0.000000,1119.2,157313,397.7,92939,721.9,2.71,0.000718,434.0,0.000000,551.7,77593,332.3,104513,693.6,-4.48,-0.001389,74.0,0.000000,247.2,1078002,1737.7,146382,824.4,-0.74,-0.000272,254.0,-0.020211,847.5,47420,796.9,53668,837.4,-166.98,-0.022013,0.0001603,0.1015,78538,317.2,0.000000,0.0000596,0.1024,79293,298.9,0.035628,0.0001587,0.1025,110608,349.9,0.000000,0.0000235,0.1016,107725,345.5,0.000000
615.03,0.0170842,615.0,0.000000,1277.5,159501,399.2,91042,718.5,2.55,0.000665,435.0,0.000000,1184.7,77326,331.6,106645,697.8,-1.96,-0.000616,75.0,0.000000,343.0,1054213,1729.1,148043,826.9,-1.74,-0.000643,255.0,-0.021358,856.5,49700,806.9,56384,847.0,-164.40,-0.022512,0.0001603,0.1015,77990,316.6,0.000000,0.0000606,0.1024,78990,298.5,0.035140,0.0001587,0.1025,111074,350.3,0.000000,0.0000241,0.1016,107275,345.1,0.000000
616.06,0.0171128,616.1,0.000000,13619.1,161864,400.8,89241,715.2,2.35,0.000604,436.1,0.000000,265.8,77034,330.9,106700,698.0,0.35,0.000110,76.1,0.000000,100.0,1030301,1720.2,151568,832.0,-3.15,-0.001181,256.1,-0.021916,865.1,52207,817.3,59212,856.8,-160.93,-0.022877,0.0001603,0.1015,77449,315.9,0.000000,0.0000616,0.1024,78672,298.2,0.034660,0.0001587,0.1025,111465,350.6,0.000000,0.0000248,0.1016,106812,344.7,0.000000
617.05,0.0171402,617.0,0.000000,1019.2,164199,402.3,87713,712.3,2.12,0.000536,437.0,0.000000,978.8,76748,330.2,105743,696.6,1.17,0.000365,77.0,0.000000,1353.7,1008301,1711.9,155834,838.2,-3.48,-0.001331,257.0,-0.022861,873.6,54759,827.5,61221,863.7,-163.60,-0.023855,0.0001603,0.1015,76975,315.4,0.000000,0.0000625,0.1024,78386,297.9,0.034289,0.0001587,0.1025,111758,350.9,0.000000,0.0000254,0.1016,106369,344.3,0.000000
618.03,0.0171676,618.0,0.000000,100.0,166611,403.9,86410,709.9,1.81,0.000454,438.0,0.000000,960.4,76465,329.5,105014,695.4,0.67,0.000207,78.0,0.000000,240.7,987115,1703.7,159418,843.2,-2.61,-0.001015,258.0,-0.022816,882.2,57393,837.6,63981,873.1,-159.29,-0.024011,0.0001603,0.1015,76553,314.9,0.000000,0.0000634,0.1024,78129,297.6,0.034107,0.0001587,0.1025,111993,351.1,0.000000,0.0000260,0.1016,105919,343.9,0.000000
619.06,0.0171961,619.1,0.000000,233.7,169219,405.6,85333,707.8,1.42,0.000351,439.1,0.000000,687.5,76181,328.8,105362,696.1,-0.76,-0.000236,79.1,0.000000,420.7,965790,1695.3,161629,846.3,-1.36,-0.000536,259.1,-0.022993,890.1,60253,848.0,66610,881.8,-153.74,-0.023888,0.0001603,0.1015,76177,314.5,0.000000,0.0000644,0.1024,77920,297.3,0.034174,0.0001587,0.1025,112208,351.3,0.000000,0.0000267,0.1016,105442,343.4,0.000000
620.05,0.0172235,620.0,0.000000,753.7,171798,407.3,84604,706.4,0.99,0.000245,440.0,0.000000,100.0,75946,328.2,107155,699.7,-2.45,-0.000770,80.0,0.000000,100.0,946147,1687.5,162344,847.3,-0.34,-0.000133,260.0,-0.022703,897.0,63054,857.8,68991,889.5,-146.56,-0.023382,0.0001603,0.1015,75884,314.1,0.000000,0.0000654,0.1024,77821,297.2,0.034838,0.0001587,0.1025,112408,351.5,0.000000,0.0000273,0.1016,104988,343.0,0.000000
621.03,0.0172508,621.0,0.000000,476.3,174464,409.0,84137,705.5,0.63,0.000156,441.0,0.000000,100.0,75767,327.7,109739,704.7,-3.02,-0.000969,81.0,0.000000,2177.9,927212,1679.8,162040,847.0,0.38,0.000148,261.0,-0.022008,902.6,65882,867.1,70984,895.8,-137.65,-0.022436,0.0001603,0.1015,75655,313.8,0.000000,0.0000663,0.1024,77819,297.2,0.036049,0.0001587,0.1025,112615,351.6,0.000000,0.0000279,0.1016,104549,342.6,0.000000
622.06,0.0172794,622.1,0.000000,449.4,177346,410.8,83817,704.9,0.44,0.000107,442.1,0.000000,243.4,75655,327.2,112176,709.4,-2.49,-0.000810,82.1,0.000000,630.3,908139,1671.9,161031,845.8,0.85,0.000335,262.1,-0.020320,907.7,68777,876.2,73384,903.3,-122.29,-0.020437,0.0001603,0.1015,75484,313.6,0.000000,0.0000674,0.1024,77908,297.3,0.037701,0.0001587,0.1025,112830,351.8,0.000000,0.0000285,0.1016,104126,342.2,0.000000
623.04,0.0173067,623.0,0.000000,441.0,180199,412.6,83522,704.4,0.47,0.000115,443.0,0.000000,100.0,75627,326.8,113918,712.7,-1.82,-0.000600,83.0,0.000000,2913.0,890557,1664.6,159635,844.1,1.16,0.000453,263.0,-0.019000,912.3,71512,884.4,74761,907.4,-112.90,-0.019134,0.0001603,0.1015,75388,313.5,0.000000,0.0000685,0.1024,78076,297.5,0.039600,0.0001587,0.1025,113016,352.0,0.000000,0.0000290,0.1016,103769,341.9,0.000000
624.07,0.0173353,624.1,0.000000,912.1,183284,414.4,83031,703.4,0.82,0.000198,444.1,0.000000,386.4,75680,326.5,115335,715.4,-1.44,-0.000477,84.1,0.000000,1348.9,872838,1657.0,157824,841.9,1.44,0.000557,264.1,-0.017032,917.7,74276,892.3,76992,914.0,-101.45,-0.017580,0.0001603,0.1015,75363,313.5,0.000000,0.0000697,0.1024,78313,297.8,0.041597,0.0001587,0.1025,113168,352.1,0.000000,0.0000295,0.1016,103443,341.5,0.000000
625.05,0.0173626,625.1,0.000000,858.3,186339,416.3,82190,701.8,1.42,0.000343,445.1,0.000000,545.7,75804,326.3,116578,717.8,-1.35,-0.000451,85.1,0.000000,1707.4,856494,1649.9,155797,839.3,1.68,0.000641,265.1,-0.015896,923.8,76900,899.5,79515,921.1,-93.57,-0.016615,0.0001603,0.1015,75406,313.5,0.000000,0.0000709,0.1024,78583,298.1,0.043505,0.0001587,0.1025,113265,352.2,0.000000,0.0000299,0.1016,103156,341.3,0.000000
626.04,0.0173899,626.0,0.000000,100.0,189499,418.2,80917,699.2,2.10,0.000500,446.0,0.000000,14659.8,75989,326.1,117791,720.1,-1.28,-0.000432,86.0,0.000000,709.6,840717,1642.9,153594,836.6,1.82,0.000686,266.0,-0.015275,930.1,79553,906.6,82090,928.2,-87.15,-0.015855,0.0001603,0.1015,75522,313.7,0.000000,0.0000721,0.1024,78890,298.4,0.045156,0.0001587,0.1025,113321,352.3,0.000000,0.0000303,0.1016,102862,341.0,0.000000
627.07,0.0174185,627.1,0.000000,100.0,192921,420.2,79213,695.8,2.66,0.000624,447.1,0.000000,1333.5,76237,326.0,118864,722.1,-1.02,-0.000344,87.1,0.000000,1736.6,824802,1635.8,151277,833.7,1.82,0.000680,267.1,-0.014523,936.0,82346,913.7,84284,934.2,-79.56,-0.014767,0.0001603,0.1015,75701,313.9,0.000000,0.0000734,0.1024,79251,298.8,0.046607,0.0001587,0.1025,113351,352.3,0.000000,0.0000307,0.1016,102520,340.7,0.000000
628.05,0.0174458,628.0,0.000000,100.0,196309,422.2,77404,692.1,2.94,0.000676,448.0,0.000000,2185.6,76518,326.0,119506,723.3,-0.58,-0.000196,88.0,0.000000,999.6,810114,1629.1,149202,831.0,1.71,0.000630,268.0,-0.012648,940.9,84922,920.1,86374,939.7,-67.27,-0.012718,0.0001603,0.1015,75898,314.1,0.000000,0.0000747,0.1024,79633,299.2,0.047864,0.0001587,0.1025,113369,352.3,0.000000,0.0000311,0.1016,102151,340.3,0.000000
629.03,0.0174731,629.0,0.000000,100.0,199816,424.2,75581,688.4,3.00,0.000678,449.0,0.000000,100.0,76835,326.0,119627,723.5,0.00,0.000002,89.0,0.000000,1467.9,795927,1622.6,147373,828.7,1.50,0.000550,269.0,-0.010324,945.4,87349,925.8,88351,944.8,-53.21,-0.010234,0.0001603,0.1015,76087,314.3,0.000000,0.0000761,0.1024,80046,299.6,0.048959,0.0001587,0.1025,113383,352.3,0.000000,0.0000314,0.1016,101736,339.9,0.000000
630.06,0.0175016,630.1,0.000000,434.2,203613,426.3,73709,684.4,3.03,0.000672,450.1,0.000000,205.2,77201,326.1,119048,722.7,0.78,0.000264,90.1,0.000000,100.0,781611,1615.9,145780,826.6,1.25,0.000454,270.1,-0.007901,949.9,89711,931.2,90235,949.6,-39.71,-0.007763,0.0001603,0.1015,76255,314.5,0.000000,0.0000775,0.1024,80496,300.1,0.049964,0.0001587,0.1025,113383,352.3,0.000000,0.0000316,0.1016,101230,339.4,0.000000
631.04,0.0175289,631.0,0.000000,6992.8,207375,428.4,71876,680.5,3.23,0.000701,451.0,0.000000,412.9,77578,326.2,117802,721.0,1.46,0.000491,91.0,0.000000,561.6,768391,1609.6,144529,824.9,1.05,0.000378,271.0,-0.005644,954.2,91812,935.7,92139,954.3,-28.86,-0.005732,0.0001603,0.1015,76397,314.7,0.000000,0.0000789,0.1024,80938,300.6,0.050844,0.0001587,0.1025,113351,352.3,0.000000,0.0000317,0.1016,100639,338.9,0.000000
632.07,0.0175574,632.1,0.000000,478.8,211453,430.7,69808,675.9,3.60,0.000765,452.1,0.000000,1374.4,77996,326.3,116025,718.5,1.91,0.000635,92.1,0.000000,936.2,755042,1603.1,143365,823.4,0.97,0.000348,272.1,-0.004087,963.3,93912,940.1,94208,959.2,-21.35,-0.004314,0.0001603,0.1015,76553,314.9,0.000000,0.0000804,0.1024,81412,301.1,0.051587,0.0001587,0.1025,113252,352.2,0.000000,0.0000319,0.1016,99857,338.1,0.000000
633.05,0.0175847,633.0,0.000000,838.1,215496,432.8,67697,671.2,3.91,0.000811,453.0,0.000000,1175.1,78414,326.5,114158,715.8,2.06,0.000675,93.0,0.000000,458.1,742704,1597.0,142233,821.9,1.02,0.000363,273.0,-0.003315,966.9,95908,944.2,96141,963.8,-17.90,-0.003673,0.0001603,0.1015,76746,315.1,0.000000,0.0000818,0.1024,81885,301.6,0.052225,0.0001587,0.1025,113088,352.1,0.000000,0.0000320,0.1016,98915,337.2,0.000000
634.07,0.0176132,634.1,0.000000,100.0,219881,435.2,65516,666.1,3.90,0.000789,454.1,0.000000,435.7,78869,326.6,112273,713.1,1.98,0.000641,94.1,0.000000,100.0,730237,1590.8,140974,820.2,1.09,0.000385,274.1,-0.002908,968.2,98023,948.5,98107,968.3,-15.86,-0.003306,0.0001603,0.1015,77055,315.5,0.000000,0.0000833,0.1024,82398,302.1,0.052834,0.0001587,0.1025,112857,351.9,0.000000,0.0000320,0.1016,97719,336.0,0.000000
635.06,0.0176404,635.1,0.000000,5131.7,224233,437.5,63663,661.7,3.51,0.000694,455.1,0.000000,100.0,79321,326.9,110644,710.7,1.80,0.000578,95.1,0.000000,664.9,718706,1585.0,139736,818.6,1.12,0.000393,275.1,-0.000922,973.6,99898,952.1,100587,975.2,-7.86,-0.001668,0.0001603,0.1015,77542,316.0,0.000000,0.0000848,0.1024,82907,302.7,0.053438,0.0001587,0.1025,112611,351.6,0.000000,0.0000321,0.1016,96403,334.7,0.000000
636.04,0.0176677,636.0,0.000000,1203.3,228747,439.8,62156,658.1,2.88,0.000559,456.0,0.000000,744.1,79791,327.1,109216,708.5,1.60,0.000506,96.0,0.000000,130.2,707545,1579.3,138477,816.9,1.15,0.000402,276.0,-0.000016,979.5,101737,955.5,102326,980.3,-2.18,-0.000468,0.0001603,0.1015,78323,316.9,0.000000,0.0000862,0.1024,83437,303.2,0.054033,0.0001587,0.1025,112370,351.4,0.000000,0.0000321,0.1016,94977,333.3,0.000000
637.06,0.0176962,637.1,0.000000,100.0,233648,442.3,61034,655.4,2.00,0.000382,457.1,0.000000,876.7,80300,327.3,107940,706.6,1.37,0.000429,97.1,0.000000,727.7,696256,1573.5,137111,815.0,1.21,0.000420,277.1,0.001349,983.9,103563,958.8,103659,984.4,3.10,0.000673,0.0001603,0.1015,79542,318.3,0.000000,0.0000878,0.1024,84011,303.8,0.054662,0.0001587,0.1025,112146,351.2,0.000000,0.0000320,0.1016,93437,331.8,0.000000
638.05,0.0177235,638.0,0.000000,100.0,238517,444.7,60458,653.9,1.00,0.000190,458.0,0.000000,100.0,80806,327.6,106940,705.1,1.12,0.000350,98.0,0.000000,463.5,685806,1568.0,135758,813.1,1.26,0.000431,278.0,0.004652,1036.8,104987,961.2,108109,995.8,25.19,0.005625,0.0001603,0.1015,81086,320.1,0.000000,0.0000893,0.1024,84575,304.4,0.055296,0.0001587,0.1025,111968,351.1,0.000000,0.0000319,0.1016,91974,330.3,0.000000
639.03,0.0177509,639.0,0.000000,749.1,243574,447.2,60340,653.7,0.09,0.000018,459.0,0.000000,910.9,81328,327.9,106180,704.0,0.84,0.000260,99.0,0.000000,100.0,675684,1562.6,134433,811.3,1.22,0.000417,279.0,0.004680,993.2,106460,963.7,108657,997.8,27.69,0.006202,0.0001603,0.1015,82898,322.1,0.000000,0.0000908,0.1024,85150,305.0,0.055897,0.0001587,0.1025,111824,350.9,0.000000,0.0000318,0.1016,90560,328.8,0.000000
640.06,0.0177794,640.1,0.000000,3200.9,249069,449.9,60536,654.2,-0.46,-0.000087,460.1,0.000000,126.5,81892,328.3,105690,703.2,0.47,0.000144,100.1,0.000000,3313.5,665441,1557.0,133124,809.5,1.17,0.000396,280.1,0.006192,997.3,107865,965.9,109223,999.7,30.47,0.006849,0.0001603,0.1015,84929,324.3,0.000000,0.0000924,0.1024,85763,305.6,0.056480,0.0001587,0.1025,111702,350.8,0.000000,0.0000316,0.1016,89155,327.3,0.000000
641.04,0.0178068,641.0,0.000000,745.7,254533,452.4,60778,654.8,-0.47,-0.000091,461.0,0.000000,442.7,82446,328.6,105631,703.1,-0.04,-0.000013,101.0,0.000000,637.8,655955,1551.8,131870,807.7,1.22,0.000409,281.0,0.007757,1000.9,109065,967.7,110024,1002.0,34.67,0.007832,0.0001603,0.1015,86881,326.4,0.000000,0.0000940,0.1024,86358,306.2,0.057026,0.0001587,0.1025,111602,350.7,0.000000,0.0000314,0.1016,87892,326.0,0.000000
642.03,0.0178341,642.0,0.000000,100.0,260210,455.1,60900,655.1,-0.18,-0.000034,462.0,0.000000,1655.7,82979,328.9,106108,704.1,-0.72,-0.000224,102.0,0.000000,1076.8,646765,1546.7,130373,805.6,1.54,0.000513,282.0,0.009213,1004.1,110125,969.2,110848,1004.2,39.42,0.008951,0.0001603,0.1015,88783,328.4,0.000000,0.0000955,0.1024,87367,307.3,0.056327,0.0001587,0.1025,111512,350.6,0.000000,0.0000311,0.1016,86711,324.8,0.000000
643.06,0.0178628,643.1,0.000000,531.3,266384,457.9,60856,655.0,0.14,0.000027,463.1,0.000000,713.7,83585,329.3,107174,706.1,-1.31,-0.000408,103.1,0.000000,180.3,637462,1541.5,128235,802.5,2.14,0.000703,283.1,0.011675,1038.5,110945,970.2,113613,1010.7,55.38,0.012805,0.0001603,0.1015,90690,330.3,0.000000,0.0000972,0.1024,87745,307.7,0.057935,0.0001587,0.1025,111418,350.6,0.000000,0.0000308,0.1016,85564,323.5,0.000000
644.04,0.0178901,644.0,0.000000,754.3,272528,460.7,60749,654.7,0.21,0.000039,464.0,0.000000,513.0,84179,329.7,108506,708.7,-1.63,-0.000515,104.0,0.000000,356.8,628845,1536.6,125730,798.9,2.53,0.000821,284.0,0.012255,1010.1,111681,971.0,113451,1010.6,57.70,0.013323,0.0001603,0.1015,92422,332.1,0.000000,0.0000988,0.1024,88219,308.1,0.058440,0.0001587,0.1025,111320,350.5,0.000000,0.0000305,0.1016,84552,322.4,0.000000
645.03,0.0179175,645.0,0.000000,100.0,278917,463.5,60718,654.7,0.02,0.000004,465.0,0.000000,398.0,84746,330.1,110747,712.9,-3.10,-0.000992,105.0,0.000000,185.0,620494,1531.8,123220,795.2,2.49,0.000793,285.0,0.014112,1012.4,112197,971.3,113492,1010.8,62.41,0.014414,0.0001603,0.1015,94046,333.7,0.000000,0.0001004,0.1024,89081,309.0,0.057498,0.0001587,0.1025,111203,350.4,0.000000,0.0000301,0.1016,83626,321.4,0.000000
646.06,0.0179461,646.1,0.000000,702.9,285870,466.6,60845,655.0,-0.36,-0.000068,466.1,0.000000,604.7,85379,330.5,116937,724.5,-7.86,-0.002610,106.1,0.000000,343.6,612038,1526.9,120882,791.7,2.25,0.000707,286.1,0.016666,1014.3,112393,970.9,114505,1013.0,73.47,0.017082,0.0001603,0.1015,95611,335.3,0.000000,0.0001021,0.1024,89464,309.4,0.058884,0.0001587,0.1025,111048,350.2,0.000000,0.0000296,0.1016,82755,320.4,0.000000
647.05,0.0179735,647.0,0.000000,571.6,292796,469.5,61217,655.9,-0.86,-0.000165,467.0,0.000000,100.0,85952,330.9,126254,741.4,-9.61,-0.003366,107.0,0.000000,100.0,604202,1522.3,118736,788.4,2.29,0.000709,287.0,0.017462,1032.0,112477,970.3,114837,1014.0,83.67,0.019492,0.0001603,0.1015,96970,336.6,0.000000,0.0001036,0.1024,90305,310.3,0.057720,0.0001587,0.1025,110860,350.1,0.000000,0.0000291,0.1016,82020,319.6,0.000000
648.03,0.0180009,648.0,0.000000,462.1,300005,472.5,61763,657.3,-1.15,-0.000221,468.0,0.000000,740.9,86557,331.3,133483,754.1,-6.11,-0.002223,108.0,0.000000,1246.9,596605,1517.8,116221,784.5,2.87,0.000874,288.0,0.017542,990.9,112550,969.7,112514,1009.6,80.39,0.018428,0.0001603,0.1015,98193,337.8,0.000000,0.0001052,0.1024,90560,310.5,0.058843,0.0001587,0.1025,110623,349.8,0.000000,0.0000286,0.1016,81383,318.9,0.000000
649.06,0.0180296,649.1,0.000000,773.3,307858,475.8,62318,658.8,-1.02,-0.000198,469.1,0.000000,993.3,87147,331.7,137071,760.3,-2.56,-0.000950,109.1,0.000000,100.0,588910,1513.1,112752,779.1,3.87,0.001152,289.1,0.017717,952.3,112599,969.1,107982,999.3,69.66,0.015484,0.0001603,0.1015,99335,338.9,0.000000,0.0001069,0.1024,91376,311.4,0.057410,0.0001587,0.1025,110310,349.6,0.000000,0.0000281,0.1016,80820,318.3,0.000000
650.05,0.0180570,650.1,0.000000,100.0,315687,478.9,62656,659.6,-0.58,-0.000114,470.1,0.000000,100.0,87739,332.1,138712,763.1,-1.41,-0.000528,110.1,0.000000,1022.3,581779,1508.8,108816,772.7,4.55,0.001318,290.1,0.012046,954.2,113470,970.0,103782,984.1,59.73,0.012958,0.0001603,0.1015,100306,339.8,0.000000,0.0001085,0.1024,91617,311.6,0.058368,0.0001587,0.1025,109944,349.2,0.000000,0.0000278,0.1016,80371,317.8,0.000000
651.04,0.0180844,651.0,0.000000,297.2,323841,482.1,62751,659.8,-0.09,-0.000018,471.0,0.000000,560.8,88290,332.5,140505,766.2,-1.78,-0.000671,111.0,0.000000,251.4,574864,1504.5,104830,766.1,4.63,0.001303,291.0,0.015216,958.9,113898,970.1,105627,980.5,70.73,0.015674,0.0001603,0.1015,101174,340.7,0.000000,0.0001100,0.1024,92396,312.4,0.056837,0.0001587,0.1025,109515,348.8,0.000000,0.0000274,0.1016,79999,317.4,0.000000
652.07,0.0181130,652.1,0.000000,479.9,332730,485.6,62611,659.5,0.37,0.000072,472.1,0.000000,1354.5,88897,332.9,143167,770.7,-2.38,-0.000910,112.1,0.000000,100.0,567859,1500.1,101131,759.8,4.14,0.001134,292.1,0.018334,961.9,113863,969.2,106961,975.0,86.43,0.019503,0.0001603,0.1015,101989,341.4,0.000000,0.0001117,0.1024,92660,312.6,0.057837,0.0001587,0.1025,109015,348.4,0.000000,0.0000269,0.1016,79673,317.0,0.000000
653.06,0.0181404,653.1,0.000000,1468.1,341600,488.9,62270,658.7,0.75,0.000146,473.1,0.000000,100.0,89439,333.3,145875,775.2,-2.28,-0.000881,113.1,0.000000,860.6,561366,1496.0,98328,754.9,3.33,0.000891,293.1,0.021138,963.2,113388,967.5,107647,969.2,95.56,0.021833,0.0001603,0.1015,102695,342.1,0.000000,0.0001132,0.1024,93420,313.4,0.056326,0.0001587,0.1025,108505,347.9,0.000000,0.0000263,0.1016,79405,316.7,0.000000
654.04,0.0181678,654.0,0.000000,337.5,350846,492.4,61803,657.5,0.98,0.000189,474.0,0.000000,1293.3,90009,333.7,147822,778.5,-1.43,-0.000558,114.0,0.000000,1178.1,555069,1492.0,96271,751.2,2.47,0.000652,294.0,0.022821,963.1,112622,965.2,107655,964.0,102.17,0.023472,0.0001603,0.1015,103340,342.7,0.000000,0.0001148,0.1024,93663,313.6,0.057295,0.0001587,0.1025,107982,347.4,0.000000,0.0000256,0.1016,79163,316.4,0.000000
655.07,0.0181965,655.1,0.000000,1474.5,360936,496.0,61262,656.2,1.07,0.000205,475.1,0.000000,880.0,90567,334.1,148359,779.4,-0.11,-0.000043,115.1,0.000000,650.6,548689,1487.9,94774,748.5,1.73,0.000450,295.1,0.023903,961.4,111600,962.3,107066,959.4,106.54,0.024457,0.0001603,0.1015,103952,343.3,0.000000,0.0001164,0.1024,94392,314.3,0.055805,0.0001587,0.1025,107431,346.9,0.000000,0.0000250,0.1016,78924,316.1,0.000000
656.06,0.0182239,656.1,0.000000,325.7,371013,499.6,60745,654.9,1.06,0.000202,476.1,0.000000,100.0,91125,334.4,147362,778.2,1.15,0.000449,116.1,0.000000,1617.9,542774,1484.0,93757,746.7,1.29,0.000333,296.1,0.024446,958.8,110485,959.2,106115,955.6,108.92,0.024880,0.0001603,0.1015,104480,343.8,0.000000,0.0001180,0.1024,94649,314.5,0.056625,0.0001587,0.1025,106903,346.4,0.000000,0.0000243,0.1016,78702,315.9,0.000000
657.05,0.0182513,657.0,0.000000,134.8,381525,503.3,60260,653.7,0.99,0.000188,477.0,0.000000,905.6,91648,334.8,144957,775.2,2.31,0.000889,117.0,0.000000,1049.7,537037,1480.2,92850,745.0,1.25,0.000321,297.0,0.024657,955.7,109281,955.9,104929,951.9,110.34,0.025019,0.0001603,0.1015,104950,344.2,0.000000,0.0001195,0.1024,95319,315.2,0.055103,0.0001587,0.1025,106375,346.0,0.000000,0.0000236,0.1016,78487,315.6,0.000000
658.03,0.0182786,658.0,0.000000,432.9,392496,507.0,59823,652.7,0.90,0.000169,478.0,0.000000,496.8,92196,335.2,141605,771.1,3.04,0.001149,118.0,0.000000,816.6,531473,1476.5,91717,742.9,1.67,0.000424,298.0,0.024703,952.4,108010,952.5,103691,948.4,111.14,0.024995,0.0001603,0.1015,105365,344.6,0.000000,0.0001210,0.1024,95596,315.5,0.055926,0.0001587,0.1025,105844,345.5,0.000000,0.0000229,0.1016,78284,315.4,0.000000
659.06,0.0183073,659.1,0.000000,237.3,404481,511.0,59420,651.6,0.80,0.000149,479.1,0.000000,6833.2,92735,335.6,138103,766.6,2.90,0.001073,119.1,0.000000,297.1,525835,1472.8,90010,739.7,2.44,0.000612,299.1,0.024589,948.6,106634,948.8,102379,944.7,111.14,0.024778,0.0001603,0.1015,105750,344.9,0.000000,0.0001226,0.1024,96233,316.1,0.054476,0.0001587,0.1025,105290,344.9,0.000000,0.0000222,0.1016,78093,315.2,0.000000
660.05,0.0183346,660.0,0.000000,922.5,416460,514.9,59073,650.8,0.73,0.000136,480.0,0.000000,1058.2,93243,335.9,135635,763.4,2.02,0.000740,120.0,0.000000,1459.5,520609,1469.2,87928,735.7,3.03,0.000745,300.0,0.024279,944.9,105303,945.2,101183,941.3,110.35,0.024401,0.0001603,0.1015,106081,345.2,0.000000,0.0001240,0.1024,97059,316.9,0.054025,0.0001587,0.1025,104768,344.4,0.000000,0.0000216,0.1016,77936,315.0,0.000000
661.03,0.0183620,661.0,0.000000,770.3,428964,518.9,58739,649.9,0.72,0.000134,481.0,0.000000,950.7,93778,336.3,134511,762.0,0.75,0.000272,121.0,0.000000,100.0,515543,1465.7,85786,731.6,3.04,0.000734,301.0,0.023792,941.2,103989,941.5,100037,938.0,108.82,0.023872,0.0001603,0.1015,106386,345.5,0.000000,0.0001255,0.1024,97126,316.9,0.054847,0.0001587,0.1025,104262,344.0,0.000000,0.0000209,0.1016,77810,314.9,0.000000
662.06,0.0183906,662.1,0.000000,2217.0,442629,523.1,58365,649.0,0.80,0.000147,482.1,0.000000,818.9,94302,336.6,134802,762.5,-0.54,-0.000195,122.1,0.000000,1550.8,510396,1462.1,84033,728.1,2.19,0.000521,302.1,0.023171,937.3,102657,937.8,98866,934.7,106.66,0.023206,0.0001603,0.1015,106688,345.8,0.000000,0.0001271,0.1024,97920,317.7,0.053317,0.0001587,0.1025,103756,343.5,0.000000,0.0000203,0.1016,77713,314.7,0.000000
663.04,0.0184179,663.0,0.000000,447.6,456299,527.2,57922,647.8,1.03,0.000189,483.0,0.000000,100.0,94828,337.0,136148,764.8,-1.39,-0.000511,123.0,0.000000,446.1,505465,1458.3,83571,727.2,0.22,0.000051,303.0,0.022443,933.7,101443,934.3,97767,931.7,104.04,0.022457,0.0001603,0.1015,106969,346.0,0.000000,0.0001285,0.1024,98018,317.8,0.054085,0.0001587,0.1025,103293,343.1,0.000000,0.0000196,0.1016,77660,314.7,0.000000
664.07,0.0184464,664.1,0.000000,346.3,471249,531.7,57238,646.1,1.56,0.000285,484.1,0.000000,100.0,95345,337.4,137853,767.6,-1.44,-0.000531,124.1,-0.000014,729.2,500469,1454.4,84543,729.2,-1.97,-0.000470,304.1,0.021605,930.1,100263,930.8,96755,928.8,100.39,0.021513,0.0001603,0.1015,107263,346.3,0.000000,0.0001300,0.1024,98760,318.5,0.052543,0.0001587,0.1025,102819,342.6,0.000000,0.0000190,0.1016,77650,314.7,0.000000
665.05,0.0184737,665.1,0.000000,100.0,486214,536.0,56366,643.8,1.97,0.000356,485.1,0.000000,679.3,95864,337.7,138870,769.3,-0.73,-0.000271,125.1,-0.000093,733.2,495840,1450.7,86434,733.1,-3.34,-0.000811,305.1,0.020413,926.8,99289,927.8,96211,926.9,93.88,0.020045,0.0001603,0.1015,107548,346.6,0.000000,0.0001315,0.1024,98894,318.6,0.053285,0.0001587,0.1025,102362,342.2,0.000000,0.0000185,0.1016,77692,314.7,0.000000
666.04,0.0185010,666.0,0.000000,360.1,501862,540.4,55547,641.6,1.75,0.000312,486.0,0.000000,1448.7,96351,338.1,138831,769.3,0.25,0.000093,126.0,-0.000089,737.3,491348,1447.1,88387,737.1,-2.98,-0.000736,306.0,0.018166,924.1,98688,925.6,96497,926.7,80.24,0.017187,0.0001603,0.1015,107843,346.8,0.000000,0.0001329,0.1024,99569,319.3,0.051694,0.0001587,0.1025,101883,341.7,0.000000,0.0000180,0.1016,77794,314.8,0.000000
667.06,0.0185295,667.1,0.000000,1457.7,518991,545.1,55104,640.5,0.66,0.000118,487.1,0.000000,218.1,96885,338.5,137568,767.7,1.37,0.000504,127.1,0.000039,978.3,486786,1443.4,90126,740.7,-1.88,-0.000472,307.1,0.014234,922.7,98825,925.0,97509,928.1,58.84,0.012715,0.0001603,0.1015,108161,347.1,0.000000,0.0001344,0.1024,99758,319.4,0.052409,0.0001587,0.1025,101323,341.2,0.000000,0.0000176,0.1016,77969,315.0,0.000000
668.04,0.0185568,668.0,0.000000,100.0,536147,549.6,55355,641.2,-0.91,-0.000162,488.0,0.000000,801.4,97366,338.8,135278,764.7,2.31,0.000841,128.0,0.000198,982.2,482540,1439.9,91855,744.6,-1.29,-0.000328,308.0,0.010017,923.4,99798,926.2,98465,929.5,40.95,0.008922,0.0001603,0.1015,108469,347.4,0.000000,0.0001358,0.1024,100346,320.0,0.050842,0.0001587,0.1025,100679,340.6,0.000000,0.0000173,0.1016,78217,315.3,0.000000
669.07,0.0185852,669.1,0.000000,1588.1,554933,554.5,56463,644.2,-2.68,-0.000482,489.1,0.000000,390.3,97866,339.1,132102,760.6,2.99,0.001070,129.1,0.000356,987.5,478219,1436.3,94164,750.1,-1.10,-0.000285,309.1,0.007647,925.5,101357,928.6,99493,931.1,31.97,0.007027,0.0001603,0.1015,108788,347.7,0.000000,0.0001372,0.1024,101085,320.7,0.050418,0.0001587,0.1025,99844,339.7,0.000000,0.0000171,0.1016,78578,315.7,0.000000
670.05,0.0186125,670.0,0.000000,647.4,573758,559.3,57734,647.6,-2.68,-0.000491,490.0,0.000000,100.0,98368,339.5,128739,756.1,3.29,0.001152,130.0,0.000541,993.0,474193,1433.0,96584,756.0,-0.19,-0.000049,310.0,0.007251,928.2,102977,931.1,100577,932.7,32.19,0.007140,0.0001603,0.1015,109081,347.9,0.000000,0.0001386,0.1024,101145,320.7,0.051049,0.0001586,0.1025,98868,338.8,0.000000,0.0000169,0.1016,79035,316.3,0.000000
671.07,0.0186409,671.1,0.000000,1362.3,594382,564.4,58536,649.8,-1.35,-0.000249,491.1,0.000000,100.0,98863,339.9,125264,751.3,3.28,0.001123,131.1,0.000803,997.4,470083,1429.5,98573,761.9,2.21,0.000587,311.1,0.008448,930.9,104443,933.2,101756,934.3,41.01,0.009187,0.0001603,0.1015,109370,348.2,0.000000,0.0001400,0.1024,101843,321.4,0.049539,0.0001586,0.1025,97669,337.6,0.000000,0.0000166,0.1016,79623,316.9,0.000000
672.05,0.0186681,672.1,0.000000,3479.0,615061,569.3,58624,650.0,0.04,0.000007,492.1,0.000000,100.0,99362,340.2,122213,747.1,3.05,0.001025,132.1,0.001161,999.1,466236,1426.2,99436,766.5,5.30,0.001415,312.1,0.010611,932.3,105386,934.1,102544,934.8,51.23,0.011559,0.0001603,0.1015,109626,348.4,0.000000,0.0001414,0.1024,101982,321.5,0.050232,0.0001586,0.1025,96387,336.3,0.000000,0.0000164,0.1016,80272,317.6,0.000000
673.03,0.0186954,673.0,0.000000,100.0,636719,574.4,58292,649.2,0.78,0.000144,493.0,0.000000,1905.7,99834,340.5,119565,743.3,2.68,0.000886,133.0,0.001579,998.7,462459,1423.0,99472,770.7,8.35,0.002216,313.0,0.012816,932.6,105819,934.0,102798,934.1,61.23,0.013860,0.0001603,0.1015,109864,348.6,0.000000,0.0001427,0.1024,102620,322.1,0.048740,0.0001585,0.1025,95023,335.0,0.000000,0.0000160,0.1016,80979,318.4,0.000000
674.06,0.0187238,674.1,0.000000,100.0,660466,579.8,57940,648.3,0.65,0.000119,494.1,0.000000,106.4,100354,340.9,117295,740.0,2.20,0.000718,134.1,0.002118,997.7,458573,1419.6,99257,776.0,11.27,0.002966,314.1,0.014893,931.9,105723,932.7,102418,932.0,70.79,0.016002,0.0001603,0.1015,110097,348.8,0.000000,0.0001441,0.1024,102826,322.2,0.049398,0.0001585,0.1025,93563,333.5,0.000000,0.0000156,0.1016,81745,319.3,0.000000
675.04,0.0187510,675.0,0.000000,100.0,684293,585.0,57932,648.2,-0.16,-0.000029,495.0,0.000000,100.0,100825,341.3,115643,737.6,1.68,0.000541,135.0,0.002664,996.7,454911,1416.4,98986,782.2,13.98,0.003639,315.0,0.016690,930.1,105134,930.5,101437,928.9,78.85,0.017713,0.0001603,0.1015,110303,349.0,0.000000,0.0001454,0.1024,103334,322.7,0.047878,0.0001584,0.1025,92173,332.1,0.000000,0.0000151,0.1016,82475,320.1,0.000000
676.06,0.0187794,676.1,0.000000,100.0,710432,590.7,59283,651.8,-4.20,-0.000787,496.1,0.000000,645.4,101313,341.6,114490,735.9,1.07,0.000344,136.1,0.003231,995.9,451137,1413.1,98790,790.1,16.71,0.004298,316.1,0.018176,927.0,104040,927.1,99942,924.9,86.12,0.019143,0.0001603,0.1015,110496,349.2,0.000000,0.0001468,0.1024,103901,323.2,0.047298,0.0001583,0.1025,90756,330.6,0.000000,0.0000146,0.1016,83211,320.9,0.000000
677.04,0.0188067,677.0,0.000000,5131.0,736677,596.1,65098,666.7,-14.21,-0.002855,497.0,0.000000,100.0,101773,341.9,113954,735.1,0.46,0.000147,137.0,0.003825,995.7,447573,1410.0,98798,799.7,19.34,0.004916,317.0,0.019335,923.0,102584,922.9,98059,920.2,92.14,0.020197,0.0001603,0.1015,110651,349.3,0.000000,0.0001480,0.1024,104442,323.7,0.046575,0.0001582,0.1025,89448,329.2,0.000000,0.0000141,0.1016,83870,321.6,0.000000
678.07,0.0188352,678.1,0.000000,4767.8,765487,601.9,75774,691.6,-18.96,-0.004272,498.1,0.000000,1379.1,102269,342.3,113998,735.2,-0.18,-0.000059,138.1,0.004521,996.2,443883,1406.7,99188,812.3,22.41,0.005630,318.1,0.020226,917.9,100678,917.7,95676,914.6,97.67,0.021019,0.0001603,0.1015,110776,349.5,0.000000,0.0001494,0.1024,104433,323.7,0.046757,0.0001581,0.1025,88138,327.8,0.000000,0.0000135,0.1016,84495,322.3,0.000000
679.05,0.0188624,679.0,0.000000,872.7,794429,607.6,85652,712.5,-14.68,-0.003631,499.0,0.000000,967.5,102710,342.6,114644,736.4,-0.86,-0.000276,139.0,0.005308,997.6,440377,1403.5,99962,827.0,25.65,0.006377,319.0,0.025577,937.5,97250,909.1,97854,918.8,124.44,0.027261,0.0001603,0.1015,110861,349.5,0.000000,0.0001506,0.1024,104825,324.0,0.044846,0.0001579,0.1025,86942,326.6,0.000000,0.0000128,0.1016,85020,322.9,0.000000
680.03,0.0188897,680.0,0.000000,1285.7,824794,613.4,92779,726.7,-9.25,-0.002428,500.0,0.000000,1235.4,103139,342.9,115873,738.5,-1.47,-0.000474,140.0,0.006134,999.9,436887,1400.4,101065,844.0,29.11,0.007169,320.0,0.025038,883.1,93750,900.2,93256,909.1,122.78,0.025906,0.0001603,0.1015,110918,349.6,0.000000,0.0001518,0.1024,105219,324.4,0.043880,0.0001578,0.1025,85806,325.3,0.000000,0.0000121,0.1016,85466,323.3,0.000000
681.06,0.0189183,681.1,0.000000,94741.0,858137,619.6,97507,735.7,-5.36,-0.001462,501.1,0.000000,1001.1,103575,343.2,117593,741.6,-1.84,-0.000599,141.1,0.007047,1003.1,433247,1397.1,102618,864.3,32.83,0.008019,321.1,0.025363,913.9,89753,889.8,90262,901.9,127.36,0.026219,0.0001603,0.1015,110961,349.6,0.000000,0.0001530,0.1024,105599,324.7,0.042889,0.0001576,0.1025,84685,324.1,0.000000,0.0000114,0.1016,85849,323.7,0.000000
682.04,0.0189457,682.0,0.000000,35435.6,891626,625.5,100376,741.1,-3.36,-0.000937,502.0,0.000000,1035.9,103978,343.5,119299,744.5,-1.77,-0.000584,142.0,0.008022,1007.1,429768,1394.0,104523,885.6,36.49,0.008860,322.0,0.023680,902.2,86169,880.1,86229,891.9,124.49,0.024757,0.0001603,0.1015,110998,349.6,0.000000,0.0001542,0.1024,105961,325.1,0.041782,0.0001573,0.1025,83679,323.0,0.000000,0.0000108,0.1016,86144,324.1,0.000000
683.03,0.0189731,683.0,0.000000,1459.6,926735,631.6,102407,744.8,-2.38,-0.000674,503.0,0.000000,548.5,104368,343.8,120694,747.0,-1.36,-0.000451,143.0,0.009029,1011.7,426287,1390.8,106718,907.9,40.38,0.009764,323.0,0.022460,856.0,82712,870.5,81883,880.5,118.80,0.022725,0.0001603,0.1015,111039,349.7,0.000000,0.0001553,0.1024,106295,325.4,0.040719,0.0001571,0.1025,82744,322.0,0.000000,0.0000101,0.1016,86376,324.3,0.000009
684.06,0.0190017,684.1,0.000000,1188.8,965238,638.1,104135,747.9,-1.96,-0.000561,504.1,0.000000,100.0,104763,344.1,121626,748.6,-0.80,-0.000267,144.1,0.010114,1016.5,422640,1387.5,109069,931.1,44.87,0.010810,324.1,0.022342,879.4,78899,859.5,79369,872.6,122.12,0.022850,0.0001603,0.1015,111091,349.7,0.000000,0.0001564,0.1024,106602,325.6,0.039649,0.0001568,0.1025,81848,321.0,0.000000,0.0000095,0.1016,86561,324.5,0.000049
685.05,0.0190291,685.0,0.000000,4254.6,1003847,644.4,105622,750.6,-1.74,-0.000503,505.0,0.000000,101.6,105125,344.4,122047,749.3,-0.35,-0.000116,145.0,0.011275,1020.8,419138,1384.3,111172,952.2,49.57,0.011906,325.0,0.019906,837.4,75754,850.0,75143,860.6,113.21,0.020334,0.0001603,0.1015,111149,349.8,0.000000,0.0001575,0.1024,106892,325.9,0.038495,0.0001565,0.1025,81072,320.1,0.000000,0.0000090,0.1016,86742,324.7,0.000049
686.04,0.0190566,686.0,0.000000,964.3,1044268,650.8,106837,752.8,-1.32,-0.000386,506.0,0.000000,444.6,105475,344.6,122129,749.4,-0.02,-0.000007,146.0,0.012485,1024.7,415613,1381.0,113122,971.3,54.46,0.013046,326.0,0.019407,857.6,72550,840.1,72584,852.3,111.88,0.019599,0.0001603,0.1015,111211,349.8,0.000000,0.0001585,0.1024,107171,326.1,0.037403,0.0001562,0.1025,80380,319.3,0.000000,0.0000084,0.1016,86925,324.9,0.000050
687.07,0.0190853,687.1,0.000000,688.0,1088530,657.5,107465,753.9,-0.47,-0.000139,507.1,0.000000,7153.5,105829,344.9,121895,749.1,0.33,0.000111,147.1,0.013788,1028.8,411898,1377.6,115207,989.1,59.46,0.014247,327.1,0.017665,847.4,69544,830.3,69658,843.1,106.53,0.018105,0.0001603,0.1015,111281,349.9,0.000000,0.0001595,0.1024,107433,326.3,0.036357,0.0001558,0.1025,79746,318.6,0.000000,0.0000079,0.1016,87124,325.1,0.000051
688.06,0.0191127,688.1,0.000000,702.7,1132854,664.1,107182,753.5,0.57,0.000167,508.1,0.000000,496.7,106156,345.1,121185,748.1,0.87,0.000288,148.1,0.015145,1033.2,408310,1374.3,117450,1004.1,64.09,0.015420,328.1,0.016165,838.4,66943,821.5,67145,835.0,100.48,0.016620,0.0001603,0.1015,111351,350.0,0.000000,0.0001605,0.1024,107701,326.6,0.035281,0.0001553,0.1025,79221,318.0,0.000000,0.0000075,0.1016,87325,325.3,0.000053
689.05,0.0191402,689.0,0.000000,675.9,1179185,670.7,105973,751.5,1.63,0.000472,509.0,0.000000,528.1,106474,345.3,119873,746.2,1.51,0.000497,149.0,0.016521,1038.0,404683,1370.9,119896,1017.1,68.82,0.016688,329.0,0.014367,807.7,64747,813.6,64518,826.6,91.11,0.014629,0.0001603,0.1015,111422,350.0,0.000000,0.0001615,0.1024,107966,326.8,0.034311,0.0001549,0.1025,78765,317.5,0.000000,0.0000071,0.1016,87511,325.5,0.000099
690.04,0.0191678,690.0,0.000000,100.0,1227560,677.4,104222,748.6,2.13,0.000610,510.0,0.000000,500.7,106785,345.6,118030,743.6,2.04,0.000665,150.0,0.017965,1042.8,401010,1367.5,122416,1028.0,73.73,0.018061,330.0,0.013324,821.9,62750,805.8,62707,820.3,85.36,0.013423,0.0001603,0.1015,111491,350.1,0.000000,0.0001624,0.1024,108250,327.0,0.033411,0.0001544,0.1025,78367,317.0,0.000000,0.0000067,0.1016,87650,325.7,0.000285
691.03,0.0191953,691.0,0.000000,100.0,1277983,684.2,102611,745.9,1.81,0.000512,511.0,0.000000,479.3,107108,345.8,115884,740.4,2.34,0.000755,151.0,0.019476,1048.6,397289,1364.0,125453,1037.9,77.96,0.019383,331.0,0.011857,797.7,61116,798.6,60689,813.3,76.76,0.011784,0.0001603,0.1015,111556,350.1,0.000000,0.0001633,0.1024,108179,327.0,0.033330,0.0001539,0.1025,78017,316.6,0.000000,0.0000064,0.1016,87781,325.8,0.000456
692.07,0.0192240,692.1,0.000000,1325.6,1332889,691.3,101797,744.6,0.62,0.000175,512.1,0.000000,182.4,107427,346.0,113441,736.8,2.62,0.000830,152.1,0.021052,1056.9,393344,1360.4,129982,1049.2,81.01,0.020644,332.1,0.011231,806.8,59509,790.8,59666,808.8,74.79,0.011350,0.0001603,0.1015,111616,350.2,0.000000,0.0001642,0.1024,108504,327.2,0.031956,0.0001533,0.1025,77698,316.3,0.000000,0.0000061,0.1016,87922,325.9,0.000646
693.06,0.0192516,693.1,0.000000,1228.6,1387503,698.1,102174,745.3,-0.76,-0.000216,513.1,0.000000,205.3,107733,346.3,110752,732.8,3.13,0.000974,153.1,0.022625,1068.7,389521,1356.8,136499,1062.6,82.29,0.021744,333.1,0.010355,799.2,58180,783.4,58497,803.7,71.48,0.010702,0.0001603,0.1015,111663,350.2,0.000000,0.0001651,0.1024,108890,327.6,0.031376,0.0001526,0.1025,77438,315.9,0.000000,0.0000058,0.1016,88044,326.1,0.000900
694.05,0.0192791,694.0,0.000000,1345.0,1444148,705.0,103578,747.8,-1.90,-0.000542,514.0,0.000000,604.6,108045,346.5,107513,727.8,3.87,0.001175,154.0,0.024195,1081.1,385645,1353.2,143613,1076.0,85.13,0.023372,334.0,0.009362,784.2,57129,776.2,56693,796.5,63.45,0.009291,0.0001603,0.1015,111693,350.3,0.000000,0.0001659,0.1024,109332,327.9,0.031027,0.0001520,0.1025,77222,315.7,0.000000,0.0000056,0.1016,88165,326.2,0.001180
695.04,0.0193066,695.0,0.000000,100.0,1502791,711.9,105392,751.1,-2.17,-0.000626,515.0,0.000000,539.8,108381,346.8,103823,721.9,4.45,0.001316,155.0,0.025897,1091.6,381706,1349.4,149850,1086.9,89.22,0.025301,335.0,0.005941,762.9,57297,772.3,53393,783.0,47.20,0.006620,0.0001603,0.1015,111702,350.3,0.000000,0.0001668,0.1024,109433,328.0,0.031455,0.0001513,0.1025,77053,315.5,0.000000,0.0000055,0.1016,88304,326.3,0.001464
696.07,0.0193353,696.1,0.000000,363.3,1566177,719.1,107045,754.0,-1.73,-0.000506,516.1,0.000000,1367.3,108726,347.0,99907,715.6,4.56,0.001309,156.1,0.027691,1099.9,377515,1345.5,154949,1095.4,94.27,0.027431,336.1,0.006547,755.5,57212,766.7,53191,778.8,45.10,0.006336,0.0001603,0.1015,111685,350.3,0.000000,0.0001677,0.1024,109877,328.3,0.030560,0.0001505,0.1025,76927,315.4,0.000000,0.0000054,0.1016,88488,326.5,0.001738
697.06,0.0193628,697.1,0.000000,165.8,1628700,725.9,108130,756.0,-1.14,-0.000336,517.1,0.000000,100.0,109065,347.3,96527,709.9,4.18,0.001169,157.1,0.029527,1105.8,373433,1341.6,158603,1101.1,99.36,0.029438,337.1,0.006275,748.6,57226,760.7,52952,773.7,43.43,0.006115,0.0001603,0.1015,111638,350.2,0.000000,0.0001685,0.1024,110319,328.7,0.030279,0.0001496,0.1025,76855,315.3,0.000000,0.0000052,0.1016,88701,326.7,0.002092
698.05,0.0193902,698.0,0.000000,100.0,1692976,732.8,108765,757.1,-0.64,-0.000189,518.0,0.000000,1315.0,109409,347.6,93755,705.2,3.47,0.000950,158.0,0.031226,1109.9,369287,1337.7,161231,1105.0,104.18,0.031267,338.0,0.006114,741.0,57295,754.2,52777,768.4,41.65,0.005884,0.0001603,0.1015,111551,350.1,0.000000,0.0001693,0.1024,110716,329.0,0.029929,0.0001488,0.1025,76834,315.2,0.000000,0.0000051,0.1016,88993,327.0,0.002409
699.04,0.0194177,699.0,0.000000,660.1,1758861,739.5,109098,757.7,-0.34,-0.000100,519.0,0.000000,504.4,109757,347.8,91653,701.5,2.67,0.000717,159.0,0.032809,1112.7,365088,1333.7,162949,1107.4,109.03,0.033001,339.0,0.006426,747.5,57248,746.4,53854,766.9,45.15,0.006522,0.0001603,0.1015,111411,350.0,0.000000,0.0001701,0.1024,111055,329.3,0.029425,0.0001479,0.1025,76861,315.3,0.000000,0.0000050,0.1016,89344,327.4,0.002829
700.07,0.0194464,700.1,0.000000,102.0,1829550,748.8,109340,758.1,-0.27,-0.000079,520.1,0.000000,1957.0,110120,348.1,90106,698.8,1.87,0.000496,160.1,0.034417,1114.2,360642,1329.4,163864,1108.4,114.39,0.034785,340.1,0.009318,756.6,55936,733.2,55873,767.3,52.30,0.007833,0.0001603,0.1015,111195,349.8,0.000000,0.0001710,0.1024,111316,329.5,0.028766,0.0001469,0.1025,76952,315.4,0.000000,0.0000049,0.1016,89827,327.8,0.003239
701.06,0.0194739,701.1,0.000000,100.0,1900919,756.5,109604,758.5,-0.31,-0.000093,521.1,0.000000,413.2,110463,348.4,89155,697.1,1.20,0.000316,161.1,0.036025,1114.7,356334,1325.3,164083,1108.4,119.69,0.036449,341.1,0.007363,725.9,55500,722.1,55520,761.6,47.40,0.007108,0.0001603,0.1015,110924,349.6,0.000000,0.0001717,0.1024,111515,329.7,0.027880,0.0001459,0.1025,77098,315.5,0.000000,0.0000048,0.1016,90372,328.4,0.003755
702.05,0.0195013,702.0,0.000000,100.0,1979169,766.3,109871,759.0,-0.29,-0.000087,522.0,0.000000,100.0,110797,348.6,88622,696.1,0.65,0.000170,162.0,0.037606,1114.7,351972,1321.1,163936,1107.7,125.08,0.038080,342.0,0.006773,714.0,55383,710.5,55274,754.8,43.44,0.006544,0.0001603,0.1015,110598,349.3,0.000000,0.0001725,0.1024,111688,329.8,0.026838,0.0001449,0.1025,77295,315.8,0.000000,0.0000047,0.1016,90906,328.9,0.004455
703.04,0.0195288,703.0,0.000000,2389.7,2067752,779.5,110040,759.3,-0.15,-0.000046,523.0,0.000000,931.9,111106,348.9,88400,695.7,0.25,0.000064,163.0,0.039206,1114.4,347554,1316.8,163652,1106.9,130.54,0.039702,343.0,0.006961,701.1,55226,698.0,55239,747.0,44.43,0.006758,0.0001603,0.1015,110228,348.9,0.000000,0.0001731,0.1024,112064,330.1,0.025079,0.0001438,0.1025,77531,316.1,0.000000,0.0000047,0.1016,91559,329.5,0.004946
704.07,0.0195575,704.1,0.000000,572.7,2175348,798.0,110045,759.3,0.04,0.000011,524.1,0.000000,476.8,111415,349.1,88358,695.7,0.03,0.000008,164.1,0.040866,1114.1,342872,1312.2,163377,1106.0,136.25,0.041401,344.1,0.007150,685.1,55108,683.5,54882,736.3,45.03,0.006903,0.0001603,0.1015,109810,348.6,0.000000,0.0001738,0.1024,112378,330.4,0.023808,0.0001426,0.1025,77802,316.4,0.000000,0.0000046,0.1016,92197,330.1,0.005819
705.06,0.0195849,705.1,0.000000,112.5,2296432,821.5,109880,759.1,0.23,0.000069,525.1,0.000000,218.6,111704,349.4,88331,695.6,0.06,0.000017,165.1,0.057178,1142.8,337104,1306.7,177778,1127.6,180.23,0.058452,345.1,0.007481,669.4,54966,668.4,54723,725.0,44.83,0.006960,0.0001603,0.1015,109393,348.2,0.000000,0.0001745,0.1024,112380,330.4,0.022845,0.0001411,0.1025,78063,316.7,0.000000,0.0000046,0.1016,92841,330.8,0.006577
706.05,0.0196124,706.0,0.000000,732.3,2438917,851.5,109533,758.5,0.45,0.000133,526.0,0.000000,394.9,111965,349.6,88151,695.3,0.33,0.000086,166.0,0.061992,1144.2,331024,1300.8,178713,1128.4,192.49,0.062711,346.0,0.007443,654.2,54981,652.9,54955,714.2,42.12,0.006667,0.0001603,0.1015,108958,347.8,0.000000,0.0001750,0.1024,112593,330.6,0.020872,0.0001394,0.1025,78306,316.9,0.000000,0.0000046,0.1016,93518,331.4,0.007384
707.03,0.0196398,707.0,0.000000,100.0,2606081,888.9,108967,757.6,0.71,0.000211,527.0,0.000000,13167.5,112208,349.8,87699,694.5,0.73,0.000190,167.0,0.064229,1144.4,324850,1294.8,178619,1127.9,199.13,0.064872,347.0,0.006061,640.4,55820,638.6,55799,708.5,30.54,0.004949,0.0001603,0.1015,108494,347.4,0.000000,0.0001756,0.1024,112764,330.7,0.019418,0.0001376,0.1025,78512,317.2,0.000000,0.0000047,0.1016,94100,331.9,0.008463
708.07,0.0196686,708.1,0.000000,100.0,2810197,936.5,108128,756.3,0.99,0.000291,528.1,0.000000,966.6,112445,350.0,86915,693.0,1.18,0.000303,168.1,0.066242,1146.0,318319,1288.4,179370,1128.6,204.40,0.066824,348.1,0.004415,703.9,57678,625.7,57558,707.8,18.73,0.003132,0.0001603,0.1015,107946,346.9,0.000000,0.0001761,0.1024,112909,330.8,0.017984,0.0001357,0.1025,78675,317.4,0.000000,0.0000048,0.1016,94723,332.5,0.009416
709.06,0.0196960,709.1,0.000000,24424.0,3035544,990.6,107132,754.7,1.20,0.000351,529.1,0.000000,186.9,112655,350.2,85877,691.1,1.59,0.000407,169.1,0.068153,1147.6,312007,1282.1,180191,1129.4,209.27,0.068679,349.1,0.003742,706.0,59984,614.2,59823,709.0,14.25,0.002474,0.0001603,0.1015,107319,346.3,0.000000,0.0001765,0.1024,113049,330.9,0.016542,0.0001338,0.1025,78776,317.5,0.000000,0.0000050,0.1016,95337,333.0,0.010359
710.04,0.0197235,710.0,0.000000,630.0,3291299,1053.1,106074,752.9,1.22,0.000355,530.0,0.000000,100.0,112844,350.4,84589,688.7,1.97,0.000497,170.0,0.069962,1149.4,305637,1275.7,181116,1130.5,213.82,0.070468,350.0,0.004212,605.1,62320,602.4,62357,708.6,16.53,0.002991,0.0001603,0.1015,106542,345.6,0.000000,0.0001769,0.1024,113332,331.2,0.014902,0.0001319,0.1025,78831,317.5,0.000000,0.0000052,0.1016,95974,333.5,0.011307
711.03,0.0197509,711.0,0.000000,1607.2,3577257,1123.7,105240,751.6,0.89,0.000256,531.0,0.000000,886.1,113030,350.5,83133,686.0,2.21,0.000551,171.0,0.071699,1151.1,299215,1269.1,181962,1131.3,218.25,0.072209,351.0,0.005009,591.9,64542,590.2,64484,704.0,20.30,0.003824,0.0001603,0.1015,105568,344.7,0.000000,0.0001773,0.1024,113415,331.2,0.014029,0.0001299,0.1025,78855,317.6,0.000000,0.0000054,0.1016,96643,334.0,0.012282
712.07,0.0197796,712.1,0.000000,4206.2,3906888,1205.8,104887,751.0,0.24,0.000070,532.1,0.000000,116.7,113212,350.7,81584,683.0,2.24,0.000550,172.1,0.073227,1151.8,292465,1262.1,182358,1131.6,222.24,0.073671,352.1,0.006045,576.3,66732,576.6,65999,693.1,23.98,0.004697,0.0001603,0.1015,104303,343.5,0.000000,0.0001777,0.1024,113471,331.3,0.012807,0.0001278,0.1025,78874,317.6,0.000000,0.0000056,0.1016,97163,334.4,0.013643
713.05,0.0198071,713.1,0.000000,100.0,4248610,1291.3,105045,751.3,-0.28,-0.000081,533.1,0.000000,398.5,113369,350.9,80242,680.4,2.01,0.000487,173.1,0.074260,1151.8,286014,1255.2,182193,1131.0,225.37,0.074677,353.1,0.006054,560.3,69080,564.3,66450,679.5,24.34,0.004896,0.0001603,0.1015,102850,342.1,0.000000,0.0001780,0.1024,113627,331.4,0.011272,0.0001258,0.1025,78911,317.6,0.000000,0.0000058,0.1016,97704,334.8,0.014729
714.04,0.0198345,714.0,0.000000,100.0,4612037,1382.8,105421,751.9,-0.45,-0.000129,534.0,0.000000,100.0,113514,351.0,79217,678.4,1.48,0.000356,174.0,0.075153,1151.3,279577,1248.3,181592,1129.9,228.66,0.075598,354.0,0.005906,544.6,71606,553.1,66490,665.0,23.65,0.004863,0.0001603,0.1015,101181,340.5,0.000000,0.0001783,0.1024,113717,331.5,0.010042,0.0001237,0.1025,78996,317.7,0.000000,0.0000061,0.1016,98321,335.2,0.015294
715.03,0.0198620,715.0,0.000000,100.0,4991964,1478.9,105650,752.4,-0.19,-0.000054,535.0,0.000000,257.4,113641,351.2,78677,677.4,0.67,0.000161,175.0,0.075970,1150.1,273157,1241.3,180518,1128.0,232.20,0.076438,355.0,0.005751,528.7,74487,542.6,66140,649.8,23.16,0.004849,0.0001603,0.1015,99346,338.7,0.000000,0.0001785,0.1024,113852,331.6,0.008523,0.0001216,0.1025,79148,317.9,0.000000,0.0000064,0.1016,98757,335.4,0.016587
716.06,0.0198907,716.1,0.000000,905.8,5400171,1583.0,105519,752.1,0.25,0.000073,536.1,0.000000,100.0,113761,351.3,78807,677.6,-0.45,-0.000108,176.1,0.076732,1148.3,266469,1233.9,179033,1125.6,236.02,0.077225,356.1,0.005564,512.5,77607,532.7,65253,633.0,22.96,0.004870,0.0001603,0.1015,97323,336.7,0.000000,0.0001787,0.1024,113876,331.6,0.007183,0.0001194,0.1025,79388,318.2,0.000000,0.0000067,0.1016,99341,335.7,0.016952
717.05,0.0199182,717.1,0.000000,892.0,5794131,1684.6,105082,751.4,0.56,0.000161,537.1,0.000000,100.0,113855,351.4,79769,679.7,-1.82,-0.000439,177.1,0.077421,1146.3,260098,1226.7,177389,1122.9,239.69,0.077893,357.1,0.005385,497.1,80710,524.2,63942,616.1,22.87,0.004882,0.0001603,0.1015,95366,334.8,0.000000,0.0001789,0.1024,113904,331.6,0.005550,0.0001173,0.1025,79695,318.5,0.000000,0.0000070,0.1016,99856,336.0,0.017492
718.04,0.0199456,718.0,0.000000,724.8,6184246,1786.7,104695,750.8,0.39,0.000113,538.0,0.000000,363.4,113929,351.5,81617,683.6,-3.11,-0.000764,178.0,0.078021,1144.1,253759,1219.4,175599,1119.9,243.34,0.078485,358.0,0.005191,482.8,83856,516.4,62338,599.0,22.56,0.004830,0.0001603,0.1015,93456,332.9,0.000000,0.0001790,0.1024,113943,331.6,0.003910,0.0001152,0.1025,80071,319.0,0.000000,0.0000074,0.1016,100282,336.2,0.017820
719.03,0.0199731,719.0,0.000000,100.0,6563256,1888.0,104648,750.7,-0.04,-0.000012,539.0,0.000000,306.5,113919,351.6,83916,688.4,-3.48,-0.000873,179.0,0.078550,1141.7,247454,1212.0,173727,1116.9,246.90,0.079000,359.0,0.004967,469.1,86966,509.4,60599,582.3,21.98,0.004706,0.0001603,0.1015,91648,331.0,0.000000,0.0001790,0.1024,115285,333.1,-0.000395,0.0001130,0.1025,80500,319.4,0.000000,0.0000077,0.1016,100650,336.2,0.017920
720.02,0.0200005,0.0,0.000000,100.0,6924052,1987.2,104949,751.3,-0.42,-0.000121,540.0,-0.000000,100.0,113971,351.7,85932,692.5,-2.79,-0.000711,180.0,0.079199,1139.1,241188,1204.5,171814,1113.7,250.32,0.079438,360.0,0.004576,456.7,89838,503.2,58871,566.4,21.06,0.004502,0.0001603,0.1015,89976,329.3,-0.000000,0.0001790,0.1024,114095,332.1,0.000509,0.0001108,0.1025,80966,320.0,0.000000,0.0000081,0.1016,101222,336.5,0.018029
