theta_deg,t_s,phase1_deg,mdot_valve1_kg_s,T_valve1_K,p_cyl1_Pa,T_cyl1_K,p_port1_Pa,T_port1_K,u_port1_m_s,mdot_port1_kg_s,phase2_deg,mdot_valve2_kg_s,T_valve2_K,p_cyl2_Pa,T_cyl2_K,p_port2_Pa,T_port2_K,u_port2_m_s,mdot_port2_kg_s,phase3_deg,mdot_valve3_kg_s,T_valve3_K,p_cyl3_Pa,T_cyl3_K,p_port3_Pa,T_port3_K,u_port3_m_s,mdot_port3_kg_s,phase4_deg,mdot_valve4_kg_s,T_valve4_K,p_cyl4_Pa,T_cyl4_K,p_port4_Pa,T_port4_K,u_port4_m_s,mdot_port4_kg_s,m_cyl1_kg,f_res_ivc1,p_iport1_Pa,T_iport1_K,mdot_ivalve1_kg_s,m_cyl2_kg,f_res_ivc2,p_iport2_Pa,T_iport2_K,mdot_ivalve2_kg_s,m_cyl3_kg,f_res_ivc3,p_iport3_Pa,T_iport3_K,mdot_ivalve3_kg_s,m_cyl4_kg,f_res_ivc4,p_iport4_Pa,T_iport4_K,mdot_ivalve4_kg_s
1.09,0.0000202,1.1,0.000000,100.0,8148079,2196.0,82491,927.3,2.92,0.000534,541.1,0.000000,3367.7,116598,389.3,88992,938.5,6.97,0.001360,181.1,0.101910,1205.7,325222,1383.4,140011,1138.9,404.57,0.102313,361.1,-0.000931,988.2,112406,921.2,113978,988.5,-1.88,-0.000445,0.0001708,0.0477,96217,339.5,0.000000,0.0001653,0.0483,121445,348.5,0.040021,0.0001301,0.0487,97618,339.4,-0.000000,0.0000055,0.0473,112687,587.4,-0.002253
2.08,0.0000385,2.1,0.000000,976.7,8436217,2278.4,81355,924.4,2.58,0.000467,542.1,-0.000000,473.5,117260,389.8,86059,931.3,6.10,0.001160,182.1,0.103005,1204.3,319097,1377.1,137916,1134.7,413.32,0.103342,362.1,-0.000876,985.8,110873,916.1,112828,986.1,-1.82,-0.000428,0.0001708,0.0477,96180,339.5,0.000000,0.0001660,0.0483,121753,348.7,0.039592,0.0001283,0.0487,97714,339.5,0.000000,0.0000055,0.0473,111853,587.1,-0.002397
3.07,0.0000568,3.1,0.000000,100.0,8691494,2357.1,80333,921.7,2.36,0.000423,543.1,-0.000000,1085.4,117916,390.2,83748,925.5,4.99,0.000929,183.1,0.103988,1202.9,312980,1370.6,135813,1130.5,422.04,0.104301,363.1,-0.000840,983.8,109807,912.0,111790,984.0,-1.81,-0.000422,0.0001708,0.0477,96143,339.5,0.000000,0.0001667,0.0483,122091,348.9,0.038065,0.0001263,0.0487,97741,339.6,-0.000000,0.0000055,0.0473,110416,585.0,-0.000822
4.06,0.0000752,4.1,0.000000,100.0,8910382,2431.4,79386,919.2,2.22,0.000394,544.1,-0.000000,2060.4,118548,390.6,81800,920.4,4.39,0.000803,184.1,0.104894,1201.5,306875,1364.2,133675,1126.1,430.77,0.105186,364.1,-0.000759,981.9,108760,907.9,110873,982.2,-1.67,-0.000388,0.0001708,0.0477,96129,339.4,0.000000,0.0001674,0.0483,122804,349.4,0.035349,0.0001244,0.0487,97711,339.5,-0.000000,0.0000055,0.0473,109225,583.2,-0.000119
5.05,0.0000935,5.0,0.000000,203.1,9090097,2500.7,78489,916.8,2.13,0.000375,545.0,0.000000,862.0,119193,391.0,79930,915.5,4.37,0.000785,185.0,0.105720,1200.0,300785,1357.6,131547,1121.7,439.33,0.105983,365.0,-0.000702,980.2,107610,903.1,110012,980.4,-1.54,-0.000355,0.0001708,0.0477,96142,339.5,0.000000,0.0001680,0.0483,123085,349.5,0.035024,0.0001225,0.0487,97636,339.5,0.000000,0.0000055,0.0473,108101,581.5,0.000421
6.11,0.0001131,6.1,0.000000,930.4,9236413,2568.5,77562,914.2,2.09,0.000365,546.1,-0.000000,757.4,119860,391.5,77843,910.0,4.70,0.000827,186.1,0.106486,1198.5,294309,1350.5,129340,1117.1,448.17,0.106738,366.1,-0.000662,978.4,106253,897.3,109123,978.6,-1.41,-0.000323,0.0001708,0.0477,96212,339.5,0.000000,0.0001687,0.0483,123714,349.9,0.032472,0.0001204,0.0487,97518,339.3,-0.000000,0.0000056,0.0473,106830,579.5,0.000927
7.10,0.0001314,7.1,0.000000,100.0,9329894,2625.9,76689,911.9,2.13,0.000369,547.1,0.000000,1392.8,120478,391.9,75827,904.5,4.90,0.000845,187.1,0.106885,1195.9,288274,1343.8,127180,1112.6,455.03,0.106999,367.1,-0.000628,976.6,104871,891.1,108259,976.8,-1.21,-0.000275,0.0001708,0.0477,96351,339.7,0.000000,0.0001692,0.0483,124307,350.4,0.030799,0.0001184,0.0487,97390,339.2,-0.000000,0.0000056,0.0473,105542,577.5,0.001428
8.09,0.0001498,8.1,0.000000,646.3,9380854,2677.1,75802,909.4,2.18,0.000375,548.1,0.000000,1076.9,121106,392.4,73917,899.2,4.72,0.000798,188.1,0.106871,1193.3,282297,1337.0,125162,1108.3,460.67,0.107022,368.1,-0.000588,974.7,103432,884.2,107354,974.9,-0.97,-0.000220,0.0001708,0.0477,96564,339.9,0.000000,0.0001698,0.0483,124486,350.4,0.030234,0.0001165,0.0487,97260,339.1,0.000000,0.0000057,0.0473,104176,575.3,0.002046
9.08,0.0001682,9.1,0.000000,510.8,9389938,2721.7,74924,907.0,2.18,0.000370,549.1,0.000000,829.2,121713,392.8,72253,894.5,4.15,0.000690,189.1,0.106839,1191.0,276375,1330.2,123504,1104.6,465.78,0.107125,369.1,-0.000539,972.8,101987,876.7,106448,973.0,-0.77,-0.000172,0.0001708,0.0477,96849,340.1,0.000000,0.0001703,0.0483,124975,350.8,0.027610,0.0001145,0.0487,97141,339.0,-0.000000,0.0000057,0.0473,102748,572.9,0.002825
10.08,0.0001866,10.1,0.000000,100.0,9358594,2759.8,74075,904.6,2.13,0.000358,550.1,-0.000000,769.7,122314,393.2,70978,890.8,3.19,0.000523,190.1,0.106717,1188.9,270511,1323.3,122021,1101.4,469.70,0.107047,370.1,-0.000483,971.0,100529,868.5,105602,971.2,-0.63,-0.000141,0.0001708,0.0477,97196,340.5,0.000000,0.0001708,0.0483,125422,351.1,0.026005,0.0001125,0.0487,97045,338.9,-0.000000,0.0000058,0.0473,101325,570.1,0.003549
11.07,0.0002051,11.1,0.000000,1767.5,9288998,2791.2,73243,902.2,2.11,0.000353,551.1,-0.000000,1534.1,122910,393.6,70180,888.5,1.95,0.000317,191.1,0.106502,1187.1,264709,1316.5,120973,1099.0,471.62,0.106793,371.1,-0.000426,969.4,99059,859.8,104828,969.6,-0.51,-0.000113,0.0001708,0.0477,97592,340.8,0.000000,0.0001712,0.0483,125828,351.3,0.024387,0.0001106,0.0487,96987,338.8,-0.000000,0.0000059,0.0473,99905,566.8,0.004255
12.07,0.0002235,12.1,0.000000,1374.1,9183956,2816.2,72396,899.8,2.18,0.000361,552.1,-0.000000,804.2,123500,394.1,69970,887.9,0.36,0.000058,192.1,0.106213,1186.2,258969,1309.5,121031,1098.9,469.65,0.106401,372.1,-0.000370,967.8,97586,850.6,104116,968.0,-0.36,-0.000080,0.0001708,0.0477,98023,341.2,0.000000,0.0001716,0.0483,126181,351.6,0.022757,0.0001086,0.0487,96980,338.8,0.000000,0.0000060,0.0473,98491,563.2,0.004960
13.07,0.0002420,13.1,0.000000,498.7,9046784,2834.8,71515,897.3,2.30,0.000376,553.1,0.000000,1287.6,124074,394.5,70366,889.0,-1.27,-0.000207,193.1,0.105863,1186.9,253294,1302.5,122706,1102.3,462.48,0.105901,373.1,-0.000318,966.4,96127,841.0,103425,966.5,-0.15,-0.000034,0.0001708,0.0477,98477,341.7,0.000000,0.0001720,0.0483,126753,352.0,0.020421,0.0001067,0.0487,97019,338.8,0.000000,0.0000061,0.0473,97093,559.2,0.005701
14.07,0.0002605,14.1,0.000000,2051.4,8881176,2847.4,70619,894.7,2.34,0.000380,554.1,-0.000000,2121.7,124655,394.9,71365,891.9,-2.77,-0.000456,194.1,0.105454,1189.0,247684,1295.5,125825,1108.7,451.24,0.105350,374.1,-0.000273,964.8,94703,831.1,102685,964.9,0.15,0.000034,0.0001708,0.0477,98941,342.1,0.000000,0.0001724,0.0483,127014,352.1,0.019548,0.0001047,0.0487,97123,338.9,0.000000,0.0000062,0.0473,95728,554.7,0.006495
15.07,0.0002791,15.1,0.000000,556.1,8691061,2854.4,69749,892.1,2.29,0.000368,555.1,0.000000,100.0,125231,395.3,72693,895.8,-3.46,-0.000578,195.1,0.104989,1191.9,242141,1288.5,129551,1116.0,438.90,0.104811,375.1,-0.000238,962.9,93332,820.8,101823,963.1,0.55,0.000119,0.0001708,0.0477,99406,342.5,0.000000,0.0001727,0.0483,127252,352.3,0.017929,0.0001028,0.0487,97302,339.1,-0.000000,0.0000064,0.0473,94412,549.8,0.007331
16.07,0.0002977,16.1,0.000000,866.5,8480456,2856.3,68961,889.8,2.06,0.000329,556.1,-0.000000,767.7,125723,395.7,74039,899.6,-3.37,-0.000570,196.1,0.104471,1194.6,236665,1281.4,132985,1122.4,427.92,0.104298,376.1,0.000004,961.1,91948,810.0,100940,961.1,1.85,0.000399,0.0001708,0.0477,99866,343.0,0.000000,0.0001729,0.0483,128685,353.4,0.011366,0.0001008,0.0487,97561,339.4,0.000000,0.0000065,0.0473,93132,544.4,0.008242
17.08,0.0003163,17.1,0.000000,1571.3,8253344,2853.5,68360,888.0,1.52,0.000241,557.1,-0.000000,100.0,126264,396.1,75193,902.8,-2.79,-0.000479,197.1,0.103900,1196.5,231257,1274.3,135634,1127.1,419.23,0.103777,377.1,0.000095,958.3,90633,799.0,99659,958.3,2.93,0.000627,0.0001708,0.0477,100316,343.4,0.000000,0.0001732,0.0483,128819,353.5,0.013055,0.0000989,0.0487,97893,339.7,0.000000,0.0000067,0.0473,91892,538.6,0.009225
18.09,0.0003349,18.1,0.000000,1194.8,8013575,2846.5,68138,887.3,0.42,0.000067,558.1,0.000000,952.9,126800,396.6,76048,905.2,-2.00,-0.000346,198.1,0.103280,1197.4,225919,1267.1,137415,1130.1,412.64,0.103215,378.1,0.000138,954.6,89402,787.7,98023,954.7,3.83,0.000810,0.0001708,0.0477,100754,343.8,0.000000,0.0001734,0.0483,129018,353.6,0.011353,0.0000970,0.0487,98283,340.0,0.000000,0.0000069,0.0473,90728,532.2,0.010208
19.09,0.0003536,19.1,0.000000,735.3,7764893,2836.0,68389,888.1,-0.86,-0.000136,559.1,-0.000000,640.2,127336,397.0,76611,906.8,-1.30,-0.000226,199.1,0.102612,1197.4,220654,1259.9,138471,1131.7,407.61,0.102593,379.1,0.000176,950.0,88252,776.4,96024,950.1,4.78,0.000993,0.0001708,0.0477,101178,344.2,0.000000,0.0001736,0.0483,129175,353.7,0.010026,0.0000950,0.0487,98715,340.5,-0.000000,0.0000071,0.0473,89645,525.4,0.011192
20.10,0.0003722,20.1,0.000000,1434.9,7510924,2822.5,69198,890.5,-2.36,-0.000378,560.1,0.000000,1012.3,127867,397.4,76956,907.7,-0.78,-0.000137,200.1,0.101896,1196.8,215471,1252.7,139010,1132.4,403.54,0.101906,380.1,0.000216,944.5,87176,765.1,93666,944.7,5.76,0.001175,0.0001708,0.0477,101589,344.6,0.000000,0.0001737,0.0483,129424,353.9,0.008431,0.0000931,0.0487,99167,340.9,-0.000000,0.0000073,0.0473,88638,518.2,0.012176
21.04,0.0003897,21.0,0.000000,1147.5,7271719,2807.5,70394,894.0,-3.48,-0.000564,561.0,-0.000000,455.6,128364,397.8,77107,908.1,-0.34,-0.000060,201.0,0.101161,1195.8,210707,1245.9,139211,1132.4,400.23,0.101210,381.0,0.000254,938.8,86234,754.5,91242,939.0,6.49,0.001298,0.0001708,0.0477,101961,344.9,0.000000,0.0001739,0.0483,129640,354.0,0.007224,0.0000914,0.0487,99590,341.3,0.000000,0.0000075,0.0473,87761,511.1,0.013129
22.05,0.0004083,22.0,0.000000,100.0,7015489,2789.5,71946,898.6,-4.10,-0.000675,562.0,-0.000000,100.0,128897,398.2,77066,908.0,0.16,0.000028,202.0,0.100386,1194.5,205683,1238.7,139236,1132.2,396.90,0.100411,382.0,0.000280,932.3,85287,743.1,88568,932.6,6.93,0.001354,0.0001708,0.0477,102348,345.3,0.000000,0.0001740,0.0483,129861,354.2,0.005948,0.0000895,0.0487,100027,341.7,0.000000,0.0000078,0.0473,86880,503.2,0.014082
23.06,0.0004269,23.1,0.000000,100.0,6761401,2769.9,73723,903.7,-4.67,-0.000783,563.1,0.000000,100.0,129430,398.7,76767,907.2,0.80,0.000140,203.1,0.099542,1193.0,200741,1231.4,139152,1131.7,393.62,0.099563,383.1,0.000000,1601.9,84468,732.0,85530,925.1,6.32,0.001203,0.0001708,0.0477,102726,345.6,0.000000,0.0001740,0.0483,130068,354.3,0.004626,0.0000877,0.0487,100432,342.1,-0.000000,0.0000081,0.0473,86079,494.9,0.015014
24.06,0.0004456,24.1,0.000000,1205.9,6509897,2748.5,76107,910.3,-6.27,-0.001079,564.1,-0.000000,789.7,129960,399.1,76327,906.0,1.02,0.000176,204.1,0.098094,1189.3,195914,1224.1,138397,1129.9,388.44,0.097871,384.1,-0.000000,461.2,83685,720.9,82849,918.3,5.81,0.001078,0.0001708,0.0477,103097,345.9,0.000000,0.0001741,0.0483,130316,354.5,0.003053,0.0000858,0.0487,100791,342.4,0.000000,0.0000084,0.0473,85344,486.5,0.015904
25.07,0.0004642,25.1,0.000000,3040.4,6256099,2723.0,79638,919.9,-8.85,-0.001576,565.1,0.000000,663.8,130488,399.6,76126,905.5,0.35,0.000060,205.1,0.096110,1185.4,191228,1217.0,137448,1127.8,382.53,0.095901,385.1,0.000000,100.0,82934,709.8,80412,912.0,5.46,0.000990,0.0001708,0.0477,103461,346.3,0.000000,0.0001741,0.0483,130522,354.7,0.001623,0.0000840,0.0487,101097,342.7,0.000000,0.0000087,0.0473,84646,477.9,0.016799
26.07,0.0004829,26.1,0.000000,4143.3,6011501,2697.8,84089,931.6,-10.20,-0.001893,566.1,0.000000,896.6,130991,400.0,76469,906.4,-1.24,-0.000215,206.1,0.094173,1181.5,186678,1209.8,136515,1125.7,376.71,0.093974,386.1,0.000000,912.5,82211,698.9,78170,906.1,5.17,0.000918,0.0001708,0.0477,103818,346.6,0.000000,0.0001741,0.0483,131027,355.2,-0.001068,0.0000823,0.0487,101346,342.9,-0.000000,0.0000090,0.0473,83975,469.1,0.017693
27.08,0.0005015,27.1,0.000000,317.4,5776160,2673.1,88317,942.3,-8.87,-0.001710,567.1,-0.000000,3080.0,131474,400.4,79159,913.7,-7.84,-0.001397,207.1,0.092285,1177.7,182260,1202.8,135534,1123.5,371.15,0.092103,387.1,0.000000,1351.3,81512,688.1,76100,900.5,4.92,0.000855,0.0001708,0.0477,104167,346.9,0.000000,0.0001741,0.0483,131593,355.9,-0.003415,0.0000806,0.0487,101535,343.1,0.000000,0.0000093,0.0473,83326,460.3,0.018591
28.09,0.0005201,28.1,0.000000,1362.5,5550056,2648.7,91359,949.7,-5.90,-0.001168,568.1,-0.000000,100.0,131950,400.8,86319,932.4,-17.43,-0.003319,208.1,0.090444,1173.7,177968,1195.8,134430,1121.0,366.01,0.090287,388.1,-0.000000,2938.0,80834,677.3,74154,895.1,4.76,0.000812,0.0001708,0.0477,104499,347.2,0.000000,0.0001740,0.0483,131940,356.5,-0.004976,0.0000789,0.0487,101664,343.2,0.000000,0.0000097,0.0473,82697,451.5,0.019493
29.09,0.0005387,29.1,0.000000,474.4,5333111,2624.8,92952,953.5,-2.88,-0.000578,569.1,-0.000000,100.0,132404,401.2,96239,956.4,-20.46,-0.004235,209.1,0.088648,1169.5,173798,1188.9,133158,1118.2,361.36,0.088520,389.1,-0.000000,1010.3,80176,666.7,72298,889.9,4.66,0.000779,0.0001708,0.0477,104806,347.5,0.000000,0.0001738,0.0483,132365,357.3,-0.007329,0.0000772,0.0487,101729,343.3,-0.000000,0.0000101,0.0473,82085,442.8,0.020401
30.10,0.0005573,30.1,0.000000,100.0,5125187,2601.3,93444,954.7,-0.80,-0.000161,570.1,0.000000,875.0,132840,401.6,105580,977.3,-16.91,-0.003757,210.1,0.086896,1165.2,169746,1182.1,131762,1115.1,357.06,0.086788,390.1,-0.000000,382.8,79535,656.2,70531,884.9,4.54,0.000745,0.0001708,0.0477,105075,347.7,0.000000,0.0001736,0.0483,132773,358.3,-0.009478,0.0000756,0.0487,101728,343.3,-0.000000,0.0000105,0.0473,81491,434.1,0.021316
31.10,0.0005760,31.1,0.000000,100.0,4926086,2578.2,93367,954.5,0.21,0.000042,571.1,-0.000000,260.6,133263,402.0,112954,992.9,-12.17,-0.002849,211.1,0.085187,1161.0,165808,1175.3,130484,1112.3,352.47,0.085061,391.1,0.000000,100.0,78912,645.8,68864,880.0,4.40,0.000708,0.0001708,0.0477,105296,347.9,0.000000,0.0001734,0.0483,133102,359.4,-0.011388,0.0000740,0.0487,101662,343.2,0.000000,0.0000109,0.0473,80912,425.6,0.022241
32.04,0.0005933,32.0,0.000000,183.5,4748028,2557.0,93222,954.2,0.23,0.000046,572.0,-0.000000,100.0,133640,402.3,118027,1003.1,-8.54,-0.002067,212.0,0.083572,1158.0,162231,1169.0,129949,1110.9,346.60,0.083404,392.0,0.000000,1032.8,78345,636.3,67377,875.6,4.31,0.000683,0.0001708,0.0477,105456,348.1,0.000000,0.0001732,0.0483,133485,360.7,-0.013540,0.0000726,0.0487,101522,343.1,-0.000000,0.0000113,0.0473,80387,417.9,0.023144
33.05,0.0006120,33.0,0.000000,1667.5,4565349,2534.7,93301,954.4,-0.25,-0.000051,573.0,-0.000000,109369.1,134037,402.6,121895,1010.8,-5.72,-0.001419,213.0,0.081992,1157.3,158501,1162.3,131204,1113.0,336.08,0.081496,393.0,0.000000,518.5,77753,626.2,65824,870.9,4.31,0.000670,0.0001708,0.0477,105576,348.2,0.000000,0.0001729,0.0483,133716,362.1,-0.015035,0.0000710,0.0487,101287,342.9,0.000000,0.0000118,0.0473,79840,409.8,0.024051
34.05,0.0006305,34.0,0.000000,1716.3,4391221,2512.9,93819,955.6,-1.19,-0.000240,574.0,-0.000000,2829.9,134458,403.0,124313,1015.4,-3.35,-0.000845,214.0,0.080390,1161.2,154884,1155.7,135593,1121.4,319.35,0.079434,394.0,0.000000,1173.8,77177,616.3,64293,866.1,4.36,0.000666,0.0001708,0.0477,105646,348.2,0.000000,0.0001726,0.0483,133363,363.1,-0.014971,0.0000696,0.0487,100968,342.5,0.000000,0.0000122,0.0473,79314,402.0,0.024983
35.05,0.0006490,35.0,0.000000,761.5,4225656,2491.7,94933,958.2,-2.38,-0.000485,575.0,-0.000000,593.8,134915,403.4,125282,1017.3,-1.18,-0.000298,215.0,0.078822,1169.9,151382,1149.2,143077,1135.3,298.56,0.077403,395.0,0.000000,100.0,76618,606.6,62784,861.4,4.42,0.000662,0.0001708,0.0477,105669,348.3,0.000000,0.0001724,0.0483,132481,363.7,-0.014243,0.0000681,0.0487,100571,342.2,0.000000,0.0000127,0.0473,78804,394.5,0.025914
36.04,0.0006674,36.0,0.000000,100.0,4068181,2470.9,96524,961.9,-3.17,-0.000653,576.0,0.000000,5925.1,135413,403.8,125107,1017.0,0.43,0.000108,216.0,0.074089,1177.8,148159,1143.0,149454,1147.9,267.34,0.071602,396.0,0.000000,798.8,76075,597.1,61300,856.7,4.47,0.000658,0.0001708,0.0477,105654,348.2,0.000000,0.0001721,0.0483,131441,364.1,-0.013303,0.0000667,0.0487,100105,341.7,-0.000000,0.0000132,0.0473,78307,387.4,0.026836
37.10,0.0006870,37.1,0.000000,2765.7,3908602,2449.3,98195,965.8,-2.93,-0.000613,577.1,0.000000,100.0,135992,404.3,124285,1015.4,1.21,0.000306,217.1,0.052204,1095.5,145973,1138.6,144959,1145.8,196.95,0.051255,397.1,0.000000,100.0,75511,587.2,59745,851.6,4.52,0.000652,0.0001708,0.0477,105600,348.2,0.000000,0.0001719,0.0483,130251,364.3,-0.012196,0.0000657,0.0487,99543,341.2,0.000000,0.0000137,0.0473,77789,380.1,0.027773
38.09,0.0007053,38.1,0.000000,6346.3,3766368,2429.4,99411,968.5,-2.24,-0.000473,578.1,-0.000000,100.0,136581,404.8,123226,1013.4,1.69,0.000422,218.1,0.042428,1107.5,144456,1135.3,143887,1147.8,158.59,0.040896,398.1,0.000000,611.7,74996,578.2,58316,846.9,4.54,0.000643,0.0001708,0.0477,105520,348.1,0.000000,0.0001717,0.0483,129166,364.4,-0.011115,0.0000649,0.0487,98971,340.6,-0.000000,0.0000143,0.0473,77310,373.7,0.028684
39.07,0.0007235,39.1,0.000000,1701.1,3630814,2410.1,100299,970.5,-1.63,-0.000346,579.1,-0.000000,453.1,137214,405.3,121764,1010.6,2.37,0.000586,219.1,0.035733,1116.9,143305,1132.7,143941,1151.3,135.50,0.034850,399.1,0.000000,100.0,74490,569.5,56937,842.2,4.49,0.000624,0.0001708,0.0477,105415,348.0,0.000000,0.0001715,0.0483,128132,364.5,-0.010099,0.0000643,0.0487,98369,340.0,-0.000000,0.0000148,0.0473,76835,367.6,0.029527
40.06,0.0007418,40.1,0.000000,100.0,3501655,2391.1,101004,972.1,-1.32,-0.000283,580.1,-0.000000,100.0,137892,405.9,119783,1006.8,3.22,0.000787,220.1,0.029914,1122.8,142476,1130.6,143152,1152.8,118.65,0.030308,400.1,0.000000,450.7,73992,560.9,55634,837.7,4.34,0.000593,0.0001708,0.0477,105295,347.9,0.000000,0.0001713,0.0483,127179,364.6,-0.009125,0.0000637,0.0487,97752,339.4,0.000000,0.0000153,0.0473,76359,361.8,0.030318
41.10,0.0007612,41.1,0.000000,1735.2,3370450,2371.3,101744,973.8,-1.32,-0.000284,581.1,0.000000,15821.3,138664,406.5,117155,1001.6,4.04,0.000972,221.1,0.027475,1127.9,141746,1128.7,143048,1155.3,108.76,0.027703,401.1,0.000000,558.4,73464,552.1,54344,833.2,4.11,0.000552,0.0001708,0.0477,105159,347.8,0.000000,0.0001712,0.0483,126250,364.6,-0.008166,0.0000632,0.0487,97091,338.7,0.000000,0.0000160,0.0473,75842,356.0,0.031059
42.09,0.0007794,42.1,0.000000,907.4,3253261,2353.2,102474,975.4,-1.36,-0.000294,582.1,-0.000000,829.2,139435,407.1,114365,996.1,4.60,0.001086,222.1,0.022292,1117.4,141351,1127.4,138430,1147.8,87.81,0.021785,402.1,0.000000,1833.7,72968,544.1,53246,829.3,3.82,0.000505,0.0001708,0.0477,105036,347.7,0.000000,0.0001711,0.0483,125469,364.6,-0.007265,0.0000628,0.0487,96476,338.1,0.000000,0.0000165,0.0473,75346,350.9,0.031705
43.07,0.0007976,43.1,0.000000,100.0,3141523,2335.4,103147,976.9,-1.21,-0.000263,583.1,-0.000000,1297.1,140250,407.7,111523,990.3,4.71,0.001092,223.1,0.017178,1117.4,141245,1126.6,134205,1136.2,74.14,0.018014,403.1,0.000000,100.0,72468,536.3,52280,825.8,3.42,0.000445,0.0001708,0.0477,104925,347.6,0.000000,0.0001709,0.0483,124776,364.6,-0.006449,0.0000625,0.0487,95872,337.5,0.000000,0.0000171,0.0473,74833,346.0,0.032220
44.05,0.0008157,44.0,0.000000,100.0,3034928,2318.0,103646,977.9,-0.86,-0.000188,584.0,0.000000,427.6,141109,408.4,109019,985.1,4.17,0.000949,224.0,0.018446,1117.1,141091,1125.8,134305,1133.1,74.49,0.018161,404.0,0.000000,7890.2,71957,528.8,51466,822.8,2.92,0.000376,0.0001708,0.0477,104836,347.5,0.000000,0.0001708,0.0483,124177,364.6,-0.005692,0.0000622,0.0487,95281,336.9,-0.000000,0.0000177,0.0473,74299,341.5,0.032608
45.09,0.0008351,45.1,0.000000,114.8,2926579,2299.8,103796,978.3,-0.12,-0.000025,585.1,-0.000000,5205.5,142074,409.2,107053,981.0,3.04,0.000682,225.1,0.019115,1118.4,140910,1124.8,134495,1130.0,79.76,0.019529,405.1,0.000000,1105.6,71393,521.1,50767,820.2,2.38,0.000303,0.0001708,0.0477,104776,347.4,0.000000,0.0001707,0.0483,123644,364.6,-0.004967,0.0000618,0.0487,94664,336.3,0.000000,0.0000183,0.0473,73698,337.0,0.032833
46.07,0.0008532,46.1,0.000000,1565.9,2829773,2283.2,103454,977.5,0.77,0.000169,586.1,-0.000000,841.6,143024,409.9,105860,978.5,2.03,0.000451,226.1,0.020735,1118.8,140672,1123.8,134613,1126.9,87.37,0.021470,406.1,0.000000,100.0,70843,514.2,50241,818.3,1.95,0.000247,0.0001708,0.0477,104765,347.4,0.000000,0.0001707,0.0483,123241,364.6,-0.004299,0.0000614,0.0487,94096,335.7,-0.000000,0.0000189,0.0473,73107,333.0,0.032950
47.05,0.0008713,47.1,0.000000,1158.4,2737353,2266.9,102522,975.5,1.85,0.000400,587.1,-0.000000,1900.0,144018,410.7,105028,976.7,1.48,0.000326,227.1,0.022384,1118.9,140363,1122.7,134756,1123.9,92.49,0.022814,407.1,0.000000,750.7,70274,507.5,49796,816.6,1.68,0.000211,0.0001708,0.0477,104794,347.4,0.000000,0.0001706,0.0483,122925,364.7,-0.003705,0.0000610,0.0487,93534,335.1,0.000000,0.0000195,0.0473,72492,329.2,0.032978
48.10,0.0008907,48.1,0.000000,1766.3,2643369,2249.9,101242,972.7,2.16,0.000463,588.1,-0.000000,336.6,145127,411.5,104195,974.9,1.46,0.000322,228.1,0.023481,1118.8,139990,1121.4,134797,1120.8,96.42,0.023854,408.1,0.000000,925.6,69646,500.6,49352,814.9,1.61,0.000201,0.0001708,0.0477,104887,347.5,0.000000,0.0001705,0.0483,122667,364.7,-0.003143,0.0000605,0.0487,92939,334.5,-0.000000,0.0000202,0.0473,71808,325.5,0.032927
49.07,0.0009088,49.1,0.000000,100.0,2559366,2234.3,100506,971.0,1.14,0.000244,589.1,-0.000000,1279.8,146212,412.4,103247,972.8,1.81,0.000395,229.1,0.024346,1118.5,139610,1120.1,134642,1118.2,100.36,0.024858,409.1,0.000000,5022.9,69037,494.4,48911,813.2,1.73,0.000214,0.0001708,0.0477,105041,347.6,0.000000,0.0001705,0.0483,122478,364.8,-0.002629,0.0000601,0.0487,92382,334.0,0.000000,0.0000208,0.0473,71144,322.3,0.032791
50.05,0.0009268,50.0,0.000000,100.0,2479133,2219.0,100845,971.8,-1.05,-0.000224,590.0,-0.000000,2505.5,147341,413.2,102060,970.2,2.22,0.000481,230.0,0.025301,1117.9,139195,1118.8,134246,1115.7,104.79,0.025937,410.0,0.000000,100.0,68410,488.4,48414,811.3,1.98,0.000243,0.0001708,0.0477,105258,347.8,0.000000,0.0001704,0.0483,122319,364.8,-0.002174,0.0000596,0.0487,91820,333.4,0.000000,0.0000214,0.0473,70463,319.2,0.032591
51.09,0.0009461,51.1,0.000000,1218.8,2397489,2203.0,104514,979.9,-7.87,-0.001726,591.1,0.000000,513.9,148593,414.2,101200,968.3,1.09,0.000235,231.1,0.026350,1116.8,138708,1117.2,133678,1113.2,109.27,0.026994,411.1,0.000000,3508.9,67725,482.3,47804,809.0,2.31,0.000280,0.0001708,0.0477,105540,348.1,0.000000,0.0001704,0.0483,122159,364.8,-0.001746,0.0000591,0.0487,91212,332.7,-0.000000,0.0000220,0.0473,69723,316.1,0.032345
52.06,0.0009641,52.1,0.000000,980.6,2324442,2188.4,111632,995.0,-12.89,-0.002974,592.1,-0.000000,179.2,149814,415.1,102582,971.4,-4.14,-0.000899,232.1,0.027290,1115.6,138215,1115.8,133006,1110.9,113.22,0.027885,412.1,0.000000,2458.8,67068,476.8,47159,806.4,2.62,0.000315,0.0001708,0.0477,105823,348.3,0.000000,0.0001704,0.0483,122000,364.8,-0.001366,0.0000586,0.0487,90629,332.1,0.000000,0.0000226,0.0473,69030,313.5,0.032069
53.10,0.0009834,53.1,0.000000,1558.5,2250048,2173.2,118641,1009.2,-10.22,-0.002471,593.1,0.000000,1208.6,151165,416.1,117849,1003.9,-31.52,-0.007611,233.1,0.028203,1114.1,137652,1114.1,132203,1108.6,117.54,0.028833,413.1,0.000000,590.3,66357,471.2,46416,803.5,2.85,0.000339,0.0001708,0.0477,106111,348.6,0.000000,0.0001704,0.0483,121809,364.7,-0.001042,0.0000581,0.0487,89992,331.5,0.000000,0.0000232,0.0473,68303,310.8,0.031786
54.08,0.0010014,54.1,0.000000,7946.3,2183429,2159.2,122408,1016.6,-5.44,-0.001348,594.1,-0.000000,2509.1,152478,417.0,147493,1058.8,-43.70,-0.012522,234.1,0.029133,1112.6,137087,1112.5,131321,1106.4,121.91,0.029765,414.1,0.000000,1391.1,65685,466.1,45729,800.7,2.82,0.000332,0.0001708,0.0477,106345,348.8,0.000000,0.0001703,0.0483,121601,364.6,-0.000773,0.0000576,0.0487,89378,330.8,-0.000000,0.0000237,0.0473,67626,308.5,0.031547
55.05,0.0010195,55.1,0.000000,116.9,2119673,2145.4,123675,1019.0,-1.60,-0.000400,595.1,-0.000000,1701.3,153837,418.0,171686,1097.6,-27.18,-0.008746,235.1,0.030116,1110.9,136480,1110.8,130316,1104.1,126.80,0.030788,415.1,0.000000,207.9,65012,461.2,45114,798.2,2.55,0.000296,0.0001708,0.0477,106528,349.0,0.000000,0.0001703,0.0483,121347,364.5,-0.000574,0.0000570,0.0487,88749,330.2,-0.000000,0.0000243,0.0473,66956,306.2,0.031360
56.09,0.0010387,56.1,0.000000,1693.2,2054654,2131.1,123179,1018.1,1.04,0.000259,596.1,0.000000,1298.8,155336,419.1,184010,1115.9,-10.73,-0.003638,236.1,0.031228,1109.1,135779,1108.8,129127,1101.4,132.55,0.031967,416.1,0.000000,422.7,64299,456.2,44582,796.1,2.06,0.000238,0.0001708,0.0477,106658,349.1,0.000000,0.0001703,0.0483,121026,364.3,-0.000423,0.0000564,0.0487,88063,329.4,-0.000000,0.0000249,0.0473,66252,304.0,0.031223
57.06,0.0010567,57.1,0.000000,1739.1,1996358,2117.9,121798,1015.4,2.25,0.000554,597.1,-0.000000,180.6,156789,420.1,187973,1121.6,-3.63,-0.001253,237.1,0.032395,1107.2,135068,1106.9,127923,1098.8,138.24,0.033107,417.1,0.000000,529.5,63639,451.6,44210,794.5,1.57,0.000180,0.0001708,0.0477,106716,349.1,0.000000,0.0001703,0.0483,120672,364.0,-0.000309,0.0000559,0.0487,87409,328.7,-0.000000,0.0000255,0.0473,65606,302.1,0.031154
58.10,0.0010759,58.1,0.000000,1428.1,1936861,2104.2,119998,1012.0,2.65,0.000647,598.1,-0.000000,1864.7,158391,421.3,189820,1124.2,-1.77,-0.000614,238.1,0.033562,1105.1,134251,1104.8,126565,1095.9,144.39,0.034303,418.1,0.000000,100.0,62946,446.9,43917,793.3,1.17,0.000133,0.0001708,0.0477,106711,349.1,0.000000,0.0001703,0.0483,120216,363.7,-0.000232,0.0000552,0.0487,86705,328.0,0.000000,0.0000261,0.0473,64932,300.1,0.031131
59.07,0.0010940,59.1,0.000000,419.0,1883473,2091.6,118433,1008.9,2.46,0.000594,599.1,-0.000000,1153.8,159942,422.4,191967,1127.2,-2.34,-0.000821,239.1,0.034677,1103.0,133431,1102.7,125241,1093.1,150.04,0.035362,419.1,0.000000,1109.3,62311,442.7,43672,792.3,1.09,0.000123,0.0001708,0.0477,106655,349.1,0.000000,0.0001703,0.0483,119700,363.3,-0.000194,0.0000546,0.0487,86045,327.2,-0.000000,0.0000266,0.0473,64317,298.4,0.031189
60.05,0.0011120,60.0,0.000000,1411.5,1832286,2079.2,116988,1006.0,2.36,0.000565,600.0,-0.000000,1997.0,161541,423.5,194937,1131.3,-2.99,-0.001061,240.0,0.035678,1100.8,132562,1100.4,123880,1090.3,155.46,0.036338,420.0,0.000000,156.6,61694,438.5,43481,791.5,0.73,0.000082,0.0001708,0.0477,106546,349.0,0.000000,0.0001703,0.0483,119093,362.8,-0.000186,0.0000539,0.0487,85390,326.5,-0.000000,0.0000272,0.0473,63722,296.7,0.031350
61.09,0.0011312,61.1,0.000000,337.0,1779995,2066.2,115270,1002.6,2.76,0.000653,601.1,-0.000000,887.4,163305,424.7,198269,1135.9,-3.05,-0.001096,241.1,0.036616,1098.3,131586,1098.0,122398,1087.1,160.96,0.037279,421.1,-0.000000,693.3,61059,434.3,43586,791.9,-0.76,-0.000087,0.0001708,0.0477,106385,348.8,0.000000,0.0001703,0.0483,118233,362.0,-0.000024,0.0000532,0.0487,84700,325.8,0.000000,0.0000278,0.0473,63106,295.1,0.031566
62.06,0.0011492,62.1,0.000000,415.4,1733030,2054.4,113217,998.4,3.55,0.000829,602.1,-0.000000,1529.3,165022,438.0,201341,1140.1,-2.93,-0.001066,242.1,0.037462,1095.9,130629,1095.5,120986,1084.1,165.85,0.038074,422.1,0.000000,2629.7,60484,430.5,45925,801.7,-12.92,-0.001522,0.0001708,0.0477,106207,348.7,0.000000,0.0001703,0.0483,117350,361.3,0.000000,0.0000526,0.0487,84066,325.1,0.000000,0.0000284,0.0473,62546,293.6,0.031789
63.10,0.0011685,63.1,0.000000,669.2,1685024,2042.0,110449,992.8,4.58,0.001049,603.1,0.000000,100.0,166913,439.4,203978,1143.7,-2.07,-0.000759,243.1,0.038222,1093.2,129566,1092.9,119454,1080.9,170.84,0.038839,423.1,0.000000,393.3,59893,426.5,56649,842.4,-42.58,-0.005890,0.0001708,0.0477,106008,348.5,0.000000,0.0001703,0.0483,116350,360.4,0.000000,0.0000518,0.0487,83404,324.3,0.000000,0.0000290,0.0473,61969,292.1,0.031995
64.07,0.0011865,64.1,0.000000,424.4,1641881,2030.6,107422,986.4,5.34,0.001197,604.1,0.000000,1384.3,168743,440.6,204224,1144.0,0.13,0.000046,244.1,0.038913,1090.6,128533,1090.3,117993,1077.7,175.36,0.039495,424.1,0.000000,434.3,59358,422.9,71335,889.0,-44.26,-0.007307,0.0001708,0.0477,105827,348.3,0.000000,0.0001703,0.0483,115353,359.5,0.000000,0.0000511,0.0487,82798,323.7,-0.000000,0.0000296,0.0473,61445,290.8,0.032177
65.04,0.0012045,65.0,0.000000,100.0,1600457,2019.4,104380,979.9,5.41,0.001186,605.0,0.000000,1361.5,170630,441.9,201868,1141.0,2.65,0.000963,245.0,0.039531,1088.0,127468,1087.6,116501,1074.4,179.80,0.040105,425.0,-0.000000,764.3,58842,419.4,82315,919.1,-26.63,-0.004906,0.0001708,0.0477,105659,348.1,0.000000,0.0001703,0.0483,114296,358.5,0.000000,0.0000504,0.0487,82210,323.0,-0.000000,0.0000301,0.0473,60938,289.6,0.032329
66.08,0.0012237,66.1,0.000000,1577.3,1558077,2007.7,101516,973.6,4.85,0.001040,606.1,0.000000,3254.2,172709,443.4,196881,1134.4,4.70,0.001677,246.1,0.040133,1085.0,126297,1084.7,114870,1070.9,184.55,0.040724,426.1,0.000000,1291.5,58309,415.9,88326,934.3,-11.62,-0.002261,0.0001708,0.0477,105498,348.0,0.000000,0.0001703,0.0483,113107,357.5,0.000000,0.0000496,0.0487,81603,322.3,0.000000,0.0000308,0.0473,60415,288.3,0.032464
67.06,0.0012418,67.1,0.000000,1733.7,1519950,1997.0,99280,968.6,4.16,0.000878,607.1,0.000000,1824.7,174722,444.7,191856,1127.6,4.79,0.001677,247.1,0.040713,1082.2,125166,1081.9,113294,1067.4,189.09,0.041287,427.1,0.000000,201.6,57826,412.6,90591,939.9,-4.57,-0.000907,0.0001708,0.0477,105361,347.9,0.000000,0.0001703,0.0483,111945,356.4,0.000000,0.0000489,0.0487,81057,321.7,-0.000000,0.0000314,0.0473,59942,287.2,0.032584
68.09,0.0012610,68.1,0.000000,100.0,1480902,1985.8,97261,964.0,3.62,0.000751,608.1,0.000000,100.0,176939,446.2,188044,1122.4,3.21,0.001105,248.1,0.041284,1079.2,123923,1078.8,111557,1063.5,194.09,0.041880,428.1,0.000000,388.0,57328,409.3,91549,942.2,-1.77,-0.000353,0.0001708,0.0477,105220,347.7,0.000000,0.0001703,0.0483,110672,355.3,0.000000,0.0000481,0.0487,80500,321.1,-0.000000,0.0000320,0.0473,59455,286.1,0.032697
69.07,0.0012790,69.1,0.000000,841.3,1445741,1975.4,95566,960.1,3.33,0.000682,609.1,0.000000,7415.2,179087,447.7,186606,1120.4,1.17,0.000401,249.1,0.041849,1076.2,122722,1075.8,109873,1059.8,198.95,0.042431,429.1,0.000000,100.0,56877,406.3,91908,943.0,-0.65,-0.000130,0.0001708,0.0477,105085,347.6,0.000000,0.0001703,0.0483,109464,354.1,0.000000,0.0000474,0.0487,80005,320.5,0.000000,0.0000326,0.0473,59016,285.1,0.032811
70.04,0.0012971,70.0,0.000000,709.6,1411915,1965.3,93999,956.5,3.13,0.000633,610.0,0.000000,971.0,181303,449.1,186759,1120.6,-0.32,-0.000110,250.0,0.042389,1073.1,121486,1072.7,108135,1055.9,203.98,0.042973,430.0,0.000000,100.0,56441,403.4,91725,942.6,0.55,0.000111,0.0001708,0.0477,104934,347.5,0.000000,0.0001703,0.0483,108254,353.0,0.000000,0.0000466,0.0487,79541,320.0,0.000000,0.0000332,0.0473,58595,284.1,0.032930
71.08,0.0013163,71.1,0.000000,663.5,1377240,1954.8,92464,952.8,2.91,0.000581,611.1,0.000000,789.5,183747,450.7,187762,1122.1,-0.98,-0.000338,251.1,0.042936,1069.7,120128,1069.4,106225,1051.6,209.51,0.043536,431.1,0.000000,1077.2,55994,400.3,90801,940.4,1.93,0.000384,0.0001708,0.0477,104727,347.3,0.000000,0.0001703,0.0483,106978,351.8,0.000000,0.0000458,0.0487,79087,319.5,-0.000000,0.0000338,0.0473,58164,283.2,0.033068
72.06,0.0013344,72.1,0.000000,1343.7,1345994,1945.0,91161,949.7,2.68,0.000529,612.1,0.000000,1137.3,186114,452.3,188796,1123.5,-1.05,-0.000362,252.1,0.043461,1066.5,118819,1066.1,104387,1047.4,214.82,0.044040,432.1,0.000000,709.2,55591,397.6,89786,938.0,2.09,0.000411,0.0001708,0.0477,104453,347.0,0.000000,0.0001703,0.0483,105808,350.7,0.000000,0.0000450,0.0487,78704,319.0,0.000000,0.0000344,0.0473,57780,282.4,0.033222
73.10,0.0013537,73.1,0.000000,1128.8,1313952,1934.9,89921,946.7,2.41,0.000471,613.1,0.000000,595.8,188723,454.0,189936,1125.1,-1.12,-0.000388,253.1,0.043956,1062.9,117383,1062.5,102382,1042.8,220.55,0.044543,433.1,0.000000,100.0,55179,394.8,88792,935.5,2.02,0.000395,0.0001708,0.0477,104026,346.6,0.000000,0.0001703,0.0483,104595,349.6,0.000000,0.0000441,0.0487,78348,318.6,-0.000000,0.0000351,0.0473,57389,281.6,0.033395
74.07,0.0013717,74.1,0.000000,100.0,1285067,1925.5,88912,944.2,2.11,0.000410,614.1,0.000000,293.0,191250,455.6,191378,1127.2,-1.55,-0.000542,254.1,0.044413,1059.4,116001,1059.0,100470,1038.4,225.96,0.044973,434.1,0.000000,100.0,54810,392.3,87569,932.6,2.82,0.000545,0.0001708,0.0477,103460,346.1,0.000000,0.0001703,0.0483,103500,348.5,0.000000,0.0000433,0.0487,78069,318.3,-0.000000,0.0000357,0.0473,57043,280.9,0.033587
75.05,0.0013898,75.0,0.000000,100.0,1257247,1916.4,88071,942.2,1.77,0.000340,615.0,0.000000,1531.8,193859,457.2,193505,1130.1,-2.23,-0.000787,255.0,0.044809,1055.8,114586,1055.4,98533,1033.9,231.35,0.045355,435.0,0.000000,100.0,54458,389.8,85678,927.9,4.36,0.000829,0.0001708,0.0477,102716,345.3,0.000000,0.0001703,0.0483,102449,347.5,0.000000,0.0000425,0.0487,77856,318.0,-0.000000,0.0000363,0.0473,56715,280.2,0.033794
76.09,0.0014090,76.1,0.000000,2110.5,1228693,1906.8,87374,940.4,1.37,0.000261,616.1,0.000000,1587.0,196736,459.0,196526,1134.3,-2.89,-0.001032,256.1,0.045166,1051.9,113043,1051.5,96449,1029.0,237.05,0.045706,436.1,-0.000000,1191.3,54101,387.3,82889,920.8,6.12,0.001134,0.0001708,0.0477,101742,344.4,0.000000,0.0001703,0.0483,101384,346.5,0.000000,0.0000417,0.0487,77725,317.9,0.000000,0.0000369,0.0473,56386,279.6,0.034027
77.06,0.0014271,77.1,0.000000,1108.3,1202921,1898.0,86899,939.3,1.00,0.000191,617.1,0.000000,100.0,199526,460.7,199846,1138.9,-3.24,-0.001171,257.1,0.045465,1048.1,111565,1047.8,94483,1024.3,242.29,0.045977,437.1,-0.000000,129.6,53783,385.0,79727,912.6,7.46,0.001340,0.0001708,0.0477,100697,343.4,0.000000,0.0001703,0.0483,100442,345.5,0.000000,0.0000408,0.0487,77728,317.9,0.000000,0.0000375,0.0473,56093,279.0,0.034272
78.04,0.0014452,78.0,0.000000,1122.5,1178066,1889.3,86564,938.4,0.71,0.000135,618.0,0.000000,100.0,202408,462.5,203137,1143.3,-3.06,-0.001120,258.0,0.045695,1044.3,110060,1043.9,92514,1019.5,247.43,0.046189,438.0,0.000000,374.9,53481,382.7,76524,904.0,7.65,0.001331,0.0001708,0.0477,99579,342.3,0.000000,0.0001703,0.0483,99558,344.7,0.000000,0.0000400,0.0487,77842,318.0,-0.000000,0.0000382,0.0473,55811,278.4,0.034501
79.08,0.0014645,79.1,0.000000,1206.2,1152521,1880.3,86307,937.8,0.51,0.000097,619.1,0.000000,8911.0,205590,464.4,205995,1147.1,-2.37,-0.000875,259.1,0.045872,1040.0,108426,1039.7,90416,1014.2,252.75,0.046350,439.1,0.000000,222.3,53176,380.4,73696,896.2,6.42,0.001086,0.0001708,0.0477,98368,341.1,0.000000,0.0001703,0.0483,98681,343.8,0.000000,0.0000391,0.0487,78128,318.3,0.000000,0.0000388,0.0473,55516,277.9,0.034700
80.06,0.0014826,80.1,0.000000,343.8,1129439,1872.0,86107,937.3,0.45,0.000084,620.1,0.000000,556.8,208677,466.2,207912,1149.7,-1.68,-0.000624,260.1,0.045986,1036.0,106871,1035.6,88456,1009.3,257.58,0.046439,440.1,0.000000,591.4,52903,378.4,71779,890.7,4.84,0.000802,0.0001708,0.0477,97273,340.0,0.000000,0.0001703,0.0483,97924,343.0,0.000000,0.0000383,0.0487,78569,318.8,0.000000,0.0000395,0.0473,55241,277.4,0.034832
81.10,0.0015019,81.1,0.000000,3233.8,1105698,1863.3,85882,936.7,0.48,0.000090,621.1,0.000000,100.0,212087,468.2,209284,1151.5,-1.08,-0.000405,261.1,0.046038,1031.6,105190,1031.2,86379,1003.9,262.54,0.046470,441.1,0.000000,226.6,52623,376.2,70292,886.4,3.62,0.000590,0.0001708,0.0477,96191,338.9,0.000000,0.0001703,0.0483,97182,342.3,0.000000,0.0000374,0.0487,79232,319.6,-0.000000,0.0000401,0.0473,54945,276.9,0.034872
82.08,0.0015201,82.1,0.000000,1386.2,1084226,1855.3,85633,936.1,0.57,0.000107,622.1,0.000000,1473.0,215398,470.1,210025,1152.5,-0.60,-0.000226,262.1,0.046029,1027.3,103595,1027.0,84449,998.8,267.00,0.046440,442.1,0.000000,100.0,52368,374.3,69174,883.2,3.01,0.000485,0.0001708,0.0477,95289,338.0,0.000000,0.0001703,0.0483,96541,341.6,0.000000,0.0000366,0.0487,80015,320.5,0.000000,0.0000408,0.0473,54656,276.4,0.034779
83.06,0.0015382,83.1,0.000000,1121.6,1063479,1847.4,85328,935.3,0.70,0.000131,623.1,0.000000,100.0,218826,472.1,210273,1152.8,-0.15,-0.000057,263.1,0.045964,1023.0,101983,1022.7,82538,993.6,271.27,0.046354,443.1,0.000000,850.7,52116,372.4,68202,880.3,2.66,0.000424,0.0001708,0.0477,94509,337.2,0.000000,0.0001703,0.0483,95944,341.0,0.000000,0.0000357,0.0487,80900,321.5,-0.000000,0.0000414,0.0473,54352,275.9,0.034524
84.05,0.0015564,84.0,0.000000,15496.5,1043433,1839.7,84953,934.4,0.85,0.000160,624.0,0.000000,100.0,222374,474.1,210033,1152.5,0.30,0.000114,264.0,0.045846,1018.6,100358,1018.3,80651,988.4,275.34,0.046216,444.0,0.000000,1288.2,51864,370.6,67341,877.7,2.38,0.000375,0.0001708,0.0477,93857,336.6,0.000000,0.0001703,0.0483,95376,340.5,0.000000,0.0000349,0.0487,81808,322.5,-0.000000,0.0000420,0.0473,54039,275.4,0.034148
85.09,0.0015758,85.1,0.000000,559.8,1022779,1831.6,84486,933.2,1.00,0.000186,625.1,0.000000,1404.1,226300,476.3,209074,1151.3,0.93,0.000347,265.1,0.045671,1013.8,98611,1013.5,78666,982.8,279.45,0.046014,445.1,-0.000000,535.1,51593,368.7,66542,875.3,2.08,0.000325,0.0001708,0.0477,93294,336.0,0.000000,0.0001703,0.0483,94779,339.9,0.000000,0.0000340,0.0487,82718,323.5,-0.000000,0.0000427,0.0473,53686,274.9,0.033641
86.08,0.0015941,86.1,0.000000,1039.4,1004078,1824.2,83998,931.9,1.11,0.000206,626.1,0.000000,582.0,230117,478.4,207586,1149.4,1.41,0.000524,266.1,0.045443,1009.3,96964,1009.0,76836,977.5,283.09,0.045774,446.1,0.000000,2736.5,51334,367.0,65903,873.4,1.80,0.000279,0.0001708,0.0477,92876,335.6,0.000000,0.0001703,0.0483,94201,339.3,0.000000,0.0000332,0.0487,83439,324.2,0.000000,0.0000433,0.0473,53332,274.3,0.032995
87.07,0.0016123,87.1,0.000000,1698.3,985999,1816.8,83442,930.5,1.28,0.000236,627.1,0.000000,1584.9,234072,480.5,205790,1147.0,1.67,0.000615,267.1,0.045174,1004.7,95310,1004.3,75040,972.2,286.49,0.045488,447.1,-0.000000,929.8,51069,365.4,65336,871.6,1.63,0.000251,0.0001708,0.0477,92544,335.2,0.000000,0.0001703,0.0483,93585,338.6,0.000000,0.0000324,0.0487,83978,324.8,-0.000000,0.0000439,0.0473,52952,273.8,0.032209
88.05,0.0016306,88.1,0.000000,418.9,968509,1809.7,82797,928.8,1.49,0.000273,628.1,0.000000,2485.9,238171,482.7,203867,1144.6,1.78,0.000653,268.1,0.044860,1000.0,93651,999.7,73279,966.9,289.63,0.045155,448.1,0.000000,400.7,50792,363.8,64797,870.0,1.56,0.000239,0.0001708,0.0477,92272,334.9,0.000000,0.0001703,0.0483,92915,337.9,0.000000,0.0000315,0.0487,84308,325.2,-0.000000,0.0000444,0.0473,52544,273.2,0.031248
89.04,0.0016489,89.0,0.000000,2370.5,951588,1802.6,82061,926.9,1.71,0.000311,629.0,0.000000,871.9,242420,485.0,201872,1142.0,1.87,0.000678,269.0,0.044501,995.2,91989,994.9,71556,961.5,292.50,0.044777,449.0,0.000000,235.2,50502,362.2,64287,868.4,1.47,0.000224,0.0001708,0.0477,92029,334.7,0.000000,0.0001703,0.0483,92173,337.2,0.000000,0.0000307,0.0487,84427,325.3,0.000000,0.0000450,0.0473,52113,272.5,0.030120
90.10,0.0016685,90.1,0.000000,861.9,934144,1795.2,81144,924.5,2.04,0.000368,630.1,0.000000,1004.4,247126,487.4,199625,1139.0,2.01,0.000723,270.1,0.044088,990.1,90216,989.8,69762,955.8,295.26,0.044331,450.1,0.000000,773.9,50176,360.6,63799,866.8,1.33,0.000201,0.0001708,0.0477,91752,334.4,0.000000,0.0001703,0.0483,91287,336.2,0.000000,0.0000299,0.0487,84349,325.2,-0.000000,0.0000456,0.0473,51638,271.8,0.028825
91.09,0.0016868,91.1,0.000000,1047.9,918349,1788.4,80115,921.8,2.45,0.000438,631.1,0.000000,3251.5,251705,489.8,197300,1135.9,2.25,0.000803,271.1,0.043637,985.2,88556,984.9,68121,950.4,297.61,0.043878,451.1,0.000000,17138.9,49855,359.1,63359,865.5,1.31,0.000198,0.0001708,0.0477,91434,334.1,0.000000,0.0001703,0.0483,90354,335.2,0.000000,0.0000291,0.0487,84124,325.0,0.000000,0.0000461,0.0473,51189,271.1,0.027473
92.08,0.0017052,92.1,0.000000,6715.9,903080,1781.8,78930,918.6,2.84,0.000501,632.1,0.000000,100.0,256448,492.2,194715,1132.5,2.51,0.000888,272.1,0.043171,980.3,86900,980.0,66515,945.1,299.75,0.043399,452.1,0.000000,100.0,49520,357.6,62882,864.0,1.45,0.000217,0.0001708,0.0477,91013,333.6,0.000000,0.0001703,0.0483,89316,334.1,0.000000,0.0000283,0.0487,83788,324.6,-0.000000,0.0000465,0.0473,50747,270.5,0.026184
93.07,0.0017235,93.1,0.000000,1039.5,888323,1775.2,77647,915.2,3.09,0.000540,633.1,0.000000,1466.4,261362,494.6,192071,1128.9,2.55,0.000892,273.1,0.042687,975.3,85251,975.0,64918,939.6,301.93,0.042913,453.1,0.000000,100.0,49175,356.2,62347,862.3,1.62,0.000240,0.0001708,0.0477,90456,333.0,0.000000,0.0001703,0.0483,88184,332.9,0.000000,0.0000275,0.0487,83396,324.2,-0.000000,0.0000470,0.0473,50327,269.8,0.024999
94.06,0.0017419,94.1,0.000000,1107.6,874059,1768.8,76339,911.6,3.19,0.000549,634.1,0.000000,1444.5,266452,497.1,189618,1125.5,2.38,0.000824,274.1,0.042215,970.3,83605,970.0,63276,933.9,304.59,0.042453,454.1,0.000000,100.0,48824,354.8,61805,860.5,1.64,0.000242,0.0001708,0.0477,89744,332.3,0.000000,0.0001703,0.0483,86981,331.6,0.000000,0.0000267,0.0487,82990,323.7,0.000000,0.0000474,0.0473,49965,269.3,0.024073
95.05,0.0017602,95.0,0.000000,518.3,860268,1762.6,75082,908.1,3.09,0.000526,635.0,0.000000,33840.3,271729,499.7,187421,1122.5,2.16,0.000741,275.0,0.041778,965.2,81961,964.9,61588,928.0,307.79,0.042019,455.0,0.000000,499.9,48479,353.4,61331,859.0,1.38,0.000203,0.0001708,0.0477,88883,331.4,0.000000,0.0001703,0.0483,85739,330.3,0.000000,0.0000259,0.0487,82601,323.3,-0.000000,0.0000479,0.0473,49681,268.9,0.023609
96.10,0.0017797,96.1,0.000000,807.1,846056,1756.0,73865,904.7,2.83,0.000476,636.1,0.000000,733.2,277570,502.5,185291,1119.5,2.00,0.000679,276.1,0.041300,959.7,80209,959.4,59923,922.1,310.19,0.041467,456.1,0.000000,901.8,48125,352.0,61138,858.4,0.37,0.000054,0.0001708,0.0477,87836,330.2,0.000000,0.0001703,0.0483,84409,328.8,0.000000,0.0000251,0.0487,82235,322.9,0.000000,0.0000483,0.0473,49462,268.6,0.023571
97.09,0.0017980,97.1,0.000000,731.4,833184,1750.0,72878,901.9,2.48,0.000413,637.1,0.000000,408.1,283254,505.1,183400,1116.9,1.93,0.000651,277.1,0.040667,954.3,78580,954.2,58754,917.7,309.36,0.040746,457.1,0.000000,1182.8,47818,350.8,61349,859.1,-0.84,-0.000123,0.0001708,0.0477,86786,329.1,0.000000,0.0001703,0.0483,83190,327.4,0.000000,0.0000244,0.0487,81959,322.6,-0.000000,0.0000488,0.0473,49390,268.5,0.024157
98.08,0.0018163,98.1,0.000000,506.1,820734,1744.1,72090,899.6,1.98,0.000326,638.1,0.000000,1656.0,289149,507.9,181538,1114.2,1.93,0.000647,278.1,0.039719,948.7,76989,949.0,58829,917.4,297.85,0.039292,458.1,0.000000,613.0,47550,349.5,62280,862.1,-3.21,-0.000477,0.0001708,0.0477,85729,328.0,0.000000,0.0001703,0.0483,82021,326.1,0.000000,0.0000237,0.0487,81749,322.3,-0.000000,0.0000492,0.0473,49465,268.6,0.025573
99.07,0.0018346,99.1,0.000000,496.0,808691,1738.3,71569,898.1,1.27,0.000209,639.1,0.000000,1387.2,295260,510.6,179618,1111.5,2.03,0.000675,279.1,0.036213,940.4,75639,944.4,65086,938.7,230.41,0.032863,459.1,-0.000000,1571.5,47340,348.4,64293,868.5,-6.41,-0.000976,0.0001708,0.0477,84714,326.8,0.000000,0.0001703,0.0483,80916,324.8,0.000000,0.0000230,0.0487,81597,322.2,0.000000,0.0000498,0.0473,49777,269.1,0.028067
100.05,0.0018529,100.1,0.000000,100.0,797039,1732.6,71376,897.6,0.40,0.000066,640.1,0.000000,1829.4,301600,513.5,177524,1108.5,2.26,0.000743,280.1,0.023882,931.7,75234,942.6,73643,965.0,118.29,0.018571,460.1,-0.000000,787.1,47213,347.3,67282,877.7,-8.85,-0.001395,0.0001708,0.0477,83779,325.8,0.000000,0.0001703,0.0483,79883,323.6,0.000000,0.0000226,0.0487,81497,322.0,0.000000,0.0000503,0.0473,50399,270.1,0.031979
101.04,0.0018711,101.0,0.000000,331.0,785759,1727.0,71507,897.9,-0.43,-0.000071,641.0,0.000000,1215.1,308181,516.4,175175,1105.1,2.56,0.000835,281.0,0.010961,970.8,75863,943.8,78776,980.0,50.71,0.008385,461.0,0.000000,903.8,47191,346.3,70810,888.2,-9.83,-0.001612,0.0001708,0.0477,82950,324.9,0.000000,0.0001703,0.0483,78924,322.5,0.000000,0.0000224,0.0487,81438,322.0,0.000000,0.0000510,0.0473,51244,271.5,0.037133
102.09,0.0018906,102.1,0.000000,8383.0,774120,1721.2,71953,899.2,-1.17,-0.000193,642.1,0.000000,554.7,315478,519.5,172394,1101.0,2.88,0.000928,282.1,0.002148,975.2,77332,947.4,78526,979.6,0.98,0.000161,462.1,-0.000000,100.0,47289,345.4,74922,899.9,-10.24,-0.001754,0.0001708,0.0477,82195,324.0,0.000000,0.0001703,0.0483,77978,321.4,0.000000,0.0000223,0.0487,81408,321.9,-0.000000,0.0000519,0.0473,52236,273.0,0.042940
103.08,0.0019088,103.1,0.000000,861.5,763562,1715.9,72487,900.8,-1.39,-0.000230,643.1,0.000000,3889.6,322593,522.5,169573,1096.8,3.15,0.001002,283.1,0.000851,981.3,78873,951.1,80327,985.8,4.55,0.000762,463.1,-0.000000,8769.8,47487,344.7,79335,912.0,-11.21,-0.002005,0.0001708,0.0477,81610,323.4,0.000000,0.0001703,0.0483,77157,320.5,0.000000,0.0000223,0.0487,81399,321.9,0.000000,0.0000527,0.0473,53110,274.4,0.048309
104.06,0.0019271,104.1,0.000000,100.0,753332,1710.6,72965,902.1,-1.20,-0.000200,644.1,0.000000,100.0,329987,525.6,166557,1092.3,3.42,0.001074,284.1,0.001805,986.5,80389,954.7,81734,990.6,12.20,0.002070,464.1,0.000000,1316.4,47770,344.1,84536,925.6,-12.30,-0.002310,0.0001708,0.0477,81137,322.8,0.000000,0.0001703,0.0483,76390,319.5,0.000000,0.0000223,0.0487,81398,321.9,0.000000,0.0000537,0.0473,53962,275.7,0.052662
105.05,0.0019453,105.0,0.000000,392.0,743422,1705.5,73322,903.2,-0.89,-0.000149,645.0,0.000000,1634.1,337671,528.8,163384,1087.4,3.65,0.001128,285.0,0.003505,991.5,81811,957.9,82664,993.9,21.22,0.003630,465.0,0.000000,100.0,48124,343.6,90112,939.5,-12.16,-0.002400,0.0001708,0.0477,80766,322.4,0.000000,0.0001703,0.0483,75668,318.7,0.000000,0.0000222,0.0487,81400,321.9,-0.000000,0.0000547,0.0473,54817,277.0,0.056331
106.10,0.0019648,106.1,0.000000,100.0,733186,1700.1,73628,904.0,-0.74,-0.000125,646.1,0.000000,998.6,346206,532.2,159938,1082.1,3.78,0.001149,286.1,0.005490,996.6,83198,961.0,83522,996.8,30.93,0.005331,466.1,-0.000000,100.0,48568,343.3,95419,952.1,-9.82,-0.002023,0.0001708,0.0477,80470,322.1,0.000000,0.0001703,0.0483,74937,317.8,0.000000,0.0000221,0.0487,81404,321.9,-0.000000,0.0000559,0.0473,55744,278.3,0.059558
107.09,0.0019831,107.1,0.000000,425.0,723891,1695.2,73943,904.9,-0.83,-0.000140,647.1,0.000000,100.0,354542,535.5,156714,1077.0,3.84,0.001150,287.1,0.009262,1031.3,84203,963.0,86349,1005.0,53.21,0.009404,467.1,-0.000000,100.0,49037,343.0,98945,960.2,-6.52,-0.001383,0.0001708,0.0477,80275,321.9,0.000000,0.0001703,0.0483,74278,317.0,0.000000,0.0000219,0.0487,81415,321.9,-0.000000,0.0000570,0.0473,56640,279.7,0.062366
108.07,0.0020013,108.1,0.000000,100.0,714885,1690.3,74295,905.9,-0.90,-0.000152,648.1,0.000000,13833.9,363210,538.8,153514,1071.9,3.89,0.001147,288.1,0.009596,1005.5,85213,964.9,86443,1005.5,59.30,0.010488,468.1,-0.000000,100.0,49551,342.9,100946,964.7,-3.49,-0.000751,0.0001708,0.0477,80147,321.7,0.000000,0.0001703,0.0483,73637,316.2,0.000000,0.0000218,0.0487,81440,322.0,-0.000000,0.0000582,0.0473,57564,281.0,0.064807
109.06,0.0020196,109.1,0.000000,21240.6,706158,1685.6,74595,906.8,-0.70,-0.000119,649.1,0.000000,1916.4,372226,542.3,150360,1066.7,3.91,0.001133,289.1,0.012558,1029.7,85978,966.2,87920,1009.5,73.85,0.013231,469.1,0.000000,1153.9,50071,342.8,101707,966.4,-1.21,-0.000262,0.0001708,0.0477,80077,321.6,0.000000,0.0001703,0.0483,73005,315.4,0.000000,0.0000215,0.0487,81494,322.0,0.000000,0.0000594,0.0473,58956,283.1,0.064908
110.04,0.0020378,110.0,0.000000,774.9,697699,1680.9,74656,906.9,-0.07,-0.000012,650.0,0.000000,142.8,381609,545.8,147322,1061.7,3.83,0.001093,290.0,0.012200,990.2,86803,967.6,86885,1007.1,72.33,0.012838,470.0,0.000000,890.8,50663,342.8,101639,966.3,0.25,0.000055,0.0001708,0.0477,80053,321.6,0.000000,0.0001703,0.0483,72377,314.7,0.000000,0.0000213,0.0487,81586,322.1,0.000000,0.0000606,0.0473,59801,284.3,0.069082
111.09,0.0020572,111.1,0.000000,644.2,688969,1676.1,74432,906.3,0.66,0.000112,651.1,0.000000,147.1,392031,549.6,144285,1056.6,3.65,0.001025,291.1,0.014627,991.4,87456,968.5,88009,1010.1,79.48,0.014244,471.1,0.000000,1038.7,51305,342.9,101074,965.0,1.04,0.000223,0.0001708,0.0477,80067,321.6,0.000000,0.0001703,0.0483,71709,313.8,0.000000,0.0000210,0.0487,81734,322.3,0.000000,0.0000620,0.0473,61425,286.7,0.069457
112.07,0.0020754,112.1,0.000000,316.5,681052,1671.6,73832,904.6,1.68,0.000282,652.1,0.000000,7235.9,402206,553.2,141679,1052.2,3.41,0.000944,292.1,0.014914,993.6,88058,969.4,89134,1013.0,81.94,0.014832,472.1,0.000000,745.1,51978,343.1,100327,963.4,1.46,0.000314,0.0001708,0.0477,80109,321.7,0.000000,0.0001703,0.0483,71081,313.0,0.000000,0.0000208,0.0487,81916,322.5,-0.000000,0.0000633,0.0473,62345,287.9,0.073662
113.05,0.0020936,113.1,0.000000,485.0,673386,1667.2,72751,901.5,2.95,0.000490,653.1,0.000000,1377.6,412787,556.9,139338,1048.1,3.12,0.000852,293.1,0.014895,1030.7,88679,970.2,90760,1017.0,84.57,0.015524,473.1,0.000000,11210.3,52662,343.4,99361,961.2,1.88,0.000401,0.0001708,0.0477,80164,321.7,0.000000,0.0001703,0.0483,70452,312.2,0.000000,0.0000205,0.0487,82131,322.7,-0.000000,0.0000647,0.0473,64105,290.4,0.074120
114.10,0.0021129,114.1,0.000000,267.3,665477,1662.7,71068,896.7,4.33,0.000707,654.1,0.000000,1014.0,424540,560.9,137105,1044.2,2.84,0.000767,294.1,0.014431,1019.3,89411,971.2,91163,1018.0,75.15,0.013844,474.1,-0.000000,385.8,53479,343.8,98156,958.5,2.21,0.000466,0.0001708,0.0477,80232,321.8,0.000000,0.0001703,0.0483,69777,311.4,0.000000,0.0000202,0.0487,82382,323.0,0.000000,0.0000662,0.0473,65253,291.9,0.078912
115.07,0.0021310,115.1,0.000000,844.6,658302,1658.5,69125,891.0,5.33,0.000851,655.1,0.000000,1204.8,436020,564.8,135144,1040.7,2.75,0.000735,295.1,0.013009,1020.8,90267,972.6,91568,1019.0,68.53,0.012667,475.1,-0.000000,5655.3,54262,344.2,96946,955.8,2.37,0.000494,0.0001708,0.0477,80294,321.9,0.000000,0.0001703,0.0483,69141,310.6,0.000000,0.0000200,0.0487,82627,323.3,-0.000000,0.0000676,0.0473,67176,294.5,0.079685
116.05,0.0021490,116.0,0.000000,1361.8,651353,1654.4,67032,884.7,5.85,0.000912,656.0,0.000000,1940.9,447968,568.7,133118,1037.1,2.93,0.000773,296.0,0.012543,1022.4,91199,974.2,92453,1021.3,64.81,0.012069,476.0,-0.000000,100.0,55136,344.8,95751,953.1,2.35,0.000486,0.0001708,0.0477,80345,321.9,0.000000,0.0001703,0.0483,68501,309.7,0.000000,0.0000197,0.0487,82874,323.5,-0.000000,0.0000692,0.0473,68389,296.1,0.085030
117.08,0.0021682,117.1,0.000000,997.1,644179,1650.2,64837,877.9,5.91,0.000898,657.1,0.000000,1014.2,461252,573.0,130669,1032.7,3.43,0.000892,297.1,0.012379,1023.9,92242,975.9,93693,1024.3,61.24,0.011523,477.1,0.000000,100.0,56083,345.5,94551,950.3,2.24,0.000459,0.0001708,0.0477,80381,322.0,0.000000,0.0001703,0.0483,67814,308.9,0.000000,0.0000195,0.0487,83134,323.8,0.000000,0.0000708,0.0473,70365,298.7,0.085645
118.06,0.0021862,118.1,0.000000,565.3,637670,1646.3,62913,871.8,5.71,0.000847,658.1,0.000000,748.0,474236,577.1,127975,1027.7,4.08,0.001045,298.1,0.010441,1026.5,93469,978.1,94293,1025.7,52.40,0.009908,478.1,0.000000,1037.3,57017,346.2,93512,947.9,2.09,0.000425,0.0001708,0.0477,80398,322.0,0.000000,0.0001703,0.0483,67170,308.0,0.000000,0.0000193,0.0487,83381,324.1,0.000000,0.0000724,0.0473,72266,301.2,0.088228
119.09,0.0022054,119.1,0.000000,565.5,630948,1642.2,61013,865.7,5.46,0.000791,659.1,0.000000,602.0,488681,581.5,124619,1021.4,4.90,0.001230,299.1,0.009013,1029.2,94998,980.9,95610,1029.0,42.93,0.008205,479.1,0.000000,836.7,58092,347.1,92560,945.6,1.79,0.000360,0.0001708,0.0477,80400,322.0,0.000000,0.0001703,0.0483,66486,307.1,0.000000,0.0000191,0.0487,83659,324.4,-0.000000,0.0000742,0.0473,73273,302.4,0.092849
120.06,0.0022233,120.1,0.000000,1216.8,624846,1638.5,59369,860.3,5.19,0.000737,660.1,0.000000,251.5,502813,585.8,121022,1014.5,5.70,0.001399,300.1,0.007219,1032.6,96693,984.1,97036,1032.5,33.07,0.006394,480.1,0.000000,100.0,59093,348.0,91836,943.9,1.49,0.000297,0.0001708,0.0477,80396,322.0,0.000000,0.0001703,0.0483,65857,306.3,0.000000,0.0000190,0.0487,83954,324.7,-0.000000,0.0000759,0.0473,74948,304.6,0.092296
121.09,0.0022424,121.1,0.000000,146.6,618539,1634.6,57787,854.9,4.79,0.000666,661.1,0.000000,1572.6,518553,590.4,116853,1006.4,6.36,0.001518,301.1,0.007468,1036.2,98535,987.5,99265,1038.1,28.62,0.005630,481.1,0.000000,100.0,60227,348.9,91153,942.3,1.35,0.000268,0.0001708,0.0477,80398,322.0,0.000000,0.0001703,0.0483,65203,305.4,0.000000,0.0000189,0.0487,84332,325.1,0.000000,0.0000777,0.0473,75866,305.7,0.096322
122.06,0.0022603,122.1,0.000000,1357.6,612797,1631.0,56474,850.4,4.37,0.000597,662.1,0.000000,9370.5,533968,594.8,112894,998.4,6.59,0.001533,302.1,0.007174,1041.1,100362,990.9,101201,1042.8,31.71,0.006331,482.1,-0.000000,100.0,61270,349.9,90507,940.7,1.38,0.000274,0.0001708,0.0477,80416,322.0,-0.000000,0.0001703,0.0483,64611,304.6,0.000000,0.0000187,0.0487,84770,325.6,0.000000,0.0000794,0.0473,77345,307.5,0.095001
123.09,0.0022794,123.1,0.000006,935.6,606658,1626.7,55246,846.1,3.98,0.000535,663.1,0.000000,2496.2,551149,599.6,108886,990.1,6.44,0.001456,303.1,0.008106,1046.5,102256,994.2,102721,1046.4,36.80,0.007431,483.1,0.000000,1284.1,62394,350.8,89785,939.0,1.45,0.000286,0.0001708,0.0477,80487,322.1,0.000000,0.0001703,0.0483,64008,303.8,0.000000,0.0000186,0.0487,85341,326.2,0.000000,0.0000812,0.0473,78945,309.6,0.095906
124.05,0.0022973,124.1,0.000113,931.8,601068,1622.7,54350,843.1,4.14,0.000549,664.1,0.000000,100.0,567988,604.2,105466,982.8,6.05,0.001336,304.1,0.011628,1063.2,103635,996.4,106271,1054.3,55.74,0.011557,484.1,0.000000,1842.1,63496,351.8,89119,937.4,1.43,0.000280,0.0001708,0.0477,80646,322.3,-0.000000,0.0001703,0.0483,63474,303.1,0.000000,0.0000184,0.0487,85972,326.9,0.000000,0.0000830,0.0473,79444,310.1,0.099129
125.08,0.0023163,125.1,0.000155,927.7,595284,1618.5,53410,839.9,4.50,0.000588,665.1,0.000000,100.0,586770,609.2,102229,975.8,5.53,0.001191,305.1,0.011590,1055.1,105157,998.8,106565,1054.7,59.37,0.012340,485.1,0.000000,12766.9,64632,352.8,88468,935.8,1.30,0.000253,0.0001708,0.0477,80951,322.6,-0.000000,0.0001703,0.0483,62944,302.4,0.000000,0.0000182,0.0487,86727,327.7,-0.000000,0.0000848,0.0473,80914,311.9,0.096929
126.05,0.0023342,126.0,0.000221,924.2,590021,1614.7,52598,837.2,4.88,0.000630,666.0,0.000000,100.0,605189,614.0,99553,969.8,5.04,0.001064,306.0,0.014629,1058.3,106208,1000.2,108495,1058.3,70.49,0.014866,486.0,-0.000000,100.0,65738,353.7,87925,934.5,1.19,0.000230,0.0001708,0.0477,81375,323.1,0.000000,0.0001703,0.0483,62493,301.7,0.000000,0.0000179,0.0487,87478,328.5,-0.000000,0.0000866,0.0473,81367,312.4,0.099772
127.07,0.0023532,127.1,0.000319,920.8,584568,1610.7,51830,834.9,5.49,0.000702,667.1,0.000000,648.9,625747,619.2,97078,964.2,4.44,0.000920,307.1,0.014654,1060.4,107351,1001.7,109405,1059.6,72.30,0.015355,487.1,0.000000,100.0,66875,354.7,87344,933.1,1.22,0.000235,0.0001708,0.0477,81957,323.7,-0.000000,0.0001703,0.0483,62066,301.1,0.000000,0.0000176,0.0487,88284,329.3,-0.000000,0.0000885,0.0473,82779,314.2,0.097346
128.10,0.0023723,128.1,0.000465,917.9,579274,1606.8,51175,833.1,6.48,0.000819,668.1,0.000000,1118.7,647290,624.6,95090,959.6,3.60,0.000735,308.1,0.014827,1062.5,108492,1003.1,110385,1061.4,67.65,0.014473,488.1,0.000000,1276.4,68051,355.7,86674,931.4,1.44,0.000277,0.0001707,0.0477,82626,324.4,0.000000,0.0001703,0.0483,61699,300.6,0.000000,0.0000173,0.0487,89062,330.1,0.000000,0.0000904,0.0473,83223,314.7,0.099967
129.06,0.0023901,129.1,0.000657,915.5,574447,1603.2,50663,832.0,7.84,0.000982,669.1,0.000000,891.9,668432,629.6,93759,956.5,2.57,0.000517,309.1,0.013416,1064.1,109791,1004.9,111259,1063.2,59.29,0.012762,489.1,-0.000000,572.8,69110,356.6,85880,929.4,1.83,0.000348,0.0001707,0.0477,83281,325.1,-0.000000,0.0001703,0.0483,61406,300.2,0.000000,0.0000171,0.0487,89749,330.8,0.000000,0.0000921,0.0473,84552,316.3,0.097187
130.09,0.0024091,130.1,0.000908,913.4,569432,1599.4,50224,831.6,9.86,0.001225,670.1,0.000000,1570.5,692052,635.2,93422,955.7,0.26,0.000051,310.1,0.012462,1066.1,111366,1007.1,112989,1066.6,54.60,0.011897,490.1,-0.000000,100.0,70281,357.5,84846,926.8,2.24,0.000422,0.0001707,0.0477,83952,325.9,0.000000,0.0001703,0.0483,61146,299.9,0.000000,0.0000169,0.0487,90436,331.5,0.000000,0.0000940,0.0473,84989,316.8,0.099853
131.05,0.0024269,131.1,0.001222,911.9,564848,1595.9,49901,832.0,12.34,0.001522,671.1,0.000000,1514.9,715248,640.5,94542,958.3,-2.87,-0.000582,311.1,0.011988,1068.0,112955,1009.4,115120,1070.8,51.58,0.011407,491.1,0.000000,1371.2,71335,358.4,83800,924.2,2.39,0.000445,0.0001707,0.0477,84521,326.5,-0.000000,0.0001703,0.0483,60944,299.6,0.000000,0.0000166,0.0487,91049,332.1,0.000000,0.0000957,0.0473,86269,318.3,0.096988
132.08,0.0024459,132.1,0.001573,910.6,560077,1592.2,49610,833.0,15.45,0.001893,672.1,0.000000,2163.4,741175,646.2,98388,967.2,-8.13,-0.001701,312.1,0.008940,1071.5,115222,1012.9,116223,1073.1,33.30,0.007419,492.1,0.000000,339.8,72499,359.3,82754,921.5,2.23,0.000413,0.0001707,0.0477,85042,327.0,-0.000000,0.0001703,0.0483,60769,299.3,0.000000,0.0000165,0.0487,91690,332.8,0.000000,0.0000976,0.0473,86692,318.8,0.099566
133.04,0.0024637,133.0,0.001974,909.7,555707,1588.8,49407,834.7,18.75,0.002283,673.0,0.000000,29088.0,766653,651.7,104250,980.3,-11.50,-0.002516,313.0,0.004485,1076.1,118162,1017.8,119190,1079.5,7.88,0.001791,493.0,0.000000,1394.1,73545,360.2,81933,919.4,1.88,0.000345,0.0001706,0.0477,85447,327.5,0.000000,0.0001703,0.0483,60643,299.2,0.000000,0.0000164,0.0487,92305,333.4,-0.000000,0.0000993,0.0473,87873,320.2,0.096514
134.07,0.0024828,134.1,0.002435,909.2,551148,1585.3,49287,837.4,22.74,0.002753,674.1,0.000000,100.0,795147,657.7,110717,994.2,-10.64,-0.002438,314.1,-0.001997,1086.5,122640,1025.5,123238,1088.1,-21.42,-0.004991,494.1,0.000000,363.9,74699,361.1,81291,917.7,1.34,0.000245,0.0001706,0.0477,85803,327.8,0.000000,0.0001703,0.0483,60566,299.0,0.000000,0.0000164,0.0487,93000,334.1,0.000000,0.0001012,0.0473,88249,320.6,0.098869
135.10,0.0025018,135.1,0.002979,909.1,546684,1581.7,49264,841.3,27.36,0.003296,675.1,0.000000,517.9,825085,663.8,115257,1003.5,-6.67,-0.001576,315.1,-0.005421,1098.5,128034,1034.9,128373,1098.5,-31.39,-0.007547,495.1,-0.000000,308.2,75802,362.0,80931,916.8,0.72,0.000131,0.0001705,0.0477,86102,328.2,-0.000000,0.0001703,0.0483,60573,299.1,0.000000,0.0000165,0.0487,93761,334.9,-0.000000,0.0001031,0.0473,89358,321.9,0.095686
136.06,0.0025196,136.1,0.003582,909.5,542577,1578.4,49321,845.8,32.34,0.003879,676.1,0.000000,100.0,854533,669.6,117046,1007.1,-2.52,-0.000602,316.1,-0.004838,1113.1,133238,1043.6,133551,1108.7,-26.56,-0.006580,496.1,0.000000,100.0,76867,362.8,80822,916.5,0.22,0.000040,0.0001705,0.0477,86352,328.4,0.000000,0.0001703,0.0483,60653,299.2,0.000000,0.0000166,0.0487,94550,335.6,-0.000000,0.0001048,0.0473,89676,322.3,0.097696
137.09,0.0025387,137.1,0.004265,910.2,538273,1575.0,49461,851.7,38.36,0.004583,677.1,0.000000,1437.0,887486,676.0,116669,1006.4,1.01,0.000241,317.1,-0.001672,1117.7,138406,1051.7,138687,1118.6,-12.36,-0.003153,497.1,-0.000000,1029.0,77950,363.6,80850,916.6,-0.08,-0.000014,0.0001704,0.0477,86611,328.7,0.000000,0.0001703,0.0483,60850,299.4,0.000000,0.0000167,0.0487,95467,336.5,-0.000000,0.0001066,0.0473,90699,323.5,0.094284
138.05,0.0025566,138.1,0.005031,911.1,534302,1571.7,49645,857.9,44.74,0.005326,678.1,0.000000,2529.2,919899,682.0,114887,1002.8,3.16,0.000744,318.1,0.003239,1124.8,142479,1057.6,143912,1128.0,5.64,0.001479,498.1,-0.000000,762.2,78953,364.4,80887,916.7,-0.06,-0.000012,0.0001703,0.0477,86867,329.0,-0.000000,0.0001703,0.0483,61164,299.9,0.000000,0.0000166,0.0487,96378,337.4,-0.000000,0.0001083,0.0473,91770,324.7,0.093377
139.08,0.0025756,139.1,0.005886,912.2,530123,1568.3,49871,865.3,52.41,0.006214,679.1,0.000000,1910.7,956179,688.6,112052,997.0,4.68,0.001083,319.1,0.006083,1131.4,146365,1062.8,148936,1136.3,21.89,0.005903,499.1,-0.000000,1617.6,80053,365.2,80848,916.6,0.13,0.000024,0.0001702,0.0477,87172,329.3,-0.000000,0.0001703,0.0483,61699,300.6,0.000000,0.0000165,0.0487,97358,338.4,-0.000000,0.0001101,0.0473,91914,324.8,0.095093
140.05,0.0025935,140.1,0.006831,913.3,526253,1565.2,50079,872.4,60.44,0.007136,680.1,0.000000,277.9,991867,694.9,108794,990.3,5.77,0.001304,320.1,0.007048,1138.0,149943,1067.4,150616,1138.7,25.51,0.006940,500.1,-0.000000,100.0,81031,365.9,80641,916.0,0.56,0.000101,0.0001701,0.0477,87499,329.6,0.000000,0.0001703,0.0483,62469,301.6,0.000000,0.0000164,0.0487,98251,339.2,-0.000000,0.0001117,0.0473,92924,326.0,0.091459
141.08,0.0026126,141.1,0.007868,914.4,522166,1561.8,50276,880.0,69.85,0.008208,681.1,0.000000,2511.6,1031805,701.7,104862,981.9,6.72,0.001476,321.1,0.011138,1143.1,152938,1070.8,154511,1144.1,36.99,0.010278,501.1,0.000000,470.3,82107,366.7,80188,914.8,1.09,0.000196,0.0001699,0.0477,87888,330.0,-0.000000,0.0001703,0.0483,63663,303.2,0.000000,0.0000161,0.0487,99137,340.1,0.000000,0.0001135,0.0473,93135,326.2,0.093229
142.05,0.0026305,142.0,0.008991,915.5,518367,1558.6,50438,886.8,79.36,0.009285,682.0,0.000000,923.2,1071077,708.2,100943,973.3,7.32,0.001562,322.0,0.013027,1146.9,155390,1073.3,157900,1148.3,45.57,0.012889,502.0,0.000000,100.0,83064,367.4,79581,913.2,1.50,0.000268,0.0001697,0.0477,88277,330.4,0.000000,0.0001703,0.0483,65147,305.2,0.000000,0.0000159,0.0487,99874,340.8,-0.000000,0.0001151,0.0473,94101,327.2,0.089565
143.08,0.0026497,143.1,0.010184,916.6,514342,1555.2,50597,893.4,90.02,0.010488,683.1,0.000000,100.0,1115003,715.2,96709,963.7,7.70,0.001589,323.1,0.012169,1137.0,158267,1076.2,157630,1147.1,40.06,0.011324,503.1,-0.000000,1437.3,84079,368.1,78798,911.1,1.82,0.000323,0.0001696,0.0477,88689,330.9,-0.000000,0.0001703,0.0483,67029,307.6,0.000000,0.0000157,0.0487,100510,341.4,0.000049,0.0001168,0.0473,95173,328.4,0.088950
144.05,0.0026676,144.0,0.011434,917.9,510590,1552.1,50756,898.7,100.38,0.011661,684.0,0.000000,23052.4,1158166,721.9,92737,954.4,8.03,0.001606,324.0,0.014663,1138.0,160429,1077.9,160103,1148.9,43.57,0.012488,504.0,0.000000,2139.5,85057,368.8,78001,909.0,1.95,0.000345,0.0001693,0.0477,89054,331.2,-0.000000,0.0001703,0.0483,68919,310.0,0.000000,0.0000154,0.0487,100920,341.8,0.000251,0.0001184,0.0473,95305,328.4,0.090405
145.08,0.0026867,145.1,0.012752,919.5,506605,1548.7,50961,903.5,111.84,0.012977,685.1,0.000000,618.0,1206401,729.2,88599,944.4,8.09,0.001561,325.1,0.015190,1138.3,162598,1079.4,162449,1149.7,45.35,0.013180,505.1,-0.000000,227.2,86053,369.5,77164,906.7,1.93,0.000338,0.0001691,0.0477,89395,331.6,-0.000000,0.0001703,0.0483,70880,312.4,0.000000,0.0000151,0.0487,101313,342.1,0.000204,0.0001201,0.0473,96296,329.5,0.087134
146.05,0.0027047,146.1,0.014141,921.4,502879,1545.6,51202,907.2,123.00,0.014281,686.1,0.000000,100.0,1253748,736.1,85139,935.8,7.45,0.001395,326.1,0.015739,1138.6,164476,1080.6,164858,1150.5,47.65,0.014046,506.1,-0.000000,3409.5,87016,370.1,76417,904.7,1.87,0.000324,0.0001688,0.0477,89647,331.8,0.000000,0.0001703,0.0483,72539,314.4,0.000000,0.0000149,0.0487,101651,342.4,0.000118,0.0001217,0.0473,96517,329.6,0.088702
147.09,0.0027238,147.1,0.015605,923.9,498911,1542.2,51539,910.4,135.22,0.015746,687.1,0.000000,1019.0,1306594,743.5,82208,928.2,6.01,0.001096,327.1,0.015147,1137.5,166605,1082.1,165873,1149.2,46.44,0.013791,507.1,0.000000,758.9,87996,370.8,75628,902.5,1.88,0.000324,0.0001686,0.0477,89828,332.0,0.000000,0.0001703,0.0483,74044,316.1,0.000000,0.0000146,0.0487,101985,342.8,0.000003,0.0001233,0.0473,97469,330.6,0.085360
148.06,0.0027418,148.1,0.017189,926.8,495186,1539.0,52050,913.5,147.15,0.017248,688.1,0.000000,758.3,1358395,750.6,80294,923.2,4.31,0.000771,328.1,0.017857,1118.0,167812,1082.3,169383,1150.8,54.99,0.016650,508.1,0.000000,773.3,88907,371.4,74842,900.4,2.04,0.000348,0.0001682,0.0477,89906,332.1,0.000000,0.0001703,0.0483,75193,317.5,0.000000,0.0000142,0.0487,102291,343.1,-0.000077,0.0001248,0.0473,98477,331.6,0.084441
149.09,0.0027609,149.1,0.018905,931.1,491199,1535.6,52913,917.4,159.93,0.018974,689.1,0.000000,100.0,1416122,758.2,79057,919.9,2.58,0.000456,329.1,0.017383,1116.0,169120,1082.4,170670,1148.9,57.86,0.017683,509.1,-0.000000,105.2,89911,372.1,73851,897.6,2.49,0.000421,0.0001679,0.0477,89892,332.1,-0.000000,0.0001703,0.0483,76152,318.6,0.000000,0.0000139,0.0487,102633,343.7,-0.000170,0.0001265,0.0473,98678,331.7,0.086058
150.06,0.0027789,150.1,0.020666,936.3,487443,1532.3,53962,921.8,171.48,0.020650,690.1,0.000000,743.3,1472607,765.5,78532,918.5,1.13,0.000199,330.1,0.018107,1113.5,170007,1082.0,171451,1146.2,60.34,0.018568,510.1,0.000000,1460.9,90810,372.7,72627,894.2,3.32,0.000555,0.0001675,0.0477,89799,332.0,0.000000,0.0001703,0.0483,76834,319.4,0.000000,0.0000136,0.0487,102986,344.4,-0.000287,0.0001280,0.0473,99621,332.6,0.082729
151.10,0.0027981,151.1,0.022468,942.7,483416,1528.9,55261,927.0,183.48,0.022501,691.1,0.000000,191.9,1535425,773.2,78604,918.7,-0.34,-0.000060,331.1,0.017631,1126.3,170924,1081.5,170209,1140.5,57.07,0.017522,511.1,-0.000000,397.8,91769,373.3,70889,889.2,4.49,0.000737,0.0001671,0.0477,89611,331.8,-0.000000,0.0001703,0.0483,77371,320.0,0.000000,0.0000132,0.0487,103416,345.5,-0.000430,0.0001295,0.0473,100713,333.6,0.082201
152.07,0.0028160,152.1,0.024329,949.0,479615,1525.6,56588,931.9,194.68,0.024317,692.1,0.000000,1738.5,1596747,780.6,79269,920.5,-1.79,-0.000316,332.1,0.020080,1122.7,170836,1079.6,171475,1137.9,61.51,0.019069,512.1,0.000000,990.7,92698,373.9,68940,883.5,5.38,0.000863,0.0001666,0.0477,89367,331.5,0.000000,0.0001703,0.0483,77737,320.4,0.000000,0.0000129,0.0487,103876,346.7,-0.000599,0.0001310,0.0473,100913,333.7,0.083726
153.10,0.0028352,153.1,0.026270,956.3,475529,1522.0,58176,937.6,206.29,0.026329,693.1,0.000000,100.0,1664763,788.4,80535,923.8,-2.97,-0.000532,333.1,0.019074,1118.3,170798,1077.6,171260,1133.3,60.64,0.018850,513.1,0.000000,1075.8,93652,374.6,66754,876.9,5.76,0.000901,0.0001661,0.0477,89057,331.2,-0.000000,0.0001703,0.0483,78029,320.7,0.000000,0.0000125,0.0487,104434,348.4,-0.000800,0.0001326,0.0473,101968,334.6,0.080702
154.07,0.0028532,154.1,0.028273,964.3,471662,1518.7,60022,944.2,215.92,0.028234,694.1,0.000000,100.0,1730957,795.8,81914,927.5,-3.24,-0.000589,334.1,0.019142,1100.3,170451,1075.3,171962,1130.4,61.52,0.019251,514.1,-0.000000,26743.2,94542,375.2,64777,870.9,5.70,0.000873,0.0001656,0.0477,88741,330.9,-0.000000,0.0001703,0.0483,78249,321.0,0.000000,0.0000121,0.0487,105023,350.3,-0.001034,0.0001340,0.0473,103063,335.6,0.079818
155.04,0.0028712,155.0,0.030281,974.2,467757,1515.3,62645,953.4,222.69,0.030101,695.0,0.000000,169.9,1799465,803.2,83170,930.8,-2.86,-0.000526,335.0,0.016796,1111.6,170576,1073.6,170435,1125.1,54.63,0.017024,515.0,0.000000,1576.1,95432,375.8,62937,865.1,5.45,0.000816,0.0001651,0.0477,88417,330.5,-0.000000,0.0001703,0.0483,78453,321.2,0.000000,0.0000118,0.0487,105679,352.7,-0.001295,0.0001354,0.0473,104222,336.6,0.079200
156.08,0.0028904,156.1,0.032375,990.4,463547,1511.6,67479,969.8,222.34,0.031826,696.1,0.000000,1014.6,1875017,811.1,84237,933.5,-2.22,-0.000411,336.1,0.017002,1109.0,170281,1071.1,170569,1121.9,52.04,0.016275,516.1,-0.000000,5201.1,96421,376.4,61173,859.4,5.01,0.000734,0.0001645,0.0477,88083,330.2,0.000000,0.0001703,0.0483,78694,321.5,0.000000,0.0000114,0.0487,106458,355.8,-0.001606,0.0001370,0.0473,104540,336.7,0.081004
157.05,0.0029084,157.1,0.034460,1010.5,459559,1508.1,73974,990.5,218.01,0.033493,697.1,0.000000,100.0,1948483,819.8,85028,935.5,-1.78,-0.000332,337.1,0.015137,1106.3,170288,1069.1,169611,1117.8,46.62,0.014552,517.1,0.000000,1518.9,97316,377.0,59735,854.7,4.48,0.000644,0.0001638,0.0477,87796,329.9,0.000000,0.0001703,0.0483,78971,321.8,0.000000,0.0000111,0.0487,107273,359.2,-0.001960,0.0001384,0.0473,105620,337.6,0.078063
158.09,0.0029276,158.1,0.036439,1030.0,455268,1504.3,80738,1010.4,216.72,0.035625,698.1,0.000000,925.3,2031392,828.8,85832,937.6,-1.74,-0.000327,338.1,0.015237,1104.1,169835,1066.3,169967,1115.3,45.71,0.014330,518.1,0.000000,910.1,98274,377.6,58435,850.4,3.86,0.000545,0.0001631,0.0477,87534,329.6,0.000000,0.0001703,0.0483,79347,322.2,0.000000,0.0000108,0.0487,108245,363.6,-0.002358,0.0001399,0.0473,106718,338.5,0.077633
159.06,0.0029456,159.1,0.038363,1044.1,451215,1500.8,85757,1024.1,219.40,0.037795,699.1,0.000000,100.0,2115439,838.8,86716,939.8,-2.01,-0.000382,339.1,0.013600,1101.3,169577,1063.9,169019,1111.5,42.02,0.013144,519.1,0.000000,6512.7,99172,378.2,57443,847.1,3.20,0.000446,0.0001625,0.0477,87340,329.4,0.000000,0.0001703,0.0483,79793,322.7,0.000000,0.0000105,0.0487,109265,368.5,-0.002800,0.0001413,0.0473,107784,339.4,0.076832
160.10,0.0029648,160.1,0.040325,1054.8,446855,1496.9,89477,1033.5,225.49,0.040159,700.1,0.000000,100.0,2214263,852.1,87792,942.5,-2.25,-0.000430,340.1,0.013786,1097.8,168721,1060.5,168648,1108.1,42.21,0.013217,520.1,-0.000000,100.0,100132,378.9,56654,844.4,2.38,0.000328,0.0001617,0.0477,87200,329.2,0.000000,0.0001703,0.0483,80394,323.4,0.000000,0.0000102,0.0487,110482,374.5,-0.003284,0.0001427,0.0473,108839,340.2,0.076212
161.07,0.0029828,161.1,0.042280,1061.5,442733,1493.3,91543,1038.3,233.28,0.042306,701.1,0.000000,543.8,2317888,867.7,88853,945.1,-2.32,-0.000448,341.1,0.013329,1064.9,167569,1056.7,167515,1103.6,42.21,0.013179,521.1,-0.000000,423.9,101061,379.5,56178,842.7,1.53,0.000210,0.0001609,0.0477,87144,329.2,0.000000,0.0001703,0.0483,81099,324.1,0.000000,0.0000099,0.0487,111739,381.1,-0.003807,0.0001441,0.0473,109046,340.3,0.077416
162.05,0.0030008,162.0,0.044129,1065.8,438580,1489.6,92414,1040.2,242.33,0.044289,702.0,0.000000,381.6,2434527,887.0,89941,947.8,-2.35,-0.000459,342.0,0.013378,1059.8,165839,1052.0,166412,1098.1,43.84,0.013666,522.0,-0.000000,100.0,101950,380.1,55975,842.0,0.60,0.000082,0.0001601,0.0477,87163,329.2,-0.000000,0.0001703,0.0483,81974,325.1,0.000000,0.0000095,0.0487,113097,388.6,-0.004348,0.0001455,0.0473,109921,341.0,0.074033
163.08,0.0030201,163.1,0.046007,1068.2,434118,1485.6,92495,1040.0,253.03,0.046293,703.1,0.000000,2059.0,2575938,912.4,91179,950.8,-2.50,-0.000494,343.1,0.012467,1052.9,163728,1046.6,163689,1090.4,42.52,0.013129,523.1,-0.000000,799.1,102893,380.7,56061,842.3,-0.37,-0.000050,0.0001592,0.0477,87273,329.3,0.000000,0.0001703,0.0483,83124,326.3,0.000000,0.0000092,0.0487,114629,397.8,-0.004938,0.0001469,0.0473,110758,341.6,0.072915
164.06,0.0030381,164.1,0.048054,1069.7,429891,1481.8,92259,1039.0,264.74,0.048355,704.1,0.000000,765.2,2726873,941.4,92487,953.9,-2.79,-0.000556,344.1,0.012348,1046.1,161137,1040.5,161083,1082.9,41.83,0.012799,524.1,0.000000,1164.1,103766,381.2,56354,843.3,-1.03,-0.000141,0.0001584,0.0477,87476,329.5,-0.000000,0.0001703,0.0483,84419,327.7,0.000000,0.0000089,0.0487,116108,407.4,-0.005557,0.0001482,0.0473,111525,342.2,0.071384
165.10,0.0030573,165.1,0.068081,1123.5,424151,1476.8,105036,1070.9,341.16,0.068834,705.1,0.000000,1355.9,2909906,978.2,94085,957.7,-3.14,-0.000635,345.1,0.011909,1038.6,157822,1033.2,158287,1074.9,41.43,0.012549,525.1,0.000000,231.5,104689,381.8,56780,844.8,-1.42,-0.000197,0.0001571,0.0477,87802,329.8,-0.000000,0.0001703,0.0483,86008,329.4,0.000000,0.0000085,0.0487,117690,419.0,-0.006202,0.0001495,0.0473,112256,342.7,0.070037
166.07,0.0030754,166.1,0.073786,1129.0,418509,1471.9,106640,1073.9,363.26,0.074204,706.1,0.000000,553.5,3104094,1018.7,95681,961.5,-3.22,-0.000660,346.1,0.010219,1058.7,154718,1026.2,154325,1066.0,37.51,0.011169,526.1,0.000000,993.0,105542,382.4,58040,849.1,-5.39,-0.000758,0.0001557,0.0477,88209,330.3,-0.000000,0.0001703,0.0483,87633,331.1,0.000000,0.0000082,0.0487,119138,431.1,-0.006870,0.0001507,0.0473,112952,343.2,0.068328
167.04,0.0030934,167.0,0.076668,1133.2,412778,1466.9,107474,1075.4,376.06,0.077309,707.0,0.000000,825.2,3321607,1065.3,97195,965.0,-2.96,-0.000612,347.0,0.010025,1022.9,150973,1018.1,151348,1058.5,36.39,0.010702,527.0,0.000000,1672.9,106383,382.9,65961,875.1,-29.92,-0.004639,0.0001543,0.0477,88698,330.8,0.000000,0.0001703,0.0483,89302,332.8,0.000000,0.0000079,0.0487,120515,444.5,-0.007535,0.0001519,0.0473,113605,343.6,0.066753
168.08,0.0031127,168.1,0.079479,1139.8,406577,1461.4,109669,1080.2,383.85,0.080165,708.1,0.000000,100.0,3580314,1121.7,98449,967.9,-2.15,-0.000450,348.1,0.008235,1013.9,147016,1009.4,147152,1049.4,32.53,0.009385,528.1,-0.000000,1895.1,107270,383.5,86256,932.0,-50.06,-0.009531,0.0001528,0.0477,89275,331.4,0.000000,0.0001703,0.0483,91041,334.5,0.000000,0.0000076,0.0487,121875,460.2,-0.008235,0.0001532,0.0473,114229,344.1,0.065203
169.06,0.0031308,169.1,0.082157,1150.5,400690,1456.2,115093,1092.4,379.76,0.082310,709.1,0.000000,100.0,3848115,1180.8,99087,969.3,-1.10,-0.000231,349.1,0.007098,1005.4,143055,1000.7,143359,1041.3,28.97,0.008205,529.1,0.000000,100.0,108087,384.0,103266,972.0,-32.74,-0.007155,0.0001513,0.0477,89826,331.9,0.000000,0.0001703,0.0483,92561,336.0,0.000000,0.0000073,0.0487,123024,476.5,-0.008946,0.0001544,0.0473,114825,344.5,0.063344
170.10,0.0031501,170.1,0.084747,1168.3,394334,1450.4,125722,1115.2,363.87,0.084383,710.1,0.000000,761.6,4160131,1250.3,99128,969.4,0.08,0.000017,350.1,0.005504,1028.7,138791,991.2,139045,1032.7,24.06,0.006663,530.1,-0.000000,100.0,108918,384.6,111577,989.8,-11.79,-0.002734,0.0001497,0.0477,90386,332.5,0.000000,0.0001703,0.0483,94009,337.5,0.000000,0.0000070,0.0487,124108,495.4,-0.009661,0.0001555,0.0473,116032,345.4,0.059900
171.08,0.0031682,171.1,0.087278,1186.2,388309,1445.0,136799,1137.0,350.53,0.086756,711.1,0.000000,465.1,4475916,1321.0,98589,968.2,1.19,0.000249,351.1,0.003886,1022.0,134786,982.2,134881,1024.7,18.85,0.005104,531.1,-0.000000,416.8,109711,385.1,112392,991.5,-0.61,-0.000142,0.0001481,0.0477,90861,333.0,-0.000000,0.0001703,0.0483,95174,338.6,0.000000,0.0000067,0.0487,124993,514.7,-0.010377,0.0001566,0.0473,116524,345.7,0.059804
172.06,0.0031863,172.1,0.089463,1199.4,382234,1439.4,145121,1152.0,343.95,0.089128,712.1,0.000000,983.8,4811981,1396.8,97518,965.8,2.18,0.000453,352.1,0.002684,1015.7,130620,972.7,131190,1017.6,14.54,0.003855,532.1,-0.000000,1076.5,110489,385.6,110080,986.8,4.08,0.000936,0.0001465,0.0477,91279,333.4,0.000000,0.0001703,0.0483,96146,339.5,0.000000,0.0000065,0.0487,125765,535.5,-0.011068,0.0001576,0.0473,116992,346.0,0.057969
173.10,0.0032056,173.1,0.091178,1208.1,375733,1433.4,150380,1160.8,342.55,0.091285,713.1,0.000000,25217.4,5189448,1482.3,95967,962.2,2.94,0.000603,353.1,0.000871,1009.3,126312,962.6,127013,1010.1,8.42,0.002179,533.1,-0.000000,22062.7,111307,386.1,107697,981.8,3.57,0.000806,0.0001447,0.0477,91665,333.8,0.000000,0.0001703,0.0483,96976,340.3,0.000000,0.0000062,0.0487,126477,559.3,-0.011774,0.0001587,0.0473,117443,346.2,0.056163
174.09,0.0032238,174.1,0.092809,1212.3,369622,1427.7,152413,1163.9,345.83,0.093162,714.1,0.000000,559.9,5557145,1566.3,94277,958.3,3.40,0.000689,354.1,0.000448,1004.7,123294,954.9,124333,1005.1,5.58,0.001420,534.1,0.000000,882.6,112059,386.6,105856,977.9,3.32,0.000740,0.0001430,0.0477,91981,334.1,0.000000,0.0001703,0.0483,97575,340.9,0.000000,0.0000061,0.0487,123600,563.8,-0.009275,0.0001597,0.0473,117875,346.5,0.054142
175.07,0.0032420,175.1,0.094258,1214.0,363503,1421.9,152364,1163.4,351.39,0.094667,715.1,0.000000,2085.3,5933683,1653.0,92482,954.0,3.65,0.000729,355.1,-0.000101,998.5,121176,948.7,121901,1000.5,2.22,0.000555,535.1,-0.000000,925.4,112797,387.1,103903,973.7,3.51,0.000770,0.0001413,0.0477,92270,334.4,-0.000000,0.0001703,0.0483,98019,341.3,0.000000,0.0000059,0.0487,121042,566.6,-0.007251,0.0001607,0.0473,118321,346.7,0.052279
176.05,0.0032602,176.0,0.095546,1213.8,357384,1416.1,151001,1160.7,358.42,0.095921,716.0,0.000000,100.0,6314138,1741.7,90670,949.7,3.74,0.000735,356.0,-0.000414,996.2,119311,943.0,119906,996.7,1.35,0.000334,536.0,0.000000,100.0,113499,387.5,102216,970.0,2.98,0.000647,0.0001396,0.0477,92548,334.7,0.000000,0.0001703,0.0483,98330,341.6,0.000000,0.0000058,0.0487,119486,570.1,-0.006378,0.0001615,0.0473,119257,347.4,0.048840
177.10,0.0032796,177.1,0.096998,1212.8,350846,1409.7,149145,1157.1,367.60,0.097468,717.1,0.000000,740.2,6718318,1837.5,88773,945.0,3.74,0.000722,357.1,-0.000334,993.0,117551,937.3,118113,993.3,1.39,0.000340,537.1,0.000000,2172.0,114263,388.0,100643,966.6,2.80,0.000599,0.0001377,0.0477,92847,335.0,-0.000000,0.0001703,0.0483,98536,341.8,0.000000,0.0000057,0.0487,118027,572.3,-0.005173,0.0001625,0.0473,119628,347.6,0.048725
178.08,0.0032978,178.1,0.098411,1211.4,344709,1403.7,147042,1153.1,376.86,0.098858,718.1,0.000000,1895.7,7089807,1927.5,87042,940.7,3.71,0.000706,358.1,-0.000253,990.0,116236,932.5,116626,990.4,1.36,0.000329,538.1,-0.000000,806.2,114968,388.5,98908,962.7,3.43,0.000725,0.0001359,0.0477,93142,335.3,-0.000000,0.0001703,0.0483,98633,341.9,0.000000,0.0000057,0.0487,116400,572.0,-0.003741,0.0001633,0.0473,120025,347.9,0.046831
179.06,0.0033160,179.1,0.099704,1209.9,338568,1397.6,144806,1148.8,386.20,0.100138,719.1,0.000000,739.2,7448457,2016.8,85385,936.6,3.60,0.000676,359.1,-0.000224,987.4,114881,927.7,115305,987.8,1.17,0.000280,539.1,0.000000,100.0,115641,388.9,96554,957.3,4.75,0.000986,0.0001341,0.0477,93453,335.6,0.000000,0.0001703,0.0483,98657,341.9,0.000000,0.0000056,0.0487,115240,572.3,-0.003168,0.0001641,0.0473,120894,348.5,0.043679
180.05,0.0033343,180.0,0.100917,1208.4,332426,1391.5,142591,1144.5,395.34,0.101321,0.0,0.000000,1383.2,7788746,2104.7,83864,932.7,3.35,0.000619,360.0,-0.000263,985.1,113748,923.3,114114,985.4,0.80,0.000191,540.0,0.000000,4567.2,116327,389.3,93438,950.1,6.34,0.001283,0.0001323,0.0477,93772,335.9,0.000000,0.0001703,0.0483,98626,341.9,0.000000,0.0000056,0.0487,113885,571.3,-0.002143,0.0001649,0.0473,121235,348.7,0.043491
181.10,0.0033537,181.1,0.102091,1206.9,325879,1384.8,140304,1140.0,404.84,0.102494,1.1,0.000000,210.9,8125673,2195.8,82437,929.0,2.98,0.000544,361.1,-0.000424,982.1,112125,917.8,112844,982.9,-0.05,-0.000011,541.1,0.000000,100.0,117053,389.8,89734,941.3,7.09,0.001390,0.0001303,0.0477,94109,336.2,0.000000,0.0001703,0.0483,98551,341.8,0.000000,0.0000055,0.0487,113040,571.0,-0.002497,0.0001658,0.0473,121593,348.9,0.041908
182.09,0.0033720,182.1,0.103185,1205.5,319747,1378.4,138198,1135.8,413.61,0.103522,2.1,0.000000,1231.2,8412155,2278.1,81262,925.9,2.68,0.000484,362.1,-0.000498,980.6,111126,913.7,111873,980.9,-0.59,-0.000137,542.1,-0.000000,100.0,117704,390.2,86618,933.6,6.48,0.001236,0.0001284,0.0477,94410,336.5,0.000000,0.0001703,0.0483,98471,341.7,0.000000,0.0000055,0.0487,111681,569.1,-0.000888,0.0001665,0.0473,122358,349.4,0.038865
183.07,0.0033903,183.1,0.104166,1204.1,313624,1372.0,136083,1131.6,422.34,0.104480,3.1,0.000000,100.0,8665954,2356.6,80185,923.1,2.51,0.000448,363.1,-0.000514,979.0,110124,909.6,111062,979.3,-0.85,-0.000199,543.1,-0.000000,385.5,118369,390.7,84076,927.2,5.47,0.001021,0.0001265,0.0477,94679,336.8,0.000000,0.0001703,0.0483,98398,341.7,0.000000,0.0000055,0.0487,110558,567.4,-0.000331,0.0001672,0.0473,122684,349.6,0.038615
184.06,0.0034086,184.1,0.105071,1202.7,307512,1365.5,133936,1127.2,431.07,0.105362,4.1,0.000000,100.0,8883577,2430.7,79152,920.3,2.44,0.000432,364.1,-0.000541,977.6,109049,905.3,110343,977.8,-1.12,-0.000261,544.1,0.000000,252.9,119009,391.1,81922,921.7,4.83,0.000884,0.0001246,0.0477,94907,337.0,-0.000000,0.0001703,0.0483,98345,341.6,0.000000,0.0000056,0.0487,109499,565.9,0.000100,0.0001678,0.0473,123387,350.1,0.035838
185.05,0.0034269,185.1,0.105895,1201.2,301416,1359.0,131821,1122.9,439.58,0.106156,5.1,0.000000,477.6,9062268,2499.8,78140,917.6,2.42,0.000424,365.1,-0.000574,976.2,107841,900.4,109659,976.4,-1.31,-0.000303,545.1,0.000000,100.0,119662,391.6,79921,916.5,4.65,0.000834,0.0001226,0.0477,95091,337.2,0.000000,0.0001703,0.0483,98334,341.6,0.000000,0.0000056,0.0487,108368,564.2,0.000465,0.0001685,0.0473,123651,350.2,0.035485
186.04,0.0034452,186.0,0.106637,1199.8,295337,1352.3,129767,1118.6,447.81,0.106866,6.0,0.000000,846.0,9200074,2563.4,77149,914.9,2.40,0.000416,366.0,-0.000593,974.8,106534,894.8,108961,975.0,-1.35,-0.000311,546.0,0.000000,100.0,120291,392.0,77931,911.1,4.75,0.000835,0.0001207,0.0477,95231,337.3,0.000000,0.0001703,0.0483,98362,341.6,0.000000,0.0000056,0.0487,107147,562.4,0.000936,0.0001691,0.0473,124283,350.7,0.032793
187.10,0.0034647,187.1,0.107053,1197.2,288890,1345.2,127543,1113.9,454.98,0.107163,7.1,0.000000,100.0,9300766,2624.7,76122,912.1,2.35,0.000404,367.1,-0.000590,973.1,105066,888.1,108137,973.3,-1.18,-0.000269,547.1,0.000000,1464.0,120960,392.4,75844,905.4,4.74,0.000817,0.0001186,0.0477,95338,337.4,-0.000000,0.0001703,0.0483,98462,341.7,0.000000,0.0000056,0.0487,105760,560.3,0.001542,0.0001697,0.0473,124856,351.0,0.031350
188.09,0.0034831,188.1,0.107061,1194.7,282903,1338.4,125657,1109.9,460.61,0.107276,8.1,0.000000,5844.8,9351491,2675.8,75190,909.5,2.31,0.000393,368.1,-0.000565,971.1,103660,881.0,107236,971.4,-0.84,-0.000191,548.1,-0.000000,1356.2,121594,392.9,74046,900.5,4.41,0.000746,0.0001166,0.0477,95403,337.5,-0.000000,0.0001703,0.0483,98635,341.9,0.000000,0.0000057,0.0487,104414,558.2,0.002273,0.0001702,0.0473,125030,351.1,0.030570
189.08,0.0035015,189.1,0.107029,1192.5,276971,1331.6,124069,1106.4,465.35,0.107344,9.1,0.000000,100.0,9360571,2720.4,74277,906.9,2.29,0.000386,369.1,-0.000526,968.9,102253,873.2,106202,969.2,-0.44,-0.000099,549.1,0.000000,3487.7,122206,393.3,72583,896.3,3.61,0.000601,0.0001146,0.0477,95437,337.5,-0.000000,0.0001703,0.0483,98881,342.1,0.000000,0.0000058,0.0487,103012,555.8,0.003084,0.0001708,0.0473,125510,351.4,0.027892
190.07,0.0035199,190.1,0.106894,1190.5,271097,1324.7,122681,1103.4,468.80,0.107226,10.1,0.000000,9236.7,9329428,2758.4,73383,904.4,2.26,0.000377,370.1,-0.000477,966.5,100827,864.7,105074,966.8,-0.07,-0.000015,550.1,0.000000,100.0,122811,393.7,71563,893.4,2.51,0.000413,0.0001127,0.0477,95443,337.5,0.000000,0.0001703,0.0483,99192,342.4,0.000000,0.0000058,0.0487,101632,553.0,0.003808,0.0001712,0.0473,125945,351.7,0.026234
191.07,0.0035383,191.1,0.106672,1189.0,265284,1317.8,121958,1101.7,469.59,0.106939,11.1,0.000000,1093.2,9260205,2789.8,72559,902.0,2.07,0.000343,371.1,-0.000427,964.0,99397,855.7,103872,964.3,0.30,0.000067,551.1,-0.000000,100.0,123410,394.2,71057,891.9,1.15,0.000188,0.0001107,0.0477,95427,337.5,-0.000000,0.0001703,0.0483,99554,342.7,0.000000,0.0000059,0.0487,100262,549.8,0.004562,0.0001717,0.0473,126313,352.0,0.024544
192.07,0.0035568,192.1,0.106381,1188.7,259533,1310.9,122613,1102.9,465.76,0.106519,12.1,0.000000,16453.6,9155677,2814.7,71889,900.1,1.66,0.000273,372.1,-0.000380,961.1,97981,846.1,102572,961.5,0.71,0.000155,552.1,-0.000000,823.0,124003,394.6,71146,892.2,-0.40,-0.000065,0.0001087,0.0477,95391,337.5,-0.000000,0.0001703,0.0483,99952,343.1,0.000000,0.0000060,0.0487,98910,546.2,0.005352,0.0001721,0.0473,126636,352.2,0.022831
193.06,0.0035753,193.1,0.106028,1190.1,253846,1303.9,124973,1107.7,456.74,0.106005,13.1,0.000000,100.0,9019132,2833.4,71540,899.1,0.74,0.000120,373.1,-0.000192,958.8,96539,836.0,101318,958.7,1.75,0.000380,553.1,-0.000000,7634.8,124577,395.0,71866,894.3,-2.08,-0.000343,0.0001068,0.0477,95338,337.4,0.000000,0.0001703,0.0483,100373,343.5,0.000000,0.0000062,0.0487,97581,542.1,0.006209,0.0001725,0.0473,127158,352.6,0.020395
194.06,0.0035938,194.1,0.105617,1192.8,248224,1296.9,128553,1114.8,444.62,0.105469,14.1,0.000000,100.0,8854234,2846.0,71690,899.5,-0.55,-0.000090,374.1,0.000097,955.7,95084,825.1,99940,955.7,3.11,0.000670,554.1,-0.000000,821.0,125157,395.4,73086,897.8,-3.22,-0.000540,0.0001048,0.0477,95277,337.4,-0.000000,0.0001703,0.0483,100802,343.9,0.000000,0.0000063,0.0487,96231,537.6,0.007247,0.0001729,0.0473,127378,352.7,0.019423
195.06,0.0036123,195.1,0.105151,1195.9,242668,1289.8,132364,1122.1,432.55,0.104961,15.1,0.000000,1119.4,8664887,2853.1,72514,901.9,-2.41,-0.000399,375.1,0.000152,952.0,93720,813.8,98312,952.1,3.82,0.000811,555.1,0.000000,886.5,125721,395.8,74472,901.7,-3.48,-0.000592,0.0001029,0.0477,95219,337.3,-0.000000,0.0001703,0.0483,101224,344.3,0.000000,0.0000064,0.0487,94934,532.5,0.008302,0.0001732,0.0473,127778,353.0,0.017091
196.07,0.0036309,196.1,0.104631,1198.4,237179,1282.7,135599,1128.0,422.48,0.104473,16.1,0.000000,581.5,8455084,2854.9,74163,906.6,-4.40,-0.000741,376.1,0.000177,948.1,92450,802.3,96597,948.3,4.12,0.000864,556.1,0.000000,954.9,126218,396.2,75726,905.2,-3.02,-0.000520,0.0001009,0.0477,95174,337.3,0.000000,0.0001703,0.0483,101626,344.6,0.000000,0.0000066,0.0487,93721,526.9,0.009338,0.0001734,0.0473,128932,353.9,0.011613
197.07,0.0036495,197.1,0.104060,1200.0,231757,1275.6,137921,1132.0,414.82,0.103964,17.1,0.000000,756.0,8228782,2852.1,76262,912.5,-5.19,-0.000892,377.1,0.000186,944.1,91266,790.6,94860,944.3,4.27,0.000882,557.1,-0.000000,100.0,126748,396.6,76675,907.8,-2.21,-0.000383,0.0000990,0.0477,95152,337.2,-0.000000,0.0001703,0.0483,101997,345.0,0.000000,0.0000068,0.0487,92598,520.9,0.010339,0.0001736,0.0473,129180,354.1,0.012257
198.08,0.0036681,198.1,0.103438,1200.5,226405,1268.4,139364,1134.3,409.14,0.103402,18.1,0.000000,100.0,7989806,2845.2,78192,917.8,-4.49,-0.000787,378.1,0.000189,940.1,90159,778.8,93099,940.2,4.41,0.000897,558.1,-0.000000,265.8,127278,397.1,77269,909.5,-1.34,-0.000234,0.0000971,0.0477,95156,337.2,0.000000,0.0001703,0.0483,102334,345.3,0.000000,0.0000070,0.0487,91557,514.5,0.011318,0.0001738,0.0473,129323,354.1,0.010952
199.09,0.0036868,199.1,0.102768,1200.3,221125,1261.2,140120,1135.4,404.84,0.102775,19.1,0.000000,1310.1,7741898,2834.7,79570,921.5,-3.04,-0.000540,379.1,0.000192,935.8,89122,767.0,91303,936.0,4.57,0.000917,559.1,-0.000000,543.9,127808,397.5,77576,910.3,-0.67,-0.000118,0.0000952,0.0477,95190,337.3,-0.000000,0.0001703,0.0483,102637,345.6,0.000000,0.0000072,0.0487,90588,507.7,0.012289,0.0001740,0.0473,129444,354.2,0.009556
200.10,0.0037055,200.1,0.102050,1199.3,215927,1254.0,140403,1135.6,401.36,0.102083,20.1,0.000000,100.0,7488690,2821.2,80278,923.4,-1.46,-0.000261,380.1,0.000196,931.4,88149,755.2,89453,931.6,4.80,0.000948,560.1,0.000000,1642.8,128332,397.9,77665,910.6,-0.16,-0.000028,0.0000932,0.0477,95267,337.3,0.000000,0.0001703,0.0483,102912,345.8,0.000000,0.0000075,0.0487,89683,500.6,0.013257,0.0001741,0.0473,129656,354.4,0.007934
201.10,0.0037241,201.1,0.101287,1198.0,210811,1246.7,140390,1135.2,398.32,0.101331,21.1,0.000000,565.7,7233099,2805.1,80452,923.9,-0.32,-0.000057,381.1,0.000203,926.8,87233,743.4,87526,926.9,5.10,0.000990,561.1,0.000000,3638.2,128855,398.3,77572,910.3,0.28,0.000049,0.0000914,0.0477,95389,337.5,-0.000000,0.0001703,0.0483,103168,346.1,0.000000,0.0000077,0.0487,88834,493.1,0.014225,0.0001743,0.0473,129913,354.5,0.006485
202.04,0.0037415,202.0,0.100508,1196.6,206110,1239.9,140221,1134.6,395.63,0.100580,22.0,0.000000,100.0,6994615,2788.3,80439,923.9,-0.02,-0.000003,382.0,0.000233,731.4,86418,732.4,85660,921.9,5.31,0.001015,562.0,0.000000,624.2,129345,398.7,77273,909.5,0.83,0.000145,0.0000896,0.0477,95544,337.6,-0.000000,0.0001703,0.0483,103399,346.3,0.000000,0.0000080,0.0487,88084,485.9,0.015161,0.0001744,0.0473,130121,354.7,0.005335
203.05,0.0037602,203.1,0.099690,1194.8,201154,1232.7,139947,1133.8,392.76,0.099728,23.1,0.000000,930.9,6741206,2768.7,80628,924.4,-0.59,-0.000107,383.1,0.000000,284.4,85645,720.8,83343,916.1,5.00,0.000935,563.1,0.000000,994.0,129869,399.2,76683,907.9,1.48,0.000258,0.0000877,0.0477,95744,337.8,0.000000,0.0001703,0.0483,103649,346.5,0.000000,0.0000083,0.0487,87338,477.9,0.016060,0.0001744,0.0473,130361,354.9,0.003978
204.06,0.0037788,204.1,0.098244,1190.9,196312,1225.4,139005,1131.7,388.01,0.098039,24.1,0.000000,5366.6,6490369,2747.3,81480,926.6,-2.24,-0.000405,384.1,0.000000,100.0,84898,709.4,81238,910.7,4.69,0.000860,564.1,0.000000,585.9,130391,399.6,76083,906.2,1.37,0.000237,0.0000859,0.0477,95972,338.0,0.000000,0.0001703,0.0483,103909,346.7,0.000000,0.0000086,0.0487,86642,469.8,0.016960,0.0001745,0.0473,130616,355.1,0.002527
205.06,0.0037975,205.1,0.096255,1186.8,191612,1218.2,137858,1129.2,382.52,0.096066,25.1,0.000000,1292.0,6237233,2721.7,83294,931.3,-4.38,-0.000806,385.1,0.000000,100.0,84175,698.1,79270,905.6,4.50,0.000811,565.1,0.000000,1371.0,130897,400.0,75898,905.7,0.26,0.000045,0.0000841,0.0477,96216,338.3,-0.000000,0.0001703,0.0483,104181,347.0,0.000000,0.0000089,0.0487,85977,461.6,0.017872,0.0001745,0.0473,131174,355.6,0.000248
206.07,0.0038161,206.1,0.094313,1182.6,187049,1211.1,136713,1126.7,377.14,0.094136,26.1,0.000000,623.4,5993281,2696.6,85904,938.0,-5.86,-0.001103,386.1,0.000000,100.0,83476,686.9,77402,900.6,4.38,0.000775,566.1,-0.000000,1559.7,131395,400.5,76788,908.2,-3.04,-0.000529,0.0000824,0.0477,96468,338.5,0.000000,0.0001703,0.0483,104462,347.2,0.000000,0.0000093,0.0487,85335,453.4,0.018797,0.0001745,0.0473,131609,356.1,-0.001391
207.08,0.0038348,207.1,0.092421,1178.5,182618,1204.0,135504,1124.1,372.06,0.092263,27.1,0.000000,100.0,5758576,2671.8,88617,944.8,-5.64,-0.001088,387.1,0.000000,982.1,82800,675.8,75636,895.8,4.23,0.000735,567.1,-0.000000,1349.7,131890,400.9,81589,921.1,-13.07,-0.002381,0.0000806,0.0477,96718,338.8,0.000000,0.0001703,0.0483,104745,347.5,0.000000,0.0000097,0.0487,84716,445.1,0.019739,0.0001744,0.0473,131816,356.4,-0.002853
208.08,0.0038534,208.1,0.090575,1174.2,178314,1197.0,134156,1121.1,367.43,0.090444,28.1,0.000000,1871.5,5533101,2647.5,90630,949.8,-3.89,-0.000765,388.1,0.000000,16806.0,82147,664.8,73976,891.2,4.08,0.000696,568.1,-0.000000,2273.2,132351,401.3,90615,944.0,-20.08,-0.003965,0.0000790,0.0477,96955,339.0,-0.000000,0.0001703,0.0483,105020,347.7,0.000000,0.0000101,0.0487,84117,436.9,0.020700,0.0001743,0.0473,132483,357.3,-0.005855
209.09,0.0038720,209.1,0.088775,1169.7,174133,1190.1,132638,1117.8,363.28,0.088672,29.1,0.000000,5051.1,5316769,2623.6,91623,952.2,-1.75,-0.000346,389.1,0.000000,552.1,81515,654.0,72398,886.8,3.97,0.000667,569.1,-0.000000,1319.8,132806,401.7,99825,965.5,-17.54,-0.003730,0.0000773,0.0477,97165,339.2,0.000000,0.0001703,0.0483,105273,348.0,0.000000,0.0000105,0.0487,83539,428.7,0.021678,0.0001742,0.0473,132917,358.1,-0.007361
210.09,0.0038906,210.1,0.087020,1165.1,170071,1183.2,131046,1114.3,359.34,0.086928,30.1,0.000000,100.0,5109454,2600.1,91600,952.1,0.28,0.000056,390.1,0.000000,100.0,80904,643.4,70878,882.5,3.91,0.000647,570.1,-0.000000,447.4,133244,402.1,106948,981.2,-12.43,-0.002787,0.0000757,0.0477,97336,339.3,-0.000000,0.0001703,0.0483,105488,348.1,0.000000,0.0000109,0.0487,82978,420.7,0.022668,0.0001740,0.0473,133357,359.1,-0.009446
211.10,0.0039093,211.1,0.085306,1160.8,166122,1176.4,129772,1111.5,354.61,0.085168,31.1,0.000000,209.6,4910960,2577.0,90765,950.1,1.86,0.000365,391.1,0.000000,1622.4,80312,633.0,69395,878.2,3.91,0.000635,571.1,0.000000,1603.4,133670,402.4,112329,992.5,-8.93,-0.002079,0.0000741,0.0477,97462,339.5,0.000000,0.0001703,0.0483,105656,348.3,0.000000,0.0000113,0.0487,82434,412.9,0.023663,0.0001738,0.0473,133728,360.2,-0.011301
212.10,0.0039279,212.1,0.083632,1158.4,162285,1169.7,129807,1111.2,346.67,0.083303,32.1,0.000000,100.0,4721065,2554.3,89570,947.2,2.42,0.000471,392.1,0.000000,134.6,79737,622.7,67919,873.8,3.98,0.000637,572.1,-0.000000,688.6,134088,402.8,116721,1001.5,-7.04,-0.001688,0.0000725,0.0477,97537,339.5,-0.000000,0.0001703,0.0483,105774,348.4,0.000000,0.0000118,0.0487,81902,405.2,0.024653,0.0001735,0.0473,133960,361.4,-0.012958
213.04,0.0039452,213.0,0.082049,1159.7,158805,1163.5,132439,1116.2,333.45,0.081387,33.0,0.000000,642.7,4551642,2533.6,88688,945.0,1.84,0.000354,393.0,0.000000,1852.5,79214,613.3,66526,869.7,4.12,0.000648,573.0,-0.000000,4480.7,134461,403.1,120215,1008.4,-5.79,-0.001419,0.0000711,0.0477,97551,339.6,0.000000,0.0001703,0.0483,105840,348.5,0.000000,0.0000122,0.0487,81417,398.3,0.025588,0.0001733,0.0473,134204,362.7,-0.014972
214.04,0.0039637,214.0,0.080497,1166.4,155192,1156.9,138716,1128.1,313.41,0.079274,34.0,0.000000,206.5,4378648,2511.9,88371,944.2,0.44,0.000085,394.0,0.000000,969.3,78666,603.4,65013,865.1,4.29,0.000663,574.0,-0.000000,100.0,134883,403.5,122987,1013.8,-3.98,-0.000993,0.0000696,0.0477,97514,339.5,-0.000000,0.0001703,0.0483,105866,348.5,0.000000,0.0000127,0.0487,80909,391.3,0.026480,0.0001730,0.0473,133896,363.7,-0.014938
215.10,0.0039834,215.1,0.078876,1177.0,151463,1150.0,147549,1144.1,291.46,0.077323,35.1,0.000000,349.5,4203357,2489.3,88865,945.5,-1.30,-0.000250,395.1,0.000000,1138.0,78089,593.2,63384,860.0,4.46,0.000676,575.1,0.000000,717.4,135372,403.9,124418,1016.6,-1.68,-0.000424,0.0000681,0.0477,97398,339.4,-0.000000,0.0001703,0.0483,105851,348.5,0.000000,0.0000132,0.0487,80371,384.0,0.027389,0.0001727,0.0473,132970,364.3,-0.014221
216.09,0.0040017,216.1,0.067284,1180.3,148605,1144.5,147645,1147.6,243.29,0.064389,36.1,0.000000,100.0,4047195,2468.6,90284,948.9,-3.23,-0.000631,396.1,0.000000,100.0,77554,583.9,61851,855.2,4.59,0.000683,576.1,0.000000,576.4,135872,404.3,124586,1016.9,-0.10,-0.000025,0.0000668,0.0477,97215,339.2,0.000000,0.0001703,0.0483,105804,348.4,0.000000,0.0000138,0.0487,79865,377.6,0.028242,0.0001725,0.0473,131901,364.6,-0.013263
217.08,0.0040200,217.1,0.053066,1185.0,146514,1140.2,146879,1150.4,200.42,0.052640,37.1,0.000000,748.5,3898470,2448.4,92446,954.2,-4.59,-0.000916,397.1,0.000000,100.0,77020,574.9,60319,850.2,4.71,0.000688,577.1,-0.000000,496.8,136417,404.8,124093,1015.9,0.82,0.000206,0.0000659,0.0477,96963,339.0,-0.000000,0.0001703,0.0483,105730,348.4,0.000000,0.0000143,0.0487,79355,371.5,0.029011,0.0001723,0.0473,130748,364.8,-0.012201
218.07,0.0040383,218.1,0.042498,1108.7,144994,1137.0,144830,1150.6,164.86,0.042689,38.1,0.000000,1750.3,3756738,2428.6,94839,959.8,-4.79,-0.000973,398.1,0.000000,813.1,76484,566.1,58802,845.3,4.78,0.000684,578.1,0.000000,67364.5,137006,405.2,123185,1014.2,1.49,0.000372,0.0000651,0.0477,96645,338.6,-0.000000,0.0001703,0.0483,105632,348.3,0.000000,0.0000148,0.0487,78838,365.7,0.029726,0.0001720,0.0473,129598,364.9,-0.011158
219.05,0.0040566,219.1,0.036505,1115.4,143803,1134.3,142833,1150.2,137.51,0.035129,39.1,0.000000,203.8,3621604,2409.2,96922,964.7,-4.01,-0.000828,399.1,0.000000,100.0,75946,557.6,57337,840.4,4.73,0.000663,579.1,-0.000000,100.0,137639,405.8,121766,1011.5,2.31,0.000573,0.0000644,0.0477,96269,338.3,0.000000,0.0001703,0.0483,105516,348.2,0.000000,0.0000154,0.0487,78315,360.3,0.030387,0.0001719,0.0473,128482,364.9,-0.010144
220.10,0.0040760,220.1,0.032716,1122.2,142763,1131.8,143106,1153.6,124.09,0.031667,40.1,0.000000,100.0,3484523,2389.0,98683,968.7,-3.12,-0.000654,400.1,0.000000,184.9,75369,548.8,55878,835.4,4.52,0.000622,580.1,-0.000000,1321.8,138364,406.4,119652,1007.4,3.24,0.000793,0.0000638,0.0477,95821,337.8,0.000000,0.0001703,0.0483,105376,348.0,0.000000,0.0000160,0.0487,77748,354.8,0.031016,0.0001717,0.0473,127363,364.8,-0.009139
221.08,0.0040941,221.1,0.029060,1127.3,141997,1129.8,143318,1156.4,114.97,0.029311,41.1,0.000000,1361.7,3362240,2370.5,100089,971.9,-2.68,-0.000569,401.1,0.000000,1994.8,74824,540.8,54632,831.0,4.23,0.000572,581.1,0.000000,840.7,139090,406.9,117250,1002.7,3.90,0.000938,0.0000633,0.0477,95368,337.4,-0.000000,0.0001703,0.0483,105234,347.9,0.000000,0.0000166,0.0487,77207,350.0,0.031591,0.0001715,0.0473,126383,364.8,-0.008182
222.06,0.0041123,222.1,0.024920,1128.6,141464,1128.3,140435,1153.2,98.43,0.024658,42.1,0.000000,525.3,3245531,2352.4,101454,975.0,-2.60,-0.000557,402.1,0.000000,607.0,74274,533.2,53528,827.1,3.81,0.000507,582.1,0.000000,100.0,139860,407.6,114664,997.6,4.24,0.001002,0.0000628,0.0477,94896,336.9,-0.000000,0.0001703,0.0483,105087,347.7,0.000000,0.0000172,0.0487,76655,345.4,0.032090,0.0001714,0.0473,125474,364.7,-0.007311
223.05,0.0041305,223.0,0.017628,1118.2,141334,1127.5,134381,1138.0,77.72,0.018879,43.0,0.000000,113.9,3134146,2334.7,102829,978.0,-2.55,-0.000552,403.0,0.000000,1307.3,73718,525.7,52612,823.9,3.20,0.000420,583.0,-0.000000,955.9,140675,408.2,112099,992.4,4.25,0.000988,0.0000625,0.0477,94413,336.4,0.000000,0.0001703,0.0483,104943,347.6,0.000000,0.0000177,0.0487,76091,341.1,0.032529,0.0001713,0.0473,124637,364.5,-0.006494
224.09,0.0041498,224.1,0.018947,1117.7,141141,1126.5,134194,1134.0,76.94,0.018728,44.1,0.000000,174.9,3020959,2316.1,104076,980.8,-2.04,-0.000445,404.1,0.000000,4331.8,73118,518.1,51888,821.2,2.36,0.000307,584.1,-0.000000,453.6,141593,408.9,109625,987.3,3.87,0.000884,0.0000621,0.0477,93894,335.9,0.000000,0.0001703,0.0483,104800,347.5,0.000000,0.0000184,0.0487,75475,336.8,0.032909,0.0001712,0.0473,123831,364.4,-0.005710
225.07,0.0041679,225.1,0.019535,1118.7,140949,1125.6,134419,1131.0,80.27,0.019625,45.1,0.000000,1898.5,2919857,2299.1,104779,982.3,-1.16,-0.000255,405.1,0.000000,892.6,72547,511.2,51447,819.6,1.56,0.000201,585.1,0.000000,513.0,142500,409.6,107771,983.4,3.12,0.000702,0.0000618,0.0477,93409,335.4,0.000000,0.0001703,0.0483,104689,347.4,0.000000,0.0000190,0.0487,74884,333.0,0.033210,0.0001711,0.0473,123162,364.3,-0.004983
226.05,0.0041861,226.0,0.020765,1119.4,140709,1124.6,134556,1127.8,87.24,0.021411,46.0,0.000000,1495.9,2823366,2282.5,104942,982.6,-0.17,-0.000037,406.0,0.000000,870.5,71966,504.5,51192,818.7,0.91,0.000117,586.0,-0.000000,630.8,143450,410.4,106457,980.6,2.22,0.000497,0.0000614,0.0477,92928,334.9,-0.000000,0.0001703,0.0483,104608,347.3,0.000000,0.0000196,0.0487,74275,329.5,0.033404,0.0001710,0.0473,122578,364.2,-0.004334
227.09,0.0042054,227.1,0.022387,1119.4,140379,1123.3,134743,1124.6,92.44,0.022783,47.1,0.000000,3493.0,2725272,2265.2,104537,981.8,0.86,0.000188,407.1,0.000000,570.0,71334,497.7,51038,818.1,0.53,0.000068,587.1,-0.000000,638.9,144512,411.2,105499,978.5,1.55,0.000345,0.0000610,0.0477,92421,334.3,-0.000000,0.0001703,0.0483,104567,347.3,0.000000,0.0000202,0.0487,73610,325.9,0.033528,0.0001709,0.0473,122051,364.1,-0.003718
228.07,0.0042234,228.1,0.023414,1119.4,140033,1122.1,134823,1121.7,95.81,0.023688,48.1,0.000000,100.0,2637608,2249.2,103926,980.4,1.02,0.000222,408.1,0.000000,3817.3,70732,491.6,50904,817.6,0.53,0.000068,588.1,-0.000000,419.6,145553,412.0,104739,976.9,1.40,0.000308,0.0000605,0.0477,91953,333.9,-0.000000,0.0001703,0.0483,104575,347.3,0.000000,0.0000208,0.0487,72974,322.8,0.033604,0.0001709,0.0473,121644,364.0,-0.003155
229.04,0.0042415,229.0,0.024182,1119.2,139662,1120.9,134708,1119.1,99.61,0.024664,49.0,0.000000,1050.6,2553887,2233.7,103843,980.3,-0.03,-0.000007,409.0,0.000000,648.2,70121,485.6,50691,816.8,0.86,0.000110,589.0,-0.000000,2320.4,146637,412.8,103882,975.1,1.62,0.000356,0.0000601,0.0477,91489,333.4,-0.000000,0.0001703,0.0483,104629,347.3,0.000000,0.0000215,0.0487,72328,319.9,0.033634,0.0001708,0.0473,121315,363.9,-0.002660
230.08,0.0042608,230.1,0.025150,1118.5,139227,1119.4,134302,1116.4,104.34,0.025821,50.1,0.000000,1383.8,2468704,2217.4,105708,984.3,-4.36,-0.000962,410.1,0.000000,977.0,69462,479.6,50291,815.3,1.51,0.000192,590.1,0.000000,100.0,147843,413.7,102720,972.5,2.05,0.000446,0.0000596,0.0477,90999,332.9,0.000000,0.0001703,0.0483,104742,347.4,0.000000,0.0000221,0.0487,71631,316.9,0.033630,0.0001708,0.0473,121035,363.9,-0.002198
231.06,0.0042788,231.1,0.026210,1117.5,138778,1118.0,133786,1114.1,108.55,0.026815,51.1,0.000000,1797.8,2392501,2202.5,111546,996.7,-11.14,-0.002565,411.1,0.000000,200.4,68839,474.1,49724,813.2,2.22,0.000279,591.1,0.000000,468.2,149018,414.6,101891,970.7,1.23,0.000266,0.0000591,0.0477,90540,332.4,0.000000,0.0001703,0.0483,104895,347.5,0.000000,0.0000227,0.0487,70975,314.3,0.033602,0.0001708,0.0473,120827,363.9,-0.001784
232.09,0.0042980,232.1,0.027135,1116.3,138262,1116.5,133116,1111.7,112.60,0.027733,52.1,0.000000,100.0,2314903,2186.9,119377,1012.6,-11.76,-0.002851,412.1,0.000000,2814.8,68170,468.5,48961,810.3,2.81,0.000350,592.1,-0.000000,1323.6,150321,415.6,102951,973.1,-3.25,-0.000707,0.0000586,0.0477,90044,331.9,0.000000,0.0001703,0.0483,105094,347.7,0.000000,0.0000234,0.0487,70282,311.8,0.033548,0.0001707,0.0473,120644,363.8,-0.001417
233.07,0.0043161,233.1,0.027991,1114.9,137745,1114.9,132389,1109.6,116.39,0.028565,53.1,0.000000,938.5,2245426,2172.6,124386,1022.3,-7.26,-0.001818,413.1,0.000000,893.3,67540,463.4,48166,807.3,3.14,0.000385,593.1,-0.000000,100.0,151590,416.5,114679,998.2,-25.79,-0.006094,0.0000581,0.0477,89568,331.4,-0.000000,0.0001703,0.0483,105293,347.9,0.000000,0.0000240,0.0487,69647,309.5,0.033464,0.0001707,0.0473,120493,363.8,-0.001092
234.04,0.0043341,234.0,0.028832,1113.4,137196,1113.3,131561,1107.5,120.44,0.029432,54.0,0.000000,644.0,2178948,2158.6,126530,1026.4,-2.79,-0.000707,414.0,0.000000,43498.3,66911,458.5,47355,804.1,3.23,0.000391,594.0,-0.000000,289.5,152904,417.5,141742,1049.6,-42.11,-0.011699,0.0000576,0.0477,89078,330.8,0.000000,0.0001703,0.0483,105488,348.1,0.000000,0.0000246,0.0487,69020,307.4,0.033403,0.0001707,0.0473,120347,363.7,-0.000822
235.08,0.0043533,235.1,0.029779,1111.7,136568,1111.6,130536,1105.0,125.35,0.030461,55.1,0.000000,250.0,2111172,2144.0,126371,1026.1,0.65,0.000165,415.1,0.000000,100.0,66244,453.5,46543,800.9,3.05,0.000365,595.1,0.000000,2807.8,154356,418.5,167577,1092.0,-27.69,-0.008741,0.0000570,0.0477,88534,330.3,-0.000000,0.0001703,0.0483,105673,348.2,0.000000,0.0000252,0.0487,68360,305.2,0.033363,0.0001707,0.0473,120184,363.6,-0.000590
236.05,0.0043713,236.1,0.030843,1110.0,135932,1109.8,129458,1102.6,130.55,0.031533,56.1,0.000000,1284.6,2050419,2130.5,124775,1023.1,2.59,0.000650,416.1,0.000000,5055.7,65625,448.9,45875,798.3,2.73,0.000323,596.1,0.000000,2008.7,155765,419.5,179886,1110.5,-12.23,-0.004075,0.0000565,0.0477,88004,329.7,-0.000000,0.0001703,0.0483,105813,348.4,0.000000,0.0000258,0.0487,67748,303.4,0.033339,0.0001707,0.0473,120014,363.5,-0.000406
237.09,0.0043905,237.1,0.031997,1108.1,135198,1107.8,128200,1099.8,136.58,0.032749,57.1,0.000000,3395.1,1988434,2116.5,122378,1018.5,3.52,0.000869,417.1,0.000000,3844.5,64972,444.3,45253,795.8,2.42,0.000283,597.1,0.000000,2120.7,157320,420.6,184673,1117.5,-4.02,-0.001366,0.0000559,0.0477,87419,329.1,-0.000000,0.0001703,0.0483,105917,348.5,0.000000,0.0000264,0.0487,67102,301.5,0.033326,0.0001707,0.0473,119796,363.4,-0.000276
238.06,0.0044086,238.1,0.033185,1106.1,134453,1105.8,126938,1097.1,142.45,0.033902,58.1,0.000000,100.0,1932831,2103.6,120091,1014.1,3.55,0.000866,418.1,0.000000,100.0,64370,440.1,44720,793.6,2.27,0.000263,598.1,0.000000,553.8,158826,421.7,186430,1120.0,-1.79,-0.000612,0.0000553,0.0477,86856,328.5,-0.000000,0.0001703,0.0483,105970,348.5,0.000000,0.0000270,0.0487,66503,299.8,0.033336,0.0001707,0.0473,119558,363.2,-0.000190
239.10,0.0044278,239.1,0.034350,1103.9,133598,1103.6,125525,1094.2,148.69,0.035089,59.1,0.000000,538.5,1876061,2090.2,117920,1009.8,3.21,0.000772,419.1,0.000000,2922.7,63739,435.7,44149,791.2,2.34,0.000268,599.1,0.000000,100.0,160486,422.9,188334,1122.7,-1.99,-0.000686,0.0000546,0.0477,86247,327.8,-0.000000,0.0001703,0.0483,105976,348.5,0.000000,0.0000277,0.0487,65870,298.1,0.033346,0.0001707,0.0473,119252,363.0,-0.000135
240.07,0.0044458,240.1,0.035445,1101.7,132743,1101.4,124156,1091.3,154.36,0.036125,60.1,0.000000,967.6,1825105,2077.8,116017,1006.0,3.12,0.000740,420.1,0.000000,100.0,63157,431.8,43605,789.0,2.29,0.000261,600.1,0.000000,100.0,162093,424.0,190838,1126.3,-2.61,-0.000910,0.0000540,0.0477,85675,327.2,0.000000,0.0001703,0.0483,105944,348.5,0.000000,0.0000283,0.0487,65281,296.5,0.033322,0.0001707,0.0473,118897,362.7,-0.000113
241.05,0.0044638,241.0,0.036417,1099.4,131839,1099.1,122753,1088.4,159.78,0.037072,61.0,0.000000,660.3,1776232,2065.7,114076,1002.1,3.25,0.000762,421.0,0.000000,1536.7,62583,428.0,43444,788.3,0.46,0.000053,601.0,-0.000000,100.0,163752,425.1,193671,1130.2,-2.87,-0.001010,0.0000533,0.0477,85106,326.6,-0.000000,0.0001703,0.0483,105877,348.4,0.000000,0.0000289,0.0487,64692,295.1,0.033231,0.0001707,0.0473,118398,362.3,-0.000015
242.08,0.0044831,242.1,0.037325,1096.9,130826,1096.5,121226,1085.2,165.29,0.037985,62.1,0.000000,100.0,1726286,2053.0,111795,997.4,3.72,0.000857,422.1,0.000000,842.2,61977,424.1,45044,795.0,-9.28,-0.001082,602.1,-0.000000,12905.6,165587,438.5,196856,1134.6,-2.94,-0.001050,0.0000526,0.0477,84508,325.9,-0.000000,0.0001703,0.0483,105778,348.3,0.000000,0.0000295,0.0487,64066,293.6,0.033079,0.0001707,0.0474,117768,361.7,0.000000
243.06,0.0045011,243.1,0.038146,1094.4,129834,1094.0,119769,1082.1,170.22,0.038758,63.1,0.000000,651.5,1681410,2041.4,109306,992.3,4.37,0.000990,423.1,0.000000,1318.0,61415,420.6,53725,828.8,-38.35,-0.005114,603.1,0.000000,100.0,167365,439.8,199676,1138.5,-2.61,-0.000943,0.0000519,0.0477,83955,325.3,0.000000,0.0001703,0.0483,105668,348.2,0.000000,0.0000301,0.0487,63483,292.2,0.032890,0.0001707,0.0474,117088,361.1,0.000000
244.10,0.0045203,244.1,0.038889,1091.6,128734,1091.3,118187,1078.7,175.28,0.039507,64.1,0.000000,165.1,1635516,2029.2,106509,986.3,4.60,0.001022,424.1,0.000000,656.2,60822,417.0,69411,880.1,-46.38,-0.007524,604.1,0.000000,3095.0,169323,441.2,200854,1140.1,-0.55,-0.000201,0.0000511,0.0477,83373,324.6,-0.000000,0.0001703,0.0483,105540,348.1,0.000000,0.0000307,0.0487,62863,290.9,0.032665,0.0001707,0.0474,116262,360.4,0.000000
245.07,0.0045383,245.1,0.039567,1089.0,127667,1088.6,116676,1075.4,179.90,0.040151,65.1,0.000000,100.0,1594260,2018.1,104119,981.2,4.25,0.000927,425.1,0.000000,100.0,60271,413.7,81058,912.4,-28.90,-0.005281,605.1,0.000000,3581.4,171219,442.5,199389,1138.2,1.81,0.000651,0.0000504,0.0477,82829,324.0,-0.000000,0.0001703,0.0483,105413,348.0,0.000000,0.0000313,0.0487,62286,289.6,0.032410,0.0001707,0.0474,115393,359.6,0.000000
246.04,0.0045564,246.0,0.040177,1086.2,126566,1085.9,115131,1072.0,184.47,0.040755,66.0,0.000000,1290.8,1554620,2007.1,102077,976.7,3.71,0.000798,426.0,0.000000,1112.4,59725,410.5,87252,928.3,-13.38,-0.002588,606.0,0.000000,2571.9,173174,443.8,195749,1133.3,3.69,0.001312,0.0000497,0.0477,82285,323.4,0.000000,0.0001703,0.0483,105278,347.9,0.000000,0.0000319,0.0487,61714,288.4,0.032141,0.0001707,0.0474,114439,358.7,0.000000
247.08,0.0045756,247.1,0.040774,1083.2,125353,1082.9,113438,1068.3,189.39,0.041370,67.1,0.000000,1196.2,1514023,1995.7,100196,972.5,3.28,0.000695,427.1,0.000000,183.9,59148,407.3,89920,934.8,-4.90,-0.000969,607.1,0.000000,1504.0,175330,445.3,191387,1127.4,3.90,0.001362,0.0000489,0.0477,81706,322.8,-0.000000,0.0001703,0.0483,105115,347.7,0.000000,0.0000325,0.0487,61109,287.2,0.031850,0.0001707,0.0474,113344,357.8,0.000000
248.06,0.0045937,248.1,0.041351,1080.3,124182,1080.0,111801,1064.7,194.11,0.041930,68.1,0.000000,1047.5,1477464,1985.1,98584,968.9,3.08,0.000645,428.1,0.000000,374.3,58613,404.3,90878,937.1,-1.97,-0.000393,608.1,0.000000,3281.1,177418,446.7,188501,1123.5,2.61,0.000900,0.0000482,0.0477,81171,322.2,0.000000,0.0001703,0.0483,104924,347.5,0.000000,0.0000331,0.0487,60551,286.2,0.031555,0.0001707,0.0474,112263,356.8,0.000000
249.10,0.0046130,249.1,0.041916,1077.1,122894,1076.8,109998,1060.6,199.29,0.042516,69.1,0.000000,1362.6,1439996,1974.1,96943,965.1,2.99,0.000617,429.1,0.000000,515.0,58049,401.2,91392,938.4,-0.93,-0.000186,609.1,0.000000,1577.0,179721,448.2,187552,1122.2,0.54,0.000185,0.0000474,0.0477,80614,321.5,0.000000,0.0001703,0.0483,104643,347.3,0.000000,0.0000337,0.0487,59966,285.1,0.031272,0.0001707,0.0474,111072,355.7,0.000000
250.08,0.0046311,250.1,0.042471,1074.0,121650,1073.7,108254,1056.7,204.31,0.043053,70.1,0.000000,100.0,1406238,1964.0,95461,961.7,2.93,0.000597,430.1,0.000000,998.7,57528,398.4,91421,938.4,0.08,0.000017,610.1,0.000000,1091.0,181953,449.7,188307,1123.2,-0.93,-0.000321,0.0000466,0.0477,80115,321.0,0.000000,0.0001703,0.0483,104262,346.9,0.000000,0.0000342,0.0487,59431,284.1,0.031013,0.0001707,0.0474,109940,354.7,0.000000
251.05,0.0046492,251.1,0.042993,1070.8,120370,1070.5,106459,1052.7,209.46,0.043575,71.1,0.000000,2156.5,1373751,1954.0,94033,958.4,2.85,0.000576,431.1,0.000000,1854.2,57016,395.8,90795,936.9,1.46,0.000291,611.1,0.000000,100.0,184257,451.2,189747,1125.3,-1.49,-0.000516,0.0000458,0.0477,79647,320.4,0.000000,0.0001703,0.0483,103722,346.4,0.000000,0.0000348,0.0487,58912,283.2,0.030805,0.0001707,0.0474,108808,353.6,0.000000
252.10,0.0046685,252.1,0.043512,1067.3,118965,1067.0,104494,1048.3,215.09,0.044106,72.1,0.000000,1290.4,1340435,1943.6,92582,954.9,2.76,0.000550,432.1,0.000000,1393.4,56482,393.0,89832,934.6,1.85,0.000366,612.1,0.000000,11999.4,186797,452.9,191328,1127.5,-1.45,-0.000508,0.0000450,0.0477,79193,319.9,-0.000000,0.0001703,0.0483,102941,345.6,0.000000,0.0000354,0.0487,58380,282.2,0.030642,0.0001707,0.0474,107616,352.5,0.000000
253.08,0.0046866,253.1,0.044002,1064.0,117611,1063.6,102610,1044.0,220.44,0.044572,73.1,0.000000,498.2,1310404,1934.1,91295,951.8,2.65,0.000522,433.1,0.000000,2313.9,55995,390.4,89027,932.7,1.72,0.000338,613.1,0.000000,705.3,189260,454.4,192713,1129.4,-1.39,-0.000486,0.0000442,0.0477,78818,319.5,0.000000,0.0001703,0.0483,102017,344.7,0.000000,0.0000360,0.0487,57902,281.4,0.030532,0.0001707,0.0474,106526,351.5,0.000000
254.05,0.0047047,254.1,0.044440,1060.5,116223,1060.1,100693,1039.5,225.84,0.045000,74.1,0.000000,100.0,1281488,1924.7,90088,948.9,2.51,0.000490,434.1,0.000000,1589.3,55523,388.0,88008,930.2,2.35,0.000458,614.1,0.000000,4549.5,191802,456.0,194248,1131.6,-1.58,-0.000557,0.0000434,0.0477,78504,319.1,-0.000000,0.0001703,0.0483,100936,343.7,0.000000,0.0000365,0.0487,57452,280.6,0.030565,0.0001707,0.0474,105469,350.5,0.000000
255.10,0.0047240,255.1,0.044848,1056.6,114705,1056.3,98618,1034.7,231.59,0.045406,75.1,0.000000,100.0,1251822,1914.9,88930,946.1,2.26,0.000437,435.1,0.000000,100.0,55041,385.5,86175,925.7,4.03,0.000772,615.1,0.000000,4021.4,194605,457.8,196383,1134.5,-2.06,-0.000733,0.0000425,0.0477,78260,318.8,0.000000,0.0001703,0.0483,99671,342.5,0.000000,0.0000371,0.0487,57002,279.9,0.030736,0.0001707,0.0474,104385,349.4,0.000000
256.08,0.0047422,256.1,0.045204,1053.0,113250,1052.6,96655,1030.1,236.93,0.045734,76.1,0.000000,100.0,1225068,1905.9,88013,943.8,1.92,0.000369,436.1,0.000000,35180.4,54611,383.2,83658,919.4,5.80,0.001087,616.1,0.000000,100.0,197321,459.5,198939,1138.0,-2.55,-0.000918,0.0000417,0.0477,78153,318.7,-0.000000,0.0001703,0.0483,98444,341.2,0.000000,0.0000377,0.0487,56607,279.2,0.031007,0.0001707,0.0474,103414,348.5,0.000000
257.06,0.0047603,257.1,0.045493,1049.2,111766,1048.8,94682,1025.3,242.19,0.046007,77.1,0.000000,1280.9,1199289,1897.1,87282,942.0,1.54,0.000294,437.1,0.000000,456.7,54204,381.0,80545,911.4,7.28,0.001323,617.1,0.000000,100.0,200127,461.2,201891,1142.0,-2.83,-0.001029,0.0000409,0.0477,78179,318.7,-0.000000,0.0001703,0.0483,97239,340.0,0.000000,0.0000382,0.0487,56234,278.6,0.031327,0.0001707,0.0474,102491,347.6,0.000000
258.10,0.0047796,258.1,0.045732,1045.0,110152,1044.7,92572,1020.2,247.68,0.046233,78.1,0.000000,947.1,1172814,1887.9,86683,940.5,1.19,0.000225,438.1,0.000000,100.0,53795,378.7,77088,902.2,7.67,0.001347,618.1,0.000000,965.3,203222,463.1,204898,1146.1,-2.56,-0.000942,0.0000400,0.0477,78358,318.9,0.000000,0.0001703,0.0483,96036,338.8,0.000000,0.0000388,0.0487,55855,278.0,0.031673,0.0001707,0.0474,101561,346.7,0.000000
259.08,0.0047978,259.1,0.045909,1041.0,108614,1040.7,90597,1015.3,252.68,0.046383,79.1,0.000000,100.0,1148909,1879.4,86241,939.4,0.96,0.000181,439.1,0.000000,554.8,53432,376.6,74334,894.7,6.67,0.001139,619.1,0.000000,19068.3,206225,464.9,207136,1149.0,-1.98,-0.000734,0.0000391,0.0477,78720,319.4,-0.000000,0.0001703,0.0483,95024,337.8,0.000000,0.0000394,0.0487,55510,277.4,0.031989,0.0001707,0.0474,100742,345.9,0.000000
260.06,0.0048159,260.1,0.046020,1037.0,107053,1036.6,88629,1010.3,257.53,0.046474,80.1,0.000000,307.3,1125850,1871.0,85858,938.4,0.84,0.000159,440.1,0.000000,780.2,53088,374.6,72287,888.9,5.11,0.000855,620.1,0.000000,658.5,209328,466.7,208755,1151.2,-1.41,-0.000525,0.0000383,0.0477,79313,320.0,-0.000000,0.0001703,0.0483,94149,336.9,0.000000,0.0000400,0.0487,55167,276.9,0.032216,0.0001707,0.0474,99973,345.2,0.000000
261.10,0.0048353,261.1,0.046073,1032.6,105366,1032.2,86545,1004.9,262.50,0.046506,81.1,0.000000,344.1,1102144,1862.3,85459,937.4,0.84,0.000158,441.1,0.000000,351.5,52737,372.5,70701,884.4,3.82,0.000628,621.1,0.000000,100.0,212754,468.7,209913,1152.7,-0.91,-0.000340,0.0000374,0.0477,80211,321.0,0.000000,0.0001703,0.0483,93380,336.1,0.000000,0.0000406,0.0487,54798,276.3,0.032329,0.0001707,0.0474,99203,344.4,0.000000
262.09,0.0048534,262.1,0.046066,1028.3,103765,1028.0,84608,999.8,266.97,0.046476,82.1,0.000000,901.4,1080706,1854.3,85046,936.4,0.94,0.000176,442.1,0.000000,100.0,52419,370.6,69516,881.0,3.17,0.000514,622.1,0.000000,842.7,216081,470.6,210527,1153.5,-0.49,-0.000186,0.0000366,0.0477,81246,322.2,-0.000000,0.0001703,0.0483,92807,335.5,0.000000,0.0000412,0.0487,54444,275.7,0.032279,0.0001707,0.0474,98519,343.7,0.000000
263.07,0.0048716,263.1,0.046002,1024.0,102147,1023.6,82689,994.6,271.25,0.046391,83.1,0.000000,100.0,1059979,1846.4,84551,935.1,1.14,0.000211,443.1,0.000000,100.0,52105,368.8,68479,877.9,2.82,0.000452,623.1,0.000000,358.8,219528,472.6,210688,1153.7,-0.08,-0.000029,0.0000357,0.0477,82359,323.4,-0.000000,0.0001703,0.0483,92364,335.1,0.000000,0.0000418,0.0487,54076,275.2,0.032011,0.0001707,0.0474,97863,343.1,0.000000
264.05,0.0048899,264.1,0.045884,1019.6,100516,1019.2,80795,989.3,275.33,0.046253,84.1,0.000000,540.6,1039970,1838.7,83950,933.6,1.38,0.000255,444.1,0.000000,132.9,51793,367.0,67549,875.1,2.56,0.000406,624.1,0.000000,100.0,223093,474.6,210369,1153.3,0.38,0.000141,0.0000349,0.0477,83431,324.6,-0.000000,0.0001703,0.0483,92033,334.7,0.000000,0.0000424,0.0487,53703,274.6,0.031603,0.0001707,0.0474,97224,342.4,0.000000
265.10,0.0049093,265.1,0.047060,1011.8,98666,1014.2,80159,984.1,287.79,0.048220,85.1,0.000000,5236.1,1019372,1830.6,83213,931.7,1.59,0.000292,445.1,0.000000,100.0,51460,365.2,66679,872.5,2.25,0.000354,625.1,0.000000,2464.8,227034,476.8,209381,1152.0,0.93,0.000348,0.0000340,0.0477,84430,325.7,0.000000,0.0001703,0.0483,91774,334.5,0.000000,0.0000430,0.0487,53284,274.0,0.031068,0.0001707,0.0474,96539,341.7,0.000000
266.09,0.0049275,266.1,0.053281,1008.3,96473,1008.4,81079,974.8,307.78,0.052663,86.1,0.000000,321.0,1000724,1823.2,82474,929.8,1.69,0.000309,446.1,0.000000,1129.1,51144,363.5,65992,870.4,1.92,0.000299,626.1,0.000000,100.0,230867,478.9,207992,1150.3,1.30,0.000483,0.0000330,0.0477,85167,326.4,0.000000,0.0001703,0.0483,91587,334.3,0.000000,0.0000435,0.0487,52864,273.4,0.030358,0.0001707,0.0474,95880,341.1,0.000000
267.07,0.0049458,267.1,0.052881,1002.1,94273,1002.4,79412,965.7,312.88,0.052929,87.1,0.000000,745.5,982692,1815.8,81717,927.8,1.74,0.000316,447.1,0.000000,100.0,50819,361.9,65421,868.7,1.62,0.000251,627.1,0.000000,100.0,234837,481.1,206422,1148.2,1.44,0.000531,0.0000321,0.0477,85680,327.0,-0.000000,0.0001703,0.0483,91398,334.1,0.000000,0.0000441,0.0487,52416,272.7,0.029465,0.0001707,0.0474,95189,340.3,0.000000
268.06,0.0049641,268.1,0.051921,995.3,92105,996.4,77183,957.6,314.00,0.052064,88.1,0.000000,3377.0,965251,1808.7,80943,925.7,1.80,0.000324,448.1,0.000000,885.6,50484,360.3,64925,867.2,1.42,0.000218,628.1,0.000000,100.0,238953,483.3,204827,1146.2,1.46,0.000538,0.0000311,0.0477,85961,327.3,-0.000000,0.0001703,0.0483,91160,333.8,0.000000,0.0000446,0.0487,51945,272.0,0.028377,0.0001707,0.0474,94452,339.6,0.000000
269.05,0.0049824,269.1,0.050879,988.3,89974,990.4,74956,950.2,314.51,0.051037,89.1,0.000000,5740.6,948383,1801.6,80137,923.6,1.90,0.000339,449.1,0.000000,868.8,50135,358.8,64500,865.9,1.21,0.000185,629.1,0.000000,1216.2,243219,485.5,203201,1144.1,1.51,0.000553,0.0000302,0.0477,86031,327.4,0.000000,0.0001703,0.0483,90815,333.5,0.000000,0.0000451,0.0487,51464,271.3,0.027156,0.0001707,0.0474,93653,338.8,0.000000
270.04,0.0050008,270.0,0.049849,981.5,87880,984.4,72814,943.2,314.86,0.050002,90.0,0.000000,3289.3,932068,1794.7,79280,921.3,2.04,0.000362,450.0,0.000000,100.0,49772,357.3,64168,864.8,0.94,0.000144,630.0,0.000000,1498.4,247641,487.8,201445,1141.8,1.67,0.000605,0.0000293,0.0477,85927,327.2,0.000000,0.0001703,0.0483,90311,332.9,0.000000,0.0000456,0.0487,50986,270.6,0.025891,0.0001707,0.0474,92775,337.9,0.000000
271.10,0.0050203,271.1,0.048802,974.2,85688,978.0,70630,935.9,315.06,0.048912,91.1,0.000000,100.0,915271,1787.4,78287,918.6,2.25,0.000395,451.1,0.000000,461.0,49373,355.7,63890,864.0,0.76,0.000115,631.1,0.000000,2401.1,252531,490.3,199292,1138.9,1.95,0.000704,0.0000283,0.0477,85678,327.0,0.000000,0.0001703,0.0483,89556,332.1,0.000000,0.0000460,0.0487,50488,269.8,0.024625,0.0001707,0.0474,91736,336.8,0.000000
272.09,0.0050387,272.1,0.047770,967.6,83672,972.0,68682,929.3,315.08,0.047904,92.1,0.000000,820.9,900072,1780.8,77282,915.9,2.45,0.000426,452.1,0.000000,100.0,48990,354.2,63633,863.2,0.78,0.000118,632.1,0.000000,1954.1,257285,492.7,197003,1135.9,2.20,0.000784,0.0000274,0.0477,85370,326.6,0.000000,0.0001703,0.0483,88633,331.2,0.000000,0.0000465,0.0487,50044,269.2,0.023479,0.0001707,0.0474,90665,335.6,0.000000
273.08,0.0050570,273.1,0.046788,961.1,81692,966.0,66817,922.8,314.96,0.046913,93.1,0.000000,1232.5,885382,1774.3,76220,913.0,2.61,0.000449,453.1,0.000000,810.4,48605,352.8,63336,862.2,0.90,0.000135,633.1,0.000000,100.0,262210,495.2,194674,1132.8,2.22,0.000785,0.0000266,0.0477,85031,326.3,0.000000,0.0001703,0.0483,87515,330.0,0.000000,0.0000469,0.0487,49655,268.6,0.022622,0.0001707,0.0474,89509,334.4,0.000000
274.07,0.0050753,274.1,0.045819,954.5,79747,959.9,64973,916.2,314.97,0.045947,94.1,0.000000,263.0,871176,1767.9,75134,910.0,2.70,0.000459,454.1,0.000000,857.7,48227,351.5,63014,861.2,0.96,0.000144,634.1,0.000000,1245.5,267314,497.7,192509,1129.9,2.07,0.000727,0.0000257,0.0477,84712,325.9,0.000000,0.0001703,0.0483,86251,328.6,0.000000,0.0000473,0.0487,49342,268.1,0.022203,0.0001707,0.0474,88291,333.1,0.000000
275.06,0.0050936,275.1,0.044866,947.7,77835,953.9,63050,909.3,315.55,0.045010,95.1,0.000000,807.0,857437,1761.6,74067,907.0,2.67,0.000449,455.1,0.000000,468.9,47862,350.1,62761,860.4,0.68,0.000103,635.1,0.000000,2110.0,272605,500.3,190543,1127.2,1.91,0.000663,0.0000249,0.0477,84440,325.6,0.000000,0.0001703,0.0483,84907,327.1,0.000000,0.0000477,0.0487,49109,267.8,0.022201,0.0001707,0.0474,87037,331.8,0.000000
276.04,0.0051119,276.0,0.043927,940.5,75956,947.9,61059,901.9,316.52,0.044078,96.0,0.000000,5372.4,844148,1755.4,73067,904.1,2.54,0.000421,456.0,0.000000,1186.6,47525,348.8,62742,860.4,-0.01,-0.000001,636.0,0.000000,100.0,278090,502.9,188721,1124.7,1.80,0.000621,0.0000241,0.0477,84217,325.4,-0.000000,0.0001703,0.0483,83555,325.6,0.000000,0.0000481,0.0487,48997,267.6,0.022859,0.0001707,0.0474,85775,330.4,0.000000
277.10,0.0051314,277.1,0.042972,933.3,73986,941.4,59184,894.8,316.39,0.043047,97.1,0.000000,1553.7,830451,1749.0,72115,901.4,2.26,0.000372,457.1,0.000000,656.8,47210,347.5,63075,861.4,-1.18,-0.000178,637.1,0.000000,3646.1,284165,505.7,186805,1122.0,1.82,0.000622,0.0000233,0.0477,84043,325.2,0.000000,0.0001703,0.0483,82176,324.1,0.000000,0.0000486,0.0487,49044,267.7,0.024357,0.0001707,0.0474,84449,328.9,0.000000
278.09,0.0051497,278.1,0.042051,927.9,72170,935.3,58071,890.6,313.77,0.042089,98.1,0.000000,727.3,818044,1743.1,71398,899.3,1.82,0.000297,458.1,0.000000,397.5,46975,346.4,64173,864.9,-3.67,-0.000561,638.1,0.000000,1430.3,290078,508.4,184906,1119.4,1.96,0.000665,0.0000225,0.0477,83942,325.1,-0.000000,0.0001703,0.0483,80988,322.7,0.000000,0.0000491,0.0487,49287,268.1,0.026909,0.0001707,0.0474,83245,327.6,0.000000
279.07,0.0051680,279.1,0.041118,928.8,70387,929.3,59670,896.2,295.06,0.040414,99.1,0.000000,518.7,806043,1737.3,70928,898.0,1.15,0.000188,459.1,0.000000,1059.5,46820,345.3,66666,872.6,-7.85,-0.001234,639.1,0.000000,100.0,296209,511.2,182779,1116.4,2.24,0.000753,0.0000218,0.0477,83892,325.0,0.000000,0.0001703,0.0483,79932,321.5,0.000000,0.0000496,0.0487,49802,269.0,0.030619,0.0001707,0.0474,82093,326.3,0.000000
280.06,0.0051863,280.1,0.038505,951.6,68768,923.6,69994,933.9,223.28,0.034424,100.1,0.000000,928.2,794427,1731.7,70781,897.5,0.28,0.000046,460.1,0.000000,3243.1,46764,344.3,71034,885.6,-12.70,-0.002096,640.1,0.000000,13452.4,302570,514.1,180324,1112.9,2.61,0.000870,0.0000210,0.0477,83880,325.0,0.000000,0.0001703,0.0483,79022,320.5,0.000000,0.0000503,0.0487,50528,270.1,0.035437,0.0001707,0.0474,80998,325.0,0.000000
281.05,0.0052045,281.0,0.011143,923.9,69271,924.5,69601,941.2,64.46,0.009806,101.0,0.000000,1493.6,783182,1726.1,70957,898.0,-0.57,-0.000093,461.0,0.000000,130.9,46815,343.4,76986,902.3,-15.65,-0.002746,641.0,0.000000,905.1,309173,516.9,177540,1108.9,2.99,0.000985,0.0000208,0.0477,83892,325.0,0.000000,0.0001703,0.0483,78260,319.6,0.000000,0.0000510,0.0487,51361,271.5,0.040744,0.0001707,0.0474,79964,323.8,0.000000
282.10,0.0052240,282.1,0.002692,943.2,70556,927.9,72869,952.3,-5.20,-0.000818,102.1,0.000000,592.9,771581,1720.3,71455,899.5,-1.30,-0.000212,462.1,0.000000,674.1,46979,342.6,83797,920.3,-15.01,-0.002811,642.1,0.000000,1633.6,316495,520.1,174241,1104.1,3.38,0.001098,0.0000208,0.0477,83917,325.0,0.000000,0.0001703,0.0483,77606,318.8,0.000000,0.0000519,0.0487,52235,272.8,0.045972,0.0001707,0.0474,78924,322.6,0.000000
283.08,0.0052423,283.1,-0.004664,951.9,72420,933.0,73158,952.8,-37.18,-0.005873,103.1,0.000000,100.0,761055,1714.9,71983,901.0,-1.34,-0.000221,463.1,0.000000,1153.5,47222,341.9,89418,934.4,-12.10,-0.002381,643.1,0.000000,940.2,323636,523.1,170898,1099.2,3.68,0.001179,0.0000209,0.0477,83933,325.1,0.000000,0.0001703,0.0483,77134,318.3,0.000000,0.0000529,0.0487,53057,274.1,0.050496,0.0001707,0.0474,78005,321.5,0.000000
284.07,0.0052605,284.1,-0.004915,958.0,74381,938.3,74654,956.9,-33.12,-0.005315,104.1,0.000000,422.3,750851,1709.7,72321,902.0,-0.79,-0.000130,464.1,0.000000,214090.0,47540,341.4,93799,944.9,-8.83,-0.001803,644.1,0.000000,100.0,331060,526.2,167468,1094.0,3.82,0.001204,0.0000210,0.0477,83933,325.1,-0.000000,0.0001703,0.0483,76791,317.9,0.000000,0.0000539,0.0487,53907,275.4,0.054291,0.0001707,0.0474,77133,320.5,0.000000
285.06,0.0052788,285.1,-0.003349,966.5,76280,943.2,76452,961.8,-23.58,-0.003856,105.1,0.000000,100.0,740969,1704.5,72354,902.1,-0.01,-0.000001,465.1,0.000000,100.0,47921,341.1,97015,952.3,-6.18,-0.001296,645.1,0.000000,1557.2,338775,529.4,164089,1088.9,3.83,0.001188,0.0000210,0.0477,83915,325.0,-0.000000,0.0001703,0.0483,76569,317.6,0.000000,0.0000549,0.0487,54789,276.7,0.057630,0.0001707,0.0474,76303,319.5,0.000000
286.04,0.0052971,286.0,-0.000593,967.7,78006,947.6,78165,968.0,-9.06,-0.001505,106.0,0.000000,325.9,731400,1699.5,72161,901.5,0.53,0.000087,466.0,0.000000,829.1,48359,340.8,99213,957.3,-4.04,-0.000862,646.0,0.000000,1315.7,346787,532.6,160790,1083.8,3.83,0.001168,0.0000210,0.0477,83874,325.0,-0.000000,0.0001703,0.0483,76460,317.5,0.000000,0.0000560,0.0487,55708,278.1,0.060612,0.0001707,0.0474,75508,318.6,0.000000
287.09,0.0053165,287.1,0.002987,1027.2,79572,951.2,81893,980.6,17.97,0.003087,107.1,0.000000,1025.1,721517,1694.2,71913,900.8,0.58,0.000096,467.1,0.000000,100.0,48883,340.6,100515,960.2,-2.05,-0.000442,647.1,0.000000,1575.7,355689,536.1,157330,1078.3,3.85,0.001154,0.0000210,0.0477,83808,324.9,0.000000,0.0001703,0.0483,76455,317.5,0.000000,0.0000572,0.0487,56729,279.6,0.063423,0.0001707,0.0474,74693,317.6,0.000000
288.08,0.0053348,288.1,0.003502,979.1,81050,954.6,82548,983.3,25.39,0.004384,108.1,0.000000,1279.8,712541,1689.4,71757,900.4,0.37,0.000061,468.1,0.000000,100.0,49388,340.5,100861,961.0,-0.49,-0.000106,648.1,0.000000,100.0,364386,539.4,154149,1073.3,3.84,0.001136,0.0000209,0.0477,83738,324.8,-0.000000,0.0001703,0.0483,76535,317.6,0.000000,0.0000584,0.0487,58294,282.0,0.063996,0.0001707,0.0474,73954,316.7,0.000000
289.06,0.0053530,289.1,0.005542,984.2,82392,957.6,83308,986.1,34.11,0.005927,109.1,0.000000,969.8,703841,1684.7,71714,900.3,0.09,0.000015,469.1,0.000000,1478.5,49969,340.5,100594,960.4,0.60,0.000129,649.1,0.000000,971.9,373434,542.9,151080,1068.3,3.77,0.001098,0.0000208,0.0477,83674,324.8,-0.000000,0.0001703,0.0483,76685,317.7,0.000000,0.0000597,0.0487,59174,283.2,0.068273,0.0001707,0.0474,73236,315.8,0.000000
290.05,0.0053712,290.0,0.007562,989.0,83589,960.1,84288,989.4,41.58,0.007286,110.0,0.000000,1063.9,695410,1680.0,71700,900.2,0.06,0.000009,470.0,0.000000,1069.2,50599,340.7,99889,958.9,1.44,0.000308,650.0,0.000000,1430.2,382848,546.4,148166,1063.5,3.65,0.001046,0.0000207,0.0477,83627,324.7,-0.000000,0.0001703,0.0483,76886,318.0,0.000000,0.0000610,0.0487,60180,284.7,0.070974,0.0001707,0.0474,72536,314.9,0.000000
291.10,0.0053907,291.1,0.008429,992.9,84822,962.6,85550,993.5,43.40,0.007688,111.1,0.000000,100.0,686710,1675.1,71594,899.9,0.34,0.000055,471.1,0.000000,760.4,51283,340.9,98652,956.1,2.35,0.000498,651.1,0.000000,1529.1,393304,550.2,145277,1058.6,3.45,0.000973,0.0000205,0.0477,83603,324.7,-0.000000,0.0001703,0.0483,77133,318.3,0.000000,0.0000623,0.0487,61880,287.1,0.071452,0.0001707,0.0474,71809,314.0,0.000000
292.08,0.0054088,292.1,0.008408,996.0,86020,965.0,87318,998.7,42.68,0.007677,112.1,0.000000,100.0,678819,1670.7,71248,898.9,1.03,0.000168,472.1,0.000000,974.4,52011,341.2,97094,952.6,3.09,0.000647,652.1,0.000000,1178.5,403513,553.8,142817,1054.5,3.19,0.000889,0.0000204,0.0477,83609,324.7,-0.000000,0.0001703,0.0483,77378,318.5,0.000000,0.0000637,0.0487,62996,288.6,0.076442,0.0001707,0.0474,71145,313.2,0.000000
293.06,0.0054270,293.1,0.006189,1000.0,87487,968.1,87757,999.9,31.23,0.005638,113.1,0.000000,100.0,671175,1666.3,70538,896.8,2.03,0.000328,473.1,0.000000,100.0,52748,341.6,95323,948.6,3.51,0.000725,653.1,0.000000,1084.3,414134,557.5,140592,1050.7,2.94,0.000811,0.0000202,0.0477,83648,324.7,0.000000,0.0001703,0.0483,77614,318.8,0.000000,0.0000651,0.0487,64773,291.1,0.076780,0.0001707,0.0474,70497,312.4,0.000000
294.10,0.0054464,294.1,0.006817,1003.9,89039,971.2,89623,1005.4,27.67,0.005075,114.1,0.000000,818.4,663283,1661.8,69347,893.3,3.18,0.000508,474.1,0.000000,486.0,53595,342.1,93455,944.2,3.47,0.000706,654.1,0.000000,5494.0,425940,561.6,138405,1046.9,2.78,0.000755,0.0000201,0.0477,83751,324.8,0.000000,0.0001703,0.0483,77836,319.1,0.000000,0.0000667,0.0487,66777,293.9,0.079971,0.0001707,0.0474,69821,311.5,0.000000
295.08,0.0054645,295.1,0.006417,1008.5,90590,974.4,91650,1011.3,30.02,0.005596,115.1,0.000000,869.6,656123,1657.6,67883,888.9,4.13,0.000648,475.1,0.000000,1067.1,54475,342.7,91964,940.7,2.96,0.000596,655.1,0.000000,7676.5,437476,565.4,136383,1043.3,2.82,0.000758,0.0000200,0.0477,83921,325.0,0.000000,0.0001703,0.0483,78010,319.3,0.000000,0.0000682,0.0487,67896,295.3,0.084976,0.0001707,0.0474,69197,310.7,0.000000
296.06,0.0054825,296.1,0.006580,1013.5,92179,977.5,93530,1016.6,33.13,0.006270,116.1,0.000000,100.0,649186,1653.5,66235,883.9,4.69,0.000722,476.1,0.000000,100.0,55363,343.4,90884,938.2,2.14,0.000426,656.1,0.000000,697.2,449484,569.4,134222,1039.5,3.10,0.000823,0.0000199,0.0477,84175,325.3,-0.000000,0.0001703,0.0483,78151,319.4,0.000000,0.0000698,0.0487,69752,297.8,0.085308,0.0001707,0.0474,68579,309.9,0.000000
297.10,0.0055018,297.1,0.006907,1018.6,93897,980.9,95475,1021.9,35.78,0.006876,117.1,0.000000,699.9,642025,1649.3,64479,878.4,4.76,0.000718,477.1,0.000000,647.8,56398,344.2,90249,936.7,1.11,0.000221,657.1,0.000000,1062.4,462838,573.7,131596,1034.7,3.63,0.000949,0.0000197,0.0477,84549,325.7,-0.000000,0.0001703,0.0483,78269,319.5,0.000000,0.0000715,0.0487,70878,299.2,0.090203,0.0001707,0.0474,67925,309.1,0.000000
298.07,0.0055198,298.1,0.007277,1023.0,95524,984.0,97944,1028.4,38.93,0.007627,118.1,0.000000,487.3,635528,1645.3,62963,873.6,4.49,0.000666,478.1,0.000000,935.7,57359,345.0,90074,936.2,0.31,0.000060,658.1,0.000000,1136.9,475892,577.8,128764,1029.5,4.24,0.001091,0.0000196,0.0477,85015,326.2,0.000000,0.0001703,0.0483,78360,319.7,0.000000,0.0000731,0.0487,72511,301.4,0.089629,0.0001707,0.0474,67313,308.3,0.000000
299.04,0.0055378,299.0,0.005138,1027.4,97457,987.7,97727,1028.0,24.13,0.004718,119.0,0.000000,478.5,629231,1641.5,61583,869.2,4.21,0.000613,479.0,0.000000,939.4,58348,345.9,90126,936.4,-0.13,-0.000025,659.0,0.000000,568.4,489491,581.9,125527,1023.5,4.96,0.001251,0.0000195,0.0477,85611,326.8,0.000000,0.0001703,0.0483,78456,319.8,0.000000,0.0000747,0.0487,74228,303.6,0.091359,0.0001707,0.0474,66705,307.5,0.000000
300.08,0.0055570,300.1,0.006264,1032.3,99455,991.5,100016,1034.0,22.15,0.004407,120.1,0.000000,1129.7,622726,1637.5,60225,864.7,3.97,0.000569,480.1,0.000000,100.0,59469,346.9,90187,936.5,-0.08,-0.000015,660.1,0.000000,100.0,504632,586.5,121635,1016.1,5.75,0.001415,0.0000194,0.0477,86409,327.7,-0.000000,0.0001703,0.0483,78579,319.9,0.000000,0.0000766,0.0487,75018,304.6,0.095317,0.0001707,0.0474,66062,306.6,0.000000
301.05,0.0055749,301.0,0.006106,1037.6,101419,995.1,102280,1039.8,25.03,0.005065,121.0,0.000000,100.0,616819,1633.9,59042,860.8,3.78,0.000533,481.0,0.000000,1374.2,60496,347.8,90116,936.3,0.21,0.000041,661.0,0.000000,100.0,519454,590.8,117722,1008.4,6.29,0.001509,0.0000193,0.0477,87307,328.6,0.000000,0.0001703,0.0483,78739,320.1,0.000000,0.0000783,0.0487,76580,306.5,0.093935,0.0001707,0.0474,65470,305.8,0.000000
302.08,0.0055941,302.1,0.006613,1043.5,103525,999.0,104260,1044.8,29.23,0.006000,122.1,0.000000,100.0,610686,1630.0,57868,856.8,3.59,0.000499,482.1,0.000000,1780.2,61648,348.8,89789,935.6,0.73,0.000145,662.1,0.000000,419.6,535969,595.6,113536,1000.0,6.48,0.001513,0.0000192,0.0477,88396,329.8,0.000000,0.0001703,0.0483,78994,320.4,0.000000,0.0000801,0.0487,77247,307.3,0.097458,0.0001707,0.0474,64851,305.0,0.000000
303.05,0.0056120,303.0,0.008227,1048.7,105365,1002.1,105763,1048.5,35.94,0.007458,123.0,-0.000000,100.0,604937,1625.9,56835,853.2,3.45,0.000472,483.0,0.000000,100.0,62692,349.7,89337,934.5,0.95,0.000187,663.0,0.000000,100.0,552148,600.1,109810,992.3,6.34,0.001443,0.0000190,0.0477,89485,330.9,-0.000000,0.0001703,0.0483,79347,320.8,0.000000,0.0000818,0.0487,78651,309.1,0.095364,0.0001707,0.0474,64288,304.2,0.000000
304.08,0.0056311,304.1,0.011953,1053.5,106874,1004.5,108758,1055.3,54.10,0.011469,124.1,0.000103,938.2,598984,1621.7,55934,850.2,3.79,0.000513,484.1,0.000000,271.8,63855,350.8,88996,933.6,0.60,0.000119,664.1,0.000000,1055.1,570189,605.0,106168,984.6,5.98,0.001327,0.0000188,0.0477,90640,332.1,0.000000,0.0001703,0.0483,79871,321.4,0.000000,0.0000837,0.0487,79244,309.8,0.098528,0.0001707,0.0474,63715,303.5,0.000000
305.04,0.0056490,305.0,0.011838,1040.5,108347,1006.7,108048,1053.7,56.29,0.011873,125.0,0.000147,934.5,593572,1617.8,55072,847.4,4.25,0.000568,485.0,0.000000,1665.5,64903,351.7,88947,933.5,0.05,0.000010,665.0,0.000000,1865.7,587865,609.7,103111,978.0,5.54,0.001202,0.0000186,0.0477,91654,333.1,-0.000000,0.0001703,0.0483,80499,322.1,0.000000,0.0000854,0.0487,80567,311.5,0.096042,0.0001707,0.0474,63215,302.8,0.000000
306.07,0.0056680,306.1,0.017201,1066.9,109171,1007.5,111029,1059.5,76.20,0.016427,126.1,0.000216,930.7,587971,1613.7,54163,844.5,4.89,0.000646,486.1,0.000000,1799.7,66065,352.7,89097,933.9,-0.33,-0.000064,666.1,0.000000,100.0,607577,614.8,100224,971.6,5.04,0.001069,0.0000183,0.0477,92610,334.1,0.000000,0.0001703,0.0483,81282,322.9,0.000000,0.0000873,0.0487,81104,312.1,0.098948,0.0001707,0.0474,62735,302.1,0.000000
307.10,0.0056871,307.1,0.016224,1039.8,110153,1008.6,111071,1058.6,78.40,0.016922,127.1,0.000325,926.9,582537,1609.7,53286,841.7,5.81,0.000756,487.1,0.000000,683.0,67181,353.6,89206,934.2,-0.16,-0.000031,667.1,0.000000,100.0,628235,620.0,97727,966.0,4.45,0.000926,0.0000179,0.0477,93417,334.9,0.000000,0.0001703,0.0483,82123,323.8,0.000000,0.0000892,0.0487,82335,313.6,0.096326,0.0001707,0.0474,62320,301.6,0.000000
308.07,0.0057049,308.1,0.017061,1040.5,110964,1009.3,112000,1059.5,78.43,0.017056,128.1,0.000473,923.5,577584,1606.1,52511,839.5,6.98,0.000898,488.1,0.000000,603.6,68261,354.5,89108,933.9,0.30,0.000059,668.1,0.000000,3646.1,648507,625.0,95819,961.6,3.69,0.000757,0.0000176,0.0477,94044,335.5,-0.000000,0.0001703,0.0483,82902,324.7,0.000000,0.0000909,0.0487,82800,314.2,0.098761,0.0001707,0.0474,61997,301.1,0.000000
309.09,0.0057240,309.1,0.016174,1042.8,111978,1010.4,113113,1060.9,74.19,0.016272,129.1,0.000671,920.2,572444,1602.2,51755,837.6,8.61,0.001094,489.1,0.000000,4115.7,69366,355.5,88514,932.5,1.41,0.000275,669.1,0.000000,243.3,671148,630.5,94318,958.1,2.70,0.000546,0.0000173,0.0477,94603,336.0,-0.000000,0.0001703,0.0483,83670,325.5,0.000000,0.0000927,0.0487,83971,315.6,0.095946,0.0001707,0.0474,61724,300.7,0.000000
310.06,0.0057418,310.1,0.016547,1066.2,112883,1011.2,115319,1064.7,73.41,0.016358,130.1,0.000922,917.4,567751,1598.6,51133,836.5,10.54,0.001325,490.1,0.000000,100.0,70435,356.3,87395,929.7,2.56,0.000496,670.1,0.000000,1616.9,693376,635.7,93688,956.6,0.97,0.000195,0.0000170,0.0477,95055,336.5,-0.000000,0.0001703,0.0483,84300,326.2,0.000000,0.0000945,0.0487,84438,316.2,0.098292,0.0001707,0.0474,61530,300.5,0.000000
311.08,0.0057608,311.1,0.015139,1067.2,114093,1012.6,116033,1066.1,64.55,0.014451,131.1,0.001233,914.9,562872,1594.9,50585,836.1,13.08,0.001628,491.1,0.000000,2584.1,71527,357.2,85882,926.0,3.16,0.000603,671.1,0.000000,1382.9,718214,641.3,94287,958.0,-1.63,-0.000329,0.0000167,0.0477,95495,336.9,-0.000000,0.0001702,0.0483,84864,326.8,0.000000,0.0000963,0.0487,85579,317.6,0.095412,0.0001707,0.0474,61378,300.3,0.000000
312.05,0.0057787,312.0,0.013346,1068.5,115535,1014.5,117189,1068.5,55.03,0.012416,132.0,0.001607,913.0,558406,1591.5,50189,836.5,16.00,0.001974,492.0,0.000000,1072.7,72544,358.1,84563,922.7,2.91,0.000549,672.0,0.000000,842.4,742614,646.7,96815,963.9,-5.77,-0.001193,0.0000165,0.0477,95890,337.3,-0.000000,0.0001702,0.0483,85298,327.3,0.000000,0.0000980,0.0487,86861,319.1,0.094967,0.0001707,0.0474,61273,300.1,0.000000
313.08,0.0057977,313.1,0.009832,1069.7,117732,1017.8,119254,1072.9,32.78,0.007495,133.1,0.002018,911.5,553752,1587.8,49837,837.8,19.62,0.002401,493.1,0.000000,136.2,73665,359.0,83478,920.0,2.24,0.000418,673.1,0.000000,949.0,769893,652.6,102042,975.8,-10.12,-0.002177,0.0000163,0.0477,96307,337.7,0.000000,0.0001702,0.0483,85678,327.7,0.000000,0.0000999,0.0487,87105,319.4,0.097181,0.0001707,0.0474,61186,300.0,0.000000
314.10,0.0058167,314.1,0.003305,1075.6,121201,1023.4,122259,1079.3,0.71,0.000165,134.1,0.002498,910.3,549204,1584.2,49565,840.0,23.76,0.002884,494.1,0.000000,100.0,74738,359.8,82729,918.0,1.55,0.000287,674.1,0.000000,996.9,798537,658.6,108342,989.5,-10.80,-0.002432,0.0000163,0.0477,96724,338.1,0.000000,0.0001701,0.0483,85996,328.0,0.000000,0.0001016,0.0487,88327,320.8,0.094257,0.0001707,0.0474,61115,299.9,0.000000
315.07,0.0058346,315.1,-0.002528,1086.0,125654,1031.0,125940,1086.9,-19.40,-0.004623,135.1,0.003029,909.7,545028,1580.9,49393,842.9,28.17,0.003395,495.1,0.000000,706.2,75775,360.6,82275,916.9,1.02,0.000188,675.1,0.000000,695.1,826697,664.3,113214,999.7,-8.11,-0.001890,0.0000163,0.0477,97112,338.5,-0.000000,0.0001701,0.0483,86255,328.3,0.000000,0.0001034,0.0487,88579,321.1,0.096220,0.0001707,0.0474,61062,299.8,0.000000
316.09,0.0058536,316.1,-0.003854,1100.9,130913,1039.8,131242,1097.4,-23.10,-0.005682,136.1,0.003632,909.3,540656,1577.4,49292,847.1,33.55,0.004017,496.1,0.000000,3194.5,76833,361.4,81983,916.1,0.61,0.000112,676.1,0.000000,565985.0,858216,670.5,116046,1005.4,-3.87,-0.000918,0.0000164,0.0477,97513,338.9,-0.000000,0.0001700,0.0483,86508,328.5,0.000000,0.0001051,0.0487,89691,322.4,0.093159,0.0001707,0.0474,61049,299.8,0.000000
317.06,0.0058715,317.1,-0.000932,1105.6,135524,1047.1,137562,1109.7,-8.21,-0.002095,137.1,0.004313,909.3,536628,1574.2,49263,851.8,39.31,0.004676,497.1,0.000000,1187.9,77855,362.2,81806,915.7,0.41,0.000076,677.1,0.000000,2924.2,889220,676.5,116428,1006.2,-0.26,-0.000061,0.0000164,0.0477,97874,339.2,-0.000000,0.0001699,0.0483,86739,328.8,0.000000,0.0001068,0.0487,89920,322.7,0.095000,0.0001707,0.0474,61077,299.8,0.000000
318.09,0.0058905,318.1,0.002542,1115.7,139924,1053.6,143369,1120.3,11.24,0.002959,138.1,0.005077,909.6,532399,1570.7,49296,857.9,46.17,0.005458,498.1,0.000000,756.4,78893,363.0,81622,915.2,0.43,0.000078,678.1,0.000000,100.0,923917,682.9,115064,1003.5,2.43,0.000573,0.0000163,0.0477,98243,339.6,0.000000,0.0001698,0.0483,86990,329.0,0.000000,0.0001086,0.0487,90957,323.9,0.091666,0.0001707,0.0474,61184,300.0,0.000000
319.05,0.0059084,319.1,0.003668,1120.9,143977,1059.2,144669,1122.5,14.07,0.003730,139.1,0.005921,910.2,528491,1567.5,49383,864.2,53.31,0.006266,499.1,0.000000,618.9,79895,363.8,81381,914.6,0.60,0.000110,679.1,0.000000,100.0,958044,689.1,112775,998.8,4.01,0.000932,0.0000163,0.0477,98581,339.9,0.000000,0.0001697,0.0483,87239,329.3,0.000000,0.0001103,0.0487,91203,324.1,0.093425,0.0001707,0.0474,61386,300.3,0.000000
320.09,0.0059275,320.1,0.008480,1127.0,147392,1063.5,149329,1130.0,29.01,0.007887,140.1,0.006854,911.0,524372,1564.1,49503,871.3,61.79,0.007221,500.1,0.000000,216.8,80913,364.5,80983,913.5,0.94,0.000172,680.1,0.000000,1698.1,996236,695.8,109627,992.3,5.25,0.001193,0.0000161,0.0477,98938,340.2,-0.000000,0.0001696,0.0483,87526,329.6,0.000000,0.0001120,0.0487,92196,325.2,0.090011,0.0001707,0.0474,61752,300.7,0.000000
321.05,0.0059454,321.1,0.009218,1123.8,150537,1067.3,150595,1131.6,31.52,0.008627,141.1,0.007877,911.8,520552,1561.0,49620,878.1,70.55,0.008201,501.1,0.000000,100.0,81857,365.2,80433,912.1,1.36,0.000247,681.1,0.000000,100.0,1033796,702.2,106185,985.0,6.21,0.001377,0.0000160,0.0477,99272,340.6,0.000000,0.0001694,0.0483,87817,329.9,0.000000,0.0001136,0.0487,93282,326.4,0.089159,0.0001707,0.0474,62294,301.5,0.000000
322.08,0.0059645,322.1,0.012959,1137.5,153091,1070.0,154524,1137.2,41.60,0.011627,142.1,0.008988,912.8,516511,1557.6,49749,885.0,80.63,0.009323,502.1,0.000000,100.0,82896,366.0,79675,910.1,1.75,0.000316,682.1,0.000000,118938.9,1075814,709.2,102176,976.3,6.97,0.001502,0.0000157,0.0477,99628,340.9,-0.000000,0.0001693,0.0483,88145,330.2,0.000000,0.0001153,0.0487,93448,326.6,0.090858,0.0001707,0.0474,63164,302.6,0.000000
323.05,0.0059824,323.1,0.013957,1140.4,155294,1072.0,157795,1141.3,46.41,0.013198,143.1,0.010167,913.9,512751,1554.4,49892,891.0,90.51,0.010425,503.1,0.000000,100.0,83824,366.6,78851,907.9,2.02,0.000361,683.1,0.000000,960.5,1117111,715.8,98314,967.7,7.38,0.001542,0.0000155,0.0477,99941,341.2,0.000024,0.0001691,0.0483,88456,330.6,0.000000,0.0001169,0.0487,94463,327.7,0.087523,0.0001707,0.0474,64303,304.2,0.000000
324.08,0.0060016,324.1,0.011576,1131.1,158283,1075.0,157766,1140.6,37.48,0.010665,144.1,0.011403,915.4,508764,1551.1,50090,896.7,101.39,0.011651,504.1,0.000000,100.0,84848,367.3,77924,905.5,2.13,0.000377,684.1,0.000000,11149.5,1163275,722.9,94205,958.2,7.67,0.001552,0.0000152,0.0477,100222,341.4,0.000120,0.0001689,0.0483,88781,330.9,0.000000,0.0001186,0.0487,94723,327.9,0.089345,0.0001707,0.0474,65853,306.2,0.000000
325.05,0.0060195,325.1,0.014626,1147.0,160378,1076.7,162197,1146.5,42.67,0.012418,145.1,0.012708,917.2,505043,1547.9,50336,901.3,111.98,0.012864,505.1,0.000000,1382.3,85764,368.0,77081,903.2,2.08,0.000364,685.1,0.000000,132.3,1208605,729.7,90389,949.1,7.87,0.001542,0.0000150,0.0477,100497,341.7,0.000098,0.0001686,0.0483,89063,331.2,0.000000,0.0001201,0.0487,95702,328.9,0.085993,0.0001707,0.0474,67532,308.3,0.000000
326.09,0.0060386,326.1,0.012916,1149.8,163072,1079.1,165050,1149.7,41.65,0.012299,146.1,0.014090,919.5,501087,1544.6,50686,905.5,123.67,0.014240,506.1,0.000000,3500.6,86739,368.7,76236,900.9,1.98,0.000345,686.1,0.000000,868.2,1259219,737.1,86642,939.8,7.45,0.001414,0.0000147,0.0477,100795,342.0,0.000037,0.0001684,0.0483,89314,331.5,0.000000,0.0001218,0.0487,96829,330.0,0.085550,0.0001707,0.0474,69413,310.7,0.000000
327.05,0.0060566,327.1,0.012921,1153.0,165602,1081.3,167570,1152.4,42.03,0.012573,147.1,0.015614,922.3,497379,1541.4,51239,909.5,135.20,0.015668,507.1,0.000000,695.0,87683,369.3,75456,898.8,1.98,0.000343,687.1,0.000000,1817.6,1308858,744.1,83722,932.4,6.37,0.001176,0.0000145,0.0477,101081,342.3,-0.000026,0.0001681,0.0483,89484,331.6,0.000000,0.0001233,0.0487,97015,330.1,0.087175,0.0001707,0.0474,71118,312.7,0.000000
328.09,0.0060757,328.1,0.012217,1141.7,168496,1083.9,168206,1151.4,38.90,0.011690,148.1,0.017254,926.8,493416,1538.0,52162,914.3,147.38,0.017296,508.1,0.000000,1288.2,88651,370.0,74581,896.3,2.13,0.000365,688.1,0.000000,100.0,1364206,751.6,81444,926.5,4.70,0.000850,0.0000143,0.0477,101392,342.7,-0.000089,0.0001678,0.0483,89583,331.7,0.000000,0.0001249,0.0487,98088,331.2,0.084268,0.0001707,0.0474,72767,314.7,0.000000
329.06,0.0060936,329.1,0.014583,1141.0,170526,1085.2,170194,1151.8,43.27,0.013153,149.1,0.018936,932.3,489689,1534.8,53332,919.5,158.15,0.018869,509.1,0.000000,100.0,89591,370.7,73665,893.8,2.42,0.000410,689.1,0.000000,146.5,1418404,758.7,80072,922.9,3.10,0.000552,0.0000140,0.0477,101699,343.2,-0.000176,0.0001674,0.0483,89597,331.7,0.000000,0.0001265,0.0487,98389,331.4,0.086002,0.0001707,0.0474,74101,316.3,0.000000
330.09,0.0061127,330.1,0.016508,1138.8,172007,1085.5,172297,1151.3,50.18,0.015449,150.1,0.020656,939.4,485699,1531.4,54875,925.8,168.96,0.020602,510.1,0.000000,495.1,90556,371.3,72483,890.5,3.02,0.000505,690.1,0.000000,100.0,1478732,766.4,79270,920.7,1.64,0.000291,0.0000137,0.0477,102056,344.0,-0.000291,0.0001670,0.0483,89543,331.7,0.000000,0.0001281,0.0487,99424,332.4,0.083109,0.0001707,0.0474,75283,317.7,0.000000
331.06,0.0061307,331.1,0.017525,1135.3,172952,1085.2,173280,1148.9,54.78,0.016995,151.1,0.022425,946.8,481941,1528.1,56509,932.0,178.82,0.022303,511.1,0.000000,377.2,91458,371.9,71063,886.4,3.90,0.000643,691.1,0.000000,100.0,1537685,773.7,79036,920.1,0.44,0.000078,0.0000134,0.0477,102434,344.9,-0.000434,0.0001666,0.0483,89433,331.6,0.000000,0.0001295,0.0487,100567,333.4,0.082444,0.0001707,0.0474,76176,318.7,0.000000
332.09,0.0061498,332.1,0.018976,1112.0,173279,1083.7,174534,1146.2,60.38,0.018915,152.1,0.024256,954.8,477907,1524.6,58306,938.6,189.54,0.024221,512.1,0.000000,289.8,92459,372.6,69200,881.0,4.87,0.000787,692.1,0.000000,3565.3,1603157,781.5,79285,920.8,-0.73,-0.000129,0.0000130,0.0477,102896,346.2,-0.000607,0.0001662,0.0483,89269,331.4,0.000000,0.0001312,0.0487,100810,333.5,0.084331,0.0001707,0.0474,76925,319.6,0.000000
333.06,0.0061678,333.1,0.017913,1126.1,173676,1082.5,173024,1140.2,57.10,0.017825,153.1,0.026164,962.2,474097,1521.3,59999,944.6,199.81,0.026108,513.1,0.000000,100.0,93361,373.2,67258,875.2,5.46,0.000864,693.1,0.000000,726.0,1666973,788.9,80002,922.7,-1.85,-0.000329,0.0000126,0.0477,103391,347.8,-0.000811,0.0001657,0.0483,89086,331.2,0.000000,0.0001326,0.0487,101874,334.5,0.081226,0.0001707,0.0474,77467,320.2,0.000000
334.09,0.0061869,334.1,0.018804,1121.2,173504,1080.3,172445,1135.1,56.21,0.017567,154.1,0.028151,970.7,469996,1517.7,62042,951.6,209.87,0.028147,514.1,0.000000,31258.4,94323,373.9,65167,868.9,5.64,0.000871,694.1,0.000000,2296.1,1737628,796.8,81128,925.7,-2.58,-0.000465,0.0000123,0.0477,103996,349.9,-0.001049,0.0001652,0.0483,88879,331.0,0.000000,0.0001342,0.0487,102998,335.5,0.080654,0.0001707,0.0474,77910,320.7,0.000000
335.06,0.0062049,335.1,0.018961,1116.7,172966,1077.6,172219,1130.6,56.35,0.017657,155.1,0.030207,980.0,466112,1514.3,64503,960.0,217.45,0.030056,515.1,0.000000,493.3,95223,374.5,63303,863.1,5.51,0.000831,695.1,0.000000,481.4,1806256,804.2,82298,928.8,-2.76,-0.000503,0.0000119,0.0477,104640,352.3,-0.001322,0.0001646,0.0483,88692,330.8,0.000000,0.0001356,0.0487,104153,336.5,0.079825,0.0001707,0.0474,78234,321.0,0.000000
336.10,0.0062240,336.1,0.019209,1095.4,171905,1074.0,172617,1126.6,59.01,0.018599,156.1,0.032304,994.0,461924,1510.7,68637,973.6,220.01,0.031905,516.1,0.000000,740.9,96220,375.2,61486,857.3,5.15,0.000760,696.1,0.000000,1173.3,1881937,812.1,83524,931.9,-2.65,-0.000489,0.0000115,0.0477,105413,355.3,-0.001632,0.0001640,0.0483,88518,330.6,0.000000,0.0001372,0.0487,104443,336.6,0.081550,0.0001707,0.0474,78520,321.4,0.000000
337.07,0.0062420,337.1,0.017694,1106.9,171029,1070.8,171140,1120.8,56.71,0.017813,157.1,0.034399,1011.3,457955,1507.2,74237,991.3,218.20,0.033615,517.1,0.000000,100.0,97120,375.8,59982,852.4,4.68,0.000678,697.1,0.000000,1176.5,1955556,820.7,84633,934.8,-2.55,-0.000475,0.0000111,0.0477,106221,358.8,-0.001980,0.0001634,0.0483,88395,330.5,0.000000,0.0001386,0.0487,105477,337.4,0.078469,0.0001707,0.0474,78767,321.6,0.000000
338.04,0.0062600,338.0,0.017049,1101.7,169963,1067.3,169171,1114.3,53.66,0.016758,158.0,0.036309,1028.3,453952,1503.6,80094,1008.6,217.38,0.035512,518.0,0.000000,606.3,98021,376.4,58670,848.1,4.17,0.000594,698.0,0.000000,2232.3,2033300,829.1,85765,937.7,-2.58,-0.000485,0.0000108,0.0477,107113,362.9,-0.002355,0.0001627,0.0483,88323,330.4,0.000000,0.0001400,0.0487,106509,338.3,0.077776,0.0001707,0.0474,79030,321.9,0.000000
339.08,0.0062792,339.1,0.017109,1095.8,168291,1062.7,167730,1108.3,52.91,0.016473,159.1,0.038217,1043.2,449648,1499.8,85323,1023.0,219.91,0.037731,519.1,0.000000,1378.4,98982,377.0,57481,844.1,3.60,0.000504,699.1,0.000000,3260.4,2122969,839.8,87018,940.8,-2.63,-0.000500,0.0000104,0.0477,108157,368.0,-0.002779,0.0001620,0.0483,88310,330.4,0.000000,0.0001414,0.0487,107542,339.1,0.077107,0.0001707,0.0474,79361,322.3,0.000000
340.05,0.0062972,340.0,0.016847,1073.5,166296,1057.7,166756,1103.1,53.66,0.016687,160.0,0.040167,1053.5,445579,1496.2,88921,1032.2,225.18,0.039904,520.0,0.000000,780.7,99878,377.6,56585,841.0,2.93,0.000406,700.0,0.000000,100.0,2215587,852.1,88156,943.7,-2.46,-0.000473,0.0000101,0.0477,109217,373.5,-0.003241,0.0001613,0.0483,88350,330.4,0.000000,0.0001428,0.0487,108525,339.9,0.076020,0.0001707,0.0474,79749,322.7,0.000000
341.08,0.0063164,341.1,0.015077,1058.9,164297,1052.5,164165,1095.9,49.83,0.015357,161.1,0.042122,1061.2,441202,1492.3,91384,1038.1,232.93,0.042180,521.1,0.000000,1058.5,100830,378.3,55900,838.7,2.08,0.000285,701.1,0.000000,3111.4,2326092,868.7,89195,946.2,-2.06,-0.000399,0.0000097,0.0477,110430,380.3,-0.003741,0.0001605,0.0483,88459,330.5,0.000000,0.0001443,0.0487,109471,340.6,0.075090,0.0001707,0.0474,80273,323.3,0.000000
342.06,0.0063344,342.1,0.014057,1078.0,162241,1047.3,161776,1088.5,46.32,0.014162,162.1,0.044039,1065.8,437064,1488.6,92436,1040.4,241.78,0.044187,522.1,0.000000,573.8,101747,378.9,55532,837.4,1.18,0.000160,702.1,0.000000,136692.8,2443145,888.1,90064,948.4,-1.88,-0.000368,0.0000094,0.0477,111641,387.6,-0.004277,0.0001597,0.0483,88623,330.7,0.000000,0.0001456,0.0487,109573,340.5,0.075977,0.0001707,0.0474,80890,324.0,0.000000
343.09,0.0063536,343.1,0.013374,1047.0,159679,1041.2,159713,1081.4,44.62,0.013556,163.1,0.045899,1068.4,432619,1484.6,92551,1040.3,252.34,0.046180,523.1,0.000000,100.0,102683,379.5,55460,837.1,0.11,0.000016,703.1,0.000000,100.0,2585073,913.6,91103,950.9,-2.14,-0.000423,0.0000090,0.0477,112997,396.4,-0.004849,0.0001588,0.0483,88862,330.9,0.000000,0.0001470,0.0487,110385,341.1,0.072507,0.0001707,0.0474,81705,324.9,0.000000
344.07,0.0063716,344.1,0.012217,1040.9,157100,1035.1,157374,1074.6,42.34,0.012755,164.1,0.047928,1069.8,428409,1480.9,92293,1039.3,264.03,0.048230,524.1,0.000000,1091.9,103548,380.1,55636,837.8,-0.66,-0.000091,704.1,0.000000,619.3,2736568,942.6,92381,954.0,-2.80,-0.000557,0.0000087,0.0477,114310,405.8,-0.005452,0.0001579,0.0483,89145,331.2,0.000000,0.0001483,0.0487,111129,341.7,0.070931,0.0001707,0.0474,82628,325.9,0.000000
345.10,0.0063908,345.1,0.010921,1033.8,154207,1028.2,154401,1067.0,39.01,0.011612,165.1,0.067934,1123.5,422687,1475.9,105178,1071.4,340.33,0.068726,525.1,0.000000,597.2,104462,380.7,55984,839.0,-1.16,-0.000159,705.1,0.000000,100.0,2920282,979.5,94260,958.4,-3.79,-0.000767,0.0000084,0.0477,115728,417.1,-0.006085,0.0001566,0.0483,89509,331.6,0.000000,0.0001496,0.0487,111842,342.2,0.069539,0.0001707,0.0474,83783,327.1,0.000000
346.08,0.0064089,346.1,0.009742,1026.8,151297,1021.5,151422,1059.9,35.73,0.010502,166.1,0.073682,1129.3,417060,1471.0,107117,1075.2,362.04,0.074196,526.1,0.000000,287.6,105306,381.2,56734,841.6,-3.13,-0.000434,706.1,0.000000,738.5,3115199,1020.1,96460,963.6,-4.49,-0.000924,0.0000081,0.0477,117051,428.9,-0.006745,0.0001553,0.0483,89906,332.0,0.000000,0.0001509,0.0487,112513,342.6,0.067787,0.0001707,0.0474,85004,328.4,0.000000
347.05,0.0064269,347.1,0.008253,1046.3,148339,1014.5,148028,1052.5,31.37,0.009077,167.1,0.076524,1134.3,411345,1465.9,108391,1077.8,373.01,0.077169,527.1,0.000000,820.3,106137,381.8,61818,858.7,-20.85,-0.003087,707.1,0.000000,1095.0,3333532,1066.7,98682,968.7,-4.30,-0.000901,0.0000078,0.0477,118345,441.9,-0.007409,0.0001539,0.0483,90352,332.5,0.000000,0.0001520,0.0487,113139,343.1,0.066150,0.0001707,0.0474,86322,329.8,0.000000
348.09,0.0064462,348.1,0.007212,1040.1,144891,1006.6,144586,1045.0,27.06,0.007700,168.1,0.079278,1142.4,405164,1460.5,111701,1085.1,376.80,0.079793,528.1,0.000000,527.3,107012,382.3,79892,912.0,-50.24,-0.009054,708.1,0.000000,2954.2,3593195,1123.2,100585,973.0,-3.23,-0.000686,0.0000075,0.0477,119665,457.4,-0.008113,0.0001524,0.0483,90878,333.0,0.000000,0.0001533,0.0487,113738,343.5,0.064517,0.0001707,0.0474,87782,331.3,0.000000
349.07,0.0064643,349.1,0.005998,1034.5,141454,998.7,141632,1038.8,23.53,0.006600,169.1,0.081920,1156.2,399299,1455.2,119390,1102.1,366.74,0.081726,529.1,0.000000,1640.5,107787,382.8,99019,958.9,-39.62,-0.008416,709.1,0.000000,127.6,3861927,1182.4,101605,975.3,-1.73,-0.000370,0.0000072,0.0477,120830,473.4,-0.008833,0.0001509,0.0483,91412,333.5,0.000000,0.0001544,0.0487,114967,344.4,0.060645,0.0001707,0.0474,89143,332.7,0.000000
350.05,0.0064823,350.0,0.004149,1029.2,138132,990.9,138157,1032.0,18.26,0.005029,170.0,0.084405,1175.2,393365,1449.9,130992,1126.2,349.90,0.083720,530.0,0.000000,2171.3,108579,383.3,109677,982.1,-17.89,-0.004110,710.0,0.000000,722.3,4154653,1247.4,101767,975.6,-0.12,-0.000025,0.0000070,0.0477,121912,491.0,-0.009544,0.0001494,0.0483,91982,334.1,0.000000,0.0001555,0.0487,115459,344.7,0.060843,0.0001707,0.0474,90443,334.0,0.000000
351.09,0.0065017,351.1,0.002772,1023.8,134462,982.2,134774,1025.6,13.31,0.003598,171.1,0.086926,1194.0,386965,1444.1,142559,1148.0,338.57,0.086487,531.1,0.000000,615.2,109411,383.9,112333,987.7,-2.90,-0.000678,711.1,0.000000,257.1,4491859,1322.8,101132,974.2,1.33,0.000285,0.0000067,0.0477,122969,511.4,-0.010290,0.0001477,0.0483,92622,334.8,0.000000,0.0001566,0.0487,115917,345.0,0.059087,0.0001707,0.0474,91711,335.3,0.000000
352.07,0.0065198,352.1,0.001289,1019.1,130959,973.8,131727,1020.1,8.80,0.002337,172.1,0.089190,1205.7,380911,1438.5,149874,1160.7,334.88,0.088954,532.1,0.000000,676.1,110175,384.4,110395,983.8,3.67,0.000847,712.1,0.000000,1387.5,4829079,1398.7,99887,971.4,2.47,0.000521,0.0000065,0.0477,123868,532.1,-0.011045,0.0001461,0.0483,93245,335.4,0.000000,0.0001577,0.0487,116378,345.2,0.057042,0.0001707,0.0474,92754,336.3,0.000000
353.05,0.0065379,353.0,0.000268,1009.6,127222,964.9,128789,1014.8,3.41,0.000890,173.0,0.090852,1212.5,374838,1432.9,153841,1167.1,335.55,0.090988,533.0,0.000000,567.7,110925,384.9,107752,978.3,4.21,0.000954,713.0,0.000000,100.0,5183648,1478.9,98254,967.7,3.19,0.000665,0.0000063,0.0477,124670,554.3,-0.011764,0.0001444,0.0483,93877,336.0,0.000000,0.0001587,0.0487,116826,345.5,0.055176,0.0001707,0.0474,93640,337.2,0.000000
354.09,0.0065573,354.1,-0.001204,1005.7,123761,956.4,125594,1008.9,-2.26,-0.000579,174.1,0.092470,1216.1,368342,1426.8,155334,1169.1,339.94,0.092913,534.1,0.000000,365.1,111712,385.4,105600,973.7,3.59,0.000802,714.1,0.000000,1668.0,5576812,1568.4,96307,963.3,3.59,0.000737,0.0000061,0.0477,123773,571.0,-0.011471,0.0001426,0.0483,94545,336.7,0.000000,0.0001597,0.0487,117247,345.7,0.053349,0.0001707,0.0474,94411,337.9,0.000000
355.08,0.0065755,355.1,-0.001626,1004.5,121512,950.2,123446,1004.9,-3.48,-0.000878,175.1,0.093912,1217.1,362245,1421.0,154695,1167.6,345.91,0.094273,535.1,0.000000,381.4,112411,385.8,103531,969.3,3.76,0.000827,715.1,0.000000,5278.8,5954684,1655.3,94423,958.9,3.74,0.000758,0.0000059,0.0477,121597,577.6,-0.009114,0.0001409,0.0483,95148,337.2,0.000000,0.0001606,0.0487,118220,346.4,0.049695,0.0001707,0.0474,94978,338.5,0.000000
356.06,0.0065937,356.1,-0.001612,1000.9,119581,944.6,121538,1001.3,-3.40,-0.000850,176.1,0.095251,1216.5,356144,1415.2,153261,1164.9,353.40,0.095648,536.1,0.000000,461.1,113122,386.3,101664,965.2,3.30,0.000715,716.1,0.000000,984.5,6336479,1744.1,92535,954.4,3.82,0.000763,0.0000058,0.0477,119808,582.7,-0.007767,0.0001392,0.0483,95710,337.8,0.000000,0.0001615,0.0487,118587,346.6,0.049535,0.0001707,0.0474,95405,338.9,0.000000
357.04,0.0066119,357.0,-0.001490,997.7,118022,939.6,119833,998.1,-3.27,-0.000808,177.0,0.096672,1215.5,350032,1409.3,151430,1161.4,362.07,0.097114,537.0,0.000000,100.0,113823,386.7,100179,961.9,2.79,0.000598,717.0,0.000000,903.5,6716874,1834.0,90643,949.9,3.91,0.000768,0.0000058,0.0477,117886,584.7,-0.006219,0.0001374,0.0483,96215,338.3,0.000000,0.0001624,0.0487,118971,346.8,0.047771,0.0001707,0.0474,95708,339.2,0.000000
358.09,0.0066313,358.1,-0.001356,994.6,116361,934.3,118189,994.9,-3.00,-0.000733,178.1,0.098084,1213.9,343504,1402.8,149124,1157.0,371.86,0.098592,538.1,0.000000,468.8,114561,387.2,98473,958.1,3.17,0.000671,718.1,0.000000,684.5,7114820,1930.2,88627,945.0,3.97,0.000765,0.0000057,0.0477,116488,587.1,-0.005414,0.0001355,0.0483,96677,338.7,0.000000,0.0001633,0.0487,119373,347.0,0.046092,0.0001707,0.0474,95915,339.4,0.000000
359.08,0.0066496,359.1,-0.001216,991.8,114898,929.4,116763,992.2,-2.63,-0.000637,179.1,0.099418,1212.2,337376,1396.7,146824,1152.7,381.14,0.099871,539.1,0.000000,1148.7,115221,387.6,96322,953.3,4.37,0.000909,719.1,0.000000,100.0,7474698,2019.7,86829,940.5,3.83,0.000727,0.0000056,0.0477,115387,588.6,-0.004430,0.0001337,0.0483,97032,339.1,0.000000,0.0001641,0.0487,120222,347.7,0.042854,0.0001707,0.0474,96023,339.5,0.000000
360.07,0.0066679,360.1,-0.001087,989.2,113580,924.8,115431,989.5,-2.28,-0.000547,180.1,0.100630,1210.5,331247,1390.6,144502,1148.2,390.36,0.101058,540.1,0.000000,1510.5,115896,388.1,93294,946.3,6.27,0.001271,0.1,0.000000,831.5,7816180,2107.8,85202,936.4,3.51,0.000657,0.0000056,0.0477,114207,588.9,-0.003383,0.0001319,0.0483,97307,339.3,0.000000,0.0001648,0.0487,120595,347.8,0.042702,0.0001707,0.0474,96069,339.5,0.000000
361.05,0.0066862,361.1,-0.000987,986.7,112413,920.5,114177,987.0,-2.03,-0.000482,181.1,0.101767,1208.9,325120,1384.3,142179,1143.7,399.53,0.102169,541.1,0.000000,100.0,116564,388.5,89472,937.2,7.95,0.001560,1.1,0.000000,100.0,8133945,2193.5,83782,932.8,3.12,0.000576,0.0000055,0.0477,112803,587.8,-0.002369,0.0001300,0.0483,97502,339.5,0.000000,0.0001656,0.0487,120974,348.0,0.041148,0.0001707,0.0474,96074,339.5,0.000000
362.04,0.0067045,362.0,-0.000909,984.3,110916,915.5,113001,984.7,-1.89,-0.000446,182.0,0.102829,1207.2,318999,1378.0,139853,1139.2,408.65,0.103204,542.0,0.000000,636.2,117205,389.0,85564,927.6,8.25,0.001565,2.0,0.000000,2922.6,8423212,2276.1,82540,929.6,2.78,0.000507,0.0000055,0.0477,111934,587.4,-0.002385,0.0001281,0.0483,97622,339.6,0.000000,0.0001663,0.0487,121746,348.6,0.038323,0.0001707,0.0474,96056,339.5,0.000000
363.09,0.0067240,363.1,-0.000871,982.1,109750,911.0,111854,982.4,-1.86,-0.000437,183.1,0.103844,1205.4,312480,1371.1,137405,1134.3,418.22,0.104215,543.1,0.000000,1297.4,117906,389.4,81966,918.4,7.34,0.001347,3.1,0.000000,100.0,8695632,2360.1,81345,926.5,2.55,0.000461,0.0000055,0.0477,110382,585.1,-0.000913,0.0001261,0.0483,97673,339.7,0.000000,0.0001670,0.0487,122076,348.8,0.038140,0.0001707,0.0474,96040,339.5,0.000000
364.08,0.0067423,364.1,-0.000778,980.2,108705,906.9,110914,980.5,-1.71,-0.000397,184.1,0.104775,1203.9,306382,1364.6,135222,1129.9,426.81,0.105074,544.1,0.000000,695.1,118538,389.9,79192,911.1,6.32,0.001131,4.1,0.000000,241.3,8913430,2434.3,80282,923.6,2.47,0.000442,0.0000055,0.0477,109176,583.3,-0.000122,0.0001242,0.0483,97661,339.7,0.000000,0.0001677,0.0487,122789,349.3,0.035306,0.0001707,0.0474,96040,339.5,0.000000
365.07,0.0067606,365.1,-0.000715,978.4,107558,902.2,110035,978.7,-1.56,-0.000360,185.1,0.105593,1202.5,300298,1358.0,133207,1125.8,434.84,0.105843,545.1,0.000000,1225.6,119183,390.3,76846,904.8,5.56,0.000971,5.1,0.000000,634.9,9092009,2503.4,79233,920.8,2.48,0.000438,0.0000056,0.0477,108048,581.6,0.000430,0.0001222,0.0483,97602,339.6,0.000000,0.0001683,0.0487,123070,349.4,0.034984,0.0001707,0.0474,96071,339.5,0.000000
366.06,0.0067790,366.1,-0.000671,976.7,106294,896.7,109167,976.9,-1.38,-0.000317,186.1,0.106352,1201.3,294232,1351.4,131575,1122.4,442.29,0.106660,546.1,0.000000,2469.1,119806,390.7,74770,899.1,5.08,0.000869,6.1,0.000000,100.0,9229425,2567.0,78180,918.0,2.52,0.000442,0.0000056,0.0477,106864,579.7,0.000936,0.0001203,0.0483,97508,339.5,0.000000,0.0001689,0.0487,123710,349.9,0.032351,0.0001707,0.0474,96160,339.6,0.000000
367.06,0.0067973,367.1,-0.000633,974.7,104921,890.6,108238,975.0,-1.10,-0.000252,187.1,0.106832,1199.3,288196,1344.6,130078,1119.2,448.17,0.107152,547.1,0.000000,5064.3,120440,391.2,72917,893.9,4.63,0.000777,7.1,0.000000,3665.6,9324587,2624.7,77115,915.1,2.58,0.000447,0.0000056,0.0477,105585,577.7,0.001415,0.0001183,0.0483,97391,339.4,0.000000,0.0001695,0.0487,123939,350.0,0.031894,0.0001707,0.0474,96322,339.8,0.000000
368.05,0.0068157,368.0,-0.000590,972.6,103481,883.8,107247,972.9,-0.82,-0.000186,188.0,0.106848,1197.3,282215,1337.9,128636,1116.1,452.18,0.107208,548.0,0.000000,534.8,121053,391.6,71374,889.5,3.89,0.000641,8.0,0.000000,100.0,9377243,2676.1,76049,912.2,2.61,0.000448,0.0000057,0.0477,104228,575.6,0.002010,0.0001164,0.0483,97269,339.3,0.000000,0.0001700,0.0487,124477,350.3,0.029276,0.0001707,0.0474,96560,340.0,0.000000
369.04,0.0068341,369.0,-0.000539,970.5,102037,876.3,106248,970.8,-0.59,-0.000134,189.0,0.106760,1195.7,276293,1331.1,127593,1113.8,454.42,0.107087,549.0,0.000000,100.0,121660,392.0,70246,886.3,2.84,0.000464,9.0,0.000000,3600.3,9388005,2721.1,75004,909.3,2.58,0.000438,0.0000057,0.0477,102799,573.2,0.002795,0.0001144,0.0483,97155,339.2,0.000000,0.0001705,0.0487,124966,350.7,0.027678,0.0001707,0.0474,96869,340.3,0.000000
370.10,0.0068538,370.1,-0.000480,968.4,100483,867.6,105250,968.7,-0.45,-0.000100,190.1,0.106588,1194.9,270044,1323.8,127545,1113.5,453.28,0.106806,550.1,0.000000,1241.3,122303,392.5,69591,884.4,1.41,0.000228,10.1,0.000000,773.3,9354918,2761.7,73940,906.3,2.49,0.000418,0.0000058,0.0477,101282,570.2,0.003553,0.0001123,0.0483,97056,339.1,0.000000,0.0001711,0.0487,125400,351.0,0.026125,0.0001707,0.0474,97265,340.7,0.000000
371.10,0.0068722,371.1,-0.000421,966.6,99017,858.9,104389,966.8,-0.32,-0.000072,191.1,0.106346,1195.5,264250,1316.9,128860,1116.0,448.13,0.106443,551.1,0.000000,894.4,122898,392.9,69686,884.6,-0.47,-0.000076,11.1,0.000000,1855.9,9284409,2793.0,72996,903.6,2.39,0.000397,0.0000059,0.0477,99865,566.9,0.004292,0.0001104,0.0483,96999,339.0,0.000000,0.0001715,0.0487,125796,351.2,0.024328,0.0001707,0.0474,97687,341.1,0.000000
372.10,0.0068907,372.1,-0.000366,964.9,97550,849.7,103588,965.1,-0.18,-0.000040,192.1,0.106051,1197.3,258519,1309.9,131267,1120.6,440.05,0.106037,552.1,0.000000,183.7,123488,393.3,70643,887.5,-2.86,-0.000468,12.1,0.000000,953.6,9178552,2817.8,72093,901.0,2.32,0.000382,0.0000060,0.0477,98457,563.2,0.005004,0.0001084,0.0483,96989,339.0,0.000000,0.0001719,0.0487,126151,351.5,0.022695,0.0001707,0.0474,98142,341.5,0.000000
373.09,0.0069091,373.1,-0.000315,963.2,96099,840.1,102808,963.4,0.03,0.000006,193.1,0.105696,1199.5,252852,1302.9,134100,1126.0,431.14,0.105628,553.1,0.000000,984.3,124061,393.7,72436,892.6,-4.87,-0.000814,13.1,0.000000,408.7,9040667,2836.3,71215,898.4,2.28,0.000372,0.0000061,0.0477,97067,559.2,0.005751,0.0001064,0.0483,97024,339.0,0.000000,0.0001723,0.0487,126723,351.9,0.020356,0.0001707,0.0474,98617,342.0,0.000000
374.09,0.0069277,374.1,-0.000273,961.4,94685,830.1,101967,961.6,0.35,0.000075,194.1,0.105286,1201.5,247250,1295.9,136699,1130.7,423.07,0.105220,554.1,0.000000,110.6,124641,394.2,74657,898.9,-5.67,-0.000968,14.1,0.000000,629.8,8874452,2848.8,70369,896.0,2.21,0.000357,0.0000062,0.0477,95713,554.7,0.006550,0.0001045,0.0483,97121,339.1,0.000000,0.0001727,0.0487,126984,352.0,0.019477,0.0001707,0.0474,99100,342.4,0.000000
375.10,0.0069462,375.1,-0.000191,959.7,93306,819.8,101058,959.6,0.98,0.000212,195.1,0.104822,1202.8,241715,1288.9,138692,1134.1,416.55,0.104790,555.1,0.000000,248.2,125217,394.6,76796,904.9,-5.15,-0.000900,15.1,0.000000,2814.0,8683833,2855.6,69613,893.7,1.96,0.000314,0.0000064,0.0477,94408,549.8,0.007394,0.0001025,0.0483,97294,339.3,0.000000,0.0001730,0.0487,127222,352.2,0.017858,0.0001707,0.0474,99581,342.9,0.000000
376.10,0.0069648,376.1,0.000059,957.4,91924,808.9,100045,957.4,2.28,0.000490,196.1,0.104305,1203.3,236246,1281.8,139996,1136.2,411.56,0.104315,556.1,0.000000,1130.0,125709,395.0,78451,909.3,-3.79,-0.000672,16.1,0.000000,968.4,8472822,2857.4,69041,892.0,1.45,0.000230,0.0000065,0.0477,93122,544.4,0.008350,0.0001006,0.0483,97547,339.5,0.000000,0.0001732,0.0487,128649,353.3,0.011318,0.0001707,0.0474,100053,343.3,0.000000
377.10,0.0069834,377.1,0.000113,954.3,90626,797.9,98668,954.4,3.20,0.000680,197.1,0.103736,1203.0,230846,1274.6,140694,1137.2,407.77,0.103782,557.1,0.000000,931.2,126250,395.4,79461,912.1,-2.20,-0.000395,17.1,0.000000,1643.8,8245401,2854.5,68817,891.4,0.43,0.000068,0.0000067,0.0477,91893,538.4,0.009337,0.0000987,0.0483,97872,339.9,0.000000,0.0001734,0.0487,128783,353.4,0.012995,0.0001707,0.0474,100512,343.7,0.000000
378.04,0.0070008,378.0,0.000148,950.8,89490,787.4,97141,950.9,3.85,0.000810,198.0,0.103138,1202.3,225867,1267.9,140921,1137.3,404.98,0.103227,558.0,0.000000,767.9,126748,395.8,79887,913.2,-0.97,-0.000175,18.0,0.000000,441.3,8021728,2848.0,69014,892.0,-0.69,-0.000110,0.0000069,0.0477,90818,532.5,0.010288,0.0000969,0.0483,98228,340.2,0.000000,0.0001736,0.0487,129001,353.5,0.011258,0.0001707,0.0474,100927,344.1,0.000000
379.05,0.0070195,379.1,0.000175,946.6,88352,776.2,95289,946.7,4.48,0.000927,199.1,0.102493,1201.0,220605,1260.7,140842,1136.8,402.48,0.102575,559.1,0.000000,100.0,127284,396.2,79918,913.3,0.02,0.000004,19.1,0.000000,1428.6,7773397,2837.6,69751,894.2,-2.15,-0.000346,0.0000071,0.0477,89746,525.7,0.011234,0.0000950,0.0483,98651,340.6,0.000000,0.0001738,0.0487,129157,353.6,0.010074,0.0001707,0.0474,101355,344.5,0.000000
380.06,0.0070381,380.1,0.000200,941.8,87291,764.8,93237,942.0,5.07,0.001032,200.1,0.101780,1199.4,215423,1253.5,140542,1136.0,400.25,0.101865,560.1,0.000000,1578.6,127815,396.6,79650,912.6,0.67,0.000120,20.1,0.000000,100.0,7519650,2824.1,70985,897.8,-3.36,-0.000547,0.0000073,0.0477,88751,518.5,0.012209,0.0000931,0.0483,99097,341.0,0.000000,0.0001740,0.0487,129406,353.8,0.008476,0.0001707,0.0474,101767,344.9,0.000000
381.07,0.0070568,381.1,0.000222,936.6,86298,753.5,91024,936.8,5.60,0.001118,201.1,0.101022,1197.6,210324,1246.3,140114,1134.8,398.08,0.101103,561.1,0.000000,6146.0,128349,397.1,79188,911.3,1.14,0.000203,21.1,0.000000,100.0,7263448,2808.2,72469,902.1,-3.85,-0.000637,0.0000075,0.0477,87824,510.8,0.013180,0.0000912,0.0483,99548,341.4,0.000000,0.0001741,0.0487,129603,353.9,0.007303,0.0001707,0.0474,102165,345.3,0.000000
382.07,0.0070754,382.1,0.000223,1145.3,85372,742.2,88671,931.1,5.98,0.001172,202.1,0.100220,1195.7,205307,1239.0,139619,1133.6,395.86,0.100293,562.1,0.000000,1303.9,128882,397.5,78472,909.4,1.79,0.000317,22.1,0.000000,515.4,7007318,2790.1,73973,906.4,-3.81,-0.000640,0.0000078,0.0477,86958,502.9,0.014149,0.0000893,0.0483,99985,341.9,0.000000,0.0001742,0.0487,129829,354.1,0.005913,0.0001707,0.0474,102551,345.6,0.000000
383.08,0.0070941,383.1,0.000000,675.1,84555,731.1,85945,924.4,5.70,0.001091,203.1,0.099376,1193.6,200372,1231.7,139086,1132.3,393.53,0.099439,563.1,0.000000,925.6,129415,398.0,77489,906.8,2.33,0.000409,23.1,0.000000,559.9,6753377,2770.4,75556,910.9,-4.05,-0.000691,0.0000081,0.0477,86168,494.6,0.015066,0.0000875,0.0483,100394,342.2,0.000000,0.0001743,0.0487,130035,354.2,0.004587,0.0001707,0.0474,102929,345.9,0.000000
384.09,0.0071127,384.1,0.000000,768.2,83773,720.0,83441,918.2,5.42,0.001013,204.1,0.097903,1189.4,195554,1224.5,137891,1129.7,389.21,0.097723,564.1,0.000000,463.9,129945,398.4,76670,904.6,1.78,0.000310,24.1,0.000000,100.0,6501823,2748.9,77766,917.0,-5.75,-0.001004,0.0000084,0.0477,85435,486.2,0.015953,0.0000856,0.0483,100758,342.6,0.000000,0.0001744,0.0487,130281,354.4,0.003017,0.0001707,0.0474,103299,346.3,0.000000
385.09,0.0071313,385.1,0.000000,100.0,83022,709.0,81104,912.2,5.20,0.000952,205.1,0.095923,1184.9,190876,1217.3,136515,1126.8,384.23,0.095758,565.1,0.000000,648.4,130472,398.8,76653,904.5,-0.26,-0.000046,25.1,0.000000,100.0,6248318,2723.4,81275,926.4,-8.67,-0.001565,0.0000087,0.0477,84736,477.6,0.016842,0.0000839,0.0483,101070,342.9,0.000000,0.0001744,0.0487,130508,354.6,0.001484,0.0001707,0.0474,103662,346.6,0.000000
386.10,0.0071500,386.1,0.000000,1392.3,82297,698.1,78918,906.4,5.01,0.000898,206.1,0.093990,1180.5,186334,1210.2,135142,1123.9,379.35,0.093837,566.1,0.000000,100.0,130974,399.3,78957,910.8,-7.07,-0.001261,26.1,0.000000,1247.9,6004012,2698.2,85783,938.1,-10.09,-0.001898,0.0000090,0.0477,84063,468.8,0.017731,0.0000821,0.0483,101324,343.1,0.000000,0.0001744,0.0487,130987,355.1,-0.001125,0.0001707,0.0474,104017,346.9,0.000000
387.10,0.0071686,387.1,0.000000,100.0,81595,687.3,76867,900.9,4.83,0.000848,207.1,0.092105,1176.0,181923,1203.1,133709,1120.8,374.76,0.091971,567.1,0.000000,604.1,131456,399.7,86138,929.4,-17.46,-0.003329,27.1,0.000000,1214.1,5768960,2673.5,89972,948.5,-8.59,-0.001676,0.0000094,0.0477,83411,460.0,0.018623,0.0000804,0.0483,101516,343.3,0.000000,0.0001743,0.0487,131541,355.8,-0.003506,0.0001707,0.0474,104360,347.2,0.000000
388.04,0.0071860,388.0,0.000000,100.0,80959,677.3,75058,896.0,4.70,0.000809,208.0,0.090327,1171.7,177921,1196.6,132254,1117.6,370.86,0.090278,568.0,0.000000,1845.6,131896,400.1,94572,949.9,-18.25,-0.003738,28.0,0.000000,2451.6,5557907,2650.7,92794,955.3,-5.87,-0.001174,0.0000097,0.0477,82820,451.8,0.019491,0.0000788,0.0483,101641,343.4,0.000000,0.0001742,0.0487,131943,356.4,-0.005201,0.0001707,0.0474,104662,347.5,0.000000
389.05,0.0072046,389.0,0.000000,100.0,80296,666.7,73196,890.8,4.63,0.000782,209.0,0.088593,1166.9,173750,1189.7,130545,1113.9,367.13,0.088509,569.0,0.000000,3281.1,132350,400.5,101185,965.0,-11.74,-0.002532,29.0,0.000000,686.0,5340631,2626.8,94403,959.1,-2.84,-0.000574,0.0000101,0.0477,82204,443.1,0.020365,0.0000772,0.0483,101712,343.5,0.000000,0.0001741,0.0487,132365,357.2,-0.007330,0.0001707,0.0474,104956,347.8,0.000000
390.05,0.0072232,390.1,0.000000,100.0,79651,656.2,71392,885.7,4.60,0.000763,210.1,0.086841,1162.0,169697,1182.8,128817,1110.1,363.47,0.086760,570.1,0.000000,2658.6,132787,400.8,104722,972.8,-5.91,-0.001309,30.1,0.000000,721.4,5132379,2603.2,94739,959.9,-0.40,-0.000082,0.0000105,0.0477,81605,434.4,0.021279,0.0000756,0.0483,101716,343.5,0.000000,0.0001739,0.0487,132787,358.2,-0.009433,0.0001707,0.0474,105208,348.0,0.000000
391.06,0.0072418,391.1,0.000000,100.0,79024,645.9,69644,880.7,4.57,0.000743,211.1,0.085131,1157.9,165758,1176.0,127653,1107.5,358.33,0.084966,571.1,0.000000,100.0,133209,401.2,106603,976.8,-3.22,-0.000722,31.1,0.000000,2133.6,4932953,2580.1,94193,958.6,1.21,0.000245,0.0000109,0.0477,81023,426.0,0.022204,0.0000740,0.0483,101652,343.4,0.000000,0.0001737,0.0487,133119,359.3,-0.011396,0.0001707,0.0474,105411,348.2,0.000000
392.06,0.0072605,392.1,0.000000,327.2,78413,635.6,67941,875.6,4.57,0.000729,212.1,0.083460,1156.5,161929,1169.3,128603,1109.1,347.89,0.082981,572.1,0.000000,100.0,133610,401.6,108356,980.6,-3.24,-0.000736,32.1,0.000000,100.0,4742141,2557.4,93265,956.4,1.87,0.000375,0.0000113,0.0477,80456,417.7,0.023140,0.0000724,0.0483,101498,343.3,0.000000,0.0001734,0.0487,133534,360.7,-0.013696,0.0001707,0.0474,105560,348.3,0.000000
393.07,0.0072791,393.1,0.000000,100.0,77819,625.6,66262,870.6,4.62,0.000724,213.1,0.081819,1161.2,158206,1162.6,133768,1119.2,328.35,0.080730,573.1,0.000000,100.0,134005,401.9,110973,986.1,-4.66,-0.001080,33.1,0.000000,100.0,4559706,2535.1,92335,954.2,1.77,0.000352,0.0000118,0.0477,79907,409.6,0.024078,0.0000709,0.0483,101253,343.0,0.000000,0.0001732,0.0487,133712,362.1,-0.015189,0.0001707,0.0474,105654,348.4,0.000000
394.07,0.0072976,394.1,0.000000,493.1,77240,615.7,64598,865.5,4.71,0.000723,214.1,0.080205,1171.7,154597,1156.0,142570,1135.8,304.51,0.078632,574.1,0.000000,724.7,134426,402.3,114076,992.4,-5.12,-0.001210,34.1,0.000000,1063.1,4385868,2513.4,91802,953.0,0.91,0.000180,0.0000122,0.0477,79378,401.8,0.025009,0.0000694,0.0483,100921,342.7,0.000000,0.0001729,0.0487,133299,363.0,-0.015034,0.0001707,0.0474,105698,348.4,0.000000
395.07,0.0073161,395.1,0.000000,844.1,76679,606.0,62954,860.4,4.80,0.000722,215.1,0.078636,1182.5,151104,1149.5,151347,1151.1,285.16,0.077122,575.1,0.000000,2285.0,134884,402.7,116866,998.1,-4.37,-0.001052,35.1,0.000000,2260.9,4220571,2492.1,91891,953.2,-0.34,-0.000067,0.0000127,0.0477,78864,394.3,0.025936,0.0000679,0.0483,100509,342.3,0.000000,0.0001726,0.0487,132378,363.5,-0.014264,0.0001707,0.0474,105695,348.4,0.000000
396.06,0.0073345,396.1,0.000000,100.0,76133,596.6,61334,855.2,4.87,0.000718,216.1,0.059741,1089.0,148636,1144.7,145951,1146.6,226.58,0.059332,576.1,0.000000,2590.3,135383,403.1,118814,1001.9,-2.90,-0.000708,36.1,0.000000,2244.8,4063346,2471.3,92677,955.1,-1.79,-0.000357,0.0000132,0.0477,78364,387.2,0.026853,0.0000668,0.0483,100027,341.8,0.000000,0.0001724,0.0487,131333,363.9,-0.013302,0.0001707,0.0474,105657,348.4,0.000000
397.06,0.0073529,397.1,0.000000,2878.2,75600,587.4,59738,850.0,4.94,0.000714,217.1,0.055655,1185.1,146405,1140.2,147461,1151.9,209.08,0.055059,577.1,0.000000,2206.2,135925,403.5,119905,1004.1,-1.58,-0.000387,37.1,0.000000,798.6,3913727,2451.0,93958,958.1,-2.62,-0.000529,0.0000137,0.0477,77874,380.4,0.027753,0.0000658,0.0483,99486,341.3,0.000000,0.0001722,0.0487,130217,364.1,-0.012222,0.0001707,0.0474,105584,348.3,0.000000
398.04,0.0073712,398.0,0.000000,661.2,75080,578.4,58166,844.8,5.01,0.000709,218.0,0.046559,1102.8,144668,1136.5,144186,1149.2,183.53,0.047369,578.0,0.000000,100.0,136512,404.0,120242,1004.8,-0.35,-0.000087,38.0,0.000000,617.8,3771244,2431.2,95292,961.2,-2.63,-0.000537,0.0000143,0.0477,77390,374.0,0.028628,0.0000650,0.0483,98901,340.7,0.000000,0.0001720,0.0487,129141,364.2,-0.011171,0.0001707,0.0474,105483,348.2,0.000000
399.09,0.0073906,399.1,0.000000,1160.1,74536,569.0,56529,839.3,5.02,0.000696,219.1,0.042960,1106.7,143034,1133.0,142157,1148.2,164.76,0.041964,579.1,0.000000,16484.2,137188,404.6,119710,1003.7,1.03,0.000254,39.1,0.000000,1149.2,3626636,2410.5,96555,964.2,-2.29,-0.000472,0.0000148,0.0477,76878,367.4,0.029493,0.0000641,0.0483,98247,340.1,0.000000,0.0001718,0.0487,128052,364.3,-0.010118,0.0001707,0.0474,105352,348.1,0.000000
400.08,0.0074089,400.1,0.000000,212.1,74034,560.5,55069,834.2,4.91,0.000667,220.1,0.039604,1111.1,141694,1130.0,141679,1149.5,152.03,0.038547,580.1,0.000000,676.6,137867,405.1,118391,1001.2,2.20,0.000536,40.1,0.000000,695.7,3497666,2391.5,97610,966.6,-2.06,-0.000427,0.0000154,0.0477,76397,361.7,0.030304,0.0000634,0.0483,97622,339.5,0.000000,0.0001716,0.0487,127119,364.4,-0.009109,0.0001707,0.0474,105217,348.0,0.000000
401.06,0.0074271,401.1,0.000000,244.0,73534,552.3,53705,829.4,4.70,0.000626,221.1,0.034719,1114.8,140624,1127.5,140269,1149.1,136.01,0.034155,581.1,0.000000,750.3,138591,405.7,116719,997.9,2.71,0.000653,41.1,0.000000,2483.3,3374645,2373.0,98676,969.0,-2.10,-0.000440,0.0000159,0.0477,75908,356.2,0.031016,0.0000628,0.0483,96997,338.8,0.000000,0.0001714,0.0487,126267,364.4,-0.008179,0.0001707,0.0474,105080,347.9,0.000000
402.04,0.0074453,402.0,0.000000,2467.3,73034,544.2,52459,824.9,4.39,0.000574,222.0,0.033141,1186.5,139651,1125.2,141611,1153.4,132.25,0.033401,582.0,0.000000,100.0,139360,406.3,114975,994.4,2.85,0.000677,42.0,0.000000,656.1,3257256,2354.8,99904,971.8,-2.41,-0.000510,0.0000165,0.0477,75407,351.1,0.031639,0.0000622,0.0483,96379,338.2,0.000000,0.0001713,0.0487,125502,364.4,-0.007305,0.0001707,0.0474,104949,347.7,0.000000
403.09,0.0074647,403.1,0.000000,744.1,72495,536.0,51307,820.7,3.85,0.000496,223.1,0.027802,1121.5,138930,1123.2,139174,1151.0,117.05,0.029115,583.1,0.000000,5276.7,140229,407.0,113160,990.8,2.81,0.000659,43.1,0.000000,1031.3,3138044,2335.8,101369,975.1,-2.60,-0.000556,0.0000171,0.0477,74855,345.9,0.032169,0.0000616,0.0483,95736,337.6,0.000000,0.0001712,0.0487,124786,364.4,-0.006461,0.0001707,0.0474,104825,347.6,0.000000
404.07,0.0074828,404.1,0.000000,370.7,71980,528.5,50458,817.6,3.07,0.000389,224.1,0.028019,1123.6,138258,1121.4,139079,1152.3,114.43,0.028411,584.1,0.000000,689.1,141089,407.7,111584,987.6,2.63,0.000611,44.1,0.000000,678.9,3031598,2318.4,102644,977.9,-2.30,-0.000496,0.0000177,0.0477,74316,341.4,0.032564,0.0000611,0.0483,95149,337.0,0.000000,0.0001711,0.0487,124211,364.4,-0.005677,0.0001707,0.0474,104735,347.5,0.000000
405.05,0.0075010,405.1,0.000000,100.0,71446,521.3,49885,815.4,2.07,0.000261,225.1,0.027799,1124.6,137612,1119.7,138869,1153.2,113.94,0.028225,585.1,0.000000,782.5,141993,408.4,110160,984.6,2.41,0.000555,45.1,0.000000,1368.2,2930004,2301.4,103479,979.8,-1.40,-0.000304,0.0000183,0.0477,73748,337.1,0.032777,0.0000606,0.0483,94577,336.4,0.000000,0.0001710,0.0487,123730,364.4,-0.004975,0.0001707,0.0474,104682,347.5,0.000000
406.10,0.0075203,406.1,0.000000,198.5,70856,513.9,49572,814.3,1.01,0.000126,226.1,0.024441,1105.5,137131,1118.1,133983,1144.3,97.34,0.023444,586.1,0.000000,1104.8,143006,409.2,108807,981.8,2.16,0.000492,46.1,0.000000,1237.6,2826723,2283.6,103717,980.3,-0.25,-0.000054,0.0000190,0.0477,73113,332.9,0.032890,0.0000602,0.0483,93979,335.8,0.000000,0.0001709,0.0487,123316,364.5,-0.004305,0.0001707,0.0474,104678,347.5,0.000000
407.08,0.0075384,407.1,0.000000,893.9,70282,507.2,49516,814.0,0.16,0.000020,227.1,0.018033,1106.0,137039,1117.4,128639,1129.1,81.47,0.019094,587.1,0.000000,100.0,144002,409.9,107697,979.5,1.93,0.000436,47.1,0.000000,100.0,2734426,2267.3,103444,979.7,0.58,0.000126,0.0000196,0.0477,72492,329.2,0.032915,0.0000598,0.0483,93426,335.2,0.000000,0.0001708,0.0487,123012,364.5,-0.003690,0.0001707,0.0474,104720,347.5,0.000000
408.05,0.0075565,408.1,0.000000,100.0,69688,500.7,49627,814.5,-0.46,-0.000058,228.1,0.019705,1106.1,136876,1116.5,129098,1125.6,81.22,0.019162,588.1,0.000000,1430.1,145041,410.7,106631,977.3,1.91,0.000430,48.1,0.000000,2008.9,2646297,2251.4,103111,979.0,0.51,0.000110,0.0000202,0.0477,71846,325.7,0.032860,0.0000595,0.0483,92876,334.7,0.000000,0.0001708,0.0487,122773,364.6,-0.003144,0.0001707,0.0474,104821,347.6,0.000000
409.10,0.0075759,409.1,0.000000,1100.6,69034,494.1,49815,815.2,-0.64,-0.000080,229.1,0.020112,1107.9,136699,1115.6,129544,1121.6,85.13,0.020225,589.1,0.000000,1048.6,146198,411.6,105365,974.6,2.20,0.000490,49.1,0.000000,847.2,2556671,2234.7,103304,979.4,-0.63,-0.000136,0.0000208,0.0477,71132,322.2,0.032715,0.0000591,0.0483,92288,334.1,0.000000,0.0001707,0.0487,122567,364.6,-0.002627,0.0001707,0.0474,105002,347.8,0.000000
410.07,0.0075939,410.1,0.000000,100.0,68402,488.2,49898,815.5,-0.25,-0.000031,230.1,0.021570,1109.2,136472,1114.6,129837,1117.8,93.45,0.022329,590.1,0.000000,8872.1,147328,412.5,103990,971.6,2.51,0.000553,50.1,0.000000,100.0,2476542,2219.4,105672,984.6,-5.37,-0.001187,0.0000214,0.0477,70445,319.1,0.032502,0.0000587,0.0483,91731,333.5,0.000000,0.0001707,0.0487,122399,364.7,-0.002155,0.0001707,0.0474,105235,348.0,0.000000
411.05,0.0076120,411.0,0.000000,100.0,67755,482.5,49825,815.2,0.36,0.000046,231.0,0.023461,1109.7,136159,1113.4,129993,1114.1,100.92,0.024221,591.0,0.000000,100.0,148503,413.4,103106,969.7,1.22,0.000267,51.0,0.000000,100.0,2399985,2204.5,111878,997.7,-11.60,-0.002676,0.0000220,0.0477,69747,316.3,0.032257,0.0000583,0.0483,91163,332.9,0.000000,0.0001707,0.0487,122234,364.7,-0.001741,0.0001707,0.0474,105510,348.2,0.000000
412.09,0.0076313,412.1,0.000000,1899.1,67049,476.6,49471,813.9,1.41,0.000176,232.1,0.025143,1109.8,135744,1112.0,129887,1110.4,107.84,0.025949,592.1,0.000000,1124.8,149804,414.3,104838,973.5,-4.98,-0.001103,52.1,0.000000,830.3,2322052,2188.9,119453,1013.1,-11.22,-0.002722,0.0000226,0.0477,69004,313.4,0.031977,0.0000578,0.0483,90542,332.2,0.000000,0.0001706,0.0487,122046,364.6,-0.001363,0.0001707,0.0474,105817,348.5,0.000000
413.06,0.0076493,413.1,0.000000,100.0,66378,471.3,48913,811.8,2.20,0.000273,233.1,0.026608,1109.4,135290,1110.6,129523,1107.2,113.78,0.027380,593.1,0.000000,886.4,151071,415.3,119460,1004.0,-30.30,-0.007417,53.1,0.000000,100.0,2252296,2174.6,124017,1021.9,-6.58,-0.001643,0.0000231,0.0477,68319,310.9,0.031695,0.0000573,0.0483,89943,331.6,0.000000,0.0001706,0.0487,121848,364.5,-0.001042,0.0001707,0.0474,106090,348.7,0.000000
414.10,0.0076685,414.1,0.000000,10016.3,65658,465.9,48214,809.1,2.59,0.000317,234.1,0.027938,1108.4,134744,1108.9,128895,1104.2,119.56,0.028711,594.1,0.000000,1037.9,152471,416.3,150088,1059.8,-41.37,-0.012052,54.1,0.000000,1012.5,2181225,2159.6,125848,1025.4,-2.05,-0.000518,0.0000238,0.0477,67594,308.4,0.031460,0.0000568,0.0483,89284,330.9,0.000000,0.0001706,0.0487,121602,364.4,-0.000778,0.0001707,0.0474,106338,349.0,0.000000
415.07,0.0076866,415.1,0.000000,834.9,64982,461.0,47544,806.5,2.66,0.000323,235.1,0.029071,1107.1,134182,1107.3,128171,1101.6,124.13,0.029710,595.1,0.000000,509.4,153831,417.3,172702,1095.6,-25.04,-0.008119,55.1,0.000000,1008.5,2117554,2145.9,125423,1024.6,0.97,0.000243,0.0000243,0.0477,66922,306.2,0.031275,0.0000562,0.0483,88651,330.2,0.000000,0.0001706,0.0487,121322,364.2,-0.000577,0.0001707,0.0474,106516,349.1,0.000000
416.05,0.0077046,416.0,0.000000,231.6,64311,456.3,46904,804.0,2.57,0.000309,236.0,0.029944,1105.5,133584,1105.6,127403,1099.2,127.89,0.030492,596.0,0.000000,252.4,155236,418.3,183558,1111.6,-10.44,-0.003547,56.0,0.000000,100.1,2056595,2132.4,123667,1021.3,2.89,0.000719,0.0000249,0.0477,66262,304.1,0.031157,0.0000557,0.0483,88005,329.5,0.000000,0.0001706,0.0487,120996,364.0,-0.000432,0.0001707,0.0474,106631,349.2,0.000000
417.09,0.0077238,417.1,0.000000,100.0,63605,451.4,46256,801.4,2.50,0.000296,237.1,0.030650,1103.7,132916,1103.7,126538,1096.9,131.36,0.031175,597.1,0.000000,2084.2,156785,419.4,187517,1117.3,-3.25,-0.001122,57.1,0.000000,100.0,1994406,2118.4,121068,1016.3,3.86,0.000945,0.0000255,0.0477,65575,302.0,0.031108,0.0000551,0.0483,87308,328.8,0.000000,0.0001706,0.0487,120590,363.7,-0.000318,0.0001707,0.0474,106684,349.3,0.000000
418.06,0.0077418,418.1,0.000000,725.2,62955,447.0,45635,798.9,2.61,0.000307,238.1,0.031279,1102.0,132267,1101.9,125632,1094.6,134.69,0.031801,598.1,0.000000,100.0,158286,420.5,189005,1119.4,-1.53,-0.000532,58.1,0.000000,443.1,1938624,2105.5,118592,1011.4,3.88,0.000936,0.0000260,0.0477,64946,300.2,0.031104,0.0000546,0.0483,86652,328.1,0.000000,0.0001706,0.0487,120134,363.3,-0.000242,0.0001707,0.0474,106671,349.3,0.000000
419.10,0.0077611,419.1,0.000000,2294.2,62279,442.5,44904,795.9,2.93,0.000340,239.1,0.031966,1100.1,131543,1099.9,124550,1092.0,138.78,0.032561,599.1,0.000000,12100.2,159939,421.6,190956,1122.1,-2.06,-0.000720,59.1,0.000000,802.2,1881672,2092.0,116279,1006.9,3.46,0.000821,0.0000266,0.0477,64296,298.3,0.031221,0.0000539,0.0483,85958,327.3,0.000000,0.0001706,0.0487,119555,362.9,-0.000204,0.0001707,0.0474,106601,349.2,0.000000
420.07,0.0077791,420.1,0.000000,813.7,61666,438.4,44196,793.0,2.97,0.000341,240.1,0.032783,1098.2,130828,1097.9,123411,1089.4,143.38,0.033413,600.1,0.000000,367.9,161539,422.7,193681,1126.0,-2.79,-0.000987,60.1,0.000000,582.9,1830553,2079.6,114300,1002.9,3.28,0.000768,0.0000272,0.0477,63707,296.7,0.031442,0.0000533,0.0483,85318,326.6,0.000000,0.0001706,0.0487,118919,362.4,-0.000197,0.0001707,0.0474,106482,349.1,0.000000
421.04,0.0077971,421.0,0.000000,599.4,61075,434.4,43915,791.9,0.89,0.000102,241.0,0.033711,1096.2,130069,1095.9,122162,1086.6,148.67,0.034382,601.0,0.000000,942.2,163193,423.9,196803,1130.3,-3.12,-0.001117,61.0,0.000000,433.7,1781526,2067.5,112343,998.9,3.31,0.000767,0.0000278,0.0477,63137,295.1,0.031694,0.0000527,0.0483,84690,326.0,0.000000,0.0001706,0.0487,118088,361.7,-0.000027,0.0001707,0.0474,106323,348.9,0.000000
422.08,0.0078163,422.1,0.000000,723.8,60468,430.3,45295,797.6,-8.04,-0.000940,242.1,0.034743,1093.9,129205,1093.6,120746,1083.5,154.67,0.035456,602.1,0.000000,1115.4,165023,437.3,200317,1135.1,-3.19,-0.001158,62.1,0.000000,2076.2,1731425,2054.8,110108,994.3,3.69,0.000840,0.0000284,0.0477,62549,293.6,0.031953,0.0000521,0.0483,84038,325.2,0.000000,0.0001706,0.0488,117126,360.8,0.000000,0.0001707,0.0474,106127,348.7,0.000000
423.06,0.0078344,423.1,0.000000,1435.7,59921,426.6,53170,828.3,-34.94,-0.004614,243.1,0.035761,1091.7,128342,1091.3,119367,1080.5,160.29,0.036426,603.1,0.000000,3085.8,166795,438.5,203336,1139.1,-2.71,-0.000995,63.1,0.000000,275.7,1686416,2043.2,107709,989.2,4.27,0.000955,0.0000290,0.0477,62016,292.2,0.032189,0.0000514,0.0483,83443,324.6,0.000000,0.0001706,0.0488,116176,360.0,0.000000,0.0001707,0.0474,105937,348.6,0.000000
424.09,0.0078536,424.1,0.000000,785.4,59358,422.8,67842,877.0,-44.36,-0.007060,244.1,0.036712,1089.2,127369,1088.8,117852,1077.3,166.13,0.037387,604.1,0.000000,100.0,168746,439.9,204361,1140.5,-0.38,-0.000139,64.1,0.000000,1056.0,1640391,2031.0,105062,983.5,4.40,0.000968,0.0000296,0.0477,61466,290.8,0.032394,0.0000507,0.0483,82827,323.9,0.000000,0.0001706,0.0488,115106,359.0,0.000000,0.0001707,0.0474,105742,348.4,0.000000
425.07,0.0078716,425.1,0.000000,3793.7,58849,419.3,79223,909.2,-28.99,-0.005197,245.1,0.037590,1086.7,126410,1086.3,116392,1074.1,171.46,0.038219,605.1,0.000000,2335.0,170635,441.2,202542,1138.2,2.15,0.000785,65.1,0.000000,1568.9,1599019,2019.9,102833,978.7,4.01,0.000867,0.0000302,0.0477,60967,289.6,0.032566,0.0000500,0.0483,82266,323.3,0.000000,0.0001706,0.0488,114047,358.1,0.000000,0.0001707,0.0474,105574,348.2,0.000000
426.04,0.0078896,426.0,0.000000,425.7,58357,415.9,85682,926.0,-14.38,-0.002736,246.0,0.038375,1084.1,125408,1083.8,114893,1070.9,176.67,0.038992,606.0,0.000000,689.8,172583,442.6,198366,1132.7,4.17,0.001502,66.0,0.000000,100.0,1559285,2008.9,100932,974.5,3.50,0.000746,0.0000308,0.0477,60483,288.4,0.032702,0.0000493,0.0483,81722,322.6,0.000000,0.0001706,0.0488,112938,357.1,0.000000,0.0001707,0.0474,105426,348.1,0.000000
427.08,0.0079089,427.1,0.000000,640.3,57849,412.5,88903,934.0,-6.16,-0.001205,247.1,0.039130,1081.3,124294,1081.0,113251,1067.3,182.15,0.039760,607.1,0.000000,1586.9,174729,444.0,193360,1126.0,4.46,0.001576,67.1,0.000000,669.1,1518611,1997.5,99166,970.5,3.12,0.000656,0.0000314,0.0477,59983,287.2,0.032817,0.0000486,0.0483,81161,322.0,0.000000,0.0001706,0.0488,111710,356.0,0.000000,0.0001707,0.0474,105288,348.0,0.000000
428.05,0.0079269,428.1,0.000000,1590.2,57388,409.4,90446,937.8,-3.26,-0.000646,248.1,0.039835,1078.5,123209,1078.2,111671,1063.8,187.25,0.040434,608.1,0.000000,309.9,176807,445.4,189804,1121.2,3.27,0.001138,68.1,0.000000,100.0,1482001,1986.9,97649,967.1,2.93,0.000608,0.0000320,0.0477,59531,286.2,0.032916,0.0000479,0.0483,80655,321.4,0.000000,0.0001706,0.0488,110531,354.9,0.000000,0.0001707,0.0474,105169,347.8,0.000000
429.09,0.0079461,429.1,0.000000,2061.7,56913,406.1,91584,940.5,-2.14,-0.000429,249.1,0.040501,1075.5,122008,1075.2,109933,1060.0,192.73,0.041118,609.1,0.000000,971.8,179097,446.9,188100,1118.9,1.25,0.000433,69.1,0.000000,457.5,1444493,1975.9,96120,963.5,2.81,0.000577,0.0000326,0.0477,59065,285.1,0.033007,0.0000471,0.0483,80139,320.8,0.000000,0.0001706,0.0488,109261,353.7,0.000000,0.0001707,0.0474,105039,347.7,0.000000
430.07,0.0079642,430.1,0.000000,100.0,56482,403.2,92003,941.5,-0.62,-0.000125,250.1,0.041142,1072.6,120842,1072.2,108247,1056.2,197.99,0.041740,610.1,0.000000,2542.8,181315,448.4,188238,1119.1,-0.34,-0.000116,70.1,0.000000,1684.5,1410709,1965.8,94756,960.4,2.72,0.000551,0.0000332,0.0477,58644,284.2,0.033100,0.0000464,0.0483,79682,320.3,0.000000,0.0001706,0.0488,108071,352.6,0.000000,0.0001707,0.0474,104904,347.6,0.000000
431.04,0.0079822,431.0,0.000000,970.2,56065,400.4,91567,940.5,1.10,0.000220,251.0,0.041748,1069.5,119636,1069.2,106499,1052.3,203.41,0.042349,611.0,0.000000,1505.7,183605,449.9,189389,1120.7,-1.25,-0.000435,71.0,0.000000,753.3,1378200,1955.9,93457,957.3,2.62,0.000526,0.0000338,0.0477,58240,283.3,0.033198,0.0000456,0.0483,79256,319.8,0.000000,0.0001706,0.0488,106895,351.5,0.000000,0.0001707,0.0474,104734,347.4,0.000000
432.08,0.0080015,432.1,0.000000,709.1,55637,397.5,90582,938.2,1.92,0.000382,252.1,0.042361,1066.2,118306,1065.8,104571,1047.9,209.39,0.042981,612.1,0.000000,684.2,186129,451.5,191055,1123.0,-1.60,-0.000560,72.1,0.000000,100.0,1344870,1945.5,92145,954.2,2.51,0.000499,0.0000345,0.0477,57827,282.4,0.033314,0.0000448,0.0483,78843,319.4,0.000000,0.0001706,0.0488,105666,350.4,0.000000,0.0001707,0.0474,104477,347.2,0.000000
433.06,0.0080196,433.1,0.000000,100.0,55251,394.9,89690,936.0,1.88,0.000371,253.1,0.042951,1062.9,117017,1062.5,102710,1043.7,215.12,0.043547,613.1,0.000000,6017.8,188573,453.1,192760,1125.4,-1.73,-0.000609,73.1,0.000000,100.0,1314830,1936.0,90989,951.4,2.39,0.000471,0.0000351,0.0477,57457,281.6,0.033446,0.0000440,0.0483,78500,319.0,0.000000,0.0001706,0.0488,104547,349.3,0.000000,0.0001707,0.0474,104118,346.8,0.000000
434.10,0.0080388,434.1,0.000000,646.7,54856,392.1,88534,933.2,2.51,0.000489,254.1,0.043505,1059.3,115599,1058.9,100679,1039.1,221.30,0.044108,614.1,0.000000,5822.9,191268,454.8,194847,1128.3,-2.01,-0.000713,74.1,0.000000,382.5,1284018,1926.0,89856,948.7,2.21,0.000430,0.0000357,0.0477,57082,280.9,0.033597,0.0000432,0.0483,78190,318.6,0.000000,0.0001706,0.0488,103395,348.2,0.000000,0.0001707,0.0474,103564,346.3,0.000000
435.07,0.0080569,435.1,0.000000,1361.6,54502,389.7,86801,929.0,3.97,0.000764,255.1,0.044011,1055.8,114229,1055.4,98742,1034.6,227.07,0.044581,615.1,0.000000,1371.0,193879,456.5,197178,1131.5,-2.33,-0.000835,75.1,0.000000,571.6,1256234,1916.9,88925,946.4,1.95,0.000377,0.0000363,0.0477,56749,280.2,0.033767,0.0000424,0.0483,77963,318.3,0.000000,0.0001706,0.0488,102360,347.2,0.000000,0.0001707,0.0474,102860,345.6,0.000000
436.05,0.0080749,436.0,0.000000,100.0,54164,387.3,84356,922.9,5.60,0.001053,256.0,0.044443,1052.2,112824,1051.8,96785,1030.0,232.79,0.044996,616.0,0.000000,100.0,196575,458.1,199765,1135.0,-2.53,-0.000915,76.0,0.000000,242.2,1229466,1907.9,88151,944.5,1.63,0.000313,0.0000369,0.0477,56432,279.6,0.033951,0.0000416,0.0483,77821,318.2,0.000000,0.0001706,0.0488,101373,346.2,0.000000,0.0001707,0.0474,101983,344.8,0.000000
437.09,0.0080942,437.1,0.000000,683.0,53821,384.9,81146,914.6,7.05,0.001286,257.1,0.044824,1048.3,111288,1047.9,94682,1025.0,238.76,0.045368,617.1,0.000000,100.0,199549,460.0,202633,1138.9,-2.55,-0.000934,77.1,0.000000,420.3,1201976,1898.5,87495,942.8,1.29,0.000247,0.0000376,0.0477,56110,279.0,0.034152,0.0000407,0.0483,77806,318.2,0.000000,0.0001706,0.0488,100379,345.3,0.000000,0.0001707,0.0474,100895,343.7,0.000000
438.06,0.0081123,438.1,0.000000,6135.6,53515,382.6,77933,906.2,7.60,0.001344,258.1,0.045137,1044.5,109814,1044.1,92705,1020.2,244.21,0.045649,618.1,0.000000,100.0,202433,461.7,205110,1142.2,-2.26,-0.000834,78.1,0.000000,954.9,1177152,1889.8,87014,941.6,1.03,0.000196,0.0000382,0.0477,55820,278.4,0.034346,0.0000399,0.0483,77906,318.3,0.000000,0.0001706,0.0488,99505,344.4,0.000000,0.0001707,0.0474,99786,342.7,0.000000
439.04,0.0081304,439.0,0.000000,672.7,53222,380.5,75062,898.3,6.94,0.001192,259.0,0.045372,1040.6,108312,1040.2,90729,1015.3,249.50,0.045863,619.0,0.000000,100.0,205414,463.5,207023,1144.8,-1.68,-0.000624,79.0,0.000000,100.0,1153205,1881.4,86626,940.7,0.84,0.000158,0.0000388,0.0477,55534,277.9,0.034501,0.0000391,0.0483,78154,318.5,0.000000,0.0001706,0.0488,98691,343.6,0.000000,0.0001707,0.0474,98649,341.5,0.000000
440.08,0.0081497,440.1,0.000000,832.3,52924,378.3,72711,891.8,5.42,0.000909,260.1,0.045546,1036.3,106681,1035.9,88628,1010.0,254.95,0.046018,620.1,0.000000,505.9,208706,465.5,208363,1146.5,-1.06,-0.000398,80.1,0.000000,100.0,1128584,1872.5,86280,939.8,0.70,0.000133,0.0000395,0.0477,55232,277.3,0.034599,0.0000382,0.0483,78602,319.1,0.000000,0.0001706,0.0488,97888,342.8,0.000000,0.0001707,0.0474,97466,340.4,0.000000
441.06,0.0081678,441.1,0.000000,561.1,52655,376.3,71103,887.2,4.14,0.000682,261.1,0.045652,1032.2,105127,1031.8,86669,1005.0,259.85,0.046097,621.1,0.000000,3299.8,211901,467.3,209148,1147.6,-0.67,-0.000252,81.1,0.000000,100.0,1106328,1864.3,85990,939.1,0.64,0.000121,0.0000401,0.0477,54946,276.8,0.034616,0.0000374,0.0483,79204,319.7,0.000000,0.0001706,0.0488,97196,342.1,0.000000,0.0001707,0.0474,96430,339.3,0.000000
442.04,0.0081859,442.0,0.000000,100.0,52392,374.4,69848,883.5,3.33,0.000542,262.0,0.045692,1028.0,103552,1027.6,84725,999.9,264.55,0.046114,622.0,0.000000,4962.0,215207,469.2,209629,1148.2,-0.40,-0.000151,82.0,0.000000,3924.1,1084831,1856.3,85699,938.3,0.65,0.000123,0.0000408,0.0477,54651,276.3,0.034509,0.0000365,0.0483,79965,320.6,0.000000,0.0001706,0.0488,96556,341.4,0.000000,0.0001707,0.0474,95495,338.4,0.000000
443.09,0.0082053,443.1,0.000000,158.8,52116,372.3,68723,880.2,2.84,0.000456,263.1,0.046685,1023.9,101779,1022.9,83797,995.3,276.01,0.047802,623.1,0.000000,740.4,218861,471.3,209810,1148.4,-0.09,-0.000033,83.1,0.000000,1167.8,1062700,1847.9,85347,937.4,0.76,0.000142,0.0000414,0.0477,54321,275.8,0.034243,0.0000356,0.0483,80894,321.6,0.000000,0.0001706,0.0488,95918,340.8,0.000000,0.0001707,0.0474,94630,337.5,0.000000
444.07,0.0082235,444.1,0.000000,1251.9,51857,370.5,67809,877.5,2.50,0.000398,264.1,0.054492,1021.2,99563,1017.1,85647,988.6,301.46,0.053724,624.1,0.000000,2025.8,222412,473.3,209556,1148.1,0.31,0.000117,84.1,0.000000,1948.6,1042677,1840.2,84937,936.4,0.94,0.000176,0.0000420,0.0477,54002,275.3,0.033858,0.0000346,0.0483,81793,322.6,0.000000,0.0001706,0.0488,95349,340.2,0.000000,0.0001707,0.0474,93949,336.8,0.000000
445.05,0.0082417,445.1,0.000000,443.4,51597,368.8,67018,875.1,2.19,0.000344,265.1,0.054294,1015.0,97327,1011.2,84032,979.7,308.01,0.054343,625.1,0.000000,167.1,226091,475.4,208722,1147.0,0.84,0.000315,85.1,0.000000,3367.4,1023313,1832.6,84436,935.1,1.14,0.000212,0.0000427,0.0477,53668,274.8,0.033377,0.0000337,0.0483,82640,323.6,0.000000,0.0001706,0.0488,94783,339.6,0.000000,0.0001707,0.0474,93390,336.2,0.000000
446.10,0.0082612,446.1,0.000000,6348.2,51315,366.9,66307,873.0,1.85,0.000289,266.1,0.053339,1007.6,94974,1004.9,81489,970.9,309.75,0.053477,626.1,0.000000,100.0,230161,477.6,207300,1145.2,1.27,0.000474,86.1,0.000000,698.7,1003363,1824.7,83829,933.6,1.30,0.000239,0.0000433,0.0477,53288,274.2,0.032746,0.0000326,0.0483,83407,324.4,0.000000,0.0001706,0.0488,94160,339.0,0.000000,0.0001707,0.0474,92912,335.7,0.000000
447.09,0.0082794,447.1,0.000000,708.7,51044,365.3,65741,871.3,1.60,0.000249,267.1,0.052250,1000.5,92809,998.9,79067,963.3,310.58,0.052440,627.1,0.000000,516.8,234118,479.8,205685,1143.2,1.50,0.000557,87.1,0.000000,100.0,985304,1817.4,83209,932.0,1.42,0.000260,0.0000439,0.0477,52906,273.7,0.031955,0.0000317,0.0483,83940,325.0,0.000000,0.0001706,0.0488,93535,338.4,0.000000,0.0001707,0.0474,92557,335.4,0.000000
448.08,0.0082977,448.1,0.000000,776.5,50763,363.7,65219,869.7,1.50,0.000232,268.1,0.051208,993.4,90680,992.9,76728,956.0,311.27,0.051392,628.1,0.000000,1816.4,238220,482.0,203895,1140.9,1.67,0.000615,88.1,0.000000,12051.1,967832,1810.2,82523,930.2,1.59,0.000290,0.0000444,0.0477,52497,273.1,0.031015,0.0000307,0.0483,84266,325.3,0.000000,0.0001706,0.0488,92856,337.7,0.000000,0.0001707,0.0474,92263,335.1,0.000000
449.07,0.0083160,449.1,0.000000,1252.0,50469,362.1,64718,868.1,1.45,0.000222,269.1,0.050181,986.4,88588,987.0,74489,948.8,311.80,0.050353,629.1,0.000000,407.4,242473,484.2,201925,1138.3,1.86,0.000679,89.1,0.000000,1096.2,950928,1803.1,81749,928.2,1.81,0.000327,0.0000450,0.0477,52066,272.4,0.029913,0.0000298,0.0483,84384,325.4,0.000000,0.0001706,0.0488,92106,336.9,0.000000,0.0001707,0.0474,91999,334.8,0.000000
450.06,0.0083344,450.1,0.000000,368.2,50161,360.6,64255,866.7,1.34,0.000204,270.1,0.049168,979.5,86532,981.0,72360,941.9,312.13,0.049327,630.1,0.000000,1008.7,246883,486.5,199751,1135.4,2.07,0.000749,90.1,0.000000,1476.2,934574,1796.2,80872,925.9,2.06,0.000370,0.0000455,0.0477,51621,271.8,0.028691,0.0000289,0.0483,84317,325.4,0.000000,0.0001706,0.0488,91269,336.0,0.000000,0.0001707,0.0474,91723,334.5,0.000000
451.05,0.0083527,451.0,0.000000,722.9,49838,359.1,63834,865.4,1.23,0.000187,271.0,0.048170,972.8,84511,975.0,70341,935.2,312.26,0.048316,631.0,0.000000,100.0,251454,488.9,197378,1132.3,2.28,0.000816,91.0,0.000000,1833.5,918761,1789.4,79876,923.2,2.37,0.000422,0.0000460,0.0477,51173,271.1,0.027413,0.0000280,0.0483,84105,325.1,0.000000,0.0001706,0.0488,90333,335.0,0.000000,0.0001707,0.0474,91394,334.2,0.000000
452.10,0.0083723,452.1,0.000000,1204.2,49479,357.5,63387,864.0,1.25,0.000189,272.1,0.047154,965.8,82396,968.6,68291,928.2,312.23,0.047257,632.1,0.000000,24633.0,256511,491.4,194696,1128.7,2.42,0.000860,92.1,0.000000,2132.5,902475,1782.3,78668,920.0,2.73,0.000480,0.0000465,0.0477,50703,270.4,0.026109,0.0000271,0.0483,83759,324.8,0.000000,0.0001706,0.0488,89220,333.8,0.000000,0.0001707,0.0474,90937,333.7,0.000000
453.09,0.0083906,453.1,0.000000,732.3,49133,356.1,62931,862.5,1.38,0.000207,273.1,0.046154,959.2,80449,962.6,66431,921.7,312.16,0.046284,633.1,0.000000,475.4,261428,493.9,192233,1125.4,2.37,0.000832,93.1,0.000000,7564.4,887734,1775.7,77431,916.6,3.00,0.000521,0.0000470,0.0477,50286,269.8,0.024914,0.0000263,0.0483,83378,324.3,0.000000,0.0001706,0.0488,88081,332.6,0.000000,0.0001707,0.0474,90374,333.1,0.000000
454.08,0.0084090,454.1,0.000000,778.2,48783,354.7,62441,861.0,1.47,0.000219,274.1,0.045200,952.6,78537,956.7,64565,915.0,312.34,0.045337,634.1,0.000000,1234.8,266522,496.4,189980,1122.3,2.18,0.000759,94.1,0.000000,569.8,873487,1769.3,76168,913.1,3.08,0.000529,0.0000474,0.0477,49926,269.2,0.024021,0.0000254,0.0483,82989,323.9,0.000000,0.0001706,0.0488,86874,331.3,0.000000,0.0001707,0.0474,89663,332.3,0.000000
455.07,0.0084273,455.1,0.000000,953.1,48438,353.3,61960,859.4,1.44,0.000214,275.1,0.044262,945.6,76658,950.7,62583,907.8,313.23,0.044420,635.1,0.000000,100.0,271802,498.9,187957,1119.6,1.99,0.000686,95.1,0.000000,514.7,859711,1763.1,74959,909.8,2.98,0.000506,0.0000479,0.0477,49644,268.8,0.023582,0.0000246,0.0483,82621,323.5,0.000000,0.0001706,0.0488,85632,329.9,0.000000,0.0001707,0.0474,88808,331.4,0.000000
456.06,0.0084456,456.1,0.000000,100.0,48106,352.0,61567,858.2,1.13,0.000166,276.1,0.043338,938.1,74812,944.6,60465,900.0,314.86,0.043513,636.1,0.000000,100.0,277275,501.5,186115,1117.0,1.83,0.000629,96.1,0.000000,1007.9,846388,1756.9,73851,906.6,2.77,0.000464,0.0000483,0.0477,49438,268.5,0.023551,0.0000238,0.0483,82296,323.1,0.000000,0.0001706,0.0488,84387,328.6,0.000000,0.0001707,0.0474,87840,330.4,0.000000
457.05,0.0084639,457.1,0.000000,100.0,47798,350.7,61443,857.8,0.26,0.000038,277.1,0.042428,930.9,72996,938.6,58509,892.6,315.68,0.042567,637.1,0.000000,100.0,282950,504.2,184399,1114.6,1.74,0.000591,97.1,0.000000,374.2,833502,1750.9,72860,903.8,2.51,0.000416,0.0000487,0.0477,49361,268.4,0.024123,0.0000230,0.0483,82037,322.8,0.000000,0.0001706,0.0488,83171,327.2,0.000000,0.0001707,0.0474,86809,329.3,0.000000
458.10,0.0084834,458.1,0.000000,1152.2,47512,349.4,61673,858.5,-0.87,-0.000129,278.1,0.041516,924.7,71093,932.2,57153,887.3,313.60,0.041551,638.1,0.000000,1905.0,289233,507.1,182577,1112.1,1.78,0.000600,98.1,0.000000,355.2,820223,1744.6,71940,901.2,2.19,0.000360,0.0000492,0.0477,49441,268.6,0.025578,0.0000222,0.0483,81830,322.6,0.000000,0.0001706,0.0488,81929,325.8,0.000000,0.0001707,0.0474,85699,328.1,0.000000
459.09,0.0085017,459.1,0.000000,238.8,47305,348.3,62565,861.4,-3.07,-0.000459,279.1,0.040579,923.9,69341,926.1,58037,890.3,298.71,0.040054,639.1,0.000000,100.0,295349,509.9,180680,1109.4,2.03,0.000679,99.1,0.000000,3436.9,808194,1738.8,71243,899.2,1.78,0.000290,0.0000497,0.0477,49758,269.1,0.028164,0.0000215,0.0483,81694,322.4,0.000000,0.0001706,0.0488,80832,324.5,0.000000,0.0001707,0.0474,84703,327.0,0.000000
460.08,0.0085199,460.1,0.000000,837.4,47181,347.2,64612,867.9,-6.60,-0.001011,280.1,0.039628,947.2,67623,920.1,68599,928.2,241.49,0.036716,640.1,0.000000,1070.3,301694,512.7,178406,1106.1,2.47,0.000819,100.1,0.000000,100.0,796555,1733.1,70753,897.7,1.24,0.000201,0.0000503,0.0477,50381,270.1,0.032092,0.0000208,0.0483,81605,322.3,0.000000,0.0001706,0.0488,79808,323.4,0.000000,0.0001707,0.0474,83787,326.0,0.000000
461.06,0.0085382,461.1,0.000000,100.0,47160,346.2,68123,878.6,-10.57,-0.001686,281.1,0.013794,918.3,67898,920.3,69064,939.2,79.49,0.012024,641.1,0.000000,100.0,308279,515.6,175706,1102.3,2.95,0.000966,101.1,0.000000,1159.9,785287,1727.6,70493,897.0,0.62,0.000101,0.0000510,0.0477,51221,271.4,0.037229,0.0000205,0.0483,81553,322.3,0.000000,0.0001706,0.0488,78856,322.2,0.000000,0.0001707,0.0474,82975,325.1,0.000000
462.05,0.0085565,462.0,0.000000,1457.3,47250,345.4,73047,893.0,-13.71,-0.002308,282.0,0.004605,937.2,68920,923.0,71848,949.1,4.09,0.000637,642.0,0.000000,2045.0,315116,518.5,172642,1097.8,3.38,0.001092,102.0,0.000000,766.1,774376,1722.1,70484,896.9,-0.04,-0.000007,0.0000518,0.0477,52143,272.9,0.042809,0.0000204,0.0483,81524,322.3,0.000000,0.0001706,0.0488,77975,321.2,0.000000,0.0001707,0.0474,82277,324.3,0.000000
463.10,0.0085759,463.1,0.000000,521.3,47458,344.6,79469,910.8,-15.37,-0.002758,283.1,-0.004241,947.0,70833,928.3,71592,948.1,-35.56,-0.005523,643.1,0.000000,866.5,322701,521.7,169104,1092.5,3.70,0.001177,103.1,0.000000,729.7,763115,1716.4,70761,897.8,-0.81,-0.000132,0.0000527,0.0477,53069,274.3,0.048139,0.0000205,0.0483,81505,322.2,0.000000,0.0001706,0.0488,77103,320.2,0.000000,0.0001707,0.0474,81661,323.6,0.000000
464.09,0.0085942,464.1,0.000000,100.0,47741,344.0,85944,927.6,-14.98,-0.002855,284.1,-0.004698,959.1,72739,933.5,73048,952.1,-32.10,-0.005067,644.1,0.000000,1138.9,330101,524.8,165744,1087.5,3.78,0.001184,104.1,0.000000,734.1,752896,1711.1,71290,899.3,-1.47,-0.000240,0.0000537,0.0477,53916,275.6,0.052614,0.0000206,0.0483,81490,322.2,0.000000,0.0001706,0.0488,76342,319.3,0.000000,0.0001707,0.0474,81195,323.1,0.000000
465.07,0.0086124,465.1,0.000000,1723.8,48094,343.6,92001,942.4,-12.78,-0.002565,285.1,-0.003395,956.7,74605,938.5,74654,956.5,-24.51,-0.003935,645.1,0.000000,100.0,337791,528.0,162490,1082.5,3.72,0.001149,105.1,0.000000,100.0,742996,1706.0,72006,901.4,-1.93,-0.000318,0.0000547,0.0477,54769,276.9,0.056259,0.0000207,0.0483,81471,322.2,0.000000,0.0001706,0.0488,75624,318.4,0.000000,0.0001707,0.0474,80827,322.6,0.000000
466.06,0.0086307,466.1,0.000000,12433.5,48507,343.2,96884,953.9,-9.51,-0.001987,286.1,-0.000441,962.3,76282,942.8,76742,963.9,-7.82,-0.001281,646.1,0.000000,1616.7,345787,531.2,159360,1077.6,3.66,0.001113,106.1,0.000000,5492.4,733400,1701.0,72834,903.8,-2.18,-0.000362,0.0000558,0.0477,55639,278.2,0.059386,0.0000207,0.0483,81447,322.2,0.000000,0.0001706,0.0488,74940,317.6,0.000000,0.0001707,0.0474,80548,322.3,0.000000
467.04,0.0086489,467.0,0.000000,100.0,48971,343.0,100206,961.5,-6.04,-0.001294,287.0,0.001155,968.0,77878,946.7,78048,968.8,2.85,0.000473,647.0,0.000000,100.0,354107,534.5,156314,1072.8,3.63,0.001089,107.0,0.000000,2025.9,724096,1696.0,73676,906.2,-2.16,-0.000361,0.0000569,0.0477,56537,279.5,0.062127,0.0000207,0.0483,81433,322.2,0.000000,0.0001706,0.0488,74281,316.8,0.000000,0.0001707,0.0474,80345,322.1,0.000000
468.09,0.0086684,468.1,0.000000,378.1,49517,342.8,102027,965.5,-2.80,-0.000608,288.1,0.004655,1023.3,79304,949.9,81562,980.5,28.01,0.004792,648.1,0.000000,849.0,363348,538.0,153163,1067.8,3.59,0.001058,108.1,0.000000,1367.8,714490,1690.9,74432,908.3,-1.72,-0.000290,0.0000582,0.0477,57528,280.9,0.064683,0.0000206,0.0483,81435,322.2,0.000000,0.0001706,0.0488,73596,316.0,0.000000,0.0001707,0.0474,80200,321.9,0.000000
469.08,0.0086866,469.1,0.000000,122.1,50037,342.7,102436,966.4,-0.55,-0.000119,289.1,0.005005,979.2,80659,953.0,82214,983.1,35.07,0.006034,649.1,0.000000,663.1,372370,541.5,150333,1063.2,3.50,0.001017,109.1,0.000000,701.6,705773,1686.1,74842,909.5,-0.93,-0.000158,0.0000594,0.0477,58947,283.1,0.064898,0.0000205,0.0483,81462,322.2,0.000000,0.0001706,0.0488,72963,315.2,0.000000,0.0001707,0.0474,80121,321.8,0.000000
470.06,0.0087049,470.1,0.000000,2006.9,50630,342.7,102017,965.5,0.89,0.000194,290.1,0.006877,984.0,81885,955.7,83138,986.3,41.92,0.007268,650.1,0.000000,2608.4,381759,544.9,147698,1058.9,3.30,0.000946,110.1,0.000000,2519.9,697324,1681.5,74880,909.6,-0.00,-0.000000,0.0000606,0.0477,59800,284.3,0.069106,0.0000203,0.0483,81533,322.3,0.000000,0.0001706,0.0488,72333,314.4,0.000000,0.0001707,0.0474,80086,321.8,0.000000
471.05,0.0087231,471.0,0.000000,729.5,51230,342.8,101247,963.8,1.47,0.000318,291.0,0.008010,987.8,83044,958.1,84607,990.9,45.28,0.007953,651.0,0.000000,618.5,391524,548.5,145353,1055.0,2.97,0.000841,111.0,0.000000,1425.3,689140,1676.9,74567,908.7,0.91,0.000154,0.0000619,0.0477,61378,286.6,0.069340,0.0000202,0.0483,81657,322.4,0.000000,0.0001706,0.0488,71703,313.6,0.000000,0.0001707,0.0474,80086,321.8,0.000000
472.09,0.0087425,472.1,0.000000,100.0,51949,343.0,100208,961.5,1.90,0.000407,292.1,0.006289,991.5,84507,961.2,84841,991.6,32.56,0.005730,652.1,0.000000,1095.3,402370,552.4,143222,1051.4,2.55,0.000715,112.1,0.000000,1025.6,680695,1672.1,73803,906.6,1.99,0.000333,0.0000633,0.0477,62363,288.0,0.073694,0.0000201,0.0483,81844,322.6,0.000000,0.0001706,0.0488,71029,312.8,0.000000,0.0001707,0.0474,80115,321.8,0.000000
473.07,0.0087606,473.1,0.000000,880.1,52636,343.3,99024,958.9,2.31,0.000491,293.1,0.006757,994.6,85881,964.1,86974,998.0,28.92,0.005185,653.1,0.000000,100.0,412957,556.1,141532,1048.5,2.21,0.000615,113.1,0.000000,997.8,673038,1667.8,72627,903.2,3.20,0.000529,0.0000647,0.0477,64114,290.4,0.074243,0.0000200,0.0483,82063,322.8,0.000000,0.0001706,0.0488,70396,312.0,0.000000,0.0001707,0.0474,80159,321.9,0.000000
474.05,0.0087787,474.1,0.000000,1259.5,53403,343.7,97649,955.8,2.70,0.000568,294.1,0.005595,1039.5,87423,967.3,89943,1006.3,32.31,0.005941,654.1,0.000000,258.6,423969,559.9,140027,1045.9,2.03,0.000558,114.1,0.000000,976.9,665623,1663.5,70990,898.5,4.45,0.000723,0.0000661,0.0477,65194,291.8,0.079004,0.0000199,0.0483,82308,323.1,0.000000,0.0001706,0.0488,69760,311.2,0.000000,0.0001707,0.0474,80210,321.9,0.000000
475.09,0.0087980,475.1,0.000000,597.6,54243,344.2,96054,952.2,2.95,0.000612,295.1,0.003251,1004.9,89395,971.5,89485,1005.3,16.67,0.003052,655.1,0.000000,100.0,436206,564.0,138405,1043.1,2.13,0.000580,115.1,0.000000,842.6,657971,1659.1,68891,892.3,5.42,0.000861,0.0000676,0.0477,67185,294.5,0.079905,0.0000198,0.0483,82584,323.4,0.000000,0.0001706,0.0488,69078,310.3,0.000000,0.0001707,0.0474,80266,322.0,0.000000
476.07,0.0088161,476.1,0.000000,228.3,55121,344.8,94609,948.9,2.86,0.000586,296.1,0.005265,1010.1,91096,975.0,91308,1010.7,20.91,0.003886,656.1,0.000000,100.0,448161,567.9,136626,1040.0,2.55,0.000690,116.1,0.000000,4430.5,651030,1655.0,66820,886.0,5.79,0.000899,0.0000692,0.0477,68405,296.1,0.085230,0.0000197,0.0483,82847,323.7,0.000000,0.0001706,0.0488,68435,309.5,0.000000,0.0001707,0.0474,80309,322.0,0.000000
477.04,0.0088341,477.0,0.000000,1626.1,56008,345.4,93329,945.9,2.55,0.000518,297.0,0.006119,1015.2,92763,978.3,92979,1015.5,25.79,0.004858,657.0,0.000000,600.3,460605,571.9,134401,1036.0,3.25,0.000867,117.0,0.000000,360.6,644305,1651.0,64820,879.8,5.75,0.000872,0.0000707,0.0477,70294,298.6,0.085537,0.0000196,0.0483,83111,324.0,0.000000,0.0001706,0.0488,67791,308.6,0.000000,0.0001707,0.0474,80337,322.1,0.000000
478.08,0.0088533,478.1,0.000000,100.0,57007,346.2,92233,943.3,2.03,0.000409,298.1,0.007029,1020.5,94497,981.7,94715,1020.4,30.15,0.005757,658.1,0.000000,1218.5,474445,576.2,131417,1030.7,4.18,0.001097,118.1,0.000000,956.8,637362,1646.8,62842,873.5,5.50,0.000814,0.0000724,0.0477,72246,301.2,0.088425,0.0000194,0.0483,83396,324.3,0.000000,0.0001706,0.0488,67105,307.7,0.000000,0.0001707,0.0474,80347,322.1,0.000000
479.05,0.0088712,479.0,0.000000,100.0,58016,347.0,91505,941.6,1.46,0.000292,299.0,0.007848,1024.8,96087,984.7,96509,1025.2,31.98,0.006192,659.0,0.000000,100.0,487978,580.4,128023,1024.5,5.12,0.001316,119.0,0.000000,100.0,631061,1643.0,61132,868.0,5.24,0.000759,0.0000741,0.0477,73195,302.3,0.092867,0.0000193,0.0483,83678,324.6,0.000000,0.0001706,0.0488,66467,306.9,0.000000,0.0001707,0.0474,80341,322.1,0.000000
480.08,0.0088904,480.1,0.000000,2530.9,59086,347.9,90955,940.3,1.06,0.000211,300.1,0.007681,1029.1,97864,988.0,98533,1030.6,30.17,0.005933,660.1,0.000000,725.3,503043,584.9,123916,1016.8,5.95,0.001491,120.1,0.000000,1212.4,624551,1639.0,59479,862.5,4.86,0.000689,0.0000759,0.0477,74916,304.5,0.092446,0.0000192,0.0483,84014,325.0,0.000000,0.0001706,0.0488,65801,306.0,0.000000,0.0001707,0.0474,80330,322.1,0.000000
481.05,0.0089083,481.0,0.000000,100.0,60149,348.8,90490,939.2,1.00,0.000199,301.0,0.007221,1033.4,99647,991.3,100928,1036.7,30.29,0.006067,661.0,0.000000,100.0,517790,589.2,119860,1009.0,6.39,0.001562,121.0,0.000000,693.3,618639,1635.4,58122,858.0,4.37,0.000609,0.0000776,0.0477,75781,305.6,0.096304,0.0000190,0.0483,84388,325.4,0.000000,0.0001706,0.0488,65195,305.2,0.000000,0.0001707,0.0474,80328,322.1,0.000000
482.08,0.0089274,482.1,0.000000,1068.7,61263,349.8,89929,937.8,1.15,0.000226,302.1,0.006700,1039.2,101689,995.0,103360,1042.8,31.95,0.006515,662.1,0.000000,536.4,534222,594.0,115568,1000.5,6.54,0.001554,122.1,0.000000,844.0,612500,1631.5,56882,853.7,3.82,0.000523,0.0000794,0.0477,77300,307.5,0.095130,0.0000189,0.0483,84873,325.9,0.000000,0.0001706,0.0488,64572,304.4,0.000000,0.0001707,0.0474,80338,322.1,0.000000
483.04,0.0089453,483.0,0.000000,1021.9,62314,350.7,89370,936.5,1.19,0.000234,303.0,0.007266,1044.2,103603,998.4,105274,1047.5,34.96,0.007228,663.0,0.000000,243.6,550321,598.5,111684,992.6,6.54,0.001513,123.0,-0.000000,823.2,606744,1627.4,55878,850.2,3.40,0.000460,0.0000811,0.0477,78857,309.4,0.095687,0.0000188,0.0483,85424,326.5,0.000000,0.0001706,0.0488,64014,303.6,0.000000,0.0001707,0.0474,80392,322.1,0.000000
484.07,0.0089643,484.1,0.000000,1001.7,63488,351.8,88848,935.2,1.01,0.000197,304.1,0.008234,1049.5,105585,1001.9,106738,1051.1,39.17,0.008183,664.1,0.000000,1032.2,568273,603.4,107774,984.5,6.35,0.001431,124.1,0.000098,935.0,600783,1623.2,55060,847.4,3.53,0.000472,0.0000830,0.0477,79393,310.0,0.099074,0.0000186,0.0483,86110,327.2,0.000000,0.0001706,0.0488,63453,302.9,0.000000,0.0001707,0.0474,80546,322.3,0.000000
485.10,0.0089834,485.1,0.000000,590.1,64623,352.8,88530,934.4,0.58,0.000114,305.1,0.009995,1054.7,107387,1004.8,108010,1054.0,44.98,0.009482,665.1,0.000000,40983.0,587072,608.4,104223,976.9,5.95,0.001305,125.1,0.000141,931.5,595005,1619.1,54243,844.7,3.92,0.000518,0.0000848,0.0477,80851,311.9,0.096876,0.0000184,0.0483,86873,328.0,0.000000,0.0001706,0.0488,62935,302.1,0.000000,0.0001707,0.0474,80842,322.6,0.000000
486.07,0.0090012,486.1,0.000000,707.0,65728,353.7,88406,934.1,0.25,0.000049,306.1,0.012731,1058.6,108754,1006.8,110870,1060.2,58.42,0.012567,666.1,0.000000,992.5,605509,613.1,101267,970.5,5.46,0.001173,126.1,0.000208,928.4,589747,1615.2,53526,842.4,4.37,0.000571,0.0000866,0.0477,81313,312.4,0.099722,0.0000182,0.0483,87624,328.8,0.000000,0.0001706,0.0488,62495,301.5,0.000000,0.0001707,0.0474,81260,323.1,0.000000
487.09,0.0090203,487.1,0.000000,100.0,66864,354.7,88278,933.8,0.30,0.000058,307.1,0.012852,1062.3,110235,1008.9,111816,1062.1,59.35,0.012853,667.1,0.000000,3761.6,626087,618.4,98509,964.3,4.88,0.001026,127.1,0.000309,925.3,584299,1611.2,52822,840.3,5.14,0.000664,0.0000885,0.0477,82712,314.1,0.097285,0.0000180,0.0483,88423,329.6,0.000000,0.0001706,0.0488,62080,301.0,0.000000,0.0001706,0.0474,81838,323.7,0.000000
488.06,0.0090381,488.1,0.000000,732.8,67967,355.6,87991,933.1,0.70,0.000137,308.1,0.013477,1065.1,111570,1010.8,113118,1064.7,58.93,0.012879,668.1,0.000000,1404.1,646275,623.3,96362,959.4,4.13,0.000854,128.1,0.000455,922.6,579336,1607.6,52221,838.7,6.23,0.000798,0.0000903,0.0477,83134,314.6,0.099908,0.0000177,0.0483,89142,330.4,0.000000,0.0001706,0.0488,61744,300.5,0.000000,0.0001706,0.0474,82461,324.4,0.000000
489.08,0.0090571,489.1,0.000000,100.0,69098,356.5,87328,931.5,1.50,0.000290,309.1,0.013421,1068.0,113040,1012.8,114505,1067.4,57.71,0.012734,669.1,0.000000,1029.2,668816,628.7,94663,955.5,3.04,0.000620,129.1,0.000653,920.0,574186,1603.7,51646,837.4,7.86,0.000997,0.0000921,0.0477,84481,316.2,0.097295,0.0000175,0.0483,89860,331.1,0.000000,0.0001706,0.0488,61440,300.1,0.000000,0.0001706,0.0474,83156,325.2,0.000000
490.05,0.0090750,490.0,0.000000,2777.7,70195,357.4,86331,929.0,2.29,0.000438,310.0,0.013416,1070.6,114452,1014.6,115874,1070.0,56.18,0.012514,670.0,0.000000,100.0,690950,633.9,93859,953.6,1.35,0.000273,130.0,0.000907,917.8,569484,1600.2,51168,836.8,9.90,0.001246,0.0000939,0.0477,84896,316.7,0.099787,0.0000172,0.0483,90491,331.8,0.000000,0.0001706,0.0488,61203,299.7,0.000000,0.0001706,0.0474,83785,325.8,0.000000
491.07,0.0090940,491.1,0.000000,546.3,71320,358.4,85053,925.8,2.71,0.000512,311.1,0.012833,1072.6,116093,1016.9,117587,1073.3,50.38,0.011355,671.1,0.000000,100.0,715682,639.6,94303,954.6,-1.26,-0.000255,131.1,0.001225,915.7,564593,1596.4,50731,836.8,12.63,0.001575,0.0000957,0.0477,86192,318.2,0.097085,0.0000170,0.0483,91132,332.4,0.000000,0.0001706,0.0488,60993,299.5,0.000000,0.0001706,0.0474,84393,326.5,0.000000
492.10,0.0091130,492.1,0.000000,100.0,72483,359.3,83826,922.7,2.57,0.000481,312.1,0.009043,1075.0,118435,1020.4,119742,1077.8,29.89,0.006830,672.1,0.000000,981.3,741637,645.3,96561,959.9,-4.89,-0.001013,132.1,0.001605,914.0,559823,1592.7,50361,837.5,15.86,0.001962,0.0000976,0.0477,86627,318.7,0.099477,0.0000168,0.0483,91764,333.1,0.000000,0.0001706,0.0488,60824,299.2,0.000000,0.0001706,0.0474,84914,327.0,0.000000
493.06,0.0091308,493.1,0.000000,100.0,73528,360.1,82895,920.3,2.09,0.000387,313.1,0.002829,1080.7,121750,1025.9,122951,1084.6,-1.42,-0.000332,673.1,0.000000,1818.1,767144,650.8,100412,968.7,-7.89,-0.001683,133.1,0.002015,912.7,555453,1589.3,50066,838.8,19.29,0.002369,0.0000993,0.0477,87787,320.1,0.096404,0.0000168,0.0483,92374,333.7,0.000000,0.0001706,0.0488,60702,299.0,0.000000,0.0001705,0.0474,85322,327.5,0.000000
494.09,0.0091498,494.1,0.000000,1910.3,74679,361.1,82214,918.6,1.40,0.000258,314.1,-0.003547,1096.8,126655,1034.3,127246,1093.5,-24.99,-0.005982,674.1,0.000000,1705.5,795669,656.8,105303,979.4,-8.62,-0.001907,134.1,0.002484,911.7,550894,1585.8,49823,841.0,23.46,0.002858,0.0001012,0.0477,88171,320.5,0.098754,0.0000168,0.0483,93069,334.4,0.000000,0.0001706,0.0488,60630,298.9,0.000000,0.0001705,0.0474,85684,327.9,0.000000
495.05,0.0091677,495.1,0.000000,100.0,75709,361.9,81866,917.7,0.76,0.000139,315.1,-0.005426,1103.6,131841,1043.1,132222,1103.2,-29.79,-0.007345,675.1,0.000000,537.3,823724,662.5,109261,987.9,-6.85,-0.001559,135.1,0.003019,911.0,546705,1582.4,49663,844.0,27.95,0.003383,0.0001029,0.0477,89250,321.8,0.095394,0.0000169,0.0483,93786,335.1,0.000000,0.0001706,0.0488,60638,299.0,0.000000,0.0001704,0.0474,85975,328.2,0.000000
496.08,0.0091867,496.1,0.000000,100.0,76802,362.7,81735,917.4,0.25,0.000045,316.1,-0.004070,1116.8,137371,1052.0,137607,1113.3,-21.84,-0.005553,676.1,0.000000,751.5,855121,668.7,111737,993.0,-3.57,-0.000825,136.1,0.003629,910.7,542321,1578.9,49557,848.1,33.42,0.004017,0.0001047,0.0477,90468,323.2,0.095030,0.0000170,0.0483,94632,335.9,0.000000,0.0001706,0.0488,60724,299.1,0.000000,0.0001703,0.0474,86256,328.5,0.000000
497.05,0.0092046,497.0,0.000000,3397.4,77854,363.5,81717,917.3,0.04,0.000008,317.0,0.001526,1120.6,141721,1058.5,143650,1124.6,-0.26,-0.000069,677.0,0.000000,1128.1,886000,674.6,112198,994.0,-0.46,-0.000107,137.0,0.004315,910.6,538282,1575.7,49520,852.9,39.21,0.004684,0.0001065,0.0477,90592,323.4,0.096707,0.0000170,0.0483,95497,336.8,0.000000,0.0001706,0.0488,60908,299.3,0.000000,0.0001703,0.0474,86515,328.7,0.000000
498.08,0.0092236,498.1,0.000000,648.5,78924,364.3,81672,917.2,0.13,0.000024,318.1,0.004672,1127.8,145864,1064.2,148745,1133.4,17.91,0.004836,678.1,0.000000,100.0,920560,681.1,111139,991.8,2.01,0.000464,138.1,0.005082,910.8,534041,1572.2,49532,858.8,46.16,0.005477,0.0001082,0.0477,91665,324.6,0.093428,0.0000169,0.0483,96470,337.7,0.000000,0.0001706,0.0488,61245,299.8,0.000000,0.0001702,0.0474,86808,329.0,0.000000
499.04,0.0092415,499.0,0.000000,100.0,79954,365.1,81508,916.8,0.44,0.000080,319.0,0.006060,1134.8,149615,1069.1,150166,1135.5,22.56,0.006138,679.0,0.000000,322.7,954556,687.2,109150,987.7,3.62,0.000824,139.0,0.005934,911.1,530120,1569.0,49568,864.9,53.48,0.006306,0.0001099,0.0477,91811,324.7,0.094999,0.0000168,0.0483,97386,338.6,0.000000,0.0001706,0.0488,61747,300.5,0.000000,0.0001701,0.0474,87115,329.4,0.000000
500.07,0.0092606,500.1,0.000000,496.5,80999,365.8,81125,915.8,0.93,0.000169,320.1,0.011101,1140.2,152621,1072.6,154224,1141.5,36.38,0.010110,680.1,0.000000,100.0,992605,693.9,106318,981.7,4.89,0.001090,140.1,0.006877,911.6,525988,1565.6,49609,871.7,62.18,0.007279,0.0001117,0.0477,92830,325.9,0.091536,0.0000166,0.0483,98332,339.5,0.000000,0.0001706,0.0488,62572,301.6,0.000000,0.0001699,0.0474,87484,329.8,0.000000
501.10,0.0092797,501.1,0.000000,503.8,82072,366.6,80506,914.2,1.45,0.000263,321.1,0.013023,1144.9,155259,1075.3,157458,1145.6,45.86,0.012965,681.1,0.000000,713.4,1032586,700.7,102919,974.4,5.97,0.001298,141.1,0.007940,912.1,521899,1562.2,49657,878.6,71.63,0.008328,0.0001135,0.0477,93058,326.1,0.093129,0.0000163,0.0483,99205,340.3,0.000000,0.0001706,0.0488,63778,303.2,0.000000,0.0001698,0.0474,87894,330.2,0.000000
502.07,0.0092976,502.1,0.000000,100.0,83028,367.3,79744,912.1,1.87,0.000336,322.1,0.012543,1134.1,157889,1078.0,157136,1144.4,41.09,0.011606,682.1,0.000000,276.2,1071899,707.2,99398,966.6,6.71,0.001420,142.1,0.009051,912.8,518099,1559.1,49721,884.9,81.11,0.009375,0.0001151,0.0477,94019,327.1,0.089474,0.0000161,0.0483,99926,341.0,0.000000,0.0001706,0.0488,65265,305.1,0.000000,0.0001696,0.0474,88296,330.6,0.000000
503.10,0.0093167,503.1,0.000000,3514.5,84043,368.0,78781,909.6,2.23,0.000397,323.1,0.016701,1124.0,159710,1079.3,162311,1150.2,53.18,0.015439,683.1,0.000000,413.0,1115870,714.3,95542,957.8,7.10,0.001458,143.1,0.010231,913.8,514074,1555.7,49821,891.2,91.70,0.010546,0.0001168,0.0477,95079,328.3,0.088871,0.0000158,0.0483,100538,341.6,0.000065,0.0001706,0.0488,67137,307.5,0.000000,0.0001694,0.0474,88719,331.0,0.000000
504.07,0.0093347,504.1,0.000000,113.9,85020,368.7,77802,907.0,2.41,0.000425,324.1,0.014412,1136.4,161971,1081.1,162707,1148.8,49.11,0.014310,684.1,0.000000,100.0,1159077,721.0,91983,949.4,7.25,0.001445,144.1,0.011469,915.1,510322,1552.6,49966,896.3,101.97,0.011693,0.0001184,0.0477,95231,328.4,0.090360,0.0000155,0.0483,100939,342.0,0.000246,0.0001706,0.0488,69002,309.9,0.000000,0.0001692,0.0474,89088,331.4,0.000000
505.04,0.0093526,505.0,0.000000,1217.9,85951,369.4,76828,904.3,2.41,0.000421,325.0,0.016117,1136.8,163816,1082.2,165108,1149.8,51.81,0.015305,685.0,0.000000,1905.9,1204274,727.8,88533,941.1,7.26,0.001404,145.0,0.012734,916.8,506587,1549.4,50175,900.8,112.62,0.012905,0.0001200,0.0477,96210,329.4,0.086953,0.0000152,0.0483,101301,342.3,0.000199,0.0001706,0.0488,70810,312.1,0.000000,0.0001690,0.0474,89407,331.7,0.000000
506.07,0.0093717,506.1,0.000000,309.3,86978,370.1,75838,901.6,2.32,0.000401,326.1,0.015580,1135.7,165901,1083.6,165903,1148.4,50.71,0.015069,686.1,0.000000,787.4,1254754,735.1,85170,932.7,6.81,0.001279,146.1,0.014115,919.0,502615,1546.0,50489,904.9,124.37,0.014275,0.0001216,0.0477,96457,329.6,0.088702,0.0000149,0.0483,101655,342.6,0.000113,0.0001706,0.0488,72546,314.2,0.000000,0.0001687,0.0474,89671,332.0,0.000000
507.04,0.0093897,507.0,0.000000,100.0,87894,370.7,74943,899.2,2.28,0.000391,327.0,0.018463,1120.6,167054,1083.7,169099,1149.7,59.36,0.017960,687.0,0.000000,100.0,1304272,742.1,82588,926.1,5.69,0.001045,147.0,0.015634,921.7,498892,1542.9,51007,908.7,135.97,0.015700,0.0001232,0.0477,97389,330.5,0.085213,0.0000146,0.0483,101965,342.9,-0.000001,0.0001706,0.0488,73930,315.8,0.000000,0.0001684,0.0474,89834,332.2,0.000000
508.08,0.0094088,508.1,0.000000,6722.8,88869,371.4,73983,896.5,2.34,0.000397,328.1,0.018003,1118.2,168311,1083.8,169869,1147.3,61.91,0.018858,688.1,0.000000,1078.7,1359502,749.6,80680,921.1,3.93,0.000707,148.1,0.017291,926.2,494911,1539.4,51941,913.7,148.24,0.017336,0.0001248,0.0477,98401,331.5,0.084617,0.0000143,0.0483,102290,343.3,-0.000078,0.0001706,0.0488,75130,317.2,0.000000,0.0001681,0.0474,89910,332.3,0.000000
509.05,0.0094268,509.0,0.000000,100.0,89811,372.0,73001,893.7,2.61,0.000439,329.0,0.018935,1128.1,169110,1083.3,170020,1143.8,63.28,0.019350,689.0,0.000000,379.9,1413596,756.8,79681,918.5,2.21,0.000395,149.0,0.018983,931.9,491168,1536.2,53166,919.1,158.89,0.018907,0.0001263,0.0477,98600,331.6,0.086099,0.0000139,0.0483,102611,343.9,-0.000171,0.0001706,0.0488,76013,318.2,0.000000,0.0001678,0.0474,89891,332.2,0.000000
510.08,0.0094460,510.1,0.000000,1743.7,90773,372.6,71749,890.2,3.20,0.000531,330.1,0.020250,1111.9,169387,1081.9,170735,1140.4,66.67,0.020534,690.1,0.000000,1674.0,1473823,764.5,79348,917.6,0.54,0.000097,150.1,0.020707,939.4,487158,1532.8,54803,925.8,169.45,0.020634,0.0001279,0.0477,99559,332.5,0.082924,0.0000135,0.0483,102992,344.7,-0.000287,0.0001706,0.0488,76731,319.1,0.000000,0.0001674,0.0474,89785,332.1,0.000000
511.05,0.0094639,511.1,0.000000,827.4,91671,373.2,70322,886.1,3.92,0.000640,331.1,0.018960,1118.8,169827,1080.9,168903,1134.1,61.91,0.018966,691.1,0.000000,851.5,1532691,771.7,79630,918.3,-0.83,-0.000147,151.1,0.022480,947.2,483381,1529.5,56553,932.5,179.02,0.022335,0.0001294,0.0477,100636,333.5,0.082095,0.0000132,0.0483,103399,345.6,-0.000427,0.0001706,0.0488,77233,319.6,0.000000,0.0001670,0.0474,89603,331.9,0.000000
512.09,0.0094831,512.1,0.000000,1223.0,92663,373.9,68538,880.8,4.69,0.000751,332.1,0.021666,1104.6,169177,1078.0,170373,1131.4,67.25,0.020832,692.1,0.000000,923.2,1598078,779.5,80531,920.7,-2.20,-0.000395,152.1,0.024317,955.7,479328,1526.0,58494,939.5,189.39,0.024255,0.0001310,0.0477,100862,333.6,0.083775,0.0000127,0.0483,103896,346.9,-0.000594,0.0001706,0.0488,77631,320.1,0.000000,0.0001665,0.0474,89337,331.6,0.000000
513.06,0.0095011,513.1,0.000000,663.9,93555,374.5,66681,875.3,5.28,0.000828,333.1,0.020192,1100.7,168739,1075.6,169745,1126.5,66.17,0.020512,693.1,0.000000,1724.5,1661823,786.9,81769,924.0,-2.97,-0.000541,153.1,0.026224,963.4,475498,1522.7,60289,945.8,199.43,0.026150,0.0001325,0.0477,101890,334.5,0.080604,0.0000124,0.0483,104425,348.5,-0.000789,0.0001706,0.0488,77919,320.4,0.000000,0.0001660,0.0474,89042,331.3,0.000000
514.09,0.0095203,514.1,0.000000,4630.1,94508,375.1,64635,869.0,5.57,0.000852,334.1,0.018975,1104.9,168369,1073.1,167889,1120.0,61.58,0.018988,694.1,0.000000,553.4,1732410,794.8,83130,927.6,-2.90,-0.000534,154.1,0.028215,972.0,471377,1519.1,62340,952.9,209.64,0.028213,0.0001340,0.0477,103002,335.5,0.080033,0.0000120,0.0483,105057,350.6,-0.001018,0.0001706,0.0488,78175,320.7,0.000000,0.0001655,0.0474,88703,331.0,0.000000
515.07,0.0095383,515.1,0.000000,55555.4,95400,375.7,62791,863.2,5.48,0.000820,335.1,0.018991,1100.3,167691,1070.2,166687,1114.7,58.97,0.018141,695.1,0.000000,1304.7,1800978,802.2,84119,930.1,-2.18,-0.000405,155.1,0.030274,980.9,467474,1515.7,64653,960.7,217.90,0.030166,0.0001354,0.0477,104156,336.5,0.079256,0.0000116,0.0483,105717,352.9,-0.001283,0.0001706,0.0488,78405,321.0,0.000000,0.0001649,0.0474,88381,330.6,0.000000
516.10,0.0095575,516.1,0.000000,607.6,96391,376.4,61000,857.5,5.10,0.000747,336.1,0.019108,1096.0,166531,1066.5,166439,1110.5,59.12,0.018226,696.1,0.000000,100.0,1876594,810.1,84794,931.8,-1.34,-0.000250,156.1,0.032389,993.5,463265,1512.0,68293,972.7,222.36,0.032115,0.0001370,0.0477,104504,336.7,0.081080,0.0000112,0.0483,106497,356.0,-0.001585,0.0001706,0.0488,78679,321.3,0.000000,0.0001643,0.0474,88052,330.3,0.000000
517.08,0.0095755,517.1,0.000000,1894.2,97287,377.0,59524,852.6,4.62,0.000663,337.1,0.017440,1091.8,165619,1063.2,165004,1105.2,54.98,0.016884,697.1,0.000000,100.0,1950145,818.8,85148,932.7,-0.77,-0.000144,157.1,0.034509,1009.3,459276,1508.5,73336,988.7,221.89,0.033857,0.0001384,0.0477,105581,337.6,0.078144,0.0000109,0.0483,107307,359.4,-0.001925,0.0001706,0.0488,78990,321.6,0.000000,0.0001637,0.0474,87774,330.0,0.000000
518.05,0.0095935,518.0,0.000000,574.7,98185,377.6,58243,848.4,4.10,0.000579,338.0,0.016510,1088.3,164627,1059.7,163903,1100.7,51.18,0.015678,698.0,0.000000,1581.7,2027821,827.2,85398,933.4,-0.57,-0.000108,158.0,0.036431,1025.9,455253,1505.0,78995,1005.5,220.77,0.035678,0.0001398,0.0477,106658,338.5,0.077601,0.0000105,0.0483,108204,363.4,-0.002293,0.0001706,0.0488,79373,322.0,0.000000,0.0001630,0.0474,87536,329.7,0.000000
519.08,0.0096127,519.1,0.000000,100.0,99147,378.2,57105,844.5,3.44,0.000479,339.1,0.016216,1073.8,163191,1055.4,164176,1098.1,51.04,0.015698,699.1,0.000000,1649.7,2117424,837.8,85727,934.2,-0.74,-0.000141,159.1,0.038338,1041.1,450929,1501.2,84318,1020.4,222.61,0.037839,0.0001413,0.0477,107738,339.3,0.077100,0.0000102,0.0483,109272,368.5,-0.002714,0.0001706,0.0488,79883,322.6,0.000000,0.0001623,0.0474,87339,329.5,0.000000
520.06,0.0096307,520.1,0.000000,2082.6,100047,378.8,56298,841.8,2.63,0.000362,340.1,0.013184,1082.3,162499,1052.3,162088,1092.9,44.00,0.013425,700.1,0.000000,947.8,2209986,850.2,86229,935.5,-1.20,-0.000228,160.1,0.040292,1052.1,446843,1497.6,88168,1030.5,227.21,0.039989,0.0001426,0.0477,108787,340.2,0.076193,0.0000099,0.0483,110388,374.0,-0.003173,0.0001706,0.0488,80475,323.3,0.000000,0.0001616,0.0474,87216,329.4,0.000000
521.09,0.0096499,521.1,0.000000,669.1,101005,379.4,55753,839.9,1.61,0.000220,341.1,0.013427,1056.7,161122,1048.0,161694,1089.7,43.26,0.013205,701.1,0.000000,100.0,2320442,866.8,87141,937.7,-2.04,-0.000391,161.1,0.042266,1060.6,442446,1493.7,90990,1037.4,234.30,0.042275,0.0001441,0.0477,109786,341.0,0.075408,0.0000095,0.0483,111701,380.8,-0.003673,0.0001706,0.0488,81257,324.1,0.000000,0.0001608,0.0474,87166,329.3,0.000000
522.07,0.0096679,522.1,0.000000,954.9,101930,380.0,55577,839.3,0.49,0.000067,342.1,0.011261,1075.1,160141,1044.4,159479,1083.8,38.25,0.011577,702.1,0.000000,784.9,2437458,886.2,88503,941.1,-3.14,-0.000608,162.1,0.044212,1065.9,438289,1490.0,92402,1040.6,242.73,0.044338,0.0001455,0.0477,109892,340.9,0.076412,0.0000093,0.0483,113037,388.1,-0.004212,0.0001706,0.0488,82163,325.1,0.000000,0.0001600,0.0474,87195,329.4,0.000000
523.04,0.0096859,523.0,0.000000,1714.4,102814,380.6,55726,839.8,-0.61,-0.000083,343.0,0.011399,1070.8,158548,1039.8,158044,1079.0,36.85,0.011104,703.0,0.000000,1162.3,2569914,910.0,90507,946.0,-4.50,-0.000885,163.0,0.046021,1069.0,434104,1486.2,92729,1041.1,252.19,0.046207,0.0001468,0.0477,110716,341.5,0.072906,0.0000090,0.0483,114450,396.4,-0.004770,0.0001706,0.0488,83264,326.3,0.000000,0.0001591,0.0474,87309,329.5,0.000000
524.08,0.0097052,524.1,0.000000,107.0,103750,381.2,56178,841.4,-1.51,-0.000207,344.1,0.010992,1041.0,156359,1034.1,156584,1073.8,36.91,0.011073,704.1,0.000000,3834.3,2730810,940.8,93350,952.8,-5.73,-0.001155,164.1,0.048003,1070.8,429598,1482.2,92552,1040.3,264.21,0.048355,0.0001482,0.0477,111513,342.1,0.071664,0.0000087,0.0483,116009,406.5,-0.005382,0.0001706,0.0488,84664,327.8,0.000000,0.0001582,0.0474,87538,329.7,0.000000
525.05,0.0097232,525.1,0.000000,100.0,104615,381.8,56715,843.2,-1.86,-0.000257,345.1,0.009987,1035.0,154065,1028.4,154515,1068.1,35.81,0.010657,705.1,0.000000,100.0,2902287,975.3,96318,959.8,-6.00,-0.001238,165.1,0.067845,1124.0,424229,1477.5,105123,1071.6,338.04,0.068214,0.0001494,0.0477,112252,342.7,0.070036,0.0000084,0.0483,117481,417.0,-0.006028,0.0001706,0.0488,86165,329.4,0.000000,0.0001570,0.0474,87859,330.0,0.000000
526.09,0.0097424,526.1,0.000000,623.4,105529,382.4,58115,848.0,-5.65,-0.000797,346.1,0.009027,1027.8,151318,1021.7,151655,1061.3,33.34,0.009802,706.1,0.000000,291.6,3109324,1018.4,99184,966.3,-5.09,-0.001075,166.1,0.073739,1130.3,418212,1472.3,107234,1075.7,362.37,0.074309,0.0001507,0.0477,112960,343.2,0.068612,0.0000081,0.0483,119018,429.6,-0.006701,0.0001706,0.0488,87900,331.2,0.000000,0.0001556,0.0474,88310,330.5,0.000000
527.07,0.0097605,527.1,0.000000,341.8,106372,382.9,65750,873.0,-28.76,-0.004456,347.1,0.007987,1020.7,148478,1014.9,148649,1054.6,30.45,0.008829,707.1,0.000000,1737.9,3327545,1065.1,101141,970.7,-3.55,-0.000760,167.1,0.076710,1134.8,412480,1467.2,108220,1077.6,374.45,0.077355,0.0001519,0.0477,113618,343.6,0.066847,0.0000078,0.0483,120392,442.8,-0.007399,0.0001706,0.0488,89563,332.9,0.000000,0.0001542,0.0474,88814,331.0,0.000000
528.04,0.0097785,528.0,0.000000,1156.8,107203,383.4,84087,924.9,-49.19,-0.009198,348.0,0.006722,1042.7,145485,1007.9,145249,1047.5,26.23,0.007482,708.0,0.000000,1605.5,3570012,1117.9,102237,973.2,-1.87,-0.000405,168.0,0.079410,1141.2,406670,1462.1,110472,1082.5,380.99,0.079980,0.0001531,0.0477,114242,344.1,0.065222,0.0000075,0.0483,121670,457.3,-0.008095,0.0001706,0.0488,91182,334.5,0.000000,0.0001528,0.0474,89362,331.6,0.000000
529.08,0.0097978,529.1,0.000000,1850.9,108079,384.0,102398,968.6,-33.05,-0.007188,349.1,0.005711,1036.8,141975,999.7,141998,1040.7,22.42,0.006291,709.1,0.000000,1387.4,3855620,1180.8,102540,973.8,-0.33,-0.000072,169.1,0.082078,1153.2,400393,1456.5,116737,1096.5,375.44,0.082225,0.0001544,0.0477,114841,344.4,0.063620,0.0000072,0.0483,122907,474.4,-0.008829,0.0001706,0.0488,92785,336.1,0.000000,0.0001512,0.0474,89951,332.2,0.000000
530.06,0.0098159,530.1,0.000000,1070.9,108886,384.5,110699,986.5,-13.37,-0.003086,350.1,0.004070,1031.5,138674,991.9,138660,1034.3,17.67,0.004873,710.1,0.000000,2211.2,4148140,1245.9,102187,973.1,0.78,0.000169,170.1,0.084664,1170.4,394439,1451.2,127005,1118.3,360.34,0.084184,0.0001555,0.0477,115400,344.8,0.061717,0.0000070,0.0483,123942,492.0,-0.009577,0.0001706,0.0488,94123,337.4,0.000000,0.0001496,0.0474,90471,332.7,0.000000
531.10,0.0098352,531.1,0.000000,1661.0,109706,385.1,112038,989.3,-1.05,-0.000245,351.1,0.002758,1026.1,134989,983.2,135299,1027.9,13.01,0.003522,711.1,0.000000,400.7,4485012,1321.3,101213,970.9,1.86,0.000399,171.1,0.087192,1189.2,388016,1445.4,138616,1140.9,347.19,0.086773,0.0001566,0.0477,116540,345.7,0.058267,0.0000067,0.0483,124916,512.5,-0.010333,0.0001706,0.0488,95346,338.6,0.000000,0.0001480,0.0474,90965,333.2,0.000000
532.08,0.0098534,532.1,0.000000,1548.9,110486,385.6,109907,984.9,3.83,0.000878,352.1,0.001277,1021.4,131468,974.9,132226,1022.3,8.67,0.002306,712.1,0.000000,1201.3,4821806,1397.1,99821,967.8,2.73,0.000578,172.1,0.089446,1201.8,381943,1439.8,146511,1155.0,341.66,0.089155,0.0001576,0.0477,117009,346.0,0.058043,0.0000065,0.0483,125721,533.3,-0.011095,0.0001706,0.0488,96293,339.5,0.000000,0.0001463,0.0474,91363,333.6,0.000000
533.06,0.0098715,533.1,0.000000,100.0,111253,386.0,107667,980.3,3.59,0.000811,353.1,0.000262,1011.9,127705,965.9,129263,1017.0,3.46,0.000905,713.1,0.000000,1226.5,5175867,1477.2,98072,963.9,3.42,0.000717,173.1,0.091103,1209.5,375851,1434.2,151130,1162.7,340.98,0.091178,0.0001587,0.0477,117469,346.2,0.056180,0.0000063,0.0483,126427,555.7,-0.011820,0.0001706,0.0488,97055,340.2,0.000000,0.0001447,0.0474,91703,334.0,0.000000
534.04,0.0098896,534.0,0.000000,100.0,112006,386.5,105870,976.5,3.24,0.000722,354.0,-0.001097,1008.5,124783,958.5,126285,1011.5,-1.58,-0.000407,714.0,0.000000,100.0,5543427,1561.0,96096,959.4,3.89,0.000802,174.0,0.092680,1213.5,369744,1428.5,153021,1165.4,344.47,0.093042,0.0001596,0.0477,117896,346.5,0.054325,0.0000061,0.0483,124581,566.6,-0.010712,0.0001706,0.0488,97646,340.8,0.000000,0.0001430,0.0474,91996,334.3,0.000000
535.09,0.0099090,535.1,0.000000,748.8,112797,387.0,103823,972.1,3.47,0.000763,355.1,-0.001434,1006.8,122379,951.9,123983,1007.2,-2.58,-0.000653,715.1,0.000000,534.5,5945373,1653.4,93864,954.2,4.20,0.000850,175.1,0.094160,1215.2,363221,1422.3,152759,1164.6,350.55,0.094589,0.0001607,0.0477,118332,346.7,0.052498,0.0000060,0.0483,122651,574.7,-0.008948,0.0001706,0.0488,98107,341.2,0.000000,0.0001412,0.0474,92275,334.5,0.000000
536.07,0.0099272,536.1,0.000000,122.4,113500,387.5,102106,968.3,3.06,0.000663,356.1,-0.001391,1003.1,120607,946.6,122040,1003.6,-2.48,-0.000620,716.1,0.000000,906.7,6326276,1742.1,91708,949.1,4.41,0.000877,176.1,0.095511,1214.8,357104,1416.4,151362,1161.8,357.82,0.095895,0.0001616,0.0477,119267,347.4,0.048874,0.0000059,0.0483,120527,578.1,-0.007206,0.0001706,0.0488,98402,341.5,0.000000,0.0001394,0.0474,92524,334.8,0.000000
537.05,0.0099454,537.1,0.000000,976.2,114216,387.9,100570,964.9,2.90,0.000622,357.1,-0.001256,999.9,118814,941.1,120321,1000.3,-2.30,-0.000570,717.1,0.000000,1384.4,6705700,1831.9,89540,943.8,4.51,0.000881,177.1,0.096924,1213.8,350977,1410.5,149581,1158.4,366.50,0.097353,0.0001624,0.0477,119644,347.6,0.048708,0.0000058,0.0483,119243,582.0,-0.006451,0.0001706,0.0488,98585,341.6,0.000000,0.0001377,0.0474,92777,335.0,0.000000
538.10,0.0099648,538.1,0.000000,100.0,114970,388.4,98659,960.7,3.57,0.000754,358.1,-0.001136,996.7,117332,936.1,118653,997.1,-2.07,-0.000507,718.1,0.000000,4730.7,7102502,1927.9,87335,938.4,4.37,0.000836,178.1,0.098336,1212.3,344434,1404.1,147314,1154.1,376.39,0.098832,0.0001634,0.0477,120029,347.8,0.046995,0.0000057,0.0483,117379,582.7,-0.004834,0.0001706,0.0488,98678,341.7,0.000000,0.0001358,0.0474,93064,335.3,0.000000
539.09,0.0099831,539.1,0.000000,1766.2,115643,388.9,96236,955.2,4.89,0.001014,359.1,-0.001018,993.9,115808,931.1,117214,994.3,-1.82,-0.000441,719.1,0.000000,100.0,7461237,2017.2,85479,933.8,3.99,0.000751,179.1,0.099670,1210.7,338294,1398.0,145076,1149.8,385.68,0.100105,0.0001642,0.0477,120895,348.5,0.043674,0.0000056,0.0483,116290,584.2,-0.004336,0.0001706,0.0488,98692,341.7,0.000000,0.0001340,0.0474,93352,335.6,0.000000
540.07,0.0100013,540.1,0.000000,873.5,116330,389.3,93070,947.8,6.46,0.001305,360.1,-0.000920,991.3,114432,926.3,115871,991.6,-1.58,-0.000381,0.1,0.000000,100.0,7801491,2105.0,83881,929.7,3.50,0.000649,180.1,0.100880,1209.3,332154,1391.8,142879,1145.5,394.74,0.101282,0.0001649,0.0477,121234,348.6,0.043474,0.0000056,0.0483,115070,584.5,-0.003318,0.0001706,0.0488,98651,341.7,0.000000,0.0001321,0.0474,93651,335.9,0.000000
541.06,0.0100196,541.1,0.000000,100.0,117008,389.8,89561,939.5,7.18,0.001408,361.1,-0.000855,988.8,113204,921.9,114582,989.1,-1.42,-0.000338,1.1,0.000000,100.0,8118095,2190.5,82521,926.2,3.03,0.000556,181.1,0.102014,1207.9,326018,1385.5,140763,1141.4,403.55,0.102379,0.0001657,0.0477,121589,348.8,0.041848,0.0000056,0.0483,113580,583.3,-0.002346,0.0001706,0.0488,98575,341.6,0.000000,0.0001303,0.0474,93950,336.2,0.000000
542.04,0.0100378,542.0,0.000000,100.0,117660,390.2,86401,931.7,6.58,0.001255,362.0,-0.000812,986.2,111593,916.7,113316,986.6,-1.34,-0.000317,2.0,0.000000,100.0,8406332,2272.9,81346,923.1,2.67,0.000484,182.0,0.103074,1206.5,319887,1379.2,138694,1137.3,412.20,0.103409,0.0001664,0.0477,122363,349.4,0.038936,0.0000055,0.0483,112645,582.9,-0.002507,0.0001706,0.0488,98488,341.5,0.000000,0.0001284,0.0474,94240,336.5,0.000000
543.10,0.0100573,543.1,0.000000,842.9,118370,390.7,83685,924.9,5.46,0.001017,363.1,-0.000788,983.7,110336,912.0,112038,984.0,-1.30,-0.000304,3.1,0.000000,661.7,8677823,2356.6,80233,920.2,2.41,0.000432,183.1,0.104089,1205.1,313358,1372.4,136480,1132.8,421.38,0.104431,0.0001672,0.0477,122675,349.5,0.038697,0.0000055,0.0483,110994,580.5,-0.000992,0.0001706,0.0488,98400,341.4,0.000000,0.0001263,0.0474,94523,336.8,0.000000
544.08,0.0100756,544.1,0.000000,281.6,119010,391.1,81552,919.4,4.81,0.000878,364.1,-0.000701,981.5,109203,907.8,110961,981.8,-1.15,-0.000267,4.1,0.000000,1572.6,8894930,2430.6,79276,917.7,2.25,0.000399,184.1,0.105023,1203.6,307249,1365.9,134367,1128.6,429.98,0.105312,0.0001678,0.0477,123376,350.0,0.035783,0.0000055,0.0483,109701,578.6,-0.000221,0.0001706,0.0488,98339,341.4,0.000000,0.0001244,0.0474,94751,337.0,0.000000
545.07,0.0100939,545.1,0.000000,100.0,119662,391.5,79550,914.1,4.68,0.000838,365.1,-0.000644,979.5,107985,903.0,109967,979.7,-1.07,-0.000247,5.1,0.000000,138.2,9073013,2499.6,78376,915.3,2.14,0.000377,185.1,0.105844,1202.2,301154,1359.3,132272,1124.3,438.41,0.106105,0.0001685,0.0477,123638,350.2,0.035423,0.0000056,0.0483,108498,576.7,0.000330,0.0001706,0.0488,98322,341.4,0.000000,0.0001225,0.0474,94938,337.2,0.000000
546.06,0.0101122,546.1,0.000000,1106.7,120290,392.0,77523,908.7,4.87,0.000854,366.1,-0.000611,977.6,106658,897.5,109029,977.8,-1.02,-0.000235,6.1,0.000000,2266.6,9210132,2563.0,77511,912.9,2.09,0.000365,186.1,0.106584,1200.8,295077,1352.6,130229,1120.0,446.56,0.106813,0.0001691,0.0477,124253,350.6,0.032721,0.0000056,0.0483,107248,574.8,0.000844,0.0001706,0.0488,98346,341.4,0.000000,0.0001205,0.0474,95085,337.3,0.000000
547.05,0.0101306,547.1,0.000000,826.0,120931,392.4,75492,903.1,4.95,0.000852,367.1,-0.000586,975.7,105234,891.3,108111,975.9,-0.94,-0.000215,7.1,0.000000,100.0,9305192,2620.6,76652,910.6,2.10,0.000364,187.1,0.106987,1198.3,289035,1345.9,128122,1115.6,453.32,0.107099,0.0001697,0.0477,124481,350.7,0.032244,0.0000056,0.0483,105915,572.8,0.001350,0.0001706,0.0488,98433,341.5,0.000000,0.0001186,0.0474,95194,337.4,0.000000
548.04,0.0101489,548.0,0.000000,1360.0,121548,392.8,73580,897.8,4.74,0.000800,368.0,-0.000556,973.7,103769,884.4,107183,974.0,-0.79,-0.000180,8.0,0.000000,405.2,9357937,2671.9,75779,908.2,2.16,0.000370,188.0,0.106988,1195.8,283047,1339.1,126175,1111.4,458.95,0.107180,0.0001702,0.0477,125003,351.1,0.029569,0.0000057,0.0483,104526,570.6,0.002009,0.0001706,0.0488,98596,341.6,0.000000,0.0001166,0.0474,95270,337.5,0.000000
549.10,0.0101685,549.1,0.000000,868.6,122202,393.3,71854,892.9,4.01,0.000664,369.1,-0.000513,971.7,102223,876.2,106217,971.9,-0.65,-0.000146,9.1,0.000000,989.4,9368225,2719.6,74842,905.6,2.19,0.000372,189.1,0.106956,1193.3,276721,1331.9,124436,1107.6,464.12,0.107258,0.0001708,0.0477,125483,351.4,0.027995,0.0000057,0.0483,102992,568.0,0.002883,0.0001706,0.0488,98855,341.9,0.000000,0.0001145,0.0474,95320,337.6,0.000000
550.10,0.0101869,550.1,0.000000,863.7,122807,393.7,70683,889.5,2.93,0.000479,370.1,-0.000462,969.9,100778,867.9,105369,970.1,-0.53,-0.000119,10.1,0.000000,759.2,9336264,2757.4,73975,903.1,2.18,0.000367,190.1,0.106820,1191.2,270850,1325.0,122993,1104.5,467.76,0.107152,0.0001712,0.0477,125908,351.7,0.026151,0.0000058,0.0483,101583,565.2,0.003698,0.0001706,0.0488,99166,342.2,0.000000,0.0001125,0.0474,95339,337.6,0.000000
551.09,0.0102054,551.1,0.000000,887.8,123405,394.1,70035,887.6,1.53,0.000249,371.1,-0.000409,968.3,99340,859.0,104589,968.5,-0.42,-0.000093,11.1,0.000000,598.7,9266236,2788.7,73121,900.7,2.17,0.000363,191.1,0.106599,1189.5,265040,1318.1,122088,1102.4,469.14,0.106879,0.0001717,0.0477,126284,351.9,0.024466,0.0000059,0.0483,100197,561.9,0.004478,0.0001706,0.0488,99532,342.5,0.000000,0.0001106,0.0474,95336,337.6,0.000000
552.09,0.0102238,552.1,0.000000,597.9,123997,394.6,70030,887.6,-0.17,-0.000027,372.1,-0.000356,966.8,97917,849.6,103875,967.0,-0.30,-0.000066,12.1,0.000000,551.3,9160932,2813.5,72263,898.3,2.21,0.000366,192.1,0.106307,1188.9,259292,1311.2,122362,1102.8,466.50,0.106477,0.0001721,0.0477,126610,352.1,0.022750,0.0000060,0.0483,98836,558.2,0.005266,0.0001706,0.0488,99936,342.9,0.000000,0.0001086,0.0474,95314,337.5,0.000000
553.09,0.0102423,553.1,0.000000,2108.8,124570,395.0,70720,889.6,-2.07,-0.000338,373.1,-0.000305,965.3,96525,839.8,103200,965.5,-0.13,-0.000028,13.1,0.000000,100.0,9023652,2832.0,71385,895.7,2.29,0.000375,193.1,0.105954,1189.7,253608,1304.2,124179,1106.4,459.04,0.105980,0.0001725,0.0477,127132,352.5,0.020318,0.0000061,0.0483,97510,554.1,0.006091,0.0001706,0.0488,100363,343.3,0.000000,0.0001067,0.0474,95277,337.5,0.000000
554.08,0.0102608,554.1,0.000000,3083.9,125149,395.4,72016,893.4,-3.50,-0.000581,374.1,-0.000261,963.8,95182,829.6,102488,964.0,0.15,0.000034,14.1,0.000000,100.0,8858072,2844.5,70498,893.2,2.32,0.000377,194.1,0.105542,1191.9,247988,1297.2,127214,1112.5,448.28,0.105446,0.0001728,0.0477,127353,352.7,0.019344,0.0000063,0.0483,96230,549.6,0.006962,0.0001706,0.0488,100798,343.7,0.000000,0.0001047,0.0474,95230,337.5,0.000000
555.09,0.0102794,555.1,0.000000,4036.7,125712,395.8,73571,897.9,-3.99,-0.000672,375.1,-0.000227,962.0,93899,819.1,101667,962.2,0.52,0.000113,15.1,0.000000,7448.9,8668105,2851.4,69633,890.6,2.29,0.000368,195.1,0.105075,1194.5,242435,1290.1,130632,1119.1,436.98,0.104926,0.0001732,0.0477,127752,352.9,0.017015,0.0000064,0.0483,95009,544.6,0.007868,0.0001706,0.0488,101224,344.1,0.000000,0.0001028,0.0474,95185,337.4,0.000000
556.09,0.0102979,556.1,0.000000,1260.1,126209,396.2,75059,902.0,-3.65,-0.000626,376.1,-0.000014,960.4,92617,808.0,100837,960.4,1.68,0.000363,16.1,0.000000,632.0,8457748,2853.2,68829,888.2,2.12,0.000338,196.1,0.104554,1196.7,236949,1283.0,133658,1124.7,427.15,0.104419,0.0001734,0.0477,128900,353.8,0.011559,0.0000066,0.0483,93832,539.2,0.008830,0.0001706,0.0488,101629,344.4,0.000000,0.0001008,0.0474,95151,337.4,0.000000
557.09,0.0103166,557.1,0.000000,100.0,126738,396.6,76259,905.4,-2.84,-0.000491,377.1,0.000087,957.7,91400,796.8,99649,957.7,2.72,0.000582,17.1,0.000000,677.3,8230962,2850.4,68173,886.3,1.70,0.000269,197.1,0.103982,1198.2,231531,1275.9,135917,1128.7,419.42,0.103895,0.0001736,0.0477,129147,354.0,0.012195,0.0000068,0.0483,92695,533.2,0.009857,0.0001706,0.0488,102003,344.8,0.000000,0.0000989,0.0474,95141,337.4,0.000000
558.10,0.0103352,558.1,0.000000,607.6,127268,397.0,77074,907.6,-1.87,-0.000326,378.1,0.000129,954.3,90262,785.3,98127,954.3,3.56,0.000753,18.1,0.000000,852.3,7991570,2843.4,67805,885.2,0.86,0.000135,198.1,0.103359,1198.7,226181,1268.7,137383,1131.1,413.54,0.103323,0.0001738,0.0477,129291,354.1,0.010893,0.0000070,0.0483,91629,526.8,0.010872,0.0001706,0.0488,102341,345.1,0.000000,0.0000970,0.0474,95152,337.4,0.000000
559.04,0.0103526,559.0,0.000000,1048.3,127760,397.4,77535,908.9,-1.13,-0.000199,379.0,0.000162,950.4,89267,774.6,96410,950.5,4.36,0.000910,19.0,0.000000,418.6,7760068,2833.6,67862,885.3,-0.25,-0.000040,199.0,0.102711,1198.5,221255,1261.9,138169,1132.3,409.26,0.102734,0.0001740,0.0477,129428,354.2,0.009477,0.0000072,0.0483,90698,520.4,0.011840,0.0001706,0.0488,102626,345.4,0.000000,0.0000952,0.0474,95190,337.4,0.000000
560.05,0.0103713,560.0,0.000000,121.0,128285,397.9,77777,909.5,-0.51,-0.000089,380.0,0.000197,945.3,88263,763.0,94223,945.4,5.32,0.001091,20.0,0.000000,100.0,7506831,2820.2,68397,886.9,-1.65,-0.000261,200.0,0.102018,1197.7,216055,1254.7,138571,1132.7,405.47,0.102042,0.0001741,0.0477,129641,354.3,0.007978,0.0000074,0.0483,89764,513.2,0.012795,0.0001706,0.0488,102904,345.6,0.000000,0.0000933,0.0474,95271,337.5,0.000000
561.06,0.0103899,561.1,0.000000,849.6,128807,398.3,77782,909.6,0.05,0.000008,381.1,0.000237,939.5,87317,751.4,91747,939.7,6.17,0.001240,21.1,0.000000,636.1,7251083,2804.3,69485,890.2,-3.10,-0.000497,201.1,0.101257,1196.5,210936,1247.5,138684,1132.6,402.11,0.101290,0.0001742,0.0477,129898,354.5,0.006531,0.0000077,0.0483,88886,505.6,0.013772,0.0001706,0.0488,103163,345.8,0.000000,0.0000914,0.0474,95396,337.6,0.000000
562.06,0.0104086,562.1,0.000000,100.0,129333,398.7,77550,908.9,0.64,0.000113,382.1,0.000249,469.0,86426,739.9,89104,933.4,6.65,0.001306,22.1,0.000000,642.4,6995353,2786.3,71059,894.8,-4.30,-0.000703,202.1,0.100452,1195.1,205900,1240.2,138632,1132.1,398.91,0.100485,0.0001743,0.0477,130088,354.6,0.005410,0.0000079,0.0483,88057,497.7,0.014741,0.0001706,0.0488,103415,346.1,0.000000,0.0000895,0.0474,95560,337.8,0.000000
563.07,0.0104273,563.1,0.000000,100.0,129857,399.1,77020,907.5,1.36,0.000237,383.1,0.000000,100.0,85641,728.6,86132,926.1,6.15,0.001177,23.1,0.000000,327.8,6741799,2766.6,73138,900.8,-5.58,-0.000933,203.1,0.099606,1193.5,200947,1232.9,138489,1131.5,395.73,0.099632,0.0001744,0.0477,130333,354.8,0.003947,0.0000082,0.0483,87296,489.5,0.015650,0.0001706,0.0488,103668,346.3,0.000000,0.0000876,0.0474,95757,338.0,0.000000
564.08,0.0104459,564.1,0.000000,615.2,130379,399.6,76386,905.8,1.47,0.000254,384.1,0.000000,126.3,84884,717.4,83483,919.4,5.71,0.001066,24.1,0.000000,1325.6,6490615,2745.1,76059,909.0,-7.68,-0.001321,204.1,0.098136,1189.7,196110,1225.6,137666,1129.7,390.59,0.097916,0.0001745,0.0477,130591,355.0,0.002491,0.0000085,0.0483,86589,481.1,0.016529,0.0001706,0.0488,103933,346.5,0.000000,0.0000858,0.0474,95979,338.2,0.000000
565.09,0.0104645,565.1,0.000000,100.0,130885,400.0,76082,904.9,0.53,0.000091,385.1,0.000000,100.0,84152,706.2,81041,913.1,5.43,0.000992,25.1,0.000000,231.3,6237459,2719.6,80123,920.1,-10.03,-0.001796,205.1,0.096148,1185.7,191415,1218.4,136659,1127.4,384.78,0.095944,0.0001745,0.0477,131117,355.5,0.000284,0.0000088,0.0483,85912,472.6,0.017420,0.0001706,0.0488,104210,346.8,0.000000,0.0000840,0.0474,96216,338.4,0.000000
566.09,0.0104832,566.1,0.000000,829.0,131383,400.4,76532,906.2,-1.63,-0.000283,386.1,0.000000,14117.6,83444,695.2,78765,907.2,5.21,0.000931,26.1,0.000000,522.4,5993494,2694.5,84842,932.4,-10.66,-0.001995,206.1,0.094208,1181.7,186856,1211.3,135658,1125.2,379.08,0.094015,0.0001744,0.0477,131555,356.0,-0.001437,0.0000092,0.0483,85261,464.0,0.018327,0.0001706,0.0488,104497,347.1,0.000000,0.0000823,0.0474,96462,338.7,0.000000
567.10,0.0105018,567.1,0.000000,100.0,131864,400.9,79918,915.4,-9.67,-0.001737,387.1,0.000000,2704.9,82759,684.2,76653,901.5,4.98,0.000871,27.1,0.000000,100.0,5758783,2669.8,89155,943.1,-8.95,-0.001740,207.1,0.092317,1177.7,182429,1204.3,134603,1122.8,373.65,0.092142,0.0001744,0.0477,132083,356.7,-0.003607,0.0000095,0.0483,84632,455.3,0.019255,0.0001706,0.0488,104784,347.3,0.000000,0.0000805,0.0474,96707,338.9,0.000000
568.10,0.0105204,568.1,0.000000,100.0,132340,401.3,87794,935.7,-18.45,-0.003562,388.1,0.000000,1622.5,82098,673.4,74669,896.0,4.82,0.000826,28.1,0.000000,100.0,5533309,2645.5,92225,950.6,-5.91,-0.001179,208.1,0.090474,1173.6,178129,1197.3,133419,1120.2,368.66,0.090324,0.0001743,0.0477,132413,357.2,-0.005082,0.0000099,0.0483,84027,446.7,0.020207,0.0001706,0.0488,105063,347.6,0.000000,0.0000789,0.0474,96941,339.1,0.000000
569.04,0.0105378,569.0,0.000000,919.7,132774,401.6,96566,956.8,-18.87,-0.003917,389.0,0.000000,1407.2,81502,663.4,72892,891.1,4.75,0.000800,29.0,0.000000,100.0,5331123,2623.2,93785,954.3,-3.11,-0.000628,209.0,0.088735,1169.6,174227,1190.8,132157,1117.4,364.46,0.088672,0.0001742,0.0477,132668,357.8,-0.006872,0.0000103,0.0483,83482,438.7,0.021149,0.0001706,0.0488,105302,347.8,0.000000,0.0000773,0.0474,97137,339.3,0.000000
570.05,0.0105565,570.0,0.000000,2692.3,133213,402.0,104512,974.6,-14.32,-0.003159,390.0,0.000000,268.1,80885,652.8,71060,885.9,4.68,0.000772,30.0,0.000000,165.6,5123218,2599.7,94379,955.7,-0.99,-0.000201,210.0,0.087038,1165.1,170161,1183.9,130678,1114.1,360.32,0.086936,0.0001740,0.0477,133171,358.9,-0.009353,0.0000107,0.0483,82918,430.2,0.022108,0.0001706,0.0488,105521,348.0,0.000000,0.0000757,0.0474,97311,339.5,0.000000
571.05,0.0105751,571.1,0.000000,598.9,133639,402.4,110594,987.6,-10.26,-0.002363,391.1,0.000000,232.9,80290,642.3,69313,880.8,4.58,0.000741,31.1,0.000000,2877.5,4924157,2576.6,94372,955.7,0.08,0.000016,211.1,0.085323,1160.8,166209,1177.1,129323,1111.1,355.86,0.085204,0.0001738,0.0477,133604,360.0,-0.011230,0.0000111,0.0483,82372,421.9,0.023111,0.0001706,0.0488,105693,348.1,0.000000,0.0000741,0.0474,97441,339.6,0.000000
572.06,0.0105937,572.1,0.000000,1563.5,134055,402.7,115370,997.4,-7.71,-0.001835,392.1,0.000000,668.9,79714,632.0,67641,875.8,4.50,0.000714,32.1,0.000000,393.2,4733713,2553.9,94216,955.3,0.24,0.000049,212.1,0.083649,1157.6,162368,1170.4,128813,1109.7,349.30,0.083406,0.0001735,0.0477,133894,361.2,-0.012954,0.0000116,0.0483,81842,413.7,0.024117,0.0001706,0.0488,105814,348.2,0.000000,0.0000725,0.0474,97520,339.7,0.000000
573.06,0.0106123,573.1,0.000000,1177.7,134457,403.1,119304,1005.3,-6.11,-0.001491,393.1,0.000000,1367.3,79155,621.9,66021,871.0,4.48,0.000699,33.1,0.000000,100.0,4551854,2531.7,94246,955.4,-0.12,-0.000025,213.1,0.082013,1157.6,158638,1163.7,130569,1113.0,337.46,0.081438,0.0001733,0.0477,134187,362.6,-0.014904,0.0000121,0.0483,81327,405.9,0.025104,0.0001706,0.0488,105886,348.3,0.000000,0.0000710,0.0474,97540,339.7,0.000000
574.06,0.0106308,574.1,0.000000,663.3,134880,403.5,122305,1011.2,-4.40,-0.001094,394.1,0.000000,2569.8,78609,612.0,64435,866.1,4.52,0.000692,34.1,0.000000,100.0,4378834,2510.0,94641,956.3,-0.93,-0.000190,214.1,0.080411,1162.7,155027,1157.1,135851,1123.1,318.80,0.079326,0.0001730,0.0477,133887,363.7,-0.014895,0.0000125,0.0483,80824,398.3,0.026053,0.0001706,0.0488,105912,348.3,0.000000,0.0000695,0.0474,97503,339.7,0.000000
575.06,0.0106492,575.1,0.000000,400.1,135338,403.8,124010,1014.5,-2.31,-0.000581,395.1,0.000000,1741.8,78074,602.3,62876,861.2,4.56,0.000686,35.1,0.000000,864.0,4214239,2488.8,95590,958.5,-2.00,-0.000411,215.1,0.078844,1172.3,151530,1150.6,143899,1138.0,297.43,0.077365,0.0001727,0.0477,133038,364.2,-0.014214,0.0000130,0.0483,80328,391.0,0.026961,0.0001706,0.0488,105899,348.3,0.000000,0.0000681,0.0474,97400,339.6,0.000000
576.05,0.0106676,576.0,0.000000,975.7,135837,404.3,124493,1015.4,-0.55,-0.000138,396.0,0.000000,9300.0,77545,592.9,61348,856.3,4.60,0.000679,36.0,0.000000,2499.6,4057610,2468.1,96859,961.4,-2.48,-0.000515,216.0,0.070972,1079.0,148476,1144.8,145774,1143.8,252.82,0.066282,0.0001725,0.0477,131981,364.6,-0.013300,0.0000135,0.0483,79831,384.1,0.027819,0.0001706,0.0488,105855,348.3,0.000000,0.0000668,0.0474,97226,339.4,0.000000
577.10,0.0106871,577.1,0.000000,1289.6,136417,404.7,124163,1014.8,0.60,0.000151,397.1,0.000000,36465.7,76983,583.1,59749,851.1,4.65,0.000671,37.1,0.000000,163.8,3898802,2446.6,98094,964.3,-2.15,-0.000450,217.1,0.055160,1095.5,146127,1140.0,144882,1146.7,200.84,0.052199,0.0001722,0.0477,130760,364.8,-0.012209,0.0000141,0.0483,79298,377.2,0.028646,0.0001706,0.0488,105777,348.2,0.000000,0.0000657,0.0474,96964,339.1,0.000000
578.09,0.0107054,578.1,0.000000,760.2,137006,405.2,123396,1013.4,1.26,0.000317,398.1,0.000000,846.0,76457,574.2,58282,846.3,4.67,0.000662,38.1,0.000000,100.0,3757191,2426.8,98969,966.3,-1.63,-0.000343,218.1,0.045986,1187.4,144424,1136.4,146498,1153.1,176.26,0.046064,0.0001720,0.0477,129616,364.8,-0.011132,0.0000146,0.0483,78792,371.0,0.029415,0.0001706,0.0488,105681,348.1,0.000000,0.0000649,0.0474,96651,338.8,0.000000
579.07,0.0107236,579.1,0.000000,100.0,137640,405.7,122134,1011.0,2.07,0.000514,399.1,0.000000,996.0,75927,565.6,56864,841.5,4.62,0.000643,39.1,0.000000,908.3,3622196,2407.5,99659,967.8,-1.30,-0.000275,219.1,0.036687,1115.0,143223,1133.7,143961,1152.0,145.79,0.037478,0.0001718,0.0477,128506,364.8,-0.010120,0.0000152,0.0483,78279,365.1,0.030102,0.0001706,0.0488,105567,348.0,0.000000,0.0000642,0.0474,96283,338.4,0.000000
580.06,0.0107418,580.1,0.000000,10171.3,138319,406.3,120303,1007.4,2.98,0.000733,400.1,0.000000,1244.3,75395,557.2,55525,836.9,4.48,0.000611,40.1,0.000000,548.8,3493610,2388.6,100293,969.3,-1.22,-0.000260,220.1,0.030931,1119.2,142340,1131.6,141063,1149.6,120.70,0.030465,0.0001717,0.0477,127459,364.8,-0.009149,0.0000157,0.0483,77757,359.6,0.030735,0.0001706,0.0488,105437,347.9,0.000000,0.0000636,0.0474,95871,338.0,0.000000
581.10,0.0107611,581.1,0.000000,1597.6,139091,406.9,117823,1002.6,3.80,0.000919,401.1,0.000000,1129.7,74822,548.5,54201,832.2,4.25,0.000569,41.1,0.000000,1329.4,3363119,2368.9,101053,971.0,-1.39,-0.000297,221.1,0.030936,1193.5,141416,1129.3,144100,1157.9,121.45,0.031094,0.0001715,0.0477,126415,364.7,-0.008194,0.0000164,0.0483,77190,354.1,0.031330,0.0001706,0.0488,105288,347.7,0.000000,0.0000630,0.0474,95397,337.5,0.000000
582.08,0.0107793,582.1,0.000000,941.2,139861,407.5,115239,997.5,4.23,0.001005,402.1,0.000000,809.2,74280,540.6,53073,828.2,3.95,0.000520,42.1,0.000000,100.0,3246545,2350.8,101848,972.7,-1.49,-0.000321,222.1,0.019619,1119.6,141161,1128.2,135901,1141.3,85.77,0.021010,0.0001714,0.0477,125508,364.6,-0.007295,0.0000169,0.0483,76646,349.2,0.031861,0.0001706,0.0488,105142,347.6,0.000000,0.0000627,0.0474,94932,337.1,0.000000
583.06,0.0107974,583.1,0.000000,1149.2,140676,408.2,112649,992.3,4.28,0.001000,403.1,0.000000,1284.4,73730,533.0,52082,824.6,3.53,0.000458,43.1,0.000000,100.0,3135284,2333.1,102604,974.4,-1.38,-0.000299,223.1,0.019023,1118.7,140956,1127.3,134574,1135.4,78.02,0.019022,0.0001713,0.0477,124673,364.5,-0.006480,0.0000175,0.0483,76088,344.6,0.032307,0.0001706,0.0488,104998,347.5,0.000000,0.0000623,0.0474,94456,336.6,0.000000
584.10,0.0108167,584.1,0.000000,959.4,141593,408.9,110150,987.1,3.89,0.000893,404.1,0.000000,1796.1,73135,525.2,51203,821.4,2.96,0.000379,44.1,0.000000,100.0,3022214,2314.6,103231,975.8,-1.02,-0.000222,224.1,0.019058,1118.9,140756,1126.3,134644,1132.4,76.81,0.018788,0.0001712,0.0477,123867,364.4,-0.005698,0.0000181,0.0483,75476,340.0,0.032689,0.0001706,0.0488,104854,347.3,0.000000,0.0000620,0.0474,93944,336.1,0.000000
585.08,0.0108348,585.1,0.000000,100.0,142499,409.6,108285,983.2,3.12,0.000708,405.1,0.000000,100.0,72566,518.1,50552,819.0,2.38,0.000303,45.1,0.000000,665.1,2921204,2297.7,103490,976.3,-0.36,-0.000078,225.1,0.019587,1119.9,140559,1125.4,134617,1129.2,81.66,0.020025,0.0001711,0.0477,123195,364.2,-0.004973,0.0000187,0.0483,74886,336.0,0.032981,0.0001706,0.0488,104739,347.2,0.000000,0.0000616,0.0474,93465,335.6,0.000000
586.06,0.0108529,586.1,0.000000,1465.3,143449,410.4,106953,980.4,2.26,0.000506,406.1,0.000000,648.3,71986,511.3,50047,817.1,1.88,0.000237,46.1,0.000000,100.0,2824776,2281.1,103294,975.9,0.48,0.000106,226.1,0.021087,1120.1,140300,1124.3,134679,1126.3,88.31,0.021722,0.0001710,0.0477,122608,364.1,-0.004325,0.0000193,0.0483,74277,332.2,0.033164,0.0001706,0.0488,104653,347.1,0.000000,0.0000612,0.0474,92990,335.1,0.000000
587.10,0.0108722,587.1,0.000000,11260.3,144511,411.2,105936,978.3,1.66,0.000370,407.1,0.000000,100.0,71353,504.3,49619,815.5,1.51,0.000189,47.1,0.000000,100.0,2726723,2263.7,102452,974.1,1.64,0.000354,227.1,0.022525,1120.0,139960,1123.1,134755,1123.3,92.93,0.022933,0.0001709,0.0477,122076,364.0,-0.003710,0.0000200,0.0483,73611,328.4,0.033291,0.0001706,0.0488,104605,347.1,0.000000,0.0000608,0.0474,92488,334.6,0.000000
588.08,0.0108903,588.1,0.000000,994.7,145551,412.0,105069,976.4,1.60,0.000354,408.1,0.000000,1180.5,70749,498.0,49269,814.1,1.35,0.000168,48.1,0.000000,100.0,2639075,2247.8,101251,971.4,2.23,0.000478,228.1,0.023458,1119.8,139609,1121.8,134718,1120.7,96.21,0.023791,0.0001709,0.0477,121662,363.9,-0.003148,0.0000206,0.0483,72972,325.1,0.033364,0.0001706,0.0488,104605,347.1,0.000000,0.0000604,0.0474,92023,334.1,0.000000
589.05,0.0109084,589.1,0.000000,1226.6,146636,412.8,104055,974.2,1.92,0.000421,409.1,0.000000,1775.2,70135,491.9,48917,812.8,1.39,0.000172,49.1,0.000000,1486.3,2555356,2232.3,100299,969.3,1.64,0.000350,229.1,0.024205,1119.3,139235,1120.6,134503,1118.3,99.80,0.024692,0.0001708,0.0477,121324,363.9,-0.002654,0.0000212,0.0483,72322,321.9,0.033388,0.0001706,0.0488,104647,347.1,0.000000,0.0000599,0.0474,91564,333.6,0.000000
590.09,0.0109276,590.1,0.000000,579.4,147841,413.7,102718,971.3,2.34,0.000508,410.1,0.000000,995.5,69472,485.6,48494,811.2,1.59,0.000196,50.1,0.000000,100.0,2470161,2216.0,100262,969.2,-0.26,-0.000055,230.1,0.025100,1118.5,138801,1119.2,134056,1115.8,104.01,0.025706,0.0001708,0.0477,121036,363.8,-0.002193,0.0000218,0.0483,71620,318.8,0.033375,0.0001706,0.0488,104747,347.2,0.000000,0.0000594,0.0474,91077,333.1,0.000000
591.06,0.0109456,591.1,0.000000,2063.5,149017,414.6,101948,969.6,1.04,0.000226,411.1,0.000000,100.0,68843,480.0,48024,809.3,1.89,0.000231,51.1,0.000000,100.0,2393938,2201.1,102531,974.3,-5.41,-0.001170,231.1,0.026019,1117.4,138360,1117.8,133529,1113.7,107.74,0.026574,0.0001707,0.0477,120820,363.8,-0.001780,0.0000224,0.0483,70958,316.1,0.033340,0.0001706,0.0488,104885,347.3,0.000000,0.0000590,0.0474,90619,332.6,0.000000
592.10,0.0109649,592.1,0.000000,254.7,150320,415.5,103974,974.1,-5.79,-0.001271,412.1,0.000000,1106.8,68168,474.2,47433,807.0,2.26,0.000273,52.1,0.000000,464.5,2316314,2185.6,109409,989.1,-12.51,-0.002847,232.1,0.026856,1116.1,137857,1116.2,132837,1111.5,111.59,0.027436,0.0001707,0.0477,120631,363.7,-0.001414,0.0000231,0.0483,70259,313.3,0.033280,0.0001706,0.0488,105068,347.5,0.000000,0.0000585,0.0474,90126,332.1,0.000000
593.08,0.0109829,593.1,0.000000,2102.2,151589,416.5,119737,1007.3,-32.53,-0.007954,413.1,0.000000,630.7,67532,469.0,46817,804.6,2.50,0.000300,53.1,0.000000,1842.1,2246808,2171.3,116617,1003.9,-11.74,-0.002804,233.1,0.027697,1114.7,137354,1114.7,132108,1109.4,115.42,0.028272,0.0001707,0.0477,120475,363.7,-0.001091,0.0000237,0.0483,69618,311.0,0.033193,0.0001706,0.0488,105254,347.7,0.000000,0.0000580,0.0474,89653,331.6,0.000000
594.05,0.0110009,594.0,0.000000,441.7,152903,417.4,149390,1061.7,-42.85,-0.012402,414.0,0.000000,1371.1,66897,463.9,46196,802.1,2.54,0.000300,54.0,0.000000,490.1,2180299,2157.3,121321,1013.2,-7.00,-0.001723,234.0,0.028570,1113.2,136817,1113.1,131244,1107.3,119.75,0.029199,0.0001707,0.0477,120326,363.6,-0.000821,0.0000243,0.0483,68986,308.7,0.033132,0.0001706,0.0488,105437,347.8,0.000000,0.0000574,0.0474,89165,331.1,0.000000
595.09,0.0110201,595.1,0.000000,164.1,154355,418.5,173999,1100.9,-24.87,-0.008085,415.1,0.000000,4064.4,66223,458.8,45594,799.7,2.31,0.000270,55.1,0.000000,272.6,2112488,2142.7,123337,1017.1,-2.40,-0.000598,235.1,0.029615,1111.5,136196,1111.3,130174,1104.7,125.17,0.030340,0.0001707,0.0477,120161,363.6,-0.000590,0.0000249,0.0483,68320,306.5,0.033093,0.0001706,0.0488,105612,348.0,0.000000,0.0000569,0.0474,88624,330.5,0.000000
596.06,0.0110382,596.1,0.000000,768.5,155765,419.5,184707,1116.7,-10.22,-0.003478,416.1,0.000000,874.3,65597,454.1,45125,797.8,1.95,0.000227,56.1,0.000000,538.4,2051702,2129.2,123220,1016.8,0.45,0.000112,236.1,0.030792,1109.8,135561,1109.6,129059,1102.3,130.84,0.031515,0.0001707,0.0477,119991,363.4,-0.000406,0.0000255,0.0483,67703,304.5,0.033077,0.0001706,0.0488,105744,348.1,0.000000,0.0000563,0.0474,88097,329.9,0.000000
597.10,0.0110574,597.1,0.000000,2524.9,157320,420.6,188647,1122.4,-3.25,-0.001122,417.1,0.000000,1921.0,64938,449.3,44711,796.1,1.63,0.000188,57.1,0.000000,858.8,1989681,2115.2,121846,1014.2,2.15,0.000531,237.1,0.032031,1107.9,134821,1107.6,127776,1099.5,137.20,0.032799,0.0001707,0.0477,119775,363.3,-0.000275,0.0000261,0.0483,67051,302.5,0.033068,0.0001706,0.0488,105843,348.2,0.000000,0.0000557,0.0474,87515,329.3,0.000000
598.07,0.0110754,598.1,0.000000,2413.6,158827,421.7,190286,1124.7,-1.69,-0.000588,418.1,0.000000,1741.8,64330,445.0,44363,794.7,1.50,0.000173,58.1,0.000000,38816.2,1934046,2102.3,120080,1010.8,2.80,0.000685,238.1,0.033253,1105.9,134070,1105.6,126508,1096.8,143.16,0.033967,0.0001707,0.0477,119539,363.1,-0.000189,0.0000267,0.0483,66447,300.7,0.033085,0.0001706,0.0488,105892,348.2,0.000000,0.0000551,0.0474,86953,328.7,0.000000
599.04,0.0110934,599.0,0.000000,6624.8,160382,422.8,192255,1127.5,-2.13,-0.000747,419.0,0.000000,1191.0,63732,440.8,43998,793.2,1.61,0.000184,59.0,0.000000,100.0,1880719,2089.7,118322,1007.4,2.78,0.000671,239.0,0.034368,1103.8,133264,1103.5,125192,1094.0,148.94,0.035059,0.0001707,0.0477,119258,362.9,-0.000135,0.0000273,0.0483,65850,299.0,0.033109,0.0001706,0.0488,105898,348.2,0.000000,0.0000545,0.0474,86382,328.1,0.000000
600.08,0.0111126,600.1,0.000000,898.3,162095,424.0,195149,1131.5,-2.76,-0.000978,420.1,0.000000,2043.0,63106,436.4,43607,791.6,1.50,0.000170,60.1,0.000000,1461.4,1826257,2076.5,116612,1004.0,2.60,0.000621,240.1,0.035427,1101.5,132349,1101.1,123749,1091.0,154.81,0.036122,0.0001707,0.0477,118886,362.6,-0.000112,0.0000280,0.0483,65217,297.3,0.033104,0.0001706,0.0488,105865,348.2,0.000000,0.0000538,0.0474,85770,327.4,0.000000
601.06,0.0111307,601.1,0.000000,286.8,163754,425.1,198135,1135.6,-2.94,-0.001056,421.1,0.000000,899.8,62528,432.5,43563,791.4,-0.00,-0.000000,61.1,0.000000,1920.4,1777356,2064.4,114963,1000.7,2.78,0.000658,241.1,0.036384,1099.2,131445,1098.8,122367,1088.1,160.03,0.037021,0.0001707,0.0477,118393,362.2,-0.000015,0.0000286,0.0483,64627,295.7,0.033038,0.0001706,0.0488,105799,348.1,0.000000,0.0000531,0.0474,85197,326.8,0.000000
602.09,0.0111499,602.1,0.000000,100.0,165590,438.5,201373,1140.1,-2.90,-0.001055,422.1,0.000000,615.2,61919,428.5,45574,799.8,-11.36,-0.001332,62.1,0.000000,100.0,1727382,2051.8,112853,996.4,3.44,0.000802,242.1,0.037243,1096.6,130433,1096.3,120866,1084.9,165.31,0.037884,0.0001707,0.0474,117768,361.6,0.000000,0.0000292,0.0483,63999,294.2,0.032902,0.0001706,0.0488,105701,348.1,0.000000,0.0000524,0.0474,84592,326.1,0.000000
603.07,0.0111679,603.1,0.000000,998.0,167369,439.8,203806,1143.3,-2.05,-0.000753,423.1,0.000000,100.0,61355,424.9,55223,836.9,-41.35,-0.005613,63.1,0.000000,1145.0,1682481,2040.1,110417,991.4,4.28,0.000981,243.1,0.038019,1094.1,129445,1093.8,119435,1081.8,170.04,0.038615,0.0001707,0.0474,117094,361.0,0.000000,0.0000298,0.0483,63414,292.8,0.032728,0.0001706,0.0488,105594,348.0,0.000000,0.0000517,0.0474,84031,325.5,0.000000
604.04,0.0111860,604.0,0.000000,1146.9,169203,441.1,204011,1143.6,0.16,0.000059,424.0,0.000000,916.8,60796,421.4,70438,885.9,-47.00,-0.007687,64.0,0.000000,1965.7,1639375,2028.7,107546,985.4,5.09,0.001143,244.0,0.038702,1091.5,128422,1091.2,117977,1078.7,174.62,0.039287,0.0001707,0.0474,116327,360.4,0.000000,0.0000304,0.0483,62833,291.4,0.032526,0.0001706,0.0488,105477,347.8,0.000000,0.0000510,0.0474,83475,324.9,0.000000
605.08,0.0112052,605.1,0.000000,1129.2,171223,442.5,201303,1140.1,2.93,0.001064,425.1,0.000000,495.6,60207,417.8,82798,919.8,-27.49,-0.005091,65.1,0.000000,309.4,1595285,2016.8,104363,978.6,5.32,0.001167,245.1,0.039357,1088.7,127293,1088.4,116385,1075.2,179.45,0.039957,0.0001707,0.0474,115408,359.5,0.000000,0.0000310,0.0483,62217,290.0,0.032288,0.0001706,0.0488,105344,347.7,0.000000,0.0000503,0.0474,82882,324.2,0.000000
606.05,0.0112232,606.1,0.000000,195.0,173179,443.8,196291,1133.5,5.01,0.001783,426.1,0.000000,826.1,59659,414.5,88592,934.5,-12.23,-0.002385,66.1,0.000000,100.0,1555624,2005.9,101682,972.7,4.86,0.001045,246.1,0.039979,1086.0,126200,1085.7,114849,1071.8,184.00,0.040557,0.0001707,0.0474,114459,358.7,0.000000,0.0000316,0.0483,61644,288.8,0.032027,0.0001706,0.0488,105212,347.6,0.000000,0.0000496,0.0474,82324,323.6,0.000000
607.09,0.0112425,607.1,0.000000,100.0,175335,445.3,190503,1125.7,5.19,0.001805,427.1,0.000000,527.7,59082,411.1,90914,940.1,-4.17,-0.000829,67.1,0.000000,1100.9,1515007,1994.4,99307,967.4,4.10,0.000867,247.1,0.040582,1083.0,124997,1082.7,113158,1068.1,188.97,0.041183,0.0001707,0.0474,113369,357.7,0.000000,0.0000322,0.0483,61041,287.6,0.031753,0.0001706,0.0488,105051,347.4,0.000000,0.0000488,0.0474,81733,323.0,0.000000
608.07,0.0112605,608.1,0.000000,3622.9,177424,446.7,186551,1120.2,3.66,0.001252,428.1,0.000000,1146.9,58546,408.1,91620,941.8,-1.41,-0.000282,68.1,0.000000,569.7,1478430,1983.9,97452,963.2,3.54,0.000737,248.1,0.041176,1080.1,123833,1079.7,111518,1064.5,193.78,0.041761,0.0001707,0.0474,112292,356.7,0.000000,0.0000328,0.0483,60483,286.5,0.031475,0.0001706,0.0488,104861,347.3,0.000000,0.0000480,0.0474,81187,322.3,0.000000
609.05,0.0112786,609.0,0.000000,517.3,179581,448.1,184752,1117.7,1.53,0.000519,429.0,0.000000,100.0,58017,405.1,91805,942.3,-0.30,-0.000060,69.0,0.000000,1341.6,1443241,1973.6,95812,959.4,3.20,0.000658,249.0,0.041744,1077.1,122633,1076.8,109824,1060.7,198.75,0.042331,0.0001707,0.0474,111182,355.7,0.000000,0.0000333,0.0483,59936,285.4,0.031218,0.0001706,0.0488,104602,347.0,0.000000,0.0000473,0.0474,80655,321.7,0.000000
610.09,0.0112979,610.1,0.000000,750.5,181960,449.7,184786,1117.8,-0.29,-0.000099,430.1,0.000000,577.6,57462,402.0,91473,941.5,0.87,0.000173,70.1,0.000000,1475.9,1407170,1962.8,94216,955.7,2.97,0.000601,250.1,0.042318,1073.8,121312,1073.5,107959,1056.5,204.21,0.042924,0.0001707,0.0474,109980,354.6,0.000000,0.0000339,0.0483,59368,284.3,0.030978,0.0001706,0.0488,104201,346.6,0.000000,0.0000465,0.0474,80116,321.1,0.000000
611.06,0.0113160,611.1,0.000000,100.0,184264,451.2,185925,1119.4,-1.25,-0.000427,431.1,0.000000,1378.7,56952,399.3,90546,939.3,2.01,0.000398,71.1,0.000000,137.8,1374667,1952.8,92847,952.5,2.76,0.000553,251.1,0.042875,1070.6,120036,1070.3,106160,1052.5,209.45,0.043460,0.0001707,0.0474,108854,353.6,0.000000,0.0000345,0.0483,58852,283.4,0.030782,0.0001706,0.0488,103665,346.1,0.000000,0.0000457,0.0474,79645,320.6,0.000000
612.04,0.0113341,612.0,0.000000,532.3,186644,452.7,187438,1121.6,-1.56,-0.000537,432.0,0.000000,770.1,56452,396.6,89516,936.8,2.11,0.000415,72.0,0.000000,878.2,1343380,1943.1,91597,949.5,2.55,0.000507,252.0,0.043389,1067.4,118724,1067.0,104316,1048.3,214.80,0.043969,0.0001707,0.0474,107743,352.5,0.000000,0.0000350,0.0483,58354,282.4,0.030635,0.0001706,0.0488,102946,345.4,0.000000,0.0000449,0.0474,79217,320.1,0.000000
613.09,0.0113534,613.1,0.000000,658.1,189268,454.4,189175,1124.0,-1.68,-0.000582,433.1,0.000000,294.2,55933,393.8,88550,934.4,1.95,0.000381,73.1,0.000000,100.0,1311292,1932.9,90396,946.6,2.32,0.000455,253.1,0.043888,1063.7,117284,1063.4,102307,1043.7,220.56,0.044474,0.0001707,0.0474,106585,351.5,0.000000,0.0000356,0.0483,57847,281.5,0.030546,0.0001706,0.0488,101977,344.5,0.000000,0.0000441,0.0474,78817,319.6,0.000000
614.06,0.0113716,614.1,0.000000,1709.6,191810,456.0,191117,1126.8,-2.04,-0.000711,434.1,0.000000,283.6,55464,391.3,87409,931.6,2.64,0.000509,74.1,0.000000,175.0,1282362,1923.6,89404,944.2,2.06,0.000402,254.1,0.044345,1060.3,115898,1059.9,100389,1039.3,225.99,0.044905,0.0001707,0.0474,105533,350.5,0.000000,0.0000362,0.0483,57399,280.8,0.030600,0.0001706,0.0488,100908,343.5,0.000000,0.0000433,0.0474,78509,319.3,0.000000
615.04,0.0113897,615.0,0.000000,100.0,194436,457.7,193618,1130.3,-2.57,-0.000907,435.0,0.000000,1020.9,55014,388.8,85602,927.2,4.18,0.000794,75.0,0.000000,927.1,1254503,1914.4,88561,942.2,1.76,0.000341,255.0,0.044742,1056.7,114479,1056.3,98448,1034.8,231.40,0.045288,0.0001707,0.0474,104519,349.5,0.000000,0.0000367,0.0483,56979,280.0,0.030775,0.0001706,0.0488,99737,342.3,0.000000,0.0000424,0.0474,78282,319.0,0.000000
616.09,0.0114090,616.1,0.000000,100.0,197331,459.5,196846,1134.8,-3.04,-0.001085,436.1,0.000000,100.0,54557,386.3,82862,920.2,6.02,0.001115,76.1,0.000000,825.8,1225915,1904.8,87842,940.4,1.40,0.000269,256.1,0.045099,1052.7,112931,1052.4,96358,1029.8,237.11,0.045638,0.0001707,0.0474,103482,348.5,0.000000,0.0000373,0.0483,56560,279.3,0.031049,0.0001706,0.0488,98441,341.0,0.000000,0.0000416,0.0474,78167,318.9,0.000000
617.07,0.0114271,617.1,0.000000,100.0,200137,461.2,200199,1139.4,-3.24,-0.001170,437.1,0.000000,2744.6,54153,384.0,79703,912.0,7.44,0.001338,77.1,0.000000,1027.6,1200123,1895.9,87337,939.1,1.06,0.000203,257.1,0.045397,1048.9,111450,1048.6,94389,1025.1,242.36,0.045908,0.0001707,0.0474,102556,347.6,0.000000,0.0000379,0.0483,56190,278.7,0.031380,0.0001706,0.0488,97247,339.9,0.000000,0.0000408,0.0474,78194,318.9,0.000000
618.04,0.0114453,618.0,0.000000,10361.0,203036,463.0,203400,1143.7,-2.95,-0.001080,438.0,0.000000,464.8,53770,381.8,76486,903.4,7.66,0.001333,78.0,0.000000,268.9,1175259,1887.3,86965,938.2,0.79,0.000150,258.0,0.045626,1045.1,109941,1044.7,92418,1020.2,247.50,0.046119,0.0001707,0.0474,101677,346.8,0.000000,0.0000385,0.0483,55837,278.1,0.031719,0.0001706,0.0488,96123,338.7,0.000000,0.0000399,0.0474,78355,319.1,0.000000
619.09,0.0114646,619.1,0.000000,797.0,206236,464.9,206083,1147.3,-2.20,-0.000811,439.1,0.000000,100.0,53385,379.5,73656,895.6,6.41,0.001084,79.1,0.000000,2517.7,1149713,1878.2,86667,937.5,0.60,0.000113,259.1,0.045801,1040.8,108304,1040.5,90317,1015.0,252.82,0.046277,0.0001707,0.0474,100792,345.9,0.000000,0.0000391,0.0483,55472,277.5,0.032042,0.0001706,0.0488,95044,337.6,0.000000,0.0000390,0.0474,78728,319.5,0.000000
620.07,0.0114828,620.1,0.000000,347.4,209340,466.7,207764,1149.5,-1.45,-0.000538,440.1,0.000000,100.0,53044,377.5,71752,890.2,4.79,0.000794,80.1,0.000000,1423.8,1126638,1869.9,86425,936.9,0.53,0.000101,260.1,0.045913,1036.7,106747,1036.4,88357,1010.0,257.65,0.046364,0.0001707,0.0474,100010,345.1,0.000000,0.0000397,0.0483,55134,276.9,0.032290,0.0001706,0.0488,94172,336.8,0.000000,0.0000382,0.0474,79309,320.2,0.000000
621.05,0.0115009,621.0,0.000000,1188.2,212550,468.6,208810,1150.9,-0.89,-0.000331,441.0,0.000000,100.0,52717,375.5,70364,886.2,3.62,0.000592,81.0,0.000000,690.3,1104372,1861.7,86171,936.2,0.57,0.000108,261.0,0.045962,1032.6,105169,1032.2,86410,1005.0,262.29,0.046393,0.0001707,0.0474,99273,344.4,0.000000,0.0000403,0.0483,54793,276.3,0.032415,0.0001706,0.0488,93445,336.0,0.000000,0.0000374,0.0474,80130,321.1,0.000000
622.10,0.0115203,622.1,0.000000,1345.5,216096,470.6,209428,1151.7,-0.46,-0.000173,442.1,0.000000,100.0,52380,373.4,69180,882.7,2.97,0.000479,82.1,0.000000,598.1,1081462,1853.2,85852,935.4,0.68,0.000128,262.1,0.045952,1028.1,103466,1027.7,84352,999.5,267.04,0.046359,0.0001707,0.0474,98528,343.7,0.000000,0.0000409,0.0483,54422,275.7,0.032393,0.0001706,0.0488,92827,335.4,0.000000,0.0000365,0.0474,81214,322.3,0.000000
623.08,0.0115385,623.1,0.000000,100.0,219544,472.6,209612,1151.9,-0.11,-0.000040,443.1,0.000000,700.5,52070,371.5,68211,879.8,2.64,0.000422,83.1,0.000000,159.2,1060720,1845.3,85491,934.5,0.82,0.000154,263.1,0.045883,1023.7,101852,1023.4,82441,994.3,271.30,0.046271,0.0001707,0.0474,97859,343.0,0.000000,0.0000415,0.0483,54059,275.2,0.032150,0.0001706,0.0488,92382,334.9,0.000000,0.0000356,0.0474,82323,323.5,0.000000
624.06,0.0115567,624.1,0.000000,555.6,223112,474.6,209365,1151.6,0.31,0.000115,444.1,0.000000,962.3,51762,369.7,67345,877.2,2.39,0.000377,84.1,0.000000,530.6,1040695,1837.6,85064,933.4,0.97,0.000181,264.1,0.045762,1019.3,100226,1019.0,80556,989.1,275.35,0.046130,0.0001707,0.0474,97210,342.3,0.000000,0.0000421,0.0483,53691,274.6,0.031761,0.0001706,0.0488,92047,334.6,0.000000,0.0000348,0.0474,83401,324.7,0.000000
625.05,0.0115749,625.0,0.000000,872.1,226804,476.7,208503,1150.5,0.88,0.000327,445.0,0.000000,428.8,51454,367.9,66582,874.9,2.12,0.000333,85.0,0.000000,908.5,1021348,1830.0,84583,932.2,1.08,0.000202,265.0,0.045590,1014.9,98588,1014.5,78697,983.9,279.19,0.045939,0.0001707,0.0474,96564,341.7,0.000000,0.0000426,0.0483,53308,274.0,0.031268,0.0001706,0.0488,91798,334.3,0.000000,0.0000340,0.0474,84358,325.7,0.000000
626.10,0.0115944,626.1,0.000000,1203.7,230889,478.9,206969,1148.6,1.38,0.000512,446.1,0.000000,568.6,51122,366.1,65883,872.8,1.83,0.000285,86.1,0.000000,770.3,1001421,1822.0,84029,930.8,1.18,0.000219,266.1,0.045361,1010.0,96832,1009.7,76748,978.2,283.06,0.045683,0.0001707,0.0474,95861,341.0,0.000000,0.0000432,0.0483,52870,273.4,0.030594,0.0001706,0.0488,91590,334.1,0.000000,0.0000331,0.0474,85176,326.6,0.000000
627.09,0.0116127,627.1,0.000000,1048.2,234861,481.1,205226,1146.3,1.62,0.000596,447.1,0.000000,507.7,50803,364.4,65303,871.0,1.66,0.000256,87.1,0.000000,100.0,983376,1814.7,83453,929.3,1.32,0.000244,267.1,0.045083,1005.3,95179,1005.0,74955,972.9,286.45,0.045396,0.0001707,0.0474,95175,340.3,0.000000,0.0000438,0.0483,52430,272.7,0.029715,0.0001706,0.0488,91395,333.9,0.000000,0.0000323,0.0474,85717,327.2,0.000000
628.07,0.0116310,628.1,0.000000,100.0,238979,483.3,203379,1143.9,1.71,0.000626,448.1,0.000000,1320.5,50474,362.8,64751,869.3,1.60,0.000245,88.1,0.000000,1328.4,965925,1807.6,82792,927.6,1.52,0.000280,268.1,0.044768,1000.7,93520,1000.3,73196,967.6,289.57,0.045062,0.0001707,0.0474,94450,339.5,0.000000,0.0000443,0.0483,51965,272.0,0.028658,0.0001706,0.0488,91148,333.6,0.000000,0.0000315,0.0474,86030,327.5,0.000000
629.06,0.0116493,629.1,0.000000,160.7,243246,485.5,201491,1141.5,1.76,0.000640,449.1,0.000000,100.0,50131,361.2,64229,867.7,1.51,0.000230,89.1,0.000000,1400.4,949045,1800.5,82040,925.7,1.74,0.000318,269.1,0.044408,995.9,91860,995.6,71476,962.2,292.42,0.044683,0.0001707,0.0474,93669,338.7,0.000000,0.0000448,0.0483,51488,271.3,0.027450,0.0001706,0.0488,90794,333.3,0.000000,0.0000306,0.0474,86130,327.6,0.000000
630.05,0.0116676,630.1,0.000000,1422.4,247669,487.8,199526,1138.9,1.87,0.000673,450.1,0.000000,2355.1,49774,359.7,63761,866.2,1.36,0.000206,90.1,0.000000,177.2,932722,1793.6,81177,923.4,2.03,0.000368,270.1,0.044009,991.1,90199,990.8,69797,956.9,295.00,0.044266,0.0001707,0.0474,92816,337.8,0.000000,0.0000453,0.0483,51010,270.6,0.026175,0.0001706,0.0488,90280,332.7,0.000000,0.0000298,0.0474,86053,327.5,0.000000
631.04,0.0116860,631.0,0.000000,596.2,252250,490.2,197366,1136.0,2.09,0.000749,451.0,0.000000,7556.9,49405,358.1,63331,864.9,1.28,0.000192,91.0,0.000000,1086.5,916949,1786.8,80160,920.7,2.42,0.000433,271.0,0.043573,986.2,88542,985.9,68161,951.5,297.33,0.043814,0.0001707,0.0474,91878,336.9,0.000000,0.0000457,0.0483,50540,269.9,0.024919,0.0001706,0.0488,89572,332.0,0.000000,0.0000290,0.0474,85841,327.3,0.000000
632.10,0.0117055,632.1,0.000000,763.0,257316,492.8,194752,1132.5,2.40,0.000848,452.1,0.000000,3225.4,49001,356.6,62862,863.4,1.33,0.000199,92.1,0.000000,100.0,900710,1779.7,78910,917.4,2.82,0.000499,272.1,0.043091,981.0,86781,980.6,66458,945.8,299.56,0.043301,0.0001707,0.0474,90776,335.7,0.000000,0.0000462,0.0483,50057,269.2,0.023716,0.0001706,0.0488,88588,330.9,0.000000,0.0000282,0.0474,85529,327.0,0.000000
633.09,0.0117238,633.1,0.000000,100.0,262242,495.2,192179,1129.0,2.50,0.000874,453.1,0.000000,627.3,48617,355.1,62393,861.9,1.42,0.000211,93.1,0.000000,611.0,886013,1773.2,77643,914.0,3.06,0.000534,273.1,0.042586,976.0,85136,975.7,64881,940.4,301.60,0.042807,0.0001707,0.0474,89655,334.5,0.000000,0.0000466,0.0483,49647,268.6,0.022713,0.0001706,0.0488,87466,329.7,0.000000,0.0000274,0.0474,85194,326.6,0.000000
634.08,0.0117422,634.1,0.000000,100.0,267348,497.7,189731,1125.7,2.38,0.000825,454.1,0.000000,829.3,48237,353.7,61921,860.4,1.42,0.000211,94.1,0.000000,704.2,871800,1766.8,76365,910.5,3.11,0.000536,274.1,0.042103,971.0,83495,970.6,63267,934.7,304.05,0.042335,0.0001707,0.0474,88468,333.2,0.000000,0.0000470,0.0483,49308,268.0,0.022137,0.0001706,0.0488,86200,328.3,0.000000,0.0000266,0.0474,84870,326.2,0.000000
635.07,0.0117605,635.1,0.000000,3950.4,272641,500.3,187503,1122.6,2.19,0.000753,455.1,0.000000,1376.6,47868,352.4,61511,859.1,1.19,0.000176,95.1,0.000000,233.3,858053,1760.5,75156,907.1,2.97,0.000506,275.1,0.041655,965.9,81857,965.6,61597,928.9,307.11,0.041894,0.0001707,0.0474,87240,331.9,0.000000,0.0000474,0.0483,49047,267.7,0.021979,0.0001706,0.0488,84856,326.9,0.000000,0.0000259,0.0474,84586,325.9,0.000000
636.05,0.0117788,636.1,0.000000,100.0,278128,502.9,185476,1119.8,2.02,0.000690,456.1,0.000000,1127.2,47521,351.1,61347,858.6,0.37,0.000055,96.1,0.000000,712.8,844757,1754.4,74068,904.1,2.70,0.000456,276.1,0.041201,960.7,80219,960.4,60009,923.2,309.61,0.041399,0.0001707,0.0474,85997,330.5,0.000000,0.0000478,0.0483,48879,267.4,0.022390,0.0001706,0.0488,83505,325.4,0.000000,0.0000251,0.0474,84347,325.7,0.000000
637.04,0.0117971,637.0,0.000000,1579.9,283818,505.5,183575,1117.1,1.93,0.000653,457.0,0.000000,546.3,47209,349.8,61503,859.1,-0.62,-0.000092,97.0,0.000000,1084.1,831894,1748.4,73126,901.4,2.36,0.000394,277.0,0.040622,955.4,78591,955.2,58762,918.5,309.44,0.040722,0.0001707,0.0474,84764,329.2,0.000000,0.0000483,0.0483,48871,267.4,0.023485,0.0001706,0.0488,82211,323.9,0.000000,0.0000244,0.0474,84164,325.5,0.000000
638.10,0.0118166,638.1,0.000000,100.0,290120,508.4,181581,1114.3,1.94,0.000650,458.1,0.000000,2492.2,46932,348.5,62305,861.7,-2.67,-0.000397,98.1,0.000000,100.0,818636,1742.1,72328,899.1,1.86,0.000307,278.1,0.039749,949.5,76889,949.6,58387,916.6,301.08,0.039450,0.0001707,0.0474,83482,327.8,0.000000,0.0000488,0.0483,49028,267.7,0.025617,0.0001706,0.0488,80942,322.5,0.000000,0.0000236,0.0474,84033,325.3,0.000000
639.08,0.0118349,639.1,0.000000,1698.5,296254,511.2,179635,1111.5,2.06,0.000685,459.1,0.000000,1983.5,46746,347.3,64008,867.1,-5.46,-0.000829,99.1,0.000000,100.0,806627,1736.3,71829,897.7,1.22,0.000202,279.1,0.036887,941.7,75481,944.9,63605,934.6,243.38,0.034074,0.0001707,0.0474,82326,326.5,0.000000,0.0000493,0.0483,49453,268.4,0.028946,0.0001706,0.0488,79886,321.3,0.000000,0.0000229,0.0474,83963,325.2,0.000000
640.07,0.0118532,640.1,0.000000,982.2,302618,514.1,177489,1108.5,2.32,0.000763,460.1,0.000000,281.2,46654,346.3,66668,875.3,-7.99,-0.001252,100.1,0.000000,902.3,795004,1730.6,71601,897.0,0.52,0.000086,280.1,0.025869,932.4,74914,942.6,72701,963.2,131.23,0.020376,0.0001707,0.0474,81222,325.2,0.000000,0.0000499,0.0483,50139,269.5,0.033482,0.0001706,0.0488,78976,320.2,0.000000,0.0000225,0.0474,83933,325.2,0.000000
641.06,0.0118714,641.1,0.000000,1054.2,309224,517.0,175066,1104.9,2.64,0.000862,461.1,0.000000,1542.5,46669,345.3,70007,885.3,-9.45,-0.001537,101.1,0.000000,816.0,783752,1725.0,71631,897.1,-0.14,-0.000023,281.1,0.011780,971.7,75470,943.6,78263,979.5,57.42,0.009437,0.0001707,0.0474,80174,324.0,0.000000,0.0000506,0.0483,50986,270.8,0.038842,0.0001706,0.0488,78214,319.4,0.000000,0.0000222,0.0474,83932,325.2,0.000000
642.04,0.0118897,642.0,0.000000,1053.4,316083,519.9,172380,1101.0,2.96,0.000953,462.0,0.000000,2395.1,46792,344.5,73792,896.2,-10.19,-0.001725,102.0,0.000000,507.5,772857,1719.6,71874,897.8,-0.69,-0.000114,282.0,0.003025,974.0,76767,946.7,78450,980.4,4.65,0.000765,0.0001707,0.0474,79180,322.8,0.000000,0.0000514,0.0483,51881,272.2,0.044304,0.0001706,0.0488,77595,318.6,0.000000,0.0000222,0.0474,83946,325.2,0.000000
643.09,0.0119092,643.1,0.000000,2170.7,323692,523.1,169296,1096.4,3.23,0.001027,463.1,0.000000,209.6,47029,343.8,78443,909.1,-11.24,-0.001995,103.1,0.000000,1079.7,761612,1713.9,72274,899.0,-1.00,-0.000166,283.1,0.000511,981.1,78430,950.8,80169,986.4,3.81,0.000637,0.0001707,0.0474,78176,321.7,0.000000,0.0000524,0.0483,52814,273.7,0.049355,0.0001706,0.0488,77085,318.0,0.000000,0.0000222,0.0474,83962,325.2,0.000000
644.08,0.0119274,644.1,0.000000,1065.5,331119,526.2,166236,1091.8,3.47,0.001086,464.1,0.000000,390.6,47337,343.2,83653,922.8,-12.50,-0.002330,104.1,0.000000,1117.0,751404,1708.7,72678,900.1,-1.04,-0.000173,284.1,0.001375,986.4,79976,954.5,81565,991.3,11.00,0.001862,0.0001707,0.0474,77282,320.6,0.000000,0.0000534,0.0483,53707,275.0,0.053707,0.0001706,0.0488,76739,317.6,0.000000,0.0000222,0.0474,83965,325.2,0.000000
645.07,0.0119457,645.1,0.000000,6885.5,338836,529.4,163066,1086.9,3.65,0.001125,465.1,0.000000,1532.0,47714,342.8,89355,937.1,-12.61,-0.002473,105.1,0.000000,759.9,741516,1703.5,73064,901.3,-1.00,-0.000167,285.1,0.003022,991.5,81433,957.9,82475,994.5,19.74,0.003367,0.0001707,0.0474,76428,319.6,0.000000,0.0000544,0.0483,54627,276.4,0.057370,0.0001706,0.0488,76515,317.4,0.000000,0.0000221,0.0474,83954,325.2,0.000000
646.05,0.0119639,646.1,0.000000,4344.9,346851,532.6,159869,1082.0,3.74,0.001137,466.1,0.000000,883.1,48153,342.5,94636,949.8,-10.66,-0.002186,106.1,0.000000,2002.9,731942,1698.5,73463,902.4,-1.05,-0.000176,286.1,0.005056,996.3,82761,960.8,83347,997.5,29.36,0.005047,0.0001707,0.0474,75611,318.6,0.000000,0.0000555,0.0483,55575,277.9,0.060593,0.0001706,0.0488,76403,317.2,0.000000,0.0000220,0.0474,83920,325.2,0.000000
647.10,0.0119834,647.1,0.000000,100.0,355756,536.1,156470,1076.6,3.81,0.001139,467.1,0.000000,3094.6,48681,342.2,98777,959.3,-7.14,-0.001513,107.1,0.000000,739.3,722054,1693.2,73952,903.8,-1.20,-0.000201,287.1,0.006975,991.0,84046,963.5,83912,999.4,37.64,0.006502,0.0001707,0.0474,74773,317.6,0.000000,0.0000567,0.0483,56623,279.4,0.063568,0.0001706,0.0488,76396,317.2,0.000000,0.0000219,0.0474,83863,325.1,0.000000
648.09,0.0120016,648.1,0.000000,100.0,364454,539.5,153298,1071.5,3.87,0.001138,468.1,0.000000,3103.9,49193,342.1,101034,964.4,-3.97,-0.000855,108.1,0.000000,681.9,713075,1688.4,74425,905.1,-1.20,-0.000202,288.1,0.010849,1005.6,84935,965.2,86300,1006.3,58.20,0.010267,0.0001707,0.0474,74013,316.7,0.000000,0.0000579,0.0483,58194,281.8,0.064248,0.0001706,0.0488,76474,317.3,0.000000,0.0000217,0.0474,83800,325.0,0.000000
649.07,0.0120199,649.1,0.000000,2346.1,373504,542.9,150168,1066.4,3.88,0.001125,469.1,0.000000,280.3,49779,342.1,101980,966.5,-1.54,-0.000333,109.1,0.000000,273.7,704371,1683.6,74781,906.1,-0.82,-0.000140,289.1,0.010643,991.1,85875,966.9,85690,1004.8,60.02,0.010529,0.0001707,0.0474,73277,315.8,0.000000,0.0000592,0.0483,59071,283.0,0.068521,0.0001706,0.0488,76624,317.5,0.000000,0.0000215,0.0474,83743,325.0,0.000000
650.06,0.0120381,650.1,0.000000,583.7,382918,546.4,147156,1061.4,3.80,0.001084,470.1,0.000000,35154.3,50414,342.2,102016,966.6,0.07,0.000015,110.1,0.000000,653.1,695939,1679.0,74845,906.3,-0.08,-0.000013,290.1,0.013944,992.0,86527,967.9,87360,1009.5,74.95,0.013342,0.0001707,0.0474,72561,314.9,0.000000,0.0000605,0.0483,60077,284.4,0.071212,0.0001706,0.0488,76826,317.7,0.000000,0.0000212,0.0474,83700,324.9,0.000000
651.04,0.0120563,651.0,0.000000,2098.0,392711,550.0,144328,1056.7,3.63,0.001021,471.0,0.000000,100.0,51057,342.3,101528,965.5,0.95,0.000205,111.0,0.000000,100.0,687769,1674.4,74621,905.7,0.67,0.000114,291.0,0.014339,1029.2,87161,968.8,88734,1013.2,83.88,0.015112,0.0001707,0.0474,71865,314.0,0.000000,0.0000618,0.0483,61706,286.8,0.071434,0.0001706,0.0488,77061,318.0,0.000000,0.0000210,0.0474,83680,324.9,0.000000
652.09,0.0120757,652.1,0.000000,1075.1,403590,553.8,141572,1052.0,3.37,0.000932,472.1,0.000000,100.0,51836,342.6,100758,963.8,1.42,0.000306,112.1,0.000000,100.0,679338,1669.7,73969,903.8,1.73,0.000292,292.1,0.014205,1029.9,87871,969.8,89580,1015.4,84.70,0.015371,0.0001707,0.0474,71143,313.1,0.000000,0.0000633,0.0483,62892,288.4,0.076526,0.0001706,0.0488,77327,318.3,0.000000,0.0000207,0.0474,83686,324.9,0.000000
653.07,0.0120939,653.1,0.000000,100.0,414215,557.6,139268,1048.0,3.07,0.000838,473.1,0.000000,100.0,52577,343.0,99794,961.7,1.88,0.000401,113.1,0.000000,390.4,671689,1665.3,72873,900.7,2.98,0.000497,293.1,0.014446,1019.8,88533,970.8,90572,1017.9,82.41,0.015085,0.0001707,0.0474,70485,312.3,0.000000,0.0000647,0.0483,64652,290.9,0.076932,0.0001706,0.0488,77570,318.6,0.000000,0.0000204,0.0474,83725,325.0,0.000000
654.05,0.0121120,654.0,0.000000,809.6,425274,561.3,137207,1044.4,2.80,0.000756,474.0,0.000000,1480.9,53370,343.5,98631,959.1,2.26,0.000479,114.0,0.000000,702.1,664278,1661.1,71300,896.2,4.27,0.000698,294.0,0.013937,1019.8,89266,971.9,90926,1018.8,72.82,0.013369,0.0001707,0.0474,69842,311.5,0.000000,0.0000661,0.0483,66563,293.5,0.079862,0.0001706,0.0488,77788,318.8,0.000000,0.0000202,0.0474,83820,325.1,0.000000
655.09,0.0121313,655.1,0.000000,982.7,437568,565.5,135150,1040.8,2.70,0.000722,475.1,0.000000,1170.3,54309,344.1,97261,956.0,2.51,0.000526,115.1,0.000000,962.3,656628,1656.6,69230,890.1,5.33,0.000853,295.1,0.012438,1021.4,90242,973.5,91439,1020.0,64.97,0.011981,0.0001707,0.0474,69170,310.6,0.000000,0.0000677,0.0483,67757,295.0,0.084984,0.0001706,0.0488,77984,319.0,0.000000,0.0000199,0.0474,84000,325.3,0.000000
656.07,0.0121494,656.1,0.000000,664.2,449583,569.4,133147,1037.2,2.89,0.000764,476.1,0.000000,1306.8,55200,344.7,95966,953.0,2.54,0.000525,116.1,0.000000,798.6,649686,1652.5,67128,883.8,5.86,0.000916,296.1,0.012327,1022.6,91197,975.1,92715,1023.2,61.90,0.011539,0.0001707,0.0474,68548,309.8,0.000000,0.0000693,0.0483,69606,297.5,0.085360,0.0001706,0.0488,78134,319.2,0.000000,0.0000197,0.0474,84254,325.5,0.000000
657.04,0.0121675,657.0,0.000000,1667.4,462092,573.4,130869,1033.1,3.37,0.000879,477.0,0.000000,344.3,56170,345.5,94749,950.2,2.42,0.000495,117.0,0.000000,879.2,642960,1648.5,65045,877.4,5.96,0.000909,297.0,0.011542,1042.7,92267,977.0,94608,1027.9,62.78,0.011887,0.0001707,0.0474,67932,309.0,0.000000,0.0000709,0.0483,70681,298.9,0.090237,0.0001706,0.0488,78256,319.3,0.000000,0.0000195,0.0474,84601,325.9,0.000000
658.08,0.0121867,658.1,0.000000,626.0,476006,577.8,127999,1027.8,4.09,0.001048,478.1,0.000000,822.1,57200,346.3,93565,947.5,2.22,0.000450,118.1,0.000000,1743.4,636018,1644.4,62951,870.8,5.80,0.000862,298.1,0.009680,1027.6,93671,979.5,94493,1027.6,48.28,0.009133,0.0001707,0.0474,67278,308.2,0.000000,0.0000726,0.0483,72393,301.1,0.089831,0.0001706,0.0488,78365,319.5,0.000000,0.0000193,0.0474,85092,326.4,0.000000
659.05,0.0122047,659.1,0.000000,1847.3,489611,582.0,124841,1021.9,4.88,0.001226,479.1,0.000000,8372.3,58193,347.2,92622,945.3,1.89,0.000382,119.1,0.000000,1145.6,629717,1640.5,61123,864.9,5.59,0.000813,299.1,0.009704,1029.8,95029,982.0,96855,1033.5,46.87,0.009037,0.0001707,0.0474,66671,307.4,0.000000,0.0000743,0.0483,74082,303.3,0.091514,0.0001706,0.0488,78471,319.6,0.000000,0.0000191,0.0474,85681,327.1,0.000000
660.09,0.0122239,660.1,0.000000,2347.8,504759,586.5,120992,1014.5,5.73,0.001405,480.1,0.000000,4448.2,59316,348.1,91821,943.4,1.52,0.000304,120.1,0.000000,1961.7,623208,1636.5,59323,859.0,5.30,0.000753,300.1,0.006872,1034.2,96886,985.5,97251,1034.4,31.54,0.006101,0.0001707,0.0474,66030,306.5,0.000000,0.0000761,0.0483,74928,304.4,0.095471,0.0001706,0.0488,78605,319.7,0.000000,0.0000190,0.0474,86462,327.9,0.000000
661.06,0.0122418,661.1,0.000000,588.2,519587,590.9,117087,1006.8,6.31,0.001509,481.1,0.000000,726.7,60349,349.0,91177,941.8,1.35,0.000269,121.1,0.000000,411.3,617297,1632.9,57807,853.9,4.90,0.000682,301.1,0.007515,1037.9,98613,988.7,99366,1039.7,29.48,0.005796,0.0001707,0.0474,65440,305.7,0.000000,0.0000778,0.0483,76481,306.3,0.094204,0.0001706,0.0488,78773,319.9,0.000000,0.0000189,0.0474,87335,328.8,0.000000
662.09,0.0122609,662.1,0.000000,1971.1,536107,595.6,112900,998.4,6.51,0.001515,482.1,0.000000,1122.9,61507,350.0,90485,940.2,1.39,0.000276,122.1,0.000000,437.8,611162,1629.0,56392,849.0,4.39,0.000600,302.1,0.007279,1043.1,100554,992.3,101235,1044.3,32.32,0.006445,0.0001707,0.0474,64824,304.9,0.000000,0.0000797,0.0483,77216,307.2,0.097750,0.0001706,0.0488,79031,320.2,0.000000,0.0000187,0.0474,88388,329.9,0.000000
663.06,0.0122789,663.1,0.000000,206.8,552291,600.1,109189,990.7,6.35,0.001439,483.1,0.000000,741.8,62560,350.9,89789,938.5,1.50,0.000295,123.1,0.000000,201.3,605411,1625.0,55232,844.9,3.95,0.000531,303.1,0.008453,1047.9,102290,995.3,102790,1047.9,37.72,0.007611,0.0001707,0.0474,64265,304.2,0.000000,0.0000814,0.0483,78622,309.0,0.095796,0.0001706,0.0488,79378,320.6,0.000000,0.0000186,0.0474,89439,331.0,0.000000
664.09,0.0122980,664.1,0.000000,606.5,570335,605.0,105586,983.1,5.95,0.001314,484.1,0.000000,1872.7,63732,351.9,89028,936.7,1.53,0.000300,124.1,0.000112,931.0,599454,1620.7,54299,841.8,4.05,0.000537,304.1,0.011578,1052.1,103770,997.7,106168,1055.4,55.27,0.011437,0.0001707,0.0474,63698,303.4,0.000000,0.0000833,0.0483,79261,309.7,0.098997,0.0001706,0.0488,79885,321.2,0.000000,0.0000184,0.0474,90557,332.1,0.000000
665.06,0.0123158,665.1,0.000000,100.0,588016,609.7,102584,976.5,5.47,0.001182,485.1,0.000000,1006.6,64790,352.9,88338,935.0,1.49,0.000290,125.1,0.000153,927.4,594040,1616.8,53446,838.9,4.36,0.000571,305.1,0.011708,1056.5,105183,999.9,106637,1056.2,59.24,0.012303,0.0001707,0.0474,63205,302.7,0.000000,0.0000850,0.0483,80571,311.4,0.096567,0.0001706,0.0488,80487,321.9,0.000000,0.0000182,0.0474,91545,333.1,0.000000
666.08,0.0123349,666.1,0.000000,100.0,607732,614.8,99754,970.3,4.97,0.001050,486.1,0.000000,673.2,65921,353.8,87635,933.2,1.45,0.000279,126.1,0.000218,923.7,588438,1612.8,52615,836.2,4.73,0.000613,306.1,0.014425,1059.8,106334,1001.4,108634,1059.9,70.13,0.014787,0.0001707,0.0474,62733,302.1,0.000000,0.0000869,0.0483,82024,313.2,0.096966,0.0001706,0.0488,81237,322.7,0.000000,0.0000179,0.0474,92491,334.1,0.000000
667.05,0.0123527,667.0,0.000000,100.0,627073,619.7,97443,965.0,4.43,0.000921,487.0,0.000000,487.3,67017,354.7,86972,931.6,1.48,0.000284,127.0,0.000315,920.7,583337,1609.0,51933,834.1,5.29,0.000677,307.0,0.013917,1043.3,107510,1003.0,108475,1059.3,66.20,0.013945,0.0001707,0.0474,62348,301.5,0.000000,0.0000886,0.0483,82344,313.5,0.099475,0.0001705,0.0488,81994,323.5,0.000000,0.0000176,0.0474,93260,334.9,0.000000
668.08,0.0123718,668.1,0.000000,3483.6,648667,625.1,95430,960.4,3.64,0.000744,488.1,0.000000,1533.3,68140,355.7,86197,929.7,1.66,0.000316,128.1,0.000455,918.0,578048,1605.1,51322,832.5,6.22,0.000789,308.1,0.013546,1044.9,108852,1004.9,108481,1059.0,57.48,0.012113,0.0001707,0.0474,62006,301.1,0.000000,0.0000905,0.0483,83713,315.2,0.096836,0.0001705,0.0488,82803,324.4,0.000000,0.0000174,0.0474,93962,335.6,0.000000
669.10,0.0123908,669.1,0.000000,895.2,671310,630.5,93966,957.0,2.63,0.000531,489.1,0.000000,100.0,69297,356.6,85298,927.4,1.94,0.000367,129.1,0.000653,915.7,572908,1601.3,50823,831.6,7.67,0.000965,309.1,0.014900,1065.8,110012,1006.3,111479,1065.0,58.61,0.012620,0.0001707,0.0474,61736,300.7,0.000000,0.0000924,0.0483,84013,315.6,0.099086,0.0001705,0.0488,83562,325.2,0.000000,0.0000171,0.0474,94567,336.2,0.000000
670.07,0.0124086,670.1,0.000000,646.7,693541,635.7,93450,955.7,0.73,0.000146,490.1,0.000000,336.5,70335,357.5,84350,925.1,2.18,0.000408,130.1,0.000906,913.8,568216,1597.7,50448,831.3,9.60,0.001199,310.1,0.012856,1067.1,111431,1008.3,113386,1068.7,55.26,0.012061,0.0001707,0.0474,61542,300.4,0.000000,0.0000941,0.0483,85323,317.2,0.096158,0.0001705,0.0488,84200,325.9,0.000000,0.0000169,0.0474,95075,336.7,0.000000
671.09,0.0124277,671.1,0.000000,679.1,718383,641.3,94241,957.6,-2.07,-0.000420,491.1,0.000000,100.0,71479,358.4,83309,922.4,2.24,0.000415,131.1,0.001218,912.3,563335,1594.0,50121,831.8,12.29,0.001523,311.1,0.010442,1070.8,113388,1011.2,114284,1070.6,43.69,0.009594,0.0001707,0.0474,61386,300.2,0.000000,0.0000960,0.0483,85617,317.5,0.098512,0.0001705,0.0488,84789,326.5,0.000000,0.0000167,0.0474,95581,337.1,0.000000
672.06,0.0124455,672.1,0.000000,745.7,742786,646.7,97114,964.3,-6.49,-0.001344,492.1,0.000000,529.0,72505,359.2,82403,920.1,2.08,0.000384,132.1,0.001569,911.0,558871,1590.5,49849,832.7,15.26,0.001879,312.1,0.007929,1073.6,115688,1014.9,116671,1075.8,27.16,0.006060,0.0001707,0.0474,61276,300.1,0.000000,0.0000977,0.0483,86835,319.0,0.095463,0.0001705,0.0488,85260,327.0,0.000000,0.0000165,0.0474,96041,337.6,0.000000
673.08,0.0124645,673.1,0.000000,3084.3,770071,652.6,102648,976.8,-10.55,-0.002280,493.1,0.000000,100.0,73633,360.1,81589,918.0,1.74,0.000318,133.1,0.001975,910.1,554218,1586.9,49627,834.5,18.82,0.002303,313.1,0.002284,1080.0,119236,1020.8,120328,1083.7,-4.55,-0.001039,0.0001707,0.0474,61182,299.9,0.000000,0.0000995,0.0483,87124,319.3,0.097657,0.0001704,0.0488,85687,327.5,0.000000,0.0000165,0.0474,96524,338.1,0.000000
674.05,0.0124824,674.0,0.000000,407.7,796889,658.2,108537,989.6,-10.69,-0.002411,494.0,0.000000,2349.8,74644,360.9,81043,916.6,1.23,0.000224,134.0,0.002438,909.6,549953,1583.5,49503,837.1,22.59,0.002748,314.0,-0.004304,1091.6,123890,1029.1,124248,1091.9,-29.03,-0.006796,0.0001707,0.0474,61106,299.8,0.000000,0.0001012,0.0483,88266,320.7,0.094473,0.0001704,0.0488,86034,327.9,0.000000,0.0000166,0.0474,96967,338.5,0.000000
675.07,0.0125014,675.1,0.000000,979.0,826890,664.3,113398,999.7,-7.38,-0.001721,495.1,0.000000,334.9,75755,361.7,80738,915.8,0.60,0.000109,135.1,0.002966,909.4,545496,1580.0,49459,840.8,27.22,0.003294,315.1,-0.005914,1109.8,129431,1038.7,130304,1104.1,-33.32,-0.008088,0.0001707,0.0474,61040,299.7,0.000000,0.0001030,0.0483,88554,321.0,0.096583,0.0001703,0.0488,86364,328.2,0.000000,0.0000167,0.0474,97423,338.9,0.000000
676.10,0.0125204,676.1,0.000000,100.0,858420,670.6,115667,1004.4,-2.98,-0.000706,496.1,0.000000,100.0,76818,362.5,80690,915.6,0.05,0.000009,136.1,0.003590,909.7,541125,1576.5,49499,845.6,32.55,0.003919,316.1,-0.005271,1113.8,135135,1048.2,135264,1113.7,-26.70,-0.006671,0.0001707,0.0474,61024,299.7,0.000000,0.0001048,0.0483,89627,322.3,0.093373,0.0001703,0.0488,86668,328.5,0.000000,0.0000168,0.0474,97851,339.3,0.000000
677.07,0.0125383,677.1,0.000000,3418.4,889433,676.5,115592,1004.2,0.47,0.000112,497.1,0.000000,36351.1,77843,363.3,80804,915.9,-0.29,-0.000053,137.1,0.004272,910.3,537098,1573.3,49616,851.1,38.15,0.004575,317.1,-0.001264,1122.3,139960,1055.7,140161,1123.1,-11.40,-0.002925,0.0001707,0.0474,61053,299.7,0.000000,0.0001065,0.0483,89880,322.6,0.095237,0.0001702,0.0488,86941,328.8,0.000000,0.0000168,0.0474,98223,339.7,0.000000
678.10,0.0125574,678.1,0.000000,538.8,924141,683.0,113895,1000.8,2.95,0.000691,498.1,0.000000,1124.1,78883,364.1,80954,916.3,-0.31,-0.000056,138.1,0.005036,911.2,532870,1569.8,49801,857.8,44.92,0.005365,318.1,0.003465,1129.9,144310,1061.9,145258,1132.2,6.85,0.001808,0.0001707,0.0474,61163,299.9,0.000000,0.0001083,0.0483,90891,323.7,0.091805,0.0001701,0.0488,87229,329.1,0.000000,0.0000167,0.0474,98591,340.1,0.000000
679.06,0.0125753,679.1,0.000000,1274.5,958280,689.2,111332,995.5,4.53,0.001041,499.1,0.000000,538.1,79848,364.8,80990,916.4,-0.05,-0.000009,139.1,0.005889,912.2,528962,1566.6,50003,864.6,52.08,0.006196,319.1,0.007055,1135.8,147807,1066.4,150308,1140.4,24.08,0.006528,0.0001707,0.0474,61374,300.2,0.000000,0.0001099,0.0483,91987,325.0,0.090930,0.0001700,0.0488,87502,329.4,0.000000,0.0000166,0.0474,98914,340.4,0.000000
680.09,0.0125943,680.1,0.000000,951.5,996486,695.9,107910,988.4,5.76,0.001294,500.1,0.000000,665.8,80907,365.6,80857,916.1,0.38,0.000070,140.1,0.006834,913.3,524843,1563.2,50212,872.3,60.63,0.007179,320.1,0.007593,1135.1,151551,1071.1,151427,1141.7,26.69,0.007281,0.0001707,0.0474,61761,300.7,0.000000,0.0001117,0.0483,92117,325.1,0.092588,0.0001698,0.0488,87801,329.7,0.000000,0.0000165,0.0474,99243,340.7,0.000000
681.06,0.0126122,681.1,0.000000,571.1,1034060,702.3,104281,980.6,6.63,0.001449,501.1,0.000000,100.0,81852,366.2,80478,915.1,0.97,0.000175,141.1,0.007870,914.3,521020,1560.1,50384,879.4,69.44,0.008184,321.1,0.012586,1147.1,154085,1073.8,155477,1147.3,39.36,0.010971,0.0001707,0.0474,62339,301.5,0.000000,0.0001133,0.0483,93156,326.3,0.089189,0.0001697,0.0488,88089,330.0,0.000000,0.0000162,0.0474,99541,341.0,0.000000
682.09,0.0126314,682.1,0.000000,100.0,1076095,709.2,100204,971.6,7.19,0.001524,502.1,0.000000,1278.9,82891,367.0,79838,913.4,1.50,0.000270,142.1,0.008992,915.3,516978,1556.7,50543,886.6,79.57,0.009331,322.1,0.013841,1151.0,156538,1076.2,158535,1150.9,46.70,0.013234,0.0001707,0.0474,63267,302.7,0.000000,0.0001150,0.0483,93367,326.4,0.090949,0.0001695,0.0488,88399,330.3,0.000000,0.0000160,0.0474,99846,341.2,0.000000
683.06,0.0126493,683.1,0.000000,2589.6,1117409,715.8,96397,963.0,7.40,0.001524,503.1,0.000000,895.3,83820,367.6,79082,911.4,1.86,0.000332,143.1,0.010183,916.3,513214,1553.6,50678,892.8,89.56,0.010457,323.1,0.012760,1138.7,159123,1078.8,158564,1149.5,43.15,0.012242,0.0001707,0.0474,64471,304.3,0.000000,0.0001166,0.0483,94355,327.5,0.087520,0.0001693,0.0488,88687,330.6,0.000000,0.0000157,0.0474,100108,341.5,0.000021
684.09,0.0126684,684.1,0.000000,1525.3,1163592,722.9,92406,953.6,7.60,0.001514,504.1,0.000000,1084.0,84806,368.3,78183,909.0,2.07,0.000366,144.1,0.011432,917.6,509223,1550.2,50827,898.5,100.61,0.011708,324.1,0.015366,1138.6,161257,1080.4,160893,1150.3,46.56,0.013397,0.0001707,0.0474,66085,306.4,0.000000,0.0001182,0.0483,95496,328.7,0.087006,0.0001691,0.0488,88979,330.9,0.000000,0.0000154,0.0474,100338,341.7,0.000097
685.06,0.0126863,685.1,0.000000,4532.9,1208940,729.8,88757,944.8,7.64,0.001476,505.1,0.000000,382.8,85759,369.0,77332,906.7,2.10,0.000368,145.1,0.012748,919.1,505499,1547.0,50998,902.9,111.37,0.012940,325.1,0.016073,1138.6,163076,1081.6,163172,1151.0,49.45,0.014420,0.0001707,0.0474,67801,308.6,0.000000,0.0001198,0.0483,95616,328.8,0.088548,0.0001689,0.0488,89221,331.2,0.000000,0.0000152,0.0474,100564,341.9,0.000069
686.09,0.0127055,686.1,0.000000,1498.5,1259575,737.1,85237,936.0,7.10,0.001329,506.1,0.000000,1001.0,86735,369.6,76455,904.3,2.05,0.000356,146.1,0.014136,921.0,501537,1543.7,51230,906.7,123.28,0.014328,326.1,0.017614,1121.0,164562,1082.2,166990,1153.1,57.53,0.017138,0.0001707,0.0474,69689,310.9,0.000000,0.0001215,0.0483,96696,329.9,0.085568,0.0001686,0.0488,89426,331.4,0.000000,0.0000148,0.0474,100813,342.2,0.000011
687.06,0.0127234,687.1,0.000000,176.3,1309233,744.1,82597,929.2,5.81,0.001062,507.1,0.000000,100.0,87680,370.3,75645,902.1,2.06,0.000355,147.1,0.015596,923.2,497829,1540.5,51517,909.7,134.77,0.015700,327.1,0.016271,1136.5,166242,1083.2,167204,1150.4,55.90,0.016712,0.0001707,0.0474,71376,313.0,0.000000,0.0001230,0.0483,96945,330.1,0.087236,0.0001684,0.0488,89554,331.5,0.000000,0.0000145,0.0474,101056,342.4,-0.000038
688.10,0.0127425,688.1,0.000000,487.9,1364601,751.6,80692,924.2,3.92,0.000704,508.1,0.000000,100.0,88648,371.0,74726,899.6,2.25,0.000384,148.1,0.017158,926.1,493872,1537.1,51997,912.7,147.44,0.017278,328.1,0.017866,1133.5,167499,1083.3,168223,1148.1,58.52,0.017639,0.0001707,0.0474,72985,314.9,0.000000,0.0001246,0.0483,97987,331.1,0.084290,0.0001680,0.0488,89615,331.6,0.000000,0.0000142,0.0474,101327,342.8,-0.000100
689.06,0.0127605,689.1,0.000000,100.0,1418816,758.8,79702,921.6,2.20,0.000392,509.1,0.000000,1113.8,89589,371.6,73715,896.7,2.69,0.000454,149.1,0.018872,930.0,490149,1533.9,52760,916.2,159.51,0.018895,329.1,0.018711,1129.7,168325,1082.9,168591,1144.7,60.44,0.018310,0.0001707,0.0474,74274,316.4,0.000000,0.0001262,0.0483,98333,331.3,0.086076,0.0001677,0.0488,89603,331.6,0.000000,0.0000138,0.0474,101604,343.3,-0.000186
690.10,0.0127796,690.1,0.000000,220.8,1479162,766.5,79361,920.7,0.57,0.000100,510.1,0.000000,885.2,90554,372.2,72336,892.8,3.54,0.000590,150.1,0.020639,935.4,486159,1530.5,53860,920.9,171.90,0.020682,330.1,0.019982,1111.4,168650,1081.5,169607,1141.6,64.92,0.019840,0.0001707,0.0474,75405,317.8,0.000000,0.0001278,0.0483,99346,332.3,0.083148,0.0001673,0.0488,89529,331.5,0.000000,0.0000135,0.0474,101938,344.1,-0.000297
691.07,0.0127975,691.1,0.000000,100.0,1538130,773.8,79629,921.4,-0.80,-0.000142,511.1,0.000000,747.5,91458,372.9,70680,888.1,4.54,0.000743,151.1,0.022440,941.4,482399,1527.2,55090,925.7,183.07,0.022410,331.1,0.020696,1108.2,168540,1079.7,170402,1138.2,68.48,0.021089,0.0001707,0.0474,76253,318.7,0.000000,0.0001292,0.0483,100464,333.4,0.082503,0.0001669,0.0488,89406,331.4,0.000000,0.0000131,0.0474,102299,345.0,-0.000434
692.10,0.0128167,692.1,0.000000,100.0,1603616,781.6,80529,923.8,-2.20,-0.000395,512.1,0.000000,3478.8,92460,373.5,68625,882.1,5.35,0.000857,152.1,0.024297,948.3,478363,1523.8,56549,931.2,194.80,0.024334,332.1,0.019712,1104.4,168485,1077.7,169627,1132.8,66.33,0.020432,0.0001707,0.0474,76961,319.5,0.000000,0.0001309,0.0483,100759,333.5,0.084379,0.0001664,0.0488,89234,331.2,0.000000,0.0000127,0.0474,102745,346.3,-0.000600
693.07,0.0128346,693.1,0.000000,2900.7,1667443,788.9,81774,927.1,-2.99,-0.000543,513.1,0.000000,1322.3,93361,374.1,66619,876.0,5.66,0.000886,153.1,0.026225,955.3,474548,1520.4,58069,936.7,205.53,0.026210,333.1,0.019888,1101.1,168116,1075.4,169837,1129.2,65.60,0.020296,0.0001707,0.0474,77472,320.1,0.000000,0.0001323,0.0483,101801,334.4,0.081243,0.0001660,0.0488,89049,331.0,0.000000,0.0000123,0.0474,103228,347.8,-0.000797
694.10,0.0128538,694.1,0.000000,1437.5,1738109,796.8,83133,930.7,-2.90,-0.000532,514.1,0.000000,566.8,94324,374.8,64552,869.7,5.61,0.000857,154.1,0.028217,963.7,470443,1516.9,60029,943.7,215.81,0.028240,334.1,0.018455,1098.0,167899,1073.1,169637,1125.4,61.63,0.019111,0.0001707,0.0474,77891,320.6,0.000000,0.0001339,0.0483,102905,335.4,0.080656,0.0001654,0.0488,88846,330.8,0.000000,0.0000119,0.0474,103822,349.9,-0.001027
695.07,0.0128717,695.1,0.000000,2788.9,1806745,804.2,84113,933.2,-2.16,-0.000400,515.1,0.000000,1352.2,95223,375.4,62752,864.0,5.36,0.000801,155.1,0.030282,973.4,466554,1513.5,62554,952.5,222.98,0.030124,335.1,0.016455,1107.9,168051,1071.4,168764,1121.4,54.36,0.016830,0.0001707,0.0474,78200,320.9,0.000000,0.0001353,0.0483,104034,336.4,0.079803,0.0001649,0.0488,88668,330.6,0.000000,0.0000116,0.0474,104463,352.2,-0.001293
696.04,0.0128897,696.0,0.000000,1062.6,1877631,811.6,84748,934.8,-1.37,-0.000256,516.0,0.000000,366.2,96157,376.0,61136,858.9,4.93,0.000722,156.0,0.032308,987.6,462625,1510.0,66727,966.6,223.87,0.031790,336.0,0.015484,1106.5,168229,1069.8,168561,1118.6,48.82,0.015134,0.0001707,0.0474,78459,321.2,0.000000,0.0001368,0.0483,104341,336.5,0.081530,0.0001643,0.0488,88517,330.4,0.000000,0.0000113,0.0474,105189,355.1,-0.001586
697.08,0.0129088,697.1,0.000000,666.0,1956070,820.8,85145,935.8,-0.80,-0.000150,517.1,0.000000,177.3,97118,376.6,59640,854.0,4.37,0.000627,157.1,0.034395,1008.0,458390,1506.3,73267,987.7,219.91,0.033559,337.1,0.014004,1105.2,168609,1068.2,168243,1115.8,42.97,0.013329,0.0001707,0.0474,78719,321.5,0.000000,0.0001383,0.0483,105394,337.4,0.078579,0.0001636,0.0488,88402,330.3,0.000000,0.0000110,0.0474,106057,358.7,-0.001932
698.05,0.0129268,698.0,0.000000,661.1,2033848,829.2,85445,936.6,-0.71,-0.000132,518.0,0.000000,1585.2,98018,377.2,58453,850.0,3.78,0.000535,158.0,0.036368,1026.2,454383,1502.8,79555,1006.3,218.24,0.035490,338.0,0.013698,1104.0,168709,1066.4,168587,1114.0,40.63,0.012648,0.0001707,0.0474,78981,321.8,0.000000,0.0001397,0.0483,106416,338.3,0.077716,0.0001630,0.0488,88346,330.2,0.000000,0.0000107,0.0474,106959,362.8,-0.002323
699.08,0.0129460,699.1,0.000000,928.8,2123575,839.8,85883,937.7,-0.98,-0.000185,519.1,0.000000,1595.3,98978,377.9,57435,846.6,3.05,0.000426,159.1,0.038281,1041.7,450076,1499.0,85022,1021.4,220.51,0.037757,339.1,0.013844,1084.6,168312,1063.6,169762,1113.1,42.67,0.013386,0.0001707,0.0474,79315,322.2,0.000000,0.0001411,0.0483,107446,339.1,0.077066,0.0001622,0.0488,88346,330.2,0.000000,0.0000104,0.0474,108018,367.8,-0.002761
700.06,0.0129640,700.1,0.000000,882.9,2216266,852.2,86472,939.2,-1.37,-0.000259,520.1,0.000000,100.0,99874,378.5,56743,844.2,2.24,0.000310,160.1,0.040236,1052.2,446004,1495.4,88696,1030.9,225.78,0.039961,340.1,0.012447,1080.4,168005,1061.1,169105,1109.9,41.52,0.013014,0.0001707,0.0474,79708,322.6,0.000000,0.0001425,0.0483,108423,339.9,0.076001,0.0001615,0.0488,88397,330.3,0.000000,0.0000101,0.0474,109097,373.4,-0.003244
701.09,0.0129832,701.1,0.000000,100.0,2326873,868.8,87337,941.4,-1.88,-0.000359,521.1,0.000000,664.9,100827,379.1,56297,842.7,1.30,0.000179,161.1,0.042195,1059.9,441622,1491.5,91175,1036.8,233.57,0.042253,341.1,0.011643,1095.8,167479,1058.0,167001,1104.5,38.48,0.011968,0.0001707,0.0474,80237,323.2,0.000000,0.0001440,0.0483,109370,340.6,0.075106,0.0001607,0.0488,88516,330.4,0.000000,0.0000098,0.0474,110335,380.3,-0.003774
702.06,0.0130012,702.1,0.000000,100.0,2444043,888.2,88419,944.1,-2.44,-0.000469,522.1,0.000000,100.0,101712,379.7,56173,842.2,0.33,0.000045,162.1,0.044118,1064.6,437480,1487.8,92244,1039.1,242.41,0.044266,342.1,0.012220,1090.5,166204,1054.0,165475,1099.0,38.74,0.011998,0.0001707,0.0474,80855,323.9,0.000000,0.0001453,0.0483,110262,341.3,0.073789,0.0001599,0.0488,88684,330.6,0.000000,0.0000095,0.0474,111570,387.7,-0.004344
703.10,0.0130204,703.1,0.000000,1036.6,2586115,913.8,89851,947.6,-2.98,-0.000582,523.1,0.000000,1718.5,102649,380.3,56335,842.8,-0.62,-0.000085,163.1,0.045982,1067.3,433030,1483.8,92392,1039.1,252.88,0.046254,343.1,0.012909,1055.5,163883,1048.3,164373,1093.3,41.90,0.012958,0.0001707,0.0474,81665,324.8,0.000000,0.0001467,0.0483,111101,341.9,0.072634,0.0001590,0.0488,88923,330.8,0.000000,0.0000092,0.0474,112952,396.7,-0.004948
704.07,0.0130384,704.1,0.000000,216.1,2737760,942.8,91486,951.6,-3.55,-0.000703,524.1,0.000000,600.4,103550,380.9,56682,844.0,-1.19,-0.000164,164.1,0.048007,1068.8,428817,1480.0,92165,1038.2,264.51,0.048305,344.1,0.011391,1077.1,161675,1042.8,161143,1085.4,39.54,0.012075,0.0001707,0.0474,82577,325.8,0.000000,0.0001480,0.0483,111118,341.7,0.073263,0.0001582,0.0488,89201,331.1,0.000000,0.0000089,0.0474,114289,406.3,-0.005581
705.05,0.0130564,705.0,0.000000,100.0,2909443,977.3,93426,956.2,-4.10,-0.000824,525.0,0.000000,1656.3,104408,381.4,57107,845.5,-1.49,-0.000206,165.0,0.067746,1121.9,423463,1475.4,104594,1069.3,338.45,0.068102,345.0,0.011543,1069.8,158727,1036.1,158399,1077.8,39.18,0.011845,0.0001707,0.0474,83637,326.9,0.000000,0.0001492,0.0483,111839,342.3,0.069604,0.0001569,0.0488,89531,331.4,0.000000,0.0000086,0.0474,115644,417.1,-0.006216
706.09,0.0130757,706.1,0.000000,1812.9,3116733,1020.4,95577,961.3,-4.05,-0.000829,526.1,0.000000,190.1,105313,382.0,58605,850.6,-6.24,-0.000885,166.1,0.073626,1128.0,417464,1470.1,106621,1073.2,362.96,0.074178,346.1,0.010472,1061.7,155297,1028.5,154638,1068.8,36.82,0.010958,0.0001707,0.0474,84914,328.3,0.000000,0.0001506,0.0483,112530,342.7,0.068150,0.0001555,0.0488,89940,331.9,0.000000,0.0000082,0.0474,117079,429.9,-0.006891
707.06,0.0130937,707.1,0.000000,4285.7,3335235,1067.1,97311,965.3,-3.33,-0.000690,527.1,0.000000,574.7,106147,382.6,67348,878.9,-32.12,-0.005062,167.1,0.076603,1132.4,411746,1465.1,107553,1075.0,375.32,0.077246,347.1,0.010034,1024.9,151518,1020.3,151642,1061.2,35.94,0.010565,0.0001707,0.0474,86217,329.6,0.000000,0.0001518,0.0483,113163,343.2,0.066344,0.0001541,0.0488,90376,332.3,0.000000,0.0000079,0.0474,118392,443.3,-0.007580
708.10,0.0131130,708.1,0.000000,3170.5,3595078,1123.6,98568,968.2,-2.12,-0.000444,528.1,0.000000,1555.7,106996,383.1,87900,935.5,-49.12,-0.009493,168.1,0.079395,1139.3,405561,1459.7,109963,1080.3,382.27,0.080047,348.1,0.008313,1046.1,147492,1011.5,147342,1051.9,31.99,0.009218,0.0001707,0.0474,87668,331.1,0.000000,0.0001530,0.0483,114445,344.2,0.062853,0.0001526,0.0488,90894,332.8,0.000000,0.0000076,0.0474,119730,459.2,-0.008280
709.08,0.0131311,709.1,0.000000,100.0,3863970,1182.9,99123,969.4,-0.94,-0.000197,529.1,0.000000,883.4,107804,383.6,104167,973.4,-30.79,-0.006778,169.1,0.082061,1150.6,399690,1454.4,115872,1093.5,376.81,0.082139,349.1,0.007135,1038.6,143483,1002.8,143388,1043.5,28.47,0.008048,0.0001707,0.0474,89030,332.5,0.000000,0.0001541,0.0483,114974,344.5,0.062832,0.0001511,0.0488,91428,333.4,0.000000,0.0000073,0.0474,120908,475.5,-0.008986
710.05,0.0131492,710.1,0.000000,1384.9,4156840,1248.0,99112,969.4,0.13,0.000027,530.1,0.000000,2022.1,108599,384.2,111546,989.1,-11.61,-0.002693,170.1,0.084561,1167.8,393750,1449.1,126138,1115.4,361.43,0.084079,350.1,0.005753,1031.4,139367,993.7,139438,1035.4,24.45,0.006773,0.0001707,0.0474,90341,333.9,0.000000,0.0001552,0.0483,115470,344.8,0.061046,0.0001496,0.0488,92004,333.9,0.000000,0.0000070,0.0474,121998,493.3,-0.009673
711.10,0.0131685,711.1,0.000000,15454.9,4494177,1323.4,98524,968.1,1.24,0.000259,531.1,0.000000,179.0,109435,384.7,112265,990.7,-0.14,-0.000032,171.1,0.087086,1186.8,387343,1443.3,137877,1138.4,347.78,0.086651,351.1,0.004266,1024.2,134902,983.7,135269,1027.2,19.82,0.005368,0.0001707,0.0474,91629,335.1,0.000000,0.0001564,0.0483,115934,345.1,0.059278,0.0001479,0.0488,92660,334.6,0.000000,0.0000067,0.0474,123056,513.9,-0.010382
712.08,0.0131866,712.1,0.000000,430.0,4831496,1399.3,97447,965.6,2.19,0.000455,532.1,0.000000,8817.9,110201,385.2,109917,985.9,4.09,0.000938,172.1,0.089341,1199.5,381283,1437.7,145896,1152.7,341.96,0.089034,352.1,0.002321,1017.5,130884,974.5,130918,1019.1,13.79,0.003644,0.0001707,0.0474,92696,336.2,0.000000,0.0001574,0.0483,116393,345.3,0.057220,0.0001463,0.0488,93303,335.2,0.000000,0.0000065,0.0474,123946,534.8,-0.011088
713.06,0.0132047,713.1,0.000000,100.0,5186143,1479.5,95998,962.3,2.91,0.000598,533.1,0.000000,100.0,110954,385.7,107770,981.4,3.48,0.000785,173.1,0.090998,1207.4,375205,1432.1,150604,1160.5,341.12,0.091062,353.1,0.001306,1011.6,126639,964.7,127336,1012.5,9.20,0.002379,0.0001707,0.0474,93612,337.1,0.000000,0.0001584,0.0483,116838,345.6,0.055327,0.0001446,0.0488,93959,335.9,0.000000,0.0000063,0.0474,124737,557.1,-0.011765
714.10,0.0132241,714.1,0.000000,1610.1,5579362,1569.0,94200,958.1,3.41,0.000690,534.1,0.000000,1774.0,111743,386.2,105855,977.3,3.25,0.000724,174.1,0.092626,1211.6,368702,1426.0,152597,1163.5,344.87,0.093047,354.1,0.000352,1001.9,122874,955.4,124099,1006.5,4.40,0.001116,0.0001707,0.0474,94418,337.9,0.000000,0.0001594,0.0483,117264,345.8,0.053464,0.0001429,0.0488,94652,336.6,0.000000,0.0000060,0.0474,122636,567.5,-0.010432
715.08,0.0132423,715.1,0.000000,582.2,5957249,1655.9,92394,953.8,3.68,0.000734,535.1,0.000000,1251.6,112443,386.6,103946,973.2,3.42,0.000751,175.1,0.094105,1213.2,362597,1420.3,152323,1162.6,350.59,0.094491,355.1,-0.000559,999.3,120426,948.7,121443,1001.4,0.52,0.000130,0.0001707,0.0474,95016,338.5,0.000000,0.0001603,0.0483,118216,346.5,0.049784,0.0001411,0.0488,95275,337.2,0.000000,0.0000059,0.0474,120779,574.0,-0.008381
716.07,0.0132605,716.1,0.000000,623.4,6339026,1744.7,90542,949.4,3.84,0.000753,536.1,0.000000,1383.5,113156,387.1,102308,969.7,2.90,0.000630,176.1,0.095407,1212.8,356489,1414.4,150933,1159.9,357.84,0.095790,356.1,-0.000782,997.2,118559,943.0,119439,997.6,-0.07,-0.000018,0.0001707,0.0474,95470,338.9,0.000000,0.0001612,0.0483,118589,346.7,0.049609,0.0001394,0.0488,95852,337.7,0.000000,0.0000058,0.0474,118944,577.3,-0.006742
717.05,0.0132787,717.1,0.000000,3102.7,6719362,1834.7,88689,944.8,3.90,0.000753,537.1,0.000000,100.0,113858,387.5,100831,966.4,2.79,0.000600,177.1,0.096820,1211.8,350372,1408.5,149157,1156.5,366.53,0.097249,357.1,-0.000715,993.8,117093,938.0,117688,994.2,-0.09,-0.000023,0.0001707,0.0474,95794,339.2,0.000000,0.0001621,0.0483,118973,346.9,0.047830,0.0001376,0.0488,96365,338.2,0.000000,0.0000057,0.0474,116960,577.9,-0.005195
718.10,0.0132982,718.1,0.000000,100.0,7117205,1930.9,86771,940.1,3.84,0.000730,538.1,0.000000,1133.5,114575,388.0,98939,962.2,3.53,0.000747,178.1,0.098234,1210.3,343837,1402.1,146884,1152.1,376.46,0.098731,358.1,-0.000616,990.8,115573,932.8,116111,991.1,-0.14,-0.000035,0.0001707,0.0474,96015,339.4,0.000000,0.0001630,0.0483,119881,347.6,0.044755,0.0001357,0.0488,96829,338.7,0.000000,0.0000056,0.0474,115498,578.9,-0.004350
719.09,0.0133164,719.1,0.000000,1131.7,7476954,2020.4,85094,935.9,3.64,0.000681,539.1,0.000000,100.0,115257,388.4,96498,956.7,4.92,0.001020,179.1,0.099570,1208.8,337704,1396.0,144626,1147.8,385.83,0.100008,359.1,-0.000566,988.3,114306,928.2,114830,988.6,-0.26,-0.000062,0.0001707,0.0474,96127,339.5,0.000000,0.0001638,0.0483,120216,347.7,0.044327,0.0001339,0.0488,97178,339.0,0.000000,0.0000056,0.0474,114256,579.0,-0.003333
720.01,0.0133335,0.0,-0.000000,482.2,7796178,2102.6,83687,932.3,3.33,0.000614,540.0,-0.000000,1607.1,115886,388.8,93539,949.8,6.38,0.001292,180.0,0.101249,1207.3,331977,1390.2,142546,1143.7,394.39,0.101111,360.0,-0.000608,986.1,113001,923.6,113759,986.5,-0.50,-0.000119,0.0001707,0.0474,96169,339.6,-0.000000,0.0001645,0.0483,120598,348.0,0.043428,0.0001322,0.0488,97426,339.3,0.000000,0.0000055,0.0474,113559,579.9,-0.001744
