theta_deg,t_s,phase1_deg,mdot_valve1_kg_s,T_valve1_K,p_cyl1_Pa,T_cyl1_K,p_port1_Pa,T_port1_K,u_port1_m_s,mdot_port1_kg_s,phase2_deg,mdot_valve2_kg_s,T_valve2_K,p_cyl2_Pa,T_cyl2_K,p_port2_Pa,T_port2_K,u_port2_m_s,mdot_port2_kg_s,phase3_deg,mdot_valve3_kg_s,T_valve3_K,p_cyl3_Pa,T_cyl3_K,p_port3_Pa,T_port3_K,u_port3_m_s,mdot_port3_kg_s,phase4_deg,mdot_valve4_kg_s,T_valve4_K,p_cyl4_Pa,T_cyl4_K,p_port4_Pa,T_port4_K,u_port4_m_s,mdot_port4_kg_s,m_cyl1_kg,f_res_ivc1,p_iport1_Pa,T_iport1_K,mdot_ivalve1_kg_s,m_cyl2_kg,f_res_ivc2,p_iport2_Pa,T_iport2_K,mdot_ivalve2_kg_s,m_cyl3_kg,f_res_ivc3,p_iport3_Pa,T_iport3_K,mdot_ivalve3_kg_s,m_cyl4_kg,f_res_ivc4,p_iport4_Pa,T_iport4_K,mdot_ivalve4_kg_s
1.07,0.0000296,1.1,0.000000,1082.5,7277760,2087.3,105778,739.1,1.97,0.000581,541.1,-0.000000,836.4,113786,351.4,94527,693.3,2.81,0.000789,181.1,0.079426,1095.0,234380,1195.4,139252,1060.2,295.17,0.079753,361.1,0.004038,468.8,93735,505.3,67427,580.2,12.46,0.002978,0.0001604,0.1025,88497,327.5,0.000000,0.0001788,0.1034,114745,332.9,-0.002482,0.0001085,0.1034,81949,320.8,-0.000000,0.0000084,0.1025,101878,336.7,0.016263
2.05,0.0000571,2.1,0.000000,2842.9,7580447,2178.2,104212,736.6,1.84,0.000535,542.1,0.000000,100.0,113795,351.4,92225,689.4,3.15,0.000866,182.1,0.079730,1094.7,228212,1187.8,139199,1059.8,295.87,0.079941,362.1,0.003820,461.7,95868,499.9,67723,573.3,12.12,0.002944,0.0001604,0.1025,87259,326.2,0.000000,0.0001787,0.1034,113821,332.1,-0.001855,0.0001063,0.1034,82407,321.3,-0.000000,0.0000087,0.1025,102537,337.1,0.015168
3.04,0.0000845,3.0,0.000000,100.0,7846534,2263.5,102816,734.3,1.65,0.000476,543.0,-0.000000,799.9,113724,351.5,89853,685.3,3.27,0.000881,183.0,0.079937,1095.8,222097,1180.0,140154,1061.2,294.53,0.080023,363.0,0.003521,455.3,97676,494.9,67844,566.6,11.21,0.002761,0.0001604,0.1025,86163,325.0,0.000000,0.0001786,0.1034,113984,332.6,-0.005934,0.0001041,0.1034,82850,321.8,0.000000,0.0000090,0.1025,103144,337.4,0.014469
4.08,0.0001132,4.1,0.000000,100.0,8080929,2345.7,101568,732.2,1.41,0.000403,544.1,0.000000,100.0,113631,351.4,87501,681.1,3.14,0.000829,184.1,0.080062,1097.9,215768,1171.8,141915,1063.9,291.79,0.080065,364.1,0.003217,449.0,99218,490.0,67869,560.0,10.23,0.002551,0.0001604,0.1025,85145,323.9,0.000000,0.0001784,0.1034,114201,333.0,-0.007403,0.0001018,0.1034,83308,322.3,-0.000000,0.0000093,0.1025,103729,337.7,0.013807
5.06,0.0001407,5.1,0.000000,752.0,8259972,2417.0,100559,730.6,1.23,0.000347,545.1,0.000000,100.0,113526,351.4,85464,677.4,2.90,0.000754,185.1,0.080107,1099.9,209778,1163.8,143674,1066.6,289.05,0.080092,365.1,0.002894,443.4,100441,485.5,67645,553.8,9.60,0.002413,0.0001604,0.1025,84272,323.0,0.000000,0.0001781,0.1034,114376,333.4,-0.008763,0.0000996,0.1034,83749,322.8,0.000000,0.0000096,0.1025,104091,337.8,0.013440
6.05,0.0001681,6.1,0.000000,12032.6,8392826,2480.5,99583,728.9,1.26,0.000353,546.1,0.000000,494.3,113405,351.4,83614,674.0,2.72,0.000694,186.1,0.080077,1101.5,203856,1155.8,145089,1068.7,286.72,0.080074,366.1,0.002577,437.5,101362,481.2,66995,547.2,9.41,0.002370,0.0001604,0.1025,83480,322.1,0.000000,0.0001778,0.1034,114504,333.8,-0.010133,0.0000974,0.1034,84200,323.3,-0.000000,0.0000099,0.1025,104433,337.9,0.012888
7.04,0.0001956,7.0,0.000000,257.3,8478755,2535.7,98415,726.9,1.57,0.000438,547.0,0.000000,447.7,113303,351.4,81865,670.8,2.65,0.000665,187.0,0.079774,1101.8,198019,1147.7,145943,1069.8,283.86,0.079661,367.0,0.002319,431.3,101994,477.1,65897,539.9,9.39,0.002357,0.0001604,0.1025,82757,321.3,0.000000,0.0001776,0.1034,113570,333.0,-0.010041,0.0000953,0.1034,84661,323.8,0.000000,0.0000102,0.1025,104761,338.0,0.012464
8.07,0.0002243,8.1,0.000000,188.0,8518922,2584.5,96827,724.2,2.07,0.000569,548.1,0.000000,1516.6,113155,351.3,80072,667.4,2.67,0.000660,188.1,0.079141,1101.9,192030,1139.2,146716,1070.7,280.21,0.078982,368.1,0.002074,425.1,102506,472.8,64648,532.5,8.69,0.002171,0.0001604,0.1025,82066,320.5,0.000000,0.0001772,0.1034,113207,333.0,-0.012375,0.0000930,0.1034,85150,324.3,0.000000,0.0000105,0.1025,104815,337.8,0.012623
9.06,0.0002517,9.1,0.000000,468.7,8511518,2622.5,95029,721.1,2.40,0.000651,549.1,-0.000000,6319.0,112970,351.2,78339,664.0,2.77,0.000672,189.1,0.078452,1102.2,186411,1131.0,147598,1071.9,276.33,0.078275,369.1,0.001809,419.3,103146,468.6,63713,526.7,7.35,0.001829,0.0001604,0.1025,81465,319.9,0.000000,0.0001768,0.1034,113742,334.0,-0.014931,0.0000908,0.1034,85617,324.8,-0.000000,0.0000108,0.1025,104368,337.1,0.013918
10.05,0.0002791,10.0,0.000000,100.0,8462010,2652.2,93209,717.9,2.40,0.000641,550.0,0.000000,289.2,112850,351.2,76611,660.6,2.79,0.000666,190.0,0.077732,1102.3,180902,1122.9,148430,1072.9,272.50,0.077551,370.0,0.001532,414.7,103403,464.6,63143,522.3,5.79,0.001440,0.0001604,0.1025,80922,319.2,0.000000,0.0001765,0.1034,112704,333.8,-0.012840,0.0000887,0.1034,86074,325.3,0.000000,0.0000111,0.1025,104445,337.0,0.013073
11.04,0.0003066,11.0,0.000000,100.0,8373931,2674.0,91586,715.0,2.14,0.000564,551.0,0.000000,777.0,112647,351.1,74990,657.4,2.64,0.000620,191.0,0.076970,1102.0,175501,1114.6,148900,1073.3,269.18,0.076820,371.0,0.001263,410.6,103490,460.7,62850,519.1,4.43,0.001102,0.0001604,0.1025,80439,318.7,0.000000,0.0001760,0.1034,113169,335.1,-0.016991,0.0000866,0.1034,86512,325.8,0.000000,0.0000115,0.1025,104441,336.7,0.013036
12.07,0.0003352,12.1,0.000000,1729.2,8245155,2688.9,90150,712.4,1.84,0.000480,552.1,0.000000,100.0,112460,351.0,73519,654.4,2.29,0.000529,192.1,0.076151,1100.9,169971,1106.0,148814,1072.7,266.43,0.076029,372.1,0.001023,406.9,103394,456.6,62728,516.8,3.32,0.000829,0.0001604,0.1025,79996,318.2,0.000000,0.0001755,0.1034,112813,335.7,-0.016689,0.0000844,0.1034,86947,326.2,0.000000,0.0000118,0.1025,104332,336.4,0.012978
13.06,0.0003627,13.1,0.000000,385.0,8091671,2696.1,88951,710.2,1.65,0.000425,553.1,0.000000,701.1,112279,350.9,72424,652.2,1.78,0.000407,193.1,0.075292,1098.9,164795,1097.7,148176,1071.3,264.41,0.075232,373.1,0.000807,403.7,103161,452.8,62682,515.1,2.53,0.000634,0.0001604,0.1025,79629,317.8,0.000000,0.0001750,0.1034,112101,335.9,-0.017442,0.0000823,0.1034,87346,326.7,0.000000,0.0000121,0.1025,104106,336.0,0.013055
14.04,0.0003901,14.0,0.000000,515.4,7913441,2697.3,87887,708.3,1.48,0.000378,554.0,-0.000000,608.1,112032,350.8,71678,650.6,1.19,0.000269,194.0,0.074416,1096.4,159728,1089.4,147092,1069.1,262.82,0.074388,374.0,0.000623,400.6,102813,449.0,62658,513.9,1.91,0.000479,0.0001604,0.1025,79311,317.4,0.000000,0.0001745,0.1034,112541,337.3,-0.020852,0.0000803,0.1034,87745,327.1,-0.000000,0.0000125,0.1025,103777,335.4,0.013229
15.08,0.0004188,15.1,0.000000,1007.1,7705855,2692.9,86914,706.5,1.30,0.000329,555.1,0.000000,100.0,111797,350.7,71265,649.7,0.58,0.000131,195.1,0.073484,1093.1,154549,1080.7,145568,1066.1,261.53,0.073461,375.1,0.000453,397.6,102351,445.0,62719,513.1,1.15,0.000289,0.0001604,0.1025,79020,317.1,0.000000,0.0001739,0.1034,112022,337.8,-0.020604,0.0000782,0.1034,88181,327.6,0.000000,0.0000129,0.1025,103342,334.8,0.013493
16.06,0.0004462,16.1,0.000000,1368.6,7491739,2684.0,86108,705.0,1.15,0.000288,556.1,0.000000,806.3,111558,350.5,71161,649.5,0.10,0.000022,196.1,0.072518,1089.4,149708,1072.4,143801,1062.7,260.58,0.072536,376.1,0.000289,395.2,101843,441.3,63012,513.3,0.16,0.000041,0.0001604,0.1025,78767,316.8,0.000000,0.0001733,0.1034,111581,338.4,-0.021831,0.0000762,0.1034,88636,328.0,0.000000,0.0000132,0.1025,102860,334.1,0.013849
17.05,0.0004736,17.0,0.000000,906.1,7266703,2671.4,85368,703.6,1.09,0.000272,557.0,0.000000,100.0,111310,350.4,71291,649.8,-0.31,-0.000070,197.0,0.071543,1085.3,144978,1064.0,141734,1058.7,259.94,0.071585,377.0,0.000166,393.1,101290,437.6,63529,514.4,-0.58,-0.000146,0.0001604,0.1025,78523,316.5,0.000000,0.0001726,0.1034,111072,338.9,-0.022891,0.0000742,0.1034,89161,328.6,0.000000,0.0000136,0.1025,102340,333.4,0.014306
18.04,0.0005010,18.0,0.000000,412.9,7034544,2655.8,84601,702.1,1.15,0.000286,558.0,0.000000,1440.3,111032,350.2,71605,650.5,-0.58,-0.000132,198.0,0.070541,1080.6,140357,1055.7,139340,1054.1,259.67,0.070610,378.0,0.000084,391.6,100709,434.0,64478,517.0,-2.14,-0.000548,0.0001604,0.1025,78271,316.2,0.000000,0.0001720,0.1034,110915,339.8,-0.024754,0.0000723,0.1034,89811,329.3,0.000000,0.0000140,0.1025,101802,332.6,0.014862
19.07,0.0005297,19.1,0.000000,537.3,6787800,2636.9,83824,700.6,1.06,0.000262,559.1,0.000000,100.0,110732,350.0,71894,651.2,-0.41,-0.000094,199.1,0.067305,1074.2,135800,1047.2,135192,1047.1,254.36,0.067554,379.1,-0.000263,484.0,100171,430.3,73378,542.5,-22.80,-0.006344,0.0001604,0.1025,77989,315.9,0.000000,0.0001712,0.1034,110711,340.7,-0.025806,0.0000704,0.1034,90687,330.2,-0.000000,0.0000145,0.1025,101254,331.8,0.015508
20.05,0.0005571,20.1,0.000000,835.3,6550819,2616.9,83370,699.7,0.54,0.000133,560.1,0.000000,109.8,110449,349.9,71926,651.2,0.04,0.000009,200.1,0.063703,1068.2,131723,1039.3,131467,1041.0,249.56,0.064834,380.1,-0.002411,525.0,100188,427.9,96713,605.6,-41.99,-0.013795,0.0001604,0.1025,77705,315.6,0.000000,0.0001705,0.1034,110188,341.2,-0.026246,0.0000686,0.1034,91757,331.3,0.000000,0.0000150,0.1025,100970,331.3,0.015757
21.04,0.0005845,21.0,0.000000,100.0,6304857,2591.5,83420,699.8,-0.22,-0.000055,561.0,0.000000,3163.9,110149,349.7,71699,650.8,0.46,0.000105,201.0,0.060368,1062.4,127905,1031.8,127699,1035.0,243.08,0.061694,381.0,-0.003350,650.5,100348,426.7,114197,648.7,-26.86,-0.009728,0.0001604,0.1025,77417,315.2,0.000000,0.0001698,0.1034,109922,341.9,-0.027571,0.0000670,0.1034,93069,332.6,0.000000,0.0000155,0.1025,101034,331.1,0.014939
22.07,0.0006131,22.1,0.000000,158.7,6054914,2565.3,83870,700.8,-0.67,-0.000165,562.1,-0.000000,333.7,109839,349.5,71411,650.2,0.42,0.000096,202.1,0.057452,1057.0,124151,1024.3,124317,1029.8,235.94,0.058594,382.1,-0.001987,177.6,99941,424.5,121118,665.5,-9.56,-0.003579,0.0001604,0.1025,77131,314.9,0.000000,0.0001689,0.1034,109505,342.6,-0.028036,0.0000653,0.1034,94670,334.2,0.000000,0.0000160,0.1025,100861,330.7,0.015163
23.06,0.0006405,23.1,0.000000,1768.8,5823236,2540.5,84088,701.2,-0.17,-0.000041,563.1,0.000000,1271.5,109540,349.3,71378,650.1,-0.03,-0.000008,203.1,0.053816,1052.3,120832,1017.4,120927,1024.7,226.67,0.055027,383.1,0.000000,552.5,98926,420.9,122956,669.3,-1.33,-0.000504,0.0001604,0.1025,76896,314.6,0.000000,0.0001682,0.1034,109289,343.3,-0.028809,0.0000639,0.1034,96352,335.9,-0.000000,0.0000164,0.1025,100220,329.8,0.016316
24.05,0.0006679,24.0,0.000000,300.4,5599087,2516.1,83814,700.7,0.59,0.000146,564.0,-0.000000,214.9,109259,349.1,71662,650.7,-0.64,-0.000144,204.0,0.050395,1046.8,117766,1010.9,117363,1019.1,215.57,0.051067,384.0,0.000000,3807.8,98051,417.4,124387,672.3,-2.04,-0.000778,0.0001604,0.1025,76737,314.4,0.000000,0.0001674,0.1034,108877,343.7,-0.028627,0.0000625,0.1034,98087,337.6,-0.000000,0.0000169,0.1025,99377,328.7,0.017674
25.03,0.0006953,25.0,0.000000,371.9,5382655,2492.1,83086,699.3,1.17,0.000285,565.0,-0.000000,100.0,109026,349.0,72592,652.8,-2.10,-0.000480,205.0,0.047046,964.5,114945,1004.7,112862,1011.6,199.49,0.045785,385.0,0.000000,1366.7,97261,414.0,128866,681.5,-5.15,-0.002004,0.0001604,0.1025,76691,314.4,0.000000,0.0001666,0.1034,108024,343.7,-0.027257,0.0000612,0.1034,99781,339.2,0.000000,0.0000174,0.1025,98578,327.6,0.018741
26.06,0.0007240,26.1,0.000000,4181.8,5164751,2467.5,82276,697.7,1.13,0.000274,566.1,0.000000,100.0,108841,348.9,77221,662.8,-9.98,-0.002392,206.1,0.045979,1036.4,112090,998.4,111682,1009.6,197.86,0.045021,386.1,0.000000,854.3,96474,410.5,136295,696.4,-7.12,-0.002868,0.0001604,0.1025,76764,314.5,0.000000,0.0001659,0.1034,106975,343.3,-0.025584,0.0000599,0.1034,101431,340.8,-0.000000,0.0000180,0.1025,97783,326.6,0.019543
27.05,0.0007514,27.1,0.000000,2514.0,4964355,2444.3,81665,696.5,0.90,0.000217,567.1,0.000000,100.0,108720,348.9,87887,684.5,-17.16,-0.004531,207.1,0.042343,960.3,109619,992.7,108572,1004.2,186.64,0.041510,387.1,0.000000,100.0,95726,407.3,144057,711.4,-6.69,-0.002786,0.0001604,0.1025,76952,314.7,0.000000,0.0001652,0.1034,105960,342.9,-0.023894,0.0000587,0.1034,102860,342.1,-0.000000,0.0000185,0.1025,97037,325.5,0.020127
28.04,0.0007788,28.0,0.000000,100.0,4771783,2421.5,81129,695.4,0.84,0.000202,568.0,0.000000,100.0,108655,348.9,97552,702.8,-11.67,-0.003333,208.0,0.040918,1028.0,107258,987.2,107723,1002.8,186.14,0.041133,388.0,0.000000,100.0,94968,404.1,148345,719.4,-2.64,-0.001122,0.0001604,0.1025,77230,315.0,0.000000,0.0001646,0.1034,104956,342.4,-0.022270,0.0000576,0.1034,104141,343.3,-0.000000,0.0000191,0.1025,96291,324.5,0.020590
29.07,0.0008074,29.1,0.000000,530.1,4578734,2398.0,80445,694.1,1.12,0.000267,569.1,0.000000,707.8,108644,349.0,102002,710.9,-3.98,-0.001176,209.1,0.037241,954.9,105060,982.0,103293,994.5,169.91,0.036301,389.1,-0.000000,2033.6,94172,400.9,147929,719.1,0.95,0.000401,0.0001604,0.1025,77577,315.4,0.000000,0.0001640,0.1034,103906,341.8,-0.020666,0.0000565,0.1034,105340,344.4,-0.000000,0.0000197,0.1025,95512,323.4,0.021067
30.05,0.0008349,30.1,0.000000,100.0,4401866,2376.1,79347,691.9,1.96,0.000462,570.1,0.000000,409.8,108687,349.1,102402,711.6,0.09,0.000028,210.1,0.037079,952.5,102981,977.0,102082,992.2,170.26,0.036036,390.1,-0.000000,1098.8,93417,397.9,145970,716.9,1.66,0.000695,0.0001604,0.1025,77921,315.8,0.000000,0.0001635,0.1034,102895,341.2,-0.019137,0.0000555,0.1034,106374,345.4,-0.000000,0.0000203,0.1025,94776,322.4,0.021601
31.04,0.0008623,31.0,0.000000,822.2,4232455,2354.5,77480,688.1,3.25,0.000753,571.0,0.000000,774.2,108782,349.2,101209,709.7,1.56,0.000457,211.0,0.036342,1013.7,100963,972.0,101127,990.0,173.47,0.036453,391.0,0.000000,1072.7,92681,395.0,144349,715.1,1.30,0.000541,0.0001604,0.1025,78247,316.2,0.000000,0.0001630,0.1034,101880,340.5,-0.017717,0.0000545,0.1034,107314,346.2,0.000000,0.0000209,0.1025,94060,321.4,0.022187
32.07,0.0008909,32.1,0.000000,100.0,4063122,2332.4,75071,683.2,3.78,0.000855,572.1,-0.000000,100.0,108935,349.4,99905,707.6,1.48,0.000430,212.1,0.034759,1008.2,98975,967.0,98688,984.5,171.29,0.035322,392.1,0.000000,443.2,91941,392.1,142990,713.5,1.15,0.000474,0.0001604,0.1025,78550,316.5,0.000000,0.0001626,0.1034,100816,339.7,-0.016336,0.0000535,0.1034,108205,347.0,-0.000000,0.0000215,0.1025,93342,320.3,0.022849
33.06,0.0009183,33.1,0.000000,2337.1,3908386,2311.7,73129,679.0,3.09,0.000684,573.1,0.000000,4091.1,109131,349.7,99263,706.5,0.54,0.000157,213.1,0.035160,1003.4,97058,962.1,97444,980.9,175.91,0.035947,393.1,0.000000,1272.1,91270,389.3,141434,711.7,1.47,0.000601,0.0001604,0.1025,78797,316.8,0.000000,0.0001621,0.1034,99794,338.9,-0.015025,0.0000526,0.1034,108977,347.7,-0.000000,0.0000222,0.1025,92694,319.4,0.023561
34.05,0.0009457,34.0,0.000000,6413.6,3760497,2291.4,71867,676.3,1.95,0.000426,574.0,0.000000,115.1,109375,349.9,99700,707.3,-0.88,-0.000256,214.0,0.034752,998.0,95178,957.3,95564,975.6,178.33,0.035932,394.0,0.000000,119.9,90637,386.7,139572,709.6,1.68,0.000680,0.0001604,0.1025,79008,317.0,0.000000,0.0001618,0.1034,98771,338.1,-0.013812,0.0000516,0.1034,109673,348.4,-0.000000,0.0000229,0.1025,92089,318.4,0.024287
35.08,0.0009743,35.1,0.000000,1036.7,3612960,2270.6,71563,675.7,0.03,0.000007,575.1,-0.000000,100.0,109681,350.3,101333,710.3,-2.16,-0.000635,215.1,0.034959,992.4,93209,952.1,93886,970.4,182.97,0.036417,395.1,0.000000,1068.1,90019,384.1,137901,707.6,1.30,0.000520,0.0001604,0.1025,79199,317.3,0.000000,0.0001614,0.1034,97710,337.2,-0.012638,0.0000506,0.1034,110315,348.9,0.000000,0.0000236,0.1025,91498,317.5,0.025053
36.06,0.0010017,36.1,0.000000,6767.2,3478339,2251.1,73004,678.9,-3.51,-0.000776,576.1,-0.000000,100.0,110020,350.6,103392,713.9,-2.61,-0.000778,216.1,0.034043,920.4,91395,947.3,90434,961.2,178.24,0.034496,396.1,0.000000,1000.2,89468,381.6,137319,706.9,0.31,0.000124,0.0001604,0.1025,79364,317.5,0.000000,0.0001611,0.1034,96716,336.3,-0.011529,0.0000497,0.1034,110842,349.4,0.000000,0.0000243,0.1025,90972,316.7,0.025823
37.05,0.0010291,37.0,0.000000,434.5,3349836,2232.0,77396,688.5,-8.22,-0.001901,577.0,0.000000,100.0,110404,351.0,105974,718.5,-3.38,-0.001027,217.0,0.035185,913.2,89514,942.2,88522,954.8,182.22,0.034753,397.0,0.000000,842.2,88955,379.3,137636,707.5,-0.40,-0.000159,0.0001604,0.1025,79521,317.6,0.000000,0.0001608,0.1034,95762,335.5,-0.010504,0.0000487,0.1034,111280,349.8,-0.000000,0.0000250,0.1025,90479,315.9,0.026559
38.03,0.0010565,38.0,0.000000,100.0,3227193,2213.3,82860,699.9,-8.32,-0.002025,578.0,-0.000000,1018.0,110833,351.4,110207,725.8,-5.52,-0.001723,218.0,0.036233,974.4,87573,936.9,88033,951.1,194.87,0.037102,398.0,0.000000,2636.0,88474,377.1,138195,708.6,-0.50,-0.000200,0.0001604,0.1025,79675,317.8,0.000000,0.0001605,0.1034,94857,334.7,-0.009533,0.0000477,0.1034,111636,350.1,-0.000000,0.0000258,0.1025,90015,315.1,0.027260
39.06,0.0010851,39.1,0.000000,347.6,3104972,2194.2,87039,708.2,-5.27,-0.001333,579.1,0.000000,802.4,111328,351.9,116627,736.6,-7.06,-0.002299,219.1,0.035038,897.4,85634,931.5,84554,941.0,192.12,0.035513,399.1,0.000000,100.0,88001,374.8,138591,709.3,-0.29,-0.000118,0.0001604,0.1025,79837,318.0,0.000000,0.0001603,0.1034,93967,333.9,-0.008595,0.0000467,0.1034,111930,350.4,-0.000000,0.0000266,0.1025,89557,314.3,0.027934
40.05,0.0011124,40.0,0.000000,408.1,2993534,2176.3,89157,712.4,-2.55,-0.000656,580.0,0.000000,781.1,111846,352.4,122592,746.4,-5.94,-0.002007,220.0,0.036954,961.0,83661,926.0,83761,936.4,204.11,0.037556,400.0,0.000000,670.8,87572,372.7,138749,709.6,-0.11,-0.000045,0.0001604,0.1025,79998,318.2,0.000000,0.0001601,0.1034,93168,333.1,-0.007712,0.0000457,0.1034,112148,350.6,-0.000000,0.0000273,0.1025,89142,313.6,0.028569
41.03,0.0011398,41.0,0.000000,100.0,2887180,2158.7,89714,713.5,-0.38,-0.000099,581.0,-0.000000,1371.1,112407,352.9,126700,753.0,-3.70,-0.001280,221.0,0.036586,954.4,81718,920.4,81742,929.3,208.89,0.037796,401.0,-0.000000,395.2,87164,370.7,138787,709.7,-0.02,-0.000009,0.0001604,0.1025,80163,318.4,0.000000,0.0001599,0.1034,92419,332.4,-0.006902,0.0000447,0.1034,112313,350.7,0.000000,0.0000281,0.1025,88750,312.9,0.029172
42.06,0.0011684,42.1,0.000000,100.0,2781184,2140.8,89095,712.3,1.05,0.000271,582.1,0.000000,100.0,113039,353.5,128947,756.5,-1.74,-0.000611,222.1,0.036444,947.0,79702,914.5,79261,921.4,211.49,0.037423,402.1,-0.000000,499.4,86761,368.7,138771,709.7,0.03,0.000012,0.0001604,0.1025,80340,318.6,0.000000,0.0001597,0.1034,91685,331.7,-0.006128,0.0000437,0.1034,112435,350.8,-0.000000,0.0000290,0.1025,88366,312.2,0.029789
43.05,0.0011958,43.0,0.000000,100.0,2684524,2124.0,88113,710.5,1.41,0.000359,583.0,0.000000,100.0,113686,354.1,129765,757.8,-0.61,-0.000216,223.0,0.036956,940.4,77745,908.8,77341,914.8,215.89,0.037548,403.0,0.000000,329.5,86399,366.9,138615,709.5,0.19,0.000077,0.0001604,0.1025,80511,318.7,0.000000,0.0001596,0.1034,91029,331.1,-0.005407,0.0000426,0.1034,112509,350.9,-0.000000,0.0000298,0.1025,88022,311.6,0.030419
44.03,0.0012232,44.0,0.000000,2216.8,2592267,2107.5,87148,708.7,1.37,0.000345,584.0,0.000000,786.0,114374,354.8,129968,758.1,-0.14,-0.000048,224.0,0.036482,858.3,75824,903.0,74479,906.0,213.26,0.036064,404.0,-0.000000,327.2,86060,365.1,138147,708.9,0.51,0.000203,0.0001604,0.1025,80682,318.9,0.000000,0.0001594,0.1034,90413,330.5,-0.004752,0.0000416,0.1034,112549,350.9,-0.000000,0.0000307,0.1025,87701,311.0,0.031046
45.06,0.0012518,45.1,0.000000,100.0,2500290,2090.6,86309,707.1,1.08,0.000272,585.1,0.000000,1141.3,115138,355.5,130108,758.4,-0.19,-0.000067,225.1,0.037220,927.2,73770,896.7,73526,901.9,222.47,0.037310,405.1,0.000000,311.5,85731,363.3,137227,707.8,0.89,0.000357,0.0001604,0.1025,80860,319.1,0.000000,0.0001593,0.1034,89805,329.9,-0.004133,0.0000406,0.1034,112566,350.9,0.000000,0.0000316,0.1025,87386,310.4,0.031682
46.05,0.0012792,46.0,0.000000,1337.0,2416404,2074.8,85904,706.4,0.42,0.000105,586.0,0.000000,182.9,115910,356.2,130519,759.0,-0.43,-0.000151,226.0,0.036284,921.3,71869,890.7,72020,896.6,225.96,0.037338,406.0,-0.000000,997.0,85438,361.7,135977,706.3,1.22,0.000484,0.0001604,0.1025,81031,319.3,0.000000,0.0001592,0.1034,89250,329.4,-0.003563,0.0000396,0.1034,112578,350.9,0.000000,0.0000325,0.1025,87102,309.8,0.032291
47.04,0.0013065,47.0,0.000000,1421.0,2336318,2059.4,86078,706.7,-0.42,-0.000105,587.0,-0.000000,7830.7,116723,356.9,130854,759.5,-0.27,-0.000095,227.0,0.034429,839.6,70093,885.0,68621,887.1,214.43,0.034119,407.0,0.000000,1566.2,85161,360.1,134425,704.5,1.51,0.000591,0.0001604,0.1025,81211,319.5,0.000000,0.0001591,0.1034,88709,328.8,-0.003054,0.0000386,0.1034,112601,351.0,0.000000,0.0000334,0.1025,86831,309.3,0.032843
48.07,0.0013352,48.1,0.000000,1437.3,2256448,2043.6,86720,708.0,-0.97,-0.000245,588.1,-0.000000,652.2,117615,357.7,131061,759.9,-0.21,-0.000075,228.1,0.034843,908.9,68210,878.9,68002,884.6,220.15,0.034813,408.1,0.000000,1010.9,84887,358.5,132521,702.2,1.78,0.000692,0.0001604,0.1025,81419,319.8,0.000000,0.0001591,0.1034,88149,328.3,-0.002584,0.0000376,0.1034,112655,351.0,0.000000,0.0000343,0.1025,86560,308.8,0.033359
49.05,0.0013625,49.1,0.000000,465.5,2183551,2028.8,87418,709.4,-0.97,-0.000246,589.1,-0.000000,1225.4,118509,358.4,131839,761.1,-1.11,-0.000394,229.1,0.032732,902.9,66547,873.3,65756,878.2,211.84,0.032629,409.1,0.000000,2637.6,84635,357.1,130466,699.7,2.02,0.000773,0.0001604,0.1025,81655,320.0,0.000000,0.0001590,0.1034,87607,327.7,-0.002164,0.0000367,0.1034,112736,351.1,-0.000000,0.0000352,0.1025,86312,308.4,0.033834
50.04,0.0013899,50.0,0.000000,1234.5,2113908,2014.3,87863,710.2,-0.51,-0.000131,590.0,0.000000,1477.2,119443,359.3,136182,767.8,-5.42,-0.001978,230.0,0.031793,898.3,64947,867.8,64520,874.6,208.98,0.031713,410.0,0.000000,2733.4,84394,355.7,128263,696.9,2.17,0.000820,0.0001604,0.1025,81948,320.3,0.000000,0.0001590,0.1034,87058,327.1,-0.001800,0.0000359,0.1034,112824,351.2,0.000000,0.0000362,0.1025,86073,307.9,0.034274
51.07,0.0014185,51.1,0.000000,1261.2,2044404,1999.4,87846,710.2,0.17,0.000042,591.1,0.000000,192.3,120462,360.1,147031,784.1,-9.97,-0.003846,231.1,0.030134,893.3,63388,862.4,62889,869.9,202.11,0.030057,411.1,0.000000,451.3,84151,354.3,125956,694.0,2.18,0.000814,0.0001604,0.1025,82346,320.8,0.000000,0.0001589,0.1034,86482,326.5,-0.001474,0.0000350,0.1034,112888,351.2,0.000000,0.0000372,0.1025,85833,307.5,0.034708
52.05,0.0014459,52.1,0.000000,592.9,1980936,1985.5,87390,709.4,0.77,0.000195,592.1,0.000000,503.1,121476,361.0,157267,799.0,-7.67,-0.003105,232.1,0.029048,888.8,61968,857.3,61550,865.8,197.42,0.028872,412.1,0.000000,732.7,83926,353.0,123823,691.3,2.15,0.000791,0.0001604,0.1025,82836,321.3,0.000000,0.0001589,0.1034,85940,325.9,-0.001190,0.0000342,0.1034,112897,351.2,-0.000000,0.0000381,0.1025,85617,307.1,0.035112
53.04,0.0014733,53.0,0.000000,454.2,1920270,1971.9,86613,707.9,1.21,0.000304,593.0,-0.000000,490.0,122529,361.9,162746,806.7,-3.45,-0.001434,233.0,0.028286,884.8,60598,852.3,60781,863.0,198.11,0.028702,413.0,0.000000,1984.6,83707,351.7,121735,688.6,2.14,0.000779,0.0001604,0.1025,83433,322.0,0.000000,0.0001589,0.1034,85420,325.4,-0.000948,0.0000334,0.1034,112852,351.2,0.000000,0.0000391,0.1025,85421,306.7,0.035455
54.07,0.0015019,54.1,0.000000,11488.3,1859690,1958.0,85559,705.9,1.54,0.000384,594.1,0.000000,100.0,123672,362.8,164205,808.8,-0.52,-0.000218,234.1,0.026921,879.5,59258,847.4,59181,857.7,194.09,0.027547,414.1,0.000000,306.1,83483,350.5,119614,685.8,2.11,0.000756,0.0001604,0.1025,84149,322.8,0.000000,0.0001588,0.1034,84915,324.9,-0.000735,0.0000327,0.1034,112731,351.1,-0.000000,0.0000401,0.1025,85226,306.3,0.035786
55.05,0.0015293,55.1,0.000000,1184.2,1804326,1944.9,84397,703.7,1.76,0.000435,595.1,0.000000,100.0,124806,363.8,163371,807.8,0.85,0.000352,235.1,0.026097,810.3,58029,842.7,57226,851.0,187.63,0.025954,415.1,0.000000,999.0,83274,349.3,117694,683.3,2.01,0.000713,0.0001604,0.1025,84890,323.6,0.000000,0.0001588,0.1034,84473,324.4,-0.000554,0.0000320,0.1034,112564,350.9,0.000000,0.0000411,0.1025,85048,306.0,0.036115
56.04,0.0015566,56.0,0.000000,100.0,1751357,1932.1,83154,701.3,1.89,0.000461,596.0,0.000000,1502.7,125979,364.7,161771,806.0,1.34,0.000554,236.0,0.026557,870.0,56770,837.9,56855,848.7,193.73,0.026698,416.0,0.000000,786.4,83073,348.2,115950,680.9,1.85,0.000646,0.0001604,0.1025,85669,324.4,0.000000,0.0001588,0.1034,84075,323.9,-0.000408,0.0000312,0.1034,112373,350.8,0.000000,0.0000421,0.1025,84882,305.7,0.036459
57.07,0.0015852,57.1,0.000000,2370.2,1698410,1919.1,81828,698.7,1.93,0.000465,597.1,0.000000,125.2,127249,365.7,159327,803.2,2.03,0.000828,237.1,0.025385,865.1,55533,833.1,55570,844.0,191.27,0.025905,417.1,0.000000,100.0,82875,347.1,114300,678.7,1.71,0.000593,0.0001604,0.1025,86531,325.3,0.000000,0.0001588,0.1034,83702,323.5,-0.000290,0.0000305,0.1034,112167,350.6,0.000000,0.0000432,0.1025,84721,305.4,0.036847
58.05,0.0016126,58.1,0.000000,100.0,1649969,1906.8,80666,696.4,1.74,0.000415,598.1,0.000000,1443.1,128505,366.8,156100,799.4,2.71,0.001089,238.1,0.024517,860.8,54404,828.6,54498,840.3,187.57,0.025024,418.1,0.000000,606.9,82698,346.1,112741,676.6,1.76,0.000603,0.0001604,0.1025,87441,326.3,0.000000,0.0001588,0.1034,83385,323.2,-0.000200,0.0000298,0.1034,111968,350.4,0.000000,0.0000442,0.1025,84577,305.2,0.037254
59.04,0.0016400,59.0,0.000000,1091.7,1603575,1894.8,79790,694.7,1.26,0.000298,599.0,0.000000,100.0,129802,367.8,152334,794.9,3.17,0.001248,239.0,0.022972,857.3,53375,824.4,53227,836.4,176.64,0.023124,419.0,0.000000,512.5,82532,345.1,111041,674.2,1.96,0.000665,0.0001604,0.1025,88487,327.4,0.000000,0.0001588,0.1034,83106,322.9,-0.000138,0.0000292,0.1034,111764,350.2,-0.000000,0.0000452,0.1025,84438,304.9,0.037635
60.07,0.0016686,60.1,0.000000,100.0,1557152,1882.5,79286,693.7,0.60,0.000142,600.1,0.000000,439.5,131203,368.9,148212,789.9,3.26,0.001259,240.1,0.020765,799.2,52449,820.5,51921,832.9,156.02,0.020008,420.1,0.000000,842.3,82369,344.1,109165,671.6,2.05,0.000685,0.0001604,0.1025,89769,328.7,0.000000,0.0001588,0.1034,82852,322.6,-0.000096,0.0000286,0.1034,111545,350.0,-0.000000,0.0000463,0.1025,84294,304.7,0.037964
61.05,0.0016959,61.1,0.000000,100.0,1514639,1871.0,79410,693.9,-0.42,-0.000099,601.1,0.000000,315.3,132589,370.0,144864,785.7,2.73,0.001034,241.1,0.018279,803.2,51727,817.4,51622,833.2,138.80,0.017690,421.1,0.000000,657.2,82217,343.2,107522,669.2,1.85,0.000610,0.0001604,0.1025,91178,330.1,0.000000,0.0001588,0.1034,82606,322.3,-0.000011,0.0000281,0.1034,111338,349.8,-0.000000,0.0000473,0.1025,84154,304.5,0.038210
62.04,0.0017233,62.0,0.000000,471.5,1473885,1859.7,80590,696.4,-2.37,-0.000565,602.0,-0.000000,4053.1,134014,381.0,142183,782.4,2.29,0.000856,242.0,0.016345,855.9,51132,814.7,51762,835.1,129.44,0.016504,422.0,0.000000,285.8,82066,342.3,106350,667.5,1.22,0.000400,0.0001604,0.1025,92727,331.7,0.000000,0.0001588,0.1034,82404,322.1,0.000000,0.0000277,0.1034,111141,349.6,-0.000000,0.0000484,0.1025,84015,304.2,0.038378
63.07,0.0017519,63.1,0.000000,1020.3,1433070,1848.2,83608,702.6,-4.98,-0.001218,603.1,0.000000,970.2,135551,382.2,139613,779.1,2.20,0.000810,243.1,0.014366,855.1,50649,812.4,51206,834.6,117.73,0.014859,423.1,0.000000,221.9,81907,341.4,105908,666.9,0.32,0.000104,0.0001604,0.1025,94441,333.4,0.000000,0.0001588,0.1034,82209,321.9,0.000000,0.0000273,0.1034,110955,349.5,0.000000,0.0000495,0.1025,83872,304.0,0.038510
64.05,0.0017792,64.1,0.000000,406.1,1395659,1837.4,87422,710.2,-5.62,-0.001424,604.1,0.000000,508.0,137069,383.4,137200,776.0,2.20,0.000798,244.1,0.011501,801.0,50381,811.0,49945,831.4,84.41,0.010431,424.1,0.000000,24734.2,81757,340.6,105994,667.1,-0.14,-0.000045,0.0001604,0.1025,96136,335.1,0.000000,0.0001588,0.1034,82001,321.7,0.000000,0.0000269,0.1034,110795,349.3,0.000000,0.0000506,0.1025,83739,303.8,0.038648
65.04,0.0018066,65.0,0.000000,100.0,1359763,1826.8,90816,716.8,-4.56,-0.001189,605.0,0.000000,100.0,138635,384.6,134864,772.9,2.15,0.000773,245.0,0.005748,830.8,50506,811.1,52558,841.0,21.12,0.002715,425.0,0.000000,100.0,81609,339.8,105967,667.1,0.13,0.000042,0.0001604,0.1025,97874,336.8,0.000000,0.0001588,0.1034,81747,321.4,0.000000,0.0000268,0.1034,110644,349.2,-0.000000,0.0000516,0.1025,83609,303.6,0.038810
66.07,0.0018352,66.1,0.000000,2517.7,1323780,1815.9,93399,721.7,-3.08,-0.000820,606.1,0.000000,100.0,140326,385.8,132500,769.8,2.14,0.000757,246.1,-0.003895,840.2,51346,813.9,53409,844.6,-56.45,-0.007343,426.1,0.000000,589.0,81459,339.0,105148,665.9,1.22,0.000398,0.0001604,0.1025,99731,338.6,0.000000,0.0001588,0.1034,81413,321.0,0.000000,0.0000269,0.1034,110478,349.0,0.000000,0.0000527,0.1025,83466,303.4,0.038971
67.05,0.0018625,67.1,0.000000,833.3,1290764,1805.7,94835,724.3,-1.63,-0.000439,607.1,0.000000,100.0,141995,387.1,130246,766.7,2.16,0.000756,247.1,-0.009592,848.3,52585,818.5,53897,846.1,-79.93,-0.010474,427.1,0.000000,1108.5,81314,338.3,103433,663.4,2.24,0.000718,0.0001604,0.1025,101523,340.3,0.000000,0.0001588,0.1034,81021,320.6,0.000000,0.0000272,0.1034,110297,348.9,0.000000,0.0000538,0.1025,83302,303.2,0.039010
68.03,0.0018899,68.0,0.000000,232.1,1259054,1795.7,95261,725.1,-0.33,-0.000088,608.0,0.000000,966.6,143717,388.4,128081,763.8,2.09,0.000720,248.0,-0.009684,868.1,53867,823.1,55326,851.1,-74.21,-0.009924,428.0,0.000000,419.0,81157,337.6,101326,660.2,2.60,0.000821,0.0001604,0.1025,103282,341.9,0.000000,0.0001588,0.1034,80565,320.0,0.000000,0.0000274,0.1034,110081,348.7,-0.000000,0.0000549,0.1025,83112,303.0,0.038846
69.06,0.0019184,69.1,0.000000,1913.7,1227240,1785.5,94970,724.6,0.51,0.000137,609.1,0.000000,629.3,145576,389.7,126023,760.9,1.91,0.000652,249.1,-0.008907,854.9,55183,827.7,56097,853.5,-64.73,-0.008751,429.1,0.000000,813.3,80975,336.8,99364,657.3,2.24,0.000697,0.0001604,0.1025,105017,343.5,0.000000,0.0001588,0.1034,80043,319.4,0.000000,0.0000277,0.1034,109807,348.4,-0.000000,0.0000560,0.1025,82878,302.7,0.038519
70.05,0.0019458,70.0,0.000000,2350.8,1198022,1776.0,94251,723.4,1.08,0.000290,610.0,0.000000,544.9,147413,391.1,124204,758.4,1.83,0.000618,250.0,-0.007419,857.5,56365,831.7,57099,856.9,-54.27,-0.007439,430.0,0.000000,341.7,80776,336.1,97944,655.1,1.72,0.000530,0.0001604,0.1025,106524,344.9,0.000000,0.0001588,0.1034,79528,318.9,0.000000,0.0000279,0.1034,109497,348.2,-0.000000,0.0000570,0.1025,82617,302.4,0.038013
71.08,0.0019743,71.1,0.000000,1252.5,1168671,1766.2,93121,721.4,1.53,0.000406,611.1,0.000000,100.0,149397,392.5,122249,755.6,1.96,0.000653,251.1,-0.006363,860.5,57553,835.5,58107,860.1,-46.34,-0.006440,431.1,0.000000,100.0,80538,335.4,96813,653.4,1.33,0.000406,0.0001604,0.1025,107912,346.2,0.000000,0.0001588,0.1034,79006,318.3,0.000000,0.0000281,0.1034,109131,347.8,-0.000000,0.0000581,0.1025,82314,302.1,0.037360
72.06,0.0020017,72.1,0.000000,100.0,1141699,1757.0,91994,719.3,1.48,0.000390,612.1,0.000000,952.5,151357,393.9,120124,752.6,2.30,0.000755,252.1,-0.005795,863.7,58679,839.1,59096,863.1,-43.45,-0.006120,432.1,0.000000,492.7,80281,334.6,95994,652.1,1.02,0.000307,0.0001604,0.1025,109057,347.2,0.000000,0.0001588,0.1034,78551,317.7,0.000000,0.0000282,0.1034,108747,347.5,0.000000,0.0000591,0.1025,82008,301.8,0.036658
73.04,0.0020290,73.0,0.000000,2028.8,1115761,1748.0,91121,717.8,1.13,0.000294,613.0,0.000000,1352.1,153380,395.3,117634,749.0,2.74,0.000884,253.0,-0.005721,867.5,59832,842.7,60429,867.1,-43.80,-0.006279,433.0,0.000000,1712.2,80002,333.9,95381,651.1,0.77,0.000232,0.0001604,0.1025,110039,348.1,0.000000,0.0001588,0.1034,78158,317.3,0.000000,0.0000284,0.1034,108337,347.1,0.000000,0.0000601,0.1025,81697,301.4,0.036027
74.07,0.0020576,74.1,0.000000,1645.6,1089704,1738.7,90563,716.7,0.56,0.000147,614.1,0.000000,4600.0,155564,396.8,114718,744.6,3.09,0.000978,254.1,-0.006257,871.1,61117,846.7,61610,870.6,-46.53,-0.006774,434.1,0.000000,100.0,79693,333.2,94898,650.4,0.58,0.000173,0.0001604,0.1025,110924,348.9,0.000000,0.0001588,0.1034,77823,316.9,0.000000,0.0000286,0.1034,107885,346.7,-0.000000,0.0000611,0.1025,81377,301.1,0.035512
75.05,0.0020849,75.1,0.000000,1182.8,1065747,1730.1,90919,717.4,-1.04,-0.000270,615.1,0.000000,789.1,157722,398.3,111889,740.4,3.13,0.000974,255.1,-0.006186,874.8,62378,850.5,62767,874.0,-44.19,-0.006529,435.1,0.000000,3000.1,79392,332.4,94574,649.9,0.40,0.000120,0.0001604,0.1025,111673,349.5,0.000000,0.0001588,0.1034,77576,316.6,0.000000,0.0000287,0.1034,107435,346.3,0.000000,0.0000620,0.1025,81092,300.8,0.035186
76.04,0.0021121,76.0,0.000000,4331.0,1042693,1721.6,98114,731.0,-14.08,-0.003888,616.0,0.000000,301.4,159949,399.8,109258,736.3,2.95,0.000902,256.0,-0.005388,878.0,63611,854.1,64044,878.0,-36.99,-0.005551,436.0,0.000000,6282.0,79095,331.7,94367,649.5,0.26,0.000077,0.0001604,0.1025,112361,350.1,0.000000,0.0001588,0.1034,77392,316.4,0.000000,0.0000289,0.1034,106977,345.9,0.000000,0.0000630,0.1025,80824,300.5,0.035081
77.06,0.0021406,77.1,0.000000,171.5,1019512,1712.9,119427,767.6,-24.59,-0.007871,617.1,0.000000,467.6,162353,401.5,106789,732.5,2.71,0.000813,257.1,-0.004416,887.6,64856,857.7,65174,881.4,-28.76,-0.004374,437.1,0.000000,100.0,78798,331.0,94137,649.2,0.34,0.000101,0.0001604,0.1025,113043,350.7,0.000000,0.0001588,0.1034,77253,316.2,0.000000,0.0000290,0.1034,106501,345.4,-0.000000,0.0000640,0.1025,80570,300.2,0.035134
78.04,0.0021679,78.0,0.000000,100.0,998179,1704.8,135385,792.2,-13.38,-0.004705,618.0,0.000000,640.6,164730,403.0,104629,729.0,2.56,0.000756,258.0,-0.003237,884.2,65985,860.8,66086,884.2,-20.68,-0.003180,438.0,0.000000,3469.8,78538,330.4,93653,648.4,0.77,0.000230,0.0001604,0.1025,113673,351.3,0.000000,0.0001588,0.1034,77157,316.1,0.000000,0.0000291,0.1034,106061,345.0,0.000000,0.0000650,0.1025,80371,300.0,0.035505
79.07,0.0021963,79.1,0.000000,2223.9,976714,1696.5,142145,802.1,-4.60,-0.001676,619.1,0.000000,3850.2,167298,404.7,102498,725.6,2.48,0.000720,259.1,-0.000803,887.9,66990,863.5,68489,892.5,-0.24,-0.000038,439.1,0.000000,1243.7,78303,329.8,92460,646.5,1.85,0.000543,0.0001604,0.1025,114308,351.8,0.000000,0.0001588,0.1034,77080,316.0,0.000000,0.0000291,0.1034,105630,344.6,-0.000000,0.0000660,0.1025,80218,299.8,0.036138
80.05,0.0022236,80.0,0.000000,7954.7,956944,1688.7,145641,807.1,-3.28,-0.001218,620.0,0.000000,100.0,169836,406.4,100535,722.4,2.44,0.000700,260.0,0.000224,891.4,67894,865.7,68939,894.7,5.43,0.000861,440.0,0.000000,1253.0,78120,329.3,90099,642.7,3.68,0.001060,0.0001604,0.1025,114882,352.3,0.000000,0.0001588,0.1034,77025,316.0,0.000000,0.0000291,0.1034,105252,344.2,0.000000,0.0000670,0.1025,80133,299.7,0.036983
81.07,0.0022520,81.1,0.000000,776.3,937035,1680.7,151579,815.5,-5.36,-0.002051,621.1,0.000000,1249.8,172580,408.1,98511,719.0,2.48,0.000699,261.1,0.001372,894.9,68769,867.9,69495,897.2,9.82,0.001564,441.1,0.000000,1122.7,77980,328.8,86211,636.2,5.68,0.001584,0.0001604,0.1025,115430,352.8,0.000000,0.0001588,0.1034,76991,315.9,0.000000,0.0000291,0.1034,104893,343.9,-0.000000,0.0000681,0.1025,80115,299.7,0.038034
82.05,0.0022792,82.1,0.000000,1467.1,918683,1673.2,158429,824.9,-5.55,-0.002191,622.1,0.000000,4942.3,175295,409.9,96532,715.6,2.60,0.000722,262.1,0.002328,898.1,69551,869.7,70194,900.1,14.23,0.002284,442.1,0.000000,4161.2,77900,328.3,81804,628.6,6.70,0.001793,0.0001604,0.1025,115885,353.2,0.000000,0.0001588,0.1034,76994,315.9,0.000000,0.0000290,0.1034,104582,343.6,0.000000,0.0000691,0.1025,80164,299.8,0.039263
83.08,0.0023076,83.1,0.000000,1481.9,900187,1665.5,164562,833.2,-4.33,-0.001761,623.1,0.000000,916.8,178231,411.7,94386,711.9,2.76,0.000752,263.1,0.003021,901.3,70336,871.5,70863,902.7,18.30,0.002954,443.1,0.000000,100.0,77876,328.0,77309,620.4,6.73,0.001726,0.0001604,0.1025,116269,353.5,0.000000,0.0001588,0.1034,77043,316.0,0.000000,0.0000289,0.1034,104280,343.3,-0.000000,0.0000703,0.1025,80276,299.9,0.040615
84.05,0.0023348,84.1,0.000000,368.4,883126,1658.3,169170,839.3,-3.24,-0.001343,624.1,0.000000,100.0,181137,413.5,92291,708.3,2.86,0.000765,264.1,0.003956,904.4,71031,873.0,71434,905.0,23.75,0.003857,444.1,0.000000,225.2,77910,327.7,73480,613.3,6.28,0.001548,0.0001604,0.1025,116539,353.7,0.000000,0.0001588,0.1034,77139,316.1,0.000000,0.0000288,0.1034,104002,343.1,0.000000,0.0000714,0.1025,80429,300.1,0.042006
85.03,0.0023620,85.0,0.000000,100.0,866656,1651.2,171597,842.4,-1.35,-0.000567,625.0,0.000000,1417.6,184142,415.3,90228,704.6,2.85,0.000752,265.0,0.005165,899.8,71643,874.3,71556,905.9,30.07,0.004886,445.0,0.000000,1782.4,77994,327.4,70244,606.9,5.50,0.001311,0.0001604,0.1025,116715,353.9,0.000000,0.0001588,0.1034,77268,316.2,0.000000,0.0000287,0.1034,103723,342.8,-0.000000,0.0000726,0.1025,80614,300.3,0.043308
86.06,0.0023905,86.1,0.000000,9599.5,850041,1644.0,171967,842.9,-0.05,-0.000019,626.1,0.000000,100.0,187395,417.3,88168,700.9,2.78,0.000719,266.1,0.007681,909.8,72069,875.0,73472,912.2,46.93,0.007776,446.1,0.000000,580.5,78130,327.2,67602,601.6,4.40,0.001017,0.0001604,0.1025,116821,354.0,0.000000,0.0001588,0.1034,77415,316.4,0.000000,0.0000284,0.1034,103413,342.5,-0.000000,0.0000739,0.1025,80826,300.5,0.044482
87.04,0.0024177,87.0,0.000000,100.0,834706,1637.2,171648,842.6,0.23,0.000097,627.0,0.000000,916.2,190617,419.2,86279,697.4,2.74,0.000698,267.0,0.006439,910.8,72609,876.0,73120,911.3,36.19,0.005973,447.0,0.000000,1728.6,78295,327.1,65716,597.7,3.35,0.000759,0.0001604,0.1025,116875,354.0,0.000000,0.0001588,0.1034,77550,316.6,0.000000,0.0000283,0.1034,103091,342.2,-0.000000,0.0000751,0.1025,81039,300.7,0.045426
88.06,0.0024461,88.1,0.000000,1462.3,819237,1630.2,171567,842.5,0.01,0.000004,628.1,0.000000,100.0,194103,421.3,84303,693.7,2.85,0.000712,268.1,0.003970,911.4,73434,877.8,74257,914.6,11.61,0.001940,448.1,0.000000,3000.5,78494,327.0,65495,597.3,-0.55,-0.000124,0.0001604,0.1025,116910,354.0,0.000000,0.0001588,0.1034,77688,316.7,0.000000,0.0000282,0.1034,102716,341.9,-0.000000,0.0000764,0.1025,81276,301.0,0.046140
89.04,0.0024733,89.0,0.000000,923.1,804952,1623.7,171417,842.3,0.21,0.000088,629.0,0.000000,928074.7,197557,423.3,82295,689.9,3.12,0.000765,269.0,-0.001063,915.8,74732,881.0,75404,917.8,-17.92,-0.003028,449.0,0.000000,100.0,78705,326.9,71800,611.9,-16.49,-0.003981,0.0001604,0.1025,116940,354.1,0.000000,0.0001588,0.1034,77830,316.9,0.000000,0.0000282,0.1034,102293,341.5,0.000000,0.0000777,0.1025,81524,301.2,0.046700
90.06,0.0025017,90.1,0.000000,886.9,790531,1617.0,170172,840.9,1.14,0.000477,630.1,0.000000,100.0,201298,425.4,80032,685.4,3.44,0.000826,270.1,-0.004593,921.5,76504,885.5,76769,921.3,-33.02,-0.005660,450.1,0.000000,438.4,78944,326.9,91155,652.7,-30.46,-0.008752,0.0001604,0.1025,116973,354.1,0.000000,0.0001588,0.1034,78025,317.1,0.000000,0.0000283,0.1034,101725,340.9,0.000000,0.0000790,0.1025,81815,301.5,0.047209
91.04,0.0025289,91.0,0.000000,100.0,777206,1610.7,167776,838.1,1.97,0.000812,631.0,0.000000,4563.3,205006,427.5,77807,681.0,3.57,0.000840,271.0,-0.005593,926.5,78361,890.2,78745,926.4,-37.19,-0.006503,451.0,0.000000,341.8,79191,326.9,107660,684.2,-18.84,-0.006098,0.0001604,0.1025,116992,354.1,0.000000,0.0001588,0.1034,78309,317.4,0.000000,0.0000285,0.1034,100990,340.2,-0.000000,0.0000803,0.1025,82131,301.9,0.047760
92.06,0.0025573,92.1,0.000000,100.0,763745,1604.3,164342,834.2,2.66,0.001079,632.1,0.000000,3082.5,209024,429.7,75609,676.5,3.41,0.000784,272.1,-0.006444,932.1,80464,895.4,81121,932.2,-42.67,-0.007638,452.1,0.000000,1315.3,79473,326.9,115954,699.1,-7.33,-0.002499,0.0001604,0.1025,116983,354.1,0.000000,0.0001588,0.1034,78793,318.0,0.000000,0.0000287,0.1034,99959,339.2,-0.000000,0.0000817,0.1025,82504,302.3,0.048412
93.04,0.0025845,93.0,0.000000,2121.5,751300,1598.3,160542,829.7,3.00,0.001195,633.0,0.000000,3986.2,213010,431.9,73759,672.7,3.06,0.000689,273.0,-0.008063,938.5,82721,901.0,83871,938.8,-51.12,-0.009395,453.0,0.000000,615.6,79769,326.9,119292,705.0,-3.27,-0.001139,0.0001604,0.1025,116937,354.1,0.000000,0.0001588,0.1034,79530,318.8,0.000000,0.0000289,0.1034,98714,338.0,-0.000000,0.0000830,0.1025,82902,302.7,0.049182
94.07,0.0026129,94.1,0.000000,472.7,738722,1592.1,156650,825.0,2.93,0.001146,634.1,0.000000,100.0,217332,434.2,72132,669.3,2.61,0.000578,274.1,-0.010387,945.9,85432,907.7,86529,944.6,-63.12,-0.011894,454.1,0.000000,709.1,80109,327.0,122053,709.9,-2.81,-0.000993,0.0001604,0.1025,116845,354.0,0.000000,0.0001588,0.1034,80643,320.1,0.000000,0.0000292,0.1034,97188,336.5,-0.000000,0.0000845,0.1025,83356,303.2,0.050054
95.04,0.0026401,95.0,0.000000,1206.6,727088,1586.3,153223,820.8,2.75,0.001057,635.0,0.000000,889.2,221622,436.5,70864,666.5,2.16,0.000473,275.0,-0.011518,953.2,88251,914.5,89795,951.8,-66.35,-0.012876,455.0,0.000000,346.7,80465,327.1,124339,713.8,-2.12,-0.000760,0.0001604,0.1025,116723,353.9,0.000000,0.0001588,0.1034,82006,321.6,0.000000,0.0000295,0.1034,95594,334.9,-0.000000,0.0000859,0.1025,83819,303.6,0.051011
96.07,0.0026686,96.1,0.000000,897.7,715324,1580.3,150026,816.8,2.49,0.000941,636.1,0.000000,100.0,226276,438.9,69795,664.2,1.77,0.000383,276.1,-0.012071,959.4,91376,921.8,92560,957.6,-64.56,-0.012838,456.1,0.000000,100.0,80871,327.3,125487,715.8,-0.85,-0.000308,0.0001604,0.1025,116573,353.7,0.000000,0.0001588,0.1034,83637,323.4,0.000000,0.0000298,0.1034,93881,333.2,0.000000,0.0000873,0.1025,84330,304.2,0.052001
97.05,0.0026958,97.0,0.000000,811.0,704437,1574.7,147324,813.4,2.25,0.000837,637.0,0.000000,1939.7,230899,441.3,68930,662.3,1.55,0.000332,277.0,-0.010677,964.6,94319,928.5,95440,964.1,-54.01,-0.010998,457.0,0.000000,972.0,81291,327.5,125401,715.8,0.38,0.000136,0.0001604,0.1025,116411,353.6,0.000000,0.0001588,0.1034,85292,325.2,0.000000,0.0000301,0.1034,92270,331.5,-0.000000,0.0000888,0.1025,84846,304.7,0.052987
98.07,0.0027242,98.1,0.000000,562.0,693420,1569.0,144861,810.2,1.97,0.000726,638.1,0.000000,294.3,235919,443.8,68078,660.4,1.52,0.000322,278.1,-0.008675,978.9,97266,934.9,98049,969.8,-42.03,-0.008741,458.1,0.000000,100.0,81761,327.7,123298,713.0,2.61,0.000928,0.0001604,0.1025,116217,353.4,0.000000,0.0001588,0.1034,87047,327.1,0.000000,0.0000304,0.1034,90670,329.9,0.000000,0.0000903,0.1025,85406,305.3,0.053942
99.05,0.0027515,99.1,0.000000,4891.6,683219,1563.6,142864,807.7,1.69,0.000616,639.1,0.000000,1543.3,240909,446.3,67212,658.5,1.66,0.000349,279.1,-0.007115,975.3,100007,940.6,100339,974.7,-35.77,-0.007574,459.1,0.000000,297.4,82238,328.0,119326,707.6,4.41,0.001529,0.0001604,0.1025,115995,353.2,0.000000,0.0001588,0.1034,88725,328.9,0.000000,0.0000306,0.1034,89253,328.4,-0.000000,0.0000918,0.1025,85957,305.8,0.054831
100.04,0.0027788,100.0,0.000000,215.5,673332,1558.3,141206,805.5,1.42,0.000511,640.0,0.000000,100.0,246093,448.8,66231,656.3,1.92,0.000398,280.0,-0.006358,980.6,102761,946.1,103158,980.5,-33.82,-0.007319,460.0,0.000000,100.0,82739,328.3,114960,701.6,4.58,0.001543,0.0001604,0.1025,115723,353.0,0.000000,0.0001588,0.1034,90393,330.6,0.000000,0.0000307,0.1034,87966,327.0,0.000000,0.0000933,0.1025,86513,306.4,0.055602
101.06,0.0028073,101.1,0.000000,100.0,663320,1552.9,139788,803.6,1.17,0.000418,641.1,0.000000,100.0,251730,451.5,65062,653.6,2.21,0.000452,281.1,-0.006559,987.5,105781,952.1,106407,987.1,-34.16,-0.007575,461.1,0.000000,281.3,83284,328.6,111515,696.7,3.34,0.001098,0.0001604,0.1025,115377,352.7,0.000000,0.0001588,0.1034,92100,332.4,0.000000,0.0000309,0.1034,86766,325.8,-0.000000,0.0000949,0.1025,87098,307.0,0.056266
102.05,0.0028346,102.0,0.000000,1099.9,654040,1547.8,138643,802.1,1.01,0.000359,642.0,0.000000,9108.4,257341,454.2,63847,650.8,2.40,0.000485,282.0,-0.006684,993.1,108802,957.9,109350,993.0,-32.40,-0.007339,462.0,0.000000,553.8,83821,328.9,109430,693.7,2.18,0.000709,0.0001604,0.1025,114990,352.4,0.000000,0.0001588,0.1034,93650,333.9,0.000000,0.0000311,0.1034,85757,324.7,0.000000,0.0000965,0.1025,87661,307.6,0.056804
103.08,0.0028632,103.1,0.000000,1220.9,644640,1542.6,137574,800.7,0.92,0.000324,643.1,0.000000,100.0,263447,457.0,62571,647.8,2.42,0.000481,283.1,-0.005701,998.7,111954,963.8,112152,998.6,-25.75,-0.005948,463.1,0.000000,100.0,84362,329.3,108060,691.7,1.35,0.000435,0.0001604,0.1025,114540,352.0,0.000000,0.0001588,0.1034,95135,335.4,0.000000,0.0000313,0.1034,84838,323.7,0.000000,0.0000981,0.1025,88729,308.7,0.056102
104.06,0.0028906,104.1,0.000000,1097.9,635926,1537.7,136653,799.4,0.82,0.000289,644.1,0.000000,205.7,269528,459.8,61436,645.0,2.27,0.000444,284.1,-0.001809,1004.5,114574,968.4,116897,1009.2,-4.16,-0.000992,464.1,0.000000,898.6,84922,329.6,107387,690.7,0.66,0.000210,0.0001604,0.1025,114087,351.6,0.000000,0.0001588,0.1034,96405,336.7,0.000000,0.0000313,0.1034,84074,322.8,0.000000,0.0000997,0.1025,88998,308.9,0.057557
105.05,0.0029180,105.0,0.000000,252.9,627475,1532.9,135896,798.4,0.66,0.000230,645.0,0.000000,3420.0,275856,462.6,60421,642.6,2.06,0.000398,285.0,0.000135,1012.2,117028,972.5,117778,1011.9,1.96,0.000470,465.0,-0.000000,635.5,85491,330.0,107240,690.5,0.05,0.000017,0.0001604,0.1025,113630,351.2,0.000000,0.0001588,0.1034,97545,337.8,0.000000,0.0000313,0.1034,83407,322.1,-0.000000,0.0001012,0.1025,89418,309.3,0.057846
106.04,0.0029454,106.0,0.000000,100.0,619280,1528.2,135354,797.7,0.46,0.000161,646.0,0.000000,615.4,282441,465.5,59515,640.4,1.87,0.000358,286.0,0.002886,1015.3,119194,976.0,119126,1015.3,9.30,0.002245,466.0,0.000000,434.3,86031,330.4,107674,691.2,-0.70,-0.000225,0.0001604,0.1025,113185,350.8,0.000000,0.0001588,0.1034,98592,338.8,0.000000,0.0000312,0.1034,82826,321.5,0.000000,0.0001028,0.1025,90296,310.3,0.056832
107.07,0.0029741,107.1,0.000000,399.4,610978,1523.3,134964,797.1,0.32,0.000112,647.1,0.000000,993.4,289615,468.6,58653,638.2,1.73,0.000328,287.1,0.006937,1020.2,120958,978.6,123094,1024.1,27.85,0.006887,467.1,0.000000,354.1,86637,330.8,108943,693.5,-1.58,-0.000509,0.0001604,0.1025,112744,350.4,0.000000,0.0001588,0.1034,99623,339.8,0.000000,0.0000310,0.1034,82300,320.9,-0.000000,0.0001045,0.1025,90611,310.5,0.058141
108.06,0.0030016,108.1,0.000000,141.1,603283,1518.8,134645,796.7,0.31,0.000107,648.1,0.000000,1246.0,296765,471.6,57851,636.2,1.75,0.000327,288.1,0.007499,1024.3,122629,980.9,123738,1025.7,31.70,0.007866,468.1,0.000000,555.4,87184,331.2,110473,696.3,-1.71,-0.000560,0.0001604,0.1025,112351,350.0,0.000000,0.0001588,0.1034,100569,340.7,0.000000,0.0000308,0.1034,81868,320.4,-0.000000,0.0001060,0.1025,91557,311.5,0.056980
109.05,0.0030291,109.0,0.000000,992.3,595821,1514.3,134204,796.1,0.46,0.000161,649.0,0.000000,643.3,304211,474.7,56976,634.0,1.98,0.000365,289.0,0.009652,1028.1,124048,982.8,124529,1027.5,37.84,0.009433,469.0,0.000000,1044.2,87765,331.6,111600,698.3,-1.11,-0.000365,0.0001604,0.1025,111984,349.7,0.000000,0.0001588,0.1034,101479,341.6,0.000000,0.0000306,0.1034,81502,320.0,0.000000,0.0001076,0.1025,91746,311.7,0.058175
110.04,0.0030565,110.0,0.000000,2042.6,588585,1510.0,133486,795.1,0.74,0.000256,650.0,0.000000,739.1,311967,477.8,55945,631.3,2.38,0.000433,290.0,0.013379,1031.2,124966,983.7,126904,1032.2,54.16,0.013697,470.0,0.000000,3157.3,88311,331.9,111973,698.9,-0.23,-0.000077,0.0001604,0.1025,111638,349.4,0.000000,0.0001588,0.1034,102338,342.4,0.000000,0.0000302,0.1034,81200,319.6,0.000000,0.0001092,0.1025,92690,312.6,0.056817
111.07,0.0030853,111.1,0.000000,100.0,581253,1505.5,132392,793.6,1.07,0.000368,651.1,0.000000,498.3,320424,481.2,54689,628.1,2.80,0.000501,291.1,0.015925,1034.1,125556,984.0,128098,1034.2,69.15,0.017619,471.1,0.000000,402.0,88913,332.4,111650,698.5,0.48,0.000157,0.0001604,0.1025,111290,349.1,0.000000,0.0001588,0.1034,103160,343.2,0.000000,0.0000297,0.1034,80955,319.4,-0.000000,0.0001109,0.1025,92802,312.7,0.057858
112.06,0.0031128,112.1,0.000000,1375.6,574456,1501.3,130981,791.7,1.43,0.000487,652.1,0.000000,940.3,328863,484.5,53409,624.6,2.97,0.000522,292.1,0.019362,1036.2,125605,983.3,128396,1034.3,81.80,0.020888,472.1,0.000000,945.1,89449,332.7,110951,697.5,0.85,0.000277,0.0001604,0.1025,110957,348.8,0.000000,0.0001588,0.1034,103854,343.8,0.000000,0.0000292,0.1034,80791,319.2,-0.000000,0.0001124,0.1025,93653,313.6,0.056314
113.05,0.0031403,113.0,0.000000,790.1,567863,1497.2,129172,789.1,1.83,0.000617,653.0,0.000000,130598.4,337662,487.9,52228,621.5,2.72,0.000471,293.0,0.020947,1009.4,125399,982.1,126932,1030.7,90.30,0.022877,473.0,0.000000,573.0,90010,333.1,110048,696.2,1.07,0.000348,0.0001604,0.1025,110613,348.5,0.000000,0.0001588,0.1034,104449,344.4,0.000000,0.0000286,0.1034,80696,319.1,0.000000,0.0001140,0.1025,93721,313.7,0.057165
114.04,0.0031678,114.0,0.000000,100.0,561469,1493.1,127053,786.1,2.12,0.000706,654.0,0.000000,2455.0,346839,491.3,51327,619.0,1.99,0.000339,294.0,0.022479,1003.1,124931,980.4,124146,1024.2,91.33,0.022775,474.0,0.000000,564.0,90527,333.5,108972,694.6,1.27,0.000411,0.0001604,0.1025,110248,348.1,0.000000,0.0001588,0.1034,104943,344.8,0.000000,0.0000280,0.1034,80661,319.0,0.000000,0.0001155,0.1025,94450,314.4,0.055422
115.08,0.0031965,115.1,0.000000,1885.7,554991,1489.0,124747,782.8,2.19,0.000718,655.1,0.000000,893.3,356853,495.0,51120,618.4,0.03,0.000005,295.1,0.015110,964.3,125666,980.9,113565,996.8,67.28,0.015767,475.1,-0.000000,281.3,91090,333.9,107706,692.7,1.44,0.000459,0.0001604,0.1025,109836,347.8,0.000000,0.0001588,0.1034,105360,345.2,0.000000,0.0000276,0.1034,80668,319.0,0.000000,0.0001171,0.1025,94547,314.5,0.056075
116.07,0.0032240,116.1,0.000000,284.2,548988,1485.1,122708,779.8,2.01,0.000650,656.1,0.000000,1233.3,366854,498.6,52066,621.1,-3.09,-0.000533,296.1,0.019045,968.3,125731,980.2,115535,991.1,81.82,0.019621,476.1,0.000000,879.5,91582,334.2,106411,690.8,1.53,0.000486,0.0001604,0.1025,109407,347.4,0.000000,0.0001588,0.1034,105684,345.5,0.000000,0.0000270,0.1034,80693,319.1,-0.000000,0.0001186,0.1025,95173,315.1,0.054248
117.05,0.0032515,117.1,0.000000,912.5,543166,1481.4,120988,777.3,1.70,0.000544,657.1,0.000000,100.0,377288,502.2,54690,628.4,-6.75,-0.001209,297.1,0.022892,971.3,125131,978.3,116788,983.6,101.02,0.024675,477.1,0.000000,716.6,92094,334.5,105124,688.9,1.51,0.000474,0.0001604,0.1025,108942,347.0,0.000000,0.0001588,0.1034,105967,345.8,0.000000,0.0000264,0.1034,80705,319.1,-0.000000,0.0001201,0.1025,95355,315.3,0.054843
118.04,0.0032790,118.0,0.000000,948.9,537522,1477.6,119624,775.3,1.34,0.000426,658.0,0.000000,100.0,388177,506.0,57823,636.7,-6.75,-0.001262,298.0,0.026506,971.6,123868,975.1,116874,975.5,112.58,0.027747,478.0,0.000000,764.1,92567,334.9,103975,687.1,1.34,0.000416,0.0001604,0.1025,108452,346.5,0.000000,0.0001588,0.1034,106242,346.0,0.000000,0.0000257,0.1034,80689,319.1,0.000000,0.0001216,0.1025,95919,315.8,0.053179
119.03,0.0033065,119.0,0.000000,532.5,532049,1474.0,118605,773.8,1.01,0.000320,659.0,0.000000,6288.7,399544,509.8,60048,642.5,-4.23,-0.000813,299.0,0.028482,969.7,122192,971.2,115979,968.5,119.35,0.029402,479.0,0.000000,584.2,93031,335.2,103073,685.8,1.02,0.000315,0.0001604,0.1025,107954,346.1,0.000000,0.0001588,0.1034,106535,346.3,0.000000,0.0000249,0.1034,80627,319.0,0.000000,0.0001230,0.1025,96688,316.6,0.052651
120.07,0.0033352,120.1,0.000000,3336.8,526504,1470.3,117702,772.4,0.93,0.000293,660.1,0.000000,100.0,411964,513.9,61030,645.0,-1.42,-0.000277,300.1,0.029290,965.9,120200,966.6,114454,962.5,121.79,0.029790,480.1,0.000000,100.0,93540,335.5,102513,684.9,0.53,0.000163,0.0001604,0.1025,107446,345.6,0.000000,0.0001588,0.1034,106867,346.6,0.000000,0.0000241,0.1034,80513,318.9,0.000000,0.0001246,0.1025,96688,316.6,0.053307
121.05,0.0033626,121.1,0.000000,1321.9,521365,1466.8,116614,770.8,1.28,0.000399,661.1,0.000000,100.0,424384,517.9,60907,644.7,0.57,0.000111,301.1,0.029130,961.6,118227,962.0,112861,957.6,120.70,0.029262,481.1,0.000000,902.7,93990,335.8,102633,685.1,-0.34,-0.000104,0.0001604,0.1025,106981,345.2,0.000000,0.0001588,0.1034,107195,346.9,0.000000,0.0000233,0.1034,80380,318.7,-0.000000,0.0001260,0.1025,97395,317.2,0.051616
122.04,0.0033901,122.0,0.000000,744.2,516364,1463.3,114966,768.2,1.94,0.000598,662.0,0.000000,401.9,437363,521.9,60261,643.1,1.41,0.000272,302.0,0.028301,957.1,116309,957.4,111405,953.6,117.72,0.028291,482.0,0.000000,582.8,94461,336.2,103907,687.5,-1.99,-0.000617,0.0001604,0.1025,106531,344.7,-0.000000,0.0001588,0.1034,107512,347.2,0.000000,0.0000225,0.1034,80257,318.6,0.000000,0.0001274,0.1025,97422,317.3,0.052248
123.08,0.0034188,123.1,0.000005,1029.5,511128,1459.3,112734,764.8,2.47,0.000750,663.1,0.000000,686.4,451561,526.3,59539,641.3,1.41,0.000270,303.1,0.026952,952.4,114462,952.9,109980,949.9,112.48,0.026791,483.1,0.000000,498.4,94917,336.5,107231,693.5,-4.28,-0.001363,0.0001604,0.1025,106062,344.3,0.000000,0.0001588,0.1034,107811,347.5,0.000000,0.0000217,0.1034,80172,318.5,0.000000,0.0001289,0.1025,98064,317.9,0.050559
124.06,0.0034462,124.1,0.000149,1024.8,506256,1455.5,110746,762.1,2.98,0.000892,664.1,0.000000,5206.6,465777,530.5,58885,639.7,1.41,0.000268,304.1,0.025453,948.3,112884,949.0,108615,946.5,107.48,0.025372,484.1,0.000000,1882.8,95372,336.8,111628,701.3,-5.11,-0.001674,0.0001604,0.1025,105597,343.9,-0.000000,0.0001588,0.1034,108057,347.7,0.000000,0.0000210,0.1034,80140,318.5,-0.000000,0.0001303,0.1025,98144,317.9,0.051076
125.05,0.0034736,125.1,0.000201,1020.3,501522,1451.8,108821,759.5,3.11,0.000916,665.1,0.000000,5747.2,480645,534.8,58144,637.8,1.65,0.000308,305.1,0.024284,944.6,111443,945.2,107185,942.7,103.95,0.024312,485.1,0.000000,502.6,95794,337.1,115778,708.5,-4.42,-0.001485,0.0001604,0.1025,105092,343.4,0.000000,0.0001588,0.1034,108263,347.9,0.000000,0.0000204,0.1034,80158,318.5,-0.000000,0.0001316,0.1025,98717,318.5,0.049400
126.04,0.0035011,126.0,0.000250,1016.2,496924,1448.2,107110,757.4,3.15,0.000916,666.0,0.000000,1156.4,496199,539.2,57319,635.8,1.83,0.000339,306.0,0.023550,940.9,110059,941.5,105834,939.0,101.95,0.023638,486.0,0.000000,372.7,96236,337.4,119078,714.2,-3.32,-0.001139,0.0001603,0.1025,104530,342.9,-0.000000,0.0001588,0.1034,108437,348.0,0.000000,0.0000197,0.1034,80230,318.6,-0.000000,0.0001330,0.1025,98855,318.6,0.049936
127.07,0.0035297,127.1,0.000330,1012.3,492255,1444.4,105489,755.7,3.46,0.000994,667.1,0.000000,495.5,513229,544.0,56415,633.4,1.91,0.000350,307.1,0.022959,937.2,108642,937.7,104504,935.3,100.20,0.023032,487.1,0.000000,42243.8,96667,337.7,121338,718.1,-1.95,-0.000676,0.0001603,0.1025,103877,342.3,-0.000000,0.0001588,0.1034,108591,348.2,0.000000,0.0000191,0.1034,80354,318.7,-0.000000,0.0001344,0.1025,99393,319.1,0.048405
128.06,0.0035571,128.1,0.000459,1008.6,487912,1440.9,103988,754.5,4.11,0.001166,668.1,0.000000,468.9,530291,548.6,55635,631.4,1.68,0.000305,308.1,0.022364,933.5,107317,934.1,103255,931.8,98.47,0.022447,488.1,0.000000,348.6,97099,338.0,122213,719.5,-0.67,-0.000234,0.0001603,0.1025,103200,341.6,0.000000,0.0001588,0.1034,108716,348.3,0.000000,0.0000184,0.1034,80506,318.9,-0.000000,0.0001357,0.1025,99590,319.3,0.048888
129.04,0.0035845,129.0,0.000635,1004.9,483681,1437.5,102534,753.8,4.98,0.001393,669.0,0.000000,861.7,548148,553.3,55061,629.9,1.22,0.000219,309.0,0.021783,930.0,106023,930.5,102002,928.3,96.78,0.021876,489.0,0.000000,322.3,97505,338.3,122330,719.7,-0.08,-0.000029,0.0001603,0.1025,102482,340.9,-0.000000,0.0001588,0.1034,108824,348.4,0.000000,0.0000178,0.1034,80677,319.1,0.000000,0.0001370,0.1025,100094,319.8,0.047440
130.07,0.0036131,130.1,0.000863,1001.3,479369,1433.9,101135,753.8,6.04,0.001666,670.1,0.000000,863.0,567708,558.3,54632,628.8,0.91,0.000163,310.1,0.021257,926.3,104689,926.8,100662,924.5,95.44,0.021376,490.1,0.000000,100.0,97952,338.6,122970,720.8,-1.07,-0.000376,0.0001603,0.1025,101689,340.2,0.000000,0.0001588,0.1034,108925,348.5,0.000000,0.0000172,0.1034,80868,319.3,0.000000,0.0001384,0.1025,100332,320.0,0.047983
131.06,0.0036405,131.1,0.001137,998.3,475342,1430.5,99987,754.9,7.20,0.001963,671.1,0.000000,481.4,587313,563.1,54250,627.8,0.90,0.000161,311.1,0.020868,922.7,103403,923.1,99353,920.7,94.78,0.021039,491.1,0.000000,561.5,98355,338.9,127593,728.6,-6.09,-0.002195,0.0001603,0.1025,100877,339.4,0.000000,0.0001588,0.1034,109015,348.6,0.000000,0.0000167,0.1034,81060,319.5,-0.000000,0.0001397,0.1025,100808,320.4,0.046587
132.04,0.0036678,132.0,0.001458,995.8,471404,1427.2,99052,757.2,8.62,0.002320,672.0,0.000000,621.3,607840,568.1,53822,626.6,1.02,0.000181,312.0,0.020571,919.1,102085,919.4,98023,916.9,94.45,0.020770,492.0,0.000000,100.0,98756,339.1,136687,743.5,-8.69,-0.003288,0.0001602,0.1025,99985,338.6,0.000000,0.0001588,0.1034,109105,348.6,0.000000,0.0000161,0.1034,81261,319.7,0.000000,0.0001409,0.1025,101474,321.1,0.046106
133.07,0.0036964,133.1,0.001850,993.6,467369,1423.8,98239,760.9,10.56,0.002804,673.1,0.000000,359.1,630344,573.4,53350,625.4,1.06,0.000186,313.1,0.020272,915.0,100669,915.3,96595,912.9,94.01,0.020461,493.1,0.000000,120.5,99199,339.5,143401,754.2,-4.69,-0.001835,0.0001602,0.1025,98926,337.5,-0.000000,0.0001588,0.1034,109201,348.7,0.000000,0.0000155,0.1034,81486,320.0,-0.000000,0.0001423,0.1025,101487,321.1,0.046675
134.05,0.0037237,134.1,0.002313,991.4,463580,1420.6,97459,765.6,13.00,0.003403,674.1,0.000000,781.7,652921,578.6,52946,624.3,0.90,0.000157,314.1,0.019920,911.0,99288,911.3,95231,909.1,93.25,0.020094,494.1,0.000000,1303.0,99596,339.7,145411,757.3,-1.19,-0.000471,0.0001601,0.1025,97762,336.4,-0.000000,0.0001588,0.1034,109300,348.8,0.000000,0.0000150,0.1034,81723,320.2,0.000000,0.0001435,0.1025,102052,321.6,0.045111
135.04,0.0037510,135.0,0.002834,988.7,459848,1417.4,96446,771.1,16.15,0.004156,675.0,0.000000,1726.6,676587,583.9,52812,623.9,0.14,0.000024,315.0,0.019457,906.8,97906,907.3,93962,905.6,91.65,0.019561,495.0,0.000000,843.8,100014,340.0,145532,757.5,-0.00,-0.000000,0.0001600,0.1025,96442,335.1,0.000000,0.0001588,0.1034,109412,348.9,0.000000,0.0000144,0.1034,81989,320.5,-0.000000,0.0001447,0.1025,102129,321.6,0.045585
136.07,0.0037796,136.1,0.003442,984.3,455998,1414.0,94777,777.5,20.43,0.005122,676.1,0.000000,322.2,702559,589.5,53201,625.0,-1.35,-0.000236,316.1,0.018716,902.4,96531,903.2,92816,902.4,88.31,0.018685,496.1,0.000000,1175.2,100424,340.3,145645,757.7,-0.23,-0.000091,0.0001599,0.1025,94914,333.6,-0.000000,0.0001588,0.1034,109548,349.0,0.000000,0.0000139,0.1034,82305,320.9,0.000000,0.0001460,0.1025,102575,322.1,0.044037
137.05,0.0038070,137.1,0.004127,978.6,452354,1410.8,92519,784.5,25.11,0.006092,677.1,0.000000,744.1,728644,595.0,55115,630.3,-5.52,-0.000993,317.1,0.017702,898.4,95354,899.6,91822,899.4,83.95,0.017631,497.1,0.000000,100.0,100809,340.6,146254,758.7,-0.57,-0.000227,0.0001598,0.1025,93349,332.0,-0.000000,0.0001588,0.1034,109701,349.2,0.000000,0.0000134,0.1034,82648,321.2,-0.000000,0.0001472,0.1025,103075,322.5,0.043291
138.04,0.0038343,138.0,0.004860,971.6,448741,1407.7,89826,792.9,30.07,0.007008,678.0,0.000000,483.5,756002,600.5,59359,641.5,-10.19,-0.001940,318.0,0.016672,894.8,94333,896.3,90942,896.6,79.49,0.016585,498.0,0.000000,716.9,101211,340.9,147082,759.9,-0.73,-0.000290,0.0001597,0.1025,91732,330.3,0.000000,0.0001588,0.1034,109877,349.3,0.000000,0.0000130,0.1034,83024,321.7,-0.000000,0.0001484,0.1025,103100,322.5,0.043539
139.07,0.0038630,139.1,0.005665,963.8,444991,1404.4,86839,803.8,35.49,0.007887,679.1,0.000000,515.0,786036,606.5,65074,655.7,-11.17,-0.002281,319.1,0.015753,891.5,93408,893.1,90049,893.6,75.72,0.015695,499.1,0.000000,257.4,101601,341.2,147612,760.8,-0.25,-0.000099,0.0001595,0.1025,90029,328.6,0.000000,0.0001588,0.1034,110077,349.5,0.000000,0.0000125,0.1034,83442,322.1,-0.000000,0.0001496,0.1025,103456,322.8,0.041841
140.05,0.0038904,140.1,0.006526,956.5,441422,1401.2,84081,816.6,40.88,0.008659,680.1,0.000000,194.2,816196,612.3,70472,668.3,-9.99,-0.002168,320.1,0.015133,888.7,92586,890.1,89056,890.2,74.02,0.015231,500.1,0.000000,17245.9,101964,341.4,147261,760.4,0.45,0.000178,0.0001593,0.1025,88425,326.9,-0.000000,0.0001588,0.1034,110267,349.7,0.000000,0.0000121,0.1034,83849,322.6,0.000000,0.0001507,0.1025,103817,323.2,0.040914
141.04,0.0039178,141.0,0.007426,949.8,437865,1398.0,81652,831.6,46.44,0.009381,681.0,0.000000,647.4,847825,618.2,75760,680.0,-9.13,-0.002093,321.0,0.014996,886.0,91699,887.0,88047,886.6,74.74,0.015268,501.0,0.000000,837.5,102316,341.7,146419,759.4,0.74,0.000294,0.0001591,0.1025,86871,325.2,0.000000,0.0001588,0.1034,110441,349.8,0.000000,0.0000117,0.1034,84250,323.0,0.000000,0.0001518,0.1025,104165,323.5,0.039984
142.07,0.0039465,142.1,0.008412,944.4,434150,1394.7,79709,849.1,52.30,0.010099,682.1,0.000000,803.1,882539,624.5,81140,691.4,-8.08,-0.001951,322.1,0.015103,882.8,90620,883.3,86791,882.6,77.22,0.015621,502.1,0.000000,370.0,102674,341.9,145625,758.4,0.61,0.000239,0.0001589,0.1025,85322,323.6,0.000000,0.0001588,0.1034,110591,350.0,0.000000,0.0000113,0.1034,84655,323.4,0.000000,0.0001529,0.1025,104464,323.8,0.039017
143.06,0.0039739,143.1,0.009429,941.3,430598,1391.5,78537,866.6,57.69,0.010755,683.1,0.000000,215.2,917388,630.6,85302,699.8,-5.80,-0.001455,323.1,0.015375,879.0,89386,879.3,85312,878.2,79.84,0.015953,503.1,-0.000000,1222.5,103002,342.2,144971,757.6,0.59,0.000232,0.0001586,0.1025,83928,322.0,-0.000000,0.0001588,0.1034,110685,350.1,0.000000,0.0000108,0.1034,85004,323.8,0.000022,0.0001539,0.1025,104740,324.0,0.037910
144.05,0.0040014,144.1,0.010389,940.2,427050,1388.3,78030,883.6,62.48,0.011351,684.1,0.000000,3310.4,953910,636.8,87808,704.7,-3.16,-0.000809,324.1,0.015605,874.5,87956,874.6,83595,873.4,82.22,0.016189,504.1,0.000000,100.0,103318,342.4,143874,756.3,1.15,0.000450,0.0001583,0.1025,82632,320.6,0.000000,0.0001588,0.1034,110718,350.1,0.000000,0.0000104,0.1034,85303,324.1,0.000097,0.0001550,0.1025,105005,324.2,0.036840
145.04,0.0040289,145.0,0.011483,941.5,423493,1385.1,78571,900.2,67.43,0.012106,685.0,0.000000,561.4,992167,643.0,88917,706.9,-1.27,-0.000328,325.0,0.015751,869.5,86333,869.5,81677,868.1,84.31,0.016318,505.0,0.000000,2538.1,103622,342.6,141359,753.2,2.60,0.001003,0.0001580,0.1025,81445,319.3,-0.000000,0.0001588,0.1034,110692,350.1,0.000000,0.0000100,0.1034,85611,324.5,0.000089,0.0001559,0.1025,105264,324.5,0.035789
146.08,0.0040576,146.1,0.012726,946.0,419751,1381.7,80253,917.1,72.27,0.013010,686.1,0.000000,2634.2,1034084,649.7,89199,707.5,-0.22,-0.000057,326.1,0.015776,863.6,84455,863.6,79527,862.1,85.84,0.016288,506.1,0.000000,259.8,103928,342.9,136622,747.3,4.51,0.001697,0.0001577,0.1025,80323,318.0,-0.000000,0.0001588,0.1034,110613,350.0,0.000000,0.0000095,0.1034,85912,324.8,0.000076,0.0001569,0.1025,105509,324.7,0.034784
147.07,0.0040852,147.1,0.014001,953.1,416148,1378.4,82899,932.7,76.39,0.013967,687.1,0.000000,333.5,1076075,656.2,89126,707.3,0.14,0.000037,327.1,0.015629,857.6,82533,857.5,77400,856.2,86.51,0.016088,507.1,-0.000000,591.2,104229,343.1,130734,739.8,5.64,0.002049,0.0001573,0.1025,79362,316.9,-0.000000,0.0001588,0.1034,110499,349.9,0.000000,0.0000091,0.1034,86171,325.1,0.000077,0.0001579,0.1025,105386,324.6,0.034518
148.06,0.0041127,148.1,0.015303,960.8,412517,1375.0,85857,946.4,81.56,0.015221,688.1,0.000000,2016.0,1119960,662.7,88988,707.1,0.20,0.000051,328.1,0.015322,851.2,80535,851.2,75281,850.1,86.33,0.015727,508.1,0.000000,383.3,104505,343.3,124940,732.1,5.55,0.001947,0.0001569,0.1025,78499,315.9,-0.000000,0.0001588,0.1034,110363,349.8,0.000000,0.0000087,0.1034,86405,325.3,0.000071,0.0001588,0.1025,105629,324.8,0.032888
149.05,0.0041402,149.0,0.016715,967.4,408849,1371.7,88493,957.1,87.63,0.016667,689.0,0.000000,2481.3,1165778,669.4,88872,706.9,0.12,0.000031,329.0,0.014829,844.5,78521,844.8,73272,844.1,84.71,0.015127,509.0,0.000000,377.5,104775,343.5,119954,725.3,4.93,0.001679,0.0001564,0.1025,77718,315.0,-0.000000,0.0001588,0.1034,110210,349.6,0.000000,0.0000083,0.1034,86615,325.5,0.000064,0.0001597,0.1025,105888,325.0,0.032067
150.04,0.0041677,150.0,0.018221,976.9,405134,1368.3,92536,969.6,89.87,0.017645,690.0,0.000000,915.6,1213567,676.0,88953,707.0,-0.20,-0.000052,330.0,0.014160,837.4,76567,838.2,71430,838.4,81.96,0.014363,510.0,0.000000,749.3,105041,343.7,115817,719.5,4.23,0.001401,0.0001559,0.1025,77004,314.2,0.000000,0.0001588,0.1034,110040,349.5,0.000000,0.0000079,0.1034,86760,325.7,0.000143,0.0001605,0.1025,106166,325.2,0.031299
151.07,0.0041964,151.1,0.019614,1003.3,401216,1364.7,104085,997.8,80.27,0.017223,691.1,0.000000,401.6,1265668,683.1,89574,708.2,-1.12,-0.000290,331.1,0.013331,829.5,74669,831.2,69770,832.9,77.78,0.013402,511.1,0.000000,100.0,105317,343.9,112327,714.4,3.50,0.001132,0.0001553,0.1025,76315,313.4,0.000000,0.0001588,0.1034,109840,349.3,0.000000,0.0000075,0.1034,86855,325.8,0.000351,0.0001614,0.1025,106465,325.5,0.030611
152.06,0.0042239,152.1,0.020909,1031.3,397442,1361.2,117355,1026.5,80.30,0.018884,692.1,0.000000,550.6,1317570,689.9,91820,712.5,-4.03,-0.001068,332.1,0.012386,821.7,73049,824.6,68461,827.9,72.76,0.012376,512.1,0.000000,1434.9,105580,344.1,109689,710.5,2.84,0.000902,0.0001548,0.1025,75708,312.7,0.000000,0.0001588,0.1034,109619,349.1,0.000000,0.0000072,0.1034,86929,325.9,0.000546,0.0001622,0.1025,106775,325.7,0.029959
153.05,0.0042514,153.0,0.022590,1047.7,393607,1357.6,125671,1043.0,87.93,0.021795,693.0,0.000000,100.0,1371498,696.7,98336,724.7,-10.07,-0.002811,333.0,0.011392,814.0,71664,818.1,67352,823.1,67.25,0.011320,513.0,0.000000,1014.9,105859,344.3,107701,707.5,2.14,0.000669,0.0001541,0.1025,75153,312.0,-0.000000,0.0001588,0.1034,109368,348.9,0.000000,0.0000069,0.1034,87000,325.9,0.000732,0.0001631,0.1025,106762,325.7,0.030044
154.04,0.0042788,154.0,0.024354,1053.0,389702,1354.0,128312,1047.9,97.40,0.024535,694.0,0.000000,1062.7,1427434,703.6,108039,741.8,-11.75,-0.003521,334.0,0.010429,806.5,70526,811.8,66360,818.2,61.96,0.010337,514.0,0.000000,100.0,106125,344.5,106425,705.6,1.33,0.000412,0.0001535,0.1025,74655,311.4,0.000000,0.0001588,0.1034,109089,348.6,0.000000,0.0000066,0.1034,87062,326.0,0.000946,0.0001639,0.1025,107067,326.0,0.028869
155.07,0.0043075,155.1,0.026105,1052.5,385550,1350.1,127952,1047.0,106.37,0.026742,695.1,0.000000,337.6,1488037,710.7,115945,755.1,-7.42,-0.002345,335.1,0.009579,798.9,69577,805.3,65400,812.7,57.28,0.009481,515.1,0.000000,100.0,106408,344.7,105849,704.7,0.45,0.000139,0.0001527,0.1025,74201,310.9,-0.000000,0.0001588,0.1034,108773,348.3,0.000000,0.0000064,0.1034,87125,326.1,0.001199,0.0001647,0.1025,107396,326.2,0.028411
156.06,0.0043350,156.1,0.027984,1051.2,381502,1346.3,127155,1045.1,114.27,0.028598,696.1,0.000000,1478.5,1547981,717.6,119835,761.4,-3.48,-0.001127,336.1,0.008938,791.6,68841,798.8,64563,807.2,53.92,0.008871,516.1,0.000000,2404.8,106681,345.0,106162,705.3,-0.63,-0.000195,0.0001520,0.1025,73834,310.5,-0.000000,0.0001588,0.1034,108453,348.0,0.000000,0.0000062,0.1034,87197,326.1,0.001491,0.0001654,0.1025,107737,326.5,0.027929
157.05,0.0043625,157.0,0.029768,1050.3,377382,1342.5,126477,1043.5,121.64,0.030329,697.0,0.000000,100.0,1609776,724.4,121537,764.1,-1.48,-0.000485,337.0,0.008490,783.8,68222,791.9,63777,801.2,51.51,0.008434,517.0,0.000000,601.2,106960,345.2,107656,707.9,-2.07,-0.000648,0.0001511,0.1025,73536,310.1,0.000000,0.0001588,0.1034,108120,347.7,0.000000,0.0000060,0.1034,87301,326.2,0.001817,0.0001662,0.1025,108076,326.8,0.027509
158.04,0.0043899,158.0,0.031452,1049.8,373201,1338.6,126133,1042.4,128.22,0.031914,698.0,0.000000,474.0,1673313,731.3,122272,765.3,-0.62,-0.000203,338.0,0.008181,775.4,67685,784.4,62987,794.7,49.94,0.008142,518.0,0.000000,181.5,107256,345.4,110342,712.5,-3.35,-0.001068,0.0001503,0.1025,73305,309.8,-0.000000,0.0001588,0.1034,107784,347.4,0.000000,0.0000058,0.1034,87465,326.4,0.002192,0.0001670,0.1025,108106,326.8,0.027673
159.07,0.0044187,159.1,0.033100,1050.0,368769,1334.4,126031,1041.8,134.89,0.033568,699.1,0.000000,439.2,1741445,738.3,122430,765.5,-0.02,-0.000008,339.1,0.008033,766.2,67111,776.0,62117,786.9,49.45,0.008030,519.1,0.000000,1270.7,107557,345.7,113988,718.8,-4.00,-0.001306,0.0001493,0.1025,73133,309.6,0.000000,0.0001588,0.1034,107444,347.1,0.000000,0.0000057,0.1034,87843,326.8,0.002403,0.0001677,0.1025,108415,327.1,0.026636
160.06,0.0044461,160.1,0.034684,1049.6,364479,1330.3,125583,1040.6,141.68,0.035174,700.1,0.000000,791.2,1808331,747.3,121875,764.7,0.81,0.000266,340.1,0.008044,756.4,66507,767.0,61237,778.7,49.83,0.008061,520.1,-0.000000,100.0,107849,345.9,117474,724.6,-3.67,-0.001225,0.0001484,0.1025,73027,309.5,-0.000000,0.0001588,0.1034,107145,346.8,0.000000,0.0000055,0.1034,88393,327.4,0.002733,0.0001684,0.1025,108721,327.3,0.026159
161.05,0.0044736,161.0,0.036312,1049.1,360131,1326.2,125144,1039.3,148.63,0.036813,701.0,0.000000,100.0,1878861,755.0,120122,762.2,2.12,0.000688,341.0,0.008055,746.8,65858,757.1,60230,769.4,49.85,0.008028,521.0,0.000000,1169.2,108145,346.1,120186,729.1,-2.61,-0.000885,0.0001474,0.1025,72970,309.4,-0.000000,0.0001588,0.1034,106883,346.6,0.000000,0.0000054,0.1034,89157,328.1,0.003099,0.0001691,0.1025,109033,327.6,0.025719
162.04,0.0045010,162.0,0.038020,1049.4,355719,1321.9,125162,1039.0,155.26,0.038474,702.0,0.000000,1874.4,1956163,764.7,117311,758.0,3.14,0.000998,342.0,0.007751,734.8,65342,746.5,59135,759.8,48.76,0.007807,522.0,0.000000,341.8,108447,346.4,121630,731.5,-1.21,-0.000412,0.0001463,0.1025,72957,309.4,-0.000000,0.0001588,0.1034,106653,346.4,0.000000,0.0000053,0.1034,90074,329.1,0.003630,0.0001698,0.1025,109341,327.8,0.025274
163.07,0.0045297,163.1,0.039717,1050.3,351042,1317.4,125422,1039.1,161.83,0.040182,703.1,0.000000,1696.1,2047923,778.5,114146,753.3,3.17,0.000989,343.1,0.007860,719.9,64722,734.5,58524,750.2,47.88,0.007684,523.1,0.000000,8567.2,108767,346.6,121920,732.0,-0.08,-0.000029,0.0001452,0.1025,72980,309.4,0.000000,0.0001588,0.1034,106424,346.1,0.000000,0.0000052,0.1034,91347,330.4,0.003989,0.0001705,0.1025,109638,328.1,0.024819
164.06,0.0045572,164.1,0.041385,1051.2,346509,1313.0,125659,1039.2,168.15,0.041826,704.1,0.000000,100.0,2149885,796.3,112116,750.2,1.88,0.000579,344.1,0.007526,705.3,64342,722.1,57926,740.3,45.02,0.007247,524.1,0.000000,291.5,109075,346.9,121560,731.5,0.46,0.000157,0.0001440,0.1025,73040,309.5,-0.000000,0.0001588,0.1034,106185,345.9,0.000000,0.0000051,0.1034,92649,331.7,0.004746,0.0001712,0.1025,109910,328.3,0.024269
165.05,0.0045847,165.0,0.058183,1086.4,340644,1307.5,139697,1064.7,220.58,0.059534,705.0,0.000000,100.0,2269427,819.7,111732,749.6,0.03,0.000011,345.0,0.008374,695.4,63685,707.4,58482,733.3,48.46,0.007950,525.0,0.000000,653.5,109386,347.2,120744,730.4,0.97,0.000329,0.0001425,0.1025,73142,309.6,0.000000,0.0001588,0.1034,105886,345.6,0.000000,0.0000050,0.1034,93936,332.9,0.005659,0.0001719,0.1025,110165,328.5,0.023684
166.04,0.0046121,166.0,0.062778,1089.1,334486,1301.6,140992,1066.5,233.31,0.063450,706.0,0.000000,777.4,2410099,849.6,113013,751.7,-1.89,-0.000583,346.0,0.008386,679.9,63181,691.4,58217,722.9,48.26,0.007995,526.0,0.000000,279.4,109686,347.4,119407,728.5,1.51,0.000508,0.0001407,0.1025,73294,309.8,0.000000,0.0001588,0.1034,105459,345.2,0.000000,0.0000050,0.1034,95165,334.1,0.006714,0.0001725,0.1025,110645,328.9,0.022511
167.07,0.0046408,167.1,0.064990,1091.0,327955,1295.3,141709,1067.3,240.23,0.065612,707.1,0.000000,334.0,2583274,888.7,116121,756.9,-3.59,-0.001134,347.1,0.008043,661.4,62991,674.2,57421,709.9,46.39,0.007720,527.1,0.000000,100.0,110010,347.7,117596,725.9,1.92,0.000640,0.0001389,0.1025,73522,310.1,0.000000,0.0001588,0.1034,104794,344.6,0.000000,0.0000050,0.1034,96449,335.4,0.007692,0.0001731,0.1025,110825,329.1,0.022319
168.06,0.0046683,168.1,0.066998,1094.1,321636,1289.2,143108,1069.5,245.23,0.067504,708.1,0.000000,880.0,2776696,934.3,119758,762.8,-3.83,-0.001235,348.1,0.007690,641.9,63209,657.6,56397,696.0,44.54,0.007424,528.1,0.000000,4742.6,110318,347.9,115616,723.1,2.17,0.000714,0.0001370,0.1025,73817,310.4,-0.000000,0.0001588,0.1034,103907,343.8,0.000000,0.0000050,0.1034,97547,336.4,0.008882,0.0001737,0.1025,111003,329.2,0.021493
169.05,0.0046957,169.0,0.068883,1097.6,315255,1282.9,144859,1072.2,249.50,0.069344,709.0,0.000000,1828.1,2999237,988.2,122664,767.4,-2.71,-0.000891,349.0,0.007379,621.1,63852,641.0,55208,680.9,42.67,0.007117,529.0,0.000000,365.0,110612,348.2,113658,720.3,2.10,0.000681,0.0001351,0.1025,74195,310.9,-0.000000,0.0001588,0.1034,102771,342.7,0.000000,0.0000051,0.1034,98451,337.2,0.010166,0.0001743,0.1025,111364,329.5,0.020166
170.03,0.0047232,170.0,0.070696,1101.2,308815,1276.4,146695,1075.0,253.45,0.071147,710.0,0.000000,953.7,3251835,1050.4,124142,769.8,-1.16,-0.000386,350.0,0.007081,599.9,64944,624.6,54036,665.4,40.57,0.006778,530.0,0.000000,463.8,110901,348.4,112044,717.9,1.70,0.000545,0.0001332,0.1025,74658,311.4,0.000000,0.0001588,0.1034,101408,341.4,0.000000,0.0000052,0.1034,99145,337.8,0.011504,0.0001748,0.1025,111698,329.8,0.019284
171.07,0.0047519,171.1,0.072479,1104.4,302028,1269.5,148244,1077.3,257.91,0.073008,711.1,0.000000,938.4,3547824,1124.3,124162,769.8,0.27,0.000090,351.1,0.006809,577.7,66577,608.1,52910,649.0,38.36,0.006433,531.1,0.000000,100.0,111207,348.7,110777,716.0,1.30,0.000412,0.0001311,0.1025,75226,312.1,0.000000,0.0001588,0.1034,99785,339.8,0.000000,0.0000054,0.1034,99650,338.1,0.012923,0.0001753,0.1025,111760,329.8,0.018726
172.06,0.0047793,172.1,0.073996,1105.6,295504,1262.8,148658,1077.7,262.31,0.074434,712.1,0.000000,689.9,3859939,1202.7,123314,768.6,0.96,0.000318,352.1,0.006574,557.8,68511,593.2,52096,633.8,35.91,0.006072,532.1,0.000000,100.0,111481,348.9,109722,714.5,1.22,0.000384,0.0001291,0.1025,75835,312.8,-0.000000,0.0001588,0.1034,98103,338.2,0.000000,0.0000056,0.1034,100063,338.4,0.014006,0.0001758,0.1025,111989,330.0,0.017188
173.04,0.0048068,173.0,0.074967,1104.9,288989,1256.0,147757,1075.9,267.04,0.075444,713.0,0.000000,1544.9,4197594,1288.1,122088,766.8,1.34,0.000439,353.0,0.006371,539.7,70778,579.4,51690,619.9,33.22,0.005699,533.0,0.000000,217.6,111737,349.2,108515,712.6,1.47,0.000460,0.0001270,0.1025,76488,313.6,-0.000000,0.0001588,0.1034,96366,336.5,0.000000,0.0000058,0.1034,100382,338.6,0.015006,0.0001762,0.1025,112347,330.3,0.015677
174.03,0.0048342,174.0,0.075849,1103.2,282489,1249.1,146288,1073.1,272.26,0.076348,714.0,0.000000,2931.5,4556755,1379.3,120454,764.5,1.80,0.000583,354.0,0.006133,523.2,73362,566.7,51539,606.9,30.61,0.005348,534.0,0.000000,749.7,111990,349.4,106964,710.3,1.90,0.000589,0.0001249,0.1025,77161,314.4,-0.000000,0.0001588,0.1034,94641,334.7,0.000000,0.0000061,0.1034,100608,338.6,0.015932,0.0001766,0.1025,112463,330.4,0.014839
175.07,0.0048629,175.1,0.076744,1101.6,275708,1241.8,144911,1070.5,277.42,0.077254,715.1,0.000000,339.1,4949661,1479.6,118337,761.3,2.22,0.000710,355.1,0.005853,507.7,76368,554.7,51626,594.5,27.58,0.004927,535.1,0.000000,100.0,112235,349.6,105063,707.4,2.19,0.000671,0.0001227,0.1025,77858,315.2,-0.000000,0.0001588,0.1034,92916,333.0,0.000000,0.0000064,0.1034,100785,338.6,0.016760,0.0001770,0.1025,112679,330.6,0.013246
176.05,0.0048904,176.1,0.077551,1100.4,269242,1234.6,143897,1068.5,281.52,0.077993,716.1,0.000000,283.9,5335888,1579.0,116016,757.9,2.55,0.000802,356.1,0.005531,496.1,79487,544.4,52777,586.7,21.85,0.004043,536.1,0.000000,1282.0,112454,349.8,103229,704.5,2.19,0.000660,0.0001206,0.1025,78495,315.9,-0.000000,0.0001588,0.1034,91379,331.4,0.000000,0.0000067,0.1034,100939,338.5,0.017432,0.0001774,0.1025,112841,330.7,0.011859
177.04,0.0049178,177.0,0.078240,1099.4,262802,1227.4,142989,1066.6,285.22,0.078657,717.0,0.000000,805.9,5725505,1680.5,113564,754.2,2.69,0.000834,357.0,0.005138,490.9,82795,535.3,56480,587.7,12.79,0.002529,537.0,0.000000,721.1,112659,350.0,101537,701.8,2.04,0.000608,0.0001185,0.1025,79088,316.6,-0.000000,0.0001588,0.1034,89974,329.9,0.000000,0.0000071,0.1034,101113,338.4,0.017874,0.0001776,0.1025,112932,330.8,0.010481
178.08,0.0049465,178.1,0.078859,1098.1,256102,1219.8,141926,1064.5,289.05,0.079278,718.1,0.000000,100.0,6128729,1787.0,111122,750.4,2.55,0.000777,358.1,0.004614,488.4,86281,527.0,61477,592.6,8.65,0.001846,538.1,0.000000,224.5,112852,350.2,99891,699.2,1.96,0.000576,0.0001162,0.1025,79656,317.2,-0.000000,0.0001588,0.1034,88651,328.5,0.000000,0.0000075,0.1034,101448,338.5,0.017642,0.0001779,0.1025,113052,330.9,0.008832
179.06,0.0049740,179.1,0.079399,1096.6,249730,1212.4,140755,1062.1,292.72,0.079797,719.1,0.000000,944.4,6503001,1888.1,109094,747.2,2.25,0.000675,359.1,0.004343,483.7,89398,520.0,64928,593.3,9.91,0.002232,539.1,0.000000,527.9,113015,350.4,98296,696.6,2.06,0.000597,0.0001140,0.1025,80152,317.8,0.000000,0.0001588,0.1034,87517,327.3,0.000000,0.0000078,0.1034,101949,338.7,0.017058,0.0001781,0.1025,113188,331.0,0.007140
180.05,0.0050014,180.1,0.079856,1095.0,243399,1204.9,139595,1059.8,296.13,0.080235,0.1,0.000000,233.9,6858981,1987.0,107291,744.4,2.07,0.000613,360.1,0.004225,477.2,92359,513.6,66729,589.4,11.92,0.002776,540.1,0.000000,1228.7,113162,350.6,96542,693.7,2.33,0.000667,0.0001118,0.1025,80611,318.3,-0.000000,0.0001588,0.1034,86499,326.2,0.000000,0.0000082,0.1034,102194,338.7,0.017030,0.0001782,0.1025,113220,331.0,0.005681
181.04,0.0050289,181.0,0.080241,1093.6,237112,1197.3,138669,1057.9,298.84,0.080577,1.0,0.000000,1296.1,7190068,2082.5,105604,741.6,1.97,0.000577,361.0,0.004098,469.9,94761,507.8,67497,582.9,12.67,0.003018,541.0,0.000000,514.4,113285,350.7,94535,690.4,2.72,0.000767,0.0001096,0.1025,81044,318.8,-0.000000,0.0001588,0.1034,85584,325.2,0.000000,0.0000085,0.1034,102792,339.0,0.015617,0.0001783,0.1025,113314,331.1,0.003863
182.07,0.0050576,182.1,0.080548,1093.1,230592,1189.2,138409,1057.2,299.97,0.080789,2.1,0.000000,1109.1,7503120,2177.4,103975,739.0,1.83,0.000530,362.1,0.003858,462.8,96983,502.2,67847,575.6,12.16,0.002948,542.1,0.000000,444.1,113390,350.9,92175,686.4,3.11,0.000858,0.0001073,0.1025,81481,319.2,-0.000000,0.0001588,0.1034,84726,324.3,0.000000,0.0000088,0.1034,103136,339.1,0.015163,0.0001784,0.1025,113404,331.1,0.002090
183.06,0.0050850,183.1,0.080762,1093.9,224412,1181.5,139176,1058.2,298.92,0.080870,3.1,0.000000,2141.0,7765505,2262.5,102592,736.7,1.64,0.000469,363.1,0.003538,456.7,98623,497.3,67996,568.9,11.22,0.002759,543.1,0.000000,2448.0,113427,351.0,89814,682.3,3.27,0.000884,0.0001051,0.1025,81892,319.7,0.000000,0.0001588,0.1034,83995,323.5,0.000000,0.0000091,0.1034,103598,339.3,0.013886,0.0001784,0.1025,113613,331.6,-0.001310
184.05,0.0051125,184.0,0.080885,1095.7,218291,1173.6,140771,1060.7,296.33,0.080898,4.0,0.000000,3570.4,7987386,2341.1,101408,734.8,1.41,0.000401,364.0,0.003228,451.0,99966,492.6,68044,562.6,10.25,0.002551,544.0,0.000000,100.0,113440,351.0,87546,678.3,3.17,0.000842,0.0001029,0.1025,82303,320.2,-0.000000,0.0001588,0.1034,83346,322.8,0.000000,0.0000094,0.1034,103827,339.3,0.013333,0.0001783,0.1025,113846,332.1,-0.003103
185.04,0.0051399,185.0,0.080929,1097.9,212234,1165.6,142600,1063.6,293.35,0.080909,5.0,0.000000,100.0,8165652,2412.5,100387,733.1,1.25,0.000353,365.0,0.002912,445.6,100938,488.2,67844,556.4,9.63,0.002416,545.0,0.000000,100.0,113429,351.1,85476,674.6,2.95,0.000770,0.0001007,0.1025,82719,320.6,-0.000000,0.0001588,0.1034,82777,322.2,0.000000,0.0000096,0.1034,104019,339.2,0.012515,0.0001782,0.1025,114113,332.6,-0.004812
186.07,0.0051686,186.1,0.080896,1099.7,205974,1157.2,144233,1066.0,290.60,0.080882,6.1,0.000000,100.0,8303246,2478.8,99310,731.2,1.34,0.000375,366.1,0.002581,439.8,101603,483.7,67167,549.4,9.43,0.002372,546.1,0.000000,517.7,113395,351.1,83518,671.0,2.75,0.000704,0.0000983,0.1025,83163,321.1,0.000000,0.0001588,0.1034,82267,321.6,0.000000,0.0000099,0.1034,104169,339.2,0.011827,0.0001780,0.1025,114228,332.9,-0.006404
187.06,0.0051960,187.1,0.080579,1100.1,200074,1149.1,145213,1067.3,287.47,0.080454,7.1,0.000000,100.0,8387429,2533.8,98047,729.1,1.71,0.000472,367.1,0.002313,433.9,101988,479.5,66071,542.2,9.37,0.002348,547.1,0.000000,2464.7,113340,351.1,81751,667.7,2.68,0.000675,0.0000961,0.1025,83593,321.6,-0.000000,0.0001588,0.1034,81852,321.1,0.000000,0.0000101,0.1034,104171,339.0,0.011533,0.0001778,0.1025,114248,333.2,-0.008076
188.04,0.0052235,188.0,0.079951,1100.4,194280,1141.0,146063,1068.4,283.76,0.079798,8.0,0.000000,1041.2,8425689,2580.4,96446,726.3,2.16,0.000591,368.0,0.002066,428.1,102203,475.4,64904,535.2,8.65,0.002157,548.0,0.000000,100.0,113264,351.1,80014,664.4,2.71,0.000671,0.0000939,0.1025,84021,322.0,0.000000,0.0001588,0.1034,81497,320.7,0.000000,0.0000104,0.1034,104020,338.6,0.011533,0.0001775,0.1025,114106,333.3,-0.009641
189.03,0.0052509,189.0,0.079270,1100.8,188595,1132.8,147063,1069.8,279.64,0.079081,9.0,0.000000,226.1,8419605,2618.6,94618,723.1,2.44,0.000656,369.0,0.001801,422.7,102491,471.3,63990,529.4,7.30,0.001815,549.0,0.000000,286.2,113157,351.1,78257,661.1,2.81,0.000684,0.0000918,0.1025,84438,322.5,0.000000,0.0001588,0.1034,81189,320.4,0.000000,0.0000107,0.1034,103540,338.0,0.012458,0.0001772,0.1025,113969,333.4,-0.011609
190.06,0.0052796,190.1,0.078525,1101.2,182767,1124.2,148103,1071.1,275.32,0.078310,10.1,0.000000,100.0,8368663,2649.7,92746,719.8,2.36,0.000624,370.1,0.001516,418.0,102531,467.0,63405,524.9,5.70,0.001417,550.1,0.000000,100.0,113034,351.1,76415,657.4,2.85,0.000682,0.0000895,0.1025,84859,322.9,-0.000000,0.0001588,0.1034,80897,320.1,0.000000,0.0000110,0.1034,103452,337.7,0.012102,0.0001768,0.1025,113627,333.5,-0.012770
191.05,0.0053070,191.1,0.077736,1101.1,177305,1116.0,148751,1071.8,271.70,0.077566,11.1,0.000000,100.0,8280903,2671.4,91184,717.0,2.07,0.000540,371.1,0.001240,414.1,102416,463.0,63108,521.8,4.38,0.001090,551.1,0.000000,100.0,112902,351.0,74757,654.1,2.71,0.000638,0.0000874,0.1025,85253,323.4,0.000000,0.0001588,0.1034,80634,319.8,0.000000,0.0000113,0.1034,103329,337.4,0.012090,0.0001764,0.1025,113526,334.1,-0.014035
192.04,0.0053345,192.0,0.076925,1100.2,171954,1107.7,148836,1071.6,268.81,0.076803,12.0,0.000000,213.6,8159178,2685.6,89857,714.6,1.79,0.000464,372.0,0.001003,410.5,102195,459.0,62961,519.5,3.36,0.000837,552.0,0.000000,726.1,112774,351.0,73306,651.2,2.38,0.000552,0.0000853,0.1025,85656,323.8,0.000000,0.0001588,0.1034,80377,319.5,0.000000,0.0000116,0.1034,103144,337.0,0.012273,0.0001760,0.1025,112967,334.4,-0.014561
193.07,0.0053631,193.1,0.076056,1098.4,166478,1099.1,148286,1070.3,266.53,0.075965,13.1,0.000000,1782.8,8000557,2693.2,88650,712.4,1.58,0.000405,373.1,0.000795,407.0,101902,455.0,62881,517.7,2.56,0.000639,553.1,0.000000,100.0,112614,350.9,72119,648.8,1.84,0.000420,0.0000831,0.1025,86103,324.3,0.000000,0.0001588,0.1034,80112,319.2,0.000000,0.0000119,0.1034,102889,336.5,0.012678,0.0001756,0.1025,112557,334.9,-0.016279
194.06,0.0053906,194.1,0.075149,1095.8,161353,1090.7,147246,1068.1,264.88,0.075115,14.1,0.000000,576.1,7823777,2694.3,87639,710.5,1.41,0.000357,374.1,0.000620,403.8,101593,451.1,62832,516.4,1.96,0.000491,554.1,0.000000,1542.1,112424,350.8,71359,647.2,1.21,0.000274,0.0000810,0.1025,86576,324.8,-0.000000,0.0001588,0.1034,79864,318.9,0.000000,0.0000123,0.1034,102610,336.0,0.013250,0.0001750,0.1025,112672,335.9,-0.018519
195.05,0.0054180,195.0,0.074227,1092.7,156339,1082.4,145812,1065.3,263.60,0.074220,15.0,0.000000,100.0,7627306,2690.1,86760,708.9,1.23,0.000310,375.0,0.000462,400.7,101273,447.2,62853,515.5,1.28,0.000321,555.0,0.000000,928.1,112248,350.8,70961,646.4,0.60,0.000135,0.0000790,0.1025,87116,325.3,0.000000,0.0001588,0.1034,79632,318.6,0.000000,0.0000127,0.1034,102319,335.5,0.013874,0.0001745,0.1025,112297,336.4,-0.018589
196.04,0.0054455,196.0,0.073272,1089.1,151437,1074.0,144070,1062.0,262.60,0.073284,16.0,0.000000,100.0,7415666,2681.3,86021,707.5,1.04,0.000260,376.0,0.000298,398.0,100954,443.4,63080,515.5,0.32,0.000082,556.0,0.000000,100.0,112060,350.7,70864,646.2,0.08,0.000018,0.0000770,0.1025,87747,326.0,-0.000000,0.0001588,0.1034,79426,318.4,0.000000,0.0000130,0.1034,102026,334.9,0.014537,0.0001740,0.1025,112165,337.2,-0.019753
197.07,0.0054741,197.1,0.072263,1084.9,146430,1065.3,141941,1057.9,261.85,0.072274,17.1,0.000000,371.4,7182770,2668.1,85359,706.2,0.92,0.000228,377.1,0.000173,395.5,100615,439.5,63558,516.5,-0.45,-0.000113,557.1,0.000000,100.0,111865,350.6,71026,646.5,-0.37,-0.000083,0.0000749,0.1025,88525,326.8,-0.000000,0.0001588,0.1034,79257,318.2,0.000000,0.0000135,0.1034,101725,334.4,0.015234,0.0001734,0.1025,111816,337.8,-0.020359
198.06,0.0055016,198.1,0.071225,1080.2,141755,1056.9,139575,1053.3,261.52,0.071286,18.1,0.000000,1293.6,6952789,2652.4,84726,705.0,0.95,0.000236,378.1,0.000088,393.8,100282,435.9,64587,519.3,-2.46,-0.000629,558.1,0.000000,2287.1,111666,350.5,71376,647.3,-0.65,-0.000147,0.0000729,0.1025,89401,327.7,-0.000000,0.0001588,0.1034,79153,318.1,0.000000,0.0000139,0.1034,101431,333.8,0.015951,0.0001728,0.1025,111733,338.6,-0.021528
199.04,0.0055290,199.0,0.070178,1075.0,137191,1048.5,136856,1048.1,261.56,0.070261,19.0,0.000000,954.1,6719114,2634.3,84086,703.8,0.93,0.000230,379.0,-0.000313,487.5,100028,432.4,74106,546.8,-24.47,-0.006822,559.0,0.000000,148.8,111488,350.4,71687,648.0,-0.48,-0.000109,0.0000710,0.1025,90411,328.8,0.000000,0.0001588,0.1034,79116,318.0,0.000000,0.0000144,0.1034,101145,333.2,0.016621,0.0001722,0.1025,111240,339.0,-0.021310
200.03,0.0055565,200.0,0.064785,1067.1,133034,1040.6,130553,1038.1,247.40,0.064004,20.0,0.000000,2763.3,6484481,2614.4,83622,702.9,0.60,0.000147,380.0,-0.002542,529.3,100237,430.1,97848,611.2,-42.09,-0.013861,560.0,0.000000,525.1,111289,350.3,71742,648.1,0.01,0.000002,0.0000692,0.1025,91536,329.9,-0.000000,0.0001588,0.1034,79144,318.1,0.000000,0.0000149,0.1034,101209,333.0,0.016416,0.0001716,0.1025,111191,339.9,-0.022781
201.07,0.0055851,201.1,0.063314,1062.0,128828,1032.4,128194,1034.0,247.58,0.063140,21.1,0.000000,100.0,6230271,2588.0,83509,702.7,0.04,0.000011,381.1,-0.003295,655.9,100584,428.8,115289,654.1,-25.03,-0.009075,561.1,0.000000,882.7,111100,350.2,71496,647.6,0.50,0.000114,0.0000674,0.1025,92797,331.2,0.000000,0.0001588,0.1034,79252,318.2,0.000000,0.0000154,0.1034,101342,332.8,0.015811,0.0001710,0.1025,110823,340.5,-0.022718
202.05,0.0056126,202.1,0.059884,1056.9,125068,1024.9,125531,1029.7,243.61,0.061092,22.1,0.000000,100.0,5993569,2562.9,83663,703.0,-0.25,-0.000062,382.1,-0.001880,100.0,100310,426.7,121246,668.7,-8.92,-0.003328,562.1,0.000000,694.7,110913,350.1,71168,646.9,0.54,0.000121,0.0000658,0.1025,94054,332.5,0.000000,0.0001588,0.1034,79421,318.4,0.000000,0.0000159,0.1034,101246,332.4,0.015979,0.0001703,0.1025,110670,341.2,-0.023611
203.04,0.0056400,203.0,0.054710,1050.7,121686,1017.9,119813,1020.8,225.39,0.054416,23.0,0.000000,923.9,5764027,2538.1,83712,703.1,0.01,0.000002,383.0,0.000000,3899.1,99410,423.1,122761,671.9,-1.03,-0.000386,563.0,0.000000,1252.9,110717,350.0,71070,646.7,0.06,0.000014,0.0000643,0.1025,95351,333.7,0.000000,0.0001588,0.1034,79634,318.6,0.000000,0.0000164,0.1034,100705,331.6,0.016962,0.0001696,0.1025,110772,342.2,-0.024632
204.07,0.0056687,204.1,0.053382,1046.0,118268,1010.7,118133,1018.3,222.60,0.053119,24.1,0.000000,100.0,5532014,2512.6,83398,702.5,0.60,0.000147,384.1,0.000000,100.0,98595,419.4,123988,674.5,-1.80,-0.000682,564.1,0.000000,3778.9,110540,349.9,71314,647.3,-0.57,-0.000128,0.0000627,0.1025,96760,335.1,-0.000000,0.0001588,0.1034,79877,318.9,0.000000,0.0000169,0.1034,99940,330.6,0.018260,0.0001689,0.1025,110349,342.7,-0.024164
205.06,0.0056961,205.1,0.049412,1040.5,115287,1004.3,115054,1013.3,213.49,0.049864,25.1,0.000000,100.0,5317893,2488.6,82790,701.3,0.96,0.000232,385.1,0.000000,924.1,97900,416.0,128212,683.2,-4.93,-0.001901,565.1,0.000000,100.0,110356,349.9,72183,649.2,-1.96,-0.000449,0.0000614,0.1025,98178,336.5,0.000000,0.0001588,0.1034,80101,319.1,0.000000,0.0000175,0.1034,99255,329.6,0.019383,0.0001682,0.1025,110245,343.4,-0.025381
206.05,0.0057236,206.0,0.046107,959.6,112546,998.2,111195,1006.7,199.95,0.045430,26.0,0.000000,660.7,5111499,2465.0,82201,700.1,0.85,0.000205,386.0,0.000000,100.0,97255,412.7,135334,697.6,-7.27,-0.002902,566.0,0.000000,695.4,110190,349.8,76201,657.9,-9.02,-0.002148,0.0000601,0.1025,99664,337.9,0.000000,0.0001588,0.1034,80294,319.4,0.000000,0.0000180,0.1034,98621,328.6,0.020290,0.0001675,0.1025,109745,343.8,-0.025259
207.04,0.0057510,207.0,0.044581,1030.4,109924,992.3,109569,1003.9,196.32,0.044076,27.0,0.000000,1083.1,4912864,2441.8,81752,699.3,0.66,0.000159,387.0,0.000000,100.0,96636,409.5,143458,713.4,-7.01,-0.002900,567.0,0.000000,100.0,110072,349.8,86576,679.2,-17.27,-0.004528,0.0000589,0.1025,101188,339.4,-0.000000,0.0001588,0.1034,80442,319.5,0.000000,0.0000186,0.1034,98016,327.7,0.021056,0.0001669,0.1025,108776,343.6,-0.023960
208.07,0.0057797,208.1,0.042091,1026.2,107372,986.4,107945,1001.1,192.46,0.042689,28.1,0.000000,100.0,4713469,2417.9,81312,698.4,0.67,0.000161,388.1,0.000000,318.7,96003,406.2,147996,721.9,-2.57,-0.001083,568.1,0.000000,100.0,110004,349.8,97119,699.2,-12.23,-0.003494,0.0000577,0.1025,102780,340.9,0.000000,0.0001588,0.1034,80546,319.6,0.000000,0.0000192,0.1034,97397,326.7,0.021746,0.0001662,0.1025,107594,343.1,-0.022413
209.06,0.0058072,209.1,0.038630,952.3,105176,981.2,104053,993.9,178.23,0.038383,29.1,0.000000,314.6,4530573,2395.5,80744,697.3,0.98,0.000234,389.1,0.000000,100.0,95404,403.2,147661,721.7,0.83,0.000347,569.1,0.000000,926.9,109993,349.8,101797,707.6,-4.61,-0.001363,0.0000566,0.1025,104252,342.2,0.000000,0.0001588,0.1034,80606,319.7,0.000000,0.0000198,0.1034,96808,325.8,0.022374,0.0001657,0.1025,106466,342.6,-0.020863
210.05,0.0058346,210.0,0.037509,949.2,103067,976.1,101620,989.2,172.10,0.036367,30.0,0.000000,100.0,4355208,2373.5,79713,695.2,1.85,0.000436,390.0,0.000000,646.9,94806,400.3,145804,719.6,1.57,0.000652,570.0,0.000000,586.1,110036,349.9,102454,708.8,-0.16,-0.000048,0.0000556,0.1025,105640,343.5,-0.000000,0.0001588,0.1034,80646,319.8,0.000000,0.0000205,0.1034,96219,324.8,0.022938,0.0001651,0.1025,105372,342.0,-0.019377
211.03,0.0058621,211.0,0.036688,945.8,101025,971.1,99713,985.2,170.05,0.035403,31.0,0.000000,699.3,4187231,2352.0,77910,691.6,3.13,0.000725,391.0,0.000000,402.4,94208,397.4,144324,717.9,1.16,0.000482,571.0,0.000000,1155.9,110130,350.1,101332,707.0,1.51,0.000445,0.0000546,0.1025,106926,344.7,0.000000,0.0001588,0.1034,80678,319.8,0.000000,0.0000211,0.1034,95629,323.9,0.023465,0.0001646,0.1025,104304,341.4,-0.017941
212.07,0.0058908,212.1,0.036532,1006.9,98913,965.8,99214,983.7,176.83,0.036689,32.1,0.000000,1506.6,4019348,2329.8,75546,686.7,3.69,0.000836,392.1,0.000000,893.2,93583,394.5,143106,716.5,1.05,0.000431,572.1,0.000000,577.7,110284,350.3,100137,705.1,1.34,0.000392,0.0000535,0.1025,108160,345.8,-0.000000,0.0001588,0.1034,80720,319.8,0.000000,0.0000218,0.1034,95011,322.9,0.023982,0.0001642,0.1025,103208,340.7,-0.016540
213.06,0.0059182,213.1,0.035354,1001.8,96981,960.9,97381,979.0,177.86,0.036391,33.1,0.000000,100.0,3865933,2309.1,73635,682.7,3.00,0.000665,393.1,0.000000,200.7,92986,391.8,141587,714.8,1.45,0.000592,573.1,0.000000,1285.3,110481,350.5,99622,704.3,0.36,0.000106,0.0000526,0.1025,109237,346.8,0.000000,0.0001588,0.1034,80778,319.9,0.000000,0.0000225,0.1034,94425,321.9,0.024492,0.0001638,0.1025,102173,340.0,-0.015209
214.05,0.0059457,214.0,0.034925,996.1,95088,956.0,94989,972.9,177.01,0.035550,34.0,0.000000,1047.2,3719310,2288.7,72434,680.1,1.81,0.000396,394.0,0.000000,1088.6,92394,389.2,139696,712.6,1.70,0.000686,574.0,0.000000,255.5,110728,350.8,100223,705.4,-1.12,-0.000327,0.0000516,0.1025,110213,347.6,-0.000000,0.0001588,0.1034,80862,320.0,0.000000,0.0000231,0.1034,93850,321.0,0.024997,0.0001634,0.1025,101150,339.3,-0.013974
215.03,0.0059732,215.0,0.034468,925.5,93234,951.1,92155,965.6,174.51,0.034260,35.0,0.000000,160.5,3579253,2268.8,72215,679.6,-0.04,-0.000009,395.0,0.000000,100.0,91812,386.7,138062,710.7,1.34,0.000535,575.0,0.000000,894.3,111023,351.1,101937,708.4,-2.29,-0.000676,0.0000507,0.1025,111087,348.4,-0.000000,0.0001588,0.1034,80979,320.1,0.000000,0.0000238,0.1034,93284,320.1,0.025522,0.0001630,0.1025,100133,338.5,-0.012805
216.07,0.0060019,216.1,0.034610,918.8,91297,946.0,89692,958.6,174.94,0.033673,36.1,0.000000,275.5,3439592,2248.4,73836,683.2,-3.76,-0.000835,396.1,0.000000,789.6,91217,384.1,137460,709.9,0.26,0.000103,576.1,0.000000,1301.7,111381,351.5,104128,712.3,-2.63,-0.000790,0.0000497,0.1025,111894,349.1,0.000000,0.0001588,0.1034,81138,320.3,0.000000,0.0000246,0.1034,92705,319.1,0.026070,0.0001627,0.1025,99078,337.7,-0.011675
217.05,0.0060293,217.1,0.035124,911.9,89419,940.9,88014,952.9,179.60,0.034124,37.1,0.000000,212.6,3312214,2229.3,78256,692.8,-8.05,-0.001871,397.1,0.000000,6095.6,90663,381.7,137871,710.7,-0.49,-0.000194,577.1,0.000000,5074.7,111771,351.9,106844,717.1,-3.58,-0.001098,0.0000487,0.1025,112569,349.7,-0.000000,0.0001588,0.1034,81327,320.5,0.000000,0.0000253,0.1034,92166,318.2,0.026622,0.0001624,0.1025,98077,336.8,-0.010609
218.04,0.0060567,218.0,0.036301,972.7,87471,935.6,87387,948.8,190.70,0.036131,38.0,0.000000,100.0,3190658,2210.6,83487,703.7,-7.82,-0.001908,398.0,0.000000,100.0,90126,379.5,138525,711.9,-0.57,-0.000228,578.0,0.000000,100.0,112206,352.3,111522,725.1,-6.02,-0.001905,0.0000477,0.1025,113152,350.2,-0.000000,0.0001588,0.1034,81549,320.8,0.000000,0.0000261,0.1034,91642,317.3,0.027161,0.0001621,0.1025,97091,336.0,-0.009629
219.07,0.0060854,219.1,0.035002,896.6,85533,930.2,83958,938.8,187.86,0.034559,39.1,0.000000,183.6,3069549,2191.4,87408,711.5,-4.89,-0.001236,399.1,0.000000,100.0,89582,377.2,138937,712.7,-0.29,-0.000116,579.1,0.000000,731.3,112708,352.8,118383,736.5,-7.31,-0.002417,0.0000467,0.1025,113674,350.7,-0.000000,0.0001588,0.1034,81812,321.1,0.000000,0.0000269,0.1034,91113,316.5,0.027718,0.0001619,0.1025,96093,335.1,-0.008686
220.06,0.0061128,220.1,0.036835,959.8,83566,924.7,83590,935.3,201.95,0.037127,40.1,0.000000,26870.0,2959161,2173.5,89357,715.3,-2.31,-0.000592,400.1,0.000000,1195.4,89082,375.0,139010,712.9,-0.01,-0.000005,580.1,0.000000,892.5,113233,353.3,124324,746.2,-5.73,-0.001962,0.0000457,0.1025,114100,351.0,-0.000000,0.0001588,0.1034,82086,321.4,0.000000,0.0000276,0.1034,90630,315.6,0.028288,0.0001617,0.1025,95184,334.3,-0.007799
221.05,0.0061403,221.0,0.036456,953.6,81630,919.2,81962,929.2,208.81,0.037891,41.0,0.000000,1283.9,2853845,2155.9,89777,716.2,-0.19,-0.000050,401.0,0.000000,1244.3,88604,373.0,138880,712.7,0.14,0.000056,581.0,0.000000,476.1,113801,353.8,128141,752.2,-3.34,-0.001169,0.0000447,0.1025,114468,351.3,-0.000000,0.0001588,0.1034,82378,321.7,0.000000,0.0000284,0.1034,90170,314.9,0.028867,0.0001615,0.1025,94327,333.5,-0.006983
222.04,0.0061677,222.0,0.036145,946.2,79721,913.6,79038,920.2,207.37,0.036640,42.0,0.000000,383.3,2753354,2138.7,89113,714.9,1.12,0.000286,402.0,0.000000,100.0,88151,371.0,138665,712.4,0.21,0.000085,582.0,0.000000,100.0,114413,354.4,130019,755.2,-1.50,-0.000532,0.0000437,0.1025,114794,351.6,-0.000000,0.0001588,0.1034,82685,322.0,0.000000,0.0000292,0.1034,89738,314.1,0.029477,0.0001613,0.1025,93524,332.8,-0.006218
223.07,0.0061963,223.1,0.037087,940.3,77665,907.5,78014,915.5,217.97,0.038208,43.1,0.000000,1148.9,2653205,2121.1,88048,713.0,1.47,0.000373,403.1,0.000000,100.0,87708,369.0,138295,712.0,0.37,0.000149,583.1,0.000000,940.9,115097,355.0,130660,756.2,-0.41,-0.000145,0.0000427,0.1025,115104,351.9,-0.000000,0.0001588,0.1034,83022,322.4,0.000000,0.0000301,0.1034,89318,313.4,0.030136,0.0001611,0.1025,92740,332.1,-0.005488
224.06,0.0062238,224.1,0.036305,933.4,75755,901.8,75722,908.2,219.29,0.037611,44.1,0.000000,1853.3,2561887,2104.6,87024,711.0,1.45,0.000365,404.1,0.000000,893.0,87316,367.2,137633,711.2,0.68,0.000272,584.1,0.000000,3634.6,115795,355.6,130712,756.3,-0.00,-0.000001,0.0000417,0.1025,115382,352.1,-0.000000,0.0001588,0.1034,83361,322.8,0.000000,0.0000310,0.1034,88952,312.7,0.030835,0.0001610,0.1025,92039,331.4,-0.004809
225.04,0.0062512,225.0,0.035735,925.9,73886,896.0,72871,899.8,215.91,0.035970,45.0,0.000000,657.5,2474711,2088.5,86173,709.4,1.15,0.000287,405.0,0.000000,460.1,86958,365.4,136599,710.0,1.02,0.000403,585.0,0.000000,100.0,116535,356.3,130762,756.3,-0.11,-0.000039,0.0000407,0.1025,115647,352.4,-0.000000,0.0001588,0.1034,83720,323.2,0.000000,0.0000318,0.1034,88619,312.1,0.031553,0.0001609,0.1025,91380,330.8,-0.004197
226.08,0.0062799,226.1,0.036450,920.4,71886,889.8,71941,895.7,224.01,0.037012,46.1,0.000000,1120.7,2387779,2072.0,85758,708.7,0.37,0.000092,406.1,0.000000,889.2,86621,363.7,135208,708.3,1.29,0.000506,586.1,0.000000,100.0,117353,357.0,131064,756.8,-0.28,-0.000099,0.0000396,0.1025,115908,352.6,0.000000,0.0001588,0.1034,84115,323.6,0.000000,0.0000327,0.1034,88307,311.5,0.032312,0.0001608,0.1025,90734,330.2,-0.003621
227.06,0.0063073,227.1,0.034389,839.0,70110,884.1,68753,886.5,214.39,0.034203,47.1,0.000000,100.0,2308457,2056.5,85972,709.1,-0.48,-0.000119,407.1,0.000000,987.2,86333,362.1,133647,706.4,1.51,0.000587,587.1,-0.000000,1357.9,118178,357.8,131228,757.1,-0.12,-0.000043,0.0000387,0.1025,116139,352.8,-0.000000,0.0001588,0.1034,84508,324.0,0.000000,0.0000337,0.1034,88038,310.9,0.033070,0.0001607,0.1025,90155,329.6,-0.003095
228.05,0.0063348,228.1,0.034703,907.8,68315,878.2,67747,883.0,217.77,0.034370,48.1,0.000000,218.1,2232715,2041.3,86590,710.3,-0.96,-0.000240,408.1,0.000000,100.0,86074,360.6,131872,704.3,1.73,0.000666,588.1,0.000000,641.8,119043,358.5,131366,757.3,-0.17,-0.000061,0.0000377,0.1025,116344,353.0,0.000000,0.0001588,0.1034,84909,324.5,0.000000,0.0000346,0.1034,87791,310.4,0.033773,0.0001606,0.1025,89615,329.1,-0.002629
229.04,0.0063622,229.0,0.032841,829.7,66644,872.6,65216,875.6,208.40,0.031931,49.0,0.000000,2416.4,2160383,2026.5,87267,711.6,-0.94,-0.000237,409.0,0.000000,235.8,85838,359.1,129901,701.8,1.93,0.000736,589.0,0.000000,906.3,119950,359.3,132301,758.7,-1.33,-0.000478,0.0000368,0.1025,116520,353.1,0.000000,0.0001588,0.1034,85313,324.9,0.000000,0.0000355,0.1034,87553,309.9,0.034393,0.0001606,0.1025,89117,328.6,-0.002206
230.07,0.0063909,230.1,0.032200,826.0,64942,866.8,63762,871.1,205.16,0.030893,50.1,0.000000,500.2,2088234,2011.3,87701,712.5,-0.46,-0.000116,410.1,0.000000,100.0,85603,357.6,127711,699.1,2.06,0.000775,590.1,0.000000,616.2,120940,360.1,137477,766.7,-6.08,-0.002242,0.0000359,0.1025,116668,353.2,0.000000,0.0001588,0.1034,85739,325.4,0.000000,0.0000365,0.1034,87299,309.4,0.034883,0.0001605,0.1025,88642,328.1,-0.001819
231.06,0.0064183,231.1,0.030978,892.2,63394,861.5,63096,869.0,206.36,0.030822,51.1,0.000000,639.5,2022382,1997.1,87671,712.5,0.17,0.000042,411.1,0.000000,410.1,85377,356.3,125606,696.4,2.09,0.000775,591.1,0.000000,964.7,121929,361.0,147982,782.4,-9.73,-0.003785,0.0000351,0.1025,116774,353.3,0.000000,0.0001588,0.1034,86153,325.8,0.000000,0.0000375,0.1034,87037,308.9,0.035170,0.0001605,0.1025,88231,327.7,-0.001475
232.05,0.0064458,232.0,0.029211,887.0,61963,856.4,61283,863.5,198.32,0.028951,52.0,0.000000,1669.1,1959464,1983.2,87242,711.7,0.72,0.000182,412.0,0.000000,806.4,85126,355.0,123529,693.8,2.10,0.000769,592.0,0.000000,1278.0,122957,361.8,157717,796.5,-7.19,-0.002931,0.0000343,0.1025,116845,353.4,0.000000,0.0001588,0.1034,86588,326.3,0.000000,0.0000385,0.1034,86742,308.4,0.035134,0.0001605,0.1025,87860,327.3,-0.001179
233.04,0.0064732,233.0,0.028416,882.6,60583,851.4,60117,859.7,195.96,0.028188,53.0,0.000000,100.0,1899335,1969.5,86519,710.3,1.12,0.000281,413.0,0.000000,100.0,84836,353.6,121477,691.1,2.11,0.000761,593.0,-0.000000,100.0,124026,362.7,162852,803.7,-3.23,-0.001348,0.0000335,0.1025,116874,353.4,-0.000000,0.0001588,0.1034,87074,326.8,0.000000,0.0000394,0.1034,86412,307.8,0.034855,0.0001604,0.1025,87524,326.9,-0.000922
234.07,0.0065019,234.1,0.027043,812.3,59235,846.4,58128,853.3,188.82,0.026460,54.1,0.000000,263.1,1839303,1955.6,85528,708.4,1.45,0.000361,414.1,0.000000,453.9,84482,352.3,119400,688.4,2.06,0.000735,594.1,0.000000,156.6,125185,363.7,164259,805.7,-0.52,-0.000218,0.0000327,0.1025,116856,353.4,0.000000,0.0001588,0.1034,87682,327.4,0.000000,0.0000404,0.1034,86006,307.2,0.034381,0.0001604,0.1025,87204,326.6,-0.000699
235.05,0.0065293,235.1,0.027159,872.5,57937,841.5,57384,850.0,192.06,0.026673,55.1,0.000000,324.3,1784449,1942.5,84417,706.3,1.69,0.000415,415.1,0.000000,1034.5,84089,351.0,117527,685.9,1.96,0.000693,595.1,0.000000,100.0,126336,364.6,163505,804.9,0.78,0.000325,0.0000320,0.1025,116780,353.3,-0.000000,0.0001588,0.1034,88416,328.2,0.000000,0.0000413,0.1034,85567,306.6,0.033744,0.0001604,0.1025,86920,326.3,-0.000514
236.04,0.0065567,236.0,0.026655,868.0,56671,836.6,56586,846.4,195.03,0.026820,56.0,0.000000,690.2,1731974,1929.8,83217,704.0,1.82,0.000444,416.0,0.000000,541.8,83646,349.7,115813,683.5,1.82,0.000634,596.0,-0.000000,614.1,127527,365.6,161980,803.1,1.29,0.000535,0.0000312,0.1025,116641,353.2,0.000000,0.0001588,0.1034,89344,329.2,0.000000,0.0000422,0.1034,85091,306.0,0.033066,0.0001604,0.1025,86649,326.0,-0.000368
237.07,0.0065853,237.1,0.025485,862.6,55426,831.8,54865,840.4,189.24,0.025415,57.1,0.000000,1708.4,1679526,1916.7,81936,701.5,1.86,0.000447,417.1,0.000000,539.3,83138,348.3,114164,681.3,1.72,0.000592,597.1,0.000000,385.1,128815,366.6,159533,800.3,2.04,0.000837,0.0000305,0.1025,116428,353.0,0.000000,0.0001588,0.1034,90528,330.4,0.000000,0.0000432,0.1034,84570,305.4,0.032429,0.0001604,0.1025,86371,325.7,-0.000254
238.06,0.0066127,238.1,0.024633,796.1,54290,827.2,53346,835.2,181.86,0.023893,58.1,0.000000,336.0,1631549,1904.4,80824,699.3,1.65,0.000393,418.1,0.000000,100.0,82624,347.0,112575,679.1,1.80,0.000614,598.1,0.000000,818.0,130089,367.6,156256,796.5,2.74,0.001108,0.0000298,0.1025,116162,352.8,-0.000000,0.0001588,0.1034,91815,331.7,0.000000,0.0000440,0.1034,84071,304.7,0.031953,0.0001604,0.1025,86100,325.5,-0.000172
239.05,0.0066401,239.0,0.023949,855.2,53196,822.8,53212,834.8,180.42,0.023657,59.0,0.000000,631.0,1585606,1892.4,80010,697.6,1.16,0.000274,419.0,0.000000,711.5,82102,345.7,110820,676.7,2.03,0.000682,599.0,-0.000000,132.9,131405,368.7,152447,792.0,3.19,0.001261,0.0000292,0.1025,115836,352.5,0.000000,0.0001588,0.1034,93182,333.1,0.000000,0.0000449,0.1034,83589,304.1,0.031754,0.0001604,0.1025,85815,325.1,-0.000121
240.08,0.0066688,240.1,0.020830,797.1,52266,818.9,51759,830.9,156.90,0.020104,60.1,0.000000,100.0,1539640,1880.1,79580,696.8,0.47,0.000111,420.1,0.000000,899.5,81564,344.4,108904,674.0,2.09,0.000694,600.1,0.000000,188.4,132825,369.8,148377,787.0,3.19,0.001236,0.0000286,0.1025,115434,352.2,-0.000000,0.0001588,0.1034,94635,334.6,0.000000,0.0000458,0.1034,83098,303.5,0.031778,0.0001604,0.1025,85491,324.8,-0.000094
241.06,0.0066962,241.1,0.018277,802.1,51543,815.8,51627,832.0,138.27,0.017650,61.1,0.000000,965.0,1497549,1868.6,79783,697.2,-0.56,-0.000131,421.1,0.000000,1465.2,81073,343.2,107255,671.6,1.85,0.000606,601.1,0.000000,281.0,134229,370.8,145184,783.1,2.58,0.000982,0.0000281,0.1025,114993,351.8,-0.000000,0.0001588,0.1034,96023,336.0,0.000000,0.0000467,0.1034,82664,303.0,0.032086,0.0001604,0.1025,85102,324.4,-0.000012
242.05,0.0067236,242.0,0.015343,805.1,51015,813.4,50707,830.4,117.91,0.014811,62.0,0.000000,1475.9,1457204,1857.3,81069,699.9,-2.53,-0.000602,422.0,0.000000,12521.2,80622,342.1,106114,669.9,1.18,0.000384,602.0,0.000000,900.1,135674,381.9,142677,780.0,2.13,0.000801,0.0000276,0.1025,114498,351.3,-0.000000,0.0001588,0.1034,97414,337.3,0.000000,0.0000476,0.1034,82277,302.5,0.032697,0.0001604,0.1025,84696,323.9,0.000000
243.03,0.0067510,243.0,0.014524,854.5,50542,811.1,51104,833.3,114.69,0.014469,63.0,0.000000,431.0,1418521,1846.2,83991,705.9,-4.93,-0.001207,423.0,0.000000,393.3,80220,341.0,105724,669.4,0.30,0.000096,603.0,0.000000,747.6,137164,383.1,140378,777.1,2.05,0.000761,0.0000273,0.1025,113952,350.9,-0.000000,0.0001588,0.1034,98812,338.7,0.000000,0.0000485,0.1034,81941,302.1,0.033470,0.0001604,0.1025,84270,323.5,0.000000
244.07,0.0067796,244.1,0.011921,813.5,50232,809.5,50648,833.3,90.22,0.011280,64.1,0.000000,1149.1,1379769,1834.9,87971,713.8,-5.58,-0.001414,424.1,0.000000,923.3,79853,340.0,105841,669.6,-0.17,-0.000055,604.1,0.000000,9250.9,138771,384.3,137969,774.0,2.10,0.000768,0.0000269,0.1025,113330,350.3,-0.000000,0.0001588,0.1034,100273,340.1,0.000000,0.0000495,0.1034,81640,301.7,0.034338,0.0001604,0.1025,83796,322.9,0.000000
245.05,0.0068070,245.1,0.005707,830.1,50360,809.6,52325,839.7,25.23,0.003234,65.1,0.000000,100.0,1344238,1824.3,91372,720.4,-4.54,-0.001185,425.1,0.000000,269.5,79551,339.0,105813,669.6,0.14,0.000045,605.1,0.000000,387.2,140359,385.5,135686,771.0,2.10,0.000759,0.0000268,0.1025,112697,349.7,0.000000,0.0001588,0.1034,101647,341.4,0.000000,0.0000505,0.1034,81390,301.4,0.035204,0.0001604,0.1025,83323,322.4,0.000000
246.04,0.0068344,246.0,-0.003191,838.1,51113,812.1,53176,843.4,-50.82,-0.006591,66.0,0.000000,1317.0,1310133,1813.9,93864,725.1,-3.11,-0.000827,426.0,0.000000,379.6,79291,338.1,105030,668.4,1.19,0.000385,606.0,0.000000,424.5,141998,386.7,133431,768.0,2.12,0.000758,0.0000268,0.1025,112041,349.2,0.000000,0.0001588,0.1034,102971,342.6,0.000000,0.0000514,0.1034,81160,301.1,0.035949,0.0001604,0.1025,82840,321.9,0.000000
247.07,0.0068630,247.1,-0.009198,846.8,52377,816.8,53683,844.9,-78.43,-0.010251,67.1,0.000000,220.0,1275926,1803.3,95325,727.8,-1.51,-0.000407,427.1,0.000000,197.9,79050,337.3,103294,665.9,2.17,0.000692,607.1,0.000000,100.0,143767,388.0,131071,764.9,2.14,0.000756,0.0000271,0.1025,111352,348.5,0.000000,0.0001588,0.1034,104279,343.9,0.000000,0.0000525,0.1034,80925,300.8,0.036506,0.0001604,0.1025,82334,321.3,0.000000
248.05,0.0068904,248.1,-0.009778,851.0,53665,821.4,54805,848.6,-76.39,-0.010149,68.1,0.000000,6711.8,1244527,1793.3,95656,728.4,-0.20,-0.000054,428.1,0.000000,1334.9,78835,336.5,101299,662.9,2.45,0.000770,608.1,0.000000,1269.7,145514,389.3,128927,762.0,2.04,0.000712,0.0000274,0.1025,110708,348.0,0.000000,0.0001588,0.1034,105445,344.9,0.000000,0.0000535,0.1034,80696,300.5,0.036797,0.0001604,0.1025,81848,320.8,0.000000
249.04,0.0069178,249.0,-0.008684,853.4,54907,825.8,55968,852.5,-64.33,-0.008688,69.0,0.000000,939.6,1214359,1783.5,95311,727.8,0.58,0.000156,429.0,0.000000,100.0,78621,335.7,99528,660.2,2.12,0.000658,609.0,0.000000,102.2,147318,390.6,126972,759.3,1.89,0.000650,0.0000276,0.1025,110092,347.4,-0.000000,0.0001588,0.1034,106513,345.9,0.000000,0.0000545,0.1034,80451,300.2,0.036785,0.0001604,0.1025,81358,320.2,0.000000
250.07,0.0069464,250.1,-0.007475,856.0,56146,830.0,56922,855.5,-53.78,-0.007360,70.1,0.000000,1460.0,1184080,1773.5,94482,726.4,1.19,0.000318,430.1,0.000000,423.1,78385,334.9,98097,658.0,1.66,0.000509,610.1,0.000000,100.0,149266,392.0,125079,756.7,1.80,0.000614,0.0000278,0.1025,109486,346.9,-0.000000,0.0001588,0.1034,107514,346.8,0.000000,0.0000555,0.1034,80180,299.8,0.036537,0.0001604,0.1025,80836,319.6,0.000000
251.06,0.0069738,251.1,-0.006283,858.7,57275,833.7,57836,858.4,-45.40,-0.006292,71.1,0.000000,1382.8,1156262,1764.1,93334,724.3,1.60,0.000424,431.1,0.000000,100.0,78148,334.1,97007,656.4,1.36,0.000412,611.1,0.000000,1242.0,151191,393.4,123234,754.1,1.91,0.000643,0.0000280,0.1025,108943,346.4,0.000000,0.0001588,0.1034,108354,347.6,0.000000,0.0000565,0.1034,79912,299.5,0.036212,0.0001604,0.1025,80324,319.1,0.000000
252.04,0.0070012,252.0,-0.005454,869.9,58373,837.1,58940,861.8,-40.02,-0.005630,72.0,0.000000,100.0,1129509,1754.9,92171,722.2,1.52,0.000400,432.0,0.000000,2700.4,77898,333.4,96140,655.0,1.08,0.000326,612.0,0.000000,1116.4,153178,394.8,121142,751.1,2.24,0.000744,0.0000281,0.1025,108433,345.9,0.000000,0.0001588,0.1034,109082,348.3,0.000000,0.0000575,0.1034,79635,299.2,0.035852,0.0001604,0.1025,79801,318.5,0.000000
253.08,0.0070299,253.1,-0.005508,865.1,59560,840.8,59947,864.7,-42.04,-0.005995,73.1,0.000000,1129.0,1102625,1745.5,91220,720.5,1.17,0.000305,433.1,0.000000,1528.8,77627,332.6,95436,653.9,0.84,0.000253,613.1,0.000000,461.6,155324,396.3,118549,747.4,2.71,0.000885,0.0000283,0.1025,107928,345.4,-0.000000,0.0001588,0.1034,109735,348.8,0.000000,0.0000585,0.1034,79355,298.9,0.035524,0.0001604,0.1025,79250,317.8,0.000000
254.06,0.0070573,254.1,-0.005724,869.7,60746,844.5,61365,868.9,-43.24,-0.006282,74.1,0.000000,1242.3,1077918,1736.6,90657,719.5,0.59,0.000154,434.1,0.000000,517.9,77365,331.9,94907,653.1,0.67,0.000200,614.1,0.000000,114.1,157445,397.7,115737,743.3,3.08,0.000987,0.0000285,0.1025,107464,345.0,0.000000,0.0001588,0.1034,110268,349.3,0.000000,0.0000595,0.1034,79109,298.6,0.035326,0.0001604,0.1025,78729,317.2,0.000000
255.05,0.0070846,255.0,-0.005939,872.9,61985,848.3,62536,872.3,-42.00,-0.006194,75.0,0.000000,4934.0,1054153,1728.0,91085,720.3,-1.22,-0.000318,435.0,0.000000,543.0,77110,331.2,94530,652.5,0.46,0.000137,615.0,0.000000,1429.4,159634,399.2,112847,739.0,3.17,0.000997,0.0000286,0.1025,107014,344.6,0.000000,0.0001588,0.1034,110725,349.7,0.000000,0.0000605,0.1034,78888,298.3,0.035290,0.0001604,0.1025,78225,316.7,0.000000
256.08,0.0071132,256.1,-0.005452,875.9,63278,852.1,63645,875.7,-37.20,-0.005562,76.1,0.000000,644.5,1030257,1719.1,99672,736.5,-15.95,-0.004439,436.1,0.000000,544.9,76861,330.5,94301,652.1,0.26,0.000078,616.1,0.000000,100.0,161999,400.8,110017,734.7,3.01,0.000926,0.0000288,0.1025,106555,344.2,0.000000,0.0001588,0.1034,111139,350.1,0.000000,0.0000615,0.1034,78695,298.1,0.035529,0.0001604,0.1025,77727,316.1,0.000000
257.06,0.0071406,257.1,-0.004525,879.1,64477,855.5,64681,878.8,-30.49,-0.004616,77.1,0.000000,831.4,1008256,1710.8,120490,772.0,-24.17,-0.007759,437.1,0.000000,1180.6,76652,329.8,94075,651.7,0.35,0.000103,617.1,0.000000,1477.5,164337,402.4,107576,730.9,2.78,0.000840,0.0000289,0.1025,106126,343.8,0.000000,0.0001588,0.1034,111487,350.4,0.000000,0.0000625,0.1034,78554,298.0,0.036052,0.0001604,0.1025,77284,315.6,0.000000
258.05,0.0071680,258.0,-0.003370,882.1,65618,858.7,65716,882.0,-22.26,-0.003412,78.0,0.000000,386.0,987052,1702.6,135880,795.7,-12.64,-0.004440,438.0,0.000000,3134.1,76478,329.2,93575,651.0,0.80,0.000236,618.0,0.000000,707.1,166755,404.0,105339,727.4,2.62,0.000781,0.0000290,0.1025,105709,343.4,0.000000,0.0001588,0.1034,111804,350.7,0.000000,0.0000635,0.1034,78460,297.9,0.036747,0.0001604,0.1025,76880,315.1,0.000000
259.03,0.0071954,259.0,-0.002093,884.9,66685,861.6,66671,884.8,-13.52,-0.002096,79.0,0.000000,2082.7,966626,1694.6,142023,804.7,-4.42,-0.001603,439.0,0.000000,643.9,76345,328.7,92401,649.1,1.87,0.000548,619.0,0.000000,100.0,169252,405.6,103222,724.0,2.54,0.000746,0.0000291,0.1025,105307,343.0,0.000000,0.0001588,0.1034,112096,350.9,0.000000,0.0000645,0.1034,78422,297.8,0.037597,0.0001604,0.1025,76519,314.7,0.000000
260.06,0.0072240,260.1,0.001000,889.3,67565,863.8,69063,894.0,7.10,0.001128,80.1,0.000000,1369.6,946067,1686.4,145491,809.7,-3.13,-0.001158,440.1,0.000000,308.3,76255,328.2,89838,644.9,3.85,0.001104,620.1,0.000000,100.0,171952,407.3,101093,720.5,2.50,0.000723,0.0000290,0.1025,104906,342.7,0.000000,0.0001588,0.1034,112381,351.2,0.000000,0.0000656,0.1034,78447,297.8,0.038620,0.0001604,0.1025,76195,314.3,0.000000
261.05,0.0072513,261.0,0.001180,892.7,68418,865.9,69624,896.5,11.50,0.001837,81.0,0.000000,100.0,927127,1678.7,151002,817.5,-5.17,-0.001963,441.0,0.000000,360.1,76218,327.8,86026,638.5,5.75,0.001594,621.0,0.000000,100.0,174622,409.0,99092,717.2,2.53,0.000720,0.0000290,0.1025,104546,342.3,-0.000000,0.0001588,0.1034,112630,351.4,0.000000,0.0000667,0.1034,78531,297.9,0.039782,0.0001604,0.1025,75943,314.0,0.000000
262.08,0.0072799,262.1,0.002054,896.1,69261,867.9,70215,899.0,15.04,0.002416,82.1,0.000000,914.6,908055,1670.9,158110,827.3,-5.52,-0.002169,442.1,0.000000,3138.5,76235,327.4,81404,630.4,6.70,0.001779,622.1,0.000000,100.0,177509,410.9,96950,713.6,2.67,0.000747,0.0000289,0.1025,104190,342.0,0.000000,0.0001588,0.1034,112860,351.6,0.000000,0.0000679,0.1034,78675,298.1,0.041042,0.0001604,0.1025,75749,313.8,0.000000
263.06,0.0073072,263.1,0.002849,899.2,70026,869.6,70939,901.8,19.28,0.003119,83.1,0.000000,100.0,890477,1663.5,164047,835.3,-4.43,-0.001788,443.1,0.000000,552.1,76302,327.1,77158,622.7,6.63,0.001690,623.1,0.000000,850.1,180365,412.6,94808,709.9,2.85,0.000784,0.0000289,0.1025,103864,341.7,-0.000000,0.0001588,0.1034,113046,351.8,0.000000,0.0000690,0.1034,78856,298.3,0.042328,0.0001604,0.1025,75640,313.6,0.000000
264.04,0.0073346,264.0,0.003679,902.2,70744,871.2,71517,904.2,24.14,0.003928,84.0,0.000000,608.5,873523,1656.2,168771,841.6,-3.30,-0.001361,444.0,0.000000,100.0,76416,326.9,73407,615.6,6.12,0.001502,624.0,0.000000,1270.0,183318,414.4,92605,706.1,2.98,0.000804,0.0000288,0.1025,103541,341.4,0.000000,0.0001588,0.1034,113204,351.9,0.000000,0.0000702,0.1034,79064,298.5,0.043528,0.0001604,0.1025,75610,313.6,0.000000
265.07,0.0073631,265.1,0.004894,905.4,71409,872.6,71728,905.4,30.52,0.004975,85.1,0.000000,3973.3,856438,1648.8,171347,845.0,-1.36,-0.000569,445.1,0.000000,100.0,76578,326.7,70141,609.2,5.27,0.001247,625.1,0.000000,100.0,186511,416.4,90337,702.1,2.98,0.000788,0.0000286,0.1025,103191,341.0,-0.000000,0.0001588,0.1034,113347,352.0,0.000000,0.0000715,0.1034,79298,298.8,0.044613,0.0001604,0.1025,75653,313.7,0.000000
266.05,0.0073904,266.1,0.006393,898.6,71933,873.6,71973,906.5,35.63,0.005820,86.1,0.000000,100.0,840679,1641.9,171908,845.7,-0.24,-0.000100,446.1,0.000000,294.3,76764,326.6,67734,604.4,4.20,0.000967,626.1,0.000000,1164.3,189672,418.3,88289,698.4,2.87,0.000746,0.0000284,0.1025,102833,340.7,-0.000000,0.0001588,0.1034,113467,352.1,0.000000,0.0000727,0.1034,79525,299.0,0.045482,0.0001604,0.1025,75762,313.8,0.000000
267.04,0.0074177,267.0,0.007089,909.1,72413,874.5,72945,909.7,35.56,0.005866,87.0,0.000000,206.7,825466,1635.1,171846,845.6,0.06,0.000026,447.0,0.000000,725.2,76972,326.4,65954,600.7,3.11,0.000702,627.0,0.000000,100.0,192942,420.2,86363,694.9,2.77,0.000709,0.0000282,0.1025,102445,340.3,0.000000,0.0001588,0.1034,113558,352.2,0.000000,0.0000740,0.1034,79749,299.2,0.046081,0.0001604,0.1025,75921,314.0,0.000000
268.06,0.0074462,268.1,0.003948,909.8,73241,876.3,74057,913.0,11.71,0.001955,88.1,0.000000,100.0,810118,1628.1,171925,845.7,-0.10,-0.000042,448.1,0.000000,772.7,77202,326.4,65932,600.7,-0.97,-0.000219,628.1,0.000000,100.0,196482,422.2,84403,691.2,2.79,0.000701,0.0000281,0.1025,102008,339.9,0.000000,0.0001588,0.1034,113588,352.2,0.000000,0.0000753,0.1034,79986,299.5,0.046464,0.0001604,0.1025,76106,314.2,0.000000
269.04,0.0074735,269.0,-0.001184,914.3,74552,879.5,75312,916.5,-19.58,-0.003310,89.0,0.000000,478.4,795945,1621.6,171898,845.7,0.11,0.000048,449.0,0.000000,100.0,77430,326.3,72978,616.9,-17.85,-0.004344,629.0,0.000000,100.0,199990,424.2,82464,687.5,2.99,0.000737,0.0000282,0.1025,101550,339.5,-0.000000,0.0001588,0.1034,113540,352.2,0.000000,0.0000766,0.1034,80230,299.8,0.046721,0.0001604,0.1025,76276,314.4,0.000000
270.07,0.0075020,270.1,-0.005056,920.3,76375,884.2,76738,920.1,-36.42,-0.006248,90.1,0.000000,1554.8,781634,1614.8,170626,844.3,1.22,0.000506,450.1,0.000000,100.0,77678,326.2,92823,658.6,-30.16,-0.008743,630.1,0.000000,100.0,203791,426.4,80284,683.3,3.30,0.000797,0.0000283,0.1025,101004,339.0,0.000000,0.0001588,0.1034,113402,352.1,0.000000,0.0000779,0.1034,80525,300.1,0.046999,0.0001604,0.1025,76425,314.6,0.000000
271.05,0.0075293,271.1,-0.006230,925.7,78302,889.1,78963,925.7,-41.00,-0.007194,91.1,0.000000,100.0,768415,1608.6,167992,841.2,2.15,0.000883,451.1,0.000000,1237.9,77931,326.2,109003,689.4,-18.03,-0.005865,631.1,0.000000,2160.0,207558,428.5,78107,679.0,3.49,0.000825,0.0000285,0.1025,100372,338.4,0.000000,0.0001588,0.1034,113215,351.9,0.000000,0.0000792,0.1034,80875,300.4,0.047449,0.0001604,0.1025,76542,314.7,0.000000
272.04,0.0075565,272.0,-0.007439,931.2,80421,894.4,81200,931.1,-48.14,-0.008636,92.0,0.000000,321.8,755636,1602.4,164515,837.2,2.77,0.001118,452.0,0.000000,1238.2,78208,326.2,116876,703.6,-7.39,-0.002525,632.0,0.000000,495.3,211460,430.6,75990,674.7,3.43,0.000796,0.0000287,0.1025,99580,337.6,-0.000000,0.0001588,0.1034,113008,351.7,0.000000,0.0000805,0.1034,81289,300.9,0.048192,0.0001604,0.1025,76660,314.8,0.000000
273.06,0.0075850,273.1,-0.009125,938.1,82905,900.6,84223,938.1,-57.50,-0.010620,93.1,0.000000,100.0,742732,1596.1,160458,832.4,3.05,0.001208,453.1,0.000000,100.0,78535,326.3,120560,710.1,-3.40,-0.001188,633.1,0.000000,100.0,215688,432.9,73986,670.6,3.16,0.000716,0.0000289,0.1025,98544,336.6,-0.000000,0.0001588,0.1034,112799,351.5,0.000000,0.0000819,0.1034,81768,301.4,0.049237,0.0001604,0.1025,76809,315.0,0.000000
274.04,0.0076123,274.0,-0.011154,959.0,85590,907.3,87419,945.2,-65.55,-0.012470,94.0,0.000000,205732.1,730804,1590.1,156688,827.8,2.97,0.001156,454.0,0.000000,100.0,78889,326.4,123346,714.9,-2.88,-0.001021,634.0,0.000000,1995.2,219882,435.1,72323,667.1,2.80,0.000624,0.0000292,0.1025,97368,335.4,0.000000,0.0001588,0.1034,112612,351.4,0.000000,0.0000833,0.1034,82277,301.9,0.050480,0.0001604,0.1025,77021,315.2,0.000000
275.07,0.0076408,275.1,-0.012673,952.3,88681,914.7,90115,950.7,-70.63,-0.013772,95.1,0.000000,5281.9,718746,1584.0,153048,823.4,2.79,0.001066,455.1,0.000000,456.4,79304,326.5,125609,718.9,-1.90,-0.000683,635.1,0.000000,354.9,224431,437.5,70855,664.0,2.40,0.000526,0.0000296,0.1025,95998,334.1,0.000000,0.0001588,0.1034,112426,351.2,0.000000,0.0000848,0.1034,82840,302.5,0.051822,0.0001604,0.1025,77402,315.7,0.000000
276.05,0.0076681,276.1,-0.012284,958.4,91709,921.8,93368,957.8,-65.11,-0.013057,96.1,0.000000,645.1,707590,1578.3,149946,819.5,2.52,0.000950,456.1,0.000000,350.0,79742,326.7,126483,720.4,-0.64,-0.000230,636.1,0.000000,752.5,228949,439.9,69684,661.4,2.04,0.000443,0.0000299,0.1025,94624,332.7,-0.000000,0.0001588,0.1034,112254,351.1,0.000000,0.0000862,0.1034,83399,303.1,0.053118,0.0001604,0.1025,78056,316.4,0.000000
277.03,0.0076953,277.0,-0.011364,963.9,94743,928.7,95714,963.0,-56.52,-0.011557,97.0,0.000000,100.0,696789,1572.7,147214,816.0,2.26,0.000840,457.0,0.000000,561.2,80217,327.0,126152,719.9,0.65,0.000234,637.0,0.000000,331.6,233636,442.2,68682,659.2,1.80,0.000385,0.0000303,0.1025,93247,331.3,-0.000000,0.0001588,0.1034,112092,350.9,0.000000,0.0000877,0.1034,83974,303.7,0.054278,0.0001604,0.1025,79142,317.7,0.000000
278.06,0.0077239,278.1,-0.008948,969.2,97740,935.2,98393,968.8,-43.66,-0.009121,98.1,0.000000,1825.9,685859,1567.0,144727,812.8,1.99,0.000729,458.1,0.000000,186.4,80746,327.3,123710,716.7,2.91,0.001034,638.1,0.000000,795.2,238728,444.8,67719,657.1,1.70,0.000361,0.0000305,0.1025,91845,329.9,0.000000,0.0001588,0.1034,111942,350.8,0.000000,0.0000893,0.1034,84583,304.3,0.055315,0.0001604,0.1025,80801,319.5,0.000000
279.04,0.0077512,279.0,-0.007110,981.7,100496,940.9,101146,974.7,-35.26,-0.007527,99.0,0.000000,583.6,675738,1561.6,142706,810.2,1.71,0.000620,459.0,0.000000,735.2,81278,327.6,119484,711.0,4.63,0.001602,639.0,0.000000,393.1,243789,447.3,66782,655.0,1.79,0.000376,0.0000307,0.1025,90560,328.6,-0.000000,0.0001588,0.1034,111820,350.7,0.000000,0.0000908,0.1034,85166,304.9,0.056172,0.0001604,0.1025,82782,321.7,0.000000
280.07,0.0077798,280.1,-0.006507,981.2,103413,946.7,104004,980.6,-33.27,-0.007258,100.1,0.000000,814.4,665496,1556.1,140965,807.9,1.41,0.000507,460.1,0.000000,100.0,81853,327.9,114772,704.5,4.68,0.001569,640.1,0.000000,100.0,249290,449.9,65704,652.6,2.02,0.000418,0.0000309,0.1025,89280,327.2,0.000000,0.0001588,0.1034,111712,350.6,0.000000,0.0000925,0.1034,85772,305.6,0.056836,0.0001604,0.1025,85048,324.2,0.000000
281.06,0.0078071,281.1,-0.006726,986.2,106340,952.5,106763,986.1,-34.46,-0.007674,101.1,0.000000,903.5,656010,1550.9,139607,806.1,1.17,0.000418,461.1,0.000000,984.6,82383,328.2,111408,699.7,3.44,0.001126,641.1,0.000000,791.8,254761,452.5,64562,649.9,2.25,0.000460,0.0000311,0.1025,88117,326.0,-0.000000,0.0001588,0.1034,111612,350.5,0.000000,0.0000940,0.1034,86773,306.6,0.056150,0.0001604,0.1025,87199,326.5,0.000000
282.04,0.0078345,282.0,-0.006601,992.5,109366,958.3,109675,991.9,-32.35,-0.007359,102.0,0.000000,271.2,646819,1545.8,138456,804.6,1.02,0.000359,462.0,0.000000,100.0,82956,328.6,109246,696.5,2.26,0.000729,642.0,0.000000,610.5,260446,455.2,63362,647.1,2.38,0.000479,0.0000313,0.1025,87014,324.8,-0.000000,0.0001588,0.1034,111499,350.4,0.000000,0.0000956,0.1034,87085,306.9,0.057663,0.0001604,0.1025,89223,328.6,0.000000
283.07,0.0078631,283.1,-0.005392,998.0,112489,964.0,112733,998.1,-24.53,-0.005700,103.1,0.000000,100.0,637514,1540.6,137390,803.1,0.91,0.000321,463.1,0.000000,1054.7,83563,329.0,107861,694.5,1.36,0.000434,643.1,0.000000,3253.9,266628,458.0,62142,644.3,2.31,0.000459,0.0000314,0.1025,85927,323.7,-0.000000,0.0001588,0.1034,111352,350.2,0.000000,0.0000972,0.1034,87549,307.4,0.057975,0.0001604,0.1025,91152,330.6,0.000000
284.06,0.0078905,284.1,-0.001712,1003.8,115106,968.6,116839,1007.4,-5.62,-0.001342,104.1,0.000000,100.0,628896,1535.7,136491,801.9,0.80,0.000280,464.1,0.000000,100.0,84113,329.4,107201,693.5,0.64,0.000204,644.1,0.000000,130.6,272781,460.8,61089,641.7,2.11,0.000413,0.0000315,0.1025,84952,322.6,-0.000000,0.0001588,0.1034,111178,350.1,0.000000,0.0000988,0.1034,88347,308.2,0.056939,0.0001604,0.1025,92808,332.3,0.000000
285.04,0.0079179,285.0,0.000351,1011.5,117539,972.7,117946,1010.5,1.35,0.000323,105.0,0.000000,1014.7,620543,1530.9,135772,801.0,0.62,0.000217,465.0,0.000000,905.5,84700,329.8,107055,693.3,0.06,0.000018,645.0,0.000000,786.4,279179,463.6,60166,639.5,1.87,0.000362,0.0000314,0.1025,84041,321.6,-0.000000,0.0001588,0.1034,110967,349.9,0.000000,0.0001004,0.1034,88702,308.6,0.058216,0.0001604,0.1025,94285,333.8,0.000000
286.07,0.0079465,286.1,0.004839,1014.9,119536,975.7,122459,1020.7,23.00,0.005677,106.1,0.000000,100.0,612085,1526.0,135253,800.2,0.41,0.000144,466.1,0.000000,645.3,85280,330.1,107529,694.1,-0.76,-0.000241,646.1,0.000000,971.7,286143,466.7,59331,637.4,1.64,0.000315,0.0000313,0.1025,83159,320.6,0.000000,0.0001588,0.1034,110709,349.7,0.000000,0.0001020,0.1034,89566,309.5,0.057106,0.0001604,0.1025,95651,335.1,0.000000
287.06,0.0079739,287.1,0.005565,1019.5,121418,978.6,123031,1022.3,26.65,0.006597,107.1,0.000000,1366.5,604249,1521.3,134932,799.8,0.28,0.000096,467.1,0.000000,749.4,85867,330.5,108797,696.4,-1.63,-0.000525,647.1,0.000000,100.0,293079,469.6,58618,635.7,1.51,0.000286,0.0000312,0.1025,82385,319.8,-0.000000,0.0001588,0.1034,110430,349.4,0.000000,0.0001036,0.1034,89848,309.7,0.058253,0.0001604,0.1025,96810,336.3,0.000000
288.05,0.0080013,288.0,0.007788,1023.6,123055,980.9,123845,1024.3,31.53,0.007841,108.0,0.000000,1184.8,596653,1516.8,134668,799.5,0.25,0.000088,468.0,0.000000,100.0,86418,330.9,110395,699.3,-1.80,-0.000585,648.0,0.000000,2814.6,300297,472.6,57908,633.9,1.56,0.000294,0.0000309,0.1025,81680,319.0,0.000000,0.0001588,0.1034,110123,349.1,0.000000,0.0001052,0.1034,90727,310.6,0.056963,0.0001604,0.1025,97857,337.3,0.000000
289.03,0.0080287,289.0,0.011479,1052.6,124216,982.3,127706,1032.0,51.36,0.013074,109.0,0.000000,100.0,589288,1512.4,134287,798.9,0.41,0.000141,469.0,0.000000,12046.9,87003,331.3,111595,701.4,-1.20,-0.000392,649.0,0.000000,100.0,307811,475.7,57098,631.9,1.85,0.000344,0.0000306,0.1025,81047,318.3,0.000000,0.0001588,0.1034,109787,348.8,0.000000,0.0001068,0.1034,90952,310.8,0.058133,0.0001604,0.1025,98824,338.2,0.000000
290.06,0.0080574,290.1,0.012287,1030.5,125348,983.5,126813,1030.4,53.58,0.013565,110.1,0.000000,350.6,581829,1507.8,133587,798.0,0.71,0.000244,470.1,0.000000,4200.1,87577,331.7,112057,702.2,-0.30,-0.000098,650.1,0.000000,100.0,315998,479.0,56055,629.2,2.32,0.000426,0.0000303,0.1025,80463,317.6,-0.000000,0.0001588,0.1034,109404,348.5,0.000000,0.0001084,0.1034,91864,311.8,0.056827,0.0001604,0.1025,99771,339.1,0.000000
291.05,0.0080848,291.1,0.016394,1033.2,125849,983.7,128232,1032.9,69.12,0.017653,111.1,0.000000,897.6,574916,1503.6,132575,796.6,1.03,0.000354,471.1,0.000000,878.4,88159,332.1,111821,701.9,0.38,0.000125,651.1,0.000000,100.0,324161,482.2,54867,626.1,2.77,0.000499,0.0000298,0.1025,79979,317.1,-0.000000,0.0001588,0.1034,109009,348.1,0.000000,0.0001100,0.1034,92066,311.9,0.057932,0.0001604,0.1025,100626,339.9,0.000000
292.04,0.0081122,292.0,0.019469,1045.5,125890,982.9,128969,1033.7,85.23,0.021875,112.0,0.000000,100.0,568212,1499.4,131204,794.7,1.40,0.000475,472.0,0.000000,1075.6,88706,332.5,111218,701.0,0.73,0.000239,652.0,0.000000,791.8,332665,485.5,53585,622.7,2.98,0.000527,0.0000293,0.1025,79562,316.6,0.000000,0.0001588,0.1034,108589,347.7,0.000000,0.0001115,0.1034,92998,312.9,0.056580,0.0001604,0.1025,101435,340.7,0.000000
293.07,0.0081408,293.1,0.021704,1041.3,125560,981.5,128384,1031.7,96.06,0.024592,113.1,0.000000,744.4,561422,1495.1,129342,792.1,1.82,0.000611,473.1,0.000000,505.4,89312,332.9,110386,699.8,0.96,0.000310,653.1,0.000000,19542.9,341939,489.0,52351,619.4,2.71,0.000472,0.0000287,0.1025,79189,316.2,-0.000000,0.0001588,0.1034,108131,347.3,0.000000,0.0001132,0.1034,93177,313.0,0.057722,0.0001604,0.1025,102234,341.5,0.000000
294.06,0.0081682,294.1,0.022620,1002.4,125077,979.8,125411,1025.0,96.08,0.024184,114.1,0.000000,1268.5,555127,1491.1,127250,789.1,2.10,0.000696,474.1,0.000000,379.9,89859,333.3,109397,698.4,1.18,0.000379,654.1,0.000000,360.2,351194,492.5,51476,617.0,1.91,0.000328,0.0000280,0.1025,78884,315.8,-0.000000,0.0001588,0.1034,107681,346.9,0.000000,0.0001147,0.1034,94136,314.0,0.056364,0.0001604,0.1025,102949,342.1,0.000000
295.04,0.0081956,295.0,0.013633,964.2,126022,980.7,113955,996.1,67.34,0.015846,115.0,0.000000,100.0,549023,1487.2,125078,786.0,2.16,0.000708,475.0,0.000000,1409.5,90438,333.7,108259,696.7,1.35,0.000432,655.0,0.000000,968.8,360844,496.0,51306,616.6,0.02,0.000003,0.0000277,0.1025,78620,315.5,0.000000,0.0001588,0.1034,107221,346.5,0.000000,0.0001163,0.1034,94284,314.1,0.057494,0.0001604,0.1025,103617,342.7,0.000000
296.07,0.0082242,296.1,0.019236,968.6,126067,980.0,116097,990.4,83.13,0.020047,116.1,0.000000,676.8,542838,1483.1,122980,782.9,1.97,0.000637,476.1,0.000000,2641.6,91044,334.1,106964,694.8,1.47,0.000466,656.1,0.000000,425.3,371376,499.7,52323,619.4,-3.21,-0.000558,0.0000271,0.1025,78382,315.3,0.000000,0.0001588,0.1034,106733,346.0,0.000000,0.0001180,0.1034,94670,314.5,0.057358,0.0001604,0.1025,104274,343.4,0.000000
297.06,0.0082516,297.1,0.023195,971.3,125428,978.0,117241,982.8,101.42,0.024888,117.1,0.000000,1262.0,537105,1479.4,121304,780.4,1.65,0.000529,477.1,0.000000,455.5,91593,334.5,105713,692.9,1.47,0.000461,657.1,0.000000,801.4,381896,503.4,54897,626.5,-6.55,-0.001180,0.0000265,0.1025,78186,315.0,0.000000,0.0001588,0.1034,106264,345.6,0.000000,0.0001195,0.1034,95347,315.1,0.056030,0.0001604,0.1025,104873,343.9,0.000000
298.04,0.0082790,298.0,0.026598,971.5,124164,974.8,117279,975.0,112.24,0.027775,118.0,0.000000,1172.4,531543,1475.7,119982,778.5,1.30,0.000413,478.0,0.000000,58956.8,92137,334.9,104584,691.2,1.31,0.000408,658.0,0.000000,100.0,392875,507.1,57852,634.4,-6.35,-0.001192,0.0000258,0.1025,78020,314.9,-0.000000,0.0001588,0.1034,105801,345.2,0.000000,0.0001210,0.1034,96206,316.0,0.055721,0.0001604,0.1025,105444,344.4,0.000000
299.07,0.0083076,299.1,0.028478,969.3,122426,970.7,116320,967.9,118.80,0.029371,119.1,0.000000,600.2,525906,1471.9,118936,776.9,1.00,0.000315,479.1,0.000000,100.0,92732,335.3,103659,689.8,0.99,0.000306,659.1,0.000000,404.9,404872,511.1,59970,639.8,-3.78,-0.000729,0.0000249,0.1025,77880,314.7,0.000000,0.0001588,0.1034,105332,344.7,0.000000,0.0001226,0.1034,96267,316.0,0.056517,0.0001604,0.1025,105994,344.9,0.000000
300.06,0.0083350,300.1,0.029198,965.7,120551,966.4,114894,962.4,120.75,0.029654,120.1,0.000000,962.2,520681,1468.3,118039,775.5,0.98,0.000308,480.1,0.000000,517.9,93260,335.7,103140,689.0,0.51,0.000158,660.1,0.000000,814.5,416865,515.0,60776,641.9,-1.25,-0.000243,0.0000241,0.1025,77783,314.6,-0.000000,0.0001588,0.1034,104898,344.3,0.000000,0.0001241,0.1034,96972,316.7,0.054740,0.0001604,0.1025,106449,345.3,0.000000
301.04,0.0083623,301.0,0.028981,961.5,118624,961.9,113345,957.6,119.54,0.029104,121.0,0.000000,815.1,515614,1464.8,116867,773.8,1.39,0.000431,481.0,0.000000,431.0,93809,336.0,103283,689.3,-0.37,-0.000114,661.0,0.000000,286.1,429388,519.0,60612,641.5,0.64,0.000124,0.0000234,0.1025,77730,314.5,-0.000000,0.0001588,0.1034,104468,343.9,0.000000,0.0001256,0.1034,97098,316.8,0.055386,0.0001604,0.1025,106817,345.7,0.000000
302.07,0.0083909,302.1,0.028118,956.9,116672,957.3,111859,953.5,116.34,0.028075,122.1,0.000000,1806.2,510465,1461.2,115023,770.9,2.08,0.000639,482.1,0.000000,4857.2,94344,336.4,104707,691.9,-2.14,-0.000666,662.1,0.000000,469.8,443074,523.2,59932,639.8,1.43,0.000276,0.0000226,0.1025,77725,314.5,-0.000000,0.0001588,0.1034,104012,343.5,0.000000,0.0001272,0.1034,97714,317.4,0.053679,0.0001604,0.1025,107113,346.0,0.000000
303.06,0.0084182,303.1,0.026778,952.6,114957,953.1,110529,950.1,111.39,0.026659,123.1,0.000006,1031.0,505533,1457.4,112814,767.5,2.54,0.000769,483.1,0.000000,995.7,94845,336.8,107963,697.7,-4.30,-0.001368,663.1,0.000000,140.1,456763,527.3,59242,638.1,1.44,0.000274,0.0000218,0.1025,77765,314.6,-0.000000,0.0001588,0.1034,103551,343.1,0.000000,0.0001286,0.1034,98468,318.2,0.053091,0.0001604,0.1025,107344,346.2,0.000000
304.04,0.0084455,304.0,0.025371,948.6,113418,949.2,109182,946.6,106.69,0.025314,124.0,0.000151,1026.2,500734,1453.7,110808,764.8,3.01,0.000898,484.0,0.000000,586.2,95371,337.1,112336,705.5,-5.07,-0.001659,664.0,0.000000,125.2,471066,531.6,58573,636.4,1.46,0.000276,0.0000211,0.1025,77845,314.7,0.000000,0.0001588,0.1034,103059,342.6,0.000000,0.0001301,0.1034,98530,318.2,0.053817,0.0001604,0.1025,107562,346.4,0.000000
305.07,0.0084741,305.1,0.024267,944.8,111937,945.4,107698,942.8,103.42,0.024304,125.1,0.000202,1021.5,495864,1449.8,108798,762.1,3.11,0.000915,485.1,0.000000,100.0,95887,337.5,116601,713.0,-4.31,-0.001449,665.1,0.000000,182.0,486713,536.1,57791,634.5,1.67,0.000313,0.0000204,0.1025,77960,314.8,0.000000,0.0001588,0.1034,102511,342.1,0.000000,0.0001316,0.1034,99270,318.9,0.052247,0.0001604,0.1025,107815,346.6,0.000000
306.05,0.0085014,306.0,0.023578,941.2,110568,941.7,106380,939.1,101.58,0.023670,126.0,0.000250,1017.4,491343,1446.2,107095,760.0,3.15,0.000914,486.0,0.000000,899.7,96405,337.9,119798,718.5,-3.20,-0.001098,666.0,0.000000,795.1,502378,540.5,56990,632.5,1.78,0.000330,0.0000198,0.1025,78092,314.9,-0.000000,0.0001588,0.1034,101957,341.5,0.000000,0.0001330,0.1034,99389,319.0,0.052965,0.0001604,0.1025,108098,346.8,0.000000
307.08,0.0085299,307.1,0.022984,937.4,109168,938.0,105067,935.5,99.79,0.023056,127.1,0.000329,1013.5,486750,1442.5,105473,758.3,3.47,0.000994,487.1,0.000000,512.8,96914,338.2,121915,722.1,-1.80,-0.000625,667.1,0.000000,100.0,519526,545.2,56157,630.3,1.77,0.000324,0.0000191,0.1025,78260,315.1,0.000000,0.0001588,0.1034,101336,340.9,0.000000,0.0001345,0.1034,100052,319.7,0.051402,0.0001604,0.1025,108430,347.1,0.000000
308.06,0.0085571,308.1,0.022377,933.9,107862,934.4,103827,932.1,98.02,0.022461,128.1,0.000456,1009.8,482478,1439.0,103979,757.0,4.10,0.001157,488.1,0.000000,1203.2,97423,338.6,122671,723.4,-0.56,-0.000196,668.1,0.000000,477.8,536703,549.8,55465,628.5,1.49,0.000270,0.0000185,0.1025,78470,315.4,-0.000000,0.0001588,0.1034,100673,340.3,0.000000,0.0001359,0.1034,100234,319.8,0.052013,0.0001604,0.1025,108761,347.4,0.000000
309.04,0.0085844,309.0,0.021797,930.3,106588,930.9,102580,928.6,96.35,0.021895,129.0,0.000629,1006.2,478315,1435.5,102551,756.3,4.92,0.001372,489.0,0.000000,1325.0,97901,338.9,122738,723.5,-0.05,-0.000018,669.0,0.000000,1471.5,554678,554.4,54988,627.3,1.01,0.000182,0.0000179,0.1025,78756,315.7,0.000000,0.0001587,0.1034,99899,339.5,0.000000,0.0001373,0.1034,100788,320.3,0.050422,0.0001604,0.1025,109079,347.7,0.000000
310.06,0.0086128,310.1,0.021289,926.7,105271,927.2,101247,924.9,95.10,0.021416,130.1,0.000851,1002.7,474070,1432.0,101191,756.4,5.94,0.001634,490.1,0.000000,478.8,98396,339.3,123411,724.6,-1.14,-0.000399,670.1,0.000000,100.0,574368,559.4,54644,626.4,0.74,0.000132,0.0000173,0.1025,79170,316.2,0.000000,0.0001587,0.1034,98927,338.6,0.000000,0.0001387,0.1034,101470,321.0,0.049906,0.0001604,0.1025,109373,348.0,0.000000
311.04,0.0086401,311.0,0.020922,923.2,103996,923.6,99946,921.2,94.53,0.021098,131.0,0.001120,999.8,470104,1428.7,100086,757.5,7.07,0.001921,491.0,0.000000,7678.9,98891,339.6,128088,732.5,-6.08,-0.002188,671.0,0.000000,100.0,594109,564.3,54321,625.5,0.78,0.000139,0.0000168,0.1025,79691,316.8,0.000000,0.0001587,0.1034,97828,337.5,0.000000,0.0001401,0.1034,101544,321.0,0.050453,0.0001604,0.1025,109606,348.2,0.000000
312.07,0.0086685,312.1,0.020629,919.4,102626,919.7,98559,917.3,94.27,0.020836,132.1,0.001443,997.3,466049,1425.2,99159,759.9,8.52,0.002288,492.1,0.000000,146.0,99379,340.0,137210,747.4,-8.23,-0.003106,672.1,0.000000,100.0,615746,569.5,53916,624.5,0.94,0.000167,0.0000162,0.1025,80352,317.5,-0.000000,0.0001586,0.1034,96521,336.2,0.000000,0.0001415,0.1034,102153,321.6,0.048876,0.0001604,0.1025,109798,348.4,0.000000
313.05,0.0086958,313.0,0.020346,915.5,101277,915.8,97191,913.5,93.90,0.020551,133.0,0.001830,995.2,462247,1422.0,98414,763.4,10.38,0.002752,493.0,0.000000,410.1,99867,340.3,143142,756.9,-4.42,-0.001718,673.0,0.000000,416.7,637446,574.5,53487,623.3,1.01,0.000179,0.0000156,0.1025,81060,318.3,-0.000000,0.0001586,0.1034,95166,334.9,0.000000,0.0001428,0.1034,102349,321.8,0.049410,0.0001604,0.1025,109942,348.5,0.000000
314.07,0.0087242,314.1,0.020004,911.4,99835,911.7,95758,909.5,93.14,0.020174,134.1,0.002288,992.9,458343,1418.6,97604,768.2,12.93,0.003378,494.1,0.000000,3305.8,100350,340.7,145060,759.9,-1.05,-0.000414,674.1,0.000000,100.0,661240,579.9,53079,622.2,0.87,0.000153,0.0000150,0.1025,81827,319.1,0.000000,0.0001585,0.1034,93695,333.4,0.000000,0.0001442,0.1034,102867,322.2,0.047941,0.0001604,0.1025,110065,348.6,0.000000
315.05,0.0087515,315.1,0.019555,907.3,98451,907.7,94453,905.8,91.76,0.019681,135.1,0.002814,990.1,454668,1415.4,96552,773.5,16.12,0.004139,495.1,0.000000,1293.8,100808,341.0,145246,760.2,-0.10,-0.000038,675.1,0.000000,1140.1,685116,585.2,52945,621.9,0.15,0.000026,0.0000145,0.1025,82545,319.9,-0.000000,0.0001585,0.1034,92282,331.9,0.000000,0.0001455,0.1034,103473,322.8,0.047327,0.0001604,0.1025,110168,348.7,0.000000
316.03,0.0087787,316.0,0.018914,903.0,97110,903.8,93304,902.7,89.10,0.018945,136.0,0.003403,985.8,451040,1412.2,94895,779.4,20.21,0.005063,496.0,0.000000,875.9,101286,341.3,145592,760.7,-0.44,-0.000172,676.0,0.000000,860.0,710141,590.6,53259,622.7,-1.11,-0.000195,0.0000140,0.1025,83220,320.7,-0.000000,0.0001584,0.1034,90893,330.5,0.000000,0.0001468,0.1034,103578,322.9,0.047811,0.0001604,0.1025,110263,348.8,0.000000
317.06,0.0088072,317.1,0.017991,898.7,95827,899.8,92213,899.5,85.02,0.017929,137.1,0.004079,979.7,447287,1408.9,92481,786.3,25.05,0.006060,497.1,0.000000,3322.5,101757,341.7,146454,762.1,-0.76,-0.000301,677.1,0.000000,100.0,737602,596.3,55007,627.5,-4.94,-0.000891,0.0000135,0.1025,83862,321.4,0.000000,0.0001582,0.1034,89486,329.0,0.000000,0.0001481,0.1034,104036,323.3,0.046165,0.0001604,0.1025,110354,348.9,0.000000
318.04,0.0088344,318.0,0.016988,895.0,94744,896.4,91264,896.6,80.85,0.016930,138.0,0.004817,972.6,443729,1405.7,89757,794.4,29.92,0.006954,498.0,0.000000,100.0,102198,342.0,147458,763.6,-0.87,-0.000346,678.0,0.000000,1140.6,765180,601.8,58821,637.6,-9.27,-0.001759,0.0000130,0.1025,84411,322.0,-0.000000,0.0001581,0.1034,88193,327.7,0.000000,0.0001493,0.1034,104508,323.7,0.045337,0.0001604,0.1025,110432,348.9,0.000000
319.07,0.0088629,319.1,0.016085,891.5,93744,893.0,90300,893.5,77.16,0.016042,139.1,0.005609,964.8,440033,1402.4,86770,805.1,35.23,0.007811,499.1,0.000000,701.1,102651,342.3,148092,764.6,-0.31,-0.000125,679.1,0.000000,1467.4,795459,607.8,64088,650.8,-10.55,-0.002137,0.0000126,0.1025,84916,322.5,0.000000,0.0001580,0.1034,86904,326.3,0.000000,0.0001506,0.1034,104966,324.1,0.044532,0.0001604,0.1025,110503,349.0,0.000000
320.05,0.0088903,320.0,0.015427,888.6,92857,889.9,89279,890.1,75.15,0.015507,140.0,0.006456,957.5,436515,1399.3,84034,817.6,40.51,0.008566,500.0,0.000000,533.5,103074,342.6,147759,764.2,0.43,0.000171,680.0,0.000000,1123.2,825875,613.6,69285,663.0,-9.89,-0.002125,0.0000121,0.1025,85335,323.0,0.000000,0.0001578,0.1034,85739,325.0,0.000000,0.0001518,0.1034,105403,324.5,0.043598,0.0001604,0.1025,110564,349.0,0.000000
321.03,0.0089176,321.0,0.015196,885.7,91928,886.7,88230,886.4,75.25,0.015407,141.0,0.007342,951.0,433008,1396.1,81641,832.4,45.97,0.009274,501.0,0.000000,808.4,103508,342.9,146947,763.3,0.71,0.000282,681.0,0.000000,1943.3,857776,619.4,74601,674.9,-9.44,-0.002146,0.0000117,0.1025,85699,323.3,0.000000,0.0001576,0.1034,84648,323.9,0.000000,0.0001530,0.1034,105358,324.5,0.043597,0.0001604,0.1025,110625,349.1,0.000000
322.06,0.0089462,322.1,0.015200,882.5,90834,883.0,86989,882.4,77.25,0.015666,142.1,0.008314,945.7,429346,1392.8,79755,849.8,51.67,0.009977,502.1,0.000000,812.6,103927,343.2,146150,762.3,0.63,0.000247,682.1,0.000000,620.6,892787,625.7,80202,686.7,-8.61,-0.002069,0.0000113,0.1025,86030,323.7,-0.000000,0.0001573,0.1034,83593,322.7,0.000000,0.0001542,0.1034,105702,324.8,0.041705,0.0001604,0.1025,110694,349.2,0.000000
323.05,0.0089736,323.0,0.015401,878.8,89606,879.0,85532,878.0,79.66,0.015963,143.0,0.009313,942.7,425843,1389.6,78629,867.2,56.96,0.010623,503.0,0.000000,100.0,104316,343.5,145427,761.4,0.66,0.000259,683.0,0.000000,100.0,927936,631.8,84686,695.9,-6.38,-0.001598,0.0000109,0.1025,86300,324.0,0.000013,0.0001571,0.1034,82672,321.7,0.000000,0.0001553,0.1034,106032,325.1,0.040664,0.0001604,0.1025,110768,349.2,0.000000
324.04,0.0090010,324.0,0.015607,874.4,88186,874.5,83839,873.2,81.95,0.016185,144.0,0.010259,941.6,422344,1386.4,78162,884.2,61.64,0.011210,504.0,0.000000,18401.3,104694,343.8,144153,759.9,1.34,0.000521,684.0,0.000000,100.0,964782,638.0,87497,701.4,-3.61,-0.000926,0.0000104,0.1025,86522,324.2,0.000071,0.0001568,0.1034,81838,320.7,0.000000,0.0001564,0.1034,106364,325.4,0.039689,0.0001604,0.1025,110853,349.3,0.000000
325.07,0.0090296,325.1,0.015747,869.2,86499,869.2,81851,867.7,84.08,0.016315,145.1,0.011370,943.2,418674,1383.1,78787,901.7,66.74,0.011996,505.1,0.000000,100.0,105080,344.1,141149,756.2,2.97,0.001142,685.1,0.000000,1390.0,1005173,644.6,88848,704.1,-1.47,-0.000382,0.0000100,0.1025,86770,324.5,0.000060,0.0001565,0.1034,81059,319.9,0.000000,0.0001575,0.1034,106696,325.7,0.038754,0.0001604,0.1025,110955,349.4,0.000000
326.06,0.0090571,326.1,0.015781,863.6,84713,863.6,79795,862.1,85.62,0.016302,146.1,0.012595,947.6,415143,1379.8,80453,918.0,71.23,0.012841,506.1,0.000000,1238.2,105439,344.3,136266,750.1,4.79,0.001788,686.1,0.000000,100.0,1045663,651.0,89201,704.7,-0.33,-0.000086,0.0000096,0.1025,87004,324.7,0.000064,0.0001561,0.1034,80401,319.1,0.000000,0.0001585,0.1034,107029,325.9,0.037763,0.0001604,0.1025,111065,349.5,0.000000
327.04,0.0090845,327.0,0.015664,857.6,82794,857.6,77654,856.1,86.46,0.016132,147.0,0.013823,954.7,411589,1376.5,83127,933.8,75.26,0.013783,507.0,0.000000,218.4,105789,344.6,130231,742.3,5.77,0.002081,687.0,0.000000,100.0,1088024,657.4,89159,704.7,0.10,0.000027,0.0000091,0.1025,87240,325.0,0.000066,0.0001557,0.1034,79824,318.5,0.000000,0.0001595,0.1034,107362,326.2,0.036848,0.0001604,0.1025,111185,349.6,0.000000
328.03,0.0091120,328.0,0.015394,851.3,80787,851.3,75489,850.0,86.58,0.015817,148.0,0.015108,962.5,408005,1373.2,86066,947.6,80.46,0.015033,508.0,0.000000,334.5,106132,344.8,124437,734.6,5.56,0.001937,688.0,0.000000,556.4,1132325,664.0,89075,704.5,0.10,0.000025,0.0000087,0.1025,87481,325.2,0.000067,0.0001553,0.1034,79323,317.9,0.000000,0.0001605,0.1034,107693,326.5,0.035952,0.0001604,0.1025,111305,349.7,0.000000
329.07,0.0091408,329.1,0.014942,844.3,78651,844.4,73325,843.6,85.38,0.015265,149.1,0.016543,969.6,404213,1369.7,88933,959.2,86.44,0.016486,509.1,0.000000,1275.4,106484,345.1,119289,727.5,4.87,0.001643,689.1,0.000000,669.9,1180781,670.9,89083,704.5,-0.05,-0.000012,0.0000083,0.1025,87737,325.5,0.000068,0.0001549,0.1034,78873,317.4,0.000000,0.0001615,0.1034,107998,326.8,0.035098,0.0001604,0.1025,111417,349.8,0.000000
330.06,0.0091683,330.1,0.014302,837.3,76643,837.8,71400,837.7,82.92,0.014539,150.1,0.018058,981.1,400538,1366.3,93895,973.9,86.56,0.017167,510.1,0.000000,100.0,106814,345.3,115260,721.7,4.13,0.001356,690.1,0.000000,1546.5,1229214,677.6,89325,705.0,-0.47,-0.000122,0.0000079,0.1025,87964,325.7,0.000093,0.0001544,0.1034,78505,317.0,0.000000,0.0001625,0.1034,108324,327.1,0.034228,0.0001604,0.1025,111497,349.9,0.000000
331.05,0.0091958,331.0,0.013525,829.6,74758,831.0,69715,832.3,79.23,0.013651,151.0,0.019332,1009.5,396835,1362.9,106386,1003.9,76.63,0.016705,511.0,0.000000,754.0,107158,345.6,112027,717.0,3.41,0.001094,691.0,0.000000,973.9,1279702,684.4,90212,706.7,-1.55,-0.000408,0.0000075,0.1025,88101,325.9,0.000326,0.0001538,0.1034,78189,316.6,0.000000,0.0001634,0.1034,108285,327.0,0.034229,0.0001604,0.1025,111540,349.9,0.000000
332.04,0.0092233,332.0,0.012622,821.6,73052,824.2,68334,827.2,74.34,0.012632,152.0,0.020626,1036.2,393103,1359.4,119250,1031.4,78.74,0.018727,512.0,0.000000,783.3,107484,345.8,109492,713.3,2.72,0.000859,692.0,0.000000,533.2,1332242,691.2,92982,712.0,-4.79,-0.001286,0.0000072,0.1025,88217,326.0,0.000517,0.0001533,0.1034,77916,316.3,0.000000,0.0001643,0.1034,108632,327.3,0.032853,0.0001604,0.1025,111547,349.9,0.000000
333.07,0.0092521,333.1,0.011589,813.1,71532,817.2,67162,822.1,68.33,0.011483,153.1,0.022364,1051.2,389133,1355.7,126887,1046.5,87.55,0.021838,513.1,0.000000,546.1,107827,346.1,107567,710.4,1.94,0.000605,693.1,0.000000,100.0,1389362,698.3,100428,725.6,-10.62,-0.003023,0.0000069,0.1025,88311,326.1,0.000767,0.0001526,0.1034,77667,316.0,0.000000,0.0001652,0.1034,109017,327.6,0.032320,0.0001604,0.1025,111526,349.9,0.000000
334.06,0.0092796,334.1,0.010530,805.3,70360,810.7,66190,817.3,62.48,0.010410,154.1,0.024137,1055.1,385268,1352.0,128734,1049.9,96.79,0.024413,514.1,0.000000,6629.1,108157,346.3,106457,708.7,1.14,0.000351,694.1,0.000000,611.4,1446076,705.2,109912,742.1,-11.02,-0.003358,0.0000066,0.1025,88406,326.2,0.001000,0.0001520,0.1034,77452,315.7,0.000000,0.0001661,0.1034,109425,328.0,0.031809,0.0001604,0.1025,111492,349.9,0.000000
335.05,0.0093071,335.1,0.009592,797.7,69454,804.3,65297,812.2,57.31,0.009478,155.1,0.025856,1054.1,381337,1348.3,128214,1048.7,105.25,0.026469,515.1,0.000000,100.0,108492,346.6,106055,708.1,0.28,0.000086,695.1,0.000000,702.5,1504787,712.1,116872,753.7,-6.79,-0.002166,0.0000064,0.1025,88509,326.3,0.001261,0.0001512,0.1034,77256,315.5,0.000000,0.0001670,0.1034,109847,328.3,0.031392,0.0001604,0.1025,111449,349.8,0.000000
336.04,0.0093345,336.0,0.008869,790.1,68759,797.8,64495,806.8,53.33,0.008769,156.0,0.027672,1052.7,377332,1344.6,127360,1046.8,113.04,0.028292,516.0,0.000000,704.9,108846,346.9,106527,708.9,-0.84,-0.000261,696.0,0.000000,1004.2,1565440,719.0,120423,759.4,-3.15,-0.001028,0.0000062,0.1025,88637,326.4,0.001559,0.0001505,0.1034,77079,315.3,0.000000,0.0001679,0.1034,109892,328.3,0.031629,0.0001604,0.1025,111396,349.8,0.000000
337.03,0.0093620,337.0,0.008356,782.4,68204,791.1,63756,800.9,50.53,0.008274,157.0,0.029434,1051.7,373259,1340.7,126637,1045.0,120.34,0.029998,517.0,0.000000,824.7,109187,347.1,108223,711.9,-2.30,-0.000720,697.0,0.000000,862.5,1627948,725.8,121972,761.9,-1.34,-0.000443,0.0000060,0.1025,88836,326.6,0.001843,0.0001497,0.1034,76933,315.1,0.000000,0.0001687,0.1034,110228,328.6,0.030410,0.0001604,0.1025,111330,349.7,0.000000
338.07,0.0093907,338.1,0.008025,774.2,67696,783.6,62982,794.2,48.84,0.007968,158.1,0.031128,1051.1,368937,1336.6,126228,1043.8,127.12,0.031621,518.1,0.000000,687.8,109543,347.4,111259,717.1,-3.59,-0.001147,698.1,0.000000,100.0,1695176,732.9,122653,763.0,-0.53,-0.000174,0.0000058,0.1025,89174,326.9,0.002095,0.0001488,0.1034,76834,315.0,0.000000,0.0001695,0.1034,110537,328.9,0.029769,0.0001604,0.1025,111233,349.6,0.000000
339.05,0.0094182,339.1,0.007906,765.5,67220,775.6,62195,786.9,48.58,0.007898,159.1,0.032735,1051.1,364749,1332.6,125989,1043.0,133.51,0.033176,519.1,0.000000,594.6,109865,347.7,114876,723.3,-4.07,-0.001330,699.1,0.000000,488.9,1761129,739.7,122750,763.1,0.02,0.000006,0.0000057,0.1025,89581,327.4,0.002483,0.0001479,0.1034,76815,315.0,0.000000,0.0001703,0.1034,111084,329.3,0.028273,0.0001604,0.1025,111099,349.5,0.000000
340.04,0.0094457,340.0,0.007960,755.6,66699,766.5,61346,778.6,49.21,0.007975,160.0,0.034292,1050.5,360509,1328.5,125476,1041.6,140.40,0.034793,520.0,0.000000,719.4,110194,347.9,118348,729.1,-3.60,-0.001202,700.0,0.000000,165.4,1828767,748.7,122110,762.2,0.91,0.000300,0.0000056,0.1025,90061,327.8,0.002931,0.0001469,0.1034,76877,315.1,0.000000,0.0001711,0.1034,111236,329.4,0.027957,0.0001604,0.1025,110908,349.3,0.000000
341.03,0.0094731,341.0,0.008049,745.6,66109,756.3,60389,769.3,49.75,0.008033,161.0,0.035907,1049.9,356212,1324.4,125006,1040.3,147.28,0.036406,521.0,0.000000,100.0,110511,348.2,120929,733.4,-2.43,-0.000826,701.0,0.000000,100.0,1900037,756.3,120232,759.5,2.24,0.000731,0.0000054,0.1025,90669,328.4,0.003326,0.0001460,0.1034,77029,315.2,0.000000,0.0001718,0.1034,111371,329.5,0.026803,0.0001604,0.1025,110653,349.1,0.000000
342.07,0.0095018,342.1,0.007839,731.9,65623,744.6,59275,758.9,48.99,0.007872,162.1,0.037633,1050.2,351652,1320.0,125029,1040.0,154.12,0.038117,522.1,0.000000,1673.3,110816,348.4,122229,735.6,-0.97,-0.000331,702.1,0.000000,1397.6,1981860,766.6,117232,755.1,3.18,0.001015,0.0000053,0.1025,91290,329.1,0.004018,0.0001449,0.1034,77267,315.5,0.000000,0.0001725,0.1034,111693,329.8,0.024982,0.0001604,0.1025,110323,348.8,0.000000
343.05,0.0095293,343.1,0.007966,716.9,65132,732.1,58639,749.0,48.32,0.007782,163.1,0.039307,1051.0,347230,1315.7,125242,1040.0,160.39,0.039734,523.1,0.000000,738.6,111091,348.6,122368,735.8,0.02,0.000007,703.1,0.000000,874.4,2070705,779.8,114293,750.7,3.06,0.000957,0.0000052,0.1025,91937,329.7,0.004636,0.0001438,0.1034,77544,315.8,0.000000,0.0001732,0.1034,111995,330.1,0.023553,0.0001604,0.1025,109959,348.5,0.000000
344.04,0.0095567,344.0,0.007804,704.0,64802,718.6,58178,738.9,47.00,0.007613,164.0,0.040920,1051.8,342750,1311.3,125413,1039.9,166.74,0.041364,524.0,0.000000,924.8,111360,348.9,121921,735.2,0.56,0.000191,704.0,0.000000,100.0,2173573,797.5,112384,747.8,1.75,0.000542,0.0000052,0.1025,92536,330.3,0.005465,0.0001427,0.1034,77839,316.2,0.000000,0.0001738,0.1034,111994,330.0,0.022645,0.0001604,0.1025,109568,348.1,0.000000
345.08,0.0095854,345.1,0.008723,689.3,64112,702.2,58548,730.1,49.89,0.008230,165.1,0.056938,1086.7,336744,1305.5,139325,1065.3,219.16,0.058961,525.1,0.000000,623.9,111611,349.1,120888,733.7,1.17,0.000397,705.1,0.000000,1168.9,2300113,822.0,112063,747.3,-0.05,-0.000015,0.0000051,0.1025,93174,330.9,0.006251,0.0001410,0.1034,78132,316.5,0.000000,0.0001744,0.1034,112184,330.2,0.020691,0.0001604,0.1025,109145,347.7,0.000000
346.06,0.0096129,346.1,0.008515,672.6,63701,685.7,58080,718.4,48.87,0.008127,166.1,0.062191,1089.4,330653,1299.7,140650,1067.1,231.82,0.062854,526.1,0.000000,343.4,111834,349.3,119357,731.6,1.70,0.000570,706.1,0.000000,462.5,2443040,852.1,113301,749.4,-1.78,-0.000555,0.0000051,0.1025,93713,331.3,0.007265,0.0001393,0.1034,78374,316.8,0.000000,0.0001749,0.1034,112357,330.3,0.019201,0.0001604,0.1025,108734,347.4,0.000000
347.05,0.0096404,347.1,0.008154,654.4,63601,669.0,57261,705.1,46.79,0.007816,167.1,0.064336,1091.3,324476,1293.7,141365,1068.0,238.36,0.064901,527.1,0.000000,728.6,112042,349.4,117491,728.9,2.04,0.000677,707.1,0.000000,177.8,2610689,889.6,116056,753.9,-3.32,-0.001050,0.0000051,0.1025,94258,331.8,0.008144,0.0001376,0.1034,78560,317.0,0.000000,0.0001754,0.1034,112520,330.5,0.017845,0.0001604,0.1025,108310,347.0,0.000000
348.04,0.0096678,348.0,0.007809,634.6,63890,652.2,56219,690.6,44.88,0.007516,168.0,0.066280,1094.4,318230,1287.5,142807,1070.2,243.25,0.066771,528.0,0.000000,100.0,112237,349.6,115446,726.0,2.22,0.000727,708.0,0.000000,2886.3,2805787,935.1,119533,759.5,-3.70,-0.001198,0.0000051,0.1025,94721,332.2,0.009311,0.0001357,0.1034,78684,317.1,0.000000,0.0001759,0.1034,112681,330.6,0.016593,0.0001604,0.1025,107845,346.5,0.000000
349.08,0.0096965,349.1,0.007489,613.1,64565,635.0,54989,674.4,42.86,0.007188,169.1,0.068188,1098.2,311632,1281.0,144707,1073.2,247.58,0.068674,529.1,0.000000,642.4,112432,349.8,113427,723.1,2.05,0.000660,709.1,0.000000,100.0,3041216,991.6,122584,764.4,-2.74,-0.000904,0.0000052,0.1025,95237,332.6,0.010313,0.0001338,0.1034,78752,317.2,0.000000,0.0001763,0.1034,112843,330.7,0.015472,0.0001604,0.1025,107266,346.0,0.000000
350.06,0.0097240,350.1,0.007172,592.6,65583,619.1,53806,658.6,40.79,0.006855,170.1,0.070023,1101.9,305264,1274.5,146616,1076.1,251.39,0.070458,530.1,0.000000,100.0,112611,350.0,111912,720.8,1.58,0.000506,710.1,0.000000,638.8,3297485,1054.1,124163,766.9,-1.27,-0.000424,0.0000053,0.1025,95755,333.1,0.011338,0.0001319,0.1034,78777,317.3,0.000000,0.0001767,0.1034,113016,330.9,0.014418,0.0001604,0.1025,106558,345.4,0.000000
351.05,0.0097514,351.1,0.006886,572.9,66881,604.2,52708,642.8,38.63,0.006516,171.1,0.071749,1105.1,298844,1267.9,148176,1078.4,255.52,0.072221,531.1,0.000000,830.3,112785,350.1,110798,719.2,1.20,0.000379,711.1,0.000000,1594.6,3583916,1124.9,124298,767.1,0.14,0.000046,0.0000054,0.1025,96386,333.6,0.012022,0.0001299,0.1034,78784,317.3,0.000000,0.0001771,0.1034,113182,331.0,0.013511,0.0001604,0.1025,105630,344.5,0.000000
352.04,0.0097789,352.0,0.006631,553.9,68612,589.8,51909,627.8,36.02,0.006126,172.0,0.073225,1106.4,292393,1261.2,148720,1079.0,259.76,0.073648,532.0,0.000000,682.3,112956,350.3,109816,717.7,1.14,0.000358,712.0,0.000000,2540.3,3899014,1203.3,123514,766.0,0.91,0.000302,0.0000056,0.1025,96896,333.9,0.013379,0.0001279,0.1034,78802,317.3,0.000000,0.0001774,0.1034,113316,331.1,0.012631,0.0001604,0.1025,104433,343.4,0.000000
353.07,0.0098076,353.1,0.006399,536.2,70687,576.0,51535,613.8,33.05,0.005709,173.1,0.074217,1105.9,285657,1254.1,147930,1077.4,264.51,0.074708,533.1,0.000000,100.0,113130,350.5,108605,715.9,1.42,0.000445,713.1,0.000000,100.0,4256025,1292.6,122245,764.2,1.34,0.000441,0.0000058,0.1025,97576,334.4,0.014063,0.0001258,0.1034,78870,317.4,0.000000,0.0001778,0.1034,113394,331.1,0.011706,0.0001604,0.1025,102879,341.9,0.000000
354.06,0.0098351,354.1,0.006117,520.4,73101,563.5,51414,601.3,30.35,0.005339,174.1,0.075115,1104.3,279229,1247.2,146580,1074.8,269.52,0.075609,534.1,0.000000,775.9,113283,350.6,107086,713.6,1.86,0.000575,714.1,0.000000,100.0,4619672,1384.0,120607,761.8,1.80,0.000586,0.0000061,0.1025,98048,334.7,0.015396,0.0001237,0.1034,79014,317.5,0.000000,0.0001781,0.1034,113543,331.3,0.010363,0.0001604,0.1025,101140,340.2,0.000000
355.05,0.0098625,355.1,0.005824,506.3,75714,552.4,51515,590.0,27.43,0.004927,175.1,0.075974,1102.8,272815,1240.2,145344,1072.5,274.24,0.076455,535.1,0.000000,1284.6,113426,350.8,105308,710.8,2.14,0.000652,715.1,0.000000,421.5,4999693,1480.1,118596,758.9,2.19,0.000704,0.0000064,0.1025,98645,335.1,0.015862,0.0001216,0.1034,79248,317.8,0.000000,0.0001783,0.1034,113615,331.3,0.009200,0.0001604,0.1025,99229,338.4,0.000000
356.04,0.0098900,356.0,0.005500,495.0,78585,542.3,52577,582.4,21.99,0.004084,176.0,0.076751,1101.7,266421,1233.1,144379,1070.5,278.21,0.077186,536.0,0.000000,281.6,113552,350.9,103495,708.0,2.17,0.000652,716.0,0.000000,675.0,5389975,1579.6,116310,755.5,2.50,0.000793,0.0000067,0.1025,99212,335.4,0.016587,0.0001195,0.1034,79575,318.2,0.000000,0.0001785,0.1034,113707,331.4,0.007711,0.0001604,0.1025,97238,336.4,0.000000
357.07,0.0099187,357.1,0.005095,489.7,81810,532.8,56321,583.4,12.66,0.002515,177.1,0.077449,1100.7,259765,1225.6,143451,1068.6,282.01,0.077875,537.1,0.000000,100.0,113665,351.1,101720,705.2,2.05,0.000608,717.1,0.000000,100.0,5801611,1685.7,113770,751.7,2.67,0.000831,0.0000070,0.1025,99715,335.7,0.017125,0.0001173,0.1034,80005,318.6,0.000000,0.0001787,0.1034,113763,331.4,0.006182,0.0001604,0.1025,95169,334.4,0.000000
358.06,0.0099461,358.1,0.004561,487.4,85062,524.9,61126,588.5,8.35,0.001784,178.1,0.078062,1099.4,253429,1218.3,142422,1066.6,285.65,0.078465,538.1,0.000000,100.0,113754,351.2,100111,702.6,2.00,0.000587,718.1,0.000000,1094.5,6191380,1787.7,111429,748.1,2.56,0.000785,0.0000074,0.1025,100155,335.9,0.017390,0.0001151,0.1034,80472,319.2,0.000000,0.0001788,0.1034,113783,331.5,0.004554,0.0001604,0.1025,93281,332.5,0.000000
359.05,0.0099736,359.0,0.004280,483.1,88161,517.9,64691,589.8,9.45,0.002132,179.0,0.078586,1097.9,247128,1210.9,141247,1064.2,289.29,0.078982,539.0,0.000000,720.4,113819,351.3,98469,699.9,2.12,0.000613,719.0,0.000000,1197.3,6569905,1888.9,109376,744.9,2.27,0.000685,0.0000077,0.1025,100758,336.2,0.016985,0.0001130,0.1034,80963,319.7,0.000000,0.0001789,0.1034,113829,331.5,0.002769,0.0001604,0.1025,91533,330.7,0.000000
360.04,0.0100010,360.0,0.004160,476.5,91047,511.4,66592,586.5,11.54,0.002694,180.0,0.079042,1096.3,240867,1203.4,140113,1062.0,292.62,0.079417,540.0,0.000000,2454.5,113809,351.3,96650,696.9,2.41,0.000688,0.0,0.000000,100.0,6930095,1987.9,107559,742.0,2.07,0.000619,0.0000081,0.1025,101330,336.5,0.016727,0.0001108,0.1034,81453,320.3,0.000000,0.0001789,0.1034,114405,332.3,-0.001176,0.0001604,0.1025,89953,329.0,0.000000
361.07,0.0100298,361.1,0.004040,468.7,93644,505.3,67407,580.0,12.48,0.002983,181.1,0.079434,1095.0,234366,1195.4,139255,1060.2,295.19,0.079762,541.1,0.000000,1290.8,113785,351.4,94478,693.3,2.82,0.000790,1.1,0.000000,100.0,7279794,2087.8,105789,739.2,1.97,0.000581,0.0000084,0.1025,102060,336.9,0.015890,0.0001085,0.1034,81948,320.8,0.000000,0.0001788,0.1034,114744,332.9,-0.002485,0.0001604,0.1025,88486,327.5,0.000000
362.06,0.0100572,362.1,0.003818,461.7,95878,499.9,67697,573.1,12.13,0.002947,182.1,0.079738,1094.7,228198,1187.7,139206,1059.8,295.88,0.079949,542.1,0.000000,519.3,113795,351.4,92174,689.4,3.15,0.000867,2.1,0.000000,626.8,7582289,2178.7,104221,736.6,1.84,0.000536,0.0000087,0.1025,102529,337.1,0.015541,0.0001063,0.1034,82402,321.3,0.000000,0.0001787,0.1034,113820,332.1,-0.001860,0.0001604,0.1025,87249,326.2,0.000000
363.05,0.0100847,363.0,0.003521,455.2,97683,494.9,67811,566.4,11.22,0.002764,183.0,0.079944,1095.8,222083,1180.0,140169,1061.2,294.53,0.080029,543.0,0.000000,100.0,113723,351.5,89802,685.2,3.27,0.000881,3.0,0.000000,3106.2,7848156,2264.0,102819,734.4,1.66,0.000478,0.0000090,0.1025,103142,337.4,0.014462,0.0001041,0.1034,82843,321.8,0.000000,0.0001786,0.1034,113982,332.6,-0.005940,0.0001604,0.1025,86154,325.0,0.000000
364.04,0.0101121,364.0,0.003224,449.2,99152,490.2,67832,560.1,10.29,0.002562,184.0,0.080067,1097.8,216027,1172.1,141849,1063.8,291.91,0.080070,544.0,0.000000,100.0,113632,351.4,87548,681.3,3.15,0.000832,4.0,0.000000,100.0,8073100,2342.8,101615,732.4,1.43,0.000409,0.0000093,0.1025,103719,337.7,0.013776,0.0001019,0.1034,83279,322.3,0.000000,0.0001784,0.1034,114249,333.1,-0.007476,0.0001604,0.1025,85179,323.9,0.000000
365.07,0.0101408,365.1,0.002900,443.3,100446,485.5,67597,553.6,9.62,0.002416,185.1,0.080113,1099.9,209764,1163.8,143684,1066.6,289.05,0.080099,545.1,0.000000,100.0,113525,351.4,85413,677.4,2.91,0.000754,5.1,0.000000,549.9,8261080,2417.4,100551,730.6,1.23,0.000349,0.0000096,0.1025,104077,337.8,0.013487,0.0000996,0.1034,83738,322.8,0.000000,0.0001781,0.1034,114374,333.4,-0.008655,0.0001604,0.1025,84267,323.0,0.000000
366.06,0.0101683,366.1,0.002576,437.4,101367,481.2,66939,547.0,9.42,0.002372,186.1,0.080083,1101.5,203841,1155.8,145090,1068.7,286.74,0.080081,546.1,0.000000,5998.1,113404,351.4,83564,674.0,2.72,0.000694,6.1,0.000000,28904.7,8393667,2480.8,99572,729.0,1.26,0.000353,0.0000099,0.1025,104420,337.9,0.012894,0.0000974,0.1034,84188,323.3,0.000000,0.0001778,0.1034,114502,333.8,-0.010149,0.0001604,0.1025,83477,322.1,0.000000
367.05,0.0101957,367.0,0.002318,431.3,102001,477.0,65843,539.7,9.38,0.002354,187.0,0.079778,1101.8,198004,1147.7,145933,1069.8,283.89,0.079665,547.0,0.000000,100.0,113301,351.4,81816,670.7,2.65,0.000664,7.0,0.000000,865.1,8479327,2536.0,98407,727.0,1.57,0.000437,0.0000102,0.1025,104738,337.9,0.012473,0.0000952,0.1034,84648,323.8,0.000000,0.0001776,0.1034,113569,333.0,-0.010061,0.0001604,0.1025,82757,321.3,0.000000
368.03,0.0102232,368.0,0.002077,425.3,102475,472.9,64659,532.7,8.71,0.002175,188.0,0.079159,1101.9,192273,1139.6,146663,1070.7,280.41,0.079016,548.0,0.000000,100.0,113151,351.3,80103,667.5,2.67,0.000659,8.0,0.000000,100.0,8518520,2582.8,96900,724.4,2.04,0.000562,0.0000105,0.1025,104831,337.8,0.012552,0.0000931,0.1034,85114,324.3,0.000000,0.0001772,0.1034,113387,333.1,-0.012713,0.0001604,0.1025,82097,320.6,0.000000
369.07,0.0102519,369.1,0.001812,419.3,103153,468.6,63689,526.6,7.31,0.001820,189.1,0.078470,1102.1,186397,1131.0,147580,1071.8,276.36,0.078277,549.1,0.000000,402.2,112967,351.2,78295,664.0,2.76,0.000671,9.1,0.000000,100.0,8511563,2622.7,95024,721.2,2.41,0.000652,0.0000108,0.1025,104364,337.1,0.013934,0.0000908,0.1034,85602,324.8,0.000000,0.0001768,0.1034,113737,334.0,-0.014528,0.0001604,0.1025,81469,319.9,0.000000
370.05,0.0102793,370.1,0.001529,414.6,103409,464.6,63129,522.2,5.76,0.001433,190.1,0.077734,1102.3,180887,1122.8,148412,1072.9,272.53,0.077553,550.1,0.000000,100.0,112847,351.2,76571,660.6,2.79,0.000664,10.1,0.000000,692.4,8461821,2652.4,93199,717.9,2.41,0.000643,0.0000111,0.1025,104449,337.0,0.013072,0.0000887,0.1034,86060,325.3,0.000000,0.0001765,0.1034,112696,333.8,-0.012842,0.0001604,0.1025,80927,319.2,0.000000
371.04,0.0103067,371.0,0.001261,410.6,103495,460.7,62844,519.1,4.41,0.001097,191.0,0.076972,1102.0,175486,1114.6,148885,1073.3,269.21,0.076821,551.0,0.000000,261.4,112645,351.1,74954,657.4,2.64,0.000619,11.0,0.000000,1328.9,8373530,2674.1,91570,715.0,2.15,0.000566,0.0000115,0.1025,104446,336.7,0.013037,0.0000866,0.1034,86500,325.8,0.000000,0.0001760,0.1034,113159,335.1,-0.016989,0.0001604,0.1025,80444,318.7,0.000000
372.07,0.0103354,372.1,0.001022,406.9,103399,456.6,62727,516.7,3.31,0.000826,192.1,0.076152,1100.8,169957,1106.0,148803,1072.7,266.45,0.076030,552.1,0.000000,220.5,112456,351.0,73489,654.4,2.28,0.000527,12.1,0.000000,100.0,8244558,2689.0,90130,712.4,1.85,0.000481,0.0000118,0.1025,104337,336.4,0.012980,0.0000844,0.1034,86939,326.2,0.000000,0.0001755,0.1034,112795,335.7,-0.016743,0.0001604,0.1025,80001,318.2,0.000000
373.06,0.0103628,373.1,0.000805,403.7,103166,452.8,62684,515.1,2.52,0.000631,193.1,0.075293,1098.9,164780,1097.7,148172,1071.3,264.41,0.075232,553.1,0.000000,100.0,112276,350.9,72399,652.2,1.77,0.000404,13.1,0.000000,100.0,8090914,2696.2,88930,710.2,1.65,0.000425,0.0000121,0.1025,104111,336.0,0.013058,0.0000823,0.1034,87342,326.7,0.000000,0.0001750,0.1034,112074,335.9,-0.017405,0.0001604,0.1025,79632,317.8,0.000000
374.05,0.0103902,374.0,0.000621,400.6,102818,449.0,62663,513.8,1.89,0.000475,194.0,0.074417,1096.4,159714,1089.4,147096,1069.1,262.82,0.074388,554.0,0.000000,399.3,112029,350.8,71660,650.6,1.17,0.000266,14.0,0.000000,737.5,7912552,2697.3,87868,708.3,1.48,0.000377,0.0000125,0.1025,103782,335.4,0.013233,0.0000803,0.1034,87746,327.1,0.000000,0.0001745,0.1034,112506,337.3,-0.020870,0.0001604,0.1025,79312,317.4,0.000000
375.04,0.0104177,375.0,0.000454,397.7,102378,445.2,62723,513.1,1.17,0.000293,195.0,0.073506,1093.2,154758,1081.1,145651,1066.2,261.57,0.073502,555.0,0.000000,100.0,111794,350.6,71264,649.8,0.59,0.000134,15.0,0.000000,885.7,7714265,2693.2,86938,706.6,1.30,0.000330,0.0000128,0.1025,103368,334.8,0.013489,0.0000783,0.1034,88169,327.5,0.000000,0.0001739,0.1034,112278,338.0,-0.021012,0.0001604,0.1025,79031,317.1,0.000000
376.07,0.0104463,376.1,0.000290,395.2,101848,441.3,63033,513.4,0.14,0.000035,196.1,0.072540,1089.4,149694,1072.4,143812,1062.7,260.56,0.072536,556.1,0.000000,862.9,111557,350.5,71158,649.6,0.08,0.000019,16.1,0.000000,347.9,7490659,2684.0,86097,705.0,1.14,0.000286,0.0000132,0.1025,102866,334.1,0.013843,0.0000762,0.1034,88648,328.0,0.000000,0.0001733,0.1034,111571,338.4,-0.021348,0.0001604,0.1025,78765,316.8,0.000000
377.05,0.0104737,377.1,0.000164,393.1,101296,437.6,63559,514.5,-0.60,-0.000152,197.1,0.071544,1085.3,144964,1064.0,141745,1058.7,259.92,0.071585,557.1,0.000000,100.0,111309,350.4,71298,649.9,-0.33,-0.000074,17.1,0.000000,728.6,7265565,2671.4,85361,703.6,1.08,0.000271,0.0000136,0.1025,102346,333.4,0.014309,0.0000742,0.1034,89177,328.6,0.000000,0.0001726,0.1034,111066,338.9,-0.022881,0.0001604,0.1025,78518,316.5,0.000000
378.04,0.0105012,378.0,0.000083,391.7,100714,434.0,64521,517.1,-2.17,-0.000557,198.0,0.070541,1080.6,140343,1055.6,139350,1054.1,259.65,0.070610,558.0,0.000000,436.9,111031,350.2,71620,650.6,-0.59,-0.000135,18.0,0.000000,734.0,7033370,2655.7,84596,702.1,1.15,0.000285,0.0000140,0.1025,101808,332.6,0.014865,0.0000723,0.1034,89830,329.3,0.000000,0.0001720,0.1034,110911,339.8,-0.024746,0.0001604,0.1025,78265,316.2,0.000000
379.07,0.0105298,379.1,-0.000266,484.1,100177,430.3,73468,542.8,-22.88,-0.006372,199.1,0.067305,1074.2,135787,1047.1,135208,1047.2,254.34,0.067553,559.1,0.000000,119.7,110731,350.0,71913,651.3,-0.42,-0.000095,19.1,0.000000,100.0,6786606,2636.8,83826,700.7,1.05,0.000259,0.0000145,0.1025,101260,331.8,0.015509,0.0000704,0.1034,90708,330.2,0.000000,0.0001712,0.1034,110708,340.7,-0.025798,0.0001604,0.1025,77983,315.9,0.000000
380.06,0.0105572,380.1,-0.002416,525.1,100194,427.9,96802,605.8,-41.94,-0.013786,200.1,0.063703,1068.2,131710,1039.3,131491,1041.0,249.53,0.064833,560.1,0.000000,598.3,110448,349.9,71943,651.3,0.04,0.000009,20.1,0.000000,1096.7,6549525,2616.7,83391,699.8,0.51,0.000124,0.0000150,0.1025,100976,331.3,0.015754,0.0000686,0.1034,91779,331.3,0.000000,0.0001705,0.1034,110186,341.2,-0.026238,0.0001604,0.1025,77699,315.6,0.000000
381.05,0.0105846,381.0,-0.003345,650.6,100350,426.7,114247,648.8,-26.78,-0.009702,201.0,0.060367,1062.4,127892,1031.8,127732,1035.1,243.02,0.061692,561.0,0.000000,732.5,110149,349.7,71714,650.9,0.47,0.000106,21.0,0.000000,946.3,6303503,2591.3,83475,700.0,-0.28,-0.000068,0.0000155,0.1025,101037,331.1,0.014935,0.0000670,0.1034,93088,332.6,0.000000,0.0001698,0.1034,109921,341.9,-0.027563,0.0001604,0.1025,77413,315.2,0.000000
382.03,0.0106120,382.0,-0.002071,666.2,99990,424.7,120928,665.1,-10.29,-0.003847,202.0,0.057156,1057.2,124321,1024.6,123843,1029.0,233.69,0.057855,562.0,0.000000,1160.9,109837,349.5,71430,650.3,0.45,0.000101,22.0,0.000000,100.0,6064305,2566.2,83937,700.9,-0.71,-0.000175,0.0000159,0.1025,100876,330.7,0.015145,0.0000654,0.1034,94613,334.2,0.000000,0.0001690,0.1034,109860,342.9,-0.028666,0.0001604,0.1025,77139,314.9,0.000000
383.07,0.0106407,383.1,0.000000,1724.0,98924,420.9,122998,669.4,-1.36,-0.000514,203.1,0.054255,1052.3,120819,1017.3,120966,1024.7,226.60,0.055025,563.1,0.000000,653.6,109540,349.3,71382,650.2,-0.02,-0.000005,23.1,0.000000,1662.4,5821965,2540.4,84168,701.4,-0.15,-0.000037,0.0000164,0.1025,100217,329.8,0.016276,0.0000639,0.1034,96365,335.9,0.000000,0.0001682,0.1034,109288,343.3,-0.028158,0.0001604,0.1025,76895,314.6,0.000000
384.05,0.0106681,384.1,0.000000,27889.1,98047,417.4,124491,672.5,-2.11,-0.000804,204.1,0.050390,1046.8,117753,1010.8,117398,1019.2,215.50,0.051063,564.1,0.000000,500.9,109259,349.1,71655,650.8,-0.62,-0.000140,24.1,0.000000,100.0,5597858,2516.0,83859,700.8,0.65,0.000160,0.0000169,0.1025,99372,328.7,0.017668,0.0000625,0.1034,98097,337.6,0.000000,0.0001674,0.1034,108874,343.7,-0.028618,0.0001604,0.1025,76738,314.4,0.000000
385.04,0.0106955,385.0,0.000000,100.0,97255,414.0,129023,681.8,-5.19,-0.002019,205.0,0.047041,964.5,114933,1004.7,112892,1011.6,199.43,0.045782,565.0,0.000000,1370.4,109027,349.0,72580,652.8,-2.10,-0.000480,25.0,0.000000,100.0,5381470,2492.0,83091,699.3,1.23,0.000299,0.0000174,0.1025,98572,327.7,0.018734,0.0000612,0.1034,99788,339.2,0.000000,0.0001666,0.1034,108022,343.7,-0.027248,0.0001604,0.1025,76694,314.4,0.000000
386.07,0.0107242,386.1,0.000000,100.0,96467,410.5,136431,696.7,-7.08,-0.002853,206.1,0.045962,1036.5,112079,998.3,111799,1009.9,198.14,0.045123,566.1,0.000000,510.7,108842,348.9,77260,662.9,-10.08,-0.002417,26.1,0.000000,852.5,5163612,2467.3,82244,697.7,1.18,0.000287,0.0000180,0.1025,97776,326.6,0.019536,0.0000599,0.1034,101437,340.8,0.000000,0.0001659,0.1034,106972,343.3,-0.025575,0.0001604,0.1025,76769,314.5,0.000000
387.06,0.0107516,387.1,0.000000,100.0,95717,407.3,144124,711.5,-6.62,-0.002759,207.1,0.042257,1031.6,109614,992.7,108901,1004.8,188.24,0.041966,567.1,0.000000,253.8,108722,348.9,87969,684.8,-17.18,-0.004540,27.1,0.000000,1209.6,4963260,2444.1,81612,696.4,0.92,0.000222,0.0000185,0.1025,97028,325.6,0.020120,0.0000587,0.1034,102865,342.1,0.000000,0.0001652,0.1034,105958,342.9,-0.023885,0.0001604,0.1025,76959,314.7,0.000000
388.04,0.0107790,388.0,0.000000,100.0,94959,404.1,148353,719.4,-2.60,-0.001102,208.0,0.040916,1028.1,107253,987.2,108064,1003.5,187.77,0.041595,568.0,0.000000,463.6,108656,348.9,97601,703.0,-11.61,-0.003316,28.0,0.000000,386.8,4770733,2421.3,81073,695.4,0.85,0.000203,0.0000191,0.1025,96282,324.5,0.020586,0.0000576,0.1034,104146,343.3,0.000000,0.0001646,0.1034,104955,342.4,-0.022262,0.0001604,0.1025,77238,315.0,0.000000
389.07,0.0108076,389.1,0.000000,2477.3,94162,400.9,147910,719.1,0.96,0.000408,209.1,0.037211,955.3,105057,982.0,103769,995.5,172.09,0.036900,569.1,0.000000,443.6,108646,349.0,102008,710.9,-3.94,-0.001162,29.1,0.000000,399.2,4577729,2397.9,80387,694.0,1.12,0.000267,0.0000197,0.1025,95503,323.4,0.021066,0.0000565,0.1034,105344,344.4,0.000000,0.0001640,0.1034,103905,341.8,-0.020658,0.0001604,0.1025,77586,315.4,0.000000
390.06,0.0108350,390.1,0.000000,1901.3,93408,397.9,145951,716.9,1.66,0.000696,210.1,0.037051,1018.2,102980,976.9,102643,993.3,172.92,0.036757,570.1,0.000000,100.0,108690,349.1,102390,711.7,0.11,0.000033,30.1,0.000000,793.7,4400904,2375.9,79292,691.8,1.95,0.000460,0.0000203,0.1025,94767,322.4,0.021602,0.0000555,0.1034,106378,345.4,0.000000,0.0001635,0.1034,102894,341.2,-0.019129,0.0001604,0.1025,77931,315.8,0.000000
391.05,0.0108624,391.0,0.000000,778.4,92672,395.0,144325,715.0,1.31,0.000544,211.0,0.036264,1014.3,100968,972.0,101917,991.6,177.41,0.037509,571.0,0.000000,136.3,108785,349.2,101195,709.7,1.56,0.000457,31.0,0.000000,653.3,4231535,2354.4,77432,688.1,3.24,0.000751,0.0000209,0.1025,94051,321.4,0.022190,0.0000545,0.1034,107317,346.3,0.000000,0.0001630,0.1034,101879,340.5,-0.017709,0.0001604,0.1025,78257,316.2,0.000000
392.03,0.0108898,392.0,0.000000,100.0,91964,392.2,143014,713.5,1.16,0.000477,212.0,0.034133,944.6,99107,967.3,98284,983.7,168.76,0.034683,572.0,0.000000,1238.0,108930,349.4,99943,707.7,1.50,0.000435,32.0,0.000000,100.0,4069443,2333.2,75135,683.3,3.78,0.000854,0.0000215,0.1025,93364,320.4,0.022838,0.0000536,0.1034,108170,347.0,0.000000,0.0001626,0.1034,100860,339.7,-0.016358,0.0001604,0.1025,78549,316.5,0.000000
393.06,0.0109185,393.1,0.000000,506.2,91262,389.3,141392,711.7,1.47,0.000601,213.1,0.035760,1004.0,97061,962.1,98174,982.3,179.55,0.036913,573.1,0.000000,100.0,109135,349.7,99261,706.6,0.53,0.000153,33.1,0.000000,100.0,3907548,2311.6,73101,679.0,3.07,0.000680,0.0000222,0.1025,92687,319.4,0.023550,0.0000526,0.1034,108979,347.8,0.000000,0.0001621,0.1034,99790,338.9,-0.015047,0.0001604,0.1025,78810,316.8,0.000000
394.05,0.0109459,394.1,0.000000,2245.1,90630,386.7,139541,709.5,1.67,0.000675,214.1,0.034777,998.5,95180,957.3,96204,976.9,181.55,0.036781,574.1,0.000000,1666.5,109379,349.9,99709,707.4,-0.90,-0.000260,34.1,0.000000,681.4,3759696,2291.3,71843,676.3,1.94,0.000424,0.0000229,0.1025,92082,318.4,0.024293,0.0000516,0.1034,109674,348.4,0.000000,0.0001618,0.1034,98766,338.1,-0.013805,0.0001604,0.1025,79022,317.1,0.000000
395.04,0.0109732,395.0,0.000000,973.5,90038,384.2,137942,707.6,1.32,0.000527,215.0,0.034437,992.2,93330,952.4,93456,969.6,180.12,0.035713,575.0,0.000000,599.6,109670,350.2,101266,710.2,-2.15,-0.000629,35.0,0.000000,153.1,3618465,2271.4,71523,675.6,0.13,0.000027,0.0000235,0.1025,91517,317.6,0.025042,0.0000507,0.1034,110289,348.9,0.000000,0.0001614,0.1034,97750,337.2,-0.012657,0.0001604,0.1025,79206,317.3,0.000000
396.07,0.0110019,396.1,0.000000,830.7,89462,381.6,137319,706.9,0.30,0.000120,216.1,0.034605,985.8,91395,947.3,90968,962.4,181.13,0.035220,576.1,0.000000,100.0,110024,350.6,103434,714.1,-2.64,-0.000787,36.1,0.000000,912.0,3477611,2251.0,72958,678.9,-3.46,-0.000766,0.0000243,0.1025,90967,316.7,0.025812,0.0000497,0.1034,110841,349.4,0.000000,0.0001611,0.1034,96710,336.3,-0.011548,0.0001604,0.1025,79379,317.5,0.000000
397.05,0.0110292,397.1,0.000000,1368.0,88950,379.3,137633,707.5,-0.39,-0.000156,217.1,0.035169,979.8,89516,942.2,89076,956.1,185.35,0.035522,577.1,0.000000,125.0,110409,351.0,106060,718.7,-3.44,-0.001045,37.1,0.000000,189.6,3349141,2231.9,77321,688.4,-8.19,-0.001892,0.0000250,0.1025,90475,315.9,0.026566,0.0000487,0.1034,111280,349.8,0.000000,0.0001608,0.1034,95756,335.5,-0.010499,0.0001604,0.1025,79534,317.6,0.000000
398.04,0.0110566,398.0,0.000000,1491.9,88469,377.1,138178,708.5,-0.48,-0.000195,218.0,0.036365,974.6,87566,936.9,88205,951.2,195.61,0.037311,578.0,0.000000,140.1,110838,351.4,110360,726.1,-5.59,-0.001748,38.0,0.000000,4970.8,3226530,2213.2,82793,699.8,-8.35,-0.002032,0.0000258,0.1025,90011,315.1,0.027267,0.0000477,0.1034,111635,350.1,0.000000,0.0001605,0.1034,94851,334.7,-0.009528,0.0001604,0.1025,79686,317.8,0.000000
399.07,0.0110852,399.1,0.000000,680.3,87997,374.8,138561,709.2,-0.28,-0.000114,219.1,0.035058,897.2,85626,931.5,84553,940.8,192.26,0.035543,579.1,0.000000,471.0,111333,351.9,116827,737.0,-7.08,-0.002310,39.1,0.000000,100.0,3104341,2194.1,87008,708.2,-5.33,-0.001347,0.0000266,0.1025,89553,314.3,0.027940,0.0000467,0.1034,111930,350.4,0.000000,0.0001603,0.1034,93962,333.9,-0.008590,0.0001604,0.1025,79845,318.0,0.000000
400.05,0.0111126,400.1,0.000000,1158.3,87568,372.7,138709,709.5,-0.10,-0.000041,220.1,0.036955,960.9,83652,925.9,83732,936.3,204.18,0.037562,580.1,0.000000,540.0,111852,352.4,122784,746.8,-5.91,-0.002000,40.1,0.000000,16241.3,2992930,2176.2,89159,712.4,-2.60,-0.000668,0.0000273,0.1025,89139,313.6,0.028575,0.0000457,0.1034,112149,350.6,0.000000,0.0001601,0.1034,93164,333.1,-0.007707,0.0001604,0.1025,80001,318.2,0.000000
401.04,0.0111400,401.0,0.000000,694.6,87161,370.7,138734,709.5,-0.01,-0.000004,221.0,0.036600,954.2,81708,920.4,81631,929.1,208.61,0.037706,581.0,0.000000,100.0,112413,353.0,126859,753.3,-3.66,-0.001267,41.0,0.000000,713.6,2886603,2158.6,89738,713.5,-0.41,-0.000105,0.0000281,0.1025,88748,312.9,0.029177,0.0000447,0.1034,112316,350.7,0.000000,0.0001599,0.1034,92415,332.4,-0.006898,0.0001604,0.1025,80161,318.3,0.000000
402.07,0.0111686,402.1,0.000000,565.0,86758,368.7,138699,709.5,0.05,0.000019,222.1,0.036558,946.5,79685,914.5,78731,920.1,208.57,0.036714,582.1,0.000000,100.0,113045,353.5,129067,756.8,-1.70,-0.000598,42.1,0.000000,100.0,2780635,2140.7,89123,712.4,1.05,0.000271,0.0000290,0.1025,88364,312.2,0.029795,0.0000436,0.1034,112440,350.8,0.000000,0.0001597,0.1034,91682,331.7,-0.006124,0.0001604,0.1025,80333,318.5,0.000000
403.05,0.0111959,403.1,0.000000,769.1,86397,366.9,138525,709.3,0.21,0.000083,223.1,0.036950,939.8,77729,908.7,76802,913.5,212.94,0.036828,583.1,0.000000,100.0,113692,354.1,129855,758.0,-0.59,-0.000206,43.1,0.000000,9544.4,2684001,2123.8,88136,710.6,1.42,0.000361,0.0000298,0.1025,88020,311.6,0.030426,0.0000426,0.1034,112516,350.9,0.000000,0.0001596,0.1034,91026,331.1,-0.005403,0.0001604,0.1025,80499,318.7,0.000000
404.04,0.0112233,404.0,0.000000,26300.9,86059,365.1,138041,708.7,0.52,0.000209,224.0,0.037651,934.4,75731,902.7,76049,909.4,223.78,0.038495,584.0,0.000000,701.6,114381,354.8,130031,758.3,-0.11,-0.000040,44.0,0.000000,530.6,2591768,2107.4,87167,708.8,1.37,0.000347,0.0000307,0.1025,87700,311.0,0.031052,0.0000416,0.1034,112558,350.9,0.000000,0.0001594,0.1034,90410,330.5,-0.004748,0.0001604,0.1025,80665,318.9,0.000000
405.07,0.0112519,405.1,0.000000,764.8,85730,363.3,137109,707.6,0.90,0.000360,225.1,0.036071,926.6,73755,896.6,73070,900.8,220.08,0.036722,585.1,0.000000,529.7,115145,355.5,130148,758.5,-0.17,-0.000059,45.1,0.000000,100.0,2499814,2090.5,86328,707.2,1.08,0.000272,0.0000316,0.1025,87385,310.4,0.031688,0.0000406,0.1034,112577,350.9,0.000000,0.0001593,0.1034,89803,329.9,-0.004129,0.0001604,0.1025,80840,319.1,0.000000
406.06,0.0112793,406.1,0.000000,100.0,85437,361.7,135857,706.1,1.22,0.000483,226.1,0.036298,920.6,71854,890.7,71497,895.4,223.02,0.036632,586.1,0.000000,100.0,115917,356.2,130526,759.1,-0.39,-0.000138,46.1,0.000000,100.0,2415950,2074.7,85921,706.5,0.42,0.000106,0.0000325,0.1025,87101,309.8,0.032296,0.0000396,0.1034,112589,351.0,0.000000,0.0001592,0.1034,89248,329.4,-0.003560,0.0001604,0.1025,81009,319.3,0.000000
407.04,0.0113067,407.0,0.000000,378.9,85161,360.1,134317,704.3,1.49,0.000586,227.0,0.035568,914.8,70003,884.7,69876,890.1,223.50,0.036092,587.0,0.000000,692.7,116730,356.9,130819,759.5,-0.23,-0.000082,47.0,0.000000,130.1,2335884,2059.3,86087,706.8,-0.40,-0.000101,0.0000334,0.1025,86830,309.3,0.032847,0.0000386,0.1034,112613,351.0,0.000000,0.0001591,0.1034,88707,328.8,-0.003052,0.0001604,0.1025,81188,319.5,0.000000
408.07,0.0113353,408.1,0.000000,305.0,84886,358.5,132435,702.0,1.76,0.000683,228.1,0.033813,907.9,68190,878.8,67232,882.6,215.22,0.033724,588.1,0.000000,342.4,117622,357.7,131007,759.8,-0.20,-0.000070,48.1,0.000000,100.0,2256035,2043.5,86706,708.0,-0.93,-0.000236,0.0000343,0.1025,86559,308.8,0.033361,0.0000376,0.1034,112667,351.0,0.000000,0.0001591,0.1034,88145,328.2,-0.002582,0.0001604,0.1025,81398,319.7,0.000000
409.06,0.0113627,409.1,0.000000,100.0,84635,357.1,130406,699.5,1.99,0.000764,229.1,0.033809,903.5,66458,873.0,66684,880.4,219.02,0.034126,589.1,0.000000,476.4,118517,358.4,131821,761.1,-1.17,-0.000415,49.1,0.000000,224.9,2183157,2028.7,87377,709.3,-0.94,-0.000237,0.0000352,0.1025,86311,308.4,0.033834,0.0000367,0.1034,112747,351.1,0.000000,0.0001590,0.1034,87603,327.7,-0.002162,0.0001604,0.1025,81636,320.0,0.000000
410.04,0.0113901,410.0,0.000000,2106.5,84393,355.7,128230,696.8,2.14,0.000810,230.0,0.030746,827.4,64926,867.8,63586,872.0,202.68,0.030402,590.0,0.000000,100.0,119451,359.3,136342,768.1,-5.61,-0.002049,50.0,0.000000,529.4,2113531,2014.1,87807,710.2,-0.50,-0.000126,0.0000362,0.1025,86071,307.9,0.034271,0.0000359,0.1034,112833,351.2,0.000000,0.0001590,0.1034,87053,327.1,-0.001799,0.0001604,0.1025,81932,320.3,0.000000
411.07,0.0114187,411.1,0.000000,11543.3,84149,354.3,125952,694.0,2.15,0.000804,231.1,0.031110,893.7,63300,862.1,63646,871.8,208.24,0.031275,591.1,0.000000,657.3,120470,360.1,147339,784.6,-10.03,-0.003873,51.1,0.000000,12311.5,2044045,1999.3,87789,710.2,0.17,0.000042,0.0000372,0.1025,85831,307.5,0.034704,0.0000350,0.1034,112894,351.2,0.000000,0.0001589,0.1034,86476,326.5,-0.001473,0.0001604,0.1025,82335,320.8,0.000000
412.06,0.0114461,412.1,0.000000,1072.6,83924,353.0,123839,691.3,2.13,0.000784,232.1,0.029036,889.3,61881,857.0,62238,867.5,202.99,0.029958,592.1,0.000000,100.0,121484,361.0,157510,799.4,-7.58,-0.003072,52.1,0.000000,229.8,1980593,1985.4,87339,709.3,0.76,0.000193,0.0000381,0.1025,85615,307.1,0.035108,0.0000342,0.1034,112902,351.2,0.000000,0.0001589,0.1034,85935,325.9,-0.001188,0.0001604,0.1025,82830,321.3,0.000000
413.04,0.0114735,413.0,0.000000,107094.2,83705,351.7,121762,688.6,2.13,0.000776,233.0,0.027275,818.6,60576,852.3,59812,860.3,190.92,0.027306,593.0,0.000000,430.4,122537,361.9,162886,807.0,-3.38,-0.001402,53.0,0.000000,1289.5,1919942,1971.8,86571,707.9,1.19,0.000300,0.0000391,0.1025,85419,306.7,0.035451,0.0000334,0.1034,112853,351.2,0.000000,0.0001589,0.1034,85417,325.4,-0.000947,0.0001604,0.1025,83433,322.0,0.000000
414.07,0.0115021,414.1,0.000000,156.7,83481,350.5,119648,685.8,2.10,0.000754,234.1,0.026905,814.4,59238,847.3,58235,855.0,186.94,0.026192,594.1,0.000000,1300.8,123681,362.8,164280,808.9,-0.48,-0.000201,54.1,0.000000,8694.8,1859377,1957.9,85529,705.9,1.53,0.000380,0.0000401,0.1025,85224,306.3,0.035785,0.0000327,0.1034,112730,351.1,0.000000,0.0001588,0.1034,84913,324.8,-0.000734,0.0001604,0.1025,84154,322.7,0.000000
415.06,0.0115294,415.1,0.000000,596.3,83272,349.3,117730,683.3,2.01,0.000713,235.1,0.027006,874.6,57950,842.5,57959,853.1,193.77,0.027080,595.1,0.000000,100.0,124815,363.8,163423,807.9,0.86,0.000357,55.1,0.000000,783.4,1804027,1944.8,84377,703.7,1.75,0.000431,0.0000411,0.1025,85047,306.0,0.036116,0.0000319,0.1034,112561,350.9,0.000000,0.0001588,0.1034,84474,324.4,-0.000553,0.0001604,0.1025,84901,323.6,0.000000
416.04,0.0115568,416.0,0.000000,100.0,83071,348.2,115979,680.9,1.86,0.000650,236.0,0.025555,869.1,56756,837.9,56183,846.9,188.61,0.025740,596.0,0.000000,100.0,125988,364.7,161815,806.1,1.35,0.000556,56.0,0.000000,5191.1,1751071,1932.0,83143,701.3,1.88,0.000458,0.0000421,0.1025,84881,305.7,0.036464,0.0000312,0.1034,112369,350.8,0.000000,0.0001588,0.1034,84078,323.9,-0.000407,0.0001604,0.1025,85685,324.4,0.000000
417.07,0.0115854,417.1,0.000000,688.9,82873,347.1,114312,678.7,1.73,0.000599,237.1,0.025356,864.3,55521,833.0,54986,842.4,186.74,0.025075,597.1,0.000000,830.4,127258,365.7,159349,803.2,2.05,0.000836,57.1,0.000000,6801.9,1698137,1919.0,81826,698.8,1.92,0.000462,0.0000432,0.1025,84720,305.4,0.036853,0.0000305,0.1034,112163,350.6,0.000000,0.0001588,0.1034,83708,323.5,-0.000289,0.0001604,0.1025,86552,325.3,0.000000
418.06,0.0116128,418.1,0.000000,668.0,82697,346.1,112734,676.5,1.78,0.000610,238.1,0.024495,860.3,54393,828.5,53970,838.8,183.35,0.024267,598.1,0.000000,1057.5,128515,366.8,156093,799.4,2.73,0.001097,58.1,0.000000,100.0,1649708,1906.7,80672,696.5,1.73,0.000412,0.0000442,0.1025,84576,305.2,0.037259,0.0000298,0.1034,111963,350.4,0.000000,0.0001588,0.1034,83393,323.2,-0.000199,0.0001604,0.1025,87464,326.3,0.000000
419.04,0.0116401,419.0,0.000000,542.3,82531,345.1,111018,674.1,1.98,0.000671,239.0,0.022985,797.7,53364,824.3,52708,834.8,172.10,0.022352,599.0,0.000000,1496.5,129813,367.8,152298,794.9,3.19,0.001257,59.0,0.000000,100.0,1603325,1894.7,79804,694.8,1.25,0.000295,0.0000452,0.1025,84437,304.9,0.037639,0.0000292,0.1034,111758,350.2,0.000000,0.0001588,0.1034,83115,322.9,-0.000137,0.0001604,0.1025,88511,327.4,0.000000
420.07,0.0116687,420.1,0.000000,100.0,82368,344.1,109140,671.5,2.05,0.000685,240.1,0.021601,855.4,52380,820.2,52851,835.9,163.78,0.021302,600.1,0.000000,10975.2,131214,368.9,148162,789.9,3.27,0.001261,60.1,0.000000,736.4,1556914,1882.4,79310,693.8,0.59,0.000138,0.0000463,0.1025,84293,304.7,0.037966,0.0000286,0.1034,111538,350.0,0.000000,0.0001588,0.1034,82861,322.6,-0.000096,0.0001604,0.1025,89793,328.7,0.000000
421.06,0.0116961,421.1,0.000000,370.9,82216,343.2,107506,669.1,1.83,0.000605,241.1,0.018328,855.7,51654,817.1,52425,835.8,145.32,0.018750,601.1,0.000000,776.0,132600,370.0,144819,785.7,2.72,0.001032,61.1,0.000000,852.2,1514410,1870.9,79447,694.1,-0.45,-0.000105,0.0000474,0.1025,84153,304.5,0.038210,0.0000281,0.1034,111330,349.8,0.000000,0.0001588,0.1034,82615,322.3,-0.000011,0.0001604,0.1025,91199,330.2,0.000000
422.04,0.0117234,422.0,0.000000,594.1,82064,342.3,106361,667.5,1.19,0.000389,242.0,0.015437,806.4,51120,814.7,51167,833.1,123.57,0.015613,602.0,0.000000,533.6,134025,381.0,142140,782.4,2.29,0.000856,62.0,0.000000,100.0,1473666,1859.6,80656,696.6,-2.42,-0.000577,0.0000484,0.1025,84013,304.2,0.038376,0.0000277,0.1034,111133,349.7,0.000000,0.0001588,0.1034,82412,322.1,0.000000,0.0001604,0.1025,92745,331.7,0.000000
423.07,0.0117520,423.1,0.000000,579.7,81906,341.5,105951,666.9,0.28,0.000092,243.1,0.014306,808.8,50641,812.4,50756,833.1,113.08,0.014173,603.1,0.000000,100.0,135563,382.2,139565,779.1,2.20,0.000811,63.1,0.000000,362.4,1432860,1848.1,83710,702.8,-5.02,-0.001229,0.0000495,0.1025,83870,304.0,0.038508,0.0000273,0.1034,110946,349.5,0.000000,0.0001588,0.1034,82214,321.9,0.000000,0.0001604,0.1025,94456,333.4,0.000000
424.06,0.0117794,424.1,0.000000,465.7,81755,340.6,106065,667.1,-0.17,-0.000055,244.1,0.011548,801.0,50370,810.9,49819,830.8,82.25,0.010146,604.1,0.000000,1163.1,137081,383.4,137150,776.0,2.20,0.000799,64.1,0.000000,100.0,1395457,1837.3,87526,710.4,-5.61,-0.001421,0.0000506,0.1025,83738,303.8,0.038647,0.0000269,0.1034,110785,349.3,0.000000,0.0001588,0.1034,82004,321.7,0.000000,0.0001604,0.1025,96149,335.1,0.000000
425.04,0.0118067,425.0,0.000000,100.0,81608,339.8,106049,667.1,0.12,0.000039,245.0,0.005709,830.6,50497,811.0,52582,841.0,19.35,0.002489,605.0,0.000000,3284.1,138647,384.6,134814,772.9,2.15,0.000772,65.0,0.000000,100.0,1359570,1826.7,90896,717.0,-4.52,-0.001179,0.0000516,0.1025,83608,303.6,0.038811,0.0000268,0.1034,110633,349.2,0.000000,0.0001588,0.1034,81749,321.4,0.000000,0.0001604,0.1025,97886,336.8,0.000000
426.07,0.0118353,426.1,0.000000,256.1,81458,339.1,105223,665.9,1.24,0.000402,246.1,-0.004072,840.3,51350,814.0,53397,844.5,-57.41,-0.007467,606.1,0.000000,100.0,140338,385.8,132454,769.8,2.13,0.000755,66.1,0.000000,1627.7,1323594,1815.8,93450,721.8,-3.04,-0.000810,0.0000527,0.1025,83465,303.4,0.038973,0.0000269,0.1034,110466,349.0,0.000000,0.0001588,0.1034,81413,321.0,0.000000,0.0001604,0.1025,99741,338.6,0.000000
427.06,0.0118627,427.1,0.000000,1064.7,81313,338.3,103487,663.4,2.27,0.000727,247.1,-0.009643,848.2,52593,818.5,53896,846.0,-80.10,-0.010497,607.1,0.000000,846.3,142007,387.1,130208,766.7,2.16,0.000753,67.1,0.000000,100.0,1290586,1805.6,94860,724.4,-1.60,-0.000430,0.0000538,0.1025,83301,303.2,0.039012,0.0000272,0.1034,110284,348.9,0.000000,0.0001588,0.1034,81021,320.5,0.000000,0.0001604,0.1025,101533,340.3,0.000000
428.04,0.0118900,428.0,0.000000,100.0,81156,337.6,101360,660.2,2.62,0.000828,248.0,-0.009688,852.1,53875,823.1,55299,850.9,-74.48,-0.009958,608.0,0.000000,100.0,143730,388.4,128052,763.8,2.08,0.000717,68.0,0.000000,406.2,1258883,1795.7,95269,725.2,-0.31,-0.000083,0.0000549,0.1025,83111,303.0,0.038847,0.0000274,0.1034,110068,348.7,0.000000,0.0001588,0.1034,80565,320.0,0.000000,0.0001604,0.1025,103292,341.9,0.000000
429.07,0.0119186,429.1,0.000000,1723.3,80974,336.8,99391,657.3,2.25,0.000699,249.1,-0.008900,854.8,55190,827.7,56072,853.4,-64.97,-0.008782,609.1,0.000000,707.1,145590,389.7,126006,761.0,1.90,0.000648,69.1,0.000000,836.4,1227076,1785.5,94971,724.7,0.52,0.000139,0.0000560,0.1025,82877,302.7,0.038520,0.0000277,0.1034,109795,348.4,0.000000,0.0001588,0.1034,80042,319.4,0.000000,0.0001604,0.1025,105026,343.5,0.000000
430.05,0.0119459,430.1,0.000000,647.5,80775,336.1,97968,655.1,1.73,0.000531,250.1,-0.007420,857.5,56373,831.7,57076,856.7,-54.53,-0.007474,610.1,0.000000,100.0,147427,391.1,124197,758.4,1.82,0.000614,70.1,0.000000,183.5,1197864,1775.9,94248,723.4,1.09,0.000291,0.0000570,0.1025,82616,302.4,0.038012,0.0000279,0.1034,109486,348.2,0.000000,0.0001588,0.1034,79527,318.8,0.000000,0.0001604,0.1025,106533,344.9,0.000000
431.04,0.0119733,431.0,0.000000,100.0,80548,335.4,96877,653.4,1.35,0.000412,251.0,-0.006353,860.3,57508,835.4,58066,859.9,-46.56,-0.006468,611.0,0.000000,72857.4,149323,392.4,122339,755.8,1.95,0.000648,71.0,0.000000,627.1,1169770,1766.5,93170,721.5,1.52,0.000404,0.0000580,0.1025,82326,302.1,0.037374,0.0000281,0.1034,109138,347.8,0.000000,0.0001588,0.1034,79027,318.3,0.000000,0.0001604,0.1025,107865,346.1,0.000000
432.07,0.0120018,432.1,0.000000,100.0,80280,334.6,96015,652.1,1.01,0.000307,252.1,-0.005812,863.5,58686,839.1,59061,862.9,-43.51,-0.006127,612.1,0.000000,214.7,151372,393.9,120128,752.6,2.30,0.000754,72.1,0.000000,747.6,1141553,1756.9,91994,719.4,1.47,0.000388,0.0000591,0.1025,82007,301.8,0.036673,0.0000282,0.1034,108741,347.5,0.000000,0.0001588,0.1034,78550,317.7,0.000000,0.0001604,0.1025,109067,347.2,0.000000
433.05,0.0120292,433.0,0.000000,100.0,80001,333.9,95405,651.1,0.77,0.000231,253.0,-0.005691,867.1,59837,842.7,60364,866.9,-44.00,-0.006302,613.0,0.000000,100.0,153395,395.3,117638,749.0,2.74,0.000884,73.0,0.000000,1312.6,1115621,1747.9,91131,717.8,1.11,0.000291,0.0000601,0.1025,81697,301.4,0.036027,0.0000284,0.1034,108335,347.1,0.000000,0.0001588,0.1034,78157,317.3,0.000000,0.0001604,0.1025,110048,348.1,0.000000
434.03,0.0120565,434.0,0.000000,3185.9,79706,333.2,94944,650.4,0.58,0.000174,254.0,-0.006200,870.9,61061,846.5,61523,870.3,-46.37,-0.006743,614.0,0.000000,100.0,155483,396.8,114848,744.9,3.08,0.000978,74.0,0.000000,100.0,1090679,1739.1,90595,716.9,0.59,0.000153,0.0000610,0.1025,81391,301.1,0.035524,0.0000285,0.1034,107906,346.7,0.000000,0.0001588,0.1034,77835,316.9,0.000000,0.0001604,0.1025,110896,348.8,0.000000
435.06,0.0120850,435.1,0.000000,100.0,79391,332.4,94606,649.9,0.40,0.000119,255.1,-0.006022,874.6,62365,850.4,62940,874.5,-42.63,-0.006312,615.1,0.000000,1709.7,157738,398.3,111882,740.4,3.14,0.000976,75.1,0.000000,100.0,1065616,1730.0,90965,717.6,-1.08,-0.000282,0.0000620,0.1025,81092,300.8,0.035197,0.0000287,0.1034,107440,346.3,0.000000,0.0001588,0.1034,77574,316.6,0.000000,0.0001604,0.1025,111679,349.5,0.000000
436.04,0.0121123,436.0,0.000000,1167.9,79095,331.7,94400,649.5,0.26,0.000077,256.0,-0.005487,878.0,63606,854.1,63958,877.7,-37.20,-0.005577,616.0,0.000000,443.7,159965,399.8,109246,736.4,2.96,0.000903,76.0,0.000000,100.0,1042567,1721.6,98288,731.4,-14.27,-0.003945,0.0000630,0.1025,80825,300.5,0.035088,0.0000289,0.1034,106985,345.9,0.000000,0.0001588,0.1034,77390,316.4,0.000000,0.0001604,0.1025,112365,350.1,0.000000
437.07,0.0121408,437.1,0.000000,233.2,78798,331.0,94168,649.2,0.34,0.000102,257.1,-0.004379,881.2,64847,857.7,65103,881.2,-28.96,-0.004401,617.1,0.000000,1589.2,162370,401.5,106772,732.5,2.72,0.000814,77.1,0.000000,1054.6,1019391,1712.9,119659,768.0,-24.54,-0.007865,0.0000640,0.1025,80571,300.2,0.035143,0.0000290,0.1034,106513,345.4,0.000000,0.0001588,0.1034,77250,316.2,0.000000,0.0001604,0.1025,113044,350.7,0.000000
438.05,0.0121680,438.0,0.000000,1368.5,78538,330.4,93678,648.4,0.78,0.000233,258.0,-0.003209,884.1,65974,860.8,66032,884.0,-20.87,-0.003206,618.0,0.000000,424.9,164748,403.1,104608,729.1,2.57,0.000758,78.0,0.000000,1279.6,998063,1704.8,135531,792.5,-13.28,-0.004672,0.0000650,0.1025,80372,300.0,0.035514,0.0000291,0.1034,106075,345.0,0.000000,0.0001588,0.1034,77153,316.1,0.000000,0.0001604,0.1025,113670,351.3,0.000000
439.07,0.0121965,439.1,0.000000,5905.1,78303,329.8,92471,646.5,1.87,0.000549,259.1,-0.000861,887.9,66984,863.4,67905,890.7,-4.17,-0.000655,619.1,0.000000,401.0,167316,404.7,102470,725.6,2.49,0.000722,79.1,0.000000,7066.9,976601,1696.4,142248,802.3,-4.57,-0.001668,0.0000660,0.1025,80218,299.8,0.036144,0.0000291,0.1034,105645,344.6,0.000000,0.0001588,0.1034,77077,316.0,0.000000,0.0001604,0.1025,114302,351.8,0.000000
440.05,0.0122237,440.1,0.000000,1471.5,78121,329.3,90091,642.6,3.70,0.001068,260.1,0.000226,893.9,67889,865.7,68489,893.4,2.17,0.000342,620.1,0.000000,927.3,169855,406.4,100499,722.4,2.46,0.000703,80.1,0.000000,572.4,956836,1688.6,145777,807.4,-3.32,-0.001232,0.0000670,0.1025,80133,299.7,0.036985,0.0000291,0.1034,105267,344.3,0.000000,0.0001588,0.1034,77023,315.9,0.000000,0.0001604,0.1025,114874,352.3,0.000000
441.03,0.0122509,441.0,0.000000,100.0,77986,328.8,86380,636.4,5.63,0.001572,261.0,0.001373,894.7,68724,867.7,69179,896.3,7.44,0.001181,621.0,0.000000,599.8,172478,408.1,98554,719.1,2.49,0.000702,81.0,0.000000,100.0,937780,1681.0,151448,815.4,-5.32,-0.002033,0.0000680,0.1025,80114,299.7,0.038006,0.0000291,0.1034,104922,343.9,0.000000,0.0001588,0.1034,76993,315.9,0.000000,0.0001604,0.1025,115398,352.7,0.000000
442.06,0.0122794,442.1,0.000000,100.0,77901,328.3,81776,628.5,6.70,0.001794,262.1,0.002226,898.0,69551,869.7,69890,899.2,11.62,0.001859,622.1,0.000000,486.5,175314,409.9,96479,715.6,2.61,0.000724,82.1,0.000000,100.0,918582,1673.1,158581,825.2,-5.51,-0.002180,0.0000691,0.1025,80163,299.8,0.039228,0.0000290,0.1034,104594,343.6,0.000000,0.0001588,0.1034,76998,315.9,0.000000,0.0001604,0.1025,115875,353.1,0.000000
443.04,0.0123066,443.0,0.000000,2638.2,77876,328.0,77470,620.7,6.74,0.001731,263.0,0.003010,901.2,70302,871.4,70619,902.1,16.28,0.002622,623.0,0.000000,263.9,178121,411.6,94425,712.1,2.75,0.000751,83.0,0.000000,100.0,900880,1665.8,164436,833.1,-4.35,-0.001767,0.0000702,0.1025,80268,299.9,0.040575,0.0000289,0.1034,104302,343.4,0.000000,0.0001588,0.1034,77047,316.0,0.000000,0.0001604,0.1025,116245,353.5,0.000000
444.06,0.0123350,444.1,0.000000,1754.5,77909,327.7,73460,613.2,6.27,0.001545,264.1,0.003844,904.4,71038,873.0,71162,904.3,22.06,0.003571,624.1,0.000000,1504.8,181158,413.5,92239,708.2,2.85,0.000764,84.1,0.000000,1544.6,883033,1658.2,169247,839.4,-3.21,-0.001332,0.0000714,0.1025,80428,300.1,0.041963,0.0000288,0.1034,104009,343.1,0.000000,0.0001588,0.1034,77148,316.1,0.000000,0.0001604,0.1025,116530,353.7,0.000000
445.04,0.0123622,445.0,0.000000,100.0,77994,327.4,70232,606.9,5.49,0.001307,265.0,0.006257,907.4,71553,874.0,73047,910.7,40.70,0.006716,625.0,0.000000,312.2,184164,415.4,90183,704.6,2.84,0.000749,85.0,0.000000,1323.1,866566,1651.2,171630,842.5,-1.32,-0.000552,0.0000726,0.1025,80612,300.3,0.043296,0.0000286,0.1034,103726,342.8,0.000000,0.0001588,0.1034,77278,316.2,0.000000,0.0001604,0.1025,116709,353.9,0.000000
446.06,0.0123906,446.1,0.000000,100.0,78129,327.2,67601,601.6,4.38,0.001013,266.1,0.006685,910.0,72073,875.0,73038,911.1,44.49,0.007337,626.1,0.000000,1227.8,187418,417.3,88133,700.9,2.77,0.000716,86.1,0.000000,493.4,849955,1643.9,171957,843.0,-0.02,-0.000008,0.0000739,0.1025,80824,300.5,0.044470,0.0000284,0.1034,103412,342.5,0.000000,0.0001588,0.1034,77424,316.4,0.000000,0.0001604,0.1025,116817,353.9,0.000000
447.04,0.0124178,447.0,0.000000,100.0,78293,327.1,65728,597.7,3.33,0.000752,267.0,0.006459,911.1,72610,876.0,73073,911.2,36.44,0.006011,627.0,0.000000,177.0,190640,419.2,86252,697.4,2.73,0.000694,87.0,0.000000,876.2,834623,1637.1,171613,842.6,0.25,0.000104,0.0000751,0.1025,81037,300.7,0.045416,0.0000283,0.1034,103087,342.2,0.000000,0.0001588,0.1034,77557,316.6,0.000000,0.0001604,0.1025,116873,354.0,0.000000
448.07,0.0124463,448.1,0.000000,844.7,78493,327.0,65546,597.4,-0.63,-0.000143,268.1,0.004045,911.4,73429,877.8,74263,914.7,11.96,0.001998,628.1,0.000000,100.0,194127,421.3,84284,693.7,2.84,0.000709,88.1,0.000000,1388.4,819157,1630.2,171507,842.4,0.03,0.000013,0.0000764,0.1025,81274,301.0,0.046132,0.0000282,0.1034,102708,341.9,0.000000,0.0001588,0.1034,77692,316.7,0.000000,0.0001604,0.1025,116910,354.0,0.000000
449.04,0.0124735,449.0,0.000000,380.0,78703,326.9,72003,612.3,-16.78,-0.004060,269.0,-0.001031,915.8,74723,880.9,75401,917.9,-17.80,-0.003008,629.0,0.000000,566.4,197581,423.3,82286,689.9,3.10,0.000762,89.0,0.000000,1046.9,804875,1623.6,171323,842.2,0.24,0.000099,0.0000777,0.1025,81522,301.2,0.046695,0.0000282,0.1034,102282,341.5,0.000000,0.0001588,0.1034,77832,316.9,0.000000,0.0001604,0.1025,116942,354.1,0.000000
450.07,0.0125019,450.1,0.000000,640.2,78942,326.9,91417,653.2,-30.36,-0.008742,270.1,-0.004584,921.6,76494,885.4,76761,921.4,-32.99,-0.005653,630.1,0.000000,3746.4,201323,425.4,80034,685.5,3.42,0.000821,90.1,0.000000,100.0,790457,1617.0,170074,840.8,1.14,0.000474,0.0000790,0.1025,81813,301.5,0.047206,0.0000283,0.1034,101710,340.9,0.000000,0.0001588,0.1034,78026,317.1,0.000000,0.0001604,0.1025,116976,354.1,0.000000
451.05,0.0125291,451.0,0.000000,333.2,79189,326.9,107786,684.3,-18.62,-0.006034,271.0,-0.005596,926.6,78351,890.1,78746,926.5,-37.29,-0.006521,631.0,0.000000,616.2,205032,427.5,77824,681.1,3.55,0.000834,91.0,0.000000,2902.5,777134,1610.7,167706,838.1,1.95,0.000803,0.0000803,0.1025,82129,301.9,0.047759,0.0000285,0.1034,100972,340.2,0.000000,0.0001588,0.1034,78310,317.4,0.000000,0.0001604,0.1025,116995,354.1,0.000000
452.07,0.0125575,452.1,0.000000,100.0,79471,326.9,115958,699.1,-7.21,-0.002459,272.1,-0.006478,932.3,80459,895.4,81219,932.6,-42.64,-0.007640,632.1,0.000000,100.0,209051,429.7,75643,676.7,3.38,0.000778,92.1,0.000000,100.0,763676,1604.2,164297,834.1,2.65,0.001073,0.0000817,0.1025,82503,302.3,0.048413,0.0000287,0.1034,99941,339.2,0.000000,0.0001588,0.1034,78796,318.0,0.000000,0.0001604,0.1025,116986,354.1,0.000000
453.05,0.0125847,453.0,0.000000,10319.9,79767,326.9,119248,704.9,-3.23,-0.001124,273.0,-0.008399,938.7,82752,901.1,83542,938.0,-53.58,-0.009817,633.0,0.000000,3695.9,213038,431.9,73807,672.9,3.03,0.000684,93.0,0.000000,100.0,751233,1598.2,160507,829.7,3.00,0.001192,0.0000831,0.1025,82901,302.7,0.049184,0.0000289,0.1034,98696,338.0,0.000000,0.0001588,0.1034,79533,318.8,0.000000,0.0001604,0.1025,116939,354.0,0.000000
454.07,0.0126131,454.1,0.000000,301.3,80107,327.0,121992,709.7,-2.80,-0.000988,274.1,-0.010294,946.1,85454,907.7,86689,945.1,-63.53,-0.011987,634.1,0.000000,234.2,217361,434.2,72190,669.4,2.59,0.000574,94.1,0.000000,100.0,738658,1592.0,156620,825.0,2.93,0.001145,0.0000845,0.1025,83356,303.2,0.050059,0.0000292,0.1034,97171,336.5,0.000000,0.0001588,0.1034,80647,320.1,0.000000,0.0001604,0.1025,116846,354.0,0.000000
455.05,0.0126403,455.1,0.000000,591.2,80464,327.1,124270,713.7,-2.12,-0.000758,275.1,-0.011630,954.9,88285,914.6,90008,952.4,-65.92,-0.012815,635.1,0.000000,4619.8,221652,436.5,70927,666.7,2.15,0.000471,95.1,0.000000,268.3,727026,1586.2,153194,820.8,2.75,0.001057,0.0000859,0.1025,83819,303.6,0.051019,0.0000295,0.1034,95579,334.9,0.000000,0.0001588,0.1034,82010,321.6,0.000000,0.0001604,0.1025,116724,353.9,0.000000
456.07,0.0126687,456.1,0.000000,985.8,80870,327.3,125425,715.7,-0.87,-0.000312,276.1,-0.012114,959.9,91417,921.9,92693,958.0,-64.31,-0.012800,636.1,0.000000,6861.4,226307,438.9,69860,664.4,1.77,0.000383,96.1,0.000000,100.0,715264,1580.3,149995,816.8,2.49,0.000941,0.0000873,0.1025,84331,304.2,0.052012,0.0000298,0.1034,93867,333.2,0.000000,0.0001588,0.1034,83642,323.4,0.000000,0.0001604,0.1025,116572,353.7,0.000000
457.05,0.0126959,457.1,0.000000,100.0,81290,327.5,125352,715.6,0.37,0.000132,277.1,-0.010691,964.8,94362,928.6,95509,964.4,-53.92,-0.010985,637.1,0.000000,503.0,230931,441.3,68991,662.5,1.56,0.000334,97.1,0.000000,183.5,704378,1574.7,147291,813.4,2.25,0.000838,0.0000888,0.1025,84847,304.7,0.053000,0.0000301,0.1034,92258,331.5,0.000000,0.0001588,0.1034,85296,325.2,0.000000,0.0001604,0.1025,116409,353.6,0.000000
458.03,0.0127232,458.0,0.000000,2372.3,81740,327.7,123396,713.0,2.50,0.000891,278.0,-0.008877,969.8,97205,934.8,97670,969.0,-43.82,-0.009086,638.0,0.000000,3108.3,235730,443.7,68166,660.7,1.54,0.000326,98.0,0.000000,1788.6,693835,1569.2,144927,810.4,1.99,0.000731,0.0000903,0.1025,85384,305.3,0.053936,0.0000304,0.1034,90728,330.0,0.000000,0.0001588,0.1034,86975,327.0,0.000000,0.0001604,0.1025,116223,353.4,0.000000
459.06,0.0127517,459.1,0.000000,100.0,82239,328.0,119285,707.5,4.40,0.001527,279.1,-0.007004,975.5,100056,940.7,100396,974.9,-35.84,-0.007591,639.1,0.000000,100.0,240944,446.3,67246,658.6,1.69,0.000355,99.1,0.000000,100.0,683164,1563.6,142833,807.7,1.69,0.000615,0.0000918,0.1025,85959,305.8,0.054827,0.0000306,0.1034,89246,328.4,0.000000,0.0001588,0.1034,88729,328.9,0.000000,0.0001604,0.1025,115991,353.2,0.000000
460.04,0.0127789,460.0,0.000000,100.0,82741,328.3,114939,701.5,4.55,0.001535,280.0,-0.006385,980.8,102814,946.3,103235,980.7,-33.94,-0.007350,640.0,0.000000,25204.6,246129,448.8,66246,656.4,1.95,0.000406,100.0,0.000000,100.0,673279,1558.3,141180,805.5,1.41,0.000509,0.0000933,0.1025,86516,306.4,0.055618,0.0000307,0.1034,87960,327.0,0.000000,0.0001588,0.1034,90399,330.6,0.000000,0.0001604,0.1025,115718,353.0,0.000000
461.07,0.0128075,461.1,0.000000,2220.0,83286,328.6,111521,696.6,3.31,0.001089,281.1,-0.006602,994.1,105841,952.2,106551,987.4,-34.05,-0.007558,641.1,0.000000,904.7,251768,451.5,65056,653.6,2.25,0.000460,101.1,0.000000,327.2,663268,1552.9,139768,803.6,1.16,0.000416,0.0000949,0.1025,87102,307.0,0.056281,0.0000309,0.1034,86761,325.8,0.000000,0.0001588,0.1034,92106,332.4,0.000000,0.0001604,0.1025,115370,352.7,0.000000
462.05,0.0128348,462.1,0.000000,1498.8,83823,328.9,109452,693.6,2.17,0.000704,282.1,-0.006716,999.8,108869,958.1,109520,993.4,-32.14,-0.007290,642.1,0.000000,1079.7,257380,454.2,63827,650.8,2.43,0.000490,102.1,0.000000,1590.0,653990,1547.8,138634,802.1,1.00,0.000356,0.0000965,0.1025,87664,307.6,0.056818,0.0000311,0.1034,85753,324.7,0.000000,0.0001588,0.1034,93657,333.9,0.000000,0.0001604,0.1025,114982,352.3,0.000000
463.04,0.0128621,463.0,0.000000,918.7,84339,329.3,108129,691.7,1.39,0.000446,283.0,-0.005710,1004.2,111884,963.7,112313,999.0,-25.42,-0.005879,643.0,0.000000,100.0,263216,456.9,62601,647.9,2.43,0.000483,103.0,0.000000,668.7,644994,1542.8,137622,800.8,0.91,0.000321,0.0000980,0.1025,88707,308.7,0.056054,0.0000313,0.1034,84872,323.7,0.000000,0.0001588,0.1034,95081,335.4,0.000000,0.0001604,0.1025,114551,352.0,0.000000
464.07,0.0128908,464.1,0.000000,807.1,84925,329.7,107407,690.6,0.66,0.000211,284.1,-0.002160,1004.7,114671,968.6,116133,1007.7,-7.55,-0.001789,644.1,0.000000,467.9,269570,459.8,61416,645.1,2.26,0.000442,104.1,0.000000,4465.6,635880,1537.7,136672,799.5,0.81,0.000284,0.0000997,0.1025,88994,308.9,0.057557,0.0000313,0.1034,84072,322.8,0.000000,0.0001588,0.1034,96412,336.7,0.000000,0.0001604,0.1025,114076,351.5,0.000000
465.05,0.0129182,465.1,0.000000,100.0,85494,330.0,107257,690.4,0.06,0.000018,285.1,0.000181,1012.2,117121,972.7,117362,1011.1,-0.03,-0.000007,645.1,0.000000,495.0,275899,462.6,60409,642.6,2.04,0.000395,105.1,0.000000,1825.1,627430,1532.8,135933,798.5,0.64,0.000224,0.0001013,0.1025,89417,309.3,0.057855,0.0000313,0.1034,83406,322.1,0.000000,0.0001588,0.1034,97551,337.8,0.000000,0.0001604,0.1025,113617,351.1,0.000000
466.04,0.0129456,466.0,0.000000,100.0,86035,330.4,107687,691.2,-0.70,-0.000223,286.0,0.004766,1015.7,119033,975.7,121956,1021.5,21.86,0.005368,646.0,0.000000,100.0,282487,465.5,59510,640.4,1.85,0.000354,106.0,0.000000,180.9,619236,1528.1,135408,797.8,0.45,0.000156,0.0001028,0.1025,90283,310.2,0.056835,0.0000312,0.1034,82826,321.5,0.000000,0.0001588,0.1034,98597,338.8,0.000000,0.0001604,0.1025,113170,350.7,0.000000
467.07,0.0129743,467.1,0.000000,1723.7,86640,330.8,108952,693.5,-1.57,-0.000508,287.1,0.005229,1020.5,121042,978.7,122427,1023.0,24.89,0.006128,647.1,0.000000,100.0,289662,468.6,58656,638.3,1.72,0.000325,107.1,0.000000,31624.1,610935,1523.3,135035,797.3,0.31,0.000107,0.0001045,0.1025,90607,310.5,0.058143,0.0000310,0.1034,82300,320.9,0.000000,0.0001588,0.1034,99626,339.8,0.000000,0.0001604,0.1025,112728,350.4,0.000000
468.06,0.0130017,468.1,0.000000,998.2,87187,331.2,110480,696.2,-1.71,-0.000559,288.1,0.007527,1024.6,122710,981.1,123350,1025.2,29.92,0.007405,648.1,0.000000,100.0,296814,471.6,57860,636.3,1.74,0.000325,108.1,0.000000,1049.4,603242,1518.7,134728,796.9,0.30,0.000103,0.0001060,0.1025,91538,311.5,0.056983,0.0000308,0.1034,81869,320.4,0.000000,0.0001588,0.1034,100571,340.7,0.000000,0.0001604,0.1025,112333,350.0,0.000000
469.05,0.0130292,469.1,0.000000,1481.9,87769,331.6,111608,698.2,-1.11,-0.000366,289.1,0.011185,1028.1,123909,982.6,127079,1032.7,48.77,0.012346,649.1,0.000000,961.0,304262,474.7,56988,634.1,1.97,0.000365,109.1,0.000000,149.5,595781,1514.3,134292,796.3,0.46,0.000160,0.0001076,0.1025,91737,311.7,0.058179,0.0000305,0.1034,81503,320.0,0.000000,0.0001588,0.1034,101480,341.6,0.000000,0.0001604,0.1025,111966,349.7,0.000000
470.04,0.0130567,470.0,0.000000,100.0,88314,331.9,111985,698.9,-0.24,-0.000079,290.0,0.012205,1031.4,124998,983.8,126546,1031.7,52.12,0.013150,650.0,0.000000,988.0,312020,477.9,55954,631.4,2.38,0.000434,110.0,0.000000,936.0,588546,1509.9,133575,795.3,0.74,0.000256,0.0001092,0.1025,92667,312.6,0.056815,0.0000302,0.1034,81200,319.7,0.000000,0.0001588,0.1034,102339,342.4,0.000000,0.0001604,0.1025,111621,349.4,0.000000
471.08,0.0130854,471.1,0.000000,1812.3,88917,332.4,111669,698.4,0.47,0.000154,291.1,0.015986,1034.3,125579,984.0,127775,1033.8,67.66,0.017203,651.1,0.000000,100.0,320479,481.2,54694,628.1,2.81,0.000503,111.1,0.000000,936.7,581216,1505.5,132477,793.8,1.07,0.000369,0.0001109,0.1025,92792,312.7,0.057864,0.0000297,0.1034,80954,319.4,0.000000,0.0001588,0.1034,103160,343.2,0.000000,0.0001604,0.1025,111275,349.1,0.000000
472.07,0.0131129,472.1,0.000000,1420.5,89452,332.7,110980,697.4,0.83,0.000273,292.1,0.019462,1036.4,125613,983.3,128190,1034.1,80.86,0.020619,652.1,0.000000,560.2,328921,484.5,53411,624.7,2.97,0.000522,112.1,0.000000,586.9,574420,1501.3,131060,791.8,1.44,0.000489,0.0001124,0.1025,93632,313.6,0.056310,0.0000292,0.1034,80789,319.2,0.000000,0.0001588,0.1034,103854,343.8,0.000000,0.0001604,0.1025,110945,348.8,0.000000
473.06,0.0131404,473.1,0.000000,1302.1,90014,333.1,110089,696.1,1.06,0.000344,293.1,0.019944,1008.7,125564,982.4,124856,1027.2,81.96,0.020495,653.1,0.000000,348.5,337722,487.9,52230,621.5,2.73,0.000471,113.1,0.000000,100.0,567828,1497.1,129240,789.3,1.84,0.000621,0.0001140,0.1025,93713,313.6,0.057168,0.0000287,0.1034,80692,319.1,0.000000,0.0001588,0.1034,104450,344.4,0.000000,0.0001604,0.1025,110604,348.5,0.000000
474.05,0.0131679,474.0,0.000000,884.5,90531,333.5,109024,694.6,1.26,0.000407,294.0,0.024470,1004.0,124780,980.2,125852,1027.1,98.43,0.024809,654.0,0.000000,100.0,346901,491.3,51327,619.0,1.99,0.000340,114.0,0.000000,314.2,561435,1493.1,127108,786.2,2.13,0.000709,0.0001155,0.1025,94450,314.4,0.055421,0.0000280,0.1034,80655,319.0,0.000000,0.0001588,0.1034,104944,344.8,0.000000,0.0001604,0.1025,110243,348.1,0.000000
475.04,0.0131954,475.0,0.000000,538.2,91069,333.8,107822,692.8,1.42,0.000455,295.0,0.013384,964.5,125762,981.2,113612,996.9,66.92,0.015688,655.0,0.000000,100.0,356474,494.8,51101,618.4,0.14,0.000024,115.0,0.000000,100.0,555236,1489.2,124895,783.1,2.20,0.000720,0.0001171,0.1025,94537,314.5,0.056092,0.0000276,0.1034,80660,319.0,0.000000,0.0001588,0.1034,105345,345.2,0.000000,0.0001604,0.1025,109854,347.8,0.000000
476.07,0.0132242,476.1,0.000000,1743.6,91586,334.2,106473,690.8,1.53,0.000485,296.1,0.019119,968.9,125818,980.4,115756,990.9,83.03,0.019953,656.1,0.000000,579.4,366922,498.6,52033,621.1,-3.02,-0.000521,116.1,0.000000,100.0,548956,1485.1,122757,780.0,2.01,0.000650,0.0001186,0.1025,95176,315.1,0.054310,0.0000271,0.1034,80685,319.1,0.000000,0.0001588,0.1034,105686,345.5,0.000000,0.0001604,0.1025,109410,347.4,0.000000
477.06,0.0132517,477.1,0.000000,100.0,92098,334.5,105182,688.9,1.51,0.000476,297.1,0.023179,971.6,125172,978.4,116927,983.3,101.92,0.024931,657.1,0.000000,1266.0,377359,502.3,54624,628.3,-6.70,-0.001198,117.1,0.000000,958.4,543136,1481.3,121041,777.4,1.69,0.000542,0.0001201,0.1025,95358,315.3,0.054840,0.0000264,0.1034,80695,319.1,0.000000,0.0001588,0.1034,105970,345.8,0.000000,0.0001604,0.1025,108950,347.0,0.000000
478.05,0.0132792,478.0,0.000000,21183.9,92571,334.9,104027,687.1,1.34,0.000418,298.0,0.026672,971.8,123880,975.2,116957,975.3,112.98,0.027872,658.0,0.000000,100.0,388251,506.0,57757,636.6,-6.78,-0.001265,118.0,0.000000,4594.0,537492,1477.6,119682,775.4,1.33,0.000424,0.0001216,0.1025,95922,315.8,0.053175,0.0000257,0.1034,80680,319.1,0.000000,0.0001588,0.1034,106245,346.0,0.000000,0.0001604,0.1025,108463,346.5,0.000000
479.04,0.0133066,479.0,0.000000,100.0,93035,335.2,103120,685.8,1.02,0.000316,299.0,0.028546,969.8,122193,971.2,116028,968.4,119.41,0.029432,659.0,0.000000,1171.8,399620,509.8,60010,642.4,-4.30,-0.000826,119.0,0.000000,319.6,532020,1474.0,118668,773.9,1.01,0.000318,0.0001230,0.1025,96690,316.6,0.052645,0.0000249,0.1034,80617,319.0,0.000000,0.0001588,0.1034,106539,346.3,0.000000,0.0001604,0.1025,107969,346.1,0.000000
480.07,0.0133353,480.1,0.000000,526.1,93544,335.5,102561,684.9,0.53,0.000162,300.1,0.029277,966.0,120202,966.6,114494,962.5,121.57,0.029748,660.1,0.000000,100.0,412044,513.9,61033,645.0,-1.50,-0.000293,120.1,0.000000,3862.3,526476,1470.2,117766,772.5,0.93,0.000293,0.0001246,0.1025,96690,316.6,0.053299,0.0000241,0.1034,80504,318.9,0.000000,0.0001588,0.1034,106870,346.6,0.000000,0.0001604,0.1025,107464,345.6,0.000000
481.06,0.0133628,481.1,0.000000,809.0,93993,335.8,102689,685.2,-0.35,-0.000109,301.1,0.029070,961.6,118240,962.0,112917,957.7,120.35,0.029191,661.1,0.000000,100.0,424468,517.9,60944,644.8,0.50,0.000098,121.1,0.000000,100.0,521338,1466.7,116672,770.9,1.29,0.000402,0.0001260,0.1025,97398,317.2,0.051608,0.0000233,0.1034,80373,318.7,0.000000,0.0001588,0.1034,107196,346.9,0.000000,0.0001604,0.1025,106999,345.2,0.000000
482.05,0.0133902,482.0,0.000000,226.1,94464,336.2,103993,687.5,-2.03,-0.000631,302.0,0.028214,957.1,116338,957.5,111472,953.7,117.27,0.028196,662.0,0.000000,655.0,437450,521.9,60311,643.3,1.39,0.000267,122.0,0.000000,681.5,516338,1463.3,115012,768.3,1.96,0.000602,0.0001274,0.1025,97425,317.3,0.052241,0.0000225,0.1034,80252,318.6,0.000000,0.0001588,0.1034,107512,347.2,0.000000,0.0001604,0.1025,106550,344.8,0.000000
483.04,0.0134177,483.0,0.000000,1190.3,94899,336.5,107182,693.3,-4.25,-0.001353,303.0,0.026887,952.8,114586,953.2,110117,950.2,112.26,0.026762,663.0,0.000000,427.0,451021,526.1,59619,641.6,1.42,0.000271,123.0,0.000000,1430.7,511328,1459.4,112855,765.0,2.46,0.000746,0.0001288,0.1025,98068,317.9,0.050517,0.0000218,0.1034,80171,318.5,0.000000,0.0001588,0.1034,107799,347.5,0.000000,0.0001604,0.1025,106101,344.3,0.000000
484.07,0.0134464,484.1,0.000000,716.5,95375,336.8,111786,701.5,-5.12,-0.001679,304.1,0.025416,948.4,112946,949.1,108685,946.6,107.20,0.025320,664.1,0.000000,837.6,465872,530.5,58931,639.9,1.42,0.000269,124.1,0.000148,1024.9,506231,1455.5,110778,762.2,2.99,0.000894,0.0001303,0.1025,98147,317.9,0.051085,0.0000210,0.1034,80138,318.5,0.000000,0.0001588,0.1034,108055,347.7,0.000000,0.0001604,0.1025,105614,343.9,0.000000
485.06,0.0134738,485.1,0.000000,582.1,95796,337.1,115924,708.7,-4.39,-0.001478,305.1,0.024275,944.8,111508,945.4,107241,942.8,103.96,0.024325,665.1,0.000000,100.0,480745,534.9,58184,638.0,1.66,0.000311,125.1,0.000202,1020.3,501499,1451.8,108853,759.6,3.11,0.000916,0.0001316,0.1025,98720,318.5,0.049398,0.0000204,0.1034,80157,318.5,0.000000,0.0001588,0.1034,108260,347.9,0.000000,0.0001604,0.1025,105106,343.4,0.000000
486.04,0.0135012,486.0,0.000000,174.7,96238,337.4,119199,714.3,-3.29,-0.001129,306.0,0.023586,941.1,110117,941.7,105900,939.1,102.06,0.023676,666.0,0.000000,285.3,496303,539.3,57355,635.9,1.83,0.000340,126.0,0.000251,1016.3,496901,1448.1,107145,757.5,3.15,0.000916,0.0001330,0.1025,98858,318.6,0.049936,0.0000197,0.1034,80230,318.6,0.000000,0.0001588,0.1034,108433,348.0,0.000000,0.0001604,0.1025,104540,342.9,0.000000
487.08,0.0135299,487.1,0.000000,757.5,96669,337.7,121430,718.1,-1.91,-0.000666,307.1,0.022985,937.3,108695,937.9,104571,935.4,100.25,0.023055,667.1,0.000000,140.3,513338,544.0,56453,633.6,1.90,0.000349,127.1,0.000331,1012.3,492233,1444.4,105526,755.8,3.46,0.000994,0.0001344,0.1025,99396,319.1,0.048407,0.0000191,0.1034,80355,318.7,0.000000,0.0001588,0.1034,108586,348.2,0.000000,0.0001603,0.1025,103883,342.3,0.000000
488.06,0.0135573,488.1,0.000000,783.0,97102,338.0,122283,719.6,-0.65,-0.000227,308.1,0.022369,933.7,107369,934.2,103320,931.9,98.43,0.022448,668.1,0.000000,498.8,530405,548.6,55673,631.6,1.68,0.000305,128.1,0.000459,1008.6,487891,1440.9,104029,754.6,4.11,0.001165,0.0001357,0.1025,99594,319.3,0.048891,0.0000184,0.1034,80508,318.9,0.000000,0.0001588,0.1034,108710,348.3,0.000000,0.0001603,0.1025,103202,341.6,0.000000
489.05,0.0135847,489.0,0.000000,5228.1,97508,338.3,122394,719.8,-0.08,-0.000029,309.0,0.021772,930.1,106079,930.7,102063,928.4,96.68,0.021864,669.0,0.000000,1346.7,548267,553.3,55097,630.1,1.22,0.000220,129.0,0.000636,1005.0,483660,1437.4,102582,753.9,4.97,0.001392,0.0001370,0.1025,100098,319.8,0.047444,0.0000178,0.1034,80681,319.1,0.000000,0.0001588,0.1034,108819,348.4,0.000000,0.0001603,0.1025,102479,340.9,0.000000
490.03,0.0136120,490.0,0.000000,1026.6,97936,338.6,122976,720.8,-0.99,-0.000346,310.0,0.021254,926.6,104807,927.1,100781,924.8,95.38,0.021383,670.0,0.000000,385.2,566962,558.1,54682,629.0,0.92,0.000165,130.0,0.000858,1001.6,479534,1434.0,101248,754.0,5.98,0.001652,0.0001383,0.1025,100321,320.0,0.047998,0.0000173,0.1034,80865,319.3,0.000000,0.0001588,0.1034,108915,348.5,0.000000,0.0001603,0.1025,101718,340.2,0.000000
491.06,0.0136406,491.1,0.000000,100.0,98359,338.9,127754,728.8,-6.16,-0.002222,311.1,0.020870,922.9,103464,923.3,99413,920.9,94.72,0.021035,671.1,0.000000,739.8,587443,563.2,54281,627.9,0.91,0.000162,131.1,0.001132,998.5,475323,1430.5,100048,755.1,7.20,0.001963,0.0001397,0.1025,100811,320.4,0.046640,0.0000167,0.1034,81067,319.5,0.000000,0.0001588,0.1034,109011,348.6,0.000000,0.0001603,0.1025,100866,339.4,0.000000
492.05,0.0136680,492.0,0.000000,473.2,98759,339.1,136844,743.7,-8.65,-0.003275,312.0,0.020572,919.2,102146,919.5,98082,917.1,94.45,0.020778,672.0,0.000000,100.0,607977,568.1,53849,626.8,1.03,0.000183,132.0,0.001460,996.0,471385,1427.2,99115,757.4,8.63,0.002322,0.0001409,0.1025,101477,321.1,0.046106,0.0000161,0.1034,81270,319.7,0.000000,0.0001588,0.1034,109100,348.6,0.000000,0.0001602,0.1025,99969,338.5,0.000000
493.08,0.0136965,493.1,0.000000,549.3,99203,339.5,143472,754.2,-4.61,-0.001805,313.1,0.020282,915.2,100729,915.5,96650,913.1,94.03,0.020475,673.1,0.000000,100.0,630486,573.4,53372,625.5,1.07,0.000188,133.1,0.001852,993.7,467351,1423.8,98299,761.1,10.57,0.002809,0.0001423,0.1025,101490,321.1,0.046672,0.0000155,0.1034,81497,320.0,0.000000,0.0001588,0.1034,109197,348.7,0.000000,0.0001602,0.1025,98906,337.5,0.000000
494.06,0.0137239,494.1,0.000000,1259.8,99600,339.7,145425,757.3,-1.15,-0.000455,314.1,0.019933,911.2,99345,911.5,95282,909.3,93.28,0.020108,674.1,0.000000,2635.3,653070,578.6,52964,624.4,0.91,0.000158,134.1,0.002316,991.5,463561,1420.5,97513,765.8,13.02,0.003409,0.0001435,0.1025,102055,321.6,0.045106,0.0000150,0.1034,81735,320.2,0.000000,0.0001588,0.1034,109297,348.8,0.000000,0.0001601,0.1025,97739,336.4,0.000000
495.04,0.0137512,495.0,0.000000,100.0,100018,340.0,145527,757.4,0.01,0.000005,315.0,0.019471,907.0,97961,907.5,94012,905.7,91.68,0.019576,675.0,0.000000,3127.3,676743,583.9,52832,624.0,0.13,0.000023,135.0,0.002838,988.7,459830,1417.3,96487,771.3,16.18,0.004165,0.0001447,0.1025,102132,321.6,0.045579,0.0000144,0.1034,82001,320.5,0.000000,0.0001588,0.1034,109409,348.9,0.000000,0.0001600,0.1025,96417,335.0,0.000000
496.07,0.0137798,496.1,0.000000,599.7,100427,340.3,145644,757.6,-0.23,-0.000092,316.1,0.018729,902.5,96583,903.4,92864,902.5,88.34,0.018698,676.1,0.000000,100.0,702723,589.5,53235,625.2,-1.39,-0.000243,136.1,0.003446,984.4,455980,1414.0,94800,777.6,20.47,0.005133,0.0001460,0.1025,102578,322.1,0.044032,0.0000139,0.1034,82319,320.9,0.000000,0.0001588,0.1034,109545,349.0,0.000000,0.0001599,0.1025,94889,333.5,0.000000
497.06,0.0138071,497.1,0.000000,593.5,100812,340.6,146256,758.6,-0.58,-0.000228,317.1,0.017713,898.5,95404,899.7,91868,899.6,83.98,0.017642,677.1,0.000000,139.5,728815,595.0,55194,630.6,-5.64,-0.001015,137.1,0.004132,978.6,452336,1410.8,92527,784.6,25.15,0.006101,0.0001472,0.1025,103078,322.5,0.043287,0.0000134,0.1034,82661,321.3,0.000000,0.0001588,0.1034,109699,349.2,0.000000,0.0001598,0.1025,93326,331.9,0.000000
498.04,0.0138345,498.0,0.000000,100.0,101214,340.9,147091,759.9,-0.73,-0.000292,318.0,0.016684,894.9,94381,896.4,90985,896.7,79.53,0.016598,678.0,0.000000,100.0,756181,600.6,59493,641.9,-10.28,-0.001960,138.0,0.004865,971.6,448724,1407.6,89825,793.0,30.11,0.007016,0.0001484,0.1025,103103,322.5,0.043537,0.0000130,0.1034,83037,321.7,0.000000,0.0001588,0.1034,109876,349.3,0.000000,0.0001597,0.1025,91711,330.3,0.000000
499.07,0.0138631,499.1,0.000000,100.0,101604,341.2,147619,760.7,-0.25,-0.000098,319.1,0.015769,891.6,93452,893.2,90083,893.7,75.78,0.015713,679.1,0.000000,261.5,786224,606.5,65208,656.1,-11.11,-0.002272,139.1,0.005670,963.8,444973,1404.3,86831,803.9,35.52,0.007893,0.0001496,0.1025,103459,322.9,0.041839,0.0000125,0.1034,83453,322.1,0.000000,0.0001588,0.1034,110077,349.5,0.000000,0.0001595,0.1025,90012,328.5,0.000000
500.06,0.0138905,500.1,0.000000,350.4,101967,341.4,147267,760.3,0.44,0.000177,320.1,0.015158,888.8,92624,890.2,89084,890.3,74.13,0.015259,680.1,0.000000,233.0,816393,612.3,70541,668.5,-9.84,-0.002137,140.1,0.006531,956.4,441404,1401.2,84071,816.7,40.91,0.008664,0.0001507,0.1025,103820,323.2,0.040913,0.0000121,0.1034,83858,322.6,0.000000,0.0001588,0.1034,110268,349.7,0.000000,0.0001593,0.1025,88410,326.8,0.000000
501.05,0.0139180,501.0,0.000000,480.3,102320,341.7,146436,759.3,0.73,0.000290,321.0,0.015024,886.1,91729,887.1,88069,886.7,74.88,0.015299,681.0,0.000000,100.0,848032,618.2,75745,680.0,-8.99,-0.002059,141.0,0.007431,949.8,437847,1398.0,81641,831.7,46.48,0.009386,0.0001518,0.1025,104168,323.5,0.039982,0.0000117,0.1034,84258,323.0,0.000000,0.0001588,0.1034,110442,349.8,0.000000,0.0001591,0.1025,86860,325.2,0.000000
502.03,0.0139454,502.0,0.000000,571.2,102661,341.9,145682,758.4,0.61,0.000240,322.0,0.015124,883.0,90694,883.6,86867,882.8,77.23,0.015632,682.0,0.000000,4862.0,881211,624.2,80858,690.8,-8.10,-0.001951,142.0,0.008395,944.6,434294,1394.8,79770,848.4,52.08,0.010072,0.0001529,0.1025,104478,323.8,0.038997,0.0000113,0.1034,84643,323.4,0.000000,0.0001588,0.1034,110586,350.0,0.000000,0.0001589,0.1025,85378,323.6,0.000000
503.07,0.0139741,503.1,0.000000,590.8,103005,342.2,145000,757.6,0.59,0.000232,323.1,0.015391,879.1,89402,879.3,85320,878.3,79.93,0.015973,683.1,0.000000,1395.9,917615,630.6,85251,699.7,-5.84,-0.001463,143.1,0.009412,941.3,430581,1391.5,78536,866.7,57.72,0.010758,0.0001539,0.1025,104743,324.0,0.037969,0.0000108,0.1034,85007,323.8,0.000021,0.0001588,0.1034,110686,350.0,0.000000,0.0001586,0.1025,83919,322.0,0.000000
504.06,0.0140016,504.1,0.000000,100.0,103321,342.4,143893,756.3,1.16,0.000455,324.1,0.015619,874.6,87967,874.7,83601,873.4,82.28,0.016200,684.1,0.000000,100.0,954148,636.8,87791,704.8,-3.21,-0.000822,144.1,0.010394,940.2,427033,1388.3,78040,883.7,62.49,0.011353,0.0001550,0.1025,105008,324.2,0.036834,0.0000104,0.1034,85302,324.1,0.000096,0.0001588,0.1034,110719,350.1,0.000000,0.0001583,0.1025,82625,320.6,0.000000
505.05,0.0140291,505.0,0.000000,1097.1,103625,342.6,141354,753.2,2.62,0.001011,325.0,0.015756,869.5,86342,869.5,81685,868.1,84.31,0.016319,685.0,0.000000,1259.1,992416,643.1,88929,707.0,-1.30,-0.000338,145.0,0.011490,941.5,423475,1385.0,78596,900.3,67.43,0.012109,0.0001559,0.1025,105266,324.5,0.035781,0.0000100,0.1034,85608,324.5,0.000087,0.0001588,0.1034,110693,350.1,0.000000,0.0001580,0.1025,81438,319.3,0.000000
506.04,0.0140566,506.0,0.000000,422.9,103935,342.9,136844,747.6,4.45,0.001676,326.0,0.015773,863.9,84549,863.9,79636,862.4,85.74,0.016286,686.0,0.000000,2208.3,1032480,649.5,89222,707.6,-0.26,-0.000068,146.0,0.012705,945.8,419897,1381.8,80201,916.5,72.06,0.012971,0.0001569,0.1025,105149,324.3,0.035522,0.0000095,0.1034,85893,324.8,0.000074,0.0001588,0.1034,110617,350.0,0.000000,0.0001577,0.1025,80364,318.1,0.000000
507.07,0.0140853,507.1,0.000000,1178.3,104232,343.1,130709,739.7,5.63,0.002048,327.1,0.015622,857.6,82545,857.6,77418,856.2,86.43,0.016076,687.1,0.000000,238.1,1076349,656.2,89140,707.4,0.17,0.000043,147.1,0.013980,953.2,416130,1378.3,82968,932.9,76.36,0.013970,0.0001579,0.1025,105388,324.6,0.033804,0.0000091,0.1034,86162,325.1,0.000076,0.0001588,0.1034,110499,349.9,0.000000,0.0001573,0.1025,79357,316.9,0.000000
508.06,0.0141128,508.1,0.000000,1355.4,104507,343.3,124928,732.0,5.53,0.001942,328.1,0.015310,851.2,80550,851.3,75300,850.2,86.27,0.015718,688.1,0.000000,520.2,1120245,662.8,88979,707.1,0.23,0.000060,148.1,0.015310,961.0,412499,1375.0,85934,946.6,81.54,0.015228,0.0001588,0.1025,105630,324.8,0.032877,0.0000087,0.1034,86394,325.3,0.000070,0.0001588,0.1034,110362,349.8,0.000000,0.0001569,0.1025,78495,315.9,0.000000
509.05,0.0141403,509.1,0.000000,363.0,104777,343.5,119956,725.2,4.92,0.001674,329.1,0.014822,844.6,78538,844.8,73291,844.2,84.67,0.015122,689.1,0.000000,1847.8,1166076,669.4,88849,706.9,0.13,0.000034,149.1,0.016724,967.6,408830,1371.7,88571,957.3,87.62,0.016675,0.0001597,0.1025,105890,325.0,0.032056,0.0000083,0.1034,86601,325.5,0.000063,0.0001588,0.1034,110208,349.6,0.000000,0.0001564,0.1025,77715,315.0,0.000000
510.04,0.0141678,510.0,0.000000,1688.8,105043,343.7,115832,719.4,4.22,0.001397,330.0,0.014159,837.5,76583,838.3,71444,838.5,81.95,0.014364,690.0,0.000000,1377.5,1213877,676.1,88934,707.1,-0.21,-0.000055,150.0,0.018230,977.1,405116,1368.2,92630,969.8,89.82,0.017648,0.0001605,0.1025,106167,325.2,0.031288,0.0000079,0.1034,86747,325.7,0.000142,0.0001588,0.1034,110038,349.5,0.000000,0.0001559,0.1025,77002,314.2,0.000000
511.08,0.0141966,511.1,0.000000,2132.7,105319,343.9,112352,714.4,3.49,0.001129,331.1,0.013336,829.6,74683,831.3,69778,833.0,77.81,0.013409,691.1,0.000000,1249.8,1265992,683.1,89566,708.3,-1.13,-0.000294,151.1,0.019622,1003.5,401197,1364.6,104193,998.1,80.24,0.017232,0.0001614,0.1025,106466,325.5,0.030600,0.0000075,0.1034,86842,325.8,0.000351,0.0001588,0.1034,109837,349.3,0.000000,0.0001553,0.1025,76315,313.4,0.000000
512.07,0.0142240,512.1,0.000000,1417.2,105582,344.1,109719,710.5,2.83,0.000900,332.1,0.012394,821.7,73060,824.6,68467,828.0,72.81,0.012385,692.1,0.000000,481.2,1317907,689.9,91836,712.6,-4.07,-0.001080,152.1,0.020919,1031.4,397423,1361.1,117421,1026.6,80.35,0.018904,0.0001622,0.1025,106776,325.7,0.029950,0.0000072,0.1034,86916,325.9,0.000546,0.0001588,0.1034,109615,349.1,0.000000,0.0001548,0.1025,75709,312.7,0.000000
513.05,0.0142515,513.1,0.000000,525.5,105861,344.3,107736,707.5,2.13,0.000667,333.1,0.011400,814.0,71671,818.1,67358,823.1,67.29,0.011327,693.1,0.000000,100.0,1371848,696.7,98403,724.8,-10.14,-0.002830,153.1,0.022601,1047.7,393587,1357.6,125699,1043.0,87.99,0.021814,0.0001631,0.1025,106764,325.7,0.030036,0.0000069,0.1034,86989,325.9,0.000733,0.0001588,0.1034,109362,348.8,0.000000,0.0001541,0.1025,75155,312.0,0.000000
514.04,0.0142790,514.0,0.000000,188.4,106127,344.5,106464,705.6,1.32,0.000410,334.0,0.010432,806.6,70532,811.8,66368,818.2,61.96,0.010338,694.0,0.000000,100.0,1427797,703.6,108131,742.0,-11.76,-0.003526,154.0,0.024364,1053.0,389682,1354.0,128317,1047.9,97.45,0.024548,0.0001639,0.1025,107069,326.0,0.028864,0.0000066,0.1034,87054,326.0,0.000947,0.0001588,0.1034,109083,348.6,0.000000,0.0001535,0.1025,74658,311.4,0.000000
515.03,0.0143065,515.0,0.000000,100.0,106396,344.7,105904,704.7,0.48,0.000149,335.0,0.009589,799.3,69621,805.6,65454,813.1,57.39,0.009504,695.0,0.000000,1297.7,1485733,710.5,115775,754.8,-7.62,-0.002406,155.0,0.026073,1052.5,385712,1350.3,127986,1047.0,106.04,0.026663,0.0001646,0.1025,107399,326.2,0.028387,0.0000064,0.1034,87117,326.1,0.001195,0.0001588,0.1034,108781,348.3,0.000000,0.0001528,0.1025,74222,310.9,0.000000
516.07,0.0143352,516.1,0.000000,2014.1,106683,345.0,106229,705.3,-0.65,-0.000203,336.1,0.008934,791.5,68854,798.8,64586,807.3,53.77,0.008850,696.1,0.000000,1214.8,1548369,717.6,119911,761.6,-3.47,-0.001125,156.1,0.027953,1051.2,381481,1346.3,127162,1045.1,114.29,0.028606,0.0001654,0.1025,107739,326.5,0.027967,0.0000062,0.1034,87197,326.1,0.001486,0.0001588,0.1034,108447,348.0,0.000000,0.0001519,0.1025,73837,310.5,0.000000
517.06,0.0143626,517.1,0.000000,100.0,106962,345.2,107754,708.0,-2.11,-0.000660,337.1,0.008462,783.8,68248,792.0,63810,801.4,51.29,0.008401,697.1,0.000000,2585.3,1610176,724.5,121608,764.3,-1.48,-0.000483,157.1,0.029778,1050.3,377361,1342.4,126500,1043.5,121.64,0.030334,0.0001662,0.1025,108078,326.8,0.027507,0.0000060,0.1034,87305,326.3,0.001820,0.0001588,0.1034,108114,347.7,0.000000,0.0001511,0.1025,73539,310.1,0.000000
518.04,0.0143901,518.0,0.000000,940.5,107258,345.4,110477,712.7,-3.39,-0.001081,338.0,0.008146,775.4,67725,784.5,63028,794.8,49.69,0.008105,698.0,0.000000,414.4,1673724,731.3,122328,765.4,-0.60,-0.000196,158.0,0.031465,1049.9,373179,1338.5,126189,1042.5,128.21,0.031924,0.0001670,0.1025,108108,326.8,0.027673,0.0000058,0.1034,87474,326.4,0.002195,0.0001588,0.1034,107779,347.4,0.000000,0.0001503,0.1025,73307,309.8,0.000000
519.03,0.0144176,519.0,0.000000,803.4,107545,345.7,113982,718.7,-4.01,-0.001309,339.0,0.008005,766.8,67188,776.5,62202,787.5,49.25,0.008003,699.0,0.000000,1394.2,1738871,738.1,122456,765.6,-0.01,-0.000004,159.0,0.033079,1050.1,368941,1334.5,126122,1042.0,134.57,0.033507,0.0001677,0.1025,108411,327.1,0.026620,0.0000057,0.1034,87839,326.8,0.002386,0.0001588,0.1034,107454,347.1,0.000000,0.0001494,0.1025,73140,309.6,0.000000
520.07,0.0144463,520.1,0.000000,835.3,107851,345.9,117630,724.8,-3.66,-0.001221,340.1,0.008029,756.8,66568,767.2,61286,778.9,49.74,0.008052,700.1,0.000000,289.3,1808771,747.3,121836,764.7,0.87,0.000286,160.1,0.034660,1049.8,364456,1330.3,125667,1040.7,141.64,0.035183,0.0001684,0.1025,108723,327.3,0.026194,0.0000055,0.1034,88401,327.4,0.002741,0.0001588,0.1034,107142,346.8,0.000000,0.0001484,0.1025,73027,309.5,0.000000
521.05,0.0144737,521.1,0.000000,100.0,108147,346.1,120313,729.3,-2.57,-0.000873,341.1,0.008058,747.3,65919,757.3,60273,769.5,49.87,0.008036,701.1,0.000000,835.7,1879332,755.0,120034,762.1,2.17,0.000702,161.1,0.036321,1049.2,360108,1326.1,125227,1039.5,148.59,0.036822,0.0001691,0.1025,109035,327.6,0.025717,0.0000054,0.1034,89162,328.2,0.003104,0.0001588,0.1034,106881,346.6,0.000000,0.0001474,0.1025,72971,309.4,0.000000
522.04,0.0145012,522.0,0.000000,1533.5,108449,346.4,121721,731.6,-1.17,-0.000400,342.0,0.007762,734.9,65373,746.9,59166,759.9,48.85,0.007824,702.0,0.000000,225.5,1956685,764.8,117218,758.0,3.13,0.000996,162.0,0.038028,1049.5,355696,1321.9,125234,1039.1,155.22,0.038483,0.0001698,0.1025,109342,327.8,0.025271,0.0000053,0.1034,90159,329.2,0.003499,0.0001588,0.1034,106653,346.4,0.000000,0.0001463,0.1025,72957,309.4,0.000000
523.08,0.0145299,523.1,0.000000,1528.0,108769,346.6,121983,732.0,-0.06,-0.000021,343.1,0.007882,720.5,64770,734.5,58542,750.3,48.05,0.007713,703.1,0.000000,606.2,2048520,778.6,114092,753.3,3.13,0.000975,163.1,0.039725,1050.4,351019,1317.4,125474,1039.2,161.82,0.040192,0.0001706,0.1025,109640,328.1,0.024815,0.0000052,0.1034,91339,330.4,0.004126,0.0001588,0.1034,106424,346.1,0.000000,0.0001452,0.1025,72981,309.4,0.000000
524.07,0.0145574,524.1,0.000000,100.0,109077,346.9,121608,731.5,0.47,0.000162,344.1,0.007568,705.3,64373,722.1,57943,740.3,45.28,0.007291,704.1,0.000000,599.1,2150577,796.4,112103,750.2,1.84,0.000566,164.1,0.041393,1051.2,346486,1313.0,125688,1039.2,168.16,0.041837,0.0001712,0.1025,109911,328.3,0.024264,0.0000051,0.1034,92637,331.7,0.004755,0.0001588,0.1034,106185,345.9,0.000000,0.0001440,0.1025,73041,309.5,0.000000
525.05,0.0145848,525.1,0.000000,100.0,109388,347.2,120777,730.4,0.98,0.000335,345.1,0.008388,695.3,63712,707.4,58465,733.2,48.57,0.007968,705.1,0.000000,367.1,2270235,819.8,111737,749.7,0.03,0.000008,165.1,0.058195,1086.4,340620,1307.4,139709,1064.7,220.61,0.059548,0.0001719,0.1025,110167,328.5,0.023678,0.0000050,0.1034,93931,333.0,0.005669,0.0001588,0.1034,105886,345.6,0.000000,0.0001424,0.1025,73144,309.6,0.000000
526.04,0.0146123,526.0,0.000000,641.9,109688,347.4,119431,728.5,1.51,0.000511,346.0,0.008390,679.7,63208,691.3,58186,722.8,48.31,0.008001,706.0,0.000000,1205.8,2411042,849.8,112987,751.8,-1.84,-0.000568,166.0,0.062792,1089.1,334461,1301.6,140995,1066.5,233.36,0.063465,0.0001725,0.1025,110647,328.9,0.022507,0.0000050,0.1034,95165,334.2,0.006721,0.0001588,0.1034,105457,345.2,0.000000,0.0001407,0.1025,73297,309.8,0.000000
527.08,0.0146410,527.1,0.000000,892.0,110013,347.7,117618,725.9,1.92,0.000640,347.1,0.008045,661.2,63019,674.2,57387,709.7,46.42,0.007722,707.1,0.000000,2337.4,2584376,888.9,116025,756.8,-3.53,-0.001112,167.1,0.065005,1091.0,327930,1295.3,141713,1067.3,240.28,0.065626,0.0001731,0.1025,110828,329.1,0.022316,0.0000050,0.1034,96453,335.4,0.007697,0.0001588,0.1034,104791,344.6,0.000000,0.0001389,0.1025,73525,310.1,0.000000
528.06,0.0146684,528.1,0.000000,526.4,110320,347.9,115640,723.1,2.17,0.000713,348.1,0.007691,641.7,63237,657.6,56360,695.8,44.56,0.007425,708.1,0.000000,3344.9,2777966,934.6,119633,762.6,-3.81,-0.001229,168.1,0.067012,1094.1,321610,1289.1,143121,1069.5,245.26,0.067517,0.0001737,0.1025,111005,329.2,0.021492,0.0000050,0.1034,97553,336.4,0.008886,0.0001588,0.1034,103904,343.8,0.000000,0.0001370,0.1025,73821,310.4,0.000000
529.05,0.0146959,529.1,0.000000,100.0,110614,348.2,113687,720.3,2.09,0.000679,349.1,0.007380,620.9,63881,641.0,55171,680.8,42.69,0.007118,709.1,0.000000,1435.0,3000681,988.5,122563,767.3,-2.75,-0.000903,169.1,0.068896,1097.6,315228,1282.8,144889,1072.2,249.50,0.069356,0.0001743,0.1025,111366,329.5,0.020166,0.0000051,0.1034,98457,337.2,0.010171,0.0001588,0.1034,102767,342.7,0.000000,0.0001351,0.1025,74199,310.9,0.000000
530.04,0.0147233,530.0,0.000000,16863.3,110903,348.4,112075,717.9,1.70,0.000545,350.0,0.007083,599.7,64974,624.6,54005,665.2,40.57,0.006776,710.0,0.000000,1206.3,3253457,1050.8,124099,769.7,-1.23,-0.000407,170.0,0.070709,1101.3,308788,1276.4,146742,1075.1,253.43,0.071159,0.0001748,0.1025,111701,329.8,0.019285,0.0000052,0.1034,99154,337.8,0.011510,0.0001588,0.1034,101404,341.4,0.000000,0.0001332,0.1025,74662,311.4,0.000000
531.07,0.0147520,531.1,0.000000,100.0,111209,348.7,110799,716.0,1.31,0.000416,351.1,0.006810,577.6,66607,608.0,52898,648.9,38.32,0.006426,711.1,0.000000,773.6,3549624,1124.7,124164,769.9,0.23,0.000078,171.1,0.072492,1104.5,302001,1269.5,148301,1077.4,257.87,0.073020,0.0001753,0.1025,111762,329.8,0.018727,0.0000054,0.1034,99655,338.2,0.012925,0.0001588,0.1034,99781,339.8,0.000000,0.0001311,0.1025,75230,312.1,0.000000
532.06,0.0147795,532.1,0.000000,862.1,111483,348.9,109730,714.4,1.23,0.000390,352.1,0.006574,557.8,68543,593.2,52108,633.8,35.85,0.006063,712.1,0.000000,674.2,3861898,1203.2,123336,768.7,0.95,0.000312,172.1,0.074006,1105.7,295476,1262.8,148714,1077.8,262.26,0.074442,0.0001758,0.1025,111992,330.0,0.017188,0.0000056,0.1034,100065,338.4,0.014009,0.0001588,0.1034,98099,338.2,0.000000,0.0001291,0.1025,75840,312.8,0.000000
533.05,0.0148069,533.0,0.000000,138.5,111739,349.2,108507,712.6,1.49,0.000466,353.0,0.006370,539.7,70811,579.4,51715,619.9,33.18,0.005694,713.0,0.000000,131.0,4199690,1288.6,122126,766.9,1.32,0.000433,173.0,0.074975,1105.0,288961,1256.0,147805,1075.9,267.00,0.075451,0.0001762,0.1025,112349,330.3,0.015676,0.0000058,0.1034,100383,338.6,0.015009,0.0001588,0.1034,96361,336.5,0.000000,0.0001270,0.1025,76495,313.6,0.000000
534.04,0.0148344,534.0,0.000000,100.0,111993,349.4,106944,710.2,1.91,0.000593,354.0,0.006132,523.2,73395,566.7,51558,606.9,30.62,0.005351,714.0,0.000000,699.3,4558960,1379.8,120509,764.6,1.78,0.000577,174.0,0.075856,1103.3,282461,1249.1,146325,1073.2,272.23,0.076355,0.0001766,0.1025,112465,330.4,0.014836,0.0000061,0.1034,100608,338.6,0.015933,0.0001588,0.1034,94636,334.7,0.000000,0.0001249,0.1025,77170,314.4,0.000000
535.07,0.0148631,535.1,0.000000,767.3,112237,349.6,105039,707.3,2.20,0.000671,355.1,0.005857,507.6,76398,554.7,51618,594.4,27.69,0.004946,715.1,0.000000,100.0,4951944,1480.2,118410,761.5,2.20,0.000704,175.1,0.076751,1101.6,275680,1241.7,144940,1070.5,277.40,0.077261,0.0001770,0.1025,112681,330.6,0.013239,0.0000064,0.1034,100783,338.6,0.016760,0.0001588,0.1034,92910,333.0,0.000000,0.0001227,0.1025,77869,315.2,0.000000
536.06,0.0148905,536.1,0.000000,100.0,112457,349.8,103209,704.4,2.19,0.000659,356.1,0.005536,495.8,79515,544.4,52682,586.3,22.11,0.004086,716.1,0.000000,695.8,5338209,1579.6,116106,758.1,2.53,0.000797,176.1,0.077558,1100.4,269214,1234.6,143918,1068.5,281.51,0.078000,0.0001774,0.1025,112837,330.7,0.011849,0.0000067,0.1034,100936,338.5,0.017431,0.0001588,0.1034,91373,331.4,0.000000,0.0001206,0.1025,78507,315.9,0.000000
537.05,0.0149180,537.0,0.000000,252.8,112661,350.0,101524,701.8,2.03,0.000605,357.0,0.005146,490.5,82817,535.3,56323,587.1,12.94,0.002553,717.0,0.000000,806.3,5727823,1681.0,113658,754.4,2.69,0.000834,177.0,0.078247,1099.4,262774,1227.4,143001,1066.6,285.23,0.078664,0.0001776,0.1025,112927,330.8,0.010466,0.0000071,0.1034,101109,338.4,0.017872,0.0001588,0.1034,89969,329.9,0.000000,0.0001185,0.1025,79101,316.6,0.000000
538.04,0.0149454,538.0,0.000000,476.6,112845,350.2,99953,699.3,1.96,0.000575,358.0,0.004622,488.3,86146,527.3,61180,592.1,8.52,0.001810,718.0,0.000000,668.2,6113669,1783.0,111298,750.7,2.59,0.000789,178.0,0.078853,1098.1,256364,1220.1,141978,1064.6,288.90,0.079259,0.0001779,0.1025,113066,330.9,0.008814,0.0000074,0.1034,101438,338.5,0.017622,0.0001588,0.1034,88700,328.6,0.000000,0.0001163,0.1025,79646,317.2,0.000000
539.07,0.0149741,539.1,0.000000,290.2,113017,350.4,98287,696.6,2.06,0.000598,359.1,0.004337,483.6,89421,520.0,64891,593.2,9.76,0.002197,719.1,0.000000,457.3,6505184,1888.7,109142,747.4,2.28,0.000684,179.1,0.079393,1096.5,249702,1212.3,140749,1062.1,292.75,0.079803,0.0001781,0.1025,113188,331.0,0.007201,0.0000078,0.1034,101947,338.7,0.017093,0.0001588,0.1034,87512,327.3,0.000000,0.0001140,0.1025,80165,317.8,0.000000
540.06,0.0150016,540.1,0.000000,1044.0,113164,350.6,96530,693.7,2.33,0.000668,360.1,0.004215,477.1,92382,513.6,66721,589.3,11.85,0.002759,0.1,0.000000,100.0,6861036,1987.5,107321,744.5,2.09,0.000619,180.1,0.079861,1094.9,243371,1204.8,139587,1059.8,296.16,0.080241,0.0001782,0.1025,113220,331.0,0.005665,0.0000082,0.1034,102193,338.7,0.017020,0.0001588,0.1034,86494,326.2,0.000000,0.0001118,0.1025,80622,318.3,0.000000
541.05,0.0150290,541.0,0.000000,5645.1,113286,350.7,94519,690.3,2.73,0.000768,361.0,0.004093,470.0,94781,507.8,67485,582.9,12.67,0.003017,1.0,0.000000,205.5,7191959,2083.0,105619,741.7,1.99,0.000582,181.0,0.080246,1093.6,237085,1197.2,138668,1057.9,298.85,0.080581,0.0001783,0.1025,113314,331.1,0.003848,0.0000085,0.1034,102785,339.0,0.015605,0.0001588,0.1034,85579,325.2,0.000000,0.0001096,0.1025,81053,318.8,0.000000
542.03,0.0150565,542.0,0.000000,1625.6,113329,350.8,92264,686.5,3.09,0.000856,362.0,0.003863,463.1,96904,502.4,67811,575.8,12.21,0.002959,2.0,0.000000,340.6,7491987,2173.9,104046,739.2,1.85,0.000536,182.0,0.080547,1093.1,230847,1189.5,138418,1057.2,299.94,0.080785,0.0001783,0.1025,114628,332.5,-0.000314,0.0000088,0.1034,103125,339.1,0.015146,0.0001588,0.1034,84757,324.3,0.000000,0.0001074,0.1025,81469,319.2,0.000000
543.07,0.0150852,543.1,0.000000,100.0,113431,351.0,89799,682.2,3.26,0.000883,363.1,0.003544,456.6,98638,497.3,67968,568.8,11.22,0.002758,3.1,0.000000,1196.4,7766961,2262.9,102588,736.8,1.65,0.000471,183.1,0.080762,1093.9,224384,1181.4,139228,1058.3,298.83,0.080871,0.0001784,0.1025,113493,331.5,0.001224,0.0000091,0.1034,103594,339.3,0.013946,0.0001588,0.1034,83991,323.5,0.000000,0.0001051,0.1025,81896,319.7,0.000000
544.05,0.0151126,544.1,0.000000,6790.2,113443,351.0,87538,678.3,3.16,0.000839,364.1,0.003225,450.9,99978,492.6,68023,562.6,10.23,0.002545,4.1,0.000000,263.5,7988593,2341.5,101399,734.8,1.42,0.000403,184.1,0.080888,1095.8,218264,1173.5,140851,1060.8,296.20,0.080899,0.0001783,0.1025,113712,332.0,-0.003126,0.0000094,0.1034,103830,339.3,0.013326,0.0001588,0.1034,83342,322.8,0.000000,0.0001029,0.1025,82304,320.1,0.000000
545.04,0.0151401,545.0,0.000000,3515.2,113431,351.1,85477,674.5,2.94,0.000766,365.0,0.002909,445.6,100950,488.2,67838,556.4,9.60,0.002407,5.0,0.000000,137.4,8166596,2412.8,100373,733.1,1.26,0.000354,185.0,0.080932,1098.0,212207,1165.6,142695,1063.7,293.21,0.080911,0.0001782,0.1025,113961,332.5,-0.004829,0.0000096,0.1034,104020,339.3,0.012514,0.0001588,0.1034,82774,322.2,0.000000,0.0001006,0.1025,82718,320.6,0.000000
546.08,0.0151688,546.1,0.000000,100.0,113397,351.1,83528,671.0,2.74,0.000701,366.1,0.002577,439.8,101615,483.7,67182,549.5,9.38,0.002360,6.1,0.000000,1609.2,8303904,2479.1,99294,731.3,1.34,0.000376,186.1,0.080899,1099.8,205947,1157.2,144333,1066.2,290.45,0.080884,0.0001780,0.1025,114117,332.8,-0.006434,0.0000099,0.1034,104168,339.2,0.011828,0.0001588,0.1034,82264,321.6,0.000000,0.0000983,0.1025,83159,321.1,0.000000
547.06,0.0151962,547.1,0.000000,100.0,113342,351.1,81768,667.7,2.67,0.000673,367.1,0.002308,433.9,102000,479.6,66094,542.2,9.34,0.002343,7.1,0.000000,100.0,8387813,2534.0,98032,729.1,1.70,0.000471,187.1,0.080579,1100.3,200047,1149.1,145315,1067.5,287.31,0.080453,0.0001778,0.1025,114184,333.1,-0.008081,0.0000101,0.1034,104170,339.0,0.011534,0.0001588,0.1034,81850,321.1,0.000000,0.0000961,0.1025,83586,321.5,0.000000
548.05,0.0152236,548.1,0.000000,769.5,113265,351.1,80037,664.4,2.70,0.000669,368.1,0.002064,428.2,102231,475.4,64922,535.3,8.65,0.002158,8.1,0.000000,2123.5,8425806,2580.6,96435,726.4,2.16,0.000589,188.1,0.079951,1100.5,194254,1140.9,146170,1068.6,283.59,0.079797,0.0001775,0.1025,114068,333.2,-0.009646,0.0000104,0.1034,103990,338.6,0.011602,0.0001588,0.1034,81496,320.7,0.000000,0.0000939,0.1025,84011,322.0,0.000000
549.04,0.0152511,549.0,0.000000,100.0,113159,351.1,78284,661.1,2.80,0.000683,369.0,0.001801,422.7,102511,471.3,64000,529.4,7.31,0.001818,9.0,0.000000,423.1,8419466,2618.8,94612,723.2,2.43,0.000654,189.0,0.079269,1100.9,188569,1132.8,147173,1069.9,279.47,0.079080,0.0001772,0.1025,113942,333.3,-0.011605,0.0000107,0.1034,103549,338.0,0.012431,0.0001588,0.1034,81188,320.4,0.000000,0.0000917,0.1025,84427,322.5,0.000000
550.07,0.0152797,550.1,0.000000,100.0,113036,351.1,76445,657.5,2.85,0.000681,370.1,0.001515,418.0,102547,467.0,63411,524.9,5.70,0.001418,10.1,0.000000,385.2,8368276,2649.8,92745,719.9,2.35,0.000623,190.1,0.078524,1101.3,182742,1124.2,148203,1071.3,275.18,0.078310,0.0001768,0.1025,113610,333.5,-0.012772,0.0000110,0.1034,103466,337.7,0.012094,0.0001588,0.1034,80897,320.0,0.000000,0.0000895,0.1025,84847,322.9,0.000000
551.06,0.0153072,551.1,0.000000,100.0,112902,351.0,74791,654.2,2.70,0.000636,371.1,0.001239,414.1,102428,463.0,63113,521.8,4.38,0.001090,11.1,0.000000,2275.4,8280302,2671.4,91184,717.1,2.07,0.000540,191.1,0.077735,1101.2,177280,1115.9,148832,1072.0,271.58,0.077567,0.0001764,0.1025,113501,334.1,-0.014141,0.0000113,0.1034,103341,337.4,0.012081,0.0001588,0.1034,80634,319.8,0.000000,0.0000874,0.1025,85241,323.3,0.000000
552.05,0.0153346,552.0,0.000000,810.3,112774,351.0,73346,651.2,2.37,0.000549,372.0,0.001002,410.6,102205,459.1,62965,519.5,3.36,0.000837,12.0,0.000000,100.0,8158389,2685.6,89855,714.7,1.80,0.000465,192.0,0.076923,1100.3,171929,1107.7,148894,1071.7,268.73,0.076804,0.0001760,0.1025,112918,334.3,-0.014542,0.0000116,0.1034,103154,337.0,0.012268,0.0001588,0.1034,80378,319.5,0.000000,0.0000853,0.1025,85645,323.8,0.000000
553.03,0.0153621,553.0,0.000000,485.9,112614,350.9,72207,648.9,1.86,0.000425,373.0,0.000798,407.2,101923,455.1,62887,517.8,2.58,0.000646,13.0,0.000000,2141.4,8007100,2693.0,88693,712.5,1.60,0.000409,193.0,0.076074,1098.5,166689,1099.4,148357,1070.4,266.57,0.076003,0.0001756,0.1025,112738,335.0,-0.016581,0.0000119,0.1034,102909,336.5,0.012663,0.0001588,0.1034,80124,319.2,0.000000,0.0000832,0.1025,86071,324.2,0.000000
554.07,0.0153907,554.1,0.000000,100.0,112427,350.8,71405,647.2,1.21,0.000274,374.1,0.000623,403.8,101599,451.1,62835,516.4,1.96,0.000490,14.1,0.000000,3958.0,7822692,2694.2,87628,710.5,1.42,0.000359,194.1,0.075168,1095.8,161330,1090.7,147259,1068.1,264.86,0.075115,0.0001750,0.1025,112651,335.9,-0.018040,0.0000123,0.1034,102616,336.0,0.013232,0.0001588,0.1034,79866,318.9,0.000000,0.0000810,0.1025,86565,324.7,0.000000
555.05,0.0154182,555.1,0.000000,374.8,112251,350.8,71005,646.4,0.60,0.000136,375.1,0.000461,400.7,101277,447.2,62858,515.5,1.28,0.000320,15.1,0.000000,662.2,7626119,2690.0,86746,708.9,1.23,0.000311,195.1,0.074225,1092.7,156316,1082.4,145806,1065.3,263.61,0.074219,0.0001745,0.1025,112268,336.4,-0.018607,0.0000127,0.1034,102322,335.5,0.013869,0.0001588,0.1034,79634,318.6,0.000000,0.0000790,0.1025,87108,325.3,0.000000
556.04,0.0154456,556.0,0.000000,535.0,112062,350.7,70902,646.2,0.09,0.000021,376.0,0.000297,398.0,100956,443.5,63085,515.6,0.32,0.000081,16.0,0.000000,100.0,7414403,2681.2,86007,707.5,1.04,0.000259,196.0,0.073269,1089.1,151414,1074.0,144051,1061.9,262.61,0.073282,0.0001740,0.1025,112138,337.1,-0.019756,0.0000130,0.1034,102028,335.0,0.014532,0.0001588,0.1034,79429,318.4,0.000000,0.0000770,0.1025,87741,326.0,0.000000
557.08,0.0154743,557.1,0.000000,100.0,111868,350.6,71051,646.5,-0.34,-0.000078,377.1,0.000172,395.5,100615,439.6,63560,516.6,-0.44,-0.000112,17.1,0.000000,100.0,7181453,2668.0,85349,706.3,0.91,0.000227,197.1,0.072260,1084.8,146408,1065.2,141912,1057.8,261.88,0.072272,0.0001734,0.1025,111797,337.8,-0.020335,0.0000135,0.1034,101725,334.4,0.015229,0.0001588,0.1034,79261,318.2,0.000000,0.0000749,0.1025,88522,326.8,0.000000
558.06,0.0155017,558.1,0.000000,1004.9,111669,350.5,71383,647.3,-0.61,-0.000139,378.1,0.000087,393.9,100280,435.9,64621,519.4,-2.57,-0.000656,18.1,0.000000,1065.1,6951442,2652.3,84720,705.1,0.95,0.000234,198.1,0.071222,1080.2,141733,1056.8,139538,1053.2,261.56,0.071284,0.0001728,0.1025,111721,338.6,-0.021515,0.0000139,0.1034,101429,333.8,0.015947,0.0001588,0.1034,79156,318.1,0.000000,0.0000729,0.1025,89402,327.7,0.000000
559.05,0.0155292,559.1,0.000000,610.9,111491,350.4,71674,647.9,-0.45,-0.000101,379.1,-0.000332,488.2,100029,432.4,74422,547.7,-25.05,-0.007003,19.1,0.000000,653.2,6717754,2634.1,84087,703.8,0.92,0.000227,199.1,0.070175,1074.9,137171,1048.4,136812,1048.0,261.61,0.070257,0.0001722,0.1025,111214,339.0,-0.021341,0.0000144,0.1034,101142,333.3,0.016615,0.0001588,0.1034,79119,318.0,0.000000,0.0000710,0.1025,90417,328.8,0.000000
560.04,0.0155566,560.0,0.000000,684.7,111292,350.3,71715,648.0,0.03,0.000006,380.0,-0.002582,529.9,100247,430.1,98205,612.1,-41.95,-0.013845,20.0,0.000000,100.0,6483123,2614.2,83636,703.0,0.58,0.000142,200.0,0.064781,1067.1,133014,1040.5,130508,1038.0,247.45,0.064001,0.0001716,0.1025,111156,339.9,-0.022799,0.0000149,0.1034,101211,333.0,0.016394,0.0001588,0.1034,79148,318.1,0.000000,0.0000692,0.1025,91546,329.9,0.000000
561.07,0.0155853,561.1,0.000000,2046.0,111085,350.2,71455,647.5,0.52,0.000119,381.1,-0.003276,656.3,100582,428.9,115422,654.5,-24.67,-0.008950,21.1,0.000000,243.1,6228587,2587.7,83546,702.8,0.01,0.000001,201.1,0.063311,1061.9,128808,1032.3,128151,1033.9,247.63,0.063137,0.0001709,0.1025,111192,340.9,-0.023428,0.0000154,0.1034,101339,332.8,0.015791,0.0001588,0.1034,79255,318.2,0.000000,0.0000674,0.1025,92812,331.2,0.000000
562.06,0.0156127,562.1,0.000000,1040.6,110916,350.1,71118,646.8,0.55,0.000125,382.1,-0.001854,100.0,100298,426.7,121245,668.8,-8.74,-0.003259,22.1,0.000000,223.4,5991938,2562.6,83735,703.2,-0.31,-0.000075,202.1,0.059881,1056.8,125049,1024.8,125490,1029.6,243.66,0.061089,0.0001703,0.1025,110641,341.2,-0.022849,0.0000159,0.1034,101237,332.4,0.015977,0.0001588,0.1034,79424,318.4,0.000000,0.0000658,0.1025,94072,332.5,0.000000
563.05,0.0156402,563.0,0.000000,590.8,110720,350.0,71012,646.6,0.07,0.000016,383.0,0.000000,100.0,99397,423.1,122721,671.9,-1.01,-0.000379,23.0,0.000000,651.7,5762450,2537.8,83804,703.3,-0.01,-0.000003,203.0,0.054707,1050.6,121666,1017.9,119773,1020.8,225.43,0.054413,0.0001696,0.1025,110745,342.2,-0.024622,0.0000164,0.1034,100693,331.6,0.016963,0.0001588,0.1034,79637,318.6,0.000000,0.0000643,0.1025,95371,333.8,0.000000
564.03,0.0156676,564.0,0.000000,100.0,110553,350.0,71227,647.0,-0.52,-0.000117,384.0,0.000000,100.0,98615,419.6,123871,674.3,-1.72,-0.000651,24.0,0.000000,1284.4,5540407,2513.4,83518,702.8,0.57,0.000140,204.0,0.053072,1045.4,118418,1011.0,117253,1016.8,218.86,0.051916,0.0001690,0.1025,110291,342.6,-0.024078,0.0000169,0.1034,99960,330.6,0.018233,0.0001588,0.1034,79869,318.9,0.000000,0.0000628,0.1025,96718,335.1,0.000000
565.07,0.0156963,565.1,0.000000,100.0,110360,349.9,72110,649.0,-1.96,-0.000448,385.1,0.000000,3610.8,97887,416.0,128237,683.4,-4.95,-0.001910,25.1,0.000000,100.0,5316428,2488.3,82876,701.5,0.98,0.000237,205.1,0.049962,1040.2,115262,1004.2,114714,1012.7,211.98,0.049397,0.0001682,0.1025,110217,343.4,-0.025405,0.0000175,0.1034,99241,329.6,0.019358,0.0001588,0.1034,80103,319.1,0.000000,0.0000614,0.1025,98197,336.5,0.000000
566.05,0.0157237,566.1,0.000000,2515.5,110195,349.8,76151,657.7,-9.08,-0.002162,386.1,0.000000,3337.1,97241,412.7,135373,697.8,-7.28,-0.002907,26.1,0.000000,9733.1,5110089,2464.7,82267,700.3,0.88,0.000212,206.1,0.046124,959.1,112520,998.1,110658,1005.7,197.83,0.044778,0.0001675,0.1025,109728,343.8,-0.025238,0.0000180,0.1034,98607,328.6,0.020288,0.0001588,0.1034,80295,319.4,0.000000,0.0000601,0.1025,99683,337.9,0.000000
567.04,0.0157512,567.0,0.000000,857.3,110076,349.8,86578,679.1,-17.35,-0.004550,387.0,0.000000,834.2,96621,409.5,143466,713.5,-6.97,-0.002882,27.0,0.000000,100.0,4911508,2441.5,81799,699.4,0.69,0.000166,207.0,0.044459,1030.2,109907,992.2,109429,1003.7,196.00,0.043959,0.0001669,0.1025,108764,343.6,-0.023947,0.0000186,0.1034,98001,327.7,0.021053,0.0001588,0.1034,80442,319.5,0.000000,0.0000589,0.1025,101205,339.4,0.000000
568.08,0.0157799,568.1,0.000000,156.0,110009,349.8,97144,699.2,-12.25,-0.003501,388.1,0.000000,1467.1,95988,406.2,147919,721.8,-2.50,-0.001055,28.1,0.000000,286.6,4712168,2417.7,81340,698.5,0.70,0.000167,208.1,0.042074,1026.1,107357,986.3,107900,1001.1,192.44,0.042669,0.0001662,0.1025,107585,343.1,-0.022402,0.0000192,0.1034,97382,326.7,0.021744,0.0001588,0.1034,80545,319.6,0.000000,0.0000577,0.1025,102794,340.9,0.000000
569.06,0.0158073,569.1,0.000000,440.1,109999,349.8,101822,707.6,-4.60,-0.001363,389.1,0.000000,258.7,95389,403.2,147549,721.6,0.85,0.000356,29.1,0.000000,483.5,4529325,2395.3,80759,697.4,1.00,0.000238,209.1,0.038623,952.2,105161,981.1,104019,993.9,178.25,0.038376,0.0001657,0.1025,106457,342.6,-0.020854,0.0000198,0.1034,96794,325.8,0.022374,0.0001588,0.1034,80605,319.7,0.000000,0.0000566,0.1025,104265,342.2,0.000000
570.05,0.0158348,570.1,0.000000,4483.1,110041,349.9,102475,708.8,-0.15,-0.000046,390.1,0.000000,132281.9,94792,400.3,145712,719.5,1.54,0.000642,30.1,0.000000,100.0,4354011,2373.3,79721,695.3,1.86,0.000438,210.1,0.037505,949.1,103053,976.0,101586,989.2,172.12,0.036362,0.0001651,0.1025,105364,342.0,-0.019369,0.0000205,0.1034,96205,324.8,0.022940,0.0001588,0.1034,80644,319.8,0.000000,0.0000556,0.1025,105651,343.5,0.000000
571.04,0.0158622,571.0,0.000000,100.0,110136,350.1,101348,707.0,1.52,0.000447,391.0,0.000000,100.0,94194,397.4,144275,717.9,1.13,0.000466,31.0,0.000000,8044.4,4186085,2351.7,77915,691.6,3.13,0.000726,211.0,0.036684,945.7,101010,971.0,99678,985.2,170.08,0.035399,0.0001647,0.1025,104297,341.4,-0.017933,0.0000211,0.1034,95615,323.9,0.023469,0.0001588,0.1034,80677,319.8,0.000000,0.0000546,0.1025,106936,344.7,0.000000
572.07,0.0158909,572.1,0.000000,100.0,110290,350.3,100148,705.1,1.34,0.000393,392.1,0.000000,673.3,93570,394.5,143095,716.5,1.02,0.000420,32.1,0.000000,100.0,4018253,2329.6,75548,686.8,3.70,0.000837,212.1,0.036528,1006.8,98898,965.7,99178,983.6,176.87,0.036686,0.0001642,0.1025,103201,340.7,-0.016533,0.0000218,0.1034,94998,322.9,0.023989,0.0001588,0.1034,80719,319.8,0.000000,0.0000535,0.1025,108169,345.8,0.000000
573.06,0.0159184,573.1,0.000000,131.8,110488,350.5,99633,704.2,0.36,0.000106,393.1,0.000000,100.0,92974,391.8,141595,714.8,1.44,0.000585,33.1,0.000000,100.0,3864886,2308.8,73634,682.7,3.00,0.000667,213.1,0.035350,1001.7,96967,960.8,97352,979.0,177.87,0.036385,0.0001638,0.1025,102167,340.0,-0.015202,0.0000225,0.1034,94414,321.9,0.024501,0.0001588,0.1034,80777,319.9,0.000000,0.0000526,0.1025,109246,346.8,0.000000
574.05,0.0159459,574.1,0.000000,2788.9,110735,350.8,100235,705.3,-1.12,-0.000327,394.1,0.000000,550.0,92384,389.2,139716,712.6,1.69,0.000683,34.1,0.000000,100.0,3718310,2288.5,72425,680.1,1.82,0.000399,214.1,0.034920,996.0,95074,955.9,94976,972.9,176.98,0.035542,0.0001634,0.1025,101144,339.3,-0.013968,0.0000232,0.1034,93840,321.0,0.025008,0.0001588,0.1034,80862,320.0,0.000000,0.0000516,0.1025,110221,347.6,0.000000
575.04,0.0159733,575.0,0.000000,100.0,111030,351.1,101956,708.4,-2.29,-0.000679,395.0,0.000000,2085.6,91803,386.7,138089,710.7,1.33,0.000532,35.0,0.000000,100.0,3578297,2268.6,72193,679.6,-0.02,-0.000005,215.0,0.034463,925.6,93222,951.1,92157,965.6,174.47,0.034253,0.0001630,0.1025,100129,338.5,-0.012799,0.0000239,0.1034,93277,320.1,0.025536,0.0001588,0.1034,80979,320.1,0.000000,0.0000507,0.1025,111094,348.4,0.000000
576.07,0.0160020,576.1,0.000000,100.0,111389,351.5,104163,712.3,-2.65,-0.000797,396.1,0.000000,873.4,91211,384.1,137483,710.0,0.27,0.000106,36.1,0.000000,838.4,3438681,2248.1,73796,683.2,-3.73,-0.000829,216.1,0.034605,918.8,91284,945.9,89695,958.5,174.91,0.033669,0.0001627,0.1025,99074,337.6,-0.011669,0.0000246,0.1034,92700,319.1,0.026086,0.0001588,0.1034,81139,320.3,0.000000,0.0000497,0.1025,111899,349.1,0.000000
577.06,0.0160295,577.1,0.000000,260.6,111779,351.9,106903,717.1,-3.61,-0.001107,397.1,0.000000,100.0,90659,381.8,137877,710.7,-0.47,-0.000187,37.1,0.000000,941.0,3311344,2229.0,78226,692.8,-8.09,-0.001878,217.1,0.035120,911.9,89406,940.9,88011,952.8,179.58,0.034122,0.0001624,0.1025,98073,336.8,-0.010603,0.0000253,0.1034,92162,318.2,0.026639,0.0001588,0.1034,81329,320.5,0.000000,0.0000487,0.1025,112572,349.7,0.000000
578.05,0.0160569,578.0,0.000000,100.0,112214,352.3,111594,725.2,-6.03,-0.001908,398.0,0.000000,926.4,90123,379.5,138512,711.9,-0.55,-0.000221,38.0,0.000000,1554.8,3189826,2210.3,83495,703.8,-7.88,-0.001923,218.0,0.036297,972.7,87459,935.6,87380,948.7,190.69,0.036129,0.0001621,0.1025,97087,336.0,-0.009623,0.0000261,0.1034,91640,317.4,0.027180,0.0001588,0.1034,81551,320.8,0.000000,0.0000477,0.1025,113155,350.2,0.000000
579.04,0.0160843,579.0,0.000000,972.0,112694,352.8,118138,736.1,-7.30,-0.002411,399.0,0.000000,100.0,89604,377.3,138904,712.6,-0.30,-0.000119,39.0,0.000000,100.0,3073896,2192.0,87317,711.4,-5.06,-0.001277,219.0,0.035881,966.6,85547,930.3,85691,942.6,197.01,0.036842,0.0001619,0.1025,96131,335.2,-0.008701,0.0000268,0.1034,91136,316.5,0.027726,0.0001588,0.1034,81803,321.0,0.000000,0.0000467,0.1025,113654,350.6,0.000000
580.07,0.0161130,580.1,0.000000,100.0,113242,353.3,124360,746.2,-5.70,-0.001954,400.1,0.000000,100.0,89083,375.0,138995,712.8,-0.02,-0.000009,40.1,0.000000,633.2,2958402,2173.2,89409,715.5,-2.32,-0.000597,220.1,0.035907,959.8,83554,924.7,83582,935.3,201.94,0.037123,0.0001617,0.1025,95179,334.3,-0.007814,0.0000276,0.1034,90631,315.7,0.028295,0.0001588,0.1034,82090,321.4,0.000000,0.0000457,0.1025,114099,351.0,0.000000
581.05,0.0161404,581.1,0.000000,500.3,113811,353.8,128162,752.2,-3.32,-0.001164,401.1,0.000000,363.1,88606,373.0,138887,712.7,0.12,0.000047,41.1,0.000000,300.6,2853120,2155.7,89836,716.3,-0.20,-0.000052,221.1,0.036452,953.6,81619,919.1,81954,929.1,208.80,0.037887,0.0001615,0.1025,94322,333.5,-0.006979,0.0000284,0.1034,90173,314.9,0.028887,0.0001588,0.1034,82383,321.7,0.000000,0.0000447,0.1025,114466,351.3,0.000000
582.04,0.0161678,582.0,0.000000,100.0,114422,354.4,130031,755.2,-1.50,-0.000530,402.0,0.000000,538.2,88155,371.0,138701,712.5,0.19,0.000074,42.0,0.000000,1163.1,2752661,2138.5,89176,715.1,1.11,0.000285,222.0,0.036142,946.2,79710,913.6,79030,920.2,207.36,0.036636,0.0001613,0.1025,93519,332.8,-0.006214,0.0000292,0.1034,89742,314.1,0.029494,0.0001588,0.1034,82690,322.0,0.000000,0.0000437,0.1025,114790,351.6,0.000000
583.07,0.0161965,583.1,0.000000,713.8,115107,355.0,130670,756.2,-0.41,-0.000144,403.1,0.000000,603.9,87713,369.0,138358,712.1,0.35,0.000140,43.1,0.000000,1661.3,2652544,2120.9,88111,713.1,1.47,0.000372,223.1,0.037083,940.3,77655,907.5,78007,915.5,217.96,0.038204,0.0001612,0.1025,92734,332.1,-0.005484,0.0000301,0.1034,89324,313.4,0.030151,0.0001588,0.1034,83026,322.4,0.000000,0.0000426,0.1025,115099,351.9,0.000000
584.06,0.0162239,584.1,0.000000,1188.5,115805,355.7,130722,756.2,-0.00,-0.000002,404.1,0.000000,341.4,87322,367.2,137719,711.3,0.66,0.000263,44.1,0.000000,500.8,2561255,2104.4,87086,711.2,1.45,0.000366,224.1,0.036301,933.3,75745,901.7,75715,908.2,219.28,0.037607,0.0001610,0.1025,92033,331.4,-0.004806,0.0000310,0.1034,88957,312.7,0.030845,0.0001588,0.1034,83366,322.8,0.000000,0.0000417,0.1025,115377,352.1,0.000000
585.05,0.0162513,585.0,0.000000,100.0,116545,356.3,130774,756.3,-0.11,-0.000039,405.0,0.000000,278.2,86964,365.4,136704,710.1,1.00,0.000397,45.0,0.000000,5398.5,2474107,2088.3,86225,709.6,1.16,0.000291,225.0,0.035731,925.9,73876,896.0,72866,899.8,215.89,0.035966,0.0001609,0.1025,91374,330.8,-0.004193,0.0000318,0.1034,88624,312.1,0.031559,0.0001588,0.1034,83724,323.2,0.000000,0.0000407,0.1025,115641,352.3,0.000000
586.04,0.0162788,586.0,0.000000,782.5,117327,357.0,131061,756.8,-0.28,-0.000100,406.0,0.000000,209.9,86641,363.8,135383,708.5,1.27,0.000501,46.0,0.000000,202.2,2390892,2072.5,85792,708.8,0.45,0.000112,226.0,0.036255,920.3,71976,890.0,71687,895.2,221.72,0.036524,0.0001608,0.1025,90756,330.2,-0.003630,0.0000327,0.1034,88325,311.5,0.032295,0.0001588,0.1034,84101,323.6,0.000000,0.0000397,0.1025,115892,352.6,0.000000
587.07,0.0163075,587.1,0.000000,875.1,118189,357.8,131236,757.0,-0.12,-0.000043,407.1,0.000000,203.1,86338,362.1,133754,706.5,1.51,0.000588,47.1,0.000000,783.7,2307903,2056.3,85978,709.2,-0.44,-0.000110,227.1,0.034591,913.0,70105,884.0,68977,887.3,215.99,0.034541,0.0001607,0.1025,90149,329.6,-0.003104,0.0000337,0.1034,88042,310.9,0.033047,0.0001588,0.1034,84510,324.0,0.000000,0.0000387,0.1025,116134,352.8,0.000000
588.06,0.0163349,588.1,0.000000,1791.6,119054,358.5,131381,757.3,-0.18,-0.000065,408.1,0.000000,1060.1,86078,360.6,131967,704.4,1.74,0.000672,48.1,0.000000,746.7,2232185,2041.1,86575,710.3,-0.93,-0.000233,228.1,0.034678,908.1,68312,878.2,68083,883.9,220.00,0.034860,0.0001606,0.1025,89610,329.1,-0.002626,0.0000346,0.1034,87792,310.4,0.033762,0.0001588,0.1034,84911,324.5,0.000000,0.0000377,0.1025,116340,352.9,0.000000
589.05,0.0163624,589.0,0.000000,655.1,119961,359.3,132369,758.8,-1.40,-0.000503,409.0,0.000000,1092.1,85840,359.1,129970,701.9,1.96,0.000746,49.0,0.000000,1249.5,2159876,2026.3,87241,711.7,-0.93,-0.000234,229.0,0.032815,901.8,66643,872.6,65654,876.8,211.45,0.032570,0.0001606,0.1025,89112,328.6,-0.002204,0.0000355,0.1034,87553,309.9,0.034376,0.0001588,0.1034,85314,324.9,0.000000,0.0000368,0.1025,116516,353.1,0.000000
590.03,0.0163898,590.0,0.000000,153.3,120908,360.1,137327,766.4,-5.96,-0.002197,410.0,0.000000,989.7,85613,357.7,127847,699.2,2.09,0.000785,50.0,0.000000,710.7,2090816,2011.7,87665,712.5,-0.49,-0.000123,230.0,0.032001,826.2,65028,867.1,63838,871.3,205.21,0.030928,0.0001605,0.1025,88657,328.1,-0.001825,0.0000365,0.1034,87309,309.4,0.034853,0.0001588,0.1034,85721,325.3,0.000000,0.0000360,0.1025,116659,353.2,0.000000
591.07,0.0164185,591.1,0.000000,1022.3,121940,361.0,148279,782.8,-9.73,-0.003790,411.1,0.000000,585.7,85375,356.3,125622,696.4,2.11,0.000783,51.1,0.000000,100.0,2021920,1996.9,87645,712.5,0.16,0.000042,231.1,0.031229,892.5,63393,861.4,63521,870.1,209.19,0.031415,0.0001605,0.1025,88227,327.7,-0.001480,0.0000375,0.1034,87033,308.9,0.035141,0.0001588,0.1034,86153,325.8,0.000000,0.0000351,0.1025,116772,353.3,0.000000
592.05,0.0164459,592.1,0.000000,233.8,122969,361.8,157910,796.7,-7.09,-0.002889,412.1,0.000000,230.1,85122,355.0,123528,693.7,2.12,0.000775,52.1,0.000000,100.0,1959021,1983.0,87215,711.7,0.72,0.000183,232.1,0.029193,887.6,61962,856.3,61749,864.8,201.61,0.029611,0.0001605,0.1025,87857,327.3,-0.001177,0.0000385,0.1034,86737,308.4,0.035110,0.0001588,0.1034,86589,326.3,0.000000,0.0000343,0.1025,116842,353.4,0.000000
593.04,0.0164734,593.0,0.000000,4502.7,124038,362.7,162930,803.8,-3.15,-0.001313,413.0,0.000000,100.0,84830,353.6,121463,691.1,2.12,0.000766,53.0,0.000000,836.1,1898911,1969.3,86489,710.3,1.13,0.000282,233.0,0.028415,883.2,60583,851.3,60590,861.1,199.28,0.028846,0.0001604,0.1025,87521,326.9,-0.000921,0.0000394,0.1034,86406,307.8,0.034835,0.0001588,0.1034,87075,326.8,0.000000,0.0000335,0.1025,116872,353.4,0.000000
594.07,0.0165020,594.1,0.000000,2807.8,125198,363.7,164262,805.7,-0.47,-0.000198,414.1,0.000000,422.0,84475,352.3,119377,688.3,2.07,0.000739,54.1,0.000000,100.0,1838897,1955.4,85497,708.4,1.45,0.000361,234.1,0.027029,877.5,59236,846.4,58656,854.8,192.63,0.027189,0.0001604,0.1025,87202,326.6,-0.000698,0.0000404,0.1034,86000,307.2,0.034366,0.0001588,0.1034,87683,327.4,0.000000,0.0000327,0.1025,116854,353.4,0.000000
595.06,0.0165294,595.1,0.000000,610.8,126349,364.6,163478,804.8,0.79,0.000331,415.1,0.000000,100.0,84083,351.0,117499,685.8,1.97,0.000694,55.1,0.000000,446.4,1784059,1942.3,84388,706.3,1.68,0.000414,235.1,0.027171,873.1,57937,841.5,57874,851.4,195.49,0.027335,0.0001604,0.1025,86917,326.3,-0.000513,0.0000413,0.1034,85561,306.6,0.033735,0.0001588,0.1034,88418,328.2,0.000000,0.0000320,0.1025,116778,353.3,0.000000
596.05,0.0165569,596.0,0.000000,100.0,127540,365.6,161940,803.0,1.30,0.000540,416.0,0.000000,529.6,83639,349.7,115790,683.5,1.81,0.000631,56.0,0.000000,2430.6,1731600,1929.5,83192,704.0,1.82,0.000442,236.0,0.026666,868.6,56670,836.6,57040,847.7,198.15,0.027429,0.0001604,0.1025,86647,326.0,-0.000368,0.0000422,0.1034,85084,306.0,0.033063,0.0001588,0.1034,89347,329.2,0.000000,0.0000312,0.1025,116639,353.2,0.000000
597.03,0.0165843,597.0,0.000000,1303.0,128772,366.6,159601,800.3,2.02,0.000829,417.0,0.000000,1405.3,83154,348.4,114224,681.4,1.70,0.000587,57.0,0.000000,100.0,1681397,1917.0,81968,701.6,1.86,0.000447,237.0,0.025189,863.0,55499,832.0,55025,841.0,189.72,0.025536,0.0001604,0.1025,86381,325.8,-0.000256,0.0000431,0.1034,84587,305.4,0.032442,0.0001588,0.1034,90475,330.3,0.000000,0.0000305,0.1025,116437,353.0,0.000000
598.06,0.0166129,598.1,0.000000,646.9,130103,367.6,156177,796.4,2.76,0.001112,418.1,0.000000,262.4,82618,347.0,112582,679.1,1.78,0.000607,58.1,0.000000,655.4,1631204,1904.2,80804,699.3,1.65,0.000393,238.1,0.024926,858.5,54291,827.2,53863,836.8,185.92,0.024617,0.0001604,0.1025,86098,325.5,-0.000174,0.0000440,0.1034,84066,304.7,0.031967,0.0001588,0.1034,91819,331.7,0.000000,0.0000298,0.1025,116160,352.8,0.000000
599.05,0.0166403,599.1,0.000000,492.6,131419,368.7,152358,791.8,3.19,0.001264,419.1,0.000000,420.7,82097,345.7,110844,676.7,2.01,0.000677,59.1,0.000000,100.0,1585275,1892.2,79986,697.6,1.17,0.000275,239.1,0.023963,855.3,53197,822.8,53725,836.4,184.33,0.024357,0.0001604,0.1025,85813,325.1,-0.000121,0.0000449,0.1034,83584,304.1,0.031762,0.0001588,0.1034,93187,333.1,0.000000,0.0000292,0.1025,115835,352.5,0.000000
600.04,0.0166677,600.0,0.000000,583.8,132777,369.7,148463,787.1,3.19,0.001239,420.0,0.000000,273.9,81582,344.5,109019,674.1,2.08,0.000692,60.0,0.000000,100.0,1541278,1880.4,79556,696.8,0.53,0.000124,240.0,0.020451,796.8,52332,819.2,51634,830.5,156.41,0.020004,0.0001604,0.1025,85504,324.8,-0.000094,0.0000458,0.1034,83114,303.5,0.031781,0.0001588,0.1034,94578,334.5,0.000000,0.0000286,0.1025,115451,352.2,0.000000
601.07,0.0166963,601.1,0.000000,403.8,134244,370.9,145133,783.0,2.55,0.000973,421.1,0.000000,100.0,81068,343.2,107295,671.6,1.84,0.000604,61.1,0.000000,1759.2,1497244,1868.4,79747,697.2,-0.55,-0.000129,241.1,0.018807,854.4,51540,815.7,51890,832.8,141.11,0.018087,0.0001604,0.1025,85100,324.4,-0.000015,0.0000467,0.1034,82660,303.0,0.032084,0.0001588,0.1034,96029,336.0,0.000000,0.0000281,0.1025,114991,351.8,0.000000
602.05,0.0167237,602.1,0.000000,100.0,135689,381.9,142645,779.9,2.11,0.000795,422.1,0.000000,1124.5,80618,342.1,106156,670.0,1.18,0.000383,62.1,0.000000,100.0,1456911,1857.1,81035,699.9,-2.54,-0.000604,242.1,0.015349,805.3,51011,813.3,50962,831.2,120.35,0.015178,0.0001604,0.1024,84694,323.9,0.000000,0.0000476,0.1034,82274,302.5,0.032705,0.0001588,0.1034,97419,337.3,0.000000,0.0000276,0.1025,114496,351.3,0.000000
603.04,0.0167511,603.0,0.000000,168.5,137179,383.1,140356,777.0,2.04,0.000758,423.0,0.000000,4346.0,80216,341.0,105762,669.4,0.30,0.000098,63.0,0.000000,1319.5,1418238,1846.1,83977,705.9,-4.97,-0.001216,243.0,0.014524,854.1,50539,811.1,51363,834.1,117.21,0.014847,0.0001604,0.1024,84270,323.5,0.000000,0.0000485,0.1034,81938,302.1,0.033479,0.0001588,0.1034,98817,338.7,0.000000,0.0000272,0.1025,113949,350.8,0.000000
604.07,0.0167798,604.1,0.000000,100.0,138787,384.3,137954,773.9,2.09,0.000767,424.1,0.000000,956.3,79850,340.0,105863,669.6,-0.14,-0.000047,64.1,0.000000,100.0,1379497,1834.7,87977,713.9,-5.60,-0.001420,244.1,0.011919,814.1,50229,809.5,50983,834.5,92.93,0.011679,0.0001604,0.1024,83797,322.9,0.000000,0.0000495,0.1034,81638,301.7,0.034349,0.0001588,0.1034,100278,340.1,0.000000,0.0000269,0.1025,113326,350.3,0.000000
605.06,0.0168072,605.1,0.000000,1705.3,140375,385.5,135674,771.0,2.10,0.000758,425.1,0.000000,1941.0,79549,339.0,105815,669.6,0.16,0.000053,65.1,0.000000,449.4,1343977,1824.1,91379,720.5,-4.54,-0.001184,245.1,0.005584,830.3,50365,809.6,52359,840.1,24.85,0.003186,0.0001604,0.1024,83325,322.4,0.000000,0.0000505,0.1034,81389,301.4,0.035216,0.0001588,0.1034,101653,341.4,0.000000,0.0000268,0.1025,112693,349.7,0.000000
606.04,0.0168345,606.0,0.000000,100.0,142014,386.7,133418,768.0,2.12,0.000759,426.0,0.000000,100.0,79289,338.1,105008,668.4,1.22,0.000394,66.0,0.000000,2398.9,1309881,1813.7,93865,725.2,-3.10,-0.000824,246.0,-0.003247,838.3,51122,812.2,53173,843.5,-51.05,-0.006620,0.0001604,0.1024,82843,321.9,0.000000,0.0000514,0.1034,81160,301.1,0.035963,0.0001588,0.1034,102979,342.6,0.000000,0.0000268,0.1025,112037,349.1,0.000000
607.07,0.0168632,607.1,0.000000,10440.8,143783,388.0,131057,764.8,2.14,0.000755,427.1,0.000000,228.2,79049,337.3,103263,665.8,2.18,0.000694,67.1,0.000000,805.5,1275684,1803.1,95321,727.9,-1.51,-0.000406,247.1,-0.009193,846.9,52386,816.8,53680,845.0,-78.28,-0.010229,0.0001604,0.1024,82335,321.3,0.000000,0.0000525,0.1034,80925,300.8,0.036518,0.0001588,0.1034,104290,343.9,0.000000,0.0000271,0.1025,111348,348.5,0.000000
608.06,0.0168906,608.1,0.000000,518.5,145532,389.3,128919,761.9,2.04,0.000710,428.1,0.000000,538.4,78835,336.5,101273,662.8,2.44,0.000768,68.1,0.000000,2218.5,1244293,1793.1,95652,728.5,-0.20,-0.000054,248.1,-0.009749,851.1,53672,821.4,54802,848.6,-76.17,-0.010118,0.0001604,0.1024,81846,320.8,0.000000,0.0000535,0.1034,80695,300.5,0.036806,0.0001588,0.1034,105455,345.0,0.000000,0.0000274,0.1025,110704,348.0,0.000000
609.05,0.0169180,609.0,0.000000,100.0,147336,390.6,126971,759.3,1.88,0.000647,429.0,0.000000,100.0,78620,335.7,99511,660.2,2.11,0.000655,69.0,0.000000,3484.8,1214134,1783.3,95307,727.9,0.58,0.000156,249.0,-0.008657,853.4,54912,825.8,55960,852.5,-64.25,-0.008676,0.0001604,0.1024,81351,320.2,0.000000,0.0000545,0.1034,80450,300.2,0.036787,0.0001588,0.1034,106521,345.9,0.000000,0.0000276,0.1025,110087,347.4,0.000000
610.03,0.0169454,610.0,0.000000,1113.4,149198,392.0,125169,756.8,1.80,0.000611,430.0,0.000000,3566.9,78395,334.9,98142,658.1,1.67,0.000511,70.0,0.000000,1340.8,1185153,1773.8,94524,726.5,1.16,0.000311,250.0,-0.007460,867.7,56096,829.8,56947,855.7,-53.73,-0.007355,0.0001604,0.1024,80846,319.7,0.000000,0.0000555,0.1034,80191,299.9,0.036540,0.0001588,0.1034,107478,346.8,0.000000,0.0000278,0.1025,109504,346.9,0.000000
611.06,0.0169740,611.1,0.000000,100.0,151209,393.4,123249,754.1,1.91,0.000641,431.1,0.000000,631.0,78147,334.1,97003,656.3,1.35,0.000410,71.1,0.000000,5128.3,1156052,1763.9,93334,724.4,1.59,0.000422,251.1,-0.006338,858.8,57280,833.7,57845,858.5,-45.43,-0.006297,0.0001604,0.1024,80306,319.0,0.000000,0.0000565,0.1034,79910,299.5,0.036213,0.0001588,0.1034,108356,347.6,0.000000,0.0000280,0.1025,108933,346.4,0.000000
612.05,0.0170014,612.1,0.000000,557.8,153197,394.8,121157,751.1,2.25,0.000745,432.1,0.000000,2250.6,77897,333.4,96139,655.0,1.08,0.000325,72.1,0.000000,100.0,1129306,1754.7,92177,722.3,1.51,0.000397,252.1,-0.005460,869.9,58379,837.2,58947,861.9,-40.07,-0.005637,0.0001604,0.1024,79782,318.5,0.000000,0.0000575,0.1034,79633,299.2,0.035843,0.0001588,0.1034,109082,348.3,0.000000,0.0000281,0.1025,108421,345.9,0.000000
613.04,0.0170288,613.0,0.000000,100.0,155249,396.2,118673,747.5,2.71,0.000884,433.0,0.000000,1463.2,77637,332.6,95462,653.9,0.85,0.000256,73.0,0.000000,2392.9,1103576,1745.7,91270,720.7,1.17,0.000305,253.0,-0.005499,865.0,59513,840.7,59921,864.6,-41.87,-0.005970,0.0001604,0.1024,79258,317.9,0.000000,0.0000585,0.1034,79365,298.9,0.035521,0.0001588,0.1034,109708,348.8,0.000000,0.0000283,0.1025,107934,345.4,0.000000
614.07,0.0170574,614.1,0.000000,684.9,157465,397.8,115719,743.2,3.10,0.000994,434.1,0.000000,100.0,77364,331.9,94903,653.0,0.67,0.000201,74.1,0.000000,1023.4,1077729,1736.5,90687,719.6,0.57,0.000147,254.1,-0.005744,869.8,60754,844.5,61372,868.9,-43.30,-0.006290,0.0001604,0.1024,78718,317.2,0.000000,0.0000595,0.1034,79108,298.6,0.035323,0.0001588,0.1034,110268,349.3,0.000000,0.0000285,0.1025,107448,345.0,0.000000
615.05,0.0170848,615.1,0.000000,527.7,159654,399.3,112809,738.9,3.20,0.001004,435.1,0.000000,952.1,77108,331.2,94524,652.4,0.46,0.000137,75.1,0.000000,899.8,1053970,1727.8,91146,720.5,-1.29,-0.000336,255.1,-0.005940,872.9,61993,848.3,62539,872.3,-41.97,-0.006189,0.0001604,0.1024,78220,316.7,0.000000,0.0000605,0.1034,78886,298.3,0.035287,0.0001588,0.1034,110727,349.7,0.000000,0.0000286,0.1025,107000,344.6,0.000000
616.04,0.0171122,616.0,0.000000,100.0,161915,400.8,110080,734.7,3.03,0.000935,436.0,0.000000,1340.1,76869,330.5,94307,652.1,0.26,0.000078,76.0,0.000000,585.6,1031099,1719.3,99163,735.6,-15.25,-0.004229,256.0,-0.005432,875.7,63227,851.9,63646,875.7,-37.05,-0.005539,0.0001604,0.1024,77748,316.1,0.000000,0.0000614,0.1034,78702,298.1,0.035521,0.0001588,0.1034,111125,350.1,0.000000,0.0000288,0.1025,106564,344.2,0.000000
617.07,0.0171408,617.1,0.000000,100.0,164359,402.4,107515,730.7,2.78,0.000842,437.1,0.000000,700.9,76650,329.8,94076,651.7,0.34,0.000101,77.1,0.000000,398.9,1008085,1710.6,120720,772.5,-24.02,-0.007722,257.1,-0.004552,879.1,64483,855.6,64662,878.8,-30.55,-0.004625,0.0001604,0.1024,77288,315.6,0.000000,0.0000625,0.1034,78552,298.0,0.036041,0.0001588,0.1034,111490,350.4,0.000000,0.0000289,0.1025,106120,343.8,0.000000
618.05,0.0171681,618.1,0.000000,179.8,166777,404.0,105276,727.2,2.62,0.000781,438.1,0.000000,1946.2,76477,329.2,93578,650.9,0.80,0.000235,78.1,0.000000,325.0,986886,1702.5,135938,795.9,-12.47,-0.004381,258.1,-0.003356,882.1,65622,858.7,65697,881.9,-22.40,-0.003432,0.0001604,0.1024,76885,315.1,0.000000,0.0000635,0.1034,78458,297.9,0.036747,0.0001588,0.1034,111806,350.7,0.000000,0.0000290,0.1025,105707,343.4,0.000000
619.04,0.0171955,619.0,0.000000,153.0,169275,405.6,103163,723.8,2.54,0.000744,439.0,0.000000,6913.7,76344,328.7,92403,649.0,1.88,0.000549,79.0,0.000000,601.9,966466,1694.5,142001,804.8,-4.37,-0.001585,259.0,-0.000971,885.6,66598,861.3,68496,891.4,0.33,0.000052,0.0001604,0.1024,76525,314.7,0.000000,0.0000645,0.1034,78420,297.8,0.037595,0.0001588,0.1034,112097,350.9,0.000000,0.0000290,0.1025,105308,343.0,0.000000
620.07,0.0172241,620.1,0.000000,306.2,171975,407.4,101045,720.4,2.49,0.000719,440.1,0.000000,100.0,76253,328.2,89831,644.8,3.86,0.001107,80.1,0.000000,1684.5,945912,1686.3,145491,809.8,-3.17,-0.001171,260.1,-0.000110,889.4,67574,863.8,68763,893.1,4.83,0.000765,0.0001604,0.1024,76200,314.3,0.000000,0.0000656,0.1034,78445,297.8,0.038615,0.0001588,0.1034,112380,351.2,0.000000,0.0000290,0.1025,104912,342.6,0.000000
621.05,0.0172515,621.1,0.000000,1582.0,174646,409.1,99054,717.1,2.52,0.000716,441.1,0.000000,100.0,76216,327.8,86012,638.4,5.76,0.001596,81.1,0.000000,1304.7,926977,1678.6,151054,817.6,-5.20,-0.001978,261.1,0.001164,892.8,68428,865.9,69371,895.8,9.64,0.001535,0.0001604,0.1024,75947,314.0,0.000000,0.0000667,0.1034,78529,297.9,0.039776,0.0001588,0.1034,112628,351.4,0.000000,0.0000290,0.1025,104553,342.3,0.000000
622.04,0.0172788,622.0,0.000000,701.9,177406,410.8,97017,713.7,2.65,0.000742,442.0,0.000000,1296.4,76231,327.4,81593,630.7,6.68,0.001778,82.0,0.000000,605.4,908724,1671.0,157880,827.1,-5.55,-0.002180,262.0,0.002080,896.1,69231,867.8,70068,898.6,14.08,0.002258,0.0001604,0.1024,75760,313.8,0.000000,0.0000678,0.1034,78666,298.1,0.041008,0.0001588,0.1034,112848,351.6,0.000000,0.0000289,0.1025,104214,342.0,0.000000
623.07,0.0173074,623.1,0.000000,193.3,180391,412.7,94785,709.9,2.85,0.000782,443.1,0.000000,116.4,76300,327.1,77153,622.7,6.62,0.001687,83.1,0.000000,100.0,890337,1663.3,164107,835.5,-4.42,-0.001784,263.1,0.002796,899.3,70036,869.7,70738,901.3,18.03,0.002911,0.0001604,0.1024,75646,313.6,0.000000,0.0000690,0.1034,78853,298.3,0.042295,0.0001588,0.1034,113044,351.8,0.000000,0.0000289,0.1025,103873,341.7,0.000000
624.05,0.0173347,624.0,0.000000,838.7,183344,414.5,92586,706.0,2.98,0.000803,444.0,0.000000,100.0,76414,326.9,73411,615.6,6.11,0.001498,84.0,0.000000,655.8,873387,1656.1,168804,841.7,-3.27,-0.001350,264.0,0.003698,902.3,70753,871.3,71337,903.7,23.03,0.003739,0.0001604,0.1024,75618,313.6,0.000000,0.0000702,0.1034,79061,298.5,0.043524,0.0001588,0.1034,113202,351.9,0.000000,0.0000288,0.1025,103551,341.4,0.000000
625.03,0.0173620,625.0,0.000000,541.2,186397,416.3,90418,702.2,2.98,0.000788,445.0,0.000000,7447.6,76568,326.7,70283,609.5,5.29,0.001255,85.0,0.000000,940.0,857035,1649.0,171276,844.9,-1.41,-0.000587,265.0,0.004932,905.3,71385,872.6,71631,905.1,29.86,0.004862,0.0001604,0.1024,75659,313.7,0.000000,0.0000714,0.1034,79285,298.7,0.044588,0.0001588,0.1034,113339,352.0,0.000000,0.0000286,0.1025,103216,341.1,0.000000
626.06,0.0173906,626.1,0.000000,100.0,189700,418.3,88278,698.3,2.86,0.000744,446.1,0.000000,450.9,76762,326.6,67762,604.4,4.17,0.000963,86.1,0.000000,860.4,840551,1641.7,171870,845.7,-0.23,-0.000094,266.1,0.007212,936.2,71854,873.4,73536,911.4,47.02,0.007805,0.0001604,0.1024,75772,313.8,0.000000,0.0000727,0.1034,79522,299.0,0.045462,0.0001588,0.1034,113465,352.1,0.000000,0.0000284,0.1025,102843,340.7,0.000000
627.04,0.0174178,627.0,0.000000,100.0,192971,420.2,86356,694.8,2.77,0.000707,447.0,0.000000,451.4,76969,326.5,65995,600.8,3.07,0.000694,87.0,0.000000,1048.6,825341,1634.9,171811,845.6,0.05,0.000023,267.0,0.006247,909.3,72411,874.5,72898,909.7,35.71,0.005888,0.0001604,0.1024,75929,314.0,0.000000,0.0000740,0.1034,79746,299.2,0.046079,0.0001588,0.1034,113556,352.2,0.000000,0.0000282,0.1025,102456,340.3,0.000000
628.07,0.0174463,628.1,0.000000,100.0,196512,422.3,84399,691.2,2.79,0.000700,448.1,0.000000,586.9,77199,326.4,66008,600.9,-1.05,-0.000236,88.1,0.000000,100.0,809998,1628.0,171911,845.8,-0.12,-0.000049,268.1,0.004010,909.8,73233,876.3,74057,913.1,12.02,0.002006,0.0001604,0.1024,76112,314.2,0.000000,0.0000753,0.1034,79984,299.5,0.046463,0.0001588,0.1034,113586,352.2,0.000000,0.0000281,0.1025,102019,339.9,0.000000
629.05,0.0174736,629.1,0.000000,608.1,200020,424.3,82463,687.5,2.98,0.000736,449.1,0.000000,988.1,77428,326.3,73160,617.3,-18.02,-0.004393,89.1,0.000000,1556.5,795828,1621.4,171894,845.8,0.11,0.000046,269.1,-0.001159,914.3,74541,879.5,75310,916.6,-19.54,-0.003302,0.0001604,0.1024,76281,314.4,0.000000,0.0000766,0.1034,80229,299.8,0.046723,0.0001588,0.1034,113537,352.2,0.000000,0.0000282,0.1025,101560,339.5,0.000000
630.03,0.0175009,630.0,0.000000,1181.5,203654,426.3,80383,683.5,3.28,0.000794,450.0,0.000000,1829.8,77665,326.2,92078,657.1,-30.21,-0.008707,90.0,0.000000,878.1,782132,1615.0,170723,844.4,1.16,0.000481,270.0,-0.005018,920.0,76280,883.9,76662,920.0,-36.10,-0.006189,0.0001604,0.1024,76424,314.6,0.000000,0.0000779,0.1034,80511,300.1,0.046997,0.0001588,0.1034,113406,352.1,0.000000,0.0000283,0.1025,101039,339.0,0.000000
631.06,0.0175294,631.1,0.000000,181.6,207590,428.5,78108,679.0,3.49,0.000826,451.1,0.000000,789.5,77929,326.2,109051,689.4,-17.87,-0.005816,91.1,0.000000,100.0,768304,1608.4,168012,841.3,2.14,0.000878,271.1,-0.006255,925.7,78295,889.1,78969,925.8,-41.24,-0.007236,0.0001604,0.1024,76548,314.7,0.000000,0.0000792,0.1034,80876,300.4,0.047449,0.0001588,0.1034,113211,351.9,0.000000,0.0000285,0.1025,100378,338.4,0.000000
632.04,0.0175567,632.0,0.000000,100.0,211493,430.6,75990,674.7,3.44,0.000797,452.0,0.000000,909.3,78207,326.2,116860,703.5,-7.33,-0.002505,92.0,0.000000,6196.2,755529,1602.2,164542,837.3,2.76,0.001116,272.0,-0.007491,931.3,80421,894.4,81211,931.1,-48.47,-0.008697,0.0001604,0.1024,76667,314.8,0.000000,0.0000805,0.1034,81291,300.9,0.048211,0.0001588,0.1034,113006,351.7,0.000000,0.0000287,0.1025,99582,337.6,0.000000
633.07,0.0175852,633.1,0.000000,1206.7,215722,432.9,73982,670.6,3.16,0.000718,453.1,0.000000,100.0,78535,326.3,120529,710.0,-3.39,-0.001185,93.1,0.000000,100.0,742628,1595.9,160486,832.5,3.04,0.001207,273.1,-0.009186,938.2,82911,900.6,84242,938.2,-57.84,-0.010684,0.0001604,0.1024,76818,315.0,0.000000,0.0000819,0.1034,81772,301.4,0.049263,0.0001588,0.1034,112799,351.5,0.000000,0.0000289,0.1025,98543,336.6,0.000000
634.05,0.0176124,634.0,0.000000,28381.3,219917,435.2,72316,667.1,2.80,0.000625,454.0,0.000000,1685.2,78890,326.4,123306,714.9,-2.87,-0.001017,94.0,0.000000,18358.0,730702,1590.0,156717,827.9,2.97,0.001156,274.0,-0.011215,959.2,85603,907.3,87447,945.3,-65.86,-0.012532,0.0001604,0.1024,77033,315.3,0.000000,0.0000833,0.1034,82282,301.9,0.050511,0.0001588,0.1034,112614,351.4,0.000000,0.0000292,0.1025,97362,335.4,0.000000
635.07,0.0176409,635.1,0.000000,471.0,224468,437.6,70844,663.9,2.40,0.000528,455.1,0.000000,100.0,79306,326.5,125554,718.7,-1.89,-0.000679,95.1,0.000000,1253.4,718647,1583.9,153072,823.5,2.79,0.001068,275.1,-0.012729,952.4,88702,914.8,90144,950.8,-70.87,-0.013822,0.0001604,0.1024,77418,315.7,0.000000,0.0000848,0.1034,82846,302.5,0.051853,0.0001588,0.1034,112430,351.2,0.000000,0.0000296,0.1025,95989,334.1,0.000000
636.06,0.0176682,636.1,0.000000,540.7,228987,439.9,69671,661.4,2.05,0.000443,456.1,0.000000,9328.5,79745,326.7,126427,720.3,-0.64,-0.000230,96.1,0.000000,1200.8,707494,1578.2,149962,819.6,2.53,0.000952,276.1,-0.012324,958.5,91735,921.9,93402,957.9,-65.29,-0.013096,0.0001604,0.1024,78075,316.5,0.000000,0.0000863,0.1034,83405,303.1,0.053146,0.0001588,0.1034,112259,351.1,0.000000,0.0000299,0.1025,94614,332.7,0.000000
637.04,0.0176955,637.0,0.000000,2451.2,233675,442.3,68670,659.2,1.79,0.000384,457.0,0.000000,100.0,80221,327.0,126100,719.8,0.65,0.000233,97.0,0.000000,1885.2,696695,1572.6,147226,816.1,2.27,0.000841,277.0,-0.011397,964.1,94774,928.8,95751,963.1,-56.66,-0.011589,0.0001604,0.1024,79165,317.7,0.000000,0.0000877,0.1034,83980,303.7,0.054301,0.0001588,0.1034,112096,350.9,0.000000,0.0000303,0.1025,93236,331.3,0.000000
638.07,0.0177240,638.1,0.000000,100.0,238768,444.8,67712,657.0,1.70,0.000359,458.1,0.000000,3153.7,80751,327.3,123659,716.6,2.91,0.001035,98.1,0.000000,245.6,685767,1566.9,144737,812.9,1.99,0.000730,278.1,-0.008974,969.3,97775,935.2,98433,968.9,-43.77,-0.009147,0.0001604,0.1024,80825,319.6,0.000000,0.0000893,0.1034,84589,304.3,0.055333,0.0001588,0.1034,111943,350.8,0.000000,0.0000305,0.1025,91835,329.9,0.000000
639.05,0.0177514,639.0,0.000000,570.6,243831,447.3,66781,655.0,1.78,0.000373,459.0,0.000000,1272.0,81283,327.6,119439,710.9,4.63,0.001599,99.0,0.000000,743.5,675649,1561.5,142715,810.3,1.71,0.000620,279.0,-0.007133,981.9,100535,941.0,101190,974.8,-35.35,-0.007549,0.0001604,0.1024,82804,321.8,0.000000,0.0000908,0.1034,85172,304.9,0.056186,0.0001588,0.1034,111820,350.7,0.000000,0.0000307,0.1025,90550,328.5,0.000000
640.03,0.0177787,640.0,0.000000,10876.4,249090,449.8,65759,652.6,2.00,0.000414,460.0,0.000000,214.3,81833,327.9,114933,704.6,4.69,0.001575,100.0,0.000000,1202.7,665847,1556.2,141041,808.1,1.43,0.000512,280.0,-0.006488,986.8,103321,946.5,104013,980.6,-32.98,-0.007195,0.0001604,0.1024,84966,324.1,0.000000,0.0000924,0.1034,85752,305.5,0.056836,0.0001588,0.1034,111715,350.6,0.000000,0.0000309,0.1025,89324,327.3,0.000000
641.06,0.0178073,641.1,0.000000,1250.0,254806,452.6,64572,649.9,2.24,0.000458,461.1,0.000000,100.0,82388,328.3,111407,699.6,3.41,0.001118,101.1,0.000000,100.0,655925,1550.8,139615,806.2,1.17,0.000418,281.1,-0.006759,986.3,106384,952.6,106801,986.2,-34.43,-0.007671,0.0001604,0.1024,87212,326.5,0.000000,0.0000940,0.1034,86780,306.6,0.056203,0.0001588,0.1034,111610,350.5,0.000000,0.0000311,0.1025,88107,326.0,0.000000
642.05,0.0178347,642.0,0.000000,178.4,260493,455.2,63373,647.1,2.38,0.000479,462.0,0.000000,230.4,82962,328.6,109260,696.5,2.24,0.000724,102.0,0.000000,100.0,646736,1545.7,138467,804.6,1.01,0.000359,282.0,-0.006585,992.5,109409,958.4,109707,992.0,-32.24,-0.007334,0.0001604,0.1024,89232,328.6,0.000000,0.0000956,0.1034,87092,306.9,0.057675,0.0001588,0.1034,111497,350.4,0.000000,0.0000313,0.1025,87004,324.8,0.000000
643.03,0.0178620,643.0,0.000000,100.0,266403,457.9,62200,644.4,2.33,0.000463,463.0,0.000000,712.1,83543,329.0,107925,694.5,1.39,0.000443,103.0,0.000000,100.0,637832,1540.7,137448,803.3,0.91,0.000321,283.0,-0.005338,1003.2,112388,963.9,112759,998.2,-24.31,-0.005648,0.0001604,0.1024,91080,330.5,0.000000,0.0000972,0.1034,87533,307.4,0.057981,0.0001588,0.1034,111358,350.3,0.000000,0.0000314,0.1025,85962,323.7,0.000000
644.06,0.0178907,644.1,0.000000,100.0,272832,460.8,61087,641.7,2.12,0.000416,464.1,0.000000,300.3,84120,329.4,107223,693.5,0.64,0.000204,104.1,0.000000,1265.7,628817,1535.6,136507,802.0,0.80,0.000279,284.1,-0.001838,1003.9,115140,968.7,116855,1007.4,-5.38,-0.001283,0.0001604,0.1024,92814,332.3,0.000000,0.0000988,0.1034,88354,308.2,0.056997,0.0001588,0.1034,111177,350.1,0.000000,0.0000315,0.1025,84941,322.6,0.000000
645.05,0.0179180,645.0,0.000000,100.0,279231,463.7,60156,639.4,1.89,0.000366,465.0,0.000000,100.0,84707,329.8,107075,693.3,0.06,0.000018,105.0,0.000000,100.0,620466,1530.8,135790,801.0,0.62,0.000216,285.0,0.000423,1011.5,117565,972.7,117968,1010.5,1.64,0.000394,0.0001604,0.1024,94288,333.8,0.000000,0.0001004,0.1034,88708,308.6,0.058222,0.0001588,0.1034,110967,349.9,0.000000,0.0000314,0.1025,84030,321.6,0.000000
646.04,0.0179454,646.0,0.000000,644.2,285888,466.5,59345,637.5,1.67,0.000320,466.0,0.000000,100.0,85260,330.1,107508,694.1,-0.71,-0.000226,106.0,0.000000,100.0,612372,1526.0,135290,800.4,0.42,0.000147,286.0,0.005003,1014.7,119451,975.6,122749,1021.2,24.46,0.006048,0.0001604,0.1024,95596,335.1,0.000000,0.0001020,0.1034,89564,309.5,0.057056,0.0001588,0.1034,110720,349.7,0.000000,0.0000313,0.1025,83186,320.7,0.000000
647.07,0.0179741,647.1,0.000000,1218.8,293135,469.6,58589,635.6,1.53,0.000290,467.1,0.000000,100.0,85873,330.5,108812,696.4,-1.63,-0.000524,107.1,0.000000,100.0,604176,1521.2,134950,799.9,0.28,0.000096,287.1,0.005503,1019.5,121426,978.6,123041,1022.3,26.88,0.006656,0.0001604,0.1024,96808,336.3,0.000000,0.0001036,0.1034,89854,309.7,0.058254,0.0001588,0.1034,110428,349.4,0.000000,0.0000312,0.1025,82376,319.8,0.000000
648.05,0.0180015,648.1,0.000000,143.5,300355,472.7,57872,633.8,1.58,0.000296,468.1,0.000000,818.4,86424,330.9,110408,699.3,-1.80,-0.000584,108.1,0.000000,326.8,596581,1516.7,134685,799.5,0.26,0.000089,288.1,0.007842,1023.6,123056,980.9,123850,1024.3,31.74,0.007895,0.0001604,0.1024,97854,337.3,0.000000,0.0001052,0.1034,90733,310.6,0.056961,0.0001588,0.1034,110119,349.1,0.000000,0.0000309,0.1025,81672,319.0,0.000000
649.04,0.0180289,649.0,0.000000,100.0,307871,475.7,57058,631.7,1.86,0.000345,469.0,0.000000,879.4,87009,331.3,111603,701.4,-1.19,-0.000390,109.0,0.000000,552.0,589219,1512.3,134304,799.0,0.41,0.000141,289.0,0.011526,1052.6,124210,982.2,127701,1032.0,51.54,0.013120,0.0001604,0.1024,98821,338.2,0.000000,0.0001068,0.1034,90958,310.8,0.058130,0.0001588,0.1034,109782,348.8,0.000000,0.0000306,0.1025,81041,318.3,0.000000
650.07,0.0180575,650.1,0.000000,100.0,316060,479.0,56013,629.1,2.33,0.000426,470.1,0.000000,545.0,87583,331.7,112060,702.2,-0.29,-0.000096,110.1,0.000000,100.0,581761,1507.7,133604,798.0,0.71,0.000243,290.1,0.012332,1030.5,125335,983.5,126804,1030.4,53.76,0.013609,0.0001604,0.1024,99770,339.1,0.000000,0.0001084,0.1034,91869,311.8,0.056822,0.0001588,0.1034,109399,348.5,0.000000,0.0000303,0.1025,80458,317.6,0.000000
651.06,0.0180849,651.1,0.000000,100.0,324226,482.3,54827,626.0,2.77,0.000499,471.1,0.000000,1398.0,88165,332.1,111821,701.9,0.38,0.000126,111.1,0.000000,100.0,574849,1503.4,132595,796.6,1.03,0.000353,291.1,0.016432,1033.2,125830,983.6,128215,1032.9,69.28,0.017691,0.0001604,0.1024,100626,339.9,0.000000,0.0001100,0.1034,92070,311.9,0.057924,0.0001588,0.1034,109003,348.1,0.000000,0.0000298,0.1025,79975,317.1,0.000000
652.04,0.0181123,652.0,0.000000,238.4,332732,485.5,53548,622.6,2.97,0.000525,472.0,0.000000,418.1,88711,332.5,111217,701.0,0.73,0.000240,112.0,0.000000,989.5,568148,1499.3,131226,794.7,1.39,0.000474,292.0,0.019499,1045.4,125866,982.9,128935,1033.7,85.35,0.021900,0.0001604,0.1024,101437,340.7,0.000000,0.0001115,0.1034,93002,312.9,0.056570,0.0001588,0.1034,108583,347.7,0.000000,0.0000293,0.1025,79559,316.6,0.000000
653.07,0.0181410,653.1,0.000000,100.0,342009,489.1,52319,619.3,2.70,0.000470,473.1,0.000000,352.1,89317,332.9,110383,699.8,0.96,0.000311,113.1,0.000000,100.0,561359,1495.0,129367,792.1,1.82,0.000610,293.1,0.021720,1041.2,125533,981.5,128329,1031.5,96.13,0.024602,0.0001604,0.1024,102237,341.5,0.000000,0.0001132,0.1034,93180,313.0,0.057709,0.0001588,0.1034,108125,347.3,0.000000,0.0000287,0.1025,79187,316.2,0.000000
654.06,0.0181684,654.1,0.000000,1129.3,351266,492.5,51452,616.9,1.89,0.000324,474.1,0.000000,649.6,89864,333.3,109393,698.3,1.18,0.000380,114.1,0.000000,100.0,555066,1491.0,127278,789.2,2.09,0.000695,294.1,0.022713,1002.2,125034,979.8,125220,1024.6,95.12,0.023915,0.0001604,0.1024,102952,342.1,0.000000,0.0001147,0.1034,94139,314.0,0.056348,0.0001588,0.1034,107674,346.9,0.000000,0.0000280,0.1025,78883,315.8,0.000000
655.05,0.0181958,655.0,0.000000,1130.1,360920,496.0,51297,616.5,-0.02,-0.000003,475.0,0.000000,1310.6,90443,333.7,108253,696.7,1.35,0.000433,115.0,0.000000,814.4,548962,1487.0,125109,786.1,2.16,0.000707,295.0,0.013682,964.2,125971,980.6,113897,995.9,67.54,0.015890,0.0001604,0.1024,103620,342.8,0.000000,0.0001163,0.1034,94286,314.1,0.057476,0.0001588,0.1034,107214,346.5,0.000000,0.0000277,0.1025,78620,315.5,0.000000
656.03,0.0182231,656.0,0.000000,100.0,370987,499.6,52261,619.2,-3.11,-0.000539,476.0,0.000000,3547.3,91022,334.1,107014,694.8,1.47,0.000466,116.0,0.000000,1438.2,543044,1483.2,123098,783.1,1.98,0.000641,296.0,0.019210,968.3,126017,979.9,115985,990.5,82.36,0.019839,0.0001604,0.1024,104249,343.3,0.000000,0.0001179,0.1034,94650,314.4,0.057343,0.0001588,0.1034,106747,346.0,0.000000,0.0000271,0.1025,78393,315.3,0.000000
657.06,0.0182518,657.1,0.000000,164.8,381978,503.4,54950,626.6,-6.61,-0.001192,477.1,0.000000,222.6,91596,334.5,105705,692.9,1.47,0.000461,117.1,0.000000,461.7,537047,1479.2,121341,780.5,1.65,0.000528,297.1,0.023113,971.2,125363,977.8,117197,982.7,101.51,0.024903,0.0001604,0.1024,104875,343.9,0.000000,0.0001195,0.1034,95348,315.1,0.056067,0.0001588,0.1034,106257,345.6,0.000000,0.0000265,0.1025,78188,315.0,0.000000
658.05,0.0182791,658.0,0.000000,280.3,392960,507.1,57915,634.5,-6.36,-0.001194,478.0,0.000000,100.0,92140,334.9,104575,691.1,1.31,0.000408,118.0,0.000000,387.3,531487,1475.5,120017,778.6,1.30,0.000414,298.0,0.026598,971.4,124097,974.7,117231,974.8,112.23,0.027764,0.0001604,0.1024,105446,344.4,0.000000,0.0001210,0.1034,96208,316.0,0.055705,0.0001588,0.1034,105794,345.2,0.000000,0.0000257,0.1025,78022,314.8,0.000000
659.04,0.0183065,659.0,0.000000,731.4,404428,510.9,59966,639.8,-3.89,-0.000750,479.0,0.000000,469.5,92709,335.3,103682,689.8,1.01,0.000312,119.0,0.000000,1512.8,526092,1471.9,119004,777.1,1.02,0.000321,299.0,0.028433,969.4,122443,970.8,116326,968.0,118.55,0.029306,0.0001604,0.1024,105973,344.9,0.000000,0.0001226,0.1034,96260,316.0,0.056516,0.0001588,0.1034,105345,344.7,0.000000,0.0000250,0.1025,77887,314.7,0.000000
660.07,0.0183351,660.1,0.000000,1064.8,416958,515.0,60830,642.0,-1.23,-0.000240,480.1,0.000000,907.7,93263,335.7,103128,688.9,0.52,0.000159,120.1,0.000000,1327.0,520627,1468.2,118052,775.6,1.00,0.000313,300.1,0.029162,965.6,120490,966.3,114845,962.3,120.66,0.029624,0.0001604,0.1024,106451,345.4,0.000000,0.0001241,0.1034,96974,316.7,0.054796,0.0001588,0.1034,104892,344.3,0.000000,0.0000241,0.1025,77785,314.6,0.000000
661.05,0.0183625,661.1,0.000000,268.2,429484,519.0,60661,641.6,0.65,0.000125,481.1,0.000000,100.0,93812,336.0,103267,689.2,-0.37,-0.000113,121.1,0.000000,549.1,515561,1464.7,116861,773.8,1.40,0.000436,301.1,0.028949,961.4,118567,961.8,113301,957.5,119.43,0.029071,0.0001604,0.1024,106820,345.7,0.000000,0.0001257,0.1034,97100,316.9,0.055380,0.0001588,0.1034,104464,343.9,0.000000,0.0000233,0.1025,77731,314.5,0.000000
662.03,0.0183898,662.0,0.000000,445.4,442567,523.0,60014,640.0,1.42,0.000274,482.0,0.000000,1348.2,94321,336.4,104584,691.6,-2.04,-0.000633,122.0,0.000000,100.0,510633,1461.3,115096,771.1,2.07,0.000635,302.0,0.028110,957.0,116702,957.4,111879,953.6,116.41,0.028095,0.0001604,0.1024,107107,345.9,0.000000,0.0001271,0.1034,97729,317.5,0.053627,0.0001588,0.1034,104028,343.5,0.000000,0.0000226,0.1025,77725,314.5,0.000000
663.06,0.0184184,663.1,0.000000,100.0,456868,527.4,59291,638.2,1.44,0.000274,483.1,0.000000,100.0,94848,336.8,107942,697.7,-4.30,-0.001369,123.1,0.000005,1030.8,505475,1457.3,112789,767.5,2.55,0.000770,303.1,0.026776,952.5,114911,953.0,110492,950.0,111.27,0.026622,0.0001604,0.1024,107350,346.2,0.000000,0.0001286,0.1034,98494,318.2,0.053162,0.0001588,0.1034,103550,343.0,0.000000,0.0000218,0.1025,77765,314.6,0.000000
664.05,0.0184457,664.0,0.000000,375.0,471176,531.6,58618,636.5,1.47,0.000279,484.0,0.000000,599.8,95373,337.1,112318,705.5,-5.07,-0.001661,124.0,0.000152,1026.1,500676,1453.5,110787,764.8,3.01,0.000897,304.0,0.025335,948.5,113377,949.1,109150,946.6,106.56,0.025277,0.0001604,0.1024,107568,346.4,0.000000,0.0001301,0.1034,98544,318.2,0.053810,0.0001588,0.1034,103060,342.6,0.000000,0.0000211,0.1025,77846,314.6,0.000000
665.07,0.0184742,665.1,0.000000,386.6,486828,536.1,57822,634.5,1.70,0.000319,485.1,0.000000,311.4,95889,337.5,116585,712.9,-4.31,-0.001450,125.1,0.000201,1021.4,495807,1449.7,108781,762.1,3.11,0.000913,305.1,0.024232,944.7,111902,945.3,107671,942.7,103.29,0.024268,0.0001604,0.1024,107820,346.6,0.000000,0.0001316,0.1034,99291,319.0,0.052245,0.0001588,0.1034,102513,342.1,0.000000,0.0000204,0.1025,77961,314.8,0.000000
666.05,0.0185015,666.1,0.000000,2203.9,502498,540.5,57006,632.5,1.81,0.000336,486.1,0.000000,426.1,96407,337.9,119778,718.4,-3.20,-0.001096,126.1,0.000250,1017.3,491287,1446.0,107081,760.0,3.15,0.000914,306.1,0.023547,941.1,110538,941.7,106357,939.1,101.46,0.023639,0.0001604,0.1024,108102,346.8,0.000000,0.0001330,0.1034,99399,319.0,0.052961,0.0001588,0.1034,101960,341.5,0.000000,0.0000198,0.1025,78094,314.9,0.000000
667.04,0.0185288,667.0,0.000000,2214.4,518889,545.0,56193,630.4,1.80,0.000330,487.0,0.000000,1549.8,96892,338.2,121828,721.9,-1.86,-0.000645,127.0,0.000327,1013.5,486893,1442.5,105526,758.4,3.46,0.000989,307.0,0.022971,937.5,109203,938.1,105105,935.6,99.77,0.023057,0.0001604,0.1024,108417,347.1,0.000000,0.0001344,0.1034,100072,319.7,0.051353,0.0001588,0.1034,101367,341.0,0.000000,0.0000192,0.1025,78255,315.1,0.000000
668.06,0.0185573,668.1,0.000000,253.4,536834,549.8,55459,628.5,1.50,0.000273,488.1,0.000000,1319.8,97425,338.6,122646,723.3,-0.56,-0.000196,128.1,0.000454,1009.7,482424,1438.8,103960,757.0,4.11,0.001160,308.1,0.022368,933.8,107841,934.4,103812,932.0,97.93,0.022439,0.0001604,0.1024,108761,347.4,0.000000,0.0001359,0.1034,100240,319.8,0.052029,0.0001588,0.1034,100675,340.3,0.000000,0.0000185,0.1025,78474,315.4,0.000000
669.04,0.0185845,669.0,0.000000,100.0,554815,554.5,54981,627.2,1.01,0.000182,489.0,0.000000,116.0,97903,338.9,122722,723.4,-0.06,-0.000023,129.0,0.000630,1006.1,478262,1435.4,102527,756.3,4.93,0.001376,309.0,0.021778,930.3,106570,930.8,102567,928.6,96.28,0.021877,0.0001604,0.1024,109077,347.7,0.000000,0.0001373,0.1034,100806,320.4,0.050416,0.0001587,0.1034,99898,339.5,0.000000,0.0000179,0.1025,78761,315.7,0.000000
670.07,0.0186130,670.1,0.000000,229.2,574512,559.5,54638,626.3,0.73,0.000132,490.1,0.000000,705.4,98398,339.3,123430,724.6,-1.18,-0.000415,130.1,0.000853,1002.6,474018,1431.9,101163,756.4,5.95,0.001637,310.1,0.021274,926.7,105255,927.1,101235,924.8,95.05,0.021402,0.0001604,0.1024,109371,348.0,0.000000,0.0001387,0.1034,101494,321.0,0.049911,0.0001587,0.1034,98925,338.6,0.000000,0.0000173,0.1025,79175,316.2,0.000000
671.05,0.0186402,671.0,0.000000,207.6,594260,564.3,54317,625.5,0.78,0.000139,491.0,0.000000,1167.6,98894,339.6,128182,732.6,-6.15,-0.002215,131.0,0.001122,999.7,470053,1428.5,100057,757.5,7.08,0.001924,311.0,0.020911,923.2,103982,923.5,99936,921.1,94.49,0.021088,0.0001604,0.1024,109604,348.2,0.000000,0.0001401,0.1034,101556,321.0,0.050454,0.0001587,0.1034,97824,337.5,0.000000,0.0000168,0.1025,79695,316.7,0.000000
672.07,0.0186687,672.1,0.000000,9161.9,615903,569.5,53914,624.4,0.94,0.000167,492.1,0.000000,1822.8,99381,340.0,137316,747.5,-8.21,-0.003101,132.1,0.001445,997.2,465998,1425.1,99130,759.9,8.54,0.002290,312.1,0.020620,919.4,102613,919.6,98549,917.2,94.24,0.020830,0.0001604,0.1024,109795,348.4,0.000000,0.0001415,0.1034,102190,321.6,0.048868,0.0001586,0.1034,96515,336.2,0.000000,0.0000162,0.1025,80355,317.5,0.000000
673.05,0.0186959,673.1,0.000000,4502.6,637611,574.6,53487,623.3,1.01,0.000178,493.1,0.000000,1485.4,99869,340.3,143201,756.9,-4.37,-0.001700,133.1,0.001832,995.1,462197,1421.8,98386,763.4,10.39,0.002754,313.1,0.020340,915.5,101265,915.8,97181,913.4,93.88,0.020546,0.0001604,0.1024,109938,348.5,0.000000,0.0001428,0.1034,102358,321.8,0.049424,0.0001586,0.1034,95159,334.9,0.000000,0.0000156,0.1025,81061,318.3,0.000000
674.03,0.0187232,674.0,0.000000,414.1,660354,579.7,53095,622.2,0.88,0.000155,494.0,0.000000,1066.1,100331,340.7,145054,759.8,-1.12,-0.000439,134.0,0.002280,992.9,458462,1418.6,97616,768.0,12.82,0.003351,314.0,0.020007,911.6,99887,911.9,95809,909.6,93.17,0.020187,0.0001604,0.1024,110055,348.6,0.000000,0.0001441,0.1034,102891,322.3,0.047898,0.0001585,0.1034,93752,333.4,0.000000,0.0000151,0.1025,81795,319.1,0.000000
675.06,0.0187516,675.1,0.000000,143770.6,685297,585.2,52949,621.9,0.14,0.000025,495.1,0.000000,453.5,100810,341.0,145246,760.1,-0.08,-0.000031,135.1,0.002806,990.0,454619,1415.2,96526,773.6,16.14,0.004143,315.1,0.019561,907.2,98440,907.7,94442,905.8,91.74,0.019677,0.0001604,0.1024,110163,348.7,0.000000,0.0001455,0.1034,103513,322.8,0.047385,0.0001585,0.1034,92275,331.9,0.000000,0.0000145,0.1025,82546,319.9,0.000000
676.04,0.0187788,676.0,0.000000,100.0,710330,590.6,53266,622.7,-1.12,-0.000197,496.0,0.000000,1012.8,101289,341.3,145571,760.7,-0.42,-0.000164,136.0,0.003406,985.7,450991,1412.1,94868,779.4,20.24,0.005067,316.0,0.018910,902.9,97099,903.7,93294,902.6,89.09,0.018941,0.0001604,0.1024,110257,348.8,0.000000,0.0001468,0.1034,103590,322.9,0.047811,0.0001584,0.1034,90885,330.5,0.000000,0.0000140,0.1025,83220,320.7,0.000000
677.06,0.0188073,677.1,0.000000,595.5,737801,596.3,55022,627.6,-4.96,-0.000895,497.1,0.000000,692.3,101759,341.7,146408,762.0,-0.74,-0.000293,137.1,0.004083,979.5,447239,1408.8,92455,786.4,25.07,0.006063,317.1,0.017988,898.7,95816,899.8,92202,899.5,85.01,0.017925,0.0001604,0.1024,110348,348.8,0.000000,0.0001481,0.1034,104063,323.3,0.046153,0.0001582,0.1034,89478,329.0,0.000000,0.0000135,0.1025,83863,321.4,0.000000
678.04,0.0188346,678.0,0.000000,422.5,765389,601.9,58840,637.6,-9.27,-0.001759,498.0,0.000000,100.0,102200,342.0,147394,763.5,-0.86,-0.000340,138.0,0.004821,972.5,443681,1405.6,89732,794.5,29.94,0.006957,318.0,0.016985,894.9,94733,896.4,91253,896.6,80.85,0.016928,0.0001604,0.1024,110426,348.9,0.000000,0.0001493,0.1034,104549,323.8,0.045322,0.0001581,0.1034,88184,327.7,0.000000,0.0000130,0.1025,84413,321.9,0.000000
679.07,0.0188631,679.1,0.000000,4872.6,795678,607.8,64095,650.8,-10.52,-0.002131,499.1,0.000000,12260.5,102653,342.3,148004,764.5,-0.30,-0.000118,139.1,0.005613,964.7,439986,1402.3,86748,805.2,35.26,0.007814,319.1,0.016084,891.5,93732,893.0,90284,893.4,77.17,0.016043,0.0001604,0.1024,110499,349.0,0.000000,0.0001506,0.1034,105012,324.2,0.044525,0.0001580,0.1034,86896,326.3,0.000000,0.0000126,0.1025,84918,322.5,0.000000
680.06,0.0188904,680.1,0.000000,100.0,826104,613.6,69263,662.9,-9.83,-0.002113,500.1,0.000000,557.5,103076,342.6,147662,764.1,0.43,0.000173,140.1,0.006461,957.4,436468,1399.2,84018,817.7,40.54,0.008568,320.1,0.015431,888.5,92843,889.9,89262,890.0,75.19,0.015513,0.0001604,0.1024,110563,349.0,0.000000,0.0001518,0.1034,105453,324.6,0.043598,0.0001578,0.1034,85731,325.0,0.000000,0.0000121,0.1025,85339,322.9,0.000000
681.04,0.0189178,681.0,0.000000,620.1,858016,619.5,74550,674.7,-9.39,-0.002135,501.0,0.000000,400.0,103509,342.9,146854,763.1,0.71,0.000280,141.0,0.007348,950.9,432962,1396.0,81631,832.5,45.99,0.009276,321.0,0.015204,885.7,91911,886.7,88210,886.3,75.31,0.015418,0.0001604,0.1024,110627,349.1,0.000000,0.0001530,0.1034,105373,324.5,0.043587,0.0001576,0.1034,84640,323.8,0.000000,0.0000117,0.1025,85704,323.3,0.000000
682.07,0.0189464,682.1,0.000000,100.0,893039,625.8,80140,686.6,-8.61,-0.002068,502.1,0.000000,513.7,103929,343.2,146068,762.2,0.62,0.000243,142.1,0.008320,945.6,429299,1392.7,79753,849.9,51.70,0.009979,322.1,0.015209,882.4,90814,883.0,86965,882.3,77.32,0.015678,0.0001604,0.1024,110698,349.2,0.000000,0.0001542,0.1034,105722,324.8,0.041694,0.0001573,0.1034,83586,322.7,0.000000,0.0000113,0.1025,86035,323.7,0.000000
683.05,0.0189737,683.1,0.000000,429.6,928200,631.9,84634,695.7,-6.41,-0.001603,503.1,0.000000,100.0,104317,343.5,145355,761.3,0.65,0.000256,143.1,0.009318,942.6,425797,1389.5,78631,867.3,56.97,0.010626,323.1,0.015410,878.7,89581,879.0,85502,878.0,79.73,0.015972,0.0001604,0.1024,110775,349.2,0.000000,0.0001553,0.1034,106058,325.1,0.040652,0.0001571,0.1034,82665,321.7,0.000000,0.0000109,0.1025,86303,324.0,0.000017
684.04,0.0190011,684.0,0.000000,6844.1,965056,638.0,87458,701.3,-3.62,-0.000930,504.0,0.000000,100.0,104695,343.8,144083,759.8,1.34,0.000521,144.0,0.010264,941.6,422298,1386.3,78168,884.2,61.67,0.011214,324.0,0.015615,874.3,88159,874.4,83806,873.2,82.02,0.016193,0.0001604,0.1024,110861,349.3,0.000000,0.0001564,0.1034,106397,325.4,0.039678,0.0001568,0.1034,81831,320.7,0.000000,0.0000104,0.1025,86526,324.2,0.000071
685.07,0.0190298,685.1,0.000000,569.7,1005461,644.6,88811,704.0,-1.47,-0.000382,505.1,0.000000,560.5,105081,344.1,141072,756.1,2.98,0.001145,145.1,0.011377,943.1,418629,1382.9,78795,901.7,66.77,0.012002,325.1,0.015754,869.1,86468,869.1,81814,867.6,84.15,0.016322,0.0001604,0.1024,110962,349.4,0.000000,0.0001575,0.1034,106732,325.7,0.038745,0.0001565,0.1034,81053,319.9,0.000000,0.0000100,0.1025,86775,324.5,0.000061
686.06,0.0190573,686.1,0.000000,1011.3,1045963,651.0,89159,704.6,-0.32,-0.000084,506.1,0.000000,100.0,105440,344.3,136181,750.0,4.79,0.001791,146.1,0.012602,947.5,415098,1379.7,80454,918.0,71.28,0.012850,326.1,0.015787,863.5,84678,863.5,79755,862.0,85.68,0.016307,0.0001604,0.1024,111071,349.5,0.000000,0.0001585,0.1034,107070,326.0,0.037756,0.0001561,0.1034,80395,319.1,0.000000,0.0000096,0.1025,87007,324.7,0.000064
687.05,0.0190847,687.0,0.000000,100.0,1088337,657.5,89105,704.5,0.12,0.000031,507.0,0.000000,100.0,105790,344.6,130148,742.2,5.76,0.002079,147.0,0.013831,954.6,411544,1376.4,83109,933.7,75.34,0.013795,327.0,0.015668,857.5,82757,857.5,77611,856.0,86.51,0.016135,0.0001604,0.1024,111189,349.6,0.000000,0.0001595,0.1034,107406,326.3,0.036846,0.0001557,0.1034,79819,318.5,0.000000,0.0000091,0.1025,87241,325.0,0.000065
688.04,0.0191122,688.0,0.000000,247.1,1132652,664.0,89013,704.4,0.10,0.000027,508.0,0.000000,100.0,106133,344.8,124365,734.4,5.55,0.001933,148.0,0.015117,962.3,407959,1373.1,86023,947.5,80.56,0.015046,328.0,0.015396,851.2,80747,851.2,75444,849.9,86.62,0.015818,0.0001604,0.1024,111306,349.7,0.000000,0.0001605,0.1034,107736,326.6,0.035957,0.0001553,0.1034,79318,317.9,0.000000,0.0000087,0.1025,87481,325.2,0.000066
689.07,0.0191409,689.1,0.000000,193.7,1181124,671.0,89021,704.4,-0.05,-0.000013,509.1,0.000000,100.0,106485,345.1,119229,727.3,4.86,0.001639,149.1,0.016552,969.4,404168,1369.6,88874,959.0,86.54,0.016498,329.1,0.014942,844.2,78610,844.3,73281,843.5,85.41,0.015263,0.0001604,0.1024,111417,349.8,0.000000,0.0001615,0.1034,108040,326.8,0.035102,0.0001549,0.1034,78868,317.4,0.000000,0.0000083,0.1025,87735,325.5,0.000068
690.06,0.0191684,690.1,0.000000,946.6,1229570,677.7,89274,704.9,-0.49,-0.000127,510.1,0.000000,488.9,106833,345.4,115212,721.6,4.12,0.001353,150.1,0.018067,980.9,400492,1366.2,93819,973.6,86.67,0.017180,330.1,0.014299,837.2,76600,837.7,71356,837.6,82.94,0.014535,0.0001604,0.1024,111496,349.9,0.000000,0.0001625,0.1034,107993,326.8,0.034979,0.0001544,0.1034,78501,316.9,0.000000,0.0000079,0.1025,87960,325.7,0.000092
691.05,0.0191960,691.1,0.000000,100.0,1280073,684.4,90181,706.6,-1.58,-0.000416,511.1,0.000000,1216.3,107160,345.6,111989,716.9,3.40,0.001091,151.1,0.019342,1009.2,396789,1362.7,106292,1003.7,76.74,0.016718,331.1,0.013521,829.5,74715,830.9,69671,832.2,79.24,0.013646,0.0001604,0.1024,111539,349.9,0.000000,0.0001634,0.1034,108304,327.0,0.033483,0.0001538,0.1034,78186,316.6,0.000000,0.0000075,0.1025,88098,325.9,0.000326
692.04,0.0192235,692.0,0.000000,3309.6,1332629,691.2,92984,711.9,-4.84,-0.001300,512.0,0.000000,183.7,107486,345.8,109462,713.2,2.71,0.000856,152.0,0.020636,1036.0,393057,1359.2,119153,1031.1,78.82,0.018736,332.0,0.012617,821.4,73012,824.1,68290,827.1,74.35,0.012627,0.0001604,0.1024,111546,349.9,0.000000,0.0001643,0.1034,108658,327.3,0.032848,0.0001533,0.1034,77915,316.3,0.000000,0.0000072,0.1025,88204,326.0,0.000536
693.04,0.0192510,693.0,0.000000,1834.6,1387234,698.1,100050,724.9,-10.47,-0.002972,513.0,0.000000,100.0,107813,346.1,107611,710.4,1.97,0.000615,153.0,0.022333,1050.5,389262,1355.7,126606,1045.9,87.19,0.021711,333.0,0.011609,813.3,71552,817.3,67166,822.2,68.61,0.011530,0.0001604,0.1024,111526,349.9,0.000000,0.0001652,0.1034,109048,327.6,0.032296,0.0001526,0.1034,77676,316.0,0.000000,0.0000069,0.1025,88298,326.1,0.000766
694.07,0.0192797,694.1,0.000000,868.9,1446493,705.2,109961,742.2,-11.02,-0.003358,514.1,0.000000,409.8,108159,346.4,106438,708.6,1.13,0.000350,154.1,0.024109,1054.9,385222,1351.9,128656,1049.7,96.86,0.024422,334.1,0.010550,805.1,70320,810.5,66148,817.1,62.49,0.010406,0.0001604,0.1024,111490,349.9,0.000000,0.0001661,0.1034,109458,328.0,0.031857,0.0001520,0.1034,77453,315.7,0.000000,0.0000066,0.1025,88399,326.2,0.000997
695.06,0.0193072,695.1,0.000000,578.4,1505219,712.1,116905,753.7,-6.77,-0.002159,515.1,0.000000,931.6,108494,346.6,106039,708.0,0.27,0.000084,155.1,0.025865,1053.9,381291,1348.2,128142,1048.5,105.32,0.026477,335.1,0.009589,797.5,69415,804.1,65256,812.0,57.30,0.009473,0.0001604,0.1024,111446,349.8,0.000000,0.0001670,0.1034,109887,328.3,0.031390,0.0001512,0.1034,77258,315.5,0.000000,0.0000064,0.1025,88503,326.3,0.001263
696.05,0.0193347,696.0,0.000000,860.6,1565886,719.0,120438,759.4,-3.13,-0.001022,516.0,0.000000,871.6,108848,346.9,106513,708.8,-0.85,-0.000261,156.0,0.027681,1052.5,377286,1344.4,127297,1046.6,113.10,0.028299,336.0,0.008864,789.9,68721,797.6,64457,806.6,53.31,0.008763,0.0001604,0.1024,111392,349.8,0.000000,0.0001679,0.1034,109907,328.3,0.031623,0.0001505,0.1034,77083,315.3,0.000000,0.0000062,0.1025,88630,326.4,0.001562
697.04,0.0193622,697.0,0.000000,100.0,1628409,725.9,121974,761.9,-1.33,-0.000439,517.0,0.000000,242.2,109189,347.1,108209,711.8,-2.30,-0.000719,157.0,0.029443,1051.6,373214,1340.6,126586,1044.9,120.39,0.030004,337.0,0.008349,782.3,68168,790.9,63720,800.8,50.50,0.008266,0.0001604,0.1024,111324,349.7,0.000000,0.0001687,0.1034,110248,328.6,0.030403,0.0001497,0.1034,76938,315.1,0.000000,0.0000060,0.1025,88830,326.6,0.001846
698.07,0.0193909,698.1,0.000000,3411.6,1695650,733.0,122650,762.9,-0.52,-0.000173,518.1,0.000000,100.0,109545,347.4,111244,717.1,-3.59,-0.001147,158.1,0.031137,1051.0,368891,1336.5,126194,1043.7,127.17,0.031630,338.1,0.008016,773.8,67663,783.4,62949,794.0,48.79,0.007958,0.0001604,0.1024,111225,349.6,0.000000,0.0001695,0.1034,110555,328.9,0.029765,0.0001488,0.1034,76839,315.0,0.000000,0.0000058,0.1025,89171,326.9,0.002098
699.06,0.0194184,699.1,0.000000,100.0,1761616,739.8,122750,763.1,0.01,0.000005,519.1,0.000000,100.0,109867,347.7,114860,723.2,-4.07,-0.001330,159.1,0.032746,1051.0,364703,1332.5,125966,1042.9,133.56,0.033186,339.1,0.007896,765.1,67191,775.4,62165,786.7,48.52,0.007887,0.0001604,0.1024,111090,349.5,0.000000,0.0001703,0.1034,111129,329.4,0.028270,0.0001479,0.1034,76821,315.0,0.000000,0.0000057,0.1025,89581,327.3,0.002485
700.05,0.0194458,700.0,0.000000,422.0,1829271,748.7,122114,762.2,0.91,0.000299,520.0,0.000000,313.6,110195,347.9,118327,729.1,-3.59,-0.001200,160.0,0.034301,1050.4,360463,1328.4,125454,1041.5,140.45,0.034802,340.0,0.007951,755.5,66672,766.3,61321,778.5,49.16,0.007965,0.0001604,0.1024,110899,349.3,0.000000,0.0001711,0.1034,111280,329.5,0.027946,0.0001469,0.1034,76883,315.1,0.000000,0.0000056,0.1025,90060,327.8,0.002931
701.04,0.0194733,701.0,0.000000,1155.6,1900575,756.4,120237,759.5,2.24,0.000731,521.0,0.000000,1016.6,110513,348.2,120899,733.3,-2.42,-0.000822,161.0,0.035916,1049.8,356166,1324.3,124982,1040.2,147.33,0.036414,341.0,0.008022,745.1,66094,756.2,60344,769.1,49.56,0.007999,0.0001604,0.1024,110645,349.1,0.000000,0.0001718,0.1034,111400,329.6,0.026808,0.0001460,0.1034,77034,315.2,0.000000,0.0000054,0.1025,90673,328.4,0.003330
702.07,0.0195020,702.1,0.000000,100.0,1982458,766.7,117232,755.1,3.18,0.001016,522.1,0.000000,749.1,110818,348.4,122186,735.4,-0.96,-0.000327,162.1,0.037641,1050.1,351606,1319.8,124999,1039.8,154.18,0.038126,342.1,0.007841,731.7,65607,744.5,59258,758.7,48.97,0.007867,0.0001604,0.1024,110315,348.8,0.000000,0.0001725,0.1034,111737,329.8,0.024976,0.0001449,0.1034,77271,315.5,0.000000,0.0000053,0.1025,91296,329.0,0.004021
703.06,0.0195294,703.1,0.000000,880.9,2071382,779.9,114287,750.7,3.06,0.000960,523.1,0.000000,100.0,111093,348.6,122318,735.7,0.03,0.000009,163.1,0.039316,1050.9,347184,1315.5,125205,1039.8,160.46,0.039743,343.1,0.007964,716.7,65117,732.0,58622,748.8,48.32,0.007781,0.0001604,0.1024,109952,348.5,0.000000,0.0001732,0.1034,112047,330.1,0.023553,0.0001438,0.1034,77547,315.8,0.000000,0.0000052,0.1025,91947,329.7,0.004638
704.05,0.0195569,704.0,0.000000,100.0,2174354,797.7,112369,747.7,1.77,0.000546,524.0,0.000000,2969.3,111362,348.9,121869,735.1,0.56,0.000191,164.0,0.040929,1051.6,342704,1311.1,125370,1039.8,166.81,0.041374,344.0,0.007805,703.8,64786,718.4,58159,738.7,47.02,0.007615,0.0001604,0.1024,109561,348.1,0.000000,0.0001738,0.1034,112016,330.1,0.022648,0.0001427,0.1034,77840,316.2,0.000000,0.0000052,0.1025,92546,330.3,0.005466
705.04,0.0195844,705.0,0.000000,271.9,2295063,821.0,112018,747.2,0.03,0.000010,525.0,0.000000,100.0,111602,349.1,120899,733.7,1.14,0.000386,165.0,0.056771,1086.3,336973,1305.7,139064,1064.8,218.24,0.058630,345.0,0.008723,689.8,64122,702.8,58532,730.3,49.88,0.008223,0.0001604,0.1024,109157,347.7,0.000000,0.0001744,0.1034,112210,330.2,0.020677,0.0001411,0.1034,78120,316.5,0.000000,0.0000051,0.1025,93166,330.8,0.006221
706.07,0.0196131,706.1,0.000000,395.7,2444113,852.4,113257,749.3,-1.77,-0.000550,526.1,0.000000,100.0,111836,349.3,119318,731.5,1.69,0.000568,166.1,0.062148,1089.3,330607,1299.5,140607,1067.0,231.91,0.062867,346.1,0.008518,672.4,63689,685.5,58052,718.2,48.86,0.008125,0.0001604,0.1024,108727,347.4,0.000000,0.0001749,0.1034,112374,330.3,0.019265,0.0001393,0.1034,78374,316.8,0.000000,0.0000051,0.1025,93722,331.3,0.007257
707.06,0.0196405,707.1,0.000000,100.0,2611938,889.9,116008,753.8,-3.32,-0.001050,527.1,0.000000,100.0,112044,349.4,117459,728.8,2.04,0.000675,167.1,0.064348,1091.2,324430,1293.5,141324,1067.9,238.44,0.064914,347.1,0.008151,654.2,63591,668.9,57234,704.9,46.78,0.007813,0.0001604,0.1024,108301,347.0,0.000000,0.0001754,0.1034,112537,330.5,0.017839,0.0001376,0.1034,78559,317.0,0.000000,0.0000051,0.1025,94270,331.8,0.008149
708.05,0.0196680,708.0,0.000000,1396.0,2807232,935.5,119496,759.5,-3.72,-0.001203,528.0,0.000000,393.8,112239,349.6,115418,725.9,2.22,0.000727,168.0,0.066293,1094.3,318184,1287.4,142769,1070.1,243.33,0.066783,348.0,0.007806,634.4,63882,652.1,56193,690.4,44.87,0.007512,0.0001604,0.1024,107834,346.5,0.000000,0.0001759,0.1034,112699,330.6,0.016588,0.0001357,0.1034,78683,317.1,0.000000,0.0000051,0.1025,94728,332.2,0.009315
709.04,0.0196954,709.0,0.000000,634.3,3031947,989.3,122453,764.2,-2.81,-0.000927,529.0,0.000000,584.6,112425,349.8,113480,723.1,2.06,0.000665,169.0,0.068159,1097.9,311874,1281.1,144583,1072.9,247.48,0.068604,349.0,0.007493,613.9,64522,635.6,55021,675.0,42.93,0.007199,0.0001604,0.1024,107280,346.0,0.000000,0.0001763,0.1034,112869,330.7,0.015460,0.0001339,0.1034,78749,317.2,0.000000,0.0000052,0.1025,95219,332.6,0.010296
710.07,0.0197242,710.1,0.000000,3284.3,3299365,1054.6,124141,766.8,-1.28,-0.000425,530.1,0.000000,509.1,112613,350.0,111887,720.7,1.58,0.000505,170.1,0.069995,1101.8,305218,1274.4,146577,1076.0,251.47,0.070470,350.1,0.007176,592.4,65580,619.0,53788,658.4,40.77,0.006851,0.0001604,0.1024,106540,345.3,0.000000,0.0001767,0.1034,113034,330.9,0.014466,0.0001319,0.1034,78775,317.2,0.000000,0.0000053,0.1025,95759,333.0,0.011322
711.06,0.0197516,711.1,0.000000,100.0,3586012,1125.4,124272,767.1,0.14,0.000048,531.1,0.000000,100.0,112787,350.1,110774,719.1,1.20,0.000379,171.1,0.071760,1105.0,298798,1267.8,148133,1078.3,255.60,0.072232,351.1,0.006883,572.8,66881,604.1,52694,642.6,38.61,0.006512,0.0001604,0.1024,105609,344.5,0.000000,0.0001771,0.1034,113200,331.0,0.013506,0.0001299,0.1034,78782,317.3,0.000000,0.0000054,0.1025,96394,333.5,0.012030
712.05,0.0197791,712.0,0.000000,408.2,3901316,1203.8,123481,765.9,0.92,0.000305,532.0,0.000000,372.8,112958,350.3,109790,717.6,1.14,0.000359,172.0,0.073233,1106.3,292347,1261.1,148669,1078.9,259.84,0.073656,352.0,0.006629,553.8,68615,589.7,51899,627.7,36.00,0.006122,0.0001604,0.1024,104409,343.4,0.000000,0.0001774,0.1034,113333,331.1,0.012625,0.0001279,0.1034,78800,317.3,0.000000,0.0000056,0.1025,96902,333.9,0.013385
713.03,0.0198065,713.0,0.000000,723.9,4242464,1289.2,122267,764.2,1.33,0.000437,533.0,0.000000,3105.9,113124,350.5,108635,715.9,1.41,0.000441,173.0,0.074204,1105.8,285904,1254.3,147929,1077.3,264.37,0.074672,353.0,0.006403,536.9,70590,576.4,51536,614.2,33.17,0.005724,0.0001604,0.1024,102928,342.0,0.000000,0.0001778,0.1034,113418,331.2,0.011701,0.0001258,0.1034,78864,317.3,0.000000,0.0000058,0.1025,97567,334.4,0.014036
714.07,0.0198352,714.1,0.000000,531.4,4622333,1384.7,120558,761.7,1.81,0.000588,534.1,0.000000,415.2,113284,350.6,107052,713.5,1.87,0.000576,174.1,0.075102,1104.2,279184,1247.1,146523,1074.7,269.60,0.075615,354.1,0.006121,520.3,73108,563.4,51406,601.2,30.34,0.005337,0.0001604,0.1024,101116,340.2,0.000000,0.0001781,0.1034,113560,331.3,0.010414,0.0001237,0.1034,79012,317.5,0.000000,0.0000061,0.1025,98055,334.7,0.015378
715.06,0.0198627,715.1,0.000000,678.2,5002486,1480.8,118538,758.8,2.20,0.000707,535.1,0.000000,346.4,113427,350.8,105272,710.7,2.14,0.000653,175.1,0.075981,1102.7,272771,1240.1,145288,1072.3,274.33,0.076461,355.1,0.005822,506.1,75724,552.3,51508,589.9,27.41,0.004924,0.0001604,0.1024,99207,338.4,0.000000,0.0001783,0.1034,113625,331.3,0.009192,0.0001216,0.1034,79247,317.8,0.000000,0.0000064,0.1025,98655,335.1,0.015870
716.04,0.0198901,716.0,0.000000,280.1,5392861,1580.3,116240,755.4,2.52,0.000797,536.0,0.000000,603.8,113553,350.9,103461,707.9,2.17,0.000651,176.0,0.076757,1101.6,266377,1233.0,144327,1070.4,278.29,0.077191,356.0,0.005498,494.9,78596,542.2,52584,582.3,21.93,0.004074,0.0001604,0.1024,97219,336.4,0.000000,0.0001785,0.1034,113713,331.4,0.007702,0.0001195,0.1034,79574,318.2,0.000000,0.0000067,0.1025,99228,335.4,0.016594
717.03,0.0199176,717.0,0.000000,588.8,5786683,1681.8,113802,751.7,2.68,0.000834,537.0,0.000000,683.1,113661,351.0,101763,705.2,2.05,0.000609,177.0,0.077440,1100.6,260010,1225.7,143447,1068.6,281.92,0.077851,357.0,0.005103,489.8,81675,533.1,56142,583.2,12.95,0.002565,0.0001604,0.1024,95242,334.5,0.000000,0.0001787,0.1034,113780,331.5,0.006174,0.0001174,0.1034,79984,318.6,0.000000,0.0000070,0.1025,99723,335.7,0.017105
718.07,0.0199463,718.1,0.000000,763.9,6194326,1788.5,111345,747.9,2.57,0.000787,538.1,0.000000,463.7,113755,351.2,100084,702.5,2.00,0.000586,178.1,0.078054,1099.3,253386,1218.1,142382,1066.4,285.71,0.078470,358.1,0.004569,487.4,85077,524.8,61163,588.5,8.34,0.001782,0.0001604,0.1024,93269,332.5,0.000000,0.0001788,0.1034,113784,331.5,0.004613,0.0001151,0.1034,80473,319.2,0.000000,0.0000074,0.1025,100171,335.9,0.017405
719.05,0.0199737,719.1,0.000000,2243.8,6572813,1889.7,109292,744.7,2.27,0.000685,539.1,0.000000,2423.3,113820,351.3,98444,699.8,2.12,0.000612,179.1,0.078591,1097.7,247086,1210.7,141213,1064.1,289.34,0.078986,359.1,0.004279,483.0,88176,517.8,64713,589.8,9.47,0.002138,0.0001604,0.1024,91525,330.7,0.000000,0.0001789,0.1034,113826,331.5,0.002755,0.0001130,0.1034,80965,319.7,0.000000,0.0000077,0.1025,100767,336.2,0.016985
720.04,0.0200012,0.0,-0.000000,4631.5,6932922,1988.7,107476,741.8,2.07,0.000618,540.0,0.000000,680.9,113815,351.3,96626,696.8,2.41,0.000688,180.0,0.079242,1096.2,240825,1203.2,140082,1061.8,292.66,0.079421,360.0,0.004115,476.5,91061,511.4,66597,586.4,11.56,0.002701,0.0001604,0.1024,89947,329.0,-0.000000,0.0001789,0.1034,114109,332.1,0.001102,0.0001108,0.1034,81456,320.3,0.000000,0.0000081,0.1025,101338,336.4,0.017339
